Gene,PCA_MSE,CP_MSE,VAE_MSE,CPVAE_MSE,Best_non_CPVAE_MSE,Best_non_CPVAE_model,CPVAE_advantage_vs_best_other,CPVAE_advantage_vs_PCA,CPVAE_advantage_vs_CP,CPVAE_advantage_vs_VAE,CPVAE_rank_used,Gene_display,mean_fitness,min_fitness,max_fitness,strongest_defect_feature,strongest_defect_time,strongest_defect_space,strongest_positive_feature,strongest_positive_time,strongest_positive_space,dynamic_range,Gene_label
N900_RS00015,0.20648150088418984,0.21294878267414155,0.23012689408081874,0.1613255047872677,0.20648150088418984,PCA,0.04515599609692214,0.04515599609692214,0.05162327788687385,0.06880138929355104,10,mnmE,0.6908121666666667,-1.463,3.6738,6h_SI9,6h,SI9,3h_SI7,3h,SI7,5.1368,mnmE
N900_RS00025,0.514789554095668,0.4682144750635053,0.7357264503165585,0.5733355457076527,0.4682144750635053,CP,-0.10512107064414739,-0.058545991611984705,-0.10512107064414739,0.16239090460890582,10,yidD,0.268908745,-3.1212,3.9865,6h_SI7,6h,SI7,1h_co,1h,co,7.1076999999999995,yidD
N900_RS00040,0.6044739760451775,0.657422561718073,0.8347090573269613,0.6671932012082223,0.6044739760451775,PCA,-0.06271922516304484,-0.06271922516304484,-0.009770639490149335,0.16751585611873898,10,yxeO,0.1887202166666667,-1.3335,3.6232,12h_SI2,12h,SI2,6h_SI2,6h,SI2,4.9567,yxeO
N900_RS00045,0.4338212015189134,0.5390649646210406,0.7967923767969799,0.4879455270410898,0.4338212015189134,PCA,-0.054124325522176386,-0.054124325522176386,0.0511194375799508,0.3088468497558901,10,patM,1.7093390000000002,-0.21058,6.3068,1h_SI7,1h,SI7,3h_SI1,3h,SI1,6.51738,patM
N900_RS00050,0.1273545255493596,0.15876631472341476,0.3012110815928992,0.13113552581467533,0.1273545255493596,PCA,-0.0037810002653157204,-0.0037810002653157204,0.027630788908739434,0.1700755557782239,10,patH,0.8948083666666666,-0.43105,3.6854,1h_st,1h,st,6h_SI4,6h,SI4,4.11645,patH
N900_RS00065,0.5074159270167959,0.44887257001650405,0.6902437588177505,0.46331851281125974,0.44887257001650405,CP,-0.014445942794755695,0.0440974142055362,-0.014445942794755695,0.22692524600649072,10,recF,1.07110085,-0.72163,4.4447,6h_SI1,6h,SI1,6h_st,6h,st,5.16633,recF
N900_RS00075,0.17177985187104358,0.15262249441050801,0.26404222859929716,0.1298425722875541,0.15262249441050801,CP,0.022779922122953905,0.04193727958348947,0.022779922122953905,0.13419965631174305,10,N900_RS00075,1.432234166666667,0.21117,3.9921,1h_SI9,1h,SI9,3h_SI5,3h,SI5,3.78093,N900_RS00075
N900_RS00085,0.6509154067519769,0.5993968877743807,0.8353568224321816,0.62175014695408,0.5993968877743807,CP,-0.022353259179699325,0.02916525979789686,-0.022353259179699325,0.21360667547810153,10,ibpA,0.22538154383333336,-2.1899,3.4285,6h_co,6h,co,3h_SI4,3h,SI4,5.6184,ibpA
N900_RS00090,0.49104586745133105,0.43229595664866594,0.805178985400635,0.32061059010593734,0.43229595664866594,CP,0.11168536654272859,0.1704352773453937,0.11168536654272859,0.4845683952946977,10,avtA,0.7149570666666667,-0.89129,3.5684,12h_SI1,12h,SI1,6h_st,6h,st,4.45969,avtA
N900_RS00105,0.2259694564996129,0.21781393428699486,0.3769087532971784,0.26493739532372385,0.21781393428699486,CP,-0.047123461036728986,-0.038967938824110954,-0.047123461036728986,0.11197135797345453,10,mneA,1.4696406666666666,0.19162,4.2295,1h_SI9,1h,SI9,3h_SI1,3h,SI1,4.0378799999999995,mneA
N900_RS00110,0.6912967694567176,0.7991134982278646,0.8362570130237857,0.7356420996609785,0.6912967694567176,PCA,-0.0443453302042609,-0.0443453302042609,0.0634713985668861,0.10061491336280726,10,NADH dehydrogenase subunit II-related protein,-0.02647887833333334,-1.1285,2.2889,6h_SI2,6h,SI2,6h_SI3,6h,SI3,3.4173999999999998,NADH dehydrogenase subunit II-related protein
N900_RS00120,0.33012702176038783,0.4268535690844258,0.5685367541218972,0.2895292378376724,0.33012702176038783,PCA,0.0405977839227154,0.0405977839227154,0.13732433124675336,0.27900751628422477,10,N900_RS00120,0.6445359399999998,-0.96701,3.9194,3h_SI9,3h,SI9,3h_SI1,3h,SI1,4.88641,N900_RS00120
N900_RS00125,0.1825455129318818,0.1437719243192178,0.3064415022973665,0.14141724755818116,0.1437719243192178,CP,0.0023546767610366226,0.04112826537370062,0.0023546767610366226,0.16502425473918533,10,acuI,1.0485218166666668,-0.080152,3.9734,24h_SI8,24h,SI8,1h_ce,1h,ce,4.053552,acuI
N900_RS00130,0.14998862225915727,0.12150531587785295,0.21687964658057152,0.14686359281380915,0.12150531587785295,CP,-0.0253582769359562,0.003125029445348121,-0.0253582769359562,0.07001605376676237,10,ilvA,1.6060143166666667,-0.054921,4.4043,1h_SI3,1h,SI3,12h_st,12h,st,4.459221,ilvA
N900_RS00135,0.29365842115243634,0.3249655056208767,0.5171049313249644,0.2590475297865367,0.29365842115243634,PCA,0.03461089136589962,0.03461089136589962,0.06591797583434,0.25805740153842766,10,ilvD,1.2914153500000003,-0.34542,5.3665,3h_SI7,3h,SI7,12h_st,12h,st,5.71192,ilvD
N900_RS00140,0.3825770930089835,0.4159129347599327,0.6595709292635199,0.2946852261799399,0.3825770930089835,PCA,0.0878918668290436,0.0878918668290436,0.12122770857999277,0.36488570308358,10,ilvE,2.0222916816666663,-0.23122,6.337,1h_SI5,1h,SI5,12h_st,12h,st,6.56822,ilvE
N900_RS00145,0.38022647152403244,0.40762951954750354,0.560472782100831,0.24850514604575447,0.38022647152403244,PCA,0.13172132547827797,0.13172132547827797,0.15912437350174907,0.3119676360550765,10,ilvM,1.66385,-0.11262,6.8711,1h_SI3,1h,SI3,1h_st,1h,st,6.98372,ilvM
N900_RS00150,0.2700871295776797,0.2901459173396631,0.43528207058119694,0.3225381047700288,0.2700871295776797,PCA,-0.05245097519234909,-0.05245097519234909,-0.032392187430365704,0.11274396581116813,10,ilvG,1.4846871666666668,0.018497,5.1406,6h_SI8,6h,SI8,6h_SI2,6h,SI2,5.122103,ilvG
N900_RS00155,0.39557562831745513,0.4239604929118969,0.6993644323487607,0.4459221572133226,0.39557562831745513,PCA,-0.05034652889586749,-0.05034652889586749,-0.02196166430142571,0.25344227513543804,10,yifb,0.6229813333333334,-0.86017,3.8262,3h_SI3,3h,SI3,3h_SI2,3h,SI2,4.68637,yifb
N900_RS00160,0.2546029248712723,0.25665323015556085,0.40046829388826277,0.20905459870678503,0.2546029248712723,PCA,0.04554832616448726,0.04554832616448726,0.047598631448775824,0.19141369518147774,10,yihG,1.1543101833333336,-0.43317,4.2116,6h_SI6,6h,SI6,12h_SI1,12h,SI1,4.644769999999999,yihG
N900_RS00165,0.29683200966649675,0.38702499419391845,0.42979093007902863,0.3481557358426532,0.29683200966649675,PCA,-0.05132372617615644,-0.05132372617615644,0.03886925835126526,0.08163519423637544,10,dsba,0.12588415,-3.4222,3.7881,6h_SI8,6h,SI8,1h_SI1,1h,SI1,7.2103,dsba
N900_RS00170,0.16285521725831487,0.1795765617907084,0.2889557419095906,0.1657272191220751,0.16285521725831487,PCA,-0.002872001863760243,-0.002872001863760243,0.013849342668633302,0.1232285227875155,10,serine/threonine protein kinase,1.3087315166666664,-0.2317,3.81,1h_st,1h,st,3h_SI5,3h,SI5,4.0417,serine/threonine protein kinase
N900_RS00175,0.216680287132759,0.2403589247843785,0.5084656325247605,0.27769126174062464,0.216680287132759,PCA,-0.06101097460786564,-0.06101097460786564,-0.03733233695624613,0.23077437078413587,10,ccoG,1.7052086000000002,-0.011665,5.0217,6h_SI1,6h,SI1,6h_SI4,6h,SI4,5.033365,ccoG
N900_RS00180,0.41295262146176237,0.4585216455188978,0.8568326139275815,0.4094690781191917,0.41295262146176237,PCA,0.003483543342570672,0.003483543342570672,0.04905256739970609,0.4473635358083898,10,yihD,0.6527487766666666,-2.3226,4.8509,6h_SI5,6h,SI5,3h_SI4,3h,SI4,7.173500000000001,yihD
N900_RS00185,0.3898813263175312,0.42117470027715037,0.6619013453016208,0.3511990972322027,0.3898813263175312,PCA,0.03868222908532848,0.03868222908532848,0.06997560304494765,0.3107022480694181,10,N900_RS00185,1.9537398333333336,-1.9606,9.2447,12h_SI8,12h,SI8,6h_st,6h,st,11.2053,N900_RS00185
N900_RS00190,0.14052250475933942,0.17572195438826493,0.4058487264624066,0.11879594743028546,0.14052250475933942,PCA,0.021726557329053958,0.021726557329053958,0.056926006957979475,0.2870527790321211,10,SpoOM-related protein,1.258719116666667,-0.37554,4.6742,3h_SI3,3h,SI3,6h_st,6h,st,5.04974,SpoOM-related protein
N900_RS00195,0.423006804517515,0.4225976677235448,0.652956018905128,0.44304344124918843,0.4225976677235448,CP,-0.02044577352564364,-0.02003663673167344,-0.02044577352564364,0.20991257765593957,10,yqfA,1.2816228333333333,-1.3095,4.9413,12h_SI2,12h,SI2,3h_SI4,3h,SI4,6.2508,yqfA
N900_RS00200,0.3123805820833573,0.26395701151929746,0.5297240980213739,0.30813307588085814,0.26395701151929746,CP,-0.044176064361560685,0.004247506202499141,-0.044176064361560685,0.22159102214051574,10,N900_RS00200,1.1777025166666666,-0.17352,4.1804,1h_SI2,1h,SI2,6h_SI4,6h,SI4,4.35392,N900_RS00200
N900_RS00205,0.17573998193449575,0.19329957739480932,0.3960439334672742,0.12028429205499083,0.17573998193449575,PCA,0.055455689879504916,0.055455689879504916,0.07301528533981849,0.2757596414122834,10,trkI,1.5978866,-0.43912,5.0215,1h_SI9,1h,SI9,3h_SI3,3h,SI3,5.46062,trkI
N900_RS00215,0.24199448599174234,0.2086550294421726,0.5904861847641871,0.26924485998677095,0.2086550294421726,CP,-0.06058983054459835,-0.02725037399502861,-0.06058983054459835,0.3212413247774162,10,rsmB,1.1058841166666666,-0.54292,4.617,24h_st,24h,st,3h_SI3,3h,SI3,5.15992,rsmB
N900_RS00225,0.5108275264726942,0.6155597478933523,0.8341558672822508,0.6364475346270003,0.5108275264726942,PCA,-0.12562000815430607,-0.12562000815430607,-0.020887786733647995,0.19770833265525045,10,def1,0.8774843333333333,-1.1415,4.8272,6h_co,6h,co,3h_SI1,3h,SI1,5.9687,def1
N900_RS00230,0.28759620382063594,0.2865987354227063,0.48480874618081293,0.2561892243888357,0.2865987354227063,CP,0.03040951103387063,0.031406979431800264,0.03040951103387063,0.22861952179197725,10,N900_RS00230,1.1709372333333334,-0.13227,4.6166,6h_SI2,6h,SI2,3h_SI1,3h,SI1,4.74887,N900_RS00230
N900_RS00235,0.1640281042433555,0.2156038288145381,0.3206802044772731,0.20932227855910368,0.1640281042433555,PCA,-0.04529417431574817,-0.04529417431574817,0.0062815502554344205,0.1113579259181694,10,dprA,1.3675271666666662,0.10879,3.8477,1h_SI8,1h,SI8,3h_st,3h,st,3.73891,dprA
N900_RS00240,0.6240612870831551,0.6459647804507005,0.9124220300722886,0.4293923425866589,0.6240612870831551,PCA,0.1946689444964962,0.1946689444964962,0.21657243786404157,0.4830296874856297,10,smg,0.8821779666666667,-0.79253,4.6068,6h_SI2,6h,SI2,3h_SI1,3h,SI1,5.39933,smg
N900_RS00245,0.12495539886776695,0.11502824273944706,0.2810502193067345,0.11417646916762175,0.11502824273944706,CP,0.0008517735718253094,0.010778929700145198,0.0008517735718253094,0.16687375013911276,10,topA_1,1.6392014999999998,-0.94353,6.1237,1h_SI8,1h,SI8,6h_st,6h,st,7.06723,topA_1
N900_RS00250,0.29619519905946734,0.29439050065039585,0.5567160416171258,0.2532457186857414,0.29439050065039585,CP,0.04114478196465443,0.04294948037372592,0.04114478196465443,0.30347032293138443,10,purK,-0.47205640783333336,-2.8608,3.9392,24h_SI5,24h,SI5,6h_SI1,6h,SI1,6.8,purK
N900_RS00255,0.19595388867743366,0.20236745138197296,0.2744290992913976,0.1298442561133663,0.19595388867743366,PCA,0.06610963256406735,0.06610963256406735,0.07252319526860665,0.14458484317803127,10,purE,-2.029291016666667,-5.0325,3.2053,12h_SI7,12h,SI7,1h_st,1h,st,8.2378,purE
N900_RS00260,0.17667122580318967,0.1788032831606622,0.42611038421008945,0.18042005282583629,0.17667122580318967,PCA,-0.003748827022646617,-0.003748827022646617,-0.0016167696651740726,0.24569033138425317,10,tsaC,0.9043148500000001,-0.48726,4.666,6h_st,6h,st,3h_st,3h,st,5.15326,tsaC
N900_RS00265,0.46286213876377186,0.5274859674933612,0.8954414672133025,0.46476950368805586,0.46286213876377186,PCA,-0.0019073649242840052,-0.0019073649242840052,0.06271646380530532,0.43067196352524667,10,hemF,-0.4489359333333333,-2.6648,2.7986,12h_SI4,12h,SI4,6h_SI4,6h,SI4,5.4634,hemF
N900_RS00270,0.14620679273262766,0.22302015661196847,0.3863335586225473,0.17820927079694193,0.14620679273262766,PCA,-0.03200247806431428,-0.03200247806431428,0.04481088581502654,0.20812428782560538,10,aroE,-0.4271091333333334,-2.1854,3.4301,24h_SI9,24h,SI9,1h_SI1,1h,SI1,5.6155,aroE
N900_RS00275,0.13274298043181815,0.12933480643123588,0.22651499556559337,0.0970049378050453,0.12933480643123588,CP,0.03232986862619058,0.035738042626772853,0.03232986862619058,0.12951005776054808,10,N900_RS00275,1.4906737333333333,-0.011576,3.6762,1h_SI8,1h,SI8,3h_SI1,3h,SI1,3.687776,N900_RS00275
N900_RS00280,0.2530902004314233,0.33658634239034707,0.540312231877991,0.24759373315479677,0.2530902004314233,PCA,0.005496467276626504,0.005496467276626504,0.0889926092355503,0.2927184987231943,10,yrdA,1.496199483333333,-0.36939,4.21,6h_SI4,6h,SI4,3h_SI3,3h,SI3,4.57939,yrdA
N900_RS00320,0.20682525352870032,0.20280621404290422,0.28069523436972205,0.22929901595260854,0.20280621404290422,CP,-0.026492801909704322,-0.022473762423908222,-0.026492801909704322,0.051396218417113504,10,crcB,1.7163328333333332,-0.22227,4.6735,1h_SI4,1h,SI4,6h_SI4,6h,SI4,4.89577,crcB
N900_RS00325,0.2957306340646068,0.2443572980834596,0.5600398755263811,0.24833478685213864,0.2443572980834596,CP,-0.003977488768679038,0.04739584721246817,-0.003977488768679038,0.3117050886742425,10,thiC,1.7294315,0.21289,5.8496,1h_SI5,1h,SI5,12h_st,12h,st,5.63671,thiC
N900_RS00330,0.584391332102369,0.6436920774257708,0.7968542301185884,0.6191979511185934,0.584391332102369,PCA,-0.034806619016224394,-0.034806619016224394,0.0244941263071774,0.17765627899999492,10,thiE,0.19236300500000006,-1.3637,3.305,3h_SI1,3h,SI1,12h_st,12h,st,4.6687,thiE
N900_RS00335,0.471654112561057,0.4890546645843092,0.7401661948961709,0.5173344480878384,0.471654112561057,PCA,-0.04568033552678136,-0.04568033552678136,-0.028279783503529166,0.2228317468083325,10,thiF,-0.08667852000000001,-1.9753,2.4508,12h_SI1,12h,SI1,3h_SI4,3h,SI4,4.4261,thiF
N900_RS00340,0.11104221303795117,0.1034765470908763,0.40704726231714633,0.11860863441748852,0.1034765470908763,CP,-0.015132087326612226,-0.00756642137953735,-0.015132087326612226,0.2884386278996578,10,thiS,1.7268275833333335,-0.037845,4.8625,3h_ce,3h,ce,3h_st,3h,st,4.900345,thiS
N900_RS00345,0.41783336736906845,0.43081522407140904,0.6723925329515086,0.40651347886025074,0.41783336736906845,PCA,0.01131988850881771,0.01131988850881771,0.0243017452111583,0.26587905409125784,10,thiG,1.2719991,-0.76005,4.8816,6h_SI5,6h,SI5,6h_SI2,6h,SI2,5.641649999999999,thiG
N900_RS00350,0.1471922203145402,0.14875745014236905,0.21589347535427372,0.1428545353652087,0.1471922203145402,PCA,0.004337684949331511,0.004337684949331511,0.005902914777160345,0.07303893998906502,10,thiH,1.591140666666667,-0.12643,4.3913,1h_SI9,1h,SI9,6h_SI2,6h,SI2,4.51773,thiH
N900_RS00355,0.2318171182605809,0.2796318913786441,0.5477970482017354,0.2899483274023399,0.2318171182605809,PCA,-0.05813120914175898,-0.05813120914175898,-0.010316436023695807,0.25784872079939547,10,aminopeptidase P,1.48602565,-0.048651,4.2556,3h_ce,3h,ce,3h_st,3h,st,4.304251000000001,aminopeptidase P
N900_RS00360,0.5436492085380584,0.4904620609912926,0.6675283944928447,0.3569137487367489,0.4904620609912926,CP,0.13354831225454367,0.1867354598013095,0.13354831225454367,0.3106146457560958,10,LysR family transcriptional regulator_1,1.0657311433333334,-1.2061,4.6525,6h_SI1,6h,SI1,1h_st,1h,st,5.8586,LysR family transcriptional regulator_1
N900_RS00365,0.5119872180574888,0.4864045022148604,0.7560650343641749,0.18568619447171783,0.4864045022148604,CP,0.30071830774314257,0.32630102358577096,0.30071830774314257,0.5703788398924571,10,mdtL_1,1.440287,0.2639,6.1683,1h_SI7,1h,SI7,6h_ce,6h,ce,5.904400000000001,mdtL_1
N900_RS00370,0.30081170393739676,0.5038458631397233,0.8702846032162809,0.27370710749273797,0.30081170393739676,PCA,0.02710459644465879,0.02710459644465879,0.23013875564698538,0.5965774957235429,10,N900_RS00370,0.9191276733333333,-1.2497,5.2072,12h_SI3,12h,SI3,6h_ce,6h,ce,6.4569,N900_RS00370
N900_RS00375,0.4410836392099521,0.6155596156393066,0.805822543981342,0.47265806449237485,0.4410836392099521,PCA,-0.03157442528242277,-0.03157442528242277,0.14290155114693176,0.33316447948896716,10,asnC,0.4175280066666666,-0.98202,5.0777,12h_SI4,12h,SI4,3h_SI3,3h,SI3,6.05972,asnC
N900_RS00380,0.2057648578099172,0.22682805808340112,0.40933219111771657,0.2308562974665745,0.2057648578099172,PCA,-0.025091439656657277,-0.025091439656657277,-0.004028239383173371,0.17847589365114208,10,N900_RS00380,1.3673203333333335,0.04101,4.5015,6h_st,6h,st,3h_SI2,3h,SI2,4.46049,N900_RS00380
N900_RS00385,0.11803275623732487,0.10797141610489004,0.23968359173768403,0.10545623801457973,0.10797141610489004,CP,0.0025151780903103077,0.012576518222745137,0.0025151780903103077,0.1342273537231043,10,rsmJ,0.9234460949999999,-0.61044,3.6809,12h_st,12h,st,3h_SI4,3h,SI4,4.29134,rsmJ
N900_RS00390,0.43560735084484653,0.329699566006666,0.6115058413964927,0.35708962891888074,0.329699566006666,CP,-0.02739006291221474,0.07851772192596579,-0.02739006291221474,0.2544162124776119,10,N900_RS00390,-0.039616166666666675,-1.9855,3.2288,6h_SI3,6h,SI3,1h_SI1,1h,SI1,5.2143,N900_RS00390
N900_RS00395,0.3454412881764319,0.44341336737374976,0.6107917556365116,0.3690111613226612,0.3454412881764319,PCA,-0.023569873146229325,-0.023569873146229325,0.07440220605108855,0.24178059431385035,10,eamA_2,1.3076575333333333,-0.36745,4.8676,6h_SI4,6h,SI4,6h_st,6h,st,5.23505,eamA_2
N900_RS00400,0.5772465086976709,0.6832886222300056,0.8812180194471693,0.47282669290911244,0.5772465086976709,PCA,0.10441981578855847,0.10441981578855847,0.2104619293208932,0.4083913265380568,10,uspA_1,0.6777416833333333,-1.0016,6.4547,1h_SI4,1h,SI4,6h_ce,6h,ce,7.4563,uspA_1
N900_RS00410,0.41184182416856757,0.48285390034719705,0.7762468445280069,0.40758934736151153,0.41184182416856757,PCA,0.004252476807056038,0.004252476807056038,0.07526455298568552,0.3686574971664953,10,ftnA,0.5691082033333335,-0.83519,3.5502,24h_ce,24h,ce,6h_st,6h,st,4.38539,ftnA
N900_RS00415,0.21173306469132688,0.23255358718972713,0.36783066484450866,0.21109454521817142,0.21173306469132688,PCA,0.0006385194731554633,0.0006385194731554633,0.02145904197155571,0.15673611962633724,10,uspB,1.58307705,-0.5983,5.368,1h_SI6,1h,SI6,3h_st,3h,st,5.9663,uspB
N900_RS00420,0.45193752862176134,0.4631950648200063,0.7380751673082349,0.3524160876153581,0.45193752862176134,PCA,0.09952144100640326,0.09952144100640326,0.11077897720464819,0.38565907969287677,10,rdsA_BLAST,0.3981370333333334,-1.4084,3.71,6h_SI1,6h,SI1,1h_SI1,1h,SI1,5.1184,rdsA_BLAST
N900_RS00425,0.21569114746200127,0.35866847030811855,0.575403591596035,0.2171070854696908,0.21569114746200127,PCA,-0.0014159380076895212,-0.0014159380076895212,0.14156138483842776,0.3582965061263442,10,eamA_1,1.3472523999999997,-0.015277,4.29,3h_st,3h,st,6h_SI3,6h,SI3,4.305277,eamA_1
N900_RS00430,0.3511033601851646,0.40182368293689325,0.6271632402230018,0.4002100244842202,0.3511033601851646,PCA,-0.049106664299055636,-0.049106664299055636,0.001613658452673028,0.22695321573878163,10,rmuC,0.5036677166666667,-1.0591,4.7668,24h_SI1,24h,SI1,3h_SI3,3h,SI3,5.8259,rmuC
N900_RS00440,0.29169512381214596,0.47122431569741874,0.5547963583844521,0.3664435028409317,0.29169512381214596,PCA,-0.07474837902878573,-0.07474837902878573,0.10478081285648705,0.18835285554352038,10,ubiJ,1.5304535166666662,-0.060119,4.8463,6h_SI3,6h,SI3,3h_SI5,3h,SI5,4.9064190000000005,ubiJ
N900_RS00450,0.5707123875921051,0.538796888768131,0.7576239493418363,0.6391169165214168,0.538796888768131,CP,-0.10032002775328575,-0.0684045289293117,-0.10032002775328575,0.11850703282041952,10,tatA,1.3249814333333334,-0.60989,7.068,1h_SI4,1h,SI4,3h_SI5,3h,SI5,7.67789,tatA
N900_RS00455,0.19415465225957892,0.22040261834987002,0.32015336088376195,0.19845330134174746,0.19415465225957892,PCA,-0.0042986490821685375,-0.0042986490821685375,0.021949317008122554,0.12170005954201449,10,tatB,1.6623136333333333,-0.048393,5.0921,24h_SI7,24h,SI7,12h_SI1,12h,SI1,5.140493,tatB
N900_RS00460,0.3824309658470311,0.3729577158590407,0.6366813671846948,0.3965422448062494,0.3729577158590407,CP,-0.023584528947208694,-0.014111278959218265,-0.023584528947208694,0.24013912237844542,10,tatC,1.4558110499999999,-0.33556,6.3457,1h_SI2,1h,SI2,3h_SI1,3h,SI1,6.68126,tatC
N900_RS00465,0.14990375529692646,0.1807175196400995,0.37043685501200774,0.1681500349417195,0.14990375529692646,PCA,-0.018246279644793056,-0.018246279644793056,0.012567484698379983,0.20228682007028823,10,ccp,0.8202505083333335,-0.66306,4.3113,6h_st,6h,st,12h_SI2,12h,SI2,4.97436,ccp
N900_RS00470,0.4585879886375737,0.425342586335483,0.60134877226272,0.3958717112704098,0.425342586335483,CP,0.029470875065073177,0.0627162773671639,0.029470875065073177,0.20547706099231017,10,dinF,0.811699605,-0.80583,3.963,3h_SI7,3h,SI7,6h_st,6h,st,4.76883,dinF
N900_RS00475,0.606827277203897,0.5626770193055406,0.8321718567548484,0.7579540233374767,0.5626770193055406,CP,-0.19527700403193615,-0.1511267461335798,-0.19527700403193615,0.07421783341737165,10,class I SAM-dependent methyltransferase_2,1.5607054466666666,-1.2064,5.891,12h_SI4,12h,SI4,6h_SI3,6h,SI3,7.0974,class I SAM-dependent methyltransferase_2
N900_RS00480,0.624376717013517,0.5773167404173003,0.7992931739122988,0.6762594642006043,0.5773167404173003,CP,-0.09894272378330404,-0.0518827471870873,-0.09894272378330404,0.12303370971169447,10,lexA,0.63223435,-2.1795,6.2653,1h_SI4,1h,SI4,6h_SI2,6h,SI2,8.4448,lexA
N900_RS00485,0.6107982575469144,0.5850024300985285,0.7617367145031639,0.6113707747462048,0.5850024300985285,CP,-0.026368344647676345,-0.0005725171992904121,-0.026368344647676345,0.1503659397569591,10,plsB,-0.34955572349999997,-2.5303,2.5991,12h_SI5,12h,SI5,12h_st,12h,st,5.1294,plsB
N900_RS00490,0.10352337213687128,0.153220770392545,0.14432767207562447,0.028002956392501728,0.10352337213687128,PCA,0.07552041574436955,0.07552041574436955,0.12521781400004328,0.11632471568312275,10,ubiA,1.662903361666667,-0.25003,3.8569,6h_SI9,6h,SI9,12h_st,12h,st,4.10693,ubiA
N900_RS00495,0.21719653467400343,0.30266853946062977,0.40739391272843484,0.2511243614649434,0.21719653467400343,PCA,-0.03392782679093995,-0.03392782679093995,0.05154417799568639,0.15626955126349146,10,chorismate lyase,1.5326033333333333,0.35757,5.65,1h_SI7,1h,SI7,3h_SI4,3h,SI4,5.29243,chorismate lyase
N900_RS00505,0.6404313616702733,0.7557529652969751,0.9370754359437699,0.5754829910274247,0.6404313616702733,PCA,0.06494837064284853,0.06494837064284853,0.18026997426955038,0.3615924449163451,10,fliL_2,0.62630315,-1.1791,4.6909,12h_SI1,12h,SI1,6h_ce,6h,ce,5.87,fliL_2
N900_RS00510,0.4494740971510299,0.48528781062365517,0.6084793091789132,0.26241579306811696,0.4494740971510299,PCA,0.18705830408291296,0.18705830408291296,0.2228720175555382,0.3460635161107963,10,methyl-accepting chemotaxis protein_4,0.5143753383333334,-0.88686,4.4865,6h_SI1,6h,SI1,3h_SI3,3h,SI3,5.37336,methyl-accepting chemotaxis protein_4
N900_RS00515,0.21857609030074213,0.23600120621681123,0.3721196216022725,0.20787528206674297,0.21857609030074213,PCA,0.01070080823399916,0.01070080823399916,0.02812592415006826,0.16424433953552955,10,glpG,1.3559726438333333,-0.029649,4.2055,3h_SI6,3h,SI6,3h_SI2,3h,SI2,4.235149,glpG
N900_RS00520,0.40298438249518453,0.5079949341158118,0.69780335087253,0.44818135297836287,0.40298438249518453,PCA,-0.045196970483178334,-0.045196970483178334,0.05981358113744889,0.2496219978941671,10,glpE,0.17198755000000002,-1.8139,3.3697,6h_ce,6h,ce,3h_SI3,3h,SI3,5.1836,glpE
N900_RS00525,0.28960029401074394,0.33865186207939685,0.37867955702935935,0.22498858332431684,0.28960029401074394,PCA,0.0646117106864271,0.0646117106864271,0.11366327875508,0.1536909737050425,10,N900_RS00525,-0.5902245206666665,-2.5925,3.1908,24h_st,24h,st,1h_SI1,1h,SI1,5.7833,N900_RS00525
N900_RS00530,0.659808397553236,0.6152581714425255,0.7311525470314691,0.7323012582835475,0.6152581714425255,CP,-0.11704308684102205,-0.07249286073031158,-0.11704308684102205,-0.0011487112520783826,10,tatd,-0.7705138500000001,-2.6296,2.9959,24h_st,24h,st,3h_SI5,3h,SI5,5.6255,tatd
N900_RS00540,0.2744445144963485,0.19235954927508878,0.5403012722153391,0.26282222958848356,0.19235954927508878,CP,-0.07046268031339478,0.011622284907864933,-0.07046268031339478,0.2774790426268555,10,ypeA_1,0.1845046133333334,-1.1433,3.5878,3h_SI3,3h,SI3,1h_SI1,1h,SI1,4.7311,ypeA_1
N900_RS00555,0.5109096314122925,0.5686624963601079,0.6589434577294608,0.5749561087272173,0.5109096314122925,PCA,-0.06404647731492474,-0.06404647731492474,-0.006293612367109347,0.08398734900224358,10,cc4,1.3794895216666665,-0.6652,6.5821,1h_SI5,1h,SI5,6h_SI4,6h,SI4,7.247299999999999,cc4
N900_RS00560,0.1879033581406547,0.18132785803755155,0.289351206372607,0.2097213380261515,0.18132785803755155,CP,-0.02839347998859995,-0.021817979885496802,-0.02839347998859995,0.07962986834645547,10,class I SAM-dependent methyltransferase_4,1.0447400999999998,-0.16738,3.3627,24h_SI9,24h,SI9,3h_SI2,3h,SI2,3.53008,class I SAM-dependent methyltransferase_4
N900_RS00565,0.430866709130951,0.47155922083820906,0.5833550855151353,0.4369985214170468,0.430866709130951,PCA,-0.006131812286095828,-0.006131812286095828,0.034560699421162244,0.14635656409808845,10,yihI,1.6190095500000004,-0.56646,5.6083,1h_SI2,1h,SI2,1h_SI1,1h,SI1,6.17476,yihI
N900_RS00570,0.26383442511541677,0.311479348650404,0.6465567982471855,0.2747282743191205,0.26383442511541677,PCA,-0.010893849203703732,-0.010893849203703732,0.036751074331283495,0.371828523928065,10,N900_RS00570,0.9985721499999999,-1.6564,6.8361,6h_SI5,6h,SI5,3h_st,3h,st,8.4925,N900_RS00570
N900_RS00575,0.19488053716928894,0.4396457185851157,0.563069372706242,0.18390251435210792,0.19488053716928894,PCA,0.010978022817181021,0.010978022817181021,0.2557432042330078,0.3791668583541341,10,hemN,2.4805226666666664,0.23374,6.1352,1h_SI1,1h,SI1,6h_ce,6h,ce,5.90146,hemN
N900_RS00580,0.7606696618694773,0.7968664810472721,0.8443977843902192,0.7974590182100564,0.7606696618694773,PCA,-0.036789356340579116,-0.036789356340579116,-0.0005925371627842901,0.046938766180162794,10,hemy,-0.1706919166666667,-1.6451,2.7528,12h_SI1,12h,SI1,3h_SI6,3h,SI6,4.3979,hemy
N900_RS00585,0.5214256907378337,0.4145623470850746,0.8380977118780436,0.41955334467166244,0.4145623470850746,CP,-0.004990997586587831,0.1018723460661713,-0.004990997586587831,0.41854436720638116,10,HemX,0.8413051166666666,-1.4146,4.5733,6h_SI1,6h,SI1,1h_st,1h,st,5.9879,HemX
N900_RS00600,0.8373780165759307,0.8615824822750837,0.8990659613683966,0.8505605716572012,0.8373780165759307,PCA,-0.01318255508127053,-0.01318255508127053,0.011021910617882491,0.048505389711195335,10,N900_RS00600,0.11754571833333329,-2.9929,4.2155,12h_SI5,12h,SI5,1h_SI1,1h,SI1,7.208399999999999,N900_RS00600
N900_RS00605,0.21373925035860947,0.284936907904135,0.25759784770880356,0.1413620008650308,0.21373925035860947,PCA,0.07237724949357865,0.07237724949357865,0.1435749070391042,0.11623584684377275,10,class I adenylate cyclase,0.983545725,-0.84265,2.9777,6h_SI9,6h,SI9,12h_st,12h,st,3.82035,class I adenylate cyclase
N900_RS00610,0.2848321208315351,0.32193610874177114,0.3134897511438178,0.2119910463322767,0.2848321208315351,PCA,0.07284107449925839,0.07284107449925839,0.10994506240949445,0.10149870481154108,10,cyaY,-0.07653811666666667,-2.1613,2.7422,12h_ce,12h,ce,12h_SI3,12h,SI3,4.9035,cyaY
N900_RS00615,0.421623850957265,0.4636364005009788,0.7656859560648497,0.4249188049910767,0.421623850957265,PCA,-0.0032949540338116923,-0.0032949540338116923,0.038717595509902114,0.340767151073773,10,lipoprotein,0.7600619500000002,-1.3587,4.3559,1h_SI1,1h,SI1,6h_SI4,6h,SI4,5.7146,lipoprotein
N900_RS00620,0.4934009644853527,0.4566971179566542,0.6557877465502134,0.3101649811717578,0.4566971179566542,CP,0.1465321367848964,0.18323598331359492,0.1465321367848964,0.34562276537845565,10,lysA,-0.6041504833333333,-3.411,5.0984,6h_SI6,6h,SI6,1h_st,1h,st,8.5094,lysA
N900_RS00630,0.18652547332000444,0.16879937357464045,0.3127690943557735,0.16896098470645315,0.16879937357464045,CP,-0.0001616111318127056,0.017564488613551282,-0.0001616111318127056,0.14380810964932034,10,N900_RS00630,0.6924454499999999,-0.96672,3.7161,3h_SI9,3h,SI9,3h_SI4,3h,SI4,4.6828199999999995,N900_RS00630
N900_RS00635,0.7183205192784674,0.7822540684698004,0.8351003444773626,0.6555028355689557,0.7183205192784674,PCA,0.06281768370951168,0.06281768370951168,0.12675123290084467,0.17959750890840687,10,xerC,-0.7535026816666667,-2.9001,2.0488,6h_co,6h,co,1h_SI1,1h,SI1,4.9489,xerC
N900_RS00640,0.29094527310071483,0.2934355651763358,0.5305955867945454,0.2828917973588509,0.29094527310071483,PCA,0.008053475741863936,0.008053475741863936,0.010543767817484895,0.24770378943569454,10,yigB,0.86147158,-0.89298,3.8617,6h_SI2,6h,SI2,12h_SI2,12h,SI2,4.75468,yigB
N900_RS00645,0.2870127924838527,0.23918497279624956,0.47033774596272504,0.18830628040383351,0.23918497279624956,CP,0.05087869239241605,0.09870651208001918,0.05087869239241605,0.2820314655588915,10,cdpA,1.70551305,-0.034254,4.779,1h_SI8,1h,SI8,1h_st,1h,st,4.813254,cdpA
N900_RS00650,0.3833627932668018,0.45695142514802,0.835757589684325,0.3585639597738129,0.3833627932668018,PCA,0.024798833492988892,0.024798833492988892,0.09838746537420712,0.4771936299105121,10,N900_RS00650,0.754079075,-0.87026,4.0816,6h_SI1,6h,SI1,3h_SI1,3h,SI1,4.95186,N900_RS00650
N900_RS00655,0.20767493380274712,0.21155688391918784,0.5837619523155799,0.1903296839172344,0.20767493380274712,PCA,0.017345249885512726,0.017345249885512726,0.02122720000195344,0.39343226839834555,10,membrane protein_2,0.7059646166666668,-0.90133,4.5236,3h_SI1,3h,SI1,6h_st,6h,st,5.42493,membrane protein_2
N900_RS00660,0.2777034968329703,0.28677156037604024,0.34964262613964564,0.18934323076539802,0.2777034968329703,PCA,0.08836026606757227,0.08836026606757227,0.09742832961064221,0.16029939537424762,10,N900_RS00660,0.7008000883333333,-0.63323,3.0587,3h_st,3h,st,3h_SI4,3h,SI4,3.69193,N900_RS00660
N900_RS00665,0.5103980867610025,0.5378905932894432,0.7120356627229649,0.4787544784731402,0.5103980867610025,PCA,0.031643608287862335,0.031643608287862335,0.05913611481630304,0.23328118424982475,10,yigL,0.6587722983333334,-0.72221,4.1468,3h_SI5,3h,SI5,3h_SI1,3h,SI1,4.869009999999999,yigL
N900_RS00670,0.497106862754454,0.43620007782874665,0.6779371592838641,0.36340182931002324,0.43620007782874665,CP,0.07279824851872341,0.13370503344443074,0.07279824851872341,0.31453532997384087,10,ytpA,1.2163169666666667,-0.42223,4.4342,6h_SI4,6h,SI4,12h_st,12h,st,4.85643,ytpA
N900_RS00675,0.277678647103849,0.30571265568714784,0.47426225511715364,0.27694007135484616,0.277678647103849,PCA,0.0007385757490028233,0.0007385757490028233,0.028772584332301676,0.19732218376230748,10,rhtB,1.5416369333333333,0.079106,4.1993,1h_SI7,1h,SI7,6h_st,6h,st,4.120194,rhtB
N900_RS00680,0.2624876427399231,0.253864220467186,0.4783306709285469,0.27324946774938436,0.253864220467186,CP,-0.01938524728219837,-0.010761825009461268,-0.01938524728219837,0.20508120317916256,10,cdgJ_1,0.6302034833333334,-0.98312,3.9188,3h_co,3h,co,3h_SI1,3h,SI1,4.9019200000000005,cdgJ_1
N900_RS00685,0.33798527920196597,0.32688399996106593,0.5088718127166599,0.358668313746875,0.32688399996106593,CP,-0.03178431378580909,-0.02068303454490905,-0.03178431378580909,0.1502034989697849,10,DNA starvation/stationary phase protection protein,1.4176418333333336,-0.58104,4.0655,12h_SI2,12h,SI2,6h_SI4,6h,SI4,4.64654,DNA starvation/stationary phase protection protein
N900_RS00690,0.583743379392,0.7026253390029705,0.7035967918558313,0.6080235779063247,0.583743379392,PCA,-0.024280198514324614,-0.024280198514324614,0.09460176109664586,0.09557321394950669,10,N900_RS00690,-0.4742885166666667,-2.5567,4.7887,6h_SI6,6h,SI6,1h_ce,1h,ce,7.345400000000001,N900_RS00690
N900_RS00695,0.5541249673138879,0.5731076187479879,0.8247102748752247,0.6447836044878178,0.5541249673138879,PCA,-0.09065863717392986,-0.09065863717392986,-0.07167598573982992,0.17992667038740695,10,N900_RS00695,1.51118885,-0.13062,5.802,6h_ce,6h,ce,1h_ce,1h,ce,5.93262,N900_RS00695
N900_RS00705,0.6013663103979451,0.5714459054422583,0.9975112168858037,0.6421892064002581,0.5714459054422583,CP,-0.07074330095799986,-0.040822896002313036,-0.07074330095799986,0.35532201048554557,10,Pseudogene_N900_RS00705,0.6146072500000002,-1.1903,5.5069,12h_SI4,12h,SI4,6h_st,6h,st,6.6972,Pseudogene_N900_RS00705
N900_RS00710,0.11314871925761182,0.1362733672575741,0.22618459980846542,0.12491487358536436,0.11314871925761182,PCA,-0.011766154327752548,-0.011766154327752548,0.011358493672209743,0.10126972622310106,10,lysoplasmalogenase_1,1.4763866666666665,0.18203,4.2859,6h_ce,6h,ce,6h_st,6h,st,4.10387,lysoplasmalogenase_1
N900_RS00715,0.26255374963320083,0.3213744204358294,0.5289799621581064,0.2539689590076505,0.26255374963320083,PCA,0.008584790625550343,0.008584790625550343,0.06740546142817894,0.2750110031504559,10,N900_RS00715,0.6058417166666668,-0.87444,3.6763,12h_st,12h,st,3h_SI3,3h,SI3,4.55074,N900_RS00715
N900_RS00720,0.2770700256512605,0.24076784552911254,0.5558333062639478,0.2840719823293911,0.24076784552911254,CP,-0.043304136800278586,-0.007001956678130639,-0.043304136800278586,0.27176132393455665,10,rsmD,0.5461251500000001,-1.1989,3.7187,6h_SI1,6h,SI1,12h_SI1,12h,SI1,4.9176,rsmD
N900_RS00730,0.22669093906268492,0.14682844237633175,0.7562338697819779,0.17831674505087072,0.14682844237633175,CP,-0.031488302674538976,0.0483741940118142,-0.031488302674538976,0.5779171247311072,10,ftsE,0.008029538233333333,6.3514e-05,0.14335,6h_SI7,6h,SI7,6h_st,6h,st,0.14328648600000002,ftsE
N900_RS00735,0.13670895747494632,0.15387383383136152,0.259731315120899,0.0977403469729871,0.13670895747494632,PCA,0.038968610501959225,0.038968610501959225,0.05613348685837442,0.16199096814791186,10,ftsX,1.1239662949999998,-0.88995,4.8428,24h_ce,24h,ce,6h_st,6h,st,5.73275,ftsX
N900_RS00745,0.26104354815260117,0.22730980705652407,0.3944349004177191,0.33306328107914945,0.22730980705652407,CP,-0.10575347402262539,-0.07201973292654829,-0.10575347402262539,0.06137161933856966,10,sthA,1.1094407333333336,-0.28939,3.4948,3h_co,3h,co,3h_SI5,3h,SI5,3.78419,sthA
N900_RS00750,0.16836973057960858,0.1946515086437683,0.2998046383358433,0.19158504768204218,0.16836973057960858,PCA,-0.023215317102433602,-0.023215317102433602,0.0030664609617261085,0.10821959065380113,10,fabR,1.2588140316666667,-0.26161,3.877,3h_ce,3h,ce,3h_st,3h,st,4.13861,fabR
N900_RS00755,0.3904050394992249,0.44026881631182035,0.6117030480238324,0.47121191728583206,0.3904050394992249,PCA,-0.08080687778660717,-0.08080687778660717,-0.030943100974011706,0.1404911307380003,10,yijd,0.9526409666666666,-0.63701,6.2139,1h_ce,1h,ce,6h_SI1,6h,SI1,6.85091,yijd
N900_RS00760,0.20407993323353943,0.22680156636972829,0.3791864663919607,0.20548159205294772,0.20407993323353943,PCA,-0.0014016588194082913,-0.0014016588194082913,0.021319974316780566,0.17370487433901297,10,trmA,1.3786812833333333,0.015237,4.1149,3h_st,3h,st,3h_SI3,3h,SI3,4.099663,trmA
N900_RS00765,0.185100107246028,0.3052020157113799,0.5359865318480307,0.2387090404301012,0.185100107246028,PCA,-0.0536089331840732,-0.0536089331840732,0.0664929752812787,0.2972774914179295,10,btuB,0.8134078183333333,-0.39857,3.9313,24h_SI8,24h,SI8,3h_st,3h,st,4.32987,btuB
N900_RS00770,0.2810135976808611,0.3149545465637349,0.42634860286296716,0.232770861072831,0.2810135976808611,PCA,0.04824273660803011,0.04824273660803011,0.08218368549090391,0.19357774179013618,10,S8 family peptidase,0.9447001833333333,-0.42231,3.5087,1h_st,1h,st,3h_SI1,3h,SI1,3.93101,S8 family peptidase
N900_RS00780,0.24167784021885635,0.33884160185537293,0.5588364831554868,0.2459760630028309,0.24167784021885635,PCA,-0.004298222783974542,-0.004298222783974542,0.09286553885254203,0.3128604201526559,10,RNA-binding protein,0.9666030216666667,-0.8883,4.0206,12h_SI1,12h,SI1,3h_st,3h,st,4.9089,RNA-binding protein
N900_RS00810,0.412874800758743,0.3873147145608503,0.6237440081747062,0.5012493797859038,0.3873147145608503,CP,-0.11393466522505347,-0.08837457902716078,-0.11393466522505347,0.12249462838880243,10,add,0.6931469433333333,-0.74171,4.4996,1h_SI1,1h,SI1,3h_SI1,3h,SI1,5.24131,add
N900_RS00815,0.23185432416142135,0.2333717769136008,0.4094102898236784,0.2107672545749907,0.23185432416142135,PCA,0.02108706958643064,0.02108706958643064,0.0226045223386101,0.19864303524868768,10,N900_RS00815,1.4899632666666662,-0.048524,4.7778,1h_st,1h,st,3h_SI2,3h,SI2,4.826324,N900_RS00815
N900_RS00820,0.5282654006474241,0.5571450954473524,0.6954733536769789,0.5191581284179279,0.5282654006474241,PCA,0.009107272229496255,0.009107272229496255,0.0379869670294245,0.17631522525905108,10,ntrC,1.3368653666666666,-0.52513,4.7884,1h_SI8,1h,SI8,1h_co,1h,co,5.31353,ntrC
N900_RS00825,0.1981018249680754,0.2364108096269368,0.3940848553551796,0.16646581007854097,0.1981018249680754,PCA,0.031636014889534436,0.031636014889534436,0.06994499954839584,0.22761904527663865,10,ntrB,0.7965356883333333,-0.76746,3.5315,3h_SI4,3h,SI4,6h_st,6h,st,4.29896,ntrB
N900_RS00830,0.17230107957297483,0.17876772978305244,0.4333281012241459,0.1821672945091733,0.17230107957297483,PCA,-0.009866214936198464,-0.009866214936198464,-0.0033995647261208517,0.2511608067149726,10,N900_RS00830,0.5607836883333334,-0.8329,3.6627,3h_SI1,3h,SI1,3h_SI3,3h,SI3,4.4956,N900_RS00830
N900_RS00835,0.5484923595118811,0.5443754723277151,0.5892755866315819,0.4710327546396981,0.5443754723277151,CP,0.07334271768801698,0.07745960487218301,0.07334271768801698,0.11824283199188373,10,glnA,0.8209512333333334,-2.1525,4.3908,12h_ce,12h,ce,1h_ce,1h,ce,6.5432999999999995,glnA
N900_RS00840,0.3484937370863952,0.3280396863326416,0.6859585261082634,0.22208362763141284,0.3280396863326416,CP,0.10595605870122873,0.12641010945498235,0.10595605870122873,0.4638748984768505,10,N900_RS00840,1.4161308683333333,-0.877,5.6434,1h_co,1h,co,3h_SI1,3h,SI1,6.5203999999999995,N900_RS00840
N900_RS00845,0.1554813621755247,0.16271708691177925,0.26358179463071113,0.1421203368731164,0.1554813621755247,PCA,0.013361025302408291,0.013361025302408291,0.020596750038662848,0.12146145775759473,10,typA,0.78737738,-0.89425,3.5806,1h_st,1h,st,3h_SI3,3h,SI3,4.47485,typA
N900_RS00850,0.32174030265966624,0.35802298978806973,0.6212249584976262,0.33095089021046353,0.32174030265966624,PCA,-0.009210587550797289,-0.009210587550797289,0.0270720995776062,0.2902740682871626,10,ATPase,1.2699065,-0.42999,4.2667,6h_SI3,6h,SI3,3h_SI4,3h,SI4,4.69669,ATPase
N900_RS00855,0.45409619154529746,0.439427127298346,0.5596884087833314,0.4651505271896188,0.439427127298346,CP,-0.025723399891272813,-0.011054335644321345,-0.025723399891272813,0.09453788159371257,10,VC0395_A2314_BLAST,0.678074905,-0.96636,3.8005,12h_st,12h,st,6h_SI2,6h,SI2,4.76686,VC0395_A2314_BLAST
N900_RS00860,0.28518906732987137,0.3751338201280972,0.47971803521468387,0.35872675997904924,0.28518906732987137,PCA,-0.07353769264917787,-0.07353769264917787,0.01640706014904797,0.12099127523563463,10,dtd,1.215039201666667,-0.32542,4.8978,3h_SI3,3h,SI3,3h_SI5,3h,SI5,5.22322,dtd
N900_RS00865,0.23706497773221563,0.20939004553455198,0.43979945841800727,0.1538345775484264,0.20939004553455198,CP,0.055555467986125595,0.08323040018378924,0.055555467986125595,0.2859648808695809,10,GNAT family N-acetyltransferase_2,0.7499508216666666,-0.54857,4.1935,3h_st,3h,st,6h_st,6h,st,4.74207,GNAT family N-acetyltransferase_2
N900_RS00870,0.25065603793792784,0.2521265217688844,0.4228372376150991,0.26722818055630054,0.25065603793792784,PCA,-0.0165721426183727,-0.0165721426183727,-0.01510165878741615,0.15560905705879857,10,asma_2,1.1580553666666666,-0.20654,3.6105,12h_st,12h,st,12h_SI1,12h,SI1,3.81704,asma_2
N900_RS00875,0.237365780573694,0.345148970256189,0.5763470576070134,0.2720885397115769,0.237365780573694,PCA,-0.03472275913788292,-0.03472275913788292,0.07306043054461209,0.3042585178954365,10,pckA,1.7890471666666667,-0.21375,5.4573,1h_SI9,1h,SI9,3h_SI2,3h,SI2,5.67105,pckA
N900_RS00880,0.342376593855034,0.35378536097101015,0.4985850334452862,0.36605015780143624,0.342376593855034,PCA,-0.023673563946402243,-0.023673563946402243,-0.012264796830426083,0.13253487564384997,10,hslo,-0.5956317333333333,-3.5484,3.2289,6h_SI7,6h,SI7,1h_st,1h,st,6.7773,hslo
N900_RS00885,0.3947964367725562,0.3719409176765755,0.6893190399186447,0.46211437320014376,0.3719409176765755,CP,-0.09017345552356826,-0.06731793642758754,-0.09017345552356826,0.22720466671850098,10,hslR,1.586963933333333,-0.24213,6.3869,1h_co,1h,co,3h_SI5,3h,SI5,6.62903,hslR
N900_RS00890,0.21255032521836453,0.21969915389332578,0.3960377996442777,0.20805304636213165,0.21255032521836453,PCA,0.004497278856232884,0.004497278856232884,0.011646107531194133,0.18798475328214606,10,gspC,0.7925288999999999,-0.90995,4.1697,12h_SI1,12h,SI1,3h_SI1,3h,SI1,5.07965,gspC
N900_RS00895,0.09058078492733027,0.14326166800199075,0.13053812192467582,0.01687718527676783,0.09058078492733027,PCA,0.07370359965056243,0.07370359965056243,0.12638448272522293,0.11366093664790798,10,gspD,1.7179854600000002,-0.15869,3.9483,6h_SI9,6h,SI9,12h_st,12h,st,4.10699,gspD
N900_RS00900,0.09550182611048312,0.15540675414281058,0.1351908598985017,0.0204783374934441,0.09550182611048312,PCA,0.07502348861703902,0.07502348861703902,0.13492841664936647,0.11471252240505758,10,gspE,1.7992057999999995,-0.10818,4.0041,6h_SI9,6h,SI9,12h_st,12h,st,4.11228,gspE
N900_RS00905,0.12240828662558172,0.14816330660068988,0.15636894226316614,0.07746137936882229,0.12240828662558172,PCA,0.04494690725675943,0.04494690725675943,0.07070192723186759,0.07890756289434385,10,gspF,1.8910172000000003,-0.065448,4.0416,6h_SI9,6h,SI9,12h_st,12h,st,4.107048,gspF
N900_RS00910,0.17561306547368488,0.21215233403004782,0.19135241359184313,0.11253538836838493,0.17561306547368488,PCA,0.06307767710529995,0.06307767710529995,0.09961694566166289,0.0788170252234582,10,gspG,1.9260644333333337,-0.067187,5.3857,6h_SI9,6h,SI9,1h_co,1h,co,5.452887,gspG
N900_RS00915,0.4328349546124347,0.4360586965636042,0.7514454786549308,0.3731352232836413,0.4328349546124347,PCA,0.059699731328793415,0.059699731328793415,0.0629234732799629,0.37831025537128954,10,epsH,-0.012676316666666698,-4.0234,3.8558,1h_SI6,1h,SI6,12h_SI3,12h,SI3,7.879199999999999,epsH
N900_RS00920,0.09147307610053282,0.14768225087365539,0.1319614015567438,0.018731817589014193,0.09147307610053282,PCA,0.07274125851151862,0.07274125851151862,0.1289504332846412,0.1132295839677296,10,gspI,1.8283991166666667,-0.061413,4.0456,6h_SI9,6h,SI9,12h_st,12h,st,4.107013,gspI
N900_RS00925,0.6356651038260476,0.6373972234939271,0.9434213096709888,0.7094519409749662,0.6356651038260476,PCA,-0.07378683714891865,-0.07378683714891865,-0.07205471748103909,0.23396936869602258,10,gspJ,0.005504218653333334,-0.00016616,0.31094,12h_ce,12h,ce,6h_SI2,6h,SI2,0.31110616,gspJ
N900_RS00930,0.10072200899760583,0.16170091279752258,0.13586349635138006,0.04095626549404999,0.10072200899760583,PCA,0.059765743503555846,0.059765743503555846,0.12074464730347259,0.09490723085733008,10,epsK,0.9858294983333333,-0.8007,3.0919,12h_SI9,12h,SI9,12h_st,12h,st,3.8926,epsK
N900_RS00940,0.22504846437059134,0.24941175470964666,0.24189478453136928,0.21104240537167546,0.22504846437059134,PCA,0.014006058998915882,0.014006058998915882,0.038369349337971204,0.030852379159693827,10,epsM,0.7762354333333334,-1.2819,2.7012,12h_SI7,12h,SI7,12h_st,12h,st,3.9831000000000003,epsM
N900_RS00945,0.1742314728464516,0.20278185284605188,0.32503818006654867,0.171622865914166,0.1742314728464516,PCA,0.0026086069322855954,0.0026086069322855954,0.031158986931885874,0.15341531415238266,10,epsN,0.8750885166666665,-0.65876,4.3504,1h_st,1h,st,6h_SI4,6h,SI4,5.00916,epsN
N900_RS00950,0.4955792303652214,0.641469035889341,0.750106827294172,0.4551720098597513,0.4955792303652214,PCA,0.040407220505470076,0.040407220505470076,0.1862970260295897,0.2949348174344207,10,cysQ,0.08073376333333333,-1.6257,2.6415,12h_SI1,12h,SI1,3h_SI3,3h,SI3,4.2672,cysQ
N900_RS00955,0.40777664663922936,0.3942303762865187,0.6041157947761836,0.3582240174921095,0.3942303762865187,CP,0.036006358794409166,0.04955262914711983,0.036006358794409166,0.24589177728407408,10,nudE,1.54856882,-0.51481,4.6003,6h_SI1,6h,SI1,6h_ce,6h,ce,5.11511,nudE
N900_RS00960,0.5960395079194244,0.5969137846179281,0.6650443516103816,0.48313413720911047,0.5960395079194244,PCA,0.11290537071031392,0.11290537071031392,0.11377964740881763,0.1819102144012711,10,nfua,-1.3659276666666662,-3.6879,0.95215,12h_ce,12h,ce,6h_SI1,6h,SI1,4.6400500000000005,nfua
N900_RS00970,0.5876092791242127,0.5979328451107979,0.6891221733419871,0.6504868409366374,0.5876092791242127,PCA,-0.06287756181242476,-0.06287756181242476,-0.05255399582583953,0.038635332405349665,10,bioH,-0.5623147283333334,-2.94,3.8849,12h_SI8,12h,SI8,6h_SI2,6h,SI2,6.8248999999999995,bioH
N900_RS00975,0.23774118969567423,0.3378727354148084,0.42865987317510607,0.23638778828613782,0.23774118969567423,PCA,0.0013534014095364089,0.0013534014095364089,0.10148494712867057,0.19227208488896824,10,N900_RS00975,0.98581255,-0.3205,4.1587,12h_st,12h,st,3h_SI3,3h,SI3,4.4792,N900_RS00975
N900_RS00980,0.141120346901451,0.1777518488217666,0.26290859747416667,0.1339357803959294,0.141120346901451,PCA,0.0071845665055216,0.0071845665055216,0.043816068425837185,0.12897281707823727,10,yhgF,1.3155077999999998,-0.32711,4.873,3h_co,3h,co,3h_st,3h,st,5.2001100000000005,yhgF
N900_RS00985,0.2715569906822346,0.2684826578512946,0.44734568381679946,0.3328837267938067,0.2684826578512946,CP,-0.06440106894251207,-0.06132673611157208,-0.06440106894251207,0.11446195702299278,10,greB,1.3064548999999999,0.031384,4.8293,3h_SI4,3h,SI4,3h_SI2,3h,SI2,4.797916,greB
N900_RS00990,0.2522937469500036,0.2744654752560009,0.35274896772062897,0.2504143221272694,0.2522937469500036,PCA,0.0018794248227342325,0.0018794248227342325,0.024051153128731517,0.10233464559335959,10,ompR,1.5554377499999998,-0.15497,4.418,1h_SI4,1h,SI4,3h_SI4,3h,SI4,4.57297,ompR
N900_RS00995,0.16944095559016387,0.1879916714149398,0.30681821323815,0.15982914869540732,0.16944095559016387,PCA,0.009611806894756547,0.009611806894756547,0.028162522719532485,0.1469890645427427,10,envZ,1.1194395499999998,-0.43255,3.3601,6h_st,6h,st,3h_SI3,3h,SI3,3.79265,envZ
N900_RS01000,0.3278208433053553,0.36409571830750964,0.45280555161214725,0.2885720823529656,0.3278208433053553,PCA,0.039248760952389716,0.039248760952389716,0.07552363595454403,0.16423346925918164,10,xanP_BLAST,1.540607833333333,0.29104,4.2086,3h_st,3h,st,3h_SI2,3h,SI2,3.9175599999999995,xanP_BLAST
N900_RS01005,0.3763108472476342,0.35391301244577866,0.46987700924670445,0.3789230450133043,0.35391301244577866,CP,-0.025010032567525653,-0.002612197765670121,-0.025010032567525653,0.09095396423340013,10,recG,0.9813041833333335,-0.74057,4.7796,6h_SI2,6h,SI2,12h_SI2,12h,SI2,5.52017,recG
N900_RS01015,0.6111042686489215,0.6414823790844751,0.8794429130667624,0.620934766080328,0.6111042686489215,PCA,-0.009830497431406515,-0.009830497431406515,0.02054761300414709,0.2585081469864343,10,rpoZ,1.6308918333333335,-0.04551,5.209,3h_ce,3h,ce,3h_SI5,3h,SI5,5.25451,rpoZ
N900_RS01025,0.34811517572309164,0.3664153410663273,0.5960200465205899,0.38620755613090035,0.34811517572309164,PCA,-0.03809238040780871,-0.03809238040780871,-0.01979221506457307,0.20981249038968958,10,yhhQ,1.2226435700000002,-0.51245,4.5734,6h_SI3,6h,SI3,1h_SI1,1h,SI1,5.085850000000001,yhhQ
N900_RS01030,0.19359625415450818,0.2783586569102693,0.3373717939868782,0.23067402323993447,0.19359625415450818,PCA,-0.03707776908542629,-0.03707776908542629,0.04768463367033482,0.10669777074694375,10,actP,1.3509199833333332,-0.067191,3.7989,3h_ce,3h,ce,6h_st,6h,st,3.866091,actP
N900_RS01035,0.7483307488494136,0.6734575398358406,0.8731413251485244,0.706784679243873,0.6734575398358406,CP,-0.03332713940803245,0.041546069605540636,-0.03332713940803245,0.16635664590465138,10,N900_RS01035,0.4485096366666666,-1.6395,3.4016,6h_SI3,6h,SI3,6h_SI4,6h,SI4,5.0411,N900_RS01035
N900_RS01040,0.1256367947200095,0.11603374936232375,0.26098770079790656,0.0695813229851372,0.11603374936232375,CP,0.04645242637718655,0.0560554717348723,0.04645242637718655,0.19140637781276937,10,nhaP2,1.139512368333333,-0.49865,3.465,6h_st,6h,st,6h_SI4,6h,SI4,3.96365,nhaP2
N900_RS01045,0.510833973869872,0.6001953296112298,0.7943311655860448,0.537336465068941,0.510833973869872,PCA,-0.026502491199069,-0.026502491199069,0.06285886454228884,0.2569947005171038,10,narL,1.3651410000000006,-1.2863,4.9004,1h_SI9,1h,SI9,3h_SI5,3h,SI5,6.1867,narL
N900_RS01050,0.3263797856718772,0.36832516410523397,0.564268545581656,0.3601500501721741,0.3263797856718772,PCA,-0.03377026450029691,-0.03377026450029691,0.008175113933059863,0.20411849540948185,10,dsbd,0.6178930349999999,-1.6209,4.5477,24h_SI5,24h,SI5,3h_SI4,3h,SI4,6.1686,dsbd
N900_RS01065,0.48036730359974733,0.4594132047928065,0.6648161155615198,0.584525492720624,0.4594132047928065,CP,-0.12511228792781753,-0.10415818912087671,-0.12511228792781753,0.08029062284089572,10,dcuA,1.1497961333333333,-1.2017,5.2623,6h_SI5,6h,SI5,6h_SI3,6h,SI3,6.4639999999999995,dcuA
N900_RS01070,0.9492258562904479,0.8381015293317339,0.9466169460288618,0.9632921989611003,0.8381015293317339,CP,-0.12519066962936642,-0.014066342670652432,-0.12519066962936642,-0.016675252932238482,10,aspA,-0.3583605450000001,-3.2603,2.2554,6h_co,6h,co,6h_SI1,6h,SI1,5.5157,aspA
N900_RS01075,0.3042963156438115,0.38582529156232453,0.6312909921113349,0.5140666056827681,0.3042963156438115,PCA,-0.20977029003895659,-0.20977029003895659,-0.12824131412044354,0.1172243864285668,10,N900_RS01075,0.8340658133333334,-0.7754,3.6524,6h_SI1,6h,SI1,6h_st,6h,st,4.4278,N900_RS01075
N900_RS01080,0.35915378464135106,0.5148981085484055,0.6694345045497891,0.3865291484438911,0.35915378464135106,PCA,-0.02737536380254002,-0.02737536380254002,0.12836896010451437,0.28290535610589806,10,fxsA,1.4557199833333334,-0.64076,4.3479,1h_ce,1h,ce,3h_SI3,3h,SI3,4.98866,fxsA
N900_RS01085,0.32473119157874425,0.33198535839710336,0.5912903064198491,0.40993014488869284,0.32473119157874425,PCA,-0.08519895330994859,-0.08519895330994859,-0.07794478649158948,0.1813601615311563,10,trmL,1.53203315,0.063819,4.7439,3h_SI5,3h,SI5,3h_SI2,3h,SI2,4.680081,trmL
N900_RS01090,0.3803868262606948,0.39218090885573603,0.6231949777757593,0.2766952060749295,0.3803868262606948,PCA,0.10369162018576533,0.10369162018576533,0.11548570278080655,0.3464997717008298,10,superoxide dismutase,0.7178741116666667,-0.77886,3.6767,12h_SI1,12h,SI1,1h_ce,1h,ce,4.45556,superoxide dismutase
N900_RS01095,0.2920541352422727,0.38270905512474684,0.5897202383977184,0.29773804356835737,0.2920541352422727,PCA,-0.0056839083260846746,-0.0056839083260846746,0.08497101155638948,0.291982194829361,10,cpxA,0.2404347733333333,-1.3497,2.8731,6h_st,6h,st,1h_SI1,1h,SI1,4.222799999999999,cpxA
N900_RS01100,0.363623055195717,0.4826257543791612,0.8469099311387525,0.48345986367900373,0.363623055195717,PCA,-0.1198368084832867,-0.1198368084832867,-0.0008341092998425115,0.3634500674597487,10,cpxR,0.2803164166666667,-1.7866,3.3916,12h_SI2,12h,SI2,3h_SI1,3h,SI1,5.1782,cpxR
N900_RS01105,0.13569360280286488,0.14584126135083628,0.3072531941731132,0.10765885950134778,0.13569360280286488,PCA,0.028034743301517104,0.028034743301517104,0.0381824018494885,0.1995943346717654,10,cpxp,1.6984868333333332,0.20187,5.296,1h_SI8,1h,SI8,3h_st,3h,st,5.09413,cpxp
N900_RS01110,0.18746091346073854,0.2661585102297713,0.34668454359871215,0.13591156161776288,0.18746091346073854,PCA,0.051549351842975655,0.051549351842975655,0.1302469486120084,0.21077298198094926,10,fieF,0.7046117333333334,-0.79582,3.121,3h_st,3h,st,3h_SI4,3h,SI4,3.91682,fieF
N900_RS01115,0.15784255612509357,0.16998877038097016,0.2854916992449833,0.18038194467392657,0.15784255612509357,PCA,-0.022539388548833,-0.022539388548833,-0.010393174292956414,0.10510975457105673,10,pfkA,2.268976666666666,0.11509,10.534,12h_SI6,12h,SI6,12h_st,12h,st,10.41891,pfkA
N900_RS01120,0.18624671093992334,0.28892310156642914,0.5244257693873667,0.15520282207441286,0.18624671093992334,PCA,0.03104388886551049,0.03104388886551049,0.1337202794920163,0.3692229473129539,10,glpX,0.9094033816666666,-0.39211,4.2111,6h_st,6h,st,3h_st,3h,st,4.60321,glpX
N900_RS01125,0.6120957823779469,0.6253387747964801,0.8152537470337797,0.7674916547306007,0.6120957823779469,PCA,-0.15539587235265373,-0.15539587235265373,-0.1421528799341205,0.04776209230317907,10,zapB,-0.41199565,-2.2644,3.0583,6h_SI9,6h,SI9,3h_SI3,3h,SI3,5.3227,zapB
N900_RS01130,0.24632967877517478,0.25715574893452686,0.43886825397337753,0.24247130218708304,0.24632967877517478,PCA,0.0038583765880917387,0.0038583765880917387,0.014684446747443819,0.1963969517862945,10,metF,0.9449273566666668,-0.58923,5.5767,1h_st,1h,st,6h_st,6h,st,6.1659299999999995,metF
N900_RS01135,0.18223297653941026,0.20390457735304526,0.2869586601381651,0.2240395564038615,0.18223297653941026,PCA,-0.04180657986445124,-0.04180657986445124,-0.020134979050816237,0.06291910373430362,10,metL,1.2615714999999998,-0.06249,3.2244,3h_ce,3h,ce,1h_ce,1h,ce,3.28689,metL
N900_RS01140,0.36279700544015336,0.37759478751951936,0.7299918548370606,0.33935897677402704,0.36279700544015336,PCA,0.02343802866612632,0.02343802866612632,0.038235810745492316,0.3906328780630336,10,metB,0.5978118666666667,-0.9966,3.5194,6h_SI2,6h,SI2,3h_st,3h,st,4.516,metB
N900_RS01145,0.727601647164421,0.8476407422301258,0.8982406716306599,0.7074225484753918,0.727601647164421,PCA,0.02017909868902923,0.02017909868902923,0.140218193754734,0.19081812315526814,10,metJ,1.2044465833333333,-2.2597,6.1641,12h_SI8,12h,SI8,6h_SI4,6h,SI4,8.4238,metJ
N900_RS01150,0.24252058880591992,0.21438774361203475,0.46785806713841105,0.207718362994767,0.21438774361203475,CP,0.0066693806172677395,0.034802225811152915,0.0066693806172677395,0.26013970414364407,10,maeB,1.4276850666666665,-0.19026,5.0015,6h_SI1,6h,SI1,1h_ce,1h,ce,5.19176,maeB
N900_RS01155,0.09688868110344669,0.14576910274195035,0.13150785257463712,0.022380597128214594,0.09688868110344669,PCA,0.07450808397523209,0.07450808397523209,0.12338850561373575,0.10912725544642253,10,rpmE,1.1410749000000002,-0.78876,3.3251,6h_SI9,6h,SI9,12h_st,12h,st,4.11386,rpmE
N900_RS01165,0.2251264744377154,0.22885764174141113,0.370602121709871,0.21322627682987266,0.2251264744377154,PCA,0.01190019760784275,0.01190019760784275,0.015631364911538465,0.15737584487999834,10,cytR,1.2062650966666666,-0.61034,4.0942,1h_SI9,1h,SI9,3h_SI9,3h,SI9,4.70454,cytR
N900_RS01175,0.1819715483854823,0.27767085200158875,0.4816962571771454,0.22617832423441306,0.1819715483854823,PCA,-0.04420677584893076,-0.04420677584893076,0.051492527767175694,0.2555179329427324,10,hslV,1.3820201166666666,-0.065906,4.9458,1h_SI7,1h,SI7,3h_SI3,3h,SI3,5.011706,hslV
N900_RS01180,0.3840706116263817,0.4209893097194891,0.7403237883176342,0.44442056380141043,0.3840706116263817,PCA,-0.060349952175028754,-0.060349952175028754,-0.023431254081921316,0.2959032245162238,10,hslU,0.4620350833333333,-1.1661,3.2565,6h_SI3,6h,SI3,3h_SI4,3h,SI4,4.4226,hslU
N900_RS01185,0.18106837761996902,0.14770498706571847,0.31965061758696306,0.2168604221455203,0.14770498706571847,CP,-0.06915543507980182,-0.035792044525551264,-0.06915543507980182,0.10279019544144277,10,menA,2.154915,-0.73883,5.2524,1h_SI5,1h,SI5,3h_st,3h,st,5.99123,menA
N900_RS01190,0.3845060485262248,0.36788031564059426,0.5289852464637358,0.3664192694396441,0.36788031564059426,CP,0.0014610462009501668,0.018086779086580684,0.0014610462009501668,0.1625659770240917,10,rraA,1.1823383666666665,-0.34668,3.5693,6h_st,6h,st,3h_SI6,3h,SI6,3.9159800000000002,rraA
N900_RS01195,0.3346744056691353,0.3441375306353807,0.7537014757971313,0.36697982315406935,0.3346744056691353,PCA,-0.03230541748493404,-0.03230541748493404,-0.022842292518688634,0.38672165264306196,10,norM_1,0.6347305333333334,-0.64557,3.7499,24h_SI3,24h,SI3,12h_SI1,12h,SI1,4.3954699999999995,norM_1
N900_RS01200,0.1295445578861729,0.1949264840551669,0.1688927784165543,0.08149539486045715,0.1295445578861729,PCA,0.04804916302571574,0.04804916302571574,0.11343108919470976,0.08739738355609716,10,tpiA,1.5451854000000003,-0.37273,3.5903,12h_ce,12h,ce,12h_st,12h,st,3.96303,tpiA
N900_RS01205,0.2824643012747271,0.3255486708809323,0.38312714364807804,0.2025518497645891,0.2824643012747271,PCA,0.07991245151013801,0.07991245151013801,0.12299682111634322,0.18057529388348895,10,5-carboxymethyl-2-hydroxymuconate Delta-isomerase,0.9432351833333333,-0.30939,3.8912,1h_st,1h,st,3h_SI1,3h,SI1,4.20059,5-carboxymethyl-2-hydroxymuconate Delta-isomerase
N900_RS01210,0.3675410524597074,0.4455502373103556,0.6405516725970054,0.39602993218131205,0.3675410524597074,PCA,-0.028488879721604632,-0.028488879721604632,0.04952030512904354,0.24452174041569336,10,N900_RS01210,1.2921297166666668,-0.2177,5.089,6h_SI2,6h,SI2,3h_SI2,3h,SI2,5.3067,N900_RS01210
N900_RS01215,0.14712043789050136,0.14983978134385265,0.250492686626686,0.10872819422646991,0.14712043789050136,PCA,0.03839224366403145,0.03839224366403145,0.041111587117382734,0.1417644924002161,10,N900_RS01215,1.5249075,-0.67812,4.9795,1h_ce,1h,ce,3h_SI5,3h,SI5,5.65762,N900_RS01215
N900_RS01220,0.3424189378259655,0.43957718738821666,0.676417871878351,0.38620377007724555,0.3424189378259655,PCA,-0.04378483225128005,-0.04378483225128005,0.053373417310971116,0.29021410180110546,10,transcriptional regulator_1,1.3818629166666667,-0.27229,5.7235,3h_SI9,3h,SI9,3h_st,3h,st,5.9957899999999995,transcriptional regulator_1
N900_RS01235,0.2661899030580993,0.4157349412475629,0.4927275890211984,0.29311139025923993,0.2661899030580993,PCA,-0.026921487201140626,-0.026921487201140626,0.12262355098832295,0.19961619876195846,10,N900_RS01235,0.6819741,-0.69568,4.122,12h_st,12h,st,3h_SI1,3h,SI1,4.81768,N900_RS01235
N900_RS01240,0.5899816089692677,0.627390723636702,0.6771023387424193,0.5316559401339409,0.5899816089692677,PCA,0.05832566883532675,0.05832566883532675,0.0957347835027611,0.1454463986084784,10,epmB,0.4452101,-2.6499,3.3108,6h_SI7,6h,SI7,1h_co,1h,co,5.9607,epmB
N900_RS01245,0.5501211490638734,0.5075451142397499,0.6778331371722184,0.4269178790645112,0.5075451142397499,CP,0.08062723517523873,0.12320326999936226,0.08062723517523873,0.2509152581077072,10,efp,-0.27422691666666665,-2.8885,3.1408,6h_SI7,6h,SI7,3h_SI9,3h,SI9,6.0293,efp
N900_RS01250,0.3545518056459078,0.31816453704066044,0.7672566234029218,0.4826016135919423,0.31816453704066044,CP,-0.16443707655128187,-0.1280498079460345,-0.16443707655128187,0.28465500981097946,10,frdD,1.46398275,-0.63528,5.7864,1h_SI5,1h,SI5,3h_SI1,3h,SI1,6.42168,frdD
N900_RS01255,0.5405241650419985,0.5081845349878831,0.7511875929619829,0.5035353487268699,0.5081845349878831,CP,0.004649186261013183,0.036988816315128625,0.004649186261013183,0.247652244235113,10,frdC,1.4661603333333335,-0.48517,4.017,1h_SI3,1h,SI3,6h_ce,6h,ce,4.5021700000000004,frdC
N900_RS01260,0.39855342929787835,0.4193773140378161,0.6790175999177557,0.530829332066206,0.39855342929787835,PCA,-0.13227590276832762,-0.13227590276832762,-0.11145201802838989,0.1481882678515497,10,frdB,1.9510957833333333,-1.3096,4.5376,1h_SI5,1h,SI5,3h_SI7,3h,SI7,5.847200000000001,frdB
N900_RS01265,0.3951331303944853,0.33929817853070704,0.6188970378731369,0.4576570834741117,0.33929817853070704,CP,-0.11835890494340467,-0.06252395307962644,-0.11835890494340467,0.16123995439902516,10,frdA,1.546157416666667,-0.69802,4.5877,1h_SI5,1h,SI5,3h_SI4,3h,SI4,5.2857199999999995,frdA
N900_RS01270,0.5978431285593077,0.5606502159510618,0.6142870993364405,0.5392403932863988,0.5606502159510618,CP,0.02140982266466296,0.058602735272908824,0.02140982266466296,0.07504670605004171,10,epmA,-0.8947543666666667,-3.5814,1.5267,12h_SI8,12h,SI8,3h_SI9,3h,SI9,5.1081,epmA
N900_RS01275,0.5786627941812292,0.6183893555970813,0.8580821449322069,0.4678394944030683,0.5786627941812292,PCA,0.11082329977816091,0.11082329977816091,0.15054986119401298,0.3902426505291386,10,yibN,-0.10389638333333337,-2.6806,4.391,24h_SI5,24h,SI5,6h_ce,6h,ce,7.0716,yibN
N900_RS01280,0.4914401371656944,0.5055913423583844,0.6723632530628627,0.47843971471330693,0.4914401371656944,PCA,0.013000422452387472,0.013000422452387472,0.027151627645077503,0.19392353834955578,10,secB,-0.13036073833333334,-1.5787,3.3881,6h_SI4,6h,SI4,6h_SI3,6h,SI3,4.9668,secB
N900_RS01285,0.09386577868028155,0.14834365815118114,0.13649898409285643,0.024383611100989865,0.09386577868028155,PCA,0.06948216757929168,0.06948216757929168,0.12396004705019127,0.11211537299186657,10,gpsA,0.8306441166666667,-1.063,3.039,12h_SI7,12h,SI7,12h_st,12h,st,4.102,gpsA
N900_RS01290,0.17179294004172388,0.2000963179200114,0.18532404062901142,0.08921255787584818,0.17179294004172388,PCA,0.0825803821658757,0.0825803821658757,0.11088376004416321,0.09611148275316324,10,cysE,1.9786214666666666,-0.060292,6.2797,6h_SI9,6h,SI9,12h_SI1,12h,SI1,6.339992,cysE
N900_RS01295,0.267610180620039,0.34213008878393253,0.4223280706980194,0.24408356571381298,0.267610180620039,PCA,0.023526614906226012,0.023526614906226012,0.09804652307011955,0.17824450498420644,10,PadR family transcriptional regulator,-1.0386439,-4.3031,4.736,12h_SI7,12h,SI7,6h_st,6h,st,9.0391,PadR family transcriptional regulator
N900_RS01300,0.17755537302907395,0.23937088672096973,0.47211096668547814,0.19511104004212318,0.17755537302907395,PCA,-0.017555667013049225,-0.017555667013049225,0.044259846678846554,0.27699992664335493,10,ppc,1.1711993333333335,-0.36707,4.2879,3h_SI3,3h,SI3,3h_st,3h,st,4.65497,ppc
N900_RS01305,0.19189141794706094,0.23653243578909333,0.47800872684252693,0.19184003843371097,0.19189141794706094,PCA,5.1379513349963934e-05,5.1379513349963934e-05,0.04469239735538236,0.28616868840881593,10,argE,1.6609314499999999,0.056167,5.2321,24h_SI9,24h,SI9,1h_SI1,1h,SI1,5.175933,argE
N900_RS01310,0.13141129135245455,0.16127802682709336,0.2968052827950592,0.08647234181414858,0.13141129135245455,PCA,0.044938949538305975,0.044938949538305975,0.07480568501294478,0.2103329409809106,10,argC,0.7060048716666666,-0.93551,3.0984,3h_st,3h,st,6h_SI3,6h,SI3,4.03391,argC
N900_RS01315,0.19799380635327346,0.18549673956959065,0.3526636146917175,0.12691488031309223,0.18549673956959065,CP,0.05858185925649842,0.07107892604018123,0.05858185925649842,0.22574873437862525,10,argB,1.4612119833333337,-0.018999,5.2771,6h_st,6h,st,3h_SI1,3h,SI1,5.296099,argB
N900_RS01320,0.4994379480553619,0.5042820343821958,0.6655134160817936,0.3900392086690066,0.4994379480553619,PCA,0.1093987393863553,0.1093987393863553,0.11424282571318917,0.275474207412787,10,argG,-0.29624398333333335,-2.1968,3.8365,12h_SI1,12h,SI1,6h_ce,6h,ce,6.0333000000000006,argG
N900_RS01325,0.4256324882560431,0.4424667920035036,0.8768767026219594,0.42510624000292413,0.4256324882560431,PCA,0.0005262482531189772,0.0005262482531189772,0.017360552000579454,0.45177046261903525,10,argH,0.16767774833333335,-1.637,6.1234,24h_SI1,24h,SI1,3h_SI1,3h,SI1,7.760400000000001,argH
N900_RS01330,0.9534829254478133,0.8955888333669375,0.9601276424876011,0.8882856513794822,0.8955888333669375,CP,0.007303181987455276,0.06519727406833109,0.007303181987455276,0.07184199110811884,10,N900_RS01330,0.6613357058333332,-1.4016,3.192,12h_SI8,12h,SI8,1h_co,1h,co,4.5936,N900_RS01330
N900_RS01335,0.20273653521163956,0.18009236287263702,0.37461251058736694,0.14986745581814104,0.18009236287263702,CP,0.030224907054495986,0.052869079393498525,0.030224907054495986,0.2247450547692259,10,lpd,1.1815606333333335,-0.11837,4.3782,1h_SI5,1h,SI5,6h_SI2,6h,SI2,4.496569999999999,lpd
N900_RS01340,0.16486111589932986,0.22926553608706862,0.3974956815146148,0.18423163039271154,0.16486111589932986,PCA,-0.019370514493381674,-0.019370514493381674,0.045033905694357085,0.21326405112190325,10,glutathione peroxidase,1.0858882633333335,-0.40625,4.3226,6h_st,6h,st,3h_SI5,3h,SI5,4.72885,glutathione peroxidase
N900_RS01345,0.3150910251028566,0.2675794173340123,0.5455233763787279,0.2827922763102712,0.2675794173340123,CP,-0.015212858976258903,0.032298748792585374,-0.015212858976258903,0.26273110006845674,10,oxyR,1.9078638333333335,0.25175,4.7487,3h_SI1,3h,SI1,3h_SI2,3h,SI2,4.49695,oxyR
N900_RS01355,0.1737189386557213,0.17974896215227915,0.2592381894375079,0.1580022483216851,0.1737189386557213,PCA,0.015716690334036193,0.015716690334036193,0.02174671383059404,0.10123594111582282,10,pilM,1.5490316016666668,-0.097333,4.7508,6h_ce,6h,ce,3h_st,3h,st,4.848133,pilM
N900_RS01360,0.18808877970635632,0.1716872604535707,0.2876941157521367,0.1826137089187392,0.1716872604535707,CP,-0.01092644846516852,0.005475070787617109,-0.01092644846516852,0.1050804068333975,10,pilus assembly protein PilN,1.1552278166666663,-0.41744,3.5303,1h_st,1h,st,6h_SI2,6h,SI2,3.94774,pilus assembly protein PilN
N900_RS01370,0.5383681798123966,0.4852731643328122,0.7401117626822025,0.6174388590300398,0.4852731643328122,CP,-0.1321656946972276,-0.07907067921764321,-0.1321656946972276,0.12267290365216266,10,PilP,1.2034335666666667,-0.52898,5.2909,6h_SI2,6h,SI2,3h_SI5,3h,SI5,5.8198799999999995,PilP
N900_RS01375,0.34229882048140065,0.37887022157816946,0.5631372938302437,0.2993758116238124,0.34229882048140065,PCA,0.04292300885758826,0.04292300885758826,0.07949440995435708,0.2637614822064313,10,fimbrial assembly protein,0.6893013833333335,-0.6847,3.9846,24h_st,24h,st,6h_SI3,6h,SI3,4.6693,fimbrial assembly protein
N900_RS01380,0.31733121782540546,0.318633333698143,0.34137467568030705,0.2867173700677377,0.31733121782540546,PCA,0.03061384775766779,0.03061384775766779,0.03191596363040533,0.054657305612569373,10,aroK,-0.6449199316666665,-3.2323,1.9277,12h_SI7,12h,SI7,1h_co,1h,co,5.16,aroK
N900_RS01385,0.32414261914717074,0.3356703294343609,0.5605358844580517,0.37232270248661803,0.32414261914717074,PCA,-0.04818008333944729,-0.04818008333944729,-0.0366523730522571,0.18821318197143366,10,aroB,-0.1931404333333333,-1.8431,3.6411,24h_SI8,24h,SI8,3h_SI2,3h,SI2,5.4841999999999995,aroB
N900_RS01390,0.27112165015546846,0.3782272614270659,0.6389326545621855,0.2731272968607029,0.27112165015546846,PCA,-0.002005646705234454,-0.002005646705234454,0.105099964566363,0.3658053577014826,10,damX_1,0.6265573398333334,-0.64991,3.6435,6h_SI5,6h,SI5,1h_SI1,1h,SI1,4.29341,damX_1
N900_RS01400,0.18398033721963875,0.24901656764135793,0.21859468808462573,0.11028052718500785,0.18398033721963875,PCA,0.0736998100346309,0.0736998100346309,0.13873604045635007,0.10831416089961789,10,ribulose-phosphate 3-epimerase,-0.11540333333333334,-2.2683,1.8892,12h_SI7,12h,SI7,6h_st,6h,st,4.1575,ribulose-phosphate 3-epimerase
N900_RS01405,0.19520857296019814,0.2528800849410778,0.30550185907371863,0.19843830806325327,0.19520857296019814,PCA,-0.0032297351030551313,-0.0032297351030551313,0.054441776877824505,0.10706355101046536,10,gph,0.8096558,-0.85937,3.4672,12h_st,12h,st,6h_SI1,6h,SI1,4.32657,gph
N900_RS01415,0.2957942754166362,0.264389455504649,0.5831296426685323,0.16650768517549,0.264389455504649,CP,0.09788177032915898,0.12928659024114622,0.09788177032915898,0.4166219574930423,10,ABC transporter substrate-binding protein_8,0.6515329,-0.98091,3.2782,3h_SI1,3h,SI1,6h_ce,6h,ce,4.25911,ABC transporter substrate-binding protein_8
N900_RS01420,0.3230023265690328,0.36643869313084615,0.43692761265334756,0.25293547988724624,0.3230023265690328,PCA,0.07006684668178659,0.07006684668178659,0.11350321324359991,0.18399213276610132,10,xds_1,1.4499489833333332,-0.095118,4.6483,12h_st,12h,st,3h_SI1,3h,SI1,4.743418,xds_1
N900_RS01425,0.6528897840493795,0.6781669884903528,0.8069838089023985,0.6244565304386902,0.6528897840493795,PCA,0.02843325361068927,0.02843325361068927,0.053710458051662635,0.1825272784637083,10,rimO,-0.1429793083333334,-1.6929,2.9461,6h_SI2,6h,SI2,6h_SI1,6h,SI1,4.639,rimO
N900_RS01430,0.3545165095218316,0.2650027301628635,0.6130859772774164,0.36225689127185295,0.2650027301628635,CP,-0.09725416110898943,-0.007740381750021341,-0.09725416110898943,0.2508290860055635,10,trpG_1,0.8003583166666667,-0.49309,3.3509,6h_st,6h,st,3h_SI3,3h,SI3,3.8439900000000002,trpG_1
N900_RS01435,0.23255835266080335,0.31021103605430966,0.581205927675837,0.3039626671695558,0.23255835266080335,PCA,-0.07140431450875243,-0.07140431450875243,0.006248368884753885,0.27724326050628123,10,aruC,0.4680254133333333,-1.8054,3.8989,6h_SI3,6h,SI3,3h_SI1,3h,SI1,5.7043,aruC
N900_RS01440,0.12239217478812889,0.16656800482089912,0.24501449294007424,0.1734665443555408,0.12239217478812889,PCA,-0.051074369567411904,-0.051074369567411904,-0.006898539534641673,0.07154794858453345,10,astA,1.3540975966666668,-0.0155,3.6926,1h_SI8,1h,SI8,3h_st,3h,st,3.7081,astA
N900_RS01445,0.2760218296651013,0.2530655997905569,0.4363518488666533,0.26999920429309854,0.2530655997905569,CP,-0.01693360450254161,0.006022625372002766,-0.01693360450254161,0.16635264457355475,10,astD,0.6391946166666665,-0.90441,3.2763,3h_SI8,3h,SI8,6h_ce,6h,ce,4.18071,astD
N900_RS01450,0.7218701981648569,0.6935745419117866,0.9279677924142481,0.7615638071569156,0.6935745419117866,CP,-0.06798926524512905,-0.03969360899205876,-0.06798926524512905,0.16640398525733247,10,N900_RS01450,0.2730950993333333,-1.0232,3.4661,6h_ce,6h,ce,24h_SI1,24h,SI1,4.4893,N900_RS01450
N900_RS01455,0.1756974765474103,0.24712217092207664,0.20493552216133482,0.14135560091461843,0.1756974765474103,PCA,0.03434187563279187,0.03434187563279187,0.1057665700074582,0.06357992124671638,10,crp,2.0031703333333333,-0.060826,4.0342,12h_SI7,12h,SI7,12h_st,12h,st,4.095026,crp
N900_RS01460,0.207720375193719,0.20918500332613188,0.3926719552287284,0.19870503132560782,0.207720375193719,PCA,0.009015343868111175,0.009015343868111175,0.010479972000524057,0.19396692390312056,10,cfxP,0.4226522921666666,-0.85141,4.3948,12h_co,12h,co,3h_SI5,3h,SI5,5.24621,cfxP
N900_RS01465,0.5586634897890076,0.5331352840431282,0.8334638085127306,0.3011508231365342,0.5331352840431282,CP,0.23198446090659397,0.2575126666524734,0.23198446090659397,0.5323129853761964,10,VC_2612_BLAST,1.404655783333333,-0.44854,5.4891,1h_ce,1h,ce,1h_st,1h,st,5.93764,VC_2612_BLAST
N900_RS01470,0.32150922194244824,0.3858073143307981,0.620654933738178,0.3563934151216961,0.32150922194244824,PCA,-0.03488419317924785,-0.03488419317924785,0.029413899209102035,0.26426151861648195,10,hydrolase,-0.142223,-1.5155,2.7689,24h_st,24h,st,3h_SI3,3h,SI3,4.2844,hydrolase
N900_RS01475,0.5216587025449816,0.5152220047424341,0.771175637301006,0.5998854255086695,0.5152220047424341,CP,-0.08466342076623545,-0.07822672296368793,-0.08466342076623545,0.1712902117923365,10,N900_RS01475,0.205147665,-1.6491,3.5838,3h_SI8,3h,SI8,1h_st,1h,st,5.2329,N900_RS01475
N900_RS01480,0.45041723669723926,0.45418394287505054,0.6366139537221233,0.2878961536797301,0.45041723669723926,PCA,0.16252108301750917,0.16252108301750917,0.16628778919532045,0.34871780004239317,10,yheS,1.0682956833333335,-0.69079,4.6208,6h_SI7,6h,SI7,12h_SI2,12h,SI2,5.31159,yheS
N900_RS01485,0.24215420940299764,0.2728859131257065,0.29973397109325467,0.20548740842341268,0.24215420940299764,PCA,0.03666680097958497,0.03666680097958497,0.0673985047022938,0.094246562669842,10,kefG,1.690265,-0.37017,4.6892,1h_ce,1h,ce,6h_SI4,6h,SI4,5.0593699999999995,kefG
N900_RS01490,0.564556007817732,0.4414097456548711,0.675630909630374,0.5956516185740827,0.4414097456548711,CP,-0.15424187291921154,-0.0310956107563507,-0.15424187291921154,0.07997929105629131,10,kefB,0.38382953966666666,-1.0072,3.742,3h_SI2,3h,SI2,1h_ce,1h,ce,4.7492,kefB
N900_RS01495,0.6122161658548589,0.6087979166712748,0.8140673720911733,0.6952324062727784,0.6087979166712748,CP,-0.08643448960150357,-0.08301624041791944,-0.08643448960150357,0.11883496581839492,10,metal-binding protein,0.9276407550000001,-2.0213,4.1724,6h_SI6,6h,SI6,12h_SI2,12h,SI2,6.1937,metal-binding protein
N900_RS01500,0.3910645626204737,0.3369663892955287,0.6262819889650715,0.3392248171331109,0.3369663892955287,CP,-0.002258427837582233,0.051839745487362754,-0.002258427837582233,0.28705717183196056,10,slyD,1.5740337166666665,-0.57385,5.563,1h_SI2,1h,SI2,1h_st,1h,st,6.13685,slyD
N900_RS01505,0.21729484338329247,0.237888644282882,0.394329935103119,0.19617561679996012,0.21729484338329247,PCA,0.021119226583332346,0.021119226583332346,0.04171302748292188,0.19815431830315886,10,iaaA,0.9606517411666666,-0.39422,4.0355,3h_SI9,3h,SI9,3h_st,3h,st,4.42972,iaaA
N900_RS01515,0.38682479184418855,0.4614807271895937,0.6600995622165917,0.44836585241837057,0.38682479184418855,PCA,-0.061541060574182016,-0.061541060574182016,0.01311487477122314,0.21173370979822115,10,motX_BLAST,-1.1445433166666668,-3.4328,2.4798,24h_SI1,24h,SI1,3h_SI7,3h,SI7,5.912599999999999,motX_BLAST
N900_RS01520,0.19388414226420111,0.2088334053003468,0.3407019082590379,0.22289463693746683,0.19388414226420111,PCA,-0.02901049467326572,-0.02901049467326572,-0.01406123163712003,0.11780727132157107,10,N900_RS01520,1.2998625183333332,-0.084017,3.9514,3h_st,3h,st,12h_SI1,12h,SI1,4.035417,N900_RS01520
N900_RS01525,0.15161950339581226,0.1474649038368307,0.28390389374504305,0.16522523410789802,0.1474649038368307,CP,-0.017760330271067326,-0.013605730712085762,-0.017760330271067326,0.11867865963714502,10,rnr,1.1761258999999997,-0.88717,5.649,1h_SI7,1h,SI7,3h_SI5,3h,SI5,6.53617,rnr
N900_RS01530,0.37897037621005136,0.4237780775106603,0.8999807552733752,0.391004787367249,0.37897037621005136,PCA,-0.012034411157197611,-0.012034411157197611,0.03277329014341135,0.5089759679061262,10,rlmB,0.39274771666666664,-2.1073,5.1136,24h_st,24h,st,3h_SI3,3h,SI3,7.2209,rlmB
N900_RS01675,0.30061464647265373,0.36612634832353935,0.7135066232303787,0.24780352041556433,0.30061464647265373,PCA,0.0528111260570894,0.0528111260570894,0.11832282790797502,0.4657031028148144,10,N900_RS01675,0.5745979616666667,-1.1414,4.2335,6h_SI1,6h,SI1,6h_st,6h,st,5.3749,N900_RS01675
N900_RS01680,0.39036201441479723,0.5311427206382683,0.7300475430319213,0.3210720499295777,0.39036201441479723,PCA,0.06928996448521951,0.06928996448521951,0.21007067070869057,0.4089754931023436,10,fklB,0.3204985916666666,-1.7713,3.0453,6h_SI1,6h,SI1,3h_SI3,3h,SI3,4.8166,fklB
N900_RS01685,0.43544786576717065,0.4711958214073253,0.7126522688520252,0.36631167770777756,0.43544786576717065,PCA,0.06913618805939309,0.06913618805939309,0.10488414369954774,0.3463405911442476,10,LysM,0.5728361166666667,-1.5682,3.3574,6h_SI1,6h,SI1,3h_SI3,3h,SI3,4.9256,LysM
N900_RS01690,0.46465579371839255,0.4660206623870603,0.8074271370598222,0.40336567297840653,0.46465579371839255,PCA,0.06129012073998602,0.06129012073998602,0.06265498940865377,0.40406146408141563,10,eamA_6,0.1730033466666667,-1.6463,2.727,6h_SI2,6h,SI2,3h_SI3,3h,SI3,4.3733,eamA_6
N900_RS01695,0.3107969528043345,0.3686577472813892,0.574915197315505,0.30146968174744615,0.3107969528043345,PCA,0.009327271056888353,0.009327271056888353,0.06718806553394308,0.27344551556805885,10,elaA,1.659048833333333,-0.22072,4.8627,3h_SI2,3h,SI2,6h_ce,6h,ce,5.08342,elaA
N900_RS01700,0.2949765735869316,0.4309581314313481,0.5640755784784406,0.33457137887367583,0.2949765735869316,PCA,-0.03959480528674425,-0.03959480528674425,0.09638675255767226,0.22950419960476476,10,dbpA,0.3822100499999999,-1.1716,3.6947,6h_st,6h,st,6h_ce,6h,ce,4.8663,dbpA
N900_RS01705,0.6369876695065257,0.6423449434813755,0.8451443141330675,0.7087667101623931,0.6369876695065257,PCA,-0.07177904065586738,-0.07177904065586738,-0.06642176668101762,0.13637760397067433,10,Crp/Fnr family transcriptional regulator_1,-0.24528708300000002,-1.8673,2.8387,12h_SI1,12h,SI1,3h_SI2,3h,SI2,4.7059999999999995,Crp/Fnr family transcriptional regulator_1
N900_RS01710,0.2629238180680645,0.33471673114171374,0.6272682090033277,0.2504768404823096,0.2629238180680645,PCA,0.01244697758575486,0.01244697758575486,0.08423989065940413,0.3767913685210181,10,cpdB,0.8495862500000001,-0.86833,4.8285,6h_SI3,6h,SI3,12h_SI1,12h,SI1,5.69683,cpdB
N900_RS01715,0.3427643928622487,0.20432818670667077,0.6423379218948636,0.2757244601270864,0.20432818670667077,CP,-0.07139627342041563,0.06703993273516229,-0.07139627342041563,0.3666134617677772,10,cobA,0.93742956,-1.1059,4.125,3h_ce,3h,ce,6h_SI3,6h,SI3,5.2309,cobA
N900_RS01720,0.5143715258419735,0.4867091158573088,0.8135599650080902,0.4945941535930222,0.4867091158573088,CP,-0.007885037735713418,0.01977737224895132,-0.007885037735713418,0.318965811415068,10,cysD,0.9076814383333335,-0.74315,4.4163,6h_SI1,6h,SI1,6h_st,6h,st,5.15945,cysD
N900_RS01725,0.19049948189449425,0.27067034050698907,0.37073740151087126,0.2235715618251378,0.19049948189449425,PCA,-0.03307207993064354,-0.03307207993064354,0.04709877868185128,0.14716583968573346,10,cysN,1.5308276666666667,-0.024636,4.246,3h_SI4,3h,SI4,6h_SI1,6h,SI1,4.2706360000000005,cysN
N900_RS01730,0.571740124247904,0.4998582684772005,0.8368748985691883,0.4843595321705167,0.4998582684772005,CP,0.015498736306683802,0.0873805920773873,0.015498736306683802,0.3525153663986716,10,cysC,0.18312529499999994,-1.9734,3.2996,6h_SI3,6h,SI3,3h_SI2,3h,SI2,5.273,cysC
N900_RS01735,0.45776022398260796,0.4816093981181918,0.6670823743434667,0.4982006763224781,0.45776022398260796,PCA,-0.04044045233987015,-0.04044045233987015,-0.016591278204286297,0.16888169802098862,10,N900_RS01735,1.3290745333333334,-0.40895,5.3761,1h_co,1h,co,12h_SI1,12h,SI1,5.78505,N900_RS01735
N900_RS01740,0.7828462073951018,0.8139829931099081,0.9692565976480985,0.701021579814681,0.7828462073951018,PCA,0.08182462758042075,0.08182462758042075,0.11296141329522702,0.2682350178334174,10,N900_RS01740,-0.12270337666666667,-1.6046,2.5168,12h_SI2,12h,SI2,24h_SI2,24h,SI2,4.1213999999999995,N900_RS01740
N900_RS01745,0.1991262682152029,0.4276383542247866,0.6931644293543687,0.2617627993341674,0.1991262682152029,PCA,-0.0626365311189645,-0.0626365311189645,0.16587555489061917,0.4314016300202013,10,ABC transporter permease_2,1.6455948333333337,-0.26204,5.1766,12h_SI3,12h,SI3,3h_SI1,3h,SI1,5.4386399999999995,ABC transporter permease_2
N900_RS01750,0.5493389714855549,0.5653234049723087,0.7735499859750503,0.5214218133390371,0.5493389714855549,PCA,0.02791715814651774,0.02791715814651774,0.043901591633271564,0.25212817263601317,10,yknY_1,1.3082669249999996,-0.3633,4.4329,12h_SI2,12h,SI2,6h_SI2,6h,SI2,4.7962,yknY_1
N900_RS01755,0.8104843470999813,0.833844345523884,1.0087189728212174,0.7077696067174188,0.8104843470999813,PCA,0.10271474038256245,0.10271474038256245,0.12607473880646514,0.3009493661037985,10,N900_RS01755,1.1477850333333335,-1.2466,5.2535,3h_SI6,3h,SI6,6h_SI2,6h,SI2,6.5001,N900_RS01755
N900_RS01760,0.2784248749137798,0.2602287438886646,0.6556953628788835,0.2545404013651293,0.2602287438886646,CP,0.005688342523535339,0.02388447354865053,0.005688342523535339,0.40115496151375424,10,N900_RS01760,1.2136865099999998,-1.0402,4.1842,6h_SI2,6h,SI2,3h_SI3,3h,SI3,5.224399999999999,N900_RS01760
N900_RS01765,0.3803855728894479,0.533397776741007,0.6781545948002319,0.3473036141191928,0.3803855728894479,PCA,0.033081958770255104,0.033081958770255104,0.18609416262181416,0.3308509806810391,10,ytfj,0.5881292899999998,-0.62353,3.5889,3h_co,3h,co,6h_ce,6h,ce,4.21243,ytfj
N900_RS01770,0.4258846693552398,0.44605556206803354,0.7398154924336118,0.42883135220003654,0.4258846693552398,PCA,-0.0029466828447967663,-0.0029466828447967663,0.017224209867996998,0.31098414023357523,10,msrA,0.9963558616666666,-0.73513,4.4062,12h_SI1,12h,SI1,3h_st,3h,st,5.14133,msrA
N900_RS01775,0.36745238281448134,0.404359608437532,0.6521964171530379,0.43104841412736866,0.36745238281448134,PCA,-0.06359603131288732,-0.06359603131288732,-0.02668880568983667,0.22114800302566923,10,outer membrane protein assembly factor,-0.16344024166666665,-1.7044,3.2661,6h_SI2,6h,SI2,6h_SI4,6h,SI4,4.9704999999999995,outer membrane protein assembly factor
N900_RS01780,0.3179530495369511,0.3459397838358414,0.6067450575689431,0.29721188977898455,0.3179530495369511,PCA,0.020741159757966532,0.020741159757966532,0.048727894056856846,0.3095331677899586,10,tamb,0.0008717000000000086,-1.6244,2.611,6h_SI2,6h,SI2,3h_SI3,3h,SI3,4.2354,tamb
N900_RS01785,0.18770549831765557,0.206127938942907,0.41920022832787046,0.17665539956197227,0.18770549831765557,PCA,0.011050098755683302,0.011050098755683302,0.029472539380934748,0.2425448287658982,10,ytfP,1.279173,-0.61645,4.9111,12h_st,12h,st,3h_SI1,3h,SI1,5.527550000000001,ytfP
N900_RS01795,0.4803385063599529,0.4642709104539378,0.8833965310235418,0.47715790774105515,0.4642709104539378,CP,-0.012886997287117341,0.0031805986188977453,-0.012886997287117341,0.4062386232824866,10,fbp,0.7153675499999999,-1.0405,4.9842,1h_SI3,1h,SI3,6h_st,6h,st,6.0247,fbp
N900_RS01800,0.7352208518008242,0.8289478464226819,0.9326594103838545,0.68256232632331,0.7352208518008242,PCA,0.05265852547751415,0.05265852547751415,0.1463855200993719,0.25009708406054443,10,N900_RS01800,1.1475936666666666,-1.102,5.005,6h_ce,6h,ce,12h_SI2,12h,SI2,6.107,N900_RS01800
N900_RS01805,0.28376674919146544,0.4421142815691572,0.7679388411122668,0.3880957415817614,0.28376674919146544,PCA,-0.10432899239029597,-0.10432899239029597,0.05401853998739581,0.37984309953050543,10,mpl,0.5697061999999999,-0.79351,3.3147,12h_SI8,12h,SI8,12h_SI1,12h,SI1,4.108210000000001,mpl
N900_RS01815,0.24903430647060656,0.32069827938029827,0.5171585300665755,0.27581924280319764,0.24903430647060656,PCA,-0.026784936332591075,-0.026784936332591075,0.04487903657710063,0.2413392872633779,10,thiB,0.2382867166666666,-1.4292,4.6277,3h_SI4,3h,SI4,3h_st,3h,st,6.0569,thiB
N900_RS01820,0.30378209398902045,0.23095457642116213,0.45386800758819656,0.23519293794781573,0.23095457642116213,CP,-0.004238361526653606,0.06858915604120472,-0.004238361526653606,0.21867506964038083,10,thiP,0.40782968666666675,-1.1774,3.6386,3h_ce,3h,ce,12h_SI2,12h,SI2,4.816,thiP
N900_RS01825,0.43226975045954547,0.3851225824275909,0.6575549197846914,0.48434568250112126,0.3851225824275909,CP,-0.09922310007353036,-0.05207593204157579,-0.09922310007353036,0.17320923728357013,10,thiQ,0.07086765,-1.6095,4.3423,6h_SI6,6h,SI6,6h_st,6h,st,5.9517999999999995,thiQ
N900_RS01830,0.5202599738807244,0.5625351105445839,0.663436646564517,0.564536246634926,0.5202599738807244,PCA,-0.04427627275420154,-0.04427627275420154,-0.002001136090342026,0.09890039992959099,10,darP,1.1473737,-1.5726,7.2863,6h_SI6,6h,SI6,12h_SI3,12h,SI3,8.8589,darP
N900_RS01835,0.46893002207311263,0.510405356728425,0.7495844566937365,0.33180407190291117,0.46893002207311263,PCA,0.13712595017020146,0.13712595017020146,0.17860128482551385,0.41778038479082535,10,pmbA,1.4174213883333335,-0.17424,5.1283,3h_SI4,3h,SI4,6h_ce,6h,ce,5.3025400000000005,pmbA
N900_RS01840,0.32403543809005597,0.3188720765312907,0.5935300623310584,0.26950903548275856,0.3188720765312907,CP,0.04936304104853212,0.05452640260729741,0.04936304104853212,0.32402102684829986,10,mgtE_1,2.059952,0.52181,5.6155,3h_SI5,3h,SI5,6h_st,6h,st,5.09369,mgtE_1
N900_RS01845,0.2437768012052395,0.29278384756766623,0.37244705717462223,0.2166147656073741,0.2437768012052395,PCA,0.027162035597865397,0.027162035597865397,0.07616908196029212,0.15583229156724812,10,ptsO,1.2661607356666666,-0.36098,5.179,1h_SI5,1h,SI5,1h_st,1h,st,5.53998,ptsO
N900_RS01850,0.5356118048838031,0.5103678978374985,0.8148211829556075,0.5369556125553688,0.5103678978374985,CP,-0.02658771471787036,-0.0013438076715657221,-0.02658771471787036,0.2778655704002386,10,rapZ,1.0061030050000002,-0.9278,5.1428,3h_ce,3h,ce,3h_SI1,3h,SI1,6.070600000000001,rapZ
N900_RS01855,0.3350184358132863,0.3618484568779255,0.5366435792757146,0.3666356407956447,0.3350184358132863,PCA,-0.03161720498235843,-0.03161720498235843,-0.004787183917719207,0.1700079384800699,10,ptsN,1.7225652000000002,-0.22748,6.7157,1h_SI9,1h,SI9,3h_SI3,3h,SI3,6.94318,ptsN
N900_RS01860,0.25970179434884033,0.2312288048544736,0.3587021010828099,0.23072385756208755,0.2312288048544736,CP,0.0005049472923860654,0.028977936786752784,0.0005049472923860654,0.12797824352072237,10,hpf,0.93839135,-1.1183,4.0473,3h_SI9,3h,SI9,3h_SI5,3h,SI5,5.1655999999999995,hpf
N900_RS01865,0.2784349695291158,0.4263862729540613,0.3934653064632847,0.26147796558326286,0.2784349695291158,PCA,0.016957003945852922,0.016957003945852922,0.16490830737079842,0.13198734088002184,10,rpoN,-1.1769380166666665,-4.423,2.6889,12h_SI8,12h,SI8,1h_co,1h,co,7.1119,rpoN
N900_RS01885,0.29931460262059173,0.36767753152574145,0.77550173957246,0.2888657028271604,0.29931460262059173,PCA,0.010448899793431332,0.010448899793431332,0.07881182869858105,0.48663603674529965,10,kdsC,-0.13604569999999996,-1.6525,4.1551,3h_ce,3h,ce,6h_st,6h,st,5.8076,kdsC
N900_RS01895,0.3055429623658297,0.38569413954354814,0.773163413882259,0.6158673307710939,0.3055429623658297,PCA,-0.31032436840526423,-0.31032436840526423,-0.23017319122754576,0.15729608311116505,10,calcium/sodium antiporter,0.15401554966666667,-2.1356,3.1319,6h_SI1,6h,SI1,3h_SI1,3h,SI1,5.2675,calcium/sodium antiporter
N900_RS01900,0.5222524381048497,0.49250634888332223,0.7792199656384265,0.4227876810375802,0.49250634888332223,CP,0.06971866784574204,0.09946475706726948,0.06971866784574204,0.35643228460084636,10,N900_RS01900,0.24226955000000003,-1.1003,4.18,6h_SI3,6h,SI3,3h_SI1,3h,SI1,5.2802999999999995,N900_RS01900
N900_RS01905,0.5254099050540675,0.5261037840959737,0.8595756782447024,0.5873520878502291,0.5254099050540675,PCA,-0.06194218279616159,-0.06194218279616159,-0.061248303754255384,0.2722235903944733,10,mlaF,1.3809361333333332,-0.067528,4.254,1h_SI5,1h,SI5,12h_SI2,12h,SI2,4.321528,mlaF
N900_RS01910,0.6233237700107689,0.6054353016850438,0.8392658946406917,0.6205625236706032,0.6054353016850438,CP,-0.01512722198555938,0.002761246340165724,-0.01512722198555938,0.21870337097008852,10,mlaE,1.182384416666667,-2.5822,5.7088,1h_SI4,1h,SI4,12h_SI3,12h,SI3,8.291,mlaE
N900_RS01915,0.47771148538410196,0.3480946560130764,0.615415673036102,0.558304794961278,0.3480946560130764,CP,-0.21021013894820167,-0.08059330957717609,-0.21021013894820167,0.057110878074823956,10,mlaD,1.4501510999999998,-0.70372,4.4196,1h_SI2,1h,SI2,6h_SI2,6h,SI2,5.12332,mlaD
N900_RS01920,0.4226238329584124,0.4232535241899835,0.5079318690465255,0.39602829844572424,0.4226238329584124,PCA,0.026595534512688146,0.026595534512688146,0.027225225744259285,0.1119035706008013,10,mlaC,1.1013689166666665,-1.3332,4.6713,1h_SI2,1h,SI2,6h_SI1,6h,SI1,6.004499999999999,mlaC
N900_RS01925,0.540767714172254,0.6855837966792525,0.7629735482120118,0.2892044261826769,0.540767714172254,PCA,0.2515632879895771,0.2515632879895771,0.3963793704965756,0.4737691220293349,10,"anti-sigma B factor antagonist, putative",1.1570719833333334,-1.6651,4.988,1h_SI2,1h,SI2,6h_ce,6h,ce,6.6531,"anti-sigma B factor antagonist, putative"
N900_RS01930,0.5856731044737049,0.4883206196451357,0.7401711940464647,0.4549216972990448,0.4883206196451357,CP,0.033398922346090876,0.1307514071746601,0.033398922346090876,0.2852494967474199,10,ibaG,0.7019225083333331,-1.4005,5.089,6h_co,6h,co,3h_st,3h,st,6.4895000000000005,ibaG
N900_RS01945,0.5687669564728177,0.5831847776050203,0.7209512764101705,0.5892652673891354,0.5687669564728177,PCA,-0.020498310916317708,-0.020498310916317708,-0.006080489784115128,0.1316860090210351,10,rida,-0.6163273966666666,-3.6314,5.0076,6h_SI8,6h,SI8,6h_SI2,6h,SI2,8.639,rida
N900_RS01950,0.12924876476508101,0.13905928839014522,0.37601196247491436,0.1236576335101204,0.12924876476508101,PCA,0.005591131254960621,0.005591131254960621,0.015401654880024832,0.252354328964794,10,pyrI,0.9971440000000001,-0.33488,4.0198,6h_st,6h,st,3h_st,3h,st,4.35468,pyrI
N900_RS01955,0.5383801102750273,0.5304539410388583,0.6302887166847565,0.49256816771466166,0.5304539410388583,CP,0.03788577332419668,0.04581194256036564,0.03788577332419668,0.13772054897009484,10,pyrB,-0.5303257166666667,-4.1342,3.7091,6h_SI6,6h,SI6,3h_SI1,3h,SI1,7.843299999999999,pyrB
N900_RS01965,0.1798270000869366,0.29984876246921843,0.4236571706204392,0.12499614106562612,0.1798270000869366,PCA,0.05483085902131049,0.05483085902131049,0.1748526214035923,0.2986610295548131,10,argF,1.4433390599999996,-0.0035264,5.0082,1h_st,1h,st,3h_SI3,3h,SI3,5.011726400000001,argF
N900_RS01970,0.11008844061692774,0.10383750590783979,0.21612177813181377,0.07909888466047389,0.10383750590783979,CP,0.024738621247365894,0.03098955595645385,0.024738621247365894,0.1370228934713399,10,N900_RS01970,1.5914936666666664,-0.40281,5.4728,1h_SI9,1h,SI9,3h_st,3h,st,5.87561,N900_RS01970
N900_RS01975,0.24327915129556488,0.2920964249937896,0.5272911576622435,0.25410027607309693,0.24327915129556488,PCA,-0.010821124777532054,-0.010821124777532054,0.037996148920692696,0.2731908815891466,10,N900_RS01975,0.07140453333333331,-1.5426,3.1839,3h_SI1,3h,SI1,3h_SI4,3h,SI4,4.7265,N900_RS01975
N900_RS01980,0.27548161067195837,0.32112856634829995,0.5675637564062085,0.24974424631288436,0.27548161067195837,PCA,0.025737364359074005,0.025737364359074005,0.07138432003541559,0.3178195100933241,10,rapA,0.9701186666666667,-0.61556,3.9615,3h_SI2,3h,SI2,6h_ce,6h,ce,4.57706,rapA
N900_RS01985,0.5386445586477848,0.6558685961234202,0.8904949792959153,0.6422544375076401,0.5386445586477848,PCA,-0.10360987885985529,-0.10360987885985529,0.013614158615780081,0.24824054178827515,10,rluA,0.5240912666666666,-0.98107,2.7112,1h_SI1,1h,SI1,12h_SI3,12h,SI3,3.6922699999999997,rluA
N900_RS01990,0.38542621876642547,0.37346969007243,0.561750426999375,0.3668134339355346,0.37346969007243,CP,0.006656256136895411,0.01861278483089085,0.006656256136895411,0.19493699306384044,10,hepA,1.3025929333333333,-1.8449,6.2601,3h_ce,3h,ce,3h_SI1,3h,SI1,8.105,hepA
N900_RS02000,0.4874164971188436,0.5802208686989613,0.8305361983208618,0.4835268970022878,0.4874164971188436,PCA,0.0038896001165558136,0.0038896001165558136,0.09669397169667349,0.347009301318574,10,holC,0.77103405,-0.4281,3.3177,3h_SI3,3h,SI3,12h_st,12h,st,3.7458,holC
N900_RS02005,0.8082264365649109,0.6989853329248689,0.8552948300957987,0.6182585059301801,0.6989853329248689,CP,0.0807268269946888,0.18996793063473083,0.0807268269946888,0.2370363241656186,10,pepA,1.0331118333333333,-1.9676,5.7432,6h_SI7,6h,SI7,1h_st,1h,st,7.7108,pepA
N900_RS02020,0.2817061919537555,0.35530449539438924,0.5799895873314042,0.2517280396004003,0.2817061919537555,PCA,0.029978152353355214,0.029978152353355214,0.10357645579398894,0.32826154773100386,10,N900_RS02020,1.17617945,-0.30998,4.3353,3h_SI4,3h,SI4,6h_SI2,6h,SI2,4.6452800000000005,N900_RS02020
N900_RS02030,0.23099588173993638,0.2530321239787123,0.365738512849838,0.2231537988147265,0.23099588173993638,PCA,0.007842082925209881,0.007842082925209881,0.02987832516398578,0.1425847140351115,10,rpfG,1.3049666566666667,-0.52498,4.4573,1h_ce,1h,ce,6h_SI4,6h,SI4,4.98228,rpfG
N900_RS02070,0.4852294822529472,0.4513638689822474,0.6717601337832348,0.2670083324961355,0.4513638689822474,CP,0.18435553648611192,0.21822114975681173,0.18435553648611192,0.40475180128709937,10,N900_RS02070,1.0682124419999999,-0.51769,3.7781,6h_SI4,6h,SI4,1h_st,1h,st,4.29579,N900_RS02070
N900_RS02075,0.37166123291848197,0.3944801577658054,0.6168767513780868,0.4022403900339212,0.37166123291848197,PCA,-0.030579157115439237,-0.030579157115439237,-0.007760232268115785,0.21463636134416564,10,leuD,1.0574804166666667,-0.48628,3.7999,1h_SI5,1h,SI5,6h_SI5,6h,SI5,4.28618,leuD
N900_RS02080,0.20299735077560882,0.20737341116743588,0.28966634702973965,0.17227935121781324,0.20299735077560882,PCA,0.030717999557795583,0.030717999557795583,0.03509405994962264,0.11738699581192641,10,leuC,0.9608779999999998,-0.39978,3.8986,1h_st,1h,st,3h_SI4,3h,SI4,4.29838,leuC
N900_RS02085,0.23894522308858426,0.25965545796649037,0.47810268654575455,0.19906129376506884,0.23894522308858426,PCA,0.03988392932351542,0.03988392932351542,0.060594164201421524,0.27904139278068574,10,leuB,1.316181833333333,-0.26138,4.3857,6h_SI4,6h,SI4,3h_SI2,3h,SI2,4.64708,leuB
N900_RS02090,0.24300185572599067,0.2547679735855454,0.3831566568840418,0.18283176210886815,0.24300185572599067,PCA,0.06017009361712253,0.06017009361712253,0.07193621147667728,0.20032489477517368,10,leuA,0.6835052833333334,-0.87103,3.4224,6h_st,6h,st,3h_SI5,3h,SI5,4.29343,leuA
N900_RS02095,0.1307731929708677,0.11926941369639901,0.23216748565943454,0.11845405442349066,0.11926941369639901,CP,0.0008153592729083503,0.01231913854737704,0.0008153592729083503,0.11371343123594388,10,tetr_1,1.2472756166666665,-0.41115,3.5567,3h_co,3h,co,3h_SI4,3h,SI4,3.9678500000000003,tetr_1
N900_RS02100,0.271822131711357,0.2517287290551517,0.41202916699841713,0.24463145106664058,0.2517287290551517,CP,0.007097277988511119,0.027190680644716414,0.007097277988511119,0.16739771593177655,10,N900_RS02100,0.3486309,-1.8689,3.7086,24h_ce,24h,ce,6h_SI2,6h,SI2,5.577500000000001,N900_RS02100
N900_RS02105,0.192792509919793,0.2508189835709274,0.35615523780284536,0.24890484329626997,0.192792509919793,PCA,-0.056112333376476975,-0.056112333376476975,0.0019141402746574443,0.10725039450657539,10,glycosyl transferase_1,0.8305785083333335,-0.47114,3.4751,3h_co,3h,co,6h_SI4,6h,SI4,3.94624,glycosyl transferase_1
N900_RS02110,0.358008843338597,0.49246155754247994,0.6335547685206413,0.4023312689387114,0.358008843338597,PCA,-0.0443224256001144,-0.0443224256001144,0.09013028860376854,0.2312234995819299,10,leuO,0.35195379500000007,-1.7637,3.6181,6h_SI5,6h,SI5,3h_SI3,3h,SI3,5.3818,leuO
N900_RS02115,0.2789355901688906,0.3121817700642459,0.6781763489628194,0.33753858536822634,0.2789355901688906,PCA,-0.05860299519933576,-0.05860299519933576,-0.02535681530398043,0.3406377635945931,10,long-chain fatty acid--CoA ligase,0.06106000666666668,-1.2326,4.0658,6h_SI7,6h,SI7,3h_SI3,3h,SI3,5.2984,long-chain fatty acid--CoA ligase
N900_RS02120,0.27886218227482557,0.41423228766926506,0.4836234848072353,0.30556059679229536,0.27886218227482557,PCA,-0.026698414517469793,-0.026698414517469793,0.1086716908769697,0.17806288801493997,10,ilvI,0.9385266999999998,-0.3811,4.357,3h_st,3h,st,6h_ce,6h,ce,4.7381,ilvI
N900_RS02125,0.15861625727247533,0.15764261149541062,0.29070085527297346,0.16226290004817406,0.15764261149541062,CP,-0.004620288552763446,-0.003646642775698733,-0.004620288552763446,0.1284379552247994,10,ilvN,1.3486237000000003,-0.33842,4.3537,3h_ce,3h,ce,3h_st,3h,st,4.69212,ilvN
N900_RS02130,0.2572015071302728,0.29477759140390175,0.36387464894329735,0.21374752309465503,0.2572015071302728,PCA,0.04345398403561776,0.04345398403561776,0.08103006830924672,0.15012712584864232,10,serA,0.9489495466666665,-0.91198,4.2035,12h_st,12h,st,6h_ce,6h,ce,5.11548,serA
N900_RS02135,0.08903898560743022,0.14021030124653894,0.12827542598695552,0.016378160210813612,0.08903898560743022,PCA,0.07266082539661661,0.07266082539661661,0.12383214103572532,0.1118972657761419,10,rpiA,1.6321321866666667,-0.24819,3.8587,6h_SI9,6h,SI9,12h_st,12h,st,4.10689,rpiA
N900_RS02140,0.5113328758040456,0.5856338538322527,0.7077051356654785,0.510277710146337,0.5113328758040456,PCA,0.0010551656577085788,0.0010551656577085788,0.0753561436859157,0.1974274255191415,10,ygfA,0.8418556666666664,-2.4351,6.0494,1h_SI6,1h,SI6,3h_SI3,3h,SI3,8.4845,ygfA
N900_RS02145,0.7559126636528929,0.5858664064788269,0.8601907991693719,0.787391062407254,0.5858664064788269,CP,-0.20152465592842705,-0.03147839875436109,-0.20152465592842705,0.07279973676211793,10,zapa,-0.41642767,-2.4987,2.9663,3h_SI7,3h,SI7,1h_SI1,1h,SI1,5.465,zapa
N900_RS02150,0.41743060285780864,0.4635035547709865,0.734257233246339,0.46784659803361456,0.41743060285780864,PCA,-0.05041599517580592,-0.05041599517580592,-0.004343043262628077,0.2664106352127244,10,VC0395_A2053_BLAST,1.274627016666667,-0.30823,5.5703,3h_SI5,3h,SI5,3h_st,3h,st,5.87853,VC0395_A2053_BLAST
N900_RS02175,0.64963066443306,0.6160568447605818,0.7328617540306034,0.7646334222537371,0.6160568447605818,CP,-0.14857657749315534,-0.11500275782067715,-0.14857657749315534,-0.03177166822313371,10,sdhE,1.0907205833333333,-1.4351,3.9183,1h_SI3,1h,SI3,6h_SI5,6h,SI5,5.3534,sdhE
N900_RS02180,0.6491587296134078,0.6427532921359302,0.7659249754759843,0.6175027954149052,0.6427532921359302,CP,0.025250496721025084,0.031655934198502655,0.025250496721025084,0.1484221800610791,10,cptA,1.3921235833333334,-0.46305,4.8488,12h_SI2,12h,SI2,6h_SI4,6h,SI4,5.31185,cptA
N900_RS02185,0.1810815849988437,0.2100497928483515,0.3160329758373177,0.1819166083312012,0.1810815849988437,PCA,-0.0008350233323575207,-0.0008350233323575207,0.0281331845171503,0.1341163675061165,10,nadB,1.772686051666667,-0.16548,4.8443,1h_SI9,1h,SI9,3h_st,3h,st,5.009779999999999,nadB
N900_RS02190,0.19315116131197715,0.25741600945876253,0.42739294529872035,0.23410534105900876,0.19315116131197715,PCA,-0.04095417974703161,-0.04095417974703161,0.023310668399753764,0.19328760423971159,10,N900_RS02190,1.3307204833333335,-0.3494,5.2305,3h_SI4,3h,SI4,3h_SI5,3h,SI5,5.5799,N900_RS02190
N900_RS02200,0.1324860635037334,0.18748326276835392,0.1682886727039194,0.0409161654414846,0.1324860635037334,PCA,0.0915698980622488,0.0915698980622488,0.14656709732686932,0.1273725072624348,10,rsea,0.25826033333333337,-1.646,2.4491,12h_SI7,12h,SI7,12h_st,12h,st,4.0951,rsea
N900_RS02205,0.09398820658531175,0.14978090845523698,0.13591032822470125,0.020514237689720584,0.09398820658531175,PCA,0.07347396889559116,0.07347396889559116,0.1292666707655164,0.11539609053498068,10,rseB,0.7814803000000001,-1.1255,2.9882,6h_SI9,6h,SI9,12h_st,12h,st,4.1137,rseB
N900_RS02215,0.28447880365965944,0.35411901745745145,0.5130175145239781,0.4421368378691464,0.28447880365965944,PCA,-0.15765803420948699,-0.15765803420948699,-0.08801782041169498,0.07088067665483172,10,lepA,-0.7016565666666666,-2.1226,2.7272,24h_SI5,24h,SI5,3h_SI3,3h,SI3,4.8498,lepA
N900_RS02225,0.1486536854806701,0.2198013624935037,0.1788376836753172,0.1002370764366842,0.1486536854806701,PCA,0.0484166090439859,0.0484166090439859,0.11956428605681951,0.07860060723863299,10,ribonuclease III,1.9891788333333333,0.07711,4.0351,12h_ce,12h,ce,12h_st,12h,st,3.95799,ribonuclease III
N900_RS02235,0.31165256342370623,0.34959986580790015,0.522682671747232,0.2651640020218114,0.31165256342370623,PCA,0.046488561401894835,0.046488561401894835,0.08443586378608875,0.25751866972542065,10,recO,1.6166835666666666,-0.43436,6.617,1h_SI9,1h,SI9,6h_SI2,6h,SI2,7.05136,recO
N900_RS02250,0.5173867397589605,0.4094950784008718,0.7640486114203331,0.4745200001861388,0.4094950784008718,CP,-0.06502492178526703,0.04286673957282172,-0.06502492178526703,0.28952861123419427,10,N900_RS02250,0.2341213283333333,-2.4447,5.4044,6h_SI5,6h,SI5,1h_st,1h,st,7.8491,N900_RS02250
N900_RS02255,0.22917781262107983,0.1903067396645957,0.3110631138976588,0.1428780826704954,0.1903067396645957,CP,0.04742865699410029,0.08629972995058444,0.04742865699410029,0.16818503122716338,10,N900_RS02255,1.131987,-0.38603,4.1742,3h_st,3h,st,3h_SI1,3h,SI1,4.56023,N900_RS02255
N900_RS02260,0.16996627729216848,0.15295382115311187,0.26453084391457093,0.19153898025235602,0.15295382115311187,CP,-0.03858515909924415,-0.02157270296018754,-0.03858515909924415,0.07299186366221491,10,sensor domain-containing diguanylate cyclase_2,1.398483366666667,-0.031391,3.5355,3h_st,3h,st,12h_st,12h,st,3.566891,sensor domain-containing diguanylate cyclase_2
N900_RS02265,0.5179753567482148,0.6579482834335165,0.6455380465699309,0.5132629573691676,0.5179753567482148,PCA,0.004712399379047216,0.004712399379047216,0.14468532606434892,0.13227508920076325,10,barA,-1.6381796666666668,-3.6656,1.4876,3h_SI9,3h,SI9,1h_co,1h,co,5.1532,barA
N900_RS02270,0.18297569545483017,0.18924351274505719,0.4056940410455953,0.16771454432746083,0.18297569545483017,PCA,0.015261151127369338,0.015261151127369338,0.021528968417596356,0.23797949671813448,10,rlmD,0.8649632833333334,-0.59228,3.1999,3h_SI3,3h,SI3,3h_SI1,3h,SI1,3.79218,rlmD
N900_RS02275,0.23477198909898406,0.22171266472614556,0.398240164767298,0.23855391404783235,0.22171266472614556,CP,-0.01684124932168679,-0.0037819249488482976,-0.01684124932168679,0.15968625071946566,10,relA,0.20880867868333333,-1.0902,3.3689,1h_SI5,1h,SI5,3h_SI1,3h,SI1,4.4591,relA
N900_RS02280,0.20631077518475163,0.26360128271961053,0.36610562995796286,0.17827961887541657,0.20631077518475163,PCA,0.02803115630933506,0.02803115630933506,0.08532166384419396,0.1878260110825463,10,mazG,0.8177808166666666,-0.35385,3.8103,24h_SI2,24h,SI2,3h_st,3h,st,4.164149999999999,mazG
N900_RS02295,0.2764676664941269,0.3719958127761377,0.6489417312746945,0.329715992629895,0.2764676664941269,PCA,-0.053248326135768076,-0.053248326135768076,0.04227982014624271,0.3192257386447995,10,cca,0.0769111333333333,-1.2119,2.8472,12h_st,12h,st,3h_SI3,3h,SI3,4.0591,cca
N900_RS02300,0.21952333748265357,0.20166427147623756,0.3987207092423823,0.2298906393791881,0.20166427147623756,CP,-0.02822636790295055,-0.010367301896534536,-0.02822636790295055,0.16883006986319418,10,exeA,0.8416620833333333,-0.74753,3.8342,6h_SI2,6h,SI2,3h_SI1,3h,SI1,4.58173,exeA
N900_RS02305,0.4778715038293575,0.5390154987754016,0.7048799693691826,0.4682456949105325,0.4778715038293575,PCA,0.00962580891882503,0.00962580891882503,0.07076980386486909,0.23663427445865015,10,gspb,0.6907512066666666,-1.2772,3.5956,6h_SI3,6h,SI3,6h_SI4,6h,SI4,4.8728,gspb
N900_RS02310,0.4607659361901658,0.45461254937615975,0.705996458062238,0.46586965868908614,0.45461254937615975,CP,-0.011257109312926394,-0.005103722498920327,-0.011257109312926394,0.24012679937315184,10,N900_RS02310,0.4263480783333333,-1.1426,3.1334,12h_st,12h,st,6h_st,6h,st,4.276,N900_RS02310
N900_RS02315,0.3318498284876785,0.38501595556620655,0.5373763659332671,0.3490217328701625,0.3318498284876785,PCA,-0.017171904382484005,-0.017171904382484005,0.03599422269604402,0.18835463306310457,10,inorganic phosphate transporter,2.051332566666667,-0.12066,5.3316,3h_co,3h,co,12h_SI2,12h,SI2,5.45226,inorganic phosphate transporter
N900_RS02320,0.4485461937680281,0.37393414958871035,0.6202880661035718,0.45119220812653665,0.37393414958871035,CP,-0.0772580585378263,-0.0026460143585085305,-0.0772580585378263,0.16909585797703514,10,HI_1603_BLAST,0.2724794666666666,-2.5576,4.0097,6h_SI6,6h,SI6,1h_SI1,1h,SI1,6.5672999999999995,HI_1603_BLAST
N900_RS02325,0.26879662017273953,0.4306643217948004,0.5391658293293612,0.1852583289540297,0.26879662017273953,PCA,0.08353829121870984,0.08353829121870984,0.24540599284077072,0.3539075003753315,10,ygiF,1.1231903333333335,-0.8944,5.5681,6h_SI2,6h,SI2,6h_ce,6h,ce,6.4625,ygiF
N900_RS02330,0.21793612012824728,0.2520081230523115,0.34728613322975305,0.16309962825403565,0.21793612012824728,PCA,0.054836491874211635,0.054836491874211635,0.08890849479827587,0.1841865049757174,10,methyl-accepting chemotaxis protein_15,1.1127130500000002,-0.20544,4.3661,6h_st,6h,st,3h_SI3,3h,SI3,4.571540000000001,methyl-accepting chemotaxis protein_15
N900_RS02335,0.12888926386156405,0.16836363412805605,0.3035313795569898,0.13274196221885368,0.12888926386156405,PCA,-0.00385269835728963,-0.00385269835728963,0.035621671909202374,0.1707894173381361,10,glnE,1.601526966666667,-0.82103,5.0347,1h_co,1h,co,3h_st,3h,st,5.85573,glnE
N900_RS02340,0.10721528357768068,0.14422338681114402,0.14223584858185986,0.04710077841406598,0.10721528357768068,PCA,0.0601145051636147,0.0601145051636147,0.09712260839707804,0.09513507016779388,10,hldE,-0.5224835666666666,-2.4988,1.6145,6h_SI9,6h,SI9,12h_st,12h,st,4.113300000000001,hldE
N900_RS02345,0.5672524541849391,0.5777242645205038,0.6277328573965978,0.6438874967622278,0.5672524541849391,PCA,-0.0766350425772887,-0.0766350425772887,-0.06616323224172393,-0.016154639365629997,10,tolC,-1.2986958333333334,-3.2375,2.2155,1h_SI7,1h,SI7,3h_SI6,3h,SI6,5.452999999999999,tolC
N900_RS02350,0.22874562504239793,0.2678608100982803,0.393036365294892,0.12526121791976405,0.22874562504239793,PCA,0.10348440712263388,0.10348440712263388,0.14259959217851623,0.267775147375128,10,nudF_1,0.7551720666666667,-0.59363,3.3222,24h_SI4,24h,SI4,6h_ce,6h,ce,3.91583,nudF_1
N900_RS02355,0.3989392717961982,0.5150171971866203,0.640445813158212,0.45034818466352927,0.3989392717961982,PCA,-0.05140891286733107,-0.05140891286733107,0.06466901252309104,0.19009762849468276,10,N900_RS02355,0.1225420216666667,-1.3757,3.0942,3h_SI8,3h,SI8,3h_SI5,3h,SI5,4.4699,N900_RS02355
N900_RS02360,0.3498074536383951,0.2792502751228015,0.6563951006995917,0.3103928894981404,0.2792502751228015,CP,-0.03114261437533894,0.03941456414025468,-0.03114261437533894,0.3460022112014513,10,cpdA,0.29294455166666666,-3.196,4.8381,12h_SI8,12h,SI8,1h_st,1h,st,8.0341,cpdA
N900_RS02365,0.5015060938326615,0.5648335075459638,0.8103001684495211,0.46843730891936947,0.5015060938326615,PCA,0.03306878491329207,0.03306878491329207,0.09639619862659438,0.34186285953015166,10,yqiA,0.3039439833333333,-1.2477,4.1867,12h_SI2,12h,SI2,6h_SI2,6h,SI2,5.4344,yqiA
N900_RS02380,0.3949227671083601,0.42013179931884415,0.5665833992249626,0.3482143474539002,0.3949227671083601,PCA,0.04670841965445993,0.04670841965445993,0.07191745186494397,0.21836905177106242,10,yacG,0.8543945333333334,-0.79763,3.5883,1h_co,1h,co,12h_SI2,12h,SI2,4.38593,yacG
N900_RS02385,0.5844085844569747,0.4317356967456858,0.6686140931537127,0.4789622700641013,0.4317356967456858,CP,-0.04722657331841551,0.10544631439287344,-0.04722657331841551,0.18965182308961137,10,zapD,0.17415367333333334,-1.664,3.9214,6h_SI1,6h,SI1,12h_SI2,12h,SI2,5.5854,zapD
N900_RS02395,0.10497750491127852,0.15073703301261623,0.14058107849352378,0.03996064773294264,0.10497750491127852,PCA,0.06501685717833589,0.06501685717833589,0.1107763852796736,0.10062043076058114,10,pilD,1.9617752166666669,0.019692,4.1337,6h_SI9,6h,SI9,12h_st,12h,st,4.114008,pilD
N900_RS02400,0.08293471430979311,0.08235035832814995,0.22599027284154588,0.06900383273116875,0.08235035832814995,CP,0.013346525596981199,0.013930881578624363,0.013346525596981199,0.15698644011037713,10,pilC,1.3631559500000001,-0.93785,4.2392,1h_SI9,1h,SI9,3h_SI1,3h,SI1,5.17705,pilC
N900_RS02405,0.4858456234110139,0.5422903798824781,0.6994827971628063,0.5499712760845444,0.4858456234110139,PCA,-0.06412565267353054,-0.06412565267353054,-0.007680896202066356,0.14951152107826182,10,pilB,-0.24595668333333334,-2.153,3.6697,6h_SI1,6h,SI1,1h_SI1,1h,SI1,5.8227,pilB
N900_RS02410,0.16363571355143147,0.20089094961035844,0.3677456759950714,0.10695110415699585,0.16363571355143147,PCA,0.05668460939443562,0.05668460939443562,0.09393984545336259,0.26079457183807553,10,pilA,1.8188041999999998,0.031062,5.9095,12h_st,12h,st,3h_st,3h,st,5.878438,pilA
N900_RS02415,0.2548786961986219,0.2691241949874703,0.4669293849610462,0.1991527692370964,0.2548786961986219,PCA,0.05572592696152551,0.05572592696152551,0.0699714257503739,0.2677766157239498,10,nadC_1,1.2608448333333335,-0.45798,4.9102,3h_SI1,3h,SI1,6h_ce,6h,ce,5.36818,nadC_1
N900_RS02420,0.4167945773135721,0.4903390086645139,0.7047165306164004,0.4355261082134986,0.4167945773135721,PCA,-0.018731530899926463,-0.018731530899926463,0.054812900451015334,0.2691904224029018,10,ampD,-0.5324037999999999,-3.038,4.5367,6h_SI5,6h,SI5,3h_SI3,3h,SI3,7.5747,ampD
N900_RS02425,0.2618432423256219,0.3125342030731676,0.5104831117746663,0.32869892791201616,0.2618432423256219,PCA,-0.06685568558639426,-0.06685568558639426,-0.016164724838848565,0.18178418386265016,10,fldB,1.0042336033333334,-0.31231,5.6924,1h_SI6,1h,SI6,6h_st,6h,st,6.00471,fldB
N900_RS02430,0.42793160736818614,0.38949210368988124,0.5515964001482908,0.4088918192553697,0.38949210368988124,CP,-0.019399715565488473,0.019039788112816425,-0.019399715565488473,0.1427045808929211,10,xerd,-0.6076984966666666,-3.3481,3.3419,6h_co,6h,co,3h_st,3h,st,6.6899999999999995,xerd
N900_RS02435,0.20882595181527852,0.26640827020999647,0.33697971892558753,0.24181099813744644,0.20882595181527852,PCA,-0.03298504632216792,-0.03298504632216792,0.024597272072550025,0.09516872078814109,10,dsbC,-0.19421205166666666,-1.9863,3.1401,12h_SI5,12h,SI5,1h_ce,1h,ce,5.1264,dsbC
N900_RS02440,0.42358719702100495,0.47573854137385424,0.7622750624308653,0.4323114500165122,0.42358719702100495,PCA,-0.008724252995507276,-0.008724252995507276,0.04342709135734202,0.32996361241435307,10,recJ,0.5059580100000001,-1.0095,3.1874,3h_st,3h,st,6h_SI3,6h,SI3,4.196899999999999,recJ
N900_RS02445,0.2636819308348231,0.2868043465175823,0.5922683577586124,0.26831111961097054,0.2636819308348231,PCA,-0.00462918877614743,-0.00462918877614743,0.01849322690661176,0.3239572381476419,10,yfkN,0.6687993166666666,-0.86138,3.6533,6h_SI4,6h,SI4,12h_SI1,12h,SI1,4.51468,yfkN
N900_RS02450,0.6478737857094629,0.5754529944695602,0.8890623353925946,0.5553696619296453,0.5754529944695602,CP,0.0200833325399149,0.09250412377981754,0.0200833325399149,0.3336926734629493,10,pdhR,0.4178017833333333,-1.0841,3.8038,6h_SI1,6h,SI1,3h_SI2,3h,SI2,4.8879,pdhR
N900_RS02455,0.2734006785664603,0.2642624800692909,0.33592416789440444,0.21468489128708812,0.2642624800692909,CP,0.04957758878220275,0.058715787279372156,0.04957758878220275,0.12123927660731632,10,aceE,-0.24065086666666666,-2.4529,1.6094,6h_SI9,6h,SI9,6h_st,6h,st,4.0623000000000005,aceE
N900_RS02460,0.17724652276255645,0.21618744557607472,0.24710948457903595,0.1671765618547641,0.17724652276255645,PCA,0.010069960907792358,0.010069960907792358,0.04901088372131063,0.07993292272427185,10,aceF,0.6435309666666666,-1.6153,5.8766,6h_SI9,6h,SI9,6h_SI3,6h,SI3,7.491899999999999,aceF
N900_RS02470,0.6953939607326723,0.6724845177227353,0.8576430291400913,0.7298185321945189,0.6724845177227353,CP,-0.057334014471783545,-0.03442457146184652,-0.057334014471783545,0.1278244969455724,10,rsmH,0.054217745000000005,-1.8431,3.9442,6h_SI5,6h,SI5,6h_SI4,6h,SI4,5.7873,rsmH
N900_RS02555,0.2068696952348846,0.2705689613232745,0.5674368203923542,0.27876679373890206,0.2068696952348846,PCA,-0.07189709850401746,-0.07189709850401746,-0.008197832415627548,0.28867002665345215,10,mutT,0.6222407166666666,-0.90613,2.7548,3h_SI3,3h,SI3,3h_SI4,3h,SI4,3.66093,mutT
N900_RS02570,0.3220517211814139,0.3768121050658752,0.5123975321450411,0.293786640609141,0.3220517211814139,PCA,0.028265080572272894,0.028265080572272894,0.0830254644567342,0.21861089153590013,10,carA,0.2942158166666667,-3.4883,5.916,6h_SI6,6h,SI6,3h_st,3h,st,9.404300000000001,carA
N900_RS02575,0.15809885156400433,0.2109899187384073,0.35808925496994765,0.17255516746948452,0.15809885156400433,PCA,-0.014456315905480188,-0.014456315905480188,0.03843475126892279,0.18553408750046313,10,carB,0.14906505000000003,-2.9689,4.971,12h_SI8,12h,SI8,3h_SI2,3h,SI2,7.9399,carB
N900_RS02580,0.3044105770416198,0.2899954216470422,0.46418189542793037,0.29775933502131813,0.2899954216470422,CP,-0.007763913374275955,0.006651242020301651,-0.007763913374275955,0.16642256040661224,10,nlpE_2,0.3687141833333334,-0.93155,2.7269,6h_ce,6h,ce,3h_SI2,3h,SI2,3.65845,nlpE_2
N900_RS02595,0.8399768081171205,0.7838607374967317,0.9894114809701128,0.5272689304315249,0.7838607374967317,CP,0.2565918070652068,0.3127078776855956,0.2565918070652068,0.4621425505385879,10,Ga0059260_01848_BLAST,0.5530192166666665,-1.4449,6.7286,6h_SI5,6h,SI5,1h_st,1h,st,8.1735,Ga0059260_01848_BLAST
N900_RS02600,0.26246300879719187,0.3359020868015362,0.7133998719264324,0.3513076841730812,0.26246300879719187,PCA,-0.08884467537588936,-0.08884467537588936,-0.01540559737154501,0.36209218775335117,10,RNA-directed DNA polymerase,1.8726369833333332,0.03912,6.6556,1h_SI6,1h,SI6,6h_SI1,6h,SI1,6.61648,RNA-directed DNA polymerase
N900_RS02605,0.2507437997032285,0.2503742202862017,0.4380643066347712,0.18178838275098902,0.2503742202862017,CP,0.06858583753521269,0.0689554169522395,0.06858583753521269,0.2562759238837822,10,yfcA_1,1.4045607000000002,-0.1282,6.1528,6h_st,6h,st,3h_SI1,3h,SI1,6.281,yfcA_1
N900_RS02610,0.18240617626324135,0.19669646633880433,0.26487815028689293,0.1308002438281885,0.18240617626324135,PCA,0.05160593243505285,0.05160593243505285,0.06589622251061583,0.13407790645870443,10,hdfR_1,1.1057664833333332,-0.48644,4.978,1h_co,1h,co,6h_SI2,6h,SI2,5.46444,hdfR_1
N900_RS02615,0.48206217575305244,0.5256181514581791,0.6538938811980247,0.5733662336814423,0.48206217575305244,PCA,-0.09130405792838991,-0.09130405792838991,-0.04774808222326321,0.08052764751658237,10,yadS,0.10923797666666667,-1.8762,2.5,6h_SI2,6h,SI2,6h_SI3,6h,SI3,4.3762,yadS
N900_RS02620,0.3880170678421978,0.4799173375781234,0.8297898332659578,0.35542872324713687,0.3880170678421978,PCA,0.032588344595060936,0.032588344595060936,0.12448861433098651,0.4743611100188209,10,btuF,-0.15022628166666666,-1.6914,3.462,6h_SI8,6h,SI8,3h_SI3,3h,SI3,5.1534,btuF
N900_RS02625,0.22462376063010348,0.2385858774717335,0.28675680661369907,0.23227703255508855,0.22462376063010348,PCA,-0.007653271924985078,-0.007653271924985078,0.0063088449166449345,0.054479774058610514,10,cbiB,1.1721026666666667,-0.2428,3.8502,1h_st,1h,st,6h_SI2,6h,SI2,4.093,cbiB
N900_RS02630,0.3147620665944421,0.33423867341159164,0.3273853617475977,0.2989061747815632,0.3147620665944421,PCA,0.015855891812878886,0.015855891812878886,0.03533249863002841,0.028479186966034464,10,mtnN,1.8146683366666667,-0.33269,6.2074,12h_SI7,12h,SI7,1h_SI2,1h,SI2,6.54009,mtnN
N900_RS02635,0.6638490391711702,0.6819420383200042,0.8327534159193014,0.6225255057004996,0.6638490391711702,PCA,0.04132353347067064,0.04132353347067064,0.059416532619504636,0.21022791021880183,10,N900_RS02635,0.8372748166666667,-0.9009,3.7004,6h_ce,6h,ce,3h_SI5,3h,SI5,4.6013,N900_RS02635
N900_RS02640,0.32523162994131793,0.39180408067485856,0.4697135739093991,0.3727084974692248,0.32523162994131793,PCA,-0.04747686752790686,-0.04747686752790686,0.01909558320563376,0.09700507644017431,10,gltD_1,1.1935399499999997,-0.42694,4.0464,1h_SI8,1h,SI8,6h_SI1,6h,SI1,4.47334,gltD_1
N900_RS02645,0.3157091983583286,0.3505683600674375,0.4262961284675587,0.3130539303314187,0.3157091983583286,PCA,0.002655268026909907,0.002655268026909907,0.03751442973601882,0.11324219813614,10,gltB_2,1.1388506166666665,-0.36769,4.4592,12h_st,12h,st,12h_SI1,12h,SI1,4.82689,gltB_2
N900_RS02650,0.3943380135246883,0.4002555097448715,0.682555696476468,0.25386889985849936,0.3943380135246883,PCA,0.14046911366618892,0.14046911366618892,0.14638660988637214,0.4286867966179686,10,gltD_2,0.3151318083333334,-1.0825,3.8577,3h_SI1,3h,SI1,6h_ce,6h,ce,4.9402,gltD_2
N900_RS02655,0.14491489006765426,0.1811393310034869,0.2620656452309099,0.16042166760593551,0.14491489006765426,PCA,-0.015506777538281252,-0.015506777538281252,0.020717663397551378,0.1016439776249744,10,gltB_1,0.940928,-0.34789,3.2615,6h_st,6h,st,1h_SI1,1h,SI1,3.60939,gltB_1
N900_RS02660,0.26120374315807543,0.2669830722011213,0.4578280216048554,0.258618374606465,0.26120374315807543,PCA,0.0025853685516104563,0.0025853685516104563,0.0083646975946563,0.19920964699839044,10,yhcC_BLAST,0.3118726166666667,-1.158,4.0047,12h_st,12h,st,6h_st,6h,st,5.162699999999999,yhcC_BLAST
N900_RS02665,0.3371688194864336,0.3142402950712329,0.5310870943667988,0.3403393626632943,0.3142402950712329,CP,-0.026099067592061376,-0.003170543176860663,-0.026099067592061376,0.1907477317035045,10,diguanylate cyclase,0.9164146166666666,-1.1655,4.0246,6h_SI8,6h,SI8,1h_SI1,1h,SI1,5.1901,diguanylate cyclase
N900_RS02670,0.2889650598319447,0.3403450889115896,0.5988553739007964,0.36922911258151,0.2889650598319447,PCA,-0.08026405274956527,-0.08026405274956527,-0.028884023669920378,0.22962626131928637,10,arcB,-0.5207080066666667,-1.9832,1.6841,12h_co,12h,co,1h_SI1,1h,SI1,3.6673,arcB
N900_RS02675,0.22686321551575422,0.28325052595941086,0.27748001843260606,0.13794576767981712,0.22686321551575422,PCA,0.08891744783593711,0.08891744783593711,0.14530475827959374,0.13953425075278894,10,arcA_2,0.19630907333333333,-1.9573,2.1482,6h_SI9,6h,SI9,12h_st,12h,st,4.1055,arcA_2
N900_RS02680,0.16740625952695057,0.2258477302822018,0.2854641908661456,0.23198265297658704,0.16740625952695057,PCA,-0.06457639344963648,-0.06457639344963648,-0.006134922694385259,0.05348153788955856,10,N900_RS02680,1.7608081333333336,-0.1482,4.8314,3h_co,3h,co,6h_st,6h,st,4.9796000000000005,N900_RS02680
N900_RS02685,0.19943676276889663,0.23424656114902073,0.4128200790421034,0.17798527965871377,0.19943676276889663,PCA,0.021451483110182856,0.021451483110182856,0.05626128149030696,0.2348347993833896,10,putative 4-hydroxy-4-methyl-2-oxoglutarate aldolase,1.1068469166666666,-0.39907,3.732,6h_st,6h,st,3h_st,3h,st,4.13107,putative 4-hydroxy-4-methyl-2-oxoglutarate aldolase
N900_RS02690,0.20257023925384046,0.18856665587553437,0.301151939493997,0.1516763644106946,0.18856665587553437,CP,0.03689029146483977,0.050893874843145864,0.03689029146483977,0.1494755750833024,10,N900_RS02690,1.5592867000000001,-0.058638,3.7907,1h_SI8,1h,SI8,3h_st,3h,st,3.8493380000000004,N900_RS02690
N900_RS02695,0.21969560269179736,0.21207320051576742,0.29352984675249166,0.10848715087450168,0.21207320051576742,CP,0.10358604964126573,0.11120845181729568,0.10358604964126573,0.18504269587799,10,thrA,1.3559940116666667,-0.31452,4.1366,1h_st,1h,st,3h_SI1,3h,SI1,4.4511199999999995,thrA
N900_RS02700,0.4572167755172065,0.6504752112934521,0.8600548910934298,0.478863585421781,0.4572167755172065,PCA,-0.02164680990457446,-0.02164680990457446,0.17161162587167111,0.38119130567164883,10,thrB,0.06258196666666668,-1.6356,2.7957,6h_SI3,6h,SI3,3h_SI4,3h,SI4,4.4313,thrB
N900_RS02705,0.30740080912125956,0.307665899281006,0.8215936455579741,0.34636525906541865,0.30740080912125956,PCA,-0.038964449944159096,-0.038964449944159096,-0.038699359784412635,0.47522838649255544,10,thrC,0.4134463033333333,-1.1138,6.2625,6h_co,6h,co,3h_st,3h,st,7.3763000000000005,thrC
N900_RS02715,0.16916189328937076,0.16589267799361965,0.30607574213081234,0.15744019237561885,0.16589267799361965,CP,0.008452485618000799,0.011721700913751909,0.008452485618000799,0.1486355497551935,10,nfo,0.823547525,-0.70113,3.5072,1h_st,1h,st,6h_SI2,6h,SI2,4.20833,nfo
N900_RS02720,0.100215635169247,0.1229571589115342,0.2085064253975047,0.09237424293020964,0.100215635169247,PCA,0.007841392239037362,0.007841392239037362,0.030582915981324565,0.11613218246729505,10,ung,1.6408059,-0.52774,4.5896,1h_SI7,1h,SI7,3h_SI4,3h,SI4,5.1173399999999996,ung
N900_RS02725,0.08134533211424823,0.10149794262735715,0.2740985497547182,0.0858177813558942,0.08134533211424823,PCA,-0.0044724492416459705,-0.0044724492416459705,0.015680161271462947,0.18828076839882402,10,N900_RS02725,1.4755817000000002,-0.43182,7.1545,1h_SI5,1h,SI5,3h_SI1,3h,SI1,7.58632,N900_RS02725
N900_RS02730,0.6820929741117643,0.6448512652009832,0.9431760046319312,0.5878295321065894,0.6448512652009832,CP,0.057021733094393845,0.09426344200517489,0.057021733094393845,0.3553464725253418,10,N900_RS02730,0.6286541333333332,-0.84203,4.2089,24h_st,24h,st,6h_SI1,6h,SI1,5.05093,N900_RS02730
N900_RS02735,0.3269682091470612,0.3873745638177161,0.5106253897031389,0.4336171760928352,0.3269682091470612,PCA,-0.10664896694577397,-0.10664896694577397,-0.046242612275119055,0.07700821361030369,10,alsT_1,0.5586021333333334,-1.888,3.9361,12h_SI8,12h,SI8,1h_st,1h,st,5.8241,alsT_1
N900_RS02740,0.31417854302136955,0.363546376991231,0.510622589151403,0.38532032084069634,0.31417854302136955,PCA,-0.07114177781932679,-0.07114177781932679,-0.02177394384946535,0.12530226831070668,10,yaaA,0.4730250166666667,-1.0024,3.9122,6h_SI4,6h,SI4,1h_SI1,1h,SI1,4.9146,yaaA
N900_RS02745,0.25445256341341593,0.26455789163620846,0.44994577650780004,0.2648848811991394,0.25445256341341593,PCA,-0.010432317785723455,-0.010432317785723455,-0.00032698956293092385,0.18506089530866066,10,TatD family deoxyribonuclease,0.8458097833333333,-0.49396,3.6932,6h_st,6h,st,3h_SI3,3h,SI3,4.18716,TatD family deoxyribonuclease
N900_RS02750,0.17952216821905298,0.20581420191247948,0.41875811207481595,0.21349587396526942,0.17952216821905298,PCA,-0.03397370574621644,-0.03397370574621644,-0.00768167205278994,0.20526223810954652,10,nupc,0.6908106116666667,-0.73099,3.1445,3h_co,3h,co,3h_SI5,3h,SI5,3.87549,nupc
N900_RS02755,0.7124976605461831,0.7506819725734366,0.908703997595131,0.6473482866412411,0.7124976605461831,PCA,0.06514937390494202,0.06514937390494202,0.1033336859321955,0.2613557109538899,10,N900_RS02755,0.9256157500000001,-0.97954,6.0336,6h_SI8,6h,SI8,6h_SI4,6h,SI4,7.01314,N900_RS02755
N900_RS02760,0.4237825113478657,0.3970569761444779,0.8361307742727349,0.48577276094362987,0.3970569761444779,CP,-0.08871578479915199,-0.06199024959576416,-0.08871578479915199,0.350358013329105,10,deoC,0.89201887,-0.67508,4.2044,1h_SI8,1h,SI8,3h_SI3,3h,SI3,4.87948,deoC
N900_RS02765,0.3649368624307991,0.49908362011059315,0.7213587678364763,0.40793537524459855,0.3649368624307991,PCA,-0.04299851281379946,-0.04299851281379946,0.0911482448659946,0.3134233925918778,10,deoA,1.6459232499999996,-0.26083,5.9522,6h_SI1,6h,SI1,3h_st,3h,st,6.213030000000001,deoA
N900_RS02770,0.6951328869423998,0.5502684138586637,0.8820919487955631,0.5191717226502578,0.5502684138586637,CP,0.031096691208405858,0.17596116429214204,0.031096691208405858,0.3629202261453053,10,deoB,0.3531827133333334,-1.3174,3.3184,6h_SI3,6h,SI3,3h_SI6,3h,SI6,4.6358,deoB
N900_RS02775,0.14678588725502426,0.2621222302292445,0.36173919776028757,0.14599279812581248,0.14678588725502426,PCA,0.000793089129211777,0.000793089129211777,0.11612943210343205,0.2157463996344751,10,deoD_1,0.9162402883333332,-0.57302,3.3385,3h_SI3,3h,SI3,1h_SI1,1h,SI1,3.91152,deoD_1
N900_RS02780,0.1522698310091744,0.13741752592320897,0.2834576098018083,0.17208920755644772,0.13741752592320897,CP,-0.03467168163323875,-0.01981937654727331,-0.03467168163323875,0.11136840224536057,10,SMP protein,-0.08477561666666669,-1.5022,2.9988,6h_SI9,6h,SI9,6h_SI4,6h,SI4,4.501,SMP protein
N900_RS02785,0.3245712082301013,0.3192039897499258,0.6804617824255036,0.3606843487165318,0.3192039897499258,CP,-0.04148035896660601,-0.036113140486430495,-0.04148035896660601,0.31977743370897177,10,phosphoserine phosphatase,0.4051759,-1.0188,3.6471,6h_co,6h,co,12h_SI2,12h,SI2,4.6659,phosphoserine phosphatase
N900_RS02790,0.41960628536405525,0.3370728331992033,0.7143816489617091,0.41000954532904266,0.3370728331992033,CP,-0.07293671212983938,0.009596740035012596,-0.07293671212983938,0.3043721036326664,10,pilz_1,-0.29004536166666667,-2.0458,3.2356,12h_SI3,12h,SI3,3h_SI1,3h,SI1,5.2814,pilz_1
N900_RS02795,0.3316716502601242,0.3871028089232072,0.6095432132646984,0.31436962596431517,0.3316716502601242,PCA,0.017302024295809015,0.017302024295809015,0.07273318295889203,0.29517358730038323,10,radA,1.1993223766666667,-0.6791,3.9582,12h_SI1,12h,SI1,6h_SI2,6h,SI2,4.6373,radA
N900_RS02805,0.33263997727127953,0.459158391013547,0.6768031119997563,0.29098594229893787,0.33263997727127953,PCA,0.04165403497234166,0.04165403497234166,0.16817244871460912,0.3858171697008184,10,AMP-binding protein,1.1388618,-0.60642,5.6882,12h_SI1,12h,SI1,3h_SI1,3h,SI1,6.29462,AMP-binding protein
N900_RS02810,0.5201310755358057,0.4853687184554404,0.7970064714095636,0.5442494689549693,0.4853687184554404,CP,-0.0588807504995289,-0.024118393419163553,-0.0588807504995289,0.2527570024545943,10,N900_RS02810,1.37869715,-0.025482,5.2553,1h_SI6,1h,SI6,6h_SI4,6h,SI4,5.280782,N900_RS02810
N900_RS02815,0.2112623797721548,0.17210645693725135,0.3561909326099013,0.1714978109057317,0.17210645693725135,CP,0.0006086460315196385,0.0397645688664231,0.0006086460315196385,0.1846931217041696,10,chrA,0.6252994216666666,-0.44421,3.1433,24h_SI8,24h,SI8,6h_SI2,6h,SI2,3.58751,chrA
N900_RS02820,0.3216995026513343,0.2998104709586188,0.616569371061992,0.18662872631396138,0.2998104709586188,CP,0.11318174464465741,0.1350707763373729,0.11318174464465741,0.4299406447480307,10,lacZ,1.251741088333333,-0.51654,4.2433,3h_SI2,3h,SI2,3h_SI1,3h,SI1,4.75984,lacZ
N900_RS02825,0.44346143746289124,0.39390352062636114,0.7712018106192612,0.49398067028822995,0.39390352062636114,CP,-0.10007714966186881,-0.05051923282533871,-0.10007714966186881,0.27722114033103123,10,galR,1.2336510483333334,-1.1315,4.6091,1h_SI1,1h,SI1,3h_SI2,3h,SI2,5.7406,galR
N900_RS02830,0.3465764581245761,0.3777096921463896,0.6205048425010118,0.3786846514266583,0.3465764581245761,PCA,-0.0321081933020822,-0.0321081933020822,-0.0009749592802686946,0.24182019107435349,10,ygjH,1.618199233333333,-0.16826,5.5369,3h_SI5,3h,SI5,12h_SI2,12h,SI2,5.70516,ygjH
N900_RS02835,0.29504530350222835,0.3515275387970474,0.5590898094622827,0.28984260324001043,0.29504530350222835,PCA,0.005202700262217919,0.005202700262217919,0.06168493555703697,0.2692472062222723,10,gamma-glutamylcyclotransferase,0.32831935000000007,-0.92455,2.8668,6h_ce,6h,ce,3h_SI2,3h,SI2,3.79135,gamma-glutamylcyclotransferase
N900_RS02840,0.4549103595304564,0.41064042902485226,0.5943169307405852,0.4602307886945327,0.41064042902485226,CP,-0.04959035966968045,-0.0053204291640763235,-0.04959035966968045,0.13408614204605251,10,ZntB,0.4454597178333333,-1.2592,4.7811,6h_co,6h,co,6h_st,6h,st,6.0403,ZntB
N900_RS02845,0.08384618371211444,0.13608316318332184,0.2784470251917463,0.06546379795435481,0.08384618371211444,PCA,0.018382385757759634,0.018382385757759634,0.07061936522896703,0.2129832272373915,10,RimK family alpha-L-glutamate ligase,1.4170708166666666,-0.19774,4.2161,3h_co,3h,co,3h_SI4,3h,SI4,4.4138399999999995,RimK family alpha-L-glutamate ligase
N900_RS02850,0.8491113974497322,0.8986856535478904,0.9508426176691082,0.5652207046504698,0.8491113974497322,PCA,0.2838906927992624,0.2838906927992624,0.3334649488974206,0.38562191301863835,10,ypeA_2,0.17090523333333335,-1.6028,3.8246,1h_SI1,1h,SI1,6h_ce,6h,ce,5.4274000000000004,ypeA_2
N900_RS02855,0.19161582076077793,0.2157310130976885,0.3335601393527766,0.17320363714806716,0.19161582076077793,PCA,0.01841218361271077,0.01841218361271077,0.04252737594962133,0.16035650220470946,10,short-chain dehydrogenase,0.6105899499999999,-0.53732,3.6673,6h_co,6h,co,6h_st,6h,st,4.20462,short-chain dehydrogenase
N900_RS02865,0.4842670735914419,0.48421920829919307,0.7561286025740954,0.33185090712194953,0.48421920829919307,CP,0.15236830117724354,0.15241616646949235,0.15236830117724354,0.4242776954521459,10,2-hydroxyacid dehydrogenase,1.2305892166666665,-0.36088,4.7294,24h_st,24h,st,3h_SI1,3h,SI1,5.09028,2-hydroxyacid dehydrogenase
N900_RS02870,0.48196197752902464,0.4933957249953066,0.7607419435539904,0.525535912564889,0.48196197752902464,PCA,-0.04357393503586432,-0.04357393503586432,-0.03214018756958237,0.23520603098910142,10,cysL_1,0.5111499833333333,-0.85326,4.5183,12h_SI2,12h,SI2,6h_SI3,6h,SI3,5.37156,cysL_1
N900_RS02875,0.4816582865519228,0.43808407296924484,0.7934754916719446,0.4574503306798938,0.43808407296924484,CP,-0.019366257710648982,0.024207955872028952,-0.019366257710648982,0.3360251609920508,10,C4-dicarboxylate ABC transporter,0.9010618459999998,-1.3833,5.3117,24h_st,24h,st,6h_st,6h,st,6.695,C4-dicarboxylate ABC transporter
N900_RS02880,0.13114980481245397,0.1681598113088506,0.1652653640178565,0.10084501940549771,0.13114980481245397,PCA,0.03030478540695626,0.03030478540695626,0.06731479190335289,0.06442034461235878,10,recC,0.71830115,-1.2585,3.2783,12h_ce,12h,ce,6h_SI1,6h,SI1,4.5368,recC
N900_RS02885,0.16831855515936012,0.19838301297966127,0.20709926197206158,0.09674623526499664,0.16831855515936012,PCA,0.07157231989436348,0.07157231989436348,0.10163677771466463,0.11035302670706494,10,recB,0.9415452116666665,-1.1394,3.5793,6h_SI9,6h,SI9,1h_st,1h,st,4.7187,recB
N900_RS02890,0.2669512768236528,0.3095682236464366,0.6833781302937287,0.2587382860354479,0.2669512768236528,PCA,0.008212990788204921,0.008212990788204921,0.050829937610988696,0.42463984425828083,10,recD,0.6011931999999999,-1.8056,4.129,3h_co,3h,co,3h_SI1,3h,SI1,5.9346,recD
N900_RS02895,0.7978963026960517,0.9021102965993889,1.0173439259650425,0.7920305330409262,0.7978963026960517,PCA,0.00586576965512553,0.00586576965512553,0.11007976355846272,0.22531339292411634,10,N900_RS02895,0.5324415666666666,-2.4119,2.9091,6h_SI6,6h,SI6,1h_co,1h,co,5.321,N900_RS02895
N900_RS02905,0.1760637524861741,0.21617741299867518,0.4211800094926385,0.18156127055218735,0.1760637524861741,PCA,-0.005497518066013257,-0.005497518066013257,0.034616142446487835,0.23961873894045116,10,argA,0.8955382333333335,-0.68056,4.186,6h_st,6h,st,3h_st,3h,st,4.86656,argA
N900_RS02910,0.5543683125087704,0.595069328760398,0.7414071312309312,0.5492492100799057,0.5543683125087704,PCA,0.005119102428864708,0.005119102428864708,0.045820118680492294,0.19215792115102548,10,N900_RS02910,0.40408453333333333,-1.6601,3.3947,3h_SI6,3h,SI6,1h_SI1,1h,SI1,5.0548,N900_RS02910
N900_RS02915,0.34520576944202924,0.49019859476591837,0.5381762139177338,0.2332415487264527,0.34520576944202924,PCA,0.11196422071557655,0.11196422071557655,0.2569570460394657,0.30493466519128115,10,mltA,0.97652185,-0.51174,3.5825,6h_st,6h,st,6h_ce,6h,ce,4.09424,mltA
N900_RS02920,0.3921161997906532,0.6620810844218376,0.7497137850870448,0.4147201956016616,0.3921161997906532,PCA,-0.022603995811008415,-0.022603995811008415,0.24736088882017593,0.33499358948538316,10,tcdA,0.5016236333333334,-1.0621,4.1174,6h_SI4,6h,SI4,12h_st,12h,st,5.1795,tcdA
N900_RS02925,0.3116171944192439,0.3652616446510012,0.5487467283219158,0.24890212556200134,0.3116171944192439,PCA,0.06271506885724257,0.06271506885724257,0.11635951908899986,0.29984460275991454,10,csdE,0.808715907,-1.2962,4.5695,12h_st,12h,st,3h_st,3h,st,5.8656999999999995,csdE
N900_RS02930,0.23033560087389385,0.2603287727691871,0.5713616192570973,0.23070438802082288,0.23033560087389385,PCA,-0.0003687871469290338,-0.0003687871469290338,0.029624384748364208,0.3406572312362744,10,csdA,0.3501479966666667,-1.2998,4.6318,24h_SI1,24h,SI1,3h_SI2,3h,SI2,5.9316,csdA
N900_RS02935,0.148942767268266,0.17258829007313414,0.30250722967087124,0.14544717495694662,0.148942767268266,PCA,0.0034955923113193788,0.0034955923113193788,0.027141115116187525,0.15706005471392462,10,4-methyl-5(B-hydroxyethyl)-thiazole monophosphate biosynthesis enzyme,1.0250198833333333,-0.59836,3.6007,6h_st,6h,st,3h_SI2,3h,SI2,4.199059999999999,4-methyl-5(B-hydroxyethyl)-thiazole monophosphate biosynthesis enzyme
N900_RS02940,0.3035210055457317,0.3423650396106742,0.3530658369703338,0.2863209788280542,0.3035210055457317,PCA,0.017200026717677508,0.017200026717677508,0.05604406078262003,0.0667448581422796,10,panE,-1.7247886166666666,-4.1245,0.10697,6h_SI9,6h,SI9,3h_st,3h,st,4.23147,panE
N900_RS02945,0.2358880384995979,0.22573999483191826,0.39868386445135734,0.18221807167292886,0.22573999483191826,CP,0.043521923158989395,0.05366996682666905,0.043521923158989395,0.21646579277842848,10,ompK,0.7524406366666667,-0.52131,4.3981,1h_SI3,1h,SI3,3h_st,3h,st,4.91941,ompK
N900_RS02950,0.17610382301909158,0.21607565369253573,0.4330504505354283,0.17869280451851183,0.17610382301909158,PCA,-0.0025889814994202454,-0.0025889814994202454,0.0373828491740239,0.25435764601691646,10,ATP-dependent protease,0.8988467666666666,-0.5411,4.8689,1h_SI9,1h,SI9,3h_SI2,3h,SI2,5.41,ATP-dependent protease
N900_RS02955,0.45670393287800565,0.5733725283096879,0.7242867610816041,0.42206937797450483,0.45670393287800565,PCA,0.034634554903500814,0.034634554903500814,0.15130315033518305,0.3022173831070992,10,rpoE_2,0.7581910833333333,-0.94307,5.0489,12h_SI2,12h,SI2,6h_st,6h,st,5.991969999999999,rpoE_2
N900_RS02960,0.2957959783511803,0.34621197186475616,0.5525830234862551,0.31653511377082355,0.2957959783511803,PCA,-0.02073913541964323,-0.02073913541964323,0.029676858093932612,0.23604790971543155,10,chrR,1.3518178166666666,-1.1114,3.8398,3h_ce,3h,ce,6h_SI1,6h,SI1,4.9512,chrR
N900_RS02965,0.25888569254821325,0.24248876571848219,0.5309375893176108,0.17236010955819478,0.24248876571848219,CP,0.0701286561602874,0.08652558299001847,0.0701286561602874,0.358577479759416,10,ampG,0.85857015,-0.56457,3.1332,3h_SI3,3h,SI3,6h_SI3,6h,SI3,3.6977700000000002,ampG
N900_RS02970,0.3711542770817187,0.3978974567130832,0.7332423648576977,0.4354070353596853,0.3711542770817187,PCA,-0.06425275827796656,-0.06425275827796656,-0.03750957864660209,0.2978353294980124,10,peptidyl-prolyl cis-trans isomerase,1.1224447666666666,-0.29982,5.7685,1h_co,1h,co,6h_st,6h,st,6.06832,peptidyl-prolyl cis-trans isomerase
N900_RS02975,0.14633300057671542,0.1305726692447726,0.3099195271653546,0.12567289733913423,0.1305726692447726,CP,0.004899771905638367,0.02066010323758119,0.004899771905638367,0.18424662982622037,10,"lipoprotein, putative",1.38081945,-0.25722,4.7706,1h_SI8,1h,SI8,3h_SI1,3h,SI1,5.02782,"lipoprotein, putative"
N900_RS02980,0.23030710404893553,0.19814490527695813,0.4509527831885051,0.21011422236733054,0.19814490527695813,CP,-0.011969317090372411,0.02019288168160499,-0.011969317090372411,0.24083856082117458,10,rlmG,1.3515866666666667,-0.18407,4.6271,3h_SI1,3h,SI1,12h_SI1,12h,SI1,4.811170000000001,rlmG
N900_RS02985,0.3987661051934629,0.4051310965893454,0.6604589916608031,0.3735743085153934,0.3987661051934629,PCA,0.025191796678069478,0.025191796678069478,0.03155678807395196,0.2868846831454097,10,bola,0.19460240000000004,-1.7166,5.0121,6h_SI3,6h,SI3,1h_SI1,1h,SI1,6.7287,bola
N900_RS02990,0.21891172198612957,0.23386037135182003,0.26869907492617995,0.15562690783145017,0.21891172198612957,PCA,0.0632848141546794,0.0632848141546794,0.07823346352036986,0.11307216709472978,10,Na(+)-translocating NADH-quinone reductase subunit A,0.8913359333333334,-1.0847,2.8734,12h_ce,12h,ce,12h_st,12h,st,3.9581,Na(+)-translocating NADH-quinone reductase subunit A
N900_RS02995,0.6954482426549201,0.6490463911876143,0.7439110728435206,0.6156546651338182,0.6490463911876143,CP,0.033391726053796145,0.07979357752110194,0.033391726053796145,0.12825640770970248,10,nqrB,0.23807983333333327,-2.3117,1.5649,12h_ce,12h,ce,6h_SI7,6h,SI7,3.8766,nqrB
N900_RS03000,0.5332695895933607,0.5456986729091429,0.5848203049303766,0.4872833679252872,0.5332695895933607,PCA,0.04598622166807348,0.04598622166807348,0.058415304983855665,0.09753693700508942,10,nqrC,0.7903676999999999,-1.6187,2.6773,12h_co,12h,co,6h_SI5,6h,SI5,4.295999999999999,nqrC
N900_RS03005,0.5833261051593502,0.5115121597400342,0.6245873032938649,0.5604893029084642,0.5115121597400342,CP,-0.04897714316843005,0.022836802250886024,-0.04897714316843005,0.0640980003854007,10,nqrD,0.3834622,-2.2262,2.2761,6h_SI9,6h,SI9,6h_SI8,6h,SI8,4.5023,nqrD
N900_RS03010,0.45567380874385266,0.4567312153477013,0.5323909685424477,0.47854841699379413,0.45567380874385266,PCA,-0.022874608249941475,-0.022874608249941475,-0.021817201646092854,0.05384255154865358,10,nqrE,1.0912582016666663,-1.4755,5.2286,6h_SI9,6h,SI9,3h_SI5,3h,SI5,6.7041,nqrE
N900_RS03015,0.5048924201741457,0.519950098106366,0.5410464228861771,0.5089649505799192,0.5048924201741457,PCA,-0.004072530405773489,-0.004072530405773489,0.010985147526446859,0.03208147230625791,10,nqrF,0.8921160833333334,-1.8258,2.6262,12h_SI9,12h,SI9,6h_SI3,6h,SI3,4.452,nqrF
N900_RS03020,0.09740772103958456,0.15771664060475446,0.13897443171891202,0.021165485650071297,0.09740772103958456,PCA,0.07624223538951326,0.07624223538951326,0.13655115495468317,0.11780894606884072,10,apbE,1.8395017333333334,-0.062167,4.0449,6h_SI9,6h,SI9,12h_st,12h,st,4.107067,apbE
N900_RS03025,0.4651202839614123,0.46958938315499416,0.6105386254024603,0.4750774588215026,0.4651202839614123,PCA,-0.00995717486009029,-0.00995717486009029,-0.005488075666508441,0.1354611665809577,10,nqrM_1,-0.18323418333333333,-1.76,3.4997,6h_co,6h,co,12h_SI2,12h,SI2,5.2597,nqrM_1
N900_RS03030,0.36357692752472615,0.33983406549588163,0.5927508967306299,0.32767882428535117,0.33983406549588163,CP,0.012155241210530465,0.03589810323937498,0.012155241210530465,0.2650720724452787,10,dinB,0.36852725,-1.9891,3.2172,6h_SI6,6h,SI6,6h_SI1,6h,SI1,5.206300000000001,dinB
N900_RS03035,0.15042143346033515,0.15961468253890518,0.3096032182660489,0.1488250733433978,0.15042143346033515,PCA,0.0015963601169373398,0.0015963601169373398,0.010789609195507366,0.1607781449226511,10,N900_RS03035,1.8946756666666669,0.10631,4.7565,1h_SI9,1h,SI9,3h_SI4,3h,SI4,4.65019,N900_RS03035
N900_RS03055,0.17566297785408197,0.1844906061156977,0.3225084338831825,0.1981729925634004,0.17566297785408197,PCA,-0.022510014709318432,-0.022510014709318432,-0.013682386447702699,0.12433544131978211,10,diguanylate cyclase_4,0.7464228249999999,-0.75771,3.7322,3h_st,3h,st,6h_SI4,6h,SI4,4.48991,diguanylate cyclase_4
N900_RS03060,0.11611550353511166,0.13634646139596207,0.2952116464228255,0.18063711883199607,0.11611550353511166,PCA,-0.06452161529688441,-0.06452161529688441,-0.044290657436034,0.11457452759082942,10,sodium-dependent transporter_2,0.9819248900000002,-0.24917,3.6451,3h_co,3h,co,3h_SI3,3h,SI3,3.8942699999999997,sodium-dependent transporter_2
N900_RS03065,0.6625460754533308,0.6683306278738821,0.865428535521327,0.6508494280105572,0.6625460754533308,PCA,0.011696647442773545,0.011696647442773545,0.01748119986332486,0.2145791075107698,10,deacylase,0.022602474999999997,0.003447,0.37188,6h_SI4,6h,SI4,12h_SI1,12h,SI1,0.368433,deacylase
N900_RS03070,0.4716136072225786,0.4822624209955642,0.6430557207714013,0.5027673684309605,0.4716136072225786,PCA,-0.03115376120838187,-0.03115376120838187,-0.02050494743539627,0.1402883523404408,10,rimK,0.6541712866666667,-0.9289,3.8758,6h_SI2,6h,SI2,1h_co,1h,co,4.8046999999999995,rimK
N900_RS03075,0.2311141544868748,0.2454251509346304,0.38108730690968823,0.21136396887048708,0.2311141544868748,PCA,0.019750185616387722,0.019750185616387722,0.034061182064143325,0.16972333803920114,10,ATP-dependent zinc protease_1,1.0425344,-0.28888,4.1771,1h_st,1h,st,3h_SI2,3h,SI2,4.46598,ATP-dependent zinc protease_1
N900_RS03080,0.2727977327957663,0.2295940825775837,0.6147055212966702,0.23816908315180169,0.2295940825775837,CP,-0.008575000574217978,0.034628649643964615,-0.008575000574217978,0.37653643814486853,10,pepD,1.1336517333333334,-0.34137,4.4745,3h_SI1,3h,SI1,3h_SI4,3h,SI4,4.81587,pepD
N900_RS03085,0.22246618373691376,0.2146970970536257,0.30205783218188365,0.20104240876514798,0.2146970970536257,CP,0.013654688288477712,0.021423774971765785,0.013654688288477712,0.10101542341673567,10,adeP,1.40251715,-0.093265,4.0942,1h_SI7,1h,SI7,3h_st,3h,st,4.1874649999999995,adeP
N900_RS03090,0.3380953497733678,0.27537781541388856,0.48500952408626574,0.22343075755183156,0.27537781541388856,CP,0.051947057862057,0.11466459222153624,0.051947057862057,0.2615787665344342,10,gpt,1.6000353333333335,-0.20499,6.5751,1h_SI6,1h,SI6,3h_SI1,3h,SI1,6.7800899999999995,gpt
N900_RS03095,0.44736895094302087,0.3935571499432854,0.6433907506974914,0.33858839748781205,0.3935571499432854,CP,0.054968752455473335,0.10878055345520882,0.054968752455473335,0.30480235320967936,10,frsA,0.8088615188333333,-2.1608,5.6376,1h_SI5,1h,SI5,1h_st,1h,st,7.7984,frsA
N900_RS03100,0.4227861353934002,0.5601910686946976,0.6942607226449644,0.5712498089440856,0.4227861353934002,PCA,-0.1484636735506854,-0.1484636735506854,-0.011058740249388022,0.1230109137008788,10,crl,0.24437211666666664,-1.4711,3.3645,3h_SI6,3h,SI6,6h_st,6h,st,4.8356,crl
N900_RS03105,0.3752127232914184,0.3650960006170649,0.527031446744623,0.41852506996721045,0.3650960006170649,CP,-0.053429069350145575,-0.043312346675792035,-0.053429069350145575,0.10850637677741254,10,proB,1.3488796666666663,-0.0167,4.5122,12h_SI2,12h,SI2,6h_SI3,6h,SI3,4.5289,proB
N900_RS03110,0.20969888857578098,0.2236115016352808,0.3345265431228638,0.17115720042927354,0.20969888857578098,PCA,0.038541688146507436,0.038541688146507436,0.05245430120600725,0.16336934269359024,10,proA,1.9528545666666666,0.055854,5.0352,1h_SI8,1h,SI8,12h_st,12h,st,4.979346,proA
N900_RS03115,0.13621981997085797,0.1451073949060196,0.31515847765686167,0.15120450288705956,0.13621981997085797,PCA,-0.014984682916201586,-0.014984682916201586,-0.006097107981039962,0.1639539747698021,10,nrdR,0.6570483666666667,-0.79433,4.3173,1h_st,1h,st,12h_SI1,12h,SI1,5.11163,nrdR
N900_RS03120,0.4704099034241357,0.48781660956805367,0.5254747594952807,0.4931256400810396,0.4704099034241357,PCA,-0.022715736656903907,-0.022715736656903907,-0.005309030512985924,0.03234911941424107,10,ribD,2.0453425,-0.51989,7.2604,1h_SI6,1h,SI6,12h_SI1,12h,SI1,7.78029,ribD
N900_RS03125,0.37640388974858807,0.44681019075521683,0.4121321338279751,0.3834864918248743,0.37640388974858807,PCA,-0.0070826020762862485,-0.0070826020762862485,0.06332369893034251,0.02864564200310077,10,ribE_1,2.0474889666666667,-0.2911,4.8374,1h_SI7,1h,SI7,1h_ce,1h,ce,5.1285,ribE_1
N900_RS03130,0.20812683298006954,0.30202479065799365,0.5612891009217598,0.21276340285767625,0.20812683298006954,PCA,-0.004636569877606717,-0.004636569877606717,0.0892613878003174,0.3485256980640835,10,ribBA,1.2050008666666667,-0.63296,3.936,6h_SI3,6h,SI3,3h_SI4,3h,SI4,4.56896,ribBA
N900_RS03135,0.0877685085883639,0.14155906988337008,0.12816846889758454,0.01958671019243446,0.0877685085883639,PCA,0.06818179839592943,0.06818179839592943,0.12197235969093562,0.10858175870515008,10,ribE_2,1.8595685499999999,-0.056577,4.2276,6h_SI9,6h,SI9,3h_SI2,3h,SI2,4.284177,ribE_2
N900_RS03140,0.1333835534750709,0.17064851790850522,0.16524639919567144,0.07129887328612902,0.1333835534750709,PCA,0.062084680188941865,0.062084680188941865,0.0993496446223762,0.09394752590954242,10,nusB,-0.06079564833333335,-1.9763,2.0323,6h_SI9,6h,SI9,12h_st,12h,st,4.0086,nusB
N900_RS03145,0.09117604196006622,0.13893652674038942,0.1258759869559942,0.02522494441464123,0.09117604196006622,PCA,0.065951097545425,0.065951097545425,0.11371158232574818,0.10065104254135296,10,thiL,-1.3980944666666668,-3.3638,0.74928,6h_SI9,6h,SI9,12h_st,12h,st,4.11308,thiL
N900_RS03150,0.10581893201213848,0.15737059935174877,0.14086384840329583,0.041585790516270475,0.10581893201213848,PCA,0.064233141495868,0.064233141495868,0.11578480883547829,0.09927805788702534,10,pgpA,1.2966592000000001,-0.6473,3.4647,6h_SI9,6h,SI9,12h_st,12h,st,4.112,pgpA
N900_RS03155,0.16684441247286694,0.1762327357291725,0.31457038408174737,0.11635509154436799,0.16684441247286694,PCA,0.05048932092849895,0.05048932092849895,0.05987764418480451,0.19821529253737938,10,VC_2264_BLAST,1.5669515000000003,-1.2715,5.018,1h_SI8,1h,SI8,6h_st,6h,st,6.2895,VC_2264_BLAST
N900_RS03160,0.2849725892706078,0.3176686247918542,0.4642075082352077,0.28243476867865513,0.2849725892706078,PCA,0.0025378205919526775,0.0025378205919526775,0.03523385611319907,0.18177273955655254,10,glnD,0.25261503333333335,-2.4016,3.4429,6h_SI7,6h,SI7,3h_SI4,3h,SI4,5.8445,glnD
N900_RS03240,0.3257898784324358,0.33224075877464987,0.6146458134383971,0.2659559514904869,0.3257898784324358,PCA,0.05983392694194889,0.05983392694194889,0.06628480728416297,0.3486898619479102,10,rnhB,0.21106356666666667,-1.768,3.0744,12h_SI1,12h,SI1,3h_SI1,3h,SI1,4.8424,rnhB
N900_RS03260,0.6328078396985773,0.6193204443448093,0.8083857860121075,0.6546960415272947,0.6193204443448093,CP,-0.035375597182485397,-0.021888201828717313,-0.035375597182485397,0.15368974448481287,10,cytochrome c_2,1.4232952333333335,-0.47261,6.4359,1h_SI4,1h,SI4,6h_SI4,6h,SI4,6.90851,cytochrome c_2
N900_RS03265,0.23450084693091267,0.2651977371120263,0.6396464831656753,0.2181801301372164,0.23450084693091267,PCA,0.01632071679369626,0.01632071679369626,0.04701760697480992,0.4214663530284589,10,padC,0.6109401133333332,-1.0369,4.9779,1h_SI5,1h,SI5,6h_st,6h,st,6.0148,padC
N900_RS03270,0.2005707728054213,0.17105286782970233,0.31000725423512054,0.17482175519331236,0.17105286782970233,CP,-0.0037688873636100295,0.025749017612108932,-0.0037688873636100295,0.13518549904180818,10,glnB,1.2820225333333333,-0.37078,4.1463,3h_SI6,3h,SI6,3h_st,3h,st,4.51708,glnB
N900_RS03275,0.4148672727264214,0.5209505052875898,0.4817054779669328,0.40226606071217497,0.4148672727264214,PCA,0.01260121201424641,0.01260121201424641,0.11868444457541483,0.07943941725475784,10,VC0395_A1830_BLAST,-0.8288588166666668,-2.8774,2.8362,6h_SI6,6h,SI6,1h_ce,1h,ce,5.7136,VC0395_A1830_BLAST
N900_RS03280,0.3894527877687025,0.41503305787530814,0.6791130102540978,0.3968091586012273,0.3894527877687025,PCA,-0.007356370832524772,-0.007356370832524772,0.018223899274080857,0.2823038516528705,10,lysm,1.18212265,-0.46943,4.934,12h_SI4,12h,SI4,3h_SI1,3h,SI1,5.40343,lysm
N900_RS03285,0.17814067331905437,0.1960423110677819,0.2955854024371543,0.10687957675684737,0.17814067331905437,PCA,0.071261096562207,0.071261096562207,0.08916273431093452,0.18870582568030694,10,gloB,1.30892002,-0.27492,4.4042,3h_ce,3h,ce,3h_st,3h,st,4.67912,gloB
N900_RS03290,0.2393444030943403,0.2680729442100238,0.5338731169557325,0.22107525153458604,0.2393444030943403,PCA,0.018269151559754254,0.018269151559754254,0.04699769267543777,0.3127978654211464,10,class I SAM-dependent methyltransferase_3,-0.8981651666666667,-2.7032,2.9689,3h_SI6,3h,SI6,6h_st,6h,st,5.6721,class I SAM-dependent methyltransferase_3
N900_RS03295,0.296020981707927,0.29408702889502275,0.43507088959366735,0.3578684054086906,0.29408702889502275,CP,-0.06378137651366783,-0.06184742370076357,-0.06378137651366783,0.07720248418497677,10,rnhA,2.5071670499999996,0.030903,7.4271,1h_SI6,1h,SI6,12h_SI2,12h,SI2,7.396197,rnhA
N900_RS03305,0.7034270955529165,0.7462695496552293,0.9050222810766646,0.5453810227319189,0.7034270955529165,PCA,0.15804607282099759,0.15804607282099759,0.20088852692331038,0.3596412583447457,10,hldE,0.5671162815333333,-1.4957,4.4761,12h_SI4,12h,SI4,3h_SI1,3h,SI1,5.9718,hldE
N900_RS03310,0.28470157964261517,0.286095881093602,0.54359553842353,0.2585700327161474,0.28470157964261517,PCA,0.02613154692646774,0.02613154692646774,0.027525848377454587,0.2850255057073826,10,fadE_1,0.59594249045,-0.86754,3.9811,6h_st,6h,st,6h_SI1,6h,SI1,4.84864,fadE_1
N900_RS03315,0.08455551110803781,0.11925121568190468,0.12070452246574387,0.03290417545014703,0.08455551110803781,PCA,0.05165133565789078,0.05165133565789078,0.08634704023175765,0.08780034701559683,10,gmhA/lpcA,-1.5608617199999997,-3.4683,0.53981,6h_SI9,6h,SI9,12h_st,12h,st,4.00811,gmhA/lpcA
N900_RS03320,0.1741751097567486,0.20571600575022692,0.5857592750249612,0.19358473016502045,0.1741751097567486,PCA,-0.01940962040827185,-0.01940962040827185,0.012131275585206464,0.39217454485994074,10,yafJ,1.2761539,-0.89001,5.8195,6h_SI3,6h,SI3,3h_st,3h,st,6.70951,yafJ
N900_RS03325,0.6451123423635241,0.5886389880877337,0.792940716045642,0.5992863882154434,0.5886389880877337,CP,-0.010647400127709705,0.04582595414808066,-0.010647400127709705,0.19365432783019854,10,purN,0.6486622166666666,-1.1523,4.4136,6h_SI3,6h,SI3,3h_SI1,3h,SI1,5.5659,purN
N900_RS03330,0.15203759155084462,0.15805175795680526,0.3772383102974486,0.17371147753232827,0.15203759155084462,PCA,-0.021673885981483648,-0.021673885981483648,-0.015659719575523007,0.20352683276512032,10,purM,-0.5873585233333333,-3.6829,4.5548,12h_SI9,12h,SI9,6h_st,6h,st,8.2377,purM
N900_RS03335,0.1968440195635078,0.26624287935609414,0.44898085525762477,0.2041636465945693,0.1968440195635078,PCA,-0.007319627031061482,-0.007319627031061482,0.062079232761524855,0.24481720866305548,10,upp,1.4134619516666664,-0.20871,4.8513,3h_SI2,3h,SI2,6h_ce,6h,ce,5.06001,upp
N900_RS03340,0.3909224168289854,0.3273161700496526,0.6770025119733643,0.29959732891886637,0.3273161700496526,CP,0.02771884113078621,0.09132508791011901,0.02771884113078621,0.3774051830544979,10,N900_RS03340,1.12381125,-0.36831,5.0344,6h_SI1,6h,SI1,3h_SI2,3h,SI2,5.40271,N900_RS03340
N900_RS03345,0.31473838549618877,0.2832604148922346,0.5313067268342768,0.3574325039662919,0.2832604148922346,CP,-0.07417208907405731,-0.042694118470103126,-0.07417208907405731,0.17387422286798493,10,rluF,0.8321339999999999,-0.90122,3.7215,6h_st,6h,st,6h_SI4,6h,SI4,4.62272,rluF
N900_RS03350,0.16815470968884919,0.17408205073885571,0.32765013762967254,0.14118901415561308,0.16815470968884919,PCA,0.026965695533236106,0.026965695533236106,0.032893036583242635,0.18646112347405946,10,smrA,0.8919679699999998,-0.4347,4.9355,3h_SI9,3h,SI9,3h_st,3h,st,5.3702000000000005,smrA
N900_RS03365,0.6109359688877205,0.7233231701862585,0.7904530747725941,0.5869498889172959,0.6109359688877205,PCA,0.023986079970424568,0.023986079970424568,0.13637328126896253,0.20350318585529814,10,N900_RS03365,0.33697688333333337,-1.5325,4.6465,12h_SI1,12h,SI1,1h_SI1,1h,SI1,6.178999999999999,N900_RS03365
N900_RS03370,0.18771964119405166,0.17782534017510632,0.4420150825378688,0.14477107563795857,0.17782534017510632,CP,0.03305426453714774,0.04294856555609308,0.03305426453714774,0.29724400689991026,10,chb,1.3144442666666665,-0.049662,4.1063,1h_st,1h,st,3h_SI2,3h,SI2,4.155962,chb
N900_RS03375,0.39127690642084734,0.3907371972178185,0.4967892088808222,0.3271431382030707,0.3907371972178185,CP,0.0635940590147478,0.06413376821777661,0.0635940590147478,0.16964607067775145,10,N900_RS03375,1.0167689833333333,-0.37887,3.8786,3h_co,3h,co,6h_ce,6h,ce,4.25747,N900_RS03375
N900_RS03380,0.35313457450008584,0.4261058475734832,0.6312359065554819,0.3670407331030025,0.35313457450008584,PCA,-0.013906158602916663,-0.013906158602916663,0.059065114470480684,0.2641951734524794,10,heavy metal translocating P-type ATPase,1.4021162666666667,-0.047342,5.6903,1h_SI1,1h,SI1,3h_st,3h,st,5.737642,heavy metal translocating P-type ATPase
N900_RS03390,0.33009375381044115,0.33253803967413487,0.7174462646510106,0.27028167419856264,0.33009375381044115,PCA,0.05981207961187851,0.05981207961187851,0.06225636547557223,0.44716459045244794,10,ompA_1,0.5639117666666666,-0.96167,3.439,12h_SI1,12h,SI1,1h_SI1,1h,SI1,4.40067,ompA_1
N900_RS03395,0.2592474746013061,0.3607752639285436,0.7011278526411401,0.27173884300048196,0.2592474746013061,PCA,-0.012491368399175862,-0.012491368399175862,0.08903642092806163,0.4293890096406581,10,Fe3+-citrate ABC transporter substrate-binding protein,0.5749562666666665,-1.6408,3.404,6h_SI2,6h,SI2,6h_ce,6h,ce,5.0448,Fe3+-citrate ABC transporter substrate-binding protein
N900_RS03400,0.27393425286794293,0.2782074566878008,0.45690228350162443,0.24928285833843525,0.27393425286794293,PCA,0.02465139452950768,0.02465139452950768,0.028924598349365532,0.20761942516318918,10,vuuA,0.5488996215,-0.76455,4.4043,3h_SI9,3h,SI9,3h_SI1,3h,SI1,5.16885,vuuA
N900_RS03405,0.281526749248019,0.1965967191264463,0.37336751227514353,0.2495205534875903,0.1965967191264463,CP,-0.052923834361144007,0.03200619576042871,-0.052923834361144007,0.12384695878755322,10,vuuB,1.5427878333333334,0.10516,4.9541,1h_SI4,1h,SI4,3h_SI1,3h,SI1,4.848940000000001,vuuB
N900_RS03410,0.16685133461380278,0.1909306034955141,0.3023735753323628,0.159516409743114,0.16685133461380278,PCA,0.007334924870688764,0.007334924870688764,0.031414193752400094,0.1428571655892488,10,non-ribosomal peptide synthetase,1.5927311833333337,-0.25233,5.4005,1h_st,1h,st,3h_SI2,3h,SI2,5.65283,non-ribosomal peptide synthetase
N900_RS03415,0.5216230073482921,0.5985214884110824,0.6634281938412296,0.49809313461083105,0.5216230073482921,PCA,0.0235298727374611,0.0235298727374611,0.10042835380025139,0.1653350592303986,10,flgT,-0.14212526666666667,-2.3232,3.5808,6h_SI6,6h,SI6,1h_co,1h,co,5.904,flgT
N900_RS03420,0.3777086557671907,0.40146257005496716,0.45652131004101526,0.44218227814050004,0.3777086557671907,PCA,-0.06447362237330934,-0.06447362237330934,-0.04071970808553288,0.01433903190051522,10,flgO,-0.7477126166666667,-2.6831,2.936,24h_SI4,24h,SI4,3h_SI6,3h,SI6,5.6190999999999995,flgO
N900_RS03425,0.292666228887132,0.32255437335548554,0.3720094862618043,0.278116302621144,0.292666228887132,PCA,0.014549926265988,0.014549926265988,0.04443807073434153,0.0938931836406603,10,flgP,-1.4280121,-3.2313,0.98859,3h_SI6,3h,SI6,1h_co,1h,co,4.21989,flgP
N900_RS03430,0.08103825354269928,0.05764491847672539,0.7305122210055839,0.03679520827213968,0.05764491847672539,CP,0.02084971020458571,0.0442430452705596,0.02084971020458571,0.6937170127334442,10,flgN,0.0059134508333333335,0.00024007,0.2015,6h_SI3,6h,SI3,3h_st,3h,st,0.20125993,flgN
N900_RS03435,0.2686388752373716,0.3075878043826416,0.30645407626432736,0.17784043438947997,0.2686388752373716,PCA,0.09079844084789165,0.09079844084789165,0.12974736999316164,0.1286136418748474,10,flgM,0.4104534,-1.847,2.2662,6h_SI9,6h,SI9,12h_SI1,12h,SI1,4.1132,flgM
N900_RS03440,0.4772151114295425,0.5095179595892176,0.7788689667466407,0.2940426648255434,0.4772151114295425,PCA,0.18317244660399906,0.18317244660399906,0.21547529476367422,0.4848263019210973,10,flgA,0.03399868333333334,-1.7476,2.7586,12h_SI1,12h,SI1,6h_ce,6h,ce,4.5062,flgA
N900_RS03445,0.18602397560266218,0.16885503088706502,0.48057196769639116,0.4584154432713568,0.16885503088706502,CP,-0.28956041238429175,-0.2723914676686946,-0.28956041238429175,0.022156524425034352,10,chev_3,0.012303883288166666,-1.0121e-05,0.12997,1h_SI6,1h,SI6,3h_st,3h,st,0.129980121,chev_3
N900_RS03450,0.05520368274518552,0.06302472091325549,0.12916233207060657,0.06460126653437451,0.05520368274518552,PCA,-0.009397583789188986,-0.009397583789188986,-0.001576545621119016,0.06456106553623206,10,cheR,3.139775,-0.88371,6.9658,1h_SI6,1h,SI6,3h_st,3h,st,7.8495099999999995,cheR
N900_RS03455,0.353605266567581,0.344671533603243,0.6469374477044181,0.37747864663528097,0.344671533603243,CP,-0.03280711303203798,-0.023873380067699956,-0.03280711303203798,0.2694588010691371,10,flgB,0.3184827583333332,-1.8774,3.6052,6h_SI1,6h,SI1,3h_SI5,3h,SI5,5.4826,flgB
N900_RS03460,0.5708586043402835,0.5535539959469268,0.7494828257653717,0.5245262674864593,0.5535539959469268,CP,0.029027728460467528,0.04633233685382421,0.029027728460467528,0.22495655827891248,10,flgC,0.33713084666666665,-1.9347,4.3797,12h_SI3,12h,SI3,12h_SI1,12h,SI1,6.3144,flgC
N900_RS03465,0.39020427977812167,0.38659808908525417,0.435402232566384,0.4894155357942688,0.38659808908525417,CP,-0.1028174467090146,-0.09921125601614711,-0.1028174467090146,-0.05401330322788478,10,flgD,-1.0865150800000003,-3.1374,2.58,12h_SI5,12h,SI5,1h_co,1h,co,5.7174,flgD
N900_RS03470,0.47562258498121507,0.3885170472277393,0.6795197802557774,0.2743917460602287,0.3885170472277393,CP,0.11412530116751057,0.20123083892098637,0.11412530116751057,0.4051280341955487,10,flgE,-0.12460141666666669,-2.4923,2.9026,24h_st,24h,st,3h_SI7,3h,SI7,5.3949,flgE
N900_RS03475,0.34743108896698716,0.3858771816447285,0.6272439900324419,0.33671064389727934,0.34743108896698716,PCA,0.010720445069707818,0.010720445069707818,0.04916653774744917,0.2905333461351626,10,flgF,-0.20289133333333334,-2.8227,2.0858,24h_st,24h,st,3h_SI7,3h,SI7,4.9085,flgF
N900_RS03480,0.43518557322953444,0.6121395752461877,0.7481061826366333,0.3917843636274316,0.43518557322953444,PCA,0.043401209602102864,0.043401209602102864,0.2203552116187561,0.35632181900920173,10,flgG,-0.13296024999999997,-2.5197,3.9654,6h_SI5,6h,SI5,6h_ce,6h,ce,6.485099999999999,flgG
N900_RS03485,0.34034842785859176,0.3686785069143505,0.44400589358318265,0.21998337555852737,0.34034842785859176,PCA,0.12036505230006439,0.12036505230006439,0.14869513135582313,0.22402251802465528,10,flgH,-0.06573306666666665,-2.2189,3.5089,24h_st,24h,st,1h_co,1h,co,5.7278,flgH
N900_RS03490,0.2614034036433493,0.3648268719001494,0.7568853010559119,0.3275622055735908,0.2614034036433493,PCA,-0.06615880193024148,-0.06615880193024148,0.037264666326558615,0.4293230954823211,10,flgi,0.20428071666666667,-1.3246,2.9299,6h_SI3,6h,SI3,6h_st,6h,st,4.2545,flgi
N900_RS03495,0.2586380991323326,0.2811860323731743,0.5904775985054631,0.1965811397590244,0.2586380991323326,PCA,0.06205695937330821,0.06205695937330821,0.08460489261414991,0.39389645874643875,10,flgJ,-0.44742275000000004,-2.3395,1.8545,6h_SI3,6h,SI3,1h_co,1h,co,4.194,flgJ
N900_RS03500,0.43850786001932496,0.46409209759966147,0.6048090810156951,0.29842123666836184,0.43850786001932496,PCA,0.1400866233509631,0.1400866233509631,0.16567086093129962,0.30638784434733324,10,flgK,-0.37965105,-2.7052,2.176,24h_st,24h,st,3h_SI4,3h,SI4,4.8812,flgK
N900_RS03505,0.5133016327215282,0.5612242997957768,0.6537920405993963,0.4725661005265305,0.5133016327215282,PCA,0.0407355321949977,0.0407355321949977,0.08865819926924634,0.18122594007286585,10,flgL,-0.5631657109999999,-3.2202,2.3113,24h_SI3,24h,SI3,12h_SI2,12h,SI2,5.5315,flgL
N900_RS03515,0.3912050818767349,0.5037838117256099,0.7740064903014758,0.28944196431991004,0.3912050818767349,PCA,0.10176311755682488,0.10176311755682488,0.2143418474056999,0.4845645259815658,10,flaA,0.16992531666666666,-2.0482,4.1697,24h_st,24h,st,12h_SI1,12h,SI1,6.2179,flaA
N900_RS03520,0.3984802524449636,0.6094778468823406,0.8206531370786201,0.4094596257601032,0.3984802524449636,PCA,-0.010979373315139596,-0.010979373315139596,0.20001822112223744,0.4111935113185169,10,flaC,0.7919410433333333,-1.0473,5.441,1h_SI1,1h,SI1,6h_st,6h,st,6.4883,flaC
N900_RS03550,0.35299992637428873,0.42182097773868815,0.45928886108824846,0.38148482932413985,0.35299992637428873,PCA,-0.02848490294985112,-0.02848490294985112,0.0403361484145483,0.0778040317641086,10,ychF,-0.16723281666666667,-2.8794,5.1424,6h_SI6,6h,SI6,6h_st,6h,st,8.0218,ychF
N900_RS03585,0.08827742404582849,0.1404405549561112,0.12424769980233823,0.02195845462385254,0.08827742404582849,PCA,0.06631896942197595,0.06631896942197595,0.11848210033225867,0.10228924517848569,10,prmC,1.2679231333333336,-0.52671,3.4364,12h_ce,12h,ce,12h_st,12h,st,3.96311,prmC
N900_RS03590,0.7852128704555396,0.7391908689770792,0.9645841449726569,0.8304947298820957,0.7391908689770792,CP,-0.09130386090501652,-0.04528185942655616,-0.09130386090501652,0.13408941509056116,10,sirB2,0.7311103499999999,-2.5659,5.3479,6h_SI6,6h,SI6,3h_SI5,3h,SI5,7.9138,sirB2
N900_RS03595,0.1869384206320255,0.22866304942004118,0.39091540174346023,0.19636977826777782,0.1869384206320255,PCA,-0.009431357635752313,-0.009431357635752313,0.03229327115226335,0.1945456234756824,10,sirB1,1.1940692,-0.35314,5.0618,3h_co,3h,co,3h_SI3,3h,SI3,5.41494,sirB1
N900_RS03605,0.16167781063809586,0.20691948742940747,0.366878021028611,0.14296215295075507,0.16167781063809586,PCA,0.018715657687340792,0.018715657687340792,0.0639573344786524,0.22391586807785593,10,ushA,0.08067279666666669,-1.3692,2.8217,6h_st,6h,st,3h_SI4,3h,SI4,4.1909,ushA
N900_RS03610,0.34874380040172176,0.6358402211917042,0.6490010665458371,0.3816380825944857,0.34874380040172176,PCA,-0.03289428219276391,-0.03289428219276391,0.2542021385972186,0.26736298395135144,10,ybaK,0.13777997233333336,-1.2145,3.027,12h_SI2,12h,SI2,3h_SI3,3h,SI3,4.2415,ybaK
N900_RS03615,0.23010662730498038,0.2376107533451324,0.35268969292654606,0.24454430659137516,0.23010662730498038,PCA,-0.014437679286394778,-0.014437679286394778,-0.006933553246242757,0.1081453863351709,10,uracil-xanthine permease,1.3931589866666663,-0.063575,4.4496,1h_SI5,1h,SI5,6h_st,6h,st,4.513175,uracil-xanthine permease
N900_RS03620,0.3364183485659888,0.33104594622554356,0.524429564724498,0.36066457872729074,0.33104594622554356,CP,-0.029618632501747177,-0.02424623016130195,-0.029618632501747177,0.16376498599720724,10,N900_RS03620,1.4869252666666668,-1.7158,4.6252,6h_SI5,6h,SI5,3h_SI4,3h,SI4,6.341,N900_RS03620
N900_RS03625,0.5358760315896801,0.6741762619084778,0.8430508251776104,0.4565706375492642,0.5358760315896801,PCA,0.07930539404041592,0.07930539404041592,0.2176056243592136,0.38648018762834624,10,N900_RS03625,0.5601088333333333,-1.1414,4.1243,12h_SI3,12h,SI3,3h_SI5,3h,SI5,5.2657,N900_RS03625
N900_RS03630,0.16505463935923997,0.18008418836914802,0.3316277736729457,0.17066507403229011,0.16505463935923997,PCA,-0.005610434673050141,-0.005610434673050141,0.009419114336857909,0.1609626996406556,10,wrbA,0.49509816333333334,-0.89623,3.5,3h_st,3h,st,1h_SI1,1h,SI1,4.39623,wrbA
N900_RS03635,0.7877747644293603,0.7595482534486521,0.921119362500933,0.6837961840666743,0.7595482534486521,CP,0.07575206938197776,0.10397858036268603,0.07575206938197776,0.23732317843425865,10,arsC,0.7619127000000001,-0.69393,3.4797,6h_SI7,6h,SI7,3h_SI7,3h,SI7,4.17363,arsC
N900_RS03640,0.32584879744096384,0.33528459605364186,0.7065802891102787,0.29294393416097314,0.32584879744096384,PCA,0.032904863279990704,0.032904863279990704,0.04234066189266872,0.41363635494930556,10,bepA_1,0.7092973833333333,-0.73641,4.1162,6h_SI3,6h,SI3,3h_SI1,3h,SI1,4.85261,bepA_1
N900_RS03645,0.46944755890303574,0.44299191554485556,0.6626078065307931,0.3746440087709337,0.44299191554485556,CP,0.06834790677392188,0.09480355013210207,0.06834790677392188,0.2879637977598594,10,N900_RS03645,1.008413416666667,-0.60351,3.8867,3h_co,3h,co,3h_SI2,3h,SI2,4.490209999999999,N900_RS03645
N900_RS03650,0.27672871102363916,0.2783535316675873,0.43022838663227375,0.25368590983130035,0.27672871102363916,PCA,0.023042801192338813,0.023042801192338813,0.024667621836286957,0.1765424768009734,10,perM,0.6932577166666668,-0.69001,3.4298,3h_SI9,3h,SI9,12h_SI1,12h,SI1,4.11981,perM
N900_RS03655,0.23989837742141915,0.2593712612934554,0.41101577593976707,0.28507325761663316,0.23989837742141915,PCA,-0.04517488019521401,-0.04517488019521401,-0.025701996323177767,0.1259425183231339,10,mlp24,1.4873711666666665,0.27441,4.4475,3h_SI3,3h,SI3,3h_SI4,3h,SI4,4.17309,mlp24
N900_RS03660,0.3537688095252505,0.32270095249822556,0.5820570840948422,0.3486091215775062,0.32270095249822556,CP,-0.02590816907928062,0.005159687947744351,-0.02590816907928062,0.23344796251733607,10,bcp,0.23147527666666662,-1.7163,4.3787,6h_SI7,6h,SI7,3h_SI3,3h,SI3,6.095000000000001,bcp
N900_RS03665,0.31250057655641295,0.3461595816008178,0.5543885082882476,0.28352340839565593,0.31250057655641295,PCA,0.028977168160757016,0.028977168160757016,0.06263617320516185,0.27086509989259167,10,gcvR,1.7646126666666668,-0.38961,5.8117,1h_SI1,1h,SI1,12h_st,12h,st,6.20131,gcvR
N900_RS03675,0.255953205920072,0.30158548410387576,0.551747901241378,0.2962877460651973,0.255953205920072,PCA,-0.04033454014512533,-0.04033454014512533,0.005297738038678446,0.25546015517618065,10,bamC,0.88281807,-0.67533,3.8229,1h_SI5,1h,SI5,3h_st,3h,st,4.49823,bamC
N900_RS03680,0.25816499503067597,0.33499418552188814,0.6837996705255264,0.3366205401781269,0.25816499503067597,PCA,-0.07845554514745096,-0.07845554514745096,-0.001626354656238782,0.34717913034739945,10,N900_RS03680,0.55879889,-1.2673,4.5292,12h_SI2,12h,SI2,3h_st,3h,st,5.7965,N900_RS03680
N900_RS03685,0.23725275344784766,0.2710236522737168,0.25868527142246694,0.20719714818514354,0.23725275344784766,PCA,0.03005560526270412,0.03005560526270412,0.06382650408857324,0.05148812323732341,10,M15 family metallopeptidase,1.4966350999999998,-0.5671,3.2515,12h_SI6,12h,SI6,12h_st,12h,st,3.8186,M15 family metallopeptidase
N900_RS03690,0.38388164950226444,0.3930381207274237,0.4520478694185153,0.3956367937397343,0.38388164950226444,PCA,-0.011755144237469872,-0.011755144237469872,-0.0025986730123105928,0.05641107567878101,10,dapE,0.0205343333333333,-2.4693,4.7686,1h_SI6,1h,SI6,6h_SI3,6h,SI3,7.2379,dapE
N900_RS03695,0.19774808643215944,0.1856533192561933,0.58809890549883,0.15695238176790746,0.1856533192561933,CP,0.028700937488285838,0.040795704664251975,0.028700937488285838,0.43114652373092255,10,ArsC family reductase,1.2582872,-0.038061,5.026,3h_SI3,3h,SI3,6h_st,6h,st,5.064061,ArsC family reductase
N900_RS03700,0.3941615718386309,0.47338112952540173,0.6456227340369026,0.34770312694888805,0.3941615718386309,PCA,0.04645844488974282,0.04645844488974282,0.12567800257651368,0.29791960708801457,10,N900_RS03700,1.0246902466666665,-0.48085,5.02,3h_SI5,3h,SI5,6h_SI2,6h,SI2,5.50085,N900_RS03700
N900_RS03705,0.32122164620497234,0.31832648586631423,0.49391745280462757,0.31853750214458826,0.31832648586631423,CP,-0.00021101627827402325,0.002684144060384086,-0.00021101627827402325,0.1753799506600393,10,N900_RS03705,0.9900437666666668,-0.64182,6.3746,3h_co,3h,co,6h_SI3,6h,SI3,7.01642,N900_RS03705
N900_RS03710,0.33876130587007514,0.3014859519095353,0.5067856473302597,0.29724193749630085,0.3014859519095353,CP,0.004244014413234465,0.04151936837377429,0.004244014413234465,0.2095437098339588,10,N900_RS03710,0.5831419666666666,-0.73314,3.324,12h_st,12h,st,3h_SI1,3h,SI1,4.0571399999999995,N900_RS03710
N900_RS03715,0.2681659948868262,0.3002128382830898,0.5064076609731899,0.2726077743885758,0.2681659948868262,PCA,-0.004441779501749621,-0.004441779501749621,0.027605063894514004,0.2337998865846141,10,yfeX,0.7683352,-0.67149,4.4085,6h_co,6h,co,3h_SI3,3h,SI3,5.0799900000000004,yfeX
N900_RS03720,0.6319502323713816,0.5731942396193896,0.9020405150201185,0.5612489231529699,0.5731942396193896,CP,0.01194531646641972,0.07070130921841167,0.01194531646641972,0.3407915918671486,10,flaE,0.03334885000000003,-2.3773,4.2765,6h_SI5,6h,SI5,12h_SI1,12h,SI1,6.6538,flaE
N900_RS03725,0.2547867766169237,0.22757400897067023,0.35613767171083716,0.2142982570804292,0.22757400897067023,CP,0.013275751890241022,0.040488519536494516,0.013275751890241022,0.14183941463040795,10,flaD,2.1296734833333333,-0.053671,4.6878,1h_ce,1h,ce,6h_SI3,6h,SI3,4.741471,flaD
N900_RS03730,0.2659361079981172,0.2649318872105932,0.44540920874811835,0.21356179161765995,0.2649318872105932,CP,0.051370095592933235,0.052374316380457225,0.051370095592933235,0.2318474171304584,10,flaB,0.1458025983333333,-1.2065,3.0556,24h_st,24h,st,3h_SI4,3h,SI4,4.2621,flaB
N900_RS03735,0.7318253728741467,0.7136577578995501,0.8532547982948699,0.7295816514242401,0.7136577578995501,CP,-0.015923893524690036,0.0022437214499065883,-0.015923893524690036,0.1236731468706298,10,flaG,0.009930654708333335,-5.0105e-06,0.47317,12h_SI9,12h,SI9,3h_SI5,3h,SI5,0.4731750105,flaG
N900_RS03740,0.43016020564476404,0.5011664100160111,0.537398659605792,0.27655389159374,0.43016020564476404,PCA,0.15360631405102404,0.15360631405102404,0.22461251842227115,0.26084476801205203,10,fliD,-0.33881431666666667,-2.6888,3.2234,24h_st,24h,st,1h_ce,1h,ce,5.9122,fliD
N900_RS03745,0.38193470304180893,0.4395905798564812,0.6675379808128479,0.3722540077692138,0.38193470304180893,PCA,0.00968069527259513,0.00968069527259513,0.0673365720872674,0.2952839730436341,10,flaI,-0.1419128366666667,-2.4906,2.8485,24h_st,24h,st,3h_SI6,3h,SI6,5.3391,flaI
N900_RS03750,0.4794099197585518,0.5856319323186856,0.6346731950893242,0.529903250860232,0.4794099197585518,PCA,-0.05049333110168025,-0.05049333110168025,0.055728681458453555,0.10476994422909214,10,fliS,-0.30167765,-3.0606,3.4384,6h_SI5,6h,SI5,12h_SI1,12h,SI1,6.4990000000000006,fliS
N900_RS03755,0.5044031288857528,0.576573337423888,0.6882514293136854,0.3795896980781113,0.5044031288857528,PCA,0.12481343080764146,0.12481343080764146,0.19698363934577673,0.3086617312355741,10,flrA,-0.5369366733333334,-2.1492,2.6204,24h_SI3,24h,SI3,6h_ce,6h,ce,4.7696000000000005,flrA
N900_RS03760,0.3988529895881757,0.3456474562384165,0.5299350092057107,0.3253765608519697,0.3456474562384165,CP,0.020270895386446774,0.07347642873620602,0.020270895386446774,0.20455844835374098,10,flrB,-0.9369038299999999,-2.5717,1.645,3h_SI6,3h,SI6,1h_co,1h,co,4.2166999999999994,flrB
N900_RS03765,0.31447277241686017,0.4196613430513069,0.4605340691615137,0.3053064518344511,0.31447277241686017,PCA,0.009166320582409071,0.009166320582409071,0.11435489121685583,0.15522761732706258,10,flrC,-0.8707446933333334,-2.6561,2.3086,6h_SI7,6h,SI7,1h_co,1h,co,4.964700000000001,flrC
N900_RS03770,0.5621445344668311,0.5275616016549585,0.7965410775196677,0.5950054383526425,0.5275616016549585,CP,-0.06744383669768406,-0.03286090388581142,-0.06744383669768406,0.20153563916702522,10,fliE,0.16610057333333336,-2.4807,3.7417,24h_st,24h,st,1h_st,1h,st,6.2224,fliE
N900_RS03775,0.41459172018031965,0.5658287837134733,0.5726827131992699,0.42250924038393856,0.41459172018031965,PCA,-0.00791752020361891,-0.00791752020361891,0.14331954332953478,0.15017347281533133,10,fliF,-0.3808072083333334,-2.6879,3.0299,24h_SI2,24h,SI2,1h_co,1h,co,5.7178,fliF
N900_RS03780,0.5002778836404235,0.5201995556340134,0.687936408106883,0.5317631069354878,0.5002778836404235,PCA,-0.03148522329506431,-0.03148522329506431,-0.01156355130147435,0.15617330117139516,10,fliG,-0.6873556220000001,-2.1395,2.8224,6h_SI1,6h,SI1,3h_SI4,3h,SI4,4.9619,fliG
N900_RS03785,0.2751553605468359,0.3670393077454656,0.4130082914015153,0.23614588631708938,0.2751553605468359,PCA,0.039009474229746544,0.039009474229746544,0.13089342142837623,0.1768624050844259,10,fliH,-0.6827772483333334,-2.7364,2.1816,24h_st,24h,st,1h_ce,1h,ce,4.918,fliH
N900_RS03790,0.29764156132178665,0.29691935169478234,0.5791539294861432,0.3086220344252545,0.29691935169478234,CP,-0.011702682730472147,-0.010980473103467836,-0.011702682730472147,0.2705318950608887,10,fliI,-0.7154320333333334,-3.1346,2.4412,6h_SI5,6h,SI5,6h_st,6h,st,5.575799999999999,fliI
N900_RS03795,0.5645032922534455,0.6102930845820038,0.7145413448496956,0.46501853574406327,0.5645032922534455,PCA,0.09948475650938227,0.09948475650938227,0.14527454883794055,0.2495228091056323,10,fliJ,-0.5623280166666668,-2.7639,3.963,24h_SI2,24h,SI2,1h_co,1h,co,6.7269000000000005,fliJ
N900_RS03800,0.5000295596884544,0.535751746408286,0.7210939386660752,0.31550712295579486,0.5000295596884544,PCA,0.18452243673265956,0.18452243673265956,0.22024462345249118,0.4055868157102803,10,FliK,0.3675888499999999,-1.69,3.1892,12h_SI1,12h,SI1,3h_SI7,3h,SI7,4.8792,FliK
N900_RS03805,0.2616034308181272,0.24169318241734628,0.3721985541197761,0.1882207140550795,0.24169318241734628,CP,0.05347246836226677,0.0733827167630477,0.05347246836226677,0.18397784006469659,10,fliL_1,0.9051686891666666,-0.63146,3.9314,1h_SI6,1h,SI6,3h_SI1,3h,SI1,4.56286,fliL_1
N900_RS03810,0.4312872954331505,0.5225521868826013,0.7926891300899227,0.6108610431466394,0.4312872954331505,PCA,-0.17957374771348888,-0.17957374771348888,-0.08830885626403806,0.18182808694328334,10,fliM,0.46106991666666663,-1.3375,3.2413,6h_SI2,6h,SI2,3h_st,3h,st,4.578799999999999,fliM
N900_RS03815,0.5557753800463178,0.6306881735493601,0.6244564292861033,0.399476229001422,0.5557753800463178,PCA,0.15629915104489578,0.15629915104489578,0.23121194454793814,0.22498020028468135,10,fliN,-0.8230109999999999,-2.809,2.6714,24h_SI2,24h,SI2,6h_SI5,6h,SI5,5.4804,fliN
N900_RS03820,0.4434369557400621,0.5354449996561931,0.5849459022134659,0.40745323839077774,0.4434369557400621,PCA,0.03598371734928435,0.03598371734928435,0.12799176126541534,0.17749266382268813,10,fliO,-0.7279040999999999,-2.759,2.3135,6h_SI7,6h,SI7,12h_st,12h,st,5.0725,fliO
N900_RS03825,0.32692561741688736,0.4298314333170852,0.6128737244758172,0.2730073558512824,0.32692561741688736,PCA,0.053918261565604975,0.053918261565604975,0.1568240774658028,0.33986636862453484,10,fliP,-0.9185846999999999,-2.8421,3.1481,24h_st,24h,st,6h_st,6h,st,5.9902,fliP
N900_RS03830,0.45292072859337196,0.4645911354067272,0.6056297671403702,0.3874752686234112,0.45292072859337196,PCA,0.06544545996996076,0.06544545996996076,0.077115866783316,0.218154498516959,10,fliQ,-0.3230146333333333,-2.7044,4.4215,24h_SI3,24h,SI3,1h_st,1h,st,7.1259,fliQ
N900_RS03835,0.3457708135221613,0.3926222309261281,0.5616680612128842,0.3648848078917955,0.3457708135221613,PCA,-0.01911399436963418,-0.01911399436963418,0.027737423034332576,0.19678325332108865,10,fliR,-0.8018761016666667,-3.0632,3.3387,6h_SI5,6h,SI5,6h_st,6h,st,6.4018999999999995,fliR
N900_RS03840,0.4179873384968167,0.5582047276573504,0.5760197663024581,0.31067089494032235,0.4179873384968167,PCA,0.10731644355649433,0.10731644355649433,0.24753383271702806,0.26534887136213575,10,flhB,-0.6510982333333334,-2.2122,1.9887,12h_SI1,12h,SI1,1h_ce,1h,ce,4.2009,flhB
N900_RS03845,0.4974452681966358,0.5969873705277006,0.7929923121789108,0.585639342298965,0.4974452681966358,PCA,-0.08819407410232916,-0.08819407410232916,0.011348028228735596,0.20735296987994578,10,smrB,0.13035139999999995,-2.7134,4.6682,6h_SI7,6h,SI7,12h_SI2,12h,SI2,7.3816,smrB
N900_RS03850,0.4389945144488902,0.39519795644708094,0.6214278278885328,0.4988612575124539,0.39519795644708094,CP,-0.10366330106537297,-0.05986674306356371,-0.10366330106537297,0.12256657037607888,10,prmB,0.6431684499999998,-1.3806,4.0404,6h_co,6h,co,3h_SI1,3h,SI1,5.421,prmB
N900_RS03855,0.589202047212038,0.6801099682791103,0.8335741644458394,0.563996031210544,0.589202047212038,PCA,0.02520601600149397,0.02520601600149397,0.11611393706856632,0.26957813323529545,10,N900_RS03855,-0.020193416666666665,-1.8639,3.2747,6h_SI9,6h,SI9,6h_SI3,6h,SI3,5.1386,N900_RS03855
N900_RS03860,0.3890441072492198,0.4187354652819744,0.4322126566131185,0.3666951298641407,0.3890441072492198,PCA,0.022348977385079072,0.022348977385079072,0.052040335417833705,0.06551752674897776,10,aroC,0.22324941166666665,-2.1794,2.8442,12h_SI9,12h,SI9,1h_SI1,1h,SI1,5.0236,aroC
N900_RS03865,0.5069077561914402,0.4941164738296909,0.8810542747882415,0.4338533420823974,0.4941164738296909,CP,0.06026313174729353,0.07305441410904284,0.06026313174729353,0.4472009327058441,10,UPF0126 membrane protein HI_1240_BLAST,0.52156715,-0.94416,4.1591,3h_SI8,3h,SI8,6h_st,6h,st,5.10326,UPF0126 membrane protein HI_1240_BLAST
N900_RS03870,0.15049702924824698,0.1797234382691021,0.2716214780427428,0.15902057243865478,0.15049702924824698,PCA,-0.008523543190407795,-0.008523543190407795,0.02070286583044731,0.112600905604088,10,epmC,0.9525703000000001,-0.49885,4.3038,1h_st,1h,st,3h_SI1,3h,SI1,4.80265,epmC
N900_RS03875,0.33030537966140244,0.3272032982190281,0.5899860783761173,0.2933661846434811,0.3272032982190281,CP,0.03383711357554703,0.03693919501792137,0.03383711357554703,0.2966198937326362,10,yfcl,0.22118402833333337,-1.0038,4.246,6h_SI4,6h,SI4,3h_SI2,3h,SI2,5.2498000000000005,yfcl
N900_RS03880,0.47109343601245224,0.42997260770253054,0.6601620921786695,0.4572063110731115,0.42997260770253054,CP,-0.027233703370580953,0.013887124939340745,-0.027233703370580953,0.202955781105558,10,NAD(P)H-dependent oxidoreductase,0.7045831833333335,-1.035,5.6277,6h_ce,6h,ce,3h_SI1,3h,SI1,6.6627,NAD(P)H-dependent oxidoreductase
N900_RS03885,0.25426334501049747,0.28496432366482344,0.5809491283769179,0.24604624974352227,0.25426334501049747,PCA,0.0082170952669752,0.0082170952669752,0.03891807392130117,0.33490287863339563,10,mnmC,1.0550568333333334,-0.37345,3.9275,3h_SI3,3h,SI3,1h_SI1,1h,SI1,4.30095,mnmC
N900_RS03890,0.28045874958477096,0.32988025192768883,0.3329753964357193,0.2562274554988139,0.28045874958477096,PCA,0.024231294085957034,0.024231294085957034,0.0736527964288749,0.07674794093690535,10,fabB,2.3340735,0.17644,4.1241,12h_SI7,12h,SI7,12h_st,12h,st,3.9476600000000004,fabB
N900_RS03900,0.3308068785208818,0.3570434772708177,0.7954817231037503,0.2980892633627466,0.3308068785208818,PCA,0.032717615158135205,0.032717615158135205,0.058954213908071096,0.4973924597410037,10,asd2,0.35775623333333334,-1.2085,4.1019,1h_co,1h,co,6h_st,6h,st,5.3104,asd2
N900_RS03905,0.10733850631923475,0.18438388054914706,0.16079858631615582,0.03968739538094871,0.10733850631923475,PCA,0.06765111093828605,0.06765111093828605,0.14469648516819836,0.12111119093520711,10,fur,1.9332754333333333,-0.05893,4.0533,6h_SI9,6h,SI9,12h_st,12h,st,4.11223,fur
N900_RS03910,0.27371152370300017,0.4097464638496221,0.46942045993306164,0.2543517386701691,0.27371152370300017,PCA,0.01935978503283109,0.01935978503283109,0.15539472517945302,0.21506872126289256,10,N900_RS03910,0.7460684583333334,-0.63054,4.1226,3h_SI5,3h,SI5,1h_SI1,1h,SI1,4.75314,N900_RS03910
N900_RS03915,0.11952084513964333,0.1086346187226251,0.2307339396629324,0.09662368045988165,0.1086346187226251,CP,0.01201093826274345,0.022897164679761675,0.01201093826274345,0.13411025920305075,10,gltC,1.3515615,-0.22479,3.753,3h_st,3h,st,6h_st,6h,st,3.97779,gltC
N900_RS03920,0.19868448934309157,0.1942242408625536,0.42002598101878214,0.17035501430046,0.1942242408625536,CP,0.023869226562093615,0.028329475042631586,0.023869226562093615,0.24967096671832215,10,cida,1.2251636333333333,-0.39789,4.3097,3h_SI3,3h,SI3,3h_SI1,3h,SI1,4.707590000000001,cida
N900_RS03925,0.2868759872984891,0.3431651183527846,0.598864020563692,0.31249497284502203,0.2868759872984891,PCA,-0.025618985546532913,-0.025618985546532913,0.030670145507762592,0.28636904771867,10,yohK_1,0.7665800333333334,-0.59014,3.1628,3h_SI1,3h,SI1,6h_SI1,6h,SI1,3.7529399999999997,yohK_1
N900_RS03935,0.12550700110919308,0.12100477192850297,0.2064605974683612,0.0980141357673457,0.12100477192850297,CP,0.022990636161157263,0.027492865341847375,0.022990636161157263,0.1084464617010155,10,N900_RS03935,1.293772916666667,-1.1482,4.7259,1h_ce,1h,ce,3h_SI2,3h,SI2,5.8741,N900_RS03935
N900_RS03940,0.26487361946369625,0.27409775828474964,0.3991706939331107,0.25539935781116496,0.26487361946369625,PCA,0.00947426165253129,0.00947426165253129,0.018698400473584675,0.14377133612194576,10,ybfF,-1.5442316166666665,-3.4541,2.6309,24h_co,24h,co,3h_SI3,3h,SI3,6.085,ybfF
N900_RS03950,0.31529338537147317,0.2932814723397256,0.5648086396799213,0.3705770312551981,0.2932814723397256,CP,-0.07729555891547246,-0.05528364588372492,-0.07729555891547246,0.19423160842472326,10,pgm_1,1.6265348166666667,-1.6172,6.4548,1h_SI4,1h,SI4,12h_st,12h,st,8.072,pgm_1
N900_RS03955,0.31418627287863077,0.3624078834447359,0.675281993598503,0.29170936099962713,0.31418627287863077,PCA,0.022476911879003636,0.022476911879003636,0.07069852244510877,0.3835726325988759,10,N900_RS03955,0.739720865,-0.94092,3.8135,3h_SI4,3h,SI4,6h_SI4,6h,SI4,4.75442,N900_RS03955
N900_RS03960,0.2613865331247801,0.2417617224703533,0.5057680486991067,0.1844944772425144,0.2417617224703533,CP,0.05726724522783891,0.07689205588226572,0.05726724522783891,0.32127357145659236,10,Nif3-like dinuclear metal center hexameric protein,0.7029972333333334,-1.0062,4.0297,12h_st,12h,st,3h_st,3h,st,5.0359,Nif3-like dinuclear metal center hexameric protein
N900_RS03965,0.22245984512190994,0.3206214717506899,0.3840077520374307,0.2067163726876912,0.22245984512190994,PCA,0.015743472434218753,0.015743472434218753,0.1139050990629987,0.17729137934973951,10,gltA,0.6352990666666667,-1.3576,4.6516,24h_SI6,24h,SI6,6h_ce,6h,ce,6.0092,gltA
N900_RS03970,0.400392308863787,0.41213810225251585,0.6699635583626252,0.35063586960131415,0.400392308863787,PCA,0.04975643926247286,0.04975643926247286,0.061502232651201694,0.31932768876131107,10,sdhC,0.8414603833333333,-0.87426,4.6181,24h_SI7,24h,SI7,12h_SI2,12h,SI2,5.49236,sdhC
N900_RS03975,0.735474459414089,0.7941228294070185,0.8853385036639466,0.6992710307771847,0.735474459414089,PCA,0.03620342863690429,0.03620342863690429,0.09485179862983384,0.18606747288676195,10,sdhD,0.8520120666666666,-1.4547,5.51,3h_SI7,3h,SI7,3h_SI4,3h,SI4,6.9647,sdhD
N900_RS03980,0.3762174463515392,0.38968991822131915,0.539866994913295,0.44726206503195376,0.3762174463515392,PCA,-0.07104461868041456,-0.07104461868041456,-0.057572146810634606,0.09260492988134128,10,sdhA,1.0102474000000001,-0.89054,4.0854,24h_SI7,24h,SI7,3h_SI5,3h,SI5,4.97594,sdhA
N900_RS03985,0.6135206309328273,0.5217581389513503,0.8166584504548536,0.6246479745340158,0.5217581389513503,CP,-0.10288983558266551,-0.0111273436011885,-0.10288983558266551,0.19201047592083786,10,sdhB,0.7567239000000001,-1.0021,4.473,1h_SI1,1h,SI1,3h_SI3,3h,SI3,5.475099999999999,sdhB
N900_RS03990,0.16017935036702247,0.19441320623515715,0.1818955047120352,0.13617317135340187,0.16017935036702247,PCA,0.024006179013620593,0.024006179013620593,0.058240034881755276,0.04572233335863332,10,sucA,1.0089264,-0.97663,2.916,12h_SI9,12h,SI9,12h_st,12h,st,3.89263,sucA
N900_RS03995,0.09136518491846865,0.14976218996160753,0.13394804171144234,0.02329024318535384,0.09136518491846865,PCA,0.06807494173311482,0.06807494173311482,0.1264719467762537,0.11065779852608851,10,odhB,1.2475109833333335,-0.6681,3.4384,6h_SI9,6h,SI9,12h_st,12h,st,4.1065000000000005,odhB
N900_RS04000,0.7471369566699327,0.7997783924000625,0.91179379824393,0.7729845376522764,0.7471369566699327,PCA,-0.025847580982343632,-0.025847580982343632,0.026793854747786172,0.13880926059165366,10,sucC,0.7891002266666668,-0.8927,4.916,24h_SI2,24h,SI2,6h_SI2,6h,SI2,5.8087,sucC
N900_RS04005,0.5753336490957657,0.6042060332487639,0.7998151323479142,0.63605908375514,0.5753336490957657,PCA,-0.0607254346593743,-0.0607254346593743,-0.0318530505063761,0.16375604859277426,10,sucD,0.2700158666666666,-1.5823,4.5892,24h_co,24h,co,6h_SI3,6h,SI3,6.1715,sucD
N900_RS04010,0.4859584496875771,0.5000147303006369,0.7675328966998376,0.4129472401189041,0.4859584496875771,PCA,0.07301120956867302,0.07301120956867302,0.08706749018173282,0.3545856565809335,10,znuB,0.8827400376666666,-1.1886,4.1628,1h_SI1,1h,SI1,24h_st,24h,st,5.3514,znuB
N900_RS04015,0.29763504399465046,0.34677854571887246,0.5900430613101147,0.3011919217213908,0.29763504399465046,PCA,-0.0035568777267403484,-0.0035568777267403484,0.045586623997481646,0.28885113958872394,10,znuC,0.5355939500000001,-0.94398,4.2298,6h_SI4,6h,SI4,12h_SI2,12h,SI2,5.17378,znuC
N900_RS04020,0.38756935482407495,0.32988825133209515,0.5206210597301119,0.25384423450085963,0.32988825133209515,CP,0.07604401683123552,0.13372512032321532,0.07604401683123552,0.2667768252292522,10,znuA,0.58623485,-0.88977,4.2981,3h_st,3h,st,1h_st,1h,st,5.18787,znuA
N900_RS04025,0.1594612413463014,0.18538425732642366,0.36417196501770194,0.13382394067810424,0.1594612413463014,PCA,0.025637300668197166,0.025637300668197166,0.05156031664831942,0.2303480243395977,10,AraC family transcriptional regulator_1,1.7363676775666668,4.0654e-05,4.5295,1h_st,1h,st,12h_SI2,12h,SI2,4.529459345999999,AraC family transcriptional regulator_1
N900_RS04030,0.40555694583699176,0.3409068338624845,0.6837221215170631,0.40937911439601504,0.3409068338624845,CP,-0.06847228053353055,-0.0038221685590232868,-0.06847228053353055,0.2743430071210481,10,ferrous iron transport protein A,0.5604295416666666,-2.385,4.8938,1h_SI2,1h,SI2,3h_SI1,3h,SI1,7.2787999999999995,ferrous iron transport protein A
N900_RS04035,0.1748097890742562,0.16389301593160735,0.34402075629707163,0.14487024400700096,0.16389301593160735,CP,0.019022771924606385,0.02993954506725524,0.019022771924606385,0.19915051229007066,10,feoB,0.3730543833333334,-0.82919,4.0075,12h_SI6,12h,SI6,3h_st,3h,st,4.83669,feoB
N900_RS04040,0.1642611785218592,0.16599286333002478,0.26649832512852906,0.1844596113025137,0.1642611785218592,PCA,-0.0201984327806545,-0.0201984327806545,-0.01846674797248893,0.08203871382601535,10,feoc,0.68838115,-0.68518,3.2103,12h_SI7,12h,SI7,6h_SI4,6h,SI4,3.89548,feoc
N900_RS04045,0.4740031061269413,0.5141340683189977,0.6880892677502947,0.3397887841993645,0.4740031061269413,PCA,0.13421432192757682,0.13421432192757682,0.17434528411963318,0.3483004835509302,10,N900_RS04045,1.4359475333333334,-0.6599,5.2083,3h_ce,3h,ce,1h_st,1h,st,5.868200000000001,N900_RS04045
N900_RS04055,0.32199686970629926,0.37541396641467567,0.6434652432006399,0.2869570572522646,0.32199686970629926,PCA,0.03503981245403465,0.03503981245403465,0.08845690916241106,0.3565081859483753,10,yecM,1.3601655999999998,-0.19484,4.1281,3h_SI2,3h,SI2,1h_ce,1h,ce,4.32294,yecM
N900_RS04060,0.1634956158155797,0.21741323725231668,0.2917466141189935,0.19757179871712763,0.1634956158155797,PCA,-0.03407618290154793,-0.03407618290154793,0.01984143853518905,0.09417481540186587,10,"peptidase, insulinase family",0.8679004300000002,-0.48433,3.4367,1h_st,1h,st,3h_SI3,3h,SI3,3.92103,"peptidase, insulinase family"
N900_RS04065,0.7470403418297542,0.7563783430397638,0.9376594852668886,0.5817782816853718,0.7470403418297542,PCA,0.16526206014438238,0.16526206014438238,0.174600061354392,0.35588120358151676,10,sixA,1.249436582666667,-1.8615,2.8508,12h_SI8,12h,SI8,3h_SI9,3h,SI9,4.7123,sixA
N900_RS04070,0.19817835150042487,0.2044589459204401,0.40769426495961214,0.20066589433519152,0.19817835150042487,PCA,-0.002487542834766654,-0.002487542834766654,0.0037930515852485636,0.20702837062442062,10,flhA,-0.4610293333333333,-2.2731,2.152,24h_st,24h,st,1h_SI1,1h,SI1,4.4251000000000005,flhA
N900_RS04075,0.6118884202186572,0.5325720738387859,0.9313778995452082,0.606914426918525,0.5325720738387859,CP,-0.07434235307973913,0.004973993300132151,-0.07434235307973913,0.3244634726266832,10,flhF,0.9325626566666668,-1.0061,5.0924,24h_st,24h,st,6h_SI2,6h,SI2,6.0985,flhF
N900_RS04080,0.8395982249067387,0.7693558070564479,0.8403573965436685,0.8040999852372857,0.7693558070564479,CP,-0.03474417818083775,0.03549823966945309,-0.03474417818083775,0.036257411306382825,10,MinD-related protein,-0.36103495,-2.9293,1.325,6h_SI9,6h,SI9,6h_SI8,6h,SI8,4.2543,MinD-related protein
N900_RS04085,0.27891623281012584,0.32434367688264315,0.4020842963341759,0.2912024768354123,0.27891623281012584,PCA,-0.012286244025286441,-0.012286244025286441,0.03314120004723087,0.11088181949876363,10,flia,-0.14443718333333333,-2.1923,2.7654,12h_SI3,12h,SI3,1h_ce,1h,ce,4.9577,flia
N900_RS04090,0.15567623731128258,0.1647985081291351,0.2600878476891502,0.1631041664713548,0.15567623731128258,PCA,-0.007427929160072233,-0.007427929160072233,0.0016943416577802906,0.09698368121779541,10,cheY3,0.9764310833333333,-1.7488,4.8326,24h_SI9,24h,SI9,12h_SI1,12h,SI1,6.5814,cheY3
N900_RS04095,0.2912462614668094,0.2796865158020474,0.7814478873110323,0.3489566762057701,0.2796865158020474,CP,-0.06927016040372269,-0.057710414738960714,-0.06927016040372269,0.43249121110526223,10,cheZ,0.4809716,-1.0067,3.6048,6h_st,6h,st,6h_SI3,6h,SI3,4.6114999999999995,cheZ
N900_RS04100,0.1273715057830258,0.11017659025276495,0.1918686341337972,0.08194253062409448,0.11017659025276495,CP,0.02823405962867047,0.04542897515893132,0.02823405962867047,0.10992610350970272,10,cheA2,2.0485832166666667,-1.0892,6.0597,1h_SI5,1h,SI5,12h_SI1,12h,SI1,7.1489,cheA2
N900_RS04105,0.3966691828383958,0.4325131784809118,0.7965505843628798,0.5105618338450851,0.3966691828383958,PCA,-0.11389265100668933,-0.11389265100668933,-0.07804865536417332,0.2859887505177947,10,cheB2,0.5166877833333333,-2.4167,5.2651,6h_SI5,6h,SI5,12h_st,12h,st,7.681800000000001,cheB2
N900_RS04110,0.3792908630231121,0.4619256148520938,0.6663412638205306,0.4197636317439239,0.3792908630231121,PCA,-0.04047276872081179,-0.04047276872081179,0.04216198310816993,0.2465776320766067,10,parP,-0.6725193666666666,-4.7668,4.4181,6h_SI6,6h,SI6,12h_SI1,12h,SI1,9.184899999999999,parP
N900_RS04115,0.16160760906390806,0.15717882549468934,0.30551028094018284,0.13418692769981347,0.15717882549468934,CP,0.02299189779487587,0.02742068136409459,0.02299189779487587,0.17132335324036937,10,parC,0.7414475333333334,-0.91741,3.2208,1h_st,1h,st,3h_st,3h,st,4.13821,parC
N900_RS04120,0.13689135760862342,0.13200424750287523,0.21380536670713057,0.14637242601662956,0.13200424750287523,CP,-0.014368178513754326,-0.009481068408006138,-0.014368178513754326,0.06743294069050101,10,cheW1,1.7180695333333336,-1.5562,5.2856,1h_SI5,1h,SI5,6h_SI1,6h,SI1,6.841799999999999,cheW1
N900_RS04125,0.47287879783213677,0.5325287856191768,0.7125827841948015,0.416040272194061,0.47287879783213677,PCA,0.05683852563807579,0.05683852563807579,0.11648851342511585,0.2965425120007405,10,N900_RS04125,-0.4668900666666667,-2.8209,2.5978,6h_SI5,6h,SI5,3h_SI3,3h,SI3,5.418699999999999,N900_RS04125
N900_RS04130,0.782309864816503,0.7377866661203141,0.8597868647385009,0.7973119531165408,0.7377866661203141,CP,-0.05952528699622672,-0.015002088300037797,-0.05952528699622672,0.06247491162196006,10,ccmA,-0.7289013433333333,-2.5826,3.7387,12h_SI8,12h,SI8,6h_SI3,6h,SI3,6.3213,ccmA
N900_RS04135,0.5680059146287643,0.5721553028809147,0.8278677389710926,0.5360016862289818,0.5680059146287643,PCA,0.03200422839978245,0.03200422839978245,0.03615361665193284,0.29186605274211075,10,ccmB,0.029472900000000014,-2.4321,4.4948,6h_co,6h,co,6h_SI2,6h,SI2,6.9269,ccmB
N900_RS04140,0.38518303246266,0.4223477427703401,0.669928026304397,0.40729586995421924,0.38518303246266,PCA,-0.022112837491559234,-0.022112837491559234,0.01505187281612086,0.2626321563501777,10,ccmC,0.9272210833333333,-1.2739,3.7783,3h_SI9,3h,SI9,6h_SI4,6h,SI4,5.0522,ccmC
N900_RS04145,0.4865069503823315,0.476587795500857,0.7463608106460449,0.5377870626620989,0.476587795500857,CP,-0.061199267161241855,-0.051280112279767365,-0.061199267161241855,0.208573747983946,10,ccmD,0.5862799666666666,-1.5633,4.4739,1h_SI2,1h,SI2,3h_SI5,3h,SI5,6.0372,ccmD
N900_RS04150,0.23480156452070336,0.35547092491912974,0.462896871551054,0.28015342536063675,0.23480156452070336,PCA,-0.045351860839933394,-0.045351860839933394,0.07531749955849298,0.18274344619041727,10,ccmE_1,1.57692195,-0.49044,6.2301,1h_SI2,1h,SI2,3h_SI3,3h,SI3,6.72054,ccmE_1
N900_RS04155,0.3385907842361071,0.3733006057747419,0.5014379088996306,0.38590604543859175,0.3385907842361071,PCA,-0.04731526120248464,-0.04731526120248464,-0.01260543966384986,0.11553186346103883,10,ccmf,0.6224349833333331,-1.9232,4.2958,1h_SI2,1h,SI2,3h_SI1,3h,SI1,6.218999999999999,ccmf
N900_RS04160,0.42239324902575337,0.375498762559638,0.6668471953563372,0.3988520064625471,0.375498762559638,CP,-0.023353243902909104,0.023541242563206277,-0.023353243902909104,0.2679951888937901,10,dsbe,0.11767936166666662,-1.8392,2.8056,1h_SI3,1h,SI3,3h_SI5,3h,SI5,4.6448,dsbe
N900_RS04165,0.5472408268285073,0.6003635118911425,0.7569717346991038,0.5725781606989883,0.5472408268285073,PCA,-0.025337333870480983,-0.025337333870480983,0.027785351192154195,0.18439357400011558,10,CcmH,0.7086998833333334,-2.107,4.9397,12h_co,12h,co,3h_SI3,3h,SI3,7.0467,CcmH
N900_RS04170,0.3997830636859729,0.37796091068725884,0.6428853140860958,0.43215236821658554,0.37796091068725884,CP,-0.05419145752932669,-0.03236930453061265,-0.05419145752932669,0.2107329458695103,10,ccmI,1.1990264000000002,-0.77572,4.4827,1h_SI5,1h,SI5,3h_SI4,3h,SI4,5.25842,ccmI
N900_RS04175,0.31253071562691775,0.28541577663598083,0.49796938542647534,0.37726531358431864,0.28541577663598083,CP,-0.0918495369483378,-0.06473459795740089,-0.0918495369483378,0.1207040718421567,10,mlaA,1.7644940551666666,-0.60709,4.5445,1h_SI3,1h,SI3,3h_SI5,3h,SI5,5.151590000000001,mlaA
N900_RS04180,0.3045508847782876,0.3198244491632093,0.7300099801997904,0.3624736155423457,0.3045508847782876,PCA,-0.05792273076405807,-0.05792273076405807,-0.042649166379136405,0.36753636465744466,10,fabG_1,1.1036457166666667,-0.66004,5.6395,1h_SI1,1h,SI1,3h_SI3,3h,SI3,6.29954,fabG_1
N900_RS04185,0.541489121608715,0.5138477327999095,0.8225918730859753,0.5171322077578712,0.5138477327999095,CP,-0.0032844749579616916,0.02435691385084382,-0.0032844749579616916,0.3054596653281041,10,N900_RS04185,-0.04826514,-2.7113,3.4978,6h_SI5,6h,SI5,3h_SI1,3h,SI1,6.209099999999999,N900_RS04185
N900_RS04190,0.12631357124145096,0.16722096394976046,0.16374144152412873,0.057401242142098435,0.12631357124145096,PCA,0.06891232909935252,0.06891232909935252,0.10981972180766203,0.10634019938203029,10,sodB,-0.65113835,-2.6342,1.4708,6h_SI9,6h,SI9,12h_st,12h,st,4.105,sodB
N900_RS04195,0.35165992158540255,0.46154336353883,0.6393114543552328,0.38729356300061446,0.35165992158540255,PCA,-0.035633641415211914,-0.035633641415211914,0.07424980053821556,0.2520178913546184,10,grxD,0.45910677166666675,-0.67781,3.0856,12h_st,12h,st,12h_SI3,12h,SI3,3.76341,grxD
N900_RS04200,0.16171243781907804,0.1860130213096525,0.40898867480743445,0.18268114525782805,0.16171243781907804,PCA,-0.02096870743875001,-0.02096870743875001,0.003331876051824445,0.2263075295496064,10,topB,0.9863347,-0.52674,3.741,6h_st,6h,st,3h_SI2,3h,SI2,4.26774,topB
N900_RS04205,0.1908761809199407,0.18537562726411713,0.413305391047711,0.17277585000015375,0.18537562726411713,CP,0.012599777263963385,0.018100330919786967,0.012599777263963385,0.24052954104755728,10,acuC,1.1421202500000003,-0.30508,3.7771,6h_st,6h,st,3h_SI2,3h,SI2,4.08218,acuC
N900_RS04225,0.3956544577600581,0.5098237010065386,0.7606663700352796,0.3392339024578563,0.3956544577600581,PCA,0.0564205553022018,0.0564205553022018,0.17058979854868234,0.4214324675774233,10,VC0395_A1625_BLAST,0.82632,-1.7969,4.0939,12h_SI2,12h,SI2,1h_SI1,1h,SI1,5.8908,VC0395_A1625_BLAST
N900_RS04230,0.37364494065797527,0.3209089964994298,0.5975490468067872,0.3454709577541201,0.3209089964994298,CP,-0.024561961254690345,0.028173982903855144,-0.024561961254690345,0.2520780890526671,10,yejk,0.7181351666666665,-1.0922,4.2637,3h_SI9,3h,SI9,6h_SI3,6h,SI3,5.3559,yejk
N900_RS04235,0.22201034397875383,0.25323095266297535,0.49888183890293886,0.2222846742661678,0.22201034397875383,PCA,-0.0002743302874139708,-0.0002743302874139708,0.030946278396807553,0.2765971646367711,10,sensor histidine kinase_2,0.7237244583333333,-0.66871,3.8955,3h_SI1,3h,SI1,6h_st,6h,st,4.56421,sensor histidine kinase_2
N900_RS04240,0.5440660425555552,0.6199524656301006,0.8562912957769347,0.6609129461554019,0.5440660425555552,PCA,-0.11684690359984662,-0.11684690359984662,-0.04096048052530121,0.1953783496215329,10,nhaC,0.8757888249999998,-0.81013,4.866,1h_SI7,1h,SI7,6h_SI4,6h,SI4,5.67613,nhaC
N900_RS04245,0.27748980088101177,0.2653195378609227,0.3707193460350976,0.26148645515346003,0.2653195378609227,CP,0.003833082707462687,0.016003345727551743,0.003833082707462687,0.10923289088163757,10,asd1,1.4217143166666668,0.032518,4.7959,12h_st,12h,st,3h_st,3h,st,4.763382,asd1
N900_RS04250,0.2174175714425455,0.22328883782759085,0.47379607585447137,0.17980557199267036,0.2174175714425455,PCA,0.037611999449875144,0.037611999449875144,0.04348326583492049,0.29399050386180103,10,ychE_BLAST,0.6742577139999999,-0.82011,3.5925,3h_SI1,3h,SI1,6h_st,6h,st,4.41261,ychE_BLAST
N900_RS04255,0.6157054212183088,0.5547692796343824,0.7285644233712635,0.569650770902386,0.5547692796343824,CP,-0.014881491268003644,0.04605465031592282,-0.014881491268003644,0.15891365246887745,10,adhE,1.1671280299999998,-0.18012,4.4303,1h_ce,1h,ce,12h_SI1,12h,SI1,4.6104199999999995,adhE
N900_RS04260,0.08306450174913747,0.10313993189160706,0.18719731337992904,0.07852498299056988,0.08306450174913747,PCA,0.00453951875856759,0.00453951875856759,0.024614948901037173,0.10867233038935915,10,eamA_4,1.1974101499999998,-0.29335,4.1358,6h_SI8,6h,SI8,12h_SI1,12h,SI1,4.42915,eamA_4
N900_RS04265,0.373967945532832,0.42999076137454784,0.8988821587730941,0.4566518920211954,0.373967945532832,PCA,-0.08268394648836336,-0.08268394648836336,-0.026661130646647546,0.4422302667518987,10,SulP family inorganic anion transporter_1,1.0018395583333335,-1.1449,4.9608,1h_co,1h,co,3h_SI2,3h,SI2,6.1057,SulP family inorganic anion transporter_1
N900_RS04270,0.3067527072214993,0.33290202138463204,0.3351083963829224,0.26731198676377166,0.3067527072214993,PCA,0.03944072045772762,0.03944072045772762,0.06559003462086038,0.06779640961915073,10,rne,-0.3874657000000001,-2.7644,2.7401,12h_SI7,12h,SI7,1h_co,1h,co,5.5045,rne
N900_RS04275,0.5373905567484637,0.531758500613081,0.7164614894533732,0.5109590470573393,0.531758500613081,CP,0.020799453555741754,0.0264315096911244,0.020799453555741754,0.20550244239603388,10,N900_RS04275,0.09725109500000001,-1.4982,3.0745,1h_SI3,1h,SI3,3h_SI5,3h,SI5,4.5727,N900_RS04275
N900_RS04285,0.3004133665630993,0.3675258235909693,0.5642561951379202,0.3531103143563836,0.3004133665630993,PCA,-0.05269694779328432,-0.05269694779328432,0.014415509234585677,0.21114588078153662,10,rluC,0.6838108583333333,-1.4156,4.0123,6h_SI5,6h,SI5,3h_SI2,3h,SI2,5.427899999999999,rluC
N900_RS04290,0.7599452094917892,0.6863587934464201,0.9002445611233922,0.8026621836985244,0.6863587934464201,CP,-0.11630339025210423,-0.04271697420673515,-0.11630339025210423,0.09758237742486786,10,yceF,0.8220864333333334,-1.2613,4.8896,1h_SI9,1h,SI9,6h_SI1,6h,SI1,6.1509,yceF
N900_RS04295,0.2720594617154944,0.2659880239533196,0.3095791213660636,0.2103854229476599,0.2659880239533196,CP,0.055602601005659696,0.06167403876783448,0.055602601005659696,0.09919369841840367,10,yceD,-0.6060801666666666,-2.954,3.9139,6h_SI8,6h,SI8,1h_st,1h,st,6.867900000000001,yceD
N900_RS04300,0.6078206072190714,0.6378808479839878,0.6497978778746613,0.673358088484252,0.6078206072190714,PCA,-0.06553748126518066,-0.06553748126518066,-0.03547724050026424,-0.023560210609590793,10,rpmF,-1.092047335,-3.7407,1.6135,6h_SI8,6h,SI8,1h_SI1,1h,SI1,5.3542,rpmF
N900_RS04305,0.17912752349810435,0.24588901846841066,0.21869108782188632,0.15803556758757598,0.17912752349810435,PCA,0.02109195591052837,0.02109195591052837,0.08785345088083468,0.06065552023431034,10,plsX,-1.8184928333333332,-3.9058,0.11802,12h_SI6,12h,SI6,3h_st,3h,st,4.02382,plsX
N900_RS04310,0.11596342356755744,0.16529603197506898,0.1575377948903619,0.05677205741101467,0.11596342356755744,PCA,0.059191366156542774,0.059191366156542774,0.10852397456405431,0.10076573747934724,10,fabH1,-1.2989929216666667,-3.4107,0.70024,6h_SI9,6h,SI9,12h_st,12h,st,4.110939999999999,fabH1
N900_RS04330,0.4386139546571303,0.49382545723605376,0.5974428196329155,0.3740454729046174,0.4386139546571303,PCA,0.0645684817525129,0.0645684817525129,0.11977998433143633,0.22339734672829803,10,fabF,0.39181201666666665,-1.1631,3.2761,6h_SI7,6h,SI7,12h_st,12h,st,4.4392,fabF
N900_RS04335,0.48360860457158583,0.536507898163866,0.8622871272271284,0.4604153079476593,0.48360860457158583,PCA,0.02319329662392655,0.02319329662392655,0.07609259021620673,0.40187181927946913,10,pabC,1.04447365,-0.64857,3.576,6h_SI3,6h,SI3,24h_SI1,24h,SI1,4.22457,pabC
N900_RS04340,0.17604259203283598,0.18592480554839083,0.289751713433784,0.16185467733233894,0.17604259203283598,PCA,0.014187914700497045,0.014187914700497045,0.024070128216051895,0.12789703610144504,10,mltG,0.8940834666666668,-0.82932,3.5148,12h_SI8,12h,SI8,6h_SI3,6h,SI3,4.34412,mltG
N900_RS04350,0.15198805499243712,0.20123173476617612,0.1929774135249378,0.08635657611487138,0.15198805499243712,PCA,0.06563147887756574,0.06563147887756574,0.11487515865130474,0.10662083741006642,10,holB,1.5039417666666666,-0.26389,3.6238,12h_SI9,12h,SI9,12h_st,12h,st,3.88769,holB
N900_RS04355,0.13602410517159788,0.15297717033101277,0.2233191856982079,0.1236596070383589,0.13602410517159788,PCA,0.012364498133238977,0.012364498133238977,0.029317563292653864,0.09965957865984901,10,ycfH,1.5982616488333332,-0.44505,4.1663,1h_SI8,1h,SI8,3h_st,3h,st,4.61135,ycfH
N900_RS04360,0.1864200798689917,0.2194635911645592,0.4343639315378775,0.1933525599639749,0.1864200798689917,PCA,-0.006932480094983207,-0.006932480094983207,0.026111031200584306,0.2410113715739026,10,ptsG,0.8305990666666667,-0.24578,3.1431,1h_SI7,1h,SI7,3h_SI3,3h,SI3,3.38888,ptsG
N900_RS04365,0.40688872892226846,0.6582407037504256,0.7582131926159125,0.4654542708660983,0.40688872892226846,PCA,-0.058565541943829846,-0.058565541943829846,0.19278643288432734,0.29275892174981416,10,sodium-dependent transporter_1,0.4352547333333333,-0.81864,5.0967,12h_SI2,12h,SI2,3h_SI4,3h,SI4,5.9153400000000005,sodium-dependent transporter_1
N900_RS04370,0.6346277163297646,0.7288814600279632,0.8108856971531558,0.7249770223989278,0.6346277163297646,PCA,-0.09034930606916325,-0.09034930606916325,0.003904437629035362,0.08590867475422803,10,N900_RS04370,0.7801810166666666,-0.32211,3.0334,1h_SI8,1h,SI8,3h_SI2,3h,SI2,3.3555099999999998,N900_RS04370
N900_RS04375,0.5313331530158993,0.48180492775450146,0.6412292073571205,0.4468714189015991,0.48180492775450146,CP,0.03493350885290236,0.08446173411430025,0.03493350885290236,0.19435778845552143,10,N900_RS04375,0.1998195666666667,-1.4207,3.2426,6h_SI2,6h,SI2,3h_SI5,3h,SI5,4.6633,N900_RS04375
N900_RS04380,0.24330985383824266,0.2260459123447659,0.358140642615203,0.26140292171347146,0.2260459123447659,CP,-0.03535700936870556,-0.018093067875228797,-0.03535700936870556,0.09673772090173155,10,pykA_1,0.8676892666666667,-0.73358,3.9536,12h_st,12h,st,6h_SI4,6h,SI4,4.68718,pykA_1
N900_RS04385,0.2916403021107604,0.34166022616085484,0.5693258641625191,0.33398860466440056,0.2916403021107604,PCA,-0.04234830255364014,-0.04234830255364014,0.007671621496454284,0.2353372594981185,10,mlc,1.550803733333333,0.075864,4.6925,1h_SI6,1h,SI6,6h_ce,6h,ce,4.616636,mlc
N900_RS04390,0.21184886679554263,0.2932248300071249,0.47828139668965947,0.19074000931022728,0.21184886679554263,PCA,0.021108857485315352,0.021108857485315352,0.10248482069689763,0.2875413873794322,10,chev_2,1.1857044449999998,-0.073382,4.8473,3h_co,3h,co,3h_st,3h,st,4.920681999999999,chev_2
N900_RS04395,0.24741809131158166,0.27538274809917235,0.5449844856492193,0.2667656550307498,0.24741809131158166,PCA,-0.019347563719168126,-0.019347563719168126,0.008617093068422566,0.2782188306184695,10,N900_RS04395,-0.2642773666666667,-2.3027,3.8164,6h_SI6,6h,SI6,3h_SI1,3h,SI1,6.1190999999999995,N900_RS04395
N900_RS04400,0.19260529672358248,0.1795591353912035,0.25195471451110596,0.16212647855107595,0.1795591353912035,CP,0.01743265684012754,0.030478818172506528,0.01743265684012754,0.08982823596003,10,ChaN family lipoprotein,1.1294992566666666,-0.52411,4.0799,1h_SI9,1h,SI9,3h_st,3h,st,4.604010000000001,ChaN family lipoprotein
N900_RS04405,0.31160392199148246,0.3186995334919187,0.6678092541277139,0.36136477004815737,0.31160392199148246,PCA,-0.04976084805667491,-0.04976084805667491,-0.04266523655623866,0.3064444840795565,10,rlmA,1.5722301333333337,-0.63497,6.5373,1h_co,1h,co,3h_SI1,3h,SI1,7.17227,rlmA
N900_RS04410,0.3759243606377589,0.49753243020515925,0.6826349801431761,0.3634075852619384,0.3759243606377589,PCA,0.012516775375820521,0.012516775375820521,0.13412484494322086,0.31922739488123775,10,N900_RS04410,0.5749896166666665,-0.81818,3.8649,6h_co,6h,co,6h_st,6h,st,4.68308,N900_RS04410
N900_RS04415,0.2752206121403146,0.34998154991601044,0.47959674060091945,0.26499192339855054,0.2752206121403146,PCA,0.01022868874176408,0.01022868874176408,0.08498962651745989,0.2146048172023689,10,yeaD,0.8061492166666666,-0.48879,3.4229,12h_st,12h,st,12h_SI1,12h,SI1,3.9116899999999997,yeaD
N900_RS04425,0.22975365538989984,0.28788425000169604,0.3922646336080886,0.2243287287634296,0.22975365538989984,PCA,0.005424926626470233,0.005424926626470233,0.06355552123826644,0.167935904844659,10,msrB_2,1.60119735,-0.7388,5.1093,1h_SI2,1h,SI2,3h_SI1,3h,SI1,5.8481000000000005,msrB_2
N900_RS04430,0.24367618551435116,0.22197742468727025,0.4160897578078583,0.2555907997585478,0.22197742468727025,CP,-0.03361337507127757,-0.011914614244196653,-0.03361337507127757,0.16049895804931047,10,N900_RS04430,0.8477246753333334,-0.45619,3.7678,3h_st,3h,st,6h_SI3,6h,SI3,4.22399,N900_RS04430
N900_RS04435,0.170688159796561,0.2186420917959398,0.33568932915533417,0.16215149927022024,0.170688159796561,PCA,0.00853666052634075,0.00853666052634075,0.05649059252571956,0.17353782988511393,10,N900_RS04435,0.9060249766666667,-0.20237,4.3398,1h_SI7,1h,SI7,3h_st,3h,st,4.5421700000000005,N900_RS04435
N900_RS04440,0.39016756885887904,0.4313730539673514,0.578865160080219,0.3360904558375022,0.39016756885887904,PCA,0.054077113021376855,0.054077113021376855,0.09528259812984924,0.24277470424271685,10,ansA,-0.05830088333333336,-1.601,3.3182,6h_SI9,6h,SI9,6h_SI4,6h,SI4,4.9192,ansA
N900_RS04445,0.14985909558319468,0.14176992169671848,0.35002312172550304,0.22570428384678012,0.14176992169671848,CP,-0.08393436215006164,-0.07584518826358544,-0.08393436215006164,0.12431883787872292,10,sppA,1.7334983000000002,-0.32443,5.3733,3h_co,3h,co,3h_SI5,3h,SI5,5.69773,sppA
N900_RS04450,0.08833253238783405,0.12944718279510467,0.24540066476392733,0.10837568810460542,0.08833253238783405,PCA,-0.02004315571677137,-0.02004315571677137,0.02107149469049925,0.1370249766593219,10,fadH,1.1646299833333333,-0.26653,3.811,24h_SI7,24h,SI7,6h_st,6h,st,4.07753,fadH
N900_RS04455,0.2616892812166111,0.39318579628508254,0.505768439798809,0.257148127851804,0.2616892812166111,PCA,0.004541153364807093,0.004541153364807093,0.13603766843327852,0.248620311947005,10,purU,1.226722915,-0.45287,4.5971,3h_SI4,3h,SI4,6h_ce,6h,ce,5.04997,purU
N900_RS04465,0.22364226666778517,0.22893495745481732,0.4678392843933376,0.24309635329999318,0.22364226666778517,PCA,-0.019454086632208017,-0.019454086632208017,-0.014161395845175867,0.22474293109334442,10,ATP-dependent DNA helicase,0.2592178833333333,-1.1638,3.9438,12h_st,12h,st,3h_SI5,3h,SI5,5.1076,ATP-dependent DNA helicase
N900_RS04480,0.24878773455692535,0.2626631826474447,0.5527192431474861,0.21184354194981242,0.24878773455692535,PCA,0.03694419260711293,0.03694419260711293,0.050819640697632285,0.3408757011976737,10,starvation lipoprotein Slp,1.4042214166666664,-0.44668,5.0559,12h_st,12h,st,3h_st,3h,st,5.50258,starvation lipoprotein Slp
N900_RS04485,0.3508887567990645,0.463088739603535,0.681871154252345,0.40566962278086144,0.3508887567990645,PCA,-0.05478086598179693,-0.05478086598179693,0.05741911682267359,0.2762015314714836,10,menH_1,0.64059745,-0.76119,4.8051,3h_st,3h,st,3h_SI3,3h,SI3,5.56629,menH_1
N900_RS04490,0.2421784509576325,0.31456355486855564,0.5309853269302877,0.30538325514468995,0.2421784509576325,PCA,-0.06320480418705746,-0.06320480418705746,0.009180299723865692,0.2256020717855977,10,fadD,1.0352465333333334,-1.8554,5.7186,6h_SI6,6h,SI6,6h_st,6h,st,7.574,fadD
N900_RS04495,0.3149745668577531,0.347880166621773,0.5510866933906883,0.319738609630016,0.3149745668577531,PCA,-0.004764042772262889,-0.004764042772262889,0.028141556991757022,0.23134808376067229,10,rnd,0.6019116483333334,-0.79367,3.1278,6h_ce,6h,ce,3h_SI5,3h,SI5,3.9214700000000002,rnd
N900_RS04500,0.2980469008183971,0.33080460417893226,0.6470664802837629,0.25699350256078934,0.2980469008183971,PCA,0.04105339825760773,0.04105339825760773,0.07381110161814292,0.39007297772297356,10,peptidase_1,0.57854435,-0.84669,3.6822,6h_st,6h,st,3h_SI1,3h,SI1,4.52889,peptidase_1
N900_RS04505,0.11128604222396804,0.14729123810311712,0.14357753700510922,0.05589408912882036,0.11128604222396804,PCA,0.05539195309514768,0.05539195309514768,0.09139714897429677,0.08768344787628887,10,rrtA,1.7917170666666669,-0.16292,3.944,6h_SI9,6h,SI9,12h_st,12h,st,4.10692,rrtA
N900_RS04510,0.28708154788376705,0.3854596223865717,0.6509308857710524,0.3150676747138521,0.28708154788376705,PCA,-0.027986126830085056,-0.027986126830085056,0.07039194767271961,0.3358632110572003,10,N900_RS04510,-0.4342803933333333,-2.6667,2.8088,24h_st,24h,st,3h_SI2,3h,SI2,5.4755,N900_RS04510
N900_RS04515,0.4490146052848541,0.4476297653751046,0.6602088595102905,0.43567296184891974,0.4476297653751046,CP,0.01195680352618489,0.013341643435934358,0.01195680352618489,0.22453589766137078,10,dgt,0.6020750385000001,-1.3062,3.3757,12h_SI1,12h,SI1,6h_SI4,6h,SI4,4.681900000000001,dgt
N900_RS04520,0.3186166616741185,0.35603378732335356,0.5218518202901048,0.30070705992396213,0.3186166616741185,PCA,0.01790960175015638,0.01790960175015638,0.05532672739939143,0.22114476036614267,10,yfbR,0.6947756999999999,-0.89075,3.3065,24h_st,24h,st,3h_SI6,3h,SI6,4.19725,yfbR
N900_RS04525,0.7757310000018257,0.794448547487336,0.9368347380545105,0.712457595438842,0.7757310000018257,PCA,0.06327340456298369,0.06327340456298369,0.08199095204849394,0.22437714261566843,10,alaA,0.5228394433333333,-2.5115,4.2993,6h_SI5,6h,SI5,12h_SI3,12h,SI3,6.8107999999999995,alaA
N900_RS04530,0.37347774680879997,0.37628064151227997,0.5125907312782909,0.3602169388034172,0.37347774680879997,PCA,0.013260808005382763,0.013260808005382763,0.01606370270886276,0.1523737924748737,10,menf,1.0165646000000002,-0.75109,4.9737,6h_SI2,6h,SI2,12h_SI1,12h,SI1,5.7247900000000005,menf
N900_RS04535,0.1458484566875418,0.1692072431077347,0.27722456533321377,0.1532820134814579,0.1458484566875418,PCA,-0.007433556793916107,-0.007433556793916107,0.015925229626276793,0.12394255185175587,10,menD,0.7211290600000001,-0.58297,2.9033,3h_st,3h,st,3h_SI4,3h,SI4,3.48627,menD
N900_RS04540,0.25937367805054234,0.21379255899904706,0.40173434208400965,0.1939835819751943,0.21379255899904706,CP,0.01980897702385276,0.06539009607534804,0.01980897702385276,0.20775076010881535,10,menH,1.1148368700000002,-0.34765,4.045,1h_ce,1h,ce,6h_SI2,6h,SI2,4.39265,menH
N900_RS04545,0.6526477142288375,0.5941385506639872,0.8327196506371692,0.4892897024077328,0.5941385506639872,CP,0.10484884825625446,0.1633580118211047,0.10484884825625446,0.34342994822943645,10,menB,0.8421762716666668,-0.48483,4.6414,1h_ce,1h,ce,1h_st,1h,st,5.12623,menB
N900_RS04550,0.2652206721064383,0.22515880030560995,0.49501602144966067,0.17176213009609576,0.22515880030560995,CP,0.05339667020951419,0.09345854201034254,0.05339667020951419,0.3232538913535649,10,menC,1.2150816666666668,-0.62857,3.9035,3h_co,3h,co,6h_SI3,6h,SI3,4.53207,menC
N900_RS04555,0.20161769014173556,0.2537765490197715,0.4464825561319303,0.2867290069352617,0.20161769014173556,PCA,-0.08511131679352615,-0.08511131679352615,-0.03295245791549023,0.15975354919666857,10,menE,0.5112512416666666,-0.7273,3.43,1h_st,1h,st,3h_SI2,3h,SI2,4.1573,menE
N900_RS04560,0.28747645698559504,0.39208969807236405,0.6775804990354735,0.43440484888485764,0.28747645698559504,PCA,-0.1469283918992626,-0.1469283918992626,-0.042315150812493596,0.24317565015061582,10,ydcO,0.7088698250000001,-0.90136,4.3337,12h_SI4,12h,SI4,6h_SI2,6h,SI2,5.235060000000001,ydcO
N900_RS04565,0.16721822004063028,0.17323930953897887,0.4163598678581189,0.16201733739355262,0.16721822004063028,PCA,0.005200882647077659,0.005200882647077659,0.011221972145426251,0.2543425304645663,10,sutR,1.0106300666666665,-0.47738,4.039,3h_SI3,3h,SI3,6h_SI3,6h,SI3,4.51638,sutR
N900_RS04570,0.3274463322100629,0.3040536465449157,0.7122464082196558,0.33425739587225495,0.3040536465449157,CP,-0.03020374932733927,-0.0068110636621920295,-0.03020374932733927,0.37798901234740084,10,methyl-accepting chemotaxis protein_1,1.2244305000000002,-0.58738,4.5969,3h_SI2,3h,SI2,3h_SI1,3h,SI1,5.184279999999999,methyl-accepting chemotaxis protein_1
N900_RS04580,0.5969142251610804,0.6238721590041797,0.7627975439117326,0.5080270829799892,0.5969142251610804,PCA,0.08888714218109117,0.08888714218109117,0.11584507602419047,0.2547704609317434,10,lplT,1.0381252150000002,-0.78012,5.0419,12h_SI2,12h,SI2,12h_SI1,12h,SI1,5.82202,lplT
N900_RS04585,0.33513164839123794,0.3523362058869287,0.5865232802802828,0.33717917493391975,0.33513164839123794,PCA,-0.00204752654268181,-0.00204752654268181,0.015157030953008965,0.24934410534636303,10,TetR/AcrR family transcriptional regulator_4,0.7012259550000001,-0.85079,4.345,6h_SI2,6h,SI2,3h_SI3,3h,SI3,5.19579,TetR/AcrR family transcriptional regulator_4
N900_RS04590,0.5219992442145904,0.5136630781697803,0.6379890083195053,0.50989593396613,0.5136630781697803,CP,0.003767144203650319,0.012103310248460453,0.003767144203650319,0.12809307435337536,10,N900_RS04590,0.37042244666666657,-1.6315,3.5261,12h_SI2,12h,SI2,3h_SI5,3h,SI5,5.1576,N900_RS04590
N900_RS04595,0.6290509745531578,0.5874918061895293,0.8807569417265005,0.7271313182022153,0.5874918061895293,CP,-0.13963951201268598,-0.09808034364905749,-0.13963951201268598,0.15362562352428522,10,N900_RS04595,0.00378455017,5.1913e-06,0.099076,6h_SI6,6h,SI6,12h_SI1,12h,SI1,0.0990708087,N900_RS04595
N900_RS04600,0.5973340359635463,0.5018034836973825,0.9398260225179169,0.5926231379586379,0.5018034836973825,CP,-0.09081965426125538,0.004710898004908426,-0.09081965426125538,0.34720288455927906,10,nlpE_1,0.8834398833333333,-1.7963,4.5191,1h_SI4,1h,SI4,6h_st,6h,st,6.3154,nlpE_1
N900_RS04605,0.34457801991415654,0.3686634524303426,0.42445831989337873,0.315774481155881,0.34457801991415654,PCA,0.028803538758275515,0.028803538758275515,0.05288897127446157,0.1086838387374977,10,minE,-2.3172268666666667,-4.7812,1.1327,12h_SI8,12h,SI8,3h_SI9,3h,SI9,5.9139,minE
N900_RS04610,0.3086330437529297,0.33729883117685755,0.6759273617052399,0.35875234497697034,0.3086330437529297,PCA,-0.050119301224040624,-0.050119301224040624,-0.02145351380011279,0.3171750167282696,10,minD,1.138129163333333,-0.32986,5.0559,3h_SI2,3h,SI2,6h_SI2,6h,SI2,5.38576,minD
N900_RS04615,0.5401905361655662,0.4854146760500422,0.7770385425820905,0.6006724242670199,0.4854146760500422,CP,-0.11525774821697776,-0.06048188810145372,-0.11525774821697776,0.17636611831507054,10,minC,0.004703166666666665,-1.9069,2.7816,3h_SI9,3h,SI9,3h_SI2,3h,SI2,4.6885,minC
N900_RS04620,0.1864546309438385,0.20581362350790525,0.4236379304515698,0.1720590658328212,0.1864546309438385,PCA,0.014395565111017278,0.014395565111017278,0.033754557675084035,0.25157886461874857,10,VC_1957_BLAST,0.3645300616666667,-1.235,3.7382,6h_SI4,6h,SI4,12h_SI1,12h,SI1,4.9732,VC_1957_BLAST
N900_RS04625,0.2290072432949087,0.19405594992863032,0.5133427110334331,0.24125965913414313,0.19405594992863032,CP,-0.04720370920551281,-0.01225241583923442,-0.04720370920551281,0.27208305189928994,10,lytic murein transglycosylase,0.8719859666666666,-0.64967,3.9466,3h_SI3,3h,SI3,6h_SI4,6h,SI4,4.5962700000000005,lytic murein transglycosylase
N900_RS04630,0.26649211673447376,0.15943813891952086,0.36683004945894165,0.16739662666821242,0.15943813891952086,CP,-0.007958487748691567,0.09909549006626134,-0.007958487748691567,0.19943342279072923,10,lysr_2,1.297679783333333,-0.11013,3.5565,1h_SI8,1h,SI8,3h_SI4,3h,SI4,3.66663,lysr_2
N900_RS04635,0.32067407325754554,0.3137664599006847,0.5211294375011176,0.1850058678865581,0.3137664599006847,CP,0.1287605920141266,0.13566820537098745,0.1287605920141266,0.3361235696145595,10,NupC/NupG family nucleoside CNT transporter,0.9464495333333335,-0.62034,3.9025,6h_st,6h,st,6h_ce,6h,ce,4.5228399999999995,NupC/NupG family nucleoside CNT transporter
N900_RS04640,0.15134875426536593,0.1746196264963658,0.21754926594601773,0.10321068529370706,0.15134875426536593,PCA,0.04813806897165887,0.04813806897165887,0.07140894120265875,0.11433858065231067,10,chitinase_2,1.1515031966666667,-0.19687,4.4924,6h_SI9,6h,SI9,6h_SI2,6h,SI2,4.68927,chitinase_2
N900_RS04645,0.4682473597236887,0.31323999829516147,0.6266804661341899,0.4131502220558997,0.31323999829516147,CP,-0.09991022376073821,0.05509713766778901,-0.09991022376073821,0.21353024407829024,10,cytochrome c_1,0.49828025000000004,-1.0853,3.0691,12h_SI2,12h,SI2,3h_SI4,3h,SI4,4.1544,cytochrome c_1
N900_RS04650,0.22113311391245202,0.24612298574965036,0.3788946752260399,0.26979029182454156,0.22113311391245202,PCA,-0.04865717791208954,-0.04865717791208954,-0.023667306074891203,0.10910438340149836,10,torZ,1.07782195,-0.89819,4.8222,1h_SI1,1h,SI1,3h_SI2,3h,SI2,5.72039,torZ
N900_RS04655,0.543540991627637,0.6609232700290044,0.8970819678710352,0.7159918328978597,0.543540991627637,PCA,-0.1724508412702227,-0.1724508412702227,-0.05506856286885531,0.1810901349731755,10,pvcA,0.15144129999999997,-1.5386,3.191,12h_SI2,12h,SI2,3h_SI2,3h,SI2,4.7296,pvcA
N900_RS04660,0.38949278959311767,0.4248714584352511,0.5849744590412463,0.3128010663696353,0.38949278959311767,PCA,0.07669172322348239,0.07669172322348239,0.11207039206561581,0.27217339267161106,10,LysR family transcriptional regulator_2,0.6419508766666666,-0.90131,3.7648,3h_SI2,3h,SI2,3h_SI7,3h,SI7,4.66611,LysR family transcriptional regulator_2
N900_RS04665,0.3852812070518523,0.3922365580962413,0.6692815543865859,0.3393531961234322,0.3852812070518523,PCA,0.04592801092842014,0.04592801092842014,0.05288336197280913,0.3299283582631537,10,mhpA,0.7812497566666666,-0.86729,3.5221,3h_st,3h,st,3h_SI1,3h,SI1,4.38939,mhpA
N900_RS04670,0.22842226088593615,0.23660852289602774,0.3256876689807088,0.1953547760607436,0.22842226088593615,PCA,0.033067484825192534,0.033067484825192534,0.04125374683528413,0.13033289291996517,10,TauD/TfdA family dioxygenase,0.801869255,-0.37686,3.6492,3h_SI9,3h,SI9,3h_SI4,3h,SI4,4.02606,TauD/TfdA family dioxygenase
N900_RS04675,0.16154147713796696,0.214797137801009,0.2055701294936039,0.05076274638533774,0.16154147713796696,PCA,0.11077873075262923,0.11077873075262923,0.16403439141567128,0.15480738310826617,10,folD,1.3745082166666664,-0.67903,5.781,6h_SI9,6h,SI9,1h_st,1h,st,6.46003,folD
N900_RS04685,0.2730476861186364,0.3233723663514548,0.4309755835572376,0.16913263165011605,0.2730476861186364,PCA,0.10391505446852034,0.10391505446852034,0.15423973470133873,0.26184295190712154,10,opgC,0.9519725333333333,-0.52266,4.2149,1h_st,1h,st,6h_ce,6h,ce,4.73756,opgC
N900_RS04690,0.20119519557003515,0.29443518682855196,0.3493527129473263,0.19978981715755773,0.20119519557003515,PCA,0.001405378412477426,0.001405378412477426,0.09464536967099424,0.14956289578976856,10,HAD-IB family hydrolase,1.1778154333333333,-0.44008,5.3179,1h_SI6,1h,SI6,3h_st,3h,st,5.75798,HAD-IB family hydrolase
N900_RS04695,0.34332681492491346,0.2822322395058798,0.5211879876624834,0.33676368326610473,0.2822322395058798,CP,-0.05453144376022495,0.00656313165880873,-0.05453144376022495,0.1844243043963787,10,lyse_1,1.168122866666667,-0.37676,4.6363,12h_st,12h,st,3h_SI5,3h,SI5,5.01306,lyse_1
N900_RS04700,0.4278983795607628,0.39947628392239104,0.6910790229366122,0.30385873473853514,0.39947628392239104,CP,0.0956175491838559,0.12403964482222768,0.0956175491838559,0.387220288198077,10,acyl-CoA thioesterase,0.9276479166666667,-1.0606,4.9001,3h_SI7,3h,SI7,3h_SI2,3h,SI2,5.9607,acyl-CoA thioesterase
N900_RS04705,0.23760323395123578,0.2199495967925387,0.5052452439719674,0.3585201972107231,0.2199495967925387,CP,-0.1385706004181844,-0.12091696325948731,-0.1385706004181844,0.14672504676124426,10,1-acyl-sn-glycerol-3-phosphate acyltransferase,1.1883821833333335,-0.2152,6.3427,1h_SI9,1h,SI9,6h_st,6h,st,6.5579,1-acyl-sn-glycerol-3-phosphate acyltransferase
N900_RS04715,0.5065759926413491,0.5421120800050747,0.6805869346934784,0.38156133272210196,0.5065759926413491,PCA,0.12501465991924715,0.12501465991924715,0.16055074728297275,0.29902560197137645,10,CDP-diacylglycerol--glycerol-3-phosphate 3-phosphatidyltransferase-related protein,0.8265163500000001,-0.45131,4.655,6h_st,6h,st,6h_ce,6h,ce,5.106310000000001,CDP-diacylglycerol--glycerol-3-phosphate 3-phosphatidyltransferase-related protein
N900_RS04720,0.3750269547875719,0.37810628621428843,0.6507831750710321,0.41936799162438115,0.3750269547875719,PCA,-0.04434103683680923,-0.04434103683680923,-0.04126170541009272,0.23141518344665096,10,bifunctional diguanylate cyclase/phosphodiesterase_2,0.4496517566666667,-1.0782,3.402,12h_co,12h,co,6h_st,6h,st,4.4802,bifunctional diguanylate cyclase/phosphodiesterase_2
N900_RS04725,0.8966748919038331,0.9210256609109833,0.9629522489253638,0.9090050371075582,0.8966748919038331,PCA,-0.012330145203725107,-0.012330145203725107,0.012020623803425057,0.053947211817805596,10,N900_RS04725,-0.020558449999999992,-2.1178,3.3344,6h_SI5,6h,SI5,6h_SI3,6h,SI3,5.4521999999999995,N900_RS04725
N900_RS04730,0.396615704679147,0.453568893633366,0.7121897742117844,0.4583388769823806,0.396615704679147,PCA,-0.06172317230323365,-0.06172317230323365,-0.004769983349014628,0.2538508972294038,10,N900_RS04730,0.34117665666666663,-1.0851,2.9704,3h_SI2,3h,SI2,3h_SI1,3h,SI1,4.0555,N900_RS04730
N900_RS04735,0.2785016971020344,0.34395757899290313,0.6562017139051546,0.3296346173609301,0.2785016971020344,PCA,-0.05113292025889571,-0.05113292025889571,0.014322961631973052,0.3265670965442245,10,ydiU_BLAST,0.14206296666666668,-1.4016,3.5264,12h_SI4,12h,SI4,6h_SI3,6h,SI3,4.928,ydiU_BLAST
N900_RS04740,0.5450480393186597,0.5211388811293651,0.8237965419347952,0.36253110672098177,0.5211388811293651,CP,0.15860777440838336,0.18251693259767798,0.15860777440838336,0.46126543521381347,10,dctp,1.3562256583333332,-0.48524,4.2144,3h_SI5,3h,SI5,6h_ce,6h,ce,4.6996400000000005,dctp
N900_RS04745,0.5210880760599154,0.6189386220926834,0.7219779659547151,0.5336159961814123,0.5210880760599154,PCA,-0.01252792012149695,-0.01252792012149695,0.08532262591127104,0.18836196977330277,10,TRAP transporter small permease,0.47295777833333336,-0.9926,3.0021,12h_SI1,12h,SI1,3h_SI1,3h,SI1,3.9947,TRAP transporter small permease
N900_RS04750,0.17908700398936847,0.21309337489335337,0.6031090429804047,0.2154278154064323,0.17908700398936847,PCA,-0.03634081141706383,-0.03634081141706383,-0.0023344405130789336,0.3876812275739724,10,dctM_1,1.1430141666666667,-0.69967,5.1172,6h_st,6h,st,3h_st,3h,st,5.816870000000001,dctM_1
N900_RS04755,0.34875434880818396,0.34383210151939286,0.4554355821119858,0.3642945557944681,0.34383210151939286,CP,-0.02046245427507526,-0.015540206986284166,-0.02046245427507526,0.09114102631751769,10,dctD,0.44922901666666665,-1.6974,3.8993,6h_ce,6h,ce,1h_ce,1h,ce,5.5967,dctD
N900_RS04760,0.31897339041569844,0.3578615869865279,0.5684952058812851,0.36416621843198776,0.31897339041569844,PCA,-0.04519282801628932,-0.04519282801628932,-0.006304631445459841,0.20432898744929734,10,dctB,0.59748443,-0.74389,4.242,12h_SI1,12h,SI1,3h_SI1,3h,SI1,4.98589,dctB
N900_RS04765,0.34907691635533117,0.4437862975958509,0.6375670382792151,0.3719970395124056,0.34907691635533117,PCA,-0.022920123157074423,-0.022920123157074423,0.07178925808344533,0.26556999876680953,10,N900_RS04765,0.9600014783333334,-0.71843,5.0535,6h_SI4,6h,SI4,6h_SI1,6h,SI1,5.771929999999999,N900_RS04765
N900_RS04770,0.4107811204779506,0.5388901479242355,0.6431950308341331,0.4471533171088421,0.4107811204779506,PCA,-0.036372196630891473,-0.036372196630891473,0.09173683081539341,0.196041713725291,10,tig,-0.035672316666666634,-1.9277,4.084,6h_SI5,6h,SI5,3h_SI3,3h,SI3,6.011699999999999,tig
N900_RS04775,0.11193688399394931,0.15349698054474992,0.2301660529929817,0.10796899781599159,0.11193688399394931,PCA,0.003967886177957722,0.003967886177957722,0.045527982728758326,0.12219705517699012,10,clpP,0.9659701166666667,-1.2151,6.2538,12h_SI9,12h,SI9,3h_SI1,3h,SI1,7.4689,clpP
N900_RS04780,0.14891514913361412,0.19104192614581758,0.18190163092228015,0.09393778666921747,0.14891514913361412,PCA,0.05497736246439665,0.05497736246439665,0.09710413947660011,0.08796384425306268,10,clpx,2.0810109999999997,0.12159,4.2838,6h_SI9,6h,SI9,12h_st,12h,st,4.16221,clpx
N900_RS04785,0.2616201359546669,0.3090653722866846,0.4555844323121699,0.25896385922860504,0.2616201359546669,PCA,0.0026562767260618347,0.0026562767260618347,0.05010151305807958,0.19662057308356484,10,lon_1,1.1185565199999996,-0.33776,5.1015,6h_SI9,6h,SI9,1h_ce,1h,ce,5.43926,lon_1
N900_RS04795,0.21431962293162432,0.19806308212026286,0.6451500084637795,0.2710013735818078,0.19806308212026286,CP,-0.07293829146154496,-0.05668175065018349,-0.07293829146154496,0.37414863488197164,10,ppiD,-0.4451896,-1.8149,3.2382,12h_SI2,12h,SI2,3h_SI2,3h,SI2,5.0531,ppiD
N900_RS04800,0.23999463278312197,0.25430036841568776,0.41887732192726823,0.23001551020285882,0.23999463278312197,PCA,0.00997912258026315,0.00997912258026315,0.02428485821282894,0.1888618117244094,10,ComEA family DNA-binding protein,1.4630636166666666,-0.010489,4.0108,3h_SI4,3h,SI4,6h_SI2,6h,SI2,4.0212889999999994,ComEA family DNA-binding protein
N900_RS04815,0.20719796055029077,0.2826318519029813,0.23004887399225832,0.1186116282597137,0.20719796055029077,PCA,0.08858633229057707,0.08858633229057707,0.16402022364326757,0.11143724573254461,10,ihfB,-1.1307439,-3.3025,0.79774,12h_SI7,12h,SI7,12h_st,12h,st,4.10024,ihfB
N900_RS04820,0.47147459431385286,0.5286104839546361,0.6152189989172597,0.4895579352830533,0.47147459431385286,PCA,-0.018083340969200445,-0.018083340969200445,0.039052548671582754,0.12566106363420643,10,lapa,0.21944670666666663,-2.1475,4.3015,12h_ce,12h,ce,12h_SI1,12h,SI1,6.449,lapa
N900_RS04830,0.3307249087309507,0.3263156586420977,0.4591896782438785,0.38025741693632864,0.3263156586420977,CP,-0.053941758294230924,-0.04953250820537797,-0.053941758294230924,0.07893226130754988,10,pyrF,-0.02949454999999996,-3.7276,4.5978,6h_SI7,6h,SI7,6h_ce,6h,ce,8.3254,pyrF
N900_RS04835,0.24592807489146018,0.34695579205255883,0.43377567210438345,0.19612521063850225,0.24592807489146018,PCA,0.049802864252957935,0.049802864252957935,0.15083058141405659,0.2376504614658812,10,MiaE,1.1661746166666664,-0.42889,4.5921,3h_ce,3h,ce,3h_st,3h,st,5.02099,MiaE
N900_RS04840,0.0718548553493389,0.08564445579089058,0.16470593770033137,0.09084036404157744,0.0718548553493389,PCA,-0.018985508692238542,-0.018985508692238542,-0.005195908250686859,0.07386557365875393,10,motV,2.7984921883333334,-1.4682,6.4085,1h_SI6,1h,SI6,12h_SI1,12h,SI1,7.8767,motV
N900_RS04845,0.1400465074142322,0.15114638637436123,0.17634652191178,0.09682044440696333,0.1400465074142322,PCA,0.04322606300726886,0.04322606300726886,0.0543259419673979,0.07952607750481666,10,cysB,0.3927544633333333,-1.711,2.4006,6h_SI9,6h,SI9,12h_st,12h,st,4.1116,cysB
N900_RS04850,0.501585096463496,0.4541594400239619,0.6723690359526221,0.4429843886711236,0.4541594400239619,CP,0.011175051352838306,0.05860070779237242,0.011175051352838306,0.2293846472814985,10,methyltransferase,-0.7035764666666665,-1.9415,2.0266,6h_SI1,6h,SI1,1h_st,1h,st,3.9681,methyltransferase
N900_RS04855,0.39980424422481897,0.3671073922398528,0.6946918975949162,0.3635686277329482,0.3671073922398528,CP,0.0035387645069046014,0.03623561649187079,0.0035387645069046014,0.33112326986196805,10,ald,1.0358829416666666,-0.56041,5.2295,3h_SI7,3h,SI7,3h_SI1,3h,SI1,5.78991,ald
N900_RS04860,0.08930459340657418,0.14292383111128074,0.12903222523855176,0.018644158495416452,0.08930459340657418,PCA,0.07066043491115773,0.07066043491115773,0.12427967261586428,0.11038806674313531,10,lrp_1,1.8453204500000002,-0.056183,4.0561,6h_SI9,6h,SI9,12h_st,12h,st,4.112283,lrp_1
N900_RS04870,0.2887034063204207,0.17754313935410143,0.3996243073009709,0.2914571588200467,0.17754313935410143,CP,-0.11391401946594526,-0.0027537524996260054,-0.11391401946594526,0.10816714848092424,10,dsbB,-0.33072121666666665,-2.7609,4.1369,6h_SI9,6h,SI9,1h_SI1,1h,SI1,6.8978,dsbB
N900_RS04875,0.5191294202195054,0.41300658372488874,0.7244010685341851,0.5062018539015697,0.41300658372488874,CP,-0.09319527017668094,0.01292756631793568,-0.09319527017668094,0.21819921463261538,10,nhaB,1.04811315,-0.54017,4.356,6h_SI1,6h,SI1,6h_SI4,6h,SI4,4.89617,nhaB
N900_RS04880,0.32434196335137827,0.4190626340964822,0.607725387914364,0.35931417090549356,0.32434196335137827,PCA,-0.03497220755411529,-0.03497220755411529,0.05974846319098864,0.24841121700887048,10,fadR,1.1680233833333333,-1.5989,4.8608,6h_SI7,6h,SI7,3h_SI2,3h,SI2,6.4597,fadR
N900_RS04885,0.24497681095226784,0.2679938082152284,0.4454907585549993,0.2965620618701596,0.24497681095226784,PCA,-0.05158525091789176,-0.05158525091789176,-0.02856825365493121,0.1489286966848397,10,N900_RS04885,1.4193907666666665,-0.34057,4.4853,6h_ce,6h,ce,3h_SI1,3h,SI1,4.825869999999999,N900_RS04885
N900_RS04890,0.5853469537704383,0.6384396173790271,0.8439960764693434,0.5968340161610279,0.5853469537704383,PCA,-0.011487062390589609,-0.011487062390589609,0.041605601217999166,0.24716206030831545,10,methyl-accepting chemotaxis protein_3,0.0999043,-2.7012,5.5509,6h_SI5,6h,SI5,6h_SI1,6h,SI1,8.2521,methyl-accepting chemotaxis protein_3
N900_RS04895,0.6058010312680875,0.7864432282224277,1.04066671227423,0.6148373129966883,0.6058010312680875,PCA,-0.009036281728600826,-0.009036281728600826,0.17160591522573942,0.4258293992775416,10,hinT,0.5871952666666667,-1.2797,4.2602,6h_SI8,6h,SI8,6h_SI5,6h,SI5,5.5399,hinT
N900_RS04900,0.41536355007737147,0.42733903528146133,0.6252761616132606,0.32716210384117417,0.41536355007737147,PCA,0.0882014462361973,0.0882014462361973,0.10017693144028716,0.29811405777208644,10,N900_RS04900,0.8011507333333334,-0.44888,3.1939,3h_SI1,3h,SI1,12h_SI2,12h,SI2,3.64278,N900_RS04900
N900_RS04905,0.2610296496038933,0.3051354422025178,0.5001452916629585,0.2853230232439556,0.2610296496038933,PCA,-0.024293373640062288,-0.024293373640062288,0.019812418958562228,0.21482226841900293,10,N900_RS04905,1.0987852999999999,-0.40268,4.1136,6h_SI6,6h,SI6,6h_SI2,6h,SI2,4.51628,N900_RS04905
N900_RS04910,0.5976652487269247,0.5851111313516919,0.7674126200506503,0.45755936540516473,0.5851111313516919,CP,0.12755176594652717,0.14010588332176,0.12755176594652717,0.3098532546454855,10,lpoB,0.5405676666666667,-1.5165,3.918,3h_SI8,3h,SI8,6h_ce,6h,ce,5.4345,lpoB
N900_RS04915,0.5882688077029893,0.4454948487274924,0.7265417824717362,0.5003618841335938,0.4454948487274924,CP,-0.05486703540610144,0.08790692356939545,-0.05486703540610144,0.22617989833814234,10,thiK,0.006151574999999981,-1.0764,4.0298,3h_SI9,3h,SI9,1h_SI1,1h,SI1,5.106199999999999,thiK
N900_RS04920,0.569481602036005,0.7034409055283587,0.8212578886352322,0.5919022100511825,0.569481602036005,PCA,-0.022420608015177534,-0.022420608015177534,0.11153869547717621,0.2293556785840497,10,ycfP,1.2990930166666665,-0.01142,4.645,1h_SI7,1h,SI7,3h_SI4,3h,SI4,4.65642,ycfP
N900_RS04925,0.3380700205899097,0.35173115620965517,0.5092876036805524,0.32476981882727873,0.3380700205899097,PCA,0.01330020176263097,0.01330020176263097,0.026961337382376438,0.18451778485327364,10,ndh,0.7569319833333332,-0.98594,4.2302,1h_SI7,1h,SI7,3h_SI3,3h,SI3,5.21614,ndh
N900_RS04930,0.49759972417378917,0.7010442309503028,0.8208062566222664,0.5024701892961257,0.49759972417378917,PCA,-0.004870465122336576,-0.004870465122336576,0.19857404165417702,0.3183360673261406,10,rimL,0.57774305,-0.77205,4.8024,6h_st,6h,st,6h_SI3,6h,SI3,5.57445,rimL
N900_RS04935,0.20992894824477884,0.3155776728721698,0.5059660688451465,0.21152796346416616,0.20992894824477884,PCA,-0.001599015219387323,-0.001599015219387323,0.10404970940800365,0.29443810538098036,10,hemolysin_2,0.9041604833333333,-0.7179,3.457,1h_ce,1h,ce,12h_SI1,12h,SI1,4.1749,hemolysin_2
N900_RS04940,0.2201592665756182,0.23180298957715403,0.2613568000557504,0.156955417245704,0.2201592665756182,PCA,0.06320384932991421,0.06320384932991421,0.07484757233145004,0.1044013828100464,10,N900_RS04940,-0.9503314654999999,-2.9729,1.0611,12h_ce,12h,ce,3h_SI2,3h,SI2,4.034,N900_RS04940
N900_RS04945,0.34511414501384957,0.56108102797387,0.590351292036305,0.2738127297320162,0.34511414501384957,PCA,0.07130141528183337,0.07130141528183337,0.28726829824185385,0.3165385623042888,10,mfd,-0.8932257000000001,-3.2265,3.1501,6h_SI5,6h,SI5,3h_SI3,3h,SI3,6.3766,mfd
N900_RS04950,0.397200391816683,0.36621096160925404,0.5791829926063234,0.35388723804938255,0.36621096160925404,CP,0.012323723559871491,0.04331315376730044,0.012323723559871491,0.2252957545569409,10,pilz_2,-0.8508710999999999,-3.5076,2.7429,3h_SI7,3h,SI7,1h_co,1h,co,6.250500000000001,pilz_2
N900_RS04970,0.30723694294750564,0.3946907534315374,0.5222855375084063,0.23618133015760986,0.30723694294750564,PCA,0.07105561278989578,0.07105561278989578,0.15850942327392756,0.28610420735079645,10,N900_RS04970,0.003914749999999987,-2.3189,4.9494,12h_SI6,12h,SI6,6h_st,6h,st,7.2683,N900_RS04970
N900_RS04975,0.443349076914958,0.33203009699741365,0.628780941443797,0.36790027213877585,0.33203009699741365,CP,-0.035870175141362204,0.07544880477618215,-0.035870175141362204,0.2608806693050212,10,DNA internalization-related competence protein ComEC/Rec2,0.34371430166666667,-1.3296,3.3754,6h_SI1,6h,SI1,6h_SI2,6h,SI2,4.705,DNA internalization-related competence protein ComEC/Rec2
N900_RS04990,0.5850030195667002,0.6125429171091529,0.6693404656455739,0.456749255685837,0.5850030195667002,PCA,0.12825376388086318,0.12825376388086318,0.15579366142331585,0.2125912099597369,10,VC0395_A1467_BLAST,-1.5325226666666665,-4.6134,0.10543,6h_SI9,6h,SI9,3h_SI7,3h,SI7,4.7188300000000005,VC0395_A1467_BLAST
N900_RS05000,0.25898861789424216,0.3292246002911127,0.5400370116085782,0.2887246945148692,0.25898861789424216,PCA,-0.02973607662062705,-0.02973607662062705,0.04049990577624352,0.251312317093709,10,ycgB_BLAST,0.6673474613333334,-1.0142,4.31,12h_st,12h,st,6h_SI3,6h,SI3,5.324199999999999,ycgB_BLAST
N900_RS05005,0.2331501855812542,0.19240672303811365,0.47348765900379586,0.17734115216758956,0.19240672303811365,CP,0.015065570870524098,0.05580903341366464,0.015065570870524098,0.2961465068362063,10,yeah,0.8586386833333333,-0.67557,4.093,1h_SI6,1h,SI6,6h_SI3,6h,SI3,4.76857,yeah
N900_RS05010,0.431829763040264,0.3549983147847684,0.6961202403696088,0.22210120030638636,0.3549983147847684,CP,0.13289711447838204,0.20972856273387763,0.13289711447838204,0.4740190400632225,10,yeaG_BLAST,0.8201259883333333,-0.98471,4.9614,3h_SI1,3h,SI1,1h_st,1h,st,5.94611,yeaG_BLAST
N900_RS05015,0.4323295674279953,0.4551663804893641,0.7753205235670848,0.4251951582100703,0.4323295674279953,PCA,0.007134409217924964,0.007134409217924964,0.029971222279293774,0.3501253653570145,10,yfbu,1.0036552116666666,-0.40912,4.0658,12h_SI2,12h,SI2,3h_SI2,3h,SI2,4.47492,yfbu
N900_RS05020,0.48990574524307273,0.4565816114272476,0.7821509132065863,0.33806396659561117,0.4565816114272476,CP,0.11851764483163646,0.15184177864746157,0.11851764483163646,0.4440869466109751,10,membrane protein_3,1.2045267166666667,-0.26847,5.6165,1h_SI8,1h,SI8,3h_SI1,3h,SI1,5.88497,membrane protein_3
N900_RS05025,0.5217890466702105,0.5513223713191359,0.9018063042363778,0.4750458423228319,0.5217890466702105,PCA,0.04674320434737861,0.04674320434737861,0.07627652899630394,0.42676046191354583,10,pflA,0.40198466000000005,-0.93053,4.3825,24h_SI1,24h,SI1,12h_SI2,12h,SI2,5.31303,pflA
N900_RS05030,0.30004010690667937,0.20099031406349885,0.41836518520890453,0.25220744418706226,0.20099031406349885,CP,-0.05121713012356341,0.047832662719617114,-0.05121713012356341,0.16615774102184228,10,methyl-accepting chemotaxis protein_7,1.1064064333333332,-1.197,4.5076,1h_co,1h,co,3h_SI5,3h,SI5,5.7046,methyl-accepting chemotaxis protein_7
N900_RS05035,0.3078122843575308,0.29199045662353973,0.37753192953002385,0.2756369712839335,0.29199045662353973,CP,0.016353485339606233,0.03217531307359728,0.016353485339606233,0.10189495824609035,10,lpxR,0.9605232000000001,-0.40591,3.731,1h_SI8,1h,SI8,6h_SI4,6h,SI4,4.13691,lpxR
N900_RS05040,0.45147490223473224,0.4446268570470529,0.804810875125352,0.5048453103726346,0.4446268570470529,CP,-0.06021845332558168,-0.053370408137902337,-0.06021845332558168,0.2999655647527174,10,pflB,0.5588561116666665,-1.6752,4.7134,6h_SI6,6h,SI6,3h_st,3h,st,6.3886,pflB
N900_RS05045,0.3386691807458326,0.4220080084774497,0.6675571702480514,0.4723906235967169,0.3386691807458326,PCA,-0.13372144285088433,-0.13372144285088433,-0.05038261511926723,0.19516654665133448,10,N900_RS05045,0.5992606766666666,-1.2144,4.2496,12h_co,12h,co,6h_SI1,6h,SI1,5.464,N900_RS05045
N900_RS05050,0.4690461808395228,0.4581321033290726,0.7941640538173479,0.433072511745654,0.4581321033290726,CP,0.02505959158341864,0.03597366909386884,0.02505959158341864,0.3610915420716939,10,occP,1.3571637000000003,-0.21443,4.2764,1h_SI7,1h,SI7,3h_SI5,3h,SI5,4.49083,occP
N900_RS05055,0.1300749990973848,0.12718105699409546,0.18161448393819385,0.12230622734573021,0.12718105699409546,CP,0.004874829648365248,0.0077687717516545796,0.004874829648365248,0.05930825659246364,10,argT,1.1644249333333332,-0.35046,3.5794,12h_co,12h,co,1h_SI1,1h,SI1,3.92986,argT
N900_RS05060,0.3884148620169492,0.3675563549643332,0.4641324593612495,0.3528695276886416,0.3675563549643332,CP,0.014686827275691594,0.03554533432830759,0.014686827275691594,0.11126293167260792,10,hisQ,0.6654580666666667,-0.58338,3.5209,12h_SI9,12h,SI9,6h_st,6h,st,4.10428,hisQ
N900_RS05065,0.2166701658547505,0.24636801946025452,0.5148075541654255,0.2627328204855979,0.2166701658547505,PCA,-0.04606265463084738,-0.04606265463084738,-0.01636480102534335,0.2520747336798276,10,hisM,0.8958732666666667,-0.47761,3.7407,3h_SI4,3h,SI4,3h_SI1,3h,SI1,4.21831,hisM
N900_RS05070,0.3930251971593642,0.44935440740546095,0.6443262974987713,0.420372840974822,0.3930251971593642,PCA,-0.027347643815457845,-0.027347643815457845,0.028981566430638928,0.22395345652394932,10,xthA,1.779389166666667,0.12341,4.8797,1h_SI1,1h,SI1,6h_SI3,6h,SI3,4.75629,xthA
N900_RS05075,0.18155908250548033,0.22128428003175676,0.36797413308875876,0.2025168611203431,0.18155908250548033,PCA,-0.020957778614862754,-0.020957778614862754,0.018767418911413675,0.16545727196841567,10,pctC_1,1.1042378666666666,-0.23737,3.5909,1h_SI4,1h,SI4,12h_SI2,12h,SI2,3.82827,pctC_1
N900_RS05080,0.23366414730089827,0.1699935895930961,0.48524199879721946,0.2779485307116165,0.1699935895930961,CP,-0.10795494111852041,-0.04428438341071825,-0.10795494111852041,0.20729346808560295,10,rsmS,0.10816503333333331,-1.2773,3.4677,3h_SI5,3h,SI5,3h_SI1,3h,SI1,4.745,rsmS
N900_RS05085,0.5288016602870936,0.4391218130363995,0.9273544128258414,0.5516903415653192,0.4391218130363995,CP,-0.11256852852891963,-0.02288868127822552,-0.11256852852891963,0.37566407126052226,10,prepilin peptidase_2,0.26324856166666666,-0.83559,3.9948,3h_SI3,3h,SI3,12h_SI2,12h,SI2,4.83039,prepilin peptidase_2
N900_RS05090,0.20225336524171514,0.2611548860242672,0.6142337325061662,0.23556860067728405,0.20225336524171514,PCA,-0.03331523543556891,-0.03331523543556891,0.025586285346983123,0.3786651318288822,10,yfcA_2,-0.10433206666666668,-1.2816,3.9033,6h_SI4,6h,SI4,3h_SI1,3h,SI1,5.184900000000001,yfcA_2
N900_RS05095,0.18511943810280215,0.2665320092533781,0.3960198662087528,0.17088403784658926,0.18511943810280215,PCA,0.014235400256212893,0.014235400256212893,0.09564797140678885,0.22513582836216353,10,dinG,0.7030367666666667,-0.75055,3.2753,24h_ce,24h,ce,3h_SI4,3h,SI4,4.02585,dinG
N900_RS05100,0.14338827801417844,0.1593501492330763,0.3813853722716113,0.1790041688594318,0.14338827801417844,PCA,-0.03561589084525335,-0.03561589084525335,-0.01965401962635549,0.2023812034121795,10,ompT,0.98246435,-0.50573,3.8587,12h_st,12h,st,3h_SI3,3h,SI3,4.36443,ompT
N900_RS05105,0.46814538706181535,0.5826170962180256,0.7459745064551977,0.42960009475834104,0.46814538706181535,PCA,0.03854529230347431,0.03854529230347431,0.15301700145968455,0.31637441169685665,10,VC_1853_BLAST,0.6540752166666665,-1.2414,3.8658,6h_SI1,6h,SI1,6h_SI4,6h,SI4,5.107200000000001,VC_1853_BLAST
N900_RS05110,0.17585097502537103,0.38638773892499395,0.5345694654939045,0.1567322581133349,0.17585097502537103,PCA,0.01911871691203612,0.01911871691203612,0.22965548081165904,0.3778372073805696,10,VC0395_A1443_BLAST,0.6346777500000002,-1.0232,5.0956,24h_SI1,24h,SI1,6h_ce,6h,ce,6.1188,VC0395_A1443_BLAST
N900_RS05115,0.3770061367400181,0.3689708706726488,0.6054208849671331,0.3445692927958979,0.3689708706726488,CP,0.0244015778767509,0.03243684394412022,0.0244015778767509,0.2608515921712352,10,cdgJ_2,0.537821,-1.547,3.6109,6h_SI8,6h,SI8,6h_SI2,6h,SI2,5.1579,cdgJ_2
N900_RS05135,0.4539989696612875,0.542862755683052,0.7410841437089393,0.5466129701658925,0.4539989696612875,PCA,-0.092614000504605,-0.092614000504605,-0.0037502144828405193,0.19447117354304677,10,ruvC,-0.106628365,-2.3451,3.1281,12h_SI4,12h,SI4,3h_SI3,3h,SI3,5.4732,ruvC
N900_RS05140,0.48676554412620504,0.6354310640289843,0.762686017061302,0.4902889586651409,0.48676554412620504,PCA,-0.003523414538935843,-0.003523414538935843,0.14514210536384342,0.27239705839616113,10,ruvA,-0.05279776666666668,-2.1637,3.4884,12h_co,12h,co,3h_SI3,3h,SI3,5.6521,ruvA
N900_RS05145,0.4339848683167379,0.32312309783113424,0.6012489615124527,0.4181510865396243,0.32312309783113424,CP,-0.09502798870849005,0.015833781777113587,-0.09502798870849005,0.18309787497282837,10,ruvB,0.6450091583333334,-1.361,4.8952,6h_SI9,6h,SI9,6h_st,6h,st,6.2562,ruvB
N900_RS05150,0.17396241121516,0.2125500460317142,0.21181943438844514,0.10700409382984671,0.17396241121516,PCA,0.0669583173853133,0.0669583173853133,0.1055459522018675,0.10481534055859842,10,cydA,0.7195319666666666,-1.0978,2.7945,6h_co,6h,co,12h_st,12h,st,3.8923000000000005,cydA
N900_RS05155,0.15638588049612218,0.21876933610982127,0.18263643505830812,0.10009597051187007,0.15638588049612218,PCA,0.05628990998425211,0.05628990998425211,0.1186733655979512,0.08254046454643806,10,cydB_1,0.7098292166666665,-1.3807,2.7311,6h_SI9,6h,SI9,12h_st,12h,st,4.111800000000001,cydB_1
N900_RS05165,0.3799308000193057,0.38662075856898936,0.7063859905944212,0.19305264660136986,0.3799308000193057,PCA,0.18687815341793582,0.18687815341793582,0.1935681119676195,0.5133333439930513,10,ybgE,1.1787482833333334,-0.4938,4.8888,1h_co,1h,co,6h_st,6h,st,5.3826,ybgE
N900_RS05170,0.2542399091036024,0.27425290020487747,0.5105176241289658,0.2727855923851299,0.2542399091036024,PCA,-0.018545683281527503,-0.018545683281527503,0.0014673078197475764,0.23773203174383595,10,ybgC,0.7459370066666666,-0.80087,2.8581,3h_SI1,3h,SI1,12h_SI2,12h,SI2,3.65897,ybgC
N900_RS05175,0.13486345702296854,0.1841421794609898,0.17142338505196425,0.07287642227596311,0.13486345702296854,PCA,0.061987034747005426,0.061987034747005426,0.11126575718502668,0.09854696277600114,10,tolQ,0.798336155,-1.1942,2.9061,12h_SI7,12h,SI7,12h_st,12h,st,4.1003,tolQ
N900_RS05180,0.17833866630288256,0.24013022196067293,0.19161923858786745,0.11965296550365655,0.17833866630288256,PCA,0.05868570079922601,0.05868570079922601,0.12047725645701639,0.0719662730842109,10,tolr,-0.7088125000000001,-2.8131,1.7784,6h_SI9,6h,SI9,3h_SI9,3h,SI9,4.5915,tolr
N900_RS05185,0.48223945117761063,0.5117565308957402,0.5355501847723312,0.45849931348309375,0.48223945117761063,PCA,0.023740137694516883,0.023740137694516883,0.053257217412646496,0.07705087128923743,10,tolA,-0.07284683333333333,-2.4399,3.8827,12h_ce,12h,ce,1h_SI1,1h,SI1,6.3225999999999996,tolA
N900_RS05190,0.15932777213991342,0.20379179310588597,0.23887070143966568,0.17803439565763213,0.15932777213991342,PCA,-0.018706623517718707,-0.018706623517718707,0.025757397448253838,0.060836305782033556,10,tolB,-0.026892466666666667,-2.2054,4.3082,12h_ce,12h,ce,6h_SI2,6h,SI2,6.5136,tolB
N900_RS05195,0.12960277113763044,0.1846588849623765,0.1500761632247883,0.06941026656479612,0.12960277113763044,PCA,0.060192504572834316,0.060192504572834316,0.11524861839758038,0.08066589665999219,10,pal_1,1.3740060666666665,-0.61176,3.4948,6h_SI9,6h,SI9,12h_st,12h,st,4.10656,pal_1
N900_RS05200,0.3322429290565905,0.3956197639959656,0.5412693189808223,0.2458592655535162,0.3322429290565905,PCA,0.08638366350307428,0.08638366350307428,0.1497604984424494,0.2954100534273061,10,ybgF,0.2541345833333333,-1.6242,4.3142,12h_SI8,12h,SI8,3h_SI5,3h,SI5,5.9384,ybgF
N900_RS05205,0.3806182459100414,0.387399163804972,0.538101201490507,0.4013920059083372,0.3806182459100414,PCA,-0.020773759998295782,-0.020773759998295782,-0.013992842103365155,0.13670919558216982,10,nadA,0.5824090333333333,-2.0491,3.5819,6h_SI1,6h,SI1,3h_SI2,3h,SI2,5.631,nadA
N900_RS05210,0.20523477769443016,0.2375399983185074,0.3414910320054798,0.2824241409741898,0.20523477769443016,PCA,-0.07718936327975962,-0.07718936327975962,-0.044884142655682385,0.059066891031290036,10,yeca,1.33919295,0.020125,4.3372,1h_SI8,1h,SI8,3h_SI1,3h,SI1,4.317075,yeca
N900_RS05215,0.24661738530995347,0.21416671590839875,0.42503322277977823,0.25762705155713844,0.21416671590839875,CP,-0.04346033564873969,-0.011009666247184968,-0.04346033564873969,0.1674061712226398,10,cqsR,0.8180943,-0.75728,3.3084,3h_SI3,3h,SI3,3h_st,3h,st,4.0656799999999995,cqsR
N900_RS05220,0.24779537469880125,0.24703380061483235,0.4981425160997873,0.2560522599881382,0.24703380061483235,CP,-0.009018459373305837,-0.008256885289336935,-0.009018459373305837,0.24209025611164914,10,alae,0.11534756666666666,-1.642,2.6789,12h_SI8,12h,SI8,1h_SI1,1h,SI1,4.3209,alae
N900_RS05225,0.42272602827656797,0.39536015708757083,0.7075686296734168,0.4302101612609172,0.39536015708757083,CP,-0.03485000417334638,-0.0074841329843492455,-0.03485000417334638,0.2773584684124996,10,manA_2,-0.013051666666666663,-1.3305,3.6735,12h_SI4,12h,SI4,6h_SI1,6h,SI1,5.0040000000000004,manA_2
N900_RS05230,0.2500611614725925,0.2604834392011556,0.3751344093961355,0.2485942593533911,0.2500611614725925,PCA,0.001466902119201391,0.001466902119201391,0.01188917984776447,0.1265401500427444,10,PTS fructose transporter subunit IIC_1,0.28519082,-1.2882,3.9525,6h_SI4,6h,SI4,6h_SI1,6h,SI1,5.2407,PTS fructose transporter subunit IIC_1
N900_RS05235,0.24510903168742978,0.2007645283536764,0.3592777902227634,0.228465278590172,0.2007645283536764,CP,-0.027700750236495597,0.016643753097257796,-0.027700750236495597,0.13081251163259142,10,rhaR_2,1.1426662336666666,-0.34484,4.3471,6h_SI1,6h,SI1,3h_SI2,3h,SI2,4.69194,rhaR_2
N900_RS05240,0.3564538729512661,0.3019719138931592,0.4925571573975331,0.38641160437475774,0.3019719138931592,CP,-0.08443969048159855,-0.029957731423491618,-0.08443969048159855,0.10614555302277534,10,PTS fructose transporter subunit IIA_2,-0.37278711666666664,-3.3449,2.3735,3h_SI8,3h,SI8,6h_SI4,6h,SI4,5.7184,PTS fructose transporter subunit IIA_2
N900_RS05245,0.3476134932185477,0.3953860918594369,0.670238447565609,0.3848220791801497,0.3476134932185477,PCA,-0.037208585961602036,-0.037208585961602036,0.010564012679287194,0.2854163683854593,10,manP_1,1.0140252666666665,-0.54062,4.318,6h_SI2,6h,SI2,6h_st,6h,st,4.858619999999999,manP_1
N900_RS05250,0.1863824076127457,0.19369582872446733,0.4112320348564288,0.2278793719391528,0.1863824076127457,PCA,-0.04149696432640712,-0.04149696432640712,-0.034183543214685475,0.18335266291727598,10,PTS fructose transporter subunit IIA_1,0.5363983500000001,-0.82667,3.2566,6h_st,6h,st,6h_SI2,6h,SI2,4.083270000000001,PTS fructose transporter subunit IIA_1
N900_RS05255,0.18155715390708382,0.1887654743979116,0.35546691109215783,0.19678241281896305,0.18155715390708382,PCA,-0.01522525891187923,-0.01522525891187923,-0.008016938421051445,0.15868449827319478,10,PTS fructose transporter subunit IIC_2,1.0628955166666667,-0.44693,4.5239,12h_st,12h,st,3h_SI2,3h,SI2,4.97083,PTS fructose transporter subunit IIC_2
N900_RS05260,0.8403854242049059,0.8262147673692903,0.9195592946611723,0.8071323175731087,0.8262147673692903,CP,0.019082449796181677,0.03325310663179726,0.019082449796181677,0.1124269770880636,10,manP_2,-0.6287416833333334,-3.2796,2.6799,3h_SI7,3h,SI7,12h_SI1,12h,SI1,5.9595,manP_2
N900_RS05265,0.19677782737629929,0.2608612898799623,0.34965970884160347,0.18140404372776875,0.19677782737629929,PCA,0.015373783648530537,0.015373783648530537,0.07945724615219357,0.16825566511383472,10,ald1,1.0136811516666666,-0.49688,4.5058,6h_st,6h,st,6h_SI2,6h,SI2,5.00268,ald1
N900_RS05270,0.07465278864167346,0.07369790525698067,0.15561749265994387,0.10314092330637972,0.07369790525698067,CP,-0.029443018049399056,-0.02848813466470626,-0.029443018049399056,0.05247656935356415,10,acoR,1.0387383,-0.43867,3.705,1h_SI5,1h,SI5,3h_SI3,3h,SI3,4.14367,acoR
N900_RS05275,0.3432512063654115,0.35542181829522473,0.5855088233321221,0.3013620907961872,0.3432512063654115,PCA,0.04188911556922431,0.04188911556922431,0.054059727499037535,0.28414673253593487,10,VF_0530_BLAST,0.5501155166666667,-1.0009,3.3786,3h_SI5,3h,SI5,6h_SI2,6h,SI2,4.3795,VF_0530_BLAST
N900_RS05280,0.48124262568479337,0.5173793122248088,0.7559311784157194,0.48345146477983436,0.48124262568479337,PCA,-0.002208839095040993,-0.002208839095040993,0.03392784744497446,0.2724797136358851,10,SDR family oxidoreductase,0.6303334123333334,-1.6131,5.2283,6h_co,6h,co,3h_SI3,3h,SI3,6.8414,SDR family oxidoreductase
N900_RS05285,0.20132830577510433,0.19521260543392266,0.33224139000223507,0.15482199805719024,0.19521260543392266,CP,0.04039060737673242,0.046506307717914086,0.04039060737673242,0.17741939194504483,10,cry1,1.1814332500000002,-0.3861,3.8363,1h_SI8,1h,SI8,3h_SI3,3h,SI3,4.2224,cry1
N900_RS05290,0.18875630468315824,0.22798917182699333,0.42836657297319164,0.20301324653790298,0.18875630468315824,PCA,-0.014256941854744742,-0.014256941854744742,0.024975925289090345,0.22535332643528866,10,N900_RS05290,0.42985096666666667,-0.8797,3.3959,6h_st,6h,st,6h_SI4,6h,SI4,4.2756,N900_RS05290
N900_RS05295,0.3120499866478167,0.25055200014164697,0.564467075594114,0.2397658315067465,0.25055200014164697,CP,0.010786168634900478,0.0722841551410702,0.010786168634900478,0.32470124408736756,10,N900_RS05295,0.9973708833333332,-0.59103,4.2838,3h_SI2,3h,SI2,3h_SI5,3h,SI5,4.87483,N900_RS05295
N900_RS05300,0.6467906877950632,0.7458334337283203,0.9147767941398723,0.769081384497359,0.6467906877950632,PCA,-0.12229069670229575,-0.12229069670229575,-0.023247950769038628,0.14569540964251337,10,N900_RS05300,0.5883225166666667,-2.1083,3.4432,6h_SI6,6h,SI6,6h_SI2,6h,SI2,5.5515,N900_RS05300
N900_RS05305,0.2546791200148494,0.24261310729437632,0.4032150313873986,0.23257321468596184,0.24261310729437632,CP,0.01003989260841448,0.022105905328887537,0.01003989260841448,0.17064181670143677,10,AlpA family transcriptional regulator_1,0.8732035333333333,-0.61926,3.8888,12h_st,12h,st,6h_st,6h,st,4.5080599999999995,AlpA family transcriptional regulator_1
N900_RS05310,0.6851351403163151,0.6479173410653744,0.7903022177745868,0.6647504736904669,0.6479173410653744,CP,-0.01683313262509256,0.020384666625848147,-0.01683313262509256,0.12555174408411984,10,N900_RS05310,0.05666616,-1.1429,3.6727,12h_SI8,12h,SI8,6h_SI4,6h,SI4,4.8156,N900_RS05310
N900_RS05315,0.40542895230256376,0.4335047530234163,0.7625303657211387,0.38135049019391154,0.40542895230256376,PCA,0.02407846210865222,0.02407846210865222,0.05215426282950475,0.3811798755272272,10,N900_RS05315,-0.10634576666666665,-1.4705,2.7471,3h_SI1,3h,SI1,1h_ce,1h,ce,4.2176,N900_RS05315
N900_RS05320,0.275838638301374,0.29356490032061655,0.6514276659704715,0.31041771814404534,0.275838638301374,PCA,-0.034579079842671334,-0.034579079842671334,-0.01685281782342879,0.3410099478264262,10,N900_RS05320,0.6445155499999999,-1.1691,3.8596,1h_SI2,1h,SI2,3h_SI3,3h,SI3,5.0287,N900_RS05320
N900_RS05330,0.08678320176586612,0.14511770964524048,0.12252530654827404,0.017443915819915758,0.08678320176586612,PCA,0.06933928594595037,0.06933928594595037,0.12767379382532473,0.10508139072835829,10,N900_RS05330,1.8303856333333333,-0.061552,4.0455,6h_SI9,6h,SI9,12h_st,12h,st,4.1070519999999995,N900_RS05330
N900_RS05340,0.23735643674284387,0.27085330704829286,0.6208228024401407,0.2879951515357662,0.23735643674284387,PCA,-0.05063871479292234,-0.05063871479292234,-0.017141844487473357,0.33282765090437444,10,IclR family transcriptional regulator,0.09195315,-2.1203,3.9457,1h_SI5,1h,SI5,3h_SI1,3h,SI1,6.066,IclR family transcriptional regulator
N900_RS05345,0.1322574483360398,0.11211787978519577,0.3134034836729486,0.10074248421741469,0.11211787978519577,CP,0.011375395567781083,0.031514964118625116,0.011375395567781083,0.21266099945553393,10,marR,0.80952545,-0.6794,4.0923,6h_st,6h,st,3h_st,3h,st,4.7717,marR
N900_RS05350,0.1921438245915419,0.26181872222938346,0.42874667104634323,0.20822213372979256,0.1921438245915419,PCA,-0.016078309138250674,-0.016078309138250674,0.0535965884995909,0.22052453731655067,10,DDE-type integrase/transposase/recombinase,0.37342490166666664,-0.94342,3.2289,6h_st,6h,st,3h_SI4,3h,SI4,4.17232,DDE-type integrase/transposase/recombinase
N900_RS05355,0.10115628460581909,0.11670300310184518,0.5358014927327189,0.12004240730278842,0.10115628460581909,PCA,-0.018886122696969335,-0.018886122696969335,-0.0033394042009432384,0.4157590854299305,10,ATPase AAA,0.009900648,0.00048811,0.15721,1h_SI7,1h,SI7,3h_st,3h,st,0.15672188999999997,ATPase AAA
N900_RS05360,0.35637691706423186,0.4200414325227068,0.7468214887607377,0.38018848769643493,0.35637691706423186,PCA,-0.023811570632203072,-0.023811570632203072,0.039852944826271886,0.3666330010643028,10,N900_RS05360,0.22612868333333333,-1.301,3.4917,24h_co,24h,co,3h_SI1,3h,SI1,4.7927,N900_RS05360
N900_RS05365,0.2782575807408259,0.3174771532592048,0.4538692821480149,0.31932778150557295,0.2782575807408259,PCA,-0.041070200764747045,-0.041070200764747045,-0.001850628246368169,0.13454150064244197,10,N900_RS05365,1.3667623499999997,-0.75363,4.7078,12h_SI3,12h,SI3,3h_SI4,3h,SI4,5.46143,N900_RS05365
N900_RS05370,0.23071923452145798,0.2535776667489343,0.3629825621435451,0.24486659146381698,0.23071923452145798,PCA,-0.014147356942358996,-0.014147356942358996,0.008711075285117303,0.1181159706797281,10,middle operon regulator,1.2383351,-0.12582,3.3951,1h_SI8,1h,SI8,6h_SI3,6h,SI3,3.52092,middle operon regulator
N900_RS05375,0.3422214739226018,0.33655412269557955,0.40569307541030913,0.3407265129676301,0.33655412269557955,CP,-0.0041723902720505746,0.0014949609549717024,-0.0041723902720505746,0.06496656244267901,10,transcriptional regulator_2,1.25064307,-0.22889,5.009,1h_SI8,1h,SI8,12h_SI2,12h,SI2,5.23789,transcriptional regulator_2
N900_RS05380,0.32420335245853693,0.369773433091069,0.6310965758451194,0.34104251354767195,0.32420335245853693,PCA,-0.016839161089135024,-0.016839161089135024,0.02873091954339707,0.2900540622974474,10,N900_RS05380,1.0733446166666667,-0.60278,4.6585,1h_co,1h,co,12h_SI2,12h,SI2,5.26128,N900_RS05380
N900_RS05385,0.17202959293915196,0.21621495449714206,0.35257705552149277,0.22416402805966296,0.17202959293915196,PCA,-0.052134435120511,-0.052134435120511,-0.007949073562520892,0.1284130274618298,10,N900_RS05385,1.4264952666666668,-0.20862,5.1047,1h_st,1h,st,3h_SI2,3h,SI2,5.31332,N900_RS05385
N900_RS05390,0.3204880017519215,0.29944110236120447,0.41644263851223406,0.3248058606381069,0.29944110236120447,CP,-0.025364758276902433,-0.004317858886185411,-0.025364758276902433,0.09163677787412716,10,N900_RS05390,1.3942658333333333,-0.28709,4.3761,3h_st,3h,st,12h_st,12h,st,4.66319,N900_RS05390
N900_RS05395,0.2153843365692848,0.23744836758510227,0.5080749037773203,0.2677467038723692,0.2153843365692848,PCA,-0.05236236730308441,-0.05236236730308441,-0.03029833628726694,0.24032819990495113,10,tape measure protein,1.4957915000000004,-0.30252,5.0542,1h_SI9,1h,SI9,3h_st,3h,st,5.35672,tape measure protein
N900_RS05415,0.35617872239261367,0.39998694881253144,0.808981005490032,0.3817791896710984,0.35617872239261367,PCA,-0.02560046727848475,-0.02560046727848475,0.018207759141433022,0.42720181581893363,10,radC_2,3.1933400000000005,1.4121,7.1581,1h_co,1h,co,6h_SI2,6h,SI2,5.746,radC_2
N900_RS05420,0.18763443053465584,0.19013801482947168,0.30503683656314473,0.11244807341963314,0.18763443053465584,PCA,0.0751863571150227,0.0751863571150227,0.07768994140983854,0.1925887631435116,10,AlpA family transcriptional regulator_2,1.6873482999999998,0.041178,4.5865,1h_SI8,1h,SI8,6h_st,6h,st,4.545322,AlpA family transcriptional regulator_2
N900_RS05425,0.23315221399665118,0.3209494789513267,0.42823053823398793,0.18914832405752274,0.23315221399665118,PCA,0.04400388993912843,0.04400388993912843,0.13180115489380395,0.2390822141764652,10,sialidase,0.8378160416666667,-0.64229,3.5704,3h_st,3h,st,6h_ce,6h,ce,4.21269,sialidase
N900_RS05430,0.33920691047659246,0.36815228165459296,0.4062245256858341,0.3376488223328984,0.33920691047659246,PCA,0.0015580881436940697,0.0015580881436940697,0.03050345932169457,0.06857570335293572,10,nagA_2,0.5475090216666666,-0.9519,3.0012,12h_st,12h,st,6h_SI4,6h,SI4,3.9531,nagA_2
N900_RS05435,0.2506955298974736,0.2799202649771094,0.4258022111484043,0.2192704431790067,0.2506955298974736,PCA,0.031425086718466916,0.031425086718466916,0.060649821798102715,0.20653176796939757,10,nanK,0.7366270166666666,-0.34553,3.915,6h_st,6h,st,6h_SI2,6h,SI2,4.26053,nanK
N900_RS05440,0.09971870247820126,0.1543838503543196,0.13906913480450175,0.02515685501479699,0.09971870247820126,PCA,0.07456184746340427,0.07456184746340427,0.1292269953395226,0.11391227978970477,10,N-acetylmannosamine-6-phosphate 2-epimerase,0.6842123666666668,-1.238,2.8738,6h_SI9,6h,SI9,12h_st,12h,st,4.111800000000001,N-acetylmannosamine-6-phosphate 2-epimerase
N900_RS05445,0.5607997909316322,0.5846019924475244,0.7410391443917614,0.3963118013312286,0.5607997909316322,PCA,0.16448798960040362,0.16448798960040362,0.1882901911162958,0.3447273430605328,10,N900_RS05445,0.6905230666666667,-1.4196,5.3843,3h_SI8,3h,SI8,1h_st,1h,st,6.8039,N900_RS05445
N900_RS05450,0.2935095146511768,0.3223804452846626,0.45664012026195394,0.2517786129861986,0.2935095146511768,PCA,0.041730901664978226,0.041730901664978226,0.070601832298464,0.20486150727575536,10,siaP,1.4123102166666668,-0.39459,4.603,1h_SI3,1h,SI3,12h_st,12h,st,4.99759,siaP
N900_RS05455,0.24550882323974718,0.28423325142674666,0.7190293860231903,0.24923899899080063,0.24550882323974718,PCA,-0.003730175751053444,-0.003730175751053444,0.03499425243594603,0.46979038703238973,10,siaQ,0.8079806500000001,-1.1326,4.7764,12h_SI2,12h,SI2,6h_SI4,6h,SI4,5.909,siaQ
N900_RS05460,0.5783667706817632,0.6691279644596645,0.688873055839889,0.4967596374818174,0.5783667706817632,PCA,0.08160713319994584,0.08160713319994584,0.1723683269778471,0.1921134183580716,10,siaM,-0.16962076666666667,-1.8663,3.6921,6h_SI5,6h,SI5,1h_co,1h,co,5.5584,siaM
N900_RS05465,0.36729771922407367,0.3668122178863247,0.4190778430770787,0.23231984599276517,0.3668122178863247,CP,0.1344923718935595,0.1349778732313085,0.1344923718935595,0.1867579970843135,10,nanA,1.0245334833333333,-0.33739,3.9809,1h_SI1,1h,SI1,6h_SI1,6h,SI1,4.31829,nanA
N900_RS05470,0.42018501615715365,0.3401709467555691,0.4859094924613686,0.46667175461454224,0.3401709467555691,CP,-0.12650080785897316,-0.0464867384573886,-0.12650080785897316,0.019237737846826364,10,ybbH,-0.8069805000000001,-3.5466,2.5086,6h_SI7,6h,SI7,12h_st,12h,st,6.0552,ybbH
N900_RS05475,0.16217231034588134,0.20157965880655707,0.3885969764021,0.2015003394709088,0.16217231034588134,PCA,-0.039328029125027475,-0.039328029125027475,7.931933564825355e-05,0.1870966369311912,10,nanM_1,1.2559163433333334,-0.69143,4.2818,3h_co,3h,co,6h_SI4,6h,SI4,4.973229999999999,nanM_1
N900_RS05480,0.3810035491854865,0.3660759512854321,0.5657021189199029,0.38691575604199885,0.3660759512854321,CP,-0.02083980475656677,-0.0059122068565123365,-0.02083980475656677,0.178786362877904,10,nanM_2,-0.22444844500000005,-2.0285,2.5945,24h_SI1,24h,SI1,3h_SI5,3h,SI5,4.623,nanM_2
N900_RS05485,0.36827472084779694,0.4349674662105227,0.6996335962130152,0.3782938862396131,0.36827472084779694,PCA,-0.010019165391816132,-0.010019165391816132,0.056673579970909604,0.32133970997340217,10,YafY family transcriptional regulator,-0.19919461666666663,-1.5953,3.0573,12h_SI9,12h,SI9,1h_SI1,1h,SI1,4.6526,YafY family transcriptional regulator
N900_RS05490,0.12435603058507695,0.15064245280317753,0.27568477456159546,0.17789095041354175,0.12435603058507695,PCA,-0.0535349198284648,-0.0535349198284648,-0.027248497610364214,0.09779382414805371,10,N900_RS05490,1.1188048650000002,-0.65037,3.9243,12h_SI8,12h,SI8,3h_SI2,3h,SI2,4.57467,N900_RS05490
N900_RS05495,0.2867394262936046,0.33018516280956883,0.5644636983786407,0.3312535278430089,0.2867394262936046,PCA,-0.04451410154940427,-0.04451410154940427,-0.001068365033440044,0.23321017053563187,10,N900_RS05495,1.2176793500000003,-0.26547,4.1682,3h_SI2,3h,SI2,6h_SI2,6h,SI2,4.433669999999999,N900_RS05495
N900_RS05500,0.21028728651535808,0.23691105978760138,0.3056403443837417,0.2027622141365692,0.21028728651535808,PCA,0.007525072378788883,0.007525072378788883,0.034148845651032184,0.10287813024717252,10,SAM-dependent DNA methyltransferase,0.9780412333333334,-0.53156,3.6298,1h_SI8,1h,SI8,12h_st,12h,st,4.16136,SAM-dependent DNA methyltransferase
N900_RS05505,0.28463036763485655,0.2872454112058692,0.6292038318925482,0.2699499222071021,0.28463036763485655,PCA,0.01468044542775443,0.01468044542775443,0.017295488998767095,0.3592539096854461,10,restriction endonuclease subunit S,0.4764261483333333,-0.89346,3.7628,3h_SI2,3h,SI2,12h_SI1,12h,SI1,4.65626,restriction endonuclease subunit S
N900_RS05510,0.7175490179147354,0.6912281179229604,0.8996840438358145,0.6657153073742067,0.6912281179229604,CP,0.02551281054875365,0.051833710540528655,0.02551281054875365,0.23396873646160776,10,N900_RS05510,0.43867336666666656,-0.80415,6.3422,6h_SI1,6h,SI1,6h_ce,6h,ce,7.14635,N900_RS05510
N900_RS05515,0.23744705947433672,0.23967429075941546,0.28064734908860256,0.2107308931421114,0.23744705947433672,PCA,0.026716166332225316,0.026716166332225316,0.02894339761730405,0.06991645594649115,10,N900_RS05515,1.0418312,-0.29566,3.7044,1h_st,1h,st,6h_SI1,6h,SI1,4.00006,N900_RS05515
N900_RS05520,0.26282504568098874,0.20632683040379454,0.3466260436016425,0.2369156971084019,0.20632683040379454,CP,-0.030588866704607365,0.025909348572586838,-0.030588866704607365,0.1097103464932406,10,type I restriction endonuclease subunit R,1.3436920333333333,-0.14669,3.9066,1h_SI7,1h,SI7,6h_SI4,6h,SI4,4.0532900000000005,type I restriction endonuclease subunit R
N900_RS05525,0.31650290195465663,0.3140365645223655,0.44642596156184694,0.32108365022432983,0.3140365645223655,CP,-0.0070470857019643285,-0.004580748269673196,-0.0070470857019643285,0.1253423113375171,10,ZorA,1.35461179,-0.17831,4.1278,1h_SI4,1h,SI4,3h_st,3h,st,4.306109999999999,ZorA
N900_RS05530,0.42449223641880474,0.4008089694533273,0.7701639309256048,0.6051430655334016,0.4008089694533273,CP,-0.2043340960800743,-0.18065082911459684,-0.2043340960800743,0.16502086539220318,10,MotB,0.7457825166666667,-0.9498,4.9522,12h_SI3,12h,SI3,3h_SI2,3h,SI2,5.902,MotB
N900_RS05535,0.36105853197712734,0.3617944445761989,0.6088884119982098,0.37452135299227224,0.36105853197712734,PCA,-0.013462821015144899,-0.013462821015144899,-0.012726908416073324,0.23436705900593752,10,zorC,1.342458463333333,-0.015462,4.087,3h_SI1,3h,SI1,3h_SI3,3h,SI3,4.102462,zorC
N900_RS05540,0.4107890466556132,0.2984674425535647,0.7531260303424852,0.5182225328507272,0.2984674425535647,CP,-0.21975509029716245,-0.10743348619511395,-0.21975509029716245,0.23490349749175798,10,helicase,0.09156693479499999,-1.6726,3.0416,6h_SI2,6h,SI2,3h_st,3h,st,4.7142,helicase
N900_RS05545,0.5193624078040242,0.695828273761845,0.8049673248834655,0.5568355381797908,0.5193624078040242,PCA,-0.037473130375766606,-0.037473130375766606,0.13899273558205416,0.24813178670367464,10,intA_1,-0.3095441166666667,-2.0942,3.2093,3h_SI6,3h,SI6,3h_SI4,3h,SI4,5.3035,intA_1
N900_RS05550,0.33857727531883103,0.36347853841208,0.48005286481081344,0.3198262151812809,0.33857727531883103,PCA,0.018751060137550124,0.018751060137550124,0.043652323230799095,0.16022664962953254,10,intA_2,0.49721800000000005,-1.0012,3.4145,24h_st,24h,st,6h_SI1,6h,SI1,4.4157,intA_2
N900_RS05560,0.5220854486150511,0.5069097187020384,0.6590459174748885,0.30236332099446034,0.5069097187020384,CP,0.20454639770757804,0.2197221276205908,0.20454639770757804,0.35668259648042816,10,vexD,0.21175280000000002,-1.2217,4.5557,12h_SI9,12h,SI9,6h_ce,6h,ce,5.7774,vexD
N900_RS05565,0.15135081909004905,0.17779889772327215,0.29340255817475214,0.1508103097489231,0.15135081909004905,PCA,0.0005405093411259554,0.0005405093411259554,0.026988587974349054,0.14259224842582904,10,vexC,1.2179690166666668,-0.43687,4.1091,1h_SI6,1h,SI6,3h_st,3h,st,4.54597,vexC
N900_RS05570,0.3379189844379406,0.34087522600083514,0.41972891356046166,0.32663843717591584,0.3379189844379406,PCA,0.011280547262024765,0.011280547262024765,0.0142367888249193,0.09309047638454582,10,pqic,1.12838816,-0.28906,4.7755,1h_st,1h,st,3h_SI4,3h,SI4,5.06456,pqic
N900_RS05575,0.18104438126557906,0.19369060338685057,0.29986934214857014,0.17780691200580098,0.18104438126557906,PCA,0.0032374692597780808,0.0032374692597780808,0.015883691381049586,0.12206243014276916,10,pqiB,0.5611877716666667,-1.1285,4.0344,12h_SI7,12h,SI7,6h_SI4,6h,SI4,5.1629,pqiB
N900_RS05580,0.6044798345638285,0.4794923103158385,0.8361276727105357,0.3824599986604647,0.4794923103158385,CP,0.09703231165537379,0.22201983590336377,0.09703231165537379,0.45366767405007097,10,pqiA,1.1031466833333334,-0.091994,5.1871,6h_co,6h,co,1h_st,1h,st,5.279094,pqiA
N900_RS05585,0.40027696236273846,0.41150096143367254,0.6887837580544783,0.2770133619526566,0.40027696236273846,PCA,0.12326360041008189,0.12326360041008189,0.13448759948101596,0.41177039610182176,10,mechanosensitive ion channel protein MscS,0.37348226650000005,-1.0232,4.4858,12h_SI2,12h,SI2,3h_SI2,3h,SI2,5.509,mechanosensitive ion channel protein MscS
N900_RS05590,0.329721950857724,0.3607735201864124,0.6263716379736377,0.28495986528046,0.329721950857724,PCA,0.044762085577263966,0.044762085577263966,0.07581365490595238,0.3414117726931777,10,N900_RS05590,1.1086025233333332,-0.43008,4.7171,3h_SI6,3h,SI6,6h_SI2,6h,SI2,5.1471800000000005,N900_RS05590
N900_RS05595,0.6143283298062404,0.5828387746633231,0.7502781293682786,0.3599079214831374,0.5828387746633231,CP,0.22293085318018574,0.25442040832310303,0.22293085318018574,0.39037020788514126,10,BamA/TamA family outer membrane protein,0.93692325,-0.74077,4.723,1h_SI2,1h,SI2,1h_st,1h,st,5.46377,BamA/TamA family outer membrane protein
N900_RS05600,0.2475234019045646,0.26661806942311833,0.5121281846654071,0.2680494873839799,0.2475234019045646,PCA,-0.020526085479415285,-0.020526085479415285,-0.0014314179608615474,0.24407869728142723,10,N900_RS05600,0.5512599499999999,-1.2309,3.7353,6h_SI1,6h,SI1,6h_st,6h,st,4.966200000000001,N900_RS05600
N900_RS05610,0.16141794762537387,0.18281896991660104,0.30316902227341463,0.1675592556059895,0.16141794762537387,PCA,-0.006141307980615629,-0.006141307980615629,0.015259714310611544,0.13560976666742514,10,breR,0.5076679616666666,-0.88861,3.6377,12h_st,12h,st,3h_SI2,3h,SI2,4.5263100000000005,breR
N900_RS05615,0.15017741255544312,0.16406106513668564,0.37182347605939775,0.1602441229127957,0.15017741255544312,PCA,-0.01006671035735257,-0.01006671035735257,0.003816942223889952,0.21157935314660206,10,NAD-dependent succinate-semialdehyde dehydrogenase,0.68964878,-0.78139,3.575,3h_SI1,3h,SI1,3h_SI2,3h,SI2,4.35639,NAD-dependent succinate-semialdehyde dehydrogenase
N900_RS05620,0.39902890112995765,0.45058599367384605,0.669797856279431,0.4220831873921233,0.39902890112995765,PCA,-0.023054286262165657,-0.023054286262165657,0.028502806281722748,0.2477146688873077,10,N900_RS05620,-0.9343289833333334,-2.5455,2.9569,6h_ce,6h,ce,3h_SI3,3h,SI3,5.5024,N900_RS05620
N900_RS05625,0.32364831458167675,0.40703292483573833,0.6616792642417354,0.36559377119058883,0.32364831458167675,PCA,-0.04194545660891208,-0.04194545660891208,0.041439153645149496,0.29608549305114656,10,1-aminocyclopropane-1-carboxylate deaminase/D-cysteine desulfhydrase,0.9335631533333334,-0.8539,5.5624,6h_SI6,6h,SI6,3h_SI2,3h,SI2,6.416300000000001,1-aminocyclopropane-1-carboxylate deaminase/D-cysteine desulfhydrase
N900_RS05630,0.22708062878654378,0.3010878202235448,0.3575376813454953,0.18911886279313378,0.22708062878654378,PCA,0.03796176599341,0.03796176599341,0.11196895743041102,0.16841881855236152,10,TetR/AcrR family transcriptional regulator_2,1.2765062833333336,-0.42314,4.5633,1h_SI1,1h,SI1,3h_SI3,3h,SI3,4.98644,TetR/AcrR family transcriptional regulator_2
N900_RS05635,0.5280821363445802,0.6213423427574516,0.8979003009638419,0.43404954348955216,0.5280821363445802,PCA,0.09403259285502807,0.09403259285502807,0.18729279926789943,0.4638507574742897,10,fadE_2,1.4796755000000001,-1.6797,4.7912,1h_SI9,1h,SI9,6h_SI3,6h,SI3,6.4709,fadE_2
N900_RS05650,0.31595607941243853,0.44152210341589565,0.5742072261009364,0.3727713491568381,0.31595607941243853,PCA,-0.0568152697443996,-0.0568152697443996,0.06875075425905752,0.2014358769440983,10,bpt,0.11467718833333335,-1.3304,4.3637,3h_SI5,3h,SI5,3h_SI4,3h,SI4,5.6941,bpt
N900_RS05655,0.32410561487358397,0.2963366133608439,0.5456534698272759,0.29977515602469007,0.2963366133608439,CP,-0.003438542663846189,0.0243304588488939,-0.003438542663846189,0.24587831380258585,10,aat,0.9172137100000001,-0.32737,4.396,1h_SI6,1h,SI6,3h_SI1,3h,SI1,4.72337,aat
N900_RS05660,0.5762965424180833,0.557695607865021,0.7138103305056925,0.4319439613674165,0.557695607865021,CP,0.12575164649760456,0.14435258105066678,0.12575164649760456,0.28186636913827606,10,N900_RS05660,0.9774939,-1.6706,5.7905,6h_co,6h,co,12h_st,12h,st,7.4611,N900_RS05660
N900_RS05665,0.3634527491699553,0.3404876946770371,0.44120433044939394,0.38592393494934984,0.3404876946770371,CP,-0.045436240272312745,-0.022471185779394554,-0.045436240272312745,0.0552803955000441,10,aroA,-0.8801770999999998,-2.721,2.9676,6h_ce,6h,ce,6h_SI1,6h,SI1,5.6886,aroA
N900_RS05670,0.20470797232325488,0.2018847963213763,0.42198521836924097,0.18030958274863151,0.2018847963213763,CP,0.021575213572744778,0.02439838957462337,0.021575213572744778,0.24167563562060945,10,yciN,0.5632271833333333,-0.88868,3.2856,3h_ce,3h,ce,1h_SI1,1h,SI1,4.17428,yciN
N900_RS05680,0.38174891794919297,0.6305805125651008,0.7834960293913171,0.4029711479376312,0.38174891794919297,PCA,-0.021222229988438257,-0.021222229988438257,0.2276093646274696,0.3805248814536859,10,glgC_1,0.6073159,-0.71219,4.344,1h_SI7,1h,SI7,3h_SI3,3h,SI3,5.05619,glgC_1
N900_RS05685,0.22477489679514667,0.24035026921928251,0.42888501807939833,0.24387242732237097,0.22477489679514667,PCA,-0.019097530527224293,-0.019097530527224293,-0.003522158103088452,0.18501259075702736,10,glgA,0.6251260166666667,-1.2541,4.6736,1h_SI5,1h,SI5,6h_SI1,6h,SI1,5.927700000000001,glgA
N900_RS05690,0.3373580615945612,0.28592743289269346,0.5406323129913595,0.27112993481167463,0.28592743289269346,CP,0.014797498081018823,0.06622812678288659,0.014797498081018823,0.26950237817968486,10,menH_3,1.443667316666667,-0.35003,4.2084,1h_SI8,1h,SI8,6h_SI3,6h,SI3,4.55843,menH_3
N900_RS05695,0.15633754110590992,0.2619112701680391,0.5343719655671677,0.15272250923761105,0.15633754110590992,PCA,0.003615031868298868,0.003615031868298868,0.10918876093042806,0.38164945632955666,10,N900_RS05695,1.489815185,-0.58484,5.1739,1h_SI2,1h,SI2,3h_SI1,3h,SI1,5.7587399999999995,N900_RS05695
N900_RS05700,0.15091237588326106,0.20365861962625667,0.34268864728802656,0.13198170644890558,0.15091237588326106,PCA,0.01893066943435548,0.01893066943435548,0.07167691317735109,0.21070694083912098,10,N900_RS05700,0.6437962166666668,-0.71937,3.6429,12h_st,12h,st,6h_SI4,6h,SI4,4.36227,N900_RS05700
N900_RS05705,0.3864205404895734,0.3975629121007564,0.5983220106272813,0.3284924804735873,0.3864205404895734,PCA,0.057928060015986105,0.057928060015986105,0.06907043162716908,0.269829530153694,10,tfoY,0.7767359749999999,-0.65726,3.9442,6h_SI3,6h,SI3,3h_SI5,3h,SI5,4.601459999999999,tfoY
N900_RS05710,0.23000540349607623,0.2309569536546697,0.3412033183024972,0.24134876476614733,0.23000540349607623,PCA,-0.0113433612700711,-0.0113433612700711,-0.010391811111477633,0.0998545535363499,10,purR,0.8874876833333333,-1.3984,3.6322,1h_SI5,1h,SI5,6h_SI1,6h,SI1,5.0306,purR
N900_RS05715,0.5900628591763749,0.5811308687161119,0.7738876386651493,0.6142015332776741,0.5811308687161119,CP,-0.03307066456156227,-0.024138674101299218,-0.03307066456156227,0.15968610538747519,10,torD,0.2555719895,-0.95296,3.0819,6h_SI6,6h,SI6,1h_st,1h,st,4.03486,torD
N900_RS05720,0.4138994565539346,0.4152720917738288,0.5476235915950319,0.42686918674032365,0.4138994565539346,PCA,-0.012969730186389028,-0.012969730186389028,-0.011597094966494859,0.12075440485470829,10,torR,1.04572515,-0.52223,4.7229,12h_st,12h,st,6h_SI1,6h,SI1,5.24513,torR
N900_RS05725,0.45748370848290415,0.44703458914485483,0.6860846728242834,0.5283771296501468,0.44703458914485483,CP,-0.081342540505292,-0.07089342116724268,-0.081342540505292,0.1577075431741366,10,elyC,-0.5202854,-2.9234,4.3301,6h_co,6h,co,3h_SI1,3h,SI1,7.2535,elyC
N900_RS05730,0.3691682814380791,0.37499939760738094,0.4557515067676237,0.3775171713265712,0.3691682814380791,PCA,-0.008348889888492084,-0.008348889888492084,-0.002517773719190264,0.07823433544105252,10,cmoM,0.7845786999999999,-0.459,4.6263,3h_st,3h,st,12h_SI1,12h,SI1,5.085299999999999,cmoM
N900_RS05735,0.3162989488465734,0.33896947733866045,0.3643365095607222,0.2996527691692575,0.3162989488465734,PCA,0.01664617967731591,0.01664617967731591,0.03931670816940297,0.06468374039146474,10,mukF,-2.0276826666666663,-4.538,2.5254,6h_SI7,6h,SI7,12h_st,12h,st,7.0634,mukF
N900_RS05740,0.39323187182380065,0.4300567218484434,0.47106955241351034,0.29960944160305025,0.39323187182380065,PCA,0.0936224302207504,0.0936224302207504,0.13044728024539315,0.1714601108104601,10,mukE,-2.2753801666666664,-4.6947,0.5594,6h_SI6,6h,SI6,24h_SI3,24h,SI3,5.2541,mukE
N900_RS05745,0.16387783068576361,0.21737310599634252,0.3010192472837516,0.18396001244383192,0.16387783068576361,PCA,-0.020082181758068307,-0.020082181758068307,0.0334130935525106,0.1170592348399197,10,mukB,-2.1942355,-4.7923,2.163,6h_SI6,6h,SI6,3h_st,3h,st,6.955299999999999,mukB
N900_RS05750,0.2772981014479918,0.24313214480690631,0.3820331908760081,0.1715986975781294,0.24313214480690631,CP,0.07153344722877691,0.10569940386986237,0.07153344722877691,0.21043449329787872,10,lrp_2,1.2007473333333332,-0.18531,3.9356,6h_SI4,6h,SI4,3h_SI1,3h,SI1,4.12091,lrp_2
N900_RS05755,0.16898356753124627,0.17383462312295553,0.2632381334723989,0.1612154037997307,0.16898356753124627,PCA,0.007768163731515565,0.007768163731515565,0.012619219323224823,0.10202272967266818,10,LysE family translocator_1,1.2093361108333334,-0.25687,3.66,1h_st,1h,st,3h_SI2,3h,SI2,3.9168700000000003,LysE family translocator_1
N900_RS05760,0.3365124765707506,0.3783490969197106,0.5782669521437819,0.2740576768252511,0.3365124765707506,PCA,0.0624547997454995,0.0624547997454995,0.10429142009445946,0.30420927531853076,10,VC_1711_BLAST,0.3070039500000001,-1.0657,3.3551,12h_st,12h,st,6h_ce,6h,ce,4.4208,VC_1711_BLAST
N900_RS05765,0.4412998372334437,0.3643189376715314,0.5310300781122445,0.3124284867946259,0.3643189376715314,CP,0.05189045087690547,0.12887135043881776,0.05189045087690547,0.21860159131761853,10,N900_RS05765,0.64749701,-0.58537,3.4424,6h_st,6h,st,1h_st,1h,st,4.02777,N900_RS05765
N900_RS05770,0.19881831179940793,0.22342717958922964,0.35739443441652813,0.2011213972821371,0.19881831179940793,PCA,-0.0023030854827291725,-0.0023030854827291725,0.022305782307092542,0.15627303713439103,10,"zinc protease, insulinase family",0.5245967833333334,-0.98908,3.5283,24h_co,24h,co,3h_SI1,3h,SI1,4.51738,"zinc protease, insulinase family"
N900_RS05775,0.28184728300237083,0.35635354210709264,0.6714177260365296,0.2846972164288997,0.28184728300237083,PCA,-0.0028499334265288945,-0.0028499334265288945,0.07165632567819291,0.3867205096076299,10,N900_RS05775,0.8143961166666664,-0.77835,6.0086,6h_SI2,6h,SI2,3h_SI4,3h,SI4,6.78695,N900_RS05775
N900_RS05780,0.527365729505146,0.6033161766531735,0.7232905326361233,0.4354897327848904,0.527365729505146,PCA,0.09187599672025565,0.09187599672025565,0.1678264438682831,0.2878007998512329,10,N900_RS05780,1.1074448916666666,-1.1077,5.1733,24h_st,24h,st,6h_ce,6h,ce,6.281000000000001,N900_RS05780
N900_RS05785,0.371563857217461,0.3724844218917524,0.6596718908138666,0.4816726431462243,0.371563857217461,PCA,-0.11010878592876333,-0.11010878592876333,-0.10918822125447192,0.17799924766764225,10,metR,0.9204015000000001,-0.83336,5.3147,1h_SI1,1h,SI1,6h_SI2,6h,SI2,6.14806,metR
N900_RS05790,0.22151800064158347,0.22840948512297668,0.7019504462169408,0.18900919711232064,0.22151800064158347,PCA,0.03250880352926283,0.03250880352926283,0.03940028801065604,0.5129412491046201,10,metE,0.40654108000000005,-1.3461,3.9769,3h_SI9,3h,SI9,3h_SI4,3h,SI4,5.323,metE
N900_RS05795,0.32850415896542445,0.3662659899775142,0.6319106801988903,0.37027136721475357,0.32850415896542445,PCA,-0.04176720824932911,-0.04176720824932911,-0.0040053772372393714,0.26163931298413673,10,N900_RS05795,0.9473481833333334,-1.5741,4.0236,1h_SI4,1h,SI4,6h_SI4,6h,SI4,5.5977,N900_RS05795
N900_RS05800,0.4898618196821652,0.45826854382932297,0.8172470471403963,0.5298975770286254,0.45826854382932297,CP,-0.07162903319930242,-0.0400357573464602,-0.07162903319930242,0.2873494701117709,10,ycii,-0.19724176666666665,-2.495,4.8932,6h_SI5,6h,SI5,3h_SI1,3h,SI1,7.3882,ycii
N900_RS05805,0.6052993454391694,0.716398634915596,0.806374113576533,0.6435928299939221,0.6052993454391694,PCA,-0.03829348455475268,-0.03829348455475268,0.07280580492167388,0.1627812835826109,10,yciA_1,0.31494208833333326,-1.0869,3.7849,6h_SI3,6h,SI3,6h_SI2,6h,SI2,4.8718,yciA_1
N900_RS05810,0.1854928580481986,0.21755167056431648,0.32482175745969405,0.20323832915462742,0.1854928580481986,PCA,-0.017745471106428823,-0.017745471106428823,0.014313341409689068,0.12158342830506663,10,yciB,1.0449707683333334,-0.21984,3.7696,3h_st,3h,st,3h_SI4,3h,SI4,3.98944,yciB
N900_RS05815,0.5638106410051454,0.5454911783310847,0.9109630838051258,0.5811730239089958,0.5454911783310847,CP,-0.0356818455779111,-0.017362382903850393,-0.0356818455779111,0.32979005989613,10,N900_RS05815,-0.04247970166666664,-1.1022,3.5485,6h_SI1,6h,SI1,3h_SI2,3h,SI2,4.6507000000000005,N900_RS05815
N900_RS05820,0.4203205893237721,0.4220979626305566,0.6518881078295142,0.3086012049159722,0.4203205893237721,PCA,0.11171938440779988,0.11171938440779988,0.1134967577145844,0.343286902913542,10,ydcf,-0.12795770333333334,-1.8573,2.7716,6h_st,6h,st,6h_SI4,6h,SI4,4.6289,ydcf
N900_RS05825,0.2560232544663805,0.30635609759858123,0.4373776352941253,0.24430132341794528,0.2560232544663805,PCA,0.011721931048435247,0.011721931048435247,0.06205477418063596,0.19307631187618005,10,yeeZ,1.0266075133333332,-0.64169,4.3243,3h_ce,3h,ce,3h_SI1,3h,SI1,4.96599,yeeZ
N900_RS05830,0.2831934952270229,0.32672581229391223,0.5611215265807794,0.26301009702772865,0.2831934952270229,PCA,0.020183398199294267,0.020183398199294267,0.06371571526618358,0.29811142955305076,10,DNA-binding protein inhibitor Id-2-related protein,0.9703058916666666,-0.50861,2.8377,3h_SI1,3h,SI1,6h_st,6h,st,3.34631,DNA-binding protein inhibitor Id-2-related protein
N900_RS05835,0.37223283328306,0.3230519349803204,0.4854308049201402,0.3030232893522928,0.3230519349803204,CP,0.02002864562802764,0.06920954393076723,0.02002864562802764,0.1824075155678474,10,focA_1,0.37486334666666665,-0.92932,2.8902,6h_st,6h,st,1h_st,1h,st,3.8195200000000002,focA_1
N900_RS05840,0.22823200558173554,0.24217266968813173,0.4652728183375793,0.19800221539876092,0.22823200558173554,PCA,0.030229790182974614,0.030229790182974614,0.0441704542893708,0.2672706029388183,10,N900_RS05840,0.8170477166666665,-0.64383,4.6861,24h_co,24h,co,3h_SI2,3h,SI2,5.32993,N900_RS05840
N900_RS05845,0.21100378916378537,0.23805586960082378,0.33545885264912695,0.09285926528754676,0.21100378916378537,PCA,0.11814452387623861,0.11814452387623861,0.14519660431327702,0.2425995873615802,10,torE,1.2039759966666668,-0.27026,3.5288,1h_SI6,1h,SI6,6h_SI3,6h,SI3,3.79906,torE
N900_RS05850,0.41394597432311925,0.39805823614140246,0.7873738845605641,0.4117678276059153,0.39805823614140246,CP,-0.013709591464512838,0.002178146717203955,-0.013709591464512838,0.3756060569546488,10,torC,1.0276815166666666,-0.79525,4.1319,12h_SI8,12h,SI8,3h_SI1,3h,SI1,4.92715,torC
N900_RS05855,0.4804603846173336,0.47740748479365586,0.6370207289692833,0.5445389499620583,0.47740748479365586,CP,-0.06713146516840246,-0.06407856534472472,-0.06713146516840246,0.09248177900722498,10,torA,1.2798256483333335,-0.32536,5.7638,1h_SI8,1h,SI8,12h_SI1,12h,SI1,6.08916,torA
N900_RS05860,0.3385723462802436,0.3575139386792632,0.44771561406878885,0.3927672312513506,0.3385723462802436,PCA,-0.05419488497110703,-0.05419488497110703,-0.035253292572087425,0.054948382817438246,10,alpha-galactosidase,0.7244041733333333,-0.98298,4.4041,3h_SI6,3h,SI6,6h_SI1,6h,SI1,5.387079999999999,alpha-galactosidase
N900_RS05865,0.44174043636093635,0.43570477791179457,0.626570681868763,0.4100359211947269,0.43570477791179457,CP,0.025668856717067645,0.031704515166209424,0.025668856717067645,0.21653476067403604,10,N900_RS05865,1.0707480983333333,-0.30003,3.4813,6h_co,6h,co,6h_SI1,6h,SI1,3.78133,N900_RS05865
N900_RS05870,0.3619957889465489,0.3167420360698339,0.5971461320476773,0.35319527936713097,0.3167420360698339,CP,-0.036453243297297044,0.008800509579417914,-0.036453243297297044,0.24395085268054634,10,N900_RS05870,-0.17895541666666667,-1.929,2.4462,24h_SI1,24h,SI1,3h_SI1,3h,SI1,4.3752,N900_RS05870
N900_RS05875,0.266211365111593,0.25202029320383146,0.4248510536532933,0.24732619009600884,0.25202029320383146,CP,0.004694103107822617,0.01888517501558415,0.004694103107822617,0.17752486355728445,10,ppaC,1.3158249833333335,-0.12533,3.5107,3h_st,3h,st,6h_ce,6h,ce,3.63603,ppaC
N900_RS05880,0.14042947863660968,0.12178772128895915,0.31087768864284626,0.1234734644510317,0.12178772128895915,CP,-0.0016857431620725533,0.016956014185577975,-0.0016857431620725533,0.18740422419181457,10,N900_RS05880,1.1245002833333333,-0.17929,5.4803,1h_SI6,1h,SI6,3h_st,3h,st,5.65959,N900_RS05880
N900_RS05885,0.2749212030697094,0.3816330785746587,0.5432292789260058,0.3552932675078777,0.2749212030697094,PCA,-0.0803720644381683,-0.0803720644381683,0.026339811066781016,0.1879360114181281,10,N900_RS05885,0.9249959016666666,-0.64677,4.8737,1h_SI1,1h,SI1,6h_SI1,6h,SI1,5.52047,N900_RS05885
N900_RS05890,0.1846021801132745,0.3928314313224117,0.827091721732963,0.273524243154673,0.1846021801132745,PCA,-0.08892206304139849,-0.08892206304139849,0.11930718816773872,0.55356747857829,10,sapF,0.1893208716666667,-2.0789,3.2929,3h_SI9,3h,SI9,6h_SI4,6h,SI4,5.3718,sapF
N900_RS05895,0.25012691308353824,0.28413982320478254,0.30509495063932407,0.20951880946972348,0.25012691308353824,PCA,0.040608103613814756,0.040608103613814756,0.07462101373505906,0.09557614116960059,10,gsiA,-0.1353688,-2.3871,2.9428,12h_SI9,12h,SI9,3h_SI1,3h,SI1,5.3299,gsiA
N900_RS05900,0.20066805038969124,0.23911906747535602,0.24250608961734302,0.15498827903651965,0.20066805038969124,PCA,0.04567977135317158,0.04567977135317158,0.08413078843883637,0.08751781058082336,10,sapC,-0.337086685,-2.2692,1.7118,12h_SI6,12h,SI6,6h_SI5,6h,SI5,3.981,sapC
N900_RS05905,0.27531384359814737,0.32318188035916984,0.33162702578980613,0.2221768020329469,0.27531384359814737,PCA,0.053137041565200466,0.053137041565200466,0.10100507832622294,0.10945022375685923,10,sapB,-0.6053285166666668,-3.0472,2.9948,12h_SI9,12h,SI9,1h_SI1,1h,SI1,6.042,sapB
N900_RS05910,0.28775516047256444,0.3681398111771284,0.5976572467065998,0.35850100011865876,0.28775516047256444,PCA,-0.07074583964609432,-0.07074583964609432,0.009638811058469643,0.23915624658794105,10,ABC transporter substrate-binding protein_2,0.412854125,-1.0914,3.5603,12h_co,12h,co,3h_SI4,3h,SI4,4.6517,ABC transporter substrate-binding protein_2
N900_RS05915,0.2523476668261134,0.2762242692588971,0.35159440653439394,0.3186325815525811,0.2523476668261134,PCA,-0.06628491472646769,-0.06628491472646769,-0.042408312293684025,0.032961824981812826,10,pspF,1.40198918,-0.20303,4.6438,1h_SI6,1h,SI6,6h_SI4,6h,SI4,4.84683,pspF
N900_RS05920,0.2968886417302201,0.37221302552926594,0.4853707738433767,0.2676390999407332,0.2968886417302201,PCA,0.02924954178948691,0.02924954178948691,0.10457392558853273,0.21773167390264347,10,pspA,0.20942451999999998,-1.4078,3.3456,3h_SI9,3h,SI9,3h_SI5,3h,SI5,4.7534,pspA
N900_RS05925,0.516458422344998,0.5691485573730035,0.8636222421102295,0.5647403896077807,0.516458422344998,PCA,-0.04828196726278278,-0.04828196726278278,0.004408167765222792,0.2988818525024488,10,pspB,0.38443006666666674,-1.4103,3.9275,6h_SI3,6h,SI3,3h_st,3h,st,5.3378000000000005,pspB
N900_RS05930,0.20365036920685897,0.25642493156807705,0.36054933560843166,0.12724561697766776,0.20365036920685897,PCA,0.07640475222919121,0.07640475222919121,0.1291793145904093,0.2333037186307639,10,pspC,0.8177053933333335,-0.5877,3.8033,1h_st,1h,st,6h_SI2,6h,SI2,4.391,pspC
N900_RS05935,0.2694923977168685,0.2528200992356414,0.4650961388054717,0.15534001427069194,0.2528200992356414,CP,0.09748008496494948,0.11415238344617656,0.09748008496494948,0.30975612453477974,10,ttgG,1.1422450666666668,-0.74901,4.8566,12h_st,12h,st,1h_SI1,1h,SI1,5.60561,ttgG
N900_RS05940,0.3555139725034684,0.33758200423338425,0.5600276225243482,0.3196559066809848,0.33758200423338425,CP,0.017926097552399434,0.035858065822483576,0.017926097552399434,0.24037171584336342,10,efflux RND transporter periplasmic adaptor subunit,1.093318625,-0.48484,4.5306,1h_SI7,1h,SI7,6h_SI1,6h,SI1,5.01544,efflux RND transporter periplasmic adaptor subunit
N900_RS05945,0.24338892373010518,0.25340079021764866,0.3383484537731118,0.19247258821402738,0.24338892373010518,PCA,0.0509163355160778,0.0509163355160778,0.060928202003621285,0.1458758655590844,10,vexK,1.0636074000000002,-0.6323,3.2934,1h_st,1h,st,24h_SI1,24h,SI1,3.9257,vexK
N900_RS05950,0.1762870338668033,0.26408437893651576,0.32866461042975964,0.12231993310001604,0.1762870338668033,PCA,0.05396710076678726,0.05396710076678726,0.14176444583649972,0.2063446773297436,10,tag,0.89595235,-0.50414,3.4815,3h_st,3h,st,6h_SI4,6h,SI4,3.98564,tag
N900_RS05955,0.15790992176807525,0.1981264029185221,0.31725645339190256,0.16294131153184113,0.15790992176807525,PCA,-0.005031389763765881,-0.005031389763765881,0.03518509138668097,0.15431514186006143,10,metC,0.6725494999999999,-0.6194,2.7035,6h_st,6h,st,3h_SI3,3h,SI3,3.3228999999999997,metC
N900_RS05960,0.379108563303702,0.4600626036332792,0.6665036216937331,0.42381129082277325,0.379108563303702,PCA,-0.04470272751907123,-0.04470272751907123,0.036251312810505976,0.24269233087095987,10,clsA,0.4968134999999999,-1.2903,3.3304,3h_ce,3h,ce,6h_SI4,6h,SI4,4.6207,clsA
N900_RS05965,0.25053828687055046,0.2617010112932548,0.4248017169462779,0.19447652928259368,0.25053828687055046,PCA,0.056061757587956784,0.056061757587956784,0.06722448201066111,0.2303251876636842,10,sodium-dependent transporter_3,0.6845231826666667,-0.74027,3.142,6h_st,6h,st,1h_st,1h,st,3.88227,sodium-dependent transporter_3
N900_RS05970,0.2580097932293668,0.2681960923400314,0.3542627342432857,0.22987590791537416,0.2580097932293668,PCA,0.028133885313992635,0.028133885313992635,0.03832018442465723,0.12438682632791154,10,TIGR01621 family pseudouridine synthase,0.4516478333333334,-0.99179,3.3791,6h_SI9,6h,SI9,12h_st,12h,st,4.37089,TIGR01621 family pseudouridine synthase
N900_RS05975,0.287044112623389,0.4277982772280948,0.6063893196564448,0.1917730744995172,0.287044112623389,PCA,0.09527103812387183,0.09527103812387183,0.23602520272857763,0.41461624515692763,10,ynjF,0.5720633216666667,-0.72954,3.5696,3h_SI2,3h,SI2,6h_ce,6h,ce,4.2991399999999995,ynjF
N900_RS05980,0.10174959794368438,0.12284519616844916,0.28464889273157057,0.15206369716332915,0.10174959794368438,PCA,-0.050314099219644776,-0.050314099219644776,-0.029218500994879992,0.13258519556824142,10,malK_1,1.3904797083333333,-0.33479,4.5215,1h_SI7,1h,SI7,3h_st,3h,st,4.8562899999999996,malK_1
N900_RS05985,0.36153525239086454,0.3537092142694249,0.6983290585341035,0.38736473200711646,0.3537092142694249,CP,-0.03365551773769154,-0.025829479616251927,-0.03365551773769154,0.3109643265269871,10,ABC transporter permease subunit_1,0.007286983333333362,-1.6819,3.4687,6h_SI3,6h,SI3,1h_SI1,1h,SI1,5.1506,ABC transporter permease subunit_1
N900_RS05990,0.346446053138057,0.32588553428352995,0.5360061449662996,0.28403760399650374,0.32588553428352995,CP,0.041847930287026214,0.062408449141553246,0.041847930287026214,0.2519685409697959,10,ynjB,0.7727300358833333,-0.71241,4.009,1h_co,1h,co,3h_st,3h,st,4.7214100000000006,ynjB
N900_RS05995,0.37961289166839013,0.24967254584398488,0.6377707801933414,0.4383393005216964,0.24967254584398488,CP,-0.18866675467771152,-0.05872640885330627,-0.18866675467771152,0.19943147967164504,10,hslJ,0.9157164216666664,-0.51588,3.4316,24h_SI1,24h,SI1,3h_SI1,3h,SI1,3.94748,hslJ
N900_RS06000,0.35021062621340737,0.2978930061530373,0.6728266768726379,0.46554218698964006,0.2978930061530373,CP,-0.16764918083660274,-0.11533156077623269,-0.16764918083660274,0.2072844898829978,10,N900_RS06000,0.9870071166666665,-0.71271,5.7034,6h_SI4,6h,SI4,3h_SI3,3h,SI3,6.41611,N900_RS06000
N900_RS06005,0.6156156852004693,0.6012012674390393,0.8701611215576627,0.5811455067149293,0.6012012674390393,CP,0.020055760724110083,0.034470178485540015,0.020055760724110083,0.2890156148427334,10,N900_RS06005,-0.12930091666666665,-1.6707,2.9953,12h_SI4,12h,SI4,1h_co,1h,co,4.666,N900_RS06005
N900_RS06010,0.3703999983828261,0.4689913620725871,0.7026338014800336,0.37846708705721466,0.3703999983828261,PCA,-0.008067088674388545,-0.008067088674388545,0.09052427501537247,0.32416671442281897,10,ybhS,0.7514581333333332,-0.70059,4.3725,6h_SI4,6h,SI4,6h_st,6h,st,5.07309,ybhS
N900_RS06015,0.21879334782642879,0.19727510890257047,0.40689295466097064,0.1515171358307824,0.19727510890257047,CP,0.045757973071788055,0.06727621199564637,0.045757973071788055,0.25537581883018823,10,ybhF,1.3757755999999999,-0.016912,5.0984,1h_SI5,1h,SI5,3h_st,3h,st,5.115311999999999,ybhF
N900_RS06020,0.3460818468521883,0.3296944267223129,0.4646498966587161,0.28072469718388704,0.3296944267223129,CP,0.04896972953842588,0.06535714966830125,0.04896972953842588,0.18392519947482905,10,HlyD family efflux transporter periplasmic adaptor subunit,0.6956734433333334,-0.6512,3.5562,1h_st,1h,st,6h_SI1,6h,SI1,4.2074,HlyD family efflux transporter periplasmic adaptor subunit
N900_RS06025,0.19114869298823764,0.2285756436335211,0.45555700577042413,0.23688138757449684,0.19114869298823764,PCA,-0.0457326945862592,-0.0457326945862592,-0.008305743940975746,0.2186756181959273,10,sdaC,1.45522935,-0.25703,4.9774,1h_SI5,1h,SI5,3h_SI3,3h,SI3,5.234430000000001,sdaC
N900_RS06030,0.2088278298804039,0.2638945583998024,0.3652655721471823,0.2015363536265782,0.2088278298804039,PCA,0.007291476253825702,0.007291476253825702,0.06235820477322421,0.1637292185206041,10,eamA_5,1.5007903333333332,-0.87426,4.8653,1h_co,1h,co,6h_SI3,6h,SI3,5.739560000000001,eamA_5
N900_RS06035,0.1040622989757745,0.08563710042544993,0.18654126528655252,0.11182690863556667,0.08563710042544993,CP,-0.02618980821011674,-0.007764609659792171,-0.02618980821011674,0.07471435665098584,10,mgtE_2,1.1067607683333334,-1.2991,3.8558,1h_SI7,1h,SI7,3h_SI4,3h,SI4,5.1549,mgtE_2
N900_RS06040,0.48837660427420004,0.6594919510044459,0.7464293883015521,0.5929227631419222,0.48837660427420004,PCA,-0.10454615886772212,-0.10454615886772212,0.06656918786252375,0.15350662515962998,10,rcsC_2,0.005152595000000019,-3.9309,4.1768,12h_SI8,12h,SI8,12h_SI1,12h,SI1,8.1077,rcsC_2
N900_RS06045,0.09608030578803459,0.07936088248367237,0.2168375124232159,0.0702074694748406,0.07936088248367237,CP,0.009153413008831768,0.02587283631319398,0.009153413008831768,0.14663004294837528,10,vieA,1.2064602833333333,-0.24332,3.6892,3h_co,3h,co,3h_SI5,3h,SI5,3.9325200000000002,vieA
N900_RS06050,0.1022148773538461,0.15161842662386066,0.27134380105298556,0.10681386559226348,0.1022148773538461,PCA,-0.004598988238417381,-0.004598988238417381,0.044804561031597176,0.1645299354607221,10,response regulator_1,0.810921135,-0.45239,3.88,6h_st,6h,st,3h_SI4,3h,SI4,4.33239,response regulator_1
N900_RS06055,0.1588259084161938,0.23053608016207552,0.35048377682006776,0.1704050377262246,0.1588259084161938,PCA,-0.0115791293100308,-0.0115791293100308,0.060131042435850934,0.18007873909384317,10,Pseudogene_N900_RS06055,0.9697463166666668,-0.17048,3.9766,1h_SI7,1h,SI7,6h_st,6h,st,4.14708,Pseudogene_N900_RS06055
N900_RS06060,0.18712921899353702,0.1823034769034049,0.265137728372499,0.19944478126716783,0.1823034769034049,CP,-0.017141304363762933,-0.012315562273630815,-0.017141304363762933,0.06569294710533116,10,vesC,0.7519662216666666,-0.56573,3.2696,3h_st,3h,st,3h_SI1,3h,SI1,3.83533,vesC
N900_RS06065,0.3249020702637294,0.37423679151152633,0.5711718926232191,0.27199929288690455,0.3249020702637294,PCA,0.05290277737682486,0.05290277737682486,0.10223749862462178,0.29917259973631455,10,sgrR_1,0.5030440516666667,-0.72733,4.3474,6h_co,6h,co,3h_st,3h,st,5.074730000000001,sgrR_1
N900_RS06070,0.18318882822187024,0.14122046025456247,0.3216094871346769,0.17761132720513334,0.14122046025456247,CP,-0.036390866950570866,0.005577501016736902,-0.036390866950570866,0.14399815992954357,10,N900_RS06070,0.5034216666666667,-0.98654,3.8765,12h_st,12h,st,1h_SI1,1h,SI1,4.86304,N900_RS06070
N900_RS06080,0.4311061066957499,0.41430215016962907,0.586295791242386,0.43327191533526904,0.41430215016962907,CP,-0.018969765165639974,-0.002165808639519151,-0.018969765165639974,0.1530238759071169,10,N900_RS06080,0.8360154400000002,-0.92041,3.9426,6h_SI1,6h,SI1,1h_SI1,1h,SI1,4.86301,N900_RS06080
N900_RS06085,0.3346270491271951,0.44453937238777463,0.6331987919577479,0.3003278869787268,0.3346270491271951,PCA,0.03429916214846829,0.03429916214846829,0.14421148540904782,0.33287090497902105,10,methyl-accepting chemotaxis protein_8,1.1758768,-0.37777,4.4244,1h_SI8,1h,SI8,3h_SI3,3h,SI3,4.80217,methyl-accepting chemotaxis protein_8
N900_RS06090,0.2293731018402327,0.34186036023201366,0.4073929444401564,0.26143334226107434,0.2293731018402327,PCA,-0.03206024042084163,-0.03206024042084163,0.08042701797093932,0.14595960217908205,10,N900_RS06090,0.8432739333333333,-0.53219,3.2107,3h_SI4,3h,SI4,3h_st,3h,st,3.74289,N900_RS06090
N900_RS06095,0.26427635541845945,0.2876044972458804,0.4701424171450516,0.22630398472719954,0.26427635541845945,PCA,0.037972370691259916,0.037972370691259916,0.06130051251868085,0.24383843241785208,10,N900_RS06095,1.2943055833333335,0.036525,4.5253,6h_SI4,6h,SI4,6h_SI1,6h,SI1,4.4887749999999995,N900_RS06095
N900_RS06100,0.3355374932881456,0.32410866623165113,0.535115242201728,0.34329490222709946,0.32410866623165113,CP,-0.01918623599544833,-0.00775740893895388,-0.01918623599544833,0.19182033997462855,10,bluF,0.6029154,-1.0979,4.6549,3h_SI8,3h,SI8,12h_SI1,12h,SI1,5.7528,bluF
N900_RS06110,0.21891062864158936,0.20107692145318506,0.2900683152459111,0.21900636007020766,0.20107692145318506,CP,-0.01792943861702259,-9.573142861829531e-05,-0.01792943861702259,0.07106195517570343,10,sensor histidine kinase_1,-0.64541843,-3.1373,3.8074,1h_SI4,1h,SI4,3h_SI3,3h,SI3,6.9447,sensor histidine kinase_1
N900_RS06120,0.3875950950342355,0.45334465180408057,0.6419895636906553,0.42039229113956506,0.3875950950342355,PCA,-0.03279719610532955,-0.03279719610532955,0.03295236066451551,0.22159727255109024,10,membrane protein_6,0.3729076166666667,-1.8226,4.2007,24h_SI3,24h,SI3,12h_SI1,12h,SI1,6.023300000000001,membrane protein_6
N900_RS06125,0.3551314529838224,0.3793302953425021,0.5211239861357237,0.35678467972485794,0.3551314529838224,PCA,-0.0016532267410355184,-0.0016532267410355184,0.022545615617644177,0.1643393064108658,10,radD,-0.32587666666666665,-1.9544,3.3816,12h_SI8,12h,SI8,6h_SI3,6h,SI3,5.336,radD
N900_RS06130,0.14853142883194645,0.2734916714213339,0.4158860854804792,0.19442503037194586,0.14853142883194645,PCA,-0.04589360153999941,-0.04589360153999941,0.07906664104938804,0.2214610551085333,10,rsuA,0.8846858233333335,-0.66437,4.6079,3h_SI4,3h,SI4,3h_SI3,3h,SI3,5.27227,rsuA
N900_RS06135,0.17054061179596536,0.2010213191705034,0.3446519182755158,0.15854080748475977,0.17054061179596536,PCA,0.011999804311205592,0.011999804311205592,0.04248051168574363,0.186111110790756,10,bcr_1,0.43592040000000004,-1.01,3.8872,12h_SI6,12h,SI6,1h_SI1,1h,SI1,4.8972,bcr_1
N900_RS06140,0.40199977712586255,0.45083066422644325,0.7025146331532153,0.4152867534799379,0.40199977712586255,PCA,-0.01328697635407533,-0.01328697635407533,0.03554391074650537,0.2872278796732774,10,N900_RS06140,0.75492093,-0.91515,3.7215,1h_ce,1h,ce,3h_SI3,3h,SI3,4.6366499999999995,N900_RS06140
N900_RS06145,0.1825786100991162,0.17711297015920766,0.24061508548048652,0.17097848534969745,0.17711297015920766,CP,0.0061344848095102045,0.011600124749418739,0.0061344848095102045,0.06963660013078907,10,Putative NAD(P)-binding protein YbjT_BLAST,1.2660860333333332,-0.30178,4.3368,1h_SI6,1h,SI6,6h_SI4,6h,SI4,4.63858,Putative NAD(P)-binding protein YbjT_BLAST
N900_RS06150,0.45846292231047425,0.4858156295573428,0.7335600920449049,0.5879315594148243,0.45846292231047425,PCA,-0.12946863710435008,-0.12946863710435008,-0.10211592985748152,0.14562853263008058,10,norM_2,-0.47219985000000003,-2.6746,4.6055,3h_SI6,3h,SI6,6h_SI3,6h,SI3,7.2801,norM_2
N900_RS06155,0.5594853971666249,0.5463334463880231,0.8154679408447045,0.5619887165726902,0.5463334463880231,CP,-0.01565527018466717,-0.0025033194060652963,-0.01565527018466717,0.2534792242720143,10,lolD_2,0.9367486833333332,-0.79434,3.64,1h_SI2,1h,SI2,3h_SI3,3h,SI3,4.434340000000001,lolD_2
N900_RS06160,0.1338240875703277,0.14082594130496917,0.26860958412909747,0.18335513795945418,0.1338240875703277,PCA,-0.049531050389126474,-0.049531050389126474,-0.04252919665448501,0.08525444616964328,10,ABC transporter permease_1,1.3019424733333333,-0.24903,3.2485,3h_co,3h,co,6h_SI4,6h,SI4,3.49753,ABC transporter permease_1
N900_RS06165,0.2601968766519928,0.25580014643315285,0.4019484302857092,0.19128442332748233,0.25580014643315285,CP,0.06451572310567052,0.06891245332451049,0.06451572310567052,0.21066400695822687,10,attH,1.1844797733333334,-0.42195,3.9753,6h_st,6h,st,3h_SI2,3h,SI2,4.39725,attH
N900_RS06170,0.34070596168234996,0.3613229316150362,0.548822550934387,0.3410433436986129,0.34070596168234996,PCA,-0.0003373820162629326,-0.0003373820162629326,0.020279587916423314,0.20777920723577414,10,nhaA,1.1565925333333336,-0.68908,4.7214,6h_co,6h,co,3h_SI2,3h,SI2,5.41048,nhaA
N900_RS06175,0.577068700449338,0.6071832399622817,0.7606899171639155,0.5467567238655974,0.577068700449338,PCA,0.03031197658374063,0.03031197658374063,0.06042651609668437,0.21393319329831817,10,argD,0.9509754166666666,-2.0934,4.965,1h_SI2,1h,SI2,12h_SI2,12h,SI2,7.0584,argD
N900_RS06180,0.2845437764426719,0.2672380566609194,0.5388138188711263,0.19343325145512474,0.2672380566609194,CP,0.07380480520579463,0.09111052498754718,0.07380480520579463,0.3453805674160016,10,VC_1624_BLAST,1.0404717166666666,-0.56893,6.0349,1h_SI4,1h,SI4,3h_st,3h,st,6.60383,VC_1624_BLAST
N900_RS06185,0.39708434153997435,0.38084570638147036,0.528522836246861,0.34049958999629837,0.38084570638147036,CP,0.04034611638517199,0.05658475154367598,0.04034611638517199,0.18802324625056266,10,nspC,0.6152272833333333,-0.80671,3.1965,6h_SI9,6h,SI9,3h_SI4,3h,SI4,4.00321,nspC
N900_RS06190,0.6076369313890557,0.7462003210783797,0.8455440024540579,0.5388212212619986,0.6076369313890557,PCA,0.06881571012705712,0.06881571012705712,0.20737909981638114,0.3067227811920593,10,oprF,0.6862034933333333,-0.50035,3.268,6h_SI2,6h,SI2,3h_SI6,3h,SI6,3.76835,oprF
N900_RS06195,0.24676740014783802,0.24325616174543388,0.44252868513821936,0.20543381409606704,0.24325616174543388,CP,0.037822347649366844,0.04133358605177098,0.037822347649366844,0.23709487104215232,10,bepC,1.4891323166666666,0.052564,5.2696,1h_SI8,1h,SI8,3h_SI1,3h,SI1,5.217035999999999,bepC
N900_RS06200,0.24810199745222786,0.266106252759623,0.3861060990064215,0.20584315184398083,0.24810199745222786,PCA,0.042258845608247025,0.042258845608247025,0.06026310091564219,0.18026294716244068,10,Pseudogene_N900_RS06200,0.9270737666666664,-0.45709,3.7651,1h_SI6,1h,SI6,6h_st,6h,st,4.222189999999999,Pseudogene_N900_RS06200
N900_RS06210,0.17674329902459393,0.18963695882893325,0.27110950758500557,0.16657431422727617,0.17674329902459393,PCA,0.01016898479731776,0.01016898479731776,0.02306264460165708,0.1045351933577294,10,N900_RS06210,0.8064984333333333,-0.51619,4.4575,6h_SI7,6h,SI7,3h_SI5,3h,SI5,4.9736899999999995,N900_RS06210
N900_RS06215,0.3466151781343415,0.3848990171515973,0.6973523862811933,0.378497002061015,0.3466151781343415,PCA,-0.03188182392667349,-0.03188182392667349,0.0064020150905823026,0.31885538422017834,10,N900_RS06215,0.31736758000000004,-1.2355,3.5411,6h_SI4,6h,SI4,3h_st,3h,st,4.7766,N900_RS06215
N900_RS06220,0.15559153024570554,0.17097196914812543,0.31547824259804913,0.11854570486665308,0.15559153024570554,PCA,0.03704582537905246,0.03704582537905246,0.052426264281472346,0.19693253773139605,10,ynfM,0.8763427666666668,-0.55502,3.4905,1h_st,1h,st,6h_SI4,6h,SI4,4.04552,ynfM
N900_RS06225,0.317060005623021,0.3428658245236496,0.7477633151637897,0.33572664036432265,0.317060005623021,PCA,-0.018666634741301646,-0.018666634741301646,0.007139184159326961,0.41203667479946704,10,LysR family transcriptional regulator_5,0.931498155,-1.7134,6.8158,1h_SI9,1h,SI9,3h_st,3h,st,8.5292,LysR family transcriptional regulator_5
N900_RS06230,0.43982043569553647,0.45471030325628986,0.5976276813557515,0.4805122203768303,0.43982043569553647,PCA,-0.04069178468129381,-0.04069178468129381,-0.02580191712054042,0.11711546097892123,10,"glutaredoxin, putative",0.13049939999999996,-1.8429,4.9277,1h_SI2,1h,SI2,6h_SI1,6h,SI1,6.7706,"glutaredoxin, putative"
N900_RS06235,0.2217365037774802,0.2947378232982905,0.45940402181119666,0.33342494478784973,0.2217365037774802,PCA,-0.11168844101036954,-0.11168844101036954,-0.03868712148955922,0.12597907702334693,10,ygjP,1.10176135,-0.63341,4.6717,1h_co,1h,co,3h_SI2,3h,SI2,5.305110000000001,ygjP
N900_RS06240,0.15114584136628964,0.13922049735897193,0.4649389581683498,0.1337034303302406,0.13922049735897193,CP,0.005517067028731337,0.017442411036049044,0.005517067028731337,0.33123552783810917,10,rlmF,0.5804932050000001,-0.82616,4.1722,12h_st,12h,st,3h_st,3h,st,4.99836,rlmF
N900_RS06245,0.8212228191543818,0.7273414164953232,0.8868650417530565,0.7330721641679989,0.7273414164953232,CP,-0.005730747672675673,0.08815065498638286,-0.005730747672675673,0.15379287758505755,10,N900_RS06245,-1.1752615149999999,-3.4124,2.9078,6h_SI5,6h,SI5,3h_SI6,3h,SI6,6.3202,N900_RS06245
N900_RS06250,0.36203125679832365,0.3805865135459957,0.7776094529891318,0.36235944247569574,0.36203125679832365,PCA,-0.0003281856773720837,-0.0003281856773720837,0.01822707107029997,0.415250010513436,10,pilW,1.0629094,-0.28585,3.7715,1h_SI8,1h,SI8,3h_SI3,3h,SI3,4.0573500000000005,pilW
N900_RS06255,0.42063643289007024,0.33347041914202513,0.6020643159802935,0.3744921543198282,0.33347041914202513,CP,-0.041021735177803054,0.04614427857024206,-0.041021735177803054,0.22757216166046534,10,metA,1.2950797666666667,-0.11409,5.1939,3h_SI1,3h,SI1,6h_SI2,6h,SI2,5.30799,metA
N900_RS06260,0.37024651078993254,0.40855761846357025,0.6437597986256988,0.5448401281839391,0.37024651078993254,PCA,-0.17459361739400658,-0.17459361739400658,-0.13628250972036887,0.09891967044175964,10,ATP-binding protein_1,1.1520138611666666,-0.34633,4.6917,6h_SI4,6h,SI4,6h_st,6h,st,5.03803,ATP-binding protein_1
N900_RS06265,0.4615721635567203,0.4330205599312021,0.8524393736576432,0.5904344260461213,0.4330205599312021,CP,-0.1574138661149192,-0.12886226248940097,-0.1574138661149192,0.26200494761152193,10,ABC transporter permease_4,0.34822705000000004,-2.6924,4.9633,1h_SI4,1h,SI4,3h_SI1,3h,SI1,7.6557,ABC transporter permease_4
N900_RS06270,0.500348721400071,0.48947373032949415,0.8164746273346359,0.525967032631513,0.48947373032949415,CP,-0.03649330230201886,-0.02561831123144198,-0.03649330230201886,0.29050759470312293,10,ABC transporter permease_3,-0.515561175,-2.5446,2.7036,1h_SI3,1h,SI3,3h_SI3,3h,SI3,5.2482,ABC transporter permease_3
N900_RS06275,0.4629824068667799,0.4733091682390928,0.6694918111347011,0.5260388188936569,0.4629824068667799,PCA,-0.063056412026877,-0.063056412026877,-0.052729650654564086,0.14345299224104424,10,HlyD family secretion protein,-0.7448976499999999,-2.495,3.4803,1h_SI4,1h,SI4,3h_SI3,3h,SI3,5.975300000000001,HlyD family secretion protein
N900_RS06280,0.36338681675229334,0.39039954501955393,0.7164494931955012,0.37015207126083943,0.36338681675229334,PCA,-0.0067652545085460924,-0.0067652545085460924,0.020247473758714496,0.3462974219346618,10,N900_RS06280,-1.3573059500000002,-5.3348,3.6508,6h_SI6,6h,SI6,12h_SI1,12h,SI1,8.9856,N900_RS06280
N900_RS06285,0.44999416676356,0.38302334992879267,0.6902602929823818,0.44719253175424606,0.38302334992879267,CP,-0.06416918182545339,0.002801635009313963,-0.06416918182545339,0.24306776122813573,10,N900_RS06285,0.1098667781666667,-2.7977,5.2848,12h_SI8,12h,SI8,3h_SI2,3h,SI2,8.0825,N900_RS06285
N900_RS06290,0.3902126404101758,0.436731595119595,0.49220470576886655,0.3089109455967213,0.3902126404101758,PCA,0.0813016948134545,0.0813016948134545,0.1278206495228737,0.18329376017214527,10,dpiB,0.6342087499999999,-0.88658,4.136,3h_SI7,3h,SI7,6h_ce,6h,ce,5.0225800000000005,dpiB
N900_RS06295,0.41912765957138676,0.39976273890941577,0.47090364022926173,0.2889594839921274,0.39976273890941577,CP,0.11080325491728837,0.13016817557925936,0.11080325491728837,0.18194415623713434,10,citT,0.6784158483333333,-0.58417,3.4302,3h_st,3h,st,12h_st,12h,st,4.01437,citT
N900_RS06300,0.24063336488667844,0.36752559112589966,0.549848042219514,0.3548894985936032,0.24063336488667844,PCA,-0.11425613370692475,-0.11425613370692475,0.012636092532296472,0.1949585436259108,10,amino acid ABC transporter substrate-binding protein,1.67125445,-0.16746,5.6876,1h_SI4,1h,SI4,12h_SI1,12h,SI1,5.85506,amino acid ABC transporter substrate-binding protein
N900_RS06305,0.1937203362061073,0.20185873051618772,0.30857722955742695,0.18536441066090945,0.1937203362061073,PCA,0.008355925545197845,0.008355925545197845,0.016494319855278272,0.1232128188965175,10,chev_1,1.4909893333333335,-0.30907,5.2178,1h_SI9,1h,SI9,12h_SI2,12h,SI2,5.526870000000001,chev_1
N900_RS06310,0.4858385012771626,0.3903747484694923,0.6427091373291671,0.487361275905804,0.3903747484694923,CP,-0.0969865274363117,-0.0015227746286414212,-0.0969865274363117,0.1553478614233631,10,N900_RS06310,0.8199282166666669,-0.46333,4.6233,6h_st,6h,st,6h_SI1,6h,SI1,5.08663,N900_RS06310
N900_RS06315,0.5228632427820471,0.5548979114472439,0.8376193338107579,0.604495860832945,0.5228632427820471,PCA,-0.08163261805089794,-0.08163261805089794,-0.04959794938570117,0.23312347297781288,10,N900_RS06315,0.9638124833333332,-0.5038,3.618,1h_SI9,1h,SI9,6h_SI3,6h,SI3,4.1218,N900_RS06315
N900_RS06320,0.33016599059999285,0.3747192109706424,0.5979858051445885,0.33149404744637406,0.33016599059999285,PCA,-0.0013280568463812092,-0.0013280568463812092,0.04322516352426836,0.2664917576982145,10,sensor domain-containing diguanylate cyclase_3,-0.23166758333333334,-1.9308,3.4321,24h_st,24h,st,3h_SI3,3h,SI3,5.3629,sensor domain-containing diguanylate cyclase_3
N900_RS06335,0.4044867166007628,0.30404294451692837,0.7528076723315319,0.5525283190722747,0.30404294451692837,CP,-0.24848537455534636,-0.14804160247151193,-0.24848537455534636,0.20027935325925716,10,ABC transporter substrate-binding protein_7,0.8131936833333334,-1.2873,3.6511,6h_SI3,6h,SI3,3h_SI3,3h,SI3,4.9384,ABC transporter substrate-binding protein_7
N900_RS06340,0.24913814680384233,0.32810573328110615,0.41301162864566743,0.23475363757164738,0.24913814680384233,PCA,0.014384509232194947,0.014384509232194947,0.09335209570945877,0.17825799107402004,10,bmr3_1,0.35335963333333337,-1.0647,3.7852,3h_SI4,3h,SI4,3h_SI3,3h,SI3,4.8499,bmr3_1
N900_RS06345,0.26208665546095294,0.3339933131800238,0.4495314168017829,0.3139036114138516,0.26208665546095294,PCA,-0.05181695595289865,-0.05181695595289865,0.020089701766172197,0.1356278053879313,10,galT,-0.6258904,-2.3352,2.3864,12h_SI5,12h,SI5,6h_SI3,6h,SI3,4.7216000000000005,galT
N900_RS06350,0.44884673054598884,0.5038310837436668,0.7275980214166714,0.45973250022367956,0.44884673054598884,PCA,-0.010885769677690726,-0.010885769677690726,0.044098583519987244,0.26786552119299184,10,galK,-0.24927028333333334,-1.8776,3.0163,6h_SI8,6h,SI8,6h_st,6h,st,4.8939,galK
N900_RS06355,0.16507739172171973,0.1917497269765291,0.3289053651048811,0.18478839433038866,0.16507739172171973,PCA,-0.019711002608668926,-0.019711002608668926,0.0069613326461404335,0.14411697077449245,10,galM,0.4891164,-0.82597,3.1706,6h_st,6h,st,1h_SI1,1h,SI1,3.9965699999999997,galM
N900_RS06360,0.34991727899399755,0.39422913600859416,0.7674946259518844,0.4243081133015781,0.34991727899399755,PCA,-0.07439083430758053,-0.07439083430758053,-0.03007897729298392,0.34318651265030636,10,N900_RS06360,0.6562077416666667,-0.81418,3.6856,3h_SI5,3h,SI5,6h_SI1,6h,SI1,4.49978,N900_RS06360
N900_RS06365,0.4165935293970979,0.4355246675919636,0.6533708566952747,0.40804012708686516,0.4165935293970979,PCA,0.008553402310232716,0.008553402310232716,0.027484540505098465,0.24533072960840957,10,N900_RS06365,1.4543584666666665,-0.32706,6.1828,1h_SI8,1h,SI8,12h_st,12h,st,6.509860000000001,N900_RS06365
N900_RS06370,0.2845176584203414,0.3095314272359254,0.4469302527064191,0.3756421543040026,0.2845176584203414,PCA,-0.09112449588366123,-0.09112449588366123,-0.06611072706807719,0.07128809840241651,10,fabG_3,1.22217805,-0.34277,4.5641,1h_SI6,1h,SI6,1h_st,1h,st,4.90687,fabG_3
N900_RS06375,0.3533751888256733,0.28853052813272895,0.5544778544019539,0.33503594488985516,0.28853052813272895,CP,-0.04650541675712622,0.01833924393581815,-0.04650541675712622,0.2194419095120987,10,alsS,0.9845323333333333,-0.69278,4.6147,6h_SI2,6h,SI2,3h_SI2,3h,SI2,5.30748,alsS
N900_RS06385,0.34633406789190596,0.38999351744468325,0.6455359873601808,0.33713828183563516,0.34633406789190596,PCA,0.009195786056270805,0.009195786056270805,0.05285523560904809,0.30839770552454565,10,LysR family transcriptional regulator_6,0.11316683666666666,-1.4342,3.4431,24h_SI1,24h,SI1,3h_SI2,3h,SI2,4.8773,LysR family transcriptional regulator_6
N900_RS06390,0.24568880826350326,0.31944462653304234,0.5586579120091515,0.21343990020234405,0.24568880826350326,PCA,0.03224890806115921,0.03224890806115921,0.1060047263306983,0.34521801180680745,10,ykgB,-0.13443480000000002,-1.6314,3.1552,12h_SI8,12h,SI8,12h_SI1,12h,SI1,4.7866,ykgB
N900_RS06395,0.45422736962138344,0.4043035982945399,0.7890688580190449,0.4202572110383695,0.4043035982945399,CP,-0.015953612743829615,0.03397015858301394,-0.015953612743829615,0.3688116469806754,10,katB,0.02655542499999999,-2.2213,5.4507,6h_ce,6h,ce,3h_st,3h,st,7.672000000000001,katB
N900_RS06400,0.22724085172293337,0.29866297069921494,0.4968716067728399,0.2070059304253447,0.22724085172293337,PCA,0.020234921297588665,0.020234921297588665,0.09165704027387023,0.2898656763474952,10,ankB protein,0.4228683833333333,-0.94908,3.7949,1h_st,1h,st,6h_st,6h,st,4.7439800000000005,ankB protein
N900_RS06405,0.46168927584719455,0.45477406418871336,0.7109050866955456,0.48647342587895637,0.45477406418871336,CP,-0.03169936169024301,-0.02478415003176182,-0.03169936169024301,0.22443166081658927,10,sodC,0.053715962833333325,-1.3075,3.0308,3h_SI1,3h,SI1,6h_SI2,6h,SI2,4.3383,sodC
N900_RS06410,0.529931731223391,0.395875302717248,0.6054839247955671,0.40919534941958546,0.395875302717248,CP,-0.01332004670233744,0.12073638180380553,-0.01332004670233744,0.19628857537598166,10,dabA_BLAST,0.05664059999999997,-1.3993,3.2424,6h_SI1,6h,SI1,1h_st,1h,st,4.6417,dabA_BLAST
N900_RS06415,0.18091757486679766,0.20532944717029034,0.33823247171562537,0.17084236013296122,0.18091757486679766,PCA,0.010075214733836435,0.010075214733836435,0.03448708703732911,0.16739011158266415,10,dabB,1.09186875,-0.38913,4.0292,12h_st,12h,st,3h_SI1,3h,SI1,4.41833,dabB
N900_RS06420,0.24471556998531702,0.28149846070159806,0.47142926030693116,0.2584111885919253,0.24471556998531702,PCA,-0.013695618606608284,-0.013695618606608284,0.023087272109672763,0.21301807171500586,10,LysR family transcriptional regulator_3,-0.0040467333333333595,-1.4142,3.0185,6h_SI4,6h,SI4,3h_SI2,3h,SI2,4.4327,LysR family transcriptional regulator_3
N900_RS06425,0.2969586298382483,0.26527504868957075,0.5752644686234822,0.30873684179169586,0.26527504868957075,CP,-0.04346179310212511,-0.011778211953447582,-0.04346179310212511,0.2665276268317864,10,almE,0.9466902666666666,-0.61522,4.662,24h_SI1,24h,SI1,3h_SI3,3h,SI3,5.27722,almE
N900_RS06430,0.4773074852133587,0.4166102471096791,0.7175838175908916,0.40616680477252504,0.4166102471096791,CP,0.010443442337154052,0.07114068044083366,0.010443442337154052,0.3114170128183666,10,almF,-0.6555937166666668,-2.6337,4.2177,12h_SI1,12h,SI1,1h_SI1,1h,SI1,6.8514,almF
N900_RS06435,0.30771167559404733,0.24858762536006168,0.6734951576165619,0.35962277673858706,0.24858762536006168,CP,-0.11103515137852538,-0.05191110114453973,-0.11103515137852538,0.3138723808779748,10,almG,1.47984925,-0.054004,6.0282,1h_SI4,1h,SI4,3h_SI2,3h,SI2,6.082204,almG
N900_RS06440,0.6860622212993934,0.6624305815644809,0.8959885125594743,0.7378891082466477,0.6624305815644809,CP,-0.0754585266821668,-0.051826886947254236,-0.0754585266821668,0.15809940431282665,10,VCM66_1516_BLAST,-0.6578911000000001,-3.3508,1.5046,3h_SI9,3h,SI9,3h_SI7,3h,SI7,4.8553999999999995,VCM66_1516_BLAST
N900_RS06445,0.21306547446669277,0.1609554927510821,0.28561118806092484,0.20454077856702138,0.1609554927510821,CP,-0.04358528581593929,0.008524695899671392,-0.04358528581593929,0.08107040949390346,10,N900_RS06445,0.5991164516666667,-0.64961,3.0447,6h_co,6h,co,3h_SI5,3h,SI5,3.69431,N900_RS06445
N900_RS06450,0.5231579758506169,0.5996052122584946,0.8670055136804132,0.3237794669353314,0.5231579758506169,PCA,0.19937850891528547,0.19937850891528547,0.27582574532316323,0.5432260467450818,10,membrane protein_7,0.2462347666666667,-1.6661,5.0831,24h_st,24h,st,6h_ce,6h,ce,6.7492,membrane protein_7
N900_RS06455,0.35556395789901835,0.4878516486041907,0.647078496980226,0.38484482703861295,0.35556395789901835,PCA,-0.0292808691395946,-0.0292808691395946,0.10300682156557778,0.26223366994161307,10,fumC,0.5373946833333333,-1.5278,4.5736,24h_st,24h,st,3h_SI1,3h,SI1,6.1014,fumC
N900_RS06460,0.3954723123726152,0.46676723012263344,0.6691352467989112,0.36036022905361853,0.3954723123726152,PCA,0.03511208331899668,0.03511208331899668,0.1064070010690149,0.3087750177452927,10,N900_RS06460,-1.0119508333333331,-2.5012,4.4822,24h_st,24h,st,3h_SI4,3h,SI4,6.9834,N900_RS06460
N900_RS06465,0.378853964527369,0.35442643706278404,0.5355100108295808,0.35588033621039894,0.35442643706278404,CP,-0.001453899147614901,0.022973628316970085,-0.001453899147614901,0.1796296746191819,10,appC,1.1330999333333334,-0.66141,3.943,6h_SI6,6h,SI6,12h_SI1,12h,SI1,4.60441,appC
N900_RS06470,0.5141301202196417,0.6287020724936653,0.8414188475427117,0.3587981433172208,0.5141301202196417,PCA,0.15533197690242084,0.15533197690242084,0.26990392917644446,0.48262070422549086,10,appB,0.2744866666666666,-1.8986,3.9833,6h_SI1,6h,SI1,6h_ce,6h,ce,5.8819,appB
N900_RS06475,0.6701595395212824,0.6123629366144993,0.7186630191140411,0.5533493274254878,0.6123629366144993,CP,0.05901360918901144,0.11681021209579456,0.05901360918901144,0.16531369168855325,10,yknY_2,0.29667531666666663,-2.0392,4.9901,6h_SI5,6h,SI5,1h_st,1h,st,7.0293,yknY_2
N900_RS06480,0.298675400933884,0.3712691963684378,0.5797969196290634,0.25458838187786953,0.298675400933884,PCA,0.044087019056014476,0.044087019056014476,0.11668081449056827,0.3252085377511939,10,macB_1,0.9848011000000002,-0.48826,3.2274,1h_st,1h,st,6h_SI3,6h,SI3,3.7156599999999997,macB_1
N900_RS06485,0.23009870813407698,0.2567040026733886,0.325712689685915,0.21671613965562064,0.23009870813407698,PCA,0.013382568478456341,0.013382568478456341,0.039987863017767966,0.10899655003029435,10,macB_2,1.370453883333333,-0.44865,4.1236,1h_SI9,1h,SI9,6h_ce,6h,ce,4.5722499999999995,macB_2
N900_RS06490,0.8317133214758073,0.8092422265117746,0.8570862399591099,0.6912365963375809,0.8092422265117746,CP,0.11800563017419363,0.1404767251382264,0.11800563017419363,0.16584964362152899,10,tolc,0.3882127616666667,-2.6967,3.4288,6h_SI7,6h,SI7,12h_co,12h,co,6.1255,tolc
N900_RS06495,0.1977994265357564,0.2292340328753118,0.3055209656307101,0.15975869675596718,0.1977994265357564,PCA,0.03804072977978923,0.03804072977978923,0.06947533611934462,0.1457622688747429,10,macA,1.1646526600000002,-0.10084,4.6484,1h_SI7,1h,SI7,12h_SI1,12h,SI1,4.7492399999999995,macA
N900_RS06500,0.7791637514172991,0.8290387634428373,0.8183707175368383,0.817208026869649,0.7791637514172991,PCA,-0.038044275452349896,-0.038044275452349896,0.011830736573188338,0.0011626906671893256,10,varG,-0.80341435,-3.7278,1.9281,12h_SI8,12h,SI8,24h_SI2,24h,SI2,5.6559,varG
N900_RS06505,0.25137948410244887,0.28001878715600387,0.5152793391060821,0.2736349057551785,0.25137948410244887,PCA,-0.022255421652729646,-0.022255421652729646,0.006383881400825353,0.24164443335090363,10,lysr_3,1.3686262649999998,-0.17954,5.1172,3h_SI4,3h,SI4,3h_st,3h,st,5.296740000000001,lysr_3
N900_RS06510,0.41300200481049526,0.5276468078620555,0.8084250317416739,0.4430041903616573,0.41300200481049526,PCA,-0.03000218555116202,-0.03000218555116202,0.08464261750039825,0.3654208413800166,10,katG,1.6284244,-0.15532,6.1199,1h_SI7,1h,SI7,3h_SI1,3h,SI1,6.27522,katG
N900_RS06515,0.15910225646169618,0.201824623842245,0.6581188987538624,0.17762465003256736,0.15910225646169618,PCA,-0.018522393570871182,-0.018522393570871182,0.024199973809677644,0.4804942487212951,10,bglA,0.3514252833333334,-1.2127,4.6944,6h_SI2,6h,SI2,3h_SI4,3h,SI4,5.9071,bglA
N900_RS06520,0.2073877058858327,0.18037889389169331,0.3449497445421762,0.20336871880579147,0.18037889389169331,CP,-0.02298982491409815,0.004018987080041225,-0.02298982491409815,0.14158102573638473,10,LacI family DNA-binding transcriptional regulator,0.21405076666666664,-1.4059,3.5196,12h_SI7,12h,SI7,3h_st,3h,st,4.9254999999999995,LacI family DNA-binding transcriptional regulator
N900_RS06525,0.8350638933165172,0.6862271350993129,0.9135498983859384,0.7831991097215669,0.6862271350993129,CP,-0.09697197462225404,0.05186478359495028,-0.09697197462225404,0.13035078866437144,10,rutC,0.8426624833333332,-1.0713,3.4002,6h_SI5,6h,SI5,3h_SI5,3h,SI5,4.4715,rutC
N900_RS06530,0.21187660800055574,0.22210722944320926,0.3343967979316658,0.19992157817230194,0.21187660800055574,PCA,0.011955029828253805,0.011955029828253805,0.022185651270907325,0.13447521975936388,10,Toxin-antitoxin biofilm protein TabA homolog_BLAST,0.7889990166666667,-0.54007,3.4739,3h_st,3h,st,6h_SI1,6h,SI1,4.0139700000000005,Toxin-antitoxin biofilm protein TabA homolog_BLAST
N900_RS06535,0.2875450067314886,0.3212972657578486,0.3565294764432013,0.266573667152764,0.2875450067314886,PCA,0.0209713395787246,0.0209713395787246,0.054723598605084633,0.08995580929043734,10,glpQ_1,-0.6283875833333333,-3.2997,3.3835,24h_ce,24h,ce,1h_SI1,1h,SI1,6.6832,glpQ_1
N900_RS06540,0.3780440694781888,0.3812612630257172,0.5904545366203633,0.32653961140036686,0.3780440694781888,PCA,0.051504458077821946,0.051504458077821946,0.054721651625350365,0.26391492521999643,10,glpR_1,0.15112328500000005,-1.2938,3.3732,3h_SI6,3h,SI6,6h_SI2,6h,SI2,4.667,glpR_1
N900_RS06545,0.3552916411615438,0.461717901924412,0.6996013419566679,0.32050495637676024,0.3552916411615438,PCA,0.034786684784783584,0.034786684784783584,0.14121294554765174,0.37909638557990766,10,ugpc,-0.01677286666666663,-1.8148,5.9263,12h_SI7,12h,SI7,6h_ce,6h,ce,7.7411,ugpc
N900_RS06550,0.3023266968282115,0.36332938905936163,0.47132369505425414,0.2642796081902218,0.3023266968282115,PCA,0.03804708863798972,0.03804708863798972,0.09904978086913985,0.20704408686403236,10,ugpE,-0.31219335,-2.0951,4.3218,24h_SI3,24h,SI3,3h_SI5,3h,SI5,6.4169,ugpE
N900_RS06555,0.23975553354886872,0.2955415690804538,0.4419101970513978,0.2509895370674998,0.23975553354886872,PCA,-0.011234003518631103,-0.011234003518631103,0.04455203201295399,0.19092065998389796,10,ugpA,0.9400644333333333,-0.67973,4.0264,12h_SI7,12h,SI7,3h_SI5,3h,SI5,4.70613,ugpA
N900_RS06560,0.2864961677516676,0.29486820798215785,0.45534516778093526,0.360839802850693,0.2864961677516676,PCA,-0.07434363509902542,-0.07434363509902542,-0.06597159486853515,0.09450536493024225,10,ugpB,0.19030280083333334,-2.3256,3.2723,6h_SI7,6h,SI7,6h_SI1,6h,SI1,5.5979,ugpB
N900_RS06565,0.20122250235099184,0.22556598323078358,0.3752427468303302,0.23475552398104846,0.20122250235099184,PCA,-0.033533021630056614,-0.033533021630056614,-0.009189540750264874,0.14048722284928175,10,tonB,0.9359012466666665,-0.50393,6.0376,6h_co,6h,co,3h_st,3h,st,6.54153,tonB
N900_RS06570,0.12666092408781646,0.13106837359374343,0.3600918888568066,0.11883403614209849,0.12666092408781646,PCA,0.007826887945717967,0.007826887945717967,0.012234337451644942,0.24125785271470812,10,mota,0.6697279516666667,-0.84504,3.8276,3h_SI1,3h,SI1,3h_SI2,3h,SI2,4.6726399999999995,mota
N900_RS06575,0.16006839435340062,0.14133472608813286,0.26864235129489994,0.16718717091470214,0.14133472608813286,CP,-0.025852444826569287,-0.007118776561301526,-0.025852444826569287,0.1014551803801978,10,tolQ_3,1.0613484833333333,-0.39571,4.9052,1h_st,1h,st,12h_SI1,12h,SI1,5.30091,tolQ_3
N900_RS06580,0.42942154884157524,0.39947788829146164,0.5844545558146648,0.2505324668566948,0.39947788829146164,CP,0.14894542143476686,0.17888908198488046,0.14894542143476686,0.33392208895797,10,exbd,0.913149545,-0.577,4.6941,1h_ce,1h,ce,6h_ce,6h,ce,5.2711,exbd
N900_RS06585,0.15031929013742446,0.1844877086958102,0.2971599897247945,0.18877088107007628,0.15031929013742446,PCA,-0.038451590932651825,-0.038451590932651825,-0.004283172374266092,0.10838910865471824,10,TonB_1,0.7636807999999998,-0.84175,4.443,6h_SI7,6h,SI7,6h_st,6h,st,5.28475,TonB_1
N900_RS06590,0.41738753034035736,0.4826444881665949,0.6154227897709207,0.36924972425005037,0.41738753034035736,PCA,0.04813780609030699,0.04813780609030699,0.11339476391654452,0.24617306552087032,10,N900_RS06590,1.0068560766666665,-0.67461,4.6176,1h_ce,1h,ce,3h_SI3,3h,SI3,5.292210000000001,N900_RS06590
N900_RS06595,0.1535561238481656,0.2015737930738472,0.3321324833829469,0.1962134273984174,0.1535561238481656,PCA,-0.042657303550251796,-0.042657303550251796,0.005360365675429801,0.13591905598452947,10,ligA_1,0.7796801688333332,-0.67142,3.8058,1h_st,1h,st,3h_SI3,3h,SI3,4.47722,ligA_1
N900_RS06600,0.2723820014268235,0.5123605846832201,0.5011896143320497,0.37564117613927694,0.2723820014268235,PCA,-0.10325917471245344,-0.10325917471245344,0.13671940854394316,0.12554843819277273,10,N900_RS06600,0.4151725,-1.1839,4.3176,12h_ce,12h,ce,6h_st,6h,st,5.5015,N900_RS06600
N900_RS06605,0.494072130074369,0.49875040996651215,0.6846748873293454,0.353944729707891,0.494072130074369,PCA,0.14012740036647803,0.14012740036647803,0.14480568025862117,0.33073015762145447,10,vcmA,1.1191887350000003,-0.74045,5.9166,6h_co,6h,co,6h_ce,6h,ce,6.65705,vcmA
N900_RS06610,0.5104599189248743,0.4154196788718031,0.866516692575969,0.4874610644808023,0.4154196788718031,CP,-0.0720413856089992,0.022998854444072014,-0.0720413856089992,0.3790556280951667,10,CPXCG motif-containing cysteine-rich protein,1.3797458,-1.7883,6.0201,6h_SI7,6h,SI7,12h_SI1,12h,SI1,7.808400000000001,CPXCG motif-containing cysteine-rich protein
N900_RS06615,0.2900822303900769,0.3114662411471436,0.6479094601401455,0.2129440961010728,0.2900822303900769,PCA,0.07713813428900412,0.07713813428900412,0.09852214504607082,0.4349653640390727,10,VC_1539_BLAST,0.0373588783333333,-1.4805,4.4597,6h_SI3,6h,SI3,3h_SI1,3h,SI1,5.9402,VC_1539_BLAST
N900_RS06620,0.10067944840354476,0.12887895622103457,0.30688019583607035,0.060713556157552806,0.10067944840354476,PCA,0.03996589224599195,0.03996589224599195,0.06816540006348176,0.24616663967851754,10,N900_RS06620,1.3867726166666665,-0.51522,4.4114,12h_st,12h,st,3h_st,3h,st,4.926620000000001,N900_RS06620
N900_RS06625,0.21277430159539812,0.2150206108827051,0.38638251273323293,0.20135588394606682,0.21277430159539812,PCA,0.011418417649331297,0.011418417649331297,0.013664726936638283,0.1850266287871661,10,NlpC,0.5121922000000001,-1.0626,2.9137,12h_st,12h,st,6h_SI1,6h,SI1,3.9763,NlpC
N900_RS06630,0.21263897824165748,0.2421291444718417,0.4071570028158529,0.14950390229017335,0.21263897824165748,PCA,0.06313507595148413,0.06313507595148413,0.09262524218166834,0.2576531005256795,10,methyl-accepting chemotaxis protein_2,1.513814866666667,-0.23704,6.0849,1h_SI8,1h,SI8,6h_st,6h,st,6.321940000000001,methyl-accepting chemotaxis protein_2
N900_RS06635,0.5172000495566492,0.5074882157241296,0.7270729547804498,0.5934613950093077,0.5074882157241296,CP,-0.08597317928517811,-0.0762613454526585,-0.08597317928517811,0.13361155977114203,10,N900_RS06635,0.21786024666666665,-1.5181,4.7797,12h_SI2,12h,SI2,3h_SI3,3h,SI3,6.2978000000000005,N900_RS06635
N900_RS06640,0.28545000965404393,0.2725405020021936,0.48830864275751434,0.3237300227855878,0.2725405020021936,CP,-0.05118952078339423,-0.03828001313154389,-0.05118952078339423,0.16457861997192652,10,tRNA-uridine aminocarboxypropyltransferase_BLAST,0.7705398183333333,-0.9013,3.0311,3h_SI1,3h,SI1,1h_SI1,1h,SI1,3.9324,tRNA-uridine aminocarboxypropyltransferase_BLAST
N900_RS06645,0.17776232452739724,0.19883289676824814,0.23475233671721282,0.163641649274262,0.17776232452739724,PCA,0.014120675253135234,0.014120675253135234,0.03519124749398614,0.07111068744295082,10,nagK,1.1228472183333336,-1.0026,4.1936,1h_SI4,1h,SI4,12h_st,12h,st,5.1962,nagK
N900_RS06650,0.08175482074496412,0.05959361109525126,0.7209612808745681,0.04260938935452817,0.05959361109525126,CP,0.016984221740723095,0.039145431390435956,0.016984221740723095,0.6783518915200399,10,N900_RS06650,0.009954808333333332,0.00012735,0.43711,1h_SI7,1h,SI7,3h_st,3h,st,0.43698265,N900_RS06650
N900_RS06655,0.48122607337677453,0.5409290408409472,0.8364461709354412,0.5935810878798279,0.48122607337677453,PCA,-0.11235501450305335,-0.11235501450305335,-0.05265204703888071,0.24286508305561327,10,N900_RS06655,1.0726542133333334,-0.36556,5.5148,12h_SI4,12h,SI4,3h_SI1,3h,SI1,5.8803600000000005,N900_RS06655
N900_RS06660,0.5888974502829581,0.5850857176721441,0.9418872481164338,0.6957167996072011,0.5850857176721441,CP,-0.110631081935057,-0.10681934932424297,-0.110631081935057,0.24617044850923264,10,N900_RS06660,-0.15241848333333333,-1.9089,4.2832,3h_SI6,3h,SI6,6h_st,6h,st,6.1921,N900_RS06660
N900_RS06665,0.32832288697456247,0.33366974167623353,0.6040098096380893,0.38624973038815835,0.32832288697456247,PCA,-0.057926843413595885,-0.057926843413595885,-0.05257998871192482,0.2177600792499309,10,amino acid ABC transporter,1.0942079999999998,-0.47723,3.9824,3h_co,3h,co,3h_SI1,3h,SI1,4.45963,amino acid ABC transporter
N900_RS06670,0.25665063764267876,0.22820624903429684,0.4962997850700832,0.3483511561846575,0.22820624903429684,CP,-0.12014490715036066,-0.09170051854197875,-0.12014490715036066,0.1479486288854257,10,MoeA,1.494521666666667,0.15517,5.0099,1h_SI3,1h,SI3,3h_SI1,3h,SI1,4.85473,MoeA
N900_RS06675,0.4368103642932889,0.4501937029896949,0.7001223565450742,0.44812721399455197,0.4368103642932889,PCA,-0.011316849701263065,-0.011316849701263065,0.0020664889951429455,0.2519951425505222,10,mobA,0.551868075,-0.77618,4.4296,24h_st,24h,st,12h_SI2,12h,SI2,5.20578,mobA
N900_RS06680,0.1978920919864044,0.29150121105025606,0.5274088694954261,0.2000681822328972,0.1978920919864044,PCA,-0.002176090246492818,-0.002176090246492818,0.09143302881735885,0.32734068726252885,10,btuD_1,0.7745641216666667,-1.003,4.0921,24h_SI9,24h,SI9,12h_st,12h,st,5.0951,btuD_1
N900_RS06685,0.6812026712135417,0.750597335033138,0.9108590322759104,0.7771418351489398,0.6812026712135417,PCA,-0.09593916393539803,-0.09593916393539803,-0.026544500115801783,0.1337171971269706,10,tupB,1.2047893056666663,-0.47567,4.8594,1h_ce,1h,ce,6h_SI1,6h,SI1,5.33507,tupB
N900_RS06690,0.38904150290756906,0.42853950179835665,0.7321654311966451,0.4534081237298743,0.38904150290756906,PCA,-0.06436662082230526,-0.06436662082230526,-0.024868621931517676,0.2787573074667708,10,tungsten ABC transporter substrate-binding protein,-0.013690531166666664,-1.834,4.7097,24h_st,24h,st,3h_SI1,3h,SI1,6.543699999999999,tungsten ABC transporter substrate-binding protein
N900_RS06695,0.309073479305553,0.31041438054828846,0.36589057351336557,0.26514328353824557,0.309073479305553,PCA,0.043930195767307445,0.043930195767307445,0.04527109701004289,0.10074728997512,10,atoC_2,0.6521600499999999,-0.99036,4.9041,3h_st,3h,st,12h_st,12h,st,5.89446,atoC_2
N900_RS06700,0.1871298459770512,0.21920290743280735,0.30433791710533353,0.20043857010703278,0.1871298459770512,PCA,-0.013308724129981575,-0.013308724129981575,0.018764337325774566,0.10389934699830075,10,sasA_2,0.48825141666666666,-0.65069,2.7977,1h_st,1h,st,6h_SI1,6h,SI1,3.44839,sasA_2
N900_RS06705,0.31104089941374724,0.284629022337993,0.5737636366693069,0.3206293550145182,0.284629022337993,CP,-0.03600033267652525,-0.009588455600770984,-0.03600033267652525,0.25313428165478863,10,ybiT,1.2500275000000003,-0.51878,6.5922,1h_SI1,1h,SI1,3h_st,3h,st,7.11098,ybiT
N900_RS06710,0.3074680669504101,0.30706572713271657,0.637818274468089,0.2540432018431586,0.30706572713271657,CP,0.053022525289557976,0.05342486510725153,0.053022525289557976,0.38377507262493044,10,fdhD,0.8535228,-0.93791,5.0436,6h_co,6h,co,3h_SI1,3h,SI1,5.98151,fdhD
N900_RS06715,0.5523130668455536,0.6160892462931183,0.7063302016077524,0.38670626503665584,0.5523130668455536,PCA,0.16560680180889775,0.16560680180889775,0.2293829812564625,0.31962393657109656,10,N900_RS06715,0.5641505666666667,-1.1735,5.2824,1h_SI1,1h,SI1,3h_SI5,3h,SI5,6.4559,N900_RS06715
N900_RS06720,0.280334653436378,0.3241760987378284,0.41030230601245393,0.15264962115750097,0.280334653436378,PCA,0.127685032278877,0.127685032278877,0.1715264775803274,0.25765268485495296,10,N900_RS06720,0.24696005000000001,-0.92208,2.9459,6h_SI8,6h,SI8,12h_st,12h,st,3.86798,N900_RS06720
N900_RS06725,0.24014871394072065,0.28262843720709846,0.39734648682676993,0.25083980898169217,0.24014871394072065,PCA,-0.010691095040971516,-0.010691095040971516,0.03178862822540629,0.14650667784507776,10,napF_1,0.8388170416666666,-0.54609,4.4715,12h_st,12h,st,3h_st,3h,st,5.01759,napF_1
N900_RS06730,0.3511958332605637,0.402700339994506,0.7502705350028981,0.2858551361783622,0.3511958332605637,PCA,0.06534069708220147,0.06534069708220147,0.11684520381614377,0.46441539882453586,10,molecular chaperone,0.6710938366666667,-0.71991,4.3707,1h_co,1h,co,6h_SI2,6h,SI2,5.09061,molecular chaperone
N900_RS06735,0.605334751491188,0.6057047304765181,0.7998625081514812,0.5710215272106185,0.605334751491188,PCA,0.03431322428056949,0.03431322428056949,0.034683203265899576,0.2288409809408627,10,transcriptional initiation protein Tat,-0.43034179666666666,-2.0082,4.6355,24h_SI2,24h,SI2,6h_SI2,6h,SI2,6.643700000000001,transcriptional initiation protein Tat
N900_RS06740,0.3144970573581114,0.2546051756750359,0.40484140984214506,0.22881813539849455,0.2546051756750359,CP,0.02578704027654133,0.08567892195961685,0.02578704027654133,0.1760232744436505,10,napA_1,0.6587827950000001,-0.77882,3.7293,6h_SI4,6h,SI4,3h_SI4,3h,SI4,4.50812,napA_1
N900_RS06745,0.30690509313230296,0.3409198146311424,0.5194017575958756,0.2916402812481332,0.30690509313230296,PCA,0.015264811884169782,0.015264811884169782,0.04927953338300922,0.2277614763477424,10,fdhB1,0.20078578333333333,-0.97867,3.5238,6h_st,6h,st,1h_SI1,1h,SI1,4.50247,fdhB1
N900_RS06750,0.21770057688957742,0.19248907953571398,0.5071950958419856,0.24891681877143354,0.19248907953571398,CP,-0.05642773923571956,-0.03121624188185612,-0.05642773923571956,0.25827827707055206,10,formate dehydrogenase subunit gamma,0.396028855,-1.4337,4.3571,12h_SI2,12h,SI2,3h_SI5,3h,SI5,5.7908,formate dehydrogenase subunit gamma
N900_RS06755,0.4349588149627338,0.39319609739108213,0.5539967618832685,0.4338483532111768,0.39319609739108213,CP,-0.040652255820094685,0.0011104617515569903,-0.040652255820094685,0.1201484086720917,10,N900_RS06755,0.3686837583333333,-0.83096,2.5263,1h_ce,1h,ce,1h_co,1h,co,3.35726,N900_RS06755
N900_RS06760,0.21592605614478394,0.28733741023598597,0.4647613539072379,0.1977928169808663,0.21592605614478394,PCA,0.018133239163917653,0.018133239163917653,0.08954459325511968,0.26696853692637157,10,cobB,1.0480848666666664,-0.46096,4.1241,1h_SI9,1h,SI9,3h_st,3h,st,4.58506,cobB
N900_RS06765,0.633505039693045,0.6215650647052963,0.9420577135753982,0.7085765825694826,0.6215650647052963,CP,-0.08701151786418637,-0.07507154287643769,-0.08701151786418637,0.2334811310059156,10,VC0395_A1115_BLAST,0.5598267833333334,-2.4472,5.517,6h_ce,6h,ce,3h_SI2,3h,SI2,7.9642,VC0395_A1115_BLAST
N900_RS06770,0.2863775783893805,0.24272479031122396,0.6340025826279924,0.29298000565587196,0.24272479031122396,CP,-0.050255215344648,-0.006602427266491462,-0.050255215344648,0.3410225769721204,10,aroH,-0.0747758,-1.3166,2.9544,3h_SI2,3h,SI2,12h_SI2,12h,SI2,4.271,aroH
N900_RS06775,0.09764848944268685,0.24013816045186528,0.38204278449657053,0.14054072811667342,0.09764848944268685,PCA,-0.042892238673986574,-0.042892238673986574,0.09959743233519186,0.2415020563798971,10,N900_RS06775,0.6013934333333335,-0.74408,3.7176,6h_st,6h,st,6h_SI2,6h,SI2,4.46168,N900_RS06775
N900_RS06780,0.3674904511281127,0.3044523207855401,0.6427310670600818,0.4179091664467326,0.3044523207855401,CP,-0.11345684566119252,-0.05041871531861991,-0.11345684566119252,0.22482190061334917,10,N900_RS06780,0.9178522108333333,-0.66707,4.6613,6h_SI2,6h,SI2,6h_st,6h,st,5.32837,N900_RS06780
N900_RS06785,0.6347364156272298,0.6203327083993685,0.8226460441138125,0.5145640253439745,0.6203327083993685,CP,0.105768683055394,0.12017239028325533,0.105768683055394,0.308082018769838,10,cvfB,-0.0924345,-2.5392,3.3421,3h_SI9,3h,SI9,1h_SI1,1h,SI1,5.8812999999999995,cvfB
N900_RS06790,0.11627484399022832,0.11360704424601446,0.29105489738286483,0.15402012236908472,0.11360704424601446,CP,-0.040413078123070253,-0.0377452783788564,-0.040413078123070253,0.1370347750137801,10,rsmF,0.667166275,-0.95031,3.9896,6h_SI6,6h,SI6,3h_SI3,3h,SI3,4.939909999999999,rsmF
N900_RS06795,0.16902913123106159,0.16946248903328556,0.3094559550601251,0.16045149349094726,0.16902913123106159,PCA,0.00857763774011433,0.00857763774011433,0.009010995542338307,0.14900446156917782,10,yebT,0.8016523616666668,-0.4925,3.4809,1h_st,1h,st,3h_SI1,3h,SI1,3.9734000000000003,yebT
N900_RS06800,0.25550723401838227,0.19611778049438292,0.45735820918654,0.33893389326826523,0.19611778049438292,CP,-0.14281611277388231,-0.08342665924988296,-0.14281611277388231,0.11842431591827479,10,paraquat-inducible protein A,0.9318864416666667,-0.8312,4.4398,1h_SI1,1h,SI1,3h_st,3h,st,5.271,paraquat-inducible protein A
N900_RS06805,0.2318270983495029,0.16900215320786455,0.6713831446305197,0.3225336997350079,0.16900215320786455,CP,-0.15353154652714335,-0.09070660138550499,-0.15353154652714335,0.34884944489551184,10,ABC transporter ATP-binding protein_2,0.32236509999999996,-1.5613,4.7015,12h_SI4,12h,SI4,6h_SI1,6h,SI1,6.2628,ABC transporter ATP-binding protein_2
N900_RS06810,0.09676816923703134,0.08456105159660128,0.2436989760695731,0.07181192486630338,0.08456105159660128,CP,0.012749126730297905,0.024956244370727965,0.012749126730297905,0.17188705120326975,10,msrC_BLAST,0.8131330200000001,-0.61003,4.5476,1h_st,1h,st,3h_SI3,3h,SI3,5.15763,msrC_BLAST
N900_RS06815,0.539666297793698,0.42850762709036244,0.7199927088258018,0.5755959883438894,0.42850762709036244,CP,-0.14708836125352692,-0.03592969055019135,-0.14708836125352692,0.14439672048191243,10,proQ,0.07405420000000001,-1.8077,2.8845,1h_ce,1h,ce,3h_SI4,3h,SI4,4.6922,proQ
N900_RS06820,0.34694045544534585,0.38525320468417096,0.46331858747894983,0.3698345287845978,0.34694045544534585,PCA,-0.022894073339251975,-0.022894073339251975,0.015418675899573131,0.093484058694352,10,prc,-0.35085686666666666,-2.2908,3.5145,6h_SI1,6h,SI1,12h_SI1,12h,SI1,5.8053,prc
N900_RS06825,0.24531791230193753,0.2373566713154132,0.36305826839376437,0.16341615384219257,0.2373566713154132,CP,0.07394051747322061,0.08190175845974496,0.07394051747322061,0.1996421145515718,10,N900_RS06825,0.45651191666666674,-0.90656,2.7194,3h_st,3h,st,3h_SI2,3h,SI2,3.62596,N900_RS06825
N900_RS06830,0.38718215242247694,0.4006907488341896,0.7322306363092411,0.4030435222564517,0.38718215242247694,PCA,-0.015861369833974737,-0.015861369833974737,-0.002352773422262089,0.32918711405278944,10,pepN,-0.14506495433333338,-1.5789,3.8089,12h_SI2,12h,SI2,6h_SI2,6h,SI2,5.3878,pepN
N900_RS06835,0.5052326561982178,0.3704143016003342,0.868863852262739,0.4353451119279688,0.3704143016003342,CP,-0.06493081032763465,0.06988754427024896,-0.06493081032763465,0.43351874033477017,10,N900_RS06835,-0.10428771166666667,-1.3903,2.9967,3h_ce,3h,ce,12h_SI2,12h,SI2,4.3870000000000005,N900_RS06835
N900_RS06840,0.6970693000898388,0.7937957156752717,0.9672662450391206,0.6993412356731983,0.6970693000898388,PCA,-0.0022719355833594745,-0.0022719355833594745,0.09445448000207346,0.26792500936592234,10,gdhB,0.8288471233333333,-1.7366,4.025,3h_SI7,3h,SI7,12h_SI2,12h,SI2,5.7616000000000005,gdhB
N900_RS06845,0.2611888915928033,0.3122350304280122,0.42268746910852945,0.24902817102214403,0.2611888915928033,PCA,0.012160720570659256,0.012160720570659256,0.06320685940586818,0.17365929808638542,10,pyrD,-0.7524003833333333,-4.032,3.3738,12h_SI8,12h,SI8,12h_st,12h,st,7.4058,pyrD
N900_RS06850,0.524168876073539,0.543216515365398,0.722599177287681,0.5514404900061209,0.524168876073539,PCA,-0.02727161393258193,-0.02727161393258193,-0.008223974640722997,0.17115868728156003,10,zapc,-0.9523734166666667,-3.5584,2.9152,6h_ce,6h,ce,6h_st,6h,st,6.473599999999999,zapc
N900_RS06855,0.2887667458501315,0.2734398050383321,0.543631745774261,0.23440248807020939,0.2734398050383321,CP,0.03903731696812271,0.054364257779922126,0.03903731696812271,0.30922925770405163,10,rlmKL,0.47590435000000014,-0.76432,4.4731,24h_SI3,24h,SI3,6h_st,6h,st,5.237419999999999,rlmKL
N900_RS06860,0.6489723220537178,0.6885195876164634,0.7426263603835164,0.5167534175795138,0.6489723220537178,PCA,0.13221890447420404,0.13221890447420404,0.1717661700369496,0.2258729428040026,10,N900_RS06860,-1.4198218499999997,-4.1062,3.2189,6h_ce,6h,ce,1h_ce,1h,ce,7.325100000000001,N900_RS06860
N900_RS06865,0.2952046247763303,0.31392724457960364,0.793033063971823,0.3132970533999352,0.2952046247763303,PCA,-0.018092428623604884,-0.018092428623604884,0.000630191179668449,0.47973601057188786,10,uup,0.19111726666666665,-1.7814,3.3423,6h_SI2,6h,SI2,3h_SI1,3h,SI1,5.1236999999999995,uup
N900_RS06875,0.25873091813830124,0.17980745587139976,0.5837888613102872,0.31831329034496814,0.17980745587139976,CP,-0.13850583447356837,-0.0595823722066669,-0.13850583447356837,0.26547557096531904,10,rmf,1.46844075,-0.24621,5.1127,1h_SI6,1h,SI6,3h_SI2,3h,SI2,5.35891,rmf
N900_RS06880,0.10036634660535101,0.15503683116372396,0.1390976852649507,0.028014965821319397,0.10036634660535101,PCA,0.07235138078403161,0.07235138078403161,0.12702186534240456,0.1110827194436313,10,fabA,1.8441144333333335,-0.062449,4.0446,6h_SI9,6h,SI9,12h_st,12h,st,4.107049,fabA
N900_RS06885,0.25558621077835453,0.24883455592695108,0.44198382554536014,0.2816488851218087,0.24883455592695108,CP,-0.032814329194857605,-0.026062674343454162,-0.032814329194857605,0.16033494042355145,10,ATP-dependent protease LA-related protein,0.7964509666666668,-0.78672,4.6291,1h_SI9,1h,SI9,3h_SI2,3h,SI2,5.41582,ATP-dependent protease LA-related protein
N900_RS06890,0.8583697148317917,0.8788973631854987,0.9747096800367089,0.8312614889124036,0.8583697148317917,PCA,0.027108225919388107,0.027108225919388107,0.047635874273095125,0.1434481911243053,10,matP,-0.1578106561666666,-2.9662,3.2171,1h_SI2,1h,SI2,3h_SI7,3h,SI7,6.1833,matP
N900_RS06895,0.41025345432475807,0.4923613892781193,0.6821900891171537,0.39887275493164626,0.41025345432475807,PCA,0.011380699393111815,0.011380699393111815,0.09348863434647303,0.2833173341855075,10,N900_RS06895,0.4865406500000001,-1.0144,4.3278,3h_SI6,3h,SI6,6h_st,6h,st,5.3422,N900_RS06895
N900_RS06900,0.2674305433874678,0.2653151259523003,0.43772273428107356,0.2395939356260447,0.2653151259523003,CP,0.025721190326255583,0.027836607761423104,0.025721190326255583,0.19812879865502886,10,N900_RS06900,1.2459248366666666,-0.24,5.2914,3h_SI4,3h,SI4,12h_st,12h,st,5.5314000000000005,N900_RS06900
N900_RS06945,0.8042617263122783,0.8731079211698042,0.978123563081702,0.7757699881574344,0.8042617263122783,PCA,0.02849173815484396,0.02849173815484396,0.09733793301236981,0.20235357492426764,10,N900_RS06945,0.013707350000000005,-2.0858,2.8167,3h_SI6,3h,SI6,3h_SI7,3h,SI7,4.9025,N900_RS06945
N900_RS06955,0.20805078453401238,0.25173310711169955,0.47276588588742896,0.1751268196468849,0.20805078453401238,PCA,0.03292396488712748,0.03292396488712748,0.07660628746481465,0.29763906624054404,10,DNA replication protein_1,1.5418287666666664,-0.76994,4.6859,6h_SI4,6h,SI4,3h_SI3,3h,SI3,5.45584,DNA replication protein_1
N900_RS06980,0.23060664097860112,0.24394836464455186,0.3928095922247682,0.21771053754336467,0.23060664097860112,PCA,0.01289610343523645,0.01289610343523645,0.02623782710118719,0.17509905468140352,10,DNA-binding protein,0.5111554333333335,-0.8985,2.9149,6h_st,6h,st,12h_SI1,12h,SI1,3.8133999999999997,DNA-binding protein
N900_RS07000,0.8022139566103732,0.8481460460616771,0.9215300505564666,0.8050876741788108,0.8022139566103732,PCA,-0.0028737175684375726,-0.0028737175684375726,0.04305837188286632,0.11644237637765587,10,rstc,-0.13306151666666663,-2.4485,2.4297,12h_SI3,12h,SI3,3h_SI7,3h,SI7,4.8782,rstc
N900_RS07020,0.4239025137472764,0.3986032833899413,0.6101661020035354,0.45423920691199554,0.3986032833899413,CP,-0.055635923522054265,-0.030336693164719153,-0.055635923522054265,0.15592689509153984,10,colonization factor,0.2810398333333333,-1.2568,3.7478,3h_SI6,3h,SI6,3h_SI2,3h,SI2,5.0046,colonization factor
N900_RS07025,0.3367460312037638,0.4132695655789316,0.5251370919131794,0.1602010894986858,0.3367460312037638,PCA,0.17654494170507798,0.17654494170507798,0.25306847608024574,0.36493600241449353,10,VC_1460_BLAST,0.18067133333333332,-1.0853,3.8395,3h_SI3,3h,SI3,6h_ce,6h,ce,4.9248,VC_1460_BLAST
N900_RS07030,0.33360281807788295,0.33998157733670914,0.5041463216799598,0.22671527252400941,0.33360281807788295,PCA,0.10688754555387353,0.10688754555387353,0.11326630481269973,0.27743104915595035,10,ace,0.4396666166666667,-0.94895,2.8272,6h_SI9,6h,SI9,12h_SI1,12h,SI1,3.77615,ace
N900_RS07035,0.20851790512352206,0.244223724717164,0.5093273566688642,0.24927552002063727,0.20851790512352206,PCA,-0.04075761489711521,-0.04075761489711521,-0.005051795303473272,0.26005183664822695,10,zot,0.8242189833333332,-0.85338,4.197,6h_SI4,6h,SI4,12h_SI1,12h,SI1,5.0503800000000005,zot
N900_RS07040,0.21679444041185997,0.2406530329717644,0.45415926590990513,0.3052996764589574,0.21679444041185997,PCA,-0.08850523604709742,-0.08850523604709742,-0.06464664348719298,0.14885958945094774,10,ctxA,1.6031479666666668,-0.28437,5.9364,1h_SI5,1h,SI5,3h_SI4,3h,SI4,6.22077,ctxA
N900_RS07045,0.2724166315630511,0.33101379228436406,0.5802028742444635,0.2982277235355591,0.2724166315630511,PCA,-0.02581109197250797,-0.02581109197250797,0.032786068748804964,0.2819751507089044,10,ctxB,1.2130298333333334,-0.24055,4.3415,1h_SI7,1h,SI7,12h_SI3,12h,SI3,4.58205,ctxB
N900_RS07050,0.3125615585748225,0.2552585083362939,0.5376026780133096,0.3247813549172756,0.2552585083362939,CP,-0.06952284658098173,-0.012219796342453126,-0.06952284658098173,0.21282132309603402,10,rtxA,-0.30215816666666667,-1.6921,2.9957,3h_SI9,3h,SI9,1h_SI1,1h,SI1,4.687799999999999,rtxA
N900_RS07055,0.36370622301883676,0.41229630690877994,0.616844648569078,0.33668606270657714,0.36370622301883676,PCA,0.027020160312259622,0.027020160312259622,0.0756102442022028,0.2801585858625008,10,toxin-activating lysine-acyltransferase,0.6039549883333334,-1.2957,4.1859,3h_ce,3h,ce,3h_SI5,3h,SI5,5.4816,toxin-activating lysine-acyltransferase
N900_RS07060,0.6211847842922507,0.6550614617948057,0.8114503726960465,0.6473201120660967,0.6211847842922507,PCA,-0.026135327773846084,-0.026135327773846084,0.0077413497287089905,0.16413026062994973,10,N900_RS07060,-0.5776163333333334,-3.6267,4.6598,6h_co,6h,co,3h_SI5,3h,SI5,8.2865,N900_RS07060
N900_RS07065,0.5549699671920422,0.5880676040730841,0.7669315906978086,0.5651572084212039,0.5549699671920422,PCA,-0.010187241229161703,-0.010187241229161703,0.022910395651880244,0.2017743822766047,10,peptidase domain-containing ABC transporter,-0.7304131366666665,-3.5673,3.2553,3h_SI9,3h,SI9,3h_SI7,3h,SI7,6.8225999999999996,peptidase domain-containing ABC transporter
N900_RS07070,0.2996432213319774,0.32590394944803763,0.45378821451569945,0.19239656626225995,0.2996432213319774,PCA,0.10724665506971745,0.10724665506971745,0.13350738318577768,0.2613916482534395,10,HlyD family type I secretion periplasmic adaptor subunit_1,0.9266006583333334,-0.70436,5.2161,12h_SI1,12h,SI1,6h_SI3,6h,SI3,5.92046,HlyD family type I secretion periplasmic adaptor subunit_1
N900_RS07075,0.3871467477585277,0.3523965857351012,0.5066025238127149,0.19582928580454856,0.3523965857351012,CP,0.15656729993055263,0.19131746195397914,0.15656729993055263,0.3107732380081663,10,hlyB,0.9821974,-0.38911,4.9351,1h_SI8,1h,SI8,3h_SI4,3h,SI4,5.32421,hlyB
N900_RS07080,0.3291284228015821,0.29803280782470787,0.8284514354759681,0.2471353218458669,0.29803280782470787,CP,0.05089748597884097,0.08199310095571521,0.05089748597884097,0.5813161136301013,10,rcsC_3,0.3931739,-0.8092,5.5141,3h_SI9,3h,SI9,6h_st,6h,st,6.3233,rcsC_3
N900_RS07085,0.25476729775811696,0.2529224748113836,0.44971438820275694,0.25863226305939896,0.2529224748113836,CP,-0.005709788248015379,-0.0038649653012819973,-0.005709788248015379,0.19108212514335798,10,histidine kinase,0.4138719250000001,-1.1388,3.9106,6h_SI1,6h,SI1,6h_SI4,6h,SI4,5.0494,histidine kinase
N900_RS07090,0.45840882714224,0.4307661750661659,0.687317215814592,0.3737891721091627,0.4307661750661659,CP,0.0569770029570032,0.08461965503307733,0.0569770029570032,0.31352804370542936,10,N900_RS07090,0.11450885666666667,-1.2717,3.9674,6h_SI2,6h,SI2,3h_SI1,3h,SI1,5.2391000000000005,N900_RS07090
N900_RS07095,0.3234223146678834,0.3512960513343834,0.6011437291618501,0.3494951318719435,0.3234223146678834,PCA,-0.026072817204060073,-0.026072817204060073,0.0018009194624399316,0.25164859728990663,10,ccoN,1.1136141833333335,-1.5456,5.1277,1h_SI2,1h,SI2,3h_SI1,3h,SI1,6.6733,ccoN
N900_RS07100,0.8526937084705242,0.755731918278799,0.9277811882931563,0.8665365323074644,0.755731918278799,CP,-0.11080461402866537,-0.013842823836940243,-0.11080461402866537,0.06124465598569184,10,ccoO,0.29917746333333334,-1.9615,3.3158,12h_SI9,12h,SI9,3h_SI5,3h,SI5,5.2773,ccoO
N900_RS07110,0.6586391211942557,0.685851240034779,0.7538245989265278,0.7185366578231452,0.6586391211942557,PCA,-0.059897536628889525,-0.059897536628889525,-0.0326854177883662,0.035287941103382514,10,ccoP,-0.03789021999999998,-1.9196,4.028,6h_SI7,6h,SI7,6h_SI2,6h,SI2,5.9475999999999996,ccoP
N900_RS07115,0.36736977569797297,0.5157483063669654,0.6200039788863824,0.4367662811547852,0.36736977569797297,PCA,-0.06939650545681225,-0.06939650545681225,0.07898202521218023,0.18323769773159715,10,ccoH,1.1404945333333336,-0.62065,4.7388,1h_co,1h,co,6h_SI2,6h,SI2,5.359450000000001,ccoH
N900_RS07120,0.1667595042201416,0.2325665369936329,0.3664127891842028,0.1551496968758577,0.1667595042201416,PCA,0.011609807344283907,0.011609807344283907,0.07741684011777519,0.21126309230834509,10,cadA,1.4978633,-0.50784,4.8596,1h_SI3,1h,SI3,3h_SI3,3h,SI3,5.36744,cadA
N900_RS07125,0.6620969849695472,0.6195850031398995,0.8273910299168951,0.6729375941166599,0.6195850031398995,CP,-0.05335259097676037,-0.010840609147112712,-0.05335259097676037,0.15445343580023518,10,ccoS,0.14297800000000002,-2.0442,3.958,1h_SI3,1h,SI3,3h_SI2,3h,SI2,6.0022,ccoS
N900_RS07130,0.26783461050972013,0.4170446270962078,0.6128730611266227,0.30368656760602203,0.26783461050972013,PCA,-0.0358519570963019,-0.0358519570963019,0.11335805949018579,0.3091864935206006,10,N900_RS07130,0.47849058166666664,-2.2824,4.8374,12h_SI3,12h,SI3,6h_st,6h,st,7.1198,N900_RS07130
N900_RS07140,0.3514446677522817,0.5279012109448236,0.7950559133366945,0.38748590194512117,0.3514446677522817,PCA,-0.036041234192839444,-0.036041234192839444,0.1404153089997024,0.4075700113915733,10,uspE,0.8504629316666666,-0.59315,5.3884,12h_SI4,12h,SI4,3h_SI3,3h,SI3,5.9815499999999995,uspE
N900_RS07145,0.2823860422793292,0.4223627561669006,0.6805026226822143,0.3458951047869327,0.2823860422793292,PCA,-0.06350906250760352,-0.06350906250760352,0.07646765137996792,0.3346075178952816,10,ttcA,0.29876317666666663,-1.6475,5.0304,6h_SI1,6h,SI1,3h_st,3h,st,6.6779,ttcA
N900_RS07150,0.27315494558321934,0.2819073742725449,0.4338464483204251,0.28369566706916377,0.27315494558321934,PCA,-0.010540721485944426,-0.010540721485944426,-0.001788292796618851,0.15015078125126136,10,N900_RS07150,0.8882288666666668,-0.58219,4.1202,3h_st,3h,st,6h_SI4,6h,SI4,4.702389999999999,N900_RS07150
N900_RS07155,0.28440021977847746,0.31048138326519453,0.5251308590417207,0.2655727199727409,0.28440021977847746,PCA,0.01882749980573656,0.01882749980573656,0.04490866329245363,0.25955813906897984,10,glucosaminidase,0.4029179333333333,-1.0964,4.0105,6h_SI4,6h,SI4,3h_SI1,3h,SI1,5.1069,glucosaminidase
N900_RS07160,0.17493722957951308,0.2262250343822924,0.2723805340628136,0.17758203041616152,0.17493722957951308,PCA,-0.0026448008366484477,-0.0026448008366484477,0.04864300396613089,0.09479850364665207,10,N900_RS07160,0.5299203166666666,-1.3428,3.5137,12h_SI7,12h,SI7,3h_SI4,3h,SI4,4.8565000000000005,N900_RS07160
N900_RS07165,0.6325327512745302,0.6566207491262789,0.7778007522365894,0.6554748535023524,0.6325327512745302,PCA,-0.022942102227822114,-0.022942102227822114,0.0011458956239265294,0.12232589873423705,10,potA,-0.6177545166666666,-2.1897,2.5308,12h_ce,12h,ce,24h_st,24h,st,4.7205,potA
N900_RS07170,0.37550686214632095,0.3710864188359041,0.6803613732551826,0.39776303567865623,0.3710864188359041,CP,-0.026676616842752132,-0.022256173532335277,-0.026676616842752132,0.2825983375765264,10,potB,0.4825185833333333,-0.87231,4.4464,1h_SI5,1h,SI5,6h_st,6h,st,5.318709999999999,potB
N900_RS07175,0.6555911555862249,0.6426617263078735,0.8433666375091634,0.5847389227124677,0.6426617263078735,CP,0.0579228035954058,0.07085223287375719,0.0579228035954058,0.25862771479669566,10,potC,0.6767962166666668,-2.0585,4.1782,3h_SI6,3h,SI6,6h_SI4,6h,SI4,6.236700000000001,potC
N900_RS07180,0.43668341209201816,0.4313816779727697,0.8027171028315663,0.4320499735264306,0.4313816779727697,CP,-0.0006682955536608803,0.0046334385655875665,-0.0006682955536608803,0.3706671293051357,10,potD_1,1.2015599666666665,-1.0826,5.0131,6h_SI7,6h,SI7,6h_SI3,6h,SI3,6.0957,potD_1
N900_RS07185,0.7092400752555179,0.5999164569943343,0.8520670441682404,0.6433991123699018,0.5999164569943343,CP,-0.0434826553755675,0.06584096288561614,-0.0434826553755675,0.20866793179833865,10,potD_2,0.5776087,-1.3399,4.0568,1h_ce,1h,ce,12h_st,12h,st,5.3967,potD_2
N900_RS07190,0.23881813662136736,0.2308958853488458,0.4459238518187461,0.17548991352995547,0.2308958853488458,CP,0.05540597181889034,0.0633282230914119,0.05540597181889034,0.27043393828879064,10,chromosome segregation ATPase_1,0.33410280000000003,-1.3384,3.4822,24h_SI2,24h,SI2,3h_SI4,3h,SI4,4.820600000000001,chromosome segregation ATPase_1
N900_RS07195,0.22315488299718506,0.2656851999168503,0.4104195015293479,0.2431107145536989,0.22315488299718506,PCA,-0.019955831556513842,-0.019955831556513842,0.022574485363151403,0.16730878697564902,10,N900_RS07195,0.7000432833333333,-0.80146,3.5485,3h_st,3h,st,6h_SI4,6h,SI4,4.34996,N900_RS07195
N900_RS07200,0.3162305836856901,0.30724095437295146,0.5315428654245147,0.27245256788509137,0.30724095437295146,CP,0.03478838648786009,0.04377801580059876,0.03478838648786009,0.2590902975394233,10,alsT_2,1.08547655,-0.49983,4.5313,3h_SI3,3h,SI3,6h_st,6h,st,5.03113,alsT_2
N900_RS07205,0.26247299933701107,0.27604523736471065,0.35151918578112495,0.20627950254384747,0.26247299933701107,PCA,0.0561934967931636,0.0561934967931636,0.06976573482086318,0.14523968323727748,10,rhtB_3,1.3693533308333334,-0.60225,4.9237,1h_co,1h,co,12h_st,12h,st,5.52595,rhtB_3
N900_RS07210,0.2542260624604805,0.3061257535111904,0.7252189233143437,0.24524379208669916,0.2542260624604805,PCA,0.008982270373781354,0.008982270373781354,0.06088196142449126,0.4799751312276445,10,N900_RS07210,-0.15206748333333334,-2.3909,5.0833,6h_ce,6h,ce,6h_st,6h,st,7.4742,N900_RS07210
N900_RS07215,0.42176829371401625,0.41196818417722,0.6482845322040499,0.4863488865547911,0.41196818417722,CP,-0.0743807023775711,-0.06458059284077483,-0.0743807023775711,0.16193564564925883,10,tsiV1,0.16211520500000004,-1.5735,4.2449,12h_SI5,12h,SI5,6h_SI2,6h,SI2,5.8184000000000005,tsiV1
N900_RS07220,0.44953560791171554,0.43049959391238013,0.5638417685507618,0.4061487698215129,0.43049959391238013,CP,0.02435082409086725,0.04338683809020266,0.02435082409086725,0.15769299872924897,10,tseL,0.7280727166666667,-0.87123,4.6377,6h_SI1,6h,SI1,12h_st,12h,st,5.508929999999999,tseL
N900_RS07225,0.6237407820653045,0.5514324776894826,0.6649228208232929,0.5931251369176721,0.5514324776894826,CP,-0.041692659228189544,0.030615645147632375,-0.041692659228189544,0.0717976839056208,10,N900_RS07225,0.26196571333333335,-1.257,3.5878,12h_SI8,12h,SI8,6h_ce,6h,ce,4.8448,N900_RS07225
N900_RS07230,0.2541334910084501,0.1754631933146463,0.5011307277794178,0.21193706151124203,0.1754631933146463,CP,-0.03647386819659573,0.04219642949720809,-0.03647386819659573,0.2891936662681758,10,tssI_1,-0.7208860366666665,-2.1697,2.0946,6h_SI1,6h,SI1,12h_SI2,12h,SI2,4.2643,tssI_1
N900_RS07235,0.55550816235766,0.5455957079093409,0.6989710441705099,0.5847158321005899,0.5455957079093409,CP,-0.039120124191248995,-0.029207669742929876,-0.039120124191248995,0.11425521206992006,10,hcp-2_D1,1.4869275666666664,-0.89732,5.7181,6h_SI5,6h,SI5,3h_SI4,3h,SI4,6.615419999999999,hcp-2_D1
N900_RS07240,0.11442994519286966,0.15547402564739243,0.26519630809072886,0.1358315656000335,0.11442994519286966,PCA,-0.021401620407163854,-0.021401620407163854,0.019642460047358923,0.12936474249069535,10,carboxypeptidase M32,0.82394318,-0.41973,3.9068,12h_SI7,12h,SI7,3h_SI4,3h,SI4,4.32653,carboxypeptidase M32
N900_RS07245,0.30873390193366695,0.3567835521034309,0.47813146891469177,0.18682584266255772,0.30873390193366695,PCA,0.12190805927110923,0.12190805927110923,0.16995770944087316,0.2913056262521341,10,methyl-accepting chemotaxis protein_9,-0.032054583333333365,-1.3867,3.9365,6h_st,6h,st,6h_ce,6h,ce,5.3232,methyl-accepting chemotaxis protein_9
N900_RS07250,0.19630620874345056,0.15765869461941048,0.42351807240931916,0.1567719066327467,0.15765869461941048,CP,0.0008867879866637784,0.039534302110703856,0.0008867879866637784,0.26674616577657245,10,vceB,0.7054589583333332,-0.8033,3.7177,12h_st,12h,st,12h_SI1,12h,SI1,4.521,vceB
N900_RS07255,0.2022294937992102,0.21342709105808758,0.4091321092300428,0.2469786206250579,0.2022294937992102,PCA,-0.044749126825847696,-0.044749126825847696,-0.03355152956697033,0.16215348860498488,10,vceA,0.48418877,-0.74287,3.3961,6h_st,6h,st,3h_SI2,3h,SI2,4.1389700000000005,vceA
N900_RS07260,0.20651446223342726,0.16548203152141122,0.33695268689221286,0.14099379628469272,0.16548203152141122,CP,0.024488235236718503,0.06552066594873454,0.024488235236718503,0.19595889060752014,10,vceC,0.6589191299999999,-0.83511,3.5694,12h_st,12h,st,3h_st,3h,st,4.40451,vceC
N900_RS07265,0.4423853122487378,0.5303813158048196,0.6309805027516392,0.5052000120044744,0.4423853122487378,PCA,-0.06281469975573661,-0.06281469975573661,0.025181303800345223,0.1257804907471648,10,vceR,0.5964662500000001,-2.3098,4.1965,1h_SI5,1h,SI5,3h_SI1,3h,SI1,6.5063,vceR
N900_RS07270,0.13359060178504478,0.12343349219498484,0.24035222320246594,0.14524080624920796,0.12343349219498484,CP,-0.02180731405422312,-0.011650204464163177,-0.02180731405422312,0.09511141695325798,10,rhlE_1,0.62821655,-0.8934,3.5773,6h_ce,6h,ce,3h_SI2,3h,SI2,4.4707,rhlE_1
N900_RS07275,0.19563275191321566,0.3898767675073967,0.510219419970554,0.27213665449045005,0.19563275191321566,PCA,-0.07650390257723438,-0.07650390257723438,0.11774011301694665,0.23808276548010393,10,PAS domain S-box protein_1,1.333461103,-0.16479,5.1171,1h_SI7,1h,SI7,12h_SI2,12h,SI2,5.28189,PAS domain S-box protein_1
N900_RS07280,0.5745461649647112,0.5513578819829347,0.6441828741936574,0.3823467613426391,0.5513578819829347,CP,0.16901112064029555,0.1921994036220721,0.16901112064029555,0.26183611285101827,10,mlp16,0.50991453,-0.78416,3.9606,6h_SI1,6h,SI1,6h_ce,6h,ce,4.744759999999999,mlp16
N900_RS07285,0.19079099258944535,0.18556720868957297,0.33600782656793826,0.19759229277777393,0.18556720868957297,CP,-0.012025084088200966,-0.006801300188328585,-0.012025084088200966,0.13841553379016433,10,mlp14,0.673507205,-0.52864,3.7456,1h_SI9,1h,SI9,3h_SI2,3h,SI2,4.27424,mlp14
N900_RS07290,0.2772389551365532,0.32635442897867606,0.4439945123498173,0.25449268813574305,0.2772389551365532,PCA,0.022746267000810172,0.022746267000810172,0.07186174084293301,0.18950182421407424,10,cheW,1.3193963033333336,-0.62733,4.8388,1h_co,1h,co,12h_SI2,12h,SI2,5.46613,cheW
N900_RS07295,0.6339722210070008,0.7882045430809675,0.8970001531297505,0.6650969213216666,0.6339722210070008,PCA,-0.031124700314665854,-0.031124700314665854,0.1231076217593009,0.2319032318080838,10,cheB1,-0.06628589333333335,-2.331,3.9986,12h_SI5,12h,SI5,12h_SI3,12h,SI3,6.3296,cheB1
N900_RS07300,0.3387278403659186,0.3163857814686892,0.6306934642568262,0.3089724330482211,0.3163857814686892,CP,0.007413348420468091,0.02975540731769749,0.007413348420468091,0.32172103120860507,10,N900_RS07300,1.172540076666667,-0.35308,4.298,1h_SI9,1h,SI9,6h_SI3,6h,SI3,4.65108,N900_RS07300
N900_RS07305,0.22453421916510902,0.24636388074350835,0.3471969707144943,0.23407730217073067,0.22453421916510902,PCA,-0.00954308300562165,-0.00954308300562165,0.012286578572777679,0.11311966854376362,10,cheR1,1.1930420166666669,-0.31754,3.8772,1h_SI8,1h,SI8,6h_SI2,6h,SI2,4.19474,cheR1
N900_RS07310,0.4715307171210655,0.5521142766194671,0.7746486025414192,0.4750755755488352,0.4715307171210655,PCA,-0.003544858427769748,-0.003544858427769748,0.07703870107063188,0.299573026992584,10,cheY2,0.26305344666666663,-1.2478,3.4935,6h_SI2,6h,SI2,6h_SI4,6h,SI4,4.7413,cheY2
N900_RS07315,0.5811480631412842,0.5724473929861646,0.8341047830397144,0.47647963531238313,0.5724473929861646,CP,0.09596775767378152,0.10466842782890107,0.09596775767378152,0.3576251477273312,10,CheA1,0.3294812833333333,-1.2485,5.3207,6h_SI3,6h,SI3,12h_st,12h,st,6.5692,CheA1
N900_RS07320,0.45503157805403305,0.4706578829081613,0.739158333015237,0.5052098003654463,0.45503157805403305,PCA,-0.05017822231141322,-0.05017822231141322,-0.034551917457284975,0.23394853264979076,10,N900_RS07320,0.6558127833333334,-0.97232,4.2164,6h_SI6,6h,SI6,3h_SI3,3h,SI3,5.18872,N900_RS07320
N900_RS07325,0.5857656664252376,0.6013583823046325,0.8827068242257853,0.5781489705754433,0.5857656664252376,PCA,0.007616695849794297,0.007616695849794297,0.02320941172918911,0.30455785365034194,10,cheY1,0.028452466666666707,-2.5006,3.369,6h_SI6,6h,SI6,3h_SI4,3h,SI4,5.8696,cheY1
N900_RS07330,0.30606970907405273,0.2829436738508813,0.46567083698895345,0.19225442204133264,0.2829436738508813,CP,0.09068925180954868,0.11381528703272009,0.09068925180954868,0.2734164149476208,10,mlp13,-0.04807821666666666,-1.8006,3.4207,6h_ce,6h,ce,3h_st,3h,st,5.2213,mlp13
N900_RS07335,0.2265819788001121,0.23858457787200738,0.3329794784841467,0.1914096425032252,0.2265819788001121,PCA,0.0351723362968869,0.0351723362968869,0.04717493536878217,0.14156983598092152,10,gdx,0.8789779936666666,-0.58326,4.2955,6h_SI1,6h,SI1,3h_SI5,3h,SI5,4.87876,gdx
N900_RS07340,0.3066741372051556,0.36834279260780184,0.6193402625777334,0.35531896636985455,0.3066741372051556,PCA,-0.04864482916469898,-0.04864482916469898,0.013023826237947289,0.2640212962078789,10,cry2,0.36383461,-1.1041,4.7492,3h_SI1,3h,SI1,6h_SI3,6h,SI3,5.8533,cry2
N900_RS07345,0.24220677154375098,0.28072622725691565,0.5180523111554307,0.2723563352256414,0.24220677154375098,PCA,-0.030149563681890423,-0.030149563681890423,0.00836989203127425,0.2456959759297893,10,bmr3_2,0.17659431666666667,-1.3251,3.1656,3h_SI2,3h,SI2,1h_ce,1h,ce,4.4907,bmr3_2
N900_RS07350,0.2569363090476205,0.4062974391063336,0.5741025105261739,0.32295036392133375,0.2569363090476205,PCA,-0.06601405487371326,-0.06601405487371326,0.08334707518499984,0.25115214660484014,10,lysr_1,1.0364287333333335,-1.1594,4.2595,1h_ce,1h,ce,1h_SI1,1h,SI1,5.4189,lysr_1
N900_RS07360,0.1485079027262073,0.19948569553661383,0.5039776196762019,0.13820801609778072,0.1485079027262073,PCA,0.010299886628426597,0.010299886628426597,0.06127767943883311,0.3657696035784212,10,lplA,0.87655342,-0.62312,3.1356,3h_SI1,3h,SI1,6h_SI1,6h,SI1,3.7587200000000003,lplA
N900_RS07365,0.12630703893024262,0.14560922840693472,0.2675012376154916,0.10204312721198211,0.12630703893024262,PCA,0.024263911718260506,0.024263911718260506,0.043566101194952606,0.1654581104035095,10,yegD,1.1373953833333335,-0.34514,3.4958,1h_SI6,1h,SI6,3h_SI2,3h,SI2,3.84094,yegD
N900_RS07370,0.41942711173296277,0.4075585751586803,0.6728969002626137,0.38013498348917374,0.4075585751586803,CP,0.027423591669506586,0.039292128243789026,0.027423591669506586,0.29276191677344,10,membrane protein_5,-0.7474851166666667,-2.5035,2.7885,6h_SI3,6h,SI3,12h_SI2,12h,SI2,5.292,membrane protein_5
N900_RS07375,0.3052608501431349,0.32617426437812574,0.6488078843809219,0.3579195124463596,0.3052608501431349,PCA,-0.05265866230322469,-0.05265866230322469,-0.03174524806823387,0.29088837193456224,10,hrpA,0.61788525,-0.39461,3.8312,6h_SI4,6h,SI4,6h_SI2,6h,SI2,4.22581,hrpA
N900_RS07380,0.7564696380193371,0.7627436246550017,0.9718060072424521,0.7764468904853266,0.7564696380193371,PCA,-0.01997725246598947,-0.01997725246598947,-0.013703265830324884,0.19535911675712558,10,N900_RS07380,-0.04969873333333329,-2.4301,4.3813,6h_SI5,6h,SI5,3h_SI4,3h,SI4,6.811400000000001,N900_RS07380
N900_RS07385,0.11846556925684903,0.12587769287413134,0.22375766130607552,0.0960967656818701,0.11846556925684903,PCA,0.022368803574978932,0.022368803574978932,0.029780927192261233,0.1276608956242054,10,N900_RS07385,0.8699623183333335,-0.49244,3.4955,1h_SI6,1h,SI6,6h_SI3,6h,SI3,3.98794,N900_RS07385
N900_RS07390,0.6670744244957304,0.692822319357948,0.8195386049438774,0.6780336795032372,0.6670744244957304,PCA,-0.01095925500750683,-0.01095925500750683,0.014788639854710794,0.1415049254406402,10,N900_RS07390,0.8143681849999999,-1.0453,5.6245,6h_SI8,6h,SI8,12h_SI4,12h,SI4,6.6698,N900_RS07390
N900_RS07400,0.36794577031832726,0.4837188178906993,0.5952539790410483,0.3588166543970496,0.36794577031832726,PCA,0.009129115921277686,0.009129115921277686,0.12490216349364974,0.2364373246439987,10,exonuclease,0.2485654883333333,-1.4776,4.443,12h_SI5,12h,SI5,3h_SI4,3h,SI4,5.920599999999999,exonuclease
N900_RS07405,0.18992438958416286,0.20564424676226958,0.45189475825463543,0.24286254539084523,0.18992438958416286,PCA,-0.052938155806682374,-0.052938155806682374,-0.03721829862857565,0.2090322128637902,10,diguanylate cyclase_2,1.2027841499999998,-0.56204,3.7918,3h_SI5,3h,SI5,6h_SI2,6h,SI2,4.35384,diguanylate cyclase_2
N900_RS07410,0.3311468785167993,0.37919885021185873,0.4982518412551239,0.30181192198554463,0.3311468785167993,PCA,0.029334956531254675,0.029334956531254675,0.0773869282263141,0.19643991926957927,10,N900_RS07410,0.7705606666666668,-0.78513,4.7887,6h_SI7,6h,SI7,12h_st,12h,st,5.57383,N900_RS07410
N900_RS07415,0.2740141008038583,0.3363473300949457,0.5520423057086917,0.4204462434425954,0.2740141008038583,PCA,-0.1464321426387371,-0.1464321426387371,-0.08409891334764968,0.13159606226609633,10,hscA_1,0.8367553500000001,-0.93096,3.6667,6h_SI3,6h,SI3,1h_st,1h,st,4.59766,hscA_1
N900_RS07420,0.23427758416981848,0.29780242087439573,0.4936394287714484,0.32124937379578294,0.23427758416981848,PCA,-0.08697178962596447,-0.08697178962596447,-0.02344695292138721,0.17239005497566545,10,molecular chaperone DnaK,1.3096287299999998,-0.60889,5.463,1h_ce,1h,ce,3h_SI2,3h,SI2,6.07189,molecular chaperone DnaK
N900_RS07425,0.6065306822256478,0.6230491688633505,0.7753766832231902,0.4387092708559542,0.6065306822256478,PCA,0.16782141136969358,0.16782141136969358,0.1843398980073963,0.336667412367236,10,N900_RS07425,0.5428017333333334,-0.57425,5.0231,3h_SI4,3h,SI4,6h_ce,6h,ce,5.5973500000000005,N900_RS07425
N900_RS07430,0.3280398669514898,0.339521365165141,0.5316102815781829,0.316834269038754,0.3280398669514898,PCA,0.011205597912735787,0.011205597912735787,0.022687096126386974,0.2147760125394289,10,N900_RS07430,0.0429573183333333,-1.5152,3.9413,12h_SI7,12h,SI7,3h_st,3h,st,5.4565,N900_RS07430
N900_RS07435,0.4038596204419049,0.41845100848918293,0.6131202790466985,0.40503140576998187,0.4038596204419049,PCA,-0.0011717853280769908,-0.0011717853280769908,0.013419602719201063,0.20808887327671666,10,diguanylate cyclase_3,1.149382016666667,-0.84738,5.3236,1h_SI9,1h,SI9,3h_SI1,3h,SI1,6.17098,diguanylate cyclase_3
N900_RS07440,0.22475763441117505,0.29096968865897666,0.3398949309805131,0.24764927359005115,0.22475763441117505,PCA,-0.0228916391788761,-0.0228916391788761,0.043320415068925505,0.09224565739046195,10,ABC transporter substrate-binding protein_5,1.116281,-0.5149,4.5792,12h_SI8,12h,SI8,6h_SI1,6h,SI1,5.0941,ABC transporter substrate-binding protein_5
N900_RS07445,0.5500849713273547,0.5793764227682873,0.8265613677209799,0.5469332526520776,0.5500849713273547,PCA,0.003151718675277082,0.003151718675277082,0.032443170116209674,0.2796281150689023,10,N900_RS07445,1.1338224666666668,-0.45706,4.0211,6h_SI3,6h,SI3,6h_SI1,6h,SI1,4.47816,N900_RS07445
N900_RS07450,0.30719807105299757,0.28983184578851673,0.5654330983623281,0.320023385895646,0.28983184578851673,CP,-0.030191540107129267,-0.012825314842648428,-0.030191540107129267,0.24540971246668214,10,N900_RS07450,1.17188171,-0.32062,7.274,6h_SI5,6h,SI5,3h_SI1,3h,SI1,7.59462,N900_RS07450
N900_RS07455,0.33226283643113275,0.35244854970796624,0.5601916356721779,0.40517515218691197,0.33226283643113275,PCA,-0.07291231575577922,-0.07291231575577922,-0.05272660247894573,0.15501648348526592,10,queC,0.4992305333333333,-1.4742,4.9309,12h_SI2,12h,SI2,3h_st,3h,st,6.4051,queC
N900_RS07460,0.46722964329486294,0.5682139371700319,0.6253739243269878,0.4601724836498987,0.46722964329486294,PCA,0.007057159644964228,0.007057159644964228,0.10804145352013317,0.16520144067708908,10,queE,0.9523363749999999,-0.46318,5.3729,12h_SI8,12h,SI8,3h_st,3h,st,5.83608,queE
N900_RS07465,0.649747880183005,0.6426504022472609,0.8621891072911462,0.6370115927561899,0.6426504022472609,CP,0.005638809491070984,0.012736287426815096,0.005638809491070984,0.22517751453495627,10,yidA,-0.7318412166666666,-2.3481,1.908,6h_SI3,6h,SI3,3h_SI2,3h,SI2,4.2561,yidA
N900_RS07470,0.38372084626239644,0.41624529267686766,0.5687022383543268,0.33302219377282255,0.38372084626239644,PCA,0.05069865248957389,0.05069865248957389,0.08322309890404511,0.2356800445815042,10,cysG_2,0.6594637083333335,-0.71594,3.4143,12h_st,12h,st,3h_SI1,3h,SI1,4.13024,cysG_2
N900_RS07475,0.37942098556136555,0.4001968647248838,0.6217177469206152,0.38091778509348345,0.37942098556136555,PCA,-0.0014967995321178984,-0.0014967995321178984,0.019279079631400353,0.24079996182713176,10,aapJ,-0.11556552000000002,-1.5799,2.9019,24h_SI1,24h,SI1,1h_SI1,1h,SI1,4.4818,aapJ
N900_RS07480,0.15851754623196818,0.17762617555113117,0.4051419909988335,0.1486144794251363,0.15851754623196818,PCA,0.009903066806831867,0.009903066806831867,0.029011696125994857,0.25652751157369724,10,ABC transporter permease subunit_2,0.33760463333333335,-1.0894,3.5051,12h_SI9,12h,SI9,3h_SI2,3h,SI2,4.5945,ABC transporter permease subunit_2
N900_RS07485,0.2428804167721277,0.30144374804946017,0.6408955598924121,0.20825398427094693,0.2428804167721277,PCA,0.034626432501180776,0.034626432501180776,0.09318976377851323,0.43264157562146516,10,yhdY,1.0569526500000002,-0.38934,5.428,6h_st,6h,st,3h_SI1,3h,SI1,5.81734,yhdY
N900_RS07490,0.6960284634397328,0.7913602931556698,0.9504883147485172,0.6965575924506858,0.6960284634397328,PCA,-0.0005291290109530333,-0.0005291290109530333,0.09480270070498398,0.2539307222978314,10,glnQ,0.38661958499999993,-0.99566,5.0144,12h_SI1,12h,SI1,6h_SI4,6h,SI4,6.01006,glnQ
N900_RS07495,0.2884021975146108,0.29865804188996203,0.4749382506046049,0.2531691710152027,0.2884021975146108,PCA,0.03523302649940813,0.03523302649940813,0.045488870874759335,0.22176907958940217,10,ycca,-0.09286800000000002,-2.1462,3.9383,3h_SI7,3h,SI7,3h_SI1,3h,SI1,6.0845,ycca
N900_RS07505,0.10286796023236973,0.13649891042123447,0.3128376931722937,0.10376355934323628,0.10286796023236973,PCA,-0.000895599110866549,-0.000895599110866549,0.03273535107799819,0.20907413382905743,10,acyP,0.6522378500000001,-0.76187,3.5309,6h_st,6h,st,3h_SI3,3h,SI3,4.29277,acyP
N900_RS07510,0.12776662404542974,0.11344736006621794,0.3247653081182337,0.09597499412711243,0.11344736006621794,CP,0.01747236593910552,0.03179162991831731,0.01747236593910552,0.22879031399112126,10,rlmI,1.097762916666667,-0.41012,4.9631,6h_st,6h,st,3h_st,3h,st,5.37322,rlmI
N900_RS07515,0.12961536273059254,0.15526114883643827,0.38851739056194695,0.2156314571352765,0.12961536273059254,PCA,-0.08601609440468397,-0.08601609440468397,-0.06037030829883824,0.17288593342667044,10,diguanylate cyclase_1,0.9015788783333333,-0.54242,3.3394,6h_st,6h,st,12h_SI2,12h,SI2,3.88182,diguanylate cyclase_1
N900_RS07520,0.47188126833323374,0.556502861216965,0.7696465230940058,0.5442626886170034,0.47188126833323374,PCA,-0.0723814202837697,-0.0723814202837697,0.012240172599961574,0.2253838344770024,10,N900_RS07520,-0.04554677499999999,-2.0553,2.6255,12h_ce,12h,ce,1h_ce,1h,ce,4.6808,N900_RS07520
N900_RS07525,0.33545236104413084,0.3632528759165844,0.6302852220606475,0.3019383473115513,0.33545236104413084,PCA,0.03351401373257956,0.03351401373257956,0.061314528605033114,0.32834687474909624,10,PGdx_2,0.7137049000000001,-1.3348,5.399,24h_SI4,24h,SI4,1h_SI1,1h,SI1,6.7338000000000005,PGdx_2
N900_RS07530,0.1990240905517316,0.16524612172285885,0.3424596010126009,0.16781776265679113,0.16524612172285885,CP,-0.0025716409339322788,0.03120632789494046,-0.0025716409339322788,0.1746418383558098,10,rcsC_4,0.5091011999999999,-1.0122,2.8,12h_st,12h,st,3h_SI1,3h,SI1,3.8122,rcsC_4
N900_RS07535,0.5435688782539917,0.6357724500543122,0.8341260265848155,0.6356747067672645,0.5435688782539917,PCA,-0.09210582851327276,-0.09210582851327276,9.774328704770241e-05,0.19845131981755104,10,two-component system response regulator,1.2444750666666666,-1.7614,5.9603,6h_SI5,6h,SI5,3h_SI4,3h,SI4,7.7217,two-component system response regulator
N900_RS07540,0.21545426187746797,0.30459787130390326,0.3766824239632632,0.1788583860976081,0.21545426187746797,PCA,0.03659587577985987,0.03659587577985987,0.12573948520629516,0.19782403786565508,10,maiA,0.7580234766666666,-0.62416,4.0553,6h_SI7,6h,SI7,3h_SI2,3h,SI2,4.67946,maiA
N900_RS07545,0.2431144463880252,0.2787737390455805,0.3722875077682671,0.20550502006756396,0.2431144463880252,PCA,0.03760942632046124,0.03760942632046124,0.07326871897801654,0.1667824877007031,10,N900_RS07545,0.18894519833333337,-1.3451,3.2819,24h_SI7,24h,SI7,1h_SI1,1h,SI1,4.627,N900_RS07545
N900_RS07550,0.1329299567363459,0.1876292258968477,0.36208889136426703,0.19671004927376248,0.1329299567363459,PCA,-0.0637800925374166,-0.0637800925374166,-0.009080823376914793,0.16537884209050455,10,hmgA,0.5414908816666667,-1.0035,3.227,24h_SI7,24h,SI7,3h_SI2,3h,SI2,4.2305,hmgA
N900_RS07555,0.12793043912480279,0.1778471463603916,0.23432448556913474,0.20988911772468918,0.12793043912480279,PCA,-0.0819586785998864,-0.0819586785998864,-0.032041971364297595,0.024435367844445555,10,hppD,1.3406445166666667,-0.52765,3.6785,1h_SI6,1h,SI6,6h_SI4,6h,SI4,4.20615,hppD
N900_RS07560,0.22661696902022435,0.2673549847535711,0.47052029595458866,0.24081653676845288,0.22661696902022435,PCA,-0.014199567748228531,-0.014199567748228531,0.02653844798511823,0.22970375918613578,10,pepT_1,-0.27431439999999996,-1.5977,2.5905,3h_SI3,3h,SI3,3h_SI2,3h,SI2,4.1882,pepT_1
N900_RS07565,0.22073253680796276,0.24610122039921806,0.33899027745519744,0.20563727075095667,0.22073253680796276,PCA,0.01509526605700609,0.01509526605700609,0.04046394964826139,0.13335300670424077,10,N900_RS07565,1.1533720500000002,-0.55004,4.0807,1h_st,1h,st,6h_st,6h,st,4.63074,N900_RS07565
N900_RS07570,0.42231158785349465,0.47326496266729196,0.7315529195647488,0.6428614574515953,0.42231158785349465,PCA,-0.22054986959810063,-0.22054986959810063,-0.16959649478430333,0.08869146211315349,10,GNAT family N-acetyltransferase_4,1.0860157333333331,-0.20517,3.4991,1h_SI7,1h,SI7,6h_st,6h,st,3.7042699999999997,GNAT family N-acetyltransferase_4
N900_RS07575,0.25462175625468186,0.24542983716521047,0.43657032147037084,0.24031306715782091,0.24542983716521047,CP,0.005116770007389554,0.01430868909686095,0.005116770007389554,0.19625725431254992,10,acsA,0.5122754716666668,-1.1204,2.6573,12h_st,12h,st,3h_SI2,3h,SI2,3.7777000000000003,acsA
N900_RS07580,0.454946623069994,0.5954803848538616,0.6420381509210213,0.49835904377830426,0.454946623069994,PCA,-0.04341242070831025,-0.04341242070831025,0.09712134107555731,0.1436791071427171,10,prpF,-0.04815200833333333,-1.3034,2.8489,6h_SI2,6h,SI2,6h_SI1,6h,SI1,4.1523,prpF
N900_RS07585,0.13891682849850143,0.18960715614198334,0.21996404754445548,0.13184544585213637,0.13891682849850143,PCA,0.00707138264636506,0.00707138264636506,0.057761710289846974,0.08811860169231911,10,acnD,0.5594032243333333,-0.82837,3.2134,6h_SI7,6h,SI7,6h_SI2,6h,SI2,4.04177,acnD
N900_RS07590,0.3713192874708306,0.46443139691269797,0.6805084466685198,0.3916335546475285,0.3713192874708306,PCA,-0.02031426717669793,-0.02031426717669793,0.07279784226516944,0.2888748920209913,10,prpC,0.8396426166666665,-1.2524,4.536,6h_SI2,6h,SI2,3h_st,3h,st,5.788399999999999,prpC
N900_RS07595,0.266417865579971,0.2995659121279625,0.38796059319249915,0.23237452962386204,0.266417865579971,PCA,0.03404333595610895,0.03404333595610895,0.06719138250410048,0.1555860635686371,10,prpB,1.7590006833333331,-0.032254,4.8087,1h_SI6,1h,SI6,6h_SI1,6h,SI1,4.840954,prpB
N900_RS07600,0.21526021080427568,0.27660555485513705,0.4699181958900854,0.21979740620161073,0.21526021080427568,PCA,-0.004537195397335048,-0.004537195397335048,0.05680814865352632,0.2501207896884746,10,gntR_1,1.6637734116666671,-0.33891,5.1514,3h_SI2,3h,SI2,6h_SI2,6h,SI2,5.49031,gntR_1
N900_RS07605,0.40298690016373534,0.4055832039103447,0.5568636117397111,0.3789987682377188,0.40298690016373534,PCA,0.023988131926016565,0.023988131926016565,0.026584435672625917,0.17786484350199233,10,tripartite tricarboxylate transporter substrate binding protein,1.1144969466666668,-0.55553,4.0774,6h_st,6h,st,12h_SI1,12h,SI1,4.63293,tripartite tricarboxylate transporter substrate binding protein
N900_RS07610,0.19530156479629804,0.2183421138644972,0.3227707398535132,0.19373944181968636,0.19530156479629804,PCA,0.0015621229766116795,0.0015621229766116795,0.02460267204481084,0.12903129803382682,10,N900_RS07610,0.8893498,-0.51932,4.58,3h_st,3h,st,6h_SI1,6h,SI1,5.0993200000000005,N900_RS07610
N900_RS07615,0.38263083261942904,0.3426267997578167,0.5193745903147445,0.349653925798897,0.3426267997578167,CP,-0.0070271260410803005,0.03297690682053206,-0.0070271260410803005,0.16972066451584755,10,tripartite tricarboxylate transporter permease,2.165230733333333,-0.61013,6.3623,1h_SI4,1h,SI4,6h_SI1,6h,SI1,6.97243,tripartite tricarboxylate transporter permease
N900_RS07620,0.37784962864250554,0.3750996957991762,0.6307080799432606,0.3961407102354083,0.3750996957991762,CP,-0.02104101443623213,-0.01829108159290277,-0.02104101443623213,0.2345673697078523,10,N900_RS07620,-0.6398527833333334,-2.3501,2.0696,12h_SI8,12h,SI8,3h_SI3,3h,SI3,4.4197,N900_RS07620
N900_RS07625,0.9933199934005278,0.8749467380405548,1.0043203840567052,0.9244788764041538,0.8749467380405548,CP,-0.04953213836359904,0.06884111699637396,-0.04953213836359904,0.07984150765255138,10,outer membrane beta-barrel protein,0.4002137333333333,-1.4947,2.7615,1h_SI2,1h,SI2,12h_ce,12h,ce,4.2562,outer membrane beta-barrel protein
N900_RS07630,0.23882367239743604,0.23167382282476942,0.4247531232479525,0.24786059071413458,0.23167382282476942,CP,-0.016186767889365156,-0.009036918316698533,-0.016186767889365156,0.17689253253381793,10,mglC,1.5462742133333334,-0.15215,4.9607,1h_SI5,1h,SI5,3h_SI3,3h,SI3,5.11285,mglC
N900_RS07635,0.2783740225047015,0.2622623469750685,0.6633524622877084,0.2531221497321866,0.2622623469750685,CP,0.009140197242881898,0.025251872772514894,0.009140197242881898,0.4102303125555218,10,mglA,0.0869153,-1.7836,3.8766,24h_st,24h,st,3h_st,3h,st,5.6602,mglA
N900_RS07645,0.39687699295813555,0.4069401019259595,0.6475811070521584,0.417173317370584,0.39687699295813555,PCA,-0.02029632441244844,-0.02029632441244844,-0.010233215444624522,0.23040778968157444,10,mglB,0.6793211833333334,-1.1867,4.3166,6h_SI2,6h,SI2,1h_SI1,1h,SI1,5.5033,mglB
N900_RS07655,0.32376650698616666,0.42627494119062065,0.5484043618856644,0.31182708149076704,0.32376650698616666,PCA,0.011939425495399614,0.011939425495399614,0.1144478596998536,0.2365772803948974,10,N900_RS07655,0.8835439166666667,-0.56363,3.7421,6h_SI4,6h,SI4,1h_SI1,1h,SI1,4.3057300000000005,N900_RS07655
N900_RS07660,0.20811279439903121,0.17436287158831257,0.30036761935607115,0.1282530205504759,0.17436287158831257,CP,0.04610985103783666,0.0798597738485553,0.04610985103783666,0.17211459880559524,10,nqrM_2,0.8110142483333331,-0.54344,3.5526,6h_ce,6h,ce,6h_SI1,6h,SI1,4.09604,nqrM_2
N900_RS07665,0.22377795951669288,0.22719757276060634,0.3420352211773136,0.19714331459130416,0.22377795951669288,PCA,0.026634644925388723,0.026634644925388723,0.030054258169302184,0.14489190658600945,10,penicillin-binding protein,0.38521566333333335,-0.83472,3.4414,24h_ce,24h,ce,1h_ce,1h,ce,4.27612,penicillin-binding protein
N900_RS07670,0.4572674373011845,0.41841175867801783,0.6861885444875432,0.4570256123921925,0.41841175867801783,CP,-0.038613853714174695,0.00024182490899199438,-0.038613853714174695,0.22916293209535066,10,carR,0.5253872,-1.0488,4.6037,12h_SI3,12h,SI3,6h_SI2,6h,SI2,5.6525,carR
N900_RS07675,0.22240662738458322,0.25790689018504587,0.43213903009919885,0.21338581298763318,0.22240662738458322,PCA,0.009020814396950044,0.009020814396950044,0.04452107719741269,0.21875321711156567,10,carS,0.41785548,-0.9289,3.7915,12h_co,12h,co,1h_SI1,1h,SI1,4.7204,carS
N900_RS07680,0.28737696124451373,0.31634315680360764,0.6328584694427895,0.23462689491133798,0.28737696124451373,PCA,0.05275006633317575,0.05275006633317575,0.08171626189226966,0.39823157453145147,10,ompv,0.02054336666666668,-1.4986,4.0299,3h_SI9,3h,SI9,6h_st,6h,st,5.528499999999999,ompv
N900_RS07685,0.35852679283458894,0.42741844598806433,0.6959958652161323,0.330420225745956,0.35852679283458894,PCA,0.02810656708863296,0.02810656708863296,0.09699822024210836,0.36557563947017635,10,N900_RS07685,-0.6147460666666668,-2.633,2.5028,12h_SI1,12h,SI1,3h_SI2,3h,SI2,5.1358,N900_RS07685
N900_RS07690,0.3102233728376127,0.3045666591751839,0.4731523449034784,0.30947734197887217,0.3045666591751839,CP,-0.004910682803688282,0.0007460308587405318,-0.004910682803688282,0.16367500292460624,10,hupR1_1,1.3089684500000005,-1.5737,4.3363,1h_SI9,1h,SI9,6h_SI2,6h,SI2,5.91,hupR1_1
N900_RS07695,0.19674494225748088,0.18571984705275674,0.32185609401543563,0.1796179158459105,0.18571984705275674,CP,0.0061019312068462395,0.01712702641157038,0.0061019312068462395,0.14223817816952514,10,sasA_4,1.09872925,-0.19896,3.9719,12h_co,12h,co,3h_SI1,3h,SI1,4.17086,sasA_4
N900_RS07700,0.3053672950139462,0.31982123153707026,0.6004850523680506,0.2821541775031403,0.3053672950139462,PCA,0.023213117510805903,0.023213117510805903,0.03766705403392995,0.3183308748649103,10,SLC13 family permease_1,0.38306825,-0.99186,2.9921,3h_SI1,3h,SI1,6h_SI3,6h,SI3,3.98396,SLC13 family permease_1
N900_RS07705,0.33128399251905594,0.4240498594841699,0.7761191372663814,0.39228370057350614,0.33128399251905594,PCA,-0.06099970805445021,-0.06099970805445021,0.031766158910663755,0.38383543669287523,10,methyl-accepting chemotaxis protein_14,0.42721209999999993,-1.2518,4.2859,6h_SI1,6h,SI1,3h_SI1,3h,SI1,5.5377,methyl-accepting chemotaxis protein_14
N900_RS07710,0.19555404282678415,0.22017905053650216,0.3226516004170353,0.2240032814838333,0.19555404282678415,PCA,-0.028449238657049153,-0.028449238657049153,-0.003824230947331142,0.09864831893320197,10,bsrV,0.3564268333333334,-1.1237,3.6824,12h_SI6,12h,SI6,3h_SI2,3h,SI2,4.8061,bsrV
N900_RS07715,0.2019102761993971,0.2894102904033001,0.4646509284586548,0.22289366140857042,0.2019102761993971,PCA,-0.02098338520917331,-0.02098338520917331,0.06651662899472965,0.24175726705008438,10,eamA_3,-0.05206324999999999,-1.4107,3.0596,3h_SI8,3h,SI8,1h_SI1,1h,SI1,4.4703,eamA_3
N900_RS07720,0.2726493002376182,0.2890328078001676,0.38039268515651237,0.23831013420375607,0.2726493002376182,PCA,0.03433916603386211,0.03433916603386211,0.05072267359641153,0.1420825509527563,10,N900_RS07720,0.6436412833333335,-0.82199,3.7604,6h_SI4,6h,SI4,3h_SI4,3h,SI4,4.58239,N900_RS07720
N900_RS07725,0.4682909411221605,0.49789927616322516,0.70282835281948,0.4033999364514519,0.4682909411221605,PCA,0.06489100467070863,0.06489100467070863,0.09449933971177327,0.2994284163680281,10,rimJ,0.2097655016666667,-1.5308,4.3497,6h_SI2,6h,SI2,1h_ce,1h,ce,5.8805000000000005,rimJ
N900_RS07730,0.4468087506942921,0.4590499140607787,0.6065752852477029,0.46382319041544445,0.4468087506942921,PCA,-0.017014439721152352,-0.017014439721152352,-0.004773276354665734,0.14275209483225842,10,tyrR,-0.006961833333333337,-1.6368,2.4556,6h_SI1,6h,SI1,6h_SI2,6h,SI2,4.0924,tyrR
N900_RS07735,0.33193246552308503,0.25944962318238174,0.43636032865047214,0.2728772908002347,0.25944962318238174,CP,-0.013427667617852967,0.05905517472285032,-0.013427667617852967,0.16348303785023743,10,VP1870_BLAST,0.4509385999999999,-0.93959,3.252,3h_st,3h,st,6h_SI1,6h,SI1,4.19159,VP1870_BLAST
N900_RS07740,0.19615228126168818,0.21928423859592758,0.4813523462338712,0.2344904046314323,0.19615228126168818,PCA,-0.038338123369744126,-0.038338123369744126,-0.015206166035504731,0.24686194160243888,10,ycjx,0.44725967999999994,-0.97049,3.1576,12h_st,12h,st,3h_SI3,3h,SI3,4.12809,ycjx
N900_RS07745,0.42239631266278777,0.5960051218253555,0.7078875920079779,0.46730432117576287,0.42239631266278777,PCA,-0.044908008512975106,-0.044908008512975106,0.1287008006495926,0.24058327083221503,10,N900_RS07745,0.08899200000000002,-3.086,4.0135,1h_SI2,1h,SI2,12h_SI2,12h,SI2,7.099499999999999,N900_RS07745
N900_RS07750,0.5704451410716873,0.5234027800183303,0.7110979400768163,0.594783260542245,0.5234027800183303,CP,-0.07138048052391466,-0.02433811947055764,-0.07138048052391466,0.11631467953457131,10,fumB,-0.3102420666666667,-2.237,3.4738,1h_SI3,1h,SI3,3h_SI6,3h,SI6,5.710800000000001,fumB
N900_RS07755,0.24451347614396926,0.25442738788257885,0.6555637122824781,0.2924148767088712,0.24451347614396926,PCA,-0.047901400564901914,-0.047901400564901914,-0.037987488826292326,0.36314883557360694,10,pabB,-0.3831248333333333,-2.2118,4.0613,24h_SI9,24h,SI9,3h_st,3h,st,6.2731,pabB
N900_RS07760,0.20639407998075285,0.2194465932903092,0.32378847658231324,0.18788396778482735,0.20639407998075285,PCA,0.018510112195925493,0.018510112195925493,0.031562625505481834,0.1359045087974859,10,nudL,0.7911077,-0.4541,3.4145,3h_ce,3h,ce,3h_SI3,3h,SI3,3.8686,nudL
N900_RS07765,0.13505260403484412,0.1426886018508623,0.3525244632172784,0.12474105532297927,0.13505260403484412,PCA,0.010311548711864849,0.010311548711864849,0.017947546527883024,0.22778340789429916,10,sdaC_2,1.31297405,-0.12973,4.4926,1h_st,1h,st,3h_SI3,3h,SI3,4.622330000000001,sdaC_2
N900_RS07770,0.1687127115863876,0.20240371104874422,0.410107582907059,0.21399253637878654,0.1687127115863876,PCA,-0.04527982479239895,-0.04527982479239895,-0.011588825330042324,0.19611504652827247,10,sdaA_1,-0.23991559999999998,-1.7701,3.6309,12h_SI9,12h,SI9,3h_SI2,3h,SI2,5.401,sdaA_1
N900_RS07775,0.4169654733288757,0.34506139507932343,0.595032403046023,0.3473333011199816,0.34506139507932343,CP,-0.0022719060406581892,0.06963217220889406,-0.0022719060406581892,0.2476991019260414,10,queD,0.4059112,-1.0443,2.9556,6h_SI4,6h,SI4,6h_SI2,6h,SI2,3.9999000000000002,queD
N900_RS07780,0.32981616688184057,0.34072376213469086,0.6513095286478003,0.4078895276333266,0.32981616688184057,PCA,-0.07807336075148602,-0.07807336075148602,-0.06716576549863573,0.24342000101447375,10,methyl-accepting chemotaxis protein_13,0.9406937333333333,-0.62339,4.1889,3h_SI1,3h,SI1,6h_SI4,6h,SI4,4.81229,methyl-accepting chemotaxis protein_13
N900_RS07790,0.2556332458845671,0.3248057486207329,0.4230295182582225,0.27965142308819796,0.2556332458845671,PCA,-0.024018177203630864,-0.024018177203630864,0.045154325532534956,0.14337809517002453,10,thiD,0.7363055500000002,-0.91134,3.4851,6h_SI2,6h,SI2,6h_SI4,6h,SI4,4.39644,thiD
N900_RS07795,0.348990665457013,0.5188026565818384,0.692161802608599,0.3416786394749001,0.348990665457013,PCA,0.007312025982112891,0.007312025982112891,0.17712401710693831,0.3504831631336989,10,VC_1295_BLAST,1.115486435,-0.40884,5.0928,3h_SI6,3h,SI6,6h_st,6h,st,5.50164,VC_1295_BLAST
N900_RS07800,0.34482426167009467,0.42826191861176477,0.5940625025937177,0.33081241175351656,0.34482426167009467,PCA,0.014011849916578112,0.014011849916578112,0.09744950685824821,0.2632500908402012,10,N900_RS07800,0.39623748333333336,-1.1928,3.1142,3h_SI3,3h,SI3,6h_st,6h,st,4.307,N900_RS07800
N900_RS07805,0.20156400203830876,0.256742509295767,0.46735851099468767,0.21343174259632028,0.20156400203830876,PCA,-0.011867740558011514,-0.011867740558011514,0.043310766699446696,0.25392676839836736,10,aspC,-0.02344593333333333,-1.3936,2.7221,1h_co,1h,co,3h_SI3,3h,SI3,4.1157,aspC
N900_RS07810,0.43074672895823846,0.41009288309070796,0.5889016300610508,0.29051391721827435,0.41009288309070796,CP,0.1195789658724336,0.1402328117399641,0.1195789658724336,0.29838771284277643,10,N900_RS07810,0.7776716116666668,-0.84111,3.7476,3h_SI3,3h,SI3,3h_SI2,3h,SI2,4.58871,N900_RS07810
N900_RS07815,0.3287709200293905,0.2729477280806003,0.4303662217004281,0.2934794028159228,0.2729477280806003,CP,-0.02053167473532247,0.03529151721346774,-0.02053167473532247,0.13688681888450532,10,polC_1,0.2592381,-1.4404,3.6986,3h_SI7,3h,SI7,3h_SI3,3h,SI3,5.138999999999999,polC_1
N900_RS07820,0.22162161041641507,0.2163832442091794,0.3659389942656543,0.19677653714786422,0.2163832442091794,CP,0.019606707061315176,0.024845073268550844,0.019606707061315176,0.16916245711779007,10,methyl-accepting chemotaxis protein_6,1.1976554216666666,-0.40374,3.9972,12h_st,12h,st,3h_SI3,3h,SI3,4.40094,methyl-accepting chemotaxis protein_6
N900_RS07825,0.5733502592075677,0.6953747297538435,0.723337682869979,0.49996453063680774,0.5733502592075677,PCA,0.07338572857075992,0.07338572857075992,0.19541019911703578,0.22337315223317128,10,mdoG,-0.4006700966666667,-2.806,4.2332,24h_SI1,24h,SI1,6h_ce,6h,ce,7.0392,mdoG
N900_RS07830,0.2501713362697497,0.26479709804156853,0.38022185476298515,0.2317624687812694,0.2501713362697497,PCA,0.01840886748848028,0.01840886748848028,0.033034629260299125,0.14845938598171574,10,mdoH,1.0436566333333335,-0.38321,4.4463,12h_st,12h,st,12h_SI1,12h,SI1,4.82951,mdoH
N900_RS07835,0.282111352613114,0.29412595693655136,0.39593668866370335,0.20150870779293012,0.282111352613114,PCA,0.08060264482018387,0.08060264482018387,0.09261724914362124,0.19442798087077323,10,laci_1,1.2769471166666666,-0.34501,4.3803,1h_SI5,1h,SI5,6h_SI2,6h,SI2,4.72531,laci_1
N900_RS07840,0.45122666414580215,0.5987605875166445,0.8790603546132318,0.28355060428608037,0.45122666414580215,PCA,0.16767605985972178,0.16767605985972178,0.31520998323056415,0.5955097503271515,10,chbG,0.42840743333333337,-0.98467,6.5211,6h_SI1,6h,SI1,6h_ce,6h,ce,7.50577,chbG
N900_RS07845,0.24536053027136245,0.2838531230844466,0.3493332551937589,0.19528806009396826,0.24536053027136245,PCA,0.05007247017739419,0.05007247017739419,0.08856506299047834,0.15404519509979064,10,licH,1.2876851933333329,-0.11429,4.4205,6h_SI8,6h,SI8,3h_SI5,3h,SI5,4.534789999999999,licH
N900_RS07850,0.6404444028009689,0.6093370206455203,0.7977978128978396,0.5065317050593408,0.6093370206455203,CP,0.10280531558617956,0.13391269774162817,0.10280531558617956,0.2912661078384988,10,chbA,0.9988693166666667,-0.069135,5.3257,1h_SI6,1h,SI6,12h_st,12h,st,5.3948350000000005,chbA
N900_RS07855,0.1939535577094951,0.18632949973481533,0.39388167335979424,0.2414636121580698,0.18632949973481533,CP,-0.05513411242325447,-0.0475100544485747,-0.05513411242325447,0.15241806120172444,10,licC,0.47576205000000005,-1.0301,4.1243,24h_SI2,24h,SI2,3h_st,3h,st,5.1544,licC
N900_RS07860,0.5660632452026848,0.6431104067896644,0.6870523414309718,0.5416961548205664,0.5660632452026848,PCA,0.024367090382118373,0.024367090382118373,0.10141425196909792,0.1453561866104054,10,ccmE_2,0.381503475,-1.5445,4.5501,6h_SI7,6h,SI7,3h_SI5,3h,SI5,6.0946,ccmE_2
N900_RS07865,0.6663977652785965,0.6444560566048347,0.8934946978277032,0.4387133201331148,0.6444560566048347,CP,0.20574273647171992,0.2276844451454817,0.20574273647171992,0.4547813776945884,10,cod,0.5750998033333334,-0.84279,4.2379,1h_SI9,1h,SI9,6h_SI2,6h,SI2,5.08069,cod
N900_RS07870,0.2109845682798096,0.18017348954046503,0.30234890779418994,0.19190066743296288,0.18017348954046503,CP,-0.011727177892497859,0.01908390084684672,-0.011727177892497859,0.11044824036122705,10,VP1905_BLAST,0.6169574616666665,-0.62781,2.663,12h_SI7,12h,SI7,12h_st,12h,st,3.2908099999999996,VP1905_BLAST
N900_RS07875,0.6657882252228898,0.5722947092161622,0.7876497096356148,0.5663729127988315,0.5722947092161622,CP,0.005921796417330705,0.09941531242405832,0.005921796417330705,0.22127679683678325,10,sarZ_1,1.0538639,-0.5498,3.8071,1h_SI5,1h,SI5,3h_SI5,3h,SI5,4.3569,sarZ_1
N900_RS07880,0.15530548723429777,0.15689026778216003,0.23799632235019752,0.09695374254827649,0.15530548723429777,PCA,0.05835174468602128,0.05835174468602128,0.05993652523388354,0.14104257980192103,10,DNA-binding response regulator_1,0.7648298166666668,-0.91705,3.3324,1h_st,1h,st,3h_SI2,3h,SI2,4.2494499999999995,DNA-binding response regulator_1
N900_RS07885,0.31634180637010123,0.3447704232007159,0.4865033540296641,0.3642036204803076,0.31634180637010123,PCA,-0.04786181411020635,-0.04786181411020635,-0.019433197279591696,0.12229973354935653,10,nreB,0.34763375,-0.67085,3.5324,1h_SI4,1h,SI4,3h_SI2,3h,SI2,4.20325,nreB
N900_RS07890,0.1215938628541859,0.12755572876091578,0.23900093979602796,0.13396905716729998,0.1215938628541859,PCA,-0.012375194313114082,-0.012375194313114082,-0.0064133284063842,0.10503188262872798,10,dctM_2,0.578338605,-0.85087,3.569,6h_SI7,6h,SI7,3h_SI3,3h,SI3,4.4198699999999995,dctM_2
N900_RS07900,0.5717973226339528,0.5390158136234239,0.688083873248758,0.46506084974060463,0.5390158136234239,CP,0.07395496388281925,0.10673647289334814,0.07395496388281925,0.22302302350815334,10,ABC transporter substrate-binding protein_3,0.4713469166666666,-1.2679,3.6544,6h_SI3,6h,SI3,3h_SI3,3h,SI3,4.9223,ABC transporter substrate-binding protein_3
N900_RS07905,0.2986536321887033,0.3321716570117507,0.4023615057801174,0.2764495581201502,0.2986536321887033,PCA,0.02220407406855307,0.02220407406855307,0.05572209889160051,0.12591194765996722,10,N900_RS07905,1.4109102999999998,-0.44161,5.0693,1h_SI9,1h,SI9,3h_SI1,3h,SI1,5.51091,N900_RS07905
N900_RS07910,0.24794894349082147,0.24496185102216694,0.36273960656395765,0.26027268057859554,0.24496185102216694,CP,-0.015310829556428596,-0.012323737087774067,-0.015310829556428596,0.10246692598536211,10,N900_RS07910,1.250454533333333,-0.39349,4.278,1h_SI7,1h,SI7,3h_SI2,3h,SI2,4.6714899999999995,N900_RS07910
N900_RS07915,0.8018021967235335,0.7698429861863375,0.8549898162536551,0.7504731691973121,0.7698429861863375,CP,0.0193698169890254,0.05132902752622137,0.0193698169890254,0.104516647056343,10,gloC,0.15950206,-2.1452,2.6433,1h_SI9,1h,SI9,6h_SI5,6h,SI5,4.7885,gloC
N900_RS07920,0.6362691283480869,0.6999703628959327,0.7569552917870049,0.6706833143821314,0.6362691283480869,PCA,-0.03441418603404445,-0.03441418603404445,0.029287048513801373,0.08627197740487358,10,"Peptidoglycan L,D-endopeptidase MepK_BLAST",-0.8491850666666667,-3.4032,2.4546,6h_SI8,6h,SI8,3h_SI8,3h,SI8,5.8578,"Peptidoglycan L,D-endopeptidase MepK_BLAST"
N900_RS07925,0.43639444351944356,0.4493296127157,0.8151358829183413,0.4584135652273972,0.43639444351944356,PCA,-0.022019121707953615,-0.022019121707953615,-0.009083952511697191,0.3567223176909441,10,ycbB,0.49579451666666674,-1.0471,3.9059,12h_SI2,12h,SI2,3h_SI2,3h,SI2,4.952999999999999,ycbB
N900_RS07930,0.2578868918236183,0.28816243289502524,0.3945261703983077,0.26140921416998875,0.2578868918236183,PCA,-0.0035223223463704545,-0.0035223223463704545,0.0267532187250365,0.13311695622831893,10,N900_RS07930,0.7327269333333334,-0.7231,3.9735,6h_st,6h,st,3h_SI5,3h,SI5,4.6966,N900_RS07930
N900_RS07935,0.16329750327742645,0.15647460222545448,0.43824101778441954,0.19769259232851816,0.15647460222545448,CP,-0.04121799010306368,-0.034395089051091704,-0.04121799010306368,0.24054842545590138,10,iron-regulated protein A,0.7166446316666667,-0.71719,3.298,3h_SI1,3h,SI1,3h_SI4,3h,SI4,4.0151900000000005,iron-regulated protein A
N900_RS07940,0.2837611544968991,0.3012416000497255,0.44984797695048395,0.25392018841772396,0.2837611544968991,PCA,0.029840966079175135,0.029840966079175135,0.04732141163200154,0.19592778853276,10,c-type cytochrome,1.2955336666666668,-0.37222,5.0784,1h_SI8,1h,SI8,12h_SI1,12h,SI1,5.450620000000001,c-type cytochrome
N900_RS07945,0.3581429006007808,0.3152581932947287,0.43504144061579514,0.34661076559951254,0.3152581932947287,CP,-0.03135257230478383,0.011532135001268262,-0.03135257230478383,0.0884306750162826,10,peptidase_2,0.9119383116666667,-0.48316,3.3304,3h_st,3h,st,3h_SI1,3h,SI1,3.81356,peptidase_2
N900_RS07950,0.4019322866213197,0.39702193417431425,0.4931628908340345,0.43654076656973273,0.39702193417431425,CP,-0.03951883239541848,-0.03460847994841304,-0.03951883239541848,0.05662212426430174,10,ribA,1.9820138333333335,-0.52413,4.5176,1h_SI5,1h,SI5,24h_SI2,24h,SI2,5.041729999999999,ribA
N900_RS07955,0.35888188881941047,0.39094102195338376,0.6563094435727813,0.3497940196634506,0.35888188881941047,PCA,0.009087869155959882,0.009087869155959882,0.04114700228993318,0.30651542390933073,10,N900_RS07955,1.1621305333333334,-0.45338,5.6762,6h_SI4,6h,SI4,3h_st,3h,st,6.12958,N900_RS07955
N900_RS07960,0.29222392145182724,0.35231299411037204,0.6054081843617286,0.262491632601282,0.29222392145182724,PCA,0.02973228885054524,0.02973228885054524,0.08982136150909004,0.3429165517604466,10,setA,1.0041554,-0.9206,4.313,24h_st,24h,st,6h_st,6h,st,5.2336,setA
N900_RS07965,0.2454757870339822,0.3205319739531805,0.47857784043588847,0.2800679607066771,0.2454757870339822,PCA,-0.034592173672694904,-0.034592173672694904,0.040464013246503394,0.19850987972921136,10,arac,0.4461010766666667,-0.77739,4.0377,24h_st,24h,st,3h_SI1,3h,SI1,4.81509,arac
N900_RS07970,0.38558986006215457,0.369938463690386,0.5248287982666449,0.3355576404959913,0.369938463690386,CP,0.03438082319439473,0.05003221956616327,0.03438082319439473,0.18927115777065356,10,rhodanese-related sulfurtransferase,0.9706993500000001,-1.319,4.2987,6h_SI1,6h,SI1,6h_SI2,6h,SI2,5.6177,rhodanese-related sulfurtransferase
N900_RS07995,0.41260365480328354,0.4325561249454812,0.6992755890432635,0.41897068274485055,0.41260365480328354,PCA,-0.006367027941567016,-0.006367027941567016,0.013585442200630626,0.2803049062984129,10,(Fe-S)-binding protein,-0.08261983333333332,-2.9296,5.2445,12h_SI8,12h,SI8,3h_SI2,3h,SI2,8.174100000000001,(Fe-S)-binding protein
N900_RS08005,0.16970635870866851,0.17909776283369838,0.38137681825513703,0.17539581665303297,0.16970635870866851,PCA,-0.005689457944364457,-0.005689457944364457,0.003701946180665411,0.20598100160210406,10,pncC_1,0.5603832333333333,-0.78795,3.7591,12h_st,12h,st,3h_SI5,3h,SI5,4.5470500000000005,pncC_1
N900_RS08010,0.2943137719562308,0.26883459216341055,0.5875373067300248,0.34606910678211844,0.26883459216341055,CP,-0.0772345146187079,-0.05175533482588762,-0.0772345146187079,0.24146819994790636,10,N900_RS08010,0.7961138433333333,-0.72745,3.6007,24h_st,24h,st,3h_SI5,3h,SI5,4.32815,N900_RS08010
N900_RS08015,0.22085235330724726,0.21444471950475136,0.4128039261173938,0.2625792601802867,0.21444471950475136,CP,-0.04813454067553535,-0.041726906873039454,-0.04813454067553535,0.1502246659371071,10,glycine cleavage system protein R,0.7186213133333333,-0.39997,3.6933,12h_SI6,12h,SI6,6h_SI1,6h,SI1,4.0932699999999995,glycine cleavage system protein R
N900_RS08020,0.3247577578740647,0.3023938427804873,0.5024274195491907,0.3187730833865102,0.3023938427804873,CP,-0.016379240606022916,0.005984674487554464,-0.016379240606022916,0.18365433616268045,10,mcpP_1,0.5777437683333333,-0.81876,3.764,12h_st,12h,st,12h_SI4,12h,SI4,4.5827599999999995,mcpP_1
N900_RS08025,0.30843635201270314,0.33685313584181237,0.52284297811009,0.35042340464480565,0.30843635201270314,PCA,-0.041987052632102506,-0.041987052632102506,-0.01357026880299328,0.1724195734652843,10,N900_RS08025,1.226556795,-0.094683,3.9013,1h_st,1h,st,6h_SI2,6h,SI2,3.995983,N900_RS08025
N900_RS08035,0.1754092411099236,0.1843893051518722,0.4941428543658197,0.19626595428676988,0.1754092411099236,PCA,-0.020856713176846287,-0.020856713176846287,-0.011876649134897665,0.29787690007904977,10,btuD,1.4050578166666667,-0.7945,4.8771,1h_SI8,1h,SI8,3h_SI3,3h,SI3,5.671600000000001,btuD
N900_RS08040,0.1622728350346403,0.17285727189080607,0.29553432332044327,0.1402834080153776,0.1622728350346403,PCA,0.02198942701926271,0.02198942701926271,0.03257386387542849,0.15525091530506568,10,btuC,0.7169738681666668,-0.368,3.9508,12h_SI6,12h,SI6,3h_st,3h,st,4.3188,btuC
N900_RS08045,0.20044460923703283,0.2240964717837745,0.3107049987843226,0.18043897663014183,0.20044460923703283,PCA,0.020005632606891005,0.020005632606891005,0.04365749515363268,0.1302660221541808,10,astE,0.8444706985,-0.73355,3.8073,3h_co,3h,co,6h_SI4,6h,SI4,4.54085,astE
N900_RS08050,0.26210391613644834,0.28478932967118165,0.6009219807869944,0.26069537609226556,0.26210391613644834,PCA,0.0014085400441827822,0.0014085400441827822,0.024093953578916083,0.3402266046947289,10,alpha-ribazole-5'-phosphate phosphatase,1.0708913000000002,-0.52668,4.2858,1h_SI9,1h,SI9,12h_SI1,12h,SI1,4.81248,alpha-ribazole-5'-phosphate phosphatase
N900_RS08055,0.18557691209873492,0.16553134875590997,0.397256239394992,0.19227102164834206,0.16553134875590997,CP,-0.026739672892432093,-0.006694109549607141,-0.026739672892432093,0.20498521774664993,10,cobU,0.5905539833333333,-1.0332,3.4685,3h_SI1,3h,SI1,3h_SI2,3h,SI2,4.5017,cobU
N900_RS08060,0.3070713084607686,0.33868901356967596,0.6071276016512731,0.24432362075093947,0.3070713084607686,PCA,0.06274768770982911,0.06274768770982911,0.09436539281873649,0.3628039809003336,10,cobS_1,0.4071855666666667,-1.3873,3.0367,6h_SI2,6h,SI2,12h_SI1,12h,SI1,4.424,cobS_1
N900_RS08065,0.30510096345970117,0.5537598638279051,0.5687296315094794,0.1823411210146526,0.30510096345970117,PCA,0.12275984244504856,0.12275984244504856,0.3714187428132525,0.3863885104948268,10,cobT,0.3133879616666667,-1.3549,3.0054,6h_SI3,6h,SI3,3h_SI2,3h,SI2,4.3603,cobT
N900_RS08070,0.2375922698383177,0.24694249768966606,0.6436304548709184,0.2455362191721523,0.2375922698383177,PCA,-0.007943949333834605,-0.007943949333834605,0.0014062785175137649,0.3980942356987661,10,msrB_1,0.8287195166666668,-0.70542,4.5732,6h_SI4,6h,SI4,3h_st,3h,st,5.27862,msrB_1
N900_RS08075,0.14543075228454824,0.1733379948237399,0.30980497178730143,0.13800614438186457,0.14543075228454824,PCA,0.0074246079026836775,0.0074246079026836775,0.03533185044187534,0.17179882740543687,10,L-cystine transporter,0.9592798333333333,-0.81472,4.9757,1h_SI6,1h,SI6,3h_st,3h,st,5.79042,L-cystine transporter
N900_RS08080,0.25192840885246703,0.20571108897304635,0.39940049707215725,0.20881957793093112,0.20571108897304635,CP,-0.003108488957884764,0.04310883092153592,-0.003108488957884764,0.19058091914122613,10,sbcB,0.12967521666666665,-1.9636,3.7547,3h_ce,3h,ce,3h_st,3h,st,5.7183,sbcB
N900_RS08085,0.6567021306735783,0.692218741099031,0.7703749508170816,0.6611289938666829,0.6567021306735783,PCA,-0.004426863193104591,-0.004426863193104591,0.03108974723234814,0.10924595695039874,10,VC0395_A0854_BLAST,0.023085983333333317,-2.2165,4.4172,6h_SI5,6h,SI5,1h_SI1,1h,SI1,6.6337,VC0395_A0854_BLAST
N900_RS08090,0.3959484815335431,0.368275328000441,0.4814430842702986,0.3291202353934473,0.368275328000441,CP,0.03915509260699368,0.0668282461400958,0.03915509260699368,0.15232284887685127,10,yohK_2,1.3397971666666668,-0.4488,4.5205,6h_SI3,6h,SI3,12h_SI1,12h,SI1,4.9693000000000005,yohK_2
N900_RS08095,0.7066335485553866,0.7130517743744544,0.8985406556764757,0.7124636148521865,0.7066335485553866,PCA,-0.00583006629679983,-0.00583006629679983,0.0005881595222679836,0.18607704082428922,10,cdd,0.92044975,-0.98501,5.4696,3h_SI9,3h,SI9,6h_SI2,6h,SI2,6.45461,cdd
N900_RS08100,0.3538470651540499,0.38411648469933757,0.5415330941135568,0.31707670667527016,0.3538470651540499,PCA,0.03677035847877974,0.03677035847877974,0.06703977802406741,0.2244563874382866,10,AEC family transporter_1,0.5312292766666669,-0.80901,4.4799,6h_SI4,6h,SI4,1h_SI1,1h,SI1,5.28891,AEC family transporter_1
N900_RS08105,0.19544401787722432,0.19077019073218646,0.30144623695133965,0.15668598653593718,0.19077019073218646,CP,0.034084204196249274,0.038758031341287136,0.034084204196249274,0.14476025041540247,10,purT,1.2393204,-0.25998,4.5228,1h_SI5,1h,SI5,12h_st,12h,st,4.78278,purT
N900_RS08110,0.773857017507582,0.7611176782909078,0.8593082420785617,0.8165259379380617,0.7611176782909078,CP,-0.0554082596471539,-0.04266892043047976,-0.0554082596471539,0.042782304140499994,10,N900_RS08110,0.3066408166666667,-2.7477,4.1089,6h_SI7,6h,SI7,3h_SI5,3h,SI5,6.8566,N900_RS08110
N900_RS08115,0.2742053363813422,0.27409981365159375,0.3678991947454557,0.28860169067101066,0.27409981365159375,CP,-0.014501877019416909,-0.014396354289668456,-0.014501877019416909,0.07929750407444502,10,tpm,0.9527164016666666,-0.3915,4.1309,6h_ce,6h,ce,1h_ce,1h,ce,4.522399999999999,tpm
N900_RS08120,0.42958937125703545,0.3468488710472909,0.6153035719868308,0.3358480630004409,0.3468488710472909,CP,0.011000808046849997,0.09374130825659455,0.011000808046849997,0.27945550898638993,10,relV,1.2156765500000002,-0.6273,5.0132,3h_SI2,3h,SI2,6h_ce,6h,ce,5.6405,relV
N900_RS08125,0.6393837575974929,0.7031432725006739,0.8398948859293031,0.689792653789947,0.6393837575974929,PCA,-0.050408896192454145,-0.050408896192454145,0.013350618710726847,0.15010223213935603,10,N900_RS08125,-0.5578300700000001,-1.9154,2.7612,12h_SI7,12h,SI7,3h_SI5,3h,SI5,4.6766000000000005,N900_RS08125
N900_RS08130,0.25298577584558923,0.27294820481886156,0.28035439662277883,0.19286032750226442,0.25298577584558923,PCA,0.06012544834332481,0.06012544834332481,0.08008787731659714,0.08749406912051441,10,ihfA,-0.9957416666666667,-3.1868,1.0413,6h_SI9,6h,SI9,12h_SI2,12h,SI2,4.2280999999999995,ihfA
N900_RS08145,0.14651942260056391,0.1438181562259805,0.3743823910528091,0.15037054471791128,0.1438181562259805,CP,-0.006552388491930794,-0.0038511221173473664,-0.006552388491930794,0.22401184633489785,10,GNAT family N-acetyltransferase_3,0.8532645333333334,-0.88556,3.9044,1h_SI8,1h,SI8,6h_st,6h,st,4.78996,GNAT family N-acetyltransferase_3
N900_RS08150,0.08283825949946508,0.06713209460786958,0.6640843333771497,0.05991371306366332,0.06713209460786958,CP,0.007218381544206259,0.02292454643580176,0.007218381544206259,0.6041706203134863,10,N900_RS08150,0.005595575500000001,0.00033236,0.16587,12h_SI2,12h,SI2,3h_st,3h,st,0.16553763999999999,N900_RS08150
N900_RS08175,0.10166671312513438,0.1620778946225838,0.13756162130381724,0.036464139472651966,0.10166671312513438,PCA,0.06520257365248242,0.06520257365248242,0.12561375514993184,0.10109748183116528,10,pgsA,1.9096746333333336,0.093918,4.139,12h_ce,12h,ce,12h_st,12h,st,4.045082,pgsA
N900_RS08180,0.27627325669369907,0.2591589302039169,0.4912440216364396,0.25524125812563775,0.2591589302039169,CP,0.003917672078279144,0.021031998568061316,0.003917672078279144,0.23600276351080185,10,uvrC,0.7368369233333334,-0.76786,3.7973,12h_co,12h,co,3h_SI1,3h,SI1,4.56516,uvrC
N900_RS08185,0.5233959282444455,0.5571745596092269,0.5705301785579522,0.5492226405972259,0.5233959282444455,PCA,-0.025826712352780445,-0.025826712352780445,0.007951919012000985,0.021307537960726264,10,uvrY,-2.0337761666666667,-4.3419,0.92733,12h_co,12h,co,1h_ce,1h,ce,5.26923,uvrY
N900_RS08190,0.44973836963089436,0.3994368559380845,0.6800127526479727,0.34382290623360307,0.3994368559380845,CP,0.055613949704481414,0.1059154633972913,0.055613949704481414,0.3361898464143696,10,polB,0.7779145800000001,-1.2555,4.4792,6h_co,6h,co,6h_SI1,6h,SI1,5.7347,polB
N900_RS08195,0.24401545659072835,0.21351285171313752,0.443805482047634,0.24806971173545408,0.21351285171313752,CP,-0.03455686002231656,-0.004054255144725738,-0.03455686002231656,0.1957357703121799,10,N900_RS08195,1.2475586333333335,0.081734,5.0147,1h_SI8,1h,SI8,12h_SI1,12h,SI1,4.932966,N900_RS08195
N900_RS08200,0.18728584603028467,0.23386912516127037,0.4418367419852524,0.1736847157142686,0.18728584603028467,PCA,0.013601130316016063,0.013601130316016063,0.06018440944700176,0.2681520262709838,10,nucleotidyltransferase,0.9407429166666668,-0.26924,4.3861,3h_SI3,3h,SI3,6h_SI1,6h,SI1,4.65534,nucleotidyltransferase
N900_RS08205,0.5310458140634153,0.5300310405069723,0.7465752933009874,0.4587703049761955,0.5300310405069723,CP,0.07126073553077678,0.07227550908721986,0.07126073553077678,0.2878049883247919,10,yeiP,1.0932602333333332,-0.57685,4.7675,12h_SI4,12h,SI4,1h_st,1h,st,5.34435,yeiP
N900_RS08210,0.21882614240753923,0.26514134220463276,0.4264766031308903,0.2793771937074941,0.21882614240753923,PCA,-0.06055105129995486,-0.06055105129995486,-0.01423585150286133,0.14709940942339622,10,VC0395_A0828_BLAST,0.6092177545,-1.2521,5.1297,3h_SI7,3h,SI7,3h_st,3h,st,6.3818,VC0395_A0828_BLAST
N900_RS08215,0.5059522876030648,0.5128785051426142,0.7014330766097729,0.33017285028455057,0.5059522876030648,PCA,0.1757794373185142,0.1757794373185142,0.18270565485806367,0.3712602263252224,10,N900_RS08215,0.23704948166666656,-1.4109,4.1066,12h_SI1,12h,SI1,6h_SI1,6h,SI1,5.5175,N900_RS08215
N900_RS08220,0.20081794751720866,0.23297489104252636,0.6157888387967776,0.23567872082185423,0.20081794751720866,PCA,-0.03486077330464557,-0.03486077330464557,-0.002703829779327871,0.38011011797492333,10,hutC,0.8880298333333333,-1.3759,5.3486,12h_SI8,12h,SI8,6h_SI3,6h,SI3,6.7245,hutC
N900_RS08225,0.3793847959953563,0.5513783860667966,0.7074793131809838,0.4333723426712695,0.3793847959953563,PCA,-0.05398754667591321,-0.05398754667591321,0.11800604339552706,0.2741069705097143,10,hutI,0.012860981666666655,-1.2371,2.366,6h_SI3,6h,SI3,6h_SI2,6h,SI2,3.6031000000000004,hutI
N900_RS08230,0.14258966210599555,0.1883934405926669,0.3070010415627319,0.11288143953084771,0.14258966210599555,PCA,0.02970822257514784,0.02970822257514784,0.0755120010618192,0.19411960203188416,10,hutG,0.64989609,-0.8809,3.5459,6h_st,6h,st,3h_SI2,3h,SI2,4.4268,hutG
N900_RS08235,0.4200894610647559,0.5236085999865472,0.8193473362168434,0.3984777686348611,0.4200894610647559,PCA,0.021611692429894802,0.021611692429894802,0.12513083135168607,0.4208695675819823,10,hutU,0.10112349999999998,-1.2477,3.2081,3h_SI3,3h,SI3,1h_SI1,1h,SI1,4.4558,hutU
N900_RS08240,0.34492634217332885,0.3150760771410103,0.4436193592541711,0.36599945257986,0.3150760771410103,CP,-0.05092337543884967,-0.021073110406531148,-0.05092337543884967,0.07761990667431112,10,hutH,1.3871163833333333,-0.67711,5.8738,1h_ce,1h,ce,3h_SI4,3h,SI4,6.55091,hutH
N900_RS08245,0.40445785139159857,0.43922691702240246,0.6084052910112514,0.2666500008331893,0.40445785139159857,PCA,0.13780785055840927,0.13780785055840927,0.17257691618921317,0.3417552901780621,10,N900_RS08245,0.6419036783333332,-0.66524,4.5196,3h_SI1,3h,SI1,1h_st,1h,st,5.1848399999999994,N900_RS08245
N900_RS08250,0.16455908817266282,0.1650076825865939,0.3575332736284024,0.1149435078674371,0.16455908817266282,PCA,0.049615580305225726,0.049615580305225726,0.050064174719156807,0.24258976576096533,10,vesB,0.4382439166666666,-1.0366,4.159,3h_st,3h,st,6h_st,6h,st,5.1956,vesB
N900_RS08255,0.23691797761324032,0.30367811002380535,0.41577414788751005,0.2750170637039302,0.23691797761324032,PCA,-0.038099086090689877,-0.038099086090689877,0.02866104631987515,0.14075708418357985,10,N900_RS08255,0.8918825349999999,-0.51569,3.7589,6h_ce,6h,ce,3h_SI2,3h,SI2,4.27459,N900_RS08255
N900_RS08260,0.11353591058971875,0.13919387257328944,0.2559506460980977,0.12103653490392374,0.11353591058971875,PCA,-0.007500624314204993,-0.007500624314204993,0.018157337669365697,0.13491411119417396,10,ydiJ_BLAST,1.0087345483333334,-0.57066,3.5887,1h_SI2,1h,SI2,3h_SI5,3h,SI5,4.1593599999999995,ydiJ_BLAST
N900_RS08265,0.26854698760170126,0.2575219072910153,0.51556839855005,0.3428862089278922,0.2575219072910153,CP,-0.08536430163687686,-0.07433922132619092,-0.08536430163687686,0.1726821896221578,10,N900_RS08265,0.7398509833333335,-0.71186,3.5893,1h_co,1h,co,3h_SI5,3h,SI5,4.30116,N900_RS08265
N900_RS08270,0.1620851137643335,0.18293909239017975,0.2936314507814938,0.15370527099576003,0.1620851137643335,PCA,0.008379842768573453,0.008379842768573453,0.029233821394419712,0.13992617978573374,10,N900_RS08270,0.9932927833333333,-1.4364,4.3582,1h_SI5,1h,SI5,3h_SI2,3h,SI2,5.7946,N900_RS08270
N900_RS08275,0.45398390953884266,0.5331039581755384,0.7992023594250613,0.45834945006902217,0.45398390953884266,PCA,-0.0043655405301795125,-0.0043655405301795125,0.07475450810651618,0.3408529093560392,10,yiaD,0.9983787883333334,-0.57913,4.8011,3h_SI2,3h,SI2,6h_SI1,6h,SI1,5.38023,yiaD
N900_RS08280,0.6565077727046372,0.6307126620609869,0.8836518787483557,0.6339174927401068,0.6307126620609869,CP,-0.003204830679119919,0.022590279964530446,-0.003204830679119919,0.24973438600824893,10,molecular chaperone DnaJ,-0.8678183333333335,-2.7877,2.6396,6h_SI6,6h,SI6,3h_SI2,3h,SI2,5.427300000000001,molecular chaperone DnaJ
N900_RS08285,0.2261256382178446,0.21235208584359025,0.3468724261360071,0.21081500247168578,0.21235208584359025,CP,0.001537083371904474,0.015310635746158818,0.001537083371904474,0.13605742366432133,10,N900_RS08285,1.1318526666666666,-0.41803,5.0817,3h_SI6,3h,SI6,12h_SI1,12h,SI1,5.49973,N900_RS08285
N900_RS08290,0.24690431889150904,0.2843671646363272,0.5061364741655487,0.21603199369967058,0.24690431889150904,PCA,0.030872325191838468,0.030872325191838468,0.06833517093665664,0.29010448046587817,10,N900_RS08290,0.12254079999999999,-0.99094,3.1197,3h_SI4,3h,SI4,6h_SI2,6h,SI2,4.11064,N900_RS08290
N900_RS08295,0.34527326343511416,0.4115131714945726,0.36662028838208915,0.29811803155749766,0.34527326343511416,PCA,0.0471552318776165,0.0471552318776165,0.11339513993707495,0.06850225682459149,10,purC,-1.0655877166666667,-3.5147,4.0098,12h_SI7,12h,SI7,1h_ce,1h,ce,7.5245,purC
N900_RS08300,0.2853450703827494,0.4705179506938714,0.8286738129345816,0.40170708144810735,0.2853450703827494,PCA,-0.11636201106535793,-0.11636201106535793,0.06881086924576407,0.4269667314864743,10,N900_RS08300,0.9797685949999999,-1.0699,4.6016,1h_co,1h,co,3h_SI4,3h,SI4,5.6715,N900_RS08300
N900_RS08305,0.5257722191748552,0.5009842325496581,0.6611946606725969,0.47930008897328474,0.5009842325496581,CP,0.021684143576373327,0.04647213020157043,0.021684143576373327,0.18189457169931217,10,maeA,-0.4048924666666667,-1.9675,4.2564,24h_SI4,24h,SI4,12h_SI1,12h,SI1,6.2239,maeA
N900_RS08310,0.6754789749704855,0.5613527286648542,0.7813813520128907,0.6252840334521191,0.5613527286648542,CP,-0.06393130478726494,0.05019494151836634,-0.06393130478726494,0.15609731856077158,10,N900_RS08310,-0.6930444166666666,-2.1072,3.3199,6h_SI8,6h,SI8,1h_SI1,1h,SI1,5.4271,N900_RS08310
N900_RS08315,0.20735786687115168,0.2633075269107035,0.44930352657203515,0.20209132159700582,0.20735786687115168,PCA,0.005266545274145856,0.005266545274145856,0.0612162053136977,0.24721220497502933,10,vancomycin high temperature exclusion protein,0.7663898999999998,-0.81014,4.2345,3h_SI9,3h,SI9,3h_SI1,3h,SI1,5.044639999999999,vancomycin high temperature exclusion protein
N900_RS08320,0.41308513915434614,0.40478965343799095,0.6382307911724703,0.45248130054909835,0.40478965343799095,CP,-0.047691647111107405,-0.039396161394752216,-0.047691647111107405,0.18574949062337193,10,Pseudogene_N900_RS08320,-0.11642185,-2.8364,4.1509,3h_SI6,3h,SI6,1h_SI1,1h,SI1,6.987299999999999,Pseudogene_N900_RS08320
N900_RS08325,0.3555932555815749,0.32096392753133557,0.6085363657031263,0.42481304468661735,0.32096392753133557,CP,-0.10384911715528178,-0.06921978910504245,-0.10384911715528178,0.18372332101650896,10,sufS_2,0.9886626833333333,-0.43461,5.3232,1h_SI8,1h,SI8,3h_st,3h,st,5.75781,sufS_2
N900_RS08330,0.31756234213320955,0.323539464312711,0.3855495292859172,0.24495663790578662,0.31756234213320955,PCA,0.07260570422742293,0.07260570422742293,0.0785828264069244,0.14059289138013056,10,agglutination protein,0.6307771166666666,-1.5471,3.9207,6h_co,6h,co,1h_SI1,1h,SI1,5.4678,agglutination protein
N900_RS08335,0.48756789083831226,0.4947546739422382,0.8160473170949539,0.4671956807030533,0.48756789083831226,PCA,0.020372210135258972,0.020372210135258972,0.027558993239184926,0.34885163639190064,10,trxB,0.059201285000000006,-2.3284,3.0184,3h_SI6,3h,SI6,6h_SI2,6h,SI2,5.3468,trxB
N900_RS08350,0.5891762859083985,0.5971093989363648,0.7283227757401389,0.6463570405850285,0.5891762859083985,PCA,-0.057180754676629975,-0.057180754676629975,-0.04924764164866369,0.08196573515511041,10,rluB,-0.24933823166666666,-1.9076,2.8938,1h_SI5,1h,SI5,1h_ce,1h,ce,4.8014,rluB
N900_RS08355,0.4906532152527616,0.5425110721367055,0.6111815261156501,0.5070163879274608,0.4906532152527616,PCA,-0.016363172674699222,-0.016363172674699222,0.03549468420924462,0.10416513818818929,10,yciO,1.092501158333333,-0.34357,5.071,6h_SI4,6h,SI4,1h_SI1,1h,SI1,5.414569999999999,yciO
N900_RS08360,0.28499110393357385,0.3239613182221573,0.5272236033359432,0.2554504431608991,0.28499110393357385,PCA,0.029540660772674754,0.029540660772674754,0.06851087506125819,0.2717731601750441,10,yciV,0.5423122833333331,-0.77398,4.008,3h_SI4,3h,SI4,6h_SI3,6h,SI3,4.78198,yciV
N900_RS08365,0.47570466351454094,0.539742908834587,0.5822414130474931,0.4029556645544667,0.47570466351454094,PCA,0.07274899896007425,0.07274899896007425,0.1367872442801203,0.17928574849302642,10,N900_RS08365,-0.05110904,-1.5609,3.9462,6h_SI1,6h,SI1,1h_SI1,1h,SI1,5.5071,N900_RS08365
N900_RS08370,0.39029978116333314,0.4734589352740698,0.6100747211180867,0.4034565914661666,0.39029978116333314,PCA,-0.013156810302833444,-0.013156810302833444,0.07000234380790321,0.2066181296519201,10,trpE,0.25509840666666667,-1.3532,2.9777,12h_SI1,12h,SI1,6h_SI3,6h,SI3,4.3309,trpE
N900_RS08375,0.3246502447651883,0.32877710367348484,0.4078101019044173,0.21787361616514125,0.3246502447651883,PCA,0.10677662860004702,0.10677662860004702,0.11090348750834358,0.18993648573927605,10,trpG_2,0.31859641666666677,-1.1211,3.2824,3h_co,3h,co,3h_SI5,3h,SI5,4.4035,trpG_2
N900_RS08380,0.1368026865745358,0.1523504152965728,0.2739234295374467,0.12047278725498885,0.1368026865745358,PCA,0.01632989931954694,0.01632989931954694,0.031877628041583964,0.15345064228245786,10,trpD,1.642995016666667,-0.75924,4.9603,1h_SI7,1h,SI7,3h_st,3h,st,5.71954,trpD
N900_RS08385,0.3409370950017209,0.2764593690126735,0.708392012726969,0.3759611776265023,0.2764593690126735,CP,-0.09950180861382879,-0.03502408262478135,-0.09950180861382879,0.33243083510046667,10,trpCF,0.46154173333333337,-1.0333,4.3453,3h_SI9,3h,SI9,3h_SI1,3h,SI1,5.3786000000000005,trpCF
N900_RS08390,0.24130176958428814,0.1794831914810541,0.6077416114347464,0.18911274832694172,0.1794831914810541,CP,-0.009629556845887621,0.052189021257346424,-0.009629556845887621,0.41862886310780467,10,trpB,1.0133360166666665,-0.67254,3.7182,6h_SI1,6h,SI1,3h_SI5,3h,SI5,4.39074,trpB
N900_RS08395,0.32421788569499044,0.37523050882105063,0.4996699331724617,0.3351904683123418,0.32421788569499044,PCA,-0.010972582617351345,-0.010972582617351345,0.04004004050870885,0.16447946486011994,10,trpA,1.05240295,-0.39372,4.541,12h_st,12h,st,3h_SI1,3h,SI1,4.93472,trpA
N900_RS08400,0.3347923075311627,0.3660962909839557,0.5431461520167942,0.3831390066200658,0.3347923075311627,PCA,-0.0483466990889031,-0.0483466990889031,-0.017042715636110095,0.1600071453967284,10,dicarboxylate/amino acid:cation symporter,0.8385874833333332,-0.47013,4.1371,6h_st,6h,st,6h_SI3,6h,SI3,4.60723,dicarboxylate/amino acid:cation symporter
N900_RS08405,0.5557867136895849,0.5730468837258049,0.6588696800212567,0.5820540126876497,0.5557867136895849,PCA,-0.026267298998064792,-0.026267298998064792,-0.009007128961844746,0.07681566733360701,10,tdk,0.24745970166666667,-1.4536,3.1849,6h_SI1,6h,SI1,6h_st,6h,st,4.6385,tdk
N900_RS08415,0.3014531495520831,0.3069841959533313,0.4493703721994254,0.3156813414590553,0.3014531495520831,PCA,-0.01422819190697222,-0.01422819190697222,-0.00869714550572398,0.13368903074037009,10,UPF0759 protein YecE_BLAST,0.8086361965000002,-0.65873,3.31,3h_st,3h,st,12h_SI2,12h,SI2,3.96873,UPF0759 protein YecE_BLAST
N900_RS08420,0.28045844254203744,0.26724892330715905,0.38063581933383284,0.307107891859984,0.26724892330715905,CP,-0.03985896855282495,-0.02664944931794655,-0.03985896855282495,0.07352792747384884,10,cmoA,0.31891053333333325,-1.7111,3.0389,12h_SI7,12h,SI7,3h_SI1,3h,SI1,4.75,cmoA
N900_RS08425,0.3515713464452489,0.28325864121442906,0.46599795697179436,0.34508132797312074,0.28325864121442906,CP,-0.06182268675869168,0.006490018472128156,-0.06182268675869168,0.12091662899867361,10,cmoB,0.7933500966666666,-0.32086,3.5199,24h_st,24h,st,3h_SI4,3h,SI4,3.84076,cmoB
N900_RS08430,0.34872965121105814,0.32862815108430987,0.48435328385156134,0.3554134044845569,0.32862815108430987,CP,-0.02678525340024701,-0.006683753273498738,-0.02678525340024701,0.12893987936700446,10,ATP-dependent Zn protease,0.0415046,-2.5977,3.986,6h_SI5,6h,SI5,6h_st,6h,st,6.5837,ATP-dependent Zn protease
N900_RS08435,0.2886899912530589,0.3650553515768573,0.5447882107855018,0.30607069903100187,0.2886899912530589,PCA,-0.017380707777942983,-0.017380707777942983,0.05898465254585544,0.2387175117544999,10,gonadoliberin III,-0.3288796,-1.9545,3.6517,24h_SI5,24h,SI5,1h_SI1,1h,SI1,5.606199999999999,gonadoliberin III
N900_RS08440,0.38039341561731,0.49409440399424925,0.6139818561191921,0.36816855300124984,0.38039341561731,PCA,0.01222486261606015,0.01222486261606015,0.1259258509929994,0.24581330311794225,10,alpha-L-glutamate ligase-like protein,-0.11738144999999997,-3.7,4.3574,6h_SI6,6h,SI6,6h_SI3,6h,SI3,8.057400000000001,alpha-L-glutamate ligase-like protein
N900_RS08450,0.3796147130256031,0.4000587065291032,0.6870365849792012,0.36904281566510166,0.3796147130256031,PCA,0.010571897360501459,0.010571897360501459,0.031015890864001527,0.3179937693140995,10,N900_RS08450,0.5241945116666666,-1.4596,3.6065,6h_SI1,6h,SI1,3h_SI3,3h,SI3,5.0661000000000005,N900_RS08450
N900_RS08455,0.2555245799173517,0.2747480826682086,0.4058007424009744,0.15706470573102585,0.2555245799173517,PCA,0.09845987418632587,0.09845987418632587,0.11768337693718275,0.24873603666994856,10,sasA_5,0.7129816333333333,-0.75991,3.6754,12h_SI6,12h,SI6,6h_ce,6h,ce,4.435309999999999,sasA_5
N900_RS08460,0.3719432530573771,0.40544533302230673,0.7462861445518237,0.49651090162771716,0.3719432530573771,PCA,-0.12456764857034008,-0.12456764857034008,-0.09106556860541043,0.24977524292410658,10,response regulator_3,1.0572139166666665,-0.23901,5.8166,12h_SI2,12h,SI2,3h_SI2,3h,SI2,6.055610000000001,response regulator_3
N900_RS08465,0.41488906357476196,0.46654606664944964,0.4510390419525656,0.40694351692482056,0.41488906357476196,PCA,0.007945546649941404,0.007945546649941404,0.059602549724629084,0.04409552502774505,10,N900_RS08465,-1.9702411166666667,-5.149,2.1107,12h_SI5,12h,SI5,1h_co,1h,co,7.2597000000000005,N900_RS08465
N900_RS08470,0.2610473460953643,0.40205448035773894,0.5586407721312997,0.3183579931616143,0.2610473460953643,PCA,-0.05731064706625,-0.05731064706625,0.08369648719612466,0.24028277896968542,10,DNA transformation protein,1.2574838166666666,-1.4547,5.8525,6h_SI5,6h,SI5,12h_SI1,12h,SI1,7.3072,DNA transformation protein
N900_RS08475,0.34642974149213834,0.3731688165950233,0.458309515853292,0.16858210427326345,0.34642974149213834,PCA,0.1778476372188749,0.1778476372188749,0.20458671232175987,0.28972741158002857,10,N900_RS08475,1.5533004333333333,0.033246,5.1738,1h_SI3,1h,SI3,6h_ce,6h,ce,5.140554,N900_RS08475
N900_RS08480,0.29441481767907657,0.28714244795311206,0.5298219796583769,0.33941288373705086,0.28714244795311206,CP,-0.05227043578393881,-0.044998066057974295,-0.05227043578393881,0.190409095921326,10,lyso,1.3188634166666668,-0.29356,3.6736,3h_SI1,3h,SI1,3h_SI6,3h,SI6,3.96716,lyso
N900_RS08485,0.26114157791570564,0.3425819743413202,0.5518351734993665,0.2318294340150097,0.26114157791570564,PCA,0.029312143900695947,0.029312143900695947,0.11075254032631052,0.32000573948435684,10,N900_RS08485,0.5791421658333333,-0.87926,4.1673,6h_SI4,6h,SI4,3h_SI1,3h,SI1,5.04656,N900_RS08485
N900_RS08495,0.5637066522296716,0.4836164093063463,0.7016805830527889,0.4734463232412301,0.4836164093063463,CP,0.010170086065116213,0.09026032898844155,0.010170086065116213,0.22823425981155882,10,hexR,1.4443123333333332,-0.27678,4.4943,3h_co,3h,co,6h_SI3,6h,SI3,4.7710799999999995,hexR
N900_RS08500,0.1692215186879315,0.2108243183386412,0.31988989267388096,0.14633635616268145,0.1692215186879315,PCA,0.022885162525250052,0.022885162525250052,0.06448796217595976,0.1735535365111995,10,iron-containing alcohol dehydrogenase_1,1.3094348000000005,-0.1859,5.4874,3h_st,3h,st,3h_SI1,3h,SI1,5.6733,iron-containing alcohol dehydrogenase_1
N900_RS08505,0.49379932333160653,0.505709725722945,0.5603675442997654,0.4393013874050872,0.49379932333160653,PCA,0.05449793592651936,0.05449793592651936,0.06640833831785786,0.12106615689467826,10,grxa,-2.188486333333333,-5.3571,2.7597,12h_SI9,12h,SI9,3h_SI9,3h,SI9,8.1168,grxa
N900_RS08510,0.23953132931512117,0.3413760524805372,0.5177221459689123,0.3262341492955034,0.23953132931512117,PCA,-0.0867028199803822,-0.0867028199803822,0.015141903185033834,0.19148799667340893,10,aspT,0.4992382333333333,-1.3198,3.9205,6h_SI8,6h,SI8,3h_st,3h,st,5.2403,aspT
N900_RS08515,0.4877667946435542,0.433849123695483,0.6744588338287002,0.48005417916687876,0.433849123695483,CP,-0.04620505547139575,0.007712615476675455,-0.04620505547139575,0.19440465466182144,10,clpA,1.6179085333333334,-1.8674,4.8621,12h_SI8,12h,SI8,6h_st,6h,st,6.7295,clpA
N900_RS08520,0.33827181628817193,0.3092143411209651,0.5119845974701127,0.3478652659678421,0.3092143411209651,CP,-0.038650924846877044,-0.009593449679670185,-0.038650924846877044,0.1641193315022706,10,clpS,0.9048247966666667,-0.66578,4.461,6h_SI3,6h,SI3,3h_SI1,3h,SI1,5.12678,clpS
N900_RS08525,0.7929968956922413,0.7853916549984004,0.9655117454800705,0.7359826165406246,0.7853916549984004,CP,0.04940903845777578,0.05701427915161672,0.04940903845777578,0.22952912893944588,10,cspD,0.8700467099999999,-2.1267,4.163,1h_SI2,1h,SI2,3h_SI6,3h,SI6,6.2897,cspD
N900_RS08535,0.2637104490572009,0.2917051253741352,0.4578844491751166,0.26913428250608323,0.2637104490572009,PCA,-0.005423833448882309,-0.005423833448882309,0.022570842868051944,0.18875016666903338,10,rluE,0.83661715,-0.80434,4.8172,1h_ce,1h,ce,6h_SI2,6h,SI2,5.6215399999999995,rluE
N900_RS08540,0.16797000510714305,0.1987230650518602,0.4136292380854424,0.19731871475479681,0.16797000510714305,PCA,-0.029348709647653765,-0.029348709647653765,0.0014043502970633726,0.21631052333064557,10,hisI,0.42766559503333335,-1.0594,3.761,3h_st,3h,st,3h_SI1,3h,SI1,4.8204,hisI
N900_RS08545,0.15579266551026297,0.18262750808226275,0.2710643855929611,0.19143105285686599,0.15579266551026297,PCA,-0.03563838734660302,-0.03563838734660302,-0.00880354477460324,0.0796333327360951,10,hisF,1.2253002,-0.47355,4.1565,3h_st,3h,st,3h_SI1,3h,SI1,4.630050000000001,hisF
N900_RS08550,0.42164894464445574,0.4459483215901051,0.6279235884352826,0.41253340447707587,0.42164894464445574,PCA,0.009115540167379865,0.009115540167379865,0.03341491711302924,0.21539018395820675,10,hisA,0.6957334300000001,-1.0794,4.6908,1h_ce,1h,ce,6h_SI1,6h,SI1,5.7702,hisA
N900_RS08555,0.29773983139045795,0.28341887466318305,0.3943125748885284,0.15479738797053394,0.28341887466318305,CP,0.1286214866926491,0.14294244341992401,0.1286214866926491,0.23951518691799445,10,hisH,0.97660172,-0.49426,4.7676,12h_SI7,12h,SI7,1h_st,1h,st,5.2618599999999995,hisH
N900_RS08560,0.2480958799112979,0.21659871443209808,0.3388298744168779,0.2328247558865631,0.21659871443209808,CP,-0.016226041454465018,0.015271124024734795,-0.016226041454465018,0.1060051185303148,10,hisB,0.7740042166666666,-0.66384,3.4869,3h_co,3h,co,3h_SI5,3h,SI5,4.15074,hisB
N900_RS08565,0.32518810920957997,0.40053956913087346,0.7236125935225998,0.29212141457220964,0.32518810920957997,PCA,0.03306669463737033,0.03306669463737033,0.10841815455866383,0.43149117895039013,10,hisC,-0.3522668833333333,-1.9267,3.5987,24h_st,24h,st,6h_st,6h,st,5.5254,hisC
N900_RS08570,0.4076567172717091,0.4343860120234868,0.7305358369833097,0.4904573853195224,0.4076567172717091,PCA,-0.08280066804781328,-0.08280066804781328,-0.056071373296035565,0.24007845166378733,10,hisD,0.5520636383333333,-1.1033,3.3883,6h_SI4,6h,SI4,3h_SI3,3h,SI3,4.4916,hisD
N900_RS08575,0.3699576687445045,0.30028708418475664,0.5188507415419467,0.3045007953333121,0.30028708418475664,CP,-0.004213711148555455,0.06545687341119238,-0.004213711148555455,0.21434994620863457,10,hisG,1.6174646866666664,-0.55355,5.9015,1h_SI1,1h,SI1,6h_SI1,6h,SI1,6.45505,hisG
N900_RS08580,0.8280919489857751,0.8212362179378272,0.9621926821495764,0.6184520836134855,0.8212362179378272,CP,0.20278413432434172,0.20963986537228962,0.20278413432434172,0.34374059853609096,10,tet(35),0.3331553333333333,-1.4398,2.7369,6h_SI3,6h,SI3,1h_st,1h,st,4.1767,tet(35)
N900_RS08590,0.6919418668771106,0.79478918451018,0.8654315067758398,0.5312996682327744,0.6919418668771106,PCA,0.16064219864433615,0.16064219864433615,0.2634895162774056,0.3341318385430654,10,gsk_1,1.0311558833333332,-3.0612,6.2748,1h_SI4,1h,SI4,1h_co,1h,co,9.336,gsk_1
N900_RS08610,0.6144457458404143,0.6406744762547665,0.7465678933652488,0.6187324677272965,0.6144457458404143,PCA,-0.004286721886882172,-0.004286721886882172,0.02194200852746997,0.12783542563795225,10,N900_RS08610,0.5251890981666667,-0.93827,3.928,3h_SI6,3h,SI6,6h_SI2,6h,SI2,4.86627,N900_RS08610
N900_RS08615,0.3414757231082019,0.45362095374354505,0.6250264608497619,0.38527942423545514,0.3414757231082019,PCA,-0.043803701127253236,-0.043803701127253236,0.06834152950808992,0.23974703661430674,10,N900_RS08615,0.46701745,-1.1203,3.847,6h_SI6,6h,SI6,12h_SI2,12h,SI2,4.9673,N900_RS08615
N900_RS08620,0.3947891899702857,0.5111745684104287,0.6130446267382347,0.3994934439537548,0.3947891899702857,PCA,-0.0047042539834690755,-0.0047042539834690755,0.11168112445667394,0.21355118278447988,10,N900_RS08620,1.0733547216666666,-0.57299,4.8788,6h_SI4,6h,SI4,3h_SI3,3h,SI3,5.45179,N900_RS08620
N900_RS08625,0.24571240260180638,0.2889141906362975,0.47907154045172917,0.13688868667442494,0.24571240260180638,PCA,0.10882371592738144,0.10882371592738144,0.15202550396187253,0.34218285377730423,10,class I SAM-dependent methyltransferase_1,0.9919900333333335,-0.86239,4.48,3h_SI8,3h,SI8,6h_ce,6h,ce,5.34239,class I SAM-dependent methyltransferase_1
N900_RS08630,0.33963884595555444,0.31654034666090725,0.606719750097263,0.2636975669435815,0.31654034666090725,CP,0.05284277971732576,0.07594127901197295,0.05284277971732576,0.3430221831536815,10,N900_RS08630,1.297681215,-0.84446,5.7995,1h_SI8,1h,SI8,3h_SI2,3h,SI2,6.64396,N900_RS08630
N900_RS08635,0.2913579727117836,0.25372128121826204,0.38692102004781526,0.24118158299983886,0.25372128121826204,CP,0.012539698218423184,0.05017638971194474,0.012539698218423184,0.1457394370479764,10,FAD-dependent oxidoreductase_1,0.4225324414999999,-0.98426,3.3999,6h_SI8,6h,SI8,3h_SI1,3h,SI1,4.3841600000000005,FAD-dependent oxidoreductase_1
N900_RS08640,0.38638634764292606,0.3746124222226006,0.557913306200527,0.3735766173416957,0.3746124222226006,CP,0.001035804880904878,0.012809730301230338,0.001035804880904878,0.1843366888588313,10,SDR family NAD(P)-dependent oxidoreductase,1.4508881666666664,-0.56398,5.1177,1h_SI7,1h,SI7,3h_SI2,3h,SI2,5.68168,SDR family NAD(P)-dependent oxidoreductase
N900_RS08645,0.19044191595093043,0.2917095629509214,0.43408825326480344,0.20694068494691267,0.19044191595093043,PCA,-0.016498768995982238,-0.016498768995982238,0.0847688780040087,0.22714756831789076,10,"transcriptional regulator, putative",1.08680825,-0.36545,5.0672,6h_SI4,6h,SI4,3h_SI4,3h,SI4,5.43265,"transcriptional regulator, putative"
N900_RS08650,0.5232378973693425,0.5325453401281872,0.8130510680019487,0.45020693268837886,0.5232378973693425,PCA,0.0730309646809636,0.0730309646809636,0.08233840743980836,0.36284413531356985,10,htpX,-0.04661170000000001,-1.5751,3.5908,6h_SI3,6h,SI3,3h_SI1,3h,SI1,5.165900000000001,htpX
N900_RS08655,0.624079756041011,0.5201251243411362,0.6817240653170201,0.613383285705416,0.5201251243411362,CP,-0.09325816136427978,0.010696470335594954,-0.09325816136427978,0.06834077961160412,10,N900_RS08655,-0.5600426833333334,-3.7242,2.6727,3h_SI8,3h,SI8,1h_co,1h,co,6.3969000000000005,N900_RS08655
N900_RS08660,0.1670008406305917,0.1874417868317785,0.2527183067343784,0.19363544611790295,0.1670008406305917,PCA,-0.026634605487311253,-0.026634605487311253,-0.006193659286124448,0.05908286061647544,10,bioD,0.89199252,-1.4831,4.018,12h_SI8,12h,SI8,12h_SI1,12h,SI1,5.5011,bioD
N900_RS08665,0.21681205703207349,0.2921762365792631,0.3640674805763364,0.23976993260848317,0.21681205703207349,PCA,-0.022957875576409686,-0.022957875576409686,0.052406303970779944,0.12429754796785325,10,bioC,0.23052880000000003,-1.7296,3.9964,12h_SI6,12h,SI6,3h_SI4,3h,SI4,5.726,bioC
N900_RS08670,0.16885812527957383,0.20909920173718188,0.24680451042775578,0.15927478010192161,0.16885812527957383,PCA,0.00958334517765222,0.00958334517765222,0.04982442163526027,0.08752973032583417,10,bioF,0.5268480466666667,-2.2195,3.2526,12h_SI8,12h,SI8,3h_SI1,3h,SI1,5.4721,bioF
N900_RS08675,0.35013788545307156,0.3305988304743426,0.4170914680025073,0.2420006790256447,0.3305988304743426,CP,0.08859815144869787,0.10813720642742686,0.08859815144869787,0.1750907889768626,10,biob,-0.16050855,-2.4018,3.4029,12h_SI8,12h,SI8,1h_SI1,1h,SI1,5.8047,biob
N900_RS08680,0.4335681074040117,0.4824622045758772,0.5544138933648117,0.308142199097229,0.4335681074040117,PCA,0.12542590830678269,0.12542590830678269,0.17432000547864818,0.24627169426758272,10,bioA,0.9218643500000001,-1.27,4.5701,12h_SI6,12h,SI6,6h_SI1,6h,SI1,5.8401,bioA
N900_RS08690,0.4275254896684025,0.46322685833822475,0.6389995097712421,0.3887994856009135,0.4275254896684025,PCA,0.038726004067488995,0.038726004067488995,0.07442737273731126,0.2502000241703286,10,rarA,1.0070750083333333,-3.3054,6.0708,12h_SI8,12h,SI8,6h_st,6h,st,9.3762,rarA
N900_RS08700,0.20347853245911535,0.2437816518034954,0.3327697422348573,0.17918190690763958,0.20347853245911535,PCA,0.02429662555147577,0.02429662555147577,0.06459974489585582,0.1535878353272177,10,prepilin peptidase_1,0.7370876483333332,-0.73322,4.3153,6h_st,6h,st,3h_SI4,3h,SI4,5.04852,prepilin peptidase_1
N900_RS08705,0.16586171127036134,0.16520174070755303,0.3084952696812036,0.15988669340597852,0.16520174070755303,CP,0.005315047301574505,0.0059750178643828145,0.005315047301574505,0.14860857627522508,10,dusC,0.24892846166666663,-0.96694,2.9386,12h_st,12h,st,3h_SI1,3h,SI1,3.9055400000000002,dusC
N900_RS08710,0.36991215781284364,0.36328375949770336,0.650440586606858,0.3482730390821843,0.36328375949770336,CP,0.015010720415519041,0.021639118730659324,0.015010720415519041,0.3021675475246737,10,sensor domain-containing diguanylate cyclase_1,1.65044495,-0.12974,4.6678,1h_SI6,1h,SI6,12h_SI1,12h,SI1,4.79754,sensor domain-containing diguanylate cyclase_1
N900_RS08715,0.33825157049037796,0.4662883535957263,0.6636415844332613,0.3280865572355532,0.33825157049037796,PCA,0.010165013254824773,0.010165013254824773,0.1382017963601731,0.3355550271977081,10,lktB_1,1.1510659383333333,-0.2782,4.7053,3h_SI2,3h,SI2,12h_SI2,12h,SI2,4.9835,lktB_1
N900_RS08720,0.31724923168367547,0.2990869476921526,0.42009099216993767,0.2454020694822188,0.2990869476921526,CP,0.05368487820993381,0.07184716220145668,0.05368487820993381,0.17468892268771888,10,ABC transporter permease_5,1.5711428166666666,-0.035407,4.5644,1h_SI6,1h,SI6,6h_ce,6h,ce,4.599807,ABC transporter permease_5
N900_RS08725,0.6485381745471612,0.6123922380930716,0.7294978784748556,0.3919125297638871,0.6123922380930716,CP,0.22047970832918456,0.25662564478327415,0.22047970832918456,0.3375853487109685,10,ABC transporter substrate-binding protein_6,1.2451296333333335,-0.41939,5.1008,6h_SI2,6h,SI2,6h_ce,6h,ce,5.5201899999999995,ABC transporter substrate-binding protein_6
N900_RS08730,0.28046529644016693,0.3487866086600194,0.5711240485068595,0.2854003602938573,0.28046529644016693,PCA,-0.004935063853690358,-0.004935063853690358,0.06338624836616213,0.2857236882130022,10,DNA-binding protein VF530,0.23526835000000007,-1.1728,3.7665,24h_st,24h,st,1h_SI1,1h,SI1,4.9393,DNA-binding protein VF530
N900_RS08735,0.355322030505282,0.43348986518050114,0.6442044262584848,0.3862034052041739,0.355322030505282,PCA,-0.030881374698891906,-0.030881374698891906,0.047286459976327244,0.25800102105431094,10,VC_1099_BLAST,1.4695768333333334,-0.11238,4.8665,1h_SI8,1h,SI8,6h_SI2,6h,SI2,4.97888,VC_1099_BLAST
N900_RS08740,0.318033131158106,0.34987328567115894,0.43277708269993326,0.3619858930317525,0.318033131158106,PCA,-0.043952761873646495,-0.043952761873646495,-0.012112607360593552,0.07079118966818077,10,ackA_1,-0.7045559833333335,-3.0813,3.8427,6h_SI6,6h,SI6,1h_co,1h,co,6.9239999999999995,ackA_1
N900_RS08745,0.1678072283503133,0.1970445898047075,0.17378825189932146,0.11891409275513225,0.1678072283503133,PCA,0.04889313559518106,0.04889313559518106,0.07813049704957524,0.05487415914418921,10,pta,0.24079031666666667,-1.8472,2.6947,6h_SI9,6h,SI9,3h_SI8,3h,SI8,4.5419,pta
N900_RS08750,0.22379030532991404,0.2539449072027204,0.4819243515802429,0.2644981577112516,0.22379030532991404,PCA,-0.04070785238133759,-0.04070785238133759,-0.010553250508531231,0.21742619386899126,10,yqjG,0.5168482116666666,-0.75341,2.8985,3h_SI4,3h,SI4,6h_SI2,6h,SI2,3.65191,yqjG
N900_RS08755,0.18423340488878798,0.2664724757793586,0.3761935021249333,0.14817053716446274,0.18423340488878798,PCA,0.03606286772432524,0.03606286772432524,0.11830193861489588,0.22802296496047056,10,oppF_BLAST,1.2299719333333337,-0.32968,4.0274,6h_SI7,6h,SI7,12h_SI1,12h,SI1,4.35708,oppF_BLAST
N900_RS08760,0.42064595139353966,0.45615871797192187,0.7740946855734008,0.39706823073383346,0.42064595139353966,PCA,0.023577720659706203,0.023577720659706203,0.05909048723808841,0.3770264548395673,10,oppD_1,0.2910643383333334,-2.0246,5.3231,24h_SI9,24h,SI9,3h_st,3h,st,7.3477,oppD_1
N900_RS08765,0.3241489213840373,0.39484414984132343,0.5198409912033716,0.26822548630313575,0.3241489213840373,PCA,0.05592343508090153,0.05592343508090153,0.12661866353818768,0.2516155049002358,10,oppC,0.5122310366666667,-1.4689,4.2893,3h_SI9,3h,SI9,6h_ce,6h,ce,5.7582,oppC
N900_RS08770,0.31769027385232274,0.3185744328020747,0.5431365477145794,0.2280876992250682,0.31769027385232274,PCA,0.08960257462725454,0.08960257462725454,0.09048673357700651,0.3150488484895112,10,oppB,1.3456791666666668,-0.29756,4.8719,3h_ce,3h,ce,6h_st,6h,st,5.16946,oppB
N900_RS08775,0.13736362717976885,0.13396499381902188,0.19888840367810132,0.14259081365578175,0.13396499381902188,CP,-0.008625819836759863,-0.0052271864760128905,-0.008625819836759863,0.05629759002231957,10,oppA,2.95284145,-0.10759,7.5892,1h_SI6,1h,SI6,12h_st,12h,st,7.69679,oppA
N900_RS08780,0.18768103213304604,0.20404630403343296,0.3916257160966478,0.15651582062092814,0.18768103213304604,PCA,0.031165211512117902,0.031165211512117902,0.04753048341250482,0.23510989547571967,10,ptxB,0.66256585,-0.63502,4.0334,6h_ce,6h,ce,6h_st,6h,st,4.66842,ptxB
N900_RS08785,0.20211548404189428,0.2573973873004668,0.5021330749288954,0.2144808807104643,0.20211548404189428,PCA,-0.012365396668570033,-0.012365396668570033,0.042916506590002484,0.287652194218431,10,rcsC_5,0.6281418616666664,-0.85655,4.3508,6h_ce,6h,ce,12h_SI1,12h,SI1,5.20735,rcsC_5
N900_RS08790,0.4708525363435875,0.47162371744687615,0.8303093226468097,0.5000455800039,0.4708525363435875,PCA,-0.0291930436603125,-0.0291930436603125,-0.028421862557023836,0.3302637426429097,10,rcsC_6,1.4449898666666667,0.074042,5.074,6h_co,6h,co,3h_SI4,3h,SI4,4.9999579999999995,rcsC_6
N900_RS08795,0.48248220934745273,0.5378550403621145,0.7832981372734696,0.5420590677563025,0.48248220934745273,PCA,-0.0595768584088498,-0.0595768584088498,-0.004204027394188015,0.24123906951716712,10,rssB_2,-0.047727433333333354,-1.3163,4.3454,24h_st,24h,st,1h_ce,1h,ce,5.6617,rssB_2
N900_RS08800,0.1983092643221508,0.28016077573587767,0.42749790714020564,0.23018758265398415,0.1983092643221508,PCA,-0.031878318331833355,-0.031878318331833355,0.04997319308189352,0.1973103244862215,10,sasA_6,0.5828041483333333,-1.0086,3.84,3h_SI5,3h,SI5,3h_SI4,3h,SI4,4.848599999999999,sasA_6
N900_RS08805,0.3288619963365495,0.3946771214076647,0.7178042089149783,0.3053872445173969,0.3288619963365495,PCA,0.023474751819152595,0.023474751819152595,0.0892898768902678,0.4124169643975814,10,sasA_7,1.4949027333333333,-0.2666,6.6033,1h_SI9,1h,SI9,3h_SI3,3h,SI3,6.8699,sasA_7
N900_RS08810,0.8145777084319618,0.7644040971164882,0.9531783591307472,0.7524081761914762,0.7644040971164882,CP,0.011995920925012005,0.0621695322404856,0.011995920925012005,0.20077018293927107,10,CheC,0.45725183916666673,-1.4652,4.5253,6h_SI3,6h,SI3,6h_ce,6h,ce,5.9905,CheC
N900_RS08815,0.2599238809657302,0.3062962422568919,0.4844705464649813,0.2443630088673282,0.2599238809657302,PCA,0.015560872098402012,0.015560872098402012,0.06193323338956369,0.24010753759765308,10,cheY_4,1.28340545,-0.46735,5.1319,1h_SI4,1h,SI4,1h_ce,1h,ce,5.59925,cheY_4
N900_RS08820,0.2005118135713803,0.18481270829373042,0.3739472122732951,0.18210458930914175,0.18481270829373042,CP,0.00270811898458867,0.018407224262238536,0.00270811898458867,0.19184262296415333,10,response regulator,1.4910591166666667,-0.13847,4.7419,1h_SI6,1h,SI6,3h_SI4,3h,SI4,4.88037,response regulator
N900_RS08825,0.3004551960326157,0.2969688807351962,0.7024552730928629,0.3137539935589012,0.2969688807351962,CP,-0.01678511282370504,-0.013298797526285489,-0.01678511282370504,0.3887012795339617,10,sensor histidine kinase_3,1.2548462616666667,-0.54419,7.1778,1h_SI2,1h,SI2,3h_SI1,3h,SI1,7.72199,sensor histidine kinase_3
N900_RS08830,0.3642270971323894,0.4102823470310766,0.5763139486044367,0.3993326174999643,0.3642270971323894,PCA,-0.035105520367574916,-0.035105520367574916,0.010949729531112284,0.17698133110447245,10,ywlC,-0.23810058333333334,-1.4664,3.9415,24h_co,24h,co,3h_SI4,3h,SI4,5.4079,ywlC
N900_RS08840,0.5833894663351276,0.6228649846359082,0.7613455428749486,0.607053909987266,0.5833894663351276,PCA,-0.02366444365213849,-0.02366444365213849,0.015811074648642176,0.15429163288768255,10,N900_RS08840,0.5207524566666668,-1.1767,4.0777,6h_SI3,6h,SI3,1h_ce,1h,ce,5.2544,N900_RS08840
N900_RS08845,0.3087026124961088,0.3048392088319014,0.5859304489498862,0.32427578020039155,0.3048392088319014,CP,-0.01943657136849014,-0.015573167704282742,-0.01943657136849014,0.26165466874949467,10,araC_1,1.0818495788333335,-0.52706,4.3304,3h_st,3h,st,3h_SI1,3h,SI1,4.85746,araC_1
N900_RS08850,0.3455866820658846,0.3663689572661815,0.5231473176621361,0.2996058492274665,0.3455866820658846,PCA,0.045980832838418084,0.045980832838418084,0.06676310803871499,0.22354146843466954,10,YbhB/YbcL family Raf kinase inhibitor-like protein,0.4314512166666667,-1.1824,4.1588,3h_SI7,3h,SI7,1h_st,1h,st,5.341200000000001,YbhB/YbcL family Raf kinase inhibitor-like protein
N900_RS08855,0.4034834883622647,0.3204598776944441,0.5133499717130177,0.3079052074327896,0.3204598776944441,CP,0.012554670261654521,0.09557828092947512,0.012554670261654521,0.20544476428022806,10,CPBP family intramembrane metalloprotease,0.846539735,-0.70561,3.7285,6h_SI1,6h,SI1,1h_st,1h,st,4.4341099999999996,CPBP family intramembrane metalloprotease
N900_RS08860,0.5035919828522251,0.4961322950103924,0.7080168816088347,0.35128055510067807,0.4961322950103924,CP,0.14485173990971434,0.152311427751547,0.14485173990971434,0.3567363265081566,10,chitinase_1,0.8096727650000002,-0.78026,4.6694,6h_st,6h,st,6h_ce,6h,ce,5.449660000000001,chitinase_1
N900_RS08865,0.3607576661337456,0.36232634450452395,0.5712684656060355,0.21949833523684445,0.3607576661337456,PCA,0.14125933089690115,0.14125933089690115,0.1428280092676795,0.351770130369191,10,arsJ,0.6608099164999999,-0.65336,3.0948,12h_st,12h,st,6h_st,6h,st,3.7481600000000004,arsJ
N900_RS08870,0.18127750102276527,0.17135458683457092,0.3288753227903972,0.13993323055765125,0.17135458683457092,CP,0.031421356276919665,0.04134427046511402,0.031421356276919665,0.18894209223274597,10,phosphatase,1.4516373000000005,-0.38347,5.7003,1h_SI8,1h,SI8,3h_st,3h,st,6.08377,phosphatase
N900_RS08875,0.2534198444793568,0.19769186203560773,0.36774621548628755,0.17202838377885385,0.19769186203560773,CP,0.025663478256753885,0.08139146070050293,0.025663478256753885,0.1957178317074337,10,gap3,1.1607522616666661,-0.054313,3.5114,3h_st,3h,st,1h_st,1h,st,3.565713,gap3
N900_RS08880,0.16461546414551012,0.2290751257112111,0.5270643577244046,0.20326501540886,0.16461546414551012,PCA,-0.038649551263349874,-0.038649551263349874,0.025810110302351114,0.32379934231554464,10,arsR1,0.29857039999999996,-1.0162,3.9122,3h_SI4,3h,SI4,1h_SI1,1h,SI1,4.9284,arsR1
N900_RS08885,0.40900113619908485,0.3769382919119279,0.7222024555591088,0.28982453696858884,0.3769382919119279,CP,0.08711375494333906,0.119176599230496,0.08711375494333906,0.43237791859051994,10,N900_RS08885,0.7759775166666666,-0.76891,4.2883,6h_SI4,6h,SI4,12h_SI1,12h,SI1,5.0572099999999995,N900_RS08885
N900_RS08890,0.14404947653682493,0.2575605520450885,0.4088810598217869,0.16707731826561487,0.14404947653682493,PCA,-0.02302784172878994,-0.02302784172878994,0.09048323377947362,0.24180374155617204,10,N900_RS08890,0.42982405833333337,-1.2194,3.4851,1h_SI5,1h,SI5,3h_st,3h,st,4.7045,N900_RS08890
N900_RS08895,0.31171969652480175,0.3090214492264448,0.6151771848633044,0.24117910470327514,0.3090214492264448,CP,0.06784234452316967,0.07054059182152661,0.06784234452316967,0.3739980801600293,10,A79_1377_BLAST,1.25720785,-0.35034,4.8847,6h_SI4,6h,SI4,3h_SI3,3h,SI3,5.23504,A79_1377_BLAST
N900_RS08900,0.27148368656385585,0.3763813385644036,0.4852996392018844,0.2884884346482693,0.27148368656385585,PCA,-0.017004748084413435,-0.017004748084413435,0.0878929039161343,0.19681120455361512,10,lipoprotein-related protein,0.16803560999999997,-1.522,2.7288,6h_SI1,6h,SI1,3h_SI3,3h,SI3,4.2508,lipoprotein-related protein
N900_RS08905,0.28539426806039514,0.28561239989806797,0.4185073582060674,0.21932943063069238,0.28539426806039514,PCA,0.06606483742970276,0.06606483742970276,0.06628296926737559,0.199177927575375,10,tesB,0.871353565,-0.44181,3.7339,3h_co,3h,co,3h_SI3,3h,SI3,4.1757100000000005,tesB
N900_RS08910,0.4282369673830775,0.508931538016292,0.5632684220372671,0.38721304065739387,0.4282369673830775,PCA,0.04102392672568361,0.04102392672568361,0.12171849735889811,0.17605538137987325,10,decR,0.8326714250000001,-0.56016,3.9665,1h_co,1h,co,12h_st,12h,st,4.52666,decR
N900_RS08915,0.2645373199854133,0.3077577030845008,0.44205881717851103,0.20073817179437692,0.2645373199854133,PCA,0.06379914819103638,0.06379914819103638,0.10701953129012387,0.2413206453841341,10,sbnA,0.6374782833333332,-1.1821,3.7851,12h_SI8,12h,SI8,3h_SI2,3h,SI2,4.9672,sbnA
N900_RS08920,0.3935096392543819,0.42194661152493207,0.4419827391620409,0.41099734265178955,0.3935096392543819,PCA,-0.017487703397407628,-0.017487703397407628,0.010949268873142515,0.03098539651025134,10,sohB,1.35045755,-0.28364,4.8988,1h_st,1h,st,6h_SI2,6h,SI2,5.18244,sohB
N900_RS08925,0.4613130099050359,0.5528047383988366,0.7049538886079253,0.3564456628022889,0.4613130099050359,PCA,0.10486734710274698,0.10486734710274698,0.1963590755965477,0.3485082258056364,10,ycik,0.7956472499999999,-0.69664,4.4472,6h_SI1,6h,SI1,12h_SI1,12h,SI1,5.14384,ycik
N900_RS08935,0.4332609266059658,0.3497069389222336,0.7573425056043597,0.4252003843209144,0.3497069389222336,CP,-0.0754934453986808,0.00806054228505143,-0.0754934453986808,0.3321421212834453,10,ykgj,0.10174170000000003,-1.4447,4.9711,6h_SI2,6h,SI2,3h_st,3h,st,6.4158,ykgj
N900_RS08940,0.3421106408837738,0.31482322394659856,0.6472833736093371,0.4688221125494584,0.31482322394659856,CP,-0.15399888860285982,-0.12671147166568458,-0.15399888860285982,0.1784612610598787,10,recR,0.8771481383333336,-1.1928,4.18,6h_co,6h,co,3h_st,3h,st,5.3728,recR
N900_RS08945,0.5698929612898224,0.5592078131849132,0.7483926901850374,0.5707431789840062,0.5592078131849132,CP,-0.011535365799092978,-0.000850217694183808,-0.011535365799092978,0.17764951120103123,10,ybab,1.1653916,-0.31074,5.2253,3h_co,3h,co,3h_SI2,3h,SI2,5.53604,ybab
N900_RS08955,0.3773440926183186,0.4193942523363442,0.6424365562731723,0.269332406258004,0.3773440926183186,PCA,0.10801168636031461,0.10801168636031461,0.15006184607834022,0.37310415001516833,10,apt,0.73947355,-0.41297,4.6686,3h_SI3,3h,SI3,12h_st,12h,st,5.081569999999999,apt
N900_RS08960,0.3424889287743017,0.40211846721758343,0.6914497762340066,0.44066099252289564,0.3424889287743017,PCA,-0.09817206374859394,-0.09817206374859394,-0.038542525305312214,0.25078878371111096,10,ybaN,1.7940748166666667,-0.60866,5.8689,1h_SI7,1h,SI7,3h_SI2,3h,SI2,6.47756,ybaN
N900_RS08970,0.23504248898113542,0.2820104547226757,0.43070893570246227,0.24279066175491426,0.23504248898113542,PCA,-0.007748172773778844,-0.007748172773778844,0.03921979296776146,0.187918273947548,10,response regulator_2,1.5642444166666667,-0.41724,4.9494,1h_SI5,1h,SI5,3h_SI2,3h,SI2,5.366639999999999,response regulator_2
N900_RS08975,0.37019524764295814,0.40959091822745425,0.4340805468660088,0.3427014876246907,0.37019524764295814,PCA,0.02749376001826742,0.02749376001826742,0.06688943060276353,0.09137905924131806,10,LysR family transcriptional regulator_4,0.012193816666666642,-3.8853,5.0748,6h_SI8,6h,SI8,1h_st,1h,st,8.9601,LysR family transcriptional regulator_4
N900_RS08980,0.3849185073747889,0.4098563535413204,0.5199100541120986,0.34851714552959295,0.3849185073747889,PCA,0.036401361845195934,0.036401361845195934,0.06133920801172743,0.1713929085825056,10,ydjA,1.1543330666666667,-0.50706,4.5639,6h_SI4,6h,SI4,12h_SI1,12h,SI1,5.07096,ydjA
N900_RS08985,0.21463247387315523,0.27739299586382343,0.3328276878248504,0.19952553984162152,0.21463247387315523,PCA,0.015106934031533709,0.015106934031533709,0.07786745602220191,0.13330214798322887,10,fadJ,0.7636433116666667,-0.67914,3.6194,24h_SI7,24h,SI7,3h_st,3h,st,4.29854,fadJ
N900_RS08990,0.11344185797943136,0.10482488545477371,0.2357649847067584,0.1003289183821789,0.10482488545477371,CP,0.004495967072594809,0.01311293959725246,0.004495967072594809,0.1354360663245795,10,fadI,1.1746548833333335,-0.34112,4.055,1h_SI4,1h,SI4,6h_SI2,6h,SI2,4.39612,fadI
N900_RS08995,0.8206184884793651,0.7280268302278553,0.953342559274092,0.869291726304572,0.7280268302278553,CP,-0.14126489607671666,-0.04867323782520683,-0.14126489607671666,0.08405083296951998,10,Pseudogene_N900_RS08995,0.2619878233333333,-1.9625,4.6057,3h_SI7,3h,SI7,6h_SI1,6h,SI1,6.568199999999999,Pseudogene_N900_RS08995
N900_RS09000,0.2504234325722685,0.20922733024780596,0.34416350861420564,0.21477192424156424,0.20922733024780596,CP,-0.0055445939937582844,0.03565150833070427,-0.0055445939937582844,0.1293915843726414,10,RNA polymerase sigma factor,0.2922076666666667,-1.3094,3.0257,6h_SI7,6h,SI7,1h_st,1h,st,4.3351,RNA polymerase sigma factor
N900_RS09005,0.1644562403060548,0.2019190510233532,0.427797751144949,0.18251956701472935,0.1644562403060548,PCA,-0.018063326708674554,-0.018063326708674554,0.019399484008623846,0.24527818413021965,10,N900_RS09005,1.1906282166666668,-0.76654,4.7378,12h_SI4,12h,SI4,3h_SI5,3h,SI5,5.50434,N900_RS09005
N900_RS09010,0.27010087232072727,0.2548065420466937,0.3809879664608314,0.3263402990665641,0.2548065420466937,CP,-0.07153375701987041,-0.05623942674583682,-0.07153375701987041,0.054647667394267296,10,fadL,0.8474407583333334,-0.88769,2.9122,12h_co,12h,co,12h_SI3,12h,SI3,3.79989,fadL
N900_RS09015,0.19430000280519533,0.2209805863178252,0.4541618955092247,0.2978961399334767,0.19430000280519533,PCA,-0.10359613712828136,-0.10359613712828136,-0.0769155536156515,0.156265755575748,10,aromatic hydrocarbon degradation protein,1.217763183333333,-0.16396,5.5034,1h_SI9,1h,SI9,6h_st,6h,st,5.66736,aromatic hydrocarbon degradation protein
N900_RS09020,0.3517803609915618,0.41157922427938437,0.5605790855796869,0.252309360628519,0.3517803609915618,PCA,0.0994710003630428,0.0994710003630428,0.15926986365086537,0.30826972495116794,10,low molecular weight phosphotyrosine protein phosphatase_2,1.0771236283333334,-0.82125,4.5852,6h_SI1,6h,SI1,1h_ce,1h,ce,5.40645,low molecular weight phosphotyrosine protein phosphatase_2
N900_RS09025,0.20065508485005548,0.2545301889291145,0.5062621696227869,0.16019123438339286,0.20065508485005548,PCA,0.04046385046666262,0.04046385046666262,0.09433895454572164,0.34607093523939403,10,cobO,0.8866571166666667,-0.62091,3.7663,3h_st,3h,st,6h_st,6h,st,4.3872100000000005,cobO
N900_RS09030,0.29891793603199596,0.47225168216473473,0.7010294501980756,0.2831294165858524,0.29891793603199596,PCA,0.015788519446143567,0.015788519446143567,0.18912226557888234,0.4179000336122232,10,asma_1,0.21952596666666668,-1.3077,4.4124,12h_SI1,12h,SI1,6h_st,6h,st,5.7201,asma_1
N900_RS09035,0.36323891821902543,0.41990358509893055,0.5486850324935919,0.43429392881087625,0.36323891821902543,PCA,-0.07105501059185082,-0.07105501059185082,-0.014390343711945697,0.11439110368271566,10,udk,-0.137756565,-1.9188,3.0021,1h_SI6,1h,SI6,6h_st,6h,st,4.9209,udk
N900_RS09040,0.4220349128921165,0.37597200303549294,0.5749522830943741,0.42504126860694863,0.37597200303549294,CP,-0.04906926557145569,-0.003006355714832154,-0.04906926557145569,0.14991101448742544,10,N900_RS09040,-0.004128316666666676,-1.428,4.5552,6h_SI9,6h,SI9,12h_SI1,12h,SI1,5.9832,N900_RS09040
N900_RS09045,0.3176499244261091,0.3334481198909387,0.5186191682281288,0.3104369924854595,0.3176499244261091,PCA,0.007212931940649647,0.007212931940649647,0.023011127405479226,0.20818217574266934,10,apbC,0.8032064833333333,-0.52816,4.7821,6h_ce,6h,ce,3h_st,3h,st,5.3102599999999995,apbC
N900_RS09055,0.2662602792537849,0.3201807717568624,0.5948779528862347,0.28327991276007025,0.2662602792537849,PCA,-0.017019633506285325,-0.017019633506285325,0.03690085899679213,0.31159804012616443,10,N900_RS09055,0.6217690166666666,-0.63272,3.2282,6h_co,6h,co,6h_SI2,6h,SI2,3.86092,N900_RS09055
N900_RS09060,0.4529436369163565,0.4974765173583037,0.7771728910096519,0.5174233193922148,0.4529436369163565,PCA,-0.06447968247585828,-0.06447968247585828,-0.019946802033911026,0.25974957161743717,10,udp_1,1.1635346733333334,-1.1134,4.9521,1h_SI7,1h,SI7,12h_SI3,12h,SI3,6.0655,udp_1
N900_RS09065,0.36646257750522193,0.3707646895060889,0.4327758550196371,0.2787901021559189,0.36646257750522193,PCA,0.08767247534930306,0.08767247534930306,0.09197458735017,0.15398575286371824,10,zntA,4.28393,1.3231,6.9478,24h_co,24h,co,3h_SI1,3h,SI1,5.6247,zntA
N900_RS09070,0.5204842737545314,0.5665705304042686,0.6796793596012674,0.3939325003375995,0.5204842737545314,PCA,0.1265517734169319,0.1265517734169319,0.1726380300666691,0.28574685926366783,10,N900_RS09070,0.04431866666666666,-1.5316,2.9836,6h_SI1,6h,SI1,6h_ce,6h,ce,4.5152,N900_RS09070
N900_RS09075,0.3604605418037998,0.3557153105698592,0.5874916325879607,0.326369576715406,0.3557153105698592,CP,0.029345733854453215,0.03409096508839382,0.029345733854453215,0.26112205587255466,10,inosine monophosphate dehydrogenase-related protein,1.2868885666666663,-0.28471,6.1714,3h_SI1,3h,SI1,3h_st,3h,st,6.456110000000001,inosine monophosphate dehydrogenase-related protein
N900_RS09080,0.37975163671384415,0.43276863059317805,0.7151216202385312,0.46952857320747304,0.37975163671384415,PCA,-0.08977693649362889,-0.08977693649362889,-0.036759942614294994,0.24559304703105816,10,N900_RS09080,0.1564438301666667,-1.6176,4.073,6h_SI2,6h,SI2,3h_SI2,3h,SI2,5.6906,N900_RS09080
N900_RS09085,0.44940763705153514,0.39203788949873547,0.49955890643977846,0.3334841791334745,0.39203788949873547,CP,0.05855371036526097,0.11592345791806064,0.05855371036526097,0.16607472730630396,10,moaE,0.46292403333333326,-1.2041,4.2027,6h_SI4,6h,SI4,6h_SI2,6h,SI2,5.4068000000000005,moaE
N900_RS09090,0.2595791636578778,0.32783863329591756,0.6580721534030732,0.18906376624317317,0.2595791636578778,PCA,0.07051539741470464,0.07051539741470464,0.1387748670527444,0.46900838715990006,10,moaD,0.05229599999999999,-1.4129,2.6728,1h_SI3,1h,SI3,12h_SI1,12h,SI1,4.0857,moaD
N900_RS09095,0.7685398915207353,0.8491959503959599,0.9148551190311963,0.7659269618947417,0.7685398915207353,PCA,0.0026129296259935764,0.0026129296259935764,0.08326898850121811,0.14892815713645458,10,moaC,1.8227353833333337,-1.3039,6.0757,1h_SI5,1h,SI5,24h_st,24h,st,7.3796,moaC
N900_RS09100,0.5590399371657644,0.47414253025642533,0.9405458118414347,0.46444755048341874,0.47414253025642533,CP,0.009694979773006596,0.09459238668234565,0.009694979773006596,0.476098261358016,10,moaB,0.8524573751666666,-0.92419,3.5174,1h_SI2,1h,SI2,3h_SI1,3h,SI1,4.44159,moaB
N900_RS09105,0.136401599352674,0.16360725720808172,0.37602250113374086,0.1077737781231391,0.136401599352674,PCA,0.028627821229534917,0.028627821229534917,0.05583347908494263,0.26824872301060176,10,moaA,1.4470726866666666,-0.07555,6.465,1h_SI4,1h,SI4,6h_st,6h,st,6.54055,moaA
N900_RS09110,0.24924701605832003,0.3184011573362306,0.5146112658469166,0.23117486292393893,0.24924701605832003,PCA,0.018072153134381097,0.018072153134381097,0.08722629441229166,0.28343640292297767,10,ybhK,1.0236163666666667,-0.76015,5.5315,12h_SI1,12h,SI1,3h_SI2,3h,SI2,6.291650000000001,ybhK
N900_RS09115,0.5699103724258571,0.5830677015779105,0.6993949882251508,0.5900252203435401,0.5699103724258571,PCA,-0.020114847917683032,-0.020114847917683032,-0.006957518765629556,0.10936976788161068,10,luxu,-0.18171271333333333,-3.8606,5.0892,12h_SI8,12h,SI8,6h_SI2,6h,SI2,8.9498,luxu
N900_RS09120,0.6102829292634995,0.711006926913561,0.6663258701908858,0.5028757322719597,0.6102829292634995,PCA,0.10740719699153978,0.10740719699153978,0.20813119464160135,0.16345013791892615,10,luxO_BLAST,-1.3439629666666666,-4.6955,0.11287,12h_SI8,12h,SI8,3h_SI9,3h,SI9,4.80837,luxO_BLAST
N900_RS09125,0.5680961536004738,0.7201404670935413,0.7863335597919494,0.5478565142432024,0.5680961536004738,PCA,0.020239639357271466,0.020239639357271466,0.17228395285033893,0.23847704554874705,10,N900_RS09125,-0.3868947466666666,-3.0679,2.634,3h_SI9,3h,SI9,3h_SI3,3h,SI3,5.7019,N900_RS09125
N900_RS09130,0.24938914141408164,0.2551243080021787,0.3583083381523495,0.25293356788534666,0.24938914141408164,PCA,-0.0035444264712650164,-0.0035444264712650164,0.0021907401168320684,0.10537477026700287,10,uvrB,0.5743209,-1.2042,3.4819,3h_co,3h,co,3h_st,3h,st,4.6861,uvrB
N900_RS09170,0.34452597301955795,0.35227589477057714,0.7239495486461756,0.4404278064899432,0.34452597301955795,PCA,-0.09590183347038522,-0.09590183347038522,-0.08815191171936604,0.2835217421562324,10,nth,0.27437863333333323,-1.2229,4.2198,6h_SI1,6h,SI1,3h_SI1,3h,SI1,5.4427,nth
N900_RS09175,0.5328899311193339,0.517302207718457,0.7788088647610912,0.5322060039597657,0.517302207718457,CP,-0.014903796241308664,0.0006839271595682206,-0.014903796241308664,0.24660286080132554,10,gloA,-0.10882193333333334,-1.6775,3.5179,12h_SI1,12h,SI1,6h_SI3,6h,SI3,5.1954,gloA
N900_RS09180,0.2190766768309603,0.29580273210529223,0.4658134034182291,0.2722185204785211,0.2190766768309603,PCA,-0.05314184364756078,-0.05314184364756078,0.023584211626771157,0.193594882939708,10,VP2110_BLAST,-0.04069886666666666,-1.365,3.3617,3h_SI2,3h,SI2,1h_ce,1h,ce,4.7267,VP2110_BLAST
N900_RS09185,0.2511683538218515,0.3226024985897874,0.3253773670751732,0.208492727359718,0.2511683538218515,PCA,0.04267562646213349,0.04267562646213349,0.1141097712300694,0.11688463971545518,10,motY,-0.6503969499999999,-2.4553,2.6154,24h_SI1,24h,SI1,3h_SI7,3h,SI7,5.0707,motY
N900_RS09195,0.5658796126179939,0.5729237864911709,0.9165025693799211,0.580057054937856,0.5658796126179939,PCA,-0.014177442319862066,-0.014177442319862066,-0.007133268446685048,0.33644551444206516,10,ribonuclease T,0.5439541,-2.0486,5.2082,1h_SI2,1h,SI2,3h_SI1,3h,SI1,7.2568,ribonuclease T
N900_RS09200,0.19681800458995413,0.23597051346905387,0.2667933501802435,0.1616105797960831,0.19681800458995413,PCA,0.03520742479387104,0.03520742479387104,0.07435993367297078,0.10518277038416043,10,yuiF,2.063312333333333,0.60393,5.3073,6h_co,6h,co,6h_SI4,6h,SI4,4.70337,yuiF
N900_RS09205,0.14709451282579009,0.16821147201866968,0.2576506674048547,0.08786107859246621,0.14709451282579009,PCA,0.059233434233323876,0.059233434233323876,0.08035039342620347,0.16978958881238848,10,purF,-2.03226245,-5.1351,2.6569,12h_SI6,12h,SI6,1h_st,1h,st,7.792,purF
N900_RS09210,0.2578261246162988,0.2655428351958233,0.39997737296186475,0.22272164194126495,0.2578261246162988,PCA,0.03510448267503383,0.03510448267503383,0.042821193254558326,0.1772557310205998,10,cvpA,-2.3630791666666666,-5.6924,2.1232,12h_SI6,12h,SI6,3h_st,3h,st,7.8156,cvpA
N900_RS09215,0.3161866902933488,0.40910118840559695,0.7422223482889426,0.3229673550026817,0.3161866902933488,PCA,-0.0067806647093329175,-0.0067806647093329175,0.08613383340291525,0.4192549932862609,10,dedD,-0.24032725,-2.9229,4.6611,3h_SI9,3h,SI9,3h_SI2,3h,SI2,7.584,dedD
N900_RS09230,0.08350984933596807,0.12299323392725497,0.17424295727897637,0.11065512955002127,0.08350984933596807,PCA,-0.0271452802140532,-0.0271452802140532,0.012338104377233705,0.0635878277289551,10,truA,1.0683384833333336,-0.54901,4.9614,6h_SI6,6h,SI6,6h_st,6h,st,5.51041,truA
N900_RS09235,0.2740812845449863,0.29735441095372267,0.5362494290549116,0.32337987570304616,0.2740812845449863,PCA,-0.049298591158059846,-0.049298591158059846,-0.02602546474932349,0.21286955335186541,10,Pseudogene_N900_RS09235,1.5587530166666668,-1.072,5.6288,6h_SI7,6h,SI7,12h_SI1,12h,SI1,6.7008,Pseudogene_N900_RS09235
N900_RS09245,0.31389997568202227,0.3737162767185003,0.552918999544024,0.31351643027085085,0.31389997568202227,PCA,0.0003835454111714154,0.0003835454111714154,0.06019984644764942,0.23940256927317316,10,nagE,0.9901876266666666,-0.44432,4.3375,12h_st,12h,st,6h_SI1,6h,SI1,4.781820000000001,nagE
N900_RS09250,0.7573015208879667,0.743200041921878,1.061354090382419,0.6330853630988716,0.743200041921878,CP,0.1101146788230064,0.124216157789095,0.1101146788230064,0.42826872728354737,10,nagA_1,0.3435591,-1.212,3.4747,1h_SI1,1h,SI1,6h_SI4,6h,SI4,4.6867,nagA_1
N900_RS09255,0.4094572746101765,0.563753020701122,0.662523321237164,0.26172037667770615,0.4094572746101765,PCA,0.14773689793247036,0.14773689793247036,0.30203264402341584,0.4008029445594578,10,nagC,1.25382715,-0.71136,5.7062,1h_SI5,1h,SI5,3h_SI4,3h,SI4,6.41756,nagC
N900_RS09260,0.2453811047409943,0.33207901646296745,0.5840230051224174,0.25268383069054584,0.2453811047409943,PCA,-0.007302725949551531,-0.007302725949551531,0.0793951857724216,0.3313391744318716,10,ybaL,1.2450766500000001,-0.28419,5.2044,6h_SI4,6h,SI4,3h_SI1,3h,SI1,5.488589999999999,ybaL
N900_RS09265,0.3407128506923674,0.4328140501903235,0.5193843684852716,0.365433491253266,0.3407128506923674,PCA,-0.02472064056089862,-0.02472064056089862,0.06738055893705747,0.15395087723200557,10,asnB,0.6980691485166667,-0.7822,3.1926,3h_SI3,3h,SI3,12h_st,12h,st,3.9748,asnB
N900_RS09270,0.31783000547029233,0.15274118897588773,0.638819002431858,0.42418621027751224,0.15274118897588773,CP,-0.2714450213016245,-0.10635620480721991,-0.2714450213016245,0.21463279215434572,10,rfaH,-0.7288724383333334,-4.1108,2.231,3h_SI9,3h,SI9,6h_SI4,6h,SI4,6.3418,rfaH
N900_RS09275,0.41997522614991367,0.47856726834893204,0.6050493385540909,0.46203844680177286,0.41997522614991367,PCA,-0.04206322065185919,-0.04206322065185919,0.016528821547159178,0.14301089175231807,10,dtpA,0.3915716333333334,-1.3379,3.0471,6h_SI2,6h,SI2,1h_st,1h,st,4.385,dtpA
N900_RS09290,0.16954859744839196,0.16101867450014368,0.33257235517513806,0.11227020096733042,0.16101867450014368,CP,0.04874847353281325,0.05727839648106153,0.04874847353281325,0.22030215420780763,10,htpG,1.522672166666667,-0.047813,5.2158,6h_SI7,6h,SI7,6h_st,6h,st,5.263612999999999,htpG
N900_RS09295,0.21955417296609223,0.3593913470185495,0.349738336324847,0.23867373061687133,0.21955417296609223,PCA,-0.019119557650779107,-0.019119557650779107,0.12071761640167819,0.11106460570797569,10,toxR_BLAST,-1.2760801616666668,-3.7391,2.7871,12h_SI7,12h,SI7,3h_SI4,3h,SI4,6.5262,toxR_BLAST
N900_RS09300,0.39289806643681857,0.4414463199799721,0.5385416625100821,0.4144710940211728,0.39289806643681857,PCA,-0.021573027584354254,-0.021573027584354254,0.026975225958799254,0.12407056848890924,10,toxS,-1.2785576833333334,-4.4588,2.8561,12h_SI8,12h,SI8,3h_SI5,3h,SI5,7.3149,toxS
N900_RS09305,0.1312539435604986,0.14752081322896274,0.39243195305837636,0.12146019946823478,0.1312539435604986,PCA,0.009793744092263829,0.009793744092263829,0.026060613760727963,0.2709717535901416,10,selenoprotein W-related protein,1.12137295,-0.48067,4.2561,3h_SI2,3h,SI2,6h_SI2,6h,SI2,4.73677,selenoprotein W-related protein
N900_RS09310,0.3946135767810042,0.3106137486007162,0.4853828308301947,0.3462823541601122,0.3106137486007162,CP,-0.035668605559395994,0.04833122262089201,-0.035668605559395994,0.13910047667008246,10,phosphodiesterase,1.0588239531666668,-0.51408,3.5248,6h_st,6h,st,12h_st,12h,st,4.03888,phosphodiesterase
N900_RS09315,0.4818116457488824,0.37775644607911746,0.5586610530972428,0.4387289805867242,0.37775644607911746,CP,-0.06097253450760676,0.043082665162158196,-0.06097253450760676,0.11993207251051857,10,yfcH,0.796196615,-0.64839,4.5972,3h_ce,3h,ce,1h_ce,1h,ce,5.24559,yfcH
N900_RS09320,0.129256751704917,0.1501263305987545,0.19603492744187742,0.11038138522613188,0.129256751704917,PCA,0.018875366478785113,0.018875366478785113,0.03974494537262262,0.08565354221574555,10,ybbO,1.4145935333333335,-0.21163,4.0732,1h_SI8,1h,SI8,6h_SI4,6h,SI4,4.28483,ybbO
N900_RS09325,0.9747164029633513,0.8917626089669235,1.0349295369370148,0.9156222897667898,0.8917626089669235,CP,-0.023859680799866334,0.05909411319656144,-0.023859680799866334,0.119307247170225,10,YbbN,0.17200786666666668,-2.3619,2.1761,12h_SI8,12h,SI8,1h_ce,1h,ce,4.538,YbbN
N900_RS09330,0.6055760223691617,0.6464391540981791,0.8380244850534466,0.6047397229838053,0.6055760223691617,PCA,0.0008362993853564538,0.0008362993853564538,0.0416994311143738,0.23328476206964133,10,qmcA,0.617607355,-0.69117,3.6309,6h_SI3,6h,SI3,6h_SI1,6h,SI1,4.32207,qmcA
N900_RS09335,0.7119723171798037,0.7649580918949342,0.9795141518914626,0.8696180966690482,0.7119723171798037,PCA,-0.15764577948924452,-0.15764577948924452,-0.10466000477411397,0.10989605522241441,10,ybbJ,0.13872095,-2.6107,3.365,6h_SI5,6h,SI5,6h_SI4,6h,SI4,5.9757,ybbJ
N900_RS09340,0.6928449717763795,0.6695709391599614,0.7626178270264893,0.6425669131086355,0.6695709391599614,CP,0.027004026051325902,0.05027805866774404,0.027004026051325902,0.12005091391785383,10,cueR,-0.9154054500000001,-2.4373,2.6155,3h_SI6,3h,SI6,12h_SI3,12h,SI3,5.0527999999999995,cueR
N900_RS09345,0.37612887688977353,0.48062294577439973,0.6225706222467488,0.38642670673144214,0.37612887688977353,PCA,-0.010297829841668604,-0.010297829841668604,0.0941962390429576,0.2361439155153066,10,N900_RS09345,0.17682144999999996,-1.1808,3.3853,24h_st,24h,st,1h_SI1,1h,SI1,4.5661000000000005,N900_RS09345
N900_RS09350,0.386765782504657,0.4241705282171486,0.735278907352732,0.30466489322306656,0.386765782504657,PCA,0.08210088928159043,0.08210088928159043,0.11950563499408207,0.4306140141296655,10,chiP,0.8542988833333333,-1.0059,4.6052,12h_SI1,12h,SI1,3h_SI1,3h,SI1,5.6111,chiP
N900_RS09365,0.2031908622294839,0.26887892421481274,0.4051967813503101,0.20877577586293578,0.2031908622294839,PCA,-0.005584913633451871,-0.005584913633451871,0.06010314835187697,0.19642100548737434,10,cysZ,0.807691875,-0.47829,4.5662,6h_SI8,6h,SI8,3h_st,3h,st,5.044490000000001,cysZ
N900_RS09370,0.15719218535278293,0.1921112284311925,0.3637515699592971,0.1495306543811655,0.15719218535278293,PCA,0.007661530971617425,0.007661530971617425,0.04258057405002699,0.21422091557813158,10,cysK,1.571828383333333,-0.26076,5.7621,1h_SI6,1h,SI6,3h_SI4,3h,SI4,6.0228600000000005,cysK
N900_RS09375,0.4083110165706255,0.5588014302123846,0.6643312760134775,0.42986495431805927,0.4083110165706255,PCA,-0.02155393774743375,-0.02155393774743375,0.12893647589432533,0.23446632169541826,10,N900_RS09375,0.4836263499999999,-2.184,4.0573,1h_SI2,1h,SI2,3h_SI4,3h,SI4,6.2413,N900_RS09375
N900_RS09380,0.4530343181474617,0.4656389441359189,0.48062091173886495,0.460433905175216,0.4530343181474617,PCA,-0.007399587027754284,-0.007399587027754284,0.005205038960702901,0.020187006563648968,10,ptsH,0.5671032,-1.2857,3.9768,6h_ce,6h,ce,12h_SI2,12h,SI2,5.2625,ptsH
N900_RS09385,0.5685123131735647,0.5707769465404208,0.6474454085825143,0.3841923018716003,0.5685123131735647,PCA,0.18432001130196435,0.18432001130196435,0.18658464466882047,0.263253106710914,10,ptsI,0.24533666666666665,-1.7399,4.4994,1h_SI4,1h,SI4,6h_ce,6h,ce,6.2393,ptsI
N900_RS09390,0.47376410972407135,0.4443148101978455,0.6181866792373029,0.4875552356373188,0.4443148101978455,CP,-0.04324042543947326,-0.013791125913247437,-0.04324042543947326,0.13063144359998408,10,crr,0.4001859166666667,-2.5399,7.5507,1h_SI6,1h,SI6,6h_SI2,6h,SI2,10.0906,crr
N900_RS09400,0.37302419642566054,0.35965085630849,0.7216917514114811,0.45438226735796117,0.35965085630849,CP,-0.09473141104947119,-0.08135807093230063,-0.09473141104947119,0.26730948405351995,10,miaB,0.8828023166666665,-0.60496,4.8641,6h_SI4,6h,SI4,3h_st,3h,st,5.46906,miaB
N900_RS09405,0.5532056881128461,0.5885070049399569,0.6265194441731968,0.4713814179691442,0.5532056881128461,PCA,0.08182427014370192,0.08182427014370192,0.11712558697081271,0.15513802620405265,10,ybeZ,-0.2893976666666667,-2.9766,4.9254,1h_SI5,1h,SI5,3h_SI8,3h,SI8,7.901999999999999,ybeZ
N900_RS09410,0.09313174670234604,0.14848550739419497,0.13448647190497381,0.016523644717705864,0.09313174670234604,PCA,0.07660810198464019,0.07660810198464019,0.1319618626764891,0.11796282718726794,10,ybeY,1.8224785333333335,-0.061048,4.1454,6h_SI9,6h,SI9,1h_st,1h,st,4.206448000000001,ybeY
N900_RS09415,0.31028384378327467,0.32880294613614713,0.4835541611773305,0.4449091651782483,0.31028384378327467,PCA,-0.13462532139497363,-0.13462532139497363,-0.11610621904210117,0.03864499599908222,10,corc,0.22945046666666663,-3.4408,4.4363,12h_SI7,12h,SI7,3h_SI1,3h,SI1,7.8771,corc
N900_RS09420,0.10819558660270459,0.16654728843726171,0.14030036105909627,0.04609495189523955,0.10819558660270459,PCA,0.06210063470746504,0.06210063470746504,0.12045233654202217,0.09420540916385672,10,lnt,0.6562306666666665,-1.2185,2.8033,12h_SI7,12h,SI7,12h_st,12h,st,4.0218,lnt
N900_RS09425,0.6816426017156713,0.6987618229312744,0.7781286757908884,0.7285398874198461,0.6816426017156713,PCA,-0.04689728570417484,-0.04689728570417484,-0.029778064488571676,0.0495887883710423,10,zinc ribbon-containing protein,-0.33234371666666657,-2.0581,2.5462,12h_SI4,12h,SI4,3h_SI5,3h,SI5,4.6043,zinc ribbon-containing protein
N900_RS09445,0.31359533287652436,0.3796299934700264,0.7533966049769586,0.2676088116198763,0.31359533287652436,PCA,0.04598652125664804,0.04598652125664804,0.11202118185015009,0.4857877933570823,10,rsfS,0.7061118816666665,-0.9473,6.2056,1h_SI7,1h,SI7,3h_SI3,3h,SI3,7.1529,rsfS
N900_RS09450,0.2226595018743957,0.4450829566186699,0.6143526543273388,0.2824554585018081,0.2226595018743957,PCA,-0.05979595662741238,-0.05979595662741238,0.16262749811686183,0.3318971958255307,10,rlmH,1.1452897250000003,-0.34231,4.5065,12h_SI8,12h,SI8,3h_SI4,3h,SI4,4.84881,rlmH
N900_RS09465,0.8559196455004207,0.7980276088234668,0.9212257316101605,0.8059923532240137,0.7980276088234668,CP,-0.007964744400546953,0.04992729227640691,-0.007964744400546953,0.11523337838614678,10,rlpa,-0.9739270666666666,-4.0064,4.2509,12h_SI8,12h,SI8,6h_SI3,6h,SI3,8.2573,rlpa
N900_RS09470,0.2564440269552927,0.2826294518815639,0.29967325062419703,0.19705519740594807,0.2564440269552927,PCA,0.05938882954934466,0.05938882954934466,0.08557425447561584,0.10261805321824896,10,dacA_1,-1.9758055,-4.2491,0.42674,12h_SI7,12h,SI7,3h_SI5,3h,SI5,4.67584,dacA_1
N900_RS09500,0.3168595838785098,0.360061341125392,0.3261150224275715,0.2750700342191684,0.3168595838785098,PCA,0.041789549659341396,0.041789549659341396,0.08499130690622358,0.051044988208403086,10,glyA,-0.81926715,-2.8917,4.2451,12h_ce,12h,ce,3h_SI8,3h,SI8,7.1368,glyA
N900_RS09505,0.4667119614430621,0.39907847240547173,0.7710363931766427,0.49947150043107535,0.39907847240547173,CP,-0.10039302802560363,-0.03275953898801326,-0.10039302802560363,0.2715648927455674,10,yitt,0.5896746166666667,-1.555,5.8246,6h_co,6h,co,3h_SI1,3h,SI1,7.3796,yitt
N900_RS09510,0.21125094992220209,0.29818983076900524,0.5277452858785614,0.22282718173723415,0.21125094992220209,PCA,-0.011576231815032062,-0.011576231815032062,0.07536264903177109,0.30491810414132725,10,vpsQ,2.0536241166666667,0.054217,6.1916,1h_SI8,1h,SI8,3h_SI3,3h,SI3,6.137383,vpsQ
N900_RS09515,0.2669248885521182,0.3002280335152694,0.5064595126816518,0.3140645571099527,0.2669248885521182,PCA,-0.04713966855783447,-0.04713966855783447,-0.013836523594683292,0.1923949555716991,10,vpsP,0.4806321666666667,-0.8371,3.4899,3h_SI8,3h,SI8,6h_SI3,6h,SI3,4.327,vpsP
N900_RS09520,0.11065171718842906,0.1276153508710497,0.30303572875475576,0.08880155643976272,0.11065171718842906,PCA,0.021850160748666345,0.021850160748666345,0.03881379443128698,0.21423417231499303,10,vpsO,1.0523468666666667,-0.83125,4.4351,6h_SI7,6h,SI7,3h_st,3h,st,5.26635,vpsO
N900_RS09525,0.3224854846133338,0.41810920124798817,0.7412876597281881,0.30675144503995294,0.3224854846133338,PCA,0.015734039573380876,0.015734039573380876,0.11135775620803523,0.43453621468823517,10,vpsN,0.753820375,-0.83838,5.4475,12h_SI2,12h,SI2,6h_st,6h,st,6.28588,vpsN
N900_RS09530,0.3886196586454829,0.4274682019928233,0.5297385520436158,0.28109771997918165,0.3886196586454829,PCA,0.10752193866630128,0.10752193866630128,0.14637048201364167,0.2486408320644341,10,vpsM,0.61811593,-0.50002,4.128,3h_st,3h,st,6h_SI3,6h,SI3,4.62802,vpsM
N900_RS09535,0.3068482627660829,0.32929187697610074,0.3905985041248828,0.27349031292856907,0.3068482627660829,PCA,0.033357949837513834,0.033357949837513834,0.05580156404753167,0.11710819119631372,10,vpsL,0.8755159166666667,-0.67382,4.1038,3h_co,3h,co,3h_SI4,3h,SI4,4.77762,vpsL
N900_RS09540,0.3853061560603028,0.459892296973595,0.5983151631281782,0.30572638927036155,0.3853061560603028,PCA,0.07957976678994122,0.07957976678994122,0.15416590770323346,0.2925887738578167,10,N900_RS09540,0.44002341666666667,-0.75523,4.1657,24h_ce,24h,ce,6h_ce,6h,ce,4.92093,N900_RS09540
N900_RS09545,0.39176032910993563,0.34346792512612556,0.5503834033327579,0.4150360447270284,0.34346792512612556,CP,-0.07156811960090281,-0.02327571561709274,-0.07156811960090281,0.13534735860572955,10,N900_RS09545,-0.49554998333333333,-2.8916,4.6892,6h_SI5,6h,SI5,1h_st,1h,st,7.5808,N900_RS09545
N900_RS09550,0.1384226645352635,0.1102762416908467,0.2277231270227199,0.1187714769573268,0.1102762416908467,CP,-0.008495235266480106,0.0196511875779367,-0.008495235266480106,0.1089516500653931,10,hemolysin_1,0.4984524699999999,-0.85796,2.4637,3h_st,3h,st,3h_SI3,3h,SI3,3.3216599999999996,hemolysin_1
N900_RS09555,0.22595288631876095,0.184435151893296,0.5332600276654038,0.2520506159407293,0.184435151893296,CP,-0.0676154640474333,-0.026097729621968352,-0.0676154640474333,0.2812094117246745,10,N900_RS09555,0.9551864175499998,-0.46094,4.4575,24h_SI2,24h,SI2,6h_SI3,6h,SI3,4.9184399999999995,N900_RS09555
N900_RS09560,0.630519521109204,0.7373974211808861,0.930243586909035,0.37513989763775163,0.630519521109204,PCA,0.2553796234714523,0.2553796234714523,0.3622575235431345,0.5551036892712833,10,N900_RS09560,0.10116264999999997,-1.4121,2.7998,6h_SI7,6h,SI7,1h_co,1h,co,4.2119,N900_RS09560
N900_RS09565,0.29417980334631494,0.24528641926009753,0.6101246602646768,0.3114752774376505,0.24528641926009753,CP,-0.06618885817755299,-0.017295474091335583,-0.06618885817755299,0.2986493828270263,10,glycosyltransferase,0.73439475,-0.72149,4.1181,3h_SI2,3h,SI2,6h_SI3,6h,SI3,4.83959,glycosyltransferase
N900_RS09570,0.24925217253930876,0.2224629880921673,0.39875123365160886,0.20685274964921155,0.2224629880921673,CP,0.015610238442955754,0.04239942289009721,0.015610238442955754,0.1918984840023973,10,vpsJ,1.3260645899999999,-0.4824,5.9209,1h_ce,1h,ce,3h_st,3h,st,6.4033,vpsJ
N900_RS09575,0.3667922206004486,0.3589136714808905,0.6133422920568906,0.36847464126492707,0.3589136714808905,CP,-0.009560969784036588,-0.00168242066447849,-0.009560969784036588,0.24486765079196354,10,glycosyltransferase family 1 protein,1.4685779833333334,-0.25353,5.3436,12h_SI1,12h,SI1,6h_st,6h,st,5.59713,glycosyltransferase family 1 protein
N900_RS09580,0.36389724794059475,0.3890916218727103,0.7044601969332621,0.4566896796280925,0.36389724794059475,PCA,-0.09279243168749773,-0.09279243168749773,-0.06759805775538219,0.24777051730516964,10,vpsH,1.3230130333333332,-0.48033,5.5732,6h_SI5,6h,SI5,3h_SI1,3h,SI1,6.05353,vpsH
N900_RS09585,0.08989074715463086,0.11012344199957849,0.24458937777287534,0.06376948472169755,0.08989074715463086,PCA,0.026121262432933307,0.026121262432933307,0.04635395727788094,0.1808198930511778,10,vpsG,0.87275198,-0.76066,3.7253,24h_co,24h,co,3h_st,3h,st,4.4859599999999995,vpsG
N900_RS09590,0.34936119451245545,0.4806879973190685,0.6488169041640821,0.3807514556776014,0.34936119451245545,PCA,-0.03139026116514593,-0.03139026116514593,0.09993654164146715,0.26806544848648073,10,vpsF,0.3738667166666667,-0.90026,3.4854,12h_SI3,12h,SI3,6h_st,6h,st,4.38566,vpsF
N900_RS09595,0.1981774514880358,0.18983927499941064,0.31401219121943347,0.10141527988895137,0.18983927499941064,CP,0.08842399511045927,0.09676217159908444,0.08842399511045927,0.21259691133048209,10,vpsE,1.3014730333333333,-0.014657,4.6924,1h_SI6,1h,SI6,1h_st,1h,st,4.707057,vpsE
N900_RS09600,0.2739673343004475,0.3172806971626922,0.4208097002022862,0.2688283344022823,0.2739673343004475,PCA,0.005138999898165186,0.005138999898165186,0.04845236276040987,0.15198136580000388,10,vpsD,0.5765796950000001,-0.82075,3.7296,3h_co,3h,co,3h_SI4,3h,SI4,4.55035,vpsD
N900_RS09605,0.43513844784347283,0.6387796995483018,0.8771063035396212,0.5160170124188007,0.43513844784347283,PCA,-0.08087856457532788,-0.08087856457532788,0.12276268712950111,0.36108929112082044,10,vpsC,-0.06380356666666667,-1.9378,3.5258,6h_ce,6h,ce,12h_st,12h,st,5.4636,vpsC
N900_RS09610,0.4729596857398642,0.4423336424327268,0.6755987399167328,0.32838731680566663,0.4423336424327268,CP,0.1139463256270602,0.14457236893419756,0.1139463256270602,0.3472114231110662,10,wecC,0.7462644549999998,-0.59348,4.1402,3h_SI4,3h,SI4,1h_st,1h,st,4.73368,wecC
N900_RS09615,0.24260912656728148,0.2675090899018626,0.3570062211765286,0.2733883343743881,0.24260912656728148,PCA,-0.030779207807106607,-0.030779207807106607,-0.005879244472525469,0.0836178868021405,10,vpsA,0.23403115833333332,-1.2404,3.1778,1h_st,1h,st,6h_SI1,6h,SI1,4.4182,vpsA
N900_RS09620,0.41223595654733575,0.45666033899623165,0.8176675904400422,0.40340325055515985,0.41223595654733575,PCA,0.008832705992175893,0.008832705992175893,0.0532570884410718,0.41426433988488237,10,low molecular weight phosphotyrosine protein phosphatase_1,-0.25759546666666666,-1.7217,3.3038,6h_SI4,6h,SI4,12h_SI2,12h,SI2,5.0255,low molecular weight phosphotyrosine protein phosphatase_1
N900_RS09625,0.25549881704318106,0.21384823051258323,0.5148150431176531,0.27019465355796707,0.21384823051258323,CP,-0.05634642304538384,-0.01469583651478601,-0.05634642304538384,0.24462038955968607,10,vexH,0.9679584833333333,-0.39739,4.3069,6h_st,6h,st,3h_SI2,3h,SI2,4.704289999999999,vexH
N900_RS09630,0.3761531749992723,0.39054024796662284,0.520147668246059,0.368579317429408,0.3761531749992723,PCA,0.007573857569864284,0.007573857569864284,0.021960930537214818,0.15156835081665093,10,vexG,1.048455385,-0.50316,5.0539,6h_SI4,6h,SI4,12h_st,12h,st,5.55706,vexG
N900_RS09650,0.42448585807753797,0.5243382547943612,0.735617108853716,0.2867402501632269,0.42448585807753797,PCA,0.13774560791431106,0.13774560791431106,0.23759800463113434,0.4488768586904891,10,treC,-0.3267625666666667,-2.5639,4.896,12h_SI5,12h,SI5,3h_SI2,3h,SI2,7.459899999999999,treC
N900_RS09655,0.46076136517776506,0.48022351391755874,0.7174361059825812,0.5024403467312609,0.46076136517776506,PCA,-0.041678981553495864,-0.041678981553495864,-0.02221683281370218,0.2149957592513203,10,treB,0.17075635999999997,-1.3385,3.1479,1h_SI1,1h,SI1,12h_SI1,12h,SI1,4.4864,treB
N900_RS09660,0.20729186303217195,0.23691433517216548,0.36382498503502847,0.18165477762334908,0.20729186303217195,PCA,0.02563708540882287,0.02563708540882287,0.055259557548816396,0.18217020741167939,10,treR,1.0499563283333333,-0.341,4.379,1h_SI4,1h,SI4,3h_SI1,3h,SI1,4.72,treR
N900_RS09665,0.11073218033200427,0.15624822666732732,0.14716423951830296,0.055648901133426396,0.11073218033200427,PCA,0.055083279198577875,0.055083279198577875,0.10059932553390093,0.09151533838487656,10,gmhB,0.44115017366666665,-1.5378,2.5642,12h_SI7,12h,SI7,12h_st,12h,st,4.102,gmhB
N900_RS09670,0.4904344557380998,0.5855006231220059,0.7818778137635893,0.4942748095803791,0.4904344557380998,PCA,-0.0038403538422793204,-0.0038403538422793204,0.09122581354162679,0.2876030041832102,10,metN,0.8956259949999997,-0.8644,4.2205,6h_co,6h,co,6h_SI4,6h,SI4,5.0849,metN
N900_RS09675,0.24175686713565683,0.2563400390044954,0.44649709147536204,0.23634772024850778,0.24175686713565683,PCA,0.005409146887149052,0.005409146887149052,0.019992318755987643,0.21014937122685426,10,metI,0.66312978,-0.70339,4.0732,6h_SI8,6h,SI8,3h_st,3h,st,4.77659,metI
N900_RS09680,0.166728663319991,0.1764294021149158,0.29138755542671363,0.1510286725910271,0.166728663319991,PCA,0.015699990728963914,0.015699990728963914,0.02540072952388872,0.14035888283568654,10,metq,1.3567389333333333,-0.027598,3.7875,1h_st,1h,st,6h_SI2,6h,SI2,3.815098,metq
N900_RS09685,0.21666211537834076,0.1785864113635907,0.3736375637644452,0.18262855890788687,0.1785864113635907,CP,-0.00404214754429616,0.03403355647045389,-0.00404214754429616,0.1910090048565583,10,N900_RS09685,1.28851735,-0.54312,6.0967,1h_SI8,1h,SI8,3h_SI1,3h,SI1,6.63982,N900_RS09685
N900_RS09690,0.3931955063113051,0.5413819677919697,0.6907497385519861,0.25715211505700786,0.3931955063113051,PCA,0.13604339125429726,0.13604339125429726,0.2842298527349618,0.4335976234949782,10,SecY-interacting protein,0.976250178333333,-0.44318,4.0839,3h_SI4,3h,SI4,1h_ce,1h,ce,4.52708,SecY-interacting protein
N900_RS09695,0.27754619491549726,0.35717620708355746,0.5522487064041387,0.2800897643479138,0.27754619491549726,PCA,-0.0025435694324165703,-0.0025435694324165703,0.07708644273564363,0.2721589420562249,10,queF,0.40873805833333327,-0.67576,3.79,6h_SI3,6h,SI3,3h_SI4,3h,SI4,4.46576,queF
N900_RS09700,0.3354792723382279,0.35339217007413803,0.6838598735919246,0.5604182970338153,0.3354792723382279,PCA,-0.2249390246955874,-0.2249390246955874,-0.20702612695967726,0.12344157655810928,10,tetratricopeptide repeat protein_2,0.8577340766666667,-0.89103,4.7344,3h_SI3,3h,SI3,6h_st,6h,st,5.62543,tetratricopeptide repeat protein_2
N900_RS09705,0.19893403441310564,0.24844187672899784,0.43957176122814334,0.1486887728166245,0.19893403441310564,PCA,0.050245261596481156,0.050245261596481156,0.09975310391237335,0.29088298841151883,10,N900_RS09705,1.1162479500000004,-0.4692,4.265,6h_st,6h,st,12h_SI1,12h,SI1,4.7341999999999995,N900_RS09705
N900_RS09710,0.29648931979729987,0.3362353073053383,0.631613756100977,0.45039474077928093,0.29648931979729987,PCA,-0.15390542098198107,-0.15390542098198107,-0.11415943347394264,0.1812190153216961,10,ppnN_BLAST,0.74193055,-1.1005,3.2516,1h_SI5,1h,SI5,12h_SI1,12h,SI1,4.3521,ppnN_BLAST
N900_RS09715,0.31930367790601033,0.30718569029175574,0.4677679335565038,0.3063033442687559,0.30718569029175574,CP,0.0008823460229998581,0.013000333637254446,0.0008823460229998581,0.16146458928774793,10,xni,0.8651689833333334,-0.81353,5.0527,6h_SI6,6h,SI6,12h_SI2,12h,SI2,5.86623,xni
N900_RS09720,0.24756835534996383,0.31390960057489514,0.4268005035871327,0.30104707031964145,0.24756835534996383,PCA,-0.053478714969677627,-0.053478714969677627,0.01286253025525369,0.12575343326749122,10,UPF0382 membrane protein SAB0533_BLAST,0.7154458376666668,-0.86039,3.1601,12h_st,12h,st,3h_SI2,3h,SI2,4.02049,UPF0382 membrane protein SAB0533_BLAST
N900_RS09725,0.1781897452905479,0.275206412304891,0.5176707312196195,0.16013033087359707,0.1781897452905479,PCA,0.01805941441695083,0.01805941441695083,0.11507608143129394,0.3575404003460224,10,lysR,-0.06401438333333334,-1.3765,3.0713,3h_SI1,3h,SI1,3h_SI4,3h,SI4,4.4478,lysR
N900_RS09735,0.4979834765322334,0.460521336667203,0.5435927957536227,0.4147700967355077,0.460521336667203,CP,0.04575123993169533,0.08321337979672572,0.04575123993169533,0.12882269901811505,10,thiI,1.9904512166666666,-0.66714,4.5002,1h_SI6,1h,SI6,1h_co,1h,co,5.16734,thiI
N900_RS09740,0.3828821631155396,0.31887433962328576,0.4933128574353829,0.37884656224633617,0.31887433962328576,CP,-0.05997222262305041,0.004035600869203404,-0.05997222262305041,0.11446629518904672,10,motb,-1.347178383333333,-3.6124,0.51511,24h_SI4,24h,SI4,3h_SI7,3h,SI7,4.12751,motb
N900_RS09745,0.5012727385980412,0.4513639774491386,0.6314128593111176,0.5294007438019915,0.4513639774491386,CP,-0.07803676635285295,-0.028128005203950313,-0.07803676635285295,0.10201211550912603,10,pomA,-1.32040805,-3.2211,1.8577,24h_SI2,24h,SI2,1h_SI1,1h,SI1,5.078799999999999,pomA
N900_RS09750,0.6440055318537127,0.7166476058311837,0.8189397423109377,0.6366532775291627,0.6440055318537127,PCA,0.0073522543245500005,0.0073522543245500005,0.07999432830202102,0.18228646478177501,10,xseB,0.7615611972666667,-0.4148,5.1177,12h_ce,12h,ce,6h_SI1,6h,SI1,5.5325,xseB
N900_RS09765,0.316702724475342,0.23533964983930128,0.4751841558839797,0.3105966020870122,0.23533964983930128,CP,-0.0752569522477109,0.006106122388329804,-0.0752569522477109,0.16458755379696755,10,truC,1.0008887833333333,-0.55522,4.878,3h_SI5,3h,SI5,3h_SI3,3h,SI3,5.43322,truC
N900_RS09770,0.3120338911594,0.369533016108555,0.595960635054487,0.2998390014123917,0.3120338911594,PCA,0.012194889747008275,0.012194889747008275,0.06969401469616326,0.2961216336420953,10,yqcC,-0.6568258666666668,-2.2874,3.6543,3h_SI6,3h,SI6,6h_SI1,6h,SI1,5.9417,yqcC
N900_RS09775,0.36743792137096787,0.6569550453173695,0.7539932261102907,0.483466908199853,0.36743792137096787,PCA,-0.11602898682888513,-0.11602898682888513,0.17348813711751648,0.27052631791043774,10,N900_RS09775,0.7278684333333333,-0.60604,3.9951,3h_SI3,3h,SI3,1h_SI1,1h,SI1,4.60114,N900_RS09775
N900_RS09780,0.4777375020577194,0.5515504828045682,0.7234504791109045,0.4415019680088747,0.4777375020577194,PCA,0.03623553404884472,0.03623553404884472,0.1100485147956935,0.28194851110202984,10,N900_RS09780,-0.9735595,-3.4517,4.1385,3h_SI7,3h,SI7,1h_st,1h,st,7.590199999999999,N900_RS09780
N900_RS09785,0.26124028973413344,0.21590621812696922,0.5115224974175824,0.24078843921994597,0.21590621812696922,CP,-0.024882221092976747,0.020451850514187464,-0.024882221092976747,0.2707340581976364,10,N-acetyltransferase_1,1.332696923333333,-0.37698,4.7178,3h_SI3,3h,SI3,3h_SI5,3h,SI5,5.09478,N-acetyltransferase_1
N900_RS09790,0.6362709481792376,0.7861452747598904,0.7930230823829706,0.6529365481662276,0.6362709481792376,PCA,-0.01666559998699002,-0.01666559998699002,0.13320872659366279,0.140086534216743,10,kfrA_2,0.42086465,-1.0575,3.0034,12h_SI4,12h,SI4,6h_SI3,6h,SI3,4.0609,kfrA_2
N900_RS09795,0.4629234503332084,0.5023615904401314,0.7560115632273425,0.47374566807994367,0.4629234503332084,PCA,-0.010822217746735252,-0.010822217746735252,0.02861592236018773,0.28226589514739886,10,VC_0881_BLAST,0.0009123000000000066,-1.7995,3.1849,24h_st,24h,st,1h_SI1,1h,SI1,4.9844,VC_0881_BLAST
N900_RS09800,0.19782336355274902,0.22974034156752507,0.46426266250230136,0.15554720384209422,0.19782336355274902,PCA,0.04227615971065479,0.04227615971065479,0.07419313772543085,0.3087154586602071,10,mtrF,1.01814806,-0.34777,3.988,6h_ce,6h,ce,3h_SI3,3h,SI3,4.33577,mtrF
N900_RS09810,0.3446329296051524,0.2931770613081065,0.6382443410228681,0.3055232340796644,0.2931770613081065,CP,-0.012346172771557917,0.039109695525487986,-0.012346172771557917,0.33272110694320367,10,rpmE2,1.510024345,-0.41295,8.2299,1h_ce,1h,ce,3h_st,3h,st,8.642850000000001,rpmE2
N900_RS09815,0.30485009017454195,0.3252050751345312,0.6505843261941663,0.3521941017860559,0.30485009017454195,PCA,-0.04734401161151397,-0.04734401161151397,-0.02698902665152475,0.29839022440811036,10,tsaA,-0.3122503333333334,-2.0363,2.7022,24h_st,24h,st,3h_st,3h,st,4.7385,tsaA
N900_RS09830,0.19002050957907354,0.21306458936904651,0.4472210052539921,0.1940283786798528,0.19002050957907354,PCA,-0.004007869100779243,-0.004007869100779243,0.019036210689193728,0.2531926265741393,10,terB,1.415808983333333,-0.20847,5.1177,1h_SI9,1h,SI9,3h_SI1,3h,SI1,5.32617,terB
N900_RS09835,0.5907425232154108,0.6962618934726559,0.9187031134552085,0.5384671230897048,0.5907425232154108,PCA,0.05227540012570597,0.05227540012570597,0.1577947703829511,0.3802359903655037,10,VC_0872_BLAST,-0.27440475000000003,-1.5902,3.6997,12h_SI3,12h,SI3,3h_SI4,3h,SI4,5.2899,VC_0872_BLAST
N900_RS09840,0.5196650222324529,0.6398218149915877,0.6764786757932161,0.5831526525414946,0.5196650222324529,PCA,-0.0634876303090417,-0.0634876303090417,0.056669162450093125,0.09332602325172146,10,N900_RS09840,-0.14999045000000005,-2.7114,4.5322,24h_co,24h,co,3h_SI5,3h,SI5,7.243599999999999,N900_RS09840
N900_RS09850,0.3757264972344656,0.47143897105235627,0.4312234030186597,0.3105617757966066,0.3757264972344656,PCA,0.06516472143785901,0.06516472143785901,0.16087719525574967,0.12066162722205309,10,purL,-1.7779450999999997,-4.8236,4.7371,12h_SI7,12h,SI7,1h_ce,1h,ce,9.5607,purL
N900_RS09860,0.4542299613946866,0.5249261062748123,0.7305486643575058,0.4728515785517219,0.4542299613946866,PCA,-0.01862161715703531,-0.01862161715703531,0.0520745277230904,0.2576970858057839,10,mltF,-0.8599122216666667,-3.8311,2.6324,6h_SI7,6h,SI7,3h_SI2,3h,SI2,6.4635,mltF
N900_RS09870,0.17765607475710485,0.20443917376349705,0.19712428526924397,0.15363222753772607,0.17765607475710485,PCA,0.02402384721937878,0.02402384721937878,0.05080694622577098,0.0434920577315179,10,tadA,2.01246095,-0.073251,4.0338,6h_SI9,6h,SI9,12h_st,12h,st,4.107051,tadA
N900_RS09875,0.3194672211682421,0.38153668598855744,0.658241956401511,0.4165155339508535,0.3194672211682421,PCA,-0.09704831278261139,-0.09704831278261139,-0.034978847962296056,0.24172642245065745,10,abgT_2,0.6168178333333333,-0.82415,4.01,3h_SI5,3h,SI5,3h_SI4,3h,SI4,4.83415,abgT_2
N900_RS09880,0.3625412181127148,0.40601993752480625,0.47615199401347896,0.2708592970726807,0.3625412181127148,PCA,0.09168192104003409,0.09168192104003409,0.13516064045212556,0.20529269694079827,10,N900_RS09880,1.7027718833333334,-0.45476,4.744,1h_SI1,1h,SI1,24h_st,24h,st,5.19876,N900_RS09880
N900_RS09885,0.31644638050516044,0.32511633484066166,0.4951181824350661,0.29863656884756806,0.31644638050516044,PCA,0.017809811657592378,0.017809811657592378,0.026479765993093596,0.19648161358749805,10,pilV,0.5686602999999999,-1.7772,4.182,1h_SI2,1h,SI2,6h_SI1,6h,SI1,5.9592,pilV
N900_RS09890,0.21183866678726862,0.22637694155311558,0.29409323673552196,0.19542785215774439,0.21183866678726862,PCA,0.016410814629524234,0.016410814629524234,0.030949089395371193,0.09866538457777757,10,pilX,1.2406471433333335,-0.524,4.5042,1h_SI8,1h,SI8,12h_SI2,12h,SI2,5.0282,pilX
N900_RS09895,0.24141460567164721,0.26982824501313524,0.46022921093536495,0.33977300494377,0.24141460567164721,PCA,-0.09835839927212278,-0.09835839927212278,-0.06994475993063476,0.12045620599159496,10,PilW,1.5432023450000003,-0.25193,5.4273,1h_SI8,1h,SI8,12h_SI1,12h,SI1,5.67923,PilW
N900_RS09900,0.22360673454380128,0.23183511027245166,0.4660986001442125,0.20066259605079073,0.22360673454380128,PCA,0.022944138493010552,0.022944138493010552,0.031172514221660924,0.2654360040934218,10,"type IV pilin, putative",0.8063051783333334,-0.88846,3.6,3h_SI3,3h,SI3,6h_st,6h,st,4.48846,"type IV pilin, putative"
N900_RS09905,0.1510304658228572,0.1597773685450359,0.4128825317791213,0.16722234574743158,0.1510304658228572,PCA,-0.01619187992457438,-0.01619187992457438,-0.007444977202395675,0.24566018603168974,10,type IV pilin protein,1.4143810333333335,-0.17937,4.4726,3h_SI1,3h,SI1,3h_SI3,3h,SI3,4.6519699999999995,type IV pilin protein
N900_RS09930,0.2426513890954711,0.390357464311262,0.4941038327159572,0.2598315915145479,0.2426513890954711,PCA,-0.01718020241907678,-0.01718020241907678,0.13052587279671413,0.23427224120140933,10,recN,-0.30863290000000004,-1.9175,2.5027,6h_ce,6h,ce,3h_SI2,3h,SI2,4.4201999999999995,recN
N900_RS09935,0.4356565363379221,0.4879260139875622,0.6446230399125421,0.4373389698480698,0.4356565363379221,PCA,-0.001682433510147685,-0.001682433510147685,0.05058704413949239,0.2072840700644723,10,bamE,0.11239936666666667,-2.6046,3.5908,6h_ce,6h,ce,6h_SI4,6h,SI4,6.1954,bamE
N900_RS09950,0.22255246009192356,0.2411133837218121,0.34943625401038847,0.22723214958021654,0.22255246009192356,PCA,-0.004679689488292976,-0.004679689488292976,0.013881234141595561,0.12220410443017193,10,smpB,0.8094961333333333,-1.7584,5.2157,1h_SI4,1h,SI4,3h_st,3h,st,6.9741,smpB
N900_RS09955,0.46737888766994434,0.5861489009055283,0.7918843635422584,0.5315636882699342,0.46737888766994434,PCA,-0.06418480059998982,-0.06418480059998982,0.05458521263559413,0.2603206752723243,10,intA_3,0.21375174833333332,-1.15,3.0928,12h_SI1,12h,SI1,3h_SI2,3h,SI2,4.2428,intA_3
N900_RS09965,0.4723942132179759,0.4480429165915576,0.7095889331603095,0.3465826008845564,0.4480429165915576,CP,0.1014603157070012,0.12581161233341953,0.1014603157070012,0.3630063322757531,10,acfd,0.4379049333333333,-0.86546,4.2622,3h_SI1,3h,SI1,1h_st,1h,st,5.12766,acfd
N900_RS09970,0.4081644293700695,0.43745892353507104,0.6337573923766818,0.4955224178103605,0.4081644293700695,PCA,-0.08735798844029097,-0.08735798844029097,-0.05806349427528945,0.13823497456632133,10,acfa,-1.0684260666666667,-2.9294,1.7891,6h_ce,6h,ce,3h_SI3,3h,SI3,4.7185,acfa
N900_RS09975,0.4893566605639258,0.42326436331860645,0.7058984918292607,0.4814568487027682,0.42326436331860645,CP,-0.058192485384161774,0.007899811861157569,-0.058192485384161774,0.22444164312649245,10,M23 family peptidase,0.747536035,-2.2553,5.8018,6h_SI6,6h,SI6,6h_st,6h,st,8.0571,M23 family peptidase
N900_RS09980,0.7323405871653536,0.7633692268520537,0.8769300378770667,0.6768846076636014,0.7323405871653536,PCA,0.055455979501752184,0.055455979501752184,0.0864846191884523,0.20004543021346533,10,N900_RS09980,0.56283865,-1.0553,4.4292,12h_SI5,12h,SI5,6h_SI3,6h,SI3,5.4845,N900_RS09980
N900_RS09985,0.24456570506691191,0.20688757226676913,0.6060785071209055,0.2103676667280031,0.20688757226676913,CP,-0.0034800944612339846,0.034198038338908804,-0.0034800944612339846,0.3957108403929024,10,acfC,0.5852106399999999,-1.1974,4.3299,24h_SI2,24h,SI2,6h_st,6h,st,5.5273,acfC
N900_RS09990,0.7776896207775537,0.7911791117424628,0.8690311871248911,0.7676708121036018,0.7776896207775537,PCA,0.010018808673951884,0.010018808673951884,0.02350829963886103,0.10136037502128936,10,Pseudogene_N900_RS09990,0.7508161999999999,-2.5347,4.0233,6h_SI6,6h,SI6,3h_SI7,3h,SI7,6.558,Pseudogene_N900_RS09990
N900_RS09995,0.19077794296185288,0.24771325772749864,0.26454612501752534,0.12300690171248782,0.19077794296185288,PCA,0.06777104124936506,0.06777104124936506,0.12470635601501082,0.14153922330503751,10,tcpJ,-2.3957258,-5.3424,1.6028,12h_SI6,12h,SI6,1h_ce,1h,ce,6.9452,tcpJ
N900_RS10000,0.26943921588147624,0.2324525992199358,0.502675125100089,0.26829893167982366,0.2324525992199358,CP,-0.03584633245988786,0.001140284201652575,-0.03584633245988786,0.2343761934202654,10,toxT,-1.90126865,-4.5366,5.4509,12h_SI6,12h,SI6,3h_st,3h,st,9.9875,toxT
N900_RS10005,0.21983530289577854,0.28991065546003003,0.2966644596329742,0.18820762194762056,0.21983530289577854,PCA,0.03162768094815799,0.03162768094815799,0.10170303351240947,0.10845683768535366,10,tcpF,-1.1926756833333334,-4.1516,2.9029,12h_SI7,12h,SI7,3h_SI3,3h,SI3,7.0545,tcpF
N900_RS10010,0.22950578490454238,0.26663607941073164,0.37000075495509593,0.22721957090219966,0.22950578490454238,PCA,0.002286214002342718,0.002286214002342718,0.03941650850853198,0.14278118405289628,10,tcpE,-1.4925149333333334,-4.2571,4.007,6h_SI7,6h,SI7,3h_SI3,3h,SI3,8.2641,tcpE
N900_RS10015,0.3155791535442613,0.28791904459542855,0.368208276122029,0.22301483437620206,0.28791904459542855,CP,0.06490421021922649,0.09256431916805924,0.06490421021922649,0.14519344174582693,10,tcpT,-0.8828706666666668,-4.081,4.4176,12h_SI9,12h,SI9,1h_st,1h,st,8.4986,tcpT
N900_RS10020,0.27472398213361815,0.34719617076448406,0.3896888492213825,0.20832356089548654,0.27472398213361815,PCA,0.06640042123813161,0.06640042123813161,0.13887260986899752,0.181365288325896,10,tcpS,-1.7026167883333334,-4.7837,2.9108,12h_SI5,12h,SI5,3h_st,3h,st,7.6945,tcpS
N900_RS10025,0.35286130384353726,0.3578928364590802,0.4716739045626503,0.4135508865561433,0.35286130384353726,PCA,-0.06068958271260605,-0.06068958271260605,-0.055658050097063094,0.05812301800650699,10,tcpD,-1.010262035,-4.7999,3.6369,6h_SI8,6h,SI8,3h_SI1,3h,SI1,8.4368,tcpD
N900_RS10035,0.2395757214329027,0.3631852670839653,0.36272674809934297,0.2435917468913588,0.2395757214329027,PCA,-0.004016025458456085,-0.004016025458456085,0.11959352019260652,0.11913500120798418,10,tcpC,-0.9827866,-3.9376,4.404,6h_SI6,6h,SI6,1h_SI1,1h,SI1,8.3416,tcpC
N900_RS10040,0.351644661896461,0.47289593275735226,0.4991516251391835,0.3067692747360607,0.351644661896461,PCA,0.04487538716040029,0.04487538716040029,0.16612665802129156,0.1923823504031228,10,tcpQ,-1.8950163000000002,-4.8122,2.9601,12h_SI9,12h,SI9,3h_SI4,3h,SI4,7.7722999999999995,tcpQ
N900_RS10045,0.19396341397293296,0.2538753627646306,0.2730950402352704,0.128525902377624,0.19396341397293296,PCA,0.06543751159530894,0.06543751159530894,0.12534946038700656,0.1445691378576464,10,tcpB,-2.552958083333333,-5.5097,2.9322,12h_SI7,12h,SI7,1h_SI1,1h,SI1,8.4419,tcpB
N900_RS10050,0.3827503948426398,0.5448826570120058,0.63333956665556,0.3524720437796836,0.3827503948426398,PCA,0.030278351062956177,0.030278351062956177,0.19241061323232217,0.2808675228758764,10,tcpA,-0.8561711899999999,-3.4617,4.0052,12h_SI7,12h,SI7,1h_SI1,1h,SI1,7.466900000000001,tcpA
N900_RS10055,0.3992384666800894,0.4761523027958744,0.5653703154468872,0.323865247262542,0.3992384666800894,PCA,0.07537321941754738,0.07537321941754738,0.15228705553333238,0.2415050681843452,10,tcpH,-1.4907641500000002,-4.6173,3.7387,6h_SI9,6h,SI9,3h_SI1,3h,SI1,8.356,tcpH
N900_RS10060,0.42068411962755786,0.39126710579118384,0.4782071289855368,0.19997276781496745,0.39126710579118384,CP,0.1912943379762164,0.2207113518125904,0.1912943379762164,0.2782343611705693,10,tcpP,-2.09559695,-5.2195,0.57672,12h_SI6,12h,SI6,1h_SI3,1h,SI3,5.79622,tcpP
N900_RS10065,0.16832462139404133,0.18136990788102006,0.4007525657347613,0.21621483317398946,0.16832462139404133,PCA,-0.04789021177994812,-0.04789021177994812,-0.0348449252929694,0.18453773256077186,10,tcpI,0.9045537753499999,-0.82336,3.4943,6h_st,6h,st,3h_st,3h,st,4.31766,tcpI
N900_RS10075,0.43412211462701067,0.36431321954334683,0.7438736415994059,0.46221657404707706,0.36431321954334683,CP,-0.09790335450373022,-0.028094459420066387,-0.09790335450373022,0.2816570675523289,10,N900_RS10075,0.9983363833333334,-0.55561,4.8773,3h_SI8,3h,SI8,3h_st,3h,st,5.43291,N900_RS10075
N900_RS10080,0.4917150359845623,0.48905477145973814,0.7960848542851703,0.5203423417732305,0.48905477145973814,CP,-0.03128757031349233,-0.028627305788668178,-0.03128757031349233,0.2757425125119398,10,membrane protein_1,-0.20051415,-1.7273,2.919,24h_SI1,24h,SI1,6h_SI3,6h,SI3,4.6463,membrane protein_1
N900_RS10085,0.1764965197828607,0.20244526972190585,0.39539912964179974,0.1819721592758887,0.1764965197828607,PCA,-0.005475639493027984,-0.005475639493027984,0.020473110446017156,0.21342697036591105,10,Pseudogene_N900_RS10085,1.2374072200000001,-0.3157,4.4545,3h_SI4,3h,SI4,3h_SI1,3h,SI1,4.7702,Pseudogene_N900_RS10085
N900_RS10090,0.3122711133037415,0.33963231992345383,0.5560205262845558,0.3354316023447316,0.3122711133037415,PCA,-0.023160489040990107,-0.023160489040990107,0.004200717578722202,0.22058892393982416,10,adh,1.5575618166666663,-0.46136,5.7042,6h_SI6,6h,SI6,3h_SI2,3h,SI2,6.16556,adh
N900_RS10105,0.3128116120852009,0.2585472096581995,0.6676732905402659,0.23205706211289145,0.2585472096581995,CP,0.02649014754530804,0.08075454997230946,0.02649014754530804,0.43561622842737446,10,IS481-like element ISVch1 family transposase,0.9596680333333334,-0.67947,3.7565,3h_SI3,3h,SI3,12h_SI2,12h,SI2,4.43597,IS481-like element ISVch1 family transposase
N900_RS10110,0.6647580302363696,0.6559266673217661,0.6968669481839235,0.6420579353708955,0.6559266673217661,CP,0.013868731950870572,0.022700094865474085,0.013868731950870572,0.05480901281302797,10,N900_RS10110,0.6793568183333333,-2.1993,6.3783,6h_SI8,6h,SI8,6h_SI1,6h,SI1,8.5776,N900_RS10110
N900_RS10115,0.24529328367172,0.2865974508296054,0.438639279597928,0.22884228110291596,0.24529328367172,PCA,0.016451002568804052,0.016451002568804052,0.057755169726689454,0.20979699849501202,10,type II toxin-antitoxin system HipA family toxin,1.9682257,-0.085998,5.5043,1h_SI8,1h,SI8,6h_SI4,6h,SI4,5.590298,type II toxin-antitoxin system HipA family toxin
N900_RS10125,0.1658895855518056,0.11836912012838133,0.31077601681227407,0.13134521105174998,0.11836912012838133,CP,-0.012976090923368655,0.034544374500055625,-0.012976090923368655,0.1794308057605241,10,class I SAM-dependent methyltransferase_5,0.9989914833333333,-0.57546,3.7989,12h_ce,12h,ce,3h_st,3h,st,4.37436,class I SAM-dependent methyltransferase_5
N900_RS10130,0.10722658725661893,0.12403188722824512,0.17962925664291035,0.10952704630975832,0.10722658725661893,PCA,-0.0023004590531393865,-0.0023004590531393865,0.014504840918486805,0.07010221033315203,10,uvrB_2,1.5001344000000003,0.076314,4.4841,1h_SI8,1h,SI8,6h_SI4,6h,SI4,4.407786,uvrB_2
N900_RS10135,0.9604423595847006,0.9695756615614232,1.0171684277081783,0.9861840634763409,0.9604423595847006,PCA,-0.025741703891640322,-0.025741703891640322,-0.016608401914917748,0.03098436423183737,10,N900_RS10135,0.8423600166666666,-0.56276,3.1146,1h_ce,1h,ce,6h_co,6h,co,3.6773599999999997,N900_RS10135
N900_RS10140,0.21709669038809593,0.20506914673512253,0.3209397510401304,0.25886111263775774,0.20506914673512253,CP,-0.053791965902635214,-0.041764422249661814,-0.053791965902635214,0.062078638402372655,10,N900_RS10140,1.3133116333333335,-0.8951,3.9297,1h_SI4,1h,SI4,12h_SI2,12h,SI2,4.8248,N900_RS10140
N900_RS10145,0.30389783456451125,0.27487514229883614,0.4766167934882158,0.2962274778597395,0.27487514229883614,CP,-0.02135233556090338,0.00767035670477173,-0.02135233556090338,0.18038931562847627,10,N900_RS10145,0.8870409566666667,-0.32543,3.3585,24h_co,24h,co,3h_SI2,3h,SI2,3.6839299999999997,N900_RS10145
N900_RS10150,0.1551898275181158,0.2955482746464109,0.43180393394986394,0.17571569110024313,0.1551898275181158,PCA,-0.020525863582127324,-0.020525863582127324,0.1198325835461678,0.25608824284962084,10,N900_RS10150,0.7804892600000002,-0.61802,3.9305,3h_SI3,3h,SI3,6h_SI2,6h,SI2,4.54852,N900_RS10150
N900_RS10155,0.2726592240255897,0.3178700759756285,0.4489217022968326,0.22680552797529646,0.2726592240255897,PCA,0.04585369605029321,0.04585369605029321,0.09106454800033204,0.22211617432153613,10,MFS transporter_1,1.210107171666667,-0.49048,3.8305,6h_SI4,6h,SI4,3h_st,3h,st,4.32098,MFS transporter_1
N900_RS10160,0.4831438818553265,0.5105099359154746,0.5920486936367345,0.33968144299219727,0.4831438818553265,PCA,0.1434624388631292,0.1434624388631292,0.1708284929232773,0.25236725064453724,10,NAD(P)/FAD-dependent oxidoreductase,0.9769456566666668,-0.64433,4.2472,3h_st,3h,st,6h_ce,6h,ce,4.89153,NAD(P)/FAD-dependent oxidoreductase
N900_RS10165,0.2555210307142226,0.23549707098503586,0.5862046572610146,0.2455844686656731,0.23549707098503586,CP,-0.010087397680637239,0.009936562048549508,-0.010087397680637239,0.3406201885953415,10,Ferredoxin 1_BLAST,0.5862844666666667,-0.71856,3.7083,24h_SI4,24h,SI4,3h_SI5,3h,SI5,4.42686,Ferredoxin 1_BLAST
N900_RS10170,0.4924607941985923,0.4896988605771157,0.7674139617827748,0.6632873810324748,0.4896988605771157,CP,-0.17358852045535905,-0.17082658683388247,-0.17358852045535905,0.10412658075030001,10,RNA methyltransferase,0.7491630416666666,-1.3601,5.002,6h_SI2,6h,SI2,12h_SI1,12h,SI1,6.3621,RNA methyltransferase
N900_RS10175,0.18847602515563142,0.2121392058067362,0.30770774150114355,0.22928671453274846,0.18847602515563142,PCA,-0.04081068937711704,-0.04081068937711704,-0.017147508726012256,0.07842102696839509,10,N900_RS10175,0.9844565000000001,-1.039,5.3296,6h_SI6,6h,SI6,6h_SI3,6h,SI3,6.3686,N900_RS10175
N900_RS10180,0.5855033431807857,0.6491646253785758,0.8046887163076597,0.3432851908576948,0.5855033431807857,PCA,0.24221815232309085,0.24221815232309085,0.30587943452088096,0.4614035254499649,10,citG,1.1104298,-0.90375,5.2199,1h_co,1h,co,3h_SI5,3h,SI5,6.12365,citG
N900_RS10185,0.2123343603796317,0.2514942314742001,0.341328201550427,0.23852282028629643,0.2123343603796317,PCA,-0.02618845990666474,-0.02618845990666474,0.012971411187903653,0.10280538126413055,10,citX,1.7653130833333335,0.067906,5.9009,1h_SI6,1h,SI6,12h_st,12h,st,5.832994,citX
N900_RS10190,0.24532209662587548,0.3154935439385193,0.5418609963650698,0.25534477592228705,0.24532209662587548,PCA,-0.010022679296411569,-0.010022679296411569,0.06014876801623226,0.28651622044278274,10,citF,0.9292020116666665,-0.2178,3.9796,1h_st,1h,st,6h_SI2,6h,SI2,4.1974,citF
N900_RS10195,0.08988546715405886,0.09411497255120689,0.6896479301382196,0.0882620226309169,0.08988546715405886,PCA,0.001623444523141962,0.001623444523141962,0.005852949920289993,0.6013859075073027,10,citE,0.003811014930833333,-9.0514e-06,0.1667,1h_SI5,1h,SI5,3h_st,3h,st,0.16670905139999997,citE
N900_RS10200,0.4791362995847602,0.5218047922717665,0.6254668415235456,0.4741170917720252,0.4791362995847602,PCA,0.00501920781273496,0.00501920781273496,0.04768770049974125,0.15134974975152038,10,citD,0.7445614516666665,-0.88296,4.6647,12h_st,12h,st,6h_ce,6h,ce,5.54766,citD
N900_RS10205,0.422568779900756,0.4489492420957071,0.7817440016954346,0.4948360609355501,0.422568779900756,PCA,-0.07226728103479413,-0.07226728103479413,-0.045886818839843024,0.28690794075988446,10,citC,-0.24613621666666669,-1.6077,3.4178,6h_SI1,6h,SI1,6h_SI3,6h,SI3,5.0255,citC
N900_RS10210,0.3231976038620014,0.37764510861742334,0.49913251848850393,0.36953889591972017,0.3231976038620014,PCA,-0.04634129205771875,-0.04634129205771875,0.008106212697703175,0.12959362256878376,10,citS,0.48332815500000004,-0.98223,3.7122,3h_SI4,3h,SI4,1h_co,1h,co,4.6944300000000005,citS
N900_RS10215,0.24316581126084055,0.2712365074527856,0.368020075841549,0.16343897275708902,0.24316581126084055,PCA,0.07972683850375153,0.07972683850375153,0.10779753469569658,0.20458110308445998,10,sodium pump decarboxylase,1.00029385,-0.59927,3.4684,6h_st,6h,st,6h_ce,6h,ce,4.06767,sodium pump decarboxylase
N900_RS10220,0.2271173377536991,0.19190049244719207,0.40348933381013885,0.1603110150352933,0.19190049244719207,CP,0.03158947741189877,0.06680632271840581,0.03158947741189877,0.24317831877484555,10,oadA_1,0.7096458478333333,-0.50265,3.7897,3h_st,3h,st,3h_SI5,3h,SI5,4.29235,oadA_1
N900_RS10225,0.16613224202915225,0.1383776144727376,0.36453211899119026,0.1720619725561569,0.1383776144727376,CP,-0.0336843580834193,-0.005929730527004656,-0.0336843580834193,0.19247014643503335,10,oadB,0.6906882616666667,-0.57554,3.6876,1h_st,1h,st,3h_SI2,3h,SI2,4.26314,oadB
N900_RS10230,0.32727278860816933,0.4013522772693545,0.5659886446135164,0.3064273482247581,0.32727278860816933,PCA,0.02084544038341124,0.02084544038341124,0.09492492904459643,0.2595612963887583,10,citA,1.5451176666666666,-0.60655,4.5883,12h_SI1,12h,SI1,1h_ce,1h,ce,5.194850000000001,citA
N900_RS10235,0.19138718373784813,0.22763158084044305,0.36486173475368777,0.20280934152763608,0.19138718373784813,PCA,-0.011422157789787946,-0.011422157789787946,0.02482223931280697,0.1620523932260517,10,dpiA,1.2230958033333335,-1.0556,4.9234,1h_co,1h,co,3h_SI1,3h,SI1,5.979,dpiA
N900_RS10245,0.31356201673615425,0.18409756210555586,0.5486679247798614,0.3165838863981372,0.18409756210555586,CP,-0.13248632429258136,-0.003021869661982979,-0.13248632429258136,0.23208403838172414,10,"DOPA 4,5-dioxygenase",0.56065045,-1.0115,2.8397,3h_ce,3h,ce,6h_SI3,6h,SI3,3.8512000000000004,"DOPA 4,5-dioxygenase"
N900_RS10250,0.33488761124180894,0.2951377825656103,0.5058710677353423,0.35937602582153083,0.2951377825656103,CP,-0.06423824325592054,-0.024488414579721896,-0.06423824325592054,0.14649504191381146,10,dsdC_1,0.7503687666666666,-0.5787,2.9453,6h_st,6h,st,6h_SI3,6h,SI3,3.524,dsdC_1
N900_RS10255,0.4883235510518463,0.5286883063153394,0.7319380682810963,0.47591630302738447,0.4883235510518463,PCA,0.012407248024461859,0.012407248024461859,0.052772003287954894,0.25602176525371184,10,dadA1,1.2735596233333333,-0.54835,6.0066,3h_SI5,3h,SI5,12h_st,12h,st,6.55495,dadA1
N900_RS10260,0.4066679842118785,0.4312046017147908,0.6452205034966383,0.4997701840215148,0.4066679842118785,PCA,-0.0931021998096363,-0.0931021998096363,-0.068565582306724,0.1454503194751235,10,acp,0.5481384933333333,-0.95632,4.2385,6h_SI1,6h,SI1,1h_SI1,1h,SI1,5.19482,acp
N900_RS10265,0.10241757720380469,0.11788698954186573,0.20046463064234546,0.10417303950425053,0.10241757720380469,PCA,-0.0017554623004458342,-0.0017554623004458342,0.013713950037615205,0.09629159113809493,10,yjcS,0.855433515,-0.62998,3.6278,3h_ce,3h,ce,3h_SI2,3h,SI2,4.25778,yjcS
N900_RS10270,0.20603249607836652,0.2506441940141,0.3329622483637306,0.15886637445757862,0.20603249607836652,PCA,0.0471661216207879,0.0471661216207879,0.09177781955652137,0.174095873906152,10,leuO_2,1.05003905,-0.69579,3.4211,3h_ce,3h,ce,3h_SI3,3h,SI3,4.11689,leuO_2
N900_RS10275,0.2837525539350633,0.2497251010492239,0.44397407714824305,0.19539574552859118,0.2497251010492239,CP,0.05432935552063273,0.08835680840647214,0.05432935552063273,0.24857833161965187,10,vibriobactin biosynthesis 4\'-phosphopantetheinyl transferase VibD,0.8554394166666667,-0.8837,3.8415,6h_SI1,6h,SI1,3h_SI5,3h,SI5,4.7252,vibriobactin biosynthesis 4\'-phosphopantetheinyl transferase VibD
N900_RS10280,0.7948768099134518,0.8312534443841073,0.9107825381491632,0.760157557713832,0.7948768099134518,PCA,0.0347192521996198,0.0347192521996198,0.07109588667027533,0.15062498043533123,10,fepC,0.21298124999999998,-2.4939,4.2221,6h_SI5,6h,SI5,12h_SI3,12h,SI3,6.716,fepC
N900_RS10285,0.2672066685166685,0.30562703653615997,0.36628259465840046,0.12846332387511902,0.2672066685166685,PCA,0.1387433446415495,0.1387433446415495,0.17716371266104095,0.23781927078328144,10,fepG,0.5868479583333333,-0.76997,2.9517,1h_st,1h,st,1h_ce,1h,ce,3.7216700000000005,fepG
N900_RS10290,0.23499831822118503,0.22350678561218607,0.3661306678029242,0.1155786223250499,0.22350678561218607,CP,0.10792816328713617,0.11941969589613513,0.10792816328713617,0.2505520454778743,10,yfiZ,1.7708784166666667,-0.041706,5.573,1h_SI5,1h,SI5,6h_SI2,6h,SI2,5.614706,yfiZ
N900_RS10295,0.3509728808747839,0.3825093875171795,0.44731431324211085,0.3037863114300247,0.3509728808747839,PCA,0.047186569444759185,0.047186569444759185,0.07872307608715479,0.14352800181208614,10,fepB,0.7231161448333333,-0.55209,4.3645,12h_SI7,12h,SI7,3h_st,3h,st,4.916589999999999,fepB
N900_RS10300,0.2553014254085117,0.34429037400882073,0.5885194383456145,0.2748697788246668,0.2553014254085117,PCA,-0.019568353416155093,-0.019568353416155093,0.06942059518415394,0.3136496595209477,10,vibH,1.49211425,0.051757,4.5359,1h_SI6,1h,SI6,6h_SI4,6h,SI4,4.4841429999999995,vibH
N900_RS10305,0.15285847391732216,0.25908650185877413,0.391173974283977,0.09212508089641495,0.15285847391732216,PCA,0.0607333930209072,0.0607333930209072,0.16696142096235916,0.299048893387562,10,dhbA,1.6468398833333333,0.059113,5.3491,1h_SI5,1h,SI5,6h_ce,6h,ce,5.289987,dhbA
N900_RS10315,0.3028296459756386,0.3710312972417525,0.710519428420073,0.2424180381838069,0.3028296459756386,PCA,0.06041160779183172,0.06041160779183172,0.1286132590579456,0.46810139023626607,10,dhbE,0.7311756350000002,-1.3366,4.6188,6h_SI2,6h,SI2,3h_SI4,3h,SI4,5.9554,dhbE
N900_RS10320,0.5285043951120625,0.4640155282153662,0.7988304313978692,0.49835210497328775,0.4640155282153662,CP,-0.034336576757921566,0.03015229013877474,-0.034336576757921566,0.3004783264245815,10,vibB,0.5342403033333334,-1.0229,4.3948,24h_SI2,24h,SI2,12h_SI1,12h,SI1,5.4177,vibB
N900_RS10325,0.43158494194997926,0.3801834947237818,0.6110534223012299,0.45444930285466717,0.3801834947237818,CP,-0.07426580813088535,-0.022864360904687908,-0.07426580813088535,0.15660411944656277,10,satP,0.43157298333333327,-0.63783,2.842,3h_SI6,3h,SI6,6h_st,6h,st,3.47983,satP
N900_RS10330,0.16395059708660886,0.17044852487548037,0.32225992050925506,0.1405759890257033,0.16395059708660886,PCA,0.02337460806090555,0.02337460806090555,0.02987253584977706,0.18168393148355175,10,carbohydrate-binding protein,1.0459800333333333,-0.17328,3.6814,3h_st,3h,st,6h_st,6h,st,3.85468,carbohydrate-binding protein
N900_RS10335,0.24245782013095596,0.1818953173947482,0.3393246988458923,0.14458273964784069,0.1818953173947482,CP,0.03731257774690752,0.09787508048311527,0.03731257774690752,0.1947419591980516,10,guaA,-2.461274333333334,-5.1525,0.92829,12h_ce,12h,ce,1h_ce,1h,ce,6.0807899999999995,guaA
N900_RS10340,0.26155836396206034,0.2044628601831569,0.3362179509965225,0.15944181087102988,0.2044628601831569,CP,0.045021049312127026,0.10211655309103046,0.045021049312127026,0.17677614012549264,10,guaB,-2.5002714999999993,-5.2413,0.43624,12h_ce,12h,ce,1h_SI2,1h,SI2,5.67754,guaB
N900_RS10345,0.2254074864059815,0.25694909179262376,0.41805101529208727,0.23358747766913027,0.2254074864059815,PCA,-0.008179991263148778,-0.008179991263148778,0.023361614123493496,0.184463537622957,10,xseA,0.7193732866666667,-1.1213,3.7351,24h_co,24h,co,6h_st,6h,st,4.8564,xseA
N900_RS10350,0.2842162340439504,0.35787372672145806,0.4024022032404595,0.22390984662192617,0.2842162340439504,PCA,0.06030638742202424,0.06030638742202424,0.1339638800995319,0.17849235661853333,10,N900_RS10350,0.5711706716666665,-0.93289,3.7913,1h_co,1h,co,6h_ce,6h,ce,4.72419,N900_RS10350
N900_RS10355,0.28859351174823217,0.36251638556384447,0.46819969619739676,0.2665857706820908,0.28859351174823217,PCA,0.022007741066141395,0.022007741066141395,0.0959306148817537,0.201613925515306,10,alanyl-tRNA editing protein,1.7071510000000003,0.20931,5.0487,3h_ce,3h,ce,3h_SI3,3h,SI3,4.83939,alanyl-tRNA editing protein
N900_RS10370,0.6983530535656354,0.76654127230403,0.8146263864979538,0.5734334061361569,0.6983530535656354,PCA,0.12491964742947848,0.12491964742947848,0.19310786616787312,0.24119298036179693,10,membrane protein_4,0.12622306666666663,-1.79,4.5876,1h_co,1h,co,12h_st,12h,st,6.3776,membrane protein_4
N900_RS10385,0.11070861022516561,0.1724056894104333,0.14659725932495926,0.037990396295902576,0.11070861022516561,PCA,0.07271821392926303,0.07271821392926303,0.1344152931145307,0.10860686302905669,10,rodZ,1.8684183000000003,-0.052042,4.043,12h_SI7,12h,SI7,12h_st,12h,st,4.095042,rodZ
N900_RS10390,0.5384045100419683,0.549112779254148,0.7978074959804039,0.4371477061103726,0.5384045100419683,PCA,0.1012568039315957,0.1012568039315957,0.1119650731437754,0.3606597898700313,10,rlmn,0.46516365,-1.0145,3.7412,12h_st,12h,st,1h_st,1h,st,4.7557,rlmn
N900_RS10395,0.46745750537299363,0.46710743648163333,0.5667498915651443,0.44113418447683495,0.46710743648163333,CP,0.025973252004798386,0.026323320896158686,0.025973252004798386,0.12561570708830938,10,ndk,0.9319866666666666,-2.1215,5.3758,24h_SI3,24h,SI3,3h_st,3h,st,7.4973,ndk
N900_RS10400,0.2190653154019248,0.21740093271542058,0.361785439911844,0.26017314935057523,0.21740093271542058,CP,-0.04277221663515465,-0.04110783394865042,-0.04277221663515465,0.10161229056126875,10,pepB,0.8261458500000001,-0.60498,3.4387,3h_co,3h,co,3h_SI2,3h,SI2,4.04368,pepB
N900_RS10405,0.48093984438809645,0.5637924665066768,0.8375337521693326,0.44381464293723594,0.48093984438809645,PCA,0.03712520145086051,0.03712520145086051,0.11997782356944087,0.39371910923209663,10,iscX,0.9174147883333336,-1.2759,4.0155,3h_ce,3h,ce,3h_SI5,3h,SI5,5.2914,iscX
N900_RS10440,0.2435818186528291,0.2803540373728258,0.48635448886048077,0.29066478356184794,0.2435818186528291,PCA,-0.04708296490901884,-0.04708296490901884,-0.010310746189022113,0.19568970529863283,10,iscR,0.33505437166666663,-1.9974,3.3333,3h_co,3h,co,3h_SI4,3h,SI4,5.3307,iscR
N900_RS10445,0.3383590241014938,0.3435257604210039,0.5929645695680805,0.20509971762127904,0.3383590241014938,PCA,0.13325930648021478,0.13325930648021478,0.13842604279972487,0.3878648519468015,10,trmJ,0.6605657666666666,-0.90209,4.3351,12h_SI3,12h,SI3,6h_ce,6h,ce,5.23719,trmJ
N900_RS10455,0.32646971272430264,0.36723504030715165,0.463572736210739,0.37380624070287133,0.32646971272430264,PCA,-0.04733652797856869,-0.04733652797856869,-0.0065712003957196785,0.0897664955078677,10,secF_1,0.6843437333333334,-0.71,3.9036,6h_st,6h,st,6h_ce,6h,ce,4.6136,secF_1
N900_RS10460,0.3971722977042999,0.5890724503028735,0.8048140950562218,0.5213077507666533,0.3971722977042999,PCA,-0.12413545306235335,-0.12413545306235335,0.06776469953622022,0.28350634428956856,10,secD_1,0.7243008999999999,-0.73449,3.6085,6h_SI2,6h,SI2,3h_SI5,3h,SI5,4.3429899999999995,secD_1
N900_RS10465,0.334002046203242,0.33300783968025505,0.5175167818597382,0.28056359026462374,0.33300783968025505,CP,0.052444249415631305,0.053438455938618235,0.052444249415631305,0.2369531915951144,10,yajC,0.7856455733333333,-0.56123,3.3773,6h_st,6h,st,3h_SI4,3h,SI4,3.93853,yajC
N900_RS10470,0.40653187253968515,0.35503085930724654,0.651061684003503,0.40018784819003556,0.35503085930724654,CP,-0.04515698888278902,0.006344024349649591,-0.04515698888278902,0.2508738358134674,10,tgt,-0.6090895666666666,-2.1984,1.6215,3h_SI6,3h,SI6,6h_SI2,6h,SI2,3.8198999999999996,tgt
N900_RS10475,0.4262265900907359,0.4931988038278607,0.7093171758128591,0.48279905774153725,0.4262265900907359,PCA,-0.05657246765080137,-0.05657246765080137,0.010399746086323436,0.22651811807132188,10,N900_RS10475,-0.3738963333333334,-2.4991,3.7558,6h_SI5,6h,SI5,12h_SI1,12h,SI1,6.254899999999999,N900_RS10475
N900_RS10480,0.27847542151855087,0.26766327056766936,0.5252441469064307,0.18571372496028926,0.26766327056766936,CP,0.0819495456073801,0.09276169655826161,0.0819495456073801,0.33953042194614147,10,queA,1.0673871283333332,-0.45188,3.864,3h_SI4,3h,SI4,3h_SI1,3h,SI1,4.31588,queA
N900_RS10485,0.488907940016597,0.6487298513383711,0.8095665641238355,0.5327849699730082,0.488907940016597,PCA,-0.043877029956411184,-0.043877029956411184,0.11594488136536296,0.27678159415082737,10,"acetoin utilization protein AcuB, putative",0.6086582933333334,-1.6829,4.3271,12h_SI1,12h,SI1,3h_SI5,3h,SI5,6.01,"acetoin utilization protein AcuB, putative"
N900_RS10490,0.2993147380080579,0.25213910323389666,0.543839317180064,0.2760725878994917,0.25213910323389666,CP,-0.02393348466559503,0.02324215010856623,-0.02393348466559503,0.26776672928057227,10,aceA,0.7124579333333333,-0.80089,4.0048,3h_SI2,3h,SI2,3h_SI1,3h,SI1,4.80569,aceA
N900_RS10495,0.17817981226244417,0.16824160585170153,0.36101356569017434,0.14347052887325593,0.16824160585170153,CP,0.024771076978445605,0.034709283389188245,0.024771076978445605,0.21754303681691842,10,malate synthase A,0.8153005333333333,-0.72766,4.1538,12h_st,12h,st,3h_SI1,3h,SI1,4.881460000000001,malate synthase A
N900_RS10500,0.5241306357418479,0.5909915879565681,0.7872213269305435,0.6518309918887506,0.5241306357418479,PCA,-0.12770035614690267,-0.12770035614690267,-0.060839403932182456,0.13539033504179288,10,oxyR_2,0.6349551666666667,-0.60333,5.3903,6h_SI4,6h,SI4,6h_SI2,6h,SI2,5.99363,oxyR_2
N900_RS10505,0.5036141635549571,0.50411539717154,0.682742848189051,0.536753807559715,0.5036141635549571,PCA,-0.033139644004757884,-0.033139644004757884,-0.032638410388175054,0.14598904062933593,10,ahpC,1.4291768500000002,-1.364,5.3442,6h_co,6h,co,3h_SI2,3h,SI2,6.7082,ahpC
N900_RS10510,0.3785464241606782,0.4382319056610714,0.6830903378904986,0.330459812329169,0.3785464241606782,PCA,0.048086611831509196,0.048086611831509196,0.10777209333190241,0.35263052556132957,10,cutc,0.25129931833333335,-2.1171,3.5805,6h_SI6,6h,SI6,3h_SI3,3h,SI3,5.6975999999999996,cutc
N900_RS10515,0.28951531584356355,0.3152682091765942,0.6973264645671708,0.2697898060762191,0.28951531584356355,PCA,0.01972550976734444,0.01972550976734444,0.0454784031003751,0.42753665849095174,10,ppk2,0.7086226166666667,-1.0966,4.6843,6h_SI1,6h,SI1,6h_st,6h,st,5.780900000000001,ppk2
N900_RS10520,0.3409483154384636,0.36618662293373816,0.34348474513811855,0.30049745494921426,0.3409483154384636,PCA,0.04045086048924934,0.04045086048924934,0.0656891679845239,0.04298729018890429,10,phoU,0.5506144333333333,-1.8346,3.6372,12h_ce,12h,ce,12h_SI1,12h,SI1,5.4718,phoU
N900_RS10525,0.2303807536210629,0.23416465213963258,0.244157973176909,0.2064271101276607,0.2303807536210629,PCA,0.023953643493402177,0.023953643493402177,0.027737542011971872,0.037730863049248275,10,pstB,0.1757820833333333,-1.8783,2.3586,6h_SI8,6h,SI8,1h_co,1h,co,4.2369,pstB
N900_RS10530,0.5719209214700227,0.6254990036379344,0.6349191830143552,0.59050401169595,0.5719209214700227,PCA,-0.0185830902259273,-0.0185830902259273,0.03499499194198441,0.04441517131840522,10,pstA_1,-0.602148235,-2.6707,3.5502,6h_SI7,6h,SI7,6h_SI3,6h,SI3,6.2209,pstA_1
N900_RS10535,0.5223343961569317,0.6045469436452116,0.7144110962015866,0.6046165838456924,0.5223343961569317,PCA,-0.08228218768876072,-0.08228218768876072,-6.964020048083608e-05,0.10979451235589421,10,ABC transporter permease subunit,0.8301080166666668,-1.2529,3.6158,6h_SI6,6h,SI6,12h_SI2,12h,SI2,4.8687000000000005,ABC transporter permease subunit
N900_RS10540,0.1653069281962626,0.21107793937394448,0.43336246984411003,0.1647273050707686,0.1653069281962626,PCA,0.0005796231254940054,0.0005796231254940054,0.046350634303175875,0.26863516477334143,10,ppk,0.9519073166666665,-0.59506,3.3621,12h_st,12h,st,3h_SI1,3h,SI1,3.95716,ppk
N900_RS10545,0.31516501491244775,0.37747738392125374,0.43164931155519165,0.3166519933370428,0.31516501491244775,PCA,-0.0014869784245950535,-0.0014869784245950535,0.06082539058421094,0.11499731821814885,10,ppx,-0.7627546066666666,-2.6007,2.5628,6h_SI5,6h,SI5,1h_ce,1h,ce,5.1635,ppx
N900_RS10550,0.24442523287671747,0.2975500259063087,0.46557987625340697,0.18441532061421148,0.24442523287671747,PCA,0.06000991226250599,0.06000991226250599,0.11313470529209721,0.2811645556391955,10,pstS_1,0.136041615,-1.5951,3.1004,1h_st,1h,st,3h_SI4,3h,SI4,4.6955,pstS_1
N900_RS10555,0.1622795538854798,0.1606928687828165,0.4513189379825666,0.16431026280529776,0.1606928687828165,CP,-0.003617394022481263,-0.002030708919817964,-0.003617394022481263,0.28700867517726886,10,phoR,-0.37751305,-2.7717,5.157,12h_SI8,12h,SI8,6h_st,6h,st,7.9287,phoR
N900_RS10560,0.2852473530993622,0.3074839222210519,0.41562477830881844,0.2091888922899677,0.2852473530993622,PCA,0.07605846080939452,0.07605846080939452,0.09829502993108422,0.20643588601885074,10,phoB,-1.8571527500000002,-5.4058,3.2188,12h_SI6,12h,SI6,3h_SI4,3h,SI4,8.624600000000001,phoB
N900_RS10565,0.1613096457651107,0.16018221509530856,0.3747877025076179,0.1770559036651401,0.16018221509530856,CP,-0.01687368856983154,-0.015746257900029398,-0.01687368856983154,0.1977317988424778,10,rdgC,1.1877280799999999,-0.16884,4.4638,6h_st,6h,st,3h_SI2,3h,SI2,4.63264,rdgC
N900_RS10570,0.15210839793530423,0.2652064717145465,0.3930449444580382,0.17545898037677884,0.15210839793530423,PCA,-0.023350582441474615,-0.023350582441474615,0.08974749133776763,0.21758596408125938,10,rlhA,1.2561173116666668,-0.24587,4.5197,3h_SI4,3h,SI4,3h_SI2,3h,SI2,4.76557,rlhA
N900_RS10575,0.4702956192069482,0.5438973207645706,0.7307133267723539,0.42470061877036314,0.4702956192069482,PCA,0.04559500043658504,0.04559500043658504,0.11919670199420751,0.30601270800199076,10,yfhl,1.246023183333333,-0.57348,6.3936,24h_SI1,24h,SI1,6h_SI2,6h,SI2,6.96708,yfhl
N900_RS10580,0.13469842490922776,0.14594824066984316,0.28409236377520575,0.13372744669140338,0.13469842490922776,PCA,0.0009709782178243809,0.0009709782178243809,0.012220793978439781,0.15036491708380237,10,nfsA,1.6759806666666668,0.13171,4.5403,1h_SI6,1h,SI6,3h_SI1,3h,SI1,4.40859,nfsA
N900_RS10585,0.20969685341367858,0.21439295607610348,0.4166188591306055,0.1528987997170841,0.20969685341367858,PCA,0.05679805369659449,0.05679805369659449,0.06149415635901939,0.2637200594135214,10,N900_RS10585,0.8594733166666667,-0.5367,3.1927,12h_st,12h,st,3h_st,3h,st,3.7294,N900_RS10585
N900_RS10615,0.45529459759740026,0.5177273040442935,0.6495728487128857,0.43728277121494397,0.45529459759740026,PCA,0.018011826382456297,0.018011826382456297,0.08044453282934949,0.2122900774979417,10,clpB,0.39848543333333336,-1.4682,4.0205,12h_st,12h,st,3h_SI2,3h,SI2,5.4887,clpB
N900_RS10620,0.1962720405275474,0.1835629066191157,0.5950040728687679,0.18047803982816735,0.1835629066191157,CP,0.003084866790948354,0.015794000699380056,0.003084866790948354,0.41452603304060054,10,pgeF,0.010234400833333332,0.00081172,0.15932,6h_st,6h,st,3h_st,3h,st,0.15850828,pgeF
N900_RS10625,0.38881826873557945,0.41157094077107825,0.6914672056001412,0.4102730743516501,0.38881826873557945,PCA,-0.02145480561607066,-0.02145480561607066,0.0012978664194281397,0.2811941312484911,10,rluD,-0.10167664999999998,-1.9778,4.9014,6h_SI6,6h,SI6,12h_SI2,12h,SI2,6.8792,rluD
N900_RS10635,0.4391032855414702,0.3775202092889396,0.8856761230094893,0.3657662951546633,0.3775202092889396,CP,0.011753914134276289,0.07333699038680691,0.011753914134276289,0.519909827854826,10,raiA,0.9942305166666665,-1.1243,6.038,1h_SI2,1h,SI2,6h_st,6h,st,7.1623,raiA
N900_RS10640,0.4432655430954401,0.5423224327580005,0.6858019485202808,0.48110473350163735,0.4432655430954401,PCA,-0.037839190406197265,-0.037839190406197265,0.06121769925636317,0.2046972150186434,10,pheA,0.65419355,-0.98323,4.5567,6h_SI3,6h,SI3,12h_SI1,12h,SI1,5.53993,pheA
N900_RS10645,0.2528068217680402,0.3134770116394011,0.41003519428216695,0.217890552648665,0.2528068217680402,PCA,0.034916269119375204,0.034916269119375204,0.09558645899073612,0.19214464163350195,10,spuD,0.9756478036666666,-0.41492,3.874,3h_st,3h,st,3h_SI2,3h,SI2,4.28892,spuD
N900_RS10650,0.13157119469448922,0.12611342016882707,0.22069917029006852,0.08698588002041824,0.12611342016882707,CP,0.03912754014840883,0.04458531467407098,0.03912754014840883,0.1337132902696503,10,mbaA,1.4215278516666667,-0.20788,4.767,1h_SI9,1h,SI9,3h_st,3h,st,4.974880000000001,mbaA
N900_RS10655,0.21370943508741785,0.22392792929417446,0.3279559669719665,0.15055459898747026,0.21370943508741785,PCA,0.0631548360999476,0.0631548360999476,0.0733733303067042,0.17740136798449624,10,yjjX,1.2749081666666666,-0.18479,4.2971,3h_st,3h,st,3h_SI4,3h,SI4,4.48189,yjjX
N900_RS10660,0.4445365545412745,0.4619777231505859,0.8616657703827837,0.4620989735667337,0.4445365545412745,PCA,-0.017562419025459186,-0.017562419025459186,-0.00012125041614780008,0.39956679681605,10,trpR,0.81690325,-0.46735,5.6671,1h_SI5,1h,SI5,6h_SI2,6h,SI2,6.134449999999999,trpR
N900_RS10665,0.09152817247625197,0.09438301950631663,0.25785068849284654,0.09666673744381934,0.09152817247625197,PCA,-0.005138564967567372,-0.005138564967567372,-0.002283717937502719,0.1611839510490272,10,sltY,1.2524905166666664,-0.26201,4.4344,1h_st,1h,st,3h_SI3,3h,SI3,4.69641,sltY
N900_RS10670,0.4531330947671886,0.5208287331247923,0.7164297490933614,0.47222885467070896,0.4531330947671886,PCA,-0.01909575990352036,-0.01909575990352036,0.04859987845408331,0.24420089442265247,10,ettA,-0.15026375000000003,-1.9512,2.8951,12h_SI2,12h,SI2,6h_st,6h,st,4.846299999999999,ettA
N900_RS10675,0.15986415433684326,0.1680096067328837,0.28462297721380464,0.17306965747270603,0.15986415433684326,PCA,-0.013205503135862773,-0.013205503135862773,-0.005060050739822325,0.11155331974109861,10,N900_RS10675,1.0039942966666666,-0.4473,3.4993,3h_st,3h,st,6h_SI2,6h,SI2,3.9465999999999997,N900_RS10675
N900_RS10680,0.38738819623465476,0.2895798561504606,0.47307721446949885,0.32768440925516734,0.2895798561504606,CP,-0.03810455310470673,0.05970378697948742,-0.03810455310470673,0.1453928052143315,10,tyrA,1.0379978183333334,-1.1386,4.8395,1h_SI1,1h,SI1,1h_st,1h,st,5.9781,tyrA
N900_RS10685,0.19520390963437637,0.243668923585724,0.37862253703018894,0.2738988149727501,0.19520390963437637,PCA,-0.07869490533837373,-0.07869490533837373,-0.030229891387026087,0.10472372205743885,10,aroF,1.2231554433333331,-0.30978,4.4271,12h_st,12h,st,3h_SI1,3h,SI1,4.73688,aroF
N900_RS10690,0.1573954948593789,0.17410834677312773,0.28129869132000385,0.13941273171119642,0.1573954948593789,PCA,0.01798276314818248,0.01798276314818248,0.034695615061931306,0.14188595960880743,10,btsS,1.9919808333333333,0.082042,5.3537,1h_SI7,1h,SI7,6h_st,6h,st,5.2716579999999995,btsS
N900_RS10695,0.40942128509081716,0.6176970350889593,0.9219368914727428,0.527131559794978,0.40942128509081716,PCA,-0.1177102747041609,-0.1177102747041609,0.09056547529398129,0.39480533167776477,10,yehT_1,0.48096748333333333,-1.0424,3.3784,6h_ce,6h,ce,3h_SI4,3h,SI4,4.4208,yehT_1
N900_RS10700,0.3224194780796971,0.3150959795477831,0.4532190006900653,0.26993642907495985,0.3150959795477831,CP,0.04515955047282327,0.05248304900473727,0.04515955047282327,0.18328257161510547,10,nagZ,0.09677443333333334,-1.5042,3.0174,6h_SI1,6h,SI1,1h_SI1,1h,SI1,4.521599999999999,nagZ
N900_RS10705,0.1985094381733799,0.22422307595572197,0.31377779210740175,0.23098216519506273,0.1985094381733799,PCA,-0.03247272702168283,-0.03247272702168283,-0.006759089239340765,0.08279562691233902,10,anmK,0.8871709581666667,-0.79866,3.4368,6h_st,6h,st,1h_SI1,1h,SI1,4.23546,anmK
N900_RS10710,0.14360808392332977,0.1976201127328695,0.4904833793746052,0.12861812038401574,0.14360808392332977,PCA,0.014989963539314033,0.014989963539314033,0.06900199234885376,0.3618652589905894,10,murQ_1,1.3019681,-0.69452,4.5835,6h_SI2,6h,SI2,3h_SI2,3h,SI2,5.27802,murQ_1
N900_RS10715,0.23496583761668663,0.22153624275042225,0.5242778951008016,0.22187487864357922,0.22153624275042225,CP,-0.00033863589315696885,0.013090958973107414,-0.00033863589315696885,0.30240301645722234,10,nhaP2_2,1.5082248333333332,-0.14598,4.9172,1h_SI7,1h,SI7,6h_SI1,6h,SI1,5.06318,nhaP2_2
N900_RS10720,0.1618215471177587,0.21086238443564126,0.3905838707824792,0.13736555223651942,0.1618215471177587,PCA,0.024455994881239285,0.024455994881239285,0.07349683219912184,0.2532183185459598,10,N900_RS10720,1.461934133333333,-0.79743,4.4822,1h_ce,1h,ce,12h_SI1,12h,SI1,5.27963,N900_RS10720
N900_RS10725,0.2622703148265958,0.22007434754235292,0.42302053141117807,0.14881237411494927,0.22007434754235292,CP,0.07126197342740365,0.11345794071164653,0.07126197342740365,0.2742081572962288,10,carbon starvation protein A,1.2142237999999999,-0.12666,4.0181,3h_SI1,3h,SI1,1h_st,1h,st,4.14476,carbon starvation protein A
N900_RS10735,0.28487177010248677,0.3107791674410226,0.6225612482147247,0.3210663075368347,0.28487177010248677,PCA,-0.03619453743434792,-0.03619453743434792,-0.010287140095812108,0.30149494067789,10,fkpB,1.2847738666666666,-0.17285,4.504,1h_SI3,1h,SI3,3h_SI2,3h,SI2,4.67685,fkpB
N900_RS10765,0.5295437350616045,0.4491674450922308,0.7008052470198372,0.4880341051548571,0.4491674450922308,CP,-0.038866660062626346,0.041509629906747336,-0.038866660062626346,0.21277114186498003,10,winged helix-turn-helix transcriptional regulator,0.21679090166666662,-1.551,3.4278,6h_SI2,6h,SI2,6h_SI4,6h,SI4,4.9788,winged helix-turn-helix transcriptional regulator
N900_RS10770,0.3868339686829016,0.41084725717300313,0.5562586120695255,0.28852135399321577,0.3868339686829016,PCA,0.09831261468968583,0.09831261468968583,0.12232590317978737,0.26773725807630977,10,nhaR,0.8342503000000001,-0.72356,3.5447,3h_co,3h,co,3h_st,3h,st,4.26826,nhaR
N900_RS10775,0.42392061702619593,0.3915919427527722,0.5804557249104081,0.40613502802607326,0.3915919427527722,CP,-0.01454308527330106,0.01778558900012267,-0.01454308527330106,0.17432069688433482,10,nptA protein,0.8653220833333334,-0.59151,4.5301,6h_SI1,6h,SI1,6h_SI4,6h,SI4,5.12161,nptA protein
N900_RS10790,0.18434217292798588,0.19897093740039234,0.3899530689823029,0.19518360270011434,0.18434217292798588,PCA,-0.010841429772128458,-0.010841429772128458,0.0037873347002780056,0.19476946628218858,10,Probable membrane transporter protein HI_0902_BLAST,2.112597333333333,0.48427,4.8625,1h_SI7,1h,SI7,12h_SI3,12h,SI3,4.37823,Probable membrane transporter protein HI_0902_BLAST
N900_RS10795,0.1364778073551696,0.11313658066002033,0.2127137026371665,0.13288142541784492,0.11313658066002033,CP,-0.019744844757824592,0.003596381937324672,-0.019744844757824592,0.07983227721932157,10,ptsP,1.174593205,-0.58965,4.3913,1h_st,1h,st,3h_SI1,3h,SI1,4.98095,ptsP
N900_RS10800,0.5262485822654753,0.5502190723189065,0.7360183998770726,0.505185499983384,0.5262485822654753,PCA,0.021063082282091306,0.021063082282091306,0.04503357233552252,0.2308328998936886,10,rppH,-0.37369985000000006,-2.3278,2.4212,3h_SI9,3h,SI9,3h_SI5,3h,SI5,4.749,rppH
N900_RS10810,0.10780862642155767,0.10971648634432077,0.24495221321358107,0.19247672979319405,0.10780862642155767,PCA,-0.08466810337163638,-0.08466810337163638,-0.08276024344887328,0.05247548342038702,10,mutH,0.7047311666666667,-0.77214,4.4458,3h_ce,3h,ce,6h_st,6h,st,5.2179400000000005,mutH
N900_RS10815,0.3230532855329936,0.34513880202988106,0.7359425879331629,0.30191640663000185,0.3230532855329936,PCA,0.021136878902991763,0.021136878902991763,0.04322239539987921,0.43402618130316106,10,NADP(H)-dependent aldo-keto reductase,-0.012081716666666641,-1.7543,3.1029,6h_SI2,6h,SI2,3h_SI2,3h,SI2,4.8572,NADP(H)-dependent aldo-keto reductase
N900_RS10820,0.33297601237393365,0.45662210392484115,0.663748890131205,0.29008216580818674,0.33297601237393365,PCA,0.04289384656574691,0.04289384656574691,0.1665399381166544,0.37366672432301823,10,N900_RS10820,0.28918889833333333,-1.0898,3.9031,6h_SI4,6h,SI4,12h_SI1,12h,SI1,4.9929,N900_RS10820
N900_RS10825,0.13354039172110393,0.12615955413888136,0.1962633319971944,0.13514148488592903,0.12615955413888136,CP,-0.008981930747047673,-0.001601093164825096,-0.008981930747047673,0.061121847111265365,10,vpsR,1.4516895,0.13202,4.0584,1h_SI7,1h,SI7,3h_SI1,3h,SI1,3.92638,vpsR
N900_RS10840,0.5966261061697231,0.6325054763510993,0.9103677590752633,0.6298887969488774,0.5966261061697231,PCA,-0.033262690779154336,-0.033262690779154336,0.0026166794022218776,0.2804789621263859,10,brnQ,0.6420281783333333,-1.4047,4.9276,6h_SI2,6h,SI2,1h_co,1h,co,6.3323,brnQ
N900_RS10845,0.41074883852725824,0.42858186033171464,0.8209981662818847,0.3333434905716389,0.41074883852725824,PCA,0.07740534795561932,0.07740534795561932,0.09523836976007571,0.4876546757102458,10,tRNA1(Val) (adenine(37)-N6)-methyltransferase,0.9199837166666668,-0.6749,3.8528,6h_SI4,6h,SI4,12h_SI3,12h,SI3,4.527699999999999,tRNA1(Val) (adenine(37)-N6)-methyltransferase
N900_RS10850,0.5045907219010769,0.45800832120980867,0.7540664108272838,0.3867122980889877,0.45800832120980867,CP,0.07129602312082095,0.11787842381208918,0.07129602312082095,0.36735411273829605,10,srmB,0.9298115916666668,-1.6446,6.8322,3h_SI6,3h,SI6,1h_st,1h,st,8.4768,srmB
N900_RS10855,0.16704370097836221,0.20515235823102274,0.4589241741533416,0.2147842097968444,0.16704370097836221,PCA,-0.047740508818482186,-0.047740508818482186,-0.009631851565821664,0.24413996435649718,10,prfC,1.3836478166666666,-0.62836,3.5572,1h_SI4,1h,SI4,12h_SI1,12h,SI1,4.18556,prfC
N900_RS10880,0.34454987441453727,0.37153995083889657,0.40369574234314753,0.34415243238940113,0.34454987441453727,PCA,0.000397442025136141,0.000397442025136141,0.02738751844949544,0.059543309953746404,10,N900_RS10880,-0.6263952333333334,-2.7087,3.6446,1h_SI7,1h,SI7,6h_SI4,6h,SI4,6.3533,N900_RS10880
N900_RS10885,0.3340829607257389,0.31783100333241315,0.5144006521508309,0.2932263812328111,0.31783100333241315,CP,0.02460462209960207,0.040856579492927814,0.02460462209960207,0.22117427091801978,10,flhD,0.7052683333333333,-1.2331,2.7638,3h_SI9,3h,SI9,3h_SI5,3h,SI5,3.9969,flhD
N900_RS10890,0.47708886978019116,0.5540494752706843,0.7347683179981259,0.4361714566871592,0.47708886978019116,PCA,0.040917413093031985,0.040917413093031985,0.11787801858352509,0.29859686131096674,10,flhC,0.35851321666666663,-1.0228,4.4179,6h_SI2,6h,SI2,3h_SI6,3h,SI6,5.4407000000000005,flhC
N900_RS10895,0.37433223558135614,0.560645084841981,0.8930399479494485,0.3831324973698957,0.37433223558135614,PCA,-0.008800261788539543,-0.008800261788539543,0.17751258747208526,0.5099074505795529,10,eexS,0.06437866666666668,-1.6187,3.1684,6h_SI3,6h,SI3,3h_SI5,3h,SI5,4.787100000000001,eexS
N900_RS10900,0.28969031945230267,0.28494412267155184,0.7100102832728649,0.32485182513618877,0.28494412267155184,CP,-0.03990770246463693,-0.035161505683886096,-0.03990770246463693,0.3851584581366761,10,trag,0.3459135199999999,-1.6503,3.6511,12h_SI1,12h,SI1,3h_SI1,3h,SI1,5.3014,trag
N900_RS10905,0.4992986776612434,0.5478551536931354,0.6090367603431548,0.5152967563324318,0.4992986776612434,PCA,-0.015998078671188354,-0.015998078671188354,0.03255839736070365,0.09374000401072302,10,trah,-0.6339289333333334,-2.5796,1.8534,6h_SI5,6h,SI5,1h_co,1h,co,4.433,trah
N900_RS10910,0.5429411128060267,0.6222873827712778,0.8025663495650087,0.5837563763866915,0.5429411128060267,PCA,-0.040815263580664785,-0.040815263580664785,0.038531006384586286,0.21880997317831719,10,N900_RS10910,-0.5319431,-2.2409,2.2927,12h_SI1,12h,SI1,3h_SI5,3h,SI5,4.5336,N900_RS10910
N900_RS10915,0.20164182372794012,0.16810802676996778,0.3276327032695427,0.15201112329136643,0.16810802676996778,CP,0.01609690347860135,0.049630700436573694,0.01609690347860135,0.17562157997817626,10,xerC_2,0.8439150166666667,-1.1346,4.1703,3h_ce,3h,ce,3h_SI2,3h,SI2,5.3049,xerC_2
N900_RS10920,0.3451593507192589,0.3670791272592501,0.7120161455326588,0.4073593002330302,0.3451593507192589,PCA,-0.06219994951377128,-0.06219994951377128,-0.04028017297378006,0.3046568452996286,10,dfrA1,-0.07302023,-2.8517,3.1601,3h_SI9,3h,SI9,3h_SI1,3h,SI1,6.0118,dfrA1
N900_RS10925,0.4383708594448864,0.3297958267160385,0.9093462377770429,0.5286439520124439,0.3297958267160385,CP,-0.19884812529640533,-0.09027309256755744,-0.19884812529640533,0.3807022857645991,10,N900_RS10925,0.5767669666666667,-1.5297,3.4293,3h_SI9,3h,SI9,6h_SI2,6h,SI2,4.959,N900_RS10925
N900_RS10930,0.34656632522723213,0.42970986728082233,0.562765544849472,0.39926036306944834,0.34656632522723213,PCA,-0.05269403784221621,-0.05269403784221621,0.03044950421137399,0.1635051817800237,10,XRE family transcriptional regulator_7,0.4640263666666666,-1.5717,2.7051,6h_SI3,6h,SI3,6h_SI2,6h,SI2,4.2768,XRE family transcriptional regulator_7
N900_RS10935,0.2137904635018393,0.21522828137772432,0.37466255316897673,0.1943721643569059,0.2137904635018393,PCA,0.0194182991449334,0.0194182991449334,0.02085611702081841,0.18029038881207082,10,N900_RS10935,1.2922906666666665,-0.55182,4.4046,3h_SI9,3h,SI9,3h_st,3h,st,4.9564200000000005,N900_RS10935
N900_RS10940,0.1938857152045133,0.22604600697003355,0.4098777202987562,0.2027002601550081,0.1938857152045133,PCA,-0.008814544950494801,-0.008814544950494801,0.023345746815025437,0.20717746014374808,10,AraC family transcriptional regulator_3,1.0575942833333334,-1.0202,4.7962,3h_SI9,3h,SI9,3h_SI1,3h,SI1,5.8164,AraC family transcriptional regulator_3
N900_RS10950,0.3652156536588453,0.36197048727416675,0.6123565215523262,0.34409134804444685,0.36197048727416675,CP,0.017879139229719898,0.02112430561439843,0.017879139229719898,0.2682651735078794,10,N900_RS10950,1.07201229,-1.2305,4.1432,3h_SI9,3h,SI9,12h_SI3,12h,SI3,5.3737,N900_RS10950
N900_RS10955,0.1482973099279228,0.2735045033169781,0.5104973301597128,0.17934989412691435,0.1482973099279228,PCA,-0.03105258419899154,-0.03105258419899154,0.09415460919006377,0.3311474360327984,10,primase,0.19470681666666667,-1.3159,2.75,6h_st,6h,st,3h_SI2,3h,SI2,4.0659,primase
N900_RS10960,0.29307079567946454,0.34391629589568956,0.49545673794101497,0.2654722236698982,0.29307079567946454,PCA,0.027598572009566336,0.027598572009566336,0.07844407222579136,0.22998451427111677,10,N900_RS10960,-0.44036805833333337,-1.7118,2.7622,24h_SI8,24h,SI8,3h_SI1,3h,SI1,4.474,N900_RS10960
N900_RS10965,0.24972635194607154,0.2647024692616935,0.36531616125493555,0.2000060769844466,0.24972635194607154,PCA,0.04972027496162493,0.04972027496162493,0.06469639227724688,0.16531008427048893,10,radC_1,1.139460383333333,-1.3263,4.0753,3h_SI9,3h,SI9,6h_ce,6h,ce,5.4016,radC_1
N900_RS10970,0.25220768161056906,0.29084609324654526,0.4089264030863718,0.25996300169392433,0.25220768161056906,PCA,-0.007755320083355277,-0.007755320083355277,0.030883091552620923,0.14896340139244746,10,N900_RS10970,1.1032199833333334,-0.88132,4.4139,3h_ce,3h,ce,3h_SI1,3h,SI1,5.29522,N900_RS10970
N900_RS10975,0.3962153633079507,0.37925434579759115,0.7381810900983653,0.12565334416203422,0.37925434579759115,CP,0.25360100163555693,0.2705620191459165,0.25360100163555693,0.6125277459363311,10,N900_RS10975,0.18297694666666672,-1.8268,3.721,6h_SI3,6h,SI3,1h_st,1h,st,5.5478000000000005,N900_RS10975
N900_RS10980,0.16418661771720341,0.2517128364556715,0.34411908106485084,0.18040330821672346,0.16418661771720341,PCA,-0.016216690499520042,-0.016216690499520042,0.07130952823894804,0.16371577284812738,10,N900_RS10980,1.1212998833333332,-0.7815,3.3966,3h_SI9,3h,SI9,3h_SI1,3h,SI1,4.1781,N900_RS10980
N900_RS10985,0.24068150700401877,0.24546727767455218,0.5181890924860864,0.23036218023130456,0.24068150700401877,PCA,0.010319326772714216,0.010319326772714216,0.015105097443247617,0.2878269122547818,10,N900_RS10985,0.1310744666666667,-1.4431,3.467,6h_SI3,6h,SI3,6h_SI4,6h,SI4,4.9101,N900_RS10985
N900_RS10990,0.16909864850566278,0.2551004456073673,0.33768319879477204,0.21376230191146342,0.16909864850566278,PCA,-0.04466365340580064,-0.04466365340580064,0.041338143695903856,0.12392089688330862,10,cobS,0.8855663333333333,-0.85332,3.7089,3h_SI9,3h,SI9,3h_SI5,3h,SI5,4.56222,cobS
N900_RS10995,0.27467930134460616,0.29193804732588463,0.4382007460766142,0.24064082529600156,0.27467930134460616,PCA,0.034038476048604605,0.034038476048604605,0.05129722202988307,0.19755992078061263,10,endonuclease,1.0048477166666667,-0.70668,3.9797,6h_SI1,6h,SI1,3h_SI2,3h,SI2,4.68638,endonuclease
N900_RS11000,0.18543377524549085,0.3068634746220263,0.44983827868683507,0.18267241780644633,0.18543377524549085,PCA,0.002761357439044515,0.002761357439044515,0.12419105681557996,0.26716586088038874,10,bet,0.6475419501666668,-1.7325,4.0806,6h_SI3,6h,SI3,3h_SI4,3h,SI4,5.8130999999999995,bet
N900_RS11005,0.49265973091212273,0.5281152372601946,0.7946253158704579,0.47797270296729333,0.49265973091212273,PCA,0.0146870279448294,0.0146870279448294,0.050142534292901275,0.3166526129031646,10,ssb_2,0.08018663333333334,-2.0332,3.4911,1h_SI2,1h,SI2,6h_SI4,6h,SI4,5.5243,ssb_2
N900_RS11010,0.40860112431201284,0.39384639586885306,0.8208645115009171,0.4422352697413413,0.39384639586885306,CP,-0.04838887387248825,-0.033634145429328466,-0.04838887387248825,0.3786292417595758,10,N900_RS11010,0.5432875566666666,-2.7821,5.2416,3h_SI8,3h,SI8,3h_SI2,3h,SI2,8.0237,N900_RS11010
N900_RS11015,0.47953328436633497,0.5105802066314221,0.7397009418214595,0.5518174893952489,0.47953328436633497,PCA,-0.07228420502891392,-0.07228420502891392,-0.041237282763826766,0.18788345242621063,10,N900_RS11015,0.19938179499999997,-1.9778,4.4795,3h_SI9,3h,SI9,3h_SI5,3h,SI5,6.4573,N900_RS11015
N900_RS11020,0.20662026276699913,0.19160595915704623,0.3661070248969212,0.2045087609751205,0.19160595915704623,CP,-0.012902801818074267,0.002111501791878634,-0.012902801818074267,0.1615982639218007,10,endA,0.9598541333333331,-0.81182,3.7629,3h_SI9,3h,SI9,3h_st,3h,st,4.57472,endA
N900_RS11025,0.35691058674730486,0.3240022980792336,0.654862943605643,0.2995265982995085,0.3240022980792336,CP,0.02447569977972508,0.05738398844779635,0.02447569977972508,0.3553363453061345,10,AAA family ATPase,0.17454761000000002,-2.0406,3.4274,3h_SI8,3h,SI8,3h_SI2,3h,SI2,5.468,AAA family ATPase
N900_RS11030,0.2020208761240892,0.21168810980005384,0.41554022104030724,0.14088435849194395,0.2020208761240892,PCA,0.061136517632145254,0.061136517632145254,0.0708037513081099,0.27465586254836327,10,IS21 family transposase,0.4945107233333333,-1.0302,3.2558,12h_st,12h,st,3h_SI5,3h,SI5,4.286,IS21 family transposase
N900_RS11035,0.40228867400102736,0.3989744518080342,0.5924650330609254,0.2178849288261716,0.3989744518080342,CP,0.1810895229818626,0.18440374517485575,0.1810895229818626,0.37458010423475374,10,istB,-0.022486900000000008,-2.0466,3.2871,6h_SI3,6h,SI3,3h_SI5,3h,SI5,5.3337,istB
N900_RS11040,0.2983968457823288,0.3378516794938406,0.6909774525063572,0.22425054226294794,0.2983968457823288,PCA,0.07414630351938084,0.07414630351938084,0.11360113723089266,0.4667269102434093,10,N900_RS11040,0.42484191333333327,-1.1224,3.3014,3h_SI9,3h,SI9,6h_ce,6h,ce,4.4238,N900_RS11040
N900_RS11045,0.29642747905182887,0.416591192665476,0.5460548573209975,0.29888331382372957,0.29642747905182887,PCA,-0.0024558347719007,-0.0024558347719007,0.11770787884174644,0.2471715434972679,10,tran,0.3703949,-1.9857,3.2819,3h_SI9,3h,SI9,6h_ce,6h,ce,5.2676,tran
N900_RS11050,0.4729990499631074,0.529385588268625,0.7097785104177511,0.42281971936517615,0.4729990499631074,PCA,0.050179330597931227,0.050179330597931227,0.10656586890344888,0.28695879105257494,10,trau,0.7993716833333334,-0.82268,3.9177,6h_SI1,6h,SI1,1h_SI1,1h,SI1,4.74038,trau
N900_RS11055,0.3699335333805276,0.36323290479966924,0.4725020172664832,0.3224387947871294,0.36323290479966924,CP,0.04079411001253985,0.0474947385933982,0.04079411001253985,0.15006322247935383,10,N900_RS11055,0.8947435733333333,-0.61072,3.7938,6h_st,6h,st,24h_st,24h,st,4.40452,N900_RS11055
N900_RS11060,0.25040320699840973,0.2704360762772141,0.4590017549603783,0.2855780481649967,0.25040320699840973,PCA,-0.03517484116658698,-0.03517484116658698,-0.015141971887782602,0.1734237067953816,10,TrhF,0.385116995,-1.4562,2.8308,3h_SI9,3h,SI9,6h_SI3,6h,SI3,4.287,TrhF
N900_RS11065,0.18818925778310305,0.23252593318505502,0.41760629437173535,0.1635240666435566,0.18818925778310305,PCA,0.02466519113954646,0.02466519113954646,0.06900186654149842,0.2540822277281788,10,N900_RS11065,0.7568316549999999,-1.0457,3.0839,3h_SI9,3h,SI9,3h_SI4,3h,SI4,4.1296,N900_RS11065
N900_RS11070,0.6842410219613286,0.6891022395406688,1.0106927584636385,0.6285519928166318,0.6842410219613286,PCA,0.05568902914469687,0.05568902914469687,0.06055024672403708,0.3821407656470067,10,traC,0.24507970000000004,-2.6144,5.676,3h_SI9,3h,SI9,6h_ce,6h,ce,8.2904,traC
N900_RS11075,0.21101171915828912,0.21505965498923915,0.45983911443809616,0.21684329079487197,0.21101171915828912,PCA,-0.00583157163658285,-0.00583157163658285,-0.001783635805632816,0.2429958236432242,10,dsbC_2,0.9409200166666666,-0.9583,3.3689,3h_SI9,3h,SI9,3h_SI4,3h,SI4,4.3272,dsbC_2
N900_RS11080,0.4736044428058804,0.4332201292241135,0.704490638335453,0.48665744958909835,0.4332201292241135,CP,-0.05343732036498483,-0.013053006783217969,-0.05343732036498483,0.21783318874635466,10,N900_RS11080,0.7017724350000002,-1.4597,4.8093,12h_SI2,12h,SI2,1h_ce,1h,ce,6.269,N900_RS11080
N900_RS11090,0.13736941091348986,0.18944190239434683,0.29608295312437055,0.11159821111122417,0.13736941091348986,PCA,0.025771199802265693,0.025771199802265693,0.07784369128312266,0.18448474201314638,10,N900_RS11090,1.3756047500000002,-0.80117,4.1443,1h_co,1h,co,3h_SI1,3h,SI1,4.94547,N900_RS11090
N900_RS11095,0.4493326030671723,0.436353667745959,0.5398301807786532,0.44402326911602535,0.436353667745959,CP,-0.007669601370066337,0.005309333951146966,-0.007669601370066337,0.09580691166262784,10,traV,0.3562886783333334,-1.4982,3.2809,6h_SI3,6h,SI3,3h_SI1,3h,SI1,4.7791,traV
N900_RS11100,0.5530005620416636,0.5705518152079667,0.811865925534396,0.5868491330246874,0.5530005620416636,PCA,-0.03384857098302385,-0.03384857098302385,-0.016297317816720724,0.22501679250970852,10,TraB,0.41557065600000004,-3.1115,3.3778,3h_SI9,3h,SI9,3h_SI3,3h,SI3,6.4893,TraB
N900_RS11105,0.1819529179606179,0.16201616226853227,0.37740325269668773,0.12261135096491192,0.16201616226853227,CP,0.03940481130362035,0.05934156699570599,0.03940481130362035,0.2547919017317758,10,trak,1.0047967166666667,-0.46432,3.9571,1h_st,1h,st,3h_SI2,3h,SI2,4.42142,trak
N900_RS11110,0.27706186882196804,0.36270825012435626,0.8091478228279929,0.4479310481546335,0.27706186882196804,PCA,-0.1708691793326655,-0.1708691793326655,-0.08522279803027727,0.3612167746733594,10,traE,-0.36308444999999995,-2.1007,3.417,12h_SI1,12h,SI1,3h_SI3,3h,SI3,5.5177,traE
N900_RS11115,0.6527314818038359,0.7146226706039032,0.9722946248279297,0.5250676849603182,0.6527314818038359,PCA,0.1276637968435177,0.1276637968435177,0.18955498564358497,0.44722693986761153,10,traL,0.23853293333333328,-1.6225,4.8892,6h_SI3,6h,SI3,6h_ce,6h,ce,6.511699999999999,traL
N900_RS11120,0.17239669378006225,0.276456154596602,0.4769067950657679,0.2008277146372616,0.17239669378006225,PCA,-0.02843102085719934,-0.02843102085719934,0.0756284399593404,0.27607908042850626,10,N900_RS11120,1.1509855166666667,-0.7858,5.6872,3h_co,3h,co,3h_SI2,3h,SI2,6.473,N900_RS11120
N900_RS11125,0.38934707143589686,0.27934324331246985,0.5597090004438283,0.42649279229234,0.27934324331246985,CP,-0.14714954897987015,-0.03714572085644313,-0.14714954897987015,0.13321620815148832,10,N900_RS11125,0.2970816966666667,-1.0939,3.7787,3h_st,3h,st,1h_ce,1h,ce,4.8726,N900_RS11125
N900_RS11130,0.4597858664693419,0.397680408477342,0.696154254369857,0.5012544123061906,0.397680408477342,CP,-0.10357400382884863,-0.041468545836848725,-0.10357400382884863,0.1948998420636664,10,N900_RS11130,-0.008475850000000033,-4.1588,3.8228,3h_SI9,3h,SI9,6h_SI4,6h,SI4,7.9816,N900_RS11130
N900_RS11135,0.16071299534493869,0.18049227207694066,0.33496253194425246,0.1400491434729716,0.16071299534493869,PCA,0.020663851871967093,0.020663851871967093,0.040443128603969064,0.19491338847128087,10,N900_RS11135,1.0205553333333333,-0.90248,4.2675,3h_SI9,3h,SI9,3h_SI1,3h,SI1,5.16998,N900_RS11135
N900_RS11140,0.3944869861562316,0.4344447839122489,0.5261253159271432,0.41287392506008125,0.3944869861562316,PCA,-0.018386938903849626,-0.018386938903849626,0.02157085885216764,0.11325139086706193,10,traD,1.00224515,-0.90695,4.1156,3h_ce,3h,ce,6h_ce,6h,ce,5.02255,traD
N900_RS11145,0.710879983013242,0.7103625202101037,0.7592308993004843,0.6584124056551139,0.7103625202101037,CP,0.05195011455498977,0.052467577358128015,0.05195011455498977,0.10081849364537032,10,phosphohydrolase,-0.8691008833333332,-3.2622,3.1585,3h_SI9,3h,SI9,3h_SI5,3h,SI5,6.4207,phosphohydrolase
N900_RS11150,0.3966379071453073,0.4322343554269692,0.7901490807506747,0.3688334105559171,0.3966379071453073,PCA,0.02780449658939016,0.02780449658939016,0.06340094487105208,0.4213156701947576,10,abortive infection protein,0.7563212999999999,-1.1273,3.7936,12h_co,12h,co,6h_SI4,6h,SI4,4.9209,abortive infection protein
N900_RS11155,0.31645622526471706,0.45057547598271774,0.7191095619071423,0.41167199925328674,0.31645622526471706,PCA,-0.09521577398856967,-0.09521577398856967,0.03890347672943101,0.3074375626538555,10,N900_RS11155,0.5272332949999999,-1.118,3.2175,3h_SI9,3h,SI9,3h_SI5,3h,SI5,4.3355,N900_RS11155
N900_RS11160,0.19718563543141318,0.25730646006633867,0.4678031983578368,0.19535039643691504,0.19718563543141318,PCA,0.0018352389944981395,0.0018352389944981395,0.06195606362942363,0.27245280192092175,10,brxL,0.7628808399999998,-1.1955,3.9882,3h_co,3h,co,3h_SI1,3h,SI1,5.1837,brxL
N900_RS11165,0.6541131650808037,0.7010674600537047,0.8899589475385205,0.6778598668762349,0.6541131650808037,PCA,-0.023746701795431147,-0.023746701795431147,0.023207593177469787,0.21209908066228556,10,pglz,0.16353048333333334,-3.2612,2.3061,3h_SI9,3h,SI9,6h_SI2,6h,SI2,5.5672999999999995,pglz
N900_RS11170,0.5131043665401803,0.5235105620867703,0.6705706176364395,0.34602219792066274,0.5131043665401803,PCA,0.16708216861951758,0.16708216861951758,0.17748836416610753,0.3245484197157768,10,pglX,-0.25527858333333336,-2.1189,2.5951,3h_SI9,3h,SI9,6h_ce,6h,ce,4.714,pglX
N900_RS11175,0.2915576843162687,0.27782569596001977,0.640792225399212,0.3408334803839902,0.27782569596001977,CP,-0.06300778442397043,-0.04927579606772148,-0.06300778442397043,0.2999587450152218,10,brxC,0.37765960000000004,-1.2262,3.1377,6h_SI2,6h,SI2,3h_SI3,3h,SI3,4.3639,brxC
N900_RS11180,0.514306964030969,0.4944504029866905,0.5939165361521163,0.4443358025500967,0.4944504029866905,CP,0.050114600436593826,0.06997116148087229,0.050114600436593826,0.14958073360201957,10,N900_RS11180,0.9306839333333333,-0.52056,5.0676,1h_SI9,1h,SI9,12h_st,12h,st,5.588159999999999,N900_RS11180
N900_RS11185,0.8154779421527081,0.8414549901158951,0.9881881104486364,0.7772839903962835,0.8154779421527081,PCA,0.03819395175642459,0.03819395175642459,0.0641709997196116,0.21090412005235293,10,N900_RS11185,0.6719444333333332,-2.247,3.8821,3h_SI7,3h,SI7,6h_SI2,6h,SI2,6.129099999999999,N900_RS11185
N900_RS11190,0.6946058395807617,0.6873888848439218,0.9098771769964427,0.5764746419383768,0.6873888848439218,CP,0.11091424290554497,0.11813119764238489,0.11091424290554497,0.33340253505806583,10,N900_RS11190,0.1757264333333333,-2.5133,5.013,6h_ce,6h,ce,6h_SI2,6h,SI2,7.5263,N900_RS11190
N900_RS11195,0.33314531675203546,0.31093459942984164,0.5541487288201072,0.34239671601294425,0.31093459942984164,CP,-0.031462116583102606,-0.009251399260908788,-0.031462116583102606,0.211752012807163,10,N900_RS11195,0.8564669166666666,-2.1391,5.4384,3h_SI7,3h,SI7,6h_SI3,6h,SI3,7.5775,N900_RS11195
N900_RS11200,0.5281642529412132,0.5987358234782287,0.7288997481935734,0.3951529750150252,0.5281642529412132,PCA,0.13301127792618794,0.13301127792618794,0.20358284846320351,0.3337467731785482,10,dinG_2,0.390201,-1.4555,4.286,6h_SI3,6h,SI3,6h_ce,6h,ce,5.741499999999999,dinG_2
N900_RS11205,0.31576103718790627,0.265935511964874,0.5688758417689902,0.3173591269603298,0.265935511964874,CP,-0.05142361499545578,-0.0015980897724235388,-0.05142361499545578,0.2515167148086604,10,N900_RS11205,-0.017124316666666643,-1.696,3.8289,12h_co,12h,co,1h_SI1,1h,SI1,5.5249,N900_RS11205
N900_RS11210,0.46874354935444845,0.5110888475173455,0.7926477582260992,0.4671756176580308,0.46874354935444845,PCA,0.0015679316964176682,0.0015679316964176682,0.04391322985931473,0.32547214056806845,10,umuD,0.3218716666666666,-1.5265,3.3618,6h_SI9,6h,SI9,3h_SI1,3h,SI1,4.8883,umuD
N900_RS11215,0.4960151579826747,0.517767921985524,0.7646292586943121,0.44245366425053295,0.4960151579826747,PCA,0.05356149373214175,0.05356149373214175,0.07531425773499106,0.32217559444377913,10,umuC_1,0.5680259333333333,-2.2915,5.7718,3h_SI9,3h,SI9,3h_SI5,3h,SI5,8.0633,umuC_1
N900_RS11220,0.4592876319437825,0.42723784267991455,0.6878292895782366,0.344350140794656,0.42723784267991455,CP,0.08288770188525857,0.11493749114912655,0.08288770188525857,0.34347914878358066,10,Pseudogene_N900_RS11220,0.0058024916666666515,-1.7917,3.5259,12h_SI1,12h,SI1,6h_ce,6h,ce,5.3176000000000005,Pseudogene_N900_RS11220
N900_RS11240,0.5799819435302456,0.6337420457068593,0.8141907284864319,0.49356237871473413,0.5799819435302456,PCA,0.08641956481551144,0.08641956481551144,0.1401796669921252,0.3206283497716978,10,sul2,0.3587276316666666,-2.8474,5.2731,3h_SI9,3h,SI9,6h_SI4,6h,SI4,8.1205,sul2
N900_RS11245,0.6757325118184937,0.7810491928308662,0.83739304144405,0.668013665601734,0.6757325118184937,PCA,0.007718846216759667,0.007718846216759667,0.11303552722913213,0.169379375842316,10,aph(3'')-Ib,0.9340811833333335,-2.5152,5.3371,3h_co,3h,co,6h_SI5,6h,SI5,7.8523000000000005,aph(3'')-Ib
N900_RS11250,0.7734204760758765,0.7127288566398259,0.9468233752135455,0.6727239505472737,0.7127288566398259,CP,0.04000490609255214,0.10069652552860275,0.04000490609255214,0.2740994246662718,10,aph(6)-Id,0.23845505000000003,-2.2441,3.2135,3h_SI9,3h,SI9,6h_SI2,6h,SI2,5.457599999999999,aph(6)-Id
N900_RS11255,0.6887562967131701,0.7170806566529222,0.7997467181340966,0.7648946530253244,0.6887562967131701,PCA,-0.07613835631215438,-0.07613835631215438,-0.047813996372402245,0.034852065108772146,10,IS91 family transposase_2,0.7403684833333333,-3.4393,5.9474,6h_SI9,6h,SI9,6h_SI1,6h,SI1,9.3867,IS91 family transposase_2
N900_RS11260,0.4749097800556672,0.48411006822780805,0.7006754044369784,0.4686940520056383,0.4749097800556672,PCA,0.006215728050028901,0.006215728050028901,0.01541601622216976,0.2319813524313401,10,hdfR_2,0.7174962166666667,-1.5459,3.6684,3h_SI9,3h,SI9,6h_SI2,6h,SI2,5.2143,hdfR_2
N900_RS11265,0.30066627232588117,0.2682409254047188,0.5318201523127488,0.22439284093040174,0.2682409254047188,CP,0.04384808447431704,0.07627343139547943,0.04384808447431704,0.3074273113823471,10,floR,1.250525785,-0.82962,4.0416,3h_ce,3h,ce,6h_SI4,6h,SI4,4.87122,floR
N900_RS11270,0.44690115076245873,0.4525064350489227,0.6546321628671448,0.2572863908275914,0.44690115076245873,PCA,0.18961475993486732,0.18961475993486732,0.19522004422133127,0.39734577203955335,10,N900_RS11270,0.6969896833333333,-1.5257,5.4293,1h_ce,1h,ce,6h_ce,6h,ce,6.955,N900_RS11270
N900_RS11275,0.5520937791152128,0.39286535400815187,0.8044490679314609,0.46401478638213356,0.39286535400815187,CP,-0.07114943237398169,0.08807899273307929,-0.07114943237398169,0.3404342815493273,10,IS91 family transposase_1,-0.5008872333333334,-3.0995,3.0019,6h_SI3,6h,SI3,3h_SI6,3h,SI6,6.1014,IS91 family transposase_1
N900_RS11280,0.2786956879775572,0.3526678544407737,0.6360111734815754,0.32507606064333555,0.2786956879775572,PCA,-0.046380372665778324,-0.046380372665778324,0.027591793797438147,0.3109351128382399,10,N900_RS11280,0.7756658333333332,-2.7059,3.7369,1h_SI2,1h,SI2,6h_SI3,6h,SI3,6.4428,N900_RS11280
N900_RS11290,0.21768917696366782,0.2843478369493836,0.8260023863511947,0.3009115328388622,0.21768917696366782,PCA,-0.08322235587519436,-0.08322235587519436,-0.01656369588947859,0.5250908535123325,10,Pseudogene_N900_RS11290,-0.13219623333333338,-2.2336,3.5675,6h_SI3,6h,SI3,3h_st,3h,st,5.8011,Pseudogene_N900_RS11290
N900_RS11295,0.21935918130866922,0.2941921305201649,0.7585413930888599,0.26056015721863496,0.21935918130866922,PCA,-0.04120097590996574,-0.04120097590996574,0.03363197330152995,0.49798123587022497,10,umuC,0.9131930833333332,-1.6022,5.423,3h_SI9,3h,SI9,6h_SI4,6h,SI4,7.0252,umuC
N900_RS11300,0.4369116353842857,0.46166397635024425,0.9322581286522261,0.28557473001680583,0.4369116353842857,PCA,0.15133690536747985,0.15133690536747985,0.17608924633343842,0.6466833986354203,10,mobI,0.7857823283333333,-1.8584,5.2343,12h_SI2,12h,SI2,1h_st,1h,st,7.092700000000001,mobI
N900_RS11305,0.5406105274485872,0.5736959474474481,0.9230787373501557,0.5973682759408434,0.5406105274485872,PCA,-0.05675774849225623,-0.05675774849225623,-0.02367232849339529,0.32571046140931226,10,stba,-0.11495016166666666,-2.6781,3.8477,12h_SI3,12h,SI3,3h_SI4,3h,SI4,6.5258,stba
N900_RS11310,0.5443271116828718,0.5469466658044927,0.9258149494131405,0.5933272487591431,0.5443271116828718,PCA,-0.049000137076271266,-0.049000137076271266,-0.04638058295465042,0.33248770065399735,10,N900_RS11310,-0.21236947999999997,-3.1601,2.5978,12h_SI3,12h,SI3,3h_SI3,3h,SI3,5.757899999999999,N900_RS11310
N900_RS11315,0.5243147567038975,0.5314590398774338,0.9188179826950118,0.49216145230659947,0.5243147567038975,PCA,0.03215330439729802,0.03215330439729802,0.03929758757083435,0.42665653038841234,10,intS,0.7595861166666665,-2.2363,4.8359,3h_SI8,3h,SI8,3h_SI4,3h,SI4,7.0722,intS
N900_RS11320,0.5318641042559746,0.5979811067045684,0.7104538068012095,0.4332462196365252,0.5318641042559746,PCA,0.09861788461944943,0.09861788461944943,0.16473488706804318,0.2772075871646843,10,DNA mismatch repair protein,-0.2628999,-2.3588,2.6514,3h_SI9,3h,SI9,3h_SI1,3h,SI1,5.0102,DNA mismatch repair protein
N900_RS11325,0.7909497167197651,0.7921747313708388,1.0258194739374307,0.7953991443365952,0.7909497167197651,PCA,-0.004449427616830093,-0.004449427616830093,-0.0032244129657563736,0.23042032960083547,10,N900_RS11325,0.8329015333333334,-1.8112,3.0855,1h_SI3,1h,SI3,12h_ce,12h,ce,4.8967,N900_RS11325
N900_RS11335,0.20223892538335583,0.17947638062114432,0.32472120192792403,0.19921219113600291,0.17947638062114432,CP,-0.019735810514858593,0.003026734247352919,-0.019735810514858593,0.12550901079192112,10,rimI,0.7165899666666669,-0.92957,3.7404,12h_SI7,12h,SI7,6h_st,6h,st,4.66997,rimI
N900_RS11345,0.09453457753814729,0.10429771813289351,0.264393314449322,0.11436174146477933,0.09453457753814729,PCA,-0.019827163926632044,-0.019827163926632044,-0.010064023331885816,0.15003157298454267,10,N-acetyltransferase_2,0.6777983716666667,-0.76552,2.5645,3h_st,3h,st,6h_st,6h,st,3.3300199999999998,N-acetyltransferase_2
N900_RS11350,0.2212254576921952,0.22679890661305477,0.39974594654927814,0.24065339404684793,0.2212254576921952,PCA,-0.01942793635465273,-0.01942793635465273,-0.013854487433793167,0.1590925525024302,10,ubiT,0.7682211333333334,-0.79351,4.3221,24h_ce,24h,ce,12h_SI2,12h,SI2,5.11561,ubiT
N900_RS11355,0.3050547206730149,0.40152595942607927,0.5776700481346461,0.259302100182258,0.3050547206730149,PCA,0.0457526204907569,0.0457526204907569,0.14222385924382125,0.31836794795238804,10,bifunctional diguanylate cyclase/phosphodiesterase_1,1.0255627166666668,-1.0724,4.7961,12h_SI1,12h,SI1,6h_ce,6h,ce,5.8685,bifunctional diguanylate cyclase/phosphodiesterase_1
N900_RS11360,0.3990651905808251,0.4209788380282129,0.6462571799064618,0.3542417629772237,0.3990651905808251,PCA,0.04482342760360142,0.04482342760360142,0.06673707505098919,0.2920154169292381,10,ubiU,1.3526538499999998,-0.17479,5.0211,3h_SI7,3h,SI7,3h_SI1,3h,SI1,5.1958899999999995,ubiU
N900_RS11365,0.4617640933534692,0.490495606811546,0.6977258231354599,0.40880122286228426,0.4617640933534692,PCA,0.05296287049118492,0.05296287049118492,0.08169438394926176,0.2889246002731757,10,ubiV,0.5041685383333333,-0.6813,3.3282,24h_SI9,24h,SI9,12h_st,12h,st,4.0095,ubiV
N900_RS11370,0.2663051804786612,0.1997008036064474,0.42126790622278043,0.2288096982855649,0.1997008036064474,CP,-0.02910889467911751,0.037495482193096286,-0.02910889467911751,0.19245820793721552,10,vcrM,0.5481061,-0.82664,3.5557,6h_st,6h,st,1h_SI1,1h,SI1,4.38234,vcrM
N900_RS11375,0.5202879798025374,0.37156409839697724,0.689763890271556,0.2691003676680948,0.37156409839697724,CP,0.10246373072888243,0.2511876121344426,0.10246373072888243,0.42066352260346124,10,MarR family transcriptional regulator,0.18604213333333333,-1.167,3.8233,6h_SI2,6h,SI2,1h_st,1h,st,4.9903,MarR family transcriptional regulator
N900_RS11380,0.19552922553398946,0.16931500663580856,0.3338274356223862,0.20123233194047166,0.16931500663580856,CP,-0.0319173253046631,-0.005703106406482195,-0.0319173253046631,0.13259510368191454,10,nlpI,1.488447673333333,0.0061314,4.8711,1h_st,1h,st,3h_SI3,3h,SI3,4.8649686,nlpI
N900_RS11385,0.13547445033225497,0.18447908235215088,0.17843554622216168,0.06643387234159158,0.13547445033225497,PCA,0.06904057799066339,0.06904057799066339,0.1180452100105593,0.1120016738805701,10,pnp,-0.14163663333333334,-2.1293,1.9821,6h_SI9,6h,SI9,12h_st,12h,st,4.1114,pnp
N900_RS11395,0.5151819982442901,0.5697064986444531,0.6922903654963718,0.5274402431011277,0.5151819982442901,PCA,-0.012258244856837575,-0.012258244856837575,0.042266255543325415,0.1648501223952441,10,truB,0.04667620000000002,-1.7416,3.19,24h_st,24h,st,3h_SI5,3h,SI5,4.9315999999999995,truB
N900_RS11430,0.09394479637517565,0.14884332859636412,0.13299587816348743,0.01902059066205505,0.09394479637517565,PCA,0.0749242057131206,0.0749242057131206,0.12982273793430907,0.11397528750143238,10,secG,1.2341169166666668,-0.6641,3.4362,12h_SI7,12h,SI7,12h_st,12h,st,4.1003,secG
N900_RS11435,0.3669198477207718,0.3616314528145935,0.6521574730383237,0.36495956358086773,0.3616314528145935,CP,-0.003328110766274206,0.001960284139904067,-0.003328110766274206,0.287197909457456,10,N900_RS11435,0.32805064999999994,-2.0322,6.2006,12h_SI8,12h,SI8,3h_st,3h,st,8.2328,N900_RS11435
N900_RS11445,0.6239310353547581,0.7330023582664047,0.8514229965475203,0.6516753132853401,0.6239310353547581,PCA,-0.027744277930581984,-0.027744277930581984,0.08132704498106458,0.19974768326218018,10,folP,0.7216085,-1.9575,4.5381,3h_ce,3h,ce,3h_SI7,3h,SI7,6.4956,folP
N900_RS11455,0.30132921578024596,0.3133543549012623,0.5492233945630329,0.3181312897260248,0.30132921578024596,PCA,-0.016802073945778817,-0.016802073945778817,-0.004776934824762491,0.23109210483700815,10,rlmE,1.9470026833333336,-0.38865,6.8332,1h_SI9,1h,SI9,3h_SI3,3h,SI3,7.22185,rlmE
N900_RS11460,0.29170439418573124,0.3101443201833055,0.5875910322666081,0.2783927721408332,0.29170439418573124,PCA,0.013311622044898053,0.013311622044898053,0.03175154804247232,0.30919826012577495,10,yhbY,0.73854215,-1.0584,4.8511,24h_st,24h,st,3h_SI1,3h,SI1,5.9094999999999995,yhbY
N900_RS11465,0.30354178925718484,0.3441032543446703,0.4763513808336406,0.27068762364947135,0.30354178925718484,PCA,0.03285416560771348,0.03285416560771348,0.07341563069519896,0.20566375718416924,10,greA,-0.6119901666666666,-2.6665,3.2793,6h_SI6,6h,SI6,3h_st,3h,st,5.9458,greA
N900_RS11470,0.6860566970331042,0.8105249229147821,0.8759296965033007,0.5583466507938916,0.6860566970331042,PCA,0.12771004623921267,0.12771004623921267,0.2521782721208905,0.3175830457094091,10,ompU,0.24356096666666663,-1.8703,5.7852,6h_SI7,6h,SI7,6h_ce,6h,ce,7.6555,ompU
N900_RS11475,0.27067419736292153,0.32499607642226586,0.4735202123806182,0.22447273240057297,0.27067419736292153,PCA,0.04620146496234856,0.04620146496234856,0.10052334402169288,0.24904747998004523,10,dacB,0.1873114583333333,-1.2632,3.9761,6h_SI4,6h,SI4,3h_st,3h,st,5.2393,dacB
N900_RS11485,0.45243050554034514,0.32219359365788186,0.7191297158692695,0.44503519470671005,0.32219359365788186,CP,-0.12284160104882819,0.007395310833635094,-0.12284160104882819,0.2740945211625595,10,mepM_1,0.43393998333333333,-1.7377,4.0216,12h_SI3,12h,SI3,3h_SI1,3h,SI1,5.7593000000000005,mepM_1
N900_RS11490,0.1071336665250467,0.24817312881043435,0.362496401163011,0.1210508266490759,0.1071336665250467,PCA,-0.013917160124029201,-0.013917160124029201,0.12712230216135845,0.2414455745139351,10,vexF,0.8748146966666667,-0.27457,3.6229,3h_ce,3h,ce,6h_SI4,6h,SI4,3.89747,vexF
N900_RS11495,0.3143815048167738,0.30076005285644564,0.3998438859089995,0.3094345620286971,0.30076005285644564,CP,-0.008674509172251488,0.004946942788076669,-0.008674509172251488,0.09040932388030237,10,vexE,0.5318065166666667,-1.437,3.0889,6h_ce,6h,ce,6h_SI1,6h,SI1,4.5259,vexE
N900_RS11520,0.2152495537817581,0.2899521421104487,0.5886807929527501,0.296931929709635,0.2152495537817581,PCA,-0.08168237592787689,-0.08168237592787689,-0.006979787599186327,0.2917488632431151,10,ydiK,1.4365480666666668,-0.26938,6.1358,12h_co,12h,co,3h_st,3h,st,6.40518,ydiK
N900_RS11525,0.5510583680607742,0.5624557423478492,0.7666069244369832,0.45818682209682365,0.5510583680607742,PCA,0.09287154596395059,0.09287154596395059,0.10426892025102558,0.30842010234015954,10,rsmC,0.540483875,-1.1305,3.4687,12h_SI2,12h,SI2,6h_st,6h,st,4.5992,rsmC
N900_RS11530,0.13126242463538576,0.1367243433078664,0.30940547404490715,0.107110212116771,0.13126242463538576,PCA,0.024152212518614755,0.024152212518614755,0.02961413119109539,0.20229526192813613,10,chiS,1.7821418833333333,-0.28694,6.967,1h_SI9,1h,SI9,3h_st,3h,st,7.25394,chiS
N900_RS11540,0.20782455468349245,0.3235752890972534,0.46680097882043897,0.2075402856926845,0.20782455468349245,PCA,0.0002842689908079399,0.0002842689908079399,0.1160350034045689,0.25926069312775446,10,ABC transporter substrate-binding protein_1,1.7118004216666667,-0.070524,5.0378,1h_SI4,1h,SI4,3h_SI4,3h,SI4,5.108324,ABC transporter substrate-binding protein_1
N900_RS11545,0.19374359495522644,0.21895205203614718,0.4293602288539294,0.22889873421440834,0.19374359495522644,PCA,-0.0351551392591819,-0.0351551392591819,-0.009946682178261168,0.20046149463952104,10,dppB_1,0.9301993283333335,-0.29071,4.0113,24h_ce,24h,ce,1h_SI1,1h,SI1,4.30201,dppB_1
N900_RS11550,0.21050628350133424,0.1800644873743116,0.37775068494453107,0.1532981796817656,0.1800644873743116,CP,0.02676630769254601,0.057208103819568645,0.02676630769254601,0.22445250526276547,10,dppC_1,1.141398065,-0.14489,4.136,1h_st,1h,st,3h_SI3,3h,SI3,4.28089,dppC_1
N900_RS11555,0.37540483702360156,0.36786042280678627,0.4536671287297291,0.34595512961687397,0.36786042280678627,CP,0.0219052931899123,0.029449707406727588,0.0219052931899123,0.10771199911285512,10,oppD_2,0.729604515,-1.2926,3.4128,6h_SI1,6h,SI1,6h_SI2,6h,SI2,4.7054,oppD_2
N900_RS11560,0.2533501543867423,0.2484590819100811,0.3641503596055934,0.1319401937253094,0.2484590819100811,CP,0.11651888818477169,0.12140996066143289,0.11651888818477169,0.23221016588028398,10,oppF_2,1.0883238000000002,-0.51393,3.626,3h_st,3h,st,6h_ce,6h,ce,4.13993,oppF_2
N900_RS11565,0.21350957255344585,0.22274956547254227,0.5172771482981658,0.1440628491880502,0.21350957255344585,PCA,0.06944672336539565,0.06944672336539565,0.07868671628449206,0.3732142991101156,10,endoglucanase-related protein,1.0442921216666667,-0.35636,4.08,3h_SI2,3h,SI2,12h_SI1,12h,SI1,4.4363600000000005,endoglucanase-related protein
N900_RS11570,0.4756806955533432,0.5053287881187342,0.7210591050644286,0.5329350094841759,0.4756806955533432,PCA,-0.057254313930832745,-0.057254313930832745,-0.027606221365441774,0.18812409558025267,10,N-acetylglucosamine kinase,0.5660081333333333,-0.80606,3.7502,6h_SI2,6h,SI2,12h_SI2,12h,SI2,4.55626,N-acetylglucosamine kinase
N900_RS11575,0.3017859911691941,0.3521825562335511,0.5054382840827896,0.32076626324758767,0.3017859911691941,PCA,-0.01898027207839359,-0.01898027207839359,0.031416292985963434,0.1846720208352019,10,exoI,1.1304218678333335,-0.55596,4.2149,6h_SI1,6h,SI1,3h_SI2,3h,SI2,4.77086,exoI
N900_RS11580,0.2118598068797711,0.18809040965566967,0.3773777940020376,0.23499717339049847,0.18809040965566967,CP,-0.0469067637348288,-0.02313736651072737,-0.0469067637348288,0.1423806206115391,10,chbP,1.3268606500000002,0.016635,4.1511,1h_st,1h,st,3h_SI1,3h,SI1,4.134465,chbP
N900_RS11585,0.3569247257715126,0.4053042040972269,0.7310821114479132,0.35227870103477016,0.3569247257715126,PCA,0.004646024736742416,0.004646024736742416,0.053025503062456736,0.3788034104131431,10,pgm_2,0.4473405000000001,-1.023,3.6459,6h_SI2,6h,SI2,6h_st,6h,st,4.6689,pgm_2
N900_RS11590,0.31915758534421873,0.27358593962132044,0.593487007251482,0.3139629839093102,0.27358593962132044,CP,-0.04037704428798977,0.005194601434908519,-0.04037704428798977,0.27952402334217175,10,phnT,0.4768266499999999,-0.89281,3.835,1h_SI3,1h,SI3,3h_SI4,3h,SI4,4.72781,phnT
N900_RS11595,0.5283954961705053,0.47050091888017964,0.7261446072943027,0.36356281437746946,0.47050091888017964,CP,0.10693810450271019,0.16483268179303584,0.10693810450271019,0.3625817929168333,10,iron ABC transporter permease,1.1794793333333333,-0.4946,5.6789,6h_SI4,6h,SI4,6h_SI2,6h,SI2,6.1735,iron ABC transporter permease
N900_RS11600,0.2505197464686144,0.2308250358961438,0.40249620817033066,0.2851552770328772,0.2308250358961438,CP,-0.054330241136733376,-0.03463553056426277,-0.054330241136733376,0.11734093113745347,10,futA1,1.7091546666666666,-0.30385,4.5864,6h_SI2,6h,SI2,6h_SI3,6h,SI3,4.89025,futA1
N900_RS11605,0.23387855082943698,0.2680924684296224,0.7792872190659388,0.2640285242265392,0.23387855082943698,PCA,-0.030149973397102237,-0.030149973397102237,0.004063944203083203,0.5152586948393996,10,amtB,0.7412594666666664,-0.90026,4.4851,1h_co,1h,co,6h_st,6h,st,5.38536,amtB
N900_RS11610,0.5502166742693168,0.5051609469993524,0.7271651295445428,0.3564459074481215,0.5051609469993524,CP,0.14871503955123094,0.19377076682119526,0.14871503955123094,0.37071922209642133,10,glnK,0.5776848833333332,-1.415,3.4206,6h_SI3,6h,SI3,6h_SI4,6h,SI4,4.8355999999999995,glnK
N900_RS11615,0.7862573992932145,0.8318694968251823,0.912891593532582,0.5731595045523128,0.7862573992932145,PCA,0.21309789474090168,0.21309789474090168,0.2587099922728695,0.3397320889802692,10,VC_0605_BLAST,1.4353772,-0.14216,4.7614,1h_SI6,1h,SI6,1h_st,1h,st,4.90356,VC_0605_BLAST
N900_RS11625,0.6274870844040448,0.6342946864183862,1.1505342443652993,0.8467279199012324,0.6274870844040448,PCA,-0.21924083549718765,-0.21924083549718765,-0.21243323348284626,0.30380632446406686,10,N900_RS11625,0.50280315,-1.4968,2.8463,1h_SI1,1h,SI1,12h_SI4,12h,SI4,4.3431,N900_RS11625
N900_RS11630,0.6493239395801187,0.714780441071947,0.8986316441423278,0.4232082785523625,0.6493239395801187,PCA,0.2261156610277562,0.2261156610277562,0.29157216251958457,0.4754233655899653,10,mrcB,0.8189544150000002,-0.90433,6.8745,12h_SI5,12h,SI5,6h_ce,6h,ce,7.77883,mrcB
N900_RS11635,0.40217320451797955,0.34144054181130057,0.6589888613591721,0.43637234094187793,0.34144054181130057,CP,-0.09493179913057737,-0.03419913642389838,-0.09493179913057737,0.22261652041729418,10,hrpB,0.8737626166666667,-0.77577,4.1637,12h_SI1,12h,SI1,6h_st,6h,st,4.93947,hrpB
N900_RS11640,0.15522456048206387,0.2627401583806676,0.5310802045193526,0.15636924942199784,0.15522456048206387,PCA,-0.0011446889399339688,-0.0011446889399339688,0.10637090895866977,0.37471095509735475,10,alpha/beta fold hydrolase,1.3907387333333332,-0.095477,4.0934,1h_SI4,1h,SI4,6h_ce,6h,ce,4.188877,alpha/beta fold hydrolase
N900_RS11645,0.2512778260105939,0.25847201987497853,0.45577530806181876,0.20963227825206293,0.2512778260105939,PCA,0.041645547758530965,0.041645547758530965,0.0488397416229156,0.24614302980975583,10,sfsA,1.6287509999999998,-0.0844,4.7543,6h_SI1,6h,SI1,3h_SI2,3h,SI2,4.838699999999999,sfsA
N900_RS11650,0.25219203346194075,0.29238762237828525,0.47103901581715635,0.26576474570138203,0.25219203346194075,PCA,-0.013572712239441287,-0.013572712239441287,0.026622876676903218,0.20527427011577432,10,dksA,-0.6837417666666668,-3.3345,4.4346,12h_SI7,12h,SI7,3h_SI1,3h,SI1,7.7691,dksA
N900_RS11655,0.1758352846877322,0.2020421450550576,0.3723306630367022,0.15795460803974437,0.1758352846877322,PCA,0.017880676647987842,0.017880676647987842,0.04408753701531323,0.21437605499695783,10,gluQ,0.35454593333333334,-1.4418,3.3399,3h_ce,3h,ce,6h_SI4,6h,SI4,4.7817,gluQ
N900_RS11660,0.48964630319501273,0.5226473583644536,0.530161082508642,0.4620445181881223,0.48964630319501273,PCA,0.027601785006890422,0.027601785006890422,0.06060284017633133,0.06811656432051971,10,pcnB,-0.4751530666666667,-1.9861,3.5733,6h_SI9,6h,SI9,1h_SI1,1h,SI1,5.5594,pcnB
N900_RS11670,0.0980305342274501,0.1568199024436674,0.13946023009973596,0.02192538420795644,0.0980305342274501,PCA,0.07610515001949367,0.07610515001949367,0.13489451823571094,0.11753484589177952,10,panB,1.5657910245000002,-0.33155,3.7753,6h_SI9,6h,SI9,12h_st,12h,st,4.10685,panB
N900_RS11680,0.34210658333410493,0.19501031063443866,0.42020293724323043,0.1786755925153918,0.19501031063443866,CP,0.016334718119046854,0.16343099081871312,0.016334718119046854,0.24152734472783863,10,yadH,1.3435966833333337,-0.18037,5.3269,3h_st,3h,st,1h_st,1h,st,5.50727,yadH
N900_RS11685,0.3427181578079243,0.2983158975238907,0.6201207492152914,0.28578174813923174,0.2983158975238907,CP,0.012534149384658966,0.05693640966869257,0.012534149384658966,0.3343390010760596,10,yadG,0.14431200000000002,-2.3245,4.4436,24h_co,24h,co,1h_st,1h,st,6.7681000000000004,yadG
N900_RS11690,0.27658625204814874,0.25160627770364574,0.3719847512639133,0.28888708845647887,0.25160627770364574,CP,-0.03728081075283313,-0.01230083640833013,-0.03728081075283313,0.08309766280743441,10,bicA,1.1506193333333334,-0.56165,4.503,3h_co,3h,co,6h_SI3,6h,SI3,5.06465,bicA
N900_RS11695,0.2384151977408665,0.25845515534710733,0.664748682888831,0.1738415551638342,0.2384151977408665,PCA,0.0645736425770323,0.0645736425770323,0.08461360018327313,0.49090712772499684,10,can,1.3775162499999998,-0.06242,7.6722,1h_SI5,1h,SI5,6h_SI2,6h,SI2,7.7346200000000005,can
N900_RS11700,0.5975989087238917,0.545992337840438,0.7694565862599767,0.6211461699039866,0.545992337840438,CP,-0.07515383206354864,-0.02354726118009498,-0.07515383206354864,0.14831041635599007,10,hpt,1.5229344333333332,-0.86048,6.4038,1h_SI9,1h,SI9,3h_SI5,3h,SI5,7.26428,hpt
N900_RS11705,0.20241215097524662,0.20462358892570828,0.45603722894402393,0.2016733831907622,0.20241215097524662,PCA,0.0007387677844844232,0.0007387677844844232,0.0029502057349460875,0.25436384575326176,10,luxR_2,0.39888312666666664,-1.8961,2.5471,3h_co,3h,co,3h_st,3h,st,4.4432,luxR_2
N900_RS11710,0.5016539240037472,0.5546929731860185,1.0273057777337928,0.5773793655270445,0.5016539240037472,PCA,-0.0757254415232973,-0.0757254415232973,-0.022686392341025985,0.44992641220674834,10,rsmI,1.0247642666666663,-1.9176,4.733,1h_SI2,1h,SI2,12h_SI2,12h,SI2,6.6506,rsmI
N900_RS11720,0.26256820443018547,0.33080122837700876,0.40310241454517703,0.27909055765637286,0.26256820443018547,PCA,-0.016522353226187392,-0.016522353226187392,0.0517106707206359,0.12401185688880417,10,VC_0580_BLAST,0.6018302149999999,-0.72479,3.6509,3h_ce,3h,ce,3h_SI5,3h,SI5,4.3756900000000005,VC_0580_BLAST
N900_RS11730,0.6287843323823387,0.6710838511354773,0.8064672070075509,0.7019584814112628,0.6287843323823387,PCA,-0.07317414902892416,-0.07317414902892416,-0.03087463027578552,0.1045087255962881,10,"hemolysin, putative",0.34773906666666665,-1.3334,3.485,12h_SI3,12h,SI3,12h_SI1,12h,SI1,4.8184,"hemolysin, putative"
N900_RS11735,0.09346113655233174,0.053019862398748,0.7255915549010197,0.05646679902735433,0.053019862398748,CP,-0.0034469366286063313,0.036994337524977404,-0.0034469366286063313,0.6691247558736654,10,sspB,0.004116381,0.00015513,0.1701,6h_SI4,6h,SI4,3h_st,3h,st,0.16994487,sspB
N900_RS11740,0.168727243400331,0.2049155732757564,0.19979154977033123,0.11118528432348589,0.168727243400331,PCA,0.0575419590768451,0.0575419590768451,0.09373028895227052,0.08860626544684534,10,sspA,-0.18932468333333333,-2.2321,1.8793,6h_SI9,6h,SI9,12h_st,12h,st,4.1114,sspA
N900_RS11745,0.4145822660809041,0.4070142666167775,0.6916414105117095,0.44984205029168334,0.4070142666167775,CP,-0.04282778367490586,-0.035259784210779244,-0.04282778367490586,0.24179936022002613,10,petC,0.5367015500000001,-1.3614,4.7894,12h_SI4,12h,SI4,3h_SI5,3h,SI5,6.150799999999999,petC
N900_RS11750,0.33978217949441386,0.32806215744103256,0.7563131849628201,0.34807258378636724,0.32806215744103256,CP,-0.020010426345334675,-0.00829040429195338,-0.020010426345334675,0.40824060117645283,10,petB,0.6059557166666667,-0.77517,5.8614,3h_ce,3h,ce,3h_SI2,3h,SI2,6.63657,petB
N900_RS11755,0.3329484303648254,0.3866841397102057,0.4650653189817733,0.21560365218602592,0.3329484303648254,PCA,0.11734477817879949,0.11734477817879949,0.1710804875241798,0.24946166679574736,10,petA,1.9104570000000003,-0.21143,6.4559,1h_ce,1h,ce,3h_SI3,3h,SI3,6.66733,petA
N900_RS11775,0.435713356732102,0.3805857877692593,0.7561051601708513,0.4460565268250322,0.3805857877692593,CP,-0.06547073905577294,-0.010343170092930232,-0.06547073905577294,0.31004863334581906,10,zape,1.3833771116666667,-0.17811,4.9922,6h_SI1,6h,SI1,3h_SI6,3h,SI6,5.170310000000001,zape
N900_RS11780,0.37625579323447517,0.416614902376424,0.8703420171864107,0.43574983447620314,0.37625579323447517,PCA,-0.05949404124172797,-0.05949404124172797,-0.019134932099779123,0.43459218271020755,10,yhcB,1.2422961466666669,-0.8034,4.7086,12h_SI3,12h,SI3,3h_SI5,3h,SI5,5.512,yhcB
N900_RS11785,0.14590215984768184,0.16490466393850936,0.3465775889482607,0.1538704780071015,0.14590215984768184,PCA,-0.007968318159419646,-0.007968318159419646,0.01103418593140787,0.1927071109411592,10,degq,1.0294063833333333,-0.6589,4.9388,1h_SI8,1h,SI8,3h_st,3h,st,5.5977,degq
N900_RS11820,0.46119671493251846,0.4613569322163825,0.7267841256319615,0.5176602676931631,0.46119671493251846,PCA,-0.05646355276064463,-0.05646355276064463,-0.05630333547678057,0.2091238579387984,10,ypjd,1.3904863333333333,0.12162,5.9161,1h_SI3,1h,SI3,6h_SI2,6h,SI2,5.79448,ypjd
N900_RS11825,0.18431611988487606,0.17054552927053285,0.27000127723325484,0.17530199438306485,0.17054552927053285,CP,-0.004756465112531999,0.009014125501811215,-0.004756465112531999,0.09469928285019,10,yfjD,1.4441245,0.10797,4.3258,6h_SI9,6h,SI9,3h_st,3h,st,4.21783,yfjD
N900_RS11830,0.23913445516342258,0.20232353754508173,0.3566489764569564,0.20966094412321298,0.20232353754508173,CP,-0.007337406578131256,0.029473511040209593,-0.007337406578131256,0.14698803233374344,10,luxS,1.0175730666666667,-0.44166,3.6241,3h_ce,3h,ce,3h_SI2,3h,SI2,4.06576,luxS
N900_RS11835,0.27913485813535904,0.29184344017120395,0.39398807555203497,0.3011347978961915,0.27913485813535904,PCA,-0.021999939760832476,-0.021999939760832476,-0.00929135772498757,0.09285327765584345,10,gshA,-0.44144265833333335,-2.825,2.9004,12h_SI5,12h,SI5,3h_SI4,3h,SI4,5.7254000000000005,gshA
N900_RS11840,0.3850604593562424,0.3698318610439793,0.6799364651937551,0.4157186601066865,0.3698318610439793,CP,-0.045886799062707206,-0.03065820075044412,-0.045886799062707206,0.26421780508706855,10,"protease, insulinase family/protease, insulinase family",0.6065100966666667,-1.5355,5.5726,24h_st,24h,st,3h_SI1,3h,SI1,7.1081,"protease, insulinase family/protease, insulinase family"
N900_RS11845,0.3272591236417303,0.35946184125223335,0.6955112163876203,0.28167548422351957,0.3272591236417303,PCA,0.04558363941821075,0.04558363941821075,0.07778635702871378,0.4138357321641007,10,yqaA,0.9750936166666666,-0.66597,4.653,6h_SI1,6h,SI1,3h_SI3,3h,SI3,5.318969999999999,yqaA
N900_RS11850,0.12346433772945636,0.12637638879141638,0.23993568668301352,0.13350478452941783,0.12346433772945636,PCA,-0.010040446799961467,-0.010040446799961467,-0.007128395738001447,0.10643090215359569,10,qorA,0.8281166333333333,-0.76929,3.9372,6h_SI9,6h,SI9,1h_SI1,1h,SI1,4.70649,qorA
N900_RS11855,0.18492782791011042,0.17140170521991818,0.403370743157225,0.1251112534576673,0.17140170521991818,CP,0.046290451762250884,0.05981657445244312,0.046290451762250884,0.2782594896995577,10,gcdB,0.8656984216666668,-0.72505,4.5453,1h_ce,1h,ce,3h_SI2,3h,SI2,5.2703500000000005,gcdB
N900_RS11860,0.3240153035883403,0.27729112473795037,0.587548098343049,0.33691902653284717,0.27729112473795037,CP,-0.0596279017948968,-0.012903722944506868,-0.0596279017948968,0.25062907181020183,10,oadA_2,0.8026132004999998,-0.71938,4.3263,12h_SI8,12h,SI8,12h_SI3,12h,SI3,5.04568,oadA_2
N900_RS11865,0.3716003309147193,0.3131084244121849,0.6108285929537198,0.5467393054044798,0.3131084244121849,CP,-0.2336308809922949,-0.1751389744897605,-0.2336308809922949,0.06408928754924004,10,oadG_2,-0.5637307500000001,-3.0349,5.9671,6h_co,6h,co,3h_SI3,3h,SI3,9.002,oadG_2
N900_RS11870,0.5006656814359013,0.6130701484806982,0.7744110272989695,0.4705967414728394,0.5006656814359013,PCA,0.03006893996306187,0.03006893996306187,0.14247340700785877,0.30381428582613007,10,N900_RS11870,1.4324745166666668,-0.030792,5.8391,1h_SI3,1h,SI3,3h_SI1,3h,SI1,5.869892,N900_RS11870
N900_RS11915,0.11287173183671463,0.1703234816170056,0.14178713555871483,0.0391629536740578,0.11287173183671463,PCA,0.07370877816265684,0.07370877816265684,0.1311605279429478,0.10262418188465702,10,csrA,1.956721738333333,-0.0069357,4.0951,12h_SI7,12h,SI7,12h_st,12h,st,4.1020357,csrA
N900_RS11920,0.2619382983805225,0.31216004082385157,0.33493948173009264,0.2541902149819634,0.2619382983805225,PCA,0.007748083398559091,0.007748083398559091,0.057969825841888145,0.08074926674812921,10,aspartate kinase,-1.4220750666666668,-3.7267,1.6337,12h_SI7,12h,SI7,24h_SI3,24h,SI3,5.3604,aspartate kinase
N900_RS11930,0.35294440932273363,0.3460947689178668,0.6861025204756357,0.36370949354233495,0.3460947689178668,CP,-0.01761472462446817,-0.010765084219601317,-0.01761472462446817,0.32239302693330074,10,recX,0.15693010666666668,-1.5016,3.2047,3h_SI1,3h,SI1,1h_st,1h,st,4.7063,recX
N900_RS11940,0.3308526005591983,0.30420927397143527,0.5862524663723394,0.2042524291893798,0.30420927397143527,CP,0.09995684478205547,0.1266001713698185,0.09995684478205547,0.3820000371829596,10,pncC,1.0401374295,-0.5807,4.2121,6h_st,6h,st,1h_SI1,1h,SI1,4.792800000000001,pncC
N900_RS11945,0.5715682516308298,0.7675019140628183,0.927967950747449,0.6711273883672206,0.5715682516308298,PCA,-0.09955913673639083,-0.09955913673639083,0.09637452569559768,0.25684056238022834,10,cysA,0.027563633333333348,-2.9321,3.6994,3h_SI7,3h,SI7,24h_SI1,24h,SI1,6.6315,cysA
N900_RS11950,0.3669991803154301,0.4029940532191728,0.4819564468363703,0.3601275062459035,0.3669991803154301,PCA,0.006871674069526601,0.006871674069526601,0.042866546973269304,0.12182894059046678,10,cysW,0.6169745999999999,-1.1588,3.6159,24h_st,24h,st,3h_SI5,3h,SI5,4.7747,cysW
N900_RS11955,0.1647512796918656,0.19944727437314055,0.27533217355208284,0.188758556246895,0.1647512796918656,PCA,-0.024007276555029405,-0.024007276555029405,0.010688718126245556,0.08657361730518784,10,cysT,1.2042910166666665,-0.78788,3.8831,1h_SI8,1h,SI8,3h_SI4,3h,SI4,4.67098,cysT
N900_RS11960,0.24456150360704368,0.26453963148603216,0.41064298623335777,0.16053792909617137,0.24456150360704368,PCA,0.0840235745108723,0.0840235745108723,0.10400170238986078,0.2501050571371864,10,cysP,1.090019283333333,-0.80178,4.1512,1h_SI9,1h,SI9,12h_SI1,12h,SI1,4.95298,cysP
N900_RS11965,0.22282730747057597,0.25161131705409223,0.39280346275750383,0.18995642057733284,0.22282730747057597,PCA,0.032870886893243134,0.032870886893243134,0.0616548964767594,0.202847042180171,10,cysM,1.3077583333333331,-0.2429,4.0691,6h_st,6h,st,3h_SI2,3h,SI2,4.311999999999999,cysM
N900_RS11970,0.28595335701212204,0.37983166140306607,0.6420617773921203,0.35334655739044946,0.28595335701212204,PCA,-0.06739320037832741,-0.06739320037832741,0.02648510401261661,0.2887152200016709,10,mutS,0.27195773333333334,-1.1665,4.0083,6h_SI4,6h,SI4,6h_SI1,6h,SI1,5.1748,mutS
N900_RS11975,0.3712018115139364,0.36455153702727744,0.5932449130078868,0.37901542728664456,0.36455153702727744,CP,-0.014463890259367118,-0.007813615772708171,-0.014463890259367118,0.21422948572124229,10,rpoS,0.007977199536666665,8.9212e-06,0.074347,6h_SI7,6h,SI7,12h_SI2,12h,SI2,0.0743380788,rpoS
N900_RS11980,0.2116838657205001,0.24796093642447783,0.3619415581005617,0.15651306350238098,0.2116838657205001,PCA,0.055170802218119125,0.055170802218119125,0.09144787292209686,0.20542849459818074,10,nlpD,0.054612666666666684,-2.3101,3.1143,6h_co,6h,co,6h_SI2,6h,SI2,5.4244,nlpD
N900_RS11985,0.4919907488096271,0.5166442328126797,0.6189060336543828,0.5473936330476948,0.4919907488096271,PCA,-0.05540288423806772,-0.05540288423806772,-0.030749400235015156,0.07151240060668795,10,pcm,1.1428209216666663,-0.36892,5.0451,1h_SI8,1h,SI8,12h_SI1,12h,SI1,5.41402,pcm
N900_RS11990,0.4607528379935896,0.40592645068816474,0.6156471225105753,0.350542540051071,0.40592645068816474,CP,0.05538391063709375,0.11021029794251863,0.05538391063709375,0.2651045824595043,10,SurE,1.1178273833333336,-0.48004,4.2969,6h_SI2,6h,SI2,3h_SI5,3h,SI5,4.77694,SurE
N900_RS11995,0.2178530571203998,0.2918133454598036,0.3807474382228053,0.23444613636655234,0.2178530571203998,PCA,-0.016593079246152553,-0.016593079246152553,0.05736720909325124,0.14630130185625298,10,truD,1.164935333333333,-0.26635,5.0866,3h_SI4,3h,SI4,12h_SI1,12h,SI1,5.35295,truD
N900_RS12015,0.18501825521917173,0.20223886186845433,0.3191443308247678,0.20270148962822543,0.18501825521917173,PCA,-0.0176832344090537,-0.0176832344090537,-0.0004626277597711004,0.11644284119654236,10,uppP,1.5813912833333332,-0.24729,5.3994,1h_SI5,1h,SI5,3h_st,3h,st,5.6466899999999995,uppP
N900_RS12020,0.2780152628735178,0.29178760786961633,0.6334089586878124,0.2786635876593648,0.2780152628735178,PCA,-0.0006483247858469765,-0.0006483247858469765,0.013124020210251552,0.35474537102844766,10,folK_1,1.362576411666667,-0.4071,5.3709,24h_SI3,24h,SI3,3h_st,3h,st,5.778,folK_1
N900_RS12030,0.2072658692707027,0.2811208811823658,0.5387938125797697,0.28657634644000607,0.2072658692707027,PCA,-0.07931047716930337,-0.07931047716930337,-0.005455465257640291,0.2522174661397636,10,plsY,0.6914786216666667,-0.44504,4.1084,3h_SI2,3h,SI2,6h_SI2,6h,SI2,4.553439999999999,plsY
N900_RS12035,0.5625259321521461,0.6091161993163242,0.7243763564035413,0.49682481559905983,0.5625259321521461,PCA,0.06570111655308625,0.06570111655308625,0.11229138371726438,0.22755154080448142,10,catD,0.38159421666666665,-1.7352,4.0573,3h_SI6,3h,SI6,12h_st,12h,st,5.7924999999999995,catD
N900_RS12070,0.3090556320968196,0.3418061374301373,0.6258740099903035,0.28691627012855453,0.3090556320968196,PCA,0.022139361968265048,0.022139361968265048,0.054889867301582795,0.338957739861749,10,intA_4,0.24608109999999994,-2.2371,3.379,6h_SI3,6h,SI3,3h_SI1,3h,SI1,5.616099999999999,intA_4
N900_RS12080,0.22397696133511646,0.3161727307797732,0.47340104602538047,0.17210954921934413,0.22397696133511646,PCA,0.05186741211577234,0.05186741211577234,0.14406318156042908,0.30129149680603634,10,pctB_2,1.1769728666666668,-0.6379,4.0597,1h_co,1h,co,3h_SI3,3h,SI3,4.6976,pctB_2
N900_RS12085,0.5663680945375522,0.478917648274177,0.9142490223163632,0.5337401534801498,0.478917648274177,CP,-0.054822505205972816,0.03262794105740241,-0.054822505205972816,0.3805088688362134,10,AraC family transcriptional regulator_2,-0.2663631473333333,-3.6079,3.9562,6h_co,6h,co,3h_SI1,3h,SI1,7.5641,AraC family transcriptional regulator_2
N900_RS12100,0.30677191286595434,0.35456490399689694,0.5784792215551916,0.29467383975289285,0.30677191286595434,PCA,0.012098073113061492,0.012098073113061492,0.05989106424400409,0.28380538180229875,10,N900_RS12100,0.4585875716666667,-2.2633,3.3344,6h_SI3,6h,SI3,3h_SI2,3h,SI2,5.5977,N900_RS12100
N900_RS12105,0.4114742393504486,0.3720316987024305,0.718815768256495,0.2927679171317933,0.3720316987024305,CP,0.07926378157063724,0.11870632221865529,0.07926378157063724,0.42604785112470167,10,marr_1,0.4016765016666666,-2.5465,5.0937,3h_SI9,3h,SI9,3h_SI2,3h,SI2,7.6402,marr_1
N900_RS12110,0.27931623624892266,0.3033875054745338,0.680614104011864,0.30015262671382686,0.27931623624892266,PCA,-0.02083639046490421,-0.02083639046490421,0.0032348787607069385,0.3804614772980371,10,N900_RS12110,0.6395312166666667,-1.4431,3.9451,12h_SI1,12h,SI1,3h_SI2,3h,SI2,5.3882,N900_RS12110
N900_RS12115,0.7716109705124196,0.8747885139095897,0.9636520433005232,0.7581436849023492,0.7716109705124196,PCA,0.013467285610070379,0.013467285610070379,0.11664482900724049,0.20550835839817405,10,N900_RS12115,0.4655182413333333,-1.8074,4.0393,3h_SI8,3h,SI8,6h_SI2,6h,SI2,5.8467,N900_RS12115
N900_RS12120,0.3461724288006839,0.3519272190853778,0.5525220533682801,0.2349116948509587,0.3461724288006839,PCA,0.11126073394972519,0.11126073394972519,0.11701552423441908,0.3176103585173214,10,N900_RS12120,0.6790785166666666,-1.4711,4.7625,3h_SI9,3h,SI9,6h_SI2,6h,SI2,6.2336,N900_RS12120
N900_RS12125,0.25915234259414055,0.19048737195782237,0.4799273678477091,0.24676957839350047,0.19048737195782237,CP,-0.056282206435678106,0.012382764200640078,-0.056282206435678106,0.23315778945420865,10,GNAT family N-acetyltransferase_1,1.0189325233333333,-0.54972,4.5153,3h_SI2,3h,SI2,3h_SI1,3h,SI1,5.06502,GNAT family N-acetyltransferase_1
N900_RS12130,0.20257481009307285,0.20289509233210082,0.3520007825257527,0.22975988709523207,0.20257481009307285,PCA,-0.02718507700215922,-0.02718507700215922,-0.02686479476313125,0.12224089543052061,10,ABC transporter substrate-binding protein_4,0.652749545,-0.80722,3.8322,6h_SI6,6h,SI6,3h_st,3h,st,4.639419999999999,ABC transporter substrate-binding protein_4
N900_RS12135,0.344201327169127,0.41300749300064976,0.43432095481675986,0.3703660810503596,0.344201327169127,PCA,-0.026164753881232627,-0.026164753881232627,0.04264141195029014,0.06395487376640024,10,glmS,1.9236674999999999,-0.38225,4.3466,1h_SI5,1h,SI5,24h_SI1,24h,SI1,4.7288499999999996,glmS
N900_RS12140,0.20446721607559462,0.22466857746797447,0.5265265424823644,0.20974180094655545,0.20446721607559462,PCA,-0.00527458487096083,-0.00527458487096083,0.014926776521419022,0.31678474153580893,10,DeoR/GlpR transcriptional regulator,0.8222112833333335,-0.76753,4.1596,3h_SI1,3h,SI1,6h_SI2,6h,SI2,4.92713,DeoR/GlpR transcriptional regulator
N900_RS12145,0.18773298599704433,0.20924102847915846,0.19688362232618195,0.1489170168692985,0.18773298599704433,PCA,0.03881596912774582,0.03881596912774582,0.06032401160985995,0.04796660545688344,10,pykF,0.74978065,-1.1644,4.8546,12h_SI7,12h,SI7,12h_SI2,12h,SI2,6.019,pykF
N900_RS12150,0.22866120361154377,0.24075250893443204,0.5123551534201902,0.20925585901307628,0.22866120361154377,PCA,0.01940534459846749,0.01940534459846749,0.03149664992135576,0.3030992944071139,10,oxidative stress defense protein,0.8405812616666667,-0.82748,4.5271,6h_SI2,6h,SI2,3h_st,3h,st,5.35458,oxidative stress defense protein
N900_RS12155,0.16070684391048298,0.16146159624449666,0.2715984182016387,0.12635935026094433,0.16070684391048298,PCA,0.03434749364953865,0.03434749364953865,0.03510224598355233,0.14523906794069438,10,argp,1.0092669199999997,-0.31481,3.2016,1h_st,1h,st,3h_st,3h,st,3.51641,argp
N900_RS12160,0.18277937830598232,0.1890982947058269,0.25795721155125023,0.16250834154757238,0.18277937830598232,PCA,0.020271036758409938,0.020271036758409938,0.02658995315825452,0.09544887000367785,10,argO,1.53956565,-0.24221,4.3574,1h_st,1h,st,6h_SI3,6h,SI3,4.59961,argO
N900_RS12165,0.3544948323029756,0.421821536074639,0.5701929160480746,0.3791154417255547,0.3544948323029756,PCA,-0.0246206094225791,-0.0246206094225791,0.04270609434908429,0.19107747432251992,10,mscS_1,0.6642715,-1.5732,4.6295,6h_co,6h,co,6h_SI3,6h,SI3,6.2027,mscS_1
N900_RS12185,0.4703277868593917,0.4672243501670765,0.6793234381325914,0.4334727727139577,0.4672243501670765,CP,0.0337515774531188,0.03685501414543402,0.0337515774531188,0.24585066541863376,10,epd,-0.6802761333333333,-2.8585,4.4514,6h_SI5,6h,SI5,3h_st,3h,st,7.309899999999999,epd
N900_RS12190,0.1999371775392877,0.25450119844138813,0.35598483812886583,0.20255705987067968,0.1999371775392877,PCA,-0.0026198823313919872,-0.0026198823313919872,0.051944138570708454,0.15342777825818615,10,cirA,0.687292125,-0.75437,2.9222,6h_st,6h,st,3h_SI5,3h,SI5,3.67657,cirA
N900_RS12195,0.2091372187402851,0.2207958512414489,0.393451944179222,0.22371142198406332,0.2091372187402851,PCA,-0.014574203243778228,-0.014574203243778228,-0.0029155707426144206,0.1697405221951587,10,irgB,1.7818820666666662,-0.053536,4.656,1h_SI6,1h,SI6,6h_st,6h,st,4.709536,irgB
N900_RS12200,0.4401593595538524,0.5168708629367789,0.6335547969981276,0.4727798504398088,0.4401593595538524,PCA,-0.03262049088595642,-0.03262049088595642,0.04409101249697006,0.16077494655831875,10,Pseudogene_N900_RS12200,-0.24520380000000006,-3.9505,3.8975,6h_SI7,6h,SI7,3h_SI3,3h,SI3,7.848,Pseudogene_N900_RS12200
N900_RS12215,0.4946380458805723,0.6290919902421057,0.8219663817534136,0.5634035507624304,0.4946380458805723,PCA,-0.06876550488185812,-0.06876550488185812,0.06568843947967529,0.2585628309909832,10,sprt,1.193258966666667,-0.74465,4.6072,12h_SI3,12h,SI3,6h_SI2,6h,SI2,5.35185,sprt
N900_RS12220,0.18509595129451775,0.17164934835142392,0.27385663590135156,0.1438140709317439,0.17164934835142392,CP,0.027835277419680032,0.04128188036277386,0.027835277419680032,0.13004256496960767,10,xds_2,2.2866675,0.2404,5.9964,1h_ce,1h,ce,3h_SI4,3h,SI4,5.756,xds_2
N900_RS12225,0.1465076065349965,0.1504817285683959,0.21858658157622637,0.12486051378078707,0.1465076065349965,PCA,0.021647092754209438,0.021647092754209438,0.02562121478760883,0.09372606779543931,10,rsmE,1.0057010160000002,-0.35504,3.3369,12h_SI7,12h,SI7,12h_SI2,12h,SI2,3.6919399999999998,rsmE
N900_RS12230,0.38998047070949377,0.395443138647428,0.5831684858951055,0.47242189325150136,0.38998047070949377,PCA,-0.08244142254200759,-0.08244142254200759,-0.07697875460407333,0.11074659264360415,10,gshB,-0.3211530633333333,-2.057,3.4829,6h_SI7,6h,SI7,3h_SI4,3h,SI4,5.539899999999999,gshB
N900_RS12235,0.19030928759248364,0.15597153493986235,0.4268512108542666,0.18934075082119695,0.15597153493986235,CP,-0.033369215881334596,0.0009685367712866932,-0.033369215881334596,0.23751046003306964,10,VC_0467_BLAST,1.4714087166666667,-0.35877,4.8944,3h_SI9,3h,SI9,6h_SI4,6h,SI4,5.25317,VC_0467_BLAST
N900_RS12245,0.20274104873311496,0.17434069390727855,0.3848411249061476,0.20909431318156252,0.17434069390727855,CP,-0.03475361927428397,-0.006353264448447554,-0.03475361927428397,0.17574681172458506,10,tyrS,0.9097579533333333,-0.35307,3.2646,3h_st,3h,st,6h_st,6h,st,3.6176700000000004,tyrS
N900_RS12250,0.14910336212901074,0.25999453101810555,0.4925879952719135,0.11563719942878302,0.14910336212901074,PCA,0.03346616270022772,0.03346616270022772,0.1443573315893225,0.37695079584313046,10,luxR_1,1.0244690333333333,-0.47275,4.1515,3h_SI4,3h,SI4,6h_st,6h,st,4.62425,luxR_1
N900_RS12255,0.24035952317843065,0.25223398137327485,0.4099217341586713,0.19103885237538315,0.24035952317843065,PCA,0.0493206708030475,0.0493206708030475,0.0611951289978917,0.21888288178328813,10,pilT_1,1.3544023866666668,-0.026827,4.1113,3h_SI2,3h,SI2,12h_SI1,12h,SI1,4.138127,pilT_1
N900_RS12260,0.4502233080655268,0.6021392566320525,0.8901926453238196,0.5862986966849403,0.4502233080655268,PCA,-0.13607538861941348,-0.13607538861941348,0.0158405599471122,0.3038939486388793,10,pilT_2,0.2565712333333333,-1.4659,3.4509,12h_SI4,12h,SI4,6h_SI3,6h,SI3,4.9168,pilT_2
N900_RS12265,0.15687508913648066,0.2119544849607082,0.359855287038397,0.11403157372704271,0.15687508913648066,PCA,0.04284351540943794,0.04284351540943794,0.09792291123366549,0.24582371331135427,10,yggs,1.0870463883333334,-0.039687,4.0291,3h_SI8,3h,SI8,3h_st,3h,st,4.0687869999999995,yggs
N900_RS12270,0.640126366003383,0.7145584881017673,0.8403012293972009,0.6114781061355965,0.640126366003383,PCA,0.02864825986778652,0.02864825986778652,0.10308038196617075,0.22882312326160437,10,proC,1.3030324349999998,-0.37789,6.167,1h_SI9,1h,SI9,6h_SI3,6h,SI3,6.54489,proC
N900_RS12275,0.2676626619778688,0.32079515036610506,0.5494016086649347,0.24104597135850553,0.2676626619778688,PCA,0.02661669061936328,0.02661669061936328,0.07974917900759954,0.3083556373064292,10,yggt,0.8389598166666665,-0.621,5.2255,6h_st,6h,st,3h_SI4,3h,SI4,5.846500000000001,yggt
N900_RS12280,0.3815786922002808,0.42994187373213877,0.5282024365018082,0.29011617547306606,0.3815786922002808,PCA,0.09146251672721473,0.09146251672721473,0.1398256982590727,0.23808626102874214,10,VC_0458_BLAST,-0.10090591666666665,-1.8121,2.9802,6h_SI1,6h,SI1,6h_ce,6h,ce,4.7923,VC_0458_BLAST
N900_RS12285,0.10959082519523143,0.08171554695266821,0.7251505438430392,0.06645880427375545,0.08171554695266821,CP,0.015256742678912763,0.043132020921475986,0.015256742678912763,0.6586917395692837,10,N900_RS12285,0.0027146426351666664,-8.333e-06,0.11933,12h_SI8,12h,SI8,3h_st,3h,st,0.119338333,N900_RS12285
N900_RS12290,0.10020957132107114,0.11085877073447566,0.3153359491641591,0.10134867839120763,0.10020957132107114,PCA,-0.0011391070701364941,-0.0011391070701364941,0.009510092343268023,0.21398727077295143,10,rdgB,1.2281360000000001,-1.4592,4.3124,1h_SI6,1h,SI6,3h_st,3h,st,5.7716,rdgB
N900_RS12295,0.5916499904522393,0.6237190166288492,0.8515969714998272,0.6243539636125865,0.5916499904522393,PCA,-0.03270397316034723,-0.03270397316034723,-0.0006349469837373389,0.2272430078872406,10,hemW,-0.054961828333333365,-1.7602,4.1977,12h_SI2,12h,SI2,3h_SI2,3h,SI2,5.9579,hemW
N900_RS12300,0.3703034281847682,0.4564924639158688,0.6168706762331863,0.33027125642132477,0.3703034281847682,PCA,0.040032171763443425,0.040032171763443425,0.12622120749454402,0.2865994198118615,10,glsA2,0.12857324999999997,-2.71,3.1653,3h_SI9,3h,SI9,3h_SI5,3h,SI5,5.875299999999999,glsA2
N900_RS12305,0.3767790875961491,0.29941961850252136,0.6262813809718057,0.4135695113669943,0.29941961850252136,CP,-0.11414989286447297,-0.03679042377084524,-0.11414989286447297,0.21271186960481142,10,trmB,1.2589885333333333,-0.12662,5.4469,1h_SI5,1h,SI5,6h_SI2,6h,SI2,5.57352,trmB
N900_RS12310,0.44818299464880884,0.47428414219831544,0.6584120851318814,0.37962364498098494,0.44818299464880884,PCA,0.0685593496678239,0.0685593496678239,0.0946604972173305,0.2787884401508965,10,mutY,0.9734832,-0.51149,4.339,3h_SI4,3h,SI4,1h_ce,1h,ce,4.850490000000001,mutY
N900_RS12315,0.7878754150991206,0.7437709687043416,0.9571957273163345,0.769037653536463,0.7437709687043416,CP,-0.025266684832121467,0.018837761562657596,-0.025266684832121467,0.18815807377987148,10,yggX,0.3632811,-1.9722,3.7623,6h_co,6h,co,12h_st,12h,st,5.734500000000001,yggX
N900_RS12320,0.5391354195852689,0.5784691682780192,0.6574958106305451,0.5234766684272165,0.5391354195852689,PCA,0.015658751158052375,0.015658751158052375,0.05499249985080268,0.13401914220332856,10,mltC,-0.6058199908333334,-2.6945,1.9164,6h_SI2,6h,SI2,12h_SI3,12h,SI3,4.6109,mltC
N900_RS12345,0.1141989405965067,0.1549576918286047,0.30384939152237067,0.12243325277966711,0.1141989405965067,PCA,-0.008234312183160411,-0.008234312183160411,0.03252443904893758,0.18141613874270357,10,mcpP_2,1.5108900166666666,-0.066869,4.2303,3h_co,3h,co,3h_SI4,3h,SI4,4.297168999999999,mcpP_2
N900_RS12365,0.4630638078296533,0.48113336526937434,0.625902216877915,0.416324776137652,0.4630638078296533,PCA,0.046739031692001276,0.046739031692001276,0.06480858913172233,0.20957744074026302,10,djlA,0.5443349666666665,-1.1718,3.8828,6h_SI1,6h,SI1,3h_st,3h,st,5.0546,djlA
N900_RS12385,0.2935905745594131,0.29348708665175854,0.3308697072367544,0.2910996382102503,0.29348708665175854,CP,0.002387448441508233,0.002490936349162809,0.002387448441508233,0.039770069026504096,10,rsmA,-0.2606076666666667,-2.5123,3.7107,12h_SI7,12h,SI7,12h_SI3,12h,SI3,6.223000000000001,rsmA
N900_RS12390,0.3204558499145841,0.4479384013484097,0.6431069401198407,0.26396256965779546,0.3204558499145841,PCA,0.056493280256788625,0.056493280256788625,0.1839758316906142,0.37914437046204524,10,apaG,1.8158829500000002,-0.064464,5.9155,1h_SI9,1h,SI9,6h_SI1,6h,SI1,5.979964,apaG
N900_RS12395,0.7981527980803317,0.7415837576305099,0.8994458451655836,0.9378189237663421,0.7415837576305099,CP,-0.19623516613583225,-0.13966612568601044,-0.19623516613583225,-0.03837307860075856,10,apaH,0.5097322,-1.9641,3.7598,6h_ce,6h,ce,3h_SI5,3h,SI5,5.7238999999999995,apaH
N900_RS12400,0.23649926981714037,0.30583351993282665,0.48525203645302567,0.26789191024131764,0.23649926981714037,PCA,-0.031392640424177276,-0.031392640424177276,0.037941609691509004,0.21736012621170803,10,folA,0.6763601633333333,-0.71006,2.9171,3h_SI4,3h,SI4,1h_SI1,1h,SI1,3.62716,folA
N900_RS12405,0.30757101530270725,0.3089905942853665,0.45782803960181256,0.3226459111677545,0.30757101530270725,PCA,-0.015074895865047233,-0.015074895865047233,-0.013655316882387969,0.13518212843405808,10,yjjB_BLAST,1.3634694666666667,-0.27374,5.0767,1h_SI8,1h,SI8,3h_SI2,3h,SI2,5.35044,yjjB_BLAST
N900_RS12410,0.19495856919003554,0.20353020191706478,0.449560230916832,0.1975092625568393,0.19495856919003554,PCA,-0.002550693366803747,-0.002550693366803747,0.006020939360225491,0.25205096835999274,10,Probable succinate transporter subunit YjjP_BLAST,1.4781493333333335,-0.32817,4.7218,3h_SI1,3h,SI1,3h_SI4,3h,SI4,5.04997,Probable succinate transporter subunit YjjP_BLAST
N900_RS12435,0.29406205227130694,0.24933166456330547,0.37909290084013325,0.24281621606797982,0.24933166456330547,CP,0.006515448495325649,0.05124583620332712,0.006515448495325649,0.13627668477215343,10,Pseudogene_N900_RS12435,1.4613994166666666,0.059225,4.1261,1h_SI4,1h,SI4,12h_SI1,12h,SI1,4.0668750000000005,Pseudogene_N900_RS12435
N900_RS12445,0.27910092403302367,0.3419583120498987,0.44637435093156125,0.2421552865576377,0.27910092403302367,PCA,0.036945637475385956,0.036945637475385956,0.09980302549226097,0.20421906437392354,10,mdh,1.0148447833333332,-1.5427,4.2508,1h_SI2,1h,SI2,6h_ce,6h,ce,5.7935,mdh
N900_RS12450,0.42239825189950736,0.4505500252128686,0.5871782996062164,0.4358923237298578,0.42239825189950736,PCA,-0.013494071830350451,-0.013494071830350451,0.014657701483010765,0.15128597587635856,10,argR,1.1811901333333332,-0.94403,5.6317,6h_SI6,6h,SI6,6h_SI3,6h,SI3,6.57573,argR
N900_RS12455,0.287956794366159,0.2880814388953785,0.5527718917235113,0.29771608403741506,0.287956794366159,PCA,-0.009759289671256055,-0.009759289671256055,-0.009634645142036546,0.2550558076860962,10,C4-dicarboxylate ABC transporter substrate-binding protein_1,1.7782863333333334,0.22817,5.1035,3h_SI5,3h,SI5,6h_SI1,6h,SI1,4.87533,C4-dicarboxylate ABC transporter substrate-binding protein_1
N900_RS12460,0.421821240972412,0.432013279343325,0.7060757462815216,0.40094278870987116,0.421821240972412,PCA,0.02087845226254087,0.02087845226254087,0.03107049063345385,0.30513295757165043,10,dctM_1,1.02494075,-0.76844,4.3549,6h_SI2,6h,SI2,12h_SI1,12h,SI1,5.12334,dctM_1
N900_RS12465,0.27479974620497266,0.320640125353386,0.6112555251378343,0.34490964089880766,0.27479974620497266,PCA,-0.070109894693835,-0.070109894693835,-0.02426951554542167,0.26634588423902666,10,uspF,1.3782087166666668,-0.47727,4.6599,1h_ce,1h,ce,3h_st,3h,st,5.13717,uspF
N900_RS12470,0.6295070533178132,0.6410695069534916,0.8025562551822483,0.6039576934630753,0.6295070533178132,PCA,0.02554935985473794,0.02554935985473794,0.03711181349041637,0.198598561719173,10,N900_RS12470,1.0900017999999998,-0.32104,4.2663,12h_SI1,12h,SI1,6h_SI3,6h,SI3,4.58734,N900_RS12470
N900_RS12475,0.10501040636956582,0.11227058374435248,0.2984884890606024,0.163034185563656,0.10501040636956582,PCA,-0.058023779194090186,-0.058023779194090186,-0.05076360181930353,0.13545430349694637,10,N900_RS12475,0.7616366166666667,-0.55865,4.1727,12h_SI7,12h,SI7,3h_st,3h,st,4.73135,N900_RS12475
N900_RS12480,0.3659595933795841,0.4241130039404907,0.7393497699688379,0.3769411866018805,0.3659595933795841,PCA,-0.01098159322229636,-0.01098159322229636,0.0471718173386102,0.36240858336695747,10,rraB,-0.45777685,-2.0647,3.6876,6h_SI5,6h,SI5,6h_st,6h,st,5.7523,rraB
N900_RS12485,0.2424124387260997,0.2645086692905086,0.4573334781339965,0.2505026954435878,0.2424124387260997,PCA,-0.008090256717488087,-0.008090256717488087,0.014005973846920816,0.20683078269040872,10,arcA_1,0.7896804666666668,-0.28927,4.4112,3h_ce,3h,ce,6h_SI2,6h,SI2,4.70047,arcA_1
N900_RS12490,0.20563089579079907,0.3242828110214491,0.6059792554806199,0.218074667608859,0.20563089579079907,PCA,-0.012443771818059918,-0.012443771818059918,0.10620814341259013,0.38790458787176096,10,tldD,1.4758316333333332,0.052138,4.5198,1h_SI9,1h,SI9,3h_SI4,3h,SI4,4.467662,tldD
N900_RS12495,0.37804876625396167,0.4425440311137839,0.5707847960771714,0.3780322047502222,0.37804876625396167,PCA,1.6561503739465078e-05,1.6561503739465078e-05,0.06451182636356168,0.19275259132694916,10,nit1,1.1008344866666666,-0.37815,5.2266,6h_SI8,6h,SI8,6h_SI4,6h,SI4,5.60475,nit1
N900_RS12500,0.26360988119935697,0.3397761108774375,0.4465989491939357,0.2902914715086496,0.26360988119935697,PCA,-0.026681590309292624,-0.026681590309292624,0.049484639368787886,0.15630747768528613,10,N900_RS12500,0.21488250000000003,-1.334,3.0902,24h_SI4,24h,SI4,3h_SI1,3h,SI1,4.4242,N900_RS12500
N900_RS12505,0.5657482379311207,0.7207832575850087,0.6983424627615684,0.5816762930243354,0.5657482379311207,PCA,-0.01592805509321471,-0.01592805509321471,0.13910696456067329,0.11666616973723298,10,rng,0.4674650383333334,-2.0299,4.0433,6h_SI5,6h,SI5,3h_SI4,3h,SI4,6.0732,rng
N900_RS12510,0.2159300190961699,0.2002635111970136,0.47659759211495906,0.1981274862979291,0.2002635111970136,CP,0.0021360248990845154,0.017802532798240817,0.0021360248990845154,0.27847010581702997,10,Maf,1.7080964,0.042484,6.1533,6h_st,6h,st,3h_SI1,3h,SI1,6.110816,Maf
N900_RS12530,0.23329045702961512,0.17977436366853977,0.3452226336559227,0.19420412688576424,0.17977436366853977,CP,-0.014429763217224473,0.03908633014385088,-0.014429763217224473,0.15101850677015846,10,mshQ,1.316181166666667,-0.109,4.2723,1h_SI8,1h,SI8,3h_st,3h,st,4.3813,mshQ
N900_RS12535,0.38911175365016654,0.42594614242339507,0.7746619755456845,0.4002749210608377,0.38911175365016654,PCA,-0.011163167410671138,-0.011163167410671138,0.025671221362557395,0.3743870544848468,10,mshP,1.7246605516666667,-0.21597,6.7449,12h_ce,12h,ce,3h_st,3h,st,6.96087,mshP
N900_RS12540,0.19726506030140323,0.19691706213081786,0.2895040652294164,0.1727288616199464,0.19691706213081786,CP,0.02418820051087145,0.024536198681456817,0.02418820051087145,0.11677520360947,10,mshO,0.7352822450000001,-0.817,3.9229,24h_st,24h,st,3h_st,3h,st,4.7399,mshO
N900_RS12545,0.5859220396574331,0.49747748378363466,0.8483622861897206,0.6200369093110907,0.49747748378363466,CP,-0.12255942552745602,-0.03411486965365762,-0.12255942552745602,0.22832537687862997,10,type II secretion system protein,-0.05810344999999999,-1.5505,2.6873,1h_co,1h,co,12h_SI1,12h,SI1,4.2378,type II secretion system protein
N900_RS12550,0.41443784309915743,0.5397951517493857,0.8103005098140094,0.3877650170165782,0.41443784309915743,PCA,0.02667282608257926,0.02667282608257926,0.15203013473280758,0.4225354927974312,10,mshC,0.69469595,-0.83286,3.1906,6h_SI1,6h,SI1,3h_SI2,3h,SI2,4.02346,mshC
N900_RS12555,0.3093807548676716,0.35595788159897623,0.4630093031052984,0.1708937822694448,0.3093807548676716,PCA,0.1384869725982268,0.1384869725982268,0.18506409932953144,0.2921155208358536,10,mshA,0.6931828,-0.7533,3.457,3h_st,3h,st,6h_ce,6h,ce,4.2103,mshA
N900_RS12560,0.2676681999833728,0.2840440106608903,0.5265560312953731,0.22750299230562537,0.2676681999833728,PCA,0.04016520767774745,0.04016520767774745,0.05654101835526493,0.2990530389897477,10,MSHA pilin protein MshB,0.7387401233333332,-0.76376,4.0753,6h_st,6h,st,3h_st,3h,st,4.83906,MSHA pilin protein MshB
N900_RS12565,0.5074154124607787,0.5303401355591367,0.8068972628081366,0.5626353591622021,0.5074154124607787,PCA,-0.055219946701423384,-0.055219946701423384,-0.03229522360306536,0.24426190364593448,10,mshf,-0.04357255000000004,-1.6819,5.2905,6h_SI8,6h,SI8,6h_SI1,6h,SI1,6.9723999999999995,mshf
N900_RS12570,0.17745321937230216,0.16628278903900104,0.2859599644221975,0.1823064571213156,0.16628278903900104,CP,-0.016023668082314563,-0.004853237749013445,-0.016023668082314563,0.10365350730088191,10,mshG,0.48793916833333334,-0.92882,2.9193,3h_st,3h,st,3h_SI3,3h,SI3,3.8481199999999998,mshG
N900_RS12575,0.22416662367054604,0.19981508065034384,0.4719326429508292,0.2200144971952477,0.19981508065034384,CP,-0.02019941654490387,0.0041521264752983345,-0.02019941654490387,0.25191814575558147,10,mshE,1.292669433333333,-0.36679,4.7736,3h_ce,3h,ce,3h_st,3h,st,5.14039,mshE
N900_RS12580,0.22522105078245305,0.27408289373073996,0.39411893084425437,0.2616070983944884,0.22522105078245305,PCA,-0.03638604761203537,-0.03638604761203537,0.012475795336251538,0.13251183244976594,10,MSHA biogenesis protein MshN,1.1088379333333331,-0.40777,3.6304,3h_SI4,3h,SI4,12h_SI2,12h,SI2,4.03817,MSHA biogenesis protein MshN
N900_RS12585,0.2390181231889891,0.23199227173482231,0.3733200154371138,0.23394217974730463,0.23199227173482231,CP,-0.001949908012482321,0.005075943441684466,-0.001949908012482321,0.13937783568980916,10,mshM,0.7181125333333334,-0.41131,3.545,3h_st,3h,st,6h_SI2,6h,SI2,3.9563099999999998,mshM
N900_RS12590,0.20543517312125306,0.18898143929449934,0.2741529460494412,0.16739204400516614,0.18898143929449934,CP,0.021589395289333208,0.03804312911608693,0.021589395289333208,0.10676090204427505,10,mshL,1.317562651666667,-0.061664,4.5314,24h_ce,24h,ce,6h_st,6h,st,4.593064,mshL
N900_RS12595,0.5481320001718385,0.554402445847018,0.7435626076845605,0.5702414868464167,0.5481320001718385,PCA,-0.022109486674578238,-0.022109486674578238,-0.0158390409993987,0.17332112083814377,10,mshk,0.8878436150000001,-0.55761,4.7472,1h_SI2,1h,SI2,3h_SI6,3h,SI6,5.304810000000001,mshk
N900_RS12600,0.4724298815006854,0.5780254455479737,0.672605274429501,0.4086622084906121,0.4724298815006854,PCA,0.0637676730100733,0.0637676730100733,0.16936323705736167,0.26394306593888894,10,pilO_1,0.5456657,-1.2665,4.2082,6h_SI3,6h,SI3,3h_SI1,3h,SI1,5.4746999999999995,pilO_1
N900_RS12605,0.2378518728906687,0.1764559525099803,0.46100604867887834,0.18329851575700828,0.1764559525099803,CP,-0.006842563247027977,0.05455335713366041,-0.006842563247027977,0.27770753292187006,10,mshi,1.2237318666666668,-0.2944,4.5466,3h_st,3h,st,1h_SI1,1h,SI1,4.840999999999999,mshi
N900_RS12610,0.23766062144142602,0.2212327871992387,0.397253977004004,0.2971818964533359,0.2212327871992387,CP,-0.07594910925409723,-0.0595212750119099,-0.07594910925409723,0.10007208055066807,10,csrD,0.7159272133333333,-1.464,3.7535,6h_SI7,6h,SI7,12h_SI1,12h,SI1,5.217499999999999,csrD
N900_RS12620,0.40042064871336597,0.38597623503866224,0.6101880052167349,0.36398703499442825,0.38597623503866224,CP,0.021989200044233992,0.03643361371893772,0.021989200044233992,0.24620097022230664,10,malT_1,0.1526436399999999,-1.6942,3.8863,12h_SI1,12h,SI1,6h_SI4,6h,SI4,5.5805,malT_1
N900_RS12625,0.2642937359789867,0.2844399278269576,0.3317492673389798,0.18610506873674018,0.2642937359789867,PCA,0.07818866724224652,0.07818866724224652,0.09833485909021741,0.14564419860223962,10,galU,-1.5646340833333332,-4.0293,3.9681,6h_SI9,6h,SI9,1h_st,1h,st,7.997400000000001,galU
N900_RS12630,0.623648257866207,0.589813883991135,0.7468449899367117,0.654150082589369,0.589813883991135,CP,-0.06433619859823403,-0.030501824723161985,-0.06433619859823403,0.09269490734734265,10,uvrA,-0.7717346883333333,-3.1232,1.9936,6h_SI6,6h,SI6,1h_ce,1h,ce,5.1168000000000005,uvrA
N900_RS12635,0.24461492118224712,0.241189595324128,0.4123095133447104,0.3600916933635429,0.241189595324128,CP,-0.1189020980394149,-0.11547677218129579,-0.1189020980394149,0.05221781998116748,10,ligase,0.4180067833333333,-1.54,4.4568,3h_SI7,3h,SI7,3h_SI1,3h,SI1,5.9968,ligase
N900_RS12640,0.2860298991038867,0.3524938748930057,0.5838871119382426,0.25585067184621113,0.2860298991038867,PCA,0.030179227257675578,0.030179227257675578,0.09664320304679458,0.3280364400920315,10,pucG,1.0562856166666668,-0.6092,4.2455,6h_SI1,6h,SI1,3h_SI2,3h,SI2,4.854699999999999,pucG
N900_RS12645,0.20760738965850625,0.21469359894162884,0.32461279912130087,0.16197970712421547,0.20760738965850625,PCA,0.04562768253429078,0.04562768253429078,0.05271389181741337,0.1626330919970854,10,lysC,1.6377304666666668,0.059838,4.7726,1h_st,1h,st,6h_SI2,6h,SI2,4.712762,lysC
N900_RS12650,0.18631747539396068,0.18708422312669193,0.381366870064845,0.179162536704828,0.18631747539396068,PCA,0.007154938689132667,0.007154938689132667,0.007921686421863916,0.20220433336001697,10,metH,1.3040351666666665,-0.43238,4.3936,3h_SI8,3h,SI8,6h_st,6h,st,4.82598,metH
N900_RS12655,0.20370040418852792,0.2918931116030921,0.4744627780046776,0.2497952132516325,0.20370040418852792,PCA,-0.04609480906310459,-0.04609480906310459,0.042097898351459606,0.2246675647530451,10,nhaP,0.9546724166666667,-0.46725,5.0835,12h_st,12h,st,3h_SI1,3h,SI1,5.55075,nhaP
N900_RS12690,0.40289153092922203,0.4328033653141329,0.7226226625957152,0.48682868794968887,0.40289153092922203,PCA,-0.08393715702046683,-0.08393715702046683,-0.05402532263555598,0.2357939746460263,10,cysH,0.9142912333333334,-1.2429,4.4672,3h_SI9,3h,SI9,3h_SI5,3h,SI5,5.7101,cysH
N900_RS12695,0.12261519401480817,0.12256393738352313,0.28065896848071564,0.10950207572270934,0.12256393738352313,CP,0.013061861660813787,0.013113118292098824,0.013061861660813787,0.1711568927580063,10,cysI,2.093656466666667,-0.2971,5.5103,1h_SI7,1h,SI7,3h_SI1,3h,SI1,5.8074,cysI
N900_RS12700,0.2552094458803197,0.2867341255461401,0.7007512221100093,0.25398076720426144,0.2552094458803197,PCA,0.001228678676058248,0.001228678676058248,0.03275335834187865,0.44677045490574785,10,assimilatory sulfite reductase (NADPH) flavoprotein subunit,0.0073533885,0.00017099,0.16681,6h_SI2,6h,SI2,3h_st,3h,st,0.16663901,assimilatory sulfite reductase (NADPH) flavoprotein subunit
N900_RS12705,0.2430263615117492,0.3100836559426866,0.6816708171359178,0.18664083609765825,0.2430263615117492,PCA,0.05638552541409095,0.05638552541409095,0.12344281984502836,0.49502998103825957,10,N900_RS12705,1.4809763333333335,0.10052,5.6072,3h_SI1,3h,SI1,6h_ce,6h,ce,5.506679999999999,N900_RS12705
N900_RS12710,0.3780865894013224,0.4959588685672707,0.6985057567759669,0.3896024173753248,0.3780865894013224,PCA,-0.011515827974002413,-0.011515827974002413,0.10635645119194592,0.30890333940064213,10,N900_RS12710,0.4305392983333334,-1.258,4.6316,12h_SI4,12h,SI4,1h_SI1,1h,SI1,5.8896,N900_RS12710
N900_RS12715,0.3814484357339602,0.31972187140095626,0.911843412968597,0.2703962378269004,0.31972187140095626,CP,0.04932563357405584,0.11105219790705978,0.04932563357405584,0.6414471751416966,10,TIGR04219 family outer membrane beta-barrel protein,0.5248700333333334,-1.2729,2.5214,6h_SI1,6h,SI1,12h_SI1,12h,SI1,3.7943,TIGR04219 family outer membrane beta-barrel protein
N900_RS12720,0.5182995629361944,0.5477976286302833,0.5548319175794607,0.40378082908865215,0.5182995629361944,PCA,0.11451873384754224,0.11451873384754224,0.1440167995416311,0.15105108849080856,10,pspG,-1.259453105,-4.0321,0.86394,12h_SI8,12h,SI8,24h_SI3,24h,SI3,4.89604,pspG
N900_RS12725,0.29458706688706193,0.37840408820404486,0.6313338615744812,0.3307033642540746,0.29458706688706193,PCA,-0.03611629736701266,-0.03611629736701266,0.04770072394997027,0.30063049732040664,10,dusA,0.5047400633333333,-0.83419,4.1267,6h_SI7,6h,SI7,6h_SI1,6h,SI1,4.960889999999999,dusA
N900_RS12730,0.6133149123476138,0.6085886211820128,0.9405334493071871,0.6440057765460138,0.6085886211820128,CP,-0.03541715536400092,-0.030690864198399948,-0.03541715536400092,0.2965276727611733,10,zur,0.4913899666666667,-1.6891,6.1614,3h_SI8,3h,SI8,3h_SI2,3h,SI2,7.8505,zur
N900_RS12735,0.4012042368991023,0.6359892454322207,0.7889353251098113,0.5549052690544141,0.4012042368991023,PCA,-0.15370103215531178,-0.15370103215531178,0.08108397637780662,0.23403005605539728,10,chex,1.6161628333333335,-0.14432,5.0178,6h_SI2,6h,SI2,6h_st,6h,st,5.16212,chex
N900_RS12740,0.30034089905827466,0.22362418533863468,0.6757708297741895,0.23896034546952444,0.22362418533863468,CP,-0.015336160130889759,0.06138055358875022,-0.015336160130889759,0.436810484304665,10,MBL fold metallo-hydrolase_2,0.7976073316666665,-0.74001,4.2104,6h_st,6h,st,3h_st,3h,st,4.95041,MBL fold metallo-hydrolase_2
N900_RS12745,0.37532912764091203,0.3728530172624903,0.6183615221664367,0.4220492853818734,0.3728530172624903,CP,-0.0491962681193831,-0.04672015774096139,-0.0491962681193831,0.19631223678456328,10,pgi,3.2446388099999997,-0.0046614,7.0696,1h_SI4,1h,SI4,6h_st,6h,st,7.0742614,pgi
N900_RS12750,0.4001084763757568,0.4305952612409707,0.7467836654117281,0.5983274301980752,0.4001084763757568,PCA,-0.1982189538223184,-0.1982189538223184,-0.16773216895710452,0.14845623521365292,10,yjbQ_BLAST,1.599599933333333,-0.040289,4.6777,6h_st,6h,st,3h_SI9,3h,SI9,4.717988999999999,yjbQ_BLAST
N900_RS12765,0.19684021270121477,0.26906959496525684,0.40861937390308256,0.1676766699184791,0.19684021270121477,PCA,0.02916354278273567,0.02916354278273567,0.10139292504677774,0.24094270398460346,10,N900_RS12765,0.877642515,-0.69665,3.7281,3h_SI3,3h,SI3,12h_SI1,12h,SI1,4.4247499999999995,N900_RS12765
N900_RS12790,0.3777578008753651,0.3790174837979773,0.5904164207610683,0.3686551731879016,0.3777578008753651,PCA,0.009102627687463505,0.009102627687463505,0.010362310610075698,0.22176124757316668,10,bfr,1.8485671000000001,-0.086294,6.2173,1h_SI7,1h,SI7,6h_SI2,6h,SI2,6.3035939999999995,bfr
N900_RS12795,0.7337387660684916,0.7569455077018874,0.9245598891551379,0.5189134485696498,0.7337387660684916,PCA,0.21482531749884182,0.21482531749884182,0.23803205913223757,0.40564644058548804,10,bfd,0.5156289833333334,-1.4162,6.7633,24h_SI4,24h,SI4,6h_ce,6h,ce,8.1795,bfd
N900_RS12835,0.40189005800971034,0.4913691347087067,0.7099260414305267,0.424728666801331,0.40189005800971034,PCA,-0.02283860879162064,-0.02283860879162064,0.06664046790737571,0.28519737462919575,10,dauR,1.3802057333333335,-0.027761,4.5959,3h_SI9,3h,SI9,1h_ce,1h,ce,4.623661,dauR
N900_RS12840,0.23408468997952744,0.25570471805560635,0.708949028897912,0.28496864517152465,0.23408468997952744,PCA,-0.050883955191997204,-0.050883955191997204,-0.029263927115918298,0.42398038372638736,10,fkpA,0.27229338333333336,-1.4642,4.1054,6h_SI5,6h,SI5,3h_SI3,3h,SI3,5.5696,fkpA
N900_RS12845,0.3004696764558085,0.4469523188390233,0.6396148830492423,0.3013133010731203,0.3004696764558085,PCA,-0.0008436246173118,-0.0008436246173118,0.145639017765903,0.338301581976122,10,N900_RS12845,1.0837371,-0.48885,4.4175,6h_SI1,6h,SI1,3h_SI1,3h,SI1,4.906350000000001,N900_RS12845
N900_RS12850,0.12320622085923111,0.15251776608565332,0.4761869522505547,0.14926287349835485,0.12320622085923111,PCA,-0.02605665263912374,-0.02605665263912374,0.003254892587298469,0.32692407875219986,10,slyx,1.668280666666667,-0.18194,4.3376,3h_ce,3h,ce,12h_SI1,12h,SI1,4.51954,slyx
N900_RS12855,0.23712850954926562,0.22881449311085328,0.4943300215111578,0.19106341926485113,0.22881449311085328,CP,0.03775107384600215,0.046065090284414495,0.03775107384600215,0.30326660224630664,10,N900_RS12855,1.0164178333333334,-0.58677,3.9184,3h_ce,3h,ce,3h_SI4,3h,SI4,4.50517,N900_RS12855
N900_RS12860,0.5934830106306678,0.6189948047939925,0.8301985423605227,0.6338343053008768,0.5934830106306678,PCA,-0.04035129467020904,-0.04035129467020904,-0.014839500506884318,0.1963642370596459,10,hflC,-0.36028904999999994,-3.0727,3.3032,12h_SI8,12h,SI8,12h_SI2,12h,SI2,6.3759,hflC
N900_RS12865,0.4743515543338103,0.47260112088259704,0.7755255823625763,0.4622518101646005,0.47260112088259704,CP,0.010349310717996552,0.012099744169209836,0.010349310717996552,0.3132737721979758,10,hflK,-0.47743868333333334,-1.7344,2.693,24h_SI3,24h,SI3,6h_SI1,6h,SI1,4.4274000000000004,hflK
N900_RS12870,0.25592030922175374,0.23993659536543444,0.5458677368800758,0.2742814775711749,0.23993659536543444,CP,-0.034344882205740446,-0.018361168349421142,-0.034344882205740446,0.27158625930890096,10,hflX,0.5955676499999999,-1.0186,4.41,24h_SI1,24h,SI1,3h_SI2,3h,SI2,5.4286,hflX
N900_RS12875,0.3134332935595934,0.2700090719967853,0.36191328454561156,0.12316361819804324,0.2700090719967853,CP,0.1468454537987421,0.19026967536155015,0.1468454537987421,0.23874966634756833,10,hfq,1.8103941499999998,-0.30901,7.7919,12h_SI6,12h,SI6,1h_st,1h,st,8.10091,hfq
N900_RS12880,0.22342874676402336,0.2144424079047237,0.36157956175981826,0.2680341567093476,0.2144424079047237,CP,-0.05359174880462392,-0.04460540994532425,-0.05359174880462392,0.09354540505047065,10,miaA,-0.16324365000000005,-2.6161,4.233,12h_SI8,12h,SI8,3h_SI3,3h,SI3,6.8491,miaA
N900_RS12885,0.35131677714308274,0.4203818671352491,0.7019166110385043,0.267928556902422,0.35131677714308274,PCA,0.08338822024066073,0.08338822024066073,0.1524533102328271,0.4339880541360823,10,mutL,0.89435647,-0.90305,5.9972,6h_SI2,6h,SI2,12h_SI1,12h,SI1,6.900250000000001,mutL
N900_RS12890,0.314260537025821,0.32875577857749877,0.3543478701886543,0.26794963353581114,0.314260537025821,PCA,0.04631090349000988,0.04631090349000988,0.06080614504168763,0.08639823665284319,10,N-acetylmuramoyl-L-alanine amidase,-1.6338058333333332,-3.6803,2.0006,12h_SI9,12h,SI9,1h_SI7,1h,SI7,5.680899999999999,N-acetylmuramoyl-L-alanine amidase
N900_RS12900,0.19496869149933857,0.2136347041605395,0.3705663533331947,0.16952849822495591,0.19496869149933857,PCA,0.025440193274382655,0.025440193274382655,0.04410620593558359,0.2010378551082388,10,queG,1.462207366666667,-0.11861,4.6731,1h_st,1h,st,6h_st,6h,st,4.79171,queG
N900_RS12950,0.1035426230611818,0.13763503274938113,0.20673558326294245,0.09614750867979839,0.1035426230611818,PCA,0.007395114381383405,0.007395114381383405,0.04148752406958274,0.11058807458314406,10,rsgA,2.011903183333333,-0.061,7.5889,12h_SI7,12h,SI7,3h_SI2,3h,SI2,7.6499,rsgA
N900_RS12960,0.29479599537764567,0.27830928490757284,0.45454337695283237,0.22052289840778533,0.27830928490757284,CP,0.05778638649978751,0.07427309696986034,0.05778638649978751,0.23402047854504704,10,SLC13 family permease_2,1.6997658333333332,0.21242,6.0667,1h_SI7,1h,SI7,1h_st,1h,st,5.85428,SLC13 family permease_2
N900_RS12965,0.31581003328664153,0.3048246916448723,0.4241813927424149,0.3115062369238573,0.3048246916448723,CP,-0.006681545278985013,0.004303796362784218,-0.006681545278985013,0.11267515581855758,10,DMT family transporter_1,0.9164141666666665,-0.77188,4.5976,1h_st,1h,st,3h_SI5,3h,SI5,5.36948,DMT family transporter_1
N900_RS12975,0.2587658106462352,0.2873843194531415,0.6442443264820289,0.2648243176272482,0.2587658106462352,PCA,-0.006058506981012957,-0.006058506981012957,0.02256000182589335,0.3794200088547807,10,envc,1.3966725,-0.12388,5.565,6h_SI4,6h,SI4,3h_SI1,3h,SI1,5.68888,envc
N900_RS12980,0.28168021298435797,0.2803254041021318,0.4487534091140987,0.22008433418869627,0.2803254041021318,CP,0.06024106991343553,0.061595878795661696,0.06024106991343553,0.22866907492540245,10,N900_RS12980,1.1697171166666667,-0.34839,4.2305,3h_co,3h,co,3h_SI2,3h,SI2,4.57889,N900_RS12980
N900_RS12985,0.26190448390427756,0.3032678300380928,0.4958224228162147,0.17701894156704837,0.26190448390427756,PCA,0.0848855423372292,0.0848855423372292,0.12624888847104446,0.31880348124916635,10,TetR/AcrR family transcriptional regulator_1,0.8306927333333333,-1.1978,4.4814,6h_SI2,6h,SI2,6h_ce,6h,ce,5.6792,TetR/AcrR family transcriptional regulator_1
N900_RS12995,0.17931544067251678,0.19897273426310516,0.22807030091444006,0.15686745363357996,0.17931544067251678,PCA,0.02244798703893683,0.02244798703893683,0.042105280629525205,0.0712028472808601,10,nudC,1.1268217166666668,-0.24359,3.297,3h_SI9,3h,SI9,12h_SI1,12h,SI1,3.5405900000000003,nudC
N900_RS13000,0.20419143296784972,0.25087703265416716,0.4648136628087559,0.220344017378246,0.20419143296784972,PCA,-0.01615258441039627,-0.01615258441039627,0.03053301527592117,0.24446964543050992,10,rsd,1.3064196166666668,-0.56993,5.3643,24h_st,24h,st,6h_SI2,6h,SI2,5.93423,rsd
N900_RS13085,0.26633330980472647,0.2973653042879944,0.44833376646153683,0.18048014398414033,0.26633330980472647,PCA,0.08585316582058614,0.08585316582058614,0.11688516030385407,0.2678536224773965,10,N-acetyltransferase_3,1.4367633499999999,0.021109,5.4439,1h_SI3,1h,SI3,6h_ce,6h,ce,5.422791,N-acetyltransferase_3
N900_RS13130,0.6370493229303588,0.5972791763285135,0.8861031889549484,0.44064931885973596,0.5972791763285135,CP,0.1566298574687775,0.1964000040706228,0.1566298574687775,0.4454538700952125,10,fre,0.6112078000000001,-0.81241,4.7798,1h_SI1,1h,SI1,1h_st,1h,st,5.59221,fre
N900_RS13135,0.11531206104155353,0.13531054011810298,0.18926213900372052,0.1539936799057476,0.11531206104155353,PCA,-0.03868161886419408,-0.03868161886419408,-0.01868313978764463,0.03526845909797291,10,paaE,1.2817756833333331,-0.14881,3.8272,1h_SI3,1h,SI3,3h_SI3,3h,SI3,3.97601,paaE
N900_RS13145,0.40367524426772206,0.36331537690703286,0.7826288077449096,0.4358817268825456,0.36331537690703286,CP,-0.07256634997551276,-0.03220648261482356,-0.07256634997551276,0.346747080862364,10,N900_RS13145,0.32362654416666664,-1.2169,3.3406,6h_SI1,6h,SI1,3h_SI1,3h,SI1,4.5575,N900_RS13145
N900_RS13155,0.4157439901498181,0.4560996880730312,0.43512620640017935,0.4432312629793072,0.4157439901498181,PCA,-0.027487272829489096,-0.027487272829489096,0.01286842509372399,-0.008105056579127856,10,trxA,1.0850716833333334,-1.2025,6.0391,12h_SI9,12h,SI9,1h_ce,1h,ce,7.2416,trxA
N900_RS13160,0.6589576744293063,0.5969021892191902,0.7737440948699237,0.6763045774747105,0.5969021892191902,CP,-0.07940238825552026,-0.017346903045404205,-0.07940238825552026,0.09743951739521317,10,rhlB,-0.8167030666666667,-3.0285,4.0023,24h_SI4,24h,SI4,6h_SI1,6h,SI1,7.0308,rhlB
N900_RS13165,0.20689107647477156,0.1891199479163879,0.44557062455084656,0.22879043921897838,0.1891199479163879,CP,-0.03967049130259048,-0.021899362744206813,-0.03967049130259048,0.21678018533186819,10,gppA,1.8092021666666667,0.32035,4.809,3h_co,3h,co,3h_st,3h,st,4.48865,gppA
N900_RS13170,0.2996612028098928,0.41822194322246176,0.5253000550671099,0.3223909423307935,0.2996612028098928,PCA,-0.022729739520900738,-0.022729739520900738,0.09583100089166824,0.20290911273631634,10,rcsC_8,1.0258499999999997,-0.3493,3.9025,12h_st,12h,st,6h_st,6h,st,4.2518,rcsC_8
N900_RS13175,0.22500554744614387,0.2183809937458297,0.3883320475486848,0.1716682944392714,0.2183809937458297,CP,0.0467126993065583,0.053337253006872476,0.0467126993065583,0.21666375310941338,10,hcaT,0.8186612450000001,-0.72692,5.1402,12h_st,12h,st,3h_SI1,3h,SI1,5.86712,hcaT
N900_RS13180,0.22174352646518225,0.2626194966855024,0.48268165440819927,0.20975524325606384,0.22174352646518225,PCA,0.011988283209118406,0.011988283209118406,0.05286425342943854,0.27292641115213545,10,N900_RS13180,0.782608515,-1.0068,4.4226,12h_st,12h,st,6h_SI1,6h,SI1,5.4294,N900_RS13180
N900_RS13185,0.3803589254796417,0.36306135033767767,0.4880397254069349,0.21185297087042182,0.36306135033767767,CP,0.15120837946725585,0.16850595460921985,0.15120837946725585,0.2761867545365131,10,N900_RS13185,1.4562315,-0.25438,4.8994,6h_st,6h,st,6h_ce,6h,ce,5.15378,N900_RS13185
N900_RS13190,0.3502409111855839,0.430126216673622,0.795326291454232,0.3043774226714662,0.3502409111855839,PCA,0.0458634885141177,0.0458634885141177,0.12574879400215577,0.4909488687827657,10,polC_2,1.0870655166666665,-0.9077,4.2593,6h_SI3,6h,SI3,3h_SI2,3h,SI2,5.167,polC_2
N900_RS13195,0.07988652048161432,0.10769303048870826,0.24302337980463926,0.08344520515285023,0.07988652048161432,PCA,-0.0035586846712359066,-0.0035586846712359066,0.024247825335858036,0.15957817465178903,10,acs_1,0.6116551833333334,-0.79391,3.4818,6h_st,6h,st,3h_SI2,3h,SI2,4.27571,acs_1
N900_RS13200,0.24096736451937342,0.20856837629466543,0.31336999065110294,0.14508006858748004,0.20856837629466543,CP,0.06348830770718539,0.09588729593189338,0.06348830770718539,0.1682899220636229,10,aroQ,-0.83595025,-3.6077,3.0399,12h_SI7,12h,SI7,3h_st,3h,st,6.6476,aroQ
N900_RS13215,0.23695198387293118,0.33487752938049514,0.5533466074207978,0.2051062043611442,0.23695198387293118,PCA,0.031845779511786965,0.031845779511786965,0.12977132501935093,0.34824040305965354,10,prmA,1.0481497666666668,-0.50529,4.0589,3h_SI1,3h,SI1,6h_st,6h,st,4.56419,prmA
N900_RS13220,0.6471474369349525,0.6440787344932469,0.8336332848004326,0.8240617000828081,0.6440787344932469,CP,-0.17998296558956117,-0.17691426314785563,-0.17998296558956117,0.009571584717624537,10,dusB,0.4549487166666667,-1.2812,4.1227,6h_SI1,6h,SI1,6h_SI2,6h,SI2,5.4039,dusB
N900_RS13225,0.8064990658667809,0.6631197698796588,0.9462863476771252,0.68527463405329,0.6631197698796588,CP,-0.022154864173631217,0.12122443181349085,-0.022154864173631217,0.26101171362383513,10,fis,0.10979456666666665,-2.3052,4.9695,6h_SI9,6h,SI9,12h_SI2,12h,SI2,7.2747,fis
N900_RS13230,0.4626430467090056,0.30870570770663325,0.509023988162161,0.28935223023557743,0.30870570770663325,CP,0.019353477471055813,0.17329081647342814,0.019353477471055813,0.21967175792658356,10,gntR_2,2.453101366666667,-0.43414,6.8865,12h_SI7,12h,SI7,12h_SI2,12h,SI2,7.32064,gntR_2
N900_RS13235,0.3799179749151043,0.3647863109801376,0.6739468612475564,0.32735270429161634,0.3647863109801376,CP,0.03743360668852125,0.05256527062348798,0.03743360668852125,0.3465941569559401,10,edd,1.50105165,-0.022397,4.7539,1h_SI9,1h,SI9,3h_SI2,3h,SI2,4.776297,edd
N900_RS13240,0.2762321932403165,0.31411863825182645,0.7822284653535726,0.32877959588849465,0.2762321932403165,PCA,-0.05254740264817814,-0.05254740264817814,-0.014660957636668193,0.45344886946507795,10,gntK,0.38319506950000004,-1.5574,3.2703,12h_SI2,12h,SI2,3h_SI4,3h,SI4,4.8277,gntK
N900_RS13245,0.2166244577129623,0.18636449637453098,0.5295429290571769,0.2730357352597741,0.18636449637453098,CP,-0.08667123888524311,-0.0564112775468118,-0.08667123888524311,0.25650719379740283,10,ygbN,0.9140086016666668,-0.68369,3.6722,3h_SI4,3h,SI4,6h_SI4,6h,SI4,4.3558900000000005,ygbN
N900_RS13250,0.32411926876504843,0.32785692349435097,0.4264953090227606,0.2535502989740886,0.32411926876504843,PCA,0.07056896979095983,0.07056896979095983,0.07430662452026238,0.17294501004867202,10,eda,0.5336595616666666,-0.88994,3.4088,12h_st,12h,st,3h_SI1,3h,SI1,4.29874,eda
N900_RS13255,0.10044670107538146,0.10381154887602607,0.28332908000059676,0.08018005578265365,0.10044670107538146,PCA,0.020266645292727814,0.020266645292727814,0.023631493093372424,0.20314902421794312,10,cntO,0.9140758333333333,-0.64454,3.9124,6h_st,6h,st,3h_st,3h,st,4.55694,cntO
N900_RS13260,0.6659624394348971,0.7264486260013283,0.8348270425583177,0.6301995296391772,0.6659624394348971,PCA,0.03576290979571983,0.03576290979571983,0.09624909636215107,0.2046275129191405,10,TonB-dependent receptor_1,0.6463606666666665,-1.5036,3.9305,1h_SI1,1h,SI1,3h_SI4,3h,SI4,5.4341,TonB-dependent receptor_1
N900_RS13265,0.20389300943734917,0.20730463314523195,0.5698047691450288,0.20673314952201516,0.20389300943734917,PCA,-0.0028401400846659874,-0.0028401400846659874,0.0005714836232167952,0.3630716196230136,10,peptidase_3,0.9794817666666666,-0.43693,4.2,3h_SI1,3h,SI1,6h_SI4,6h,SI4,4.63693,peptidase_3
N900_RS13270,0.432953127630026,0.4771317027431537,0.6871754710631407,0.4178075104312429,0.432953127630026,PCA,0.015145617198783101,0.015145617198783101,0.05932419231191077,0.2693679606318978,10,methyl-accepting chemotaxis protein_12,0.6166785999999999,-1.2795,3.9013,12h_SI1,12h,SI1,6h_SI4,6h,SI4,5.1808,methyl-accepting chemotaxis protein_12
N900_RS13275,0.19741102544286845,0.2998531819624235,0.4388248571221187,0.15888901111852605,0.19741102544286845,PCA,0.03852201432434241,0.03852201432434241,0.14096417084389745,0.27993584600359267,10,cada,1.5417896666666664,0.17593,4.6927,3h_st,3h,st,3h_SI3,3h,SI3,4.51677,cada
N900_RS13280,0.2886331362191424,0.2830244343857837,0.5386733962349916,0.2521005972799269,0.2830244343857837,CP,0.030923837105856777,0.036532538939215486,0.030923837105856777,0.28657279895506466,10,cadB,0.7475937666666667,-0.71471,3.1564,12h_st,12h,st,3h_st,3h,st,3.87111,cadB
N900_RS13285,0.3558614627939239,0.3015406335612249,0.5690074303497055,0.35829969411721446,0.3015406335612249,CP,-0.05675906055598956,-0.002438231323290574,-0.05675906055598956,0.210707736232491,10,cadc,-0.05290516666666668,-2.0541,3.5423,6h_SI3,6h,SI3,3h_SI3,3h,SI3,5.5964,cadc
N900_RS13295,0.46412797877570733,0.4837180264868939,0.7129587488518044,0.5378537532251847,0.46412797877570733,PCA,-0.07372577444947737,-0.07372577444947737,-0.05413572673829081,0.17510499562661974,10,N900_RS13295,-0.7866732000000002,-2.8358,3.5119,12h_SI4,12h,SI4,3h_SI3,3h,SI3,6.3477,N900_RS13295
N900_RS13300,0.18801468100878888,0.21879710312298217,0.3084690473068597,0.10469221743424281,0.18801468100878888,PCA,0.08332246357454606,0.08332246357454606,0.11410488568873936,0.2037768298726169,10,purH,-1.4036716999999999,-4.2012,3.4987,12h_SI9,12h,SI9,1h_st,1h,st,7.6998999999999995,purH
N900_RS13305,0.14887811841593718,0.22650306768436876,0.20700203166277892,0.16629589218728028,0.14887811841593718,PCA,-0.017417773771343098,-0.017417773771343098,0.06020717549708848,0.04070613947549864,10,purD,-1.9242205666666667,-5.3124,3.3529,12h_SI7,12h,SI7,1h_SI1,1h,SI1,8.6653,purD
N900_RS13310,0.13754115687236762,0.15264719189128304,0.2726046346964043,0.15280536392199637,0.13754115687236762,PCA,-0.015264207049628747,-0.015264207049628747,-0.00015817203071333275,0.11979927077440791,10,N900_RS13310,0.439226475,-1.1918,3.122,6h_st,6h,st,3h_SI3,3h,SI3,4.3138,N900_RS13310
N900_RS13315,0.6755353600015843,0.7149856511897984,0.8728110498318242,0.7252869321280381,0.6755353600015843,PCA,-0.04975157212645376,-0.04975157212645376,-0.010301280938239676,0.14752411770378615,10,hupA,0.03839737666666665,-1.4145,2.6171,1h_co,1h,co,6h_SI2,6h,SI2,4.0316,hupA
N900_RS13325,0.19371243336014585,0.20449012148931842,0.26569243238847445,0.16031245835410682,0.19371243336014585,PCA,0.03339997500603903,0.03339997500603903,0.0441776631352116,0.10537997403436763,10,HlyC/CorC family transporter_1,0.6092019666666667,-0.79984,3.5151,1h_st,1h,st,3h_SI3,3h,SI3,4.31494,HlyC/CorC family transporter_1
N900_RS13330,0.3057941867012394,0.3475490159840129,0.6686189078129711,0.48267605248583884,0.3057941867012394,PCA,-0.1768818657845994,-0.1768818657845994,-0.13512703650182595,0.18594285532713223,10,fructokinase,0.0024974700000000107,-1.5754,3.4263,6h_SI2,6h,SI2,3h_SI1,3h,SI1,5.0017,fructokinase
N900_RS13335,0.5123900133420161,0.42952927441281274,0.7066853720284689,0.5292620962828983,0.42952927441281274,CP,-0.09973282187008559,-0.01687208294088227,-0.09973282187008559,0.1774232757455706,10,manA,0.1571763,-1.8066,6.0578,24h_SI3,24h,SI3,12h_SI1,12h,SI1,7.8644,manA
N900_RS13340,0.4828333576465821,0.4883642295849279,0.8610023333777703,0.5076128538896743,0.4828333576465821,PCA,-0.02477949624309217,-0.02477949624309217,-0.01924862430474633,0.35338947948809607,10,VC_0268,0.8718629,-0.69016,6.0471,12h_SI1,12h,SI1,3h_SI1,3h,SI1,6.73726,VC_0268
N900_RS13345,0.3773054193660548,0.3955209650221712,0.6518665613328664,0.39834734996710724,0.3773054193660548,PCA,-0.021041930601052472,-0.021041930601052472,-0.0028263849449360334,0.2535192113657591,10,VC_0267,0.6435394999999998,-0.95627,3.2452,6h_SI3,6h,SI3,1h_SI1,1h,SI1,4.2014700000000005,VC_0267
N900_RS13350,0.49872284297282,0.4912394425884126,0.744342912516551,0.4141075937777525,0.4912394425884126,CP,0.0771318488106601,0.08461524919506747,0.0771318488106601,0.3302353187387985,10,VC_0266,1.1347738333333335,-0.47225,3.6972,6h_SI4,6h,SI4,12h_st,12h,st,4.16945,VC_0266
N900_RS13355,0.25053353838410497,0.2649376781023092,0.5676175066275057,0.2631269495437932,0.25053353838410497,PCA,-0.012593411159688206,-0.012593411159688206,0.0018107285585160504,0.3044905570837125,10,VC_0265,0.8346260033333334,-0.49904,3.5221,3h_SI3,3h,SI3,3h_SI2,3h,SI2,4.02114,VC_0265
N900_RS13360,0.12484482910234924,0.13540899452270963,0.45530027633963355,0.15212575601730868,0.12484482910234924,PCA,-0.02728092691495944,-0.02728092691495944,-0.016716761494599053,0.30317452032232484,10,rjg,1.1376497833333332,-0.50269,4.0166,12h_st,12h,st,6h_SI4,6h,SI4,4.519290000000001,rjg
N900_RS13365,0.17485249362167155,0.2103905809315517,0.23445259540837718,0.09055687122135496,0.17485249362167155,PCA,0.08429562240031659,0.08429562240031659,0.11983370971019673,0.14389572418702223,10,wbeW,-2.508584333333333,-4.6311,-0.64464,12h_ce,12h,ce,3h_SI2,3h,SI2,3.98646,wbeW
N900_RS13370,0.21618749130122303,0.2361227491924278,0.4644871371565629,0.19335990786576635,0.21618749130122303,PCA,0.022827583435456683,0.022827583435456683,0.042762841326661444,0.2711272292907966,10,galE,1.0748581166666669,-1.3077,4.2426,6h_SI1,6h,SI1,3h_SI1,3h,SI1,5.5503,galE
N900_RS13375,0.20520428750551478,0.2444115862155759,0.25309415700188964,0.08517274840282012,0.20520428750551478,PCA,0.12003153910269466,0.12003153910269466,0.15923883781275577,0.1679214085990695,10,wbeV,-0.9897135666666668,-3.0407,0.94208,12h_SI7,12h,SI7,12h_st,12h,st,3.98278,wbeV
N900_RS13380,0.22968273961088495,0.2342276852909622,0.30247558460289453,0.13713277797050652,0.22968273961088495,PCA,0.09254996164037843,0.09254996164037843,0.09709490732045567,0.165342806632388,10,wbeU,-2.9383036666666658,-4.9696,-0.96388,12h_SI7,12h,SI7,3h_st,3h,st,4.00572,wbeU
N900_RS13385,0.5742338281919781,0.5018184495850104,0.688892664605049,0.4960250137026543,0.5018184495850104,CP,0.005793435882356146,0.07820881448932382,0.005793435882356146,0.19286765090239477,10,wbeT,-0.24073883333333337,-3.1617,4.593,12h_SI8,12h,SI8,3h_SI3,3h,SI3,7.7547,wbeT
N900_RS13400,0.2267619865034732,0.20220927122148105,0.30538217812319524,0.16780263080055835,0.20220927122148105,CP,0.0344066404209227,0.058959355702914856,0.0344066404209227,0.13757954732263689,10,wbeO,-2.7120946666666668,-4.8062,-0.5641,12h_SI9,12h,SI9,3h_st,3h,st,4.2421,wbeO
N900_RS13405,0.28233802146024795,0.24941005507723168,0.48805118656132224,0.38821785253888347,0.24941005507723168,CP,-0.13880779746165178,-0.10587983107863552,-0.13880779746165178,0.09983333402243877,10,wbeN,-3.3459535,-5.3127,2.5039,6h_SI9,6h,SI9,1h_SI1,1h,SI1,7.8166,wbeN
N900_RS13410,0.3085488070299723,0.28982884430707667,0.40678020871588527,0.16739842785020828,0.28982884430707667,CP,0.12243041645686839,0.141150379179764,0.12243041645686839,0.239381780865677,10,wbeM,-2.982940833333333,-5.7015,2.3756,12h_SI7,12h,SI7,1h_st,1h,st,8.0771,wbeM
N900_RS13415,0.3877473040097572,0.456056790363232,0.5655315346918746,0.388138809048226,0.3877473040097572,PCA,-0.0003915050384687979,-0.0003915050384687979,0.06791798131500598,0.17739272564364855,10,wbeL,-2.8704656666666666,-5.6369,2.8601,12h_SI7,12h,SI7,6h_SI2,6h,SI2,8.497,wbeL
N900_RS13420,0.19270215955693895,0.10223762085638928,0.41381135175602224,0.3338320012612854,0.10223762085638928,CP,-0.23159438040489616,-0.14112984170434648,-0.23159438040489616,0.07997935049473681,10,wbeK,-2.5773265000000003,-5.442,4.5768,6h_SI9,6h,SI9,3h_SI3,3h,SI3,10.0188,wbeK
N900_RS13425,0.0899244840646156,0.14385057654336314,0.13051326941331068,0.016811450877075126,0.0899244840646156,PCA,0.07311303318754048,0.07311303318754048,0.127039125666288,0.11370181853623555,10,wzt,0.6918762166666667,-1.1952,2.9109,6h_SI9,6h,SI9,12h_st,12h,st,4.1061,wzt
N900_RS13430,0.08850493197460614,0.14671070429670463,0.12112549994947655,0.02103048882066853,0.08850493197460614,PCA,0.06747444315393761,0.06747444315393761,0.1256802154760361,0.10009501112880802,10,wzm,1.0132459500000002,-0.88559,3.2263,6h_SI9,6h,SI9,12h_st,12h,st,4.11189,wzm
N900_RS13435,0.2374116098065753,0.23801203100823723,0.2973292646383547,0.11486259041920438,0.2374116098065753,PCA,0.12254901938737092,0.12254901938737092,0.12314944058903285,0.1824666742191503,10,wbeG,-1.9749488833333333,-4.2216,-0.051843,6h_SI9,6h,SI9,6h_st,6h,st,4.169757,wbeG
N900_RS13440,0.2558454304020199,0.3133062789598429,0.38153065466633174,0.2130015721068207,0.2558454304020199,PCA,0.04284385829519921,0.04284385829519921,0.10030470685302223,0.16852908255951105,10,wbeE,-3.0111183333333327,-5.4353,2.1526,12h_ce,12h,ce,3h_st,3h,st,7.587899999999999,wbeE
N900_RS13445,0.3881947952451685,0.3687898825953248,0.4789096141282085,0.26131138572678614,0.3687898825953248,CP,0.10747849686853866,0.12688340951838234,0.10747849686853866,0.21759822840142234,10,gmd,-3.0468003666666665,-5.5772,3.4367,12h_SI7,12h,SI7,1h_st,1h,st,9.0139,gmd
N900_RS13450,0.39573306806147335,0.3168908688699387,0.4683572175610512,0.33963665300588347,0.3168908688699387,CP,-0.022745784135944747,0.05609641505558988,-0.022745784135944747,0.12872056455516773,10,manB,-4.000066333333334,-6.6305,0.07236,12h_ce,12h,ce,12h_SI3,12h,SI3,6.702859999999999,manB
N900_RS13455,0.2758151005603692,0.2165333041550576,0.38749577292594173,0.15269902339952243,0.2165333041550576,CP,0.06383428075553516,0.12311607716084674,0.06383428075553516,0.2347967495264193,10,manC,-3.6541778333333332,-6.1014,0.69433,12h_ce,12h,ce,1h_st,1h,st,6.79573,manC
N900_RS13460,0.1101396811654408,0.14932843304022128,0.1426291455920625,0.05284731610278843,0.1101396811654408,PCA,0.057292365062652374,0.057292365062652374,0.09648111693743286,0.08978182948927407,10,hldD,-1.9650113500000002,-4.0009,0.11205,6h_SI9,6h,SI9,12h_st,12h,st,4.11295,hldD
N900_RS13465,0.10209647349777028,0.1523868019728578,0.12988778258820818,0.04660013446019033,0.10209647349777028,PCA,0.055496339037579945,0.055496339037579945,0.10578666751266748,0.08328764812801785,10,wavL,-1.9648646666666665,-3.9136,0.11049,6h_SI9,6h,SI9,3h_SI1,3h,SI1,4.02409,wavL
N900_RS13470,0.12654280483486205,0.19570050906065112,0.42288827984130994,0.14984192662966048,0.12654280483486205,PCA,-0.023299121794798427,-0.023299121794798427,0.04585858243099064,0.2730463532116495,10,wavK,0.9188825166666666,-0.46241,4.8291,6h_SI9,6h,SI9,6h_SI2,6h,SI2,5.291510000000001,wavK
N900_RS13475,0.14492703435759147,0.17915479803777382,0.16379085611989871,0.07934173824988276,0.14492703435759147,PCA,0.0655852961077087,0.0655852961077087,0.09981305978789105,0.08444911787001595,10,waaL,-1.3633785500000002,-3.3852,1.1643,6h_SI9,6h,SI9,1h_co,1h,co,4.5495,waaL
N900_RS13480,0.10817984495949409,0.16205966035442992,0.14652900465807908,0.04066733997837422,0.10817984495949409,PCA,0.06751250498111988,0.06751250498111988,0.12139232037605571,0.10586166467970487,10,waaF,1.9071714666666668,0.091034,4.0541,12h_ce,12h,ce,12h_st,12h,st,3.963066,waaF
N900_RS13485,0.14877428948251853,0.16690656490071668,0.4575908798677028,0.163041144573182,0.14877428948251853,PCA,-0.014266855090663472,-0.014266855090663472,0.0038654203275346743,0.2945497352945208,10,wavJ,1.6937460833333333,0.064504,4.5865,3h_SI2,3h,SI2,3h_SI1,3h,SI1,4.521996,wavJ
N900_RS13490,0.1293489086876602,0.11208895412361135,0.31147501430242003,0.08922855217565807,0.11208895412361135,CP,0.022860401947953274,0.04012035651200212,0.022860401947953274,0.22224646212676197,10,wavI,1.2794988166666668,-0.12819,4.0571,6h_ce,6h,ce,6h_SI3,6h,SI3,4.18529,wavI
N900_RS13500,0.14336388607876716,0.169644910313123,0.2743345847746654,0.1537602520078813,0.14336388607876716,PCA,-0.010396365929114137,-0.010396365929114137,0.015884658305241717,0.12057433276678409,10,wavH,1.5190682666666668,-0.063664,5.2419,6h_st,6h,st,3h_SI1,3h,SI1,5.305564,wavH
N900_RS13505,0.24430514397333217,0.250546212794652,0.3837752782244153,0.25568079719312925,0.24430514397333217,PCA,-0.011375653219797083,-0.011375653219797083,-0.005134584398477249,0.12809448103128607,10,wavG,1.8312406666666667,-0.11385,5.362,1h_SI8,1h,SI8,3h_SI2,3h,SI2,5.47585,wavG
N900_RS13510,0.27010077179893976,0.23859195178604226,0.42107095332855027,0.2576320181646519,0.23859195178604226,CP,-0.019040066378609666,0.012468753634287844,-0.019040066378609666,0.16343893516389835,10,wavF,0.8563987666666667,-0.74888,3.4956,3h_SI9,3h,SI9,1h_ce,1h,ce,4.24448,wavF
N900_RS13515,0.3720661975988134,0.4027598654829643,0.5553095085229656,0.31130166081980454,0.3720661975988134,PCA,0.06076453677900884,0.06076453677900884,0.09145820466315974,0.24400784770316103,10,wavE,0.9671690551666665,-0.82605,3.3349,6h_SI1,6h,SI1,1h_SI1,1h,SI1,4.16095,wavE
N900_RS13520,0.6580297307434407,0.5991379455614437,0.737996002383427,0.5536116136890733,0.5991379455614437,CP,0.04552633187237043,0.10441811705436743,0.04552633187237043,0.1843843886943537,10,wavD,0.31474595,-1.1492,4.3506,1h_ce,1h,ce,12h_SI1,12h,SI1,5.4998000000000005,wavD
N900_RS13530,0.10019049989364599,0.16050794599219695,0.149639469921734,0.03492814732203776,0.10019049989364599,PCA,0.06526235257160823,0.06526235257160823,0.1255797986701592,0.11471132259969624,10,waaC,-0.7372904999999998,-2.6179,1.4041,12h_SI7,12h,SI7,12h_st,12h,st,4.022,waaC
N900_RS13535,0.16876978929561826,0.21946029972534087,0.19434865277435168,0.12297299252117593,0.16876978929561826,PCA,0.04579679677444233,0.04579679677444233,0.09648730720416494,0.07137566025317575,10,wavB,0.8346073950000001,-1.1964,2.9097,6h_SI9,6h,SI9,12h_st,12h,st,4.1061,wavB
N900_RS13540,0.0903035300119625,0.14297150077174076,0.13037153587713707,0.0168532480243386,0.0903035300119625,PCA,0.07345028198762389,0.07345028198762389,0.12611825274740215,0.11351828785279847,10,wavA,0.6049005,-1.2763,2.8374,6h_SI9,6h,SI9,12h_st,12h,st,4.1137,wavA
N900_RS13550,0.28513357066045675,0.20540395189259972,0.4218556270504029,0.20424548837946926,0.20540395189259972,CP,0.0011584635131304533,0.08088808228098748,0.0011584635131304533,0.21761013867093365,10,mutM,0.9275039166666665,-0.66165,3.542,12h_st,12h,st,3h_SI5,3h,SI5,4.20365,mutM
N900_RS13555,0.44615824443304136,0.35308737129375195,0.594687007311437,0.3209745308197389,0.35308737129375195,CP,0.03211284047401303,0.12518371361330244,0.03211284047401303,0.27371247649169805,10,N900_RS13555,0.4422515766666667,-1.4544,3.5515,6h_SI1,6h,SI1,3h_SI1,3h,SI1,5.0059,N900_RS13555
N900_RS13570,0.550416561684928,0.5292765412531354,0.7454317977974655,0.6422544978672373,0.5292765412531354,CP,-0.11297795661410193,-0.09183793618230929,-0.11297795661410193,0.10317729993022817,10,VC0395_A2597_BLAST,-0.30100998333333334,-2.0492,2.6107,24h_SI1,24h,SI1,6h_SI4,6h,SI4,4.6599,VC0395_A2597_BLAST
N900_RS13575,0.42863716130569673,0.39039522164158413,0.7461152098030512,0.3527236554994247,0.39039522164158413,CP,0.03767156614215944,0.07591350580627204,0.03767156614215944,0.39339155430362654,10,methyl-accepting chemotaxis protein_10,0.4989637033333334,-1.3613,4.3723,6h_SI5,6h,SI5,3h_SI4,3h,SI4,5.7336,methyl-accepting chemotaxis protein_10
N900_RS13585,0.7464709923750461,0.7544472161188395,0.9149400482359701,0.6927323267356429,0.7464709923750461,PCA,0.053738665639403216,0.053738665639403216,0.06171488938319658,0.2222077215003272,10,slmA,-0.9162402166666667,-2.8701,2.0753,6h_co,6h,co,12h_SI2,12h,SI2,4.945399999999999,slmA
N900_RS13595,0.6008856915242495,0.6244817973355573,0.7650908951288884,0.5724253296106615,0.6008856915242495,PCA,0.028460361913588028,0.028460361913588028,0.052056467724895805,0.1926655655182269,10,lpxN,-0.2667497483333333,-2.0432,2.5435,12h_SI9,12h,SI9,1h_ce,1h,ce,4.5867,lpxN
N900_RS13600,0.15729066109763393,0.24913047178181338,0.3119735999924526,0.1772865020563971,0.15729066109763393,PCA,-0.019995840958763167,-0.019995840958763167,0.07184396972541629,0.13468709793605552,10,pyrE,0.1254596166666667,-3.2286,3.3121,6h_SI7,6h,SI7,3h_SI2,3h,SI2,6.5407,pyrE
N900_RS13605,0.4916841754015792,0.5541642750046621,0.7452927591102102,0.560551559112227,0.4916841754015792,PCA,-0.06886738371064777,-0.06886738371064777,-0.006387284107564839,0.18474119999798322,10,rph,0.9659568850000001,-1.2992,6.2184,3h_SI8,3h,SI8,6h_SI3,6h,SI3,7.5176,rph
N900_RS13610,0.5028168654323633,0.4948763459220691,0.7263383360225845,0.5514383949534732,0.4948763459220691,CP,-0.05656204903140416,-0.048621529521109985,-0.05656204903140416,0.17489994106911122,10,yicc,-0.15596675000000004,-2.5024,2.8169,6h_SI8,6h,SI8,1h_SI1,1h,SI1,5.3193,yicc
N900_RS13615,0.22409536804173444,0.2368771280338555,0.45607392830304566,0.27003933229160343,0.22409536804173444,PCA,-0.04594396424986899,-0.04594396424986899,-0.033162204257747935,0.18603459601144223,10,VC0395_A2587_BLAST,-0.08262953333333331,-1.5074,2.6238,24h_ce,24h,ce,3h_SI1,3h,SI1,4.1312,VC0395_A2587_BLAST
N900_RS13620,0.25996602278426056,0.25573476454907407,0.5217955235764078,0.29586357903479427,0.25573476454907407,CP,-0.0401288144857202,-0.0358975562505337,-0.0401288144857202,0.22593194454161353,10,murP,1.5936159666666667,-0.43165,4.4736,6h_st,6h,st,12h_SI2,12h,SI2,4.9052500000000006,murP
N900_RS13625,0.421987072511424,0.3452895689110391,0.701516504802867,0.4099518164849793,0.3452895689110391,CP,-0.06466224757394018,0.012035256026444674,-0.06466224757394018,0.2915646883178877,10,murQ_2,-0.002268183333333363,-1.1954,4.8644,3h_SI2,3h,SI2,1h_ce,1h,ce,6.0598,murQ_2
N900_RS13635,0.27207283333820637,0.32848825376003676,0.5647431525455776,0.2944682065745343,0.27207283333820637,PCA,-0.022395373236327953,-0.022395373236327953,0.034020047185502444,0.2702749459710433,10,murr,0.8977721333333334,-0.59486,3.9229,3h_SI3,3h,SI3,3h_SI4,3h,SI4,4.51776,murr
N900_RS13640,0.0755060804090423,0.08748684083590626,0.21235820397118188,0.08177110874379573,0.0755060804090423,PCA,-0.006265028334753425,-0.006265028334753425,0.005715732092110529,0.13058709522738615,10,fhuB,1.4736744166666667,0.010116,4.3813,1h_SI8,1h,SI8,12h_SI1,12h,SI1,4.371184,fhuB
N900_RS13645,0.6471925615995563,0.7142031471839435,0.9279814400837305,0.7748469797860114,0.6471925615995563,PCA,-0.12765441818645507,-0.12765441818645507,-0.06064383260206785,0.15313446029771915,10,fhuD,1.056607975,-0.90501,5.7558,6h_SI1,6h,SI1,1h_st,1h,st,6.66081,fhuD
N900_RS13650,0.10537596984564387,0.14715693017961798,0.21301818779405723,0.14477170145836368,0.10537596984564387,PCA,-0.03939573161271981,-0.03939573161271981,0.0023852287212542955,0.06824648633569355,10,fhuC,1.3391671833333334,-0.472,3.9063,1h_SI6,1h,SI6,6h_SI4,6h,SI4,4.378299999999999,fhuC
N900_RS13655,0.3176712859891492,0.3712186049131025,0.45622411340631097,0.26784266001457746,0.3176712859891492,PCA,0.049828625974571716,0.049828625974571716,0.10337594489852503,0.1883814533917335,10,TonB-dependent siderophore receptor,1.1440190083333335,-0.35491,4.0015,12h_st,12h,st,6h_SI3,6h,SI3,4.35641,TonB-dependent siderophore receptor
N900_RS13660,0.2923986576334509,0.33901321587459754,0.4734948580579256,0.2932597620585353,0.2923986576334509,PCA,-0.0008611044250844135,-0.0008611044250844135,0.04575345381606222,0.1802350959993903,10,ABC transporter ATP-binding protein_1,0.5573293500000002,-0.94227,2.9569,3h_st,3h,st,6h_SI4,6h,SI4,3.8991700000000002,ABC transporter ATP-binding protein_1
N900_RS13665,0.42700045072791587,0.40463653331560917,0.6854024314694934,0.4988757166890457,0.40463653331560917,CP,-0.09423918337343651,-0.07187526596112981,-0.09423918337343651,0.18652671478044774,10,N900_RS13665,1.6182075499999997,-0.044267,5.3648,1h_co,1h,co,3h_SI2,3h,SI2,5.409066999999999,N900_RS13665
N900_RS13670,0.28390246824432774,0.21015712062375305,0.3801103872217368,0.27631679868679965,0.21015712062375305,CP,-0.0661596780630466,0.007585669557528096,-0.0661596780630466,0.10379358853493714,10,gene 3 protein-related protein,1.2588427150000001,-0.54236,5.1644,6h_co,6h,co,6h_SI2,6h,SI2,5.706759999999999,gene 3 protein-related protein
N900_RS13675,0.23746685325881398,0.19261774283453548,0.45260997736272496,0.23180620289505513,0.19261774283453548,CP,-0.03918846006051965,0.005660650363758846,-0.03918846006051965,0.22080377446766983,10,recQ,0.610150245,-0.82932,3.6314,6h_ce,6h,ce,3h_SI3,3h,SI3,4.46072,recQ
N900_RS13680,0.2738681525381572,0.26124542721615474,0.5229236969971863,0.2664169820552078,0.26124542721615474,CP,-0.005171554839053072,0.00745117048294941,-0.005171554839053072,0.2565067149419785,10,rarD,0.6831550666666665,-1.0584,3.3903,6h_st,6h,st,12h_SI2,12h,SI2,4.4487,rarD
N900_RS13685,0.20634983388227696,0.21074580416572955,0.5882994409865397,0.20569566054485472,0.20634983388227696,PCA,0.0006541733374222369,0.0006541733374222369,0.005050143620874831,0.382603780441685,10,ggt,0.8709455399999999,-0.53061,4.3628,3h_SI1,3h,SI1,3h_SI3,3h,SI3,4.89341,ggt
N900_RS13690,0.2245108229511123,0.2503894792780603,0.33609504047429634,0.2056090873663548,0.2245108229511123,PCA,0.018901735584757495,0.018901735584757495,0.04478039191170552,0.13048595310794153,10,rhaS_2,1.3383161166666668,-0.081784,3.945,1h_SI1,1h,SI1,3h_SI4,3h,SI4,4.026784,rhaS_2
N900_RS13695,0.2195578737245821,0.2127210476997027,0.36342633388196544,0.12818139669929152,0.2127210476997027,CP,0.08453965100041119,0.09137647702529059,0.08453965100041119,0.23524493718267392,10,rhtC,1.5411963166666665,0.075599,4.5505,12h_st,12h,st,6h_ce,6h,ce,4.474901,rhtC
N900_RS13700,0.28870261794037255,0.3668558026266311,0.45041870559898906,0.2651491074759434,0.28870261794037255,PCA,0.02355351046442916,0.02355351046442916,0.1017066951506877,0.18526959812304566,10,uvrD,-0.15990124999999997,-2.1119,3.4907,6h_SI7,6h,SI7,3h_SI1,3h,SI1,5.6026,uvrD
N900_RS13705,0.42726493887997047,0.34816437233423436,0.5769352968411601,0.43671134288038643,0.34816437233423436,CP,-0.08854697054615207,-0.009446404000415964,-0.08854697054615207,0.14022395396077364,10,prlC,0.6384195333333333,-0.89667,4.1254,6h_SI2,6h,SI2,3h_SI2,3h,SI2,5.02207,prlC
N900_RS13710,0.351435824096744,0.3483886025285609,0.6200732401169172,0.4426384158578227,0.3483886025285609,CP,-0.0942498133292618,-0.0912025917610787,-0.0942498133292618,0.17743482425909451,10,rlmj,0.39350267666666666,-0.94093,3.945,12h_ce,12h,ce,1h_ce,1h,ce,4.88593,rlmj
N900_RS13715,0.3660601692787459,0.3469200798084319,0.6596867442847323,0.43439377254314654,0.3469200798084319,CP,-0.08747369273471461,-0.06833360326440063,-0.08747369273471461,0.22529297174158575,10,gorA,0.20930418333333337,-1.5688,3.9834,3h_SI8,3h,SI8,12h_SI2,12h,SI2,5.5522,gorA
N900_RS13720,0.5102270871944335,0.6326940441262958,0.7036547646045499,0.4871446870372955,0.5102270871944335,PCA,0.023082400157138028,0.023082400157138028,0.1455493570890003,0.21651007756725438,10,site-specific integrase,0.9551668966666664,-0.90028,3.9172,3h_ce,3h,ce,3h_SI3,3h,SI3,4.81748,site-specific integrase
N900_RS13725,0.3419777730252699,0.3265795265599445,0.7457760089288474,0.36860120024860044,0.3265795265599445,CP,-0.04202167368865595,-0.026623427223330554,-0.04202167368865595,0.377174808680247,10,N900_RS13725,-0.012123638333333294,-3.2666,5.2063,3h_SI9,3h,SI9,3h_st,3h,st,8.4729,N900_RS13725
N900_RS13730,0.14039622342199207,0.14249260106018083,0.2723166665376129,0.13441876719053764,0.14039622342199207,PCA,0.005977456231454431,0.005977456231454431,0.008073833869643193,0.13789789934707525,10,N900_RS13730,0.6004542133333335,-1.0513,3.8104,12h_st,12h,st,3h_SI1,3h,SI1,4.8617,N900_RS13730
N900_RS13735,0.36202202974232484,0.3921709390689622,0.5887993948154785,0.39453050462971667,0.36202202974232484,PCA,-0.032508474887391836,-0.032508474887391836,-0.002359565560754451,0.19426889018576182,10,kfrA_1,1.3156960666666668,-0.90994,4.9703,3h_ce,3h,ce,6h_SI4,6h,SI4,5.88024,kfrA_1
N900_RS13740,0.41841446637986485,0.4702931229381374,0.5749241499935915,0.4478491861007179,0.41841446637986485,PCA,-0.029434719720853042,-0.029434719720853042,0.02244393683741952,0.12707496389287365,10,cap3_BLAST,-0.36628865000000005,-2.266,1.6321,6h_SI3,6h,SI3,3h_SI5,3h,SI5,3.8981000000000003,cap3_BLAST
N900_RS13745,0.2413203194810608,0.27978647856766053,0.7231657139458394,0.31630000522030915,0.2413203194810608,PCA,-0.07497968573924835,-0.07497968573924835,-0.03651352665264862,0.40686570872553024,10,cap2_BLAST,0.11527100000000004,-1.5725,2.6307,3h_SI1,3h,SI1,6h_st,6h,st,4.2032,cap2_BLAST
N900_RS13750,0.42903983568582377,0.5474144128395566,0.6779347842978337,0.3152511927893818,0.42903983568582377,PCA,0.11378864289644197,0.11378864289644197,0.2321632200501748,0.3626835915084519,10,dncV,0.8405079333333334,-1.1486,6.1476,6h_SI2,6h,SI2,3h_SI5,3h,SI5,7.2962,dncV
N900_RS13755,0.32816106283098273,0.41970274280542996,0.65872349430883,0.35431771810745066,0.32816106283098273,PCA,-0.026156655276467933,-0.026156655276467933,0.0653850246979793,0.3044057762013794,10,capV,0.39281071666666667,-1.267,2.6241,12h_st,12h,st,3h_SI5,3h,SI5,3.8911,capV
N900_RS13765,0.28530291593998663,0.36613754578810287,0.5385143234433435,0.25554104081824136,0.28530291593998663,PCA,0.029761875121745274,0.029761875121745274,0.11059650496986151,0.28297328262510213,10,vspR,-0.28234970000000004,-2.5439,3.4677,12h_SI2,12h,SI2,1h_SI1,1h,SI1,6.0116,vspR
N900_RS13770,0.15640364778081178,0.18692089897661407,0.32666200818049596,0.13589490165702925,0.15640364778081178,PCA,0.020508746123782534,0.020508746123782534,0.05102599731958482,0.1907671065234667,10,XRE family transcriptional regulator_8,1.3509474383333335,-0.62392,4.5366,1h_SI2,1h,SI2,3h_SI3,3h,SI3,5.16052,XRE family transcriptional regulator_8
N900_RS13780,0.4974107664643189,0.4766035181641543,0.8351639494768754,0.4983126171211785,0.4766035181641543,CP,-0.02170909895702422,-0.0009018506568596041,-0.02170909895702422,0.3368513323556969,10,tadA_2,1.1965509150000004,-2.5128,5.2304,3h_SI9,3h,SI9,3h_SI1,3h,SI1,7.7432,tadA_2
N900_RS13785,0.369323931167713,0.36102503798259794,0.7403975493968791,0.4294922597279907,0.36102503798259794,CP,-0.06846722174539277,-0.060168328560277706,-0.06846722174539277,0.31090528966888836,10,sporulation protein,0.33894844999999996,-1.413,3.9865,12h_SI1,12h,SI1,6h_SI1,6h,SI1,5.3995,sporulation protein
N900_RS13790,0.19018945960976083,0.30009834068900776,0.5512843907111967,0.2530571471660191,0.19018945960976083,PCA,-0.0628676875562583,-0.0628676875562583,0.047041193522988634,0.2982272435451776,10,dppC_2,0.6997656166666667,-0.77184,3.6663,3h_SI1,3h,SI1,6h_SI4,6h,SI4,4.43814,dppC_2
N900_RS13795,0.20715513145889,0.26910738985174365,0.3642264396326769,0.20118760078105027,0.20715513145889,PCA,0.0059675306778397275,0.0059675306778397275,0.06791978907069338,0.16303883885162665,10,dppB_2,1.1110482033333333,-0.34943,3.9019,3h_SI4,3h,SI4,3h_st,3h,st,4.25133,dppB_2
N900_RS13800,0.10194792654770485,0.18693368761034826,0.4052691601973829,0.14332798562626403,0.10194792654770485,PCA,-0.041380059078559184,-0.041380059078559184,0.04360570198408423,0.2619411745711189,10,dppA,0.6043597154999999,-1.1705,4.5057,3h_SI2,3h,SI2,3h_SI1,3h,SI1,5.6762,dppA
N900_RS13805,0.16207466290057262,0.19077366429009876,0.28581082226531423,0.16773961650418273,0.16207466290057262,PCA,-0.005664953603610107,-0.005664953603610107,0.02303404778591603,0.1180712057611315,10,nikE,0.7105366,-0.71176,4.2195,12h_SI6,12h,SI6,6h_st,6h,st,4.93126,nikE
N900_RS13810,0.443020542651133,0.5024338244507601,0.7215212210934424,0.39971653906622423,0.443020542651133,PCA,0.04330400358490877,0.04330400358490877,0.1027172853845359,0.3218046820272182,10,N900_RS13810,1.507156,-0.47938,4.8121,12h_co,12h,co,3h_SI3,3h,SI3,5.29148,N900_RS13810
N900_RS13815,0.6105835148859043,0.681284514280683,0.8130022412105988,0.6116774193120093,0.6105835148859043,PCA,-0.001093904426104908,-0.001093904426104908,0.06960709496867379,0.20132482189858958,10,N900_RS13815,0.8224652833333335,-1.0476,4.8728,1h_SI2,1h,SI2,1h_ce,1h,ce,5.9204,N900_RS13815
N900_RS13845,0.2983713441220089,0.3003306735501267,0.37933529452440706,0.25512298263270644,0.2983713441220089,PCA,0.043248361489302445,0.043248361489302445,0.04520769091742027,0.12421231189170062,10,cytochrome c5,0.8224930666666666,-0.71261,3.8675,3h_SI9,3h,SI9,6h_SI3,6h,SI3,4.58011,cytochrome c5
N900_RS13855,0.6409040426854679,0.6627663006848917,0.8659247958728703,0.5996529873124119,0.6409040426854679,PCA,0.041251055373055956,0.041251055373055956,0.06311331337247983,0.2662718085604584,10,TetR/AcrR family transcriptional regulator_3,1.7889829999999998,-0.3134,7.6653,1h_SI9,1h,SI9,12h_SI1,12h,SI1,7.9787,TetR/AcrR family transcriptional regulator_3
N900_RS13860,0.2537962547548955,0.23248499697338476,0.48237075228229553,0.3037194334571987,0.23248499697338476,CP,-0.07123443648381395,-0.04992317870230323,-0.07123443648381395,0.17865131882509683,10,vexA,0.42610364833333336,-1.029,4.4229,12h_co,12h,co,3h_SI3,3h,SI3,5.4519,vexA
N900_RS13865,0.3563931847777001,0.36044242531629567,0.47755699739047386,0.3530615447693145,0.3563931847777001,PCA,0.0033316400083855946,0.0033316400083855946,0.007380880546981161,0.12449545262115935,10,vexB,0.32584065,-1.3903,2.5249,12h_co,12h,co,3h_SI4,3h,SI4,3.9152000000000005,vexB
N900_RS13870,0.5796894088389594,0.5879749139948061,0.7241357710524261,0.572049013965676,0.5796894088389594,PCA,0.007640394873283385,0.007640394873283385,0.01592590002913008,0.15208675708675012,10,ubik,0.29924676999999994,-1.6261,3.0796,24h_SI4,24h,SI4,6h_SI4,6h,SI4,4.7057,ubik
N900_RS13875,0.628854122601938,0.7072040077316419,0.8014526624611383,0.6395136650452701,0.628854122601938,PCA,-0.010659542443332115,-0.010659542443332115,0.06769034268637186,0.16193899741586826,10,ilvC,0.5447198899999999,-1.2646,3.183,6h_SI1,6h,SI1,3h_SI3,3h,SI3,4.4475999999999996,ilvC
N900_RS13880,0.4979837766875787,0.5949486118266403,0.7565497451715657,0.48192234547887836,0.4979837766875787,PCA,0.01606143120870035,0.01606143120870035,0.11302626634776192,0.27462739969268735,10,ilvY,1.4249721666666668,-0.45434,4.9543,12h_SI1,12h,SI1,12h_SI2,12h,SI2,5.40864,ilvY
N900_RS13930,0.40867358903696,0.4555239950401475,0.7537045823181692,0.332327892593455,0.40867358903696,PCA,0.07634569644350497,0.07634569644350497,0.12319610244669249,0.42137668972471415,10,trkh,0.7487742666666668,-0.61164,4.2678,3h_SI1,3h,SI1,6h_ce,6h,ce,4.879440000000001,trkh
N900_RS13935,0.26929644988643187,0.20640235975812876,0.36926616323919725,0.19636836056477314,0.20640235975812876,CP,0.010033999193355625,0.07292808932165873,0.010033999193355625,0.17289780267442412,10,yigz,1.08656755,-0.23302,4.1182,12h_SI6,12h,SI6,6h_SI1,6h,SI1,4.35122,yigz
N900_RS13940,0.20871264111569393,0.22056878703740931,0.29589363439832067,0.2135927706626747,0.20871264111569393,PCA,-0.004880129546980777,-0.004880129546980777,0.006976016374734606,0.08230086373564596,10,fadB,1.3395911833333334,-0.20328,5.0256,1h_SI5,1h,SI5,12h_SI3,12h,SI3,5.22888,fadB
N900_RS13945,0.24828975511682977,0.2530406201760755,0.40723499481899345,0.2439810476384303,0.24828975511682977,PCA,0.004308707478399482,0.004308707478399482,0.009059572537645194,0.16325394718056316,10,fadA,1.1787979433333333,-0.73823,4.1966,1h_SI9,1h,SI9,3h_SI3,3h,SI3,4.93483,fadA
N900_RS13950,0.1105785024676932,0.10941014962688031,0.23577265693971003,0.09080929470449053,0.10941014962688031,CP,0.018600854922389776,0.019769207763202665,0.018600854922389776,0.1449633622352195,10,lysr_4,0.9707766833333334,-0.46812,3.2365,6h_SI9,6h,SI9,3h_SI4,3h,SI4,3.70462,lysr_4
N900_RS13955,0.4841987386760685,0.47778234352377386,0.7375789523342534,0.41776787183881775,0.47778234352377386,CP,0.060014471684956106,0.06643086683725075,0.060014471684956106,0.31981108049543566,10,ydhC_1,0.5400709666666667,-1.3602,3.7433,6h_SI1,6h,SI1,1h_st,1h,st,5.1035,ydhC_1
N900_RS13970,0.09066668388588922,0.14351007546909353,0.13163489641689693,0.020480559939784853,0.09066668388588922,PCA,0.07018612394610436,0.07018612394610436,0.12302951552930867,0.11115433647711208,10,atpD,1.8269213333333334,-0.049386,4.0457,12h_SI7,12h,SI7,12h_st,12h,st,4.095086,atpD
N900_RS13985,0.10032205864742287,0.16365969181094292,0.14273633877151617,0.026142068159431184,0.10032205864742287,PCA,0.07417999048799169,0.07417999048799169,0.13751762365151174,0.116594270612085,10,atpH,1.852862533333333,-0.063004,4.044,6h_SI9,6h,SI9,12h_st,12h,st,4.107004,atpH
N900_RS14005,0.13439914638814765,0.19561101905490635,0.17230014346256675,0.05022971000013594,0.13439914638814765,PCA,0.08416943638801172,0.08416943638801172,0.14538130905477042,0.12207043346243082,10,F0F1 ATP synthase subunit I,1.5145904899999998,-0.40903,3.6977,6h_SI9,6h,SI9,12h_st,12h,st,4.106730000000001,F0F1 ATP synthase subunit I
N900_RS14010,0.3717478314842758,0.31785200519186757,0.632173174658971,0.5193363173004516,0.31785200519186757,CP,-0.20148431210858403,-0.14758848581617579,-0.20148431210858403,0.11283685735851945,10,parb,0.30547388333333336,-1.2964,3.6641,1h_SI1,1h,SI1,3h_st,3h,st,4.9605,parb
N900_RS14015,0.2881506638132666,0.3881320004433144,0.6332921305555065,0.3451037450172568,0.2881506638132666,PCA,-0.05695308120399023,-0.05695308120399023,0.04302825542605759,0.28818838553824966,10,soj_2,0.43645506666666667,-1.4499,3.359,6h_ce,6h,ce,6h_SI3,6h,SI3,4.8088999999999995,soj_2
N900_RS14020,0.139976218010945,0.15986495813256246,0.3317731041110762,0.17109178149074322,0.139976218010945,PCA,-0.031115563479798214,-0.031115563479798214,-0.01122682335818076,0.16068132262033297,10,rsmG,0.8653707,-1.0019,5.144,6h_SI5,6h,SI5,3h_st,3h,st,6.1459,rsmG
N900_RS14025,0.19219671061736923,0.23324488588887524,0.20476782382596398,0.15905949905453418,0.19219671061736923,PCA,0.033137211562835056,0.033137211562835056,0.07418538683434106,0.045708324771429804,10,mnmG,0.914949145,-1.1281,3.4867,12h_SI7,12h,SI7,1h_co,1h,co,4.6148,mnmG
N900_RS14040,0.4822395402278397,0.4460448556206226,0.9312232398515649,0.5925457443475654,0.4460448556206226,CP,-0.14650088872694272,-0.11030620411972564,-0.14650088872694272,0.3386774955039995,10,N900_RS14040,1.121831533333333,-1.4421,5.3405,3h_SI7,3h,SI7,12h_SI1,12h,SI1,6.7825999999999995,N900_RS14040
N900_RS14045,0.32723268495401064,0.4284476704997728,0.5668889519595133,0.3609734371615267,0.32723268495401064,PCA,-0.033740752207516045,-0.033740752207516045,0.06747423333824609,0.2059155147979866,10,N900_RS14045,1.3447848000000002,-0.72047,3.5925,1h_SI1,1h,SI1,12h_SI2,12h,SI2,4.31297,N900_RS14045
N900_RS14050,0.36873613435732366,0.4030050994907784,0.7115748422518805,0.40755377152428185,0.36873613435732366,PCA,-0.038817637166958185,-0.038817637166958185,-0.004548672033503454,0.30402107072759865,10,N900_RS14050,1.1295556666666668,-0.42688,4.652,1h_SI5,1h,SI5,3h_SI4,3h,SI4,5.07888,N900_RS14050
N900_RS14055,0.3065915292252513,0.3262231581625942,0.5130899940912216,0.409828466763596,0.3065915292252513,PCA,-0.10323693753834473,-0.10323693753834473,-0.08360530860100185,0.10326152732762556,10,yeeN,-0.21328253333333333,-2.0037,3.8804,12h_SI6,12h,SI6,3h_SI1,3h,SI1,5.8841,yeeN
N900_RS14060,0.20100434487543897,0.1931679144799862,0.46682281902806694,0.20317070483677993,0.1931679144799862,CP,-0.010002790356793717,-0.002166359961340958,-0.010002790356793717,0.263652114191287,10,garR,0.83350775,-0.46205,4.0271,24h_SI6,24h,SI6,3h_SI2,3h,SI2,4.4891499999999995,garR
N900_RS14065,0.1628822688156216,0.2020871727874944,0.4555232581573729,0.19298865775156127,0.1628822688156216,PCA,-0.03010638893593967,-0.03010638893593967,0.009098515035933147,0.2625346004058116,10,pctC_2,0.8414530233333333,-0.45933,4.2575,3h_SI3,3h,SI3,3h_SI1,3h,SI1,4.71683,pctC_2
N900_RS14070,0.2743231403978502,0.28490358140731914,0.6936566690328291,0.3018120679824571,0.2743231403978502,PCA,-0.02748892758460686,-0.02748892758460686,-0.016908486575137938,0.391844601050372,10,N900_RS14070,0.75824424,-0.59925,3.5981,24h_ce,24h,ce,12h_st,12h,st,4.19735,N900_RS14070
N900_RS14075,0.5187138764695799,0.5697003124343808,0.7533255834755163,0.49385730285868135,0.5187138764695799,PCA,0.024856573610898547,0.024856573610898547,0.07584300957569945,0.2594682806168349,10,yibl,1.0080855,-1.1669,5.9055,6h_SI5,6h,SI5,1h_SI1,1h,SI1,7.0724,yibl
N900_RS14080,0.2541207143667508,0.2614667548124925,0.3642793729514011,0.2804942488144693,0.2541207143667508,PCA,-0.026373534447718505,-0.026373534447718505,-0.01902749400197684,0.08378512413693179,10,malT,0.2650877533333333,-1.1062,3.4638,1h_st,1h,st,3h_SI1,3h,SI1,4.57,malT
N900_RS14085,0.28848809381185864,0.31255900683544263,0.6239336239711305,0.2830330810133002,0.28848809381185864,PCA,0.005455012798558423,0.005455012798558423,0.029525925822142418,0.3409005429578303,10,glgP,0.6286433583333334,-1.4369,4.3218,1h_SI1,1h,SI1,12h_SI2,12h,SI2,5.758699999999999,glgP
N900_RS14090,0.36588534864834826,0.46550329310567407,0.6680440623123466,0.2893752847148992,0.36588534864834826,PCA,0.07651006393344906,0.07651006393344906,0.17612800839077486,0.3786687775974474,10,malQ,0.04984814999999995,-2.6767,3.5834,3h_ce,3h,ce,3h_SI4,3h,SI4,6.2600999999999996,malQ
N900_RS14095,0.24251406612220938,0.24293367173374128,0.40322872446813024,0.21248914552479603,0.24251406612220938,PCA,0.03002492059741335,0.03002492059741335,0.03044452620894525,0.1907395789433342,10,glgB,0.15731536666666665,-1.5922,3.868,12h_SI8,12h,SI8,12h_SI1,12h,SI1,5.4602,glgB
N900_RS14100,0.3419118824440863,0.48531824325200673,0.759933351765364,0.5520222250679014,0.3419118824440863,PCA,-0.21011034262381512,-0.21011034262381512,-0.06670398181589471,0.2079111266974626,10,hcp-2_D2,1.4068073783333332,-0.68918,5.9445,1h_ce,1h,ce,3h_SI1,3h,SI1,6.63368,hcp-2_D2
N900_RS14105,0.6613551265382601,0.6532796659980312,0.8573466925307525,0.6561086678382685,0.6532796659980312,CP,-0.0028290018402372663,0.00524645869999163,-0.0028290018402372663,0.20123802469248397,10,tssI_3,0.7351923199999999,-0.7347,3.9088,12h_SI3,12h,SI3,6h_SI5,6h,SI5,4.6434999999999995,tssI_3
N900_RS14110,0.3982412287347514,0.5353977970725101,0.7673017429615842,0.3696736850671733,0.3982412287347514,PCA,0.028567543667578077,0.028567543667578077,0.16572411200533682,0.39762805789441086,10,vasW,0.36201496666666666,-1.1282,3.8115,6h_SI2,6h,SI2,3h_SI3,3h,SI3,4.9397,vasW
N900_RS14115,0.22748960311700078,0.23672381322196076,0.42230047779384167,0.18936953686257316,0.22748960311700078,PCA,0.038120066254427626,0.038120066254427626,0.047354276359387604,0.2329309409312685,10,vasX,1.2359959883333334,-0.1635,4.3322,6h_SI6,6h,SI6,3h_st,3h,st,4.4957,vasX
N900_RS14120,0.5633265377767064,0.5983974429665112,0.7949211951235164,0.3798143126209175,0.5633265377767064,PCA,0.18351222515578886,0.18351222515578886,0.21858313034559368,0.4151068825025989,10,tsiV2,4.096882,0.11084,8.2591,1h_SI6,1h,SI6,3h_SI1,3h,SI1,8.14826,tsiV2
N900_RS14125,0.4082934614363515,0.32600135566846605,0.47642011113847654,0.1859393661567911,0.32600135566846605,CP,0.14006198951167495,0.22235409527956038,0.14006198951167495,0.2904807449816854,10,yecN,1.00577391,-0.30655,4.4348,12h_SI6,12h,SI6,12h_st,12h,st,4.74135,yecN
N900_RS14130,0.12873130261221052,0.14733422285073797,0.23028168126927637,0.10387157357456078,0.12873130261221052,PCA,0.02485972903764974,0.02485972903764974,0.043462649276177184,0.12641010769471558,10,acyltransferase_2,1.3314903550000001,-0.2348,4.4552,1h_SI7,1h,SI7,6h_SI4,6h,SI4,4.6899999999999995,acyltransferase_2
N900_RS14135,0.220166455905021,0.27634958866125037,0.5986219432511187,0.253515351857636,0.220166455905021,PCA,-0.033348895952615004,-0.033348895952615004,0.02283423680361435,0.3451065913934827,10,AEC family transporter_2,0.9350201166666668,-0.34522,4.4249,3h_SI4,3h,SI4,6h_SI4,6h,SI4,4.77012,AEC family transporter_2
N900_RS14140,0.44249850433531573,0.4892222206803494,0.6433655507147658,0.3893081512319556,0.44249850433531573,PCA,0.05319035310336012,0.05319035310336012,0.09991406944839376,0.25405739948281014,10,nadC_2,1.1104935833333334,-0.50588,4.9344,1h_co,1h,co,1h_ce,1h,ce,5.4402800000000004,nadC_2
N900_RS14145,0.3485416499964579,0.3340265142323838,0.5967316706801316,0.33972449318844156,0.3340265142323838,CP,-0.005697978956057781,0.008817156808016369,-0.005697978956057781,0.25700717749169,10,VC_A0026_BLAST,0.04201380000000001,-1.2912,3.3699,3h_SI3,3h,SI3,1h_ce,1h,ce,4.661099999999999,VC_A0026_BLAST
N900_RS14150,0.531634132148313,0.4852459469501492,0.8745061744472201,0.5286672649754915,0.4852459469501492,CP,-0.043421318025342326,0.0029668671728214635,-0.043421318025342326,0.3458389094717286,10,chiA,1.3953386833333332,-2.0236,6.5227,1h_SI9,1h,SI9,6h_SI2,6h,SI2,8.5463,chiA
N900_RS14155,0.37485791746960717,0.5918553815234529,0.7551663476601208,0.47981613239096915,0.37485791746960717,PCA,-0.10495821492136198,-0.10495821492136198,0.1120392491324837,0.27535021526915165,10,N900_RS14155,1.2130304,-1.4635,5.5767,3h_SI9,3h,SI9,3h_SI4,3h,SI4,7.0402,N900_RS14155
N900_RS14160,0.4180404579115135,0.3976494803213635,0.6699464180291133,0.23703936005022513,0.3976494803213635,CP,0.16061012027113836,0.18100109786128837,0.16061012027113836,0.4329070579788881,10,allR,0.5613676083333332,-0.77726,3.9757,6h_SI4,6h,SI4,1h_st,1h,st,4.75296,allR
N900_RS14165,0.18534352134561663,0.15613904015287414,0.3741517172818741,0.16006972646014367,0.15613904015287414,CP,-0.003930686307269532,0.02527379488547296,-0.003930686307269532,0.2140819908217304,10,arginase,1.130003333333333,-0.44062,4.7192,6h_st,6h,st,3h_st,3h,st,5.15982,arginase
N900_RS14170,0.3684242441517036,0.4240832035333168,0.62409492718789,0.36600327807469474,0.3684242441517036,PCA,0.002420966077008868,0.002420966077008868,0.05807992545862206,0.2580916491131952,10,methyl-accepting chemotaxis protein_28,1.5216250500000001,-0.26404,5.5516,3h_SI5,3h,SI5,6h_SI2,6h,SI2,5.815639999999999,methyl-accepting chemotaxis protein_28
N900_RS14175,0.13469859015142008,0.12537748988403433,0.2670031131059994,0.1275335518695057,0.12537748988403433,CP,-0.002156061985471386,0.007165038281914365,-0.002156061985471386,0.13946956123649368,10,N900_RS14175,1.3930639833333334,-1.0548,4.3846,1h_SI6,1h,SI6,6h_st,6h,st,5.4394,N900_RS14175
N900_RS14180,0.23600983770687367,0.2526442575434688,0.46009642209572343,0.19407122760772866,0.23600983770687367,PCA,0.04193861009914501,0.04193861009914501,0.05857302993574015,0.2660251944879948,10,PhoX family phosphatase,0.8199696833333333,-1.3546,3.0712,6h_SI1,6h,SI1,6h_SI3,6h,SI3,4.425800000000001,PhoX family phosphatase
N900_RS14185,0.26987229182161193,0.2862347456216316,0.3847580176899957,0.21408046912495787,0.26987229182161193,PCA,0.05579182269665406,0.05579182269665406,0.07215427649667372,0.1706775485650378,10,N900_RS14185,1.4348491833333332,-0.4149,4.1307,1h_SI9,1h,SI9,6h_SI4,6h,SI4,4.5456,N900_RS14185
N900_RS14190,0.3299925801596178,0.3748258586415953,0.6538639528038552,0.30573979795247497,0.3299925801596178,PCA,0.02425278220714283,0.02425278220714283,0.06908606068912032,0.34812415485138026,10,"phosphatidylglycerophosphatase B, putative",0.2620648016666667,-1.1722,4.4664,6h_SI9,6h,SI9,1h_SI1,1h,SI1,5.6386,"phosphatidylglycerophosphatase B, putative"
N900_RS14195,0.36942294550685745,0.3783201399695849,0.5239885778184957,0.3451646608703223,0.36942294550685745,PCA,0.02425828463653512,0.02425828463653512,0.033155479099262586,0.1788239169481734,10,sstT,1.32177243,-0.44535,5.042,1h_SI3,1h,SI3,1h_SI1,1h,SI1,5.48735,sstT
N900_RS14200,0.28721036171385833,0.3734366674497556,0.59220715651147,0.2571442880601028,0.28721036171385833,PCA,0.03006607365375552,0.03006607365375552,0.11629237938965281,0.33506286845136724,10,copper chaperone PCu(A)C,1.1888663833333335,-0.38079,4.8714,12h_SI3,12h,SI3,3h_SI5,3h,SI5,5.252190000000001,copper chaperone PCu(A)C
N900_RS14205,0.47969056518474174,0.4678334289956754,0.7628359833399254,0.42201196682382836,0.4678334289956754,CP,0.04582146217184707,0.05767859836091338,0.04582146217184707,0.34082401651609706,10,Sco1-related protein,0.76688455,-1.2568,4.83,24h_SI1,24h,SI1,3h_SI2,3h,SI2,6.0868,Sco1-related protein
N900_RS14210,0.2716757528456186,0.2610918953457478,0.7922442308164326,0.2680971054565733,0.2610918953457478,CP,-0.007005210110825499,0.003578647389045342,-0.007005210110825499,0.5241471253598593,10,N900_RS14210,1.1871019333333335,-1.7846,6.4076,3h_SI9,3h,SI9,3h_SI1,3h,SI1,8.1922,N900_RS14210
N900_RS14215,0.3411912645149901,0.2993001226049397,0.4093654186345931,0.3522127265174865,0.2993001226049397,CP,-0.05291260391254676,-0.011021462002496374,-0.05291260391254676,0.05715269211710661,10,VC_A0040_BLAST,-0.48501354499999993,-3.2327,4.0344,12h_SI9,12h,SI9,1h_co,1h,co,7.267099999999999,VC_A0040_BLAST
N900_RS14220,0.4435027890634474,0.48343886092558586,0.8206475005523604,0.5503372912339594,0.4435027890634474,PCA,-0.10683450217051194,-0.10683450217051194,-0.0668984303083735,0.270310209318401,10,gltS,0.662897855,-1.1081,5.2975,12h_SI5,12h,SI5,6h_SI1,6h,SI1,6.405600000000001,gltS
N900_RS14225,0.3487074716299346,0.38534415047109494,0.6726157200717083,0.4088550114164035,0.3487074716299346,PCA,-0.06014753978646892,-0.06014753978646892,-0.023510860945308576,0.2637607086553048,10,VC_A0042_BLAST,1.1228020749999998,-0.20752,4.2799,3h_SI4,3h,SI4,6h_SI2,6h,SI2,4.487419999999999,VC_A0042_BLAST
N900_RS14230,0.3454718407331938,0.3250838100295477,0.6090498770236176,0.3069445116085617,0.3250838100295477,CP,0.01813929842098605,0.03852732912463214,0.01813929842098605,0.3021053654150559,10,N-acetyltransferase_7,-0.3235655166666666,-2.6091,5.0117,3h_SI7,3h,SI7,3h_st,3h,st,7.620800000000001,N-acetyltransferase_7
N900_RS14235,0.43071444991367347,0.4025833081731395,0.7213844013808001,0.4519406774687364,0.4025833081731395,CP,-0.04935736929559692,-0.021226227555062926,-0.04935736929559692,0.26944372391206367,10,tolB_2,0.6310261366666664,-0.67938,3.6592,3h_SI4,3h,SI4,12h_st,12h,st,4.338579999999999,tolB_2
N900_RS14240,0.1814059185917361,0.2557684115378167,0.38899615950824756,0.20498596571141453,0.1814059185917361,PCA,-0.023580047119678427,-0.023580047119678427,0.05078244582640218,0.18401019379683303,10,yiaV,1.1827708500000003,-0.61662,4.5218,24h_SI9,24h,SI9,3h_SI1,3h,SI1,5.13842,yiaV
N900_RS14245,0.24617543954702564,0.2629277586358066,0.3949269389042927,0.1707310412879739,0.24617543954702564,PCA,0.07544439825905175,0.07544439825905175,0.09219671734783269,0.2241958976163188,10,yiaW,0.22807693333333334,-1.5059,3.7472,6h_SI8,6h,SI8,3h_SI4,3h,SI4,5.2531,yiaW
N900_RS14250,0.4950264370346763,0.5034537205645162,0.771872963359696,0.47763830109724476,0.4950264370346763,PCA,0.017388135937431548,0.017388135937431548,0.02581541946727145,0.29423466226245126,10,N900_RS14250,1.0387749216666666,-0.70972,4.0651,1h_SI1,1h,SI1,3h_SI3,3h,SI3,4.77482,N900_RS14250
N900_RS14255,0.36944792384670844,0.4509679842902909,0.5750966657302102,0.3770056655169578,0.36944792384670844,PCA,-0.007557741670249363,-0.007557741670249363,0.07396231877333309,0.19809100021325243,10,N900_RS14255,0.9176737833333332,-0.40458,4.1073,3h_SI4,3h,SI4,3h_SI3,3h,SI3,4.511880000000001,N900_RS14255
N900_RS14260,0.35207783508627727,0.5653725398773646,0.8419018343288872,0.29503782527067685,0.35207783508627727,PCA,0.05704000981560042,0.05704000981560042,0.27033471460668773,0.5468640090582104,10,N900_RS14260,-0.04916328333333332,-1.5291,4.0534,12h_SI5,12h,SI5,6h_st,6h,st,5.5825,N900_RS14260
N900_RS14265,0.1286123097055282,0.12754944302111612,0.2564557330384981,0.11053040327037013,0.12754944302111612,CP,0.017019039750745993,0.01808190643515807,0.017019039750745993,0.145925329768128,10,deoD_2,1.0826106466666665,-0.30296,3.7815,12h_SI7,12h,SI7,3h_st,3h,st,4.08446,deoD_2
N900_RS14270,0.7190787375170257,0.6773682832084729,0.9132017889389764,0.6609556556738242,0.6773682832084729,CP,0.01641262753464867,0.058123081843201474,0.01641262753464867,0.2522461332651522,10,N900_RS14270,1.1842070666666666,-1.9137,6.0111,1h_SI7,1h,SI7,6h_SI4,6h,SI4,7.924799999999999,N900_RS14270
N900_RS14275,0.29152953550874705,0.27689407760297857,0.3824958237424054,0.27938589833778077,0.27689407760297857,CP,-0.002491820734802197,0.012143637170966282,-0.002491820734802197,0.10310992540462466,10,N900_RS14275,0.5589891283333334,-1.2648,4.0015,6h_SI9,6h,SI9,6h_st,6h,st,5.2663,N900_RS14275
N900_RS14280,0.4558677818957034,0.4644179526059364,0.5803083680281876,0.343166179850823,0.4558677818957034,PCA,0.11270160204488039,0.11270160204488039,0.1212517727551134,0.23714218817736465,10,merr,0.29712685000000005,-1.2586,3.4417,24h_SI3,24h,SI3,12h_SI3,12h,SI3,4.7003,merr
N900_RS14285,0.3250220186069655,0.3528196641895896,0.5633046175506073,0.32450317151978214,0.3250220186069655,PCA,0.0005188470871833606,0.0005188470871833606,0.028316492669807458,0.2388014460308252,10,phrB_2,0.23136890000000002,-1.3958,3.3095,6h_st,6h,st,3h_SI3,3h,SI3,4.705299999999999,phrB_2
N900_RS14290,0.549466623339518,0.6722640134240593,0.8189990335262185,0.5434269932082981,0.549466623339518,PCA,0.006039630131219886,0.006039630131219886,0.12883702021576116,0.2755720403179204,10,ycfS,-0.4082848666666667,-2.0012,3.5802,12h_SI2,12h,SI2,6h_st,6h,st,5.5814,ycfS
N900_RS14295,0.6351660902525456,0.7404773558388267,0.9518076450118748,0.6866396977259172,0.6351660902525456,PCA,-0.051473607473371596,-0.051473607473371596,0.053837658112909526,0.2651679472859576,10,lpp,0.6728104166666665,-1.6127,4.9548,6h_SI5,6h,SI5,3h_SI3,3h,SI3,6.5675,lpp
N900_RS14310,0.1377420977072983,0.1274284467850273,0.2382898283175929,0.11239746726207425,0.1274284467850273,CP,0.015030979522953042,0.02534463044522406,0.015030979522953042,0.12589236105551865,10,ptrB,1.43388195,-0.054054,4.0928,3h_co,3h,co,3h_SI3,3h,SI3,4.146854,ptrB
N900_RS14315,0.16012396442359036,0.16561553190804693,0.2824333574619431,0.15947164164049768,0.16012396442359036,PCA,0.0006523227830926848,0.0006523227830926848,0.006143890267549246,0.12296171582144541,10,tonb,0.9279087500000001,-0.55172,4.0346,6h_st,6h,st,1h_SI1,1h,SI1,4.586320000000001,tonb
N900_RS14320,0.2272394295390034,0.4035230444398371,0.5245063970653968,0.29292201512530586,0.2272394295390034,PCA,-0.06568258558630247,-0.06568258558630247,0.11060102931453125,0.23158438194009096,10,N900_RS14320,0.8257651666666667,-0.64958,4.1765,6h_SI4,6h,SI4,3h_SI2,3h,SI2,4.82608,N900_RS14320
N900_RS14325,0.30114985462586547,0.32432082076137864,0.3927967042281658,0.2673338132667308,0.30114985462586547,PCA,0.033816041359134685,0.033816041359134685,0.05698700749464786,0.12546289096143504,10,N900_RS14325,0.9193572166666666,-0.51322,4.2215,24h_st,24h,st,3h_SI1,3h,SI1,4.734719999999999,N900_RS14325
N900_RS14330,0.3320022530409813,0.32302094824006766,0.48334488988156166,0.3095615822179514,0.32302094824006766,CP,0.013459366022116281,0.022440670823029918,0.013459366022116281,0.17378330766361028,10,hutR,0.8032932199999999,-0.50336,3.8902,1h_st,1h,st,12h_st,12h,st,4.39356,hutR
N900_RS14335,0.3762202520958181,0.3771326468050799,0.7112777384885456,0.43232340223400834,0.3762202520958181,PCA,-0.05610315013819023,-0.05610315013819023,-0.05519075542892843,0.27895433625453725,10,methyl-accepting chemotaxis protein_26,0.10606090166666667,-1.3379,3.6943,3h_SI8,3h,SI8,3h_SI3,3h,SI3,5.0322000000000005,methyl-accepting chemotaxis protein_26
N900_RS14340,0.2663030110458836,0.2829535439196762,0.4861451065133457,0.3762276155713726,0.2663030110458836,PCA,-0.10992460452548897,-0.10992460452548897,-0.09327407165169638,0.10991749094197312,10,pstS1_1,-0.09736410000000004,-2.3482,3.7203,3h_SI7,3h,SI7,3h_SI5,3h,SI5,6.0685,pstS1_1
N900_RS14345,0.1558201784286366,0.2772858468509015,0.5020615247610902,0.15502453294257976,0.1558201784286366,PCA,0.0007956454860568452,0.0007956454860568452,0.12226131390832176,0.34703699181851044,10,pstC,0.6769671666666668,-1.5202,4.96,24h_co,24h,co,3h_st,3h,st,6.4802,pstC
N900_RS14350,0.20317067359575897,0.25767232070405416,0.39672384441307007,0.22523590198888885,0.20317067359575897,PCA,-0.022065228393129882,-0.022065228393129882,0.03243641871516531,0.17148794242418122,10,pstA_2,-0.7363195333333333,-2.9854,3.1507,24h_st,24h,st,1h_ce,1h,ce,6.1361,pstA_2
N900_RS14355,0.4906392311539018,0.5768468225882657,0.8957465711869917,0.5865090506703451,0.4906392311539018,PCA,-0.0958698195164433,-0.0958698195164433,-0.009662228082079394,0.30923752051664666,10,phosphate ABC transporter ATP-binding protein,-0.12751176666666664,-2.0726,4.0821,12h_SI5,12h,SI5,3h_SI1,3h,SI1,6.1547,phosphate ABC transporter ATP-binding protein
N900_RS14360,0.2984089268233232,0.2472299950720086,0.4517939278464213,0.31644041303857195,0.2472299950720086,CP,-0.06921041796656335,-0.01803148621524875,-0.06921041796656335,0.13535351480784935,10,N900_RS14360,0.35831196166666673,-1.311,3.3667,12h_st,12h,st,3h_st,3h,st,4.6777,N900_RS14360
N900_RS14365,0.16857995666709558,0.21108997399065257,0.29951768559025793,0.19196115103720016,0.16857995666709558,PCA,-0.02338119437010458,-0.02338119437010458,0.019128822953452418,0.10755653455305778,10,molybdopterin-dependent oxidoreductase,1.2177329350000001,-0.37293,4.0644,1h_SI7,1h,SI7,3h_SI4,3h,SI4,4.43733,molybdopterin-dependent oxidoreductase
N900_RS14370,0.2601539805524694,0.2201454565483673,0.49302035508959857,0.28473929159631306,0.2201454565483673,CP,-0.06459383504794575,-0.02458531104384365,-0.06459383504794575,0.2082810634932855,10,N900_RS14370,0.39747275000000004,-1.4551,3.6045,6h_SI3,6h,SI3,3h_st,3h,st,5.0596,N900_RS14370
N900_RS14375,0.19740177380255133,0.22829095378923028,0.3405041490515902,0.20708088771483094,0.19740177380255133,PCA,-0.009679113912279602,-0.009679113912279602,0.021210066074399347,0.13342326133675927,10,dauA,1.0196664816666667,-0.18046,3.7145,1h_st,1h,st,12h_SI1,12h,SI1,3.89496,dauA
N900_RS14380,0.5797559129171339,0.6681723130096561,0.8331841729607833,0.5915386567593768,0.5797559129171339,PCA,-0.011782743842242871,-0.011782743842242871,0.07663365625027929,0.2416455162014065,10,"1,4-alpha-glucan-branching protein",0.25979,-0.94289,2.7666,12h_SI9,12h,SI9,3h_SI5,3h,SI5,3.7094899999999997,"1,4-alpha-glucan-branching protein"
N900_RS14385,0.2802103279438401,0.2484408901952043,0.5216748310367778,0.3310340959745487,0.2484408901952043,CP,-0.0825932057793444,-0.050823768030708594,-0.0825932057793444,0.19064073506222912,10,shyA_BLAST,0.4839061516666667,-1.3066,3.7838,12h_SI3,12h,SI3,3h_SI3,3h,SI3,5.0904,shyA_BLAST
N900_RS14390,0.30657449206122406,0.3208539808059659,0.6602639662237318,0.29968576884127995,0.30657449206122406,PCA,0.006888723219944104,0.006888723219944104,0.021168211964685935,0.3605781973824519,10,N900_RS14390,-0.2869692833333333,-1.5642,2.4019,12h_st,12h,st,3h_SI4,3h,SI4,3.9661,N900_RS14390
N900_RS14395,0.14939197795126888,0.14679627688754465,0.28769896112413423,0.1430237011644476,0.14679627688754465,CP,0.0037725757230970547,0.006368276786821281,0.0037725757230970547,0.14467525995968664,10,pgrR,1.13096449,-0.32257,4.5955,6h_st,6h,st,6h_SI2,6h,SI2,4.91807,pgrR
N900_RS14400,0.2467482143301833,0.2398787810183807,0.3143754285244971,0.2351484646284464,0.2398787810183807,CP,0.0047303163899342915,0.011599749701736883,0.0047303163899342915,0.07922696389605072,10,mdtL_2,1.4233319000000002,-0.099051,4.2219,1h_SI8,1h,SI8,24h_SI1,24h,SI1,4.320951,mdtL_2
N900_RS14405,0.39532148283801444,0.3801066922119137,0.8968258419376025,0.40620241135243274,0.3801066922119137,CP,-0.026095719140519058,-0.010880928514418298,-0.026095719140519058,0.4906234305851698,10,soxR,0.8360000499999999,-0.96073,5.2109,1h_SI6,1h,SI6,3h_SI2,3h,SI2,6.1716299999999995,soxR
N900_RS14410,0.2858746263959826,0.3411133123281574,0.4709270743376035,0.33595757636553875,0.2858746263959826,PCA,-0.050082949969556145,-0.050082949969556145,0.005155735962618646,0.13496949797206476,10,MFS transporter_3,0.5032763766666668,-1.0009,4.284,3h_ce,3h,ce,3h_st,3h,st,5.2848999999999995,MFS transporter_3
N900_RS14415,0.2461716495921322,0.3279061206648832,0.40163760315666114,0.22850786942468682,0.2461716495921322,PCA,0.01766378016744538,0.01766378016744538,0.09939825124019641,0.17312973373197432,10,N900_RS14415,1.1584876999999998,-1.0697,3.9942,3h_SI5,3h,SI5,6h_st,6h,st,5.0639,N900_RS14415
N900_RS14425,0.27267128011174663,0.37646304405167225,0.5860562982792797,0.15201393105956637,0.27267128011174663,PCA,0.12065734905218026,0.12065734905218026,0.22444911299210588,0.43404236721971334,10,gltP_2,1.0929080166666665,-0.17046,5.5217,1h_SI7,1h,SI7,6h_st,6h,st,5.69216,gltP_2
N900_RS14430,0.15780434236127563,0.2243006169680183,0.3597403932072465,0.12238360306475832,0.15780434236127563,PCA,0.03542073929651732,0.03542073929651732,0.10191701390326,0.23735679014248817,10,eamA_9,1.0731716316666668,-0.079083,4.1533,24h_SI6,24h,SI6,6h_SI4,6h,SI4,4.232383,eamA_9
N900_RS14435,0.17867719321904948,0.17946803523157623,0.425354443242713,0.21058026851433975,0.17867719321904948,PCA,-0.03190307529529027,-0.03190307529529027,-0.031112233282763524,0.21477417472837323,10,VC_A0091_BLAST,-0.10999609166666666,-1.416,4.011,3h_SI1,3h,SI1,3h_st,3h,st,5.427,VC_A0091_BLAST
N900_RS14440,0.3352567420002292,0.38437870446958844,0.5738819970267294,0.339150175047742,0.3352567420002292,PCA,-0.003893433047512773,-0.003893433047512773,0.045228529421846464,0.2347318219789874,10,triacylglycerol lipase,0.9176072800000001,-0.55092,4.0328,3h_SI1,3h,SI1,6h_ce,6h,ce,4.58372,triacylglycerol lipase
N900_RS14455,0.19362685741459232,0.23096892913261988,0.3123967735310114,0.18090429850109402,0.19362685741459232,PCA,0.0127225589134983,0.0127225589134983,0.05006463063152586,0.1314924750299174,10,N900_RS14455,1.1364730583333331,-0.32517,4.2464,1h_SI6,1h,SI6,6h_SI2,6h,SI2,4.57157,N900_RS14455
N900_RS14460,0.19496251724758465,0.1883206167558571,0.25026362661577034,0.19905153764839564,0.1883206167558571,CP,-0.010730920892538548,-0.004089020400810994,-0.010730920892538548,0.0512120889673747,10,N900_RS14460,1.63304785,-0.055464,4.5747,1h_SI6,1h,SI6,3h_SI1,3h,SI1,4.630164,N900_RS14460
N900_RS14465,0.5250111465759891,0.5384048451335556,0.6749714216329149,0.49255684809995703,0.5250111465759891,PCA,0.032454298476032095,0.032454298476032095,0.04584799703359854,0.18241457353295787,10,NUDIX hydrolase_1,0.07432992333333334,-1.4637,3.5777,24h_SI4,24h,SI4,3h_SI6,3h,SI6,5.0414,NUDIX hydrolase_1
N900_RS14470,0.46179613108363343,0.5243275152389657,0.6694736258314463,0.5306381954597501,0.46179613108363343,PCA,-0.06884206437611667,-0.06884206437611667,-0.006310680220784404,0.1388354303716962,10,pncB,0.7233546166666667,-1.042,3.6516,1h_co,1h,co,1h_SI1,1h,SI1,4.6936,pncB
N900_RS14475,0.10485732433897914,0.10232519628659138,0.2365914004017157,0.10619861850600451,0.10232519628659138,CP,-0.003873422219413128,-0.0013412941670253725,-0.003873422219413128,0.13039278189571119,10,ydgJ,0.7585031666666667,-0.89777,3.7676,6h_st,6h,st,3h_SI3,3h,SI3,4.665369999999999,ydgJ
N900_RS14480,0.20884157415733184,0.21803707848000917,0.29478381069722287,0.1803220361873767,0.20884157415733184,PCA,0.028519537969955155,0.028519537969955155,0.03771504229263248,0.11446177450984618,10,phage shock protein E,1.328314295,-0.16801,5.0278,1h_SI8,1h,SI8,12h_SI2,12h,SI2,5.19581,phage shock protein E
N900_RS14485,0.13728960660892547,0.18580472948460622,0.29484294956218665,0.12779768564242147,0.13728960660892547,PCA,0.009491920966504003,0.009491920966504003,0.05800704384218475,0.16704526391976518,10,N900_RS14485,1.3514239333333333,-0.12221,4.0661,1h_SI6,1h,SI6,12h_SI1,12h,SI1,4.1883099999999995,N900_RS14485
N900_RS14490,0.402880962789248,0.3687393479999607,0.6979157844652647,0.27200529896983644,0.3687393479999607,CP,0.09673404903012428,0.13087566381941157,0.09673404903012428,0.42591048549542826,10,HAD family phosphatase,0.6066659499999999,-1.021,4.004,6h_SI3,6h,SI3,3h_st,3h,st,5.0249999999999995,HAD family phosphatase
N900_RS14495,0.33313913022563013,0.32738065451318915,0.6985114588970354,0.32630390105265483,0.32738065451318915,CP,0.0010767534605343188,0.006835229172975299,0.0010767534605343188,0.37220755784438053,10,SulP family inorganic anion transporter_2,0.6758324533333334,-0.631,3.4462,6h_co,6h,co,6h_st,6h,st,4.0772,SulP family inorganic anion transporter_2
N900_RS14500,0.23344068902953444,0.15114767837956544,0.5271467306329204,0.1929760351771014,0.15114767837956544,CP,-0.041828356797535965,0.04046465385243303,-0.041828356797535965,0.334170695455819,10,RluA family pseudouridine synthase,0.7282484348333333,-0.81402,2.9619,3h_SI3,3h,SI3,6h_st,6h,st,3.77592,RluA family pseudouridine synthase
N900_RS14505,0.3427082695801124,0.35304467587139665,0.48532661238724056,0.3443093724853718,0.3427082695801124,PCA,-0.0016011029052593884,-0.0016011029052593884,0.00873530338602485,0.14101723990186876,10,type VI secretion system PAAR protein_2,0.8331022499999997,-0.51853,3.3498,3h_st,3h,st,3h_SI2,3h,SI2,3.8683300000000003,type VI secretion system PAAR protein_2
N900_RS14510,0.2810693655303826,0.3825301232252486,0.6982940574193491,0.27414015219114496,0.2810693655303826,PCA,0.006929213339237628,0.006929213339237628,0.10838997103410364,0.4241539052282042,10,N900_RS14510,1.0286589099999999,-0.45981,4.7643,3h_SI3,3h,SI3,6h_st,6h,st,5.2241100000000005,N900_RS14510
N900_RS14515,0.6389623809891976,0.5646534702625291,0.74146097627466,0.6329674656330001,0.5646534702625291,CP,-0.068313995370471,0.00599491535619745,-0.068313995370471,0.10849351064165991,10,tssB,-0.06134811666666665,-1.6234,2.6234,12h_SI2,12h,SI2,6h_SI3,6h,SI3,4.2468,tssB
N900_RS14520,0.33029953917849053,0.26615313017810216,0.5938439752656504,0.3682686363970561,0.26615313017810216,CP,-0.10211550621895393,-0.03796909721856556,-0.10211550621895393,0.22557533886859427,10,tssC,1.0157486166666667,-0.40848,4.101,3h_SI3,3h,SI3,3h_SI2,3h,SI2,4.50948,tssC
N900_RS14525,0.5973332555967324,0.7026690814364192,0.8705740527650896,0.4397427910780811,0.5973332555967324,PCA,0.15759046451865133,0.15759046451865133,0.26292629035833803,0.43083126168700847,10,tssE,0.7856473333333334,-1.6346,6.3144,3h_SI6,3h,SI6,6h_ce,6h,ce,7.949,tssE
N900_RS14530,0.42084402418464995,0.3928033870541104,0.6197180871345297,0.3755097733827046,0.3928033870541104,CP,0.017293613671405805,0.045334250801945364,0.017293613671405805,0.2442083137518251,10,tssF,0.6000147499999999,-0.90889,5.7526,6h_SI7,6h,SI7,6h_st,6h,st,6.661490000000001,tssF
N900_RS14535,0.31460222087740275,0.3288194881175496,0.5052115541682416,0.3304909937856275,0.31460222087740275,PCA,-0.01588877290822477,-0.01588877290822477,-0.0016715056680779439,0.17472056038261408,10,tssG,0.8065484500000001,-0.7013,4.1828,6h_ce,6h,ce,6h_SI3,6h,SI3,4.8841,tssG
N900_RS14540,0.19726415234964453,0.2200827058430529,0.30840084873699924,0.1937663865923345,0.19726415234964453,PCA,0.003497765757310034,0.003497765757310034,0.026316319250718395,0.11463446214466474,10,tagH,0.8445806916666666,-0.33497,3.9672,24h_ce,24h,ce,3h_SI2,3h,SI2,4.30217,tagH
N900_RS14545,0.24271933260614303,0.2587541915798279,0.4234675050130919,0.28505114458451125,0.24271933260614303,PCA,-0.04233181197836822,-0.04233181197836822,-0.026296953004683377,0.13841636042858063,10,tssJ,1.53965285,-0.58724,4.3562,3h_SI9,3h,SI9,3h_SI6,3h,SI6,4.943440000000001,tssJ
N900_RS14550,0.5092059254593817,0.5109324873912929,0.671255908468681,0.45956849194832716,0.5092059254593817,PCA,0.04963743351105454,0.04963743351105454,0.05136399544296577,0.21168741652035383,10,tssK,0.6180601833333335,-1.1407,4.016,6h_st,6h,st,1h_SI1,1h,SI1,5.1567,tssK
N900_RS14555,0.47572837131579776,0.5984162391254145,0.7016514039140619,0.5282072637742162,0.47572837131579776,PCA,-0.05247889245841847,-0.05247889245841847,0.0702089753511983,0.17344414013984566,10,vasF,0.3530161666666667,-1.4007,4.1331,12h_SI2,12h,SI2,6h_SI2,6h,SI2,5.533799999999999,vasF
N900_RS14560,0.14178017410851143,0.12770877423904833,0.3288331267462604,0.14824647244774086,0.12770877423904833,CP,-0.02053769820869253,-0.0064662983392294315,-0.02053769820869253,0.18058665429851956,10,tssH,0.9200113366666667,-0.3958,3.6136,6h_st,6h,st,3h_SI5,3h,SI5,4.0094,tssH
N900_RS14565,0.29147412904923603,0.3075363350375905,0.6522573268051918,0.32644638933608167,0.29147412904923603,PCA,-0.034972260286845636,-0.034972260286845636,-0.018910054298491186,0.3258109374691101,10,vasH,0.6813372166666667,-0.62938,3.8638,3h_SI5,3h,SI5,3h_SI3,3h,SI3,4.49318,vasH
N900_RS14570,0.13367787039158446,0.1142786400867107,0.22858825910967745,0.09830782934641995,0.1142786400867107,CP,0.015970810740290747,0.035370041045164516,0.015970810740290747,0.1302804297632575,10,tagO,1.0331540333333333,-0.47112,3.5782,12h_st,12h,st,3h_SI5,3h,SI5,4.04932,tagO
N900_RS14575,0.17899623066650663,0.18120039023234125,0.3436164381321951,0.18875847477973826,0.17899623066650663,PCA,-0.009762244113231622,-0.009762244113231622,-0.007558084547397009,0.15485796335245686,10,tssA,0.6942221333333334,-1.1237,3.5923,6h_st,6h,st,3h_SI2,3h,SI2,4.715999999999999,tssA
N900_RS14580,0.20720760568859573,0.2632015203203499,0.4304304576980535,0.20538534293303487,0.20720760568859573,PCA,0.001822262755560855,0.001822262755560855,0.05781617738731501,0.22504511476501862,10,tssM,0.7569246966666667,-0.77626,4.4856,6h_st,6h,st,3h_SI4,3h,SI4,5.2618599999999995,tssM
N900_RS14585,0.21320295606813205,0.20699346379265668,0.4193462586754108,0.2352096774681498,0.20699346379265668,CP,-0.028216213675493124,-0.022006721400017748,-0.028216213675493124,0.184136581207261,10,vasL,1.0723734999999999,-0.64779,3.6615,3h_SI1,3h,SI1,12h_SI2,12h,SI2,4.30929,vasL
N900_RS14590,0.5164525357494749,0.5113282328554367,0.5998663011315348,0.22116790274576908,0.5113282328554367,CP,0.29016033010966763,0.29528463300370583,0.29016033010966763,0.37869839838576574,10,N900_RS14590,1.5880306666666668,-0.23061,5.43,1h_ce,1h,ce,1h_st,1h,st,5.66061,N900_RS14590
N900_RS14595,0.4677084332894203,0.501158284490687,0.7244527217985218,0.42911032288311873,0.4677084332894203,PCA,0.03859811040630157,0.03859811040630157,0.07204796160756827,0.2953423989154031,10,tssI_2,-0.4572842166666667,-2.1247,2.1407,6h_SI3,6h,SI3,3h_SI1,3h,SI1,4.2654,tssI_2
N900_RS14600,0.4615288906534209,0.46898538985997207,0.7057785146159898,0.49194137820836925,0.4615288906534209,PCA,-0.030412487554948353,-0.030412487554948353,-0.022955988348397183,0.2138371364076206,10,tsiV3,2.4871110000000005,-0.72289,7.6174,1h_SI6,1h,SI6,6h_SI2,6h,SI2,8.34029,tsiV3
N900_RS14605,0.25619978437222923,0.31628667164398777,0.6341699592672893,0.272345807774788,0.25619978437222923,PCA,-0.016146023402558773,-0.016146023402558773,0.043940863869199764,0.36182415149250124,10,N900_RS14605,0.8576984833333332,-0.71698,3.9082,3h_co,3h,co,6h_SI2,6h,SI2,4.62518,N900_RS14605
N900_RS14615,0.36911474265461364,0.3357626733448578,0.4939112639740708,0.3985769221874459,0.3357626733448578,CP,-0.06281424884258807,-0.029462179532832256,-0.06281424884258807,0.09533434178662492,10,rbsD,0.7879328500000001,-0.92322,5.5236,12h_SI8,12h,SI8,6h_SI1,6h,SI1,6.44682,rbsD
N900_RS14620,0.3541144668125764,0.4537665043824439,0.7409153150590007,0.33053788644837045,0.3541144668125764,PCA,0.023576580364205957,0.023576580364205957,0.12322861793407347,0.4103774286106302,10,rbsA,1.08865304,-0.7503,4.4801,12h_st,12h,st,6h_SI3,6h,SI3,5.2304,rbsA
N900_RS14625,0.22750391577278922,0.2903659656425846,0.502603673895784,0.25998192975803724,0.22750391577278922,PCA,-0.03247801398524802,-0.03247801398524802,0.030384035884547356,0.24262174413774673,10,rbsC,0.6735404050000001,-1.0134,4.7812,12h_SI5,12h,SI5,6h_SI2,6h,SI2,5.7946,rbsC
N900_RS14630,0.5013662550920315,0.5255173363083032,0.6771476529869663,0.42534784382595525,0.5013662550920315,PCA,0.07601841126607622,0.07601841126607622,0.10016949248234797,0.2517998091610111,10,rbsB,1.2846966666666666,-0.88694,5.4425,1h_SI9,1h,SI9,6h_SI4,6h,SI4,6.32944,rbsB
N900_RS14635,0.2863513608758119,0.31940702488786876,0.5406198829780031,0.25415873082529383,0.2863513608758119,PCA,0.03219263005051809,0.03219263005051809,0.06524829406257493,0.2864611521527093,10,rbsK,1.1860945200000004,-0.15649,5.0401,1h_SI8,1h,SI8,6h_st,6h,st,5.19659,rbsK
N900_RS14640,0.6934692023697122,0.6989764275638038,0.8400280071127249,0.696899156349976,0.6934692023697122,PCA,-0.0034299539802638,-0.0034299539802638,0.002077271213827836,0.14312885076274884,10,laci_2,0.16181638333333334,-3.3489,3.8229,6h_SI8,6h,SI8,3h_SI4,3h,SI4,7.1718,laci_2
N900_RS14645,0.21987097817346551,0.21787616837634305,0.36600692031080656,0.21135818144529142,0.21787616837634305,CP,0.006517986931051628,0.008512796728174093,0.006517986931051628,0.15464873886551514,10,pnuC,0.5002800000000001,-0.88914,3.6043,3h_st,3h,st,6h_SI2,6h,SI2,4.49344,pnuC
N900_RS14650,0.08991205014840117,0.11052614804384811,0.25952491823494545,0.11623014237059445,0.08991205014840117,PCA,-0.02631809222219328,-0.02631809222219328,-0.005703994326746342,0.143294775864351,10,Nicotinamide riboside transporter PnuC_BLAST,1.5683465833333334,-2.2388,5.8015,1h_SI5,1h,SI5,3h_st,3h,st,8.0403,Nicotinamide riboside transporter PnuC_BLAST
N900_RS14655,0.46100034882358343,0.35368046003673925,0.6253240415506636,0.44939247466257615,0.35368046003673925,CP,-0.0957120146258369,0.011607874161007281,-0.0957120146258369,0.17593156688808742,10,udp_2,1.0243475499999999,-0.73228,3.5275,6h_SI2,6h,SI2,3h_st,3h,st,4.25978,udp_2
N900_RS14660,0.2622621841361055,0.36520387297148954,0.4997179906567983,0.21282339414072718,0.2622621841361055,PCA,0.049438789995378346,0.049438789995378346,0.15238047883076236,0.2868945965160711,10,Crp/Fnr family transcriptional regulator_2,0.24560546000000003,-1.7513,2.8914,6h_SI3,6h,SI3,12h_SI1,12h,SI1,4.6427,Crp/Fnr family transcriptional regulator_2
N900_RS14665,0.17455438205430024,0.1849345872369568,0.2895758466281489,0.1402610122337058,0.17455438205430024,PCA,0.034293369820594444,0.034293369820594444,0.044673575003251004,0.1493148343944431,10,glpQ,1.2012939833333336,-0.33113,3.4352,3h_st,3h,st,3h_SI3,3h,SI3,3.76633,glpQ
N900_RS14670,0.3275593774444167,0.32158490742062434,0.4660841416853962,0.3485781258291123,0.32158490742062434,CP,-0.02699321840848795,-0.021018748384695585,-0.02699321840848795,0.1175060158562839,10,glpT,1.7716666833333337,-0.2352,5.2169,1h_SI9,1h,SI9,24h_SI1,24h,SI1,5.4521,glpT
N900_RS14675,0.24687882363800587,0.2626685484893466,0.656206616545385,0.2213509106589236,0.24687882363800587,PCA,0.025527912979082273,0.025527912979082273,0.041317637830423026,0.43485570588646144,10,N900_RS14675,1.179211736666667,-0.31504,5.1778,3h_co,3h,co,6h_st,6h,st,5.49284,N900_RS14675
N900_RS14680,0.29135255973622,0.36617367121184596,0.5582015633716899,0.25249329386874314,0.29135255973622,PCA,0.038859265867476844,0.038859265867476844,0.11368037734310282,0.3057082695029468,10,spindolin,1.0198445999999999,-0.4481,3.6802,3h_SI1,3h,SI1,3h_SI3,3h,SI3,4.1283,spindolin
N900_RS14685,0.28841191139981476,0.29450135776357445,0.4380864900008581,0.2872259560939648,0.28841191139981476,PCA,0.0011859553058499728,0.0011859553058499728,0.00727540166960966,0.1508605339068933,10,sensor histidine kinase_4,0.8288762466666667,-1.1174,4.2843,6h_SI1,6h,SI1,12h_SI3,12h,SI3,5.4017,sensor histidine kinase_4
N900_RS14690,0.0860854013007004,0.12317589554994514,0.39563140304538236,0.1482344739489882,0.0860854013007004,PCA,-0.0621490726482878,-0.0621490726482878,-0.02505857839904306,0.24739692909639416,10,dctD_2,0.5789646349999998,-0.85378,5.0611,6h_st,6h,st,3h_SI3,3h,SI3,5.91488,dctD_2
N900_RS14700,0.2297223746790008,0.3021609171186712,0.4586418675274796,0.1816582148969534,0.2297223746790008,PCA,0.048064159782047394,0.048064159782047394,0.1205027022217178,0.27698365263052616,10,C4-dicarboxylate ABC transporter substrate-binding protein_2,0.41813456666666676,-0.89993,4.8013,1h_st,1h,st,3h_SI4,3h,SI4,5.701230000000001,C4-dicarboxylate ABC transporter substrate-binding protein_2
N900_RS14705,0.35531623173316784,0.5138077440240499,0.7476940099175866,0.430137984329714,0.35531623173316784,PCA,-0.07482175259654616,-0.07482175259654616,0.08366975969433593,0.3175560255878726,10,dctM_2,0.2464661833333333,-1.0563,4.0435,24h_st,24h,st,3h_SI2,3h,SI2,5.0998,dctM_2
N900_RS14710,0.3736416571535443,0.3641197569441166,0.6033550953086998,0.2974009344423385,0.3641197569441166,CP,0.06671882250177807,0.0762407227112058,0.06671882250177807,0.3059541608663613,10,lhgO,0.9118612683333336,-0.65955,4.2693,6h_SI1,6h,SI1,3h_SI3,3h,SI3,4.928850000000001,lhgO
N900_RS14715,0.18628196141619904,0.3093405998685893,0.5141517370756008,0.2556388574048169,0.18628196141619904,PCA,-0.06935689598861786,-0.06935689598861786,0.053701742463772406,0.2585128796707839,10,peptidase M66,0.29567737833333335,-1.1244,3.2812,3h_SI1,3h,SI1,12h_SI1,12h,SI1,4.4056,peptidase M66
N900_RS14720,0.18045748417624707,0.25073900753077216,0.37503521634387854,0.1792563155709801,0.18045748417624707,PCA,0.0012011686052669779,0.0012011686052669779,0.07148269195979207,0.19577890077289845,10,def2,1.5265720500000002,-0.42556,5.3288,1h_SI8,1h,SI8,3h_st,3h,st,5.75436,def2
N900_RS14725,0.13613237425101454,0.13171901265336974,0.22900285223315425,0.14586698874912943,0.13171901265336974,CP,-0.014147976095759685,-0.009734614498114885,-0.014147976095759685,0.08313586348402482,10,oxidoreductase,1.153730326666667,-0.45255,3.6931,1h_st,1h,st,3h_SI2,3h,SI2,4.14565,oxidoreductase
N900_RS14730,0.1674196435036889,0.17377886546962087,0.2833581990731116,0.2098079090801622,0.1674196435036889,PCA,-0.042388265576473294,-0.042388265576473294,-0.03602904361054132,0.07355028999294941,10,mrpG,1.275571816666667,-0.39763,4.2197,1h_SI7,1h,SI7,3h_SI1,3h,SI1,4.61733,mrpG
N900_RS14735,0.6779306974623084,0.6444102216692738,0.7545593283319569,0.6086835830046531,0.6444102216692738,CP,0.03572663866462067,0.0692471144576553,0.03572663866462067,0.14587574532730385,10,cation:proton antiporter,0.7567654833333334,-0.54218,5.244,24h_SI3,24h,SI3,6h_SI3,6h,SI3,5.78618,cation:proton antiporter
N900_RS14740,0.7984835416925848,0.7324176413242587,0.9737947144396812,0.7242802602144578,0.7324176413242587,CP,0.00813738110980089,0.07420328147812705,0.00813738110980089,0.24951445422522345,10,mrpE,-0.32300234999999994,-1.8152,2.1712,3h_SI6,3h,SI6,12h_SI3,12h,SI3,3.9863999999999997,mrpE
N900_RS14745,0.3799189761030449,0.5104388655446358,0.5548934879816098,0.40920190488352615,0.3799189761030449,PCA,-0.02928292878048122,-0.02928292878048122,0.10123696066110965,0.1456915830980836,10,mnhD,0.36043955833333335,-0.86445,3.0292,24h_SI1,24h,SI1,3h_SI4,3h,SI4,3.89365,mnhD
N900_RS14750,0.2389201750606214,0.24090235781263603,0.6425839725254592,0.19359203661052843,0.2389201750606214,PCA,0.04532813845009298,0.04532813845009298,0.0473103212021076,0.44899193591493075,10,mrpC,0.6532479050000001,-1.0686,3.7601,3h_SI2,3h,SI2,1h_ce,1h,ce,4.8286999999999995,mrpC
N900_RS14755,0.22189488192631684,0.22388637991322924,0.33566258021704176,0.19877269008469609,0.22189488192631684,PCA,0.02312219184162076,0.02312219184162076,0.025113689828533153,0.13688989013234568,10,mrpA,0.7008406166666667,-0.50543,3.3469,1h_st,1h,st,3h_SI1,3h,SI1,3.8523300000000003,mrpA
N900_RS14760,0.7476381421497351,0.6398787291116531,0.831788721811433,0.6061182922295759,0.6398787291116531,CP,0.033760436882077194,0.1415198499201592,0.033760436882077194,0.22567042958185712,10,N900_RS14760,-1.2850110999999997,-4.6618,1.5573,6h_SI6,6h,SI6,12h_SI3,12h,SI3,6.2191,N900_RS14760
N900_RS14765,0.2367885012550011,0.21171610835170443,0.43562670656676683,0.27174554799947553,0.21171610835170443,CP,-0.060029439647771105,-0.034957046744474446,-0.060029439647771105,0.1638811585672913,10,uspA_2,0.7727559999999999,-1.0223,4.457,6h_ce,6h,ce,6h_st,6h,st,5.4793,uspA_2
N900_RS14770,0.16967797564158513,0.19702527442534493,0.35556156159925434,0.1394501167707999,0.16967797564158513,PCA,0.030227858870785218,0.030227858870785218,0.05757515765454502,0.21611144482845443,10,tryptophan-specific transporter,1.1096724500000001,-0.29149,3.7705,12h_st,12h,st,3h_SI4,3h,SI4,4.06199,tryptophan-specific transporter
N900_RS14775,0.5378770246210391,0.6261431790437478,0.7685947988622928,0.5845769317112338,0.5378770246210391,PCA,-0.04669990709019467,-0.04669990709019467,0.04156624733251402,0.18401786715105894,10,tnaA,0.6650317283333333,-1.2507,3.6123,3h_SI8,3h,SI8,3h_SI5,3h,SI5,4.8629999999999995,tnaA
N900_RS14785,0.5589898299274481,0.5822576934058833,0.7738870597778081,0.6160186752046483,0.5589898299274481,PCA,-0.0570288452772002,-0.0570288452772002,-0.033760981798764966,0.15786838457315988,10,ypeB_BLAST,0.24818010000000001,-1.3015,4.0371,3h_SI8,3h,SI8,3h_SI1,3h,SI1,5.3386,ypeB_BLAST
N900_RS14795,0.16233928200324835,0.1661130298300645,0.28566427187959487,0.1370812958685379,0.16233928200324835,PCA,0.025257986134710447,0.025257986134710447,0.029031733961526612,0.14858297601105697,10,N900_RS14795,0.9819790816666666,-0.39845,3.5246,1h_SI7,1h,SI7,3h_st,3h,st,3.92305,N900_RS14795
N900_RS14800,0.6539426362477766,0.743154276681082,0.7621039580170366,0.5905955768465617,0.6539426362477766,PCA,0.06334705940121488,0.06334705940121488,0.1525586998345203,0.17150838117047484,10,cspV_1,0.6819019683333334,-1.1909,4.1774,1h_co,1h,co,6h_SI5,6h,SI5,5.3683,cspV_1
N900_RS14805,0.1841166197771195,0.20858137882291874,0.27051881287255314,0.16213024190020767,0.1841166197771195,PCA,0.021986377876911822,0.021986377876911822,0.04645113692271108,0.10838857097234547,10,N900_RS14805,0.9900946616666666,-0.49914,4.3301,12h_SI6,12h,SI6,3h_SI1,3h,SI1,4.8292399999999995,N900_RS14805
N900_RS14810,0.2636136733601174,0.24249806357086195,0.3930465233501578,0.223279259446477,0.24249806357086195,CP,0.019218804124384953,0.04033441391364037,0.019218804124384953,0.16976726390368077,10,batD,1.0372278024500001,-0.36439,3.484,3h_co,3h,co,3h_SI1,3h,SI1,3.84839,batD
N900_RS14815,0.32015480430844134,0.25512741027982766,0.4475382323408759,0.2795443470881194,0.25512741027982766,CP,-0.024416936808291767,0.040610457220321916,-0.024416936808291767,0.1679938852527565,10,N900_RS14815,0.33510036666666665,-1.5612,2.8791,6h_SI1,6h,SI1,3h_SI5,3h,SI5,4.440300000000001,N900_RS14815
N900_RS14820,0.19310448444858203,0.19178592584708198,0.3130926014836798,0.11086671956785006,0.19178592584708198,CP,0.08091920627923192,0.08223776488073196,0.08091920627923192,0.20222588191582974,10,N900_RS14820,1.0241935116666665,-0.4809,3.887,1h_st,1h,st,3h_SI1,3h,SI1,4.3679,N900_RS14820
N900_RS14825,0.49092854564458543,0.507060060854672,0.6747728949337961,0.447410408715155,0.49092854564458543,PCA,0.04351813692943046,0.04351813692943046,0.05964965213951706,0.22736248621864114,10,N900_RS14825,0.010192378333333318,-1.641,4.3978,24h_SI1,24h,SI1,6h_SI1,6h,SI1,6.0388,N900_RS14825
N900_RS14830,0.38980774251929,0.394208195604071,0.49943372715229867,0.3045612521763931,0.38980774251929,PCA,0.08524649034289689,0.08524649034289689,0.08964694342767787,0.19487247497590554,10,N900_RS14830,1.3133903625,-0.15197,4.2133,1h_SI9,1h,SI9,1h_st,1h,st,4.365270000000001,N900_RS14830
N900_RS14835,0.39217906734123914,0.32794788082362264,0.5627739517839722,0.18912869676972174,0.32794788082362264,CP,0.1388191840539009,0.2030503705715174,0.1388191840539009,0.3736452550142504,10,MoxR family ATPase,0.7368048383333334,-0.75366,3.204,6h_st,6h,st,12h_SI4,12h,SI4,3.95766,MoxR family ATPase
N900_RS14840,0.14405806436758864,0.14751909510783348,0.23996724458392873,0.1324531063260547,0.14405806436758864,PCA,0.011604958041533942,0.011604958041533942,0.015065988781778783,0.10751413825787404,10,methyl-accepting chemotaxis protein_20,1.6516783833333337,-0.30857,5.037,1h_SI6,1h,SI6,6h_SI1,6h,SI1,5.34557,methyl-accepting chemotaxis protein_20
N900_RS14845,0.2921160620615154,0.32925468451458334,0.688301659789275,0.25669540497376087,0.2921160620615154,PCA,0.03542065708775455,0.03542065708775455,0.07255927954082247,0.4316062548155142,10,chromosome segregation ATPase_2,0.44671156666666667,-1.1859,2.9725,3h_SI1,3h,SI1,6h_st,6h,st,4.1584,chromosome segregation ATPase_2
N900_RS14850,0.13832220423585226,0.14967931080560293,0.2512319137857005,0.11112598846091305,0.13832220423585226,PCA,0.027196215774939206,0.027196215774939206,0.038553322344689875,0.14010592532478744,10,frnE protein,1.1155926266666667,-0.75901,4.4755,1h_SI4,1h,SI4,3h_SI3,3h,SI3,5.23451,frnE protein
N900_RS14855,0.29595225675429354,0.2854985058479518,0.5017378030476756,0.28117988898456225,0.2854985058479518,CP,0.004318616863389524,0.014772367769731287,0.004318616863389524,0.22055791406311331,10,psuT,0.4617115500000001,-0.9648,3.3837,1h_ce,1h,ce,6h_SI4,6h,SI4,4.3485000000000005,psuT
N900_RS14860,0.1918653624505721,0.19533169638737705,0.43112100630267236,0.1678327480567715,0.1918653624505721,PCA,0.024032614393800583,0.024032614393800583,0.027498948330605538,0.26328825824590085,10,pepT,0.9717282,-0.9055,3.5006,12h_st,12h,st,3h_SI5,3h,SI5,4.4061,pepT
N900_RS14865,0.1946978077478583,0.17305030209858033,0.36404391353607213,0.17629014053791267,0.17305030209858033,CP,-0.003239838439332343,0.018407667209945633,-0.003239838439332343,0.18775377299815946,10,mscS_2,1.0473618333333332,-0.12769,3.9044,12h_st,12h,st,3h_SI2,3h,SI2,4.03209,mscS_2
N900_RS14870,0.5021642994018825,0.5083500899595278,0.5685137276589581,0.4981285363214972,0.5021642994018825,PCA,0.0040357630803852795,0.0040357630803852795,0.010221553638030623,0.07038519133746096,10,norR,0.9653880666666667,-0.82117,3.6888,1h_ce,1h,ce,12h_st,12h,st,4.50997,norR
N900_RS14875,0.17757441243805347,0.17314457419335175,0.26454838224090466,0.14895821970896758,0.17314457419335175,CP,0.024186354484384165,0.028616192729085888,0.024186354484384165,0.11559016253193707,10,hmpA,0.8405361766666667,-0.64206,3.6934,1h_st,1h,st,3h_SI2,3h,SI2,4.33546,hmpA
N900_RS14885,0.38195979592838275,0.3811040428377929,0.8204571262319025,0.36815592039217365,0.3811040428377929,CP,0.01294812244561927,0.013803875536209098,0.01294812244561927,0.4523012058397288,10,arfA,0.8576631833333335,-1.2438,5.3348,12h_SI1,12h,SI1,3h_SI1,3h,SI1,6.578600000000001,arfA
N900_RS14890,0.5532794744785207,0.556983536352226,0.8036066692359377,0.5415364949154281,0.5532794744785207,PCA,0.01174297956309256,0.01174297956309256,0.01544704143679787,0.2620701743205096,10,N900_RS14890,0.8366531266666667,-1.8851,4.7062,6h_SI7,6h,SI7,12h_SI1,12h,SI1,6.5913,N900_RS14890
N900_RS14895,0.363467825014332,0.3493940495934745,0.41050857518039385,0.3273453905731853,0.3493940495934745,CP,0.022048659020289185,0.03612243444114671,0.022048659020289185,0.08316318460720856,10,N900_RS14895,1.0556755666666666,-0.48375,4.7246,1h_SI6,1h,SI6,3h_st,3h,st,5.208349999999999,N900_RS14895
N900_RS14900,0.10164730228360835,0.12553606145081203,0.1736236801545918,0.07663094141432007,0.10164730228360835,PCA,0.02501636086928828,0.02501636086928828,0.04890512003649196,0.09699273874027171,10,rcsC_9,1.5730232666666668,-0.30345,4.2218,1h_SI6,1h,SI6,6h_st,6h,st,4.52525,rcsC_9
N900_RS14905,0.2591308611660396,0.2568367473168128,0.5882463845752632,0.22495719323473956,0.2568367473168128,CP,0.031879554082073214,0.034173667931300056,0.031879554082073214,0.3632891913405237,10,N900_RS14905,0.22359617349999997,-1.5333,4.7713,12h_SI2,12h,SI2,6h_st,6h,st,6.304600000000001,N900_RS14905
N900_RS14910,0.1825583957976416,0.18498062674202026,0.3362007745010423,0.19161908440787723,0.1825583957976416,PCA,-0.009060688610235623,-0.009060688610235623,-0.006638457665856967,0.14458169009316507,10,NAD(P)H-hydrate dehydratase,0.30185363333333337,-1.202,3.0418,6h_st,6h,st,3h_SI3,3h,SI3,4.2438,NAD(P)H-hydrate dehydratase
N900_RS14915,0.39828186817787337,0.404822336224882,0.6510587837411593,0.4208316020446376,0.39828186817787337,PCA,-0.022549733866764232,-0.022549733866764232,-0.01600926581975559,0.23022718169652173,10,ldhA,0.1350595366666667,-1.7158,2.8087,6h_SI3,6h,SI3,3h_SI4,3h,SI4,4.5245,ldhA
N900_RS14920,0.18640896593002573,0.1774053112714202,0.32417994626359636,0.16954783198662157,0.1774053112714202,CP,0.00785747928479863,0.01686113394340416,0.00785747928479863,0.1546321142769748,10,"Na+/H+ antiporter, putative",0.8517912416666668,-0.54341,3.7246,1h_st,1h,st,3h_SI5,3h,SI5,4.26801,"Na+/H+ antiporter, putative"
N900_RS14925,0.33133986243106583,0.3799704395926804,0.666842433258385,0.32591944769368897,0.33133986243106583,PCA,0.005420414737376866,0.005420414737376866,0.05405099189899143,0.340922985564696,10,potassium channel protein,0.379093905,-1.029,3.0126,3h_SI4,3h,SI4,3h_SI5,3h,SI5,4.0416,potassium channel protein
N900_RS14930,0.1868501877501104,0.13714910422301668,0.2685180535880425,0.1612137977996487,0.13714910422301668,CP,-0.024064693576632018,0.02563638995046169,-0.024064693576632018,0.10730425578839378,10,N900_RS14930,0.523956045,-1.0733,3.1352,3h_SI9,3h,SI9,3h_SI1,3h,SI1,4.2085,N900_RS14930
N900_RS14935,0.4156509600878291,0.5061751243147324,0.7353962144837555,0.389818131684516,0.4156509600878291,PCA,0.02583282840331308,0.02583282840331308,0.11635699263021643,0.34557808279923946,10,N900_RS14935,-0.5307166666666666,-3.3628,3.168,6h_co,6h,co,3h_SI5,3h,SI5,6.5308,N900_RS14935
N900_RS14940,0.3505736471993371,0.5177081163914943,0.6432996567046517,0.46563471335862416,0.3505736471993371,PCA,-0.11506106615928707,-0.11506106615928707,0.052073403032870114,0.17766494334602756,10,guaC,0.6495650883333333,-0.93003,3.6756,12h_SI1,12h,SI1,6h_SI2,6h,SI2,4.605630000000001,guaC
N900_RS14945,0.32347128065550684,0.29037469153386725,0.44210188553833624,0.21760656425277553,0.29037469153386725,CP,0.07276812728109172,0.10586471640273132,0.07276812728109172,0.2244953212855607,10,DNA cytosine methyltransferase,-2.1396211666666667,-5.1845,2.9562,12h_SI5,12h,SI5,1h_st,1h,st,8.140699999999999,DNA cytosine methyltransferase
N900_RS14950,0.5348649842903206,0.4760240414709845,0.865862908195303,0.4696255315763464,0.4760240414709845,CP,0.0063985098946380825,0.06523945271397419,0.0063985098946380825,0.3962373766189566,10,N900_RS14950,-0.8942275,-4.3659,4.1423,6h_SI6,6h,SI6,3h_SI1,3h,SI1,8.508199999999999,N900_RS14950
N900_RS14955,0.24497914502816745,0.4219758603714843,0.7159922132479456,0.34521362261824534,0.24497914502816745,PCA,-0.10023447759007789,-0.10023447759007789,0.07676223775323898,0.37077859062970026,10,N900_RS14955,-0.06139515166666667,-1.4675,4.1407,3h_SI3,3h,SI3,6h_SI2,6h,SI2,5.6082,N900_RS14955
N900_RS14960,0.6132689274470279,0.6868717275243277,0.7595399816339234,0.6398894309711098,0.6132689274470279,PCA,-0.026620503524081962,-0.026620503524081962,0.04698229655321784,0.1196505506628136,10,N900_RS14960,0.08170961666666665,-1.6726,2.876,6h_SI2,6h,SI2,1h_co,1h,co,4.5486,N900_RS14960
N900_RS14970,0.30204990698815054,0.40701997349554814,0.5308308076026056,0.30115257547163243,0.30204990698815054,PCA,0.0008973315165181073,0.0008973315165181073,0.1058673980239157,0.22967823213097316,10,rhlE_2,1.1808766166666667,-0.97576,4.5797,1h_ce,1h,ce,3h_SI4,3h,SI4,5.55546,rhlE_2
N900_RS14975,0.7596453843224279,0.6999717367555633,0.7900832380509434,0.7213105932458539,0.6999717367555633,CP,-0.021338856490290548,0.038334791076574004,-0.021338856490290548,0.06877264480508949,10,dcuB,0.3334191766666666,-2.0604,2.4524,6h_SI7,6h,SI7,12h_SI6,12h,SI6,4.5128,dcuB
N900_RS14990,0.22747695082796202,0.18952002856195577,0.627188882941195,0.466410793478345,0.18952002856195577,CP,-0.27689076491638925,-0.238933842650383,-0.27689076491638925,0.16077808946285,10,N900_RS14990,0.9902463833333335,-0.60214,5.6177,1h_SI9,1h,SI9,3h_st,3h,st,6.2198400000000005,N900_RS14990
N900_RS14995,0.24906528774692535,0.3198624032456683,0.4804325451376137,0.2720409695334121,0.24906528774692535,PCA,-0.022975681786486762,-0.022975681786486762,0.04782143371225617,0.20839157560420157,10,VC_A0210_BLAST,0.40954651000000003,-0.98993,2.8931,6h_st,6h,st,6h_SI1,6h,SI1,3.8830299999999998,VC_A0210_BLAST
N900_RS15000,0.2834387100009058,0.2608694217933173,0.5346209580858158,0.2930210865785846,0.2608694217933173,CP,-0.03215166478526732,-0.009582376577678797,-0.03215166478526732,0.24159987150723117,10,rcsC_10,0.7052033833333333,-0.84796,4.9472,1h_st,1h,st,3h_st,3h,st,5.795159999999999,rcsC_10
N900_RS15005,0.37535767926044444,0.4267893542050731,0.4701409369104805,0.20918983836434715,0.37535767926044444,PCA,0.1661678408960973,0.1661678408960973,0.21759951584072593,0.2609510985461333,10,N900_RS15005,1.1144842833333333,-0.34995,5.0488,24h_SI1,24h,SI1,6h_ce,6h,ce,5.39875,N900_RS15005
N900_RS15010,0.4884661566665777,0.46564637834743716,0.683157106901377,0.5584810300223374,0.46564637834743716,CP,-0.09283465167490024,-0.07001487335575968,-0.09283465167490024,0.12467607687903959,10,N900_RS15010,0.7431707499999999,-0.86416,3.8855,3h_SI6,3h,SI6,6h_SI4,6h,SI4,4.74966,N900_RS15010
N900_RS15015,0.33752461461814537,0.31019135652101265,0.422216824073921,0.30251803226657525,0.31019135652101265,CP,0.007673324254437397,0.035006582351570115,0.007673324254437397,0.11969879180734577,10,emrD,0.8942745999999999,-0.55942,4.462,1h_st,1h,st,3h_SI6,3h,SI6,5.02142,emrD
N900_RS15025,0.46275498018666295,0.4180835696607288,0.7588952145043308,0.4103361246307998,0.4180835696607288,CP,0.007747445029928968,0.05241885555586312,0.007747445029928968,0.348559089873531,10,N900_RS15025,1.0033579666666665,-0.20967,4.2054,3h_SI1,3h,SI1,6h_SI2,6h,SI2,4.41507,N900_RS15025
N900_RS15030,0.3233348902172038,0.40041210344995454,0.7010400438237682,0.40237776833838607,0.3233348902172038,PCA,-0.07904287812118227,-0.07904287812118227,-0.0019656648884315286,0.2986622754853821,10,N900_RS15030,0.3646084898333334,-1.0564,4.1407,3h_SI5,3h,SI5,6h_st,6h,st,5.1971,N900_RS15030
N900_RS15035,0.336534863736058,0.3169465379359596,0.5077445902386923,0.30033279563525317,0.3169465379359596,CP,0.016613742300706447,0.03620206810080484,0.016613742300706447,0.20741179460343917,10,thermolabile hemolysin,1.46969425,-0.45456,4.43,1h_ce,1h,ce,12h_SI1,12h,SI1,4.88456,thermolabile hemolysin
N900_RS15040,0.3696992276305257,0.35229642913924586,0.6048402463111752,0.32148392355620864,0.35229642913924586,CP,0.03081250558303722,0.04821530407431707,0.03081250558303722,0.2833563227549665,10,hlyA,0.94812045,-0.67228,4.5662,6h_SI4,6h,SI4,6h_st,6h,st,5.23848,hlyA
N900_RS15045,0.2708945744544399,0.3175617269607363,0.42082729434125227,0.252817859983988,0.2708945744544399,PCA,0.018076714470451893,0.018076714470451893,0.06474386697674833,0.1680094343572643,10,hlyB_BLAST,0.24304066333333332,-1.0391,3.5212,6h_st,6h,st,3h_SI3,3h,SI3,4.5603,hlyB_BLAST
N900_RS15050,0.4144626362840088,0.5428084499434365,0.7605808074842132,0.41171121943998096,0.4144626362840088,PCA,0.002751416844027854,0.002751416844027854,0.1310972305034555,0.34886958804423224,10,hlyC,0.6261434833333335,-0.49801,4.6274,6h_SI3,6h,SI3,6h_SI2,6h,SI2,5.12541,hlyC
N900_RS15055,0.3196162665336019,0.37062040322796275,0.5675007285039854,0.29506920963274325,0.3196162665336019,PCA,0.024547056900858677,0.024547056900858677,0.0755511935952195,0.2724315188712421,10,lifO,0.5302599833333334,-0.99257,3.1125,3h_SI4,3h,SI4,3h_SI2,3h,SI2,4.1050699999999996,lifO
N900_RS15060,0.1181176266429912,0.11995593351833615,0.3953105590803398,0.10880713485610617,0.1181176266429912,PCA,0.009310491786885033,0.009310491786885033,0.01114879866222998,0.28650342422423364,10,prtV,0.5370706666666667,-0.96685,3.9736,24h_ce,24h,ce,3h_st,3h,st,4.94045,prtV
N900_RS15065,0.3546542690664971,0.34252903152884484,0.6080296154765967,0.30594029399841627,0.34252903152884484,CP,0.03658873753042857,0.04871397506808084,0.03658873753042857,0.30208932147818046,10,N900_RS15065,0.9889784333333332,-0.71438,5.6224,6h_SI4,6h,SI4,1h_SI1,1h,SI1,6.33678,N900_RS15065
N900_RS15070,0.1621479484968604,0.1870940288589999,0.31042043657290175,0.1788252568619104,0.1621479484968604,PCA,-0.016677308365049992,-0.016677308365049992,0.008268771997089502,0.13159517971099136,10,egtC,1.0660218333333333,-0.78944,3.8858,1h_ce,1h,ce,6h_SI1,6h,SI1,4.6752400000000005,egtC
N900_RS15075,0.31809060224147667,0.31900449909205364,0.6356443727049543,0.23005317529453015,0.31809060224147667,PCA,0.08803742694694652,0.08803742694694652,0.08895132379752349,0.40559119741042415,10,siderophore ABC transporter substrate-binding protein,0.33299563333333343,-1.4311,3.297,6h_SI2,6h,SI2,6h_st,6h,st,4.7281,siderophore ABC transporter substrate-binding protein
N900_RS15080,0.3455383254056799,0.3483540894300669,0.6778917920059518,0.3247622460401259,0.3455383254056799,PCA,0.020776079365554034,0.020776079365554034,0.023591843389941025,0.35312954596582596,10,vctD,0.2486776683333333,-1.1851,3.4882,3h_SI5,3h,SI5,6h_SI2,6h,SI2,4.6733,vctD
N900_RS15085,0.11735109623636418,0.15335667656936763,0.24529404349593634,0.10632246541117503,0.11735109623636418,PCA,0.01102863082518915,0.01102863082518915,0.047034211158192604,0.1389715780847613,10,vctG,0.71983425,-0.34436,3.1235,12h_SI6,12h,SI6,3h_SI4,3h,SI4,3.46786,vctG
N900_RS15090,0.36188331519570244,0.369367170763558,0.6955327371436639,0.2950059059484226,0.36188331519570244,PCA,0.06687740924727986,0.06687740924727986,0.07436126481513544,0.40052683119524135,10,vctC,1.1217792000000002,-0.47369,4.4879,1h_SI8,1h,SI8,3h_SI3,3h,SI3,4.96159,vctC
N900_RS15095,0.21957245001674527,0.20630629474615234,0.2940375087803007,0.20554102033110047,0.20630629474615234,CP,0.0007652744150518642,0.014031429685644803,0.0007652744150518642,0.08849648844920024,10,AraC family transcriptional regulator_5,1.0933262616666668,-0.28185,3.8769,3h_st,3h,st,3h_SI4,3h,SI4,4.15875,AraC family transcriptional regulator_5
N900_RS15100,0.28129831992094334,0.2731254892817608,0.4931905855317064,0.22694349380164797,0.2731254892817608,CP,0.046181995480112814,0.054354826119295374,0.046181995480112814,0.26624709173005845,10,vctA,0.9684768956666667,-0.41411,3.3032,3h_SI4,3h,SI4,3h_SI1,3h,SI1,3.71731,vctA
N900_RS15105,0.5550793695748412,0.49273379849408294,0.7643807531846201,0.4797341577793749,0.49273379849408294,CP,0.01299964071470805,0.07534521179546627,0.01299964071470805,0.2846465954052452,10,N900_RS15105,0.12243378166666667,-1.2059,3.9365,6h_SI3,6h,SI3,3h_SI3,3h,SI3,5.1424,N900_RS15105
N900_RS15110,0.2503865099220854,0.24055642405041203,0.3716962284676306,0.26080405223135494,0.24055642405041203,CP,-0.020247628180942917,-0.010417542309269556,-0.020247628180942917,0.11089217623627567,10,ackA_2,1.2857613333333333,-0.26012,4.284,1h_st,1h,st,3h_SI1,3h,SI1,4.5441199999999995,ackA_2
N900_RS15115,0.2348096098824126,0.34007014722135714,0.8271552598470235,0.2473884016813427,0.2348096098824126,PCA,-0.012578791798930122,-0.012578791798930122,0.09268174554001443,0.5797668581656809,10,N900_RS15115,0.42282386666666666,-1.7495,4.7083,12h_SI2,12h,SI2,3h_SI3,3h,SI3,6.457800000000001,N900_RS15115
N900_RS15120,0.11015619160082693,0.15219917731750587,0.434151820407257,0.12707213416298554,0.11015619160082693,PCA,-0.016915942562158615,-0.016915942562158615,0.02512704315452033,0.3070796862442715,10,phosphoribosyl-AMP cyclohydrolase,0.4060095799999999,-1.2686,3.7771,12h_st,12h,st,6h_SI1,6h,SI1,5.0457,phosphoribosyl-AMP cyclohydrolase
N900_RS15125,0.2113987580416856,0.292300933534008,0.4504764888897896,0.22275383454811068,0.2113987580416856,PCA,-0.011355076506425088,-0.011355076506425088,0.06954709898589731,0.2277226543416789,10,sensor histidine kinase_5,1.5056493650000002,-0.12445,3.993,6h_st,6h,st,6h_SI1,6h,SI1,4.11745,sensor histidine kinase_5
N900_RS15130,0.34593266582137755,0.42784070318431383,0.741638466253497,0.39834396991515514,0.34593266582137755,PCA,-0.05241130409377759,-0.05241130409377759,0.029496733269158693,0.3432944963383419,10,ctrA,0.20937345,-1.2849,2.8929,6h_SI4,6h,SI4,3h_SI3,3h,SI3,4.1777999999999995,ctrA
N900_RS15135,0.5623389150036643,0.5864870439476523,0.908752455370265,0.5919454304759547,0.5623389150036643,PCA,-0.02960651547229043,-0.02960651547229043,-0.005458386528302439,0.31680702489431034,10,N900_RS15135,0.9399089799999999,-1.4703,5.0791,6h_SI6,6h,SI6,3h_SI3,3h,SI3,6.5494,N900_RS15135
N900_RS15140,0.430468337802345,0.4393597820232837,0.9037180337527302,0.3839500999533545,0.430468337802345,PCA,0.04651823784899051,0.04651823784899051,0.05540968206992919,0.5197679337993757,10,ulaE,0.5355299066666667,-1.6675,4.6927,12h_SI3,12h,SI3,6h_SI1,6h,SI1,6.360200000000001,ulaE
N900_RS15145,0.5469863269527414,0.6124223697490836,0.6970113636299676,0.622335531350197,0.5469863269527414,PCA,-0.07534920439745563,-0.07534920439745563,-0.00991316160111344,0.0746758322797706,10,sgbH,-0.1887050833333333,-1.9101,5.0409,12h_SI7,12h,SI7,6h_SI1,6h,SI1,6.951,sgbH
N900_RS15150,0.18726411234944632,0.1751879596390363,0.5548005805905762,0.23338355891324622,0.1751879596390363,CP,-0.05819559927420992,-0.046119446563799904,-0.05819559927420992,0.32141702167733,10,ybhA,0.5236248816666668,-0.93284,4.8388,6h_st,6h,st,3h_SI2,3h,SI2,5.77164,ybhA
N900_RS15155,0.4341809109991793,0.3924459400038443,0.5961455876867884,0.22308442587739233,0.3924459400038443,CP,0.16936151412645198,0.211096485121787,0.16936151412645198,0.3730611618093961,10,ulaF,0.1941852,-1.437,3.3342,6h_st,6h,st,6h_ce,6h,ce,4.7712,ulaF
N900_RS15160,0.202011495301933,0.2406207070764738,0.5130073866231011,0.21659480831957473,0.202011495301933,PCA,-0.014583313017641736,-0.014583313017641736,0.02402589875689906,0.29641257830352635,10,ulaC,0.53455084,-0.975,3.0857,3h_SI2,3h,SI2,6h_SI4,6h,SI4,4.0607,ulaC
N900_RS15165,0.2625689548735241,0.3756252192081642,0.6213399345910485,0.29899212242421735,0.2625689548735241,PCA,-0.03642316755069325,-0.03642316755069325,0.07663309678394686,0.32234781216683117,10,PTS ascorbate-specific subunit IIBC,-0.024426440000000015,-1.3397,2.8439,6h_SI7,6h,SI7,12h_SI3,12h,SI3,4.1836,PTS ascorbate-specific subunit IIBC
N900_RS15170,0.31295491409353837,0.32911038703794077,0.4323138058946691,0.3479811493158493,0.31295491409353837,PCA,-0.03502623522231091,-0.03502623522231091,-0.018870762277908515,0.08433265657881983,10,ulaR,-0.3687401,-3.54,3.6143,6h_SI6,6h,SI6,6h_SI1,6h,SI1,7.1543,ulaR
N900_RS15175,0.3924637316678293,0.4144793469868803,0.7331978170322234,0.3802555435348217,0.3924637316678293,PCA,0.012208188133007558,0.012208188133007558,0.03422380345205861,0.3529422734974017,10,ulaG,0.48174983283333345,-0.97042,3.9615,12h_SI1,12h,SI1,3h_SI1,3h,SI1,4.93192,ulaG
N900_RS15180,0.541590803960442,0.5658895670833922,0.7614708959471168,0.562967409566976,0.541590803960442,PCA,-0.021376605606533983,-0.021376605606533983,0.002922157516416224,0.19850348638014081,10,yceJ_1,0.37490658333333327,-1.1594,3.1461,3h_SI2,3h,SI2,6h_SI2,6h,SI2,4.3055,yceJ_1
N900_RS15185,0.14034951343926821,0.21120076964860987,0.3372039550788264,0.12599029703899378,0.14034951343926821,PCA,0.014359216400274433,0.014359216400274433,0.08521047260961609,0.2112136580398326,10,tam,1.07174385,-0.24468,3.6396,3h_co,3h,co,6h_ce,6h,ce,3.8842800000000004,tam
N900_RS15190,0.21796123660815478,0.3038741019101554,0.5136520640928401,0.3072427409690543,0.21796123660815478,PCA,-0.08928150436089952,-0.08928150436089952,-0.0033686390588988924,0.20640932312378585,10,antibiotic acetyltransferase_1,0.82074985,-1.3726,4.0007,6h_SI1,6h,SI1,6h_ce,6h,ce,5.3733,antibiotic acetyltransferase_1
N900_RS15195,0.5016288815115953,0.5556584868514101,0.8424719442216165,0.4971965115733583,0.5016288815115953,PCA,0.004432369938237035,0.004432369938237035,0.05846197527805175,0.3452754326482582,10,N900_RS15195,1.1030312500000001,-0.80786,6.4407,12h_SI4,12h,SI4,6h_st,6h,st,7.2485599999999994,N900_RS15195
N900_RS15200,0.22551365475903035,0.27959847888762596,0.38187049189274436,0.25193274396040494,0.22551365475903035,PCA,-0.02641908920137459,-0.02641908920137459,0.02766573492722102,0.12993774793233942,10,N900_RS15200,0.14544948333333335,-1.5861,2.6528,3h_SI5,3h,SI5,6h_SI2,6h,SI2,4.2389,N900_RS15200
N900_RS15205,0.5449789421368776,0.5763064822497441,0.8151433755544186,0.5981564980878277,0.5449789421368776,PCA,-0.053177555950950084,-0.053177555950950084,-0.021850015838083547,0.21698687746659095,10,N900_RS15205,1.2638085666666667,-0.96438,4.8584,6h_SI5,6h,SI5,3h_SI3,3h,SI3,5.82278,N900_RS15205
N900_RS15210,0.19914140873725808,0.20460812991447144,0.35331175542542603,0.2611127215427086,0.19914140873725808,PCA,-0.06197131280545051,-0.06197131280545051,-0.05650459162823715,0.09219903388271744,10,DNA-binding response regulator_2,1.5251856666666663,-0.30618,4.4879,1h_SI9,1h,SI9,3h_st,3h,st,4.79408,DNA-binding response regulator_2
N900_RS15215,0.3455135745457144,0.3330930521271309,0.5080685641901885,0.2690924566726333,0.3330930521271309,CP,0.0640005954544976,0.07642111787308109,0.0640005954544976,0.23897610751755521,10,sensor histidine kinase,0.9964218833333334,-0.43941,3.5627,3h_SI2,3h,SI2,6h_ce,6h,ce,4.00211,sensor histidine kinase
N900_RS15220,0.2848088488694512,0.30052134985618,0.3564901382413455,0.27662594448126837,0.2848088488694512,PCA,0.00818290438818281,0.00818290438818281,0.023895405374911638,0.07986419376007714,10,N900_RS15220,0.1237858166666667,-1.5259,3.0541,6h_SI4,6h,SI4,3h_SI5,3h,SI5,4.58,N900_RS15220
N900_RS15225,0.40284386096834796,0.46793087615516865,0.6045647465653377,0.38727974660107256,0.40284386096834796,PCA,0.015564114367275395,0.015564114367275395,0.08065112955409609,0.2172849999642651,10,copI_BLAST,0.5662038000000001,-0.98204,4.1643,3h_SI5,3h,SI5,12h_SI1,12h,SI1,5.14634,copI_BLAST
N900_RS15230,0.3119668184644035,0.3323576680090852,0.548261910928734,0.3207956313055045,0.3119668184644035,PCA,-0.008828812841100986,-0.008828812841100986,0.011562036703580747,0.22746627962322952,10,N900_RS15230,1.0048469166666667,-0.38323,4.4115,6h_ce,6h,ce,3h_SI2,3h,SI2,4.79473,N900_RS15230
N900_RS15235,0.5199319445198702,0.5326691318639993,0.7409416218998849,0.5599296808173538,0.5199319445198702,PCA,-0.0399977362974836,-0.0399977362974836,-0.027260548953354502,0.18101194108253105,10,N-acetyltransferase_4,1.1782344166666665,-0.40424,5.3531,24h_st,24h,st,3h_SI2,3h,SI2,5.75734,N-acetyltransferase_4
N900_RS15240,0.28015660807668735,0.4283216885207712,0.5676948263368558,0.28481105729221323,0.28015660807668735,PCA,-0.00465444921552588,-0.00465444921552588,0.14351063122855795,0.2828837690446425,10,yfiC_2,0.8241683916666667,-0.935,5.1353,1h_co,1h,co,3h_SI2,3h,SI2,6.0703,yfiC_2
N900_RS15245,0.36180874585358574,0.441595121197375,0.7216506534453976,0.4344167316580983,0.36180874585358574,PCA,-0.07260798580451255,-0.07260798580451255,0.007178389539276686,0.2872339217872993,10,N900_RS15245,0.5160328316666667,-2.2942,5.5445,6h_SI5,6h,SI5,6h_st,6h,st,7.8387,N900_RS15245
N900_RS15250,0.3538605191023227,0.49079506488943964,0.7813820284408647,0.40124362350778775,0.3538605191023227,PCA,-0.04738310440546506,-0.04738310440546506,0.08955144138165189,0.38013840493307693,10,nimR_1,-0.34364031166666664,-2.3476,2.5358,12h_SI3,12h,SI3,3h_SI2,3h,SI2,4.8834,nimR_1
N900_RS15255,0.1374118433026527,0.16406338823227593,0.21813897956818612,0.13856012804208553,0.1374118433026527,PCA,-0.0011482847394328477,-0.0011482847394328477,0.02550326019019039,0.07957885152610059,10,emrD3,0.759544055,-0.64658,3.2808,12h_st,12h,st,3h_SI1,3h,SI1,3.9273800000000003,emrD3
N900_RS15260,0.14514264253375572,0.14962432137489048,0.24569532673740596,0.14067058853434686,0.14514264253375572,PCA,0.004472053999408865,0.004472053999408865,0.008953732840543627,0.1050247382030591,10,methyl-accepting chemotaxis protein_21,0.8945622049999999,-0.44324,3.6011,6h_SI7,6h,SI7,3h_SI3,3h,SI3,4.04434,methyl-accepting chemotaxis protein_21
N900_RS15265,0.17830639486542968,0.1845222552508428,0.3572285218090554,0.17119084387540334,0.17830639486542968,PCA,0.007115550990026337,0.007115550990026337,0.013331411375439445,0.18603767793365206,10,hdc,1.2264972166666666,-0.21638,4.3689,6h_st,6h,st,3h_st,3h,st,4.58528,hdc
N900_RS15270,0.2906898013782212,0.2648366416092988,0.6762783361601861,0.2881734566815696,0.2648366416092988,CP,-0.023336815072270756,0.002516344696651629,-0.023336815072270756,0.3881048794786165,10,dacA_2,1.0704898333333333,-0.66035,4.8619,6h_SI2,6h,SI2,3h_st,3h,st,5.5222500000000005,dacA_2
N900_RS15275,0.21948417845524867,0.21529285264521056,0.3156097259685017,0.2275150920415709,0.21529285264521056,CP,-0.01222223939636033,-0.008030913586322214,-0.01222223939636033,0.08809463392693079,10,XRE family transcriptional regulator_9,1.1953142916666668,-0.34569,3.9772,1h_SI8,1h,SI8,3h_SI1,3h,SI1,4.32289,XRE family transcriptional regulator_9
N900_RS15280,0.328393453304895,0.3296061399924833,0.4919585688554616,0.1822185475702934,0.328393453304895,PCA,0.1461749057346016,0.1461749057346016,0.14738759242218988,0.3097400212851682,10,N900_RS15280,1.3351747766666664,-0.16862,5.831,1h_SI6,1h,SI6,3h_st,3h,st,5.99962,N900_RS15280
N900_RS15285,0.23594628394352704,0.2319864589607667,0.3417070226407182,0.2133784305478748,0.2319864589607667,CP,0.018608028412891886,0.022567853395652232,0.018608028412891886,0.12832859209284342,10,cah,0.6753901833333333,-1.0445,3.7177,12h_SI8,12h,SI8,3h_SI3,3h,SI3,4.7622,cah
N900_RS15295,0.5234123398388515,0.5902722187974339,0.7318368045225679,0.539720578205015,0.5234123398388515,PCA,-0.016308238366163463,-0.016308238366163463,0.0505516405924189,0.19211622631755298,10,gcvP,-0.11339373333333332,-1.7545,4.0519,12h_SI4,12h,SI4,1h_ce,1h,ce,5.8064,gcvP
N900_RS15300,0.6105680960627815,0.6169126680666795,0.7677833182095758,0.42266637982910077,0.6105680960627815,PCA,0.18790171623368074,0.18790171623368074,0.19424628823757878,0.345116938380475,10,gcvH,0.9777325116666666,-0.26305,4.0428,1h_SI9,1h,SI9,1h_SI1,1h,SI1,4.3058499999999995,gcvH
N900_RS15305,0.2623057452480263,0.27468303252288534,0.39739966742930644,0.24598353468840714,0.2623057452480263,PCA,0.01632221055961916,0.01632221055961916,0.0286994978344782,0.1514161327408993,10,glyA2,0.8324931016666667,-0.72686,3.7585,12h_st,12h,st,3h_SI1,3h,SI1,4.48536,glyA2
N900_RS15315,0.11376271094400335,0.12305533335535393,0.25445919974399167,0.11674204100883104,0.11376271094400335,PCA,-0.002979330064827687,-0.002979330064827687,0.006313292346522892,0.13771715873516063,10,gcvT,1.2607193500000002,-0.33547,3.8181,1h_SI8,1h,SI8,3h_SI1,3h,SI1,4.15357,gcvT
N900_RS15320,0.2770867146202589,0.3102814069220263,0.5316153063842547,0.24985058515035916,0.2770867146202589,PCA,0.027236129469899756,0.027236129469899756,0.06043082177166717,0.2817647212338955,10,"integrase, putative",-0.123182,-2.0723,4.0216,12h_SI8,12h,SI8,12h_SI1,12h,SI1,6.0939,"integrase, putative"
N900_RS15330,0.2928036360437172,0.2898934745716565,0.5082782770878174,0.3642816059624408,0.2898934745716565,CP,-0.07438813139078432,-0.07147796991872363,-0.07438813139078432,0.14399667112537656,10,Pseudogene_N900_RS15330,0.5921912999999999,-1.7218,4.5487,12h_SI8,12h,SI8,12h_SI1,12h,SI1,6.2705,Pseudogene_N900_RS15330
N900_RS15335,0.08101181257103808,0.08792026285936091,0.5738001014444627,0.06341546534662412,0.08101181257103808,PCA,0.017596347224413958,0.017596347224413958,0.024504797512736792,0.5103846360978386,10,type VI secretion system PAAR protein_1,0.008635900833333333,0.00062908,0.17791,12h_SI8,12h,SI8,3h_st,3h,st,0.17728092,type VI secretion system PAAR protein_1
N900_RS15340,0.15691517854510767,0.18914766774060746,0.2835695213541721,0.15516006202378796,0.15691517854510767,PCA,0.0017551165213197106,0.0017551165213197106,0.0339876057168195,0.12840945933038417,10,N900_RS15340,0.48318176333333335,-1.2482,3.1903,12h_SI8,12h,SI8,3h_SI1,3h,SI1,4.4385,N900_RS15340
N900_RS15370,0.3714906130646518,0.32006978538577946,0.6090723447170967,0.2936830649321271,0.32006978538577946,CP,0.026386720453652368,0.07780754813252472,0.026386720453652368,0.3153892797849696,10,intIA,1.1291216333333332,-0.080779,4.8476,12h_st,12h,st,6h_SI4,6h,SI4,4.928379,intIA
N900_RS15375,0.37365922491006587,0.4611448467815719,0.7528342851700918,0.3233560692247998,0.37365922491006587,PCA,0.050303155685266054,0.050303155685266054,0.1377887775567721,0.42947821594529195,10,N900_RS15375,-0.02289043333333335,-2.5247,3.0604,3h_SI9,3h,SI9,3h_SI3,3h,SI3,5.585100000000001,N900_RS15375
N900_RS15390,0.26464203909938383,0.28365253071055946,0.4771308668510654,0.23164463030566276,0.26464203909938383,PCA,0.03299740879372107,0.03299740879372107,0.052007900404896695,0.24548623654540266,10,N900_RS15390,0.09903674999999998,-1.908,3.3005,6h_SI1,6h,SI1,3h_SI5,3h,SI5,5.2085,N900_RS15390
N900_RS15395,0.185933905987103,0.2047022966130063,0.55261024126544,0.19918115733282146,0.185933905987103,PCA,-0.01324725134571847,-0.01324725134571847,0.005521139280184828,0.3534290839326185,10,catB9,0.6441362833333333,-0.90251,4.5952,3h_SI9,3h,SI9,3h_SI1,3h,SI1,5.4977100000000005,catB9
N900_RS15400,0.2647781341763732,0.3473417831719354,0.7842578910607165,0.31536636662375744,0.2647781341763732,PCA,-0.05058823244738425,-0.05058823244738425,0.03197541654817798,0.4688915244369591,10,ygfF,0.10089349999999998,-1.485,2.4851,3h_SI2,3h,SI2,6h_SI4,6h,SI4,3.9701000000000004,ygfF
N900_RS15415,0.39643950649588594,0.4036384156226591,0.49573305886077784,0.379812961372359,0.39643950649588594,PCA,0.01662654512352696,0.01662654512352696,0.023825454250300138,0.11592009748841886,10,N900_RS15415,-1.0176916666666667,-2.9248,3.0967,24h_co,24h,co,1h_SI1,1h,SI1,6.0215,N900_RS15415
N900_RS15430,0.5321080302831477,0.5715801782191366,0.7391742668470367,0.48207901750290294,0.5321080302831477,PCA,0.05002901278024474,0.05002901278024474,0.08950116071623371,0.25709524934413375,10,HNH endonuclease_2,-0.2589045766666666,-2.7473,2.7622,3h_SI9,3h,SI9,3h_SI1,3h,SI1,5.5095,HNH endonuclease_2
N900_RS15435,0.3815791925702514,0.3793558617362588,0.7230039475561575,0.4195815503200889,0.3793558617362588,CP,-0.04022568858383013,-0.03800235774983751,-0.04022568858383013,0.30342239723606856,10,VC_A0308_BLAST,-0.29818726666666673,-2.0245,2.4114,6h_SI3,6h,SI3,1h_ce,1h,ce,4.4359,VC_A0308_BLAST
N900_RS15440,0.24224865060185408,0.3093662616005916,0.7518811295814942,0.29473340751546523,0.24224865060185408,PCA,-0.05248475691361115,-0.05248475691361115,0.014632854085126379,0.457147722066029,10,HNH endonuclease_1,-0.10880488866666663,-2.5043,2.4738,12h_SI4,12h,SI4,3h_SI2,3h,SI2,4.9781,HNH endonuclease_1
N900_RS15445,0.3414097642239579,0.4303877887918889,0.9115915455036523,0.3227033175300472,0.3414097642239579,PCA,0.018706446693910694,0.018706446693910694,0.10768447126184166,0.5888882279736051,10,N900_RS15445,0.4796739833333334,-2.0096,6.7351,3h_SI9,3h,SI9,6h_st,6h,st,8.7447,N900_RS15445
N900_RS15460,0.434232373516477,0.3367529078177757,0.5564765726629416,0.4054091842585488,0.3367529078177757,CP,-0.0686562764407731,0.02882318925792815,-0.0686562764407731,0.15106738840439277,10,rppH_2,-0.5848261983333334,-2.4371,3.5886,24h_SI5,24h,SI5,12h_SI2,12h,SI2,6.0257000000000005,rppH_2
N900_RS15480,0.32753741097842765,0.5302348457418812,0.8625222314871901,0.3493266465859328,0.32753741097842765,PCA,-0.021789235607505175,-0.021789235607505175,0.18090819915594836,0.5131955849012573,10,blc_1,0.5499585166666666,-1.9887,4.5659,3h_ce,3h,ce,3h_SI4,3h,SI4,6.5546,blc_1
N900_RS15500,0.10996515261218827,0.09151171733088816,0.7369033083865003,0.06890271105708684,0.09151171733088816,CP,0.022609006273801316,0.04106244155510143,0.022609006273801316,0.6680005973294134,10,N900_RS15500,0.015586116666666669,0.00036696,0.37722,12h_ce,12h,ce,3h_st,3h,st,0.37685304,N900_RS15500
N900_RS15510,0.16908821598783944,0.19072779205112805,0.3033872020753821,0.15699560874554652,0.16908821598783944,PCA,0.012092607242292913,0.012092607242292913,0.03373218330558153,0.1463915933298356,10,type II toxin-antitoxin system YafQ family toxin,1.0779460799999998,-0.81156,4.2607,3h_co,3h,co,3h_SI3,3h,SI3,5.07226,type II toxin-antitoxin system YafQ family toxin
N900_RS15545,0.1945556100803755,0.22692917926372264,0.649942033863567,0.2538400335885111,0.1945556100803755,PCA,-0.05928442350813559,-0.05928442350813559,-0.026910854324788458,0.3961020002750559,10,OsmC family peroxiredoxin,0.2921222333333333,-1.1124,4.471,6h_SI1,6h,SI1,3h_st,3h,st,5.5834,OsmC family peroxiredoxin
N900_RS15550,0.5470050799217661,0.5870907500683901,0.7115652787974416,0.5939847054600215,0.5470050799217661,PCA,-0.04697962553825541,-0.04697962553825541,-0.006893955391631401,0.11758057333742011,10,N900_RS15550,-0.5928113049999999,-3.6856,4.0015,12h_ce,12h,ce,3h_SI1,3h,SI1,7.6871,N900_RS15550
N900_RS15555,0.2858810941827666,0.32573894036337697,0.5795015381966843,0.3025698142974133,0.2858810941827666,PCA,-0.016688720114646727,-0.016688720114646727,0.023169126065963663,0.27693172389927095,10,toxin,-1.616501666666667,-4.4485,3.3211,12h_SI4,12h,SI4,1h_ce,1h,ce,7.7696000000000005,toxin
N900_RS15565,0.3140323599547024,0.4526951357940618,0.691237032599246,0.3101237922903467,0.3140323599547024,PCA,0.003908567664355711,0.003908567664355711,0.1425713435037151,0.38111324030889926,10,N900_RS15565,0.10139413849999998,-1.7154,4.1808,12h_co,12h,co,3h_SI1,3h,SI1,5.896199999999999,N900_RS15565
N900_RS15575,0.3320623957761655,0.32424791769484457,0.5028264354971744,0.3027877145681167,0.32424791769484457,CP,0.02146020312672786,0.02927468120804877,0.02146020312672786,0.20003872092905772,10,mccF_1,0.5240731466666667,-1.008,3.7444,12h_ce,12h,ce,3h_SI3,3h,SI3,4.7524,mccF_1
N900_RS15580,0.46996455602073595,0.41272978982451747,0.6154295181592513,0.45532115548863333,0.41272978982451747,CP,-0.042591365664115866,0.014643400532102613,-0.042591365664115866,0.16010836267061795,10,N900_RS15580,0.9157978166666667,-0.73239,4.5594,3h_SI1,3h,SI1,6h_ce,6h,ce,5.29179,N900_RS15580
N900_RS15585,0.5777820297784715,0.6375488951206508,0.8049918235292441,0.6066920638937059,0.5777820297784715,PCA,-0.028910034115234406,-0.028910034115234406,0.030856831226944936,0.19829975963553825,10,N900_RS15585,1.0459315,-0.4069,4.5137,6h_SI2,6h,SI2,6h_SI1,6h,SI1,4.9206,N900_RS15585
N900_RS15590,0.23486950792947311,0.2478903034766842,0.47551768104067554,0.23596402064367122,0.23486950792947311,PCA,-0.0010945127141981092,-0.0010945127141981092,0.011926282833012974,0.23955366039700432,10,N900_RS15590,0.6976235666666665,-0.81897,3.5136,3h_SI9,3h,SI9,3h_SI2,3h,SI2,4.33257,N900_RS15590
N900_RS15600,0.5561652231616201,0.46291434454784025,0.8182907215646051,0.569067877970184,0.46291434454784025,CP,-0.10615353342234374,-0.012902654808563896,-0.10615353342234374,0.24922284359442115,10,N900_RS15600,0.744442383333333,-1.2245,6.496,3h_SI7,3h,SI7,1h_SI1,1h,SI1,7.7205,N900_RS15600
N900_RS15615,0.7363177331917695,0.591818075160288,0.827252691191648,0.7973194053417296,0.591818075160288,CP,-0.20550133018144168,-0.06100167214996011,-0.20550133018144168,0.02993328584991839,10,N900_RS15615,-0.18069857398333336,-3.3841,5.1227,3h_ce,3h,ce,1h_SI1,1h,SI1,8.5068,N900_RS15615
N900_RS15620,0.32603098840621086,0.3494775366838606,0.4712349222028592,0.32971058447938845,0.32603098840621086,PCA,-0.0036795960731775823,-0.0036795960731775823,0.019766952204472166,0.14152433772347073,10,H-REV 107-related protein,0.40601613000000003,-1.7008,2.7432,1h_co,1h,co,1h_SI1,1h,SI1,4.444,H-REV 107-related protein
N900_RS15645,0.2699472345069491,0.29484474804086147,0.6235956444365162,0.3602421344420383,0.2699472345069491,PCA,-0.09029489993508921,-0.09029489993508921,-0.06539738640117682,0.2633535099944779,10,N900_RS15645,0.2910924333333334,-1.3887,4.0608,12h_SI4,12h,SI4,3h_SI1,3h,SI1,5.4495000000000005,N900_RS15645
N900_RS15655,0.8556886739614615,0.9316229790794038,0.9172768118357152,0.7604192351004865,0.8556886739614615,PCA,0.09526943886097505,0.09526943886097505,0.17120374397891736,0.1568575767352287,10,VC_A0354_BLAST_1,-0.0617070866666667,-2.0752,3.9739,3h_SI7,3h,SI7,1h_SI1,1h,SI1,6.0491,VC_A0354_BLAST_1
N900_RS15660,0.2828631658605247,0.36560631535417215,0.4304639254607187,0.20132142538448658,0.2828631658605247,PCA,0.0815417404760381,0.0815417404760381,0.16428488996968557,0.22914250007623213,10,lyse_2,0.45431371833333334,-1.8926,4.0107,12h_SI8,12h,SI8,12h_SI1,12h,SI1,5.9033,lyse_2
N900_RS15665,0.6434476339767653,0.6737916445423384,0.8746610537992214,0.5715744221530358,0.6434476339767653,PCA,0.07187321182372952,0.07187321182372952,0.10221722238930264,0.30308663164618566,10,N900_RS15665,0.3368162,-1.6863,3.2249,12h_SI8,12h,SI8,12h_SI3,12h,SI3,4.9112,N900_RS15665
N900_RS15670,0.8863627130918104,0.742952389417025,1.0170913733158142,0.6588332676643868,0.742952389417025,CP,0.08411912175263825,0.2275294454274236,0.08411912175263825,0.35825810565142746,10,N900_RS15670,0.7935126333333334,-1.8185,5.5816,1h_SI2,1h,SI2,6h_ce,6h,ce,7.4001,N900_RS15670
N900_RS15675,0.32786134969027975,0.3273498531151643,0.5070670653112068,0.16004186480644575,0.3273498531151643,CP,0.16730798830871854,0.167819484883834,0.16730798830871854,0.34702520050476104,10,N900_RS15675,1.4342892833333336,-0.02206,5.8562,1h_SI7,1h,SI7,1h_st,1h,st,5.87826,N900_RS15675
N900_RS15680,0.7919332560056116,0.7411103684628799,0.882673010175655,0.5905685201656746,0.7411103684628799,CP,0.1505418482972053,0.20136473583993697,0.1505418482972053,0.2921044900099804,10,N900_RS15680,0.8108804999999999,-0.97713,2.9599,1h_SI5,1h,SI5,6h_SI2,6h,SI2,3.93703,N900_RS15680
N900_RS15685,0.5996647191968183,0.5371006353044048,0.7905529250853628,0.5309850975607419,0.5371006353044048,CP,0.006115537743662913,0.06867962163607644,0.006115537743662913,0.25956782752462093,10,parE1,-0.27652061666666666,-2.5997,2.9226,3h_SI7,3h,SI7,6h_st,6h,st,5.5222999999999995,parE1
N900_RS15695,0.49565425392292883,0.6165141398729062,0.8395212154811061,0.5838076195434646,0.49565425392292883,PCA,-0.08815336562053577,-0.08815336562053577,0.032706520329441546,0.25571359593764154,10,N900_RS15695,0.014873133333333354,-2.3999,4.8696,12h_SI8,12h,SI8,6h_SI2,6h,SI2,7.269500000000001,N900_RS15695
N900_RS15705,0.5514511165221749,0.6757873793385082,0.784141119675968,0.5673793428191821,0.5514511165221749,PCA,-0.015928226297007186,-0.015928226297007186,0.10840803651932607,0.21676177685678588,10,N900_RS15705,-0.6610291666666667,-3.7302,2.0155,12h_SI8,12h,SI8,1h_ce,1h,ce,5.745699999999999,N900_RS15705
N900_RS15715,0.1431273458487953,0.16081757047447684,0.2921826731500591,0.21151667562310505,0.1431273458487953,PCA,-0.06838932977430975,-0.06838932977430975,-0.050699105148628215,0.08066599752695403,10,N900_RS15715,0.6084107999999999,-1.9319,3.6415,12h_SI8,12h,SI8,12h_SI1,12h,SI1,5.5734,N900_RS15715
N900_RS15720,0.3681305191638498,0.41328329427154986,0.7248412623448518,0.35872738503402907,0.3681305191638498,PCA,0.009403134129820745,0.009403134129820745,0.054555909237520794,0.36611387731082273,10,restriction endonuclease,-0.06581955833333335,-3.2697,5.1328,12h_SI8,12h,SI8,6h_st,6h,st,8.4025,restriction endonuclease
N900_RS15725,0.4345213932225016,0.4385790751185009,0.611708726882132,0.4379288885901536,0.4345213932225016,PCA,-0.0034074953676520026,-0.0034074953676520026,0.0006501865283473074,0.17377983829197835,10,N900_RS15725,0.9024296500000001,-1.168,4.4002,12h_SI8,12h,SI8,3h_SI3,3h,SI3,5.5682,N900_RS15725
N900_RS15730,0.3207686318213109,0.3214240647186243,0.47794494127507525,0.3155041879359376,0.3207686318213109,PCA,0.005264443885373282,0.005264443885373282,0.005919876782686684,0.16244075333913766,10,N900_RS15730,-0.09565884999999999,-2.6452,3.2745,12h_SI8,12h,SI8,3h_st,3h,st,5.919700000000001,N900_RS15730
N900_RS15750,0.553896014335447,0.5521422009298625,0.6694438070846812,0.4794323864665432,0.5521422009298625,CP,0.07270981446331937,0.07446362786890381,0.07270981446331937,0.19001142061813803,10,N900_RS15750,0.29219312000000003,-1.7125,3.7138,12h_SI8,12h,SI8,3h_SI5,3h,SI5,5.4262999999999995,N900_RS15750
N900_RS15755,0.9154280823886061,0.8688103433492266,1.0281631609798987,0.8534982454588255,0.8688103433492266,CP,0.01531209789040111,0.0619298369297806,0.01531209789040111,0.17466491552107322,10,N900_RS15755,1.1407781666666668,-1.9899,4.7497,12h_SI5,12h,SI5,24h_SI2,24h,SI2,6.739599999999999,N900_RS15755
N900_RS15770,0.48514207260579206,0.5228163387420426,0.8317100524552801,0.4811273681554226,0.48514207260579206,PCA,0.004014704450369444,0.004014704450369444,0.04168897058661997,0.35058268429985745,10,nitrate reductase,-0.2980817166666666,-2.4418,3.8504,12h_co,12h,co,1h_SI1,1h,SI1,6.2922,nitrate reductase
N900_RS15780,0.5400548436747441,0.6707513937949401,0.7589361448283116,0.5297887010094706,0.5400548436747441,PCA,0.010266142665273481,0.010266142665273481,0.14096269278546947,0.229147443818841,10,N900_RS15780,-0.06943324166666669,-2.2288,2.6148,12h_SI4,12h,SI4,6h_SI5,6h,SI5,4.8436,N900_RS15780
N900_RS15785,0.5078444197794042,0.4742685824828119,0.8042556308906602,0.43145672196800555,0.4742685824828119,CP,0.042811860514806344,0.07638769781139865,0.042811860514806344,0.37279890892265466,10,yiaC,0.26372938333333334,-1.2312,4.4723,3h_SI3,3h,SI3,3h_SI2,3h,SI2,5.7035,yiaC
N900_RS15790,0.16591514437323482,0.14041829211513776,0.36593122620601554,0.20875256984958682,0.14041829211513776,CP,-0.06833427773444906,-0.042837425476352,-0.06833427773444906,0.15717865635642872,10,N900_RS15790,0.47454532333333327,-1.0494,2.7348,12h_st,12h,st,3h_SI5,3h,SI5,3.7842000000000002,N900_RS15790
N900_RS15805,0.3124439404098307,0.35348464025496856,0.6072499290747604,0.3720494253917453,0.3124439404098307,PCA,-0.05960548498191459,-0.05960548498191459,-0.01856478513677673,0.2352005036830151,10,bar,-0.33701500000000006,-1.8827,3.3995,6h_SI1,6h,SI1,1h_SI1,1h,SI1,5.2822000000000005,bar
N900_RS15810,0.4952004568752825,0.6227224530587085,0.7898577038887057,0.5709701258004116,0.4952004568752825,PCA,-0.0757696689251291,-0.0757696689251291,0.051752327258296926,0.21888757808829407,10,N900_RS15810,-0.4595319666666666,-2.2171,2.8061,12h_ce,12h,ce,6h_SI2,6h,SI2,5.023199999999999,N900_RS15810
N900_RS15820,0.5844556109503345,0.6135946915061574,0.844441381670304,0.6057161510683325,0.5844556109503345,PCA,-0.02126054011799805,-0.02126054011799805,0.007878540437824877,0.23872523060197148,10,Pseudogene_N900_RS15820,0.6822516666666666,-1.106,5.3254,6h_co,6h,co,6h_SI1,6h,SI1,6.4314,Pseudogene_N900_RS15820
N900_RS15825,0.3360198887181391,0.32757965653060506,0.5500302478759974,0.3401850477585796,0.32757965653060506,CP,-0.01260539122797455,-0.004165159040440514,-0.01260539122797455,0.2098452001174178,10,higB-1_BLAST,0.85594051,-0.38423,4.5064,3h_st,3h,st,3h_SI3,3h,SI3,4.89063,higB-1_BLAST
N900_RS15845,0.5206843087166885,0.4726557235087319,0.6507933450988105,0.4751670895381565,0.4726557235087319,CP,-0.0025113660294245888,0.045517219178531965,-0.0025113660294245888,0.17562625556065398,10,Pseudogene_N900_RS15845,0.27438604166666664,-2.4057,3.5597,12h_SI8,12h,SI8,6h_SI3,6h,SI3,5.9654,Pseudogene_N900_RS15845
N900_RS15850,0.42138505906455725,0.6006670629553553,0.6021064250406797,0.41154701193499277,0.42138505906455725,PCA,0.009838047129564487,0.009838047129564487,0.18912005102036256,0.19055941310568691,10,N900_RS15850,-1.3771251333333334,-4.2724,1.1127,12h_SI8,12h,SI8,1h_ce,1h,ce,5.3851,N900_RS15850
N900_RS15855,0.6523200828823362,0.6790514009615396,0.8435330982748364,0.6288529575996961,0.6523200828823362,PCA,0.023467125282640167,0.023467125282640167,0.05019844336184354,0.2146801406751403,10,GNAT family N-acetyltransferase_9,-0.02234839999999998,-2.6979,3.4007,12h_SI8,12h,SI8,6h_SI1,6h,SI1,6.0986,GNAT family N-acetyltransferase_9
N900_RS15865,0.25987437104862837,0.26219404220102677,0.4251604592240069,0.20824259525926386,0.25987437104862837,PCA,0.05163177578936451,0.05163177578936451,0.053951446941762904,0.21691786396474305,10,relE_1,0.7884220115000001,-1.5627,5.4474,12h_SI8,12h,SI8,3h_st,3h,st,7.0100999999999996,relE_1
N900_RS15880,0.5008506382367826,0.6018611667891498,0.7441018989477743,0.5343806204379918,0.5008506382367826,PCA,-0.033529982201209285,-0.033529982201209285,0.06748054635115797,0.2097212785097825,10,hemagglutinin,0.78077633,-0.78249,4.0803,12h_SI2,12h,SI2,6h_SI2,6h,SI2,4.86279,hemagglutinin
N900_RS15885,0.17260064893105126,0.22877168796399033,0.5221372577663866,0.3360930535333169,0.17260064893105126,PCA,-0.16349240460226566,-0.16349240460226566,-0.10732136556932659,0.18604420423306972,10,site-specific DNA-methyltransferase,0.8774892099999999,-0.25326,4.1696,12h_SI8,12h,SI8,6h_SI4,6h,SI4,4.42286,site-specific DNA-methyltransferase
N900_RS15900,0.22675521047085573,0.25503453971643814,0.4277989268718979,0.19476825360358627,0.22675521047085573,PCA,0.03198695686726946,0.03198695686726946,0.06026628611285187,0.23303067326831164,10,N900_RS15900,0.9284137716666667,-0.67835,4.5869,12h_SI8,12h,SI8,3h_SI2,3h,SI2,5.26525,N900_RS15900
N900_RS15905,0.5393968465036536,0.514269804104143,0.7871432546657913,0.6025794207708819,0.514269804104143,CP,-0.08830961666673887,-0.06318257426722829,-0.08830961666673887,0.18456383389490938,10,N900_RS15905,0.060548686666666685,-1.7624,2.9516,12h_SI8,12h,SI8,6h_SI2,6h,SI2,4.714,N900_RS15905
N900_RS15910,0.3996028229362674,0.5024006946371359,0.6363863861183436,0.4303811524305505,0.3996028229362674,PCA,-0.030778329494283052,-0.030778329494283052,0.07201954220658541,0.20600523368779317,10,N900_RS15910,0.30484123166666677,-2.8453,3.7503,12h_SI8,12h,SI8,6h_st,6h,st,6.5956,N900_RS15910
N900_RS15915,0.5141041633260762,0.49267965692084975,0.5363019052228019,0.43259023553004256,0.49267965692084975,CP,0.060089421390807196,0.08151392779603367,0.060089421390807196,0.1037116696927593,10,N900_RS15915,-1.11123354,-3.606,1.6034,12h_SI8,12h,SI8,12h_SI2,12h,SI2,5.2094,N900_RS15915
N900_RS15920,0.3999329766028661,0.46560260658158226,0.5466203720210536,0.4217457505003885,0.3999329766028661,PCA,-0.021812773897522397,-0.021812773897522397,0.043856856081193774,0.12487462152066514,10,Pseudogene_N900_RS15920,-1.1846782000000002,-4.1939,1.5896,12h_SI8,12h,SI8,1h_SI1,1h,SI1,5.7835,Pseudogene_N900_RS15920
N900_RS15925,0.3448518509251484,0.34238149013874136,0.5464838203516027,0.3431093914617992,0.34238149013874136,CP,-0.0007279013230578335,0.0017424594633492219,-0.0007279013230578335,0.2033744288898035,10,N900_RS15925,0.35380017766666666,-1.4129,4.0138,12h_SI8,12h,SI8,3h_SI3,3h,SI3,5.4267,N900_RS15925
N900_RS15930,0.7919395299833594,0.8957687153291772,0.9314752582138446,0.7929827645874209,0.7919395299833594,PCA,-0.001043234604061527,-0.001043234604061527,0.10278595074175634,0.13849249362642368,10,N900_RS15930,0.0012084333333333326,-2.496,2.3043,12h_SI8,12h,SI8,6h_SI4,6h,SI4,4.8003,N900_RS15930
N900_RS15935,0.6222244920813141,0.7095282516280578,0.8395953580454968,0.6968616292715654,0.6222244920813141,PCA,-0.07463713719025122,-0.07463713719025122,0.012666622356492407,0.14273372877393142,10,N900_RS15935,0.20808993333333337,-1.4397,3.2808,12h_SI6,12h,SI6,1h_SI1,1h,SI1,4.7205,N900_RS15935
N900_RS15940,0.2992799078401506,0.25750693176091405,0.4770203109458603,0.30863703076454524,0.25750693176091405,CP,-0.05113009900363119,-0.009357122924394612,-0.05113009900363119,0.16838328018131504,10,N900_RS15940,0.5237680916666666,-1.1836,3.4909,12h_SI8,12h,SI8,3h_SI4,3h,SI4,4.6745,N900_RS15940
N900_RS15950,0.45572950435293597,0.6958112287145805,0.7762542424712701,0.5243898628510152,0.45572950435293597,PCA,-0.06866035849807922,-0.06866035849807922,0.17142136586356527,0.2518643796202549,10,N900_RS15950,0.25335393333333334,-1.7327,2.7027,12h_SI8,12h,SI8,3h_SI4,3h,SI4,4.4354,N900_RS15950
N900_RS15970,0.2546213442926883,0.24673333262231278,0.34096284759746265,0.2223579184823903,0.24673333262231278,CP,0.024375414139922474,0.03226342581029798,0.024375414139922474,0.11860492911507234,10,N900_RS15970,1.1528555000000003,-0.46373,4.1108,6h_st,6h,st,3h_SI1,3h,SI1,4.57453,N900_RS15970
N900_RS15990,0.33544065611617824,0.3220407280170611,0.4635209533540279,0.3093980391851849,0.3220407280170611,CP,0.012642688831876192,0.026042616930993356,0.012642688831876192,0.154122914168843,10,ypeA_3,1.3665728833333333,-0.24499,4.4678,1h_SI4,1h,SI4,12h_SI1,12h,SI1,4.71279,ypeA_3
N900_RS16000,0.40121892239689677,0.4160614326531948,0.5054245497172108,0.4135562622814072,0.40121892239689677,PCA,-0.012337339884510412,-0.012337339884510412,0.0025051703717876017,0.09186828743580366,10,tnp_D2,0.4684770203333333,-1.8435,3.3309,12h_ce,12h,ce,12h_st,12h,st,5.1744,tnp_D2
N900_RS16005,0.3118542902377101,0.3303003218619055,0.4459820440662193,0.27637049351995413,0.3118542902377101,PCA,0.03548379671775598,0.03548379671775598,0.05392982834195137,0.16961155054626514,10,antibiotic acetyltransferase_2,0.5293890099999998,-0.97174,3.3843,12h_SI8,12h,SI8,3h_SI1,3h,SI1,4.35604,antibiotic acetyltransferase_2
N900_RS16010,0.27032470599053615,0.28763930034984514,0.46677768495630734,0.227984882467046,0.27032470599053615,PCA,0.04233982352349014,0.04233982352349014,0.05965441788279913,0.23879280248926132,10,GNAT family N-acetyltransferase_6,0.94166235,-0.39445,4.0712,6h_st,6h,st,6h_SI2,6h,SI2,4.46565,GNAT family N-acetyltransferase_6
N900_RS16015,0.11758939710101682,0.20049440619461342,0.38953376826729386,0.14082267811780655,0.11758939710101682,PCA,-0.02323328101678973,-0.02323328101678973,0.059671728076806874,0.2487110901494873,10,type II toxin-antitoxin system death-on-curing family toxin,1.2191837666666667,-0.75081,6.003,1h_SI9,1h,SI9,3h_st,3h,st,6.75381,type II toxin-antitoxin system death-on-curing family toxin
N900_RS16025,0.11978973286881159,0.172767748228096,0.14008401984382474,0.06856436929627589,0.11978973286881159,PCA,0.051225363572535695,0.051225363572535695,0.10420337893182012,0.07151965054754884,10,type II toxin-antitoxin system Phd/YefM family antitoxin_1,1.89653865,-0.065557,4.0415,6h_SI9,6h,SI9,12h_st,12h,st,4.107057,type II toxin-antitoxin system Phd/YefM family antitoxin_1
N900_RS16030,0.12542919173118897,0.1625156744121157,0.2196104745116821,0.13686677026851718,0.12542919173118897,PCA,-0.011437578537328214,-0.011437578537328214,0.025648904143598522,0.08274370424316493,10,rele,0.78793155,-0.85249,3.0446,12h_SI7,12h,SI7,12h_SI2,12h,SI2,3.89709,rele
N900_RS16035,0.3318811098642886,0.30607538183065197,0.6068879373897541,0.36913072305785255,0.30607538183065197,CP,-0.06305534122720058,-0.03724961319356396,-0.06305534122720058,0.23775721433190156,10,GNAT family N-acetyltransferase_10,1.353005896666667,-0.85716,3.8368,1h_SI4,1h,SI4,12h_SI3,12h,SI3,4.693960000000001,GNAT family N-acetyltransferase_10
N900_RS16060,0.47430036918245533,0.43480219281417376,0.6664185256183013,0.4912342872597942,0.43480219281417376,CP,-0.05643209444562042,-0.01693391807733885,-0.05643209444562042,0.1751842383585071,10,N900_RS16060,0.41023964499999993,-1.4017,4.6616,1h_SI1,1h,SI1,3h_SI3,3h,SI3,6.0633,N900_RS16060
N900_RS16065,0.36692741540874413,0.3744697090329082,0.4196185335614853,0.3568183445501657,0.36692741540874413,PCA,0.010109070858578428,0.010109070858578428,0.017651364482742515,0.06280018901131962,10,nucleotide pyrophosphohydrolase,0.61454285,-1.5085,3.934,12h_SI8,12h,SI8,12h_st,12h,st,5.4425,nucleotide pyrophosphohydrolase
N900_RS16075,0.7555935119241624,0.7802273000307476,0.8136225015541787,0.7705109146633221,0.7555935119241624,PCA,-0.014917402739159757,-0.014917402739159757,0.009716385367425473,0.04311158689085659,10,N-acetyltransferase_5,-1.1530386083333333,-4.8092,4.4884,12h_SI8,12h,SI8,6h_ce,6h,ce,9.2976,N-acetyltransferase_5
N900_RS16085,0.5787575686740614,0.6724528962246411,0.8372356858580822,0.5808239140610421,0.5787575686740614,PCA,-0.0020663453869806947,-0.0020663453869806947,0.09162898216359905,0.2564117717970401,10,relE1,0.36557308333333344,-1.8135,3.6081,12h_SI8,12h,SI8,12h_SI3,12h,SI3,5.4216,relE1
N900_RS16090,0.39465506487775176,0.5127371970107949,0.6307470180774865,0.3789439296137168,0.39465506487775176,PCA,0.015711135264034948,0.015711135264034948,0.1337932673970781,0.25180308846376964,10,Pseudogene_N900_RS16090,0.2754633435,-1.6928,3.3191,12h_SI8,12h,SI8,3h_SI4,3h,SI4,5.011900000000001,Pseudogene_N900_RS16090
N900_RS16095,0.2114996064664848,0.1893162826455635,0.31111788681470975,0.1725064162542502,0.1893162826455635,CP,0.016809866391313294,0.0389931902122346,0.016809866391313294,0.13861147056045955,10,N900_RS16095,0.4014964,-1.1377,3.7977,12h_SI8,12h,SI8,3h_st,3h,st,4.9354,N900_RS16095
N900_RS16100,0.3391389640668009,0.27373213815343345,0.5414895371335166,0.3234457552188215,0.27373213815343345,CP,-0.04971361706538807,0.015693208847979367,-0.04971361706538807,0.21804378191469503,10,N900_RS16100,1.1757148166666664,-0.87859,4.3896,1h_SI4,1h,SI4,3h_SI3,3h,SI3,5.26819,N900_RS16100
N900_RS16110,0.23326820932940084,0.2783542816859457,0.402007658233263,0.23133364408720056,0.23326820932940084,PCA,0.0019345652422002868,0.0019345652422002868,0.04702063759874517,0.17067401414606245,10,GNAT family N-acetyltransferase_11,0.48535761666666666,-0.83151,3.3449,12h_st,12h,st,3h_SI1,3h,SI1,4.17641,GNAT family N-acetyltransferase_11
N900_RS16115,0.3602262385904977,0.3924827800287697,0.48672096681781585,0.3778872184792726,0.3602262385904977,PCA,-0.017660979888774908,-0.017660979888774908,0.014595561549497094,0.10883374833854326,10,N900_RS16115,0.8299785816666666,-0.95318,4.7341,12h_SI8,12h,SI8,24h_SI1,24h,SI1,5.6872799999999994,N900_RS16115
N900_RS16120,0.14170627146062953,0.15327275448873093,0.47534380505140444,0.15794029756421496,0.14170627146062953,PCA,-0.01623402610358543,-0.01623402610358543,-0.004667543075484032,0.3174035074871895,10,glutathione S-transferase,0.49457436666666665,-0.78823,4.5828,6h_st,6h,st,3h_st,3h,st,5.371029999999999,glutathione S-transferase
N900_RS16125,0.47353901264693904,0.3698311075882917,0.6423987089754354,0.44730525639273117,0.3698311075882917,CP,-0.07747414880443948,0.026233756254207874,-0.07747414880443948,0.19509345258270422,10,N900_RS16125,0.12232466666666668,-1.2766,4.5738,24h_st,24h,st,1h_st,1h,st,5.8504000000000005,N900_RS16125
N900_RS16150,0.2997860807473598,0.3277572430109766,0.5667587761480966,0.3253440701472464,0.2997860807473598,PCA,-0.025557989399886627,-0.025557989399886627,0.002413172863730162,0.24141470600085013,10,N-acetyltransferase_6,1.55959365,-0.21222,4.621,6h_SI1,6h,SI1,3h_st,3h,st,4.833220000000001,N-acetyltransferase_6
N900_RS16170,0.3747266717925642,0.386006703487813,0.605485192268843,0.31576402004215687,0.3747266717925642,PCA,0.058962651750407324,0.058962651750407324,0.07024268344565615,0.28972117222668614,10,nucleotide pyrophosphatase,0.307905055,-1.3162,3.8144,12h_SI9,12h,SI9,12h_st,12h,st,5.1306,nucleotide pyrophosphatase
N900_RS16175,0.4935073921160732,0.5694350777287032,0.7825832016483937,0.4742969266043174,0.4935073921160732,PCA,0.019210465511755814,0.019210465511755814,0.09513815112438578,0.3082862750440763,10,nrdD,1.3280423333333335,-0.23253,5.631,6h_SI4,6h,SI4,3h_SI5,3h,SI5,5.86353,nrdD
N900_RS16185,0.19227510689699168,0.23328965754318134,0.39248824375133384,0.14709201308124076,0.19227510689699168,PCA,0.04518309381575092,0.04518309381575092,0.08619764446194059,0.24539623067009309,10,tyrB,0.5090231166666668,-1.2054,4.277,12h_SI7,12h,SI7,3h_st,3h,st,5.4824,tyrB
N900_RS16190,0.5510239419292643,0.44668139512526556,0.6468738446648102,0.2994663018059508,0.44668139512526556,CP,0.14721509331931476,0.2515576401233135,0.14721509331931476,0.34740754285885944,10,ATP-dependent zinc protease_2,-0.70523565,-2.7457,4.6147,12h_SI9,12h,SI9,1h_st,1h,st,7.3604,ATP-dependent zinc protease_2
N900_RS16195,0.4977934583017666,0.554093792825269,0.5683771252047817,0.5318875403825951,0.4977934583017666,PCA,-0.034094082080828536,-0.034094082080828536,0.022206252442673935,0.03648958482218656,10,fruA,-0.4272863333333333,-2.2982,2.4705,6h_SI6,6h,SI6,6h_SI5,6h,SI5,4.7687,fruA
N900_RS16200,0.499271787671853,0.5113680626691001,0.7418786306526416,0.5014458538327358,0.499271787671853,PCA,-0.0021740661608827816,-0.0021740661608827816,0.009922208836364299,0.24043277681990582,10,pfkB,0.5286702000000001,-1.4725,5.1807,24h_SI3,24h,SI3,3h_SI1,3h,SI1,6.6532,pfkB
N900_RS16205,0.1736047927903171,0.25661764761211014,0.3542536888470675,0.18330467500356873,0.1736047927903171,PCA,-0.009699882213251632,-0.009699882213251632,0.07331297260854142,0.17094901384349875,10,fruB,1.04708575,-0.42619,2.9851,1h_st,1h,st,6h_SI3,6h,SI3,3.41129,fruB
N900_RS16210,0.23393006625868643,0.26699935940330366,0.4499954542356217,0.23695385914407813,0.23393006625868643,PCA,-0.0030237928853917018,-0.0030237928853917018,0.030045500259225533,0.21304159509154358,10,cra,0.43432115,-1.8357,4.7512,1h_SI2,1h,SI2,3h_SI2,3h,SI2,6.5869,cra
N900_RS16215,0.21796871059064213,0.19587047096144042,0.2885889088070174,0.14307376189165633,0.19587047096144042,CP,0.05279670906978409,0.0748949486989858,0.05279670906978409,0.14551514691536105,10,sbcD,1.0111105,-0.5054,4.1219,24h_SI9,24h,SI9,1h_st,1h,st,4.6273,sbcD
N900_RS16220,0.8718089391103425,0.835920694029569,1.0621459151762502,0.9429082110651497,0.835920694029569,CP,-0.10698751703558063,-0.07109927195480714,-0.10698751703558063,0.11923770411110057,10,sbcC_BLAST,-0.5289355433333333,-2.7417,3.5752,12h_SI4,12h,SI4,6h_SI3,6h,SI3,6.3169,sbcC_BLAST
N900_RS16225,0.4112107442622389,0.38917936858813923,0.6516462961656215,0.3654356311827239,0.38917936858813923,CP,0.023743737405415355,0.04577511307951504,0.023743737405415355,0.28621066498289766,10,cqsS_BLAST,0.16180714999999998,-1.6981,2.344,6h_SI3,6h,SI3,6h_SI2,6h,SI2,4.0421,cqsS_BLAST
N900_RS16230,0.25460891220016413,0.27409260508875394,0.49128904911333426,0.24798605150808065,0.25460891220016413,PCA,0.006622860692083482,0.006622860692083482,0.026106553580673292,0.24330299760525362,10,cqsA,0.82504815,-0.76438,4.1417,12h_SI7,12h,SI7,6h_st,6h,st,4.90608,cqsA
N900_RS16235,0.34996830806720625,0.32560714221041087,0.6045527779976554,0.35581764272802263,0.32560714221041087,CP,-0.03021050051761176,-0.005849334660816385,-0.03021050051761176,0.24873513526963276,10,tellurium resistance protein,-0.054176333333333306,-1.9902,3.3807,6h_SI3,6h,SI3,1h_SI1,1h,SI1,5.3709,tellurium resistance protein
N900_RS16240,0.31840135761664856,0.3855574519886285,0.7844598203279445,0.3897156234732214,0.31840135761664856,PCA,-0.07131426585657286,-0.07131426585657286,-0.00415817148459291,0.39474419685472306,10,clcA,0.23447485000000004,-1.4546,4.9832,1h_SI3,1h,SI3,6h_st,6h,st,6.4378,clcA
N900_RS16245,0.2562361376245922,0.2892637111642921,0.6436269632997873,0.3185430345425141,0.2562361376245922,PCA,-0.062306896917921906,-0.062306896917921906,-0.029279323378221978,0.3250839287572732,10,cobW,0.48308819300000005,-0.75494,4.2107,3h_SI1,3h,SI1,3h_SI4,3h,SI4,4.9656400000000005,cobW
N900_RS16255,0.3089644643446779,0.26646959618130583,0.6175670832765822,0.27478166254119224,0.26646959618130583,CP,-0.008312066359886405,0.03418280180348565,-0.008312066359886405,0.3427854207353899,10,kup,0.19566618666666669,-1.4853,3.2925,6h_SI2,6h,SI2,3h_SI4,3h,SI4,4.7778,kup
N900_RS16260,0.32527684206243523,0.2807759997207745,0.5585216320361771,0.2974791666178514,0.2807759997207745,CP,-0.016703166897076904,0.027797675444583836,-0.016703166897076904,0.2610424654183257,10,nifJ,1.428935468333333,-0.15473,4.7175,6h_SI4,6h,SI4,6h_st,6h,st,4.87223,nifJ
N900_RS16265,0.29753193944133494,0.3152931775225735,0.46046315521371994,0.3239907641363403,0.29753193944133494,PCA,-0.02645882469500538,-0.02645882469500538,-0.008697586613766795,0.13647239107737963,10,kdpd,0.27659245,-1.3421,3.2312,3h_SI3,3h,SI3,3h_SI1,3h,SI1,4.5733,kdpd
N900_RS16270,0.2626804623596751,0.3035796048901795,0.4006646879165123,0.30121774805475143,0.2626804623596751,PCA,-0.038537285695076307,-0.038537285695076307,0.0023618568354280556,0.09944693986176084,10,kdpE,0.5579111333333334,-0.62043,3.1405,24h_ce,24h,ce,1h_ce,1h,ce,3.76093,kdpE
N900_RS16275,0.2734896758284756,0.3309600380154591,0.8594904967907829,0.2674601381208724,0.2734896758284756,PCA,0.0060295377076032275,0.0060295377076032275,0.06349989989458671,0.5920303586699105,10,tata,-0.03548136366666666,-1.813,5.3506,12h_SI4,12h,SI4,3h_st,3h,st,7.1636,tata
N900_RS16280,0.33855333119665965,0.32439007064394837,0.4616077299331293,0.3650526973138634,0.32439007064394837,CP,-0.04066262666991505,-0.02649936611720377,-0.04066262666991505,0.0965550326192659,10,deda,1.4849051666666668,0.11019,5.1224,1h_SI6,1h,SI6,3h_SI5,3h,SI5,5.01221,deda
N900_RS16285,0.3133420932524556,0.3497566652427605,0.5006048298819444,0.23787239978602145,0.3133420932524556,PCA,0.07546969346643415,0.07546969346643415,0.11188426545673905,0.26273243009592295,10,N900_RS16285,0.6993026666666667,-1.1264,4.0597,12h_SI8,12h,SI8,3h_SI2,3h,SI2,5.186100000000001,N900_RS16285
N900_RS16290,0.5183916139120918,0.5977585103794063,0.7355270665028043,0.47397394075636784,0.5183916139120918,PCA,0.044417673155723925,0.044417673155723925,0.12378456962303847,0.26155312574643647,10,N900_RS16290,0.28817805,-1.0636,3.3057,6h_SI3,6h,SI3,3h_SI5,3h,SI5,4.3693,N900_RS16290
N900_RS16295,0.7499098955930875,0.8979296866784462,0.9536158833616385,0.697587664537653,0.7499098955930875,PCA,0.05232223105543454,0.05232223105543454,0.20034202214079322,0.2560282188239855,10,N900_RS16295,0.8043542833333334,-2.806,4.3904,12h_SI8,12h,SI8,12h_SI2,12h,SI2,7.1964,N900_RS16295
N900_RS16300,0.16949251464881143,0.14541424427207292,0.2545198266578168,0.16435724308389063,0.14541424427207292,CP,-0.018942998811817713,0.005135271564920801,-0.018942998811817713,0.09016258357392617,10,yceJ_2,1.1525435166666667,-0.27511,4.7883,3h_st,3h,st,3h_SI1,3h,SI1,5.063409999999999,yceJ_2
N900_RS16305,0.5410844277836767,0.5355754488260168,0.7126942294765188,0.557444476632514,0.5355754488260168,CP,-0.021869027806497132,-0.01636004884883724,-0.021869027806497132,0.15524975284400488,10,ycei,-1.2561630666666668,-3.946,4.2605,6h_SI6,6h,SI6,3h_SI2,3h,SI2,8.2065,ycei
N900_RS16310,0.26180009466767323,0.2919051823196567,0.3676246470114742,0.26223180546267366,0.26180009466767323,PCA,-0.0004317107950004284,-0.0004317107950004284,0.029673376856983014,0.10539284154880052,10,focA_2,1.7257819333333337,-0.51131,6.0769,1h_SI8,1h,SI8,3h_SI2,3h,SI2,6.58821,focA_2
N900_RS16315,0.34127586895464884,0.270314975399471,0.5897956369021566,0.3201618353386148,0.270314975399471,CP,-0.049846859939143784,0.021114033616034034,-0.049846859939143784,0.26963380156354183,10,argP_2,1.3540184666666666,-0.14788,4.7143,1h_SI7,1h,SI7,6h_SI1,6h,SI1,4.8621799999999995,argP_2
N900_RS16320,0.3464107363174064,0.33227295292950404,0.6249475187715453,0.42524952754625467,0.33227295292950404,CP,-0.09297657461675063,-0.07883879122884829,-0.09297657461675063,0.19969799122529064,10,Inner membrane protein YcdZ_BLAST,-0.013156353333333284,-2.3482,6.182,12h_SI8,12h,SI8,3h_SI2,3h,SI2,8.5302,Inner membrane protein YcdZ_BLAST
N900_RS16325,0.22565108400267297,0.3373214642753526,0.4158717193138164,0.13451321816703316,0.22565108400267297,PCA,0.09113786583563982,0.09113786583563982,0.20280824610831943,0.28135850114678324,10,ATP-dependent endonuclease,1.1322736983333335,-0.46993,4.3465,1h_SI5,1h,SI5,3h_st,3h,st,4.8164299999999995,ATP-dependent endonuclease
N900_RS16330,0.4529160674781278,0.5439519213447771,0.7738050017992062,0.35396441448598465,0.4529160674781278,PCA,0.09895165299214315,0.09895165299214315,0.18998750685879245,0.41984058731322155,10,bifunctional metallophosphatase/5'-nucleotidase,0.41608813333333333,-1.5387,4.0579,6h_SI3,6h,SI3,12h_st,12h,st,5.5966000000000005,bifunctional metallophosphatase/5'-nucleotidase
N900_RS16335,0.527251505488779,0.4932685129013914,0.712444929659328,0.4441427146085754,0.4932685129013914,CP,0.04912579829281599,0.08310879088020356,0.04912579829281599,0.26830221505075263,10,terc,-0.46193062333333335,-2.2663,1.8984,6h_SI3,6h,SI3,3h_SI5,3h,SI5,4.1647,terc
N900_RS16345,0.3332932509920674,0.43317990532010925,0.5603084301177886,0.33924841418768714,0.3332932509920674,PCA,-0.005955163195619728,-0.005955163195619728,0.0939314911324221,0.2210600159301015,10,alkylphosphonate utilization protein,1.0216163666666664,-0.55201,4.916,6h_SI2,6h,SI2,6h_SI3,6h,SI3,5.4680100000000005,alkylphosphonate utilization protein
N900_RS16350,0.17348336762343355,0.26416631319742534,0.6393481422707057,0.24053739764660398,0.17348336762343355,PCA,-0.06705403002317042,-0.06705403002317042,0.02362891555082136,0.3988107446241017,10,N900_RS16350,0.8716396166666667,-0.9189,5.8887,12h_SI2,12h,SI2,3h_st,3h,st,6.8076,N900_RS16350
N900_RS16355,0.3830531887423508,0.3729485610852203,0.6061129908249879,0.46680051712357,0.3729485610852203,CP,-0.09385195603834973,-0.08374732838121923,-0.09385195603834973,0.13931247370141792,10,N900_RS16355,-0.4701530666666666,-1.7787,2.4695,3h_SI6,3h,SI6,6h_SI2,6h,SI2,4.2482,N900_RS16355
N900_RS16360,0.37446534589342345,0.4849402393153008,0.7299610082525912,0.30833162678386844,0.37446534589342345,PCA,0.06613371910955501,0.06613371910955501,0.17660861253143234,0.4216293814687228,10,fatty acid cis/trans isomerase,0.8629464283333335,-0.61524,4.8039,6h_SI2,6h,SI2,6h_st,6h,st,5.41914,fatty acid cis/trans isomerase
N900_RS16370,0.10745137565784277,0.1195922154218818,0.23603235482832907,0.11669909586292627,0.10745137565784277,PCA,-0.009247720205083507,-0.009247720205083507,0.0028931195589555203,0.1193332589654028,10,yhjX,1.2307894166666666,-0.41223,4.0883,1h_SI2,1h,SI2,3h_SI4,3h,SI4,4.50053,yhjX
N900_RS16375,0.30973553123890224,0.29562044537993803,0.4675384439440904,0.3616112507715279,0.29562044537993803,CP,-0.06599080539158986,-0.05187571953262565,-0.06599080539158986,0.1059271931725625,10,N900_RS16375,0.362556495,-0.89203,3.8498,3h_SI3,3h,SI3,3h_SI1,3h,SI1,4.74183,N900_RS16375
N900_RS16380,0.12309574785800304,0.2740163276966236,0.49457086647057985,0.17088190774901815,0.12309574785800304,PCA,-0.04778615989101512,-0.04778615989101512,0.10313441994760544,0.32368895872156167,10,sensor domain-containing diguanylate cyclase_4,0.2058518,-1.1011,3.6963,12h_co,12h,co,3h_SI1,3h,SI1,4.7974,sensor domain-containing diguanylate cyclase_4
N900_RS16390,0.2578991111729496,0.3193519096880713,0.4635528120725945,0.28983145806574634,0.2578991111729496,PCA,-0.031932346892796726,-0.031932346892796726,0.029520451622324972,0.17372135400684818,10,hpxW,0.8557798833333334,-0.81315,4.2742,12h_st,12h,st,1h_SI1,1h,SI1,5.087350000000001,hpxW
N900_RS16395,0.4246403010238596,0.5767367206724751,0.8592323154093221,0.386922262818037,0.4246403010238596,PCA,0.03771803820582259,0.03771803820582259,0.18981445785443807,0.4723100525912851,10,Solitary outer membrane autotransporter beta-barrel domain,0.6571251446666666,-0.50736,4.7118,3h_st,3h,st,6h_st,6h,st,5.2191600000000005,Solitary outer membrane autotransporter beta-barrel domain
N900_RS16400,0.4384613922932195,0.4048451829382323,0.7260824773895055,0.49586821399637176,0.4048451829382323,CP,-0.09102303105813947,-0.057406821703152255,-0.09102303105813947,0.23021426339313372,10,N900_RS16400,0.08820191666666664,-1.8666,4.4851,1h_SI1,1h,SI1,12h_SI1,12h,SI1,6.3517,N900_RS16400
N900_RS16405,0.4687748568862256,0.49256079230154737,0.7609404503030622,0.35471667422882275,0.4687748568862256,PCA,0.11405818265740286,0.11405818265740286,0.13784411807272462,0.4062237760742395,10,N900_RS16405,1.0443953,-0.2683,5.368,3h_SI9,3h,SI9,6h_SI2,6h,SI2,5.6363,N900_RS16405
N900_RS16410,0.45969202493554734,0.5318188105998036,0.6894997725003045,0.5995927455271889,0.45969202493554734,PCA,-0.13990072059164155,-0.13990072059164155,-0.06777393492738526,0.08990702697311559,10,transcriptional regulator_4,0.5308673333333334,-1.4586,4.77,1h_ce,1h,ce,3h_SI5,3h,SI5,6.228599999999999,transcriptional regulator_4
N900_RS16415,0.4170025346936612,0.4824515547414567,0.6014763441695138,0.2524884325923331,0.4170025346936612,PCA,0.1645141021013281,0.1645141021013281,0.22996312214912357,0.3489879115771807,10,pntA,0.38819996666666673,-1.0715,4.5501,12h_st,12h,st,6h_ce,6h,ce,5.621599999999999,pntA
N900_RS16420,0.11725470309717193,0.15039534919854608,0.2982668351126202,0.11915268372573351,0.11725470309717193,PCA,-0.0018979806285615852,-0.0018979806285615852,0.03124266547281257,0.1791141513868867,10,pntB,1.030544705,-0.22161,3.5925,1h_SI7,1h,SI7,6h_SI2,6h,SI2,3.81411,pntB
N900_RS16425,0.5293019977053132,0.6200004647626034,0.7577759674940052,0.6096916482160512,0.5293019977053132,PCA,-0.08038965051073799,-0.08038965051073799,0.010308816546552246,0.14808431927795407,10,vxrA_BLAST,0.16898825,-1.5679,4.1622,12h_ce,12h,ce,12h_SI2,12h,SI2,5.7301,vxrA_BLAST
N900_RS16430,0.38022023356049206,0.47301180164974155,0.7171552010101299,0.37407755957742606,0.38022023356049206,PCA,0.006142673983066005,0.006142673983066005,0.09893424207231549,0.3430776414327038,10,vxrB,-0.39432785333333337,-1.9981,3.8539,12h_SI4,12h,SI4,3h_SI4,3h,SI4,5.852,vxrB
N900_RS16435,0.44676478659608226,0.42875361161080383,0.6736461061214774,0.3454485984845931,0.42875361161080383,CP,0.08330501312621075,0.10131618811148918,0.08330501312621075,0.32819750763688427,10,N900_RS16435,0.2824604333333333,-1.5569,3.2511,3h_SI5,3h,SI5,6h_SI4,6h,SI4,4.808,N900_RS16435
N900_RS16440,0.2071043318715852,0.22832759277347034,0.40989656486366105,0.16446408461717324,0.2071043318715852,PCA,0.042640247254411956,0.042640247254411956,0.0638635081562971,0.2454324802464878,10,TraF,1.3596824000000003,-0.19428,4.7884,1h_SI9,1h,SI9,6h_st,6h,st,4.98268,TraF
N900_RS16445,0.5081758376845025,0.5150862876147568,0.7070787350113454,0.5131683436975824,0.5081758376845025,PCA,-0.004992506013079878,-0.004992506013079878,0.0019179439171744805,0.1939103913137631,10,VC0395_0503_BLAST,0.6296410833333334,-0.78978,3.9846,12h_SI1,12h,SI1,6h_SI4,6h,SI4,4.77438,VC0395_0503_BLAST
N900_RS16450,0.4081715353511796,0.426148435567928,0.5923246452274354,0.4195266482935075,0.4081715353511796,PCA,-0.011355112942327883,-0.011355112942327883,0.006621787274420476,0.17279799693392794,10,yciH,0.6811218833333333,-3.0652,4.6597,6h_SI6,6h,SI6,12h_SI1,12h,SI1,7.7249,yciH
N900_RS16455,0.6033762313564957,0.6812827780822731,1.0097393941978632,0.8663089887415784,0.6033762313564957,PCA,-0.2629327573850827,-0.2629327573850827,-0.18502621065930525,0.14343040545628483,10,N900_RS16455,1.4157422000000002,-0.36415,4.071,12h_SI3,12h,SI3,3h_SI8,3h,SI8,4.43515,N900_RS16455
N900_RS16465,0.19431934336292025,0.19465389716197412,0.7093886877426873,0.20906103440005336,0.19431934336292025,PCA,-0.014741691037133103,-0.014741691037133103,-0.014407137238079237,0.500327653342634,10,DamX-related protein,0.025303263333333333,0.0031775,0.28123,6h_SI3,6h,SI3,3h_SI1,3h,SI1,0.2780525,DamX-related protein
N900_RS16470,0.1070405104468002,0.14630094486839654,0.27692811068557904,0.09938983642678322,0.1070405104468002,PCA,0.007650674020016984,0.007650674020016984,0.04691110844161332,0.17753827425879581,10,patZ,1.8208001666666662,0.16572,5.0938,1h_SI7,1h,SI7,3h_SI2,3h,SI2,4.92808,patZ
N900_RS16475,0.20732413235879762,0.32208529100938255,0.47521561492648984,0.26962148620218174,0.20732413235879762,PCA,-0.06229735384338411,-0.06229735384338411,0.05246380480720081,0.2055941287243081,10,yhaJ,0.6793553333333333,-0.65275,2.8348,3h_ce,3h,ce,3h_SI2,3h,SI2,3.48755,yhaJ
N900_RS16480,0.19553252486121067,0.18054110081983574,0.25648024383627477,0.20523111160871207,0.18054110081983574,CP,-0.024690010788876338,-0.009698586747501403,-0.024690010788876338,0.051249132227562694,10,TonB-dependent hemoglobin/transferrin/lactoferrin family receptor,0.43546566666666664,-1.2188,2.8525,1h_SI7,1h,SI7,3h_SI1,3h,SI1,4.0713,TonB-dependent hemoglobin/transferrin/lactoferrin family receptor
N900_RS16485,0.21306684598086215,0.38449175812777786,0.5474615567879391,0.3279901561230488,0.21306684598086215,PCA,-0.11492331014218668,-0.11492331014218668,0.056501602004729035,0.21947140066489024,10,sgrr,-0.008940116666666654,-1.8054,5.2491,6h_SI9,6h,SI9,6h_st,6h,st,7.0545,sgrr
N900_RS16490,0.4239942095514147,0.29890035745969795,0.6033172010159729,0.3087786100956495,0.29890035745969795,CP,-0.009878252635951545,0.1152155994557652,-0.009878252635951545,0.29453859092032336,10,N900_RS16490,1.271662465,-0.024411,5.4643,1h_SI6,1h,SI6,1h_st,1h,st,5.4887109999999995,N900_RS16490
N900_RS16495,0.28848132824363343,0.2939893873455453,0.5771426311130063,0.28949176793992015,0.28848132824363343,PCA,-0.0010104396962867246,-0.0010104396962867246,0.004497619405625153,0.2876508631730862,10,hotdog fold thioesterase,0.5805348833333334,-0.81619,3.7856,1h_SI5,1h,SI5,12h_SI3,12h,SI3,4.60179,hotdog fold thioesterase
N900_RS16500,0.19069552205022344,0.19546481209760638,0.32321256776291535,0.18394577131595732,0.19069552205022344,PCA,0.006749750734266119,0.006749750734266119,0.01151904078164906,0.13926679644695802,10,bepA_3,0.5826428999999999,-1.0895,3.4383,6h_st,6h,st,3h_SI3,3h,SI3,4.5278,bepA_3
N900_RS16505,0.1651842594219341,0.16051013896709246,0.3776943400614334,0.203963738695168,0.16051013896709246,CP,-0.043453599728075554,-0.03877947927323391,-0.043453599728075554,0.17373060136626536,10,N900_RS16505,0.6978886499999999,-0.7216,4.636,6h_st,6h,st,3h_SI2,3h,SI2,5.3576,N900_RS16505
N900_RS16510,0.3987826513469625,0.3542364553900434,0.5100148714253805,0.3346509896443555,0.3542364553900434,CP,0.01958546574568787,0.06413166170260698,0.01958546574568787,0.17536388178102497,10,ABC transporter substrate-binding protein_12,0.7960186649999998,-0.59381,3.588,12h_SI5,12h,SI5,1h_ce,1h,ce,4.1818100000000005,ABC transporter substrate-binding protein_12
N900_RS16515,0.21469578635502531,0.22925757244431957,0.3254257012265346,0.13657422711149042,0.21469578635502531,PCA,0.0781215592435349,0.0781215592435349,0.09268334533282915,0.18885147411504416,10,yfcG,0.7316388833333335,-0.97261,4.1316,12h_st,12h,st,3h_SI2,3h,SI2,5.10421,yfcG
N900_RS16520,0.2810602903123246,0.2417878086814505,0.45716789758295745,0.19009838927209216,0.2417878086814505,CP,0.05168941940935834,0.09096190104023244,0.05168941940935834,0.2670695083108653,10,dcmA,0.39965361666666666,-1.145,4.2186,3h_SI6,3h,SI6,1h_st,1h,st,5.3636,dcmA
N900_RS16525,0.311536840292932,0.3109841619198063,0.3967375757905813,0.3185767716348485,0.3109841619198063,CP,-0.0075926097150421645,-0.007039931341916494,-0.0075926097150421645,0.07816080415573279,10,comR_1,0.9737587833333333,-0.72512,3.5824,1h_co,1h,co,6h_SI3,6h,SI3,4.30752,comR_1
N900_RS16530,0.4142815761945736,0.3369885100701803,0.5895997219761422,0.44721355510909316,0.3369885100701803,CP,-0.11022504503891284,-0.032931978914519544,-0.11022504503891284,0.14238616686704902,10,DNA-binding protein_3,1.5552757166666669,-0.3605,4.783,1h_SI4,1h,SI4,3h_st,3h,st,5.1435,DNA-binding protein_3
N900_RS16535,0.18433424497308565,0.20046425609324012,0.43877751116604397,0.18070960748231166,0.18433424497308565,PCA,0.003624637490773991,0.003624637490773991,0.01975464861092846,0.25806790368373234,10,yejF,1.1135857333333334,-0.5661,4.5749,3h_SI2,3h,SI2,6h_SI3,6h,SI3,5.141,yejF
N900_RS16540,0.30689422224875174,0.47242987183141333,0.5674350118667479,0.3406626867080539,0.30689422224875174,PCA,-0.03376846445930215,-0.03376846445930215,0.13176718512335944,0.22677232515869405,10,yejE,0.4146025700000001,-1.0681,3.2232,3h_SI4,3h,SI4,6h_st,6h,st,4.2913,yejE
N900_RS16545,0.2410735315106654,0.24482675871399856,0.3388205856954334,0.21358858777753836,0.2410735315106654,PCA,0.027484943733127043,0.027484943733127043,0.031238170936460197,0.12523199791789502,10,yejb,0.21903570499999991,-1.0042,3.6234,24h_ce,24h,ce,6h_SI3,6h,SI3,4.6276,yejb
N900_RS16550,0.3816404397453862,0.3589930576933283,0.6760015773536627,0.24208313018135824,0.3589930576933283,CP,0.11690992751197005,0.13955730956402795,0.11690992751197005,0.4339184471723045,10,ABC transporter substrate-binding protein_9,0.48865226333333334,-1.0121,3.7353,3h_SI3,3h,SI3,3h_SI2,3h,SI2,4.7474,ABC transporter substrate-binding protein_9
N900_RS16555,0.42148718375343835,0.44823929652054756,0.5852881804946973,0.26772201886245084,0.42148718375343835,PCA,0.15376516489098752,0.15376516489098752,0.18051727765809672,0.3175661616322465,10,N900_RS16555,0.5484673666666666,-1.034,4.9983,12h_st,12h,st,6h_ce,6h,ce,6.0323,N900_RS16555
N900_RS16560,0.6527120558731457,0.6887519431812287,0.8232547270090346,0.6271099271201537,0.6527120558731457,PCA,0.02560212875299206,0.02560212875299206,0.061642016061075,0.1961447998888809,10,exopolyphosphatase,1.2908359999999999,0.1454,4.6135,1h_SI9,1h,SI9,3h_SI5,3h,SI5,4.4681,exopolyphosphatase
N900_RS16565,0.3087921583183049,0.2568825538892099,0.4742312810590437,0.28401517850515645,0.2568825538892099,CP,-0.027132624615946566,0.02477697981314847,-0.027132624615946566,0.19021610255388727,10,hemolysin,0.819966314,-0.58294,4.7613,1h_SI1,1h,SI1,3h_SI5,3h,SI5,5.34424,hemolysin
N900_RS16570,0.19813663927426925,0.19078704257716103,0.39312055426717285,0.1732645386293529,0.19078704257716103,CP,0.017522503947808132,0.02487210064491635,0.017522503947808132,0.21985601563781995,10,N900_RS16570,0.9372962450000001,-0.6031,4.0709,12h_st,12h,st,3h_SI2,3h,SI2,4.6739999999999995,N900_RS16570
N900_RS16575,0.3409923077823342,0.3727763278827076,0.5711537590515696,0.35229518872568605,0.3409923077823342,PCA,-0.011302880943351856,-0.011302880943351856,0.020481139157021544,0.21885857032588357,10,peptide MFS transporter,-0.018656399999999986,-1.4443,3.534,12h_SI7,12h,SI7,1h_SI1,1h,SI1,4.9783,peptide MFS transporter
N900_RS16580,0.22882071966181763,0.24620010439692808,0.28524759605023026,0.2251145527097172,0.22882071966181763,PCA,0.003706166952100437,0.003706166952100437,0.02108555168721088,0.06013304334051306,10,eamA_7,0.45859916666666667,-1.0791,3.8888,1h_st,1h,st,6h_SI1,6h,SI1,4.9679,eamA_7
N900_RS16585,0.27564496713090864,0.285880786794659,0.41572241900646667,0.32774349693458243,0.27564496713090864,PCA,-0.0520985298036738,-0.0520985298036738,-0.04186271013992343,0.08797892207188424,10,phnR,-0.3292854233333334,-2.9731,2.9314,12h_SI8,12h,SI8,3h_SI3,3h,SI3,5.9045000000000005,phnR
N900_RS16590,0.2885336701898583,0.362714835481735,0.5904840090568215,0.3184072130556564,0.2885336701898583,PCA,-0.029873542865798075,-0.029873542865798075,0.04430762242607861,0.27207679600116513,10,putative 2-aminoethylphosphonate ABC transporter permease subunit,-0.09800021499999997,-1.6796,3.5755,6h_ce,6h,ce,3h_SI1,3h,SI1,5.2551,putative 2-aminoethylphosphonate ABC transporter permease subunit
N900_RS16595,0.1633634434631553,0.16416266889692863,0.43168053704527765,0.17662019249332359,0.1633634434631553,PCA,-0.013256749030168297,-0.013256749030168297,-0.01245752359639496,0.25506034455195403,10,putative 2-aminoethylphosphonate ABC transporter ATP-binding protein,0.1405283,-1.2897,2.2662,6h_st,6h,st,3h_st,3h,st,3.5559000000000003,putative 2-aminoethylphosphonate ABC transporter ATP-binding protein
N900_RS16600,0.3206721452332451,0.28863047874348247,0.48363299386231223,0.33118618632019436,0.28863047874348247,CP,-0.0425557075767119,-0.010514041086949255,-0.0425557075767119,0.15244680754211787,10,putative 2-aminoethylphosphonate ABC transporter substrate-binding protein,0.738933845,-0.60612,3.9444,3h_SI2,3h,SI2,12h_SI1,12h,SI1,4.55052,putative 2-aminoethylphosphonate ABC transporter substrate-binding protein
N900_RS16605,0.4638804957600904,0.6577258008431676,0.8264748796134054,0.32692691275669483,0.4638804957600904,PCA,0.13695358300339555,0.13695358300339555,0.33079888808647273,0.49954796685671055,10,phnW,0.19786830000000002,-1.1237,3.5522,12h_SI4,12h,SI4,6h_ce,6h,ce,4.6759,phnW
N900_RS16610,0.40299424487411384,0.4616759746674154,0.46154445166831803,0.37405131231318217,0.40299424487411384,PCA,0.028942932560931667,0.028942932560931667,0.08762466235423322,0.08749313935513586,10,pbfA_BLAST,0.4936471499999999,-1.1432,3.8206,6h_SI3,6h,SI3,6h_SI1,6h,SI1,4.9638,pbfA_BLAST
N900_RS16615,0.5412891929260756,0.5812713775317147,0.8349179703505077,0.4600281694484395,0.5412891929260756,PCA,0.08126102347763609,0.08126102347763609,0.12124320808327516,0.37488980090206825,10,phnX,-0.1578717666666667,-1.6794,2.8874,12h_SI2,12h,SI2,6h_SI5,6h,SI5,4.5668,phnX
N900_RS16620,0.13059576123500874,0.10289641538073116,0.5599769395009684,0.15308655525763123,0.10289641538073116,CP,-0.050190139876900075,-0.022490794022622496,-0.050190139876900075,0.4068903842433371,10,rnk,0.006918493833333332,0.00037715,0.11786,6h_SI7,6h,SI7,3h_st,3h,st,0.11748285,rnk
N900_RS16625,0.3918919268184282,0.33721551450472576,0.5801493832744524,0.3353937841482952,0.33721551450472576,CP,0.0018217303564305731,0.056498142670133034,0.0018217303564305731,0.24475559912615724,10,yjjG,-0.6775068333333334,-2.2165,2.0253,6h_ce,6h,ce,6h_SI4,6h,SI4,4.2418,yjjG
N900_RS16630,0.5492209515314302,0.5313600004756496,0.6260290078933679,0.5894932476532693,0.5313600004756496,CP,-0.058133247177619696,-0.040272296121839024,-0.058133247177619696,0.036535760240098636,10,N900_RS16630,-1.6399974166666664,-4.2154,2.6879,3h_SI7,3h,SI7,6h_SI3,6h,SI3,6.9033,N900_RS16630
N900_RS16635,0.18089524830018128,0.2704001274337796,0.4863744418829114,0.18092582204946137,0.18089524830018128,PCA,-3.057374928008838e-05,-3.057374928008838e-05,0.08947430538431825,0.30544861983345006,10,elbB,0.7170730741666667,-0.63514,3.8834,3h_SI4,3h,SI4,3h_SI2,3h,SI2,4.51854,elbB
N900_RS16640,0.2762293743651484,0.2649096996040641,0.4081438796861802,0.2580926607346848,0.2649096996040641,CP,0.006817038869379288,0.018136713630463597,0.006817038869379288,0.15005121895149542,10,mscL,1.314688,0.04768,4.8727,1h_SI7,1h,SI7,6h_SI2,6h,SI2,4.82502,mscL
N900_RS16645,0.16855467757131828,0.16559919000728585,0.4005137263569586,0.11464624220692328,0.16559919000728585,CP,0.050952947800362566,0.053908435364395005,0.050952947800362566,0.2858674841500353,10,fhs,0.6325850383333333,-0.62978,3.4248,24h_co,24h,co,3h_st,3h,st,4.05458,fhs
N900_RS16650,0.13056712191656236,0.1596923085948573,0.19980907230735045,0.16033686579876608,0.13056712191656236,PCA,-0.029769743882203714,-0.029769743882203714,-0.0006445572039087688,0.03947220650858438,10,msrB_3,1.3835076666666666,-0.4214,3.6788,1h_SI4,1h,SI4,6h_st,6h,st,4.1002,msrB_3
N900_RS16660,0.4668927375929786,0.5117498394448725,0.8382933196986084,0.5104941787279408,0.4668927375929786,PCA,-0.04360144113496217,-0.04360144113496217,0.001255660716931728,0.32779914097066765,10,moeA,0.061813798333333336,-1.7186,4.2825,12h_SI2,12h,SI2,6h_SI4,6h,SI4,6.001099999999999,moeA
N900_RS16665,0.5281861113749418,0.6555539276159903,0.8060989836064001,0.528432014521113,0.5281861113749418,PCA,-0.00024590314617123354,-0.00024590314617123354,0.1271219130948773,0.2776669690852871,10,moeB,0.32829596666666666,-1.3326,3.7118,24h_st,24h,st,3h_SI3,3h,SI3,5.0444,moeB
N900_RS16670,0.514522480082375,0.49098586513241954,0.8252875766464896,0.5267576224405481,0.49098586513241954,CP,-0.03577175730812859,-0.012235142358173134,-0.03577175730812859,0.2985299542059414,10,glyoxalase_2,0.9080446181666667,-1.4735,4.4467,12h_SI2,12h,SI2,1h_SI1,1h,SI1,5.9201999999999995,glyoxalase_2
N900_RS16675,0.40102050991975013,0.37593417106215665,0.7975304382299598,0.4140643037809995,0.37593417106215665,CP,-0.03813013271884286,-0.013043793861249375,-0.03813013271884286,0.3834661344489603,10,sseA,1.0527538636666667,-0.77447,6.1141,6h_SI7,6h,SI7,6h_st,6h,st,6.88857,sseA
N900_RS16680,0.38239223391046157,0.42863506771802906,0.6312244219761837,0.34244380417164727,0.38239223391046157,PCA,0.039948429738814295,0.039948429738814295,0.08619126354638179,0.2887806178045364,10,lsrR,0.22555716666666664,-1.5663,3.759,12h_SI1,12h,SI1,1h_SI1,1h,SI1,5.3253,lsrR
N900_RS16690,0.5963117667317555,0.713456160458366,0.6432209906697959,0.5965609774962027,0.5963117667317555,PCA,-0.00024921076444728296,-0.00024921076444728296,0.11689518296216328,0.04666001317359314,10,tal,0.42097917833333326,-0.97776,5.6023,24h_SI5,24h,SI5,1h_SI1,1h,SI1,6.58006,tal
N900_RS16700,0.38227384412717497,0.25947958099585455,0.576816169152402,0.21332901508653623,0.25947958099585455,CP,0.04615056590931832,0.16894482904063873,0.04615056590931832,0.36348715406586574,10,TonB-dependent receptor_2,0.6705106366666667,-1.0499,3.8867,6h_SI4,6h,SI4,1h_st,1h,st,4.9366,TonB-dependent receptor_2
N900_RS16705,0.4149533825197592,0.5366010926779623,0.7916235466045393,0.48368369877155665,0.4149533825197592,PCA,-0.06873031625179743,-0.06873031625179743,0.05291739390640565,0.3079398478329826,10,spoU,-0.32401194333333333,-2.6695,5.3864,6h_SI6,6h,SI6,12h_SI1,12h,SI1,8.055900000000001,spoU
N900_RS16710,0.39159541127086267,0.47767932230712273,0.7720098652898123,0.3398641721937374,0.39159541127086267,PCA,0.05173123907712529,0.05173123907712529,0.13781515011338535,0.4321456930960749,10,prepilin peptidase_3,-0.090432,-1.4352,2.0475,12h_SI3,12h,SI3,3h_SI5,3h,SI5,3.4827,prepilin peptidase_3
N900_RS16715,0.25338453520273224,0.19547132487200486,0.6498799192359093,0.3128212929879073,0.19547132487200486,CP,-0.11734996811590243,-0.05943675778517504,-0.11734996811590243,0.337058626248002,10,abrb,0.7142754149999999,-0.80685,4.4587,12h_st,12h,st,6h_SI3,6h,SI3,5.26555,abrb
N900_RS16720,0.1854044833905901,0.34768828074178654,0.5059241995253688,0.2835213488899155,0.1854044833905901,PCA,-0.09811686549932538,-0.09811686549932538,0.06416693185187106,0.22240285063545334,10,gyaR,0.8166828250000001,-0.78383,4.2747,3h_SI4,3h,SI4,6h_st,6h,st,5.05853,gyaR
N900_RS16725,0.16561864066289242,0.16407565602714333,0.28192582592736887,0.1489351622033745,0.16407565602714333,CP,0.015140493823768836,0.016683478459517925,0.015140493823768836,0.13299066372399437,10,GNAT family acetyltransferase,1.179908833333333,-0.16635,4.7237,6h_co,6h,co,3h_SI1,3h,SI1,4.8900500000000005,GNAT family acetyltransferase
N900_RS16730,0.13028647522645123,0.09540020255295732,0.21316245426612823,0.10551218346589837,0.09540020255295732,CP,-0.010111980912941049,0.02477429176055286,-0.010111980912941049,0.10765027080022986,10,nudG,0.7322727166666666,-0.66487,3.3135,3h_st,3h,st,3h_SI3,3h,SI3,3.97837,nudG
N900_RS16735,0.19728837786543357,0.22320152138086452,0.33268348498917794,0.18683579530502764,0.19728837786543357,PCA,0.010452582560405932,0.010452582560405932,0.03636572607583688,0.1458476896841503,10,glpm,0.6334879999999999,-0.9542,4.6787,1h_SI3,1h,SI3,6h_SI2,6h,SI2,5.6329,glpm
N900_RS16740,0.3161644140870981,0.34195905445447633,0.5480202177756596,0.27508339539344384,0.3161644140870981,PCA,0.04108101869365427,0.04108101869365427,0.06687565906103249,0.2729368223822157,10,tRNA (adenine-N(1))-methyltransferase,1.1292991166666666,-0.90748,4.1526,1h_SI1,1h,SI1,3h_SI2,3h,SI2,5.060079999999999,tRNA (adenine-N(1))-methyltransferase
N900_RS16745,0.22547477970050045,0.2266477971323244,0.43829642282083575,0.13977444792662672,0.22547477970050045,PCA,0.08570033177387373,0.08570033177387373,0.0868733492056977,0.29852197489420906,10,dmlR_5,0.8317429999999999,-0.46262,3.8421,3h_SI1,3h,SI1,3h_SI4,3h,SI4,4.30472,dmlR_5
N900_RS16750,0.5202294803788831,0.6166268073333686,0.8323925937233606,0.5080449449215876,0.5202294803788831,PCA,0.012184535457295476,0.012184535457295476,0.10858186241178103,0.324347648801773,10,antibiotic biosynthesis monooxygenase,0.6518676713333333,-3.1135,4.3596,6h_SI6,6h,SI6,3h_SI1,3h,SI1,7.4731000000000005,antibiotic biosynthesis monooxygenase
N900_RS16755,0.8372028837130958,0.6349468993150258,0.9210804554368159,0.6777732482736222,0.6349468993150258,CP,-0.04282634895859638,0.15942963543947364,-0.04282634895859638,0.24330720716319376,10,nfsB,1.2619842833333335,-1.2308,6.7662,12h_SI8,12h,SI8,3h_SI6,3h,SI6,7.997,nfsB
N900_RS16760,0.28885740314886,0.2881202198281963,0.4557989521171878,0.33328800391369945,0.2881202198281963,CP,-0.04516778408550315,-0.044430600764839456,-0.04516778408550315,0.12251094820348835,10,efflux RND transporter permease subunit,0.5394908916666666,-1.5423,3.3694,6h_SI1,6h,SI1,3h_SI2,3h,SI2,4.9117,efflux RND transporter permease subunit
N900_RS16765,0.2189015958358981,0.2731013103945133,0.40241563966952093,0.2862510041908217,0.2189015958358981,PCA,-0.06734940835492362,-0.06734940835492362,-0.013149693796308426,0.11616463547869921,10,mdtA,0.6354592599999999,-0.62619,3.7275,12h_st,12h,st,3h_SI3,3h,SI3,4.35369,mdtA
N900_RS16770,0.38330138083360393,0.4315403178291985,0.7628940124191265,0.36216410858904546,0.38330138083360393,PCA,0.02113727224455847,0.02113727224455847,0.06937620924015303,0.400729903830081,10,Probable transporter PD_1893_BLAST,-0.239255285,-2.8898,3.4182,6h_SI7,6h,SI7,3h_SI2,3h,SI2,6.308,Probable transporter PD_1893_BLAST
N900_RS16775,0.07918517090796974,0.06298835282715601,0.7043831303057007,0.05604768630586472,0.06298835282715601,CP,0.006940666521291286,0.02313748460210502,0.006940666521291286,0.6483354439998359,10,Probable transporter XF_0766_BLAST,0.0026558358566666665,6.9364e-06,0.11476,6h_SI5,6h,SI5,3h_st,3h,st,0.1147530636,Probable transporter XF_0766_BLAST
N900_RS16780,0.3845187450654989,0.38573875323000534,0.5759145738188688,0.34899375006059385,0.3845187450654989,PCA,0.035524995004905024,0.035524995004905024,0.03674500316941148,0.22692082375827494,10,arsR,0.9171819416666668,-0.48954,3.9739,6h_SI2,6h,SI2,1h_st,1h,st,4.46344,arsR
N900_RS16785,0.31514551295716636,0.32646067932559225,0.5409168946374194,0.3800341519583635,0.31514551295716636,PCA,-0.06488863900119712,-0.06488863900119712,-0.053573472632771235,0.16088274267905595,10,N900_RS16785,0.25095937500000004,-1.2511,3.946,1h_SI2,1h,SI2,3h_SI1,3h,SI1,5.197100000000001,N900_RS16785
N900_RS16790,0.22278761874635872,0.21432823513169438,0.5705342294889326,0.2179382683044775,0.21432823513169438,CP,-0.003610033172783106,0.004849350441881228,-0.003610033172783106,0.35259596118445513,10,cdr,0.20182668333333323,-1.1618,4.6773,12h_st,12h,st,3h_st,3h,st,5.8391,cdr
N900_RS16795,0.18030097589289712,0.24214737329423594,0.3901588674705757,0.188215984665582,0.18030097589289712,PCA,-0.00791500877268489,-0.00791500877268489,0.05393138862865393,0.2019428828049937,10,N900_RS16795,0.819769475,-0.41445,3.6613,6h_st,6h,st,6h_SI3,6h,SI3,4.07575,N900_RS16795
N900_RS16800,0.2149879433318705,0.22250036156266711,0.41901061657948235,0.15466894489188032,0.2149879433318705,PCA,0.06031899843999017,0.06031899843999017,0.06783141667078679,0.26434167168760203,10,GNAT family N-acetyltransferase_5,1.3204412333333335,-0.26047,4.9415,6h_st,6h,st,3h_st,3h,st,5.201969999999999,GNAT family N-acetyltransferase_5
N900_RS16805,0.4288790555324357,0.5801813412616151,0.6347706996564012,0.3228109905670871,0.4288790555324357,PCA,0.1060680649653486,0.1060680649653486,0.257370350694528,0.3119597090893141,10,N900_RS16805,-0.147759885,-1.9441,2.725,24h_st,24h,st,12h_SI2,12h,SI2,4.6691,N900_RS16805
N900_RS16810,0.30414505562328853,0.3211745684326138,0.4445656265216448,0.27712019936932697,0.30414505562328853,PCA,0.02702485625396156,0.02702485625396156,0.04405436906328686,0.1674454271523178,10,N900_RS16810,0.7120209083333332,-0.91403,3.9278,6h_SI4,6h,SI4,1h_SI1,1h,SI1,4.84183,N900_RS16810
N900_RS16815,0.34462494862352533,0.370055581181995,0.6129165000313711,0.3248127156595718,0.34462494862352533,PCA,0.019812232963953513,0.019812232963953513,0.04524286552242318,0.2881037843717993,10,N900_RS16815,1.0493633000000002,-0.74401,6.0943,1h_SI1,1h,SI1,12h_SI1,12h,SI1,6.83831,N900_RS16815
N900_RS16820,0.37585036343251294,0.36497728138719115,0.7169777579134273,0.31888604272570126,0.36497728138719115,CP,0.0460912386614899,0.05696432070681168,0.0460912386614899,0.39809171518772607,10,N900_RS16820,0.5145647466666666,-0.84706,3.4173,3h_st,3h,st,6h_SI4,6h,SI4,4.26436,N900_RS16820
N900_RS16825,0.35524908958771967,0.389188853110619,0.744446235038605,0.2752030169670758,0.35524908958771967,PCA,0.0800460726206439,0.0800460726206439,0.11398583614354324,0.4692432180715292,10,N900_RS16825,1.01404875,-0.66336,5.424,12h_SI4,12h,SI4,3h_SI5,3h,SI5,6.08736,N900_RS16825
N900_RS16830,0.14723225645111648,0.16801070994975761,0.31262060187182195,0.1257413296506006,0.14723225645111648,PCA,0.021490926800515897,0.021490926800515897,0.04226938029915703,0.18687927222122136,10,N900_RS16830,1.1980699833333333,-0.94019,3.9891,1h_SI9,1h,SI9,3h_st,3h,st,4.92929,N900_RS16830
N900_RS16835,0.21049083392646026,0.2520040297714397,0.4639925663617722,0.24893056407789863,0.21049083392646026,PCA,-0.03843973015143837,-0.03843973015143837,0.003073465693541083,0.2150620022838736,10,treP,0.7296224666666666,-0.61527,4.1667,1h_st,1h,st,6h_SI1,6h,SI1,4.781969999999999,treP
N900_RS16840,0.44858448810237805,0.45504596803035124,0.6115379057815347,0.4729650668067909,0.44858448810237805,PCA,-0.024380578704412847,-0.024380578704412847,-0.017919098776439657,0.13857283897474376,10,ccpA,-0.06123888333333335,-1.5799,3.9485,1h_SI1,1h,SI1,3h_SI3,3h,SI3,5.5284,ccpA
N900_RS16845,0.29194584147136027,0.2883876493540099,0.5798211830820462,0.29179425898201816,0.2883876493540099,CP,-0.0034066096280082614,0.00015158248934210583,-0.0034066096280082614,0.28802692410002806,10,scrB,-0.251349886,-1.5466,3.8156,3h_SI1,3h,SI1,3h_SI2,3h,SI2,5.3622,scrB
N900_RS16850,0.35275353197322296,0.3399641831402475,0.7040493998809851,0.4296335298392412,0.3399641831402475,CP,-0.08966934669899368,-0.07687999786601823,-0.08966934669899368,0.27441587004174395,10,aminoimidazole riboside kinase,0.13354021666666666,-1.1207,3.2724,3h_SI5,3h,SI5,3h_st,3h,st,4.3931000000000004,aminoimidazole riboside kinase
N900_RS16855,0.3686161160169886,0.36001012560530843,0.6823221618903575,0.32783522593362285,0.36001012560530843,CP,0.032174899671685575,0.04078089008336577,0.032174899671685575,0.3544869359567347,10,glpD,0.6496473833333333,-0.79936,3.3945,6h_SI2,6h,SI2,3h_SI3,3h,SI3,4.19386,glpD
N900_RS16860,0.4165299132491703,0.3763498601435515,0.5667514193652411,0.45816145237608075,0.3763498601435515,CP,-0.08181159223252926,-0.04163153912691042,-0.08181159223252926,0.10858996698916035,10,aer_1,1.1111448666666663,-0.68545,5.2558,3h_SI1,3h,SI1,6h_SI1,6h,SI1,5.94125,aer_1
N900_RS16865,0.4067337625268856,0.5197085036169629,0.7500318104445414,0.5602051517195341,0.4067337625268856,PCA,-0.15347138919264852,-0.15347138919264852,-0.04049664810257125,0.18982665872500726,10,pal_2,0.8230022889999999,-0.77208,4.4384,12h_SI1,12h,SI1,6h_SI1,6h,SI1,5.21048,pal_2
N900_RS16870,0.23734305428016028,0.2754172795906132,0.3665319656280505,0.21209137336464495,0.23734305428016028,PCA,0.02525168091551533,0.02525168091551533,0.06332590622596823,0.15444059226340556,10,fkpA_2,0.95234514,-0.55698,3.956,6h_SI8,6h,SI8,1h_ce,1h,ce,4.51298,fkpA_2
N900_RS16875,0.2427446499994894,0.27449284973748356,0.35450739793754715,0.1839713397095712,0.2427446499994894,PCA,0.058773310289918196,0.058773310289918196,0.09052151002791237,0.17053605822797596,10,beta-phosphoglucomutase family hydrolase,0.43112399516666666,-1.1501,2.9659,12h_st,12h,st,3h_SI4,3h,SI4,4.116,beta-phosphoglucomutase family hydrolase
N900_RS16880,0.2358956985870259,0.22735257642702975,0.5117634608074781,0.2978109695775849,0.22735257642702975,CP,-0.07045839315055516,-0.06191527099055902,-0.07045839315055516,0.21395249122989324,10,methyl-accepting chemotaxis protein_23,0.8277599333333333,-1.0161,3.6504,1h_ce,1h,ce,6h_SI2,6h,SI2,4.6665,methyl-accepting chemotaxis protein_23
N900_RS16885,0.44645792888263675,0.37950855278835627,0.7427305316886234,0.39055310681831784,0.37950855278835627,CP,-0.011044554029961573,0.055904822064318904,-0.011044554029961573,0.3521774248703055,10,N900_RS16885,0.11723854,-1.4426,4.5481,6h_SI2,6h,SI2,3h_SI4,3h,SI4,5.9907,N900_RS16885
N900_RS16890,0.22727703007788277,0.21650215456542846,0.34880133564703447,0.2131243355415971,0.21650215456542846,CP,0.0033778190238313577,0.014152694536285676,0.0033778190238313577,0.13567700010543737,10,dcuC,1.5143455833333335,-0.22815,4.5966,1h_SI8,1h,SI8,12h_SI1,12h,SI1,4.82475,dcuC
N900_RS16895,0.41656612620904626,0.42884389345804663,0.6104907698005121,0.4035667594507076,0.41656612620904626,PCA,0.012999366758338682,0.012999366758338682,0.025277134007339053,0.2069240103498045,10,L-serine ammonia-lyase,0.47370339999999994,-1.0394,3.4005,6h_SI1,6h,SI1,3h_SI1,3h,SI1,4.4399,L-serine ammonia-lyase
N900_RS16900,0.23370480671255583,0.24959396673965742,0.3253489281689511,0.22185567068765769,0.23370480671255583,PCA,0.01184913602489815,0.01184913602489815,0.027738296051999733,0.10349325748129343,10,sglT,1.1976677166666667,-0.33342,5.1654,1h_SI4,1h,SI4,6h_SI1,6h,SI1,5.49882,sglT
N900_RS16905,0.1862766026630318,0.2559069365245026,0.3936078877867082,0.19448873518119128,0.1862766026630318,PCA,-0.00821213251815947,-0.00821213251815947,0.0614182013433113,0.1991191526055169,10,yjhB,0.36280053333333334,-1.3162,4.9664,24h_ce,24h,ce,3h_st,3h,st,6.2826,yjhB
N900_RS16915,0.3939522902112095,0.48131469442181657,0.8220455209138119,0.37291178716772666,0.3939522902112095,PCA,0.021040503043482817,0.021040503043482817,0.10840290725408991,0.44913373374608523,10,N900_RS16915,0.09244401666666667,-1.7849,2.8359,6h_SI1,6h,SI1,3h_SI2,3h,SI2,4.6208,N900_RS16915
N900_RS16925,0.31647497015545994,0.42998005342305834,0.6294289425331349,0.3322986419696677,0.31647497015545994,PCA,-0.01582367181420774,-0.01582367181420774,0.09768141145339065,0.2971303005634672,10,vraR,1.3537463500000004,-0.88984,4.7591,12h_SI8,12h,SI8,3h_SI2,3h,SI2,5.64894,vraR
N900_RS16930,0.2903356754323926,0.2941607433785572,0.47349595941107225,0.3137360049438481,0.2903356754323926,PCA,-0.023400329511455542,-0.023400329511455542,-0.019575261565290936,0.15975995446722413,10,narQ,1.5310223133333334,-0.69866,6.2865,1h_SI8,1h,SI8,12h_SI1,12h,SI1,6.9851600000000005,narQ
N900_RS16935,0.3149622838507071,0.24632082260785276,0.616903601994004,0.335593332633701,0.24632082260785276,CP,-0.08927251002584824,-0.020631048782993877,-0.08927251002584824,0.28131026936030296,10,napF,-0.027393087333333337,-1.6836,5.0861,24h_st,24h,st,6h_st,6h,st,6.7697,napF
N900_RS16940,0.4193598372642345,0.37091212386429506,0.7285070392502272,0.458877807458547,0.37091212386429506,CP,-0.08796568359425194,-0.039517970194312524,-0.08796568359425194,0.2696292317916802,10,mycothiol reductase,0.7413755,-0.79871,4.1751,6h_SI1,6h,SI1,3h_SI1,3h,SI1,4.973809999999999,mycothiol reductase
N900_RS16945,0.2524616710299339,0.22377343353312515,0.4294524388369736,0.18853570510183018,0.22377343353312515,CP,0.03523772843129497,0.0639259659281037,0.03523772843129497,0.2409167337351434,10,napA,1.442234565,-0.0011471,4.6641,3h_SI4,3h,SI4,1h_st,1h,st,4.6652471,napA
N900_RS16950,0.5346772182039224,0.666994557150196,0.7251887759522385,0.6097478991114216,0.5346772182039224,PCA,-0.07507068090749913,-0.07507068090749913,0.05724665803877438,0.11544087684081694,10,nitrate reductase cytochrome c-type subunit,-0.6916463233333334,-3.2206,2.5105,3h_SI7,3h,SI7,1h_ce,1h,ce,5.7311,nitrate reductase cytochrome c-type subunit
N900_RS16960,0.6715966272636182,0.6184894341367905,0.8786369888267259,0.6160552611742364,0.6184894341367905,CP,0.002434172962554104,0.05554136608938187,0.002434172962554104,0.26258172765248955,10,N900_RS16960,-0.4783887333333333,-2.6155,3.4112,12h_SI6,12h,SI6,12h_SI1,12h,SI1,6.0267,N900_RS16960
N900_RS16965,0.18256654999497565,0.21264425216161825,0.46301022440032935,0.19654043889841682,0.18256654999497565,PCA,-0.013973888903441173,-0.013973888903441173,0.016103813263201427,0.2664697855019125,10,VC_A0681_BLAST,0.6569156833333333,-0.92262,3.1571,6h_st,6h,st,3h_SI1,3h,SI1,4.07972,VC_A0681_BLAST
N900_RS16970,0.3137699873407699,0.27728181314112166,0.6184240151539362,0.3144160732509266,0.27728181314112166,CP,-0.03713426010980492,-0.0006460859101566907,-0.03713426010980492,0.3040079419030096,10,uhpA,0.33793890000000004,-1.2807,4.6478,6h_SI7,6h,SI7,3h_st,3h,st,5.9285,uhpA
N900_RS16975,0.4466003224577848,0.5185694799149793,0.6756679027792329,0.48678489006474646,0.4466003224577848,PCA,-0.04018456760696165,-0.04018456760696165,0.0317845898502328,0.1888830127144865,10,uhpB,1.428461016666667,-0.27163,5.0125,6h_SI4,6h,SI4,6h_SI1,6h,SI1,5.28413,uhpB
N900_RS16980,0.22782605401462455,0.22665819322901942,0.3429251700159121,0.2349699698871673,0.22665819322901942,CP,-0.00831177665814789,-0.007143915872542761,-0.00831177665814789,0.1079552001287448,10,uhpT,0.9171101400000001,-0.67358,3.9435,3h_st,3h,st,6h_SI4,6h,SI4,4.61708,uhpT
N900_RS16985,0.35980256001707106,0.4303134266891759,0.7266206227141365,0.40678893930768145,0.35980256001707106,PCA,-0.04698637929061039,-0.04698637929061039,0.02352448738149443,0.31983168340645507,10,HI_0131_BLAST,0.08490835000000001,-1.3763,3.2174,3h_SI1,3h,SI1,1h_ce,1h,ce,4.5937,HI_0131_BLAST
N900_RS16990,0.25075659769253156,0.21317487414400788,0.5449172243506447,0.21853358401350706,0.21317487414400788,CP,-0.005358709869499184,0.0322230136790245,-0.005358709869499184,0.3263836403371376,10,fbpB,1.1150698999999997,-0.26583,4.2786,3h_SI1,3h,SI1,6h_SI3,6h,SI3,4.54443,fbpB
N900_RS16995,0.3252341498784875,0.39260391468576705,0.5196034927370129,0.2971903704609121,0.3252341498784875,PCA,0.028043779417575354,0.028043779417575354,0.09541354422485493,0.22241312227610077,10,fbpc,0.7874967783333333,-0.71548,3.3391,3h_st,3h,st,6h_ce,6h,ce,4.0545800000000005,fbpc
N900_RS17000,0.22544811807572127,0.25225768171138646,0.4684122539232166,0.22917921648348039,0.22544811807572127,PCA,-0.0037310984077591203,-0.0037310984077591203,0.023078465227906075,0.23923303743973623,10,phaC,0.7301350666666667,-0.6329,3.0825,1h_st,1h,st,3h_SI2,3h,SI2,3.7154,phaC
N900_RS17005,0.5774397560484644,0.6482907173888215,0.8932937803029524,0.5998638564055987,0.5774397560484644,PCA,-0.02242410035713427,-0.02242410035713427,0.0484268609832228,0.2934299238973537,10,N900_RS17005,-0.2128434833333333,-1.9184,3.7991,12h_ce,12h,ce,3h_SI2,3h,SI2,5.7175,N900_RS17005
N900_RS17010,0.26980291405962475,0.2479826183403187,0.4299819332601783,0.24975982569394833,0.2479826183403187,CP,-0.0017772073536296285,0.02004308836567642,-0.0017772073536296285,0.18022210756622997,10,phaA,0.9555229716666667,-0.30916,4.1748,6h_SI9,6h,SI9,1h_SI1,1h,SI1,4.483960000000001,phaA
N900_RS17015,0.5778256564106116,0.5114906288732334,0.7101153106400616,0.5927466438574283,0.5114906288732334,CP,-0.08125601498419488,-0.014920987446816691,-0.08125601498419488,0.11736866678263336,10,fabG_2,1.4564766366666668,-0.99982,4.9421,1h_SI2,1h,SI2,6h_SI3,6h,SI3,5.94192,fabG_2
N900_RS17020,0.24827177430877473,0.3523011443003367,0.6025003607985042,0.2656202897672332,0.24827177430877473,PCA,-0.017348515458458447,-0.017348515458458447,0.08668085453310354,0.33688007103127104,10,secF_2,0.4510270333333334,-1.3879,5.2361,6h_ce,6h,ce,12h_SI1,12h,SI1,6.6240000000000006,secF_2
N900_RS17025,0.18638728506304866,0.1931337191458965,0.4368001860583907,0.18213407970716458,0.18638728506304866,PCA,0.004253205355884082,0.004253205355884082,0.010999639438731917,0.2546661063512261,10,secD_2,0.38863711666666667,-1.1773,3.8037,12h_st,12h,st,3h_SI3,3h,SI3,4.981,secD_2
N900_RS17030,0.5624539089760912,0.5299464247927165,0.977707180289951,0.5042559766758739,0.5299464247927165,CP,0.025690448116842624,0.0581979323002173,0.025690448116842624,0.4734512036140771,10,N900_RS17030,0.007091439999999995,-1.8932,3.5699,12h_SI3,12h,SI3,24h_st,24h,st,5.4631,N900_RS17030
N900_RS17035,0.1803528247956528,0.19794438572644904,0.488847220861815,0.17537713688874765,0.1803528247956528,PCA,0.004975687906905141,0.004975687906905141,0.022567248837701392,0.3134700839730673,10,N900_RS17035,0.8191599833333333,-0.80078,3.4977,3h_SI1,3h,SI1,6h_SI2,6h,SI2,4.29848,N900_RS17035
N900_RS17040,0.1716061178153032,0.13872028753310525,0.38866629445197154,0.15840097586621135,0.13872028753310525,CP,-0.0196806883331061,0.013205141949091836,-0.0196806883331061,0.2302653185857602,10,diguanylate cyclase_5,1.2453789833333333,-0.3071,5.1603,1h_SI6,1h,SI6,3h_SI3,3h,SI3,5.4674000000000005,diguanylate cyclase_5
N900_RS17045,0.29742289332827415,0.22048690846804178,0.36612844176825365,0.21245148788991397,0.22048690846804178,CP,0.008035420578127811,0.08497140543836018,0.008035420578127811,0.15367695387833968,10,glgC_2,0.9113801733333333,-0.85677,4.0223,6h_st,6h,st,12h_st,12h,st,4.8790700000000005,glgC_2
N900_RS17050,0.30542537695225025,0.30518301048604507,0.4945126258682284,0.28741872775521243,0.30518301048604507,CP,0.017764282730832637,0.018006649197037816,0.017764282730832637,0.20709389811301598,10,endo I_2,0.7258463333333333,-0.69464,3.6224,12h_st,12h,st,3h_st,3h,st,4.3170399999999995,endo I_2
N900_RS17055,0.27976606506659873,0.3021881959196972,0.3734818915013856,0.19684193872773598,0.27976606506659873,PCA,0.08292412633886276,0.08292412633886276,0.10534625719196122,0.17663995277364963,10,yqhD,1.3934193333333331,-0.12136,5.1667,1h_SI7,1h,SI7,6h_ce,6h,ce,5.28806,yqhD
N900_RS17060,0.522541142784563,0.6643671321396771,0.7211269540055938,0.5455011005473343,0.522541142784563,PCA,-0.022959957762771266,-0.022959957762771266,0.11886603159234288,0.17562585345825954,10,lysoplasmalogenase_2,-0.4242432066666667,-2.0285,2.2069,6h_ce,6h,ce,24h_SI3,24h,SI3,4.2354,lysoplasmalogenase_2
N900_RS17065,0.22236774855511807,0.2567521900006765,0.5632312511153704,0.21332357083601877,0.22236774855511807,PCA,0.009044177719099294,0.009044177719099294,0.043428619164657734,0.34990768027935165,10,sigma-54-dependent Fis family transcriptional regulator,0.15059276666666666,-1.2004,2.7267,12h_st,12h,st,3h_SI1,3h,SI1,3.9271000000000003,sigma-54-dependent Fis family transcriptional regulator
N900_RS17070,0.3322016668033554,0.32320394234705935,0.5037334854188674,0.2843096179610541,0.32320394234705935,CP,0.03889432438600526,0.047892048842301305,0.03889432438600526,0.21942386745781334,10,sasA_10,0.849038285,-0.66803,3.9104,6h_SI4,6h,SI4,3h_SI4,3h,SI4,4.57843,sasA_10
N900_RS17075,0.4133637601702923,0.3388389715387773,0.5535656200521817,0.4893565516170667,0.3388389715387773,CP,-0.15051758007828941,-0.0759927914467744,-0.15051758007828941,0.06420906843511498,10,ABC transporter substrate-binding protein_11,0.053395615000000014,-1.7783,2.5907,6h_SI1,6h,SI1,6h_SI3,6h,SI3,4.369,ABC transporter substrate-binding protein_11
N900_RS17080,0.1306650860798164,0.13640148209105274,0.20993123373026729,0.1335941555062785,0.1306650860798164,PCA,-0.002929069426462122,-0.002929069426462122,0.002807326584774228,0.07633707822398877,10,uhpC_2,0.7357802000000001,-1.1174,3.8125,6h_ce,6h,ce,3h_st,3h,st,4.9299,uhpC_2
N900_RS17085,0.1363666510027714,0.12253537605743156,0.3604495976423163,0.13186290856559463,0.12253537605743156,CP,-0.009327532508163067,0.004503742437176772,-0.009327532508163067,0.2285866890767217,10,pykA_2,0.9199283349999999,-0.3013,4.3186,3h_co,3h,co,6h_st,6h,st,4.6199,pykA_2
N900_RS17090,0.3789179253628687,0.40632371019387925,0.5071793709587947,0.36282530398631907,0.3789179253628687,PCA,0.016092621376549654,0.016092621376549654,0.04349840620756018,0.14435406697247566,10,torS,0.18125172333333334,-1.4573,2.6676,6h_SI1,6h,SI1,6h_SI3,6h,SI3,4.1249,torS
N900_RS17095,0.22644964740074636,0.22704936625814925,0.46109342855578145,0.24596775327601098,0.22644964740074636,PCA,-0.01951810587526462,-0.01951810587526462,-0.01891838701786172,0.21512567527977047,10,torT,0.9537390833333333,-0.15005,4.4348,3h_SI9,3h,SI9,6h_SI1,6h,SI1,4.58485,torT
N900_RS17100,0.24678953216846272,0.2126877215085973,0.3565727305820502,0.22186088091172865,0.2126877215085973,CP,-0.009173159403131348,0.024928651256734075,-0.009173159403131348,0.13471184967032154,10,mgsA,0.7573752716666668,-0.9919,3.4278,3h_SI9,3h,SI9,6h_st,6h,st,4.4197,mgsA
N900_RS17105,0.2921361793491127,0.2796228745948461,0.41442292011533355,0.2603623289058431,0.2796228745948461,CP,0.019260545689002984,0.03177385044326958,0.019260545689002984,0.15406059120949045,10,pncA,0.0048669499999999906,-2.0468,2.9062,3h_SI8,3h,SI8,6h_SI1,6h,SI1,4.953,pncA
N900_RS17110,0.47758120016588707,0.5228031581862548,0.6069191696700887,0.39140760784081935,0.47758120016588707,PCA,0.08617359232506772,0.08617359232506772,0.13139555034543543,0.2155115618292694,10,dgkA,0.05298613333333333,-1.2894,3.6196,6h_st,6h,st,3h_SI5,3h,SI5,4.909000000000001,dgkA
N900_RS17115,0.27987267905364954,0.350040011373266,0.5659128541654954,0.3696337584553697,0.27987267905364954,PCA,-0.08976107940172018,-0.08976107940172018,-0.019593747082103707,0.1962790957101257,10,cytochrome b_2,1.335402983333333,-0.50459,4.2721,12h_SI2,12h,SI2,3h_SI2,3h,SI2,4.77669,cytochrome b_2
N900_RS17120,0.1816709246258621,0.23627932064996304,0.4393425770474714,0.21850332104705353,0.1816709246258621,PCA,-0.03683239642119143,-0.03683239642119143,0.017775999602909515,0.2208392560004179,10,cytochrome b_1,0.8508257406666666,-0.44336,4.2295,3h_SI4,3h,SI4,3h_st,3h,st,4.67286,cytochrome b_1
N900_RS17125,0.18670512720972374,0.20853639468615223,0.3002663322110221,0.18264785093314082,0.18670512720972374,PCA,0.004057276276582922,0.004057276276582922,0.025888543753011417,0.1176184812778813,10,helD,1.08539545,-1.8971,4.327,1h_SI7,1h,SI7,24h_st,24h,st,6.2241,helD
N900_RS17130,0.6239996523093899,0.5654533072683826,0.9102144460762788,0.6541479280003387,0.5654533072683826,CP,-0.08869462073195611,-0.0301482756909488,-0.08869462073195611,0.25606651807594005,10,yccS,0.07926474999999995,-1.669,4.4391,12h_SI3,12h,SI3,6h_ce,6h,ce,6.1081,yccS
N900_RS17135,0.47698566502697254,0.48651372217790156,0.7415437512092218,0.5177140678094045,0.47698566502697254,PCA,-0.040728402782432005,-0.040728402782432005,-0.03120034563150298,0.22382968339981724,10,zraS,0.36174102499999994,-0.77758,3.2494,6h_st,6h,st,12h_SI2,12h,SI2,4.02698,zraS
N900_RS17140,0.33633935926249353,0.3385722423189155,0.5696380176073007,0.4942918893674834,0.33633935926249353,PCA,-0.15795253010498989,-0.15795253010498989,-0.15571964704856794,0.07534612823981729,10,guanylate cyclase,-0.3868595,-1.5386,2.2391,24h_co,24h,co,6h_SI3,6h,SI3,3.7777000000000003,guanylate cyclase
N900_RS17145,0.2742853562703906,0.25013592187792616,0.5407431847338097,0.24110270751831822,0.25013592187792616,CP,0.009033214359607938,0.03318264875207236,0.009033214359607938,0.2996404772154915,10,N900_RS17145,0.7030250333333334,-2.609,4.1445,1h_SI3,1h,SI3,24h_SI1,24h,SI1,6.7535,N900_RS17145
N900_RS17150,0.7492196049485269,0.7243376013467534,0.8398557247453703,0.6849621481102592,0.7243376013467534,CP,0.03937545323649416,0.06425745683826767,0.03937545323649416,0.15489357663511105,10,N900_RS17150,-0.7846704,-2.6707,2.5988,12h_SI4,12h,SI4,1h_SI1,1h,SI1,5.269500000000001,N900_RS17150
N900_RS17155,0.16086242418296556,0.23601889661303296,0.430727905120583,0.19363840164604246,0.16086242418296556,PCA,-0.032775977463076894,-0.032775977463076894,0.042380494966990506,0.23708950347454055,10,hydroxymethylglutaryl-CoA reductase,1.2817511833333335,-0.33346,4.9465,1h_SI8,1h,SI8,3h_SI4,3h,SI4,5.27996,hydroxymethylglutaryl-CoA reductase
N900_RS17160,0.20724774513429614,0.2388499666372384,0.5119970426433786,0.29514553255735937,0.20724774513429614,PCA,-0.08789778742306323,-0.08789778742306323,-0.05629556592012097,0.21685151008601927,10,modC,0.29395718,-1.5682,3.5798,3h_SI9,3h,SI9,3h_SI2,3h,SI2,5.148,modC
N900_RS17165,0.2516852799738904,0.363724605918965,0.4594660147117994,0.23490099668745343,0.2516852799738904,PCA,0.01678428328643697,0.01678428328643697,0.12882360923151157,0.22456501802434595,10,modB,0.4785044333333335,-0.83515,3.6116,24h_SI9,24h,SI9,3h_SI1,3h,SI1,4.44675,modB
N900_RS17170,0.3199460705345548,0.3253018452373209,0.4658368302281006,0.38548807481352426,0.3199460705345548,PCA,-0.06554200427896945,-0.06554200427896945,-0.06018622957620334,0.08034875541457631,10,modA,1.083801783333333,-0.47467,4.7104,12h_SI6,12h,SI6,3h_SI1,3h,SI1,5.18507,modA
N900_RS17175,0.3898752626161095,0.4533365082266191,0.5649518765614522,0.40704116778030625,0.3898752626161095,PCA,-0.01716590516419675,-0.01716590516419675,0.04629534044631284,0.15791070878114594,10,cobQ,0.9838760250000002,-1.1049,4.5436,6h_SI2,6h,SI2,3h_SI1,3h,SI1,5.648499999999999,cobQ
N900_RS17180,0.19750930606683387,0.20343114157725598,0.4567362757936017,0.2227484721371415,0.19750930606683387,PCA,-0.025239166070307628,-0.025239166070307628,-0.01931733055988552,0.2339878036564602,10,DNA recombination protein RecF,0.40117316666666664,-1.2621,2.8585,3h_SI9,3h,SI9,3h_SI2,3h,SI2,4.1206,DNA recombination protein RecF
N900_RS17185,0.3918959506206693,0.5155929518106322,0.6852352966681381,0.4550885683796956,0.3918959506206693,PCA,-0.06319261775902629,-0.06319261775902629,0.06050438343093667,0.23014672828844251,10,N900_RS17185,0.5620081033333334,-1.7638,4.0633,3h_SI9,3h,SI9,1h_ce,1h,ce,5.8271,N900_RS17185
N900_RS17190,0.383620905893764,0.35190255525080616,0.7415150017672205,0.3998577130806902,0.35190255525080616,CP,-0.04795515782988402,-0.01623680718692616,-0.04795515782988402,0.34165728868653034,10,N900_RS17190,0.3306763333333333,-2.9532,5.0123,3h_SI9,3h,SI9,3h_SI3,3h,SI3,7.9655,N900_RS17190
N900_RS17195,0.5607131985571101,0.5574327902788418,0.878796943140887,0.531560859864877,0.5574327902788418,CP,0.02587193041396485,0.029152338692233104,0.02587193041396485,0.34723608327600997,10,N900_RS17195,1.0411199666666664,-0.055506,4.76,1h_SI8,1h,SI8,3h_SI4,3h,SI4,4.815506,N900_RS17195
N900_RS17200,0.25423202088210134,0.2495221099615531,0.37324693175999996,0.1897428274428058,0.2495221099615531,CP,0.05977928251874731,0.06448919343929554,0.05977928251874731,0.18350410431719416,10,NirD/YgiW/YdeI family stress tolerance protein,1.1170059,-0.37917,3.2817,12h_st,12h,st,3h_SI1,3h,SI1,3.66087,NirD/YgiW/YdeI family stress tolerance protein
N900_RS17205,0.3601705764009549,0.5435664728168395,0.8671947220070102,0.5248485770940662,0.3601705764009549,PCA,-0.16467800069311128,-0.16467800069311128,0.01871789572277327,0.342346144912944,10,N900_RS17205,0.8893727666666664,-2.313,6.1177,12h_SI8,12h,SI8,3h_SI1,3h,SI1,8.4307,N900_RS17205
N900_RS17210,0.17607400400807674,0.19943288458029945,0.3502800713794505,0.20358611508499094,0.17607400400807674,PCA,-0.027512111076914203,-0.027512111076914203,-0.004153230504691491,0.14669395629445955,10,N900_RS17210,1.2762096333333335,-0.15081,4.5136,1h_ce,1h,ce,6h_SI2,6h,SI2,4.66441,N900_RS17210
N900_RS17215,0.7705453798525074,0.8257398498895708,0.8569202389699303,0.5537891352015303,0.7705453798525074,PCA,0.2167562446509771,0.2167562446509771,0.27195071468804055,0.3031311037684,10,flagellar brake protein,-0.21507065,-2.5255,4.5015,12h_SI4,12h,SI4,1h_ce,1h,ce,7.027,flagellar brake protein
N900_RS17220,0.48092836870177486,0.45942931414228044,0.6456037619329809,0.47603500412578453,0.45942931414228044,CP,-0.01660568998350409,0.004893364575990322,-0.01660568998350409,0.16956875780719632,10,luxQ,1.182231666666667,-0.56745,4.5966,24h_SI9,24h,SI9,12h_SI2,12h,SI2,5.16405,luxQ
N900_RS17225,0.16891458808792778,0.19792321433228138,0.39937880813180376,0.11930224947965445,0.16891458808792778,PCA,0.049612338608273326,0.049612338608273326,0.07862096485262693,0.2800765586521493,10,luxp,0.7303537966666667,-1.1726,3.9362,1h_SI5,1h,SI5,6h_ce,6h,ce,5.1088000000000005,luxp
N900_RS17230,0.18303645674152047,0.27593929946852924,0.35071455453650463,0.1898832436687305,0.18303645674152047,PCA,-0.006846786927210025,-0.006846786927210025,0.08605605579979875,0.16083131086777414,10,traf,0.7390442776666668,-0.69807,2.8957,1h_st,1h,st,3h_SI4,3h,SI4,3.59377,traf
N900_RS17235,0.1696950329051594,0.13888410395333473,0.4528543165880804,0.26596111972256553,0.13888410395333473,CP,-0.1270770157692308,-0.09626608681740614,-0.1270770157692308,0.18689319686551487,10,VC_A0740_BLAST,1.0040837166666667,-0.51741,4.1299,3h_SI1,3h,SI1,3h_SI2,3h,SI2,4.64731,VC_A0740_BLAST
N900_RS17240,0.5417670005074522,0.5870442161520074,0.8110570513777051,0.5823651029053376,0.5417670005074522,PCA,-0.040598102397885416,-0.040598102397885416,0.004679113246669808,0.2286919484723675,10,N900_RS17240,-0.77394005,-2.5171,3.0223,12h_SI4,12h,SI4,6h_SI2,6h,SI2,5.5394000000000005,N900_RS17240
N900_RS17245,0.43285548275949004,0.41302875813579126,0.6471297639263208,0.4524558965032676,0.41302875813579126,CP,-0.039427138367476355,-0.01960041374377758,-0.039427138367476355,0.1946738674230532,10,tmaR_BLAST,0.7025685183333331,-0.8223,3.5791,1h_ce,1h,ce,6h_SI1,6h,SI1,4.4014,tmaR_BLAST
N900_RS17250,0.2676270991951943,0.29010168541345066,0.4029516517972824,0.2628488560509265,0.2676270991951943,PCA,0.00477824314426778,0.00477824314426778,0.027252829362524156,0.14010279574635587,10,N900_RS17250,1.2560773666666667,-0.47987,4.4691,3h_co,3h,co,3h_SI5,3h,SI5,4.94897,N900_RS17250
N900_RS17255,0.632475329083233,0.6367417303384809,0.7198476411923255,0.6164953213762162,0.632475329083233,PCA,0.015980007707016797,0.015980007707016797,0.020246408962264706,0.10335231981610926,10,membrane protein_8,0.052410633333333324,-1.5,2.9245,3h_SI5,3h,SI5,1h_st,1h,st,4.4245,membrane protein_8
N900_RS17260,0.12255556823543981,0.14008245458384305,0.33306737295408706,0.1545851184930803,0.12255556823543981,PCA,-0.03202955025764048,-0.03202955025764048,-0.01450266390923724,0.17848225446100677,10,glpK,0.6003520166666666,-1.1748,4.5069,12h_SI7,12h,SI7,3h_st,3h,st,5.6817,glpK
N900_RS17265,0.37798200225828166,0.3779034997342804,0.5920217720640006,0.42212046129091324,0.3779034997342804,CP,-0.04421696155663285,-0.04413845903263158,-0.04421696155663285,0.1699013107730874,10,glpF,0.6165837333333333,-2.6402,5.4468,12h_SI8,12h,SI8,12h_SI1,12h,SI1,8.087,glpF
N900_RS17275,0.35353461578991696,0.5097979947672155,0.6820857626579148,0.37759204013844455,0.35353461578991696,PCA,-0.02405742434852759,-0.02405742434852759,0.132205954628771,0.3044937225194702,10,glpA,-0.3773540166666666,-2.0955,2.7264,1h_SI1,1h,SI1,3h_SI1,3h,SI1,4.821899999999999,glpA
N900_RS17280,0.2905474166316552,0.312752984246104,0.5485297344086658,0.3059791350382534,0.2905474166316552,PCA,-0.015431718406598238,-0.015431718406598238,0.0067738492078505685,0.2425505993704124,10,glpB,0.11840099999999999,-1.1294,3.446,24h_SI9,24h,SI9,3h_SI3,3h,SI3,4.5754,glpB
N900_RS17285,0.4089239064535611,0.4062773684533936,0.6684338110223601,0.5530103526683405,0.4062773684533936,CP,-0.14673298421494696,-0.14408644621477945,-0.14673298421494696,0.11542345835401957,10,glpC,-0.6903858499999999,-2.0003,2.173,6h_st,6h,st,3h_SI2,3h,SI2,4.1733,glpC
N900_RS17290,0.23560960595699934,0.2604643217418064,0.32648811949614964,0.25332188056604055,0.23560960595699934,PCA,-0.017712274609041206,-0.017712274609041206,0.007142441175765846,0.0731662389301091,10,fabH2,0.7739016166666669,-0.77547,4.1364,3h_co,3h,co,1h_SI1,1h,SI1,4.91187,fabH2
N900_RS17295,0.24606003151775396,0.30238084227448364,0.3818426571230782,0.15397536440744838,0.24606003151775396,PCA,0.09208466711030558,0.09208466711030558,0.14840547786703526,0.2278672927156298,10,trxC,1.2598175171666666,-0.99765,5.2795,1h_co,1h,co,1h_st,1h,st,6.27715,trxC
N900_RS17300,0.33394815130976363,0.37310695628261636,0.5813381662418353,0.34701571698174116,0.33394815130976363,PCA,-0.013067565671977532,-0.013067565671977532,0.026091239300875202,0.23432244926009416,10,ycaD,1.206657616666667,-0.51427,4.1052,12h_st,12h,st,6h_SI4,6h,SI4,4.61947,ycaD
N900_RS17305,0.4266105055411297,0.42224379808548507,0.9136121890440783,0.5021729893152326,0.42224379808548507,CP,-0.07992919122974751,-0.07556248377410285,-0.07992919122974751,0.4114391997288457,10,lipase,0.5709671833333335,-0.98955,3.6409,6h_co,6h,co,6h_st,6h,st,4.63045,lipase
N900_RS17320,0.20270979942248185,0.17671737218676986,0.5209954962519115,0.2814631875426264,0.17671737218676986,CP,-0.10474581535585653,-0.07875338812014454,-0.10474581535585653,0.23953230870928516,10,N900_RS17320,0.3061075650000001,-0.98749,3.5751,6h_st,6h,st,3h_st,3h,st,4.56259,N900_RS17320
N900_RS17325,0.2707755043714142,0.2751558944505698,0.5237342250083734,0.22973146782900875,0.2707755043714142,PCA,0.04104403654240543,0.04104403654240543,0.04542442662156107,0.29400275717936464,10,lysr_5,1.30877688,-0.1414,5.1719,1h_SI5,1h,SI5,3h_SI3,3h,SI3,5.3133,lysr_5
N900_RS17330,0.40543570762201375,0.4333264154779547,0.6722310039770782,0.3479575793951101,0.40543570762201375,PCA,0.05747812822690368,0.05747812822690368,0.08536883608284462,0.3242734245819682,10,artM,0.3925796,-1.2675,3.824,6h_SI2,6h,SI2,3h_SI4,3h,SI4,5.0915,artM
N900_RS17335,0.1208021701507533,0.11738943959008517,0.24943284279892994,0.0860321896581885,0.11738943959008517,CP,0.031357249931896675,0.0347699804925648,0.031357249931896675,0.16340065314074143,10,artQ,1.0318918499999998,-0.92565,3.8465,1h_co,1h,co,3h_SI4,3h,SI4,4.77215,artQ
N900_RS17340,0.3813056607911461,0.3198533642543027,0.6606699550147008,0.40503339542965905,0.3198533642543027,CP,-0.08518003117535633,-0.023727734638512965,-0.08518003117535633,0.2556365595850418,10,artI_1,-0.046667466666666664,-1.9376,3.2309,24h_st,24h,st,3h_SI7,3h,SI7,5.1685,artI_1
N900_RS17345,0.5954830864838837,0.566112460241854,0.7061799589148231,0.5395640757052511,0.566112460241854,CP,0.02654838453660291,0.055919010778632594,0.02654838453660291,0.166615883209572,10,artP,0.36941128333333334,-1.241,3.3108,6h_SI2,6h,SI2,3h_SI8,3h,SI8,4.5518,artP
N900_RS17355,0.13142449600379472,0.18359102476178177,0.3478737261813581,0.2058588172205283,0.13142449600379472,PCA,-0.07443432121673357,-0.07443432121673357,-0.02226779245874652,0.1420149089608298,10,viaA,1.4686574166666666,-0.95074,4.6164,1h_SI9,1h,SI9,3h_SI2,3h,SI2,5.567139999999999,viaA
N900_RS17360,0.3418959425469103,0.3778000637252044,0.5252237067397735,0.36266525571784686,0.3418959425469103,PCA,-0.020769313170936554,-0.020769313170936554,0.015134808007357559,0.16255845102192662,10,ravA,1.2431717499999997,-0.23129,4.2184,6h_st,6h,st,3h_SI5,3h,SI5,4.44969,ravA
N900_RS17365,0.5879153709927748,0.5654477195003427,0.8292506127288123,0.5678147193405292,0.5654477195003427,CP,-0.002366999840186512,0.020100651652245616,-0.002366999840186512,0.2614358933882831,10,NUDIX hydrolase_2,0.6811701166666667,-0.78218,4.8826,6h_SI5,6h,SI5,6h_SI2,6h,SI2,5.66478,NUDIX hydrolase_2
N900_RS17370,0.3653394999567604,0.5151406948138523,0.6338662418424401,0.36630121833836127,0.3653394999567604,PCA,-0.0009617183816008623,-0.0009617183816008623,0.148839476475491,0.26756502350407885,10,ltaE,-0.055477656666666646,-1.4579,2.8178,6h_st,6h,st,3h_SI2,3h,SI2,4.2757000000000005,ltaE
N900_RS17375,0.25575669825803354,0.2464796823363887,0.3900834326079463,0.2631150993328875,0.2464796823363887,CP,-0.016635416996498814,-0.007358401074853971,-0.016635416996498814,0.1269683332750588,10,cytochrome c_3,0.2012271,-1.1163,2.4199,12h_st,12h,st,3h_SI3,3h,SI3,3.5362,cytochrome c_3
N900_RS17380,0.299028010776848,0.3294953438953339,0.47039417277837453,0.27850231421010885,0.299028010776848,PCA,0.020525696566739138,0.020525696566739138,0.050993029685225066,0.19189185856826568,10,ttgR,1.4613392499999998,-0.59587,4.4839,3h_SI3,3h,SI3,6h_SI1,6h,SI1,5.07977,ttgR
N900_RS17385,0.3642337089102611,0.3983171820043439,0.5676259094032754,0.34067954579135606,0.3642337089102611,PCA,0.023554163118905014,0.023554163118905014,0.05763763621298784,0.22694636361191933,10,rhlE_4,0.18723543333333337,-1.2224,3.6755,6h_SI2,6h,SI2,12h_SI1,12h,SI1,4.8979,rhlE_4
N900_RS17390,0.5085465869115264,0.513590890940728,0.7707870265409724,0.5458062639624243,0.5085465869115264,PCA,-0.03725967705089783,-0.03725967705089783,-0.0322153730216963,0.22498076257854815,10,acpH,0.8077470708333334,-1.426,4.4622,1h_ce,1h,ce,1h_SI1,1h,SI1,5.8882,acpH
N900_RS17400,0.3586920414888678,0.4247860785457355,0.7086172403129058,0.42027883890700635,0.3586920414888678,PCA,-0.06158679741813855,-0.06158679741813855,0.004507239638729177,0.2883384014058995,10,tyrP,1.1570838300000001,-0.52762,3.5995,1h_SI2,1h,SI2,3h_SI5,3h,SI5,4.12712,tyrP
N900_RS17405,0.381049471861701,0.4338313274559053,0.857834809365036,0.40760065720444866,0.381049471861701,PCA,-0.02655118534274764,-0.02655118534274764,0.026230670251456645,0.4502341521605873,10,pctC_3,-0.032300850000000006,-1.2325,4.2403,12h_SI8,12h,SI8,6h_SI2,6h,SI2,5.4728,pctC_3
N900_RS17410,0.47864428214904664,0.505314640426082,0.717280806685076,0.46928822614235327,0.47864428214904664,PCA,0.00935605600669337,0.00935605600669337,0.036026414283728714,0.24799258054272272,10,galE,-0.7105207866666666,-4.5677,4.4086,12h_SI8,12h,SI8,1h_st,1h,st,8.9763,galE
N900_RS17415,0.6684491880155224,0.5822434647267198,0.7440079899301142,0.5835784628004791,0.5822434647267198,CP,-0.0013349980737592526,0.08487072521504335,-0.0013349980737592526,0.1604295271296351,10,N900_RS17415,0.20791063333333334,-1.3735,3.7645,6h_SI1,6h,SI1,6h_SI4,6h,SI4,5.138,N900_RS17415
N900_RS17420,0.6913178733350657,0.7380744327344309,0.8588171066345633,0.682279781064922,0.6913178733350657,PCA,0.009038092270143627,0.009038092270143627,0.05579465166950881,0.1765373255696413,10,pxpA3,0.004307596833333332,7.921e-05,0.097573,6h_SI5,6h,SI5,12h_st,12h,st,0.09749379,pxpA3
N900_RS17425,0.3492519943053683,0.3282767479022716,0.48174830245887146,0.35421500042276616,0.3282767479022716,CP,-0.02593825252049453,-0.004963006117397861,-0.02593825252049453,0.1275333020361053,10,pxpB,0.6027269683333334,-1.0463,5.068,6h_SI4,6h,SI4,6h_SI2,6h,SI2,6.1143,pxpB
N900_RS17430,0.24688832785045858,0.1985750165416594,0.401205210750924,0.22138507820384662,0.1985750165416594,CP,-0.022810061662187214,0.025503249646611964,-0.022810061662187214,0.1798201325470774,10,pxpC,0.4106913500000001,-0.91513,3.4087,6h_SI6,6h,SI6,12h_st,12h,st,4.32383,pxpC
N900_RS17435,0.17972624572838505,0.1495498355782708,0.29239915201187533,0.13105652294238365,0.1495498355782708,CP,0.01849331263588716,0.0486697227860014,0.01849331263588716,0.16134262906949168,10,FAD-dependent oxidoreductase_2,1.2542238333333335,-0.080534,3.8774,3h_co,3h,co,3h_SI2,3h,SI2,3.9579340000000003,FAD-dependent oxidoreductase_2
N900_RS17440,0.24222181310335952,0.2661941173104984,0.44308013939250324,0.26367376782393676,0.24222181310335952,PCA,-0.021451954720577232,-0.021451954720577232,0.002520349486561657,0.17940637156856648,10,ugd,1.2105370000000002,-0.26174,4.7864,6h_st,6h,st,3h_SI6,3h,SI6,5.04814,ugd
N900_RS17445,0.19097984232652118,0.18366503220629063,0.3269452725921637,0.1574665472867856,0.18366503220629063,CP,0.026198484919505022,0.033513295039735574,0.026198484919505022,0.1694787253053781,10,ABC transporter permease_7,0.6328677866666665,-0.72178,3.5048,6h_st,6h,st,3h_st,3h,st,4.22658,ABC transporter permease_7
N900_RS17450,0.15302847034704073,0.15930183886367988,0.339260115100137,0.22182864137293185,0.15302847034704073,PCA,-0.06880017102589112,-0.06880017102589112,-0.06252680250925197,0.11743147372720514,10,lolD_2,0.6380340696666668,-1.0085,4.294,1h_st,1h,st,3h_SI2,3h,SI2,5.302499999999999,lolD_2
N900_RS17455,0.43393137947602917,0.49600035551784993,0.708968174297358,0.38199812520998605,0.43393137947602917,PCA,0.051933254266043116,0.051933254266043116,0.11400223030786388,0.326970049087372,10,tesA,0.7459913016666666,-1.1253,4.4167,3h_SI7,3h,SI7,3h_SI2,3h,SI2,5.542,tesA
N900_RS17460,0.21391938379772846,0.2432632658463169,0.5042349904760545,0.2269559110339819,0.21391938379772846,PCA,-0.013036527236253453,-0.013036527236253453,0.016307354812335,0.27727907944207253,10,fabV_2,0.691949085,-0.67547,3.5099,3h_SI4,3h,SI4,12h_SI1,12h,SI1,4.18537,fabV_2
N900_RS17465,0.3644754122170253,0.400251867641235,0.6264268927771706,0.32778628549836586,0.3644754122170253,PCA,0.036689126718659426,0.036689126718659426,0.07246558214286913,0.2986406072788047,10,sensor domain-containing phosphodiesterase,0.5769836766666666,-1.372,3.7345,6h_SI3,6h,SI3,12h_st,12h,st,5.1065000000000005,sensor domain-containing phosphodiesterase
N900_RS17480,0.5501843209403547,0.5872991329999014,0.9509478395183136,0.5279448004211065,0.5501843209403547,PCA,0.022239520519248268,0.022239520519248268,0.059354332578794966,0.42300303909720716,10,dnaj,0.16117439000000008,-2.0454,3.834,1h_SI2,1h,SI2,3h_SI2,3h,SI2,5.8794,dnaj
N900_RS17485,0.343819455769946,0.3468729998830282,0.5762255290615584,0.392166134419747,0.343819455769946,PCA,-0.04834667864980102,-0.04834667864980102,-0.04529313453671879,0.18405939464181142,10,yjdF,1.0515363500000001,-0.65726,4.6891,6h_SI3,6h,SI3,6h_st,6h,st,5.34636,yjdF
N900_RS17490,0.21911523374188596,0.2063594614109649,0.34154057447211356,0.19497679387548403,0.2063594614109649,CP,0.011382667535480867,0.024138439866401934,0.011382667535480867,0.14656378059662953,10,N900_RS17490,1.3283790166666667,-0.35622,4.4181,12h_st,12h,st,3h_SI3,3h,SI3,4.7743199999999995,N900_RS17490
N900_RS17505,0.5003481817050955,0.457010401211235,0.5837817277487242,0.4490066484736196,0.457010401211235,CP,0.008003752737615388,0.051341533231475944,0.008003752737615388,0.13477507927510457,10,Rha family transcriptional regulator,1.4790825833333332,-0.3036,4.9395,3h_SI5,3h,SI5,6h_SI2,6h,SI2,5.2431,Rha family transcriptional regulator
N900_RS17510,0.4863394931406845,0.44642258499771015,0.7144305369370492,0.48842387467087345,0.44642258499771015,CP,-0.0420012896731633,-0.0020843815301889723,-0.0420012896731633,0.22600666226617572,10,N900_RS17510,0.5240943333333333,-2.0492,4.2201,1h_SI2,1h,SI2,3h_SI2,3h,SI2,6.2693,N900_RS17510
N900_RS17515,0.09455492428744745,0.10940836148423866,0.2597051844226409,0.09753143920194722,0.09455492428744745,PCA,-0.002976514914499767,-0.002976514914499767,0.011876922282291438,0.16217374522069367,10,"resolvase, putative",1.0423008999999999,-0.41253,4.9603,6h_SI7,6h,SI7,3h_SI2,3h,SI2,5.37283,"resolvase, putative"
N900_RS17520,1.0525610733040551,0.9300143914659919,1.0720700480342835,0.9989628003616813,0.9300143914659919,CP,-0.06894840889568943,0.05359827294237385,-0.06894840889568943,0.07310724767260224,10,transcription initiation factor TFIIIB,0.23671706666666667,-2.1166,3.1143,3h_SI7,3h,SI7,3h_SI8,3h,SI8,5.2309,transcription initiation factor TFIIIB
N900_RS17525,0.34112150583908857,0.3972614586608041,0.5321744674462596,0.3931848606448086,0.34112150583908857,PCA,-0.05206335480572005,-0.05206335480572005,0.0040765980159954696,0.138989606801451,10,yieH,0.9582375816666666,-0.90131,4.0662,1h_SI7,1h,SI7,3h_SI4,3h,SI4,4.96751,yieH
N900_RS17530,0.3955237555951773,0.4290491522262278,0.725875051554359,0.43960392926847175,0.3955237555951773,PCA,-0.044080173673294476,-0.044080173673294476,-0.010554777042243946,0.2862711222858873,10,N900_RS17530,0.7696543350000001,-0.60461,3.6619,3h_SI1,3h,SI1,6h_SI3,6h,SI3,4.26651,N900_RS17530
N900_RS17535,0.3684609263198632,0.3939539711663889,0.6252425524588444,0.3583485001550564,0.3684609263198632,PCA,0.010112426164806787,0.010112426164806787,0.03560547101133249,0.266894052303788,10,creA,1.0667885000000001,-0.60431,4.2276,1h_co,1h,co,12h_SI3,12h,SI3,4.83191,creA
N900_RS17540,0.41286335229804205,0.3879059228743546,0.7598887353941564,0.4488857101190499,0.3879059228743546,CP,-0.06097978724469527,-0.03602235782100782,-0.06097978724469527,0.3110030252751065,10,gsk_2,1.33893285,-0.45943,5.9925,6h_ce,6h,ce,6h_st,6h,st,6.45193,gsk_2
N900_RS17545,0.2317833767822762,0.2291461060044266,0.39158466042286033,0.21237010219616095,0.2291461060044266,CP,0.016776003808265633,0.019413274586115248,0.016776003808265633,0.17921455822669938,10,mdoB,1.4922828733333333,-0.056656,4.2972,6h_st,6h,st,3h_SI5,3h,SI5,4.353856,mdoB
N900_RS17550,0.30297856922550154,0.3029035423100984,0.5111914565435479,0.22836952638974983,0.3029035423100984,CP,0.07453401592034858,0.0746090428357517,0.07453401592034858,0.2828219301537981,10,vesA,1.496616616666667,-1.1355,4.5367,6h_SI3,6h,SI3,12h_SI1,12h,SI1,5.6722,vesA
N900_RS17555,0.5828153125987533,0.46248606167650214,0.7045923485396915,0.48044902927110944,0.46248606167650214,CP,-0.017962967594607304,0.10236628332764386,-0.017962967594607304,0.2241433192685821,10,DEAD/DEAH box family ATP-dependent RNA helicase,1.063649216666667,-2.4282,6.1077,1h_SI5,1h,SI5,3h_SI3,3h,SI3,8.5359,DEAD/DEAH box family ATP-dependent RNA helicase
N900_RS17560,0.5964078781062555,0.6933897443386435,0.8634045734154285,0.6643679905329317,0.5964078781062555,PCA,-0.06796011242667621,-0.06796011242667621,0.029021753805711814,0.19903658288249682,10,rnb,-0.2808966833333333,-1.9472,3.3967,1h_SI1,1h,SI1,3h_SI4,3h,SI4,5.3439,rnb
N900_RS17565,0.5720059010034724,0.6300206453519442,0.948731431889986,0.6566748992854997,0.5720059010034724,PCA,-0.08466899828202734,-0.08466899828202734,-0.026654253933555472,0.2920565326044863,10,N900_RS17565,0.759357,-1.7469,5.3842,6h_ce,6h,ce,1h_st,1h,st,7.1311,N900_RS17565
N900_RS17570,0.2108935823483731,0.24146016089987912,0.3883829907639631,0.23782874709759008,0.2108935823483731,PCA,-0.026935164749216978,-0.026935164749216978,0.0036314138022890408,0.15055424366637302,10,pstS_2,1.1868148250000001,-0.63667,4.5699,1h_SI7,1h,SI7,3h_SI1,3h,SI1,5.206569999999999,pstS_2
N900_RS17575,0.44905588424236176,0.4841585885962151,0.5722940208226006,0.4390568107076889,0.44905588424236176,PCA,0.009999073534672831,0.009999073534672831,0.04510177788852615,0.13323721011491169,10,MaoC family dehydratase,0.5215651666666667,-2.7246,2.8798,6h_SI5,6h,SI5,12h_SI2,12h,SI2,5.6044,MaoC family dehydratase
N900_RS17580,0.2038777923213327,0.20243575955944368,0.3202197789891415,0.2006729079029306,0.20243575955944368,CP,0.0017628516565130758,0.0032048844184021097,0.0017628516565130758,0.1195468710862109,10,phrB_1,0.9998710000000001,-0.26857,4.1433,1h_SI5,1h,SI5,3h_SI1,3h,SI1,4.41187,phrB_1
N900_RS17585,0.3397873955356119,0.5328570034625361,0.6530364180695888,0.43891543366420266,0.3397873955356119,PCA,-0.09912803812859078,-0.09912803812859078,0.0939415697983334,0.21412098440538613,10,gbpA,1.4135446666666667,-0.76527,4.8885,6h_SI6,6h,SI6,3h_SI4,3h,SI4,5.65377,gbpA
N900_RS17590,0.19894788938497943,0.2307014542703144,0.3567567480998999,0.2411581799976688,0.19894788938497943,PCA,-0.04221029061268938,-0.04221029061268938,-0.010456725727354399,0.11559856810223107,10,peptidase_4,1.3174229849999997,-0.13686,4.6615,1h_SI8,1h,SI8,1h_SI1,1h,SI1,4.798360000000001,peptidase_4
N900_RS17595,0.262091219710504,0.306437131738145,0.7461032902119679,0.24026337529193198,0.262091219710504,PCA,0.021827844418571996,0.021827844418571996,0.06617375644621304,0.5058399149200359,10,Bacterial leucyl aminopeptidase_BLAST,0.49667377833333326,-1.0556,4.4349,6h_SI3,6h,SI3,3h_SI2,3h,SI2,5.4905,Bacterial leucyl aminopeptidase_BLAST
N900_RS17600,0.584588791148746,0.655051865156987,0.7557558589491794,0.5782334816760996,0.584588791148746,PCA,0.006355309472646398,0.006355309472646398,0.07681838348088743,0.17752237727307985,10,speB,0.4268282466666667,-0.97639,3.9475,6h_SI2,6h,SI2,6h_SI1,6h,SI1,4.92389,speB
N900_RS17605,0.2450049369121207,0.2570381420709992,0.4176202581852552,0.24973135745396532,0.2450049369121207,PCA,-0.004726420541844634,-0.004726420541844634,0.007306784617033851,0.1678889007312899,10,speA,-0.34985630984999994,-2.0291,3.8426,24h_st,24h,st,3h_SI3,3h,SI3,5.871700000000001,speA
N900_RS17610,0.23879673845972194,0.2577717082636878,0.4089696776939659,0.24579119161593352,0.23879673845972194,PCA,-0.006994453156211583,-0.006994453156211583,0.011980516647754264,0.1631784860780324,10,mechanosensitive ion channel protein,0.4576205666666667,-0.7909,3.4929,24h_SI8,24h,SI8,3h_SI4,3h,SI4,4.2838,mechanosensitive ion channel protein
N900_RS17615,0.49601669602087123,0.49538956671538686,0.6905304901596906,0.48140939184884696,0.49538956671538686,CP,0.013980174866539907,0.014607304172024271,0.013980174866539907,0.20912109831084363,10,mgtE_3,-0.5498134666666668,-3.4771,3.567,6h_co,6h,co,3h_SI1,3h,SI1,7.0441,mgtE_3
N900_RS17620,0.21726354016902655,0.22656894543312867,0.3342866851319241,0.11192086729533147,0.21726354016902655,PCA,0.10534267287369507,0.10534267287369507,0.11464807813779719,0.22236581783659265,10,groS_2,0.9049580516666667,-0.47564,4.331,6h_st,6h,st,6h_ce,6h,ce,4.806640000000001,groS_2
N900_RS17625,0.26294797717898244,0.28932372235128695,0.38243807071313984,0.13000839403971945,0.26294797717898244,PCA,0.132939583139263,0.132939583139263,0.1593153283115675,0.2524296766734204,10,groL_2,1.4953056316666666,-0.10164,4.8186,1h_SI6,1h,SI6,6h_ce,6h,ce,4.92024,groL_2
N900_RS17630,0.2062910582504723,0.24040087116049305,0.4312185787308783,0.19209266790262017,0.2062910582504723,PCA,0.014198390347852141,0.014198390347852141,0.048308203257872884,0.23912591082825815,10,N900_RS17630,1.4592262833333332,-0.081803,4.7336,1h_SI8,1h,SI8,3h_SI1,3h,SI1,4.815403,N900_RS17630
N900_RS17635,0.3149383431424074,0.3292461221092124,0.5225899754828754,0.3394864069473841,0.3149383431424074,PCA,-0.024548063804976705,-0.024548063804976705,-0.010240284838171687,0.18310356853549137,10,ask,0.6735434166666666,-0.77302,3.4215,6h_st,6h,st,3h_SI2,3h,SI2,4.19452,ask
N900_RS17640,0.12697899830095252,0.09531096455691092,0.18881235958219253,0.10581676753391603,0.09531096455691092,CP,-0.01050580297700511,0.021162230767036494,-0.01050580297700511,0.0829955920482765,10,ectC,1.6218537166666671,-0.078765,4.1303,1h_SI8,1h,SI8,6h_SI1,6h,SI1,4.209065,ectC
N900_RS17645,0.2853741486460043,0.2770697013805677,0.39590645591146123,0.24199554574437415,0.2770697013805677,CP,0.03507415563619354,0.04337860290163015,0.03507415563619354,0.15391091016708708,10,ectB,0.7576948916666667,-1.3876,3.0141,6h_SI1,6h,SI1,3h_SI5,3h,SI5,4.4017,ectB
N900_RS17650,0.147737547110826,0.18155314589797916,0.4321296795103533,0.11788507361564723,0.147737547110826,PCA,0.029852473495178777,0.029852473495178777,0.06366807228233193,0.31424460589470604,10,"L-2,4-diaminobutyric acid acetyltransferase",0.7623175500000001,-0.53422,4.391,6h_st,6h,st,3h_SI1,3h,SI1,4.92522,"L-2,4-diaminobutyric acid acetyltransferase"
N900_RS17655,0.278486392271136,0.28712455554601823,0.48924559600853085,0.24253243748654657,0.278486392271136,PCA,0.035953954784589404,0.035953954784589404,0.044592118059471664,0.24671315852198428,10,4a-hydroxytetrahydrobiopterin dehydratase,0.5276329499999999,-0.83213,3.726,3h_SI2,3h,SI2,12h_SI1,12h,SI1,4.55813,4a-hydroxytetrahydrobiopterin dehydratase
N900_RS17660,0.264422221539289,0.23854742559503048,0.33940544115026827,0.23840016592714772,0.23854742559503048,CP,0.0001472596678827598,0.026022055612141298,0.0001472596678827598,0.10100527522312056,10,phhA,1.1503851666666665,-0.66631,4.0398,1h_SI4,1h,SI4,1h_SI1,1h,SI1,4.70611,phhA
N900_RS17665,0.23293450579976652,0.20922310054319568,0.41963898556382007,0.23566762248242096,0.20922310054319568,CP,-0.02644452193922528,-0.0027331166826544406,-0.02644452193922528,0.1839713630813991,10,acs_2,0.13063101166666674,-1.1944,3.6812,1h_st,1h,st,6h_SI4,6h,SI4,4.8756,acs_2
N900_RS17670,0.3148549384460434,0.43883887009645733,0.7987016921511985,0.4025553152174641,0.3148549384460434,PCA,-0.08770037677142073,-0.08770037677142073,0.03628355487899321,0.39614637693373433,10,LysR family transcriptional regulator_7,0.30127895,-1.4317,3.4564,3h_SI9,3h,SI9,3h_st,3h,st,4.8881,LysR family transcriptional regulator_7
N900_RS17675,0.3384301585958379,0.30642045836283327,0.6770040437729719,0.43925472669938437,0.30642045836283327,CP,-0.1328342683365511,-0.10082456810354645,-0.1328342683365511,0.23774931707358749,10,N900_RS17675,-0.4158403833333334,-3.3317,2.7904,24h_st,24h,st,3h_SI2,3h,SI2,6.1221,N900_RS17675
N900_RS17680,0.5321174559931876,0.5943168589136625,0.8414322847378892,0.5607462520798324,0.5321174559931876,PCA,-0.028628796086644814,-0.028628796086644814,0.03357060683383006,0.2806860326580568,10,"methyltransferase, putative",0.5584226166666667,-0.85781,3.3543,1h_co,1h,co,12h_SI2,12h,SI2,4.21211,"methyltransferase, putative"
N900_RS17685,0.3430008094074246,0.3649218209365903,0.39674161178392436,0.14873694741084076,0.3430008094074246,PCA,0.19426386199658385,0.19426386199658385,0.21618487352574955,0.2480046643730836,10,LysR family transcriptional regulator_10,0.7621853891666667,-0.61091,3.8667,1h_st,1h,st,3h_SI1,3h,SI1,4.477609999999999,LysR family transcriptional regulator_10
N900_RS17690,0.1331800669330931,0.13073356877931266,0.3081959547331856,0.1417163885589089,0.13073356877931266,CP,-0.010982819779596226,-0.008536321625815801,-0.010982819779596226,0.16647956617427673,10,cation diffusion facilitator family transporter,1.5427311000000001,-0.36098,4.9598,1h_SI6,1h,SI6,3h_SI3,3h,SI3,5.32078,cation diffusion facilitator family transporter
N900_RS17695,0.25506321916260155,0.22151923820394423,0.505608717839794,0.2350064844310311,0.22151923820394423,CP,-0.013487246227086858,0.020056734731570464,-0.013487246227086858,0.2706022334087629,10,drug/metabolite DMT transporter permease,0.954021885,-1.1723,4.6289,12h_SI1,12h,SI1,3h_SI1,3h,SI1,5.8012,drug/metabolite DMT transporter permease
N900_RS17700,0.30352303442663864,0.3533836535199315,0.6004758944330012,0.24658555161323356,0.30352303442663864,PCA,0.05693748281340508,0.05693748281340508,0.10679810190669795,0.3538903428197676,10,maa,0.7351503833333333,-1.5109,3.6839,12h_SI2,12h,SI2,3h_SI2,3h,SI2,5.1948,maa
N900_RS17705,0.39779831815553807,0.38747109568789034,0.6024962233642454,0.3980478137721308,0.38747109568789034,CP,-0.010576718084240433,-0.0002494956165927098,-0.010576718084240433,0.20444840959211458,10,HlyC/CorC family transporter_2,-0.20554770666666664,-1.5843,3.4504,6h_SI7,6h,SI7,6h_st,6h,st,5.0347,HlyC/CorC family transporter_2
N900_RS17710,0.2589655360849193,0.24722260061284898,0.47389191004435255,0.2594666130453672,0.24722260061284898,CP,-0.012244012432518242,-0.0005010769604479326,-0.012244012432518242,0.21442529699898533,10,yhfA,0.700194125,-0.62308,3.7182,1h_st,1h,st,3h_SI5,3h,SI5,4.34128,yhfA
N900_RS17715,0.21780778680096488,0.2741802490164043,0.2921171507911744,0.25161861227967974,0.21780778680096488,PCA,-0.03381082547871486,-0.03381082547871486,0.022561636736724566,0.04049853851149465,10,luxG,-1.306354505,-3.8313,1.8028,6h_SI7,6h,SI7,1h_SI1,1h,SI1,5.6341,luxG
N900_RS17725,0.2728064321808657,0.2833917688798923,0.5996318396888278,0.30034057542348014,0.2728064321808657,PCA,-0.02753414324261444,-0.02753414324261444,-0.016948806543587824,0.2992912642653477,10,glyceraldehyde-3-phosphate dehydrogenase,0.24004623333333333,-1.5275,3.5723,12h_SI2,12h,SI2,3h_SI1,3h,SI1,5.0998,glyceraldehyde-3-phosphate dehydrogenase
N900_RS17730,0.5097710109449717,0.4111459576113109,0.8266289736656005,0.4815013631698485,0.4111459576113109,CP,-0.07035540555853759,0.028269647775123197,-0.07035540555853759,0.345127610495752,10,N900_RS17730,0.8011355935000001,-1.0411,4.1358,12h_SI2,12h,SI2,1h_st,1h,st,5.1769,N900_RS17730
N900_RS17735,0.36007737908683457,0.37872766340269054,0.7393691085251307,0.34421310206719974,0.36007737908683457,PCA,0.01586427701963483,0.01586427701963483,0.0345145613354908,0.395156006457931,10,lyse_3,0.14081270666666665,-1.612,3.2614,6h_SI2,6h,SI2,1h_SI1,1h,SI1,4.8734,lyse_3
N900_RS17740,0.14325149457396327,0.1770359100427813,0.3254542290250579,0.16315681785452243,0.14325149457396327,PCA,-0.019905323280559162,-0.019905323280559162,0.013879092188258862,0.16229741117053545,10,yjeH,0.92849155,-0.41966,3.6,3h_st,3h,st,6h_SI4,6h,SI4,4.01966,yjeH
N900_RS17745,0.28727296191098955,0.33424691811726437,0.7223179357242251,0.31981287120273777,0.28727296191098955,PCA,-0.032539909291748215,-0.032539909291748215,0.0144340469145266,0.4025050645214873,10,N900_RS17745,1.3741408833333333,-1.0848,5.4835,1h_SI7,1h,SI7,12h_SI2,12h,SI2,6.568300000000001,N900_RS17745
N900_RS17750,0.4678304357983365,0.650735633200134,0.8589322990701059,0.5571921093480315,0.4678304357983365,PCA,-0.08936167354969504,-0.08936167354969504,0.0935435238521024,0.3017401897220744,10,retention module-containing protein,0.49378368333333333,-1.1553,3.6959,6h_SI1,6h,SI1,3h_SI4,3h,SI4,4.8512,retention module-containing protein
N900_RS17755,0.46525457029088585,0.5531285783060313,0.6644824960903802,0.4309376190247499,0.46525457029088585,PCA,0.03431695126613593,0.03431695126613593,0.12219095928128143,0.23354487706563032,10,yehT_2,0.35794543333333334,-1.2383,3.5378,6h_SI2,6h,SI2,12h_SI3,12h,SI3,4.7761,yehT_2
N900_RS17760,0.3702290245485205,0.4259709958933446,0.7345828087196863,0.37656003748399586,0.3702290245485205,PCA,-0.006331012935475333,-0.006331012935475333,0.049410958409348726,0.35802277123569043,10,sensor histidine kinase_6,0.5569221499999999,-0.97553,2.8625,3h_SI3,3h,SI3,6h_SI3,6h,SI3,3.83803,sensor histidine kinase_6
N900_RS17765,0.22522442055818992,0.18721052056579773,0.5225324677206066,0.2941896637838649,0.18721052056579773,CP,-0.10697914321806717,-0.06896524322567499,-0.10697914321806717,0.22834280393674167,10,N900_RS17765,0.8629468266666667,-0.53067,4.1785,6h_st,6h,st,3h_SI2,3h,SI2,4.709169999999999,N900_RS17765
N900_RS17770,0.2937677937204101,0.29094666086397347,0.39720444519357395,0.22183028690464507,0.29094666086397347,CP,0.0691163739593284,0.07193750681576505,0.0691163739593284,0.17537415828892888,10,outer membrane lipoprotein-sorting protein,0.5922057333333334,-0.46081,3.0373,3h_co,3h,co,1h_st,1h,st,3.49811,outer membrane lipoprotein-sorting protein
N900_RS17775,0.2362943955838643,0.24074876213106863,0.3428167306884881,0.19438945708877353,0.2362943955838643,PCA,0.04190493849509078,0.04190493849509078,0.0463593050422951,0.14842727359971458,10,lolE_2,1.0645190333333334,-0.56493,3.4473,3h_st,3h,st,3h_SI5,3h,SI5,4.01223,lolE_2
N900_RS17780,0.17504301496992983,0.18882875139845404,0.4096744161189356,0.2506966902745324,0.17504301496992983,PCA,-0.07565367530460257,-0.07565367530460257,-0.06186793887607836,0.15897772584440323,10,lolD_3,1.3669511666666665,-0.38928,4.4167,3h_SI3,3h,SI3,3h_SI1,3h,SI1,4.80598,lolD_3
N900_RS17785,0.16535854894303592,0.18084009600220932,0.2648368945404667,0.12298114133934392,0.16535854894303592,PCA,0.042377407603692005,0.042377407603692005,0.057858954662865406,0.14185575320112281,10,N900_RS17785,0.8527246999999999,-0.40066,3.4378,1h_st,1h,st,6h_SI1,6h,SI1,3.8384600000000004,N900_RS17785
N900_RS17790,0.26062161221093305,0.2743497922238646,0.4845206969801253,0.2384594364221036,0.26062161221093305,PCA,0.022162175788829452,0.022162175788829452,0.035890355801760976,0.2460612605580217,10,N900_RS17790,1.4219452666666668,-0.12715,5.4594,1h_SI7,1h,SI7,3h_st,3h,st,5.58655,N900_RS17790
N900_RS17795,0.35193967876001914,0.4005902308752951,0.6682536479748331,0.4081890963169039,0.35193967876001914,PCA,-0.056249417556884784,-0.056249417556884784,-0.007598865441608815,0.2600645516579292,10,ydhF,0.38520606500000004,-1.1017,4.6654,6h_SI4,6h,SI4,3h_SI1,3h,SI1,5.7671,ydhF
N900_RS17800,0.43994788374327864,0.49727287894263766,0.6246252442041093,0.4132319946374159,0.43994788374327864,PCA,0.026715889105862756,0.026715889105862756,0.08404088430522177,0.21139324956669336,10,malS,1.09767355,-0.28286,3.6249,3h_SI4,3h,SI4,3h_SI1,3h,SI1,3.9077599999999997,malS
N900_RS17815,0.6113327293309747,0.5956146896510721,0.7339076734403905,0.5887321387620497,0.5956146896510721,CP,0.006882550889022454,0.02260059056892505,0.006882550889022454,0.14517553467834088,10,long-chain fatty acid outer membrane transporter,-0.4012900166666667,-1.962,3.9317,24h_SI2,24h,SI2,1h_st,1h,st,5.8937,long-chain fatty acid outer membrane transporter
N900_RS17820,0.27347604981645746,0.332220208373075,0.7168398365943622,0.24468351661165993,0.27347604981645746,PCA,0.02879253320479752,0.02879253320479752,0.08753669176141504,0.4721563199827023,10,vola,0.8906992933333334,-0.68514,4.6668,12h_SI4,12h,SI4,3h_SI1,3h,SI1,5.35194,vola
N900_RS17825,0.23437054552154135,0.24526395319664065,0.5120833998337768,0.1724651242996484,0.23437054552154135,PCA,0.061905421221892964,0.061905421221892964,0.07279882889699227,0.33961827553412843,10,bdlA_2,1.4348054000000003,0.037057,4.7942,1h_SI2,1h,SI2,3h_SI1,3h,SI1,4.757143,bdlA_2
N900_RS17830,0.24373337099127707,0.2662101160521765,0.3604598099987831,0.177296871381004,0.24373337099127707,PCA,0.06643649961027306,0.06643649961027306,0.08891324467117248,0.18316293861777908,10,hapA,0.6224483216666667,-0.88243,3.2309,12h_st,12h,st,6h_ce,6h,ce,4.11333,hapA
N900_RS17840,0.4216668803210483,0.3773822043826288,0.5032020985172599,0.2696632429637231,0.3773822043826288,CP,0.10771896141890569,0.1520036373573252,0.10771896141890569,0.23353885555353682,10,ompW,0.3254082,-1.0355,2.6567,6h_st,6h,st,12h_SI3,12h,SI3,3.6921999999999997,ompW
N900_RS17845,0.5565184752783038,0.4858285052515698,0.7661255332155632,0.5009750062726935,0.4858285052515698,CP,-0.015146501021123748,0.055543469005610246,-0.015146501021123748,0.26515052694286967,10,N900_RS17845,-0.533469925,-2.7048,3.6179,6h_ce,6h,ce,3h_SI3,3h,SI3,6.3227,N900_RS17845
N900_RS17850,0.3594437186218114,0.310946254069033,0.6179636335320375,0.38554893440091825,0.310946254069033,CP,-0.07460268033188527,-0.02610521577910685,-0.07460268033188527,0.23241469913111928,10,pbpG,0.17313374833333334,-1.4575,2.7416,6h_SI1,6h,SI1,3h_SI2,3h,SI2,4.1991,pbpG
N900_RS17855,0.3795915037793833,0.35212441419246354,0.6932400249438585,0.42231819751131383,0.35212441419246354,CP,-0.07019378331885029,-0.042726693731930554,-0.07019378331885029,0.27092182743254467,10,norG,-0.6166551666666665,-2.2659,3.147,24h_co,24h,co,6h_SI2,6h,SI2,5.4129,norG
N900_RS17860,0.49673389425459485,0.509949332978337,0.7012609077538449,0.41872749833725376,0.49673389425459485,PCA,0.0780063959173411,0.0780063959173411,0.09122183464108324,0.2825334094165911,10,cytochrome bd oxidase subunit I,0.41083646666666673,-0.97197,3.0272,6h_SI1,6h,SI1,12h_SI1,12h,SI1,3.9991700000000003,cytochrome bd oxidase subunit I
N900_RS17865,0.27761349150648856,0.38775984364296706,0.5979480408196985,0.3496652486725982,0.27761349150648856,PCA,-0.07205175716610962,-0.07205175716610962,0.03809459497036888,0.24828279214710036,10,cydB_2,-0.02769535000000001,-1.9781,3.0917,6h_ce,6h,ce,1h_SI1,1h,SI1,5.0698,cydB_2
N900_RS17870,0.6680735744356305,0.6401812292469327,0.7277063595235982,0.5978021727393827,0.6401812292469327,CP,0.04237905650754992,0.07027140169624779,0.04237905650754992,0.12990418678421545,10,N900_RS17870,-1.5055861333333334,-4.3519,1.4846,12h_SI5,12h,SI5,1h_ce,1h,ce,5.836499999999999,N900_RS17870
N900_RS17875,0.3073563285125823,0.32867711955807194,0.4057163122070107,0.3794025915311864,0.3073563285125823,PCA,-0.07204626301860406,-0.07204626301860406,-0.050725471973114444,0.026313720675824326,10,dsdA,1.0261612333333334,-0.42687,4.2889,1h_st,1h,st,6h_st,6h,st,4.71577,dsdA
N900_RS17880,0.28229325045303205,0.34938982122368084,0.4620715939300254,0.29915776674517663,0.28229325045303205,PCA,-0.016864516292144582,-0.016864516292144582,0.05023205447850421,0.16291382718484876,10,dsdC,0.6709139283333333,-1.2727,4.065,12h_ce,12h,ce,3h_SI5,3h,SI5,5.3377,dsdC
N900_RS17885,0.13033562860602493,0.16764709800711458,0.3471511608249685,0.13699222715926423,0.13033562860602493,PCA,-0.006656598553239301,-0.006656598553239301,0.030654870847850346,0.21015893366570426,10,linear amide C-N hydrolase,1.1072185750000003,-0.43913,3.925,3h_st,3h,st,6h_st,6h,st,4.364129999999999,linear amide C-N hydrolase
N900_RS17890,0.2991498800854558,0.31658126893160576,0.45002851670879473,0.3482637611405919,0.2991498800854558,PCA,-0.04911388105513609,-0.04911388105513609,-0.03168249220898611,0.10176475556820286,10,integrase,0.0007545166666666584,-1.5645,3.2641,24h_SI6,24h,SI6,3h_SI3,3h,SI3,4.8286,integrase
N900_RS17900,0.4163371352851081,0.4995181002547033,0.6599936938764035,0.38685999411014443,0.4163371352851081,PCA,0.02947714117496364,0.02947714117496364,0.11265810614455884,0.27313369976625906,10,N900_RS17900,0.011968033333333345,-1.4617,3.3066,6h_SI3,6h,SI3,3h_SI1,3h,SI1,4.7683,N900_RS17900
N900_RS17905,0.41471975909805014,0.46632229017902577,0.6614431236708618,0.350176697241996,0.41471975909805014,PCA,0.06454306185605413,0.06454306185605413,0.11614559293702975,0.31126642642886576,10,N900_RS17905,-0.03120291666666668,-1.821,3.9765,12h_SI8,12h,SI8,3h_SI4,3h,SI4,5.7975,N900_RS17905
N900_RS17910,0.10666208891719853,0.10572462575680454,0.20370478226955094,0.07650829096500981,0.10572462575680454,CP,0.029216334791794724,0.030153797952188713,0.029216334791794724,0.12719649130454114,10,N900_RS17910,1.0309760833333332,-1.0913,3.6959,1h_SI6,1h,SI6,3h_SI1,3h,SI1,4.7872,N900_RS17910
N900_RS17915,0.21693447765357288,0.1859002552760585,0.5234627456523577,0.22121212861883055,0.1859002552760585,CP,-0.035311873342772054,-0.004277650965257673,-0.035311873342772054,0.3022506170335272,10,N900_RS17915,0.8386454833333334,-0.36403,5.4963,6h_ce,6h,ce,3h_st,3h,st,5.860329999999999,N900_RS17915
N900_RS17920,0.20430446390464843,0.2075553799206512,0.32803848309323624,0.18151085122536909,0.20430446390464843,PCA,0.022793612679279346,0.022793612679279346,0.02604452869528212,0.14652763186786716,10,N900_RS17920,0.6208377166666667,-0.80626,2.8757,6h_st,6h,st,3h_SI3,3h,SI3,3.68196,N900_RS17920
N900_RS17925,0.15206861667654406,0.19333460601368585,0.3274679938686951,0.161583234713453,0.15206861667654406,PCA,-0.00951461803690895,-0.00951461803690895,0.03175137130023284,0.16588475915524206,10,tdh,0.9334647683333333,-0.43156,4.4048,1h_st,1h,st,6h_st,6h,st,4.83636,tdh
N900_RS17930,0.3145447042460812,0.28957348018758916,0.597185318256699,0.34859356642137507,0.28957348018758916,CP,-0.05902008623378591,-0.03404886217529385,-0.05902008623378591,0.2485917518353239,10,kbl,0.18403121,-1.5271,3.4499,12h_SI1,12h,SI1,3h_st,3h,st,4.977,kbl
N900_RS17945,0.1464099658592019,0.17166117519246432,0.40487683302840544,0.18033700100623473,0.1464099658592019,PCA,-0.033927035147032825,-0.033927035147032825,-0.00867582581377041,0.2245398320221707,10,LuxR family transcriptional regulator,0.8631686500000002,-0.30209,4.3911,1h_SI8,1h,SI8,3h_st,3h,st,4.6931899999999995,LuxR family transcriptional regulator
N900_RS17950,0.22485047188577298,0.22229500042565278,0.4296716375327722,0.22009813460351577,0.22229500042565278,CP,0.0021968658221370174,0.004752337282257213,0.0021968658221370174,0.20957350292925644,10,dmlR_6,1.0615937466666665,-0.15927,4.4544,3h_st,3h,st,3h_SI1,3h,SI1,4.61367,dmlR_6
N900_RS17955,0.3128139266252971,0.3246910529642858,0.5095345895521352,0.31565091544137036,0.3128139266252971,PCA,-0.0028369888160732493,-0.0028369888160732493,0.009040137522915437,0.1938836741107648,10,yaeR_BLAST,0.8868132999999998,-0.511,3.6052,3h_SI2,3h,SI2,6h_SI1,6h,SI1,4.1162,yaeR_BLAST
N900_RS17960,0.2553352795324543,0.23963157210065172,0.5000798507313525,0.20361084694005874,0.23963157210065172,CP,0.03602072516059299,0.051724432592395536,0.03602072516059299,0.2964690037912938,10,N900_RS17960,1.1752430333333335,-0.18497,4.7196,3h_SI4,3h,SI4,6h_SI3,6h,SI3,4.90457,N900_RS17960
N900_RS17965,0.3966160261314581,0.5539667736216368,0.6891416068243862,0.4159130518252972,0.3966160261314581,PCA,-0.01929702569383912,-0.01929702569383912,0.13805372179633962,0.273228554999089,10,N900_RS17965,1.2321221333333334,-0.16676,4.9585,6h_SI2,6h,SI2,6h_SI3,6h,SI3,5.12526,N900_RS17965
N900_RS17970,0.19034282358773408,0.2476442909809108,0.32428249804381243,0.20542953985870147,0.19034282358773408,PCA,-0.015086716270967387,-0.015086716270967387,0.04221475112220932,0.11885295818511096,10,N900_RS17970,1.02237215,-0.35522,4.2143,3h_ce,3h,ce,6h_SI3,6h,SI3,4.56952,N900_RS17970
N900_RS17975,0.5363351299876145,0.6320318283452669,0.7541658027994268,0.5440370356550929,0.5363351299876145,PCA,-0.007701905667478415,-0.007701905667478415,0.08799479269017407,0.21012876714433393,10,ycdX,0.28069838333333325,-1.317,3.0485,6h_SI3,6h,SI3,3h_SI3,3h,SI3,4.3655,ycdX
N900_RS17980,0.32260485353205043,0.3806102812113003,0.6720614429915108,0.2908509267345619,0.32260485353205043,PCA,0.03175392679748851,0.03175392679748851,0.08975935447673838,0.3812105162569489,10,metal-dependent phosphohydrolase,1.0287126,-0.84668,5.386,12h_SI3,12h,SI3,3h_SI2,3h,SI2,6.23268,metal-dependent phosphohydrolase
N900_RS17985,0.5386519855234144,0.47092080522841556,0.8017858243210991,0.45790605212051466,0.47092080522841556,CP,0.0130147531079009,0.08074593340289976,0.0130147531079009,0.34387977220058447,10,zwf,-0.5297414500000001,-2.6284,2.2209,3h_SI9,3h,SI9,3h_SI2,3h,SI2,4.8492999999999995,zwf
N900_RS17990,0.2076775108764701,0.1866748482300198,0.30273081272227,0.15533280603339683,0.1866748482300198,CP,0.03134204219662298,0.05234470484307327,0.03134204219662298,0.14739800668887315,10,pgl,1.2024730000000001,-0.73588,4.5236,3h_SI9,3h,SI9,6h_SI2,6h,SI2,5.25948,pgl
N900_RS17995,0.4421968639256615,0.3360998702967046,0.5043879363126863,0.407763078048461,0.3360998702967046,CP,-0.07166320775175644,0.03443378587720047,-0.07166320775175644,0.09662485826422529,10,gnd,-0.12414838500000001,-2.1542,4.5935,6h_ce,6h,ce,12h_st,12h,st,6.7477,gnd
N900_RS18000,0.5878625400123291,0.6809316267085969,0.8437325323212883,0.5938682804715808,0.5878625400123291,PCA,-0.006005740459251729,-0.006005740459251729,0.08706334623701606,0.2498642518497075,10,N900_RS18000,-0.11332974999999998,-2.2521,3.9767,6h_SI5,6h,SI5,3h_SI2,3h,SI2,6.2288,N900_RS18000
N900_RS18005,0.130029297116638,0.11869218814934482,0.23624288774254465,0.10145172797097611,0.11869218814934482,CP,0.017240460178368708,0.028577569145661882,0.017240460178368708,0.13479115977156853,10,MBL fold metallo-hydrolase_3,1.3484987,-0.26845,3.951,1h_SI8,1h,SI8,6h_SI2,6h,SI2,4.21945,MBL fold metallo-hydrolase_3
N900_RS18010,0.2953656079524683,0.3619820215618063,0.5328346041029284,0.30726173332094076,0.2953656079524683,PCA,-0.011896125368472454,-0.011896125368472454,0.054720288240865556,0.22557287078198762,10,N900_RS18010,0.7688102765,-0.57853,3.3851,3h_st,3h,st,6h_ce,6h,ce,3.96363,N900_RS18010
N900_RS18015,0.4414464167729261,0.4288214525056095,0.6305481453906954,0.38550940351135093,0.4288214525056095,CP,0.043312048994258556,0.055937013261575186,0.043312048994258556,0.24503874187934443,10,N900_RS18015,1.29595885,-0.39959,4.5339,6h_SI4,6h,SI4,3h_SI5,3h,SI5,4.93349,N900_RS18015
N900_RS18020,0.24668718331419756,0.3417543834564951,0.4444034285167528,0.27555479200305694,0.24668718331419756,PCA,-0.028867608688859375,-0.028867608688859375,0.06619959145343818,0.16884863651369586,10,Pseudogene_N900_RS18020,0.6119588516666669,-0.61296,3.5909,12h_SI6,12h,SI6,6h_ce,6h,ce,4.20386,Pseudogene_N900_RS18020
N900_RS18025,0.2943601836943165,0.3232654017450143,0.393485225125681,0.1898765978438983,0.2943601836943165,PCA,0.1044835858504182,0.1044835858504182,0.133388803901116,0.20360862728178272,10,dsdX,1.0326274999999998,-0.64951,5.0488,1h_SI1,1h,SI1,12h_st,12h,st,5.69831,dsdX
N900_RS18030,0.4549041889065666,0.44708855528664376,0.6404932479168155,0.29992864468611397,0.44708855528664376,CP,0.1471599106005298,0.15497554422045262,0.1471599106005298,0.34056460323070153,10,cdar,0.9397330333333334,-0.64353,5.6322,3h_SI3,3h,SI3,6h_ce,6h,ce,6.27573,cdar
N900_RS18035,0.35424731290358213,0.4043411640091898,0.6638177087701826,0.4129943580904873,0.35424731290358213,PCA,-0.058747045186905156,-0.058747045186905156,-0.0086531940812975,0.25082335067969536,10,methyl-accepting chemotaxis protein_24,0.47953151333333327,-0.99292,3.8988,6h_SI4,6h,SI4,3h_SI1,3h,SI1,4.89172,methyl-accepting chemotaxis protein_24
N900_RS18040,0.4048531839911046,0.38356759143709984,0.5512151522765897,0.3167066544273656,0.38356759143709984,CP,0.06686093700973422,0.08814652956373897,0.06686093700973422,0.23450849784922406,10,hutZ,0.8886057166666668,-0.87025,5.2244,6h_SI4,6h,SI4,3h_st,3h,st,6.09465,hutZ
N900_RS18045,0.4017368238546088,0.4812672052697134,0.674804093703386,0.36898482205489763,0.4017368238546088,PCA,0.03275200179971116,0.03275200179971116,0.11228238321481576,0.3058192716484884,10,hutX,0.4391003733333333,-0.92772,4.1017,12h_st,12h,st,6h_st,6h,st,5.02942,hutX
N900_RS18050,0.30861751362602935,0.3492836818822633,0.5986111059226672,0.30143391426469013,0.30861751362602935,PCA,0.007183599361339221,0.007183599361339221,0.04784976761757315,0.29717719165797707,10,chuw,0.3849274,-1.2398,2.7233,12h_st,12h,st,3h_SI5,3h,SI5,3.9631,chuw
N900_RS18055,0.4891338679800023,0.5563275647053154,0.916030425730428,0.5446546855881123,0.4891338679800023,PCA,-0.05552081760810995,-0.05552081760810995,0.011672879117203161,0.3713757401423158,10,TonB_2,0.81090335,-1.2465,4.5803,1h_SI9,1h,SI9,6h_SI3,6h,SI3,5.8268,TonB_2
N900_RS18060,0.20975336749312323,0.21199099533175686,0.4342362816117965,0.2603363040404662,0.20975336749312323,PCA,-0.05058293654734297,-0.05058293654734297,-0.048345308708709345,0.1738999775713303,10,exbB1,1.5818295,-0.61895,5.692,1h_SI6,1h,SI6,3h_SI5,3h,SI5,6.31095,exbB1
N900_RS18065,0.22655512617746473,0.22279603804654008,0.337411197451363,0.20209974090024005,0.22279603804654008,CP,0.02069629714630003,0.024455385277224684,0.02069629714630003,0.13531145655112295,10,exbD1,0.2369785333333333,-1.234,3.4798,3h_st,3h,st,6h_SI4,6h,SI4,4.7138,exbD1
N900_RS18070,0.4607657504721804,0.3847771198338882,0.7184037466478826,0.3634902402905848,0.3847771198338882,CP,0.021286879543303383,0.09727551018159558,0.021286879543303383,0.35491350635729785,10,hmuT,-0.4551140333333334,-2.2574,3.4826,6h_SI5,6h,SI5,6h_SI1,6h,SI1,5.74,hmuT
N900_RS18075,0.2863596988090196,0.2616470760699933,0.5853009602964973,0.27967371030598126,0.2616470760699933,CP,-0.018026634235987937,0.006685988503038365,-0.018026634235987937,0.305627249990516,10,hmuU,0.9301478333333334,-0.77474,5.5756,1h_SI6,1h,SI6,6h_SI1,6h,SI1,6.350339999999999,hmuU
N900_RS18080,0.2848033458263401,0.32090219965913164,0.4398167661213838,0.30415087988418515,0.2848033458263401,PCA,-0.01934753405784506,-0.01934753405784506,0.016751319774946483,0.13566588623719866,10,hmuV,0.84955604,-0.71774,3.5689,1h_SI7,1h,SI7,6h_SI3,6h,SI3,4.28664,hmuV
N900_RS18085,0.3346792551510504,0.2617698940444433,0.6962393480042877,0.32602508443114814,0.2617698940444433,CP,-0.06425519038670485,0.008654170719902265,-0.06425519038670485,0.3702142635731395,10,TetR/AcrR family transcriptional regulator_5,-0.008948498333333322,-1.6294,3.2636,3h_SI1,3h,SI1,6h_SI2,6h,SI2,4.893,TetR/AcrR family transcriptional regulator_5
N900_RS18090,0.6551817518150497,0.6506460901542147,0.7752119573254189,0.5940274524380053,0.6506460901542147,CP,0.05661863771620945,0.06115429937704442,0.05661863771620945,0.18118450488741367,10,N900_RS18090,-0.6179167000000001,-4.2886,4.1179,6h_SI7,6h,SI7,6h_SI2,6h,SI2,8.4065,N900_RS18090
N900_RS18095,0.3524646996130983,0.4109288624563477,0.6449811944354705,0.40311214941001483,0.3524646996130983,PCA,-0.050647449796916544,-0.050647449796916544,0.007816713046332857,0.2418690450254557,10,N900_RS18095,0.2249694783333333,-2.0225,4.2927,12h_SI2,12h,SI2,1h_SI1,1h,SI1,6.3152,N900_RS18095
N900_RS18105,0.4660641709483515,0.3885312435015282,0.8242797238466736,0.49609630404792426,0.3885312435015282,CP,-0.10756506054639609,-0.030032133099572755,-0.10756506054639609,0.3281834197987493,10,araC_2,0.04424243333333331,-2.0993,3.8951,1h_SI1,1h,SI1,6h_SI1,6h,SI1,5.9944,araC_2
N900_RS18110,0.13854736632602924,0.12555292188921957,0.21492287241298416,0.12856827924922384,0.12555292188921957,CP,-0.0030153573600042727,0.009979087076805393,-0.0030153573600042727,0.08635459316376032,10,mlp37,1.395917148333333,-0.21069,5.3295,1h_SI8,1h,SI8,3h_st,3h,st,5.54019,mlp37
N900_RS18115,0.2903554710887001,0.30028812496419366,0.3770660633339027,0.21460502229820091,0.2903554710887001,PCA,0.07575044879049916,0.07575044879049916,0.08568310266599274,0.16246104103570178,10,hmp_2,1.50623445,-0.18888,4.5887,1h_SI6,1h,SI6,1h_ce,1h,ce,4.77758,hmp_2
N900_RS18120,0.2870525249093516,0.2751454000062564,0.40392170651486276,0.26431387787758903,0.2751454000062564,CP,0.010831522128667392,0.022738647031762593,0.010831522128667392,0.13960782863727372,10,pyrC,-0.5920751333333334,-3.3609,2.9625,12h_SI7,12h,SI7,1h_st,1h,st,6.3233999999999995,pyrC
N900_RS18125,0.3483965701530727,0.4407234454903855,0.7583417550453898,0.304049657780378,0.3483965701530727,PCA,0.04434691237269467,0.04434691237269467,0.1366737877100075,0.4542920972650118,10,AraC family transcriptional regulator_4,0.48270094166666666,-1.3638,4.4377,6h_SI2,6h,SI2,6h_ce,6h,ce,5.801500000000001,AraC family transcriptional regulator_4
N900_RS18130,0.15928667227729595,0.16950033168436518,0.5549169427125096,0.18596288398882818,0.15928667227729595,PCA,-0.026676211711532227,-0.026676211711532227,-0.016462552304463002,0.36895405872368137,10,yhaI,0.5284481166666667,-1.3799,3.5116,3h_SI9,3h,SI9,3h_st,3h,st,4.8915,yhaI
N900_RS18135,0.1304632540877607,0.16305736141021634,0.282307965928557,0.10928607924269122,0.1304632540877607,PCA,0.021177174845069466,0.021177174845069466,0.05377128216752512,0.17302188668586577,10,N900_RS18135,0.8181215166666668,-0.78645,3.9496,1h_st,1h,st,3h_SI2,3h,SI2,4.7360500000000005,N900_RS18135
N900_RS18140,0.40615314710205913,0.32631390468255145,0.8318197602608741,0.32383009503779264,0.32631390468255145,CP,0.0024838096447588054,0.08232305206426649,0.0024838096447588054,0.5079896652230815,10,rlmC,1.4098274999999998,-0.10234,4.0469,1h_SI6,1h,SI6,3h_SI3,3h,SI3,4.14924,rlmC
N900_RS18145,0.22621516010541365,0.2757123357093693,0.5007067152548468,0.1880965177273142,0.22621516010541365,PCA,0.03811864237809945,0.03811864237809945,0.08761581798205512,0.3126101975275326,10,yedI,1.2079101883333332,-0.35389,3.896,6h_st,6h,st,6h_ce,6h,ce,4.24989,yedI
N900_RS18150,0.2976093069907211,0.2620229222379961,0.5053774598116194,0.251099257091815,0.2620229222379961,CP,0.010923665146181094,0.04651004989890606,0.010923665146181094,0.2542782027198044,10,VC_A0931_BLAST,1.0859591833333333,-0.85723,4.7621,1h_co,1h,co,6h_SI4,6h,SI4,5.619330000000001,VC_A0931_BLAST
N900_RS18155,0.3302936500067389,0.37910943559711824,0.7064895660291702,0.3154360565221978,0.3302936500067389,PCA,0.014857593484541076,0.014857593484541076,0.06367337907492043,0.39105350950697243,10,cspV_3,0.7596669666666667,-0.83059,5.2356,24h_SI2,24h,SI2,3h_SI1,3h,SI1,6.06619,cspV_3
N900_RS18160,0.557739323739971,0.6826175935869292,0.825477281857209,0.5561087044302433,0.557739323739971,PCA,0.0016306193097277433,0.0016306193097277433,0.1265088891566859,0.26936857742696574,10,N900_RS18160,1.0457559066666666,-1.0574,5.2573,1h_co,1h,co,6h_SI3,6h,SI3,6.3147,N900_RS18160
N900_RS18165,0.1498479957639232,0.1499127157571828,0.26012432682855263,0.13843081890781025,0.1498479957639232,PCA,0.011417176856112932,0.011417176856112932,0.011481896849372536,0.12169350792074238,10,M14 family metallocarboxypeptidase,1.0212869166666667,-0.50094,3.5822,1h_st,1h,st,3h_SI3,3h,SI3,4.08314,M14 family metallocarboxypeptidase
N900_RS18170,0.3298488995875309,0.3816414460434652,0.45600249358463407,0.2165369855314177,0.3298488995875309,PCA,0.11331191405611318,0.11331191405611318,0.16510446051204752,0.23946550805321637,10,AraC family transcriptional regulator_6,0.6175306833333334,-1.1021,3.7207,6h_st,6h,st,6h_ce,6h,ce,4.8228,AraC family transcriptional regulator_6
N900_RS18175,0.3446768285712503,0.3724777463446907,0.49259858217008623,0.33051484598673153,0.3446768285712503,PCA,0.014161982584518784,0.014161982584518784,0.04196290035795919,0.1620837361833547,10,eamA_8,1.0682493333333332,-0.95688,5.1571,24h_SI9,24h,SI9,1h_SI1,1h,SI1,6.11398,eamA_8
N900_RS18180,0.4465815098882672,0.46282696652992966,0.624334932453712,0.42428128610590893,0.4465815098882672,PCA,0.022300223782358297,0.022300223782358297,0.038545680424020734,0.20005364634780304,10,VC0395_0300_BLAST,1.1578570499999998,-0.60448,4.9425,1h_ce,1h,ce,6h_SI3,6h,SI3,5.54698,VC0395_0300_BLAST
N900_RS18190,0.1901693204679195,0.20001163744436973,0.3761709820711456,0.21390154238084963,0.1901693204679195,PCA,-0.023732221912930118,-0.023732221912930118,-0.013889904936479902,0.16226943969029595,10,yciA_2,1.0799188716666666,-0.34301,4.4195,6h_st,6h,st,3h_st,3h,st,4.76251,yciA_2
N900_RS18195,0.16732820873749032,0.18954652188746085,0.28469776874879504,0.15841518059297807,0.16732820873749032,PCA,0.008913028144512253,0.008913028144512253,0.03113134129448278,0.12628258815581697,10,N900_RS18195,0.9048698233333334,-0.65127,3.9226,3h_co,3h,co,12h_SI2,12h,SI2,4.57387,N900_RS18195
N900_RS18200,0.13818559351532164,0.13441893927458892,0.31490437380322694,0.1177072655617697,0.13441893927458892,CP,0.016711673712819217,0.020478327953551936,0.016711673712819217,0.19719710824145725,10,malG,1.5428225,0.23595,4.8215,24h_ce,24h,ce,3h_SI1,3h,SI1,4.5855500000000005,malG
N900_RS18205,0.654290864163984,0.7542020183036076,0.8572932071167554,0.61420541685035,0.654290864163984,PCA,0.04008544731363395,0.04008544731363395,0.13999660145325754,0.24308779026640537,10,malF,0.16582731666666672,-1.3919,4.6687,3h_co,3h,co,3h_SI3,3h,SI3,6.0606,malF
N900_RS18210,0.14015198469362206,0.16943904637415985,0.3708853067683522,0.15047777780150426,0.14015198469362206,PCA,-0.010325793107882203,-0.010325793107882203,0.018961268572655593,0.22040752896684793,10,malE,0.18086401500000002,-1.0174,3.42,6h_st,6h,st,6h_SI2,6h,SI2,4.4374,malE
N900_RS18215,0.22693966989862904,0.19245732659745482,0.387631265617627,0.23025208321988563,0.19245732659745482,CP,-0.037794756622430814,-0.003312413321256591,-0.037794756622430814,0.15737918239774137,10,malK,1.6420375766666666,-0.075905,5.2683,1h_SI7,1h,SI7,12h_st,12h,st,5.344205,malK
N900_RS18220,0.6705595443477984,0.654897528704184,0.734594325806043,0.6936172468000886,0.654897528704184,CP,-0.038719718095904576,-0.02305770245229022,-0.038719718095904576,0.040977079005954375,10,speG,-0.6083415000000001,-1.887,2.9196,6h_SI2,6h,SI2,6h_SI3,6h,SI3,4.8065999999999995,speG
N900_RS18225,0.37359700477823427,0.38023639065034653,0.6608410444881438,0.24836042265138641,0.37359700477823427,PCA,0.12523658212684785,0.12523658212684785,0.13187596799896012,0.41248062183675743,10,N900_RS18225,1.0218731166666666,-0.58247,3.9622,12h_SI1,12h,SI1,6h_ce,6h,ce,4.54467,N900_RS18225
N900_RS18230,0.2822238004197542,0.36180837212147365,0.5323419122176215,0.4605792493933779,0.2822238004197542,PCA,-0.1783554489736237,-0.1783554489736237,-0.09877087727190426,0.0717626628242436,10,SM-20,0.7878321116666669,-0.62538,3.4996,3h_SI1,3h,SI1,3h_SI6,3h,SI6,4.12498,SM-20
N900_RS18235,0.48563885596012746,0.6194668647563399,0.8696667605005657,0.5916439734447078,0.48563885596012746,PCA,-0.1060051174845803,-0.1060051174845803,0.02782289131163218,0.2780227870558579,10,VCM66_A0911_BLAST,0.7831024866666667,-1.1646,4.4179,1h_SI9,1h,SI9,3h_SI1,3h,SI1,5.5825000000000005,VCM66_A0911_BLAST
N900_RS18240,0.35606448803780694,0.3489959090049004,0.6225673339102256,0.3131756476515359,0.3489959090049004,CP,0.035820261353364524,0.042888840386271054,0.035820261353364524,0.3093916862586897,10,vpsT,0.7171934466666665,-0.67154,4.1504,3h_SI1,3h,SI1,6h_SI2,6h,SI2,4.821940000000001,vpsT
N900_RS18245,0.2301027845839539,0.24016372705226227,0.43732866530000253,0.22140819889589108,0.2301027845839539,PCA,0.008694585688062806,0.008694585688062806,0.018755528156371187,0.21592046640411144,10,ppiC,1.120754318333333,-0.34956,4.3295,3h_SI2,3h,SI2,12h_SI1,12h,SI1,4.679060000000001,ppiC
N900_RS18250,0.21070826867002387,0.19397547936655674,0.33783471088306094,0.1943985863092543,0.19397547936655674,CP,-0.0004231069426975653,0.016309682360769573,-0.0004231069426975653,0.14343612457380664,10,CheV,0.5409919933333334,-0.75718,3.3254,3h_ce,3h,ce,3h_SI1,3h,SI1,4.08258,CheV
N900_RS18255,0.21543792145228974,0.19993936216165556,0.3644580098953971,0.18377444890242084,0.19993936216165556,CP,0.01616491325923472,0.0316634725498689,0.01616491325923472,0.18068356099297628,10,marr_2,0.713241845,-0.91848,3.4133,12h_st,12h,st,6h_SI4,6h,SI4,4.33178,marr_2
N900_RS18260,0.3693127674984324,0.38857825447641464,0.6570114598143184,0.4358278879350707,0.3693127674984324,PCA,-0.06651512043663832,-0.06651512043663832,-0.04724963345865607,0.2211835718792477,10,vdcA,0.7629141199999999,-0.67459,4.8018,6h_SI1,6h,SI1,6h_st,6h,st,5.47639,vdcA
N900_RS18265,0.6490057801654772,0.7598269571406543,0.8872543698335549,0.5807812753661381,0.6490057801654772,PCA,0.06822450479933906,0.06822450479933906,0.17904568177451619,0.3064730944674168,10,malate synthase,0.7379522666666667,-1.0315,4.393,6h_ce,6h,ce,3h_SI3,3h,SI3,5.4245,malate synthase
N900_RS18270,0.13277974044926916,0.14761442574508363,0.22070736460748622,0.1030488338724637,0.13277974044926916,PCA,0.029730906576805452,0.029730906576805452,0.04456559187261992,0.11765853073502251,10,N900_RS18270,1.5079524999999998,0.03813,4.6884,1h_SI9,1h,SI9,3h_st,3h,st,4.65027,N900_RS18270
N900_RS18280,0.2629167145202627,0.2677042326377398,0.3749754655977277,0.21817900900302611,0.2629167145202627,PCA,0.0447377055172366,0.0447377055172366,0.04952522363471368,0.1567964565947016,10,sensor domain-containing diguanylate cyclase_5,0.5460500599999999,-0.79078,3.9373,1h_st,1h,st,12h_st,12h,st,4.72808,sensor domain-containing diguanylate cyclase_5
N900_RS18285,0.4258447252850701,0.44807013696831516,0.6978029032914891,0.4349539083152882,0.4258447252850701,PCA,-0.009109183030218071,-0.009109183030218071,0.013116228653026973,0.2628489949762009,10,AlkB,0.7554539366666666,-0.68823,4.9356,1h_SI1,1h,SI1,3h_SI6,3h,SI6,5.62383,AlkB
N900_RS18290,0.2712059814318605,0.25899453613864826,0.42870364782549064,0.2446004554826632,0.25899453613864826,CP,0.014394080655985048,0.026605525949197267,0.014394080655985048,0.18410319234282743,10,N900_RS18290,0.3900006549999999,-1.0555,2.8775,6h_SI6,6h,SI6,3h_SI3,3h,SI3,3.933,N900_RS18290
N900_RS18295,0.1646944158613126,0.21037961850943515,0.2914471432353282,0.1557380188136082,0.1646944158613126,PCA,0.0089563970477044,0.0089563970477044,0.054641599695826965,0.13570912442172003,10,DMT family transporter_2,2.4100283333333334,1.0156,4.9017,1h_st,1h,st,1h_ce,1h,ce,3.8861,DMT family transporter_2
N900_RS18300,0.19286325707482643,0.4063592812794903,0.49865043322713765,0.34398086925421917,0.19286325707482643,PCA,-0.15111761217939274,-0.15111761217939274,0.06237841202527111,0.15466956397291848,10,gcvA_2,2.2346368333333326,0.59281,4.9998,1h_SI8,1h,SI8,12h_SI1,12h,SI1,4.4069899999999995,gcvA_2
N900_RS18305,0.5729894457151938,0.6330993630971923,0.8770753861247294,0.4923286594004593,0.5729894457151938,PCA,0.08066078631473456,0.08066078631473456,0.140770703696733,0.38474672672427007,10,diguanylate cyclase_6,0.7194414166666668,-0.94836,3.8222,12h_SI8,12h,SI8,3h_SI3,3h,SI3,4.77056,diguanylate cyclase_6
N900_RS18310,0.2673799371663827,0.36090769866293415,0.6268295636392625,0.3037389677853765,0.2673799371663827,PCA,-0.036359030618993815,-0.036359030618993815,0.05716873087755764,0.32309059585388594,10,N900_RS18310,0.4221418283333333,-0.78188,4.1463,12h_st,12h,st,3h_SI3,3h,SI3,4.92818,N900_RS18310
N900_RS18315,0.641541769823467,0.5453929061388959,0.7819670694534887,0.573239179403745,0.5453929061388959,CP,-0.02784627326484912,0.06830259041972198,-0.02784627326484912,0.20872789004974368,10,VC_A0969_BLAST,-0.9442511333333332,-3.2332,2.4104,3h_SI7,3h,SI7,6h_SI3,6h,SI3,5.6436,VC_A0969_BLAST
N900_RS18320,0.26028546739493447,0.2719712647522396,0.38423853901631844,0.22629318488233868,0.26028546739493447,PCA,0.033992282512595784,0.033992282512595784,0.04567807986990091,0.15794535413397975,10,pyrimidine/purine nucleoside phosphorylase,0.657977575,-1.2115,4.8168,12h_SI6,12h,SI6,12h_st,12h,st,6.0283,pyrimidine/purine nucleoside phosphorylase
N900_RS18325,0.5982603936430189,0.5570321014175609,0.8418046664734222,0.6213499683644524,0.5570321014175609,CP,-0.06431786694689157,-0.02308957472143358,-0.06431786694689157,0.22045469810896978,10,N900_RS18325,0.17817867333333332,-1.2495,4.2406,6h_SI3,6h,SI3,3h_SI1,3h,SI1,5.4901,N900_RS18325
N900_RS18330,0.22969241023398432,0.29166964136071205,0.8143890634377204,0.28017593311803546,0.22969241023398432,PCA,-0.05048352288405114,-0.05048352288405114,0.011493708242676592,0.534213130319685,10,MFS transporter_2,0.35881348333333335,-0.8963,4.4611,6h_SI1,6h,SI1,3h_SI2,3h,SI2,5.3574,MFS transporter_2
N900_RS18340,0.18372812159064802,0.24504350441730355,0.5191266408649355,0.20739487280912353,0.18372812159064802,PCA,-0.0236667512184755,-0.0236667512184755,0.03764863160818002,0.31173176805581204,10,methyl-accepting chemotaxis protein_25,0.6147865899999999,-0.93278,3.7644,3h_SI2,3h,SI2,3h_SI1,3h,SI1,4.69718,methyl-accepting chemotaxis protein_25
N900_RS18345,0.4513119984065344,0.6036872095976163,0.7781267254098229,0.5067892865446454,0.4513119984065344,PCA,-0.05547728813811098,-0.05547728813811098,0.09689792305297096,0.27133743886517747,10,ATP-binding protein_2,-0.09152692666666669,-1.6205,3.2502,6h_SI1,6h,SI1,3h_SI2,3h,SI2,4.8707,ATP-binding protein_2
N900_RS18350,0.31678399801126267,0.3732313374313871,0.8169816197684313,0.3587376628624885,0.31678399801126267,PCA,-0.041953664851225814,-0.041953664851225814,0.014493674568898607,0.45824395690594283,10,N900_RS18350,0.64672878,-1.0007,4.4513,3h_SI7,3h,SI7,6h_st,6h,st,5.452,N900_RS18350
N900_RS18355,0.6391859117120829,0.6271820392562949,0.8904559565584749,0.8032716909076164,0.6271820392562949,CP,-0.1760896516513215,-0.16408577919553347,-0.1760896516513215,0.08718426565085846,10,lktB_2,1.519740105,-0.60883,5.4278,1h_SI1,1h,SI1,6h_SI3,6h,SI3,6.036630000000001,lktB_2
N900_RS18360,0.17806064539253033,0.18819009815255178,0.3275171137338694,0.21223003875566349,0.17806064539253033,PCA,-0.034169393363133155,-0.034169393363133155,-0.02403994060311171,0.1152870749782059,10,artI_2,0.7587857,-0.80842,3.6524,1h_st,1h,st,6h_st,6h,st,4.46082,artI_2
N900_RS18365,0.22499446858580388,0.23745358880324116,0.3866178420557548,0.22777049466137236,0.22499446858580388,PCA,-0.002776026075568483,-0.002776026075568483,0.009683094141868798,0.15884734739438242,10,mcpQ,1.0476492,-0.46607,4.335,3h_co,3h,co,3h_SI5,3h,SI5,4.80107,mcpQ
N900_RS18370,0.7904678967935151,0.6018309880909946,1.0023445955611316,0.5745464704618112,0.6018309880909946,CP,0.02728451762918338,0.21592142633170397,0.02728451762918338,0.42779812509932047,10,N900_RS18370,0.99271789,-0.92994,5.7143,1h_SI2,1h,SI2,12h_SI2,12h,SI2,6.64424,N900_RS18370
N900_RS18375,0.1633007438829172,0.4693427789681602,0.5551471685007192,0.33565812569489045,0.1633007438829172,PCA,-0.17235738181197324,-0.17235738181197324,0.13368465327326973,0.21948904280582876,10,ABC transporter,1.1957825616666669,-0.29617,4.516,6h_SI7,6h,SI7,6h_st,6h,st,4.81217,ABC transporter
N900_RS18380,0.14738376089197155,0.17692316301993913,0.27004148726382043,0.12962327825052794,0.14738376089197155,PCA,0.017760482641443615,0.017760482641443615,0.04729988476941119,0.1404182090132925,10,dmlR,0.8241887983333334,-0.67422,4.6473,12h_st,12h,st,3h_SI1,3h,SI1,5.3215200000000005,dmlR
N900_RS18385,0.26240687190834,0.34365295861962547,0.7522000607521098,0.4419051804578247,0.26240687190834,PCA,-0.17949830854948468,-0.17949830854948468,-0.0982522218381992,0.3102948802942851,10,L-lactate permease,0.8027006000000001,-0.58001,5.3968,12h_SI1,12h,SI1,3h_SI1,3h,SI1,5.9768099999999995,L-lactate permease
N900_RS18390,0.26437303392220507,0.24807526062568416,0.49906646883611766,0.2557251577355991,0.24807526062568416,CP,-0.007649897109914955,0.008647876186605952,-0.007649897109914955,0.24334131110051854,10,lldd,0.26480408333333333,-1.3526,2.618,3h_SI6,3h,SI6,12h_SI1,12h,SI1,3.9706,lldd
N900_RS18395,0.5704580467436227,0.5951153034592369,0.7519023244229801,0.5297540739741933,0.5704580467436227,PCA,0.040703972769429386,0.040703972769429386,0.06536122948504364,0.22214825044878683,10,FAD-binding oxidoreductase,-1.0004502333333334,-3.0886,3.2639,24h_co,24h,co,6h_SI1,6h,SI1,6.3525,FAD-binding oxidoreductase
N900_RS18400,0.15086745495481022,0.17008545727343194,0.2871971705969583,0.1512958611608524,0.15086745495481022,PCA,-0.0004284062060421756,-0.0004284062060421756,0.01878959611257955,0.13590130943610593,10,ppsR,0.7752115616666668,-0.24286,3.2293,3h_st,3h,st,3h_SI4,3h,SI4,3.4721599999999997,ppsR
N900_RS18405,0.19861752416990236,0.26291176929600996,0.3720435735288117,0.22083622622118232,0.19861752416990236,PCA,-0.02221870205127996,-0.02221870205127996,0.04207554307482764,0.15120734730762936,10,ppsA,1.2964013166666666,-0.27773,5.2183,3h_st,3h,st,6h_st,6h,st,5.49603,ppsA
N900_RS18410,0.23698636338034126,0.35024998832472914,0.666850997514287,0.3068107738363845,0.23698636338034126,PCA,-0.06982441045604323,-0.06982441045604323,0.043439214488344646,0.3600402236779025,10,aer_2,0.9651875166666667,-1.4096,4.8851,1h_co,1h,co,3h_SI4,3h,SI4,6.294700000000001,aer_2
N900_RS18415,0.2672675205874624,0.2698198197177326,0.6009927829830635,0.36755085863046677,0.2672675205874624,PCA,-0.10028333804300438,-0.10028333804300438,-0.09773103891273416,0.2334419243525967,10,norM_3,0.7381811283333335,-0.52887,4.2499,6h_st,6h,st,3h_SI4,3h,SI4,4.77877,norM_3
N900_RS18420,0.32519864054696285,0.376919008706665,0.5910277707263639,0.25001886904465526,0.32519864054696285,PCA,0.07517977150230759,0.07517977150230759,0.12690013966200975,0.34100890168170866,10,ATP-dependent helicase_2,1.0005302166666665,-0.36488,3.9666,3h_SI2,3h,SI2,6h_ce,6h,ce,4.33148,ATP-dependent helicase_2
N900_RS18425,0.32679747624057864,0.39279704800101956,0.4855321523255532,0.2806224968993959,0.32679747624057864,PCA,0.046174979341182754,0.046174979341182754,0.11217455110162367,0.2049096554261573,10,dmlR_8,0.9454146333333333,-0.53089,4.2217,1h_st,1h,st,12h_st,12h,st,4.7525900000000005,dmlR_8
N900_RS18430,0.19775009166293644,0.19898683701870892,0.8189134764898535,0.18658542913330495,0.19775009166293644,PCA,0.011164662529631497,0.011164662529631497,0.012401407885403976,0.6323280473565485,10,grxB,0.7697200833333332,-1.0326,6.0039,12h_SI2,12h,SI2,3h_SI1,3h,SI1,7.0365,grxB
N900_RS18435,0.19392288649182352,0.2255592746980752,0.24370814918293654,0.18867154669186412,0.19392288649182352,PCA,0.005251339799959398,0.005251339799959398,0.036887728006211096,0.05503660249107242,10,nemA_1,1.0526019883333333,-0.49052,3.63,1h_SI5,1h,SI5,3h_SI2,3h,SI2,4.12052,nemA_1
N900_RS18440,0.13478054722399394,0.16449067339369475,0.30403333249092906,0.10220695006324676,0.13478054722399394,PCA,0.032573597160747175,0.032573597160747175,0.06228372333044799,0.2018263824276823,10,amidinotransferase,1.5820203166666669,-0.19961,4.4343,1h_SI8,1h,SI8,12h_SI2,12h,SI2,4.63391,amidinotransferase
N900_RS18445,0.12017719977437312,0.07081483301590218,0.7062312384185332,0.08610587521313565,0.07081483301590218,CP,-0.01529104219723347,0.03407132456123747,-0.01529104219723347,0.6201253632053976,10,vcaM,0.006609450833333333,0.00019262,0.17305,6h_SI7,6h,SI7,3h_st,3h,st,0.17285738,vcaM
N900_RS18450,0.18476925984685907,0.16437877569097062,0.25458215486235847,0.20652685305917187,0.16437877569097062,CP,-0.04214807736820125,-0.021757593212312798,-0.04214807736820125,0.048055301803186595,10,N900_RS18450,1.5210640666666668,-1.2297,6.4454,1h_SI9,1h,SI9,6h_SI3,6h,SI3,7.6751000000000005,N900_RS18450
N900_RS18455,0.2873914744547617,0.2332835182602496,0.43493593118633805,0.2904606499941454,0.2332835182602496,CP,-0.0571771317338958,-0.003069175539383684,-0.0571771317338958,0.14447528119219266,10,nemA_2,1.2277445000000002,-0.5137,3.9551,1h_st,1h,st,3h_SI1,3h,SI1,4.4688,nemA_2
N900_RS18460,0.18773278899727897,0.18181239317782086,0.43344354277210034,0.22501022618092742,0.18181239317782086,CP,-0.04319783300310656,-0.037277437183648454,-0.04319783300310656,0.20843331659117292,10,tetr_2,1.0664707666666668,-0.9266,4.6922,1h_SI5,1h,SI5,12h_SI1,12h,SI1,5.618799999999999,tetr_2
N900_RS18465,0.4244594877690213,0.45161238254908986,0.5897479189571531,0.3233499604701981,0.4244594877690213,PCA,0.10110952729882322,0.10110952729882322,0.12826242207889177,0.26639795848695497,10,LysE family translocator_2,0.9449693833333336,-0.73313,4.7676,3h_SI2,3h,SI2,6h_ce,6h,ce,5.50073,LysE family translocator_2
N900_RS18470,0.6256602741822347,0.6889186918462662,0.8417098632200742,0.5842027172224667,0.6256602741822347,PCA,0.04145755695976794,0.04145755695976794,0.10471597462379945,0.2575071459976075,10,rhaS_4,0.93171164,-1.7867,5.3963,6h_SI5,6h,SI5,6h_SI2,6h,SI2,7.183,rhaS_4
N900_RS18475,0.13607996803333397,0.12233118353696287,0.3666100794619767,0.20850141162238864,0.12233118353696287,CP,-0.08617022808542577,-0.07242144358905467,-0.08617022808542577,0.15810866783958807,10,ygaZ,1.0294073499999998,-0.16483,3.9897,6h_st,6h,st,3h_SI3,3h,SI3,4.15453,ygaZ
N900_RS18480,0.35842873583880885,0.4360485572378291,0.6102264787251305,0.33018762072055097,0.35842873583880885,PCA,0.028241115118257887,0.028241115118257887,0.10586093651727813,0.2800388580045795,10,N900_RS18480,1.0644122500000002,-0.6124,4.3871,1h_SI4,1h,SI4,3h_SI3,3h,SI3,4.9995,N900_RS18480
N900_RS18485,0.26468993548330055,0.24725913033297656,0.4328363395403676,0.23092427436287868,0.24725913033297656,CP,0.016334855970097872,0.03376566112042187,0.016334855970097872,0.20191206517748891,10,ycgM,0.2317670416666667,-1.0364,3.1133,12h_st,12h,st,1h_SI1,1h,SI1,4.1497,ycgM
N900_RS18490,0.3184791177865861,0.26071812510316206,0.5183046062982971,0.22488870886404086,0.26071812510316206,CP,0.0358294162391212,0.09359040892254525,0.0358294162391212,0.2934158974342562,10,sarZ_2,1.4996949,-0.13114,3.8497,6h_SI1,6h,SI1,6h_SI2,6h,SI2,3.9808399999999997,sarZ_2
N900_RS18495,0.6227206222148741,0.8062673114384008,0.8780946112684573,0.6104549065822967,0.6227206222148741,PCA,0.01226571563257739,0.01226571563257739,0.19581240485610407,0.2676397046861606,10,organic hydroperoxide resistance protein,0.7048468666666667,-0.51228,5.0489,3h_SI7,3h,SI7,3h_SI4,3h,SI4,5.561179999999999,organic hydroperoxide resistance protein
N900_RS18500,0.14743265419424548,0.13855748490373815,0.24775500772168116,0.13741242694744693,0.13855748490373815,CP,0.0011450579562912178,0.010020227246798546,0.0011450579562912178,0.11034258077423423,10,porin,1.9403371,-0.22876,6.144,1h_SI6,1h,SI6,3h_st,3h,st,6.37276,porin
N900_RS18505,0.23062064478799313,0.2666556473325081,0.4000865844262464,0.23233065562333513,0.23062064478799313,PCA,-0.0017100108353420018,-0.0017100108353420018,0.03432499170917294,0.16775592880291126,10,ribN_BLAST,1.7100765966666664,-0.20179,5.2301,1h_SI8,1h,SI8,3h_st,3h,st,5.43189,ribN_BLAST
N900_RS18510,0.2237444087877735,0.2876180344127308,0.5519522288737801,0.2688321213032465,0.2237444087877735,PCA,-0.04508771251547303,-0.04508771251547303,0.018785913109484298,0.28312010757053363,10,glutaredoxin,1.3478461550000003,-0.002698,4.421,12h_ce,12h,ce,6h_SI2,6h,SI2,4.423698,glutaredoxin
N900_RS18515,0.24574419909436884,0.23418434229005988,0.40338635507840453,0.158197861101849,0.23418434229005988,CP,0.07598648118821089,0.08754633799251985,0.07598648118821089,0.24518849397655554,10,yjiG,0.7193569433333333,-0.59136,3.7821,6h_SI7,6h,SI7,3h_SI2,3h,SI2,4.37346,yjiG
N900_RS18520,0.22535829631910695,0.22568606527823853,0.4009668807714523,0.20245050540040943,0.22535829631910695,PCA,0.022907790918697518,0.022907790918697518,0.023235559877829104,0.19851637537104289,10,N900_RS18520,0.8471733166666665,-0.59808,3.6638,12h_st,12h,st,3h_SI1,3h,SI1,4.26188,N900_RS18520
N900_RS18525,0.34111020757265254,0.49760428596149786,0.7581543509878536,0.32730085360664074,0.34111020757265254,PCA,0.013809353966011795,0.013809353966011795,0.17030343235485712,0.4308534973812128,10,nhad,0.4258148978333333,-1.0779,3.8994,6h_SI3,6h,SI3,12h_SI1,12h,SI1,4.9773,nhad
N900_RS18530,0.3664167460933554,0.31486449001250333,0.6466053463384048,0.361166799714487,0.31486449001250333,CP,-0.04630230970198368,0.0052499463788683864,-0.04630230970198368,0.2854385466239178,10,N900_RS18530,1.49939915,-0.2296,5.4337,1h_SI7,1h,SI7,6h_st,6h,st,5.6633,N900_RS18530
N900_RS18535,0.4526447787571624,0.5117315637887475,0.6922557926066865,0.4927098988520536,0.4526447787571624,PCA,-0.04006512009489116,-0.04006512009489116,0.01902166493669394,0.19954589375463289,10,ogt,0.8451131166666666,-0.57455,5.4107,12h_st,12h,st,1h_SI1,1h,SI1,5.985250000000001,ogt
N900_RS18540,0.35965606818300616,0.36678154902433474,0.5951231480623946,0.38330907453294166,0.35965606818300616,PCA,-0.0236530063499355,-0.0236530063499355,-0.01652752550860692,0.21181407352945297,10,alkA,0.36567683333333334,-1.0677,2.7152,12h_st,12h,st,6h_SI4,6h,SI4,3.7828999999999997,alkA
N900_RS18545,0.1991806512285997,0.308051711051837,0.6515454864524569,0.18061722611352424,0.1991806512285997,PCA,0.01856342511507547,0.01856342511507547,0.12743448493831275,0.47092826033893265,10,mhqP,1.2606789466666664,-0.16519,4.8455,1h_SI6,1h,SI6,3h_SI3,3h,SI3,5.01069,mhqP
N900_RS18550,0.31662114108753375,0.36369308153547536,0.6278177189492002,0.3731232222624449,0.31662114108753375,PCA,-0.05650208117491112,-0.05650208117491112,-0.009430140726969516,0.25469449668675537,10,LysR family transcriptional regulator_9,-0.1270354,-1.5769,2.6388,1h_st,1h,st,6h_SI1,6h,SI1,4.2157,LysR family transcriptional regulator_9
N900_RS18555,0.46995146276428146,0.5672878940953061,0.7332863040784027,0.5995485238270252,0.46995146276428146,PCA,-0.1295970610627437,-0.1295970610627437,-0.03226062973171906,0.1337377802513775,10,N900_RS18555,-0.6938512,-2.1712,2.8427,1h_SI1,1h,SI1,3h_SI5,3h,SI5,5.0139,N900_RS18555
N900_RS18560,0.5005993347278175,0.4700430512202469,0.8628773673150699,0.49814128721622664,0.4700430512202469,CP,-0.028098235995979715,0.002458047511590844,-0.028098235995979715,0.3647360800988433,10,flavohemoglobin expression-modulating QEGLA motif protein,0.9325072333333334,-0.74441,4.0046,6h_SI1,6h,SI1,6h_st,6h,st,4.74901,flavohemoglobin expression-modulating QEGLA motif protein
N900_RS18565,0.25816198496007586,0.28181412233524655,0.6310326796543185,0.2095830457788875,0.25816198496007586,PCA,0.04857893918118836,0.04857893918118836,0.07223107655635905,0.421449633875431,10,N900_RS18565,1.3080396666666665,-0.34214,6.2048,6h_co,6h,co,3h_st,3h,st,6.546939999999999,N900_RS18565
N900_RS18570,0.30336243106351674,0.34375012650444187,0.36390898397118643,0.2769163651078255,0.30336243106351674,PCA,0.02644606595569121,0.02644606595569121,0.06683376139661634,0.0869926188633609,10,nagB,-1.0700565,-3.6157,2.4464,6h_SI6,6h,SI6,12h_SI3,12h,SI3,6.0621,nagB
N900_RS18575,0.1183379386953792,0.13820298347168183,0.25157279263355053,0.11879737017221167,0.1183379386953792,PCA,-0.00045943147683247254,-0.00045943147683247254,0.01940561329947016,0.13277542246133886,10,N900_RS18575,1.1693778750000001,-0.28541,4.5197,6h_st,6h,st,3h_SI2,3h,SI2,4.80511,N900_RS18575
N900_RS18580,0.2371037635661887,0.280385123888362,0.3290880330033408,0.26607749518901824,0.2371037635661887,PCA,-0.02897373162282954,-0.02897373162282954,0.014307628699343766,0.06301053781432253,10,maltose operon protein,0.2818717,-1.1755,2.8385,6h_SI7,6h,SI7,3h_SI2,3h,SI2,4.013999999999999,maltose operon protein
N900_RS18585,0.24428449570673358,0.2616983550376588,0.5504146993175191,0.18741392036498425,0.24428449570673358,PCA,0.05687057534174933,0.05687057534174933,0.07428443467267457,0.3630007789525348,10,maltoporin,0.8266585999999999,-0.75052,3.6507,6h_st,6h,st,12h_SI3,12h,SI3,4.40122,maltoporin
N900_RS18590,0.27771663856599305,0.3542495409158814,0.5522581902116558,0.3059032290844637,0.27771663856599305,PCA,-0.028186590518470667,-0.028186590518470667,0.04834631183141769,0.24635496112719207,10,glgX,1.1282764616666665,-1.1667,5.1463,1h_SI1,1h,SI1,3h_SI4,3h,SI4,6.313000000000001,glgX
N900_RS18595,0.28889898873447956,0.3007542742835011,0.4872212735315428,0.32276065168279305,0.28889898873447956,PCA,-0.0338616629483135,-0.0338616629483135,-0.022006377399291954,0.16446062184874977,10,N900_RS18595,1.0050185333333335,-0.97709,4.4732,6h_SI1,6h,SI1,3h_SI1,3h,SI1,5.450290000000001,N900_RS18595
N900_RS18600,0.7123868912497652,0.7056711736007085,0.760035244136911,0.6342986042123993,0.7056711736007085,CP,0.07137256938830927,0.07808828703736592,0.07137256938830927,0.12573663992451178,10,methyl-accepting chemotaxis protein_27,-0.41803977166666667,-2.4343,3.4934,3h_SI8,3h,SI8,6h_SI4,6h,SI4,5.9277,methyl-accepting chemotaxis protein_27
N900_RS18605,0.5427075135410241,0.563713275612804,0.9023749553660252,0.6253901621314022,0.5427075135410241,PCA,-0.0826826485903781,-0.0826826485903781,-0.06167688651859815,0.276984793234623,10,N900_RS18605,0.71950405,-0.9177,4.9879,1h_SI1,1h,SI1,6h_st,6h,st,5.9056,N900_RS18605
N900_RS18610,0.21392896913087028,0.27040713138001,0.35221653057336455,0.19764156958705908,0.21392896913087028,PCA,0.0162873995438112,0.0162873995438112,0.0727655617929509,0.15457496098630547,10,carbohydrate ABC transporter substrate-binding protein,1.0021422703333334,-0.54845,3.7851,12h_st,12h,st,6h_SI1,6h,SI1,4.33355,carbohydrate ABC transporter substrate-binding protein
N900_RS18615,0.31367835356249985,0.27250569602557245,0.45444965484138267,0.31018724185401747,0.27250569602557245,CP,-0.03768154582844502,0.003491111708482375,-0.03768154582844502,0.1442624129873652,10,methyl-accepting chemotaxis protein_19,1.0326468033333334,-0.63255,5.1683,6h_SI7,6h,SI7,3h_st,3h,st,5.8008500000000005,methyl-accepting chemotaxis protein_19
N900_RS18620,0.44706142817837063,0.48886032923956674,0.8958460582760169,0.4688142253520412,0.44706142817837063,PCA,-0.02175279717367057,-0.02175279717367057,0.020046103887525535,0.42703183292397573,10,N900_RS18620,0.33199108016666673,-1.3442,2.6237,6h_SI1,6h,SI1,12h_SI1,12h,SI1,3.9679,N900_RS18620
N900_RS18625,0.3464676419775308,0.411734766180743,0.6311107799177582,0.32175052373839613,0.3464676419775308,PCA,0.024717118239134694,0.024717118239134694,0.08998424244234687,0.3093602561793621,10,aroG,1.4493935666666666,-0.073246,4.3744,1h_SI7,1h,SI7,3h_SI1,3h,SI1,4.447646,aroG
N900_RS18630,0.44369059683289847,0.4307508923457568,0.6446831170069145,0.42864836832943326,0.4307508923457568,CP,0.002102524016323548,0.015042228503465205,0.002102524016323548,0.21603474867748124,10,glnQ_2,0.08422083333333338,-2.2495,3.9345,6h_SI5,6h,SI5,3h_SI4,3h,SI4,6.183999999999999,glnQ_2
N900_RS18635,0.17660140835340568,0.1827621567942657,0.3172941376384595,0.23590893247266023,0.17660140835340568,PCA,-0.05930752411925455,-0.05930752411925455,-0.05314677567839454,0.08138520516579925,10,amino acid ABC transporter permease,1.072856908333333,-0.28575,3.27,6h_SI8,6h,SI8,12h_SI2,12h,SI2,3.55575,amino acid ABC transporter permease
N900_RS18640,0.4332248521131629,0.45102752373968535,0.6733612605427032,0.4870230150362547,0.4332248521131629,PCA,-0.05379816292309181,-0.05379816292309181,-0.03599549129656937,0.18633824550644845,10,fliY,0.7207417300000001,-1.001,3.84,6h_SI1,6h,SI1,12h_SI2,12h,SI2,4.840999999999999,fliY
N900_RS18645,0.166187113145707,0.1542872106353639,0.21811200183404916,0.15203425838572018,0.1542872106353639,CP,0.002252952249643725,0.014152854759986816,0.002252952249643725,0.06607774344832898,10,glnP,1.5760528999999999,-0.22421,4.0485,1h_SI6,1h,SI6,3h_SI5,3h,SI5,4.27271,glnP
N900_RS18650,0.3245630910651105,0.34897565488276344,0.6343398293750269,0.34550870318546895,0.3245630910651105,PCA,-0.020945612120358448,-0.020945612120358448,0.003466951697294496,0.2888311261895579,10,pgcA,0.22527911666666667,-1.4033,3.2432,12h_st,12h,st,12h_SI3,12h,SI3,4.6465,pgcA
N900_RS18655,0.4974826172485513,0.45829957732358556,0.7385527450060148,0.4554750674510834,0.45829957732358556,CP,0.0028245098725021567,0.0420075497974679,0.0028245098725021567,0.28307767755493135,10,polymer-forming cytoskeletal protein,1.1176325383333332,-1.9145,5.9214,6h_SI5,6h,SI5,6h_SI1,6h,SI1,7.8359000000000005,polymer-forming cytoskeletal protein
N900_RS18660,0.34287456761286983,0.44590948271295083,0.664781742247244,0.3677464880433579,0.34287456761286983,PCA,-0.02487192043048808,-0.02487192043048808,0.07816299466959292,0.29703525420388605,10,Pseudogene_N900_RS18660,1.6897767333333331,-1.2083,5.5671,6h_SI5,6h,SI5,6h_SI2,6h,SI2,6.775399999999999,Pseudogene_N900_RS18660
N900_RS18670,0.32223624341209994,0.34924528150870376,0.4646690645694991,0.29853964756259777,0.32223624341209994,PCA,0.023696595849502178,0.023696595849502178,0.050705633946106,0.16612941700690131,10,mtlA,1.1918607166666668,-0.52701,4.7672,6h_SI2,6h,SI2,12h_st,12h,st,5.29421,mtlA
N900_RS18675,0.4286237959670937,0.36808299845049136,0.5430077664906887,0.4280775977798586,0.36808299845049136,CP,-0.05999459932936724,0.000546198187235114,-0.05999459932936724,0.11493016871083012,10,mtlD,1.0711142666666666,-0.43937,3.9872,6h_st,6h,st,1h_st,1h,st,4.42657,mtlD
N900_RS18680,0.1687000219867512,0.1753586640323667,0.34727617694296126,0.1449517986444622,0.1687000219867512,PCA,0.023748223342288988,0.023748223342288988,0.03040686538790449,0.20232437829849906,10,MltR family transcriptional regulator,0.5647306150000001,-0.84684,3.3964,1h_st,1h,st,6h_SI4,6h,SI4,4.24324,MltR family transcriptional regulator
N900_RS18685,0.13627554388878443,0.13489290049520072,0.26695821603211983,0.11089289949690694,0.13489290049520072,CP,0.02400000099829379,0.0253826443918775,0.02400000099829379,0.15606531653521288,10,yceM,0.9835249633333333,-0.36835,3.719,1h_st,1h,st,3h_SI2,3h,SI2,4.08735,yceM
N900_RS18690,0.22027321033843927,0.21961275479968645,0.30548529071850516,0.17886820118555583,0.21961275479968645,CP,0.040744553614130624,0.04140500915288345,0.040744553614130624,0.12661708953294934,10,MBL fold metallo-hydrolase_4,0.9261431949999998,-0.80376,3.7828,12h_SI8,12h,SI8,3h_SI3,3h,SI3,4.58656,MBL fold metallo-hydrolase_4
N900_RS18695,0.2079853310206755,0.3435878607827873,0.6416151597295175,0.3142946305317095,0.2079853310206755,PCA,-0.10630929951103396,-0.10630929951103396,0.02929323025107783,0.3273205291978081,10,N900_RS18695,0.5465653333333332,-0.76862,3.6284,3h_SI2,3h,SI2,3h_SI3,3h,SI3,4.39702,N900_RS18695
N900_RS18700,0.46039056426591957,0.475039889192255,0.6872769373487755,0.4965758853863563,0.46039056426591957,PCA,-0.03618532112043671,-0.03618532112043671,-0.021535996194101292,0.1907010519624192,10,yccf,0.21158631666666666,-1.4743,4.2033,3h_SI1,3h,SI1,6h_SI2,6h,SI2,5.6776,yccf
N900_RS18705,0.20542396820097567,0.2571397023064358,0.8126438351965117,0.3194559864961475,0.20542396820097567,PCA,-0.11403201829517182,-0.11403201829517182,-0.06231628418971169,0.49318784870036425,10,N900_RS18705,0.9998879000000002,-0.59522,4.745,3h_SI3,3h,SI3,6h_st,6h,st,5.34022,N900_RS18705
N900_RS18710,0.11514824096797634,0.12944722166412456,0.212598791560902,0.1130732125842495,0.11514824096797634,PCA,0.0020750283837268346,0.0020750283837268346,0.01637400907987506,0.0995255789766525,10,N900_RS18710,1.4617749166666667,-0.026851,4.8523,1h_SI8,1h,SI8,6h_SI1,6h,SI1,4.879150999999999,N900_RS18710
N900_RS18715,0.2494948003293672,0.2586391915296184,0.3550063955841869,0.2211461072088859,0.2494948003293672,PCA,0.0283486931204813,0.0283486931204813,0.037493084320732506,0.133860288375301,10,NAD(P)-dependent oxidoreductase,0.9146017116666666,-0.83762,3.422,3h_SI5,3h,SI5,12h_SI1,12h,SI1,4.25962,NAD(P)-dependent oxidoreductase
N900_RS18720,0.22181066897688803,0.2816898738184705,0.5215492013104726,0.2503636007325532,0.22181066897688803,PCA,-0.028552931755665173,-0.028552931755665173,0.03132627308591729,0.27118560057791935,10,LysR family transcriptional regulator_8,1.3987238833333335,-0.10966,5.071,12h_SI2,12h,SI2,3h_SI3,3h,SI3,5.18066,LysR family transcriptional regulator_8
N900_RS18725,0.22670457250397424,0.2265493330238252,0.390467786163878,0.2463251056906648,0.2265493330238252,CP,-0.01977577266683958,-0.019620533186690547,-0.01977577266683958,0.1441426804732132,10,methyl-accepting chemotaxis protein_17,0.4715738966666667,-0.95276,3.2707,6h_SI7,6h,SI7,3h_st,3h,st,4.22346,methyl-accepting chemotaxis protein_17
N900_RS18730,0.2816077044510189,0.4230948978692177,0.558759918612611,0.25244870625250265,0.2816077044510189,PCA,0.02915899819851625,0.02915899819851625,0.17064619161671507,0.30631121236010833,10,ydfG,0.47951441666666667,-1.1667,3.6548,1h_co,1h,co,3h_SI1,3h,SI1,4.8215,ydfG
N900_RS18735,0.1703796053377257,0.17256686293997744,0.27054003348223254,0.19757639504128838,0.1703796053377257,PCA,-0.02719678970356268,-0.02719678970356268,-0.025009532101310933,0.07296363844094417,10,dmlR_10,0.9155226263333334,-0.5259,3.2905,3h_st,3h,st,6h_SI4,6h,SI4,3.8164000000000002,dmlR_10
N900_RS18740,0.17044292134487485,0.17169605155219173,0.23054115758035154,0.1578938787118053,0.17044292134487485,PCA,0.012549042633069551,0.012549042633069551,0.013802172840386429,0.07264727886854624,10,trmY,0.6014891000000001,-0.82817,3.118,6h_SI7,6h,SI7,12h_SI2,12h,SI2,3.94617,trmY
N900_RS18745,0.40409677533472704,0.49110920739325403,0.6065586745833136,0.32935041505283313,0.40409677533472704,PCA,0.07474636028189391,0.07474636028189391,0.1617587923404209,0.27720825953048045,10,ribB,-0.8135009983333332,-2.4245,2.5383,12h_SI2,12h,SI2,3h_SI7,3h,SI7,4.9628,ribB
N900_RS18750,0.2344737405554077,0.37661633656885357,0.4569298351301828,0.1911437564285511,0.2344737405554077,PCA,0.0433299841268566,0.0433299841268566,0.18547258014030246,0.26578607870163173,10,potE,1.24695305,-0.20207,4.1402,1h_SI5,1h,SI5,6h_st,6h,st,4.34227,potE
N900_RS18755,0.4377823739527348,0.5246656175287239,0.7459045377456645,0.3358748141463789,0.4377823739527348,PCA,0.10190755980635591,0.10190755980635591,0.188790803382345,0.4100297235992856,10,speF,1.4818714999999998,-0.13187,6.9006,3h_SI2,3h,SI2,6h_ce,6h,ce,7.03247,speF
N900_RS18760,0.43757119385777565,0.5243832801037032,0.6640949802390224,0.472741054526847,0.43757119385777565,PCA,-0.03516986066907135,-0.03516986066907135,0.05164222557685616,0.19135392571217535,10,N900_RS18760,-0.3224656000000001,-2.4669,3.5017,6h_ce,6h,ce,3h_SI3,3h,SI3,5.9686,N900_RS18760
N900_RS18765,0.22676282139741627,0.25598812164265194,0.42422868050406903,0.2207576323850062,0.22676282139741627,PCA,0.006005189012410067,0.006005189012410067,0.03523048925764574,0.20347104811906283,10,calB,1.239738383333333,-0.70846,5.4858,6h_SI2,6h,SI2,3h_SI3,3h,SI3,6.19426,calB
N900_RS18770,0.1159834702660838,0.15519784906700212,0.6088474944276351,0.19928444054553202,0.1159834702660838,PCA,-0.08330097027944822,-0.08330097027944822,-0.04408659147852989,0.40956305388210307,10,lrp_3,0.011676482833333333,0.00036118,0.14905,6h_SI1,6h,SI1,3h_st,3h,st,0.14868882,lrp_3
N900_RS18775,0.1640956043460306,0.13158870787053548,0.3551894150449081,0.1436834131418592,0.13158870787053548,CP,-0.012094705271323725,0.020412191204171398,-0.012094705271323725,0.21150600190304888,10,methyl-accepting chemotaxis protein_22,0.9547120899999998,-0.4274,4.3884,6h_st,6h,st,3h_st,3h,st,4.815799999999999,methyl-accepting chemotaxis protein_22
N900_RS18780,0.5081678378410283,0.544323174539222,0.7772847550012665,0.5090660954033875,0.5081678378410283,PCA,-0.0008982575623592837,-0.0008982575623592837,0.035257079135834424,0.26821865959787894,10,N900_RS18780,0.34242248333333336,-1.3008,4.4145,3h_SI8,3h,SI8,6h_SI1,6h,SI1,5.7153,N900_RS18780
N900_RS18785,0.2358638425776074,0.26965571424373747,0.36159489010515217,0.22337856321686772,0.2358638425776074,PCA,0.012485279360739676,0.012485279360739676,0.046277151026869745,0.13821632688828445,10,putP,1.0645062,-0.53207,4.1169,12h_st,12h,st,6h_ce,6h,ce,4.64897,putP
N900_RS18790,0.32068842438886624,0.35837558023785354,0.6346555565343119,0.3215779883714936,0.32068842438886624,PCA,-0.0008895639826273505,-0.0008895639826273505,0.03679759186635995,0.31307756816281834,10,1-pyrroline-5-carboxylate dehydrogenase,0.9777369233333333,-0.95406,4.1516,3h_SI5,3h,SI5,12h_st,12h,st,5.10566,1-pyrroline-5-carboxylate dehydrogenase
N900_RS18795,0.09829948270703698,0.11079011430531718,0.27592696641658526,0.18697316712291656,0.09829948270703698,PCA,-0.08867368441587958,-0.08867368441587958,-0.07618305281759938,0.0889537992936687,10,putA,1.266033616666667,0.025051,4.1137,1h_SI7,1h,SI7,6h_st,6h,st,4.088648999999999,putA
N900_RS18800,0.29629294338978646,0.32458944424327185,0.3680616007781267,0.20775874558022014,0.29629294338978646,PCA,0.08853419780956631,0.08853419780956631,0.11683069866305171,0.16030285519790657,10,rhaS_5,0.7279784499999999,-0.5858,3.9629,12h_SI6,12h,SI6,3h_SI1,3h,SI1,4.5487,rhaS_5
N900_RS18805,0.15613872119375646,0.17823097920999595,0.23811762538309605,0.1352966515060001,0.15613872119375646,PCA,0.02084206968775637,0.02084206968775637,0.042934327703995856,0.10282097387709596,10,N900_RS18805,1.9354384,-0.62737,4.5897,1h_SI6,1h,SI6,6h_SI4,6h,SI4,5.21707,N900_RS18805
N900_RS18810,0.13766863960765416,0.16104355603405818,0.2241411430336178,0.11774872731100101,0.13766863960765416,PCA,0.019919912296653144,0.019919912296653144,0.04329482872305716,0.10639241572261678,10,egtb,1.2666449666666668,-0.01942,3.735,6h_SI8,6h,SI8,3h_SI1,3h,SI1,3.75442,egtb
N900_RS18815,0.39326833333083777,0.46172385908325125,0.8581741712308091,0.41887651567707945,0.39326833333083777,PCA,-0.02560818234624168,-0.02560818234624168,0.0428473434061718,0.4392976555537296,10,PAS domain S-box protein_2,0.8348014500000002,-1.344,5.4392,1h_SI7,1h,SI7,3h_SI2,3h,SI2,6.7832,PAS domain S-box protein_2
N900_RS18825,0.5641771098698708,0.631299011566097,0.7796321059985336,0.5161965371435844,0.5641771098698708,PCA,0.04798057272628642,0.04798057272628642,0.11510247442251265,0.26343556885494923,10,HlyD family type I secretion periplasmic adaptor subunit_2,0.09607926666666668,-1.5946,3.5016,3h_SI5,3h,SI5,6h_SI2,6h,SI2,5.0962,HlyD family type I secretion periplasmic adaptor subunit_2
N900_RS18830,0.31795117840581955,0.421368987386596,0.6035950181320495,0.31615173385617373,0.31795117840581955,PCA,0.0017994445496458122,0.0017994445496458122,0.10521725353042227,0.2874432842758758,10,transglutaminase-like cysteine peptidase,-0.20041221333333334,-1.9425,3.2645,6h_SI3,6h,SI3,3h_SI4,3h,SI4,5.207,transglutaminase-like cysteine peptidase
N900_RS18835,0.1168665240281242,0.1343645834712293,0.29025995396072835,0.10047144172885056,0.1168665240281242,PCA,0.01639508229927364,0.01639508229927364,0.03389314174237873,0.1897885122318778,10,N900_RS18835,1.0041141266666667,-0.42856,4.1135,1h_st,1h,st,3h_SI4,3h,SI4,4.54206,N900_RS18835
N900_RS18840,0.24071555548248838,0.2698120312193586,0.3749220269694173,0.15655040022133307,0.24071555548248838,PCA,0.08416515526115531,0.08416515526115531,0.11326163099802553,0.21837162674808422,10,apxIB_2,1.206739333333333,-0.4738,4.2533,12h_st,12h,st,6h_SI4,6h,SI4,4.7271,apxIB_2
N900_RS18845,0.4693196403046669,0.4996393711679839,0.6440975094221113,0.2958521916250546,0.4693196403046669,PCA,0.17346744867961228,0.17346744867961228,0.2037871795429293,0.3482453177970567,10,N900_RS18845,1.5350430666666666,-0.18975,4.6407,6h_SI4,6h,SI4,3h_SI1,3h,SI1,4.83045,N900_RS18845
N900_RS18850,0.1668200665813184,0.2070682148909569,0.31945254394415495,0.16636420554127945,0.1668200665813184,PCA,0.00045586104003894623,0.00045586104003894623,0.04070400934967744,0.1530883384028755,10,rcsC_11,0.8952227116666667,-0.78276,4.2681,6h_st,6h,st,12h_SI2,12h,SI2,5.050859999999999,rcsC_11
N900_RS18855,0.231168534573678,0.28935874752107443,0.5340595934700461,0.1664916543601693,0.231168534573678,PCA,0.0646768802135087,0.0646768802135087,0.12286709316090513,0.36756793910987673,10,btrV,1.662775,0.12121,5.0798,3h_st,3h,st,6h_SI4,6h,SI4,4.95859,btrV
N900_RS18860,0.27468433827052874,0.315212140147226,0.48016526461902204,0.27100477038264703,0.27468433827052874,PCA,0.0036795678878817073,0.0036795678878817073,0.04420736976457895,0.209160494236375,10,mlp44,0.5871718995000001,-1.0693,3.1319,24h_co,24h,co,6h_SI4,6h,SI4,4.2012,mlp44
N900_RS18865,0.3331996040409646,0.34538935808499827,0.5169457654800171,0.325880017755806,0.3331996040409646,PCA,0.007319586285158608,0.007319586285158608,0.01950934032919227,0.19106574772421114,10,cheB3,0.8492775333333333,-0.39527,3.4663,1h_st,1h,st,3h_SI4,3h,SI4,3.86157,cheB3
N900_RS18870,0.34881434227230756,0.35530805865358883,0.6143659688599722,0.3149390529956207,0.34881434227230756,PCA,0.03387528927668687,0.03387528927668687,0.04036900565796814,0.2994269158643515,10,cheD,1.0823069116666666,-0.53131,4.0413,6h_SI4,6h,SI4,3h_st,3h,st,4.572609999999999,cheD
N900_RS18880,0.13350252623905512,0.14818637431623652,0.23257469369709635,0.15743236030321786,0.13350252623905512,PCA,-0.02392983406416274,-0.02392983406416274,-0.009245985986981342,0.07514233339387849,10,mlp5,0.8994405666666665,-0.58353,3.9609,6h_SI6,6h,SI6,6h_SI3,6h,SI3,4.54443,mlp5
N900_RS18885,0.19447162466028006,0.22924740190663925,0.44245000811741714,0.19939891371989277,0.19447162466028006,PCA,-0.004927289059612705,-0.004927289059612705,0.029848488186746486,0.24305109439752437,10,cheW2,0.9482326999999999,-0.433,4.2704,3h_SI4,3h,SI4,3h_SI2,3h,SI2,4.7034,cheW2
N900_RS18900,0.5880681105880399,0.6867641533394749,0.8813295490611653,0.6672202474320386,0.5880681105880399,PCA,-0.07915213684399869,-0.07915213684399869,0.019543905907436376,0.21410930162912678,10,cheA3,1.336020415,-0.26262,4.1818,3h_SI5,3h,SI5,6h_SI4,6h,SI4,4.44442,cheA3
N900_RS18905,0.2922031436392381,0.29276239793101433,0.4978305492229547,0.24938304444627304,0.2922031436392381,PCA,0.04282009919296506,0.04282009919296506,0.043379353484741284,0.24844750477668168,10,cheY4,0.8643763833333332,-0.60459,4.9693,6h_SI4,6h,SI4,3h_SI2,3h,SI2,5.57389,cheY4
N900_RS18910,0.14573070053255419,0.16508484401205,0.22678272823976256,0.1375927657755268,0.14573070053255419,PCA,0.008137934757027399,0.008137934757027399,0.02749207823652322,0.08918996246423577,10,N900_RS18910,1.1945625649999998,-0.21988,4.4357,12h_st,12h,st,12h_SI2,12h,SI2,4.65558,N900_RS18910
N900_RS18915,0.24739217046881956,0.2542855435484503,0.46289035601569517,0.2623265924249976,0.24739217046881956,PCA,-0.014934421956178057,-0.014934421956178057,-0.00804104887654733,0.20056376359069755,10,ABC transporter substrate-binding protein_10,1.2910365666666668,-0.11376,4.3028,1h_st,1h,st,3h_SI1,3h,SI1,4.4165600000000005,ABC transporter substrate-binding protein_10
N900_RS18920,0.22672110918647712,0.19937489615914,0.5258846449850755,0.3110158936325105,0.19937489615914,CP,-0.11164099747337047,-0.08429478444603336,-0.11164099747337047,0.214868751352565,10,Pseudogene_N900_RS18920,0.666760275,-0.61423,3.5676,12h_st,12h,st,1h_ce,1h,ce,4.18183,Pseudogene_N900_RS18920
N900_RS18925,0.2562324700744324,0.2500627622847373,0.3731230362732188,0.24354733829805558,0.2500627622847373,CP,0.006515423986681701,0.012685131776376812,0.006515423986681701,0.12957569797516322,10,ABC transporter permease_8,0.4313264833333334,-0.77128,3.1159,12h_SI6,12h,SI6,6h_SI3,6h,SI3,3.88718,ABC transporter permease_8
N900_RS18930,0.2388566034783404,0.22964691948530447,0.4845898566098839,0.22928837718574616,0.22964691948530447,CP,0.00035854229955831207,0.00956822629259424,0.00035854229955831207,0.2553014794241377,10,ABC transporter ATP-binding protein_4,0.3748486666666667,-1.0482,3.6535,6h_SI3,6h,SI3,3h_st,3h,st,4.701700000000001,ABC transporter ATP-binding protein_4
N900_RS18935,0.799361457905906,0.48868263864394984,0.9442228404004109,0.6550266332136313,0.48868263864394984,CP,-0.16634399456968146,0.14433482469227465,-0.16634399456968146,0.28919620718677963,10,eptA,0.3800042383333333,-1.2481,5.1878,24h_SI1,24h,SI1,6h_SI3,6h,SI3,6.4359,eptA
N900_RS18940,0.24457411883122074,0.28828287547984144,0.42386049355792504,0.23596355970300495,0.24457411883122074,PCA,0.008610559128215789,0.008610559128215789,0.05231931577683649,0.1878969338549201,10,qseC,1.4404868666666668,-0.20378,5.0351,3h_SI4,3h,SI4,6h_SI2,6h,SI2,5.23888,qseC
N900_RS18945,0.4110972733836455,0.39344206245655877,0.5915453704825231,0.27459209562423303,0.39344206245655877,CP,0.11884996683232574,0.13650517775941245,0.11884996683232574,0.31695327485829006,10,qseB,1.0182728833333334,-0.48682,4.5706,3h_SI2,3h,SI2,6h_SI4,6h,SI4,5.05742,qseB
N900_RS18950,0.22254691231839055,0.21828422311588166,0.36819159976406984,0.22817775093722004,0.21828422311588166,CP,-0.009893527821338371,-0.005630838618829487,-0.009893527821338371,0.1400138488268498,10,tetratricopeptide repeat protein,1.0551659833333333,-0.24445,4.1259,1h_st,1h,st,3h_SI2,3h,SI2,4.370349999999999,tetratricopeptide repeat protein
N900_RS18955,0.20948490752788698,0.24512013034444918,0.4477136604789363,0.2286643144081388,0.20948490752788698,PCA,-0.019179406880251826,-0.019179406880251826,0.016455815936310375,0.21904934607079748,10,fabG_4,1.2404096866666667,0.0072952,4.1383,1h_SI8,1h,SI8,12h_SI1,12h,SI1,4.1310048,fabG_4
N900_RS18960,0.2056498748560635,0.18986767245529934,0.3225196298061425,0.15964343886512383,0.18986767245529934,CP,0.03022423359017551,0.046006435990939676,0.03022423359017551,0.16287619094101868,10,biliverdin-producing heme oxygenase,1.2439317333333335,-0.017864,5.5579,6h_co,6h,co,3h_st,3h,st,5.575764,biliverdin-producing heme oxygenase
N900_RS18965,0.280942021167715,0.34950265666840674,0.4488863009744115,0.2514615275937065,0.280942021167715,PCA,0.029480493574008504,0.029480493574008504,0.09804112907470025,0.19742477338070502,10,menE_2,0.8766251666666667,-0.55971,4.1059,1h_st,1h,st,6h_SI2,6h,SI2,4.66561,menE_2
N900_RS18970,0.2645302969813844,0.2647439591568749,0.5630534902175529,0.3396446435908202,0.2645302969813844,PCA,-0.07511434660943578,-0.07511434660943578,-0.07490068443394532,0.22340884662673272,10,thermostable hemolysin,0.6617365916666668,-0.87803,5.648,6h_SI4,6h,SI4,3h_st,3h,st,6.5260299999999996,thermostable hemolysin
N900_RS18975,0.5687685927278322,0.48671129704192256,0.7988213640839735,0.6029606278752451,0.48671129704192256,CP,-0.1162493308333225,-0.03419203514741287,-0.1162493308333225,0.19586073620872846,10,tmca,0.40691330833333333,-0.98742,3.6598,24h_SI1,24h,SI1,3h_SI1,3h,SI1,4.64722,tmca
N900_RS18980,0.460680245862991,0.44569562207553626,0.6027168246445979,0.37317874636149284,0.44569562207553626,CP,0.07251687571404342,0.08750149950149816,0.07251687571404342,0.22953807828310502,10,potD_3,0.39548110166666667,-1.2312,3.4366,6h_SI6,6h,SI6,1h_st,1h,st,4.6678,potD_3
N900_RS18995,0.5877402520582764,0.6414209003411886,0.7450622557446189,0.6508293208044702,0.5877402520582764,PCA,-0.0630890687461938,-0.0630890687461938,-0.009408420463281608,0.09423293494014873,10,N900_RS18995,0.27199573183333337,-2.5202,4.0255,6h_ce,6h,ce,6h_SI3,6h,SI3,6.5457,N900_RS18995
N900_RS19010,0.7193864011857823,0.7814258587826635,0.9117827507533681,0.7426414061859273,0.7193864011857823,PCA,-0.02325500500014499,-0.02325500500014499,0.03878445259673613,0.1691413445674408,10,SOS-response transcriptional repressor,1.1765317166666667,-1.6076,5.9136,3h_SI7,3h,SI7,3h_SI4,3h,SI4,7.521199999999999,SOS-response transcriptional repressor
N900_RS19020,0.15491318795643577,0.16517641845611292,0.4432444495077539,0.16006605711155084,0.15491318795643577,PCA,-0.005152869155115064,-0.005152869155115064,0.005110361344562081,0.283178392396203,10,N900_RS19020,1.7268872,0.045592,4.9692,1h_SI8,1h,SI8,12h_SI1,12h,SI1,4.923608,N900_RS19020
N900_RS19025,0.34286033159698215,0.31584248304974777,0.5482520966150571,0.42474129060956656,0.31584248304974777,CP,-0.10889880755981879,-0.08188095901258441,-0.10889880755981879,0.12351080600549058,10,ComF-related protein,1.2275533666666665,-0.11332,4.4211,3h_SI3,3h,SI3,3h_SI1,3h,SI1,4.53442,ComF-related protein
N900_RS19030,0.13180397029563998,0.17281133336241603,0.47763359105737785,0.12976505266863872,0.13180397029563998,PCA,0.0020389176270012577,0.0020389176270012577,0.043046280693777306,0.3478685383887391,10,N900_RS19030,0.8875784616666667,-0.99249,5.0069,6h_st,6h,st,3h_st,3h,st,5.99939,N900_RS19030
N900_RS19045,0.3369767098056451,0.5684914477029517,0.6581100153179931,0.38647085399828185,0.3369767098056451,PCA,-0.04949414419263676,-0.04949414419263676,0.18202059370466983,0.2716391613197112,10,N900_RS19045,0.5969716999999999,-0.88005,4.799,3h_SI9,3h,SI9,3h_SI4,3h,SI4,5.67905,N900_RS19045
N900_RS19050,0.2309649518135937,0.2925198293605925,0.4924192313792081,0.26890788246930225,0.2309649518135937,PCA,-0.03794293065570856,-0.03794293065570856,0.02361194689129026,0.22351134890990587,10,N900_RS19050,1.0928131166666668,-0.4165,4.4512,1h_SI9,1h,SI9,3h_SI1,3h,SI1,4.8677,N900_RS19050
N900_RS19060,0.3964916103774403,0.4419350430903199,0.6928846305862764,0.34947042258715727,0.3964916103774403,PCA,0.047021187790283026,0.047021187790283026,0.09246462050316262,0.3434142079991191,10,N900_RS19060,1.5561965,-0.3213,4.6582,12h_SI2,12h,SI2,6h_SI2,6h,SI2,4.9795,N900_RS19060
N900_RS19070,0.4517459720932489,0.4555740856387137,0.6148679803717408,0.4724126218869069,0.4517459720932489,PCA,-0.02066664979365801,-0.02066664979365801,-0.016838536248193203,0.14245535848483393,10,Pseudogene_N900_RS19070,-0.9638598666666667,-2.9196,3.2641,6h_co,6h,co,3h_SI3,3h,SI3,6.1837,Pseudogene_N900_RS19070
N900_RS19085,0.40633977810781735,0.4394465332836836,0.6432842550163699,0.3724451285074254,0.40633977810781735,PCA,0.03389464960039196,0.03389464960039196,0.06700140477625821,0.2708391265089445,10,N900_RS19085,0.7718213333333334,-0.85168,4.4833,6h_SI1,6h,SI1,3h_SI3,3h,SI3,5.33498,N900_RS19085
N900_RS19090,0.46128921385604316,0.5126466043733549,0.6474117468084357,0.4788468900272847,0.46128921385604316,PCA,-0.017557676171241543,-0.017557676171241543,0.03379971434607015,0.16856485678115102,10,N900_RS19090,0.8405993683333333,-1.0034,3.9017,3h_SI5,3h,SI5,1h_ce,1h,ce,4.9051,N900_RS19090
N900_RS19095,0.2309616620156474,0.25068700476868805,0.4128419614393708,0.3067729720116945,0.2309616620156474,PCA,-0.0758113099960471,-0.0758113099960471,-0.05608596724300646,0.10606898942767629,10,N900_RS19095,0.6751480666666666,-1.071,5.195,24h_SI2,24h,SI2,3h_st,3h,st,6.266,N900_RS19095
N900_RS19100,0.4506564568510215,0.6559853308067872,0.8777242926423038,0.51601785684806,0.4506564568510215,PCA,-0.0653613999970385,-0.0653613999970385,0.13996747395872722,0.3617064357942438,10,N900_RS19100,0.39675566666666673,-1.1659,2.9559,12h_SI3,12h,SI3,3h_SI3,3h,SI3,4.1218,N900_RS19100
N900_RS19120,0.4588110973810974,0.3906958153602762,0.6285587460223623,0.39202582956147236,0.3906958153602762,CP,-0.0013300142011961613,0.06678526781962502,-0.0013300142011961613,0.23653291646088992,10,N900_RS19120,-0.3189117,-2.1347,3.2628,6h_SI9,6h,SI9,1h_st,1h,st,5.3975,N900_RS19120
N900_RS19130,0.1703232538961739,0.18327672993848887,0.23232080883608133,0.13089444450234214,0.1703232538961739,PCA,0.039428809393831754,0.039428809393831754,0.05238228543614673,0.1014263643337392,10,N900_RS19130,1.39417925,-0.32196,4.2361,3h_st,3h,st,6h_SI4,6h,SI4,4.55806,N900_RS19130
N900_RS19135,0.6448140331530109,0.6275191046593633,0.8861528782832198,0.6078748687650227,0.6275191046593633,CP,0.01964423589434061,0.036939164387988166,0.01964423589434061,0.27827800951819703,10,N900_RS19135,0.79851795,-0.49636,4.9405,3h_SI5,3h,SI5,12h_st,12h,st,5.43686,N900_RS19135
N900_RS19140,0.5666163814826235,0.6172409512066832,0.8368198003955564,0.48299338962118304,0.5666163814826235,PCA,0.08362299186144045,0.08362299186144045,0.13424756158550016,0.3538264107743733,10,N900_RS19140,0.4870630333333334,-2.291,4.8271,6h_SI5,6h,SI5,1h_st,1h,st,7.1181,N900_RS19140
N900_RS19145,0.32033810585746525,0.27478443784203765,0.4877162893715519,0.37573663493411186,0.27478443784203765,CP,-0.1009521970920742,-0.05539852907664661,-0.1009521970920742,0.11197965443744007,10,N900_RS19145,0.9613657666666668,-0.80677,3.8452,6h_SI2,6h,SI2,12h_SI2,12h,SI2,4.65197,N900_RS19145
N900_RS19150,0.6702291510852001,0.6438284784505365,0.8513354932943393,0.8059815931108706,0.6438284784505365,CP,-0.1621531146603341,-0.1357524420256705,-0.1621531146603341,0.04535390018346874,10,N900_RS19150,-0.7047133666666666,-3.6909,4.8574,1h_SI4,1h,SI4,3h_SI3,3h,SI3,8.548300000000001,N900_RS19150
N900_RS19155,0.2976305056141555,0.29291607725033725,0.440734415243344,0.2360501336712219,0.29291607725033725,CP,0.05686594357911534,0.06158037194293359,0.05686594357911534,0.2046842815721221,10,N900_RS19155,0.7856338933333334,-0.63434,3.7738,6h_st,6h,st,12h_st,12h,st,4.40814,N900_RS19155
N900_RS19160,0.4118495528512468,0.497807777139419,0.6719425658135765,0.42821584686032266,0.4118495528512468,PCA,-0.016366294009075855,-0.016366294009075855,0.06959193027909633,0.24372671895325382,10,Pseudogene_N900_RS19160,-0.14417741666666667,-1.8063,4.766,24h_SI1,24h,SI1,12h_st,12h,st,6.5723,Pseudogene_N900_RS19160
N900_RS19185,0.11709521519726732,0.1458557049006132,0.250909511981835,0.13801991416374984,0.11709521519726732,PCA,-0.020924698966482524,-0.020924698966482524,0.007835790736863357,0.11288959781808514,10,N900_RS19185,0.9914399666666667,-0.78349,3.2763,6h_st,6h,st,12h_SI3,12h,SI3,4.05979,N900_RS19185
N900_RS19190,0.19014200255888386,0.1822437007071797,0.32348527953159,0.15156426061417932,0.1822437007071797,CP,0.030679440093000387,0.038577741944704536,0.030679440093000387,0.17192101891741068,10,N900_RS19190,0.7942224833333332,-2.593,4.4671,6h_ce,6h,ce,12h_SI4,12h,SI4,7.0601,N900_RS19190
N900_RS19215,0.5496785821628792,0.47205069109493286,0.7411710120497168,0.5344503854934509,0.47205069109493286,CP,-0.06239969439851806,0.015228196669428318,-0.06239969439851806,0.20672062655626589,10,N900_RS19215,-0.07439825000000003,-3.0425,6.114,12h_co,12h,co,3h_SI1,3h,SI1,9.1565,N900_RS19215
N900_RS19220,0.6374222811282432,0.6567455855865838,0.7740153724697632,0.6811782230653419,0.6374222811282432,PCA,-0.04375594193709875,-0.04375594193709875,-0.024432637478758124,0.09283714940442123,10,N900_RS19220,0.8045636816666668,-0.94268,4.8103,6h_SI3,6h,SI3,3h_SI3,3h,SI3,5.75298,N900_RS19220
N900_RS19225,0.5760293104499549,0.5665752304234707,0.7303136587165419,0.5952127514100122,0.5665752304234707,CP,-0.028637520986541487,-0.019183440960057307,-0.028637520986541487,0.13510090730652968,10,N900_RS19225,-0.5183564533333335,-4.3153,5.4498,6h_SI6,6h,SI6,3h_st,3h,st,9.7651,N900_RS19225
N900_RS19235,0.5721333351658817,0.5456789079019108,0.8171512433866231,0.5097351514468332,0.5456789079019108,CP,0.035943756455077525,0.06239818371904848,0.035943756455077525,0.3074160919397899,10,N900_RS19235,0.11295031666666669,-1.5956,3.0325,12h_SI2,12h,SI2,6h_SI3,6h,SI3,4.6281,N900_RS19235
N900_RS19240,0.5877805984582241,0.5925773267068687,0.6606308849308735,0.5105361416902816,0.5877805984582241,PCA,0.07724445676794245,0.07724445676794245,0.08204118501658708,0.1500947432405919,10,N900_RS19240,-1.866004035,-5.3914,2.4952,12h_SI6,12h,SI6,3h_SI8,3h,SI8,7.8866,N900_RS19240
N900_RS19250,0.5932916291178494,0.6284089096171542,0.7010669332535762,0.4505629406390999,0.5932916291178494,PCA,0.14272868847874948,0.14272868847874948,0.17784596897805433,0.25050399261447626,10,N900_RS19250,-1.74580165,-5.0202,0.58568,6h_SI6,6h,SI6,1h_SI9,1h,SI9,5.60588,N900_RS19250
N900_RS19265,0.7139248194915558,0.7409999472177736,0.808920787737216,0.6945574557043404,0.7139248194915558,PCA,0.019367363787215486,0.019367363787215486,0.04644249151343327,0.11436333203287563,10,preprotein translocase,0.0265239,-3.0771,5.5382,6h_SI6,6h,SI6,3h_SI4,3h,SI4,8.6153,preprotein translocase
N900_RS19270,0.3249583835960997,0.4006039496302421,0.37956473593094286,0.2438476456227187,0.3249583835960997,PCA,0.08111073797338098,0.08111073797338098,0.15675630400752338,0.13571709030822415,10,tcpR,-1.3743090999999998,-4.4813,3.4633,6h_SI9,6h,SI9,1h_ce,1h,ce,7.944599999999999,tcpR
N900_RS19280,0.10616992912897816,0.12724405625787114,0.40148355998632645,0.12278196431750964,0.10616992912897816,PCA,-0.01661203518853148,-0.01661203518853148,0.004462091940361498,0.2787015956688168,10,Pseudogene_N900_RS19280,1.2378576166666666,-0.25947,4.3294,6h_st,6h,st,3h_SI4,3h,SI4,4.58887,Pseudogene_N900_RS19280
N900_RS19285,0.4099739903755353,0.40009184334635794,0.6668581001801175,0.4028615021434796,0.40009184334635794,CP,-0.0027696587971216546,0.00711248823205568,-0.0027696587971216546,0.2639965980366379,10,glyoxalase_1,0.424185555,-0.97094,3.3281,1h_co,1h,co,3h_SI2,3h,SI2,4.29904,glyoxalase_1
N900_RS19305,0.7460615157094601,0.7744037643011699,1.0144180949866481,0.5889162529935408,0.7460615157094601,PCA,0.15714526271591933,0.15714526271591933,0.18548751130762908,0.42550184199310737,10,N900_RS19305,0.5931774500000001,-2.2999,2.668,12h_SI8,12h,SI8,24h_SI1,24h,SI1,4.9679,N900_RS19305
N900_RS19310,0.31673314269806413,0.3547567034216001,0.5581761346573698,0.2527653307689832,0.31673314269806413,PCA,0.06396781192908091,0.06396781192908091,0.10199137265261687,0.3054108038883866,10,N900_RS19310,1.5416178333333335,-0.63866,4.8374,3h_co,3h,co,3h_SI2,3h,SI2,5.4760599999999995,N900_RS19310
N900_RS19320,0.3582236950462309,0.36792958748050153,0.5580616041739611,0.29807339552553264,0.3582236950462309,PCA,0.06015029952069828,0.06015029952069828,0.0698561919549689,0.2599882086484285,10,Pseudogene_N900_RS19320,-0.13045778333333335,-1.4613,3.2321,12h_SI8,12h,SI8,3h_SI6,3h,SI6,4.6934000000000005,Pseudogene_N900_RS19320
N900_RS19325,0.5889967457564358,0.593713994906628,0.7596678891509633,0.6108038479065783,0.5889967457564358,PCA,-0.021807102150142477,-0.021807102150142477,-0.01708985299995025,0.14886404124438501,10,N900_RS19325,0.6875885833333334,-2.3017,5.1545,3h_SI9,3h,SI9,12h_SI1,12h,SI1,7.456199999999999,N900_RS19325
N900_RS19335,0.6720969336518046,0.6146686931582054,0.9243491520410992,0.6998890275776859,0.6146686931582054,CP,-0.08522033441948051,-0.027792093925881334,-0.08522033441948051,0.22446012446341335,10,N900_RS19335,-0.7545068333333335,-3.5548,4.7813,12h_SI5,12h,SI5,3h_SI1,3h,SI1,8.3361,N900_RS19335
N900_RS19340,0.33052344861130833,0.33924375440260673,0.7538121004316215,0.4960068485853164,0.33052344861130833,PCA,-0.16548339997400807,-0.16548339997400807,-0.15676309418270967,0.2578052518463051,10,N900_RS19340,1.1350272,-0.67857,4.9105,6h_SI3,6h,SI3,6h_st,6h,st,5.5890699999999995,N900_RS19340
N900_RS19350,0.19660523235538405,0.4516178423150007,0.6841734338380274,0.21785558581059286,0.19660523235538405,PCA,-0.021250353455208815,-0.021250353455208815,0.23376225650440782,0.4663178480274346,10,transcriptional regulator_3,0.24445375383333331,-1.2815,3.9992,3h_SI1,3h,SI1,6h_st,6h,st,5.2807,transcriptional regulator_3
N900_RS19355,0.1352060800677256,0.12020013310956669,0.32579902832054414,0.11086158043498497,0.12020013310956669,CP,0.009338552674581724,0.024344499632740643,0.009338552674581724,0.21493744788555919,10,N900_RS19355,1.182726665,-0.33647,4.0984,6h_st,6h,st,3h_st,3h,st,4.43487,N900_RS19355
N900_RS19370,0.29155273367552986,0.3762475175608696,0.6741314523916045,0.3176945374961779,0.29155273367552986,PCA,-0.026141803820648013,-0.026141803820648013,0.05855298006469173,0.35643691489542667,10,HNH endonuclease_3,0.6752302550000001,-0.7669,3.5822,12h_SI1,12h,SI1,3h_SI2,3h,SI2,4.3491,HNH endonuclease_3
N900_RS19380,0.36478959397224636,0.5050549656729866,0.7361135571010246,0.43584868073375677,0.36478959397224636,PCA,-0.0710590867615104,-0.0710590867615104,0.06920628493922981,0.3002648763672678,10,N900_RS19380,0.29095489179999995,-1.8964,3.3509,12h_SI2,12h,SI2,3h_SI4,3h,SI4,5.2473,N900_RS19380
N900_RS19385,0.4803794195868847,0.508644610101391,0.7396671301769755,0.5498056276023261,0.4803794195868847,PCA,-0.06942620801544142,-0.06942620801544142,-0.04116101750093515,0.1898615025746494,10,Pseudogene_N900_RS19385,0.29282859666666655,-1.1169,3.8089,12h_SI1,12h,SI1,3h_SI5,3h,SI5,4.9258,Pseudogene_N900_RS19385
N900_RS19390,0.46654472054064616,0.44328115416371183,0.6342466749470251,0.5494634691395667,0.44328115416371183,CP,-0.10618231497585484,-0.08291874859892051,-0.10618231497585484,0.08478320580745846,10,N900_RS19390,-0.4743237166666667,-2.2235,2.8673,6h_SI3,6h,SI3,3h_SI3,3h,SI3,5.0908,N900_RS19390
N900_RS19395,0.34389253177980206,0.3366231083291736,0.7227229608993783,0.3489916594457992,0.3366231083291736,CP,-0.012368551116625603,-0.005099127665997127,-0.012368551116625603,0.3737313014535791,10,N900_RS19395,0.3690650033333333,-2.0834,6.3661,3h_ce,3h,ce,3h_st,3h,st,8.4495,N900_RS19395
N900_RS19410,0.5429370440578417,0.4201508793597945,0.9273251519366037,0.5713220491358211,0.4201508793597945,CP,-0.15117116977602657,-0.028385005077979364,-0.15117116977602657,0.3560031028007826,10,N900_RS19410,0.5549897883333333,-2.8271,4.0582,3h_SI9,3h,SI9,3h_SI3,3h,SI3,6.885300000000001,N900_RS19410
N900_RS19435,0.49580571662571354,0.5051857156973154,0.9690776342282603,0.44163765604152483,0.49580571662571354,PCA,0.054168060584188715,0.054168060584188715,0.06354805965579058,0.5274399781867355,10,N900_RS19435,0.6266744000000002,-1.4137,4.7133,12h_SI3,12h,SI3,6h_SI4,6h,SI4,6.127000000000001,N900_RS19435
N900_RS19450,0.2001616136698958,0.2307687399279372,0.5192151254424914,0.22712318931431696,0.2001616136698958,PCA,-0.02696157564442117,-0.02696157564442117,0.0036455506136202354,0.2920919361281744,10,N900_RS19450,0.3092875,-1.0423,3.3653,3h_SI4,3h,SI4,3h_SI1,3h,SI1,4.4076,N900_RS19450
N900_RS19500,0.5905700262018866,0.7070344653451581,0.7763737247933702,0.6854303271300446,0.5905700262018866,PCA,-0.094860300928158,-0.094860300928158,0.021604138215113533,0.0909433976633256,10,Pseudogene_N900_RS19500,0.6971312333333334,-2.6958,6.5149,6h_SI7,6h,SI7,6h_SI3,6h,SI3,9.2107,Pseudogene_N900_RS19500
N900_RS19530,0.5203616216231497,0.6556075567701776,0.8468656127062394,0.4994176251436967,0.5203616216231497,PCA,0.020943996479452998,0.020943996479452998,0.15618993162648087,0.3474479875625427,10,N900_RS19530,1.3374502833333333,-2.1727,5.427,12h_SI8,12h,SI8,3h_SI3,3h,SI3,7.5996999999999995,N900_RS19530
N900_RS19540,0.3842490018735045,0.403046875238074,0.557015152565697,0.42576566429055795,0.3842490018735045,PCA,-0.04151666241705343,-0.04151666241705343,-0.02271878905248398,0.13124948827513905,10,N900_RS19540,0.5793712000000001,-0.74749,3.1471,12h_SI9,12h,SI9,3h_SI5,3h,SI5,3.89459,N900_RS19540
N900_RS19565,0.21772724957168058,0.2552089630172072,0.6887063433413712,0.27589059608549626,0.21772724957168058,PCA,-0.05816334651381569,-0.05816334651381569,-0.020681633068289074,0.4128157472558749,10,N900_RS19565,0.2912597768333333,-1.5395,5.5196,3h_ce,3h,ce,3h_SI4,3h,SI4,7.0591,N900_RS19565
N900_RS19580,0.46383794026667147,0.6024959121831226,0.8231166474581938,0.40577691169956115,0.46383794026667147,PCA,0.05806102856711032,0.05806102856711032,0.19671900048356145,0.41733973575863265,10,N900_RS19580,0.34183881666666666,-1.2329,4.9515,12h_ce,12h,ce,3h_SI5,3h,SI5,6.1844,N900_RS19580
N900_RS19610,0.6042588334769796,0.5334584355157103,0.8999577889216082,0.63246353500836,0.5334584355157103,CP,-0.09900509949264968,-0.028204701531380327,-0.09900509949264968,0.2674942539132482,10,Pseudogene_N900_RS19610,-0.7533917166666666,-2.3125,3.2709,6h_SI2,6h,SI2,3h_SI2,3h,SI2,5.5834,Pseudogene_N900_RS19610
N900_RS19620,0.3451469675996432,0.3894664720945678,0.586551688436226,0.3700238728225532,0.3451469675996432,PCA,-0.02487690522291003,-0.02487690522291003,0.019442599272014582,0.21652781561367274,10,N900_RS19620,0.10920721000000005,-2.3954,2.8726,12h_SI8,12h,SI8,12h_st,12h,st,5.268,N900_RS19620
N900_RS19685,0.6230504971067491,0.6656546795505103,0.9150357368792288,0.6561303788138101,0.6230504971067491,PCA,-0.033079881707061,-0.033079881707061,0.009524300736700186,0.2589053580654187,10,N900_RS19685,0.7309666833333334,-1.6662,6.5626,3h_SI6,3h,SI6,12h_SI2,12h,SI2,8.2288,N900_RS19685
N900_RS19690,0.6628222025575685,0.704518602577618,0.6847837202368007,0.7118762716263045,0.6628222025575685,PCA,-0.049054069068735995,-0.049054069068735995,-0.00735766904868651,-0.02709255138950384,10,N900_RS19690,-0.9842373999999999,-3.7344,1.3911,3h_ce,3h,ce,3h_SI6,3h,SI6,5.1255,N900_RS19690
N900_RS19700,0.3612281347062926,0.2776171510337108,0.5788789741394198,0.3259321788446345,0.2776171510337108,CP,-0.04831502781092367,0.035295955861658124,-0.04831502781092367,0.2529467952947853,10,Pseudogene_N900_RS19700,-0.24301330166666665,-2.1433,2.3352,6h_SI1,6h,SI1,3h_st,3h,st,4.4785,Pseudogene_N900_RS19700
N900_RS19705,0.691323876708178,0.7806155534223044,0.9392086795923341,0.6670263106579133,0.691323876708178,PCA,0.024297566050264674,0.024297566050264674,0.11358924276439109,0.2721823689344208,10,N900_RS19705,0.7437038666666667,-0.49035,4.3178,1h_co,1h,co,1h_st,1h,st,4.80815,N900_RS19705
N900_RS19725,0.6857541670465729,0.7059357179037099,0.8608748652448828,0.6484458203575586,0.6857541670465729,PCA,0.03730834668901428,0.03730834668901428,0.0574898975461513,0.21242904488732417,10,N900_RS19725,0.8345137499999999,-0.99552,4.638,1h_co,1h,co,6h_SI2,6h,SI2,5.63352,N900_RS19725
N900_RS19740,0.23493552213989843,0.2540855871234377,0.43888036665028357,0.24423480171036246,0.23493552213989843,PCA,-0.00929927957046403,-0.00929927957046403,0.009850785413075241,0.1946455649399211,10,N900_RS19740,1.0400265666666666,-0.30652,3.8261,3h_SI8,3h,SI8,6h_st,6h,st,4.13262,N900_RS19740
N900_RS19745,0.17630698913424078,0.2008557093059668,0.26764257820980525,0.1888334645543098,0.17630698913424078,PCA,-0.012526475420069016,-0.012526475420069016,0.012022244751657002,0.07880911365549545,10,hchA,0.2967788,-1.1169,3.0097,6h_SI9,6h,SI9,3h_SI2,3h,SI2,4.1266,hchA
N900_RS19750,0.4817884525177016,0.5444575510329001,0.6500363163365412,0.6169351405930275,0.4817884525177016,PCA,-0.13514668807532587,-0.13514668807532587,-0.0724775895601274,0.03310117574351379,10,N900_RS19750,0.13747727833333334,-2.547,6.2085,12h_SI8,12h,SI8,3h_SI3,3h,SI3,8.7555,N900_RS19750
N900_RS19755,0.24758361421054048,0.21070507079683531,0.4350687368698569,0.19061884870841736,0.21070507079683531,CP,0.020086222088417954,0.05696476550212312,0.020086222088417954,0.24444988816143956,10,N900_RS19755,0.8752621833333334,-0.48561,4.3606,3h_SI2,3h,SI2,12h_SI1,12h,SI1,4.84621,N900_RS19755
N900_RS19760,0.744337651144969,0.7215703462004787,0.8334955763910136,0.6236162113971296,0.7215703462004787,CP,0.09795413480334902,0.12072143974783933,0.09795413480334902,0.20987936499388393,10,N900_RS19760,-0.3414832833333333,-2.8773,5.0551,24h_SI4,24h,SI4,1h_ce,1h,ce,7.9324,N900_RS19760
N900_RS19775,0.5400976392407922,0.5827742743062487,0.706192410211532,0.46726260599580743,0.5400976392407922,PCA,0.0728350332449848,0.0728350332449848,0.1155116683104413,0.23892980421572457,10,pulA,0.550950085,-1.3495,4.0581,6h_SI2,6h,SI2,3h_SI2,3h,SI2,5.4075999999999995,pulA
N900_RS19785,0.23660699431092952,0.29845018989679944,0.6313541679944319,0.17978293225987907,0.23660699431092952,PCA,0.05682406205105045,0.05682406205105045,0.11866725763692038,0.4515712357345528,10,Pseudogene_N900_RS19785,1.444219,-0.67903,5.4157,6h_SI3,6h,SI3,3h_st,3h,st,6.09473,Pseudogene_N900_RS19785
N900_RS19805,0.6344811085526403,0.5882325097723483,0.8048253543525307,0.7724799635051962,0.5882325097723483,CP,-0.1842474537328479,-0.13799885495255593,-0.1842474537328479,0.032345390847334454,10,N900_RS19805,-0.6832834666666666,-3.6478,3.9711,12h_SI8,12h,SI8,6h_SI1,6h,SI1,7.6189,N900_RS19805
N900_RS19810,0.32285246347839214,0.5440925760800354,0.6683489382923707,0.39150172367836056,0.32285246347839214,PCA,-0.06864926019996842,-0.06864926019996842,0.1525908524016748,0.2768472146140102,10,Pseudogene_N900_RS19810,0.46380936666666667,-0.88858,4.578,6h_SI4,6h,SI4,3h_SI2,3h,SI2,5.46658,Pseudogene_N900_RS19810
N900_RS19820,0.34947369115275095,0.3346529586676989,0.6997795369234164,0.2631979117964469,0.3346529586676989,CP,0.07145504687125198,0.08627577935630404,0.07145504687125198,0.4365816251269695,10,budA,0.67486095,-0.74622,3.662,3h_SI3,3h,SI3,3h_SI1,3h,SI1,4.40822,budA
N900_RS19830,0.5466873039431934,0.6148693252405447,0.8263626856499239,0.5178841872059313,0.5466873039431934,PCA,0.028803116737262102,0.028803116737262102,0.0969851380346134,0.30847849844399255,10,N900_RS19830,-0.6373700499999998,-2.8686,4.8019,3h_SI8,3h,SI8,3h_SI4,3h,SI4,7.6705,N900_RS19830
N900_RS19840,0.4581814856690281,0.4578624455852215,0.6660083446515671,0.4979662392984999,0.4578624455852215,CP,-0.040103793713278435,-0.039784753629471814,-0.040103793713278435,0.16804210535306718,10,TRAP transporter small permease subunit,0.10599490000000002,-1.7999,3.8455,6h_SI1,6h,SI1,3h_SI1,3h,SI1,5.6454,TRAP transporter small permease subunit
N900_RS19855,0.3859663824797806,0.4615800622511755,0.6918067964530186,0.5222103235952654,0.3859663824797806,PCA,-0.13624394111548482,-0.13624394111548482,-0.06063026134408994,0.16959647285775314,10,Pseudogene_N900_RS19855,0.3846718333333333,-0.99423,4.0739,6h_SI1,6h,SI1,3h_SI1,3h,SI1,5.06813,Pseudogene_N900_RS19855
N900_RS19860,0.35397259319345314,0.381005087014908,0.8464866306841174,0.3949564846761847,0.35397259319345314,PCA,-0.04098389148273157,-0.04098389148273157,-0.013951397661276732,0.45153014600793273,10,N900_RS19860,0.09501618666666665,-1.7518,3.6211,6h_SI3,6h,SI3,6h_st,6h,st,5.3729000000000005,N900_RS19860
N900_RS19875,0.34817978256471227,0.2867681189059275,0.8216126810980742,0.398924611382746,0.2867681189059275,CP,-0.11215649247681847,-0.050744828818033716,-0.11215649247681847,0.4226880697153282,10,N900_RS19875,1.4409729,-0.42974,5.376,1h_SI1,1h,SI1,3h_st,3h,st,5.80574,N900_RS19875
N900_RS19880,0.6757315533995888,0.7078646038817985,0.829608336059661,0.7037428344975258,0.6757315533995888,PCA,-0.028011281097937046,-0.028011281097937046,0.004121769384272667,0.12586550156213516,10,Pseudogene_N900_RS19880,0.6957200666666665,-0.72799,5.5986,24h_st,24h,st,3h_SI5,3h,SI5,6.32659,Pseudogene_N900_RS19880
N900_RS19890,0.48952410572949095,0.5063408789021493,0.7461019741017519,0.5368455335892517,0.48952410572949095,PCA,-0.047321427859760734,-0.047321427859760734,-0.030504654687102395,0.20925644051250025,10,N900_RS19890,-0.40479478500000005,-2.1235,2.5498,6h_SI3,6h,SI3,6h_SI4,6h,SI4,4.673299999999999,N900_RS19890
N900_RS19895,0.48583640655035654,0.6474762515097666,0.8230660703812259,0.4994233345270264,0.48583640655035654,PCA,-0.013586927976669883,-0.013586927976669883,0.1480529169827402,0.3236427358541995,10,iron transporter,0.36978909166666657,-1.8913,3.8822,6h_co,6h,co,1h_SI1,1h,SI1,5.7735,iron transporter
N900_RS19930,0.17937903253489623,0.3334216316795998,0.4067865088962069,0.25375149672923664,0.17937903253489623,PCA,-0.0743724641943404,-0.0743724641943404,0.07967013495036318,0.15303501216697024,10,Pseudogene_N900_RS19930,0.02085743333333334,-1.7555,3.5745,6h_st,6h,st,3h_SI3,3h,SI3,5.33,Pseudogene_N900_RS19930
N900_RS19940,0.749001129783878,0.7765100820758365,0.9161202316462942,0.5921301218020143,0.749001129783878,PCA,0.1568710079818637,0.1568710079818637,0.1843799602738222,0.3239901098442799,10,Pseudogene_N900_RS19940,-0.6051595500000001,-4.0534,3.9278,12h_SI8,12h,SI8,6h_SI1,6h,SI1,7.981199999999999,Pseudogene_N900_RS19940
N900_RS19965,0.3441351680888991,0.32006379795422274,0.6391009292535873,0.34720284417365394,0.32006379795422274,CP,-0.027139046219431195,-0.0030676760847548334,-0.027139046219431195,0.29189808507993337,10,Pseudogene_N900_RS19965,-0.6027234333333332,-2.5225,2.1317,24h_st,24h,st,3h_SI1,3h,SI1,4.6541999999999994,Pseudogene_N900_RS19965
N900_RS20000,0.5185369735100933,0.7852783963257237,1.0356626944163823,0.7471699105720611,0.5185369735100933,PCA,-0.22863293706196774,-0.22863293706196774,0.03810848575366266,0.2884927838443212,10,Pseudogene_N900_RS20000,0.2557845166666667,-2.277,3.6734,6h_SI5,6h,SI5,24h_st,24h,st,5.9504,Pseudogene_N900_RS20000
N900_RS20005,0.4626750323393354,0.5782747134734076,0.8034647089139236,0.610620100480327,0.4626750323393354,PCA,-0.14794506814099162,-0.14794506814099162,-0.03234538700691936,0.19284460843359663,10,Pseudogene_N900_RS20005,0.8060594833333334,-2.1334,4.912,6h_SI5,6h,SI5,6h_SI2,6h,SI2,7.0454,Pseudogene_N900_RS20005
N900_RS20035,0.6038964286135757,0.5215982409929445,0.8733186600442822,0.5703740308781479,0.5215982409929445,CP,-0.04877578988520337,0.03352239773542787,-0.04877578988520337,0.3029446291661343,10,VC_A0354_BLAST_2,-0.5434814699999999,-3.6749,3.3432,6h_SI6,6h,SI6,3h_SI3,3h,SI3,7.0181000000000004,VC_A0354_BLAST_2
N900_RS20040,0.5858241213800731,0.5627762521676806,0.8309823379764457,0.5784740755293488,0.5627762521676806,CP,-0.01569782336166825,0.007350045850724296,-0.01569782336166825,0.2525082624470969,10,N900_RS20040,0.47122331,-1.9741,4.293,3h_SI8,3h,SI8,3h_SI1,3h,SI1,6.2671,N900_RS20040
N900_RS20090,0.2662675579829714,0.261043862401276,0.47944420373134206,0.24667360394035073,0.261043862401276,CP,0.01437025846092524,0.01959395404262068,0.01437025846092524,0.23277059979099132,10,Pseudogene_N900_RS20090,1.4395306333333335,-0.22183,4.7631,3h_SI2,3h,SI2,3h_st,3h,st,4.984929999999999,Pseudogene_N900_RS20090
N900_RS20095,0.48041846175810193,0.6750940247064485,0.8914863253308726,0.6027770616898018,0.48041846175810193,PCA,-0.1223585999316999,-0.1223585999316999,0.0723169630166467,0.28870926364107075,10,N900_RS20095,-0.11485559999999996,-1.7737,2.4829,12h_SI2,12h,SI2,6h_SI1,6h,SI1,4.2566,N900_RS20095
N900_RS20100,0.30522291031795246,0.42971941585295154,0.6247084459797562,0.28636792344428375,0.30522291031795246,PCA,0.01885498687366871,0.01885498687366871,0.1433514924086678,0.3383405225354724,10,Pseudogene_N900_RS20100,1.2166835666666667,-0.5303,4.804,1h_ce,1h,ce,3h_SI1,3h,SI1,5.334300000000001,Pseudogene_N900_RS20100
