Model,Rank,Program,Time,Space,Value,Requested_rank
PCA,10,PC1,1h,st,0.0014188885755935,10
PCA,10,PC1,1h,SI1,0.6352595715396835,10
PCA,10,PC1,1h,SI2,-0.1499479198212338,10
PCA,10,PC1,1h,SI3,-0.7051152524446802,10
PCA,10,PC1,1h,SI4,-0.8505379156377997,10
PCA,10,PC1,1h,SI5,-0.9249141140593282,10
PCA,10,PC1,1h,SI6,-0.9660468893425526,10
PCA,10,PC1,1h,SI7,-0.8938967439015617,10
PCA,10,PC1,1h,SI8,-0.8633925737000834,10
PCA,10,PC1,1h,SI9,-0.6954921881402194,10
PCA,10,PC1,1h,ce,0.0372157832271869,10
PCA,10,PC1,1h,co,0.1427549978715273,10
PCA,10,PC1,3h,st,0.3583928077866459,10
PCA,10,PC1,3h,SI1,1.413369777184731,10
PCA,10,PC1,3h,SI2,1.3822606098079246,10
PCA,10,PC1,3h,SI3,1.3632421176407474,10
PCA,10,PC1,3h,SI4,1.1358973266459376,10
PCA,10,PC1,3h,SI5,1.1798689824679416,10
PCA,10,PC1,3h,SI6,0.1246091232133697,10
PCA,10,PC1,3h,SI7,0.2425411902491444,10
PCA,10,PC1,3h,SI8,0.0936049503062583,10
PCA,10,PC1,3h,SI9,-0.0530293080862068,10
PCA,10,PC1,3h,ce,-0.7237235816434522,10
PCA,10,PC1,3h,co,-0.810990899794297,10
PCA,10,PC1,6h,st,0.4999326085572768,10
PCA,10,PC1,6h,SI1,1.1169829077599474,10
PCA,10,PC1,6h,SI2,1.4033571210670317,10
PCA,10,PC1,6h,SI3,1.4016330241761226,10
PCA,10,PC1,6h,SI4,1.346742126233821,10
PCA,10,PC1,6h,SI5,0.4867973050942246,10
PCA,10,PC1,6h,SI6,-0.6253955239407365,10
PCA,10,PC1,6h,SI7,-0.7148684485051171,10
PCA,10,PC1,6h,SI8,-0.6393840059842055,10
PCA,10,PC1,6h,SI9,-0.6968989724321479,10
PCA,10,PC1,6h,ce,-0.2507666038030498,10
PCA,10,PC1,6h,co,-0.5137431824669247,10
PCA,10,PC1,12h,st,0.2844938293761437,10
PCA,10,PC1,12h,SI1,1.395599762428187,10
PCA,10,PC1,12h,SI2,1.3432675509484269,10
PCA,10,PC1,12h,SI3,1.113667575046009,10
PCA,10,PC1,12h,SI4,0.4032377791037874,10
PCA,10,PC1,12h,SI5,-0.4295880833868826,10
PCA,10,PC1,12h,SI6,-0.7272644914412737,10
PCA,10,PC1,12h,SI7,-0.8131624449004536,10
PCA,10,PC1,12h,SI8,-0.5837612241026043,10
PCA,10,PC1,12h,SI9,-0.6459003426072047,10
PCA,10,PC1,12h,ce,-0.4568201330949941,10
PCA,10,PC1,12h,co,-0.5374444264777755,10
PCA,10,PC1,24h,st,0.1585200267073536,10
PCA,10,PC1,24h,SI1,0.2625032942592638,10
PCA,10,PC1,24h,SI2,-0.0357143429165126,10
PCA,10,PC1,24h,SI3,-0.1368841281790396,10
PCA,10,PC1,24h,SI4,-0.339045179275614,10
PCA,10,PC1,24h,SI5,-0.4241859336250472,10
PCA,10,PC1,24h,SI6,-0.5146821539828991,10
PCA,10,PC1,24h,SI7,-0.5646686136400146,10
PCA,10,PC1,24h,SI8,-0.5719128770057188,10
PCA,10,PC1,24h,SI9,-0.4858492281659724,10
PCA,10,PC1,24h,ce,-0.532043458564394,10
PCA,10,PC1,24h,co,-0.4500998522042895,10
CP,10,CP1,1h,st,0.0156884299029289,10
CP,10,CP1,1h,SI1,0.0148233990977139,10
CP,10,CP1,1h,SI2,0.0118443733274861,10
CP,10,CP1,1h,SI3,0.0131104591083009,10
CP,10,CP1,1h,SI4,0.0030304884662523,10
CP,10,CP1,1h,SI5,-0.0046123482662561,10
CP,10,CP1,1h,SI6,-0.0114645451724564,10
CP,10,CP1,1h,SI7,-0.0112015155298874,10
CP,10,CP1,1h,SI8,-0.0091623435562882,10
CP,10,CP1,1h,SI9,-0.0084808158263834,10
CP,10,CP1,1h,ce,-0.0067259623253841,10
CP,10,CP1,1h,co,-0.0058949854112486,10
CP,10,CP1,3h,st,0.2646273887940125,10
CP,10,CP1,3h,SI1,0.2500363274432725,10
CP,10,CP1,3h,SI2,0.199787079073409,10
CP,10,CP1,3h,SI3,0.2211430067372539,10
CP,10,CP1,3h,SI4,0.0511173045713782,10
CP,10,CP1,3h,SI5,-0.0777996068096064,10
CP,10,CP1,3h,SI6,-0.19338025994123,10
CP,10,CP1,3h,SI7,-0.1889435605443397,10
CP,10,CP1,3h,SI8,-0.1545474636745867,10
CP,10,CP1,3h,SI9,-0.1430516731671018,10
CP,10,CP1,3h,ce,-0.1134513688307984,10
CP,10,CP1,3h,co,-0.0994347175599952,10
CP,10,CP1,6h,st,0.2576756147839071,10
CP,10,CP1,6h,SI1,0.2434678613044354,10
CP,10,CP1,6h,SI2,0.194538663064065,10
CP,10,CP1,6h,SI3,0.2153335694988838,10
CP,10,CP1,6h,SI4,0.0497744505644463,10
CP,10,CP1,6h,SI5,-0.0757558074618509,10
CP,10,CP1,6h,SI6,-0.1883001513732794,10
CP,10,CP1,6h,SI7,-0.1839800042792271,10
CP,10,CP1,6h,SI8,-0.1504874944998275,10
CP,10,CP1,6h,SI9,-0.1392936989522739,10
CP,10,CP1,6h,ce,-0.1104709960098175,10
CP,10,CP1,6h,co,-0.0968225628303356,10
CP,10,CP1,12h,st,0.1876010990609545,10
CP,10,CP1,12h,SI1,0.1772571238649653,10
CP,10,CP1,12h,SI2,0.1416341512613579,10
CP,10,CP1,12h,SI3,0.1567739125667236,10
CP,10,CP1,12h,SI4,0.0362383597643732,10
CP,10,CP1,12h,SI5,-0.0551541237303797,10
CP,10,CP1,12h,SI6,-0.137092193922176,10
CP,10,CP1,12h,SI7,-0.1339469046652594,10
CP,10,CP1,12h,SI8,-0.1095626351246806,10
CP,10,CP1,12h,SI9,-0.1014129763021111,10
CP,10,CP1,12h,ce,-0.0804285662932448,10
CP,10,CP1,12h,co,-0.0704918050398446,10
CP,10,CP1,24h,st,0.0610546307448886,10
CP,10,CP1,24h,SI1,0.0576881921195999,10
CP,10,CP1,24h,SI2,0.0460947235885768,10
CP,10,CP1,24h,SI3,0.0510219470467108,10
CP,10,CP1,24h,SI4,0.0117937458004729,10
CP,10,CP1,24h,SI5,-0.0179498663668388,10
CP,10,CP1,24h,SI6,-0.0446165471301719,10
CP,10,CP1,24h,SI7,-0.0435929152051557,10
CP,10,CP1,24h,SI8,-0.0356570737829253,10
CP,10,CP1,24h,SI9,-0.0330047737025983,10
CP,10,CP1,24h,ce,-0.0261754139019161,10
CP,10,CP1,24h,co,-0.0229415027352798,10
VAE,10,VAE1,1h,st,-0.0866248235106468,10
VAE,10,VAE1,1h,SI1,0.006779134273529,10
VAE,10,VAE1,1h,SI2,-0.0238719768822193,10
VAE,10,VAE1,1h,SI3,-0.0275807976722717,10
VAE,10,VAE1,1h,SI4,-0.0145439505577087,10
VAE,10,VAE1,1h,SI5,-0.0305772423744201,10
VAE,10,VAE1,1h,SI6,-0.0386187434196472,10
VAE,10,VAE1,1h,SI7,-0.0131158828735351,10
VAE,10,VAE1,1h,SI8,-0.0522310137748718,10
VAE,10,VAE1,1h,SI9,-0.0487549602985382,10
VAE,10,VAE1,1h,ce,-0.0262136459350585,10
VAE,10,VAE1,1h,co,-0.0223386883735656,10
VAE,10,VAE1,3h,st,-0.1137933582067489,10
VAE,10,VAE1,3h,SI1,0.091382086277008,10
VAE,10,VAE1,3h,SI2,0.0152189135551452,10
VAE,10,VAE1,3h,SI3,-0.0359326601028442,10
VAE,10,VAE1,3h,SI4,0.0362125635147094,10
VAE,10,VAE1,3h,SI5,0.0609353780746459,10
VAE,10,VAE1,3h,SI6,0.0389963686466217,10
VAE,10,VAE1,3h,SI7,0.0337461233139038,10
VAE,10,VAE1,3h,SI8,-0.000204399228096,10
VAE,10,VAE1,3h,SI9,-0.0406164601445198,10
VAE,10,VAE1,3h,ce,-0.0207009613513946,10
VAE,10,VAE1,3h,co,-0.0422625839710235,10
VAE,10,VAE1,6h,st,-0.0577945858240127,10
VAE,10,VAE1,6h,SI1,0.0153931379318237,10
VAE,10,VAE1,6h,SI2,0.0040894746780395,10
VAE,10,VAE1,6h,SI3,-0.0015455484390258,10
VAE,10,VAE1,6h,SI4,0.0798786878585815,10
VAE,10,VAE1,6h,SI5,0.0745840966701507,10
VAE,10,VAE1,6h,SI6,0.0298443138599395,10
VAE,10,VAE1,6h,SI7,0.0269343256950378,10
VAE,10,VAE1,6h,SI8,0.00625541806221,10
VAE,10,VAE1,6h,SI9,0.0205958485603332,10
VAE,10,VAE1,6h,ce,0.0667992681264877,10
VAE,10,VAE1,6h,co,0.0277512520551681,10
VAE,10,VAE1,12h,st,-0.0854242891073226,10
VAE,10,VAE1,12h,SI1,0.0065711736679077,10
VAE,10,VAE1,12h,SI2,0.0381177067756652,10
VAE,10,VAE1,12h,SI3,0.0118666887283325,10
VAE,10,VAE1,12h,SI4,0.0406217128038406,10
VAE,10,VAE1,12h,SI5,0.0266030430793762,10
VAE,10,VAE1,12h,SI6,0.0175963640213012,10
VAE,10,VAE1,12h,SI7,0.0005058050155639,10
VAE,10,VAE1,12h,SI8,0.0269337892532348,10
VAE,10,VAE1,12h,SI9,0.028369128704071,10
VAE,10,VAE1,12h,ce,0.0141260027885437,10
VAE,10,VAE1,12h,co,0.0031193196773529,10
VAE,10,VAE1,24h,st,-0.008195161819458,10
VAE,10,VAE1,24h,SI1,0.002468891441822,10
VAE,10,VAE1,24h,SI2,-0.0012495517730712,10
VAE,10,VAE1,24h,SI3,0.0016501545906066,10
VAE,10,VAE1,24h,SI4,-0.0049097537994384,10
VAE,10,VAE1,24h,SI5,0.0034508407115936,10
VAE,10,VAE1,24h,SI6,0.0077490210533142,10
VAE,10,VAE1,24h,SI7,0.0011890232563018,10
VAE,10,VAE1,24h,SI8,-0.0161422789096832,10
VAE,10,VAE1,24h,SI9,0.0014634728431701,10
VAE,10,VAE1,24h,ce,-0.0163569450378417,10
VAE,10,VAE1,24h,co,-0.0012235939502716,10
weighted_CPVAE,10,CPVAE1,1h,st,-0.0705973953008651,10
weighted_CPVAE,10,CPVAE1,1h,SI1,-0.0957277342677116,10
weighted_CPVAE,10,CPVAE1,1h,SI2,-0.0728497430682182,10
weighted_CPVAE,10,CPVAE1,1h,SI3,-0.0342803969979286,10
weighted_CPVAE,10,CPVAE1,1h,SI4,-0.0617671534419059,10
weighted_CPVAE,10,CPVAE1,1h,SI5,-0.0575726926326751,10
weighted_CPVAE,10,CPVAE1,1h,SI6,-0.038183569908142,10
weighted_CPVAE,10,CPVAE1,1h,SI7,-0.0455694086849689,10
weighted_CPVAE,10,CPVAE1,1h,SI8,-0.0293011255562305,10
weighted_CPVAE,10,CPVAE1,1h,SI9,-0.0357569195330143,10
weighted_CPVAE,10,CPVAE1,1h,ce,-0.0556652285158634,10
weighted_CPVAE,10,CPVAE1,1h,co,-0.0394787974655628,10
weighted_CPVAE,10,CPVAE1,3h,st,-0.0587570518255233,10
weighted_CPVAE,10,CPVAE1,3h,SI1,-0.0796726197004318,10
weighted_CPVAE,10,CPVAE1,3h,SI2,-0.0606316439807415,10
weighted_CPVAE,10,CPVAE1,3h,SI3,-0.0285310111939907,10
weighted_CPVAE,10,CPVAE1,3h,SI4,-0.0514077842235565,10
weighted_CPVAE,10,CPVAE1,3h,SI5,-0.0479168072342872,10
weighted_CPVAE,10,CPVAE1,3h,SI6,-0.0317795574665069,10
weighted_CPVAE,10,CPVAE1,3h,SI7,-0.0379266664385795,10
weighted_CPVAE,10,CPVAE1,3h,SI8,-0.0243868436664342,10
weighted_CPVAE,10,CPVAE1,3h,SI9,-0.0297598969191312,10
weighted_CPVAE,10,CPVAE1,3h,ce,-0.0463292524218559,10
weighted_CPVAE,10,CPVAE1,3h,co,-0.0328575521707534,10
weighted_CPVAE,10,CPVAE1,6h,st,0.0116925630718469,10
weighted_CPVAE,10,CPVAE1,6h,SI1,0.0158547293394804,10
weighted_CPVAE,10,CPVAE1,6h,SI2,0.0120656043291091,10
weighted_CPVAE,10,CPVAE1,6h,SI3,0.0056776273995637,10
weighted_CPVAE,10,CPVAE1,6h,SI4,0.0102300709113478,10
weighted_CPVAE,10,CPVAE1,6h,SI5,0.00953537132591,10
weighted_CPVAE,10,CPVAE1,6h,SI6,0.0063240830786526,10
weighted_CPVAE,10,CPVAE1,6h,SI7,0.0075473487377166,10
weighted_CPVAE,10,CPVAE1,6h,SI8,0.0048529445193707,10
weighted_CPVAE,10,CPVAE1,6h,SI9,0.0059221740812063,10
weighted_CPVAE,10,CPVAE1,6h,ce,0.0092194499447941,10
weighted_CPVAE,10,CPVAE1,6h,co,0.0065386029891669,10
weighted_CPVAE,10,CPVAE1,12h,st,0.0583492368459701,10
weighted_CPVAE,10,CPVAE1,12h,SI1,0.0791196376085281,10
weighted_CPVAE,10,CPVAE1,12h,SI2,0.0602108165621757,10
weighted_CPVAE,10,CPVAE1,12h,SI3,0.0283329859375953,10
weighted_CPVAE,10,CPVAE1,12h,SI4,0.0510509796440601,10
weighted_CPVAE,10,CPVAE1,12h,SI5,0.047584231942892,10
weighted_CPVAE,10,CPVAE1,12h,SI6,0.031558983027935,10
weighted_CPVAE,10,CPVAE1,12h,SI7,0.0376634299755096,10
weighted_CPVAE,10,CPVAE1,12h,SI8,0.0242175832390785,10
weighted_CPVAE,10,CPVAE1,12h,SI9,0.0295533426105976,10
weighted_CPVAE,10,CPVAE1,12h,ce,0.0460076965391635,10
weighted_CPVAE,10,CPVAE1,12h,co,0.0326295010745525,10
weighted_CPVAE,10,CPVAE1,24h,st,0.0516540519893169,10
weighted_CPVAE,10,CPVAE1,24h,SI1,0.070041187107563,10
weighted_CPVAE,10,CPVAE1,24h,SI2,0.0533020310103893,10
weighted_CPVAE,10,CPVAE1,24h,SI3,0.0250819660723209,10
weighted_CPVAE,10,CPVAE1,24h,SI4,0.0451932214200496,10
weighted_CPVAE,10,CPVAE1,24h,SI5,0.0421242602169513,10
weighted_CPVAE,10,CPVAE1,24h,SI6,0.0279378034174442,10
weighted_CPVAE,10,CPVAE1,24h,SI7,0.0333418063819408,10
weighted_CPVAE,10,CPVAE1,24h,SI8,0.0214387774467468,10
weighted_CPVAE,10,CPVAE1,24h,SI9,0.0261622946709394,10
weighted_CPVAE,10,CPVAE1,24h,ce,0.0407286211848259,10
weighted_CPVAE,10,CPVAE1,24h,co,0.0288854837417602,10
PCA,10,PC2,1h,st,0.4951475184979731,10
PCA,10,PC2,1h,SI1,0.8250354400737413,10
PCA,10,PC2,1h,SI2,0.1898519488907101,10
PCA,10,PC2,1h,SI3,-0.2698718364259952,10
PCA,10,PC2,1h,SI4,-0.3992267220469103,10
PCA,10,PC2,1h,SI5,-0.4227895670685397,10
PCA,10,PC2,1h,SI6,-0.4482353382953596,10
PCA,10,PC2,1h,SI7,-0.3920453002568268,10
PCA,10,PC2,1h,SI8,-0.3187889401963728,10
PCA,10,PC2,1h,SI9,-0.16294779340384,10
PCA,10,PC2,1h,ce,0.5883942479878246,10
PCA,10,PC2,1h,co,0.6368633325666503,10
PCA,10,PC2,3h,st,0.7834782874186179,10
PCA,10,PC2,3h,SI1,0.931904025770906,10
PCA,10,PC2,3h,SI2,0.97604508969946,10
PCA,10,PC2,3h,SI3,0.9945669398609788,10
PCA,10,PC2,3h,SI4,0.7539508223067829,10
PCA,10,PC2,3h,SI5,0.7425224016942766,10
PCA,10,PC2,3h,SI6,-0.0969504428370855,10
PCA,10,PC2,3h,SI7,0.1228217353607131,10
PCA,10,PC2,3h,SI8,0.201582175716674,10
PCA,10,PC2,3h,SI9,0.165480130825586,10
PCA,10,PC2,3h,ce,-0.33724275012602,10
PCA,10,PC2,3h,co,-0.3787215565144853,10
PCA,10,PC2,6h,st,0.7707440970640805,10
PCA,10,PC2,6h,SI1,0.7783501981040047,10
PCA,10,PC2,6h,SI2,0.8728669379701515,10
PCA,10,PC2,6h,SI3,0.9865431675860202,10
PCA,10,PC2,6h,SI4,0.4670271953294521,10
PCA,10,PC2,6h,SI5,-0.0024238338156503,10
PCA,10,PC2,6h,SI6,-0.7189196697944442,10
PCA,10,PC2,6h,SI7,-0.7342509186461316,10
PCA,10,PC2,6h,SI8,-0.6049250795752761,10
PCA,10,PC2,6h,SI9,-0.6359192823180037,10
PCA,10,PC2,6h,ce,-0.4757069984958709,10
PCA,10,PC2,6h,co,-0.3892739999258756,10
PCA,10,PC2,12h,st,0.6329521928122493,10
PCA,10,PC2,12h,SI1,0.8925803769598076,10
PCA,10,PC2,12h,SI2,0.7949989780696849,10
PCA,10,PC2,12h,SI3,0.7535909467920683,10
PCA,10,PC2,12h,SI4,-0.0612158750145618,10
PCA,10,PC2,12h,SI5,-0.5640460043723025,10
PCA,10,PC2,12h,SI6,-0.7692531974491796,10
PCA,10,PC2,12h,SI7,-0.7705129809708575,10
PCA,10,PC2,12h,SI8,-0.7009817246629041,10
PCA,10,PC2,12h,SI9,-0.7279875478897979,10
PCA,10,PC2,12h,ce,-0.5149150589731302,10
PCA,10,PC2,12h,co,-0.41917979753565,10
PCA,10,PC2,24h,st,-0.0162358949223881,10
PCA,10,PC2,24h,SI1,0.0339658304815233,10
PCA,10,PC2,24h,SI2,-0.1317389098137207,10
PCA,10,PC2,24h,SI3,-0.2384930584912948,10
PCA,10,PC2,24h,SI4,-0.3989455363254383,10
PCA,10,PC2,24h,SI5,-0.4445316855354437,10
PCA,10,PC2,24h,SI6,-0.473181404274159,10
PCA,10,PC2,24h,SI7,-0.4922198057196654,10
PCA,10,PC2,24h,SI8,-0.4883202781279961,10
PCA,10,PC2,24h,SI9,-0.4521746350973626,10
PCA,10,PC2,24h,ce,-0.4603970427152728,10
PCA,10,PC2,24h,co,-0.4786935502061272,10
CP,10,CP2,1h,st,0.2803687842384806,10
CP,10,CP2,1h,SI1,-0.0372537156988409,10
CP,10,CP2,1h,SI2,-0.2174863355315048,10
CP,10,CP2,1h,SI3,-0.3856586549860338,10
CP,10,CP2,1h,SI4,-0.4713907476329451,10
CP,10,CP2,1h,SI5,-0.4984604780739014,10
CP,10,CP2,1h,SI6,-0.395154731267016,10
CP,10,CP2,1h,SI7,-0.3969057456933902,10
CP,10,CP2,1h,SI8,-0.3757889630868522,10
CP,10,CP2,1h,SI9,-0.3155294864565888,10
CP,10,CP2,1h,ce,-0.1085372567508707,10
CP,10,CP2,1h,co,-0.0136112764870023,10
CP,10,CP2,3h,st,-0.3354150825068615,10
CP,10,CP2,3h,SI1,0.0445679363298352,10
CP,10,CP2,3h,SI2,0.2601865873711717,10
CP,10,CP2,3h,SI3,0.4613770749585169,10
CP,10,CP2,3h,SI4,0.5639414064576684,10
CP,10,CP2,3h,SI5,0.5963258814053817,10
CP,10,CP2,3h,SI6,0.4727375665265363,10
CP,10,CP2,3h,SI7,0.4748323669512278,10
CP,10,CP2,3h,SI8,0.4495696138259486,10
CP,10,CP2,3h,SI9,0.3774790728598477,10
CP,10,CP2,3h,ce,0.1298469550632845,10
CP,10,CP2,3h,co,0.0162836509717439,10
CP,10,CP2,6h,st,-0.027239992937323,10
CP,10,CP2,6h,SI1,0.0036194862251936,10
CP,10,CP2,6h,SI2,0.0211304773458775,10
CP,10,CP2,6h,SI3,0.0374697171319231,10
CP,10,CP2,6h,SI4,0.0457992521211584,10
CP,10,CP2,6h,SI5,0.0484292855181705,10
CP,10,CP2,6h,SI6,0.0383923342896385,10
CP,10,CP2,6h,SI7,0.0385624588658717,10
CP,10,CP2,6h,SI8,0.0365108003311191,10
CP,10,CP2,6h,SI9,0.0306561267365761,10
CP,10,CP2,6h,ce,0.010545232827401,10
CP,10,CP2,6h,co,0.001322440643244,10
CP,10,CP2,12h,st,0.0358537475638335,10
CP,10,CP2,12h,SI1,-0.0047640300688572,10
CP,10,CP2,12h,SI2,-0.0278122979842758,10
CP,10,CP2,12h,SI3,-0.0493182866246456,10
CP,10,CP2,12h,SI4,-0.0602817639469532,10
CP,10,CP2,12h,SI5,-0.0637434591727153,10
CP,10,CP2,12h,SI6,-0.0505326512078855,10
CP,10,CP2,12h,SI7,-0.0507565721033389,10
CP,10,CP2,12h,SI8,-0.0480561438263765,10
CP,10,CP2,12h,SI9,-0.0403501216695287,10
CP,10,CP2,12h,ce,-0.0138798169538968,10
CP,10,CP2,12h,co,-0.0017406191367275,10
CP,10,CP2,24h,st,0.0488990178791133,10
CP,10,CP2,24h,SI1,-0.0064974070311319,10
CP,10,CP2,24h,SI2,-0.0379317128278158,10
CP,10,CP2,24h,SI3,-0.0672625860136985,10
CP,10,CP2,24h,SI4,-0.0822150891696462,10
CP,10,CP2,24h,SI5,-0.086936311028957,10
CP,10,CP2,24h,SI6,-0.0689187932305839,10
CP,10,CP2,24h,SI7,-0.0692241870210318,10
CP,10,CP2,24h,SI8,-0.0655412166324734,10
CP,10,CP2,24h,SI9,-0.0550313831888798,10
CP,10,CP2,24h,ce,-0.0189299435485525,10
CP,10,CP2,24h,co,-0.0023739377909109,10
VAE,10,VAE2,1h,st,0.009868249297142,10
VAE,10,VAE2,1h,SI1,0.0188605189323425,10
VAE,10,VAE2,1h,SI2,0.007754698395729,10
VAE,10,VAE2,1h,SI3,-9.41753387451172e-06,10
VAE,10,VAE2,1h,SI4,-0.0038520395755767,10
VAE,10,VAE2,1h,SI5,0.0105617940425872,10
VAE,10,VAE2,1h,SI6,0.009713590145111,10
VAE,10,VAE2,1h,SI7,0.0061953961849212,10
VAE,10,VAE2,1h,SI8,0.0136939287185668,10
VAE,10,VAE2,1h,SI9,0.0170827507972717,10
VAE,10,VAE2,1h,ce,0.0072250962257385,10
VAE,10,VAE2,1h,co,0.0070619136095047,10
VAE,10,VAE2,3h,st,-0.0344791859388351,10
VAE,10,VAE2,3h,SI1,0.0140526890754699,10
VAE,10,VAE2,3h,SI2,-0.0140638351440429,10
VAE,10,VAE2,3h,SI3,0.0220263004302978,10
VAE,10,VAE2,3h,SI4,0.0162920951843261,10
VAE,10,VAE2,3h,SI5,-0.0106628537178039,10
VAE,10,VAE2,3h,SI6,0.0003949999809265,10
VAE,10,VAE2,3h,SI7,0.0025016963481903,10
VAE,10,VAE2,3h,SI8,0.0027565956115722,10
VAE,10,VAE2,3h,SI9,-0.0048138424754142,10
VAE,10,VAE2,3h,ce,0.0072678625583648,10
VAE,10,VAE2,3h,co,0.0012709200382232,10
VAE,10,VAE2,6h,st,-0.0505772531032562,10
VAE,10,VAE2,6h,SI1,-0.0005401372909545,10
VAE,10,VAE2,6h,SI2,-0.0093714594841003,10
VAE,10,VAE2,6h,SI3,-0.001253068447113,10
VAE,10,VAE2,6h,SI4,0.0123841166496276,10
VAE,10,VAE2,6h,SI5,-0.0023659765720367,10
VAE,10,VAE2,6h,SI6,0.0043188631534576,10
VAE,10,VAE2,6h,SI7,0.0055631697177886,10
VAE,10,VAE2,6h,SI8,-6.908178329467773e-05,10
VAE,10,VAE2,6h,SI9,0.0082583427429199,10
VAE,10,VAE2,6h,ce,0.0036432892084121,10
VAE,10,VAE2,6h,co,0.0110127925872802,10
VAE,10,VAE2,12h,st,0.0017502009868621,10
VAE,10,VAE2,12h,SI1,0.0157447457313537,10
VAE,10,VAE2,12h,SI2,0.0136739611625671,10
VAE,10,VAE2,12h,SI3,-0.0001507401466369,10
VAE,10,VAE2,12h,SI4,-0.0069154575467109,10
VAE,10,VAE2,12h,SI5,-0.0047037750482559,10
VAE,10,VAE2,12h,SI6,0.0044472813606262,10
VAE,10,VAE2,12h,SI7,0.0014520287513732,10
VAE,10,VAE2,12h,SI8,0.0024691820144653,10
VAE,10,VAE2,12h,SI9,-0.0041788220405578,10
VAE,10,VAE2,12h,ce,-0.0014115273952484,10
VAE,10,VAE2,12h,co,0.0027341246604919,10
VAE,10,VAE2,24h,st,-0.0061164051294326,10
VAE,10,VAE2,24h,SI1,-0.002041608095169,10
VAE,10,VAE2,24h,SI2,-0.0011449009180068,10
VAE,10,VAE2,24h,SI3,-0.002993568778038,10
VAE,10,VAE2,24h,SI4,0.0044309198856353,10
VAE,10,VAE2,24h,SI5,-0.0015471279621124,10
VAE,10,VAE2,24h,SI6,-0.0103794932365417,10
VAE,10,VAE2,24h,SI7,-0.010568767786026,10
VAE,10,VAE2,24h,SI8,-0.0004045367240905,10
VAE,10,VAE2,24h,SI9,-0.0077293813228607,10
VAE,10,VAE2,24h,ce,-0.002099871635437,10
VAE,10,VAE2,24h,co,-0.0078292191028594,10
weighted_CPVAE,10,CPVAE2,1h,st,0.0255354307591915,10
weighted_CPVAE,10,CPVAE2,1h,SI1,0.0223474502563476,10
weighted_CPVAE,10,CPVAE2,1h,SI2,-0.0025085003580898,10
weighted_CPVAE,10,CPVAE2,1h,SI3,-0.0973152667284011,10
weighted_CPVAE,10,CPVAE2,1h,SI4,-0.0073685864917933,10
weighted_CPVAE,10,CPVAE2,1h,SI5,-0.0090175382792949,10
weighted_CPVAE,10,CPVAE2,1h,SI6,-0.0375016182661056,10
weighted_CPVAE,10,CPVAE2,1h,SI7,-0.0423862673342227,10
weighted_CPVAE,10,CPVAE2,1h,SI8,-0.0581794902682304,10
weighted_CPVAE,10,CPVAE2,1h,SI9,-0.0773010700941085,10
weighted_CPVAE,10,CPVAE2,1h,ce,-0.128511443734169,10
weighted_CPVAE,10,CPVAE2,1h,co,-0.1116163283586502,10
weighted_CPVAE,10,CPVAE2,3h,st,0.0150129739195108,10
weighted_CPVAE,10,CPVAE2,3h,SI1,0.0131386732682585,10
weighted_CPVAE,10,CPVAE2,3h,SI2,-0.001474815653637,10
weighted_CPVAE,10,CPVAE2,3h,SI3,-0.057214293628931,10
weighted_CPVAE,10,CPVAE2,3h,SI4,-0.0043321922421455,10
weighted_CPVAE,10,CPVAE2,3h,SI5,-0.0053016557358205,10
weighted_CPVAE,10,CPVAE2,3h,SI6,-0.0220482219010591,10
weighted_CPVAE,10,CPVAE2,3h,SI7,-0.0249200388789176,10
weighted_CPVAE,10,CPVAE2,3h,SI8,-0.0342053063213825,10
weighted_CPVAE,10,CPVAE2,3h,SI9,-0.045447401702404,10
weighted_CPVAE,10,CPVAE2,3h,ce,-0.0755553767085075,10
weighted_CPVAE,10,CPVAE2,3h,co,-0.0656222701072692,10
weighted_CPVAE,10,CPVAE2,6h,st,0.0088489111512899,10
weighted_CPVAE,10,CPVAE2,6h,SI1,0.0077441656030714,10
weighted_CPVAE,10,CPVAE2,6h,SI2,-0.0008692823466844,10
weighted_CPVAE,10,CPVAE2,6h,SI3,-0.0337231121957302,10
weighted_CPVAE,10,CPVAE2,6h,SI4,-0.0025534706655889,10
weighted_CPVAE,10,CPVAE2,6h,SI5,-0.0031248894520103,10
weighted_CPVAE,10,CPVAE2,6h,SI6,-0.0129956100136041,10
weighted_CPVAE,10,CPVAE2,6h,SI7,-0.014688310213387,10
weighted_CPVAE,10,CPVAE2,6h,SI8,-0.0201612096279859,10
weighted_CPVAE,10,CPVAE2,6h,SI9,-0.0267875008285045,10
weighted_CPVAE,10,CPVAE2,6h,ce,-0.0445336699485778,10
weighted_CPVAE,10,CPVAE2,6h,co,-0.0386789254844188,10
weighted_CPVAE,10,CPVAE2,12h,st,-0.0010952715529128,10
weighted_CPVAE,10,CPVAE2,12h,SI1,-0.0009585319785401,10
weighted_CPVAE,10,CPVAE2,12h,SI2,0.0001075951804523,10
weighted_CPVAE,10,CPVAE2,12h,SI3,0.0041740690357983,10
weighted_CPVAE,10,CPVAE2,12h,SI4,0.0003160551132168,10
weighted_CPVAE,10,CPVAE2,12h,SI5,0.000386782339774,10
weighted_CPVAE,10,CPVAE2,12h,SI6,0.0016085280803963,10
weighted_CPVAE,10,CPVAE2,12h,SI7,0.0018180416664108,10
weighted_CPVAE,10,CPVAE2,12h,SI8,0.0024954483378678,10
weighted_CPVAE,10,CPVAE2,12h,SI9,0.0033156154677271,10
weighted_CPVAE,10,CPVAE2,12h,ce,0.0055121425539255,10
weighted_CPVAE,10,CPVAE2,12h,co,0.0047874734736979,10
weighted_CPVAE,10,CPVAE2,24h,st,-0.0055513735860586,10
weighted_CPVAE,10,CPVAE2,24h,SI1,-0.0048583098687231,10
weighted_CPVAE,10,CPVAE2,24h,SI2,0.0005453451303765,10
weighted_CPVAE,10,CPVAE2,24h,SI3,0.0211562290787696,10
weighted_CPVAE,10,CPVAE2,24h,SI4,0.0016019223257899,10
weighted_CPVAE,10,CPVAE2,24h,SI5,0.0019604025874286,10
weighted_CPVAE,10,CPVAE2,24h,SI6,0.0081528089940547,10
weighted_CPVAE,10,CPVAE2,24h,SI7,0.0092147262766957,10
weighted_CPVAE,10,CPVAE2,24h,SI8,0.0126481549814343,10
weighted_CPVAE,10,CPVAE2,24h,SI9,0.0168051645159721,10
weighted_CPVAE,10,CPVAE2,24h,ce,0.0279382411390543,10
weighted_CPVAE,10,CPVAE2,24h,co,0.0242652613669633,10
PCA,10,PC3,1h,st,0.1039347240092776,10
PCA,10,PC3,1h,SI1,0.9802185860076884,10
PCA,10,PC3,1h,SI2,-0.0108694729671507,10
PCA,10,PC3,1h,SI3,-0.4553589116214393,10
PCA,10,PC3,1h,SI4,-0.4970120289570834,10
PCA,10,PC3,1h,SI5,-0.5375034151674929,10
PCA,10,PC3,1h,SI6,-0.5905755340706572,10
PCA,10,PC3,1h,SI7,-0.5352345012837427,10
PCA,10,PC3,1h,SI8,-0.5182928790034456,10
PCA,10,PC3,1h,SI9,-0.3615280739433608,10
PCA,10,PC3,1h,ce,0.3029211250382546,10
PCA,10,PC3,1h,co,0.2497306724539333,10
PCA,10,PC3,3h,st,1.1120195237860524,10
PCA,10,PC3,3h,SI1,1.3156484598850628,10
PCA,10,PC3,3h,SI2,1.1369707174149282,10
PCA,10,PC3,3h,SI3,0.9086134394360856,10
PCA,10,PC3,3h,SI4,1.0210250299534074,10
PCA,10,PC3,3h,SI5,1.3458055636656503,10
PCA,10,PC3,3h,SI6,0.2989695191386283,10
PCA,10,PC3,3h,SI7,0.4628656769938232,10
PCA,10,PC3,3h,SI8,0.056938698184934,10
PCA,10,PC3,3h,SI9,-0.235870496675327,10
PCA,10,PC3,3h,ce,-0.6232365383676152,10
PCA,10,PC3,3h,co,-0.6836718134970723,10
PCA,10,PC3,6h,st,-0.0597489471264996,10
PCA,10,PC3,6h,SI1,0.5613978846563086,10
PCA,10,PC3,6h,SI2,0.7694653411700438,10
PCA,10,PC3,6h,SI3,0.747081791298455,10
PCA,10,PC3,6h,SI4,1.049488387691971,10
PCA,10,PC3,6h,SI5,0.6017969464323152,10
PCA,10,PC3,6h,SI6,-0.3852917222147036,10
PCA,10,PC3,6h,SI7,-0.4346295194243445,10
PCA,10,PC3,6h,SI8,-0.4191703533995675,10
PCA,10,PC3,6h,SI9,-0.5394620496573238,10
PCA,10,PC3,6h,ce,-0.0248879409383513,10
PCA,10,PC3,6h,co,-0.3392036901119866,10
PCA,10,PC3,12h,st,-0.144752750198669,10
PCA,10,PC3,12h,SI1,0.5632952348701648,10
PCA,10,PC3,12h,SI2,0.5447199107743896,10
PCA,10,PC3,12h,SI3,0.4722167454819997,10
PCA,10,PC3,12h,SI4,0.0335353770112605,10
PCA,10,PC3,12h,SI5,-0.3801162670794516,10
PCA,10,PC3,12h,SI6,-0.5770970861879743,10
PCA,10,PC3,12h,SI7,-0.6428785568056246,10
PCA,10,PC3,12h,SI8,-0.3848681563383909,10
PCA,10,PC3,12h,SI9,-0.5190582449188839,10
PCA,10,PC3,12h,ce,-0.3542774228369064,10
PCA,10,PC3,12h,co,-0.4824903871933972,10
PCA,10,PC3,24h,st,0.0734682215604743,10
PCA,10,PC3,24h,SI1,0.0064111368762536,10
PCA,10,PC3,24h,SI2,-0.165584256572321,10
PCA,10,PC3,24h,SI3,-0.2202089664416977,10
PCA,10,PC3,24h,SI4,-0.4176816093452209,10
PCA,10,PC3,24h,SI5,-0.4576832065465463,10
PCA,10,PC3,24h,SI6,-0.498896059885054,10
PCA,10,PC3,24h,SI7,-0.5315554494985463,10
PCA,10,PC3,24h,SI8,-0.5546498860609482,10
PCA,10,PC3,24h,SI9,-0.3780512023288384,10
PCA,10,PC3,24h,ce,-0.3982885943902293,10
PCA,10,PC3,24h,co,-0.358852722735497,10
CP,10,CP3,1h,st,0.4285117868666624,10
CP,10,CP3,1h,SI1,-0.1924778392699849,10
CP,10,CP3,1h,SI2,-0.0738000746397346,10
CP,10,CP3,1h,SI3,-0.048482689399326,10
CP,10,CP3,1h,SI4,0.0008328981508184,10
CP,10,CP3,1h,SI5,-0.0154967070724959,10
CP,10,CP3,1h,SI6,-0.0071400113395022,10
CP,10,CP3,1h,SI7,-0.0140596200189592,10
CP,10,CP3,1h,SI8,-0.006451883558843,10
CP,10,CP3,1h,SI9,0.0037903767946197,10
CP,10,CP3,1h,ce,0.0002542873100278,10
CP,10,CP3,1h,co,0.0243290207461717,10
CP,10,CP3,3h,st,2.079890773654963,10
CP,10,CP3,3h,SI1,-0.9342400706360356,10
CP,10,CP3,3h,SI2,-0.3582074030229515,10
CP,10,CP3,3h,SI3,-0.2353230446727825,10
CP,10,CP3,3h,SI4,0.0040426826807929,10
CP,10,CP3,3h,SI5,-0.075217203003443,10
CP,10,CP3,3h,SI6,-0.0346558581676622,10
CP,10,CP3,3h,SI7,-0.0682419360558388,10
CP,10,CP3,3h,SI8,-0.0313158552413619,10
CP,10,CP3,3h,SI9,0.018397556299329,10
CP,10,CP3,3h,ce,0.0012342480328297,10
CP,10,CP3,3h,co,0.1180870802925386,10
CP,10,CP3,6h,st,-0.3304566275476093,10
CP,10,CP3,6h,SI1,0.1484336711200007,10
CP,10,CP3,6h,SI2,0.0569126090008747,10
CP,10,CP3,6h,SI3,0.0373885305477601,10
CP,10,CP3,6h,SI4,-0.0006423083855467,10
CP,10,CP3,6h,SI5,0.0119506387320534,10
CP,10,CP3,6h,SI6,0.0055061824206898,10
CP,10,CP3,6h,SI7,0.0108423963084867,10
CP,10,CP3,6h,SI8,0.0049755170045032,10
CP,10,CP3,6h,SI9,-0.0029230354241679,10
CP,10,CP3,6h,ce,-0.0001960994527464,10
CP,10,CP3,6h,co,-0.0187618786547344,10
CP,10,CP3,12h,st,0.1209689389398374,10
CP,10,CP3,12h,SI1,-0.0543365216536453,10
CP,10,CP3,12h,SI2,-0.0208337716638525,10
CP,10,CP3,12h,SI3,-0.0136866701764988,10
CP,10,CP3,12h,SI4,0.0002351272675278,10
CP,10,CP3,12h,SI5,-0.0043747226309194,10
CP,10,CP3,12h,SI6,-0.0020156262259986,10
CP,10,CP3,12h,SI7,-0.0039690327494305,10
CP,10,CP3,12h,SI8,-0.0018213676547466,10
CP,10,CP3,12h,SI9,0.0010700239131811,10
CP,10,CP3,12h,ce,7.17853441205592e-05,10
CP,10,CP3,12h,co,0.0068680860487636,10
CP,10,CP3,24h,st,0.1032601461739377,10
CP,10,CP3,24h,SI1,-0.0463821309644554,10
CP,10,CP3,24h,SI2,-0.0177838900317525,10
CP,10,CP3,24h,SI3,-0.0116830615813091,10
CP,10,CP3,24h,SI4,0.0002007066956789,10
CP,10,CP3,24h,SI5,-0.0037343015678085,10
CP,10,CP3,24h,SI6,-0.001720556206847,10
CP,10,CP3,24h,SI7,-0.0033880011304321,10
CP,10,CP3,24h,SI8,-0.0015547353883888,10
CP,10,CP3,24h,SI9,0.0009133817875318,10
CP,10,CP3,24h,ce,6.127659870375426e-05,10
CP,10,CP3,24h,co,0.0058626584274102,10
VAE,10,VAE3,1h,st,-0.0222119092941284,10
VAE,10,VAE3,1h,SI1,-0.0617318153381347,10
VAE,10,VAE3,1h,SI2,-0.0604221485555172,10
VAE,10,VAE3,1h,SI3,-0.0384909808635711,10
VAE,10,VAE3,1h,SI4,-0.0445286333560943,10
VAE,10,VAE3,1h,SI5,-0.0607081353664398,10
VAE,10,VAE3,1h,SI6,-0.0335502028465271,10
VAE,10,VAE3,1h,SI7,-0.0708370804786682,10
VAE,10,VAE3,1h,SI8,-0.0626955032348632,10
VAE,10,VAE3,1h,SI9,-0.0610029101371765,10
VAE,10,VAE3,1h,ce,-0.0800022482872009,10
VAE,10,VAE3,1h,co,-0.0426064282655715,10
VAE,10,VAE3,3h,st,0.1708874404430389,10
VAE,10,VAE3,3h,SI1,-0.1438503563404083,10
VAE,10,VAE3,3h,SI2,0.0414046049118042,10
VAE,10,VAE3,3h,SI3,0.0155527591705322,10
VAE,10,VAE3,3h,SI4,-0.0438220500946044,10
VAE,10,VAE3,3h,SI5,0.0379519462585449,10
VAE,10,VAE3,3h,SI6,0.0270859226584434,10
VAE,10,VAE3,3h,SI7,0.0241176784038543,10
VAE,10,VAE3,3h,SI8,-0.0191929936408996,10
VAE,10,VAE3,3h,SI9,-0.0256139561533927,10
VAE,10,VAE3,3h,ce,-0.0283802151679992,10
VAE,10,VAE3,3h,co,-0.0470082759857177,10
VAE,10,VAE3,6h,st,-0.083770602941513,10
VAE,10,VAE3,6h,SI1,-0.0583837628364563,10
VAE,10,VAE3,6h,SI2,0.0406804680824279,10
VAE,10,VAE3,6h,SI3,0.0777286887168884,10
VAE,10,VAE3,6h,SI4,0.0584567189216613,10
VAE,10,VAE3,6h,SI5,0.063275933265686,10
VAE,10,VAE3,6h,SI6,0.0424503684043884,10
VAE,10,VAE3,6h,SI7,0.0287395119667053,10
VAE,10,VAE3,6h,SI8,0.0319075286388397,10
VAE,10,VAE3,6h,SI9,0.0225964188575744,10
VAE,10,VAE3,6h,ce,0.027262806892395,10
VAE,10,VAE3,6h,co,-4.249811172485352e-05,10
VAE,10,VAE3,12h,st,-0.0825715065002441,10
VAE,10,VAE3,12h,SI1,0.0247177481651306,10
VAE,10,VAE3,12h,SI2,0.0133052468299865,10
VAE,10,VAE3,12h,SI3,0.0373071432113647,10
VAE,10,VAE3,12h,SI4,0.0612770467996597,10
VAE,10,VAE3,12h,SI5,0.0395438969135284,10
VAE,10,VAE3,12h,SI6,0.0460501611232757,10
VAE,10,VAE3,12h,SI7,0.0275673866271972,10
VAE,10,VAE3,12h,SI8,0.0744341313838958,10
VAE,10,VAE3,12h,SI9,0.0433849692344665,10
VAE,10,VAE3,12h,ce,0.042977750301361,10
VAE,10,VAE3,12h,co,0.0027936697006225,10
VAE,10,VAE3,24h,st,0.0183693021535873,10
VAE,10,VAE3,24h,SI1,0.0243737548589706,10
VAE,10,VAE3,24h,SI2,0.0003676563501358,10
VAE,10,VAE3,24h,SI3,0.0321800857782363,10
VAE,10,VAE3,24h,SI4,-0.007803589105606,10
VAE,10,VAE3,24h,SI5,0.0229085683822631,10
VAE,10,VAE3,24h,SI6,0.0208768248558044,10
VAE,10,VAE3,24h,SI7,0.0118835866451263,10
VAE,10,VAE3,24h,SI8,0.0131158530712127,10
VAE,10,VAE3,24h,SI9,0.0237439274787902,10
VAE,10,VAE3,24h,ce,0.013437807559967,10
VAE,10,VAE3,24h,co,0.022222876548767,10
weighted_CPVAE,10,CPVAE3,1h,st,0.0086484132334589,10
weighted_CPVAE,10,CPVAE3,1h,SI1,-0.0079304007813334,10
weighted_CPVAE,10,CPVAE3,1h,SI2,0.0090332552790641,10
weighted_CPVAE,10,CPVAE3,1h,SI3,-0.00179350504186,10
weighted_CPVAE,10,CPVAE3,1h,SI4,-0.0039302064105868,10
weighted_CPVAE,10,CPVAE3,1h,SI5,-0.0040162210352718,10
weighted_CPVAE,10,CPVAE3,1h,SI6,-0.0038198095280677,10
weighted_CPVAE,10,CPVAE3,1h,SI7,-0.0035606648307293,10
weighted_CPVAE,10,CPVAE3,1h,SI8,-0.0014641671441495,10
weighted_CPVAE,10,CPVAE3,1h,SI9,-7.177684165071696e-05,10
weighted_CPVAE,10,CPVAE3,1h,ce,0.0001720374712022,10
weighted_CPVAE,10,CPVAE3,1h,co,0.0005889046005904,10
weighted_CPVAE,10,CPVAE3,3h,st,0.1365198940038681,10
weighted_CPVAE,10,CPVAE3,3h,SI1,-0.1251856684684753,10
weighted_CPVAE,10,CPVAE3,3h,SI2,0.1425948292016983,10
weighted_CPVAE,10,CPVAE3,3h,SI3,-0.0283114481717348,10
weighted_CPVAE,10,CPVAE3,3h,SI4,-0.0620404407382011,10
weighted_CPVAE,10,CPVAE3,3h,SI5,-0.0633982270956039,10
weighted_CPVAE,10,CPVAE3,3h,SI6,-0.0602977648377418,10
weighted_CPVAE,10,CPVAE3,3h,SI7,-0.0562070235610008,10
weighted_CPVAE,10,CPVAE3,3h,SI8,-0.0231126714497804,10
weighted_CPVAE,10,CPVAE3,3h,SI9,-0.0011330363340675,10
weighted_CPVAE,10,CPVAE3,3h,ce,0.0027157047297805,10
weighted_CPVAE,10,CPVAE3,3h,co,0.0092961778864264,10
weighted_CPVAE,10,CPVAE3,6h,st,0.0420810766518116,10
weighted_CPVAE,10,CPVAE3,6h,SI1,-0.0385873988270759,10
weighted_CPVAE,10,CPVAE3,6h,SI2,0.0439536236226558,10
weighted_CPVAE,10,CPVAE3,6h,SI3,-0.0087267598137259,10
weighted_CPVAE,10,CPVAE3,6h,SI4,-0.0191234294325113,10
weighted_CPVAE,10,CPVAE3,6h,SI5,-0.0195419564843177,10
weighted_CPVAE,10,CPVAE3,6h,SI6,-0.0185862649232149,10
weighted_CPVAE,10,CPVAE3,6h,SI7,-0.0173253286629915,10
weighted_CPVAE,10,CPVAE3,6h,SI8,-0.0071242814883589,10
weighted_CPVAE,10,CPVAE3,6h,SI9,-0.0003492486430332,10
weighted_CPVAE,10,CPVAE3,6h,ce,0.0008370925206691,10
weighted_CPVAE,10,CPVAE3,6h,co,0.0028654665220528,10
weighted_CPVAE,10,CPVAE3,12h,st,0.0311436168849468,10
weighted_CPVAE,10,CPVAE3,12h,SI1,-0.0285579971969127,10
weighted_CPVAE,10,CPVAE3,12h,SI2,0.0325294621288776,10
weighted_CPVAE,10,CPVAE3,12h,SI3,-0.006458553019911,10
weighted_CPVAE,10,CPVAE3,12h,SI4,-0.0141529832035303,10
weighted_CPVAE,10,CPVAE3,12h,SI5,-0.0144627289846539,10
weighted_CPVAE,10,CPVAE3,12h,SI6,-0.0137554351240396,10
weighted_CPVAE,10,CPVAE3,12h,SI7,-0.0128222340717911,10
weighted_CPVAE,10,CPVAE3,12h,SI8,-0.0052725812420248,10
weighted_CPVAE,10,CPVAE3,12h,SI9,-0.0002584740577731,10
weighted_CPVAE,10,CPVAE3,12h,ce,0.0006195204914547,10
weighted_CPVAE,10,CPVAE3,12h,co,0.0021206918172538,10
weighted_CPVAE,10,CPVAE3,24h,st,-0.0003437708655837,10
weighted_CPVAE,10,CPVAE3,24h,SI1,0.0003152301651425,10
weighted_CPVAE,10,CPVAE3,24h,SI2,-0.0003590681881178,10
weighted_CPVAE,10,CPVAE3,24h,SI3,7.129109144443646e-05,10
weighted_CPVAE,10,CPVAE3,24h,SI4,0.0001562240940984,10
weighted_CPVAE,10,CPVAE3,24h,SI5,0.0001596431393409,10
weighted_CPVAE,10,CPVAE3,24h,SI6,0.0001518358621979,10
weighted_CPVAE,10,CPVAE3,24h,SI7,0.0001415349688613,10
weighted_CPVAE,10,CPVAE3,24h,SI8,5.820004298584536e-05,10
weighted_CPVAE,10,CPVAE3,24h,SI9,2.853099886124255e-06,10
weighted_CPVAE,10,CPVAE3,24h,ce,-6.838419267296558e-06,10
weighted_CPVAE,10,CPVAE3,24h,co,-2.34087146964157e-05,10
PCA,10,PC4,1h,st,-0.1028536694593913,10
PCA,10,PC4,1h,SI1,1.2748760531494394,10
PCA,10,PC4,1h,SI2,0.2682583842852238,10
PCA,10,PC4,1h,SI3,-0.3058552614790017,10
PCA,10,PC4,1h,SI4,-0.3372306714919965,10
PCA,10,PC4,1h,SI5,-0.3994541031313702,10
PCA,10,PC4,1h,SI6,-0.4494487221749311,10
PCA,10,PC4,1h,SI7,-0.3755036633643178,10
PCA,10,PC4,1h,SI8,-0.4085487620814524,10
PCA,10,PC4,1h,SI9,-0.219924234357392,10
PCA,10,PC4,1h,ce,0.646735182515936,10
PCA,10,PC4,1h,co,0.6656846502764999,10
PCA,10,PC4,3h,st,-0.2526876734668844,10
PCA,10,PC4,3h,SI1,1.4729984571705148,10
PCA,10,PC4,3h,SI2,1.2962570320214268,10
PCA,10,PC4,3h,SI3,1.252233500483292,10
PCA,10,PC4,3h,SI4,1.1906409401047946,10
PCA,10,PC4,3h,SI5,1.1868436556792694,10
PCA,10,PC4,3h,SI6,0.204207443134826,10
PCA,10,PC4,3h,SI7,0.4301790001321052,10
PCA,10,PC4,3h,SI8,0.1880672585510639,10
PCA,10,PC4,3h,SI9,0.0312590161406558,10
PCA,10,PC4,3h,ce,-0.4842046415724559,10
PCA,10,PC4,3h,co,-0.5502435069411805,10
PCA,10,PC4,6h,st,-0.1979801039827732,10
PCA,10,PC4,6h,SI1,0.6763777445848183,10
PCA,10,PC4,6h,SI2,0.8731531509444174,10
PCA,10,PC4,6h,SI3,1.0265873628892124,10
PCA,10,PC4,6h,SI4,0.8383384299963303,10
PCA,10,PC4,6h,SI5,0.4056670349034212,10
PCA,10,PC4,6h,SI6,-0.5722897014100962,10
PCA,10,PC4,6h,SI7,-0.6138171783116647,10
PCA,10,PC4,6h,SI8,-0.5126107426186379,10
PCA,10,PC4,6h,SI9,-0.5796274953715288,10
PCA,10,PC4,6h,ce,-0.1460981823076296,10
PCA,10,PC4,6h,co,-0.3523246024950418,10
PCA,10,PC4,12h,st,0.0409009637478186,10
PCA,10,PC4,12h,SI1,0.9533579807979168,10
PCA,10,PC4,12h,SI2,0.8904148165615224,10
PCA,10,PC4,12h,SI3,0.8486863292340348,10
PCA,10,PC4,12h,SI4,0.1255879180622459,10
PCA,10,PC4,12h,SI5,-0.4863115225668839,10
PCA,10,PC4,12h,SI6,-0.7179250292945066,10
PCA,10,PC4,12h,SI7,-0.7489323477764123,10
PCA,10,PC4,12h,SI8,-0.5405711032228042,10
PCA,10,PC4,12h,SI9,-0.638455203095259,10
PCA,10,PC4,12h,ce,-0.3972554596611804,10
PCA,10,PC4,12h,co,-0.4043353956745005,10
PCA,10,PC4,24h,st,-0.155446654477718,10
PCA,10,PC4,24h,SI1,-0.1232946191475232,10
PCA,10,PC4,24h,SI2,-0.3059346680090919,10
PCA,10,PC4,24h,SI3,-0.3809794227935111,10
PCA,10,PC4,24h,SI4,-0.5597969655863876,10
PCA,10,PC4,24h,SI5,-0.5982012904476639,10
PCA,10,PC4,24h,SI6,-0.6440019880379588,10
PCA,10,PC4,24h,SI7,-0.680480434960225,10
PCA,10,PC4,24h,SI8,-0.6942018698386669,10
PCA,10,PC4,24h,SI9,-0.6206140281658648,10
PCA,10,PC4,24h,ce,-0.6373944548388752,10
PCA,10,PC4,24h,co,-0.5924769317540062,10
CP,10,CP4,1h,st,-0.2654247037747586,10
CP,10,CP4,1h,SI1,-0.552300976735156,10
CP,10,CP4,1h,SI2,-0.404271625869732,10
CP,10,CP4,1h,SI3,-0.3448646402246217,10
CP,10,CP4,1h,SI4,-0.4245353916433134,10
CP,10,CP4,1h,SI5,-0.4109017704526361,10
CP,10,CP4,1h,SI6,-0.3389220185415093,10
CP,10,CP4,1h,SI7,-0.3716690027707514,10
CP,10,CP4,1h,SI8,-0.3441019378566325,10
CP,10,CP4,1h,SI9,-0.3752100324976636,10
CP,10,CP4,1h,ce,-0.5131028185552423,10
CP,10,CP4,1h,co,-0.4652704092998677,10
CP,10,CP4,3h,st,-0.0304810752823161,10
CP,10,CP4,3h,SI1,-0.0634256247099257,10
CP,10,CP4,3h,SI2,-0.0464261000856075,10
CP,10,CP4,3h,SI3,-0.0396038684847361,10
CP,10,CP4,3h,SI4,-0.0487531682192952,10
CP,10,CP4,3h,SI5,-0.0471874984531672,10
CP,10,CP4,3h,SI6,-0.0389214244758657,10
CP,10,CP4,3h,SI7,-0.0426820514158788,10
CP,10,CP4,3h,SI8,-0.0395162806002398,10
CP,10,CP4,3h,SI9,-0.0430886992981141,10
CP,10,CP4,3h,ce,-0.0589241521890257,10
CP,10,CP4,3h,co,-0.0534311319587578,10
CP,10,CP4,6h,st,0.0562584200231056,10
CP,10,CP4,6h,SI1,0.1170636338157335,10
CP,10,CP4,6h,SI2,0.0856878904192115,10
CP,10,CP4,6h,SI3,0.0730962096027741,10
CP,10,CP4,6h,SI4,0.0899829218534649,10
CP,10,CP4,6h,SI5,0.0870931908809028,10
CP,10,CP4,6h,SI6,0.0718366339041584,10
CP,10,CP4,6h,SI7,0.078777561282275,10
CP,10,CP4,6h,SI8,0.072934550082915,10
CP,10,CP4,6h,SI9,0.0795281045996747,10
CP,10,CP4,6h,ce,0.108755339916726,10
CP,10,CP4,6h,co,0.0986169626958568,10
CP,10,CP4,12h,st,0.0832535247438562,10
CP,10,CP4,12h,SI1,0.1732355819889927,10
CP,10,CP4,12h,SI2,0.1268044659330066,10
CP,10,CP4,12h,SI3,0.1081707785669648,10
CP,10,CP4,12h,SI4,0.1331604301716111,10
CP,10,CP4,12h,SI5,0.1288840873783283,10
CP,10,CP4,12h,SI6,0.1063068066219938,10
CP,10,CP4,12h,SI7,0.1165782765456428,10
CP,10,CP4,12h,SI8,0.1079315481578787,10
CP,10,CP4,12h,SI9,0.1176889614283823,10
CP,10,CP4,12h,ce,0.1609406268264379,10
CP,10,CP4,12h,co,0.1459374390640813,10
CP,10,CP4,24h,st,0.1485531836982734,10
CP,10,CP4,24h,SI1,0.3091124047115763,10
CP,10,CP4,24h,SI2,0.2262631783995124,10
CP,10,CP4,24h,SI3,0.1930142127757708,10
CP,10,CP4,24h,SI4,0.2376044246232857,10
CP,10,CP4,24h,SI5,0.2299739448510258,10
CP,10,CP4,24h,SI6,0.1896882398803092,10
CP,10,CP4,24h,SI7,0.2080161072362403,10
CP,10,CP4,24h,SI8,0.1925873426940953,10
CP,10,CP4,24h,SI9,0.2099979545625142,10
CP,10,CP4,24h,ce,0.2871739373800797,10
CP,10,CP4,24h,co,0.2604030431197076,10
VAE,10,VAE4,1h,st,-0.1120627149939537,10
VAE,10,VAE4,1h,SI1,-0.0898500680923461,10
VAE,10,VAE4,1h,SI2,-0.0743684247136116,10
VAE,10,VAE4,1h,SI3,-0.045816421508789,10
VAE,10,VAE4,1h,SI4,-0.0548310577869415,10
VAE,10,VAE4,1h,SI5,-0.0580057799816131,10
VAE,10,VAE4,1h,SI6,-0.0495058298110961,10
VAE,10,VAE4,1h,SI7,-0.0584896504878997,10
VAE,10,VAE4,1h,SI8,-0.0651824474334716,10
VAE,10,VAE4,1h,SI9,-0.0724058449268341,10
VAE,10,VAE4,1h,ce,-0.0921481251716613,10
VAE,10,VAE4,1h,co,-0.0954811125993728,10
VAE,10,VAE4,3h,st,0.0838069170713424,10
VAE,10,VAE4,3h,SI1,-0.1143986582756042,10
VAE,10,VAE4,3h,SI2,0.0231536030769348,10
VAE,10,VAE4,3h,SI3,-0.1253318786621093,10
VAE,10,VAE4,3h,SI4,-0.0936040580272674,10
VAE,10,VAE4,3h,SI5,0.0630465745925903,10
VAE,10,VAE4,3h,SI6,0.0446017980575561,10
VAE,10,VAE4,3h,SI7,0.0538365244865417,10
VAE,10,VAE4,3h,SI8,-0.0117277950048446,10
VAE,10,VAE4,3h,SI9,-0.0485834628343582,10
VAE,10,VAE4,3h,ce,-0.034492939710617,10
VAE,10,VAE4,3h,co,-0.040842205286026,10
VAE,10,VAE4,6h,st,-0.0943193435668945,10
VAE,10,VAE4,6h,SI1,-0.0587719976902008,10
VAE,10,VAE4,6h,SI2,0.001836359500885,10
VAE,10,VAE4,6h,SI3,-0.0054589509963989,10
VAE,10,VAE4,6h,SI4,0.085896611213684,10
VAE,10,VAE4,6h,SI5,0.1328962743282318,10
VAE,10,VAE4,6h,SI6,0.0813056230545044,10
VAE,10,VAE4,6h,SI7,0.0721940398216247,10
VAE,10,VAE4,6h,SI8,0.0667071938514709,10
VAE,10,VAE4,6h,SI9,0.0492495894432067,10
VAE,10,VAE4,6h,ce,0.0709101036190986,10
VAE,10,VAE4,6h,co,0.0280858129262924,10
VAE,10,VAE4,12h,st,-0.1329777240753173,10
VAE,10,VAE4,12h,SI1,-0.0297549962997436,10
VAE,10,VAE4,12h,SI2,-0.0366266965866088,10
VAE,10,VAE4,12h,SI3,-0.0135040283203125,10
VAE,10,VAE4,12h,SI4,0.0856029093265533,10
VAE,10,VAE4,12h,SI5,0.0665942281484603,10
VAE,10,VAE4,12h,SI6,0.072081059217453,10
VAE,10,VAE4,12h,SI7,0.0725262761116027,10
VAE,10,VAE4,12h,SI8,0.1122132539749145,10
VAE,10,VAE4,12h,SI9,0.079085886478424,10
VAE,10,VAE4,12h,ce,0.0682805031538009,10
VAE,10,VAE4,12h,co,0.0209395289421081,10
VAE,10,VAE4,24h,st,0.032624028623104,10
VAE,10,VAE4,24h,SI1,0.0221722796559333,10
VAE,10,VAE4,24h,SI2,0.0136924088001251,10
VAE,10,VAE4,24h,SI3,0.0455892980098724,10
VAE,10,VAE4,24h,SI4,0.0151511132717132,10
VAE,10,VAE4,24h,SI5,0.0156528949737548,10
VAE,10,VAE4,24h,SI6,0.0178512334823608,10
VAE,10,VAE4,24h,SI7,0.0269093811511993,10
VAE,10,VAE4,24h,SI8,0.0136414170265197,10
VAE,10,VAE4,24h,SI9,0.0417146980762481,10
VAE,10,VAE4,24h,ce,0.0274959206581115,10
VAE,10,VAE4,24h,co,0.0471837520599365,10
weighted_CPVAE,10,CPVAE4,1h,st,-0.0091680642217397,10
weighted_CPVAE,10,CPVAE4,1h,SI1,-0.0072411643341183,10
weighted_CPVAE,10,CPVAE4,1h,SI2,-0.0075332894921302,10
weighted_CPVAE,10,CPVAE4,1h,SI3,-0.0077302055433392,10
weighted_CPVAE,10,CPVAE4,1h,SI4,-0.0073231416754424,10
weighted_CPVAE,10,CPVAE4,1h,SI5,-0.0007373531698249,10
weighted_CPVAE,10,CPVAE4,1h,SI6,0.001999364234507,10
weighted_CPVAE,10,CPVAE4,1h,SI7,0.0022785542532801,10
weighted_CPVAE,10,CPVAE4,1h,SI8,0.0016824344638735,10
weighted_CPVAE,10,CPVAE4,1h,SI9,0.0016607892466709,10
weighted_CPVAE,10,CPVAE4,1h,ce,-0.0007917542825452,10
weighted_CPVAE,10,CPVAE4,1h,co,0.0003581186465453,10
weighted_CPVAE,10,CPVAE4,3h,st,-0.069453977048397,10
weighted_CPVAE,10,CPVAE4,3h,SI1,-0.0548564679920673,10
weighted_CPVAE,10,CPVAE4,3h,SI2,-0.057069506496191,10
weighted_CPVAE,10,CPVAE4,3h,SI3,-0.0585612691938877,10
weighted_CPVAE,10,CPVAE4,3h,SI4,-0.055477499961853,10
weighted_CPVAE,10,CPVAE4,3h,SI5,-0.0055859237909317,10
weighted_CPVAE,10,CPVAE4,3h,SI6,0.0151464669033885,10
weighted_CPVAE,10,CPVAE4,3h,SI7,0.0172615107148885,10
weighted_CPVAE,10,CPVAE4,3h,SI8,0.01274552103132,10
weighted_CPVAE,10,CPVAE4,3h,SI9,0.0125815449282526,10
weighted_CPVAE,10,CPVAE4,3h,ce,-0.0059980466030538,10
weighted_CPVAE,10,CPVAE4,3h,co,0.0027129787486046,10
weighted_CPVAE,10,CPVAE4,6h,st,0.1252432167530059,10
weighted_CPVAE,10,CPVAE4,6h,SI1,0.0989201962947845,10
weighted_CPVAE,10,CPVAE4,6h,SI2,0.1029108613729476,10
weighted_CPVAE,10,CPVAE4,6h,SI3,0.105600893497467,10
weighted_CPVAE,10,CPVAE4,6h,SI4,0.1000400707125663,10
weighted_CPVAE,10,CPVAE4,6h,SI5,0.0100728441029787,10
weighted_CPVAE,10,CPVAE4,6h,SI6,-0.0273129399865865,10
weighted_CPVAE,10,CPVAE4,6h,SI7,-0.0311269033700227,10
weighted_CPVAE,10,CPVAE4,6h,SI8,-0.0229834225028753,10
weighted_CPVAE,10,CPVAE4,6h,SI9,-0.0226877313107252,10
weighted_CPVAE,10,CPVAE4,6h,ce,0.0108160069212317,10
weighted_CPVAE,10,CPVAE4,6h,co,-0.0048921923153102,10
weighted_CPVAE,10,CPVAE4,12h,st,0.052327960729599,10
weighted_CPVAE,10,CPVAE4,12h,SI1,0.0413299202919006,10
weighted_CPVAE,10,CPVAE4,12h,SI2,0.0429972633719444,10
weighted_CPVAE,10,CPVAE4,12h,SI3,0.0441211871802806,10
weighted_CPVAE,10,CPVAE4,12h,SI4,0.0417978167533874,10
weighted_CPVAE,10,CPVAE4,12h,SI5,0.0042085424065589,10
weighted_CPVAE,10,CPVAE4,12h,SI6,-0.0114116398617625,10
weighted_CPVAE,10,CPVAE4,12h,SI7,-0.0130051551386713,10
weighted_CPVAE,10,CPVAE4,12h,SI8,-0.0096027208492159,10
weighted_CPVAE,10,CPVAE4,12h,SI9,-0.0094791781157255,10
weighted_CPVAE,10,CPVAE4,12h,ce,0.0045190439559519,10
weighted_CPVAE,10,CPVAE4,12h,co,-0.0020440104417502,10
weighted_CPVAE,10,CPVAE4,24h,st,-0.0227196346968412,10
weighted_CPVAE,10,CPVAE4,24h,SI1,-0.0179445296525955,10
weighted_CPVAE,10,CPVAE4,24h,SI2,-0.0186684541404247,10
weighted_CPVAE,10,CPVAE4,24h,SI3,-0.0191564373672008,10
weighted_CPVAE,10,CPVAE4,24h,SI4,-0.0181476790457963,10
weighted_CPVAE,10,CPVAE4,24h,SI5,-0.0018272552406415,10
weighted_CPVAE,10,CPVAE4,24h,SI6,0.0049546798691153,10
weighted_CPVAE,10,CPVAE4,24h,SI7,0.0056465482339262,10
weighted_CPVAE,10,CPVAE4,24h,SI8,0.0041692871600389,10
weighted_CPVAE,10,CPVAE4,24h,SI9,0.0041156481020152,10
weighted_CPVAE,10,CPVAE4,24h,ce,-0.0019620682578533,10
weighted_CPVAE,10,CPVAE4,24h,co,0.0008874637424014,10
PCA,10,PC5,1h,st,0.0136321565739543,10
PCA,10,PC5,1h,SI1,1.03018400473661,10
PCA,10,PC5,1h,SI2,0.0790653728192033,10
PCA,10,PC5,1h,SI3,-0.3986576584205667,10
PCA,10,PC5,1h,SI4,-0.4667922127708235,10
PCA,10,PC5,1h,SI5,-0.5172737656768259,10
PCA,10,PC5,1h,SI6,-0.5611595436474247,10
PCA,10,PC5,1h,SI7,-0.5096875446704804,10
PCA,10,PC5,1h,SI8,-0.4851095104375031,10
PCA,10,PC5,1h,SI9,-0.3258677483575609,10
PCA,10,PC5,1h,ce,0.3752140292500622,10
PCA,10,PC5,1h,co,0.4109431601144377,10
PCA,10,PC5,3h,st,-0.2180224127330505,10
PCA,10,PC5,3h,SI1,1.635452628623068,10
PCA,10,PC5,3h,SI2,0.6673606588874536,10
PCA,10,PC5,3h,SI3,0.2086152615566477,10
PCA,10,PC5,3h,SI4,0.649854872888472,10
PCA,10,PC5,3h,SI5,1.1456716795011264,10
PCA,10,PC5,3h,SI6,0.189217525044676,10
PCA,10,PC5,3h,SI7,0.3887869736314816,10
PCA,10,PC5,3h,SI8,0.1535070170713119,10
PCA,10,PC5,3h,SI9,-0.0545977157456111,10
PCA,10,PC5,3h,ce,-0.5241230999613057,10
PCA,10,PC5,3h,co,-0.581167216032509,10
PCA,10,PC5,6h,st,0.7024154666093795,10
PCA,10,PC5,6h,SI1,0.887795271433453,10
PCA,10,PC5,6h,SI2,1.164890582211563,10
PCA,10,PC5,6h,SI3,0.9885758805912028,10
PCA,10,PC5,6h,SI4,1.1290538190865538,10
PCA,10,PC5,6h,SI5,0.5205982335433106,10
PCA,10,PC5,6h,SI6,-0.4618700872301796,10
PCA,10,PC5,6h,SI7,-0.5251381746305958,10
PCA,10,PC5,6h,SI8,-0.4492714050847644,10
PCA,10,PC5,6h,SI9,-0.5300559378484639,10
PCA,10,PC5,6h,ce,-0.1343773295551586,10
PCA,10,PC5,6h,co,-0.2950113059688073,10
PCA,10,PC5,12h,st,0.0312654900587206,10
PCA,10,PC5,12h,SI1,0.6719243966885344,10
PCA,10,PC5,12h,SI2,0.7335182100029,10
PCA,10,PC5,12h,SI3,0.6014690080062943,10
PCA,10,PC5,12h,SI4,0.0640181951664385,10
PCA,10,PC5,12h,SI5,-0.4302588840510834,10
PCA,10,PC5,12h,SI6,-0.6235381615355587,10
PCA,10,PC5,12h,SI7,-0.6740630280433222,10
PCA,10,PC5,12h,SI8,-0.4871597387440983,10
PCA,10,PC5,12h,SI9,-0.5704383253677583,10
PCA,10,PC5,12h,ce,-0.3937205010783478,10
PCA,10,PC5,12h,co,-0.4610257086403593,10
PCA,10,PC5,24h,st,0.0452123732166291,10
PCA,10,PC5,24h,SI1,0.0784950959832041,10
PCA,10,PC5,24h,SI2,-0.1123292897007382,10
PCA,10,PC5,24h,SI3,-0.2014846588560417,10
PCA,10,PC5,24h,SI4,-0.3900537071722486,10
PCA,10,PC5,24h,SI5,-0.4326219369985887,10
PCA,10,PC5,24h,SI6,-0.473038156370589,10
PCA,10,PC5,24h,SI7,-0.5082307280695165,10
PCA,10,PC5,24h,SI8,-0.5252119795507446,10
PCA,10,PC5,24h,SI9,-0.4112469956643671,10
PCA,10,PC5,24h,ce,-0.4362717437037907,10
PCA,10,PC5,24h,co,-0.3978611509779026,10
CP,10,CP5,1h,st,0.0131050079956456,10
CP,10,CP5,1h,SI1,0.0182727332937862,10
CP,10,CP5,1h,SI2,0.0218362834096917,10
CP,10,CP5,1h,SI3,0.0157912101548816,10
CP,10,CP5,1h,SI4,0.0106246286955285,10
CP,10,CP5,1h,SI5,0.0024522351781302,10
CP,10,CP5,1h,SI6,0.0023168318759392,10
CP,10,CP5,1h,SI7,0.0008174354829353,10
CP,10,CP5,1h,SI8,0.0008882050229757,10
CP,10,CP5,1h,SI9,-5.375294706699752e-05,10
CP,10,CP5,1h,ce,0.0014833897373971,10
CP,10,CP5,1h,co,0.0012854700024038,10
CP,10,CP5,3h,st,0.7191772320977066,10
CP,10,CP5,3h,SI1,1.0027718989146168,10
CP,10,CP5,3h,SI2,1.1983325662297315,10
CP,10,CP5,3h,SI3,0.8665907578564199,10
CP,10,CP5,3h,SI4,0.5830588626771466,10
CP,10,CP5,3h,SI5,0.134573874998497,10
CP,10,CP5,3h,SI6,0.1271432063473279,10
CP,10,CP5,3h,SI7,0.0448592620646437,10
CP,10,CP5,3h,SI8,0.0487429561409805,10
CP,10,CP5,3h,SI9,-0.0029498567037564,10
CP,10,CP5,3h,ce,0.081405530299403,10
CP,10,CP5,3h,co,0.0705440819708462,10
CP,10,CP5,6h,st,-0.4284162915391776,10
CP,10,CP5,6h,SI1,-0.5973545866289794,10
CP,10,CP5,6h,SI2,-0.7138507326731104,10
CP,10,CP5,6h,SI3,-0.5162310237214707,10
CP,10,CP5,6h,SI4,-0.3473301219069422,10
CP,10,CP5,6h,SI5,-0.0801661091199285,10
CP,10,CP5,6h,SI6,-0.075739634858633,10
CP,10,CP5,6h,SI7,-0.0267228130107264,10
CP,10,CP5,6h,SI8,-0.0290363426101045,10
CP,10,CP5,6h,SI9,0.0017572395415093,10
CP,10,CP5,6h,ce,-0.0484935476891073,10
CP,10,CP5,6h,co,-0.0420233464563846,10
CP,10,CP5,12h,st,-0.2924780170495927,10
CP,10,CP5,12h,SI1,-0.4078114871519679,10
CP,10,CP5,12h,SI2,-0.487342920624057,10
CP,10,CP5,12h,SI3,-0.3524287687918836,10
CP,10,CP5,12h,SI4,-0.2371208269227221,10
CP,10,CP5,12h,SI5,-0.054729068648954,10
CP,10,CP5,12h,SI6,-0.0517071331156122,10
CP,10,CP5,12h,SI7,-0.018243553090113,10
CP,10,CP5,12h,SI8,-0.0198229901072736,10
CP,10,CP5,12h,SI9,0.0011996601126798,10
CP,10,CP5,12h,ce,-0.033106342937738,10
CP,10,CP5,12h,co,-0.0286891635170868,10
CP,10,CP5,24h,st,0.0098047618543723,10
CP,10,CP5,24h,SI1,0.0136710941674788,10
CP,10,CP5,24h,SI2,0.0163372322006783,10
CP,10,CP5,24h,SI3,0.0118144952687098,10
CP,10,CP5,24h,SI4,0.0079490187404235,10
CP,10,CP5,24h,SI5,0.001834686551925,10
CP,10,CP5,24h,SI6,0.0017333819870809,10
CP,10,CP5,24h,SI7,0.0006115799581471,10
CP,10,CP5,24h,SI8,0.0006645275402371,10
CP,10,CP5,24h,SI9,-4.021629327793675e-05,10
CP,10,CP5,24h,ce,0.0011098263440382,10
CP,10,CP5,24h,co,0.0009617489168031,10
VAE,10,VAE5,1h,st,0.0867854207754135,10
VAE,10,VAE5,1h,SI1,-0.0061858892440795,10
VAE,10,VAE5,1h,SI2,0.0093077421188354,10
VAE,10,VAE5,1h,SI3,0.089706540107727,10
VAE,10,VAE5,1h,SI4,0.0628034472465515,10
VAE,10,VAE5,1h,SI5,0.0710706114768982,10
VAE,10,VAE5,1h,SI6,0.0518212914466857,10
VAE,10,VAE5,1h,SI7,0.0835790932178497,10
VAE,10,VAE5,1h,SI8,0.1157483160495758,10
VAE,10,VAE5,1h,SI9,0.0939063429832458,10
VAE,10,VAE5,1h,ce,0.0310021340847015,10
VAE,10,VAE5,1h,co,0.0443680435419082,10
VAE,10,VAE5,3h,st,0.0835223793983459,10
VAE,10,VAE5,3h,SI1,-0.0313207507133483,10
VAE,10,VAE5,3h,SI2,-0.0529178977012634,10
VAE,10,VAE5,3h,SI3,-0.0645117163658142,10
VAE,10,VAE5,3h,SI4,-0.121038794517517,10
VAE,10,VAE5,3h,SI5,-0.138013482093811,10
VAE,10,VAE5,3h,SI6,-0.0451814383268356,10
VAE,10,VAE5,3h,SI7,-0.0535049438476562,10
VAE,10,VAE5,3h,SI8,0.0261233299970626,10
VAE,10,VAE5,3h,SI9,0.0500295907258987,10
VAE,10,VAE5,3h,ce,0.070628821849823,10
VAE,10,VAE5,3h,co,0.0659709870815277,10
VAE,10,VAE5,6h,st,0.1024331152439117,10
VAE,10,VAE5,6h,SI1,-0.0040810108184814,10
VAE,10,VAE5,6h,SI2,-0.0899515748023986,10
VAE,10,VAE5,6h,SI3,-0.0985524654388427,10
VAE,10,VAE5,6h,SI4,-0.1297944784164428,10
VAE,10,VAE5,6h,SI5,-0.1143322139978408,10
VAE,10,VAE5,6h,SI6,-0.0120671391487121,10
VAE,10,VAE5,6h,SI7,-0.0071661472320556,10
VAE,10,VAE5,6h,SI8,-0.0064276754856109,10
VAE,10,VAE5,6h,SI9,0.0309184789657592,10
VAE,10,VAE5,6h,ce,-0.0842058509588241,10
VAE,10,VAE5,6h,co,0.030485600233078,10
VAE,10,VAE5,12h,st,0.1170835644006729,10
VAE,10,VAE5,12h,SI1,-0.0963828563690185,10
VAE,10,VAE5,12h,SI2,-0.0998885035514831,10
VAE,10,VAE5,12h,SI3,-0.067942202091217,10
VAE,10,VAE5,12h,SI4,-0.1176061034202575,10
VAE,10,VAE5,12h,SI5,-0.0392437577247619,10
VAE,10,VAE5,12h,SI6,-0.0052858293056488,10
VAE,10,VAE5,12h,SI7,-0.0147314667701721,10
VAE,10,VAE5,12h,SI8,-0.0281382203102111,10
VAE,10,VAE5,12h,SI9,-0.0127587914466857,10
VAE,10,VAE5,12h,ce,-0.0352349281311035,10
VAE,10,VAE5,12h,co,0.0106184482574462,10
VAE,10,VAE5,24h,st,-0.0037902146577835,10
VAE,10,VAE5,24h,SI1,0.0003091543912887,10
VAE,10,VAE5,24h,SI2,0.0329206772148609,10
VAE,10,VAE5,24h,SI3,0.0287647247314453,10
VAE,10,VAE5,24h,SI4,0.0159470736980438,10
VAE,10,VAE5,24h,SI5,0.0342400968074798,10
VAE,10,VAE5,24h,SI6,0.0595292150974273,10
VAE,10,VAE5,24h,SI7,0.0410761535167694,10
VAE,10,VAE5,24h,SI8,0.0412279367446899,10
VAE,10,VAE5,24h,SI9,0.071203202009201,10
VAE,10,VAE5,24h,ce,0.0675538182258606,10
VAE,10,VAE5,24h,co,0.0266402065753936,10
weighted_CPVAE,10,CPVAE5,1h,st,0.0011537134414538,10
weighted_CPVAE,10,CPVAE5,1h,SI1,0.0224084425717592,10
weighted_CPVAE,10,CPVAE5,1h,SI2,0.0243884176015853,10
weighted_CPVAE,10,CPVAE5,1h,SI3,0.0084635242819786,10
weighted_CPVAE,10,CPVAE5,1h,SI4,-0.0013053987640887,10
weighted_CPVAE,10,CPVAE5,1h,SI5,-0.0079006031155586,10
weighted_CPVAE,10,CPVAE5,1h,SI6,-0.0093052759766578,10
weighted_CPVAE,10,CPVAE5,1h,SI7,-0.0078927455469965,10
weighted_CPVAE,10,CPVAE5,1h,SI8,-0.0047111106105148,10
weighted_CPVAE,10,CPVAE5,1h,SI9,-0.0025170168373733,10
weighted_CPVAE,10,CPVAE5,1h,ce,-0.003146436298266,10
weighted_CPVAE,10,CPVAE5,1h,co,-0.00361537351273,10
weighted_CPVAE,10,CPVAE5,3h,st,0.0074506136588752,10
weighted_CPVAE,10,CPVAE5,3h,SI1,0.1447124183177948,10
weighted_CPVAE,10,CPVAE5,3h,SI2,0.1574989706277847,10
weighted_CPVAE,10,CPVAE5,3h,SI3,0.054656945168972,10
weighted_CPVAE,10,CPVAE5,3h,SI4,-0.0084301894530653,10
weighted_CPVAE,10,CPVAE5,3h,SI5,-0.0510216318070888,10
weighted_CPVAE,10,CPVAE5,3h,SI6,-0.0600929260253906,10
weighted_CPVAE,10,CPVAE5,3h,SI7,-0.0509708859026432,10
weighted_CPVAE,10,CPVAE5,3h,SI8,-0.0304240770637989,10
weighted_CPVAE,10,CPVAE5,3h,SI9,-0.0162547472864389,10
weighted_CPVAE,10,CPVAE5,3h,ce,-0.0203195009380579,10
weighted_CPVAE,10,CPVAE5,3h,co,-0.023347869515419,10
weighted_CPVAE,10,CPVAE5,6h,st,0.0030083165038377,10
weighted_CPVAE,10,CPVAE5,6h,SI1,0.0584301836788654,10
weighted_CPVAE,10,CPVAE5,6h,SI2,0.0635929778218269,10
weighted_CPVAE,10,CPVAE5,6h,SI3,0.02206870354712,10
weighted_CPVAE,10,CPVAE5,6h,SI4,-0.003403837326914,10
weighted_CPVAE,10,CPVAE5,6h,SI5,-0.0206008814275264,10
weighted_CPVAE,10,CPVAE5,6h,SI6,-0.0242635756731033,10
weighted_CPVAE,10,CPVAE5,6h,SI7,-0.0205803923308849,10
weighted_CPVAE,10,CPVAE5,6h,SI8,-0.0122842565178871,10
weighted_CPVAE,10,CPVAE5,6h,SI9,-0.0065631405450403,10
weighted_CPVAE,10,CPVAE5,6h,ce,-0.0082043558359146,10
weighted_CPVAE,10,CPVAE5,6h,co,-0.0094271134585142,10
weighted_CPVAE,10,CPVAE5,12h,st,0.00720487954095,10
weighted_CPVAE,10,CPVAE5,12h,SI1,0.139939546585083,10
weighted_CPVAE,10,CPVAE5,12h,SI2,0.1523043811321258,10
weighted_CPVAE,10,CPVAE5,12h,SI3,0.0528542660176754,10
weighted_CPVAE,10,CPVAE5,12h,SI4,-0.0081521468237042,10
weighted_CPVAE,10,CPVAE5,12h,SI5,-0.0493388473987579,10
weighted_CPVAE,10,CPVAE5,12h,SI6,-0.0581109561026096,10
weighted_CPVAE,10,CPVAE5,12h,SI7,-0.0492897778749465,10
weighted_CPVAE,10,CPVAE5,12h,SI8,-0.0294206384569406,10
weighted_CPVAE,10,CPVAE5,12h,SI9,-0.0157186388969421,10
weighted_CPVAE,10,CPVAE5,12h,ce,-0.0196493286639451,10
weighted_CPVAE,10,CPVAE5,12h,co,-0.022577816620469,10
weighted_CPVAE,10,CPVAE5,24h,st,0.0014825297985225,10
weighted_CPVAE,10,CPVAE5,24h,SI1,0.0287950057536363,10
weighted_CPVAE,10,CPVAE5,24h,SI2,0.0313392840325832,10
weighted_CPVAE,10,CPVAE5,24h,SI3,0.0108756879344582,10
weighted_CPVAE,10,CPVAE5,24h,SI4,-0.0016774465329945,10
weighted_CPVAE,10,CPVAE5,24h,SI5,-0.0101523296907544,10
weighted_CPVAE,10,CPVAE5,24h,SI6,-0.0119573436677455,10
weighted_CPVAE,10,CPVAE5,24h,SI7,-0.0101422322914004,10
weighted_CPVAE,10,CPVAE5,24h,SI8,-0.0060538100078701,10
weighted_CPVAE,10,CPVAE5,24h,SI9,-0.003234384348616,10
weighted_CPVAE,10,CPVAE5,24h,ce,-0.004043192602694,10
weighted_CPVAE,10,CPVAE5,24h,co,-0.0046457801945507,10
PCA,10,PC6,1h,st,-0.1028351336899783,10
PCA,10,PC6,1h,SI1,0.5846134070458003,10
PCA,10,PC6,1h,SI2,0.0342819480566509,10
PCA,10,PC6,1h,SI3,-0.4362395537701821,10
PCA,10,PC6,1h,SI4,-0.5717335173545199,10
PCA,10,PC6,1h,SI5,-0.6321495706913905,10
PCA,10,PC6,1h,SI6,-0.6625237143953485,10
PCA,10,PC6,1h,SI7,-0.6020773854130466,10
PCA,10,PC6,1h,SI8,-0.5975836274048315,10
PCA,10,PC6,1h,SI9,-0.4367808429872068,10
PCA,10,PC6,1h,ce,0.2924265545626482,10
PCA,10,PC6,1h,co,0.4654064454602568,10
PCA,10,PC6,3h,st,0.2457641590032837,10
PCA,10,PC6,3h,SI1,1.661451724235689,10
PCA,10,PC6,3h,SI2,0.6416504265655667,10
PCA,10,PC6,3h,SI3,0.8647805137082837,10
PCA,10,PC6,3h,SI4,0.4804571394249781,10
PCA,10,PC6,3h,SI5,0.8334372855282701,10
PCA,10,PC6,3h,SI6,0.1832850081489703,10
PCA,10,PC6,3h,SI7,0.4535412192548776,10
PCA,10,PC6,3h,SI8,0.2719521542713345,10
PCA,10,PC6,3h,SI9,0.1622841039099377,10
PCA,10,PC6,3h,ce,-0.4655576465579164,10
PCA,10,PC6,3h,co,-0.5401338189655593,10
PCA,10,PC6,6h,st,-0.2340307223436394,10
PCA,10,PC6,6h,SI1,0.4704138482127381,10
PCA,10,PC6,6h,SI2,0.6351093511121796,10
PCA,10,PC6,6h,SI3,0.8681467111984748,10
PCA,10,PC6,6h,SI4,0.4469021599614404,10
PCA,10,PC6,6h,SI5,0.3677145251900838,10
PCA,10,PC6,6h,SI6,-0.4601317351214603,10
PCA,10,PC6,6h,SI7,-0.5171043866606813,10
PCA,10,PC6,6h,SI8,-0.3828927866655011,10
PCA,10,PC6,6h,SI9,-0.4477313325669375,10
PCA,10,PC6,6h,ce,-0.0746920449134085,10
PCA,10,PC6,6h,co,-0.3013487361388208,10
PCA,10,PC6,12h,st,0.2287919501308313,10
PCA,10,PC6,12h,SI1,1.0765140599274725,10
PCA,10,PC6,12h,SI2,1.096864507087776,10
PCA,10,PC6,12h,SI3,0.996522923850662,10
PCA,10,PC6,12h,SI4,0.2859753233487082,10
PCA,10,PC6,12h,SI5,-0.2985146187136384,10
PCA,10,PC6,12h,SI6,-0.5192100266567612,10
PCA,10,PC6,12h,SI7,-0.5568555262275895,10
PCA,10,PC6,12h,SI8,-0.4043160594728061,10
PCA,10,PC6,12h,SI9,-0.4562822373412529,10
PCA,10,PC6,12h,ce,-0.251957326295041,10
PCA,10,PC6,12h,co,-0.3181477743827658,10
PCA,10,PC6,24h,st,0.0548228051716412,10
PCA,10,PC6,24h,SI1,0.1090187216926987,10
PCA,10,PC6,24h,SI2,-0.0811558128629521,10
PCA,10,PC6,24h,SI3,-0.1566247759042703,10
PCA,10,PC6,24h,SI4,-0.3302048277964092,10
PCA,10,PC6,24h,SI5,-0.3627109928168414,10
PCA,10,PC6,24h,SI6,-0.406709167295773,10
PCA,10,PC6,24h,SI7,-0.45191452885851,10
PCA,10,PC6,24h,SI8,-0.4725434984669587,10
PCA,10,PC6,24h,SI9,-0.4295945889370684,10
PCA,10,PC6,24h,ce,-0.4512256456444091,10
PCA,10,PC6,24h,co,-0.3986150127477813,10
CP,10,CP6,1h,st,-0.2994897416471148,10
CP,10,CP6,1h,SI1,-0.019080936847081,10
CP,10,CP6,1h,SI2,0.1095770572975441,10
CP,10,CP6,1h,SI3,0.1068419114891964,10
CP,10,CP6,1h,SI4,-0.0728171025883682,10
CP,10,CP6,1h,SI5,-0.0663061523206245,10
CP,10,CP6,1h,SI6,0.005426108167784,10
CP,10,CP6,1h,SI7,0.0143038306453124,10
CP,10,CP6,1h,SI8,0.0508737524775306,10
CP,10,CP6,1h,SI9,0.0603779878392149,10
CP,10,CP6,1h,ce,0.0240425006608075,10
CP,10,CP6,1h,co,0.018831489900426,10
CP,10,CP6,3h,st,-2.058546338535575,10
CP,10,CP6,3h,SI1,-0.1311530487367047,10
CP,10,CP6,3h,SI2,0.7531792202523857,10
CP,10,CP6,3h,SI3,0.7343791626672105,10
CP,10,CP6,3h,SI4,-0.5005092297708049,10
CP,10,CP6,3h,SI5,-0.455756134855642,10
CP,10,CP6,3h,SI6,0.0372964197032537,10
CP,10,CP6,3h,SI7,0.0983175518466861,10
CP,10,CP6,3h,SI8,0.3496813490646475,10
CP,10,CP6,3h,SI9,0.4150088250468752,10
CP,10,CP6,3h,ce,0.1652564172393627,10
CP,10,CP6,3h,co,0.1294384721509713,10
CP,10,CP6,6h,st,-1.0348156754843674,10
CP,10,CP6,6h,SI1,-0.0659296456823295,10
CP,10,CP6,6h,SI2,0.3786174976856331,10
CP,10,CP6,6h,SI3,0.3691668509234194,10
CP,10,CP6,6h,SI4,-0.2516022044273672,10
CP,10,CP6,6h,SI5,-0.2291051620835958,10
CP,10,CP6,6h,SI6,0.0187486281099831,10
CP,10,CP6,6h,SI7,0.0494234897323587,10
CP,10,CP6,6h,SI8,0.1757821695158137,10
CP,10,CP6,6h,SI9,0.20862179761684,10
CP,10,CP6,6h,ce,0.0830731511029924,10
CP,10,CP6,6h,co,0.0650677410001169,10
CP,10,CP6,12h,st,0.0845472254775965,10
CP,10,CP6,12h,SI1,0.0053866294753921,10
CP,10,CP6,12h,SI2,-0.0309340684577542,10
CP,10,CP6,12h,SI3,-0.0301619251846636,10
CP,10,CP6,12h,SI4,0.0205565771879364,10
CP,10,CP6,12h,SI5,0.0187185082867018,10
CP,10,CP6,12h,SI6,-0.0015318133709835,10
CP,10,CP6,12h,SI7,-0.0040380321145942,10
CP,10,CP6,12h,SI8,-0.0143618762965087,10
CP,10,CP6,12h,SI9,-0.0170449622870241,10
CP,10,CP6,12h,ce,-0.0067873000031156,10
CP,10,CP6,12h,co,-0.0053162095433853,10
CP,10,CP6,24h,st,-0.0937246271887234,10
CP,10,CP6,24h,SI1,-0.0059713353872114,10
CP,10,CP6,24h,SI2,0.0342918885540687,10
CP,10,CP6,24h,SI3,0.0334359309517004,10
CP,10,CP6,24h,SI4,-0.0227879451079809,10
CP,10,CP6,24h,SI5,-0.0207503581671646,10
CP,10,CP6,24h,SI6,0.0016980880958202,10
CP,10,CP6,24h,SI7,0.0044763509669128,10
CP,10,CP6,24h,SI8,0.0159208240603652,10
CP,10,CP6,24h,SI9,0.0188951527004337,10
CP,10,CP6,24h,ce,0.0075240453937616,10
CP,10,CP6,24h,co,0.0058932715378454,10
VAE,10,VAE6,1h,st,0.0247414708137512,10
VAE,10,VAE6,1h,SI1,-0.1728449165821075,10
VAE,10,VAE6,1h,SI2,-0.19119793176651,10
VAE,10,VAE6,1h,SI3,-0.1784144043922424,10
VAE,10,VAE6,1h,SI4,-0.2859279215335846,10
VAE,10,VAE6,1h,SI5,-0.3332376182079315,10
VAE,10,VAE6,1h,SI6,-0.3152095079421997,10
VAE,10,VAE6,1h,SI7,-0.2337945103645324,10
VAE,10,VAE6,1h,SI8,-0.2168391346931457,10
VAE,10,VAE6,1h,SI9,-0.2201994657516479,10
VAE,10,VAE6,1h,ce,-0.2716267108917236,10
VAE,10,VAE6,1h,co,-0.1885038316249847,10
VAE,10,VAE6,3h,st,0.257381796836853,10
VAE,10,VAE6,3h,SI1,0.3773753046989441,10
VAE,10,VAE6,3h,SI2,0.3526378870010376,10
VAE,10,VAE6,3h,SI3,0.2140601873397827,10
VAE,10,VAE6,3h,SI4,0.1853705644607544,10
VAE,10,VAE6,3h,SI5,-0.0331648588180542,10
VAE,10,VAE6,3h,SI6,-0.1157752722501754,10
VAE,10,VAE6,3h,SI7,-0.1874527633190155,10
VAE,10,VAE6,3h,SI8,-0.0814930200576782,10
VAE,10,VAE6,3h,SI9,-0.0087839365005493,10
VAE,10,VAE6,3h,ce,-0.1365639567375183,10
VAE,10,VAE6,3h,co,-0.1553574502468109,10
VAE,10,VAE6,6h,st,0.4641592800617218,10
VAE,10,VAE6,6h,SI1,0.3666814565658569,10
VAE,10,VAE6,6h,SI2,0.3512361049652099,10
VAE,10,VAE6,6h,SI3,0.241127073764801,10
VAE,10,VAE6,6h,SI4,0.2536894679069519,10
VAE,10,VAE6,6h,SI5,-0.0637317150831222,10
VAE,10,VAE6,6h,SI6,-0.1407792866230011,10
VAE,10,VAE6,6h,SI7,-0.1573871374130249,10
VAE,10,VAE6,6h,SI8,-0.1723083853721618,10
VAE,10,VAE6,6h,SI9,-0.1292453408241272,10
VAE,10,VAE6,6h,ce,-0.1517029851675033,10
VAE,10,VAE6,6h,co,-0.1602954268455505,10
VAE,10,VAE6,12h,st,0.2225895673036575,10
VAE,10,VAE6,12h,SI1,0.312078595161438,10
VAE,10,VAE6,12h,SI2,0.2712478637695312,10
VAE,10,VAE6,12h,SI3,0.2153231501579284,10
VAE,10,VAE6,12h,SI4,0.1077964156866073,10
VAE,10,VAE6,12h,SI5,-0.0543085932731628,10
VAE,10,VAE6,12h,SI6,-0.0862196087837219,10
VAE,10,VAE6,12h,SI7,-0.152057945728302,10
VAE,10,VAE6,12h,SI8,-0.101098895072937,10
VAE,10,VAE6,12h,SI9,-0.1111675500869751,10
VAE,10,VAE6,12h,ce,-0.1594129204750061,10
VAE,10,VAE6,12h,co,-0.1183318495750427,10
VAE,10,VAE6,24h,st,0.1092523783445358,10
VAE,10,VAE6,24h,SI1,0.1949359774589538,10
VAE,10,VAE6,24h,SI2,0.1051738560199737,10
VAE,10,VAE6,24h,SI3,0.0970667451620101,10
VAE,10,VAE6,24h,SI4,0.0626201927661895,10
VAE,10,VAE6,24h,SI5,0.021413654088974,10
VAE,10,VAE6,24h,SI6,0.0550937354564666,10
VAE,10,VAE6,24h,SI7,-0.0075037777423858,10
VAE,10,VAE6,24h,SI8,0.0143546164035797,10
VAE,10,VAE6,24h,SI9,0.0307888388633728,10
VAE,10,VAE6,24h,ce,0.0267101526260375,10
VAE,10,VAE6,24h,co,0.0247257053852081,10
weighted_CPVAE,10,CPVAE6,1h,st,0.073319211602211,10
weighted_CPVAE,10,CPVAE6,1h,SI1,0.0486489422619342,10
weighted_CPVAE,10,CPVAE6,1h,SI2,0.0059118722565472,10
weighted_CPVAE,10,CPVAE6,1h,SI3,0.031163478270173,10
weighted_CPVAE,10,CPVAE6,1h,SI4,0.0736689418554306,10
weighted_CPVAE,10,CPVAE6,1h,SI5,0.0150757068768143,10
weighted_CPVAE,10,CPVAE6,1h,SI6,0.0071256081573665,10
weighted_CPVAE,10,CPVAE6,1h,SI7,-0.002661814680323,10
weighted_CPVAE,10,CPVAE6,1h,SI8,-0.0059883086942136,10
weighted_CPVAE,10,CPVAE6,1h,SI9,-0.0052351308986544,10
weighted_CPVAE,10,CPVAE6,1h,ce,-0.0042395875789225,10
weighted_CPVAE,10,CPVAE6,1h,co,-0.013909799978137,10
weighted_CPVAE,10,CPVAE6,3h,st,-0.1322207152843475,10
weighted_CPVAE,10,CPVAE6,3h,SI1,-0.0877314060926437,10
weighted_CPVAE,10,CPVAE6,3h,SI2,-0.0106612164527177,10
weighted_CPVAE,10,CPVAE6,3h,SI3,-0.056198876351118,10
weighted_CPVAE,10,CPVAE6,3h,SI4,-0.1328514069318771,10
weighted_CPVAE,10,CPVAE6,3h,SI5,-0.027186881750822,10
weighted_CPVAE,10,CPVAE6,3h,SI6,-0.0128500154241919,10
weighted_CPVAE,10,CPVAE6,3h,SI7,0.0048002023249864,10
weighted_CPVAE,10,CPVAE6,3h,SI8,0.0107990587130188,10
weighted_CPVAE,10,CPVAE6,3h,SI9,0.009440810419619,10
weighted_CPVAE,10,CPVAE6,3h,ce,0.0076454901136457,10
weighted_CPVAE,10,CPVAE6,3h,co,0.0250843353569507,10
weighted_CPVAE,10,CPVAE6,6h,st,-0.0490265488624572,10
weighted_CPVAE,10,CPVAE6,6h,SI1,-0.0325302183628082,10
weighted_CPVAE,10,CPVAE6,6h,SI2,-0.0039531076326966,10
weighted_CPVAE,10,CPVAE6,6h,SI3,-0.0208381656557321,10
weighted_CPVAE,10,CPVAE6,6h,SI4,-0.0492604076862335,10
weighted_CPVAE,10,CPVAE6,6h,SI5,-0.0100807128474116,10
weighted_CPVAE,10,CPVAE6,6h,SI6,-0.0047646993771195,10
weighted_CPVAE,10,CPVAE6,6h,SI7,0.0017798827029764,10
weighted_CPVAE,10,CPVAE6,6h,SI8,0.0040042181499302,10
weighted_CPVAE,10,CPVAE6,6h,SI9,0.0035005889367312,10
weighted_CPVAE,10,CPVAE6,6h,ce,0.0028348963242024,10
weighted_CPVAE,10,CPVAE6,6h,co,0.009301102720201,10
weighted_CPVAE,10,CPVAE6,12h,st,-0.0484739020466804,10
weighted_CPVAE,10,CPVAE6,12h,SI1,-0.0321635231375694,10
weighted_CPVAE,10,CPVAE6,12h,SI2,-0.0039085461758077,10
weighted_CPVAE,10,CPVAE6,12h,SI3,-0.0206032674759626,10
weighted_CPVAE,10,CPVAE6,12h,SI4,-0.0487051233649253,10
weighted_CPVAE,10,CPVAE6,12h,SI5,-0.0099670784547925,10
weighted_CPVAE,10,CPVAE6,12h,SI6,-0.0047109895385801,10
weighted_CPVAE,10,CPVAE6,12h,SI7,0.0017598191043362,10
weighted_CPVAE,10,CPVAE6,12h,SI8,0.0039590811356902,10
weighted_CPVAE,10,CPVAE6,12h,SI9,0.0034611287992447,10
weighted_CPVAE,10,CPVAE6,12h,ce,0.0028029400855302,10
weighted_CPVAE,10,CPVAE6,12h,co,0.0091962572187185,10
weighted_CPVAE,10,CPVAE6,24h,st,-0.0346892401576042,10
weighted_CPVAE,10,CPVAE6,24h,SI1,-0.0230170916765928,10
weighted_CPVAE,10,CPVAE6,24h,SI2,-0.0027970620431005,10
weighted_CPVAE,10,CPVAE6,24h,SI3,-0.014744259417057,10
weighted_CPVAE,10,CPVAE6,24h,SI4,-0.0348547101020813,10
weighted_CPVAE,10,CPVAE6,24h,SI5,-0.0071327127516269,10
weighted_CPVAE,10,CPVAE6,24h,SI6,-0.0033713122829794,10
weighted_CPVAE,10,CPVAE6,24h,SI7,0.0012593744322657,10
weighted_CPVAE,10,CPVAE6,24h,SI8,0.0028332259971648,10
weighted_CPVAE,10,CPVAE6,24h,SI9,0.00247687776573,10
weighted_CPVAE,10,CPVAE6,24h,ce,0.002005860209465,10
weighted_CPVAE,10,CPVAE6,24h,co,0.0065810913220047,10
PCA,10,PC7,1h,st,-0.0079131030285051,10
PCA,10,PC7,1h,SI1,0.5989945125390037,10
PCA,10,PC7,1h,SI2,0.0201830005374565,10
PCA,10,PC7,1h,SI3,-0.453689183802708,10
PCA,10,PC7,1h,SI4,-0.5532141071510743,10
PCA,10,PC7,1h,SI5,-0.5987760018073846,10
PCA,10,PC7,1h,SI6,-0.6415028068927514,10
PCA,10,PC7,1h,SI7,-0.5882617350291067,10
PCA,10,PC7,1h,SI8,-0.555801643976091,10
PCA,10,PC7,1h,SI9,-0.3901760285761595,10
PCA,10,PC7,1h,ce,0.3458226670801956,10
PCA,10,PC7,1h,co,0.3984732873978892,10
PCA,10,PC7,3h,st,-0.2188033470481388,10
PCA,10,PC7,3h,SI1,0.9391485663894658,10
PCA,10,PC7,3h,SI2,1.8725494614760327,10
PCA,10,PC7,3h,SI3,0.8363138728574393,10
PCA,10,PC7,3h,SI4,0.6732459781486186,10
PCA,10,PC7,3h,SI5,1.129543840406383,10
PCA,10,PC7,3h,SI6,0.1904772787319583,10
PCA,10,PC7,3h,SI7,0.4562486696923875,10
PCA,10,PC7,3h,SI8,0.2179608839940252,10
PCA,10,PC7,3h,SI9,-0.0169833113029572,10
PCA,10,PC7,3h,ce,-0.5346443729084167,10
PCA,10,PC7,3h,co,-0.6072920071133648,10
PCA,10,PC7,6h,st,0.5439860779037455,10
PCA,10,PC7,6h,SI1,0.3820298130227569,10
PCA,10,PC7,6h,SI2,0.5213873075413923,10
PCA,10,PC7,6h,SI3,0.8421970406831938,10
PCA,10,PC7,6h,SI4,0.7105911059941059,10
PCA,10,PC7,6h,SI5,0.5074636774915265,10
PCA,10,PC7,6h,SI6,-0.4308884733312348,10
PCA,10,PC7,6h,SI7,-0.471620176654174,10
PCA,10,PC7,6h,SI8,-0.3972004526647887,10
PCA,10,PC7,6h,SI9,-0.4707350151828685,10
PCA,10,PC7,6h,ce,-0.0007533104407662,10
PCA,10,PC7,6h,co,-0.309024066032167,10
PCA,10,PC7,12h,st,0.2082622874472887,10
PCA,10,PC7,12h,SI1,0.7633554624524993,10
PCA,10,PC7,12h,SI2,0.783714802227073,10
PCA,10,PC7,12h,SI3,0.6874492118904921,10
PCA,10,PC7,12h,SI4,0.0935864390364423,10
PCA,10,PC7,12h,SI5,-0.3543919121658729,10
PCA,10,PC7,12h,SI6,-0.5607423836809897,10
PCA,10,PC7,12h,SI7,-0.5983107010433582,10
PCA,10,PC7,12h,SI8,-0.4085630360466191,10
PCA,10,PC7,12h,SI9,-0.5092457709442025,10
PCA,10,PC7,12h,ce,-0.3138670998338976,10
PCA,10,PC7,12h,co,-0.4008169647431305,10
PCA,10,PC7,24h,st,0.0720999222654768,10
PCA,10,PC7,24h,SI1,0.0928080413794261,10
PCA,10,PC7,24h,SI2,-0.0840895462547779,10
PCA,10,PC7,24h,SI3,-0.1562375722318087,10
PCA,10,PC7,24h,SI4,-0.3514219646271102,10
PCA,10,PC7,24h,SI5,-0.3795658597912611,10
PCA,10,PC7,24h,SI6,-0.424160929486875,10
PCA,10,PC7,24h,SI7,-0.4645071752538602,10
PCA,10,PC7,24h,SI8,-0.4899452758636853,10
PCA,10,PC7,24h,SI9,-0.3782222091375208,10
PCA,10,PC7,24h,ce,-0.4013782974697236,10
PCA,10,PC7,24h,co,-0.3651473670689227,10
CP,10,CP7,1h,st,-0.7316637763957734,10
CP,10,CP7,1h,SI1,0.0071853511322292,10
CP,10,CP7,1h,SI2,0.1038859659287556,10
CP,10,CP7,1h,SI3,0.1121925692990927,10
CP,10,CP7,1h,SI4,0.1927371278874875,10
CP,10,CP7,1h,SI5,0.1638015082596372,10
CP,10,CP7,1h,SI6,0.0564993339553196,10
CP,10,CP7,1h,SI7,0.0484549226242124,10
CP,10,CP7,1h,SI8,0.0699835044178146,10
CP,10,CP7,1h,SI9,0.0492498717317244,10
CP,10,CP7,1h,ce,0.116304556659952,10
CP,10,CP7,1h,co,0.0168026792539242,10
CP,10,CP7,3h,st,2.922954506256091,10
CP,10,CP7,3h,SI1,-0.0287050625554286,10
CP,10,CP7,3h,SI2,-0.4150184306568291,10
CP,10,CP7,3h,SI3,-0.4482028311100166,10
CP,10,CP7,3h,SI4,-0.769973688265323,10
CP,10,CP7,3h,SI5,-0.6543775599464225,10
CP,10,CP7,3h,SI6,-0.2257115742406779,10
CP,10,CP7,3h,SI7,-0.1935746158329975,10
CP,10,CP7,3h,SI8,-0.27958005603245,10
CP,10,CP7,3h,SI9,-0.1967503915800115,10
CP,10,CP7,3h,ce,-0.464629982998414,10
CP,10,CP7,3h,co,-0.0671257326478153,10
CP,10,CP7,6h,st,-2.930932258745557,10
CP,10,CP7,6h,SI1,0.0287834085863954,10
CP,10,CP7,6h,SI2,0.4161511593090405,10
CP,10,CP7,6h,SI3,0.449426131453563,10
CP,10,CP7,6h,SI4,0.7720752124235795,10
CP,10,CP7,6h,SI5,0.6561635823414819,10
CP,10,CP7,6h,SI6,0.2263276190916825,10
CP,10,CP7,6h,SI7,0.1941029478238149,10
CP,10,CP7,6h,SI8,0.2803431265774223,10
CP,10,CP7,6h,SI9,0.1972873913598135,10
CP,10,CP7,6h,ce,0.4658981187137023,10
CP,10,CP7,6h,co,0.0673089419586657,10
CP,10,CP7,12h,st,-0.6761649031666117,10
CP,10,CP7,12h,SI1,0.0066403208813686,10
CP,10,CP7,12h,SI2,0.0960059064815454,10
CP,10,CP7,12h,SI3,0.1036824292844308,10
CP,10,CP7,12h,SI4,0.1781174435840318,10
CP,10,CP7,12h,SI5,0.1513766767524264,10
CP,10,CP7,12h,SI6,0.0522136914595755,10
CP,10,CP7,12h,SI7,0.0447794726500492,10
CP,10,CP7,12h,SI8,0.0646750474938575,10
CP,10,CP7,12h,SI9,0.0455141225037717,10
CP,10,CP7,12h,ce,0.1074825101759219,10
CP,10,CP7,12h,co,0.0155281460654459,10
CP,10,CP7,24h,st,0.0245364133437474,10
CP,10,CP7,24h,SI1,-0.0002409614239327,10
CP,10,CP7,24h,SI2,-0.0034838256079847,10
CP,10,CP7,24h,SI3,-0.0037623883308533,10
CP,10,CP7,24h,SI4,-0.0064634576551402,10
CP,10,CP7,24h,SI5,-0.0054930989378565,10
CP,10,CP7,24h,SI6,-0.0018947104616865,10
CP,10,CP7,24h,SI7,-0.0016249403734371,10
CP,10,CP7,24h,SI8,-0.0023469033824501,10
CP,10,CP7,24h,SI9,-0.0016515990662936,10
CP,10,CP7,24h,ce,-0.0039002842125482,10
CP,10,CP7,24h,co,-0.0005634794242344,10
VAE,10,VAE7,1h,st,0.0381906367838382,10
VAE,10,VAE7,1h,SI1,0.1033222079277038,10
VAE,10,VAE7,1h,SI2,0.0364404171705246,10
VAE,10,VAE7,1h,SI3,0.0312086343765258,10
VAE,10,VAE7,1h,SI4,0.0384415090084075,10
VAE,10,VAE7,1h,SI5,0.0420931875705719,10
VAE,10,VAE7,1h,SI6,0.041005402803421,10
VAE,10,VAE7,1h,SI7,0.0421147644519805,10
VAE,10,VAE7,1h,SI8,0.030786246061325,10
VAE,10,VAE7,1h,SI9,0.0493777096271514,10
VAE,10,VAE7,1h,ce,0.1038151979446411,10
VAE,10,VAE7,1h,co,0.0921985059976577,10
VAE,10,VAE7,3h,st,0.1492014229297638,10
VAE,10,VAE7,3h,SI1,-0.0886687636375427,10
VAE,10,VAE7,3h,SI2,0.0080634355545043,10
VAE,10,VAE7,3h,SI3,0.0814167261123657,10
VAE,10,VAE7,3h,SI4,0.0119978785514831,10
VAE,10,VAE7,3h,SI5,0.0612841844558715,10
VAE,10,VAE7,3h,SI6,0.0146374553442001,10
VAE,10,VAE7,3h,SI7,0.0453527271747589,10
VAE,10,VAE7,3h,SI8,-0.0028913766145706,10
VAE,10,VAE7,3h,SI9,-0.0016287267208099,10
VAE,10,VAE7,3h,ce,0.018125832080841,10
VAE,10,VAE7,3h,co,0.0043876767158508,10
VAE,10,VAE7,6h,st,-0.0774093270301818,10
VAE,10,VAE7,6h,SI1,-0.0579253435134887,10
VAE,10,VAE7,6h,SI2,0.0089384317398071,10
VAE,10,VAE7,6h,SI3,0.0614203214645385,10
VAE,10,VAE7,6h,SI4,0.0073390007019042,10
VAE,10,VAE7,6h,SI5,0.0128932893276214,10
VAE,10,VAE7,6h,SI6,-0.013147622346878,10
VAE,10,VAE7,6h,SI7,-0.0117895901203155,10
VAE,10,VAE7,6h,SI8,-0.0075563192367553,10
VAE,10,VAE7,6h,SI9,-0.0048946738243103,10
VAE,10,VAE7,6h,ce,-0.0134928822517395,10
VAE,10,VAE7,6h,co,-0.0240134894847869,10
VAE,10,VAE7,12h,st,-0.0020020008087158,10
VAE,10,VAE7,12h,SI1,0.0169371366500854,10
VAE,10,VAE7,12h,SI2,-0.0330222249031066,10
VAE,10,VAE7,12h,SI3,0.0231227278709411,10
VAE,10,VAE7,12h,SI4,-0.007709577679634,10
VAE,10,VAE7,12h,SI5,-0.0229496359825134,10
VAE,10,VAE7,12h,SI6,-0.0278782844543457,10
VAE,10,VAE7,12h,SI7,0.0017118453979492,10
VAE,10,VAE7,12h,SI8,-0.0008883476257324,10
VAE,10,VAE7,12h,SI9,-0.01468425989151,10
VAE,10,VAE7,12h,ce,-0.0195435434579849,10
VAE,10,VAE7,12h,co,0.0123266875743865,10
VAE,10,VAE7,24h,st,-0.0545588806271553,10
VAE,10,VAE7,24h,SI1,-0.0679794400930404,10
VAE,10,VAE7,24h,SI2,-0.053809180855751,10
VAE,10,VAE7,24h,SI3,-0.0619831681251525,10
VAE,10,VAE7,24h,SI4,-0.0569300949573516,10
VAE,10,VAE7,24h,SI5,-0.0542370378971099,10
VAE,10,VAE7,24h,SI6,-0.0561330020427703,10
VAE,10,VAE7,24h,SI7,-0.0697477459907531,10
VAE,10,VAE7,24h,SI8,-0.0501641631126403,10
VAE,10,VAE7,24h,SI9,-0.0608215928077697,10
VAE,10,VAE7,24h,ce,-0.0384256839752197,10
VAE,10,VAE7,24h,co,-0.0398393273353576,10
weighted_CPVAE,10,CPVAE7,1h,st,-0.0094311125576496,10
weighted_CPVAE,10,CPVAE7,1h,SI1,0.005028196144849,10
weighted_CPVAE,10,CPVAE7,1h,SI2,0.0084018120542168,10
weighted_CPVAE,10,CPVAE7,1h,SI3,0.0030048538465052,10
weighted_CPVAE,10,CPVAE7,1h,SI4,0.0052194553427398,10
weighted_CPVAE,10,CPVAE7,1h,SI5,0.0018123374320566,10
weighted_CPVAE,10,CPVAE7,1h,SI6,0.0001531971356598,10
weighted_CPVAE,10,CPVAE7,1h,SI7,-8.637233008812473e-07,10
weighted_CPVAE,10,CPVAE7,1h,SI8,-2.858122206816915e-05,10
weighted_CPVAE,10,CPVAE7,1h,SI9,0.000502233102452,10
weighted_CPVAE,10,CPVAE7,1h,ce,9.458445856580512e-05,10
weighted_CPVAE,10,CPVAE7,1h,co,0.0003463359025772,10
weighted_CPVAE,10,CPVAE7,3h,st,-0.1815935373306274,10
weighted_CPVAE,10,CPVAE7,3h,SI1,0.096816562116146,10
weighted_CPVAE,10,CPVAE7,3h,SI2,0.1617746204137802,10
weighted_CPVAE,10,CPVAE7,3h,SI3,0.0578576512634754,10
weighted_CPVAE,10,CPVAE7,3h,SI4,0.1004992052912712,10
weighted_CPVAE,10,CPVAE7,3h,SI5,0.0348960682749748,10
weighted_CPVAE,10,CPVAE7,3h,SI6,0.002949769841507,10
weighted_CPVAE,10,CPVAE7,3h,SI7,-1.663076000113506e-05,10
weighted_CPVAE,10,CPVAE7,3h,SI8,-0.0005503237480297,10
weighted_CPVAE,10,CPVAE7,3h,SI9,0.0096703637391328,10
weighted_CPVAE,10,CPVAE7,3h,ce,0.0018211982678622,10
weighted_CPVAE,10,CPVAE7,3h,co,0.0066686044447124,10
weighted_CPVAE,10,CPVAE7,6h,st,0.1793988049030304,10
weighted_CPVAE,10,CPVAE7,6h,SI1,-0.0956464409828186,10
weighted_CPVAE,10,CPVAE7,6h,SI2,-0.1598194241523742,10
weighted_CPVAE,10,CPVAE7,6h,SI3,-0.0571583844721317,10
weighted_CPVAE,10,CPVAE7,6h,SI4,-0.0992845743894577,10
weighted_CPVAE,10,CPVAE7,6h,SI5,-0.034474316984415,10
weighted_CPVAE,10,CPVAE7,6h,SI6,-0.0029141190461814,10
weighted_CPVAE,10,CPVAE7,6h,SI7,1.642976167204324e-05,10
weighted_CPVAE,10,CPVAE7,6h,SI8,0.0005436725914478,10
weighted_CPVAE,10,CPVAE7,6h,SI9,-0.0095534874126315,10
weighted_CPVAE,10,CPVAE7,6h,ce,-0.0017991873901337,10
weighted_CPVAE,10,CPVAE7,6h,co,-0.0065880077891051,10
weighted_CPVAE,10,CPVAE7,12h,st,0.0682326629757881,10
weighted_CPVAE,10,CPVAE7,12h,SI1,-0.0363782308995723,10
weighted_CPVAE,10,CPVAE7,12h,SI2,-0.0607858225703239,10
weighted_CPVAE,10,CPVAE7,12h,SI3,-0.0217396579682827,10
weighted_CPVAE,10,CPVAE7,12h,SI4,-0.0377619601786136,10
weighted_CPVAE,10,CPVAE7,12h,SI5,-0.0131119843572378,10
weighted_CPVAE,10,CPVAE7,12h,SI6,-0.0011083579156547,10
weighted_CPVAE,10,CPVAE7,12h,SI7,6.248906174732838e-06,10
weighted_CPVAE,10,CPVAE7,12h,SI8,0.0002067807799903,10
weighted_CPVAE,10,CPVAE7,12h,SI9,-0.0036335797049105,10
weighted_CPVAE,10,CPVAE7,12h,ce,-0.0006843041046522,10
weighted_CPVAE,10,CPVAE7,12h,co,-0.0025056872982531,10
weighted_CPVAE,10,CPVAE7,24h,st,0.002938445424661,10
weighted_CPVAE,10,CPVAE7,24h,SI1,-0.0015666316030547,10
weighted_CPVAE,10,CPVAE7,24h,SI2,-0.0026177465915679,10
weighted_CPVAE,10,CPVAE7,24h,SI3,-0.0009362202254123,10
weighted_CPVAE,10,CPVAE7,24h,SI4,-0.0016262220451608,10
weighted_CPVAE,10,CPVAE7,24h,SI5,-0.0005646687350235,10
weighted_CPVAE,10,CPVAE7,24h,SI6,-4.77315261377953e-05,10
weighted_CPVAE,10,CPVAE7,24h,SI7,2.69109676764856e-07,10
weighted_CPVAE,10,CPVAE7,24h,SI8,8.90503179107327e-06,10
weighted_CPVAE,10,CPVAE7,24h,SI9,-0.0001564804260851,10
weighted_CPVAE,10,CPVAE7,24h,ce,-2.9469614673871547e-05,10
weighted_CPVAE,10,CPVAE7,24h,co,-0.0001079076319001,10
PCA,10,PC8,1h,st,0.0457405890240662,10
PCA,10,PC8,1h,SI1,0.8674030366898424,10
PCA,10,PC8,1h,SI2,0.0400021319915174,10
PCA,10,PC8,1h,SI3,-0.4332845966145175,10
PCA,10,PC8,1h,SI4,-0.5092211067501076,10
PCA,10,PC8,1h,SI5,-0.5647279580106193,10
PCA,10,PC8,1h,SI6,-0.6010112879284798,10
PCA,10,PC8,1h,SI7,-0.5471278266356329,10
PCA,10,PC8,1h,SI8,-0.5185991098139433,10
PCA,10,PC8,1h,SI9,-0.3485566248396561,10
PCA,10,PC8,1h,ce,0.3274502879382189,10
PCA,10,PC8,1h,co,0.3662286983330158,10
PCA,10,PC8,3h,st,-0.0628968158460712,10
PCA,10,PC8,3h,SI1,0.9307073727692162,10
PCA,10,PC8,3h,SI2,0.4649953255734224,10
PCA,10,PC8,3h,SI3,0.9976554034085804,10
PCA,10,PC8,3h,SI4,1.600980860344685,10
PCA,10,PC8,3h,SI5,1.322834110052024,10
PCA,10,PC8,3h,SI6,0.2085771495674803,10
PCA,10,PC8,3h,SI7,0.3616911360147604,10
PCA,10,PC8,3h,SI8,0.126657034937325,10
PCA,10,PC8,3h,SI9,-0.1380820498927341,10
PCA,10,PC8,3h,ce,-0.5590875927880979,10
PCA,10,PC8,3h,co,-0.6179698852039682,10
PCA,10,PC8,6h,st,0.5295009736667197,10
PCA,10,PC8,6h,SI1,0.5369820396360553,10
PCA,10,PC8,6h,SI2,0.4000328151541386,10
PCA,10,PC8,6h,SI3,0.60768030335577,10
PCA,10,PC8,6h,SI4,0.7613034531713687,10
PCA,10,PC8,6h,SI5,0.4526673026028729,10
PCA,10,PC8,6h,SI6,-0.4651474263857262,10
PCA,10,PC8,6h,SI7,-0.5302800588173623,10
PCA,10,PC8,6h,SI8,-0.4524590247774644,10
PCA,10,PC8,6h,SI9,-0.5601409016758037,10
PCA,10,PC8,6h,ce,-0.2095636907320353,10
PCA,10,PC8,6h,co,-0.3472467886303827,10
PCA,10,PC8,12h,st,0.1177568182749489,10
PCA,10,PC8,12h,SI1,0.9319432209292644,10
PCA,10,PC8,12h,SI2,1.0391319757067157,10
PCA,10,PC8,12h,SI3,0.8586163062590503,10
PCA,10,PC8,12h,SI4,0.2474357579735632,10
PCA,10,PC8,12h,SI5,-0.3513799408634045,10
PCA,10,PC8,12h,SI6,-0.5928567455473862,10
PCA,10,PC8,12h,SI7,-0.6595562324386407,10
PCA,10,PC8,12h,SI8,-0.4527910428865447,10
PCA,10,PC8,12h,SI9,-0.5340084997558953,10
PCA,10,PC8,12h,ce,-0.3687797414079585,10
PCA,10,PC8,12h,co,-0.456544744122527,10
PCA,10,PC8,24h,st,0.1075279599893165,10
PCA,10,PC8,24h,SI1,0.1620703420913054,10
PCA,10,PC8,24h,SI2,-0.0698622491032341,10
PCA,10,PC8,24h,SI3,-0.1451888227657936,10
PCA,10,PC8,24h,SI4,-0.3539970252312187,10
PCA,10,PC8,24h,SI5,-0.399231189313078,10
PCA,10,PC8,24h,SI6,-0.4482703039577156,10
PCA,10,PC8,24h,SI7,-0.4912356995130794,10
PCA,10,PC8,24h,SI8,-0.5079112379554104,10
PCA,10,PC8,24h,SI9,-0.3687889325929054,10
PCA,10,PC8,24h,ce,-0.3957244869423542,10
PCA,10,PC8,24h,co,-0.3520427657154934,10
CP,10,CP8,1h,st,0.0169145267935244,10
CP,10,CP8,1h,SI1,-0.0124399138118583,10
CP,10,CP8,1h,SI2,0.0208379026724125,10
CP,10,CP8,1h,SI3,-0.0072688434432856,10
CP,10,CP8,1h,SI4,-0.0071825701145792,10
CP,10,CP8,1h,SI5,0.0010595228596855,10
CP,10,CP8,1h,SI6,-0.0019527284397138,10
CP,10,CP8,1h,SI7,-0.0009677353149069,10
CP,10,CP8,1h,SI8,-0.0014183317746683,10
CP,10,CP8,1h,SI9,-0.0017591328806972,10
CP,10,CP8,1h,ce,-0.0011608987194034,10
CP,10,CP8,1h,co,-0.0002440203580451,10
CP,10,CP8,3h,st,0.83048122189465,10
CP,10,CP8,3h,SI1,-0.6107835559840459,10
CP,10,CP8,3h,SI2,1.02311386445243,10
CP,10,CP8,3h,SI3,-0.3568907400266056,10
CP,10,CP8,3h,SI4,-0.3526548320218676,10
CP,10,CP8,3h,SI5,0.0520211915992722,10
CP,10,CP8,3h,SI6,-0.0958764215185063,10
CP,10,CP8,3h,SI7,-0.0475145427717334,10
CP,10,CP8,3h,SI8,-0.0696382417112342,10
CP,10,CP8,3h,SI9,-0.0863711318720292,10
CP,10,CP8,3h,ce,-0.0569986141944704,10
CP,10,CP8,3h,co,-0.0119810815632213,10
CP,10,CP8,6h,st,0.1004782218105782,10
CP,10,CP8,6h,SI1,-0.0738974512589326,10
CP,10,CP8,6h,SI2,0.1237844506289991,10
CP,10,CP8,6h,SI3,-0.0431794795512952,10
CP,10,CP8,6h,SI4,-0.0426669857189864,10
CP,10,CP8,6h,SI5,0.0062939374070824,10
CP,10,CP8,6h,SI6,-0.0115998918383286,10
CP,10,CP8,6h,SI7,-0.0057486871972308,10
CP,10,CP8,6h,SI8,-0.0084253882119055,10
CP,10,CP8,6h,SI9,-0.0104498663154232,10
CP,10,CP8,6h,ce,-0.0068961455707111,10
CP,10,CP8,6h,co,-0.0014495665152952,10
CP,10,CP8,12h,st,-0.0078242921251936,10
CP,10,CP8,12h,SI1,0.0057544335034826,10
CP,10,CP8,12h,SI2,-0.0096391604551259,10
CP,10,CP8,12h,SI3,0.0033624088457703,10
CP,10,CP8,12h,SI4,0.0033225006807561,10
CP,10,CP8,12h,SI5,-0.000490112225349,10
CP,10,CP8,12h,SI6,0.0009032896953016,10
CP,10,CP8,12h,SI7,0.0004476533039397,10
CP,10,CP8,12h,SI8,0.0006560894236602,10
CP,10,CP8,12h,SI9,0.0008137366013028,10
CP,10,CP8,12h,ce,0.0005370064926589,10
CP,10,CP8,12h,co,0.0001128785090559,10
CP,10,CP8,24h,st,-0.0034835454830863,10
CP,10,CP8,24h,SI1,0.0025619992860735,10
CP,10,CP8,24h,SI2,-0.0042915644414755,10
CP,10,CP8,24h,SI3,0.0014970177441684,10
CP,10,CP8,24h,SI4,0.0014792497588033,10
CP,10,CP8,24h,SI5,-0.0002182086508915,10
CP,10,CP8,24h,SI6,0.0004021642709191,10
CP,10,CP8,24h,SI7,0.0001993050131534,10
CP,10,CP8,24h,SI8,0.0002921053191423,10
CP,10,CP8,24h,SI9,0.0003622932805337,10
CP,10,CP8,24h,ce,0.0002390870013488,10
CP,10,CP8,24h,co,5.02559738398789e-05,10
VAE,10,VAE8,1h,st,0.0103633999824523,10
VAE,10,VAE8,1h,SI1,0.044923722743988,10
VAE,10,VAE8,1h,SI2,0.018799677491188,10
VAE,10,VAE8,1h,SI3,0.0102150440216064,10
VAE,10,VAE8,1h,SI4,0.0187177956104278,10
VAE,10,VAE8,1h,SI5,0.0228265821933746,10
VAE,10,VAE8,1h,SI6,0.0073882341384887,10
VAE,10,VAE8,1h,SI7,0.019510269165039,10
VAE,10,VAE8,1h,SI8,0.0051757097244262,10
VAE,10,VAE8,1h,SI9,0.0135014355182647,10
VAE,10,VAE8,1h,ce,0.0560594797134399,10
VAE,10,VAE8,1h,co,0.0387515574693679,10
VAE,10,VAE8,3h,st,0.0104319602251052,10
VAE,10,VAE8,3h,SI1,-0.0059928297996521,10
VAE,10,VAE8,3h,SI2,-0.0067876577377319,10
VAE,10,VAE8,3h,SI3,0.0647037029266357,10
VAE,10,VAE8,3h,SI4,0.0180836915969848,10
VAE,10,VAE8,3h,SI5,0.0255439281463623,10
VAE,10,VAE8,3h,SI6,-0.0096973925828933,10
VAE,10,VAE8,3h,SI7,-0.0128529518842697,10
VAE,10,VAE8,3h,SI8,0.0056063532829284,10
VAE,10,VAE8,3h,SI9,0.0215951204299926,10
VAE,10,VAE8,3h,ce,0.0040842294692993,10
VAE,10,VAE8,3h,co,0.0113787949085235,10
VAE,10,VAE8,6h,st,0.0069752931594848,10
VAE,10,VAE8,6h,SI1,-0.0042018294334411,10
VAE,10,VAE8,6h,SI2,0.0190049409866333,10
VAE,10,VAE8,6h,SI3,0.0374770760536193,10
VAE,10,VAE8,6h,SI4,0.0131286978721618,10
VAE,10,VAE8,6h,SI5,-0.0134938210248947,10
VAE,10,VAE8,6h,SI6,-0.0367124080657959,10
VAE,10,VAE8,6h,SI7,-0.0264042019844055,10
VAE,10,VAE8,6h,SI8,-0.0278299450874328,10
VAE,10,VAE8,6h,SI9,-0.0130623579025268,10
VAE,10,VAE8,6h,ce,-0.0168052166700363,10
VAE,10,VAE8,6h,co,-0.0029008388519287,10
VAE,10,VAE8,12h,st,0.012633740901947,10
VAE,10,VAE8,12h,SI1,0.0081046819686889,10
VAE,10,VAE8,12h,SI2,0.0042883157730102,10
VAE,10,VAE8,12h,SI3,0.0135998725891113,10
VAE,10,VAE8,12h,SI4,-0.0032227486371994,10
VAE,10,VAE8,12h,SI5,-0.0252984166145324,10
VAE,10,VAE8,12h,SI6,-0.0325307846069335,10
VAE,10,VAE8,12h,SI7,-0.0183953046798706,10
VAE,10,VAE8,12h,SI8,-0.0144761800765991,10
VAE,10,VAE8,12h,SI9,-0.0218779444694519,10
VAE,10,VAE8,12h,ce,-0.0266644954681396,10
VAE,10,VAE8,12h,co,-0.0031584501266479,10
VAE,10,VAE8,24h,st,-0.0032912865281105,10
VAE,10,VAE8,24h,SI1,-0.013418897986412,10
VAE,10,VAE8,24h,SI2,-0.022852748632431,10
VAE,10,VAE8,24h,SI3,-0.0130359530448913,10
VAE,10,VAE8,24h,SI4,-0.0214979350566864,10
VAE,10,VAE8,24h,SI5,-0.0293678343296051,10
VAE,10,VAE8,24h,SI6,-0.0239247977733612,10
VAE,10,VAE8,24h,SI7,-0.0228505730628967,10
VAE,10,VAE8,24h,SI8,-0.0232417285442352,10
VAE,10,VAE8,24h,SI9,-0.0262382924556732,10
VAE,10,VAE8,24h,ce,-0.0094331204891204,10
VAE,10,VAE8,24h,co,-0.0230969488620758,10
weighted_CPVAE,10,CPVAE8,1h,st,0.0402744226157665,10
weighted_CPVAE,10,CPVAE8,1h,SI1,0.0119160655885934,10
weighted_CPVAE,10,CPVAE8,1h,SI2,-0.0197841729968786,10
weighted_CPVAE,10,CPVAE8,1h,SI3,-0.0123704932630062,10
weighted_CPVAE,10,CPVAE8,1h,SI4,-0.0490618832409381,10
weighted_CPVAE,10,CPVAE8,1h,SI5,-0.0629888921976089,10
weighted_CPVAE,10,CPVAE8,1h,SI6,-0.0773314833641052,10
weighted_CPVAE,10,CPVAE8,1h,SI7,-0.0815557241439819,10
weighted_CPVAE,10,CPVAE8,1h,SI8,-0.0784283876419067,10
weighted_CPVAE,10,CPVAE8,1h,SI9,-0.0719651132822036,10
weighted_CPVAE,10,CPVAE8,1h,ce,-0.0315610021352767,10
weighted_CPVAE,10,CPVAE8,1h,co,-0.003794981399551,10
weighted_CPVAE,10,CPVAE8,3h,st,0.0014033721527084,10
weighted_CPVAE,10,CPVAE8,3h,SI1,0.0004152182373218,10
weighted_CPVAE,10,CPVAE8,3h,SI2,-0.0006893844110891,10
weighted_CPVAE,10,CPVAE8,3h,SI3,-0.0004310528747737,10
weighted_CPVAE,10,CPVAE8,3h,SI4,-0.0017095733201131,10
weighted_CPVAE,10,CPVAE8,3h,SI5,-0.0021948632784187,10
weighted_CPVAE,10,CPVAE8,3h,SI6,-0.0026946344878524,10
weighted_CPVAE,10,CPVAE8,3h,SI7,-0.0028418293222784,10
weighted_CPVAE,10,CPVAE8,3h,SI8,-0.0027328564319759,10
weighted_CPVAE,10,CPVAE8,3h,SI9,-0.0025076421443372,10
weighted_CPVAE,10,CPVAE8,3h,ce,-0.0010997508652508,10
weighted_CPVAE,10,CPVAE8,3h,co,-0.0001322370662819,10
weighted_CPVAE,10,CPVAE8,6h,st,0.0144791984930634,10
weighted_CPVAE,10,CPVAE8,6h,SI1,0.0042839865200221,10
weighted_CPVAE,10,CPVAE8,6h,SI2,-0.0071126772090792,10
weighted_CPVAE,10,CPVAE8,6h,SI3,-0.0044473591260612,10
weighted_CPVAE,10,CPVAE8,6h,SI4,-0.0176384076476097,10
weighted_CPVAE,10,CPVAE8,6h,SI5,-0.0226453561335802,10
weighted_CPVAE,10,CPVAE8,6h,SI6,-0.0278017111122608,10
weighted_CPVAE,10,CPVAE8,6h,SI7,-0.0293203834444284,10
weighted_CPVAE,10,CPVAE8,6h,SI8,-0.0281960628926754,10
weighted_CPVAE,10,CPVAE8,6h,SI9,-0.0258724298328161,10
weighted_CPVAE,10,CPVAE8,6h,ce,-0.0113466056063771,10
weighted_CPVAE,10,CPVAE8,6h,co,-0.0013643470592796,10
weighted_CPVAE,10,CPVAE8,12h,st,0.0032366965897381,10
weighted_CPVAE,10,CPVAE8,12h,SI1,0.0009576472220942,10
weighted_CPVAE,10,CPVAE8,12h,SI2,-0.0015899760182946,10
weighted_CPVAE,10,CPVAE8,12h,SI3,-0.0009941677562892,10
weighted_CPVAE,10,CPVAE8,12h,SI4,-0.0039429101161658,10
weighted_CPVAE,10,CPVAE8,12h,SI5,-0.0050621684640645,10
weighted_CPVAE,10,CPVAE8,12h,SI6,-0.0062148263677954,10
weighted_CPVAE,10,CPVAE8,12h,SI7,-0.0065543120726943,10
weighted_CPVAE,10,CPVAE8,12h,SI8,-0.0063029797747731,10
weighted_CPVAE,10,CPVAE8,12h,SI9,-0.0057835527695715,10
weighted_CPVAE,10,CPVAE8,12h,ce,-0.0025364332832396,10
weighted_CPVAE,10,CPVAE8,12h,co,-0.0003049876831937,10
weighted_CPVAE,10,CPVAE8,24h,st,0.0131118968129158,10
weighted_CPVAE,10,CPVAE8,24h,SI1,0.0038794404827058,10
weighted_CPVAE,10,CPVAE8,24h,SI2,-0.0064410120248794,10
weighted_CPVAE,10,CPVAE8,24h,SI3,-0.0040273857302963,10
weighted_CPVAE,10,CPVAE8,24h,SI4,-0.015972776338458,10
weighted_CPVAE,10,CPVAE8,24h,SI5,-0.0205069053918123,10
weighted_CPVAE,10,CPVAE8,24h,SI6,-0.0251763369888067,10
weighted_CPVAE,10,CPVAE8,24h,SI7,-0.0265515968203544,10
weighted_CPVAE,10,CPVAE8,24h,SI8,-0.0255334470421075,10
weighted_CPVAE,10,CPVAE8,24h,SI9,-0.0234292410314083,10
weighted_CPVAE,10,CPVAE8,24h,ce,-0.0102751208469271,10
weighted_CPVAE,10,CPVAE8,24h,co,-0.0012355088256299,10
PCA,10,PC9,1h,st,-0.0231850380735366,10
PCA,10,PC9,1h,SI1,0.7576363991469013,10
PCA,10,PC9,1h,SI2,0.0569035451436595,10
PCA,10,PC9,1h,SI3,-0.418039410945708,10
PCA,10,PC9,1h,SI4,-0.5131510249015345,10
PCA,10,PC9,1h,SI5,-0.5546928051941951,10
PCA,10,PC9,1h,SI6,-0.5891371530215699,10
PCA,10,PC9,1h,SI7,-0.537696941233216,10
PCA,10,PC9,1h,SI8,-0.5078786211078725,10
PCA,10,PC9,1h,SI9,-0.3529591726485476,10
PCA,10,PC9,1h,ce,0.3389251818785581,10
PCA,10,PC9,1h,co,0.3585206485029893,10
PCA,10,PC9,3h,st,-0.1544015965910825,10
PCA,10,PC9,3h,SI1,1.0812726859882411,10
PCA,10,PC9,3h,SI2,0.6576973146663583,10
PCA,10,PC9,3h,SI3,1.7156287968126345,10
PCA,10,PC9,3h,SI4,0.6208753060649878,10
PCA,10,PC9,3h,SI5,0.9954614294167722,10
PCA,10,PC9,3h,SI6,0.1798091460169236,10
PCA,10,PC9,3h,SI7,0.3882202129036374,10
PCA,10,PC9,3h,SI8,0.1872712366469622,10
PCA,10,PC9,3h,SI9,-0.050946579064553,10
PCA,10,PC9,3h,ce,-0.5111579479354423,10
PCA,10,PC9,3h,co,-0.5802054176744668,10
PCA,10,PC9,6h,st,0.1655802096864192,10
PCA,10,PC9,6h,SI1,0.8226126742988301,10
PCA,10,PC9,6h,SI2,0.7981262271622098,10
PCA,10,PC9,6h,SI3,1.22524485057977,10
PCA,10,PC9,6h,SI4,0.9998728244682716,10
PCA,10,PC9,6h,SI5,0.4787343888293865,10
PCA,10,PC9,6h,SI6,-0.4641023503453086,10
PCA,10,PC9,6h,SI7,-0.5049400343717206,10
PCA,10,PC9,6h,SI8,-0.4226964803672497,10
PCA,10,PC9,6h,SI9,-0.5165095632994726,10
PCA,10,PC9,6h,ce,-0.1797204005937996,10
PCA,10,PC9,6h,co,-0.3151036119586086,10
PCA,10,PC9,12h,st,0.1636050961769735,10
PCA,10,PC9,12h,SI1,0.4177407581597274,10
PCA,10,PC9,12h,SI2,0.5721339034403479,10
PCA,10,PC9,12h,SI3,0.5309525308264447,10
PCA,10,PC9,12h,SI4,-0.0332833321328541,10
PCA,10,PC9,12h,SI5,-0.4189394158569214,10
PCA,10,PC9,12h,SI6,-0.6041662825383435,10
PCA,10,PC9,12h,SI7,-0.6428347104813641,10
PCA,10,PC9,12h,SI8,-0.4700624912987594,10
PCA,10,PC9,12h,SI9,-0.5583248812010364,10
PCA,10,PC9,12h,ce,-0.3821357253040384,10
PCA,10,PC9,12h,co,-0.4564923988001056,10
PCA,10,PC9,24h,st,0.1855490007327077,10
PCA,10,PC9,24h,SI1,0.1644112703195526,10
PCA,10,PC9,24h,SI2,-0.0355207798554792,10
PCA,10,PC9,24h,SI3,-0.0929036385042249,10
PCA,10,PC9,24h,SI4,-0.3053614266634332,10
PCA,10,PC9,24h,SI5,-0.3482303531918668,10
PCA,10,PC9,24h,SI6,-0.3969709835472331,10
PCA,10,PC9,24h,SI7,-0.4371604194759216,10
PCA,10,PC9,24h,SI8,-0.4563726826622495,10
PCA,10,PC9,24h,SI9,-0.3416117242213059,10
PCA,10,PC9,24h,ce,-0.3587461916423112,10
PCA,10,PC9,24h,co,-0.3271440511639352,10
CP,10,CP9,1h,st,0.0061716046431684,10
CP,10,CP9,1h,SI1,-0.0212124566351154,10
CP,10,CP9,1h,SI2,-0.0237553365135381,10
CP,10,CP9,1h,SI3,-0.0164814983110441,10
CP,10,CP9,1h,SI4,-0.0128117281898072,10
CP,10,CP9,1h,SI5,-0.0027017846808884,10
CP,10,CP9,1h,SI6,-0.0015836461373316,10
CP,10,CP9,1h,SI7,-0.0014017857748727,10
CP,10,CP9,1h,SI8,-0.0019672454780862,10
CP,10,CP9,1h,SI9,-0.0014409819635135,10
CP,10,CP9,1h,ce,-0.0021611275687332,10
CP,10,CP9,1h,co,-0.0007479418846576,10
CP,10,CP9,3h,st,0.1302907645647427,10
CP,10,CP9,3h,SI1,-0.4478231113434949,10
CP,10,CP9,3h,SI2,-0.5015066803197977,10
CP,10,CP9,3h,SI3,-0.3479463025058615,10
CP,10,CP9,3h,SI4,-0.2704725849691962,10
CP,10,CP9,3h,SI5,-0.0570382602443488,10
CP,10,CP9,3h,SI6,-0.0334328716699873,10
CP,10,CP9,3h,SI7,-0.029593558065377,10
CP,10,CP9,3h,SI8,-0.0415311628411119,10
CP,10,CP9,3h,SI9,-0.030421041626185,10
CP,10,CP9,3h,ce,-0.0456242710822183,10
CP,10,CP9,3h,co,-0.0157900458043607,10
CP,10,CP9,6h,st,-0.3537841815940958,10
CP,10,CP9,6h,SI1,1.215993577709441,10
CP,10,CP9,6h,SI2,1.3617629081664278,10
CP,10,CP9,6h,SI3,0.9447937333237412,10
CP,10,CP9,6h,SI4,0.7344259774407715,10
CP,10,CP9,6h,SI5,0.1548784696099526,10
CP,10,CP9,6h,SI6,0.0907817310123269,10
CP,10,CP9,6h,SI7,0.080356675744383,10
CP,10,CP9,6h,SI8,0.1127713733623289,10
CP,10,CP9,6h,SI9,0.0826035778584431,10
CP,10,CP9,6h,ce,0.123885568248616,10
CP,10,CP9,6h,co,0.0428753983514554,10
CP,10,CP9,12h,st,0.1893987184088178,10
CP,10,CP9,12h,SI1,-0.6509833881599553,10
CP,10,CP9,12h,SI2,-0.7290211462289145,10
CP,10,CP9,12h,SI3,-0.5057962779622065,10
CP,10,CP9,12h,SI4,-0.3931756876937396,10
CP,10,CP9,12h,SI5,-0.0829143449010938,10
CP,10,CP9,12h,SI6,-0.0486000912510999,10
CP,10,CP9,12h,SI7,-0.0430190273997063,10
CP,10,CP9,12h,SI8,-0.0603722684597944,10
CP,10,CP9,12h,SI9,-0.044221908712476,10
CP,10,CP9,12h,ce,-0.0663222639008673,10
CP,10,CP9,12h,co,-0.0229533877474207,10
CP,10,CP9,24h,st,0.0157840597555151,10
CP,10,CP9,24h,SI1,-0.0542514795500647,10
CP,10,CP9,24h,SI2,-0.0607549693671824,10
CP,10,CP9,24h,SI3,-0.0421519149788551,10
CP,10,CP9,24h,SI4,-0.0327663703382526,10
CP,10,CP9,24h,SI5,-0.0069098935066887,10
CP,10,CP9,24h,SI6,-0.0040502214105538,10
CP,10,CP9,24h,SI7,-0.0035851082035067,10
CP,10,CP9,24h,SI8,-0.0050312879672634,10
CP,10,CP9,24h,SI9,-0.0036853536047378,10
CP,10,CP9,24h,ce,-0.0055271470964905,10
CP,10,CP9,24h,co,-0.0019128832910831,10
VAE,10,VAE9,1h,st,-0.0402546674013137,10
VAE,10,VAE9,1h,SI1,0.0086920857429504,10
VAE,10,VAE9,1h,SI2,-0.0042188838124275,10
VAE,10,VAE9,1h,SI3,-0.0166630148887634,10
VAE,10,VAE9,1h,SI4,-0.0087359845638275,10
VAE,10,VAE9,1h,SI5,-0.0192215144634246,10
VAE,10,VAE9,1h,SI6,-0.0096334815025329,10
VAE,10,VAE9,1h,SI7,-0.0169516205787658,10
VAE,10,VAE9,1h,SI8,-0.0195688605308532,10
VAE,10,VAE9,1h,SI9,-0.021610140800476,10
VAE,10,VAE9,1h,ce,-0.0165212154388427,10
VAE,10,VAE9,1h,co,-0.0069534927606582,10
VAE,10,VAE9,3h,st,-0.026804506778717,10
VAE,10,VAE9,3h,SI1,-0.037302553653717,10
VAE,10,VAE9,3h,SI2,-0.0111013650894165,10
VAE,10,VAE9,3h,SI3,0.0056115388870239,10
VAE,10,VAE9,3h,SI4,0.0292279720306396,10
VAE,10,VAE9,3h,SI5,0.0407807826995849,10
VAE,10,VAE9,3h,SI6,0.0208110511302948,10
VAE,10,VAE9,3h,SI7,0.0202939808368682,10
VAE,10,VAE9,3h,SI8,0.0013816505670547,10
VAE,10,VAE9,3h,SI9,-0.0129251107573509,10
VAE,10,VAE9,3h,ce,-0.0163977742195129,10
VAE,10,VAE9,3h,co,-0.0210185348987579,10
VAE,10,VAE9,6h,st,-0.0493103861808776,10
VAE,10,VAE9,6h,SI1,-0.0251893401145935,10
VAE,10,VAE9,6h,SI2,0.0147644877433776,10
VAE,10,VAE9,6h,SI3,0.0374175310134887,10
VAE,10,VAE9,6h,SI4,0.0381146669387817,10
VAE,10,VAE9,6h,SI5,0.0395744144916534,10
VAE,10,VAE9,6h,SI6,0.0234983563423156,10
VAE,10,VAE9,6h,SI7,0.0144950151443481,10
VAE,10,VAE9,6h,SI8,0.0122440755367279,10
VAE,10,VAE9,6h,SI9,0.0069338679313659,10
VAE,10,VAE9,6h,ce,0.0395774617791175,10
VAE,10,VAE9,6h,co,0.0018312633037567,10
VAE,10,VAE9,12h,st,-0.0375950336456298,10
VAE,10,VAE9,12h,SI1,0.0124850273132324,10
VAE,10,VAE9,12h,SI2,0.0187424421310424,10
VAE,10,VAE9,12h,SI3,0.0153161287307739,10
VAE,10,VAE9,12h,SI4,0.0280969887971878,10
VAE,10,VAE9,12h,SI5,0.0168283879756927,10
VAE,10,VAE9,12h,SI6,0.0155706405639648,10
VAE,10,VAE9,12h,SI7,0.0133471488952636,10
VAE,10,VAE9,12h,SI8,0.0247068107128143,10
VAE,10,VAE9,12h,SI9,0.0045098960399627,10
VAE,10,VAE9,12h,ce,0.0170902907848358,10
VAE,10,VAE9,12h,co,0.007343590259552,10
VAE,10,VAE9,24h,st,0.00830739736557,10
VAE,10,VAE9,24h,SI1,0.0046795234084129,10
VAE,10,VAE9,24h,SI2,-0.0134538263082504,10
VAE,10,VAE9,24h,SI3,0.0004861801862716,10
VAE,10,VAE9,24h,SI4,-0.0083273947238922,10
VAE,10,VAE9,24h,SI5,-0.0056707262992858,10
VAE,10,VAE9,24h,SI6,0.0013265311717987,10
VAE,10,VAE9,24h,SI7,-0.0103335082530975,10
VAE,10,VAE9,24h,SI8,-0.0097160041332244,10
VAE,10,VAE9,24h,SI9,-0.0054925978183746,10
VAE,10,VAE9,24h,ce,-0.0108125209808349,10
VAE,10,VAE9,24h,co,0.003238558769226,10
weighted_CPVAE,10,CPVAE9,1h,st,0.0589862689375877,10
weighted_CPVAE,10,CPVAE9,1h,SI1,0.0146980658173561,10
weighted_CPVAE,10,CPVAE9,1h,SI2,0.0010590477613732,10
weighted_CPVAE,10,CPVAE9,1h,SI3,0.005401138216257,10
weighted_CPVAE,10,CPVAE9,1h,SI4,-0.0189134441316127,10
weighted_CPVAE,10,CPVAE9,1h,SI5,-0.0255270972847938,10
weighted_CPVAE,10,CPVAE9,1h,SI6,-0.0194030683487653,10
weighted_CPVAE,10,CPVAE9,1h,SI7,-0.0178149603307247,10
weighted_CPVAE,10,CPVAE9,1h,SI8,-0.0162842366844415,10
weighted_CPVAE,10,CPVAE9,1h,SI9,-0.0125598488375544,10
weighted_CPVAE,10,CPVAE9,1h,ce,-0.0473012663424015,10
weighted_CPVAE,10,CPVAE9,1h,co,-0.0092398654669523,10
weighted_CPVAE,10,CPVAE9,3h,st,0.026790902018547,10
weighted_CPVAE,10,CPVAE9,3h,SI1,0.0066756969317793,10
weighted_CPVAE,10,CPVAE9,3h,SI2,0.0004810076206922,10
weighted_CPVAE,10,CPVAE9,3h,SI3,0.0024531364906579,10
weighted_CPVAE,10,CPVAE9,3h,SI4,-0.008590274490416,10
weighted_CPVAE,10,CPVAE9,3h,SI5,-0.0115941213443875,10
weighted_CPVAE,10,CPVAE9,3h,SI6,-0.0088126566261053,10
weighted_CPVAE,10,CPVAE9,3h,SI7,-0.0080913547426462,10
weighted_CPVAE,10,CPVAE9,3h,SI8,-0.0073961177840828,10
weighted_CPVAE,10,CPVAE9,3h,SI9,-0.0057045426219701,10
weighted_CPVAE,10,CPVAE9,3h,ce,-0.0214837044477462,10
weighted_CPVAE,10,CPVAE9,3h,co,-0.0041966433636844,10
weighted_CPVAE,10,CPVAE9,6h,st,0.1408254355192184,10
weighted_CPVAE,10,CPVAE9,6h,SI1,0.0350905656814575,10
weighted_CPVAE,10,CPVAE9,6h,SI2,0.0025283994618803,10
weighted_CPVAE,10,CPVAE9,6h,SI3,0.012894825078547,10
weighted_CPVAE,10,CPVAE9,6h,SI4,-0.0451544746756553,10
weighted_CPVAE,10,CPVAE9,6h,SI5,-0.0609440915286541,10
weighted_CPVAE,10,CPVAE9,6h,SI6,-0.0463234186172485,10
weighted_CPVAE,10,CPVAE9,6h,SI7,-0.0425319224596023,10
weighted_CPVAE,10,CPVAE9,6h,SI8,-0.0388774313032627,10
weighted_CPVAE,10,CPVAE9,6h,SI9,-0.0299857277423143,10
weighted_CPVAE,10,CPVAE9,6h,ce,-0.1129283383488655,10
weighted_CPVAE,10,CPVAE9,6h,co,-0.0220595076680183,10
weighted_CPVAE,10,CPVAE9,12h,st,0.0638449192047119,10
weighted_CPVAE,10,CPVAE9,12h,SI1,0.0159087348729372,10
weighted_CPVAE,10,CPVAE9,12h,SI2,0.0011462806724011,10
weighted_CPVAE,10,CPVAE9,12h,SI3,0.0058460258878767,10
weighted_CPVAE,10,CPVAE9,12h,SI4,-0.0204713307321071,10
weighted_CPVAE,10,CPVAE9,12h,SI5,-0.0276297442615032,10
weighted_CPVAE,10,CPVAE9,12h,SI6,-0.0210012849420309,10
weighted_CPVAE,10,CPVAE9,12h,SI7,-0.0192823633551597,10
weighted_CPVAE,10,CPVAE9,12h,SI8,-0.0176255572587251,10
weighted_CPVAE,10,CPVAE9,12h,SI9,-0.0135943945497274,10
weighted_CPVAE,10,CPVAE9,12h,ce,-0.0511974357068538,10
weighted_CPVAE,10,CPVAE9,12h,co,-0.0100009460002183,10
weighted_CPVAE,10,CPVAE9,24h,st,-0.0145999761298298,10
weighted_CPVAE,10,CPVAE9,24h,SI1,-0.0036379892844706,10
weighted_CPVAE,10,CPVAE9,24h,SI2,-0.0002621300227474,10
weighted_CPVAE,10,CPVAE9,24h,SI3,-0.0013368618674576,10
weighted_CPVAE,10,CPVAE9,24h,SI4,0.0046813581138849,10
weighted_CPVAE,10,CPVAE9,24h,SI5,0.0063183354213833,10
weighted_CPVAE,10,CPVAE9,24h,SI6,0.0048025473952293,10
weighted_CPVAE,10,CPVAE9,24h,SI7,0.0044094668701291,10
weighted_CPVAE,10,CPVAE9,24h,SI8,0.0040305904112756,10
weighted_CPVAE,10,CPVAE9,24h,SI9,0.0031087489333003,10
weighted_CPVAE,10,CPVAE9,24h,ce,0.0117077650502324,10
weighted_CPVAE,10,CPVAE9,24h,co,0.002287003910169,10
PCA,10,PC10,1h,st,-0.0038723678906851,10
PCA,10,PC10,1h,SI1,0.9494274842114288,10
PCA,10,PC10,1h,SI2,0.094027924074782,10
PCA,10,PC10,1h,SI3,-0.4301000267483298,10
PCA,10,PC10,1h,SI4,-0.4935541015768927,10
PCA,10,PC10,1h,SI5,-0.5394783637953602,10
PCA,10,PC10,1h,SI6,-0.5930532653906497,10
PCA,10,PC10,1h,SI7,-0.5328639160154437,10
PCA,10,PC10,1h,SI8,-0.5534636634546526,10
PCA,10,PC10,1h,SI9,-0.3690766251036719,10
PCA,10,PC10,1h,ce,0.461218247750139,10
PCA,10,PC10,1h,co,0.5367472184033089,10
PCA,10,PC10,3h,st,0.3056698126594196,10
PCA,10,PC10,3h,SI1,1.0328766667666884,10
PCA,10,PC10,3h,SI2,0.6839486538784894,10
PCA,10,PC10,3h,SI3,1.2975166353163754,10
PCA,10,PC10,3h,SI4,0.3653615811657819,10
PCA,10,PC10,3h,SI5,1.246077246634979,10
PCA,10,PC10,3h,SI6,0.3256496724865945,10
PCA,10,PC10,3h,SI7,0.5020406242005095,10
PCA,10,PC10,3h,SI8,0.2071574877587279,10
PCA,10,PC10,3h,SI9,-0.0149667064520908,10
PCA,10,PC10,3h,ce,-0.5552682410766132,10
PCA,10,PC10,3h,co,-0.634689455134182,10
PCA,10,PC10,6h,st,0.7830868842710533,10
PCA,10,PC10,6h,SI1,0.3701359202394539,10
PCA,10,PC10,6h,SI2,0.6294965800371838,10
PCA,10,PC10,6h,SI3,1.0168227977245556,10
PCA,10,PC10,6h,SI4,1.1197412077333844,10
PCA,10,PC10,6h,SI5,0.5362422422424374,10
PCA,10,PC10,6h,SI6,-0.4385777956341223,10
PCA,10,PC10,6h,SI7,-0.5022263287816668,10
PCA,10,PC10,6h,SI8,-0.4258543968774685,10
PCA,10,PC10,6h,SI9,-0.5146679156632935,10
PCA,10,PC10,6h,ce,0.2581099796897212,10
PCA,10,PC10,6h,co,-0.3194524981172558,10
PCA,10,PC10,12h,st,0.0196126358610365,10
PCA,10,PC10,12h,SI1,1.0547192749038865,10
PCA,10,PC10,12h,SI2,0.979345286186881,10
PCA,10,PC10,12h,SI3,0.8586733511175972,10
PCA,10,PC10,12h,SI4,0.2493392114675068,10
PCA,10,PC10,12h,SI5,-0.3641828293775947,10
PCA,10,PC10,12h,SI6,-0.6053028206892411,10
PCA,10,PC10,12h,SI7,-0.6454296160793621,10
PCA,10,PC10,12h,SI8,-0.3919520212127018,10
PCA,10,PC10,12h,SI9,-0.5082801371486323,10
PCA,10,PC10,12h,ce,-0.300771261764831,10
PCA,10,PC10,12h,co,-0.4131694513067809,10
PCA,10,PC10,24h,st,-0.1566591162761767,10
PCA,10,PC10,24h,SI1,-0.109982642426855,10
PCA,10,PC10,24h,SI2,-0.3083989510298238,10
PCA,10,PC10,24h,SI3,-0.3882926140596123,10
PCA,10,PC10,24h,SI4,-0.5493733577600486,10
PCA,10,PC10,24h,SI5,-0.5775058684706744,10
PCA,10,PC10,24h,SI6,-0.6165603933753643,10
PCA,10,PC10,24h,SI7,-0.653170451455723,10
PCA,10,PC10,24h,SI8,-0.6771102309257717,10
PCA,10,PC10,24h,SI9,-0.5778542979061164,10
PCA,10,PC10,24h,ce,-0.5902520173976934,10
PCA,10,PC10,24h,co,-0.5276308804065414,10
CP,10,CP10,1h,st,0.0408463849314924,10
CP,10,CP10,1h,SI1,0.1252001978230411,10
CP,10,CP10,1h,SI2,-0.0207008713637397,10
CP,10,CP10,1h,SI3,-0.0613317012574034,10
CP,10,CP10,1h,SI4,-0.0352776335927002,10
CP,10,CP10,1h,SI5,-0.0198943979044861,10
CP,10,CP10,1h,SI6,-0.0090473144790352,10
CP,10,CP10,1h,SI7,-0.0093074970861936,10
CP,10,CP10,1h,SI8,-0.0092955881863916,10
CP,10,CP10,1h,SI9,0.003261264707642,10
CP,10,CP10,1h,ce,-0.005591960227252,10
CP,10,CP10,1h,co,-0.0027229274605535,10
CP,10,CP10,3h,st,-0.7192959537836512,10
CP,10,CP10,3h,SI1,-2.2047482502568623,10
CP,10,CP10,3h,SI2,0.364537841885089,10
CP,10,CP10,3h,SI3,1.0800379183398672,10
CP,10,CP10,3h,SI4,0.6212314540160799,10
CP,10,CP10,3h,SI5,0.3503360196908365,10
CP,10,CP10,3h,SI6,0.1593212400140914,10
CP,10,CP10,3h,SI7,0.1639029991315211,10
CP,10,CP10,3h,SI8,0.1636932859964195,10
CP,10,CP10,3h,SI9,-0.0574301621149278,10
CP,10,CP10,3h,ce,0.0984732032449785,10
CP,10,CP10,3h,co,0.047950160292215,10
CP,10,CP10,6h,st,-0.0030273564424488,10
CP,10,CP10,6h,SI1,-0.0092792942658489,10
CP,10,CP10,6h,SI2,0.0015342585737374,10
CP,10,CP10,6h,SI3,0.0045456390140611,10
CP,10,CP10,6h,SI4,0.0026146248073197,10
CP,10,CP10,6h,SI5,0.0014744862676538,10
CP,10,CP10,6h,SI6,0.0006705476095597,10
CP,10,CP10,6h,SI7,0.0006898312130735,10
CP,10,CP10,6h,SI8,0.0006889485772026,10
CP,10,CP10,6h,SI9,-0.0002417107594655,10
CP,10,CP10,6h,ce,0.0004144517770246,10
CP,10,CP10,6h,co,0.0002018115435148,10
CP,10,CP10,12h,st,-0.02741627665049,10
CP,10,CP10,12h,SI1,-0.084034933959752,10
CP,10,CP10,12h,SI2,0.0138945176462097,10
CP,10,CP10,12h,SI3,0.0411661127891335,10
CP,10,CP10,12h,SI4,0.0236785057912529,10
CP,10,CP10,12h,SI5,0.0133532090455279,10
CP,10,CP10,12h,SI6,0.0060725980308228,10
CP,10,CP10,12h,SI7,0.0062472337629559,10
CP,10,CP10,12h,SI8,0.0062392404560299,10
CP,10,CP10,12h,SI9,-0.002188975489634,10
CP,10,CP10,12h,ce,0.0037533487691998,10
CP,10,CP10,12h,co,0.001827641116416,10
CP,10,CP10,24h,st,0.0211754989095557,10
CP,10,CP10,24h,SI1,0.0649060291853128,10
CP,10,CP10,24h,SI2,-0.0107317031782599,10
CP,10,CP10,24h,SI3,-0.0317954544882141,10
CP,10,CP10,24h,SI4,-0.018288558288006,10
CP,10,CP10,24h,SI5,-0.0103136128653557,10
CP,10,CP10,24h,SI6,-0.0046902901739416,10
CP,10,CP10,24h,SI7,-0.0048251735062955,10
CP,10,CP10,24h,SI8,-0.0048189997189409,10
CP,10,CP10,24h,SI9,0.0016906981456565,10
CP,10,CP10,24h,ce,-0.0028989725257952,10
CP,10,CP10,24h,co,-0.0014116144566638,10
VAE,10,VAE10,1h,st,0.1444930434226989,10
VAE,10,VAE10,1h,SI1,-0.0260805189609527,10
VAE,10,VAE10,1h,SI2,-0.0058694817125797,10
VAE,10,VAE10,1h,SI3,0.0148692727088928,10
VAE,10,VAE10,1h,SI4,0.003086894750595,10
VAE,10,VAE10,1h,SI5,0.0084827244281768,10
VAE,10,VAE10,1h,SI6,0.0067472755908966,10
VAE,10,VAE10,1h,SI7,-0.0053051710128784,10
VAE,10,VAE10,1h,SI8,0.0165589153766632,10
VAE,10,VAE10,1h,SI9,0.0123140811920166,10
VAE,10,VAE10,1h,ce,0.0053354501724243,10
VAE,10,VAE10,1h,co,0.0118795782327651,10
VAE,10,VAE10,3h,st,0.2293543815612793,10
VAE,10,VAE10,3h,SI1,-0.0506954789161682,10
VAE,10,VAE10,3h,SI2,-0.0335410237312316,10
VAE,10,VAE10,3h,SI3,0.022606611251831,10
VAE,10,VAE10,3h,SI4,-0.001461386680603,10
VAE,10,VAE10,3h,SI5,-0.0665646195411682,10
VAE,10,VAE10,3h,SI6,-0.0737323313951492,10
VAE,10,VAE10,3h,SI7,-0.0553609579801559,10
VAE,10,VAE10,3h,SI8,0.0090464055538177,10
VAE,10,VAE10,3h,SI9,0.027671456336975,10
VAE,10,VAE10,3h,ce,0.03339684009552,10
VAE,10,VAE10,3h,co,0.0323123037815094,10
VAE,10,VAE10,6h,st,0.1000594794750213,10
VAE,10,VAE10,6h,SI1,0.0109673738479614,10
VAE,10,VAE10,6h,SI2,-0.0172531604766845,10
VAE,10,VAE10,6h,SI3,0.0096091628074646,10
VAE,10,VAE10,6h,SI4,-0.096240758895874,10
VAE,10,VAE10,6h,SI5,-0.0707449465990066,10
VAE,10,VAE10,6h,SI6,-0.0325042009353637,10
VAE,10,VAE10,6h,SI7,-0.0339769423007965,10
VAE,10,VAE10,6h,SI8,-0.045654684305191,10
VAE,10,VAE10,6h,SI9,-0.0157639682292938,10
VAE,10,VAE10,6h,ce,-0.0672379285097122,10
VAE,10,VAE10,6h,co,-0.0082049816846847,10
VAE,10,VAE10,12h,st,0.1479053646326065,10
VAE,10,VAE10,12h,SI1,-0.0139631032943725,10
VAE,10,VAE10,12h,SI2,-0.0205102562904357,10
VAE,10,VAE10,12h,SI3,-0.0123982429504394,10
VAE,10,VAE10,12h,SI4,-0.0343758165836334,10
VAE,10,VAE10,12h,SI5,-0.0224524140357971,10
VAE,10,VAE10,12h,SI6,-0.0286234021186828,10
VAE,10,VAE10,12h,SI7,-0.0051656365394592,10
VAE,10,VAE10,12h,SI8,-0.0176374316215515,10
VAE,10,VAE10,12h,SI9,-0.0371139347553253,10
VAE,10,VAE10,12h,ce,-0.0427442640066146,10
VAE,10,VAE10,12h,co,0.0087569057941436,10
VAE,10,VAE10,24h,st,0.0240851938724517,10
VAE,10,VAE10,24h,SI1,0.0173286795616149,10
VAE,10,VAE10,24h,SI2,0.0046954602003097,10
VAE,10,VAE10,24h,SI3,0.0251161456108093,10
VAE,10,VAE10,24h,SI4,0.0175036191940307,10
VAE,10,VAE10,24h,SI5,0.0075154602527618,10
VAE,10,VAE10,24h,SI6,0.0371854305267334,10
VAE,10,VAE10,24h,SI7,0.0361840426921844,10
VAE,10,VAE10,24h,SI8,0.0384573638439178,10
VAE,10,VAE10,24h,SI9,0.0279066562652587,10
VAE,10,VAE10,24h,ce,0.0298810303211212,10
VAE,10,VAE10,24h,co,0.0194822251796722,10
weighted_CPVAE,10,CPVAE10,1h,st,0.010224918834865,10
weighted_CPVAE,10,CPVAE10,1h,SI1,-0.0436859019100666,10
weighted_CPVAE,10,CPVAE10,1h,SI2,0.0221243984997272,10
weighted_CPVAE,10,CPVAE10,1h,SI3,0.0265117529779672,10
weighted_CPVAE,10,CPVAE10,1h,SI4,0.0103537887334823,10
weighted_CPVAE,10,CPVAE10,1h,SI5,0.0304149240255355,10
weighted_CPVAE,10,CPVAE10,1h,SI6,0.0027560493908822,10
weighted_CPVAE,10,CPVAE10,1h,SI7,0.0032967661973088,10
weighted_CPVAE,10,CPVAE10,1h,SI8,-0.0007463036454282,10
weighted_CPVAE,10,CPVAE10,1h,SI9,-0.0064721484668552,10
weighted_CPVAE,10,CPVAE10,1h,ce,-0.0218628160655498,10
weighted_CPVAE,10,CPVAE10,1h,co,-0.0121429534628987,10
weighted_CPVAE,10,CPVAE10,3h,st,-0.0390228182077407,10
weighted_CPVAE,10,CPVAE10,3h,SI1,0.166724756360054,10
weighted_CPVAE,10,CPVAE10,3h,SI2,-0.0844365060329437,10
weighted_CPVAE,10,CPVAE10,3h,SI3,-0.1011805906891822,10
weighted_CPVAE,10,CPVAE10,3h,SI4,-0.0395146459341049,10
weighted_CPVAE,10,CPVAE10,3h,SI5,-0.1160768195986747,10
weighted_CPVAE,10,CPVAE10,3h,SI6,-0.010518305003643,10
weighted_CPVAE,10,CPVAE10,3h,SI7,-0.0125819202512502,10
weighted_CPVAE,10,CPVAE10,3h,SI8,0.0028482251800596,10
weighted_CPVAE,10,CPVAE10,3h,SI9,0.0247005857527256,10
weighted_CPVAE,10,CPVAE10,3h,ce,0.0834381952881813,10
weighted_CPVAE,10,CPVAE10,3h,co,0.0463428869843483,10
weighted_CPVAE,10,CPVAE10,6h,st,-0.0152929462492465,10
weighted_CPVAE,10,CPVAE10,6h,SI1,0.065339021384716,10
weighted_CPVAE,10,CPVAE10,6h,SI2,-0.0330904573202133,10
weighted_CPVAE,10,CPVAE10,6h,SI3,-0.0396524220705032,10
weighted_CPVAE,10,CPVAE10,6h,SI4,-0.0154856918379664,10
weighted_CPVAE,10,CPVAE10,6h,SI5,-0.0454902164638042,10
weighted_CPVAE,10,CPVAE10,6h,SI6,-0.0041220975108444,10
weighted_CPVAE,10,CPVAE10,6h,SI7,-0.0049308235757052,10
weighted_CPVAE,10,CPVAE10,6h,SI8,0.0011162124574184,10
weighted_CPVAE,10,CPVAE10,6h,SI9,0.0096800979226827,10
weighted_CPVAE,10,CPVAE10,6h,ce,0.0326992198824882,10
weighted_CPVAE,10,CPVAE10,6h,co,0.0181616637855768,10
weighted_CPVAE,10,CPVAE10,12h,st,-0.0057270368561148,10
weighted_CPVAE,10,CPVAE10,12h,SI1,0.0244687292724847,10
weighted_CPVAE,10,CPVAE10,12h,SI2,-0.0123920040205121,10
weighted_CPVAE,10,CPVAE10,12h,SI3,-0.0148493871092796,10
weighted_CPVAE,10,CPVAE10,12h,SI4,-0.0057992176152765,10
weighted_CPVAE,10,CPVAE10,12h,SI5,-0.0170355755835771,10
weighted_CPVAE,10,CPVAE10,12h,SI6,-0.0015436792746186,10
weighted_CPVAE,10,CPVAE10,12h,SI7,-0.0018465380417183,10
weighted_CPVAE,10,CPVAE10,12h,SI8,0.0004180090327281,10
weighted_CPVAE,10,CPVAE10,12h,SI9,0.0036250881385058,10
weighted_CPVAE,10,CPVAE10,12h,ce,0.0122454911470413,10
weighted_CPVAE,10,CPVAE10,12h,co,0.006801338866353,10
weighted_CPVAE,10,CPVAE10,24h,st,0.0010067139519378,10
weighted_CPVAE,10,CPVAE10,24h,SI1,-0.0043011792004108,10
weighted_CPVAE,10,CPVAE10,24h,SI2,0.0021782999392598,10
weighted_CPVAE,10,CPVAE10,24h,SI3,0.0026102655101567,10
weighted_CPVAE,10,CPVAE10,24h,SI4,0.001019402174279,10
weighted_CPVAE,10,CPVAE10,24h,SI5,0.0029945594724267,10
weighted_CPVAE,10,CPVAE10,24h,SI6,0.0002713521244004,10
weighted_CPVAE,10,CPVAE10,24h,SI7,0.0003245894331485,10
weighted_CPVAE,10,CPVAE10,24h,SI8,-7.347875362029299e-05,10
weighted_CPVAE,10,CPVAE10,24h,SI9,-0.0006372277857735,10
weighted_CPVAE,10,CPVAE10,24h,ce,-0.0021525456104427,10
weighted_CPVAE,10,CPVAE10,24h,co,-0.0011955577647313,10
