PC1,PC2,Gene,Gene_display,mean_fitness,min_fitness,max_fitness,strongest_defect_feature,strongest_defect_time,strongest_defect_space,strongest_positive_feature,strongest_positive_time,strongest_positive_space,dynamic_range
2.262020321602928,2.7392140886208036,N900_RS00015,mnmE,0.6908121666666667,-1.463,3.6738,6h_SI9,6h,SI9,3h_SI7,3h,SI7,5.1368
-0.13595842485937926,1.6097785974579393,N900_RS00025,yidD,0.268908745,-3.1212,3.9865,6h_SI7,6h,SI7,1h_co,1h,co,7.1076999999999995
-4.661771888394779,-1.8875546908466152,N900_RS00040,yxeO,0.1887202166666667,-1.3335,3.6232,12h_SI2,12h,SI2,6h_SI2,6h,SI2,4.9567
-0.22898986510043917,0.8889085950187348,N900_RS00045,patM,1.7093390000000002,-0.21058,6.3068,1h_SI7,1h,SI7,3h_SI1,3h,SI1,6.51738
1.5765784871881205,0.5106248991269217,N900_RS00050,patH,0.8948083666666666,-0.43105,3.6854,1h_st,1h,st,6h_SI4,6h,SI4,4.11645
0.0634896857630225,-0.7415416670740014,N900_RS00065,recF,1.07110085,-0.72163,4.4447,6h_SI1,6h,SI1,6h_st,6h,st,5.16633
1.8851666993261231,0.24712861656087223,N900_RS00075,VC_0016,1.432234166666667,0.21117,3.9921,1h_SI9,1h,SI9,3h_SI5,3h,SI5,3.78093
-1.8133674333163656,-0.6047105330426061,N900_RS00085,ibpA,0.22538154383333336,-2.1899,3.4285,6h_co,6h,co,3h_SI4,3h,SI4,5.6184
-1.5471654223993987,-0.7781854371877133,N900_RS00090,avtA,0.7149570666666667,-0.89129,3.5684,12h_SI1,12h,SI1,6h_st,6h,st,4.45969
1.876957676644623,-0.9988497731366854,N900_RS00105,mneA,1.4696406666666666,0.19162,4.2295,1h_SI9,1h,SI9,3h_SI1,3h,SI1,4.0378799999999995
-5.312911451936007,-0.09421553901509211,N900_RS00110,NADH dehydrogenase subunit II-related protein,-0.02647887833333334,-1.1285,2.2889,6h_SI2,6h,SI2,6h_SI3,6h,SI3,3.4173999999999998
-0.5579216752630001,-0.6605814844263133,N900_RS00120,VC_0025,0.6445359399999998,-0.96701,3.9194,3h_SI9,3h,SI9,3h_SI1,3h,SI1,4.88641
0.8849048091575042,0.9192614233651302,N900_RS00125,acuI,1.0485218166666668,-0.080152,3.9734,24h_SI8,24h,SI8,1h_ce,1h,ce,4.053552
2.8703514529101684,0.08564338193173793,N900_RS00130,ilvA,1.6060143166666667,-0.054921,4.4043,1h_SI3,1h,SI3,12h_st,12h,st,4.459221
1.4963588546096087,0.5536555935836791,N900_RS00135,ilvD,1.2914153500000003,-0.34542,5.3665,3h_SI7,3h,SI7,12h_st,12h,st,5.71192
0.9015138626333217,0.5458007616809659,N900_RS00140,ilvE,2.0222916816666663,-0.23122,6.337,1h_SI5,1h,SI5,12h_st,12h,st,6.56822
1.8507962831443505,-0.15337757416962,N900_RS00145,ilvM,1.66385,-0.11262,6.8711,1h_SI3,1h,SI3,1h_st,1h,st,6.98372
2.1557365292499577,0.022478120251866185,N900_RS00150,ilvG,1.4846871666666668,0.018497,5.1406,6h_SI8,6h,SI8,6h_SI2,6h,SI2,5.122103
-2.447977120284796,-1.1574276222359001,N900_RS00155,yifb,0.6229813333333334,-0.86017,3.8262,3h_SI3,3h,SI3,3h_SI2,3h,SI2,4.68637
1.9724418829749633,-0.5116966923756099,N900_RS00160,yihG,1.1543101833333336,-0.43317,4.2116,6h_SI6,6h,SI6,12h_SI1,12h,SI1,4.644769999999999
-0.44842557777170144,1.5866342330990413,N900_RS00165,dsba,0.12588415,-3.4222,3.7881,6h_SI8,6h,SI8,1h_SI1,1h,SI1,7.2103
1.7820906199635633,-2.191260403932112,N900_RS00170,serine/threonine protein kinase,1.3087315166666664,-0.2317,3.81,1h_st,1h,st,3h_SI5,3h,SI5,4.0417
0.4013480075323588,-3.339206341390389,N900_RS00175,ccoG,1.7052086000000002,-0.011665,5.0217,6h_SI1,6h,SI1,6h_SI4,6h,SI4,5.033365
-0.7332869798541277,1.0657952556529833,N900_RS00180,yihD,0.6527487766666666,-2.3226,4.8509,6h_SI5,6h,SI5,3h_SI4,3h,SI4,7.173500000000001
1.0542696275949144,2.150241112916045,N900_RS00185,VC_0038,1.9537398333333336,-1.9606,9.2447,12h_SI8,12h,SI8,6h_st,6h,st,11.2053
1.8984041547078885,-0.6875783750687188,N900_RS00190,SpoOM-related protein,1.258719116666667,-0.37554,4.6742,3h_SI3,3h,SI3,6h_st,6h,st,5.04974
-0.6442183113325735,-0.1643556151591964,N900_RS00195,yqfA,1.2816228333333333,-1.3095,4.9413,12h_SI2,12h,SI2,3h_SI4,3h,SI4,6.2508
1.0902272411462448,-1.8519434989445918,N900_RS00200,VC_0041,1.1777025166666666,-0.17352,4.1804,1h_SI2,1h,SI2,6h_SI4,6h,SI4,4.35392
2.3015444968003225,-0.7914304367711587,N900_RS00205,trkI,1.5978866,-0.43912,5.0215,1h_SI9,1h,SI9,3h_SI3,3h,SI3,5.46062
-0.417293321633859,-3.0801802959854876,N900_RS00215,rsmB,1.1058841166666666,-0.54292,4.617,24h_st,24h,st,3h_SI3,3h,SI3,5.15992
-2.078490195570925,-1.7831296020022154,N900_RS00225,def1,0.8774843333333333,-1.1415,4.8272,6h_co,6h,co,3h_SI1,3h,SI1,5.9687
0.4690421121819863,-2.0911742533786573,N900_RS00230,VC_0047,1.1709372333333334,-0.13227,4.6166,6h_SI2,6h,SI2,3h_SI1,3h,SI1,4.74887
1.9876887430360206,0.20008032986528815,N900_RS00235,dprA,1.3675271666666662,0.10879,3.8477,1h_SI8,1h,SI8,3h_st,3h,st,3.73891
-2.144357355768262,-1.3937171502603707,N900_RS00240,smg,0.8821779666666667,-0.79253,4.6068,6h_SI2,6h,SI2,3h_SI1,3h,SI1,5.39933
3.273101616078396,-0.6014389510809465,N900_RS00245,topA_1,1.6392014999999998,-0.94353,6.1237,1h_SI8,1h,SI8,6h_st,6h,st,7.06723
-2.246124894862888,2.1081408929613374,N900_RS00250,purK,-0.47205640783333336,-2.8608,3.9392,24h_SI5,24h,SI5,6h_SI1,6h,SI1,6.8
-3.46739401655046,4.745833225440771,N900_RS00255,purE,-2.029291016666667,-5.0325,3.2053,12h_SI7,12h,SI7,1h_st,1h,st,8.2378
1.356316652762124,0.040995302219500984,N900_RS00260,tsaC,0.9043148500000001,-0.48726,4.666,6h_st,6h,st,3h_st,3h,st,5.15326
-3.468405466597694,-0.9477800104894658,N900_RS00265,hemF,-0.4489359333333333,-2.6648,2.7986,12h_SI4,12h,SI4,6h_SI4,6h,SI4,5.4634
-1.358894678477898,-0.07108597984405157,N900_RS00270,aroE,-0.4271091333333334,-2.1854,3.4301,24h_SI9,24h,SI9,1h_SI1,1h,SI1,5.6155
3.033372854314046,-0.19714488955553144,N900_RS00275,VC_0057,1.4906737333333333,-0.011576,3.6762,1h_SI8,1h,SI8,3h_SI1,3h,SI1,3.687776
1.1355082391580744,-0.4888634057930953,N900_RS00280,yrdA,1.496199483333333,-0.36939,4.21,6h_SI4,6h,SI4,3h_SI3,3h,SI3,4.57939
2.9225830036403977,0.44056313199185626,N900_RS00320,crcB,1.7163328333333332,-0.22227,4.6735,1h_SI4,1h,SI4,6h_SI4,6h,SI4,4.89577
1.2686576920943295,0.12564267722113068,N900_RS00325,thiC,1.7294315,0.21289,5.8496,1h_SI5,1h,SI5,12h_st,12h,st,5.63671
-4.253531174563277,0.47856419537102934,N900_RS00330,thiE,0.19236300500000006,-1.3637,3.305,3h_SI1,3h,SI1,12h_st,12h,st,4.6687
-2.7698767032400378,-0.1463830006118686,N900_RS00335,thiF,-0.08667852000000001,-1.9753,2.4508,12h_SI1,12h,SI1,3h_SI4,3h,SI4,4.4261
1.3501561288928885,-0.45753080777549193,N900_RS00340,thiS,1.7268275833333335,-0.037845,4.8625,3h_ce,3h,ce,3h_st,3h,st,4.900345
-0.48058364856304125,1.3979403002474526,N900_RS00345,thiG,1.2719991,-0.76005,4.8816,6h_SI5,6h,SI5,6h_SI2,6h,SI2,5.641649999999999
2.714935002079905,-2.345176620058348,N900_RS00350,thiH,1.591140666666667,-0.12643,4.3913,1h_SI9,1h,SI9,6h_SI2,6h,SI2,4.51773
0.6443335542302648,-2.2914340656379775,N900_RS00355,aminopeptidase P,1.48602565,-0.048651,4.2556,3h_ce,3h,ce,3h_st,3h,st,4.304251000000001
-0.9090746135000596,-1.3029392152049095,N900_RS00360,LysR family transcriptional regulator_1,1.0657311433333334,-1.2061,4.6525,6h_SI1,6h,SI1,1h_st,1h,st,5.8586
-0.45348478913463985,-1.621838740292319,N900_RS00365,mdtL_1,1.440287,0.2639,6.1683,1h_SI7,1h,SI7,6h_ce,6h,ce,5.904400000000001
-3.156575059933434,-3.2017507894369723,N900_RS00370,VC_0070,0.9191276733333333,-1.2497,5.2072,12h_SI3,12h,SI3,6h_ce,6h,ce,6.4569
-3.6624096187218527,-0.308902975848103,N900_RS00375,asnC,0.4175280066666666,-0.98202,5.0777,12h_SI4,12h,SI4,3h_SI3,3h,SI3,6.05972
1.3171352285055224,-0.18055954966891408,N900_RS00380,VC_0072,1.3673203333333335,0.04101,4.5015,6h_st,6h,st,3h_SI2,3h,SI2,4.46049
2.4256195789755672,-0.08807444496662176,N900_RS00385,rsmJ,0.9234460949999999,-0.61044,3.6809,12h_st,12h,st,3h_SI4,3h,SI4,4.29134
-2.1819408735523806,-0.5469685623096657,N900_RS00390,VC_0074,-0.039616166666666675,-1.9855,3.2288,6h_SI3,6h,SI3,1h_SI1,1h,SI1,5.2143
0.3507430902994848,1.766210354901673,N900_RS00395,eamA_2,1.3076575333333333,-0.36745,4.8676,6h_SI4,6h,SI4,6h_st,6h,st,5.23505
-2.539458872751171,-2.882167185664328,N900_RS00400,uspA_1,0.6777416833333333,-1.0016,6.4547,1h_SI4,1h,SI4,6h_ce,6h,ce,7.4563
-1.9274901905045767,0.46072105305913,N900_RS00410,ftnA,0.5691082033333335,-0.83519,3.5502,24h_ce,24h,ce,6h_st,6h,st,4.38539
2.1120002156400144,2.0543101743816123,N900_RS00415,uspB,1.58307705,-0.5983,5.368,1h_SI6,1h,SI6,3h_st,3h,st,5.9663
-2.1275832149264167,0.06995237052883957,N900_RS00420,rdsA_BLAST,0.3981370333333334,-1.4084,3.71,6h_SI1,6h,SI1,1h_SI1,1h,SI1,5.1184
0.24921098133888941,-0.6866794414967059,N900_RS00425,eamA_1,1.3472523999999997,-0.015277,4.29,3h_st,3h,st,6h_SI3,6h,SI3,4.305277
-0.8280553297023121,0.5629515634764907,N900_RS00430,rmuC,0.5036677166666667,-1.0591,4.7668,24h_SI1,24h,SI1,3h_SI3,3h,SI3,5.8259
0.6210378195445609,-1.9976751878424737,N900_RS00440,ubiJ,1.5304535166666662,-0.060119,4.8463,6h_SI3,6h,SI3,3h_SI5,3h,SI5,4.9064190000000005
-0.8690503376560001,-0.7810774311750084,N900_RS00450,tatA,1.3249814333333334,-0.60989,7.068,1h_SI4,1h,SI4,3h_SI5,3h,SI5,7.67789
2.592916881546447,-2.017769188274045,N900_RS00455,tatB,1.6623136333333333,-0.048393,5.0921,24h_SI7,24h,SI7,12h_SI1,12h,SI1,5.140493
1.0504429331039935,-1.4646524552301514,N900_RS00460,tatC,1.4558110499999999,-0.33556,6.3457,1h_SI2,1h,SI2,3h_SI1,3h,SI1,6.68126
1.3638779850524223,-2.171166452705641,N900_RS00465,ccp,0.8202505083333335,-0.66306,4.3113,6h_st,6h,st,12h_SI2,12h,SI2,4.97436
1.2811850490225938,-0.15439204884373353,N900_RS00470,dinF,0.811699605,-0.80583,3.963,3h_SI7,3h,SI7,6h_st,6h,st,4.76883
-0.3160463111504028,1.733269594824575,N900_RS00475,class I SAM-dependent methyltransferase_2,1.5607054466666666,-1.2064,5.891,12h_SI4,12h,SI4,6h_SI3,6h,SI3,7.0974
0.06911916929859885,1.4310072315304991,N900_RS00480,lexA,0.63223435,-2.1795,6.2653,1h_SI4,1h,SI4,6h_SI2,6h,SI2,8.4448
0.01683834690730368,2.395878565286874,N900_RS00485,plsB,-0.34955572349999997,-2.5303,2.5991,12h_SI5,12h,SI5,12h_st,12h,st,5.1294
2.804954616997679,3.2893129941661083,N900_RS00490,ubiA,1.662903361666667,-0.25003,3.8569,6h_SI9,6h,SI9,12h_st,12h,st,4.10693
0.5895018724153487,-2.884702446069699,N900_RS00495,chorismate lyase,1.5326033333333333,0.35757,5.65,1h_SI7,1h,SI7,3h_SI4,3h,SI4,5.29243
-3.2655271190195996,-0.049052017525614056,N900_RS00505,fliL_2,0.62630315,-1.1791,4.6909,12h_SI1,12h,SI1,6h_ce,6h,ce,5.87
-1.6342421845817625,-0.6757053194657898,N900_RS00510,methyl-accepting chemotaxis protein_4,0.5143753383333334,-0.88686,4.4865,6h_SI1,6h,SI1,3h_SI3,3h,SI3,5.37336
2.2220368304499196,-0.8026738476743471,N900_RS00515,glpG,1.3559726438333333,-0.029649,4.2055,3h_SI6,3h,SI6,3h_SI2,3h,SI2,4.235149
-1.7547766616942424,0.6900751320495211,N900_RS00520,glpE,0.17198755000000002,-1.8139,3.3697,6h_ce,6h,ce,3h_SI3,3h,SI3,5.1836
-5.701615814379237,-0.3118236386840787,N900_RS00525,VC_0101,-0.5902245206666665,-2.5925,3.1908,24h_st,24h,st,1h_SI1,1h,SI1,5.7833
-6.75635542647596,0.31473770826891134,N900_RS00530,tatd,-0.7705138500000001,-2.6296,2.9959,24h_st,24h,st,3h_SI5,3h,SI5,5.6255
-0.7692913399351236,-0.11661146087649865,N900_RS00540,ypeA_1,0.1845046133333334,-1.1433,3.5878,3h_SI3,3h,SI3,1h_SI1,1h,SI1,4.7311
-1.1945529583720014,-2.366075919073349,N900_RS00555,cc4,1.3794895216666665,-0.6652,6.5821,1h_SI5,1h,SI5,6h_SI4,6h,SI4,7.247299999999999
1.954658276637887,1.0147886264989616,N900_RS00560,class I SAM-dependent methyltransferase_4,1.0447400999999998,-0.16738,3.3627,24h_SI9,24h,SI9,3h_SI2,3h,SI2,3.53008
-0.14814505829370317,-1.0647428852834746,N900_RS00565,yihI,1.6190095500000004,-0.56646,5.6083,1h_SI2,1h,SI2,1h_SI1,1h,SI1,6.17476
-1.1016448311226548,4.3716231243806245,N900_RS00570,VC_0115,0.9985721499999999,-1.6564,6.8361,6h_SI5,6h,SI5,3h_st,3h,st,8.4925
1.411775908119151,-2.691269811383953,N900_RS00575,hemN,2.4805226666666664,0.23374,6.1352,1h_SI1,1h,SI1,6h_ce,6h,ce,5.90146
-4.762079197604011,-1.0941284403074478,N900_RS00580,hemy,-0.1706919166666667,-1.6451,2.7528,12h_SI1,12h,SI1,3h_SI6,3h,SI6,4.3979
-0.812914992266069,0.5500984461646721,N900_RS00585,HemX,0.8413051166666666,-1.4146,4.5733,6h_SI1,6h,SI1,1h_st,1h,st,5.9879
-4.126117524094471,0.2858659696734211,N900_RS00600,VC_0121,0.11754571833333329,-2.9929,4.2155,12h_SI5,12h,SI5,1h_SI1,1h,SI1,7.208399999999999
2.5975502126846433,3.287427729643902,N900_RS00605,class I adenylate cyclase,0.983545725,-0.84265,2.9777,6h_SI9,6h,SI9,12h_st,12h,st,3.82035
2.1653869101394783,2.8420752326138503,N900_RS00610,cyaY,-0.07653811666666667,-2.1613,2.7422,12h_ce,12h,ce,12h_SI3,12h,SI3,4.9035
0.28429938054616466,-1.2751737910455925,N900_RS00615,lipoprotein,0.7600619500000002,-1.3587,4.3559,1h_SI1,1h,SI1,6h_SI4,6h,SI4,5.7146
-3.0170244950077447,4.37236482517968,N900_RS00620,lysA,-0.6041504833333333,-3.411,5.0984,6h_SI6,6h,SI6,1h_st,1h,st,8.5094
1.8058783853731901,-1.4634285690656115,N900_RS00630,VC_0127,0.6924454499999999,-0.96672,3.7161,3h_SI9,3h,SI9,3h_SI4,3h,SI4,4.6828199999999995
-3.727383374737888,-0.23070422483929331,N900_RS00635,xerC,-0.7535026816666667,-2.9001,2.0488,6h_co,6h,co,1h_SI1,1h,SI1,4.9489
-0.5107000993103408,-1.3903009668631747,N900_RS00640,yigB,0.86147158,-0.89298,3.8617,6h_SI2,6h,SI2,12h_SI2,12h,SI2,4.75468
1.6320158880601179,1.4334631787790424,N900_RS00645,cdpA,1.70551305,-0.034254,4.779,1h_SI8,1h,SI8,1h_st,1h,st,4.813254
-1.7433508581143238,-0.67212093782099,N900_RS00650,VC_0131,0.754079075,-0.87026,4.0816,6h_SI1,6h,SI1,3h_SI1,3h,SI1,4.95186
0.2918677213181953,-0.06122656062271503,N900_RS00655,membrane protein_2,0.7059646166666668,-0.90133,4.5236,3h_SI1,3h,SI1,6h_st,6h,st,5.42493
0.39824440371458847,-0.6766514463449456,N900_RS00660,VC_0133,0.7008000883333333,-0.63323,3.0587,3h_st,3h,st,3h_SI4,3h,SI4,3.69193
0.6421424129469813,0.3132689499287196,N900_RS00665,yigL,0.6587722983333334,-0.72221,4.1468,3h_SI5,3h,SI5,3h_SI1,3h,SI1,4.869009999999999
-0.13621108438423768,1.6202900149869066,N900_RS00670,ytpA,1.2163169666666667,-0.42223,4.4342,6h_SI4,6h,SI4,12h_st,12h,st,4.85643
1.2972790518027786,-0.4007295919670708,N900_RS00675,rhtB,1.5416369333333333,0.079106,4.1993,1h_SI7,1h,SI7,6h_st,6h,st,4.120194
0.3604308952188573,-0.9035441921188119,N900_RS00680,cdgJ_1,0.6302034833333334,-0.98312,3.9188,3h_co,3h,co,3h_SI1,3h,SI1,4.9019200000000005
-0.044294643388394395,-0.8488247760152645,N900_RS00685,DNA starvation/stationary phase protection protein,1.4176418333333336,-0.58104,4.0655,12h_SI2,12h,SI2,6h_SI4,6h,SI4,4.64654
-4.469433533279924,2.8990022158290936,N900_RS00690,VC_0140,-0.4742885166666667,-2.5567,4.7887,6h_SI6,6h,SI6,1h_ce,1h,ce,7.345400000000001
-0.6567020007111966,-0.4494140328235361,N900_RS00695,VC_0142,1.51118885,-0.13062,5.802,6h_ce,6h,ce,1h_ce,1h,ce,5.93262
-2.7190904169395465,1.636257021803782,N900_RS00705,Pseudogene_N900_RS00705,0.6146072500000002,-1.1903,5.5069,12h_SI4,12h,SI4,6h_st,6h,st,6.6972
2.6278216040922446,0.9298060745080988,N900_RS00710,lysoplasmalogenase_1,1.4763866666666665,0.18203,4.2859,6h_ce,6h,ce,6h_st,6h,st,4.10387
0.2677612825315512,-1.7782877811982298,N900_RS00715,VC_0145,0.6058417166666668,-0.87444,3.6763,12h_st,12h,st,3h_SI3,3h,SI3,4.55074
-0.7127070570446081,-3.1542800992096867,N900_RS00720,rsmD,0.5461251500000001,-1.1989,3.7187,6h_SI1,6h,SI1,12h_SI1,12h,SI1,4.9176
0.1732165196648472,2.5466912853748918,N900_RS00730,ftsE,0.008029538233333333,6.3514e-05,0.14335,6h_SI7,6h,SI7,6h_st,6h,st,0.14328648600000002
2.007719141459087,2.9673152082862826,N900_RS00735,ftsX,1.1239662949999998,-0.88995,4.8428,24h_ce,24h,ce,6h_st,6h,st,5.73275
1.410195108679793,-2.01547178279241,N900_RS00745,sthA,1.1094407333333336,-0.28939,3.4948,3h_co,3h,co,3h_SI5,3h,SI5,3.78419
2.7614887023771457,-0.4679965496578321,N900_RS00750,fabR,1.2588140316666667,-0.26161,3.877,3h_ce,3h,ce,3h_st,3h,st,4.13861
1.0970016792776587,1.26462397080431,N900_RS00755,yijd,0.9526409666666666,-0.63701,6.2139,1h_ce,1h,ce,6h_SI1,6h,SI1,6.85091
1.594245524153492,0.19327069778479528,N900_RS00760,trmA,1.3786812833333333,0.015237,4.1149,3h_st,3h,st,3h_SI3,3h,SI3,4.099663
0.25072333983814543,1.414039445536767,N900_RS00765,btuB,0.8134078183333333,-0.39857,3.9313,24h_SI8,24h,SI8,3h_st,3h,st,4.32987
1.4237224672670417,-0.6626614362995843,N900_RS00770,S8 family peptidase,0.9447001833333333,-0.42231,3.5087,1h_st,1h,st,3h_SI1,3h,SI1,3.93101
0.979399423252949,-1.5311042869063618,N900_RS00780,RNA-binding protein,0.9666030216666667,-0.8883,4.0206,12h_SI1,12h,SI1,3h_st,3h,st,4.9089
-0.27195581199607277,-0.32256270321755587,N900_RS00810,add,0.6931469433333333,-0.74171,4.4996,1h_SI1,1h,SI1,3h_SI1,3h,SI1,5.24131
1.6812731095633335,-0.5372077529352768,N900_RS00815,VC_2750,1.4899632666666662,-0.048524,4.7778,1h_st,1h,st,3h_SI2,3h,SI2,4.826324
-1.247357384786737,-2.471050957681737,N900_RS00820,ntrC,1.3368653666666666,-0.52513,4.7884,1h_SI8,1h,SI8,1h_co,1h,co,5.31353
1.5392702662334283,0.542647872896497,N900_RS00825,ntrB,0.7965356883333333,-0.76746,3.5315,3h_SI4,3h,SI4,6h_st,6h,st,4.29896
0.5772775331079281,0.07531669944190833,N900_RS00830,VC_2747,0.5607836883333334,-0.8329,3.6627,3h_SI1,3h,SI1,3h_SI3,3h,SI3,4.4956
-2.5784315321339553,3.8478186544210744,N900_RS00835,glnA,0.8209512333333334,-2.1525,4.3908,12h_ce,12h,ce,1h_ce,1h,ce,6.5432999999999995
1.027346318098326,-2.0014734037604165,N900_RS00840,VC_2745,1.4161308683333333,-0.877,5.6434,1h_co,1h,co,3h_SI1,3h,SI1,6.5203999999999995
2.485258065211487,-1.5132394030874878,N900_RS00845,typA,0.78737738,-0.89425,3.5806,1h_st,1h,st,3h_SI3,3h,SI3,4.47485
0.6054280616784644,-0.7431358707307494,N900_RS00850,ATPase,1.2699065,-0.42999,4.2667,6h_SI3,6h,SI3,3h_SI4,3h,SI4,4.69669
0.741216063829484,0.4771124150572459,N900_RS00855,VC0395_A2314_BLAST,0.678074905,-0.96636,3.8005,12h_st,12h,st,6h_SI2,6h,SI2,4.76686
1.0372507865953118,-1.214574392131295,N900_RS00860,dtd,1.215039201666667,-0.32542,4.8978,3h_SI3,3h,SI3,3h_SI5,3h,SI5,5.22322
1.3833862071236007,0.20983073505857452,N900_RS00865,GNAT family N-acetyltransferase_2,0.7499508216666666,-0.54857,4.1935,3h_st,3h,st,6h_st,6h,st,4.74207
1.177825048228363,1.0179487017098563,N900_RS00870,asma_2,1.1580553666666666,-0.20654,3.6105,12h_st,12h,st,12h_SI1,12h,SI1,3.81704
1.2469492541659521,-2.51027360649065,N900_RS00875,pckA,1.7890471666666667,-0.21375,5.4573,1h_SI9,1h,SI9,3h_SI2,3h,SI2,5.67105
-0.006372349395359134,3.328282767081264,N900_RS00880,hslo,-0.5956317333333333,-3.5484,3.2289,6h_SI7,6h,SI7,1h_st,1h,st,6.7773
0.6057843239175709,-0.10096470629496329,N900_RS00885,hslR,1.586963933333333,-0.24213,6.3869,1h_co,1h,co,3h_SI5,3h,SI5,6.62903
0.3956233677072354,-3.1802475626298676,N900_RS00890,gspC,0.7925288999999999,-0.90995,4.1697,12h_SI1,12h,SI1,3h_SI1,3h,SI1,5.07965
2.9778900042683016,3.132982316921334,N900_RS00895,gspD,1.7179854600000002,-0.15869,3.9483,6h_SI9,6h,SI9,12h_st,12h,st,4.10699
2.948210403601565,3.1801311674373594,N900_RS00900,gspE,1.7992057999999995,-0.10818,4.0041,6h_SI9,6h,SI9,12h_st,12h,st,4.11228
3.1363107999762914,2.7066798446959544,N900_RS00905,gspF,1.8910172000000003,-0.065448,4.0416,6h_SI9,6h,SI9,12h_st,12h,st,4.107048
2.284454626245357,3.2600438801395226,N900_RS00910,gspG,1.9260644333333337,-0.067187,5.3857,6h_SI9,6h,SI9,1h_co,1h,co,5.452887
0.942537115966041,0.44712632625154164,N900_RS00915,epsH,-0.012676316666666698,-4.0234,3.8558,1h_SI6,1h,SI6,12h_SI3,12h,SI3,7.879199999999999
2.9628146312929147,3.1973928468468933,N900_RS00920,gspI,1.8283991166666667,-0.061413,4.0456,6h_SI9,6h,SI9,12h_st,12h,st,4.107013
-1.0821596393951116,0.23698346982064503,N900_RS00925,gspJ,0.005504218653333334,-0.00016616,0.31094,12h_ce,12h,ce,6h_SI2,6h,SI2,0.31110616
2.8968284090685694,3.26075863298735,N900_RS00930,epsK,0.9858294983333333,-0.8007,3.0919,12h_SI9,12h,SI9,12h_st,12h,st,3.8926
2.504767160554051,2.8370723429200777,N900_RS00940,epsM,0.7762354333333334,-1.2819,2.7012,12h_SI7,12h,SI7,12h_st,12h,st,3.9831000000000003
2.436061711370792,-1.7646514064312302,N900_RS00945,epsN,0.8750885166666665,-0.65876,4.3504,1h_st,1h,st,6h_SI4,6h,SI4,5.00916
-3.4705150035252994,1.1574870838592166,N900_RS00950,cysQ,0.08073376333333333,-1.6257,2.6415,12h_SI1,12h,SI1,3h_SI3,3h,SI3,4.2672
-0.053117007554114526,-2.243723758743823,N900_RS00955,nudE,1.54856882,-0.51481,4.6003,6h_SI1,6h,SI1,6h_ce,6h,ce,5.11511
0.6007075358897409,3.046003464027962,N900_RS00960,nfua,-1.3659276666666662,-3.6879,0.95215,12h_ce,12h,ce,6h_SI1,6h,SI1,4.6400500000000005
-2.7008724252217853,-0.19429770848805716,N900_RS00970,bioH,-0.5623147283333334,-2.94,3.8849,12h_SI8,12h,SI8,6h_SI2,6h,SI2,6.8248999999999995
2.1121058269104056,-0.40752221745516426,N900_RS00975,VC_2717,0.98581255,-0.3205,4.1587,12h_st,12h,st,3h_SI3,3h,SI3,4.4792
2.7975366827617005,1.9090284265651216,N900_RS00980,yhgF,1.3155077999999998,-0.32711,4.873,3h_co,3h,co,3h_st,3h,st,5.2001100000000005
1.214001270959523,1.7955706054941318,N900_RS00985,greB,1.3064548999999999,0.031384,4.8293,3h_SI4,3h,SI4,3h_SI2,3h,SI2,4.797916
2.767875847742185,0.3942286685362571,N900_RS00990,ompR,1.5554377499999998,-0.15497,4.418,1h_SI4,1h,SI4,3h_SI4,3h,SI4,4.57297
1.5015421658496892,-1.4623924812598696,N900_RS00995,envZ,1.1194395499999998,-0.43255,3.3601,6h_st,6h,st,3h_SI3,3h,SI3,3.79265
0.9708192627686296,-0.8553823271079275,N900_RS01000,xanP_BLAST,1.540607833333333,0.29104,4.2086,3h_st,3h,st,3h_SI2,3h,SI2,3.9175599999999995
0.782924051292758,-1.245156226750752,N900_RS01005,recG,0.9813041833333335,-0.74057,4.7796,6h_SI2,6h,SI2,12h_SI2,12h,SI2,5.52017
-1.6900078474630333,-0.9937852697200429,N900_RS01015,rpoZ,1.6308918333333335,-0.04551,5.209,3h_ce,3h,ce,3h_SI5,3h,SI5,5.25451
0.29612141263112246,0.06510230805485956,N900_RS01025,yhhQ,1.2226435700000002,-0.51245,4.5734,6h_SI3,6h,SI3,1h_SI1,1h,SI1,5.085850000000001
2.413322874522951,-0.07349412382122306,N900_RS01030,actP,1.3509199833333332,-0.067191,3.7989,3h_ce,3h,ce,6h_st,6h,st,3.866091
-0.9795928094576558,-1.637394745528484,N900_RS01035,VC_2704,0.4485096366666666,-1.6395,3.4016,6h_SI3,6h,SI3,6h_SI4,6h,SI4,5.0411
1.8508018830784048,-3.6595036086117885,N900_RS01040,nhaP2,1.139512368333333,-0.49865,3.465,6h_st,6h,st,6h_SI4,6h,SI4,3.96365
-1.4187589176537414,-2.977059292541295,N900_RS01045,narL,1.3651410000000006,-1.2863,4.9004,1h_SI9,1h,SI9,3h_SI5,3h,SI5,6.1867
-0.522074395140184,-0.8773610636752853,N900_RS01050,dsbd,0.6178930349999999,-1.6209,4.5477,24h_SI5,24h,SI5,3h_SI4,3h,SI4,6.1686
0.7450477393065249,1.2762406874862435,N900_RS01065,dcuA,1.1497961333333333,-1.2017,5.2623,6h_SI5,6h,SI5,6h_SI3,6h,SI3,6.4639999999999995
-1.8537534843886567,1.6410925462710797,N900_RS01070,aspA,-0.3583605450000001,-3.2603,2.2554,6h_co,6h,co,6h_SI1,6h,SI1,5.5157
0.0831163155893071,0.3451438091722531,N900_RS01075,VC_2697,0.8340658133333334,-0.7754,3.6524,6h_SI1,6h,SI1,6h_st,6h,st,4.4278
0.035882772187858514,-2.70679931073724,N900_RS01080,fxsA,1.4557199833333334,-0.64076,4.3479,1h_ce,1h,ce,3h_SI3,3h,SI3,4.98866
1.4326749447592766,-1.5612197158538177,N900_RS01085,trmL,1.53203315,0.063819,4.7439,3h_SI5,3h,SI5,3h_SI2,3h,SI2,4.680081
-1.0642316564614154,-1.7502945116967958,N900_RS01090,superoxide dismutase,0.7178741116666667,-0.77886,3.6767,12h_SI1,12h,SI1,1h_ce,1h,ce,4.45556
-0.743060266607733,0.15969144846418157,N900_RS01095,cpxA,0.2404347733333333,-1.3497,2.8731,6h_st,6h,st,1h_SI1,1h,SI1,4.222799999999999
-3.2641741440734613,-1.6666545704335878,N900_RS01100,cpxR,0.2803164166666667,-1.7866,3.3916,12h_SI2,12h,SI2,3h_SI1,3h,SI1,5.1782
2.232732254346396,1.4612529526002955,N900_RS01105,cpxp,1.6984868333333332,0.20187,5.296,1h_SI8,1h,SI8,3h_st,3h,st,5.09413
1.703717308604089,-1.5634013941418463,N900_RS01110,fieF,0.7046117333333334,-0.79582,3.121,3h_st,3h,st,3h_SI4,3h,SI4,3.91682
1.9602101428165595,4.164920439647335,N900_RS01115,pfkA,2.268976666666666,0.11509,10.534,12h_SI6,12h,SI6,12h_st,12h,st,10.41891
-0.019030043595903656,0.2623361362544979,N900_RS01120,glpX,0.9094033816666666,-0.39211,4.2111,6h_st,6h,st,3h_st,3h,st,4.60321
-2.9623526525220263,2.0481862445199215,N900_RS01125,zapB,-0.41199565,-2.2644,3.0583,6h_SI9,6h,SI9,3h_SI3,3h,SI3,5.3227
1.530790057066235,0.6833920790611429,N900_RS01130,metF,0.9449273566666668,-0.58923,5.5767,1h_st,1h,st,6h_st,6h,st,6.1659299999999995
1.9084344806741749,0.6023107367662147,N900_RS01135,metL,1.2615714999999998,-0.06249,3.2244,3h_ce,3h,ce,1h_ce,1h,ce,3.28689
-1.3385704673437695,-0.4114675350872402,N900_RS01140,metB,0.5978118666666667,-0.9966,3.5194,6h_SI2,6h,SI2,3h_st,3h,st,4.516
-1.3375572918042824,-0.10216402956036025,N900_RS01145,metJ,1.2044465833333333,-2.2597,6.1641,12h_SI8,12h,SI8,6h_SI4,6h,SI4,8.4238
0.21786670109592388,0.24908956029448182,N900_RS01150,maeB,1.4276850666666665,-0.19026,5.0015,6h_SI1,6h,SI1,1h_ce,1h,ce,5.19176
2.7897030628695303,3.317653793285062,N900_RS01155,rpmE,1.1410749000000002,-0.78876,3.3251,6h_SI9,6h,SI9,12h_st,12h,st,4.11386
2.379546945405724,-0.5296439559728147,N900_RS01165,cytR,1.2062650966666666,-0.61034,4.0942,1h_SI9,1h,SI9,3h_SI9,3h,SI9,4.70454
1.3534085550471477,-1.9768160679295916,N900_RS01175,hslV,1.3820201166666666,-0.065906,4.9458,1h_SI7,1h,SI7,3h_SI3,3h,SI3,5.011706
-3.086187915088991,-3.807522902919717,N900_RS01180,hslU,0.4620350833333333,-1.1661,3.2565,6h_SI3,6h,SI3,3h_SI4,3h,SI4,4.4226
2.7877689799824887,-1.2001402240984234,N900_RS01185,menA,2.154915,-0.73883,5.2524,1h_SI5,1h,SI5,3h_st,3h,st,5.99123
-0.6481297684176441,-3.206761638695879,N900_RS01190,rraA,1.1823383666666665,-0.34668,3.5693,6h_st,6h,st,3h_SI6,3h,SI6,3.9159800000000002
-1.3367907595637032,-1.2559787119829102,N900_RS01195,norM_1,0.6347305333333334,-0.64557,3.7499,24h_SI3,24h,SI3,12h_SI1,12h,SI1,4.3954699999999995
2.9413215324748796,3.201574071168867,N900_RS01200,tpiA,1.5451854000000003,-0.37273,3.5903,12h_ce,12h,ce,12h_st,12h,st,3.96303
1.4140460052302544,0.5731194778654979,N900_RS01205,5-carboxymethyl-2-hydroxymuconate Delta-isomerase,0.9432351833333333,-0.30939,3.8912,1h_st,1h,st,3h_SI1,3h,SI1,4.20059
0.15574547414129203,-0.8382999279814547,N900_RS01210,VC_2668,1.2921297166666668,-0.2177,5.089,6h_SI2,6h,SI2,3h_SI2,3h,SI2,5.3067
2.899726105886776,-2.641163288655106,N900_RS01215,VC_2667,1.5249075,-0.67812,4.9795,1h_ce,1h,ce,3h_SI5,3h,SI5,5.65762
-1.6820299529098486,-1.455778062600196,N900_RS01220,transcriptional regulator_1,1.3818629166666667,-0.27229,5.7235,3h_SI9,3h,SI9,3h_st,3h,st,5.9957899999999995
-0.09925971330315964,-0.7941289837780281,N900_RS01235,VC_2662,0.6819741,-0.69568,4.122,12h_st,12h,st,3h_SI1,3h,SI1,4.81768
-0.5539016583263621,3.0589989034489253,N900_RS01240,epmB,0.4452101,-2.6499,3.3108,6h_SI7,6h,SI7,1h_co,1h,co,5.9607
-0.8231944834381415,3.4458043998869137,N900_RS01245,efp,-0.27422691666666665,-2.8885,3.1408,6h_SI7,6h,SI7,3h_SI9,3h,SI9,6.0293
-1.0509695551725708,-2.4340338316511603,N900_RS01250,frdD,1.46398275,-0.63528,5.7864,1h_SI5,1h,SI5,3h_SI1,3h,SI1,6.42168
-2.1422609467908456,-3.708272761944856,N900_RS01255,frdC,1.4661603333333335,-0.48517,4.017,1h_SI3,1h,SI3,6h_ce,6h,ce,4.5021700000000004
0.7925038099684545,-1.3525641115570737,N900_RS01260,frdB,1.9510957833333333,-1.3096,4.5376,1h_SI5,1h,SI5,3h_SI7,3h,SI7,5.847200000000001
1.3939654189927166,-1.5842669102665123,N900_RS01265,frdA,1.546157416666667,-0.69802,4.5877,1h_SI5,1h,SI5,3h_SI4,3h,SI4,5.2857199999999995
-0.25561432346587054,3.492516594126683,N900_RS01270,epmA,-0.8947543666666667,-3.5814,1.5267,12h_SI8,12h,SI8,3h_SI9,3h,SI9,5.1081
-3.5189500428520217,0.4359330262101859,N900_RS01275,yibN,-0.10389638333333337,-2.6806,4.391,24h_SI5,24h,SI5,6h_ce,6h,ce,7.0716
-2.7227774902362945,1.672753547115518,N900_RS01280,secB,-0.13036073833333334,-1.5787,3.3881,6h_SI4,6h,SI4,6h_SI3,6h,SI3,4.9668
2.9811763682943937,3.121399219080063,N900_RS01285,gpsA,0.8306441166666667,-1.063,3.039,12h_SI7,12h,SI7,12h_st,12h,st,4.102
2.9913047400730894,2.9598277388980474,N900_RS01290,cysE,1.9786214666666666,-0.060292,6.2797,6h_SI9,6h,SI9,12h_SI1,12h,SI1,6.339992
-1.3492293041156,4.554655709916847,N900_RS01295,PadR family transcriptional regulator,-1.0386439,-4.3031,4.736,12h_SI7,12h,SI7,6h_st,6h,st,9.0391
1.0783108949268456,-0.9403656887456417,N900_RS01300,ppc,1.1711993333333335,-0.36707,4.2879,3h_SI3,3h,SI3,3h_st,3h,st,4.65497
1.0812095782043407,0.13840439410394198,N900_RS01305,argE,1.6609314499999999,0.056167,5.2321,24h_SI9,24h,SI9,1h_SI1,1h,SI1,5.175933
0.7473701942971926,0.06509755519816857,N900_RS01310,argC,0.7060048716666666,-0.93551,3.0984,3h_st,3h,st,6h_SI3,6h,SI3,4.03391
1.135673782953817,-0.23715025786390354,N900_RS01315,argB,1.4612119833333337,-0.018999,5.2771,6h_st,6h,st,3h_SI1,3h,SI1,5.296099
-2.73409034587977,0.20357180186048654,N900_RS01320,argG,-0.29624398333333335,-2.1968,3.8365,12h_SI1,12h,SI1,6h_ce,6h,ce,6.0333000000000006
-2.5180843440025393,-0.28331168225470693,N900_RS01325,argH,0.16767774833333335,-1.637,6.1234,24h_SI1,24h,SI1,3h_SI1,3h,SI1,7.760400000000001
-1.8303506048163016,0.19735062703549155,N900_RS01330,VC_2640,0.6613357058333332,-1.4016,3.192,12h_SI8,12h,SI8,1h_co,1h,co,4.5936
2.0806337997372806,1.360470215172514,N900_RS01335,lpd,1.1815606333333335,-0.11837,4.3782,1h_SI5,1h,SI5,6h_SI2,6h,SI2,4.496569999999999
-0.4177260317619962,-1.8707533734831152,N900_RS01340,glutathione peroxidase,1.0858882633333335,-0.40625,4.3226,6h_st,6h,st,3h_SI5,3h,SI5,4.72885
0.8317533818018319,-1.367156380167259,N900_RS01345,oxyR,1.9078638333333335,0.25175,4.7487,3h_SI1,3h,SI1,3h_SI2,3h,SI2,4.49695
2.6662969988928236,1.3892132943084707,N900_RS01355,pilM,1.5490316016666668,-0.097333,4.7508,6h_ce,6h,ce,3h_st,3h,st,4.848133
2.2669374701450433,-1.2993385439855678,N900_RS01360,pilus assembly protein PilN,1.1552278166666663,-0.41744,3.5303,1h_st,1h,st,6h_SI2,6h,SI2,3.94774
0.12540074873782237,-1.2362302237516847,N900_RS01370,PilP,1.2034335666666667,-0.52898,5.2909,6h_SI2,6h,SI2,3h_SI5,3h,SI5,5.8198799999999995
0.4796757140569743,1.2836668064531875,N900_RS01375,fimbrial assembly protein,0.6893013833333335,-0.6847,3.9846,24h_st,24h,st,6h_SI3,6h,SI3,4.6693
0.06035350472323886,3.724486610258862,N900_RS01380,aroK,-0.6449199316666665,-3.2323,1.9277,12h_SI7,12h,SI7,1h_co,1h,co,5.16
-1.9904581043571683,1.0846702030716333,N900_RS01385,aroB,-0.1931404333333333,-1.8431,3.6411,24h_SI8,24h,SI8,3h_SI2,3h,SI2,5.4841999999999995
-1.6784869697333664,0.8294305296290296,N900_RS01390,damX_1,0.6265573398333334,-0.64991,3.6435,6h_SI5,6h,SI5,1h_SI1,1h,SI1,4.29341
2.4833300747911604,3.2465165030847034,N900_RS01400,ribulose-phosphate 3-epimerase,-0.11540333333333334,-2.2683,1.8892,12h_SI7,12h,SI7,6h_st,6h,st,4.1575
1.819040168849523,-1.906703689582193,N900_RS01405,gph,0.8096558,-0.85937,3.4672,12h_st,12h,st,6h_SI1,6h,SI1,4.32657
0.14021739677995537,-1.7552688419371076,N900_RS01415,ABC transporter substrate-binding protein_8,0.6515329,-0.98091,3.2782,3h_SI1,3h,SI1,6h_ce,6h,ce,4.25911
1.7869272018401086,-0.416353754327356,N900_RS01420,xds_1,1.4499489833333332,-0.095118,4.6483,12h_st,12h,st,3h_SI1,3h,SI1,4.743418
-3.258019919610583,0.31467969961531406,N900_RS01425,rimO,-0.1429793083333334,-1.6929,2.9461,6h_SI2,6h,SI2,6h_SI1,6h,SI1,4.639
-0.149091822195623,-0.29465381780056776,N900_RS01430,trpG_1,0.8003583166666667,-0.49309,3.3509,6h_st,6h,st,3h_SI3,3h,SI3,3.8439900000000002
-0.6854279471723834,-1.3775227306753604,N900_RS01435,aruC,0.4680254133333333,-1.8054,3.8989,6h_SI3,6h,SI3,3h_SI1,3h,SI1,5.7043
2.5629768018248837,0.049572250952341246,N900_RS01440,astA,1.3540975966666668,-0.0155,3.6926,1h_SI8,1h,SI8,3h_st,3h,st,3.7081
1.4179670401613125,-0.5588817149652938,N900_RS01445,astD,0.6391946166666665,-0.90441,3.2763,3h_SI8,3h,SI8,6h_ce,6h,ce,4.18071
-0.716263368921005,0.0019383810571030335,N900_RS01450,VC_2615,0.2730950993333333,-1.0232,3.4661,6h_ce,6h,ce,24h_SI1,24h,SI1,4.4893
2.517440320803119,3.47814880732396,N900_RS01455,crp,2.0031703333333333,-0.060826,4.0342,12h_SI7,12h,SI7,12h_st,12h,st,4.095026
0.9670639309681572,-1.7893915587405416,N900_RS01460,cfxP,0.4226522921666666,-0.85141,4.3948,12h_co,12h,co,3h_SI5,3h,SI5,5.24621
-1.447058988426615,0.39819906228251367,N900_RS01465,VC_2612_BLAST,1.404655783333333,-0.44854,5.4891,1h_ce,1h,ce,1h_st,1h,st,5.93764
-1.529538012986664,0.5798950083631147,N900_RS01470,hydrolase,-0.142223,-1.5155,2.7689,24h_st,24h,st,3h_SI3,3h,SI3,4.2844
-1.5879896787405523,-0.05208168626117399,N900_RS01475,VC_2609,0.205147665,-1.6491,3.5838,3h_SI8,3h,SI8,1h_st,1h,st,5.2329
0.2230598370527055,-0.9578142720492089,N900_RS01480,yheS,1.0682956833333335,-0.69079,4.6208,6h_SI7,6h,SI7,12h_SI2,12h,SI2,5.31159
2.928753586133209,-0.552139217177408,N900_RS01485,kefG,1.690265,-0.37017,4.6892,1h_ce,1h,ce,6h_SI4,6h,SI4,5.0593699999999995
-2.1090502005471685,1.1081720876128225,N900_RS01490,kefB,0.38382953966666666,-1.0072,3.742,3h_SI2,3h,SI2,1h_ce,1h,ce,4.7492
0.17781223560940962,0.015720834738299494,N900_RS01495,metal-binding protein,0.9276407550000001,-2.0213,4.1724,6h_SI6,6h,SI6,12h_SI2,12h,SI2,6.1937
1.5107402176271973,0.48876662908334567,N900_RS01500,slyD,1.5740337166666665,-0.57385,5.563,1h_SI2,1h,SI2,1h_st,1h,st,6.13685
1.7490807435049804,0.30312941584560876,N900_RS01505,iaaA,0.9606517411666666,-0.39422,4.0355,3h_SI9,3h,SI9,3h_st,3h,st,4.42972
-4.382960404254923,2.468457477788934,N900_RS01515,motX_BLAST,-1.1445433166666668,-3.4328,2.4798,24h_SI1,24h,SI1,3h_SI7,3h,SI7,5.912599999999999
2.199009178116979,-0.4132417787986691,N900_RS01520,VC_2600,1.2998625183333332,-0.084017,3.9514,3h_st,3h,st,12h_SI1,12h,SI1,4.035417
2.3685316848495193,-2.3353631273964504,N900_RS01525,rnr,1.1761258999999997,-0.88717,5.649,1h_SI7,1h,SI7,3h_SI5,3h,SI5,6.53617
-1.9513091126247484,0.16092604239857328,N900_RS01530,rlmB,0.39274771666666664,-2.1073,5.1136,24h_st,24h,st,3h_SI3,3h,SI3,7.2209
-0.8257948213665318,-0.7078852752095117,N900_RS01675,VC_2569,0.5745979616666667,-1.1414,4.2335,6h_SI1,6h,SI1,6h_st,6h,st,5.3749
-2.3483424097245713,-1.8351690110290724,N900_RS01680,fklB,0.3204985916666666,-1.7713,3.0453,6h_SI1,6h,SI1,3h_SI3,3h,SI3,4.8166
-0.5931794150634744,0.04569099775920049,N900_RS01685,LysM,0.5728361166666667,-1.5682,3.3574,6h_SI1,6h,SI1,3h_SI3,3h,SI3,4.9256
-2.8363665972848913,2.41649237461596,N900_RS01690,eamA_6,0.1730033466666667,-1.6463,2.727,6h_SI2,6h,SI2,3h_SI3,3h,SI3,4.3733
0.6640230343675273,-1.4078884278544044,N900_RS01695,elaA,1.659048833333333,-0.22072,4.8627,3h_SI2,3h,SI2,6h_ce,6h,ce,5.08342
-1.4364858140071892,-0.6217222813186719,N900_RS01700,dbpA,0.3822100499999999,-1.1716,3.6947,6h_st,6h,st,6h_ce,6h,ce,4.8663
-2.866413539996625,-0.1469036678629892,N900_RS01705,Crp/Fnr family transcriptional regulator_1,-0.24528708300000002,-1.8673,2.8387,12h_SI1,12h,SI1,3h_SI2,3h,SI2,4.7059999999999995
0.15066796496919288,-0.5142559603995778,N900_RS01710,cpdB,0.8495862500000001,-0.86833,4.8285,6h_SI3,6h,SI3,12h_SI1,12h,SI1,5.69683
0.10272528214765897,-2.867433221387958,N900_RS01715,cobA,0.93742956,-1.1059,4.125,3h_ce,3h,ce,6h_SI3,6h,SI3,5.2309
-1.3079388456486427,1.6488872360828681,N900_RS01720,cysD,0.9076814383333335,-0.74315,4.4163,6h_SI1,6h,SI1,6h_st,6h,st,5.15945
2.751688653813236,-0.7288828331815114,N900_RS01725,cysN,1.5308276666666667,-0.024636,4.246,3h_SI4,3h,SI4,6h_SI1,6h,SI1,4.2706360000000005
-3.7607626827030822,-1.8164897603090275,N900_RS01730,cysC,0.18312529499999994,-1.9734,3.2996,6h_SI3,6h,SI3,3h_SI2,3h,SI2,5.273
0.36216553876217805,-2.724938202581249,N900_RS01735,VC_2557,1.3290745333333334,-0.40895,5.3761,1h_co,1h,co,12h_SI1,12h,SI1,5.78505
-5.764922084354669,-0.35812228416765246,N900_RS01740,VC_2555,-0.12270337666666667,-1.6046,2.5168,12h_SI2,12h,SI2,24h_SI2,24h,SI2,4.1213999999999995
-0.574489898508804,-0.8136351431158333,N900_RS01745,ABC transporter permease_2,1.6455948333333337,-0.26204,5.1766,12h_SI3,12h,SI3,3h_SI1,3h,SI1,5.4386399999999995
-1.527015301177718,-1.4759695331712217,N900_RS01750,yknY_1,1.3082669249999996,-0.3633,4.4329,12h_SI2,12h,SI2,6h_SI2,6h,SI2,4.7962
-3.0465382211467493,-0.13326629767328507,N900_RS01755,VC_2552,1.1477850333333335,-1.2466,5.2535,3h_SI6,3h,SI6,6h_SI2,6h,SI2,6.5001
1.4717430497666362,0.6212774295628216,N900_RS01760,VC_2551,1.2136865099999998,-1.0402,4.1842,6h_SI2,6h,SI2,3h_SI3,3h,SI3,5.224399999999999
-1.2281262847828278,-3.031028895883131,N900_RS01765,ytfj,0.5881292899999998,-0.62353,3.5889,3h_co,3h,co,6h_ce,6h,ce,4.21243
-0.8542497689982249,0.8109069274815546,N900_RS01770,msrA,0.9963558616666666,-0.73513,4.4062,12h_SI1,12h,SI1,3h_st,3h,st,5.14133
-2.206983531363121,-2.7929319378666,N900_RS01775,outer membrane protein assembly factor,-0.16344024166666665,-1.7044,3.2661,6h_SI2,6h,SI2,6h_SI4,6h,SI4,4.9704999999999995
-2.0248551275196753,-2.39676697671882,N900_RS01780,tamb,0.0008717000000000086,-1.6244,2.611,6h_SI2,6h,SI2,3h_SI3,3h,SI3,4.2354
2.08488045222556,0.7501659713521911,N900_RS01785,ytfP,1.279173,-0.61645,4.9111,12h_st,12h,st,3h_SI1,3h,SI1,5.527550000000001
-1.3883856661905518,1.6641336506893765,N900_RS01795,fbp,0.7153675499999999,-1.0405,4.9842,1h_SI3,1h,SI3,6h_st,6h,st,6.0247
-2.461053407246185,0.8888987560839046,N900_RS01800,VC_2543,1.1475936666666666,-1.102,5.005,6h_ce,6h,ce,12h_SI2,12h,SI2,6.107
-1.3634975722225218,-1.192298382452686,N900_RS01805,mpl,0.5697061999999999,-0.79351,3.3147,12h_SI8,12h,SI8,12h_SI1,12h,SI1,4.108210000000001
0.40383882068694055,3.828418584949972,N900_RS01815,thiB,0.2382867166666666,-1.4292,4.6277,3h_SI4,3h,SI4,3h_st,3h,st,6.0569
2.4186656036075096,-1.653518467856132,N900_RS01820,thiP,0.40782968666666675,-1.1774,3.6386,3h_ce,3h,ce,12h_SI2,12h,SI2,4.816
0.5239481660746028,3.014578533806065,N900_RS01825,thiQ,0.07086765,-1.6095,4.3423,6h_SI6,6h,SI6,6h_st,6h,st,5.9517999999999995
0.24851789700994686,2.5511699372043566,N900_RS01830,darP,1.1473737,-1.5726,7.2863,6h_SI6,6h,SI6,12h_SI3,12h,SI3,8.8589
-0.6278235720131891,-0.4721863660270965,N900_RS01835,pmbA,1.4174213883333335,-0.17424,5.1283,3h_SI4,3h,SI4,6h_ce,6h,ce,5.3025400000000005
1.7243041487142365,0.4000401776330674,N900_RS01840,mgtE_1,2.059952,0.52181,5.6155,3h_SI5,3h,SI5,6h_st,6h,st,5.09369
2.6527452526127053,0.14786618770518004,N900_RS01845,ptsO,1.2661607356666666,-0.36098,5.179,1h_SI5,1h,SI5,1h_st,1h,st,5.53998
-1.0357783487214665,-2.412128131935414,N900_RS01850,rapZ,1.0061030050000002,-0.9278,5.1428,3h_ce,3h,ce,3h_SI1,3h,SI1,6.070600000000001
1.0323844636067028,2.686098340155766,N900_RS01855,ptsN,1.7225652000000002,-0.22748,6.7157,1h_SI9,1h,SI9,3h_SI3,3h,SI3,6.94318
2.250234931067282,-2.0682532097701807,N900_RS01860,hpf,0.93839135,-1.1183,4.0473,3h_SI9,3h,SI9,3h_SI5,3h,SI5,5.1655999999999995
-3.5087719878964965,4.881889175551079,N900_RS01865,rpoN,-1.1769380166666665,-4.423,2.6889,12h_SI8,12h,SI8,1h_co,1h,co,7.1119
-1.8942256372864303,0.1569978564961698,N900_RS01885,kdsC,-0.13604569999999996,-1.6525,4.1551,3h_ce,3h,ce,6h_st,6h,st,5.8076
-3.1191986537385965,-0.07567623551923469,N900_RS01895,calcium/sodium antiporter,0.15401554966666667,-2.1356,3.1319,6h_SI1,6h,SI1,3h_SI1,3h,SI1,5.2675
-1.9765420870178982,-0.638981569469439,N900_RS01900,VC_2521,0.24226955000000003,-1.1003,4.18,6h_SI3,6h,SI3,3h_SI1,3h,SI1,5.2802999999999995
-1.5309308407378903,-0.4140614398419977,N900_RS01905,mlaF,1.3809361333333332,-0.067528,4.254,1h_SI5,1h,SI5,12h_SI2,12h,SI2,4.321528
-0.4045285251281179,0.17781391006126754,N900_RS01910,mlaE,1.182384416666667,-2.5822,5.7088,1h_SI4,1h,SI4,12h_SI3,12h,SI3,8.291
0.7685956146304194,-2.4066330437211443,N900_RS01915,mlaD,1.4501510999999998,-0.70372,4.4196,1h_SI2,1h,SI2,6h_SI2,6h,SI2,5.12332
1.5183418777947866,-1.8877555533081312,N900_RS01920,mlaC,1.1013689166666665,-1.3332,4.6713,1h_SI2,1h,SI2,6h_SI1,6h,SI1,6.004499999999999
0.10452588989201095,-0.08655109715437281,N900_RS01925,"anti-sigma B factor antagonist, putative",1.1570719833333334,-1.6651,4.988,1h_SI2,1h,SI2,6h_ce,6h,ce,6.6531
-1.3503677132259448,0.27971756109950796,N900_RS01930,ibaG,0.7019225083333331,-1.4005,5.089,6h_co,6h,co,3h_st,3h,st,6.4895000000000005
-1.6789277589234604,2.7306026896018274,N900_RS01945,rida,-0.6163273966666666,-3.6314,5.0076,6h_SI8,6h,SI8,6h_SI2,6h,SI2,8.639
2.035135461582577,-1.522926650123878,N900_RS01950,pyrI,0.9971440000000001,-0.33488,4.0198,6h_st,6h,st,3h_st,3h,st,4.35468
-1.728674163381085,1.7046881674484022,N900_RS01955,pyrB,-0.5303257166666667,-4.1342,3.7091,6h_SI6,6h,SI6,3h_SI1,3h,SI1,7.843299999999999
1.4270838232660656,-0.3166365111790902,N900_RS01965,argF,1.4433390599999996,-0.0035264,5.0082,1h_st,1h,st,3h_SI3,3h,SI3,5.011726400000001
3.3070448224628484,-0.1076076656577939,N900_RS01970,VC_2507,1.5914936666666664,-0.40281,5.4728,1h_SI9,1h,SI9,3h_st,3h,st,5.87561
-1.4695402786189846,-0.9799016051436156,N900_RS01975,rapA,0.07140453333333331,-1.5426,3.1839,3h_SI1,3h,SI1,3h_SI4,3h,SI4,4.7265
0.49490373657209785,-2.03480960261983,N900_RS01980,rapA,0.9701186666666667,-0.61556,3.9615,3h_SI2,3h,SI2,6h_ce,6h,ce,4.57706
-2.4171231936784983,-1.100202186107824,N900_RS01985,rluA,0.5240912666666666,-0.98107,2.7112,1h_SI1,1h,SI1,12h_SI3,12h,SI3,3.6922699999999997
1.4847358545885925,-2.1982429941944304,N900_RS01990,hepA,1.3025929333333333,-1.8449,6.2601,3h_ce,3h,ce,3h_SI1,3h,SI1,8.105
-1.9086364329535432,-0.9224835940652079,N900_RS02000,holC,0.77103405,-0.4281,3.3177,3h_SI3,3h,SI3,12h_st,12h,st,3.7458
-2.5992372723266204,2.676625185593058,N900_RS02005,pepA,1.0331118333333333,-1.9676,5.7432,6h_SI7,6h,SI7,1h_st,1h,st,7.7108
0.8013337284738511,-0.8014675956012163,N900_RS02020,VC_2498,1.17617945,-0.30998,4.3353,3h_SI4,3h,SI4,6h_SI2,6h,SI2,4.6452800000000005
1.6643604750238916,-2.5521321420451124,N900_RS02030,rpfG,1.3049666566666667,-0.52498,4.4573,1h_ce,1h,ce,6h_SI4,6h,SI4,4.98228
-0.31190666140338363,0.017164025974127473,N900_RS02070,VC_2494,1.0682124419999999,-0.51769,3.7781,6h_SI4,6h,SI4,1h_st,1h,st,4.29579
-0.2878947452667133,-2.948634885521868,N900_RS02075,leuD,1.0574804166666667,-0.48628,3.7999,1h_SI5,1h,SI5,6h_SI5,6h,SI5,4.28618
2.5969570137361755,0.15218950744881687,N900_RS02080,leuC,0.9608779999999998,-0.39978,3.8986,1h_st,1h,st,3h_SI4,3h,SI4,4.29838
1.7554744258330865,0.8309371190920851,N900_RS02085,leuB,1.316181833333333,-0.26138,4.3857,6h_SI4,6h,SI4,3h_SI2,3h,SI2,4.64708
0.9588046945147255,-1.444792541222375,N900_RS02090,leuA,0.6835052833333334,-0.87103,3.4224,6h_st,6h,st,3h_SI5,3h,SI5,4.29343
2.62693085301263,-0.9555921460047161,N900_RS02095,tetr_1,1.2472756166666665,-0.41115,3.5567,3h_co,3h,co,3h_SI4,3h,SI4,3.9678500000000003
1.401426203597011,1.8763940281938827,N900_RS02100,VC_2488,0.3486309,-1.8689,3.7086,24h_ce,24h,ce,6h_SI2,6h,SI2,5.577500000000001
1.8373818159369693,0.25707061272257514,N900_RS02105,glycosyl transferase_1,0.8305785083333335,-0.47114,3.4751,3h_co,3h,co,6h_SI4,6h,SI4,3.94624
-0.5883640666537118,0.542080063903625,N900_RS02110,leuO,0.35195379500000007,-1.7637,3.6181,6h_SI5,6h,SI5,3h_SI3,3h,SI3,5.3818
-0.1861958758526061,1.4767855541396642,N900_RS02115,long-chain fatty acid--CoA ligase,0.06106000666666668,-1.2326,4.0658,6h_SI7,6h,SI7,3h_SI3,3h,SI3,5.2984
1.4704602220646326,0.41031304065375596,N900_RS02120,ilvI,0.9385266999999998,-0.3811,4.357,3h_st,3h,st,6h_ce,6h,ce,4.7381
2.8248173323751766,-0.11609800168199313,N900_RS02125,ilvN,1.3486237000000003,-0.33842,4.3537,3h_ce,3h,ce,3h_st,3h,st,4.69212
1.4672183604878812,-2.2922232777919773,N900_RS02130,serA,0.9489495466666665,-0.91198,4.2035,12h_st,12h,st,6h_ce,6h,ce,5.11548
3.005779217096256,3.1151811777815466,N900_RS02135,rpiA,1.6321321866666667,-0.24819,3.8587,6h_SI9,6h,SI9,12h_st,12h,st,4.10689
0.6774532434629519,1.7226236976314449,N900_RS02140,ygfA,0.8418556666666664,-2.4351,6.0494,1h_SI6,1h,SI6,3h_SI3,3h,SI3,8.4845
-4.845451999799674,-0.00829433079790115,N900_RS02145,zapa,-0.41642767,-2.4987,2.9663,3h_SI7,3h,SI7,1h_SI1,1h,SI1,5.465
0.20989162934767824,1.9824849704803629,N900_RS02150,VC0395_A2053_BLAST,1.274627016666667,-0.30823,5.5703,3h_SI5,3h,SI5,3h_st,3h,st,5.87853
-1.2884023605689348,-3.325064906597904,N900_RS02175,sdhE,1.0907205833333333,-1.4351,3.9183,1h_SI3,1h,SI3,6h_SI5,6h,SI5,5.3534
-1.0557887275758269,-2.5274527291662396,N900_RS02180,cptA,1.3921235833333334,-0.46305,4.8488,12h_SI2,12h,SI2,6h_SI4,6h,SI4,5.31185
3.0406045450783514,0.7372984967590708,N900_RS02185,nadB,1.772686051666667,-0.16548,4.8443,1h_SI9,1h,SI9,3h_st,3h,st,5.009779999999999
0.9678251304963199,0.0926427248246246,N900_RS02190,VC_2468,1.3307204833333335,-0.3494,5.2305,3h_SI4,3h,SI4,3h_SI5,3h,SI5,5.5799
2.6567445495394777,3.2550806818885984,N900_RS02200,rsea,0.25826033333333337,-1.646,2.4491,12h_SI7,12h,SI7,12h_st,12h,st,4.0951
2.988381125940908,3.1691950212926687,N900_RS02205,rseB,0.7814803000000001,-1.1255,2.9882,6h_SI9,6h,SI9,12h_st,12h,st,4.1137
-1.4129515731167404,1.4585965843152773,N900_RS02215,lepA,-0.7016565666666666,-2.1226,2.7272,24h_SI5,24h,SI5,3h_SI3,3h,SI3,4.8498
2.700386654869602,3.5951323136700157,N900_RS02225,ribonuclease III,1.9891788333333333,0.07711,4.0351,12h_ce,12h,ce,12h_st,12h,st,3.95799
1.708632658992169,-1.4854163242385046,N900_RS02235,recO,1.6166835666666666,-0.43436,6.617,1h_SI9,1h,SI9,6h_SI2,6h,SI2,7.05136
-1.5509708395802877,3.582683526226333,N900_RS02250,VC_2456,0.2341213283333333,-2.4447,5.4044,6h_SI5,6h,SI5,1h_st,1h,st,7.8491
1.652126448265582,-0.4692879955398386,N900_RS02255,VC_2455,1.131987,-0.38603,4.1742,3h_st,3h,st,3h_SI1,3h,SI1,4.56023
2.9068232484390837,-0.39494612159850606,N900_RS02260,sensor domain-containing diguanylate cyclase_2,1.398483366666667,-0.031391,3.5355,3h_st,3h,st,12h_st,12h,st,3.566891
-4.6587316887425345,0.4643103214027844,N900_RS02265,barA,-1.6381796666666668,-3.6656,1.4876,3h_SI9,3h,SI9,1h_co,1h,co,5.1532
0.974923385526659,-0.10672189730279169,N900_RS02270,rlmD,0.8649632833333334,-0.59228,3.1999,3h_SI3,3h,SI3,3h_SI1,3h,SI1,3.79218
1.4818944304329609,-1.5838909049946046,N900_RS02275,relA,0.20880867868333333,-1.0902,3.3689,1h_SI5,1h,SI5,3h_SI1,3h,SI1,4.4591
0.8518435348584319,0.6007072421944345,N900_RS02280,mazG,0.8177808166666666,-0.35385,3.8103,24h_SI2,24h,SI2,3h_st,3h,st,4.164149999999999
-0.4810542966265281,0.40868397530413897,N900_RS02295,cca,0.0769111333333333,-1.2119,2.8472,12h_st,12h,st,3h_SI3,3h,SI3,4.0591
0.2397007592507041,-1.3716184361842636,N900_RS02300,exeA,0.8416620833333333,-0.74753,3.8342,6h_SI2,6h,SI2,3h_SI1,3h,SI1,4.58173
-2.231921727477358,-3.2870241388298695,N900_RS02305,gspb,0.6907512066666666,-1.2772,3.5956,6h_SI3,6h,SI3,6h_SI4,6h,SI4,4.8728
-1.4162529530056605,-0.769268015231056,N900_RS02310,VC_2443,0.4263480783333333,-1.1426,3.1334,12h_st,12h,st,6h_st,6h,st,4.276
2.5171331480847448,-0.4803968906168382,N900_RS02315,inorganic phosphate transporter,2.051332566666667,-0.12066,5.3316,3h_co,3h,co,12h_SI2,12h,SI2,5.45226
-0.43875789821911404,2.8788463737982264,N900_RS02320,HI_1603_BLAST,0.2724794666666666,-2.5576,4.0097,6h_SI6,6h,SI6,1h_SI1,1h,SI1,6.5672999999999995
-0.43366743237531,-2.835052632595486,N900_RS02325,ygiF,1.1231903333333335,-0.8944,5.5681,6h_SI2,6h,SI2,6h_ce,6h,ce,6.4625
1.1898175811271665,-0.33073052375809675,N900_RS02330,methyl-accepting chemotaxis protein_15,1.1127130500000002,-0.20544,4.3661,6h_st,6h,st,3h_SI3,3h,SI3,4.571540000000001
3.2238526374591707,-0.8654823932302165,N900_RS02335,glnE,1.601526966666667,-0.82103,5.0347,1h_co,1h,co,3h_st,3h,st,5.85573
2.9888271034493625,3.086379066550396,N900_RS02340,hldE,-0.5224835666666666,-2.4988,1.6145,6h_SI9,6h,SI9,12h_st,12h,st,4.113300000000001
0.6197256810885974,-0.33993132538232995,N900_RS02345,tolC,-1.2986958333333334,-3.2375,2.2155,1h_SI7,1h,SI7,3h_SI6,3h,SI6,5.452999999999999
0.45153604463021013,-0.3540910127439608,N900_RS02350,nudF_1,0.7551720666666667,-0.59363,3.3222,24h_SI4,24h,SI4,6h_ce,6h,ce,3.91583
-1.738720689722106,-0.5476048718872426,N900_RS02355,VC_2434,0.1225420216666667,-1.3757,3.0942,3h_SI8,3h,SI8,3h_SI5,3h,SI5,4.4699
-0.7573447689835868,3.039189739636761,N900_RS02360,cpdA,0.29294455166666666,-3.196,4.8381,12h_SI8,12h,SI8,1h_st,1h,st,8.0341
-1.7291661221204369,-0.09817194678487678,N900_RS02365,yqiA,0.3039439833333333,-1.2477,4.1867,12h_SI2,12h,SI2,6h_SI2,6h,SI2,5.4344
1.3174047047505288,-2.094509305415962,N900_RS02380,yacG,0.8543945333333334,-0.79763,3.5883,1h_co,1h,co,12h_SI2,12h,SI2,4.38593
-1.4761095236996866,-1.4824864753301428,N900_RS02385,zapD,0.17415367333333334,-1.664,3.9214,6h_SI1,6h,SI1,12h_SI2,12h,SI2,5.5854
2.9807576970965117,2.954887340658028,N900_RS02395,pilD,1.9617752166666669,0.019692,4.1337,6h_SI9,6h,SI9,12h_st,12h,st,4.114008
3.437539210171849,-1.5109446105295112,N900_RS02400,pilC,1.3631559500000001,-0.93785,4.2392,1h_SI9,1h,SI9,3h_SI1,3h,SI1,5.17705
-4.014847571770671,-1.4869508033452858,N900_RS02405,pilB,-0.24595668333333334,-2.153,3.6697,6h_SI1,6h,SI1,1h_SI1,1h,SI1,5.8227
1.4924014582883682,0.34621434697969466,N900_RS02410,pilA,1.8188041999999998,0.031062,5.9095,12h_st,12h,st,3h_st,3h,st,5.878438
0.3506765789974762,-3.193483365359884,N900_RS02415,nadC_1,1.2608448333333335,-0.45798,4.9102,3h_SI1,3h,SI1,6h_ce,6h,ce,5.36818
-2.9851713228334087,2.6831258432194507,N900_RS02420,ampD,-0.5324037999999999,-3.038,4.5367,6h_SI5,6h,SI5,3h_SI3,3h,SI3,7.5747
0.9122315115273132,2.7167376192612154,N900_RS02425,fldB,1.0042336033333334,-0.31231,5.6924,1h_SI6,1h,SI6,6h_st,6h,st,6.00471
0.5612884425262505,2.8593808942453443,N900_RS02430,xerd,-0.6076984966666666,-3.3481,3.3419,6h_co,6h,co,3h_st,3h,st,6.6899999999999995
-1.3605432563483146,0.2375033951978066,N900_RS02435,dsbC,-0.19421205166666666,-1.9863,3.1401,12h_SI5,12h,SI5,1h_ce,1h,ce,5.1264
-0.8187963290577569,-0.4503039846021041,N900_RS02440,recJ,0.5059580100000001,-1.0095,3.1874,3h_st,3h,st,6h_SI3,6h,SI3,4.196899999999999
1.006080871278754,-0.053808150202567184,N900_RS02445,yfkN,0.6687993166666666,-0.86138,3.6533,6h_SI4,6h,SI4,12h_SI1,12h,SI1,4.51468
-2.0526278329352223,0.7773193665190522,N900_RS02450,pdhR,0.4178017833333333,-1.0841,3.8038,6h_SI1,6h,SI1,3h_SI2,3h,SI2,4.8879
1.2879458780684292,4.003922418442982,N900_RS02455,aceE,-0.24065086666666666,-2.4529,1.6094,6h_SI9,6h,SI9,6h_st,6h,st,4.0623000000000005
2.18727684842231,3.2408764584638767,N900_RS02460,aceF,0.6435309666666666,-1.6153,5.8766,6h_SI9,6h,SI9,6h_SI3,6h,SI3,7.491899999999999
-0.5745505051623354,-1.275482505356159,N900_RS02470,rsmH,0.054217745000000005,-1.8431,3.9442,6h_SI5,6h,SI5,6h_SI4,6h,SI4,5.7873
0.4997418001849687,-0.5381986723560882,N900_RS02555,mutT,0.6222407166666666,-0.90613,2.7548,3h_SI3,3h,SI3,3h_SI4,3h,SI4,3.66093
-1.3168088822713073,4.608980740509892,N900_RS02570,carA,0.2942158166666667,-3.4883,5.916,6h_SI6,6h,SI6,3h_st,3h,st,9.404300000000001
0.09569691444006834,4.5617363265909106,N900_RS02575,carB,0.14906505000000003,-2.9689,4.971,12h_SI8,12h,SI8,3h_SI2,3h,SI2,7.9399
0.3482340425732877,0.8635149994132936,N900_RS02580,nlpE_2,0.3687141833333334,-0.93155,2.7269,6h_ce,6h,ce,3h_SI2,3h,SI2,3.65845
-3.0072049388128,1.9992386772838422,N900_RS02595,Ga0059260_01848_BLAST,0.5530192166666665,-1.4449,6.7286,6h_SI5,6h,SI5,1h_st,1h,st,8.1735
1.2361283138270815,1.558531481694357,N900_RS02600,RNA-directed DNA polymerase,1.8726369833333332,0.03912,6.6556,1h_SI6,1h,SI6,6h_SI1,6h,SI1,6.61648
1.3637877504751366,-1.1651667945043258,N900_RS02605,yfcA_1,1.4045607000000002,-0.1282,6.1528,6h_st,6h,st,3h_SI1,3h,SI1,6.281
3.0338163263871154,-2.372703618372203,N900_RS02610,hdfR_1,1.1057664833333332,-0.48644,4.978,1h_co,1h,co,6h_SI2,6h,SI2,5.46444
-2.601802060295931,-1.1072638916082593,N900_RS02615,yadS,0.10923797666666667,-1.8762,2.5,6h_SI2,6h,SI2,6h_SI3,6h,SI3,4.3762
-2.5283152687283326,1.9789962589365409,N900_RS02620,btuF,-0.15022628166666666,-1.6914,3.462,6h_SI8,6h,SI8,3h_SI3,3h,SI3,5.1534
2.3304607921267175,0.3284823024954559,N900_RS02625,cbiB,1.1721026666666667,-0.2428,3.8502,1h_st,1h,st,6h_SI2,6h,SI2,4.093
1.8737183528884893,2.5879587402228243,N900_RS02630,mtnN,1.8146683366666667,-0.33269,6.2074,12h_SI7,12h,SI7,1h_SI2,1h,SI2,6.54009
-2.480145835209976,-2.567521714718437,N900_RS02635,VC_2378,0.8372748166666667,-0.9009,3.7004,6h_ce,6h,ce,3h_SI5,3h,SI5,4.6013
1.2623814096255357,-2.4426453405561923,N900_RS02640,gltD_1,1.1935399499999997,-0.42694,4.0464,1h_SI8,1h,SI8,6h_SI1,6h,SI1,4.47334
0.46070937339686324,-2.6325108208299457,N900_RS02645,gltB_2,1.1388506166666665,-0.36769,4.4592,12h_st,12h,st,12h_SI1,12h,SI1,4.82689
-2.08604172517402,-0.8306247898358134,N900_RS02650,gltD_2,0.3151318083333334,-1.0825,3.8577,3h_SI1,3h,SI1,6h_ce,6h,ce,4.9402
0.9273896793049676,-3.120180106979526,N900_RS02655,gltB_1,0.940928,-0.34789,3.2615,6h_st,6h,st,1h_SI1,1h,SI1,3.60939
0.41165617816891054,0.4903330131231969,N900_RS02660,yhcC_BLAST,0.3118726166666667,-1.158,4.0047,12h_st,12h,st,6h_st,6h,st,5.162699999999999
0.5423526356472221,-1.5406626866548367,N900_RS02665,diguanylate cyclase,0.9164146166666666,-1.1655,4.0246,6h_SI8,6h,SI8,1h_SI1,1h,SI1,5.1901
0.48039645974559475,-0.8629423851981,N900_RS02670,arcB,-0.5207080066666667,-1.9832,1.6841,12h_co,12h,co,1h_SI1,1h,SI1,3.6673
2.4608896444286703,3.186894026519919,N900_RS02675,arcA_2,0.19630907333333333,-1.9573,2.1482,6h_SI9,6h,SI9,12h_st,12h,st,4.1055
2.641705317717724,-1.3700420681507073,N900_RS02680,VC_2367,1.7608081333333336,-0.1482,4.8314,3h_co,3h,co,6h_st,6h,st,4.9796000000000005
0.967534094715865,-0.2984945304566028,N900_RS02685,putative 4-hydroxy-4-methyl-2-oxoglutarate aldolase,1.1068469166666666,-0.39907,3.732,6h_st,6h,st,3h_st,3h,st,4.13107
2.4361292442393134,0.17948872033957344,N900_RS02690,VC_2365,1.5592867000000001,-0.058638,3.7907,1h_SI8,1h,SI8,3h_st,3h,st,3.8493380000000004
2.471487064272563,-0.08554379583259947,N900_RS02695,thrA,1.3559940116666667,-0.31452,4.1366,1h_st,1h,st,3h_SI1,3h,SI1,4.4511199999999995
-2.818912267787668,-1.1197352541815178,N900_RS02700,thrB,0.06258196666666668,-1.6356,2.7957,6h_SI3,6h,SI3,3h_SI4,3h,SI4,4.4313
-2.2725069380683514,2.810964063711143,N900_RS02705,thrC,0.4134463033333333,-1.1138,6.2625,6h_co,6h,co,3h_st,3h,st,7.3763000000000005
1.6721399786233713,-0.7989337047230982,N900_RS02715,nfo,0.823547525,-0.70113,3.5072,1h_st,1h,st,6h_SI2,6h,SI2,4.20833
3.4252087551035917,-1.4741751134537024,N900_RS02720,ung,1.6408059,-0.52774,4.5896,1h_SI7,1h,SI7,3h_SI4,3h,SI4,5.1173399999999996
3.137528085813541,-2.1650401547372993,N900_RS02725,VC_2358,1.4755817000000002,-0.43182,7.1545,1h_SI5,1h,SI5,3h_SI1,3h,SI1,7.58632
-1.3203862608841532,0.06788884471052165,N900_RS02730,VC_2357,0.6286541333333332,-0.84203,4.2089,24h_st,24h,st,6h_SI1,6h,SI1,5.05093
0.0759377875738001,3.35018748329817,N900_RS02735,alsT_1,0.5586021333333334,-1.888,3.9361,12h_SI8,12h,SI8,1h_st,1h,st,5.8241
-0.1650349165740601,0.3617621026296744,N900_RS02740,yaaA,0.4730250166666667,-1.0024,3.9122,6h_SI4,6h,SI4,1h_SI1,1h,SI1,4.9146
1.0300934790207377,-1.4375953479416415,N900_RS02745,TatD family deoxyribonuclease,0.8458097833333333,-0.49396,3.6932,6h_st,6h,st,3h_SI3,3h,SI3,4.18716
-0.37115793103426453,-3.52127854037023,N900_RS02750,nupc,0.6908106116666667,-0.73099,3.1445,3h_co,3h,co,3h_SI5,3h,SI5,3.87549
-1.2759335158989138,-1.1614299740310938,N900_RS02755,VC_2351,0.9256157500000001,-0.97954,6.0336,6h_SI8,6h,SI8,6h_SI4,6h,SI4,7.01314
0.05373691447503237,-0.98659270178393,N900_RS02760,deoC,0.89201887,-0.67508,4.2044,1h_SI8,1h,SI8,3h_SI3,3h,SI3,4.87948
-0.7754939775107195,0.2928203029721877,N900_RS02765,deoA,1.6459232499999996,-0.26083,5.9522,6h_SI1,6h,SI1,3h_st,3h,st,6.213030000000001
-3.025046563304167,0.06631590747313726,N900_RS02770,deoB,0.3531827133333334,-1.3174,3.3184,6h_SI3,6h,SI3,3h_SI6,3h,SI6,4.6358
0.2564586860655753,-3.81358960678333,N900_RS02775,deoD_1,0.9162402883333332,-0.57302,3.3385,3h_SI3,3h,SI3,1h_SI1,1h,SI1,3.91152
0.7853543686260314,-1.3002280852676615,N900_RS02780,SMP protein,-0.08477561666666669,-1.5022,2.9988,6h_SI9,6h,SI9,6h_SI4,6h,SI4,4.501
-0.38872373665300586,0.10717322299639362,N900_RS02785,phosphoserine phosphatase,0.4051759,-1.0188,3.6471,6h_co,6h,co,12h_SI2,12h,SI2,4.6659
-4.381852809607891,1.3995640169193149,N900_RS02790,pilz_1,-0.29004536166666667,-2.0458,3.2356,12h_SI3,12h,SI3,3h_SI1,3h,SI1,5.2814
0.6259965792978681,-0.6097228896134614,N900_RS02795,radA,1.1993223766666667,-0.6791,3.9582,12h_SI1,12h,SI1,6h_SI2,6h,SI2,4.6373
-1.3084887988722702,-0.6339266377386336,N900_RS02805,AMP-binding protein,1.1388618,-0.60642,5.6882,12h_SI1,12h,SI1,3h_SI1,3h,SI1,6.29462
-0.1521588267216858,-2.004080230015641,N900_RS02810,VC_2340,1.37869715,-0.025482,5.2553,1h_SI6,1h,SI6,6h_SI4,6h,SI4,5.280782
1.1378095428038835,0.6583920614390427,N900_RS02815,chrA,0.6252994216666666,-0.44421,3.1433,24h_SI8,24h,SI8,6h_SI2,6h,SI2,3.58751
0.40195469505620185,-0.7406330414581841,N900_RS02820,lacZ,1.251741088333333,-0.51654,4.2433,3h_SI2,3h,SI2,3h_SI1,3h,SI1,4.75984
1.0218149548581223,-1.175457059130565,N900_RS02825,galR,1.2336510483333334,-1.1315,4.6091,1h_SI1,1h,SI1,3h_SI2,3h,SI2,5.7406
0.9890068926421183,0.4030686600078334,N900_RS02830,ygjH,1.618199233333333,-0.16826,5.5369,3h_SI5,3h,SI5,12h_SI2,12h,SI2,5.70516
-0.48374675147835244,-1.9430875253386284,N900_RS02835,gamma-glutamylcyclotransferase,0.32831935000000007,-0.92455,2.8668,6h_ce,6h,ce,3h_SI2,3h,SI2,3.79135
-0.28538193731091166,2.5282128899436116,N900_RS02840,ZntB,0.4454597178333333,-1.2592,4.7811,6h_co,6h,co,6h_st,6h,st,6.0403
2.8715089706285637,-0.38666434815839856,N900_RS02845,RimK family alpha-L-glutamate ligase,1.4170708166666666,-0.19774,4.2161,3h_co,3h,co,3h_SI4,3h,SI4,4.4138399999999995
-2.9285698851787325,-0.079034344126446,N900_RS02850,ypeA_2,0.17090523333333335,-1.6028,3.8246,1h_SI1,1h,SI1,6h_ce,6h,ce,5.4274000000000004
0.9630502791003197,3.5919964292408832,N900_RS02855,short-chain dehydrogenase,0.6105899499999999,-0.53732,3.6673,6h_co,6h,co,6h_st,6h,st,4.20462
-0.07174559356375765,-0.325729434909222,N900_RS02865,2-hydroxyacid dehydrogenase,1.2305892166666665,-0.36088,4.7294,24h_st,24h,st,3h_SI1,3h,SI1,5.09028
-1.394215595633496,-0.7330973125991078,N900_RS02870,cysL_1,0.5111499833333333,-0.85326,4.5183,12h_SI2,12h,SI2,6h_SI3,6h,SI3,5.37156
-0.6155457546476164,1.5734739124972925,N900_RS02875,C4-dicarboxylate ABC transporter,0.9010618459999998,-1.3833,5.3117,24h_st,24h,st,6h_st,6h,st,6.695
2.722326529284121,3.358889486365717,N900_RS02880,recC,0.71830115,-1.2585,3.2783,12h_ce,12h,ce,6h_SI1,6h,SI1,4.5368
2.623268344262234,3.06794202934602,N900_RS02885,recB,0.9415452116666665,-1.1394,3.5793,6h_SI9,6h,SI9,1h_st,1h,st,4.7187
-0.027201809979195524,-0.9307607124012554,N900_RS02890,recD,0.6011931999999999,-1.8056,4.129,3h_co,3h,co,3h_SI1,3h,SI1,5.9346
-2.8912610404111536,1.0043462768076115,N900_RS02895,VC_2318,0.5324415666666666,-2.4119,2.9091,6h_SI6,6h,SI6,1h_co,1h,co,5.321
0.9478703339705241,-1.421279929975669,N900_RS02905,argA,0.8955382333333335,-0.68056,4.186,6h_st,6h,st,3h_st,3h,st,4.86656
-2.2375825300250014,0.8889522156495467,N900_RS02910,VC_2314,0.40408453333333333,-1.6601,3.3947,3h_SI6,3h,SI6,1h_SI1,1h,SI1,5.0548
0.33928339835122756,-1.9301883026095337,N900_RS02915,mltA,0.97652185,-0.51174,3.5825,6h_st,6h,st,6h_ce,6h,ce,4.09424
-1.507727525209833,1.0898717005928982,N900_RS02920,tcdA,0.5016236333333334,-1.0621,4.1174,6h_SI4,6h,SI4,12h_st,12h,st,5.1795
-0.1296095078846382,0.5014409733368086,N900_RS02925,csdE,0.808715907,-1.2962,4.5695,12h_st,12h,st,3h_st,3h,st,5.8656999999999995
-0.6582510022176522,-0.07802810408318533,N900_RS02930,csdA,0.3501479966666667,-1.2998,4.6318,24h_SI1,24h,SI1,3h_SI2,3h,SI2,5.9316
0.8289872271406309,-1.8510589621695437,N900_RS02935,4-methyl-5(B-hydroxyethyl)-thiazole monophosphate biosynthesis enzyme,1.0250198833333333,-0.59836,3.6007,6h_st,6h,st,3h_SI2,3h,SI2,4.199059999999999
1.501270246583796,3.3770966860606433,N900_RS02940,panE,-1.7247886166666666,-4.1245,0.10697,6h_SI9,6h,SI9,3h_st,3h,st,4.23147
1.4754572411139613,2.1506561239178055,N900_RS02945,ompK,0.7524406366666667,-0.52131,4.3981,1h_SI3,1h,SI3,3h_st,3h,st,4.91941
1.204329674456428,-0.856585532482808,N900_RS02950,ATP-dependent protease,0.8988467666666666,-0.5411,4.8689,1h_SI9,1h,SI9,3h_SI2,3h,SI2,5.41
0.40144605752366047,2.01977033373614,N900_RS02955,rpoE_2,0.7581910833333333,-0.94307,5.0489,12h_SI2,12h,SI2,6h_st,6h,st,5.991969999999999
0.7471902263458379,-3.5175706748884816,N900_RS02960,chrR,1.3518178166666666,-1.1114,3.8398,3h_ce,3h,ce,6h_SI1,6h,SI1,4.9512
-0.424602559663366,-2.320920124377446,N900_RS02965,ampG,0.85857015,-0.56457,3.1332,3h_SI3,3h,SI3,6h_SI3,6h,SI3,3.6977700000000002
-0.08815767854900924,0.573736768766504,N900_RS02970,peptidyl-prolyl cis-trans isomerase,1.1224447666666666,-0.29982,5.7685,1h_co,1h,co,6h_st,6h,st,6.06832
2.548166033346737,-0.4478565071917676,N900_RS02975,"lipoprotein, putative",1.38081945,-0.25722,4.7706,1h_SI8,1h,SI8,3h_SI1,3h,SI1,5.02782
1.0320339288401215,-0.9144344541901854,N900_RS02980,rlmG,1.3515866666666667,-0.18407,4.6271,3h_SI1,3h,SI1,12h_SI1,12h,SI1,4.811170000000001
-2.48723267407073,-1.7823834791287503,N900_RS02985,bola,0.19460240000000004,-1.7166,5.0121,6h_SI3,6h,SI3,1h_SI1,1h,SI1,6.7287
1.8468356180210659,3.6582099189925548,N900_RS02990,Na(+)-translocating NADH-quinone reductase subunit A,0.8913359333333334,-1.0847,2.8734,12h_ce,12h,ce,12h_st,12h,st,3.9581
-0.6396084595594851,2.811870466168315,N900_RS02995,nqrB,0.23807983333333327,-2.3117,1.5649,12h_ce,12h,ce,6h_SI7,6h,SI7,3.8766
0.3955378064286412,2.271691438718985,N900_RS03000,nqrC,0.7903676999999999,-1.6187,2.6773,12h_co,12h,co,6h_SI5,6h,SI5,4.295999999999999
0.3652337536955983,2.7440166649076962,N900_RS03005,nqrD,0.3834622,-2.2262,2.2761,6h_SI9,6h,SI9,6h_SI8,6h,SI8,4.5023
0.5648287089969775,2.4090255728717636,N900_RS03010,nqrE,1.0912582016666663,-1.4755,5.2286,6h_SI9,6h,SI9,3h_SI5,3h,SI5,6.7041
-0.6411533114127534,3.298470682371301,N900_RS03015,nqrF,0.8921160833333334,-1.8258,2.6262,12h_SI9,12h,SI9,6h_SI3,6h,SI3,4.452
2.9415818766808375,3.2258055373123287,N900_RS03020,apbE,1.8395017333333334,-0.062167,4.0449,6h_SI9,6h,SI9,12h_st,12h,st,4.107067
0.26978850164237045,-0.267762581232299,N900_RS03025,nqrM_1,-0.18323418333333333,-1.76,3.4997,6h_co,6h,co,12h_SI2,12h,SI2,5.2597
0.6661853827548008,0.43321480251647226,N900_RS03030,dinB,0.36852725,-1.9891,3.2172,6h_SI6,6h,SI6,6h_SI1,6h,SI1,5.206300000000001
2.1127060239863864,1.1350924442160908,N900_RS03035,VC_2286,1.8946756666666669,0.10631,4.7565,1h_SI9,1h,SI9,3h_SI4,3h,SI4,4.65019
1.025243961296379,-1.685564256854096,N900_RS03055,diguanylate cyclase_4,0.7464228249999999,-0.75771,3.7322,3h_st,3h,st,6h_SI4,6h,SI4,4.48991
2.1941847263593237,-0.6184811343505398,N900_RS03060,sodium-dependent transporter_2,0.9819248900000002,-0.24917,3.6451,3h_co,3h,co,3h_SI3,3h,SI3,3.8942699999999997
-1.0356230524018897,0.6775493551516065,N900_RS03065,deacylase,0.022602474999999997,0.003447,0.37188,6h_SI4,6h,SI4,12h_SI1,12h,SI1,0.368433
-0.9753600243178839,-0.3422304598706455,N900_RS03070,rimK,0.6541712866666667,-0.9289,3.8758,6h_SI2,6h,SI2,1h_co,1h,co,4.8046999999999995
1.4363838709943604,1.2773006738568324,N900_RS03075,ATP-dependent zinc protease_1,1.0425344,-0.28888,4.1771,1h_st,1h,st,3h_SI2,3h,SI2,4.46598
-0.512733186889426,-1.36185408338112,N900_RS03080,pepD,1.1336517333333334,-0.34137,4.4745,3h_SI1,3h,SI1,3h_SI4,3h,SI4,4.81587
2.5543797002643016,0.5405745267607751,N900_RS03085,adeP,1.40251715,-0.093265,4.0942,1h_SI7,1h,SI7,3h_st,3h,st,4.1874649999999995
1.1399701385126368,1.5776728927110828,N900_RS03090,gpt,1.6000353333333335,-0.20499,6.5751,1h_SI6,1h,SI6,3h_SI1,3h,SI1,6.7800899999999995
1.0684433312579529,2.362808049562096,N900_RS03095,frsA,0.8088615188333333,-2.1608,5.6376,1h_SI5,1h,SI5,1h_st,1h,st,7.7984
-1.565114397393708,3.403831483043343,N900_RS03100,crl,0.24437211666666664,-1.4711,3.3645,3h_SI6,3h,SI6,6h_st,6h,st,4.8356
1.4099840483875345,-1.298269656545318,N900_RS03105,proB,1.3488796666666663,-0.0167,4.5122,12h_SI2,12h,SI2,6h_SI3,6h,SI3,4.5289
2.7385969376224315,-0.3696320429803639,N900_RS03110,proA,1.9528545666666666,0.055854,5.0352,1h_SI8,1h,SI8,12h_st,12h,st,4.979346
1.6728232823697216,-1.683245914124197,N900_RS03115,nrdR,0.6570483666666667,-0.79433,4.3173,1h_st,1h,st,12h_SI1,12h,SI1,5.11163
1.2230376065066935,2.433321696957988,N900_RS03120,ribD,2.0453425,-0.51989,7.2604,1h_SI6,1h,SI6,12h_SI1,12h,SI1,7.78029
1.539811699140297,3.3543105942103577,N900_RS03125,ribE_1,2.0474889666666667,-0.2911,4.8374,1h_SI7,1h,SI7,1h_ce,1h,ce,5.1285
1.0005057316501738,-2.5483123273370745,N900_RS03130,ribBA,1.2050008666666667,-0.63296,3.936,6h_SI3,6h,SI3,3h_SI4,3h,SI4,4.56896
2.97792546538757,3.2254839923438876,N900_RS03135,ribE_2,1.8595685499999999,-0.056577,4.2276,6h_SI9,6h,SI9,3h_SI2,3h,SI2,4.284177
2.8648439212298182,3.1390000630730093,N900_RS03140,nusB,-0.06079564833333335,-1.9763,2.0323,6h_SI9,6h,SI9,12h_st,12h,st,4.0086
2.9698858071607663,3.160919491232522,N900_RS03145,thiL,-1.3980944666666668,-3.3638,0.74928,6h_SI9,6h,SI9,12h_st,12h,st,4.11308
2.8038973754529426,3.2585856101032977,N900_RS03150,pgpA,1.2966592000000001,-0.6473,3.4647,6h_SI9,6h,SI9,12h_st,12h,st,4.112
3.133990295956268,1.022739688956296,N900_RS03155,VC_2264_BLAST,1.5669515000000003,-1.2715,5.018,1h_SI8,1h,SI8,6h_st,6h,st,6.2895
-0.9002049144264519,2.241353122611507,N900_RS03160,glnD,0.25261503333333335,-2.4016,3.4429,6h_SI7,6h,SI7,3h_SI4,3h,SI4,5.8445
-2.2478700291154565,-0.3081612591193267,N900_RS03240,rnhB,0.21106356666666667,-1.768,3.0744,12h_SI1,12h,SI1,3h_SI1,3h,SI1,4.8424
-0.46760915851671747,-1.8244214913564938,N900_RS03260,cytochrome c_2,1.4232952333333335,-0.47261,6.4359,1h_SI4,1h,SI4,6h_SI4,6h,SI4,6.90851
0.5548726519973637,-0.31912785920380793,N900_RS03265,padC,0.6109401133333332,-1.0369,4.9779,1h_SI5,1h,SI5,6h_st,6h,st,6.0148
2.6778011230587904,-0.27445016362902874,N900_RS03270,glnB,1.2820225333333333,-0.37078,4.1463,3h_SI6,3h,SI6,3h_st,3h,st,4.51708
-6.558138194853866,2.696405799563911,N900_RS03275,VC0395_A1830_BLAST,-0.8288588166666668,-2.8774,2.8362,6h_SI6,6h,SI6,1h_ce,1h,ce,5.7136
0.3689265800267565,-0.5857457573930018,N900_RS03280,lysm,1.18212265,-0.46943,4.934,12h_SI4,12h,SI4,3h_SI1,3h,SI1,5.40343
2.4225841863406687,-0.5043485742092899,N900_RS03285,gloB,1.30892002,-0.27492,4.4042,3h_ce,3h,ce,3h_st,3h,st,4.67912
-3.2115356459539997,2.4252298616623325,N900_RS03290,class I SAM-dependent methyltransferase_3,-0.8981651666666667,-2.7032,2.9689,3h_SI6,3h,SI6,6h_st,6h,st,5.6721
1.430416494388945,2.5458776261327207,N900_RS03295,rnhA,2.5071670499999996,0.030903,7.4271,1h_SI6,1h,SI6,12h_SI2,12h,SI2,7.396197
-3.072146820704286,-0.0849465663773385,N900_RS03305,hldE,0.5671162815333333,-1.4957,4.4761,12h_SI4,12h,SI4,3h_SI1,3h,SI1,5.9718
0.7408937303694083,0.7995308651015003,N900_RS03310,fadE_1,0.59594249045,-0.86754,3.9811,6h_st,6h,st,6h_SI1,6h,SI1,4.84864
3.116073164195323,3.01189325836778,N900_RS03315,gmhA/lpcA,-1.5608617199999997,-3.4683,0.53981,6h_SI9,6h,SI9,12h_st,12h,st,4.00811
0.8407495969608414,-0.27095878409969365,N900_RS03320,yafJ,1.2761539,-0.89001,5.8195,6h_SI3,6h,SI3,3h_st,3h,st,6.70951
-2.1003436783475338,0.8276677678067772,N900_RS03325,purN,0.6486622166666666,-1.1523,4.4136,6h_SI3,6h,SI3,3h_SI1,3h,SI1,5.5659
-2.955614674103258,4.244463212535612,N900_RS03330,purM,-0.5873585233333333,-3.6829,4.5548,12h_SI9,12h,SI9,6h_st,6h,st,8.2377
1.6338567812770153,-2.6858487554428327,N900_RS03335,upp,1.4134619516666664,-0.20871,4.8513,3h_SI2,3h,SI2,6h_ce,6h,ce,5.06001
0.5030540697622845,1.0174127454249218,N900_RS03340,VC_2224,1.12381125,-0.36831,5.0344,6h_SI1,6h,SI1,3h_SI2,3h,SI2,5.40271
-1.1139950534110337,-2.639822977700737,N900_RS03345,rluF,0.8321339999999999,-0.90122,3.7215,6h_st,6h,st,6h_SI4,6h,SI4,4.62272
2.4640387258327836,0.11387598901093016,N900_RS03350,smrA,0.8919679699999998,-0.4347,4.9355,3h_SI9,3h,SI9,3h_st,3h,st,5.3702000000000005
-3.307591046985844,-0.7735947327343375,N900_RS03365,VC_2220,0.33697688333333337,-1.5325,4.6465,12h_SI1,12h,SI1,1h_SI1,1h,SI1,6.178999999999999
1.8383090547847631,-0.5392157558612064,N900_RS03370,chb,1.3144442666666665,-0.049662,4.1063,1h_st,1h,st,3h_SI2,3h,SI2,4.155962
1.0432300937275416,-1.0138346683897979,N900_RS03375,VC_2216,1.0167689833333333,-0.37887,3.8786,3h_co,3h,co,6h_ce,6h,ce,4.25747
-0.4420185583446776,1.3604824882410567,N900_RS03380,heavy metal translocating P-type ATPase,1.4021162666666667,-0.047342,5.6903,1h_SI1,1h,SI1,3h_st,3h,st,5.737642
-2.864355649573078,-3.0642817152826214,N900_RS03390,ompA_1,0.5639117666666666,-0.96167,3.439,12h_SI1,12h,SI1,1h_SI1,1h,SI1,4.40067
-3.3256283684990073,-1.8631088075381315,N900_RS03395,Fe3+-citrate ABC transporter substrate-binding protein,0.5749562666666665,-1.6408,3.404,6h_SI2,6h,SI2,6h_ce,6h,ce,5.0448
0.8948200751170017,-0.8198774802248923,N900_RS03400,vuuA,0.5488996215,-0.76455,4.4043,3h_SI9,3h,SI9,3h_SI1,3h,SI1,5.16885
1.7843857867727264,-0.6278003151652413,N900_RS03405,vuuB,1.5427878333333334,0.10516,4.9541,1h_SI4,1h,SI4,3h_SI1,3h,SI1,4.848940000000001
2.909479214938454,-0.844946786921507,N900_RS03410,non-ribosomal peptide synthetase,1.5927311833333337,-0.25233,5.4005,1h_st,1h,st,3h_SI2,3h,SI2,5.65283
-4.670730217638356,0.886544226975333,N900_RS03415,flgT,-0.14212526666666667,-2.3232,3.5808,6h_SI6,6h,SI6,1h_co,1h,co,5.904
-4.86459616759072,0.5854653378173426,N900_RS03420,flgO,-0.7477126166666667,-2.6831,2.936,24h_SI4,24h,SI4,3h_SI6,3h,SI6,5.6190999999999995
-7.357215734081537,1.618537820659929,N900_RS03425,flgP,-1.4280121,-3.2313,0.98859,3h_SI6,3h,SI6,1h_co,1h,co,4.21989
-2.4912827826510426,3.2317671057491006,N900_RS03430,flgN,0.0059134508333333335,0.00024007,0.2015,6h_SI3,6h,SI3,3h_st,3h,st,0.20125993
1.4527337281683792,3.9289117847703383,N900_RS03435,flgM,0.4104534,-1.847,2.2662,6h_SI9,6h,SI9,12h_SI1,12h,SI1,4.1132
-5.0746186512895095,-0.2514345318815334,N900_RS03440,flgA,0.03399868333333334,-1.7476,2.7586,12h_SI1,12h,SI1,6h_ce,6h,ce,4.5062
1.268070314838588,4.162949687662044,N900_RS03445,chev_3,0.012303883288166666,-1.0121e-05,0.12997,1h_SI6,1h,SI6,3h_st,3h,st,0.129980121
4.0336201516516885,1.2005476065763818,N900_RS03450,cheR,3.139775,-0.88371,6.9658,1h_SI6,1h,SI6,3h_st,3h,st,7.8495099999999995
-4.913333591301156,-3.6077330495635755,N900_RS03455,flgB,0.3184827583333332,-1.8774,3.6052,6h_SI1,6h,SI1,3h_SI5,3h,SI5,5.4826
-4.197674845782169,-2.530095344382162,N900_RS03460,flgC,0.33713084666666665,-1.9347,4.3797,12h_SI3,12h,SI3,12h_SI1,12h,SI1,6.3144
-3.883610475613941,3.5282338033833187,N900_RS03465,flgD,-1.0865150800000003,-3.1374,2.58,12h_SI5,12h,SI5,1h_co,1h,co,5.7174
-7.535180866856178,-1.7119220341478685,N900_RS03470,flgE,-0.12460141666666669,-2.4923,2.9026,24h_st,24h,st,3h_SI7,3h,SI7,5.3949
-6.08609109775969,-1.473192928693994,N900_RS03475,flgF,-0.20289133333333334,-2.8227,2.0858,24h_st,24h,st,3h_SI7,3h,SI7,4.9085
-5.1316966049295605,1.2105440622669656,N900_RS03480,flgG,-0.13296024999999997,-2.5197,3.9654,6h_SI5,6h,SI5,6h_ce,6h,ce,6.485099999999999
-7.270851628425484,-1.0284001275327297,N900_RS03485,flgH,-0.06573306666666665,-2.2189,3.5089,24h_st,24h,st,1h_co,1h,co,5.7278
-4.920170104388966,-0.5850788718444092,N900_RS03490,flgi,0.20428071666666667,-1.3246,2.9299,6h_SI3,6h,SI3,6h_st,6h,st,4.2545
-6.39870585107766,-1.2561506549895523,N900_RS03495,flgJ,-0.44742275000000004,-2.3395,1.8545,6h_SI3,6h,SI3,1h_co,1h,co,4.194
-7.421552085842495,-0.7822647347989378,N900_RS03500,flgK,-0.37965105,-2.7052,2.176,24h_st,24h,st,3h_SI4,3h,SI4,4.8812
-6.052365570124673,0.26024447248782623,N900_RS03505,flgL,-0.5631657109999999,-3.2202,2.3113,24h_SI3,24h,SI3,12h_SI2,12h,SI2,5.5315
-4.576890576501676,-0.881360869762353,N900_RS03515,flaA,0.16992531666666666,-2.0482,4.1697,24h_st,24h,st,12h_SI1,12h,SI1,6.2179
-0.3702100417532326,1.8482845849786895,N900_RS03520,flaC,0.7919410433333333,-1.0473,5.441,1h_SI1,1h,SI1,6h_st,6h,st,6.4883
1.3344772536050904,2.92554960144189,N900_RS03550,ychF,-0.16723281666666667,-2.8794,5.1424,6h_SI6,6h,SI6,6h_st,6h,st,8.0218
2.907900880632611,3.2958046668497847,N900_RS03585,prmC,1.2679231333333336,-0.52671,3.4364,12h_ce,12h,ce,12h_st,12h,st,3.96311
-0.9668874261691145,0.10182071762183598,N900_RS03590,sirB2,0.7311103499999999,-2.5659,5.3479,6h_SI6,6h,SI6,3h_SI5,3h,SI5,7.9138
1.0530310550953184,-2.9913960208510333,N900_RS03595,sirB1,1.1940692,-0.35314,5.0618,3h_co,3h,co,3h_SI3,3h,SI3,5.41494
-0.5661748915469955,-0.23896667528449766,N900_RS03605,ushA,0.08067279666666669,-1.3692,2.8217,6h_st,6h,st,3h_SI4,3h,SI4,4.1909
-5.118463881661387,-0.24414040120738967,N900_RS03610,ybaK,0.13777997233333336,-1.2145,3.027,12h_SI2,12h,SI2,3h_SI3,3h,SI3,4.2415
2.361872982093997,0.56024245844562,N900_RS03615,uracil-xanthine permease,1.3931589866666663,-0.063575,4.4496,1h_SI5,1h,SI5,6h_st,6h,st,4.513175
1.8224411817414143,0.29902039717386353,N900_RS03620,VC_2168,1.4869252666666668,-1.7158,4.6252,6h_SI5,6h,SI5,3h_SI4,3h,SI4,6.341
-2.771333558789547,-0.6419095399698571,N900_RS03625,VC_2167,0.5601088333333333,-1.1414,4.1243,12h_SI3,12h,SI3,3h_SI5,3h,SI5,5.2657
0.6567162905839314,-0.4885437688451021,N900_RS03630,wrbA,0.49509816333333334,-0.89623,3.5,3h_st,3h,st,1h_SI1,1h,SI1,4.39623
-2.346152665369667,-0.7796578542077435,N900_RS03635,arsC,0.7619127000000001,-0.69393,3.4797,6h_SI7,6h,SI7,3h_SI7,3h,SI7,4.17363
0.6103271782687769,-0.38842010860586773,N900_RS03640,bepA_1,0.7092973833333333,-0.73641,4.1162,6h_SI3,6h,SI3,3h_SI1,3h,SI1,4.85261
0.7333758986845882,-1.5914258013823182,N900_RS03645,VC_2163,1.008413416666667,-0.60351,3.8867,3h_co,3h,co,3h_SI2,3h,SI2,4.490209999999999
0.5626039581497659,-1.9634766062593183,N900_RS03650,perM,0.6932577166666668,-0.69001,3.4298,3h_SI9,3h,SI9,12h_SI1,12h,SI1,4.11981
1.6888597463045745,1.8069823172385822,N900_RS03655,mlp24,1.4873711666666665,0.27441,4.4475,3h_SI3,3h,SI3,3h_SI4,3h,SI4,4.17309
-0.17291887959079633,0.744524327421282,N900_RS03660,bcp,0.23147527666666662,-1.7163,4.3787,6h_SI7,6h,SI7,3h_SI3,3h,SI3,6.095000000000001
1.9789029346606464,0.7905592260435512,N900_RS03665,gcvR,1.7646126666666668,-0.38961,5.8117,1h_SI1,1h,SI1,12h_st,12h,st,6.20131
1.1690719539509589,-1.3136691925013995,N900_RS03675,bamC,0.88281807,-0.67533,3.8229,1h_SI5,1h,SI5,3h_st,3h,st,4.49823
-1.7346254043166884,0.8493942617524081,N900_RS03680,VC_2154,0.55879889,-1.2673,4.5292,12h_SI2,12h,SI2,3h_st,3h,st,5.7965
2.2933702833609306,3.191085045025857,N900_RS03685,M15 family metallopeptidase,1.4966350999999998,-0.5671,3.2515,12h_SI6,12h,SI6,12h_st,12h,st,3.8186
2.0991154126790628,2.1766636242071624,N900_RS03690,dapE,0.0205343333333333,-2.4693,4.7686,1h_SI6,1h,SI6,6h_SI3,6h,SI3,7.2379
0.5189000593021809,-0.46525786861077156,N900_RS03695,ArsC family reductase,1.2582872,-0.038061,5.026,3h_SI3,3h,SI3,6h_st,6h,st,5.064061
0.37726399967075475,-0.5616428376443512,N900_RS03700,VC_2149,1.0246902466666665,-0.48085,5.02,3h_SI5,3h,SI5,6h_SI2,6h,SI2,5.50085
1.5119972302634874,-1.3297691933940652,N900_RS03705,VC_2147,0.9900437666666668,-0.64182,6.3746,3h_co,3h,co,6h_SI3,6h,SI3,7.01642
0.6555213163105091,-0.7468070758341177,N900_RS03710,VC_2146,0.5831419666666666,-0.73314,3.324,12h_st,12h,st,3h_SI1,3h,SI1,4.0571399999999995
0.6897082541248616,-1.379620760048953,N900_RS03715,yfeX,0.7683352,-0.67149,4.4085,6h_co,6h,co,3h_SI3,3h,SI3,5.0799900000000004
-2.406619676615195,0.226967753564499,N900_RS03720,flaE,0.03334885000000003,-2.3773,4.2765,6h_SI5,6h,SI5,12h_SI1,12h,SI1,6.6538
2.4850801125349866,-0.2388192770554648,N900_RS03725,flaD,2.1296734833333333,-0.053671,4.6878,1h_ce,1h,ce,6h_SI3,6h,SI3,4.741471
-2.093647755046393,-1.4305882996382395,N900_RS03730,flaB,0.1458025983333333,-1.2065,3.0556,24h_st,24h,st,3h_SI4,3h,SI4,4.2621
-2.830609346255898,-1.2503496278744795,N900_RS03735,flaG,0.009930654708333335,-5.0105e-06,0.47317,12h_SI9,12h,SI9,3h_SI5,3h,SI5,0.4731750105
-6.802592020819038,0.11832690614012956,N900_RS03740,fliD,-0.33881431666666667,-2.6888,3.2234,24h_st,24h,st,1h_ce,1h,ce,5.9122
-6.050270277629441,-1.2170889170739687,N900_RS03745,flaI,-0.1419128366666667,-2.4906,2.8485,24h_st,24h,st,3h_SI6,3h,SI6,5.3391
-4.677564813401046,2.580667152264192,N900_RS03750,fliS,-0.30167765,-3.0606,3.4384,6h_SI5,6h,SI5,12h_SI1,12h,SI1,6.4990000000000006
-6.2750059308730375,1.498368477551048,N900_RS03755,flrA,-0.5369366733333334,-2.1492,2.6204,24h_SI3,24h,SI3,6h_ce,6h,ce,4.7696000000000005
-8.060483915809789,1.344417043201764,N900_RS03760,flrB,-0.9369038299999999,-2.5717,1.645,3h_SI6,3h,SI6,1h_co,1h,co,4.2166999999999994
-6.400881379093275,2.0081781017909246,N900_RS03765,flrC,-0.8707446933333334,-2.6561,2.3086,6h_SI7,6h,SI7,1h_co,1h,co,4.964700000000001
-4.219539083782354,1.3488164026718585,N900_RS03770,fliE,0.16610057333333336,-2.4807,3.7417,24h_st,24h,st,1h_st,1h,st,6.2224
-4.917359595115897,0.886577005043242,N900_RS03775,fliF,-0.3808072083333334,-2.6879,3.0299,24h_SI2,24h,SI2,1h_co,1h,co,5.7178
-5.788640327767586,1.9952631836655106,N900_RS03780,fliG,-0.6873556220000001,-2.1395,2.8224,6h_SI1,6h,SI1,3h_SI4,3h,SI4,4.9619
-7.431850482619817,0.8863805573313429,N900_RS03785,fliH,-0.6827772483333334,-2.7364,2.1816,24h_st,24h,st,1h_ce,1h,ce,4.918
-4.455820169623325,3.771406496118152,N900_RS03790,fliI,-0.7154320333333334,-3.1346,2.4412,6h_SI5,6h,SI5,6h_st,6h,st,5.575799999999999
-6.4094131546497035,1.5372771412515425,N900_RS03795,fliJ,-0.5623280166666668,-2.7639,3.963,24h_SI2,24h,SI2,1h_co,1h,co,6.7269000000000005
-5.158985722698757,-2.2761345650654783,N900_RS03800,FliK,0.3675888499999999,-1.69,3.1892,12h_SI1,12h,SI1,3h_SI7,3h,SI7,4.8792
1.5434705007054266,-2.48131183018574,N900_RS03805,fliL_1,0.9051686891666666,-0.63146,3.9314,1h_SI6,1h,SI6,3h_SI1,3h,SI1,4.56286
-5.368364710153978,0.6423160869249422,N900_RS03810,fliM,0.46106991666666663,-1.3375,3.2413,6h_SI2,6h,SI2,3h_st,3h,st,4.578799999999999
-6.824888700461033,1.3228125857678195,N900_RS03815,fliN,-0.8230109999999999,-2.809,2.6714,24h_SI2,24h,SI2,6h_SI5,6h,SI5,5.4804
-4.202177772207353,1.865269404992123,N900_RS03820,fliO,-0.7279040999999999,-2.759,2.3135,6h_SI7,6h,SI7,12h_st,12h,st,5.0725
-4.5944708637169605,3.432114875215669,N900_RS03825,fliP,-0.9185846999999999,-2.8421,3.1481,24h_st,24h,st,6h_st,6h,st,5.9902
-3.703428175333676,3.1812956363926403,N900_RS03830,fliQ,-0.3230146333333333,-2.7044,4.4215,24h_SI3,24h,SI3,1h_st,1h,st,7.1259
-4.480910977328135,3.2273657582199786,N900_RS03835,fliR,-0.8018761016666667,-3.0632,3.3387,6h_SI5,6h,SI5,6h_st,6h,st,6.4018999999999995
-5.888218661853792,3.3677283779249305,N900_RS03840,flhB,-0.6510982333333334,-2.2122,1.9887,12h_SI1,12h,SI1,1h_ce,1h,ce,4.2009
-1.5042150731788175,2.128839405885406,N900_RS03845,smrB,0.13035139999999995,-2.7134,4.6682,6h_SI7,6h,SI7,12h_SI2,12h,SI2,7.3816
1.280844688313758,1.3257873698228102,N900_RS03850,prmB,0.6431684499999998,-1.3806,4.0404,6h_co,6h,co,3h_SI1,3h,SI1,5.421
-1.8537798796002813,0.30084096453664155,N900_RS03855,VC_2117,-0.020193416666666665,-1.8639,3.2747,6h_SI9,6h,SI9,6h_SI3,6h,SI3,5.1386
-0.007356142412249689,3.535796871444744,N900_RS03860,aroC,0.22324941166666665,-2.1794,2.8442,12h_SI9,12h,SI9,1h_SI1,1h,SI1,5.0236
-0.8915493566641661,-0.30709682889390943,N900_RS03865,UPF0126 membrane protein HI_1240_BLAST,0.52156715,-0.94416,4.1591,3h_SI8,3h,SI8,6h_st,6h,st,5.10326
2.3756026908765326,-0.7731432359290891,N900_RS03870,epmC,0.9525703000000001,-0.49885,4.3038,1h_st,1h,st,3h_SI1,3h,SI1,4.80265
0.4789553178438237,-0.5819921750545748,N900_RS03875,yfcl,0.22118402833333337,-1.0038,4.246,6h_SI4,6h,SI4,3h_SI2,3h,SI2,5.2498000000000005
0.521671996836027,0.023995203424849676,N900_RS03880,NAD(P)H-dependent oxidoreductase,0.7045831833333335,-1.035,5.6277,6h_ce,6h,ce,3h_SI1,3h,SI1,6.6627
-1.7319513389348267,-2.0701773181075644,N900_RS03885,mnmC,1.0550568333333334,-0.37345,3.9275,3h_SI3,3h,SI3,1h_SI1,1h,SI1,4.30095
1.6761546259284277,3.6965504695159397,N900_RS03890,fabB,2.3340735,0.17644,4.1241,12h_SI7,12h,SI7,12h_st,12h,st,3.9476600000000004
-1.0156002628417795,-0.9197136930117693,N900_RS03900,asd2,0.35775623333333334,-1.2085,4.1019,1h_co,1h,co,6h_st,6h,st,5.3104
2.9507496916287304,3.3121573905263206,N900_RS03905,fur,1.9332754333333333,-0.05893,4.0533,6h_SI9,6h,SI9,12h_st,12h,st,4.11223
0.6416393120190755,0.12395280979795759,N900_RS03910,VC_2105,0.7460684583333334,-0.63054,4.1226,3h_SI5,3h,SI5,1h_SI1,1h,SI1,4.75314
2.561353864823224,-0.15815928682795388,N900_RS03915,gltC,1.3515615,-0.22479,3.753,3h_st,3h,st,6h_st,6h,st,3.97779
0.7780505017850543,-0.3828367686956916,N900_RS03920,cida,1.2251636333333333,-0.39789,4.3097,3h_SI3,3h,SI3,3h_SI1,3h,SI1,4.707590000000001
-0.30809250269586297,0.9203131039785719,N900_RS03925,yohK_1,0.7665800333333334,-0.59014,3.1628,3h_SI1,3h,SI1,6h_SI1,6h,SI1,3.7529399999999997
3.4689877119416748,-1.1579500501850803,N900_RS03935,VC_2098,1.293772916666667,-1.1482,4.7259,1h_ce,1h,ce,3h_SI2,3h,SI2,5.8741
-4.9994780133587104,3.7662247895521195,N900_RS03940,ybfF,-1.5442316166666665,-3.4541,2.6309,24h_co,24h,co,3h_SI3,3h,SI3,6.085
1.3323503867361568,1.8805433097365074,N900_RS03950,pgm_1,1.6265348166666667,-1.6172,6.4548,1h_SI4,1h,SI4,12h_st,12h,st,8.072
0.3904940658547802,-1.089229416546239,N900_RS03955,VC_2094,0.739720865,-0.94092,3.8135,3h_SI4,3h,SI4,6h_SI4,6h,SI4,4.75442
1.1586898022878094,-0.313036379883183,N900_RS03960,Nif3-like dinuclear metal center hexameric protein,0.7029972333333334,-1.0062,4.0297,12h_st,12h,st,3h_st,3h,st,5.0359
0.01941584114199868,-3.2371163322006633,N900_RS03965,gltA,0.6352990666666667,-1.3576,4.6516,24h_SI6,24h,SI6,6h_ce,6h,ce,6.0092
-1.5194432705472845,-1.501344463110054,N900_RS03970,sdhC,0.8414603833333333,-0.87426,4.6181,24h_SI7,24h,SI7,12h_SI2,12h,SI2,5.49236
-1.6791803276846413,-0.18729353549340022,N900_RS03975,sdhD,0.8520120666666666,-1.4547,5.51,3h_SI7,3h,SI7,3h_SI4,3h,SI4,6.9647
-2.0639846064681633,-2.995834532445116,N900_RS03980,sdhA,1.0102474000000001,-0.89054,4.0854,24h_SI7,24h,SI7,3h_SI5,3h,SI5,4.97594
-1.7371397701556395,-1.9499123350004877,N900_RS03985,sdhB,0.7567239000000001,-1.0021,4.473,1h_SI1,1h,SI1,3h_SI3,3h,SI3,5.475099999999999
2.6944541597306433,3.3564878634163073,N900_RS03990,sucA,1.0089264,-0.97663,2.916,12h_SI9,12h,SI9,12h_st,12h,st,3.89263
2.9525517154969263,3.203462341025538,N900_RS03995,odhB,1.2475109833333335,-0.6681,3.4384,6h_SI9,6h,SI9,12h_st,12h,st,4.1065000000000005
-2.667469733225968,-1.4433168953890487,N900_RS04000,sucC,0.7891002266666668,-0.8927,4.916,24h_SI2,24h,SI2,6h_SI2,6h,SI2,5.8087
-2.6002797667127684,-1.3893754118436146,N900_RS04005,sucD,0.2700158666666666,-1.5823,4.5892,24h_co,24h,co,6h_SI3,6h,SI3,6.1715
-0.03649345016723737,2.1799991440769517,N900_RS04010,znuB,0.8827400376666666,-1.1886,4.1628,1h_SI1,1h,SI1,24h_st,24h,st,5.3514
0.04336051401000107,-0.3493789425318783,N900_RS04015,znuC,0.5355939500000001,-0.94398,4.2298,6h_SI4,6h,SI4,12h_SI2,12h,SI2,5.17378
0.34893097688317365,1.2380788952990516,N900_RS04020,znuA,0.58623485,-0.88977,4.2981,3h_st,3h,st,1h_st,1h,st,5.18787
1.7363721155195506,-0.36295227927197504,N900_RS04025,AraC family transcriptional regulator_1,1.7363676775666668,4.0654e-05,4.5295,1h_st,1h,st,12h_SI2,12h,SI2,4.529459345999999
0.24892179761007727,-1.6791955292537115,N900_RS04030,ferrous iron transport protein A,0.5604295416666666,-2.385,4.8938,1h_SI2,1h,SI2,3h_SI1,3h,SI1,7.2787999999999995
1.0279223919099634,2.5446387725845323,N900_RS04035,feoB,0.3730543833333334,-0.82919,4.0075,12h_SI6,12h,SI6,3h_st,3h,st,4.83669
1.3869702715192158,-0.42252513616626,N900_RS04040,feoc,0.68838115,-0.68518,3.2103,12h_SI7,12h,SI7,6h_SI4,6h,SI4,3.89548
0.37477061287466595,-1.6604359811835698,N900_RS04045,VC_2075,1.4359475333333334,-0.6599,5.2083,3h_ce,3h,ce,1h_st,1h,st,5.868200000000001
0.20288676869076117,-0.006634853530010032,N900_RS04055,yecM,1.3601655999999998,-0.19484,4.1281,3h_SI2,3h,SI2,1h_ce,1h,ce,4.32294
1.9536625987645895,-0.1356000797569833,N900_RS04060,"peptidase, insulinase family",0.8679004300000002,-0.48433,3.4367,1h_st,1h,st,3h_SI3,3h,SI3,3.92103
-1.8701484409916516,2.384518053543351,N900_RS04065,sixA,1.249436582666667,-1.8615,2.8508,12h_SI8,12h,SI8,3h_SI9,3h,SI9,4.7123
-4.361581110219236,3.0567306350240404,N900_RS04070,flhA,-0.4610293333333333,-2.2731,2.152,24h_st,24h,st,1h_SI1,1h,SI1,4.4251000000000005
-2.9104115707734204,-3.2548333460842493,N900_RS04075,flhF,0.9325626566666668,-1.0061,5.0924,24h_st,24h,st,6h_SI2,6h,SI2,6.0985
-0.6445371428800115,2.8148869658134386,N900_RS04080,MinD-related protein,-0.36103495,-2.9293,1.325,6h_SI9,6h,SI9,6h_SI8,6h,SI8,4.2543
-6.949289375010924,-1.8305818306495727,N900_RS04085,flia,-0.14443718333333333,-2.1923,2.7654,12h_SI3,12h,SI3,1h_ce,1h,ce,4.9577
2.655219477992113,2.463033679006032,N900_RS04090,cheY3,0.9764310833333333,-1.7488,4.8326,24h_SI9,24h,SI9,12h_SI1,12h,SI1,6.5814
-0.8273358237949107,-1.6987556579650294,N900_RS04095,cheZ,0.4809716,-1.0067,3.6048,6h_st,6h,st,6h_SI3,6h,SI3,4.6114999999999995
3.725705108772308,0.6271564486729965,N900_RS04100,cheA2,2.0485832166666667,-1.0892,6.0597,1h_SI5,1h,SI5,12h_SI1,12h,SI1,7.1489
0.7047816886062499,1.5144239940409703,N900_RS04105,cheB2,0.5166877833333333,-2.4167,5.2651,6h_SI5,6h,SI5,12h_st,12h,st,7.681800000000001
-0.6887076671476202,2.9992937500251506,N900_RS04110,parP,-0.6725193666666666,-4.7668,4.4181,6h_SI6,6h,SI6,12h_SI1,12h,SI1,9.184899999999999
2.62724645604842,-0.21743881435615575,N900_RS04115,parC,0.7414475333333334,-0.91741,3.2208,1h_st,1h,st,3h_st,3h,st,4.13821
3.721898091453247,1.1479636261973218,N900_RS04120,cheW1,1.7180695333333336,-1.5562,5.2856,1h_SI5,1h,SI5,6h_SI1,6h,SI1,6.841799999999999
-5.4496052214040525,-0.28480598345371,N900_RS04125,VC_2058,-0.4668900666666667,-2.8209,2.5978,6h_SI5,6h,SI5,3h_SI3,3h,SI3,5.418699999999999
-1.983303347998117,-0.03690304585746834,N900_RS04130,ccmA,-0.7289013433333333,-2.5826,3.7387,12h_SI8,12h,SI8,6h_SI3,6h,SI3,6.3213
-0.4853153419081342,0.11344318404378223,N900_RS04135,ccmB,0.029472900000000014,-2.4321,4.4948,6h_co,6h,co,6h_SI2,6h,SI2,6.9269
-1.8754153085192968,-3.4547675963262283,N900_RS04140,ccmC,0.9272210833333333,-1.2739,3.7783,3h_SI9,3h,SI9,6h_SI4,6h,SI4,5.0522
-1.385292308888123,-3.4442435583131927,N900_RS04145,ccmD,0.5862799666666666,-1.5633,4.4739,1h_SI2,1h,SI2,3h_SI5,3h,SI5,6.0372
1.2777124964510387,-1.3295277312193519,N900_RS04150,ccmE_1,1.57692195,-0.49044,6.2301,1h_SI2,1h,SI2,3h_SI3,3h,SI3,6.72054
0.5220706072315466,-2.445286495325098,N900_RS04155,ccmf,0.6224349833333331,-1.9232,4.2958,1h_SI2,1h,SI2,3h_SI1,3h,SI1,6.218999999999999
-1.9099329652498558,-2.235974381840958,N900_RS04160,dsbe,0.11767936166666662,-1.8392,2.8056,1h_SI3,1h,SI3,3h_SI5,3h,SI5,4.6448
0.2678882237352367,-0.3476803741117874,N900_RS04165,CcmH,0.7086998833333334,-2.107,4.9397,12h_co,12h,co,3h_SI3,3h,SI3,7.0467
0.5680782236592137,-1.7956465686333627,N900_RS04170,ccmI,1.1990264000000002,-0.77572,4.4827,1h_SI5,1h,SI5,3h_SI4,3h,SI4,5.25842
1.8083591634594374,-1.2359444339768015,N900_RS04175,mlaA,1.7644940551666666,-0.60709,4.5445,1h_SI3,1h,SI3,3h_SI5,3h,SI5,5.151590000000001
0.7726588149996978,-0.19276371713318174,N900_RS04180,fabG_1,1.1036457166666667,-0.66004,5.6395,1h_SI1,1h,SI1,3h_SI3,3h,SI3,6.29954
-2.234825184068865,0.4654809352061371,N900_RS04185,VC_2046,-0.04826514,-2.7113,3.4978,6h_SI5,6h,SI5,3h_SI1,3h,SI1,6.209099999999999
2.8722696757493544,3.0842250715270154,N900_RS04190,sodB,-0.65113835,-2.6342,1.4708,6h_SI9,6h,SI9,12h_st,12h,st,4.105
-1.3147344030961843,-2.2903093735529314,N900_RS04195,grxD,0.45910677166666675,-0.67781,3.0856,12h_st,12h,st,12h_SI3,12h,SI3,3.76341
1.5045488123930983,-1.6559650443867506,N900_RS04200,topB,0.9863347,-0.52674,3.741,6h_st,6h,st,3h_SI2,3h,SI2,4.26774
0.8828079069621575,-1.7055448073128945,N900_RS04205,acuC,1.1421202500000003,-0.30508,3.7771,6h_st,6h,st,3h_SI2,3h,SI2,4.08218
-3.511995085620976,-3.1437842856827163,N900_RS04225,VC0395_A1625_BLAST,0.82632,-1.7969,4.0939,12h_SI2,12h,SI2,1h_SI1,1h,SI1,5.8908
-0.8442530474430723,-2.8626855821950152,N900_RS04230,yejk,0.7181351666666665,-1.0922,4.2637,3h_SI9,3h,SI9,6h_SI3,6h,SI3,5.3559
0.9544198475802244,0.5196255215331345,N900_RS04235,sensor histidine kinase_2,0.7237244583333333,-0.66871,3.8955,3h_SI1,3h,SI1,6h_st,6h,st,4.56421
-0.7103302846103596,-1.266626741731056,N900_RS04240,nhaC,0.8757888249999998,-0.81013,4.866,1h_SI7,1h,SI7,6h_SI4,6h,SI4,5.67613
2.121873712919389,2.1330134842518764,N900_RS04245,asd1,1.4217143166666668,0.032518,4.7959,12h_st,12h,st,3h_st,3h,st,4.763382
1.5818483183401701,-0.3007285475269218,N900_RS04250,ychE_BLAST,0.6742577139999999,-0.82011,3.5925,3h_SI1,3h,SI1,6h_st,6h,st,4.41261
0.36021267641781707,-0.3579648355902323,N900_RS04255,adhE,1.1671280299999998,-0.18012,4.4303,1h_ce,1h,ce,12h_SI1,12h,SI1,4.6104199999999995
2.920307542282889,1.0514154191372347,N900_RS04260,eamA_4,1.1974101499999998,-0.29335,4.1358,6h_SI8,6h,SI8,12h_SI1,12h,SI1,4.42915
-0.49868472573077893,0.7575666982981952,N900_RS04265,SulP family inorganic anion transporter_1,1.0018395583333335,-1.1449,4.9608,1h_co,1h,co,3h_SI2,3h,SI2,6.1057
1.0448506192823803,4.060891264695966,N900_RS04270,rne,-0.3874657000000001,-2.7644,2.7401,12h_SI7,12h,SI7,1h_co,1h,co,5.5045
-4.642006854326032,-3.3479656098381922,N900_RS04275,VC_2373,0.09725109500000001,-1.4982,3.0745,1h_SI3,1h,SI3,3h_SI5,3h,SI5,4.5727
0.6987363973055594,1.8305296529316744,N900_RS04285,rluC,0.6838108583333333,-1.4156,4.0123,6h_SI5,6h,SI5,3h_SI2,3h,SI2,5.427899999999999
-0.8689118554798161,-0.3442363593311879,N900_RS04290,yceF,0.8220864333333334,-1.2613,4.8896,1h_SI9,1h,SI9,6h_SI1,6h,SI1,6.1509
0.9296333193660917,4.131874689727853,N900_RS04295,yceD,-0.6060801666666666,-2.954,3.9139,6h_SI8,6h,SI8,1h_st,1h,st,6.867900000000001
-1.419870645135027,3.36618846620758,N900_RS04300,rpmF,-1.092047335,-3.7407,1.6135,6h_SI8,6h,SI8,1h_SI1,1h,SI1,5.3542
2.257610040323195,3.5701195120892475,N900_RS04305,plsX,-1.8184928333333332,-3.9058,0.11802,12h_SI6,12h,SI6,3h_st,3h,st,4.02382
2.5956497160732637,3.7008957207537856,N900_RS04310,fabH1,-1.2989929216666667,-3.4107,0.70024,6h_SI9,6h,SI9,12h_st,12h,st,4.110939999999999
-1.0987479170741155,0.9133600250799677,N900_RS04330,fabF,0.39181201666666665,-1.1631,3.2761,6h_SI7,6h,SI7,12h_st,12h,st,4.4392
-0.6151019806387539,1.8082052638665114,N900_RS04335,pabC,1.04447365,-0.64857,3.576,6h_SI3,6h,SI3,24h_SI1,24h,SI1,4.22457
1.4378443832044283,-0.312268460795437,N900_RS04340,mltG,0.8940834666666668,-0.82932,3.5148,12h_SI8,12h,SI8,6h_SI3,6h,SI3,4.34412
2.8794291728935892,3.0092905648676727,N900_RS04350,holB,1.5039417666666666,-0.26389,3.6238,12h_SI9,12h,SI9,12h_st,12h,st,3.88769
3.2208728416611887,0.2758788257518203,N900_RS04355,ycfH,1.5982616488333332,-0.44505,4.1663,1h_SI8,1h,SI8,3h_st,3h,st,4.61135
1.7136416193919741,-0.12284191945936485,N900_RS04360,ptsG,0.8305990666666667,-0.24578,3.1431,1h_SI7,1h,SI7,3h_SI3,3h,SI3,3.38888
-2.359328554989461,-0.24799007247182203,N900_RS04365,sodium-dependent transporter_1,0.4352547333333333,-0.81864,5.0967,12h_SI2,12h,SI2,3h_SI4,3h,SI4,5.9153400000000005
-2.0327389109007155,-0.7881930654905127,N900_RS04370,VC_2011,0.7801810166666666,-0.32211,3.0334,1h_SI8,1h,SI8,3h_SI2,3h,SI2,3.3555099999999998
-1.352155469655183,-2.1294368665389856,N900_RS04375,VC_2009,0.1998195666666667,-1.4207,3.2426,6h_SI2,6h,SI2,3h_SI5,3h,SI5,4.6633
0.1517485033765711,-3.8020213943470416,N900_RS04380,pykA_1,0.8676892666666667,-0.73358,3.9536,12h_st,12h,st,6h_SI4,6h,SI4,4.68718
1.2601465553095919,0.0715901025255366,N900_RS04385,mlc,1.550803733333333,0.075864,4.6925,1h_SI6,1h,SI6,6h_ce,6h,ce,4.616636
1.5588779401645994,0.8795419469941603,N900_RS04390,chev_2,1.1857044449999998,-0.073382,4.8473,3h_co,3h,co,3h_st,3h,st,4.920681999999999
-1.4801732836199892,2.813087764222495,N900_RS04395,VC_2005,-0.2642773666666667,-2.3027,3.8164,6h_SI6,6h,SI6,3h_SI1,3h,SI1,6.1190999999999995
3.1633534575888316,-0.02875848689628152,N900_RS04400,ChaN family lipoprotein,1.1294992566666666,-0.52411,4.0799,1h_SI9,1h,SI9,3h_st,3h,st,4.604010000000001
0.086754177748261,-2.4936991923837937,N900_RS04405,rlmA,1.5722301333333337,-0.63497,6.5373,1h_co,1h,co,3h_SI1,3h,SI1,7.17227
-0.4412117475266295,-0.22262709995210117,N900_RS04410,VC_2002,0.5749896166666665,-0.81818,3.8649,6h_co,6h,co,6h_st,6h,st,4.68308
-0.15547896662209526,-1.1825143480244356,N900_RS04415,yeaD,0.8061492166666666,-0.48879,3.4229,12h_st,12h,st,12h_SI1,12h,SI1,3.9116899999999997
2.155494526392191,-1.5293688872758238,N900_RS04425,msrB_2,1.60119735,-0.7388,5.1093,1h_SI2,1h,SI2,3h_SI1,3h,SI1,5.8481000000000005
0.8285119200524864,-1.82686847262613,N900_RS04430,VC_1997,0.8477246753333334,-0.45619,3.7678,3h_st,3h,st,6h_SI3,6h,SI3,4.22399
1.9593691784192364,0.9691150706481779,N900_RS04435,VC_1996,0.9060249766666667,-0.20237,4.3398,1h_SI7,1h,SI7,3h_st,3h,st,4.5421700000000005
0.6841371597948211,-0.38076877367509676,N900_RS04440,ansA,-0.05830088333333336,-1.601,3.3182,6h_SI9,6h,SI9,6h_SI4,6h,SI4,4.9192
1.8737576243644583,-3.835096967224699,N900_RS04445,sppA,1.7334983000000002,-0.32443,5.3733,3h_co,3h,co,3h_SI5,3h,SI5,5.69773
2.552521115619471,1.1003049636940911,N900_RS04450,fadH,1.1646299833333333,-0.26653,3.811,24h_SI7,24h,SI7,6h_st,6h,st,4.07753
0.8061312069283626,1.953297540399151,N900_RS04455,purU,1.226722915,-0.45287,4.5971,3h_SI4,3h,SI4,6h_ce,6h,ce,5.04997
-0.5732316098808403,-2.027475936896329,N900_RS04465,ATP-dependent DNA helicase,0.2592178833333333,-1.1638,3.9438,12h_st,12h,st,3h_SI5,3h,SI5,5.1076
0.24558679547533213,0.06056782095243285,N900_RS04480,starvation lipoprotein Slp,1.4042214166666664,-0.44668,5.0559,12h_st,12h,st,3h_st,3h,st,5.50258
-0.4784389126744588,-0.033887801747276514,N900_RS04485,menH_1,0.64059745,-0.76119,4.8051,3h_st,3h,st,3h_SI3,3h,SI3,5.56629
0.6666346890592196,0.7908204075057361,N900_RS04490,fadD,1.0352465333333334,-1.8554,5.7186,6h_SI6,6h,SI6,6h_st,6h,st,7.574
-1.671070590231007,-1.8020130406711887,N900_RS04495,rnd,0.6019116483333334,-0.79367,3.1278,6h_ce,6h,ce,3h_SI5,3h,SI5,3.9214700000000002
0.26010863538780526,0.10557065335855453,N900_RS04500,peptidase_1,0.57854435,-0.84669,3.6822,6h_st,6h,st,3h_SI1,3h,SI1,4.52889
2.858696448375266,2.8881711547200877,N900_RS04505,rrtA,1.7917170666666669,-0.16292,3.944,6h_SI9,6h,SI9,12h_st,12h,st,4.10692
-3.404273857645718,0.8899233999241665,N900_RS04510,VC_1980,-0.4342803933333333,-2.6667,2.8088,24h_st,24h,st,3h_SI2,3h,SI2,5.4755
-0.40081189820235474,-2.699351299174716,N900_RS04515,dgt,0.6020750385000001,-1.3062,3.3757,12h_SI1,12h,SI1,6h_SI4,6h,SI4,4.681900000000001
0.04684377777411086,-0.8184743408649957,N900_RS04520,yfbR,0.6947756999999999,-0.89075,3.3065,24h_st,24h,st,3h_SI6,3h,SI6,4.19725
-1.787433337900329,0.8957719588388872,N900_RS04525,alaA,0.5228394433333333,-2.5115,4.2993,6h_SI5,6h,SI5,12h_SI3,12h,SI3,6.8107999999999995
0.9641640265140037,-2.266476817410223,N900_RS04530,menf,1.0165646000000002,-0.75109,4.9737,6h_SI2,6h,SI2,12h_SI1,12h,SI1,5.7247900000000005
1.2820861034532207,-1.2780162552292103,N900_RS04535,menD,0.7211290600000001,-0.58297,2.9033,3h_st,3h,st,3h_SI4,3h,SI4,3.48627
2.0975898929808174,-0.03097212431757801,N900_RS04540,menH,1.1148368700000002,-0.34765,4.045,1h_ce,1h,ce,6h_SI2,6h,SI2,4.39265
-2.068352892834669,-0.28155751226619974,N900_RS04545,menB,0.8421762716666668,-0.48483,4.6414,1h_ce,1h,ce,1h_st,1h,st,5.12623
1.6427060125988913,-0.419165328807357,N900_RS04550,menC,1.2150816666666668,-0.62857,3.9035,3h_co,3h,co,6h_SI3,6h,SI3,4.53207
0.8805073922745144,0.6527987549066312,N900_RS04555,menE,0.5112512416666666,-0.7273,3.43,1h_st,1h,st,3h_SI2,3h,SI2,4.1573
-0.20952057649390188,-1.967553399488895,N900_RS04560,ydcO,0.7088698250000001,-0.90136,4.3337,12h_SI4,12h,SI4,6h_SI2,6h,SI2,5.235060000000001
0.9267978922446125,-3.057144234796007,N900_RS04565,sutR,1.0106300666666665,-0.47738,4.039,3h_SI3,3h,SI3,6h_SI3,6h,SI3,4.51638
0.008684790827594657,-0.6215187782503606,N900_RS04570,methyl-accepting chemotaxis protein_1,1.2244305000000002,-0.58738,4.5969,3h_SI2,3h,SI2,3h_SI1,3h,SI1,5.184279999999999
0.28525708744558465,0.7530846543035887,N900_RS04580,lplT,1.0381252150000002,-0.78012,5.0419,12h_SI2,12h,SI2,12h_SI1,12h,SI1,5.82202
-0.009046458878798624,-0.8811423690047833,N900_RS04585,TetR/AcrR family transcriptional regulator_4,0.7012259550000001,-0.85079,4.345,6h_SI2,6h,SI2,3h_SI3,3h,SI3,5.19579
-1.0622611809491138,-0.879454439589721,N900_RS04590,VC_1964,0.37042244666666657,-1.6315,3.5261,12h_SI2,12h,SI2,3h_SI5,3h,SI5,5.1576
-0.5644288423113961,0.7896159646402652,N900_RS04595,VC_1963,0.00378455017,5.1913e-06,0.099076,6h_SI6,6h,SI6,12h_SI1,12h,SI1,0.0990708087
-0.4138159784521278,1.5794686926508907,N900_RS04600,nlpE_1,0.8834398833333333,-1.7963,4.5191,1h_SI4,1h,SI4,6h_st,6h,st,6.3154
-3.6393394470310962,4.075340834132589,N900_RS04605,minE,-2.3172268666666667,-4.7812,1.1327,12h_SI8,12h,SI8,3h_SI9,3h,SI9,5.9139
0.11193947199177856,-0.6584367258007515,N900_RS04610,minD,1.138129163333333,-0.32986,5.0559,3h_SI2,3h,SI2,6h_SI2,6h,SI2,5.38576
-1.096863251007316,0.8798749852573883,N900_RS04615,minC,0.004703166666666665,-1.9069,2.7816,3h_SI9,3h,SI9,3h_SI2,3h,SI2,4.6885
-0.4112293673422456,1.9666862277925974,N900_RS04620,VC_1957_BLAST,0.3645300616666667,-1.235,3.7382,6h_SI4,6h,SI4,12h_SI1,12h,SI1,4.9732
1.4141738812743299,-1.1520681394094565,N900_RS04625,lytic murein transglycosylase,0.8719859666666666,-0.64967,3.9466,3h_SI3,3h,SI3,6h_SI4,6h,SI4,4.5962700000000005
2.030573814660693,0.08533471027927692,N900_RS04630,lysr_2,1.297679783333333,-0.11013,3.5565,1h_SI8,1h,SI8,3h_SI4,3h,SI4,3.66663
0.4192134642907597,-0.9939025602108496,N900_RS04635,NupC/NupG family nucleoside CNT transporter,0.9464495333333335,-0.62034,3.9025,6h_st,6h,st,6h_ce,6h,ce,4.5228399999999995
2.8704721451676116,1.273547796033152,N900_RS04640,chitinase_2,1.1515031966666667,-0.19687,4.4924,6h_SI9,6h,SI9,6h_SI2,6h,SI2,4.68927
-1.8325007463315113,-2.0194108240566013,N900_RS04645,cytochrome c_1,0.49828025000000004,-1.0853,3.0691,12h_SI2,12h,SI2,3h_SI4,3h,SI4,4.1544
2.4393672191730165,1.120826456881282,N900_RS04650,torZ,1.07782195,-0.89819,4.8222,1h_SI1,1h,SI1,3h_SI2,3h,SI2,5.72039
-2.5397258560745573,0.4535417002584223,N900_RS04655,pvcA,0.15144129999999997,-1.5386,3.191,12h_SI2,12h,SI2,3h_SI2,3h,SI2,4.7296
-1.0693473973950303,-0.550788514760138,N900_RS04660,LysR family transcriptional regulator_2,0.6419508766666666,-0.90131,3.7648,3h_SI2,3h,SI2,3h_SI7,3h,SI7,4.66611
-0.34303264297754277,0.8166867350134992,N900_RS04665,mhpA,0.7812497566666666,-0.86729,3.5221,3h_st,3h,st,3h_SI1,3h,SI1,4.38939
2.235061993731894,0.5325829920345119,N900_RS04670,TauD/TfdA family dioxygenase,0.801869255,-0.37686,3.6492,3h_SI9,3h,SI9,3h_SI4,3h,SI4,4.02606
2.302532680159552,3.752041372219239,N900_RS04675,folD,1.3745082166666664,-0.67903,5.781,6h_SI9,6h,SI9,1h_st,1h,st,6.46003
0.5316422845413378,-2.147144760795197,N900_RS04685,opgC,0.9519725333333333,-0.52266,4.2149,1h_st,1h,st,6h_ce,6h,ce,4.73756
1.4896658080772172,3.413054319104664,N900_RS04690,HAD-IB family hydrolase,1.1778154333333333,-0.44008,5.3179,1h_SI6,1h,SI6,3h_st,3h,st,5.75798
-0.08529568712505453,1.5381872182448413,N900_RS04695,lyse_1,1.168122866666667,-0.37676,4.6363,12h_st,12h,st,3h_SI5,3h,SI5,5.01306
-0.4928821201864473,-2.2984843828000256,N900_RS04700,acyl-CoA thioesterase,0.9276479166666667,-1.0606,4.9001,3h_SI7,3h,SI7,3h_SI2,3h,SI2,5.9607
1.0948027769754338,1.5131597021380463,N900_RS04705,1-acyl-sn-glycerol-3-phosphate acyltransferase,1.1883821833333335,-0.2152,6.3427,1h_SI9,1h,SI9,6h_st,6h,st,6.5579
-0.10156444246739138,-1.5741849586955605,N900_RS04715,CDP-diacylglycerol--glycerol-3-phosphate 3-phosphatidyltransferase-related protein,0.8265163500000001,-0.45131,4.655,6h_st,6h,st,6h_ce,6h,ce,5.106310000000001
0.021464514017824676,0.4120331054310389,N900_RS04720,bifunctional diguanylate cyclase/phosphodiesterase_2,0.4496517566666667,-1.0782,3.402,12h_co,12h,co,6h_st,6h,st,4.4802
-3.20308732860182,-0.15022495990346257,N900_RS04725,VC_1933,-0.020558449999999992,-2.1178,3.3344,6h_SI5,6h,SI5,6h_SI3,6h,SI3,5.4521999999999995
-0.3387371084079822,-0.003567792553869076,N900_RS04730,VC_1932,0.34117665666666663,-1.0851,2.9704,3h_SI2,3h,SI2,3h_SI1,3h,SI1,4.0555
-1.1001907253817986,-0.8154381867239362,N900_RS04735,ydiU_BLAST,0.14206296666666668,-1.4016,3.5264,12h_SI4,12h,SI4,6h_SI3,6h,SI3,4.928
0.5446873262174958,-0.3623637142741356,N900_RS04740,dctp,1.3562256583333332,-0.48524,4.2144,3h_SI5,3h,SI5,6h_ce,6h,ce,4.6996400000000005
-0.9763252761316425,-1.3195048147140764,N900_RS04745,TRAP transporter small permease,0.47295777833333336,-0.9926,3.0021,12h_SI1,12h,SI1,3h_SI1,3h,SI1,3.9947
0.8802638503294933,-0.7299838066368207,N900_RS04750,dctM_1,1.1430141666666667,-0.69967,5.1172,6h_st,6h,st,3h_st,3h,st,5.816870000000001
1.0926656680988929,1.129660889037968,N900_RS04755,dctD,0.44922901666666665,-1.6974,3.8993,6h_ce,6h,ce,1h_ce,1h,ce,5.5967
-1.5936048031109045,-1.915359904890483,N900_RS04760,dctB,0.59748443,-0.74389,4.242,12h_SI1,12h,SI1,3h_SI1,3h,SI1,4.98589
-0.49978100137331527,-0.8404963449130012,N900_RS04765,VC_1924,0.9600014783333334,-0.71843,5.0535,6h_SI4,6h,SI4,6h_SI1,6h,SI1,5.771929999999999
-0.9760139070964371,-0.5631232712054877,N900_RS04770,tig,-0.035672316666666634,-1.9277,4.084,6h_SI5,6h,SI5,3h_SI3,3h,SI3,6.011699999999999
1.7367939929187521,3.6402520108381635,N900_RS04775,clpP,0.9659701166666667,-1.2151,6.2538,12h_SI9,12h,SI9,3h_SI1,3h,SI1,7.4689
2.527675041542156,3.5626052015817278,N900_RS04780,clpx,2.0810109999999997,0.12159,4.2838,6h_SI9,6h,SI9,12h_st,12h,st,4.16221
0.4709317616229889,0.019354732725563872,N900_RS04785,lon_1,1.1185565199999996,-0.33776,5.1015,6h_SI9,6h,SI9,1h_ce,1h,ce,5.43926
-3.350006467795231,-0.19551625249701066,N900_RS04795,ppiD,-0.4451896,-1.8149,3.2382,12h_SI2,12h,SI2,3h_SI2,3h,SI2,5.0531
1.5059864541372452,-1.8132305390848162,N900_RS04800,ComEA family DNA-binding protein,1.4630636166666666,-0.010489,4.0108,3h_SI4,3h,SI4,6h_SI2,6h,SI2,4.0212889999999994
1.7574730039506905,3.9258616151498735,N900_RS04815,ihfB,-1.1307439,-3.3025,0.79774,12h_SI7,12h,SI7,12h_st,12h,st,4.10024
0.5405753975569216,1.064166028497432,N900_RS04820,lapa,0.21944670666666663,-2.1475,4.3015,12h_ce,12h,ce,12h_SI1,12h,SI1,6.449
0.33793972203244627,3.0960569105619777,N900_RS04830,pyrF,-0.02949454999999996,-3.7276,4.5978,6h_SI7,6h,SI7,6h_ce,6h,ce,8.3254
1.0981082033869596,1.1886350512187067,N900_RS04835,MiaE,1.1661746166666664,-0.42889,4.5921,3h_ce,3h,ce,3h_st,3h,st,5.02099
3.9879764181391435,0.7001845392604595,N900_RS04840,motV,2.7984921883333334,-1.4682,6.4085,1h_SI6,1h,SI6,12h_SI1,12h,SI1,7.8767
3.085416887981606,2.760101973154568,N900_RS04845,cysB,0.3927544633333333,-1.711,2.4006,6h_SI9,6h,SI9,12h_st,12h,st,4.1116
-4.694375490347413,1.739812986782968,N900_RS04850,methyltransferase,-0.7035764666666665,-1.9415,2.0266,6h_SI1,6h,SI1,1h_st,1h,st,3.9681
-0.5449103161929276,-1.5845431999821322,N900_RS04855,ald,1.0358829416666666,-0.56041,5.2295,3h_SI7,3h,SI7,3h_SI1,3h,SI1,5.78991
2.9526474610030844,3.208849433304666,N900_RS04860,lrp_1,1.8453204500000002,-0.056183,4.0561,6h_SI9,6h,SI9,12h_st,12h,st,4.112283
0.31840998756363303,0.3838527803714985,N900_RS04870,dsbB,-0.33072121666666665,-2.7609,4.1369,6h_SI9,6h,SI9,1h_SI1,1h,SI1,6.8978
0.11365222327192148,-1.9804110899052136,N900_RS04875,nhaB,1.04811315,-0.54017,4.356,6h_SI1,6h,SI1,6h_SI4,6h,SI4,4.89617
-0.07898447065021053,0.6470491133365202,N900_RS04880,fadR,1.1680233833333333,-1.5989,4.8608,6h_SI7,6h,SI7,3h_SI2,3h,SI2,6.4597
1.922723295363042,0.1743139437726548,N900_RS04885,VC_1899,1.4193907666666665,-0.34057,4.4853,6h_ce,6h,ce,3h_SI1,3h,SI1,4.825869999999999
-1.1758090535648076,2.129503556339975,N900_RS04890,methyl-accepting chemotaxis protein_3,0.0999043,-2.7012,5.5509,6h_SI5,6h,SI5,6h_SI1,6h,SI1,8.2521
-3.532543897117194,-0.944459569842969,N900_RS04895,hinT,0.5871952666666667,-1.2797,4.2602,6h_SI8,6h,SI8,6h_SI5,6h,SI5,5.5399
0.010493302681309657,-1.560717628071972,N900_RS04900,VC_1896,0.8011507333333334,-0.44888,3.1939,3h_SI1,3h,SI1,12h_SI2,12h,SI2,3.64278
1.4059119326987357,0.6695611024141512,N900_RS04905,VC_1895,1.0987852999999999,-0.40268,4.1136,6h_SI6,6h,SI6,6h_SI2,6h,SI2,4.51628
-0.3533908759067099,-1.865459240855337,N900_RS04910,lpoB,0.5405676666666667,-1.5165,3.918,3h_SI8,3h,SI8,6h_ce,6h,ce,5.4345
0.3106710650349944,-0.8620332213727182,N900_RS04915,thiK,0.006151574999999981,-1.0764,4.0298,3h_SI9,3h,SI9,1h_SI1,1h,SI1,5.106199999999999
-0.35133281641356096,-1.139330286345781,N900_RS04920,ycfP,1.2990930166666665,-0.01142,4.645,1h_SI7,1h,SI7,3h_SI4,3h,SI4,4.65642
1.8481130899712737,0.28056918233396333,N900_RS04925,ndh,0.7569319833333332,-0.98594,4.2302,1h_SI7,1h,SI7,3h_SI3,3h,SI3,5.21614
-1.6553687509627457,-2.112147045141902,N900_RS04930,rimL,0.57774305,-0.77205,4.8024,6h_st,6h,st,6h_SI3,6h,SI3,5.57445
0.3236135573045593,-2.884122455765903,N900_RS04935,hemolysin_2,0.9041604833333333,-0.7179,3.457,1h_ce,1h,ce,12h_SI1,12h,SI1,4.1749
1.91373667015299,3.6176001936061977,N900_RS04940,VC_1887,-0.9503314654999999,-2.9729,1.0611,12h_ce,12h,ce,3h_SI2,3h,SI2,4.034
-4.5904260688935645,2.299096253057953,N900_RS04945,mfd,-0.8932257000000001,-3.2265,3.1501,6h_SI5,6h,SI5,3h_SI3,3h,SI3,6.3766
-4.103405386609756,0.5431009767819037,N900_RS04950,pilz_2,-0.8508710999999999,-3.5076,2.7429,3h_SI7,3h,SI7,1h_co,1h,co,6.250500000000001
-0.9153882943344405,3.824571463098851,N900_RS04970,VC_1880,0.003914749999999987,-2.3189,4.9494,12h_SI6,12h,SI6,6h_st,6h,st,7.2683
0.6764995148756419,-0.9033100482318039,N900_RS04975,DNA internalization-related competence protein ComEC/Rec2,0.34371430166666667,-1.3296,3.3754,6h_SI1,6h,SI1,6h_SI2,6h,SI2,4.705
-1.9180670740792318,4.342766251192449,N900_RS04990,VC0395_A1467_BLAST,-1.5325226666666665,-4.6134,0.10543,6h_SI9,6h,SI9,3h_SI7,3h,SI7,4.7188300000000005
0.783304393706914,-1.2153048370923947,N900_RS05000,ycgB_BLAST,0.6673474613333334,-1.0142,4.31,12h_st,12h,st,6h_SI3,6h,SI3,5.324199999999999
1.7746777391191735,-1.5895184691397113,N900_RS05005,yeah,0.8586386833333333,-0.67557,4.093,1h_SI6,1h,SI6,6h_SI3,6h,SI3,4.76857
-0.5964746777950158,0.9239247517880037,N900_RS05010,yeaG_BLAST,0.8201259883333333,-0.98471,4.9614,3h_SI1,3h,SI1,1h_st,1h,st,5.94611
-1.034969849793712,0.28975431922034345,N900_RS05015,yfbu,1.0036552116666666,-0.40912,4.0658,12h_SI2,12h,SI2,3h_SI2,3h,SI2,4.47492
-1.4609774933015511,0.24221997499675557,N900_RS05020,membrane protein_3,1.2045267166666667,-0.26847,5.6165,1h_SI8,1h,SI8,3h_SI1,3h,SI1,5.88497
-1.4067189888300136,-0.159058704084294,N900_RS05025,pflA,0.40198466000000005,-0.93053,4.3825,24h_SI1,24h,SI1,12h_SI2,12h,SI2,5.31303
2.7654268507899493,-1.2042700058233369,N900_RS05030,methyl-accepting chemotaxis protein_7,1.1064064333333332,-1.197,4.5076,1h_co,1h,co,3h_SI5,3h,SI5,5.7046
2.4854726484085674,-0.5327670763503994,N900_RS05035,lpxR,0.9605232000000001,-0.40591,3.731,1h_SI8,1h,SI8,6h_SI4,6h,SI4,4.13691
-0.03656050063269056,2.3234788274595335,N900_RS05040,pflB,0.5588561116666665,-1.6752,4.7134,6h_SI6,6h,SI6,3h_st,3h,st,6.3886
0.8980749468275522,-1.088486966542295,N900_RS05045,VC_1865,0.5992606766666666,-1.2144,4.2496,12h_co,12h,co,6h_SI1,6h,SI1,5.464
-1.4717718102249717,-0.6710332166095974,N900_RS05050,occP,1.3571637000000003,-0.21443,4.2764,1h_SI7,1h,SI7,3h_SI5,3h,SI5,4.49083
2.929847070682259,1.5953967922985581,N900_RS05055,argT,1.1644249333333332,-0.35046,3.5794,12h_co,12h,co,1h_SI1,1h,SI1,3.92986
1.0786647261246163,1.0881912965433507,N900_RS05060,hisQ,0.6654580666666667,-0.58338,3.5209,12h_SI9,12h,SI9,6h_st,6h,st,4.10428
0.8504055675138065,0.062043600165949064,N900_RS05065,hisM,0.8958732666666667,-0.47761,3.7407,3h_SI4,3h,SI4,3h_SI1,3h,SI1,4.21831
1.1351407589919882,-1.0580460075128726,N900_RS05070,xthA,1.779389166666667,0.12341,4.8797,1h_SI1,1h,SI1,6h_SI3,6h,SI3,4.75629
1.4722061268029085,-0.8548029890860518,N900_RS05075,pctC_1,1.1042378666666666,-0.23737,3.5909,1h_SI4,1h,SI4,12h_SI2,12h,SI2,3.82827
1.2073991082800815,-0.6312579845808648,N900_RS05080,rsmS,0.10816503333333331,-1.2773,3.4677,3h_SI5,3h,SI5,3h_SI1,3h,SI1,4.745
-1.9512201832699725,-1.403802792721099,N900_RS05085,prepilin peptidase_2,0.26324856166666666,-0.83559,3.9948,3h_SI3,3h,SI3,12h_SI2,12h,SI2,4.83039
-1.6416695480771268,-0.005077789038561542,N900_RS05090,yfcA_2,-0.10433206666666668,-1.2816,3.9033,6h_SI4,6h,SI4,3h_SI1,3h,SI1,5.184900000000001
0.8794824737900129,0.12490703922795887,N900_RS05095,dinG,0.7030367666666667,-0.75055,3.2753,24h_ce,24h,ce,3h_SI4,3h,SI4,4.02585
1.0312752972918666,-2.195978650711069,N900_RS05100,ompT,0.98246435,-0.50573,3.8587,12h_st,12h,st,3h_SI3,3h,SI3,4.36443
-0.40343806510491564,-2.1681287525416835,N900_RS05105,VC_1853_BLAST,0.6540752166666665,-1.2414,3.8658,6h_SI1,6h,SI1,6h_SI4,6h,SI4,5.107200000000001
-0.34441723411853387,-1.6831237119909037,N900_RS05110,VC0395_A1443_BLAST,0.6346777500000002,-1.0232,5.0956,24h_SI1,24h,SI1,6h_ce,6h,ce,6.1188
1.4451081298176867,-1.0711488177841753,N900_RS05115,cdgJ_2,0.537821,-1.547,3.6109,6h_SI8,6h,SI8,6h_SI2,6h,SI2,5.1579
-1.2863350899695307,0.27641067122839613,N900_RS05135,ruvC,-0.106628365,-2.3451,3.1281,12h_SI4,12h,SI4,3h_SI3,3h,SI3,5.4732
-1.0397496269995963,-0.505049762073286,N900_RS05140,ruvA,-0.05279776666666668,-2.1637,3.4884,12h_co,12h,co,3h_SI3,3h,SI3,5.6521
1.2319331621733394,1.9790848838958226,N900_RS05145,ruvB,0.6450091583333334,-1.361,4.8952,6h_SI9,6h,SI9,6h_st,6h,st,6.2562
2.8927799581395384,2.8859622048843185,N900_RS05150,cydA,0.7195319666666666,-1.0978,2.7945,6h_co,6h,co,12h_st,12h,st,3.8923000000000005
2.938716509814795,3.012926305107271,N900_RS05155,cydB_1,0.7098292166666665,-1.3807,2.7311,6h_SI9,6h,SI9,12h_st,12h,st,4.111800000000001
0.8645622384959575,0.09828212228405664,N900_RS05165,ybgE,1.1787482833333334,-0.4938,4.8888,1h_co,1h,co,6h_st,6h,st,5.3826
-0.01166596466263048,-2.707392015629005,N900_RS05170,ybgC,0.7459370066666666,-0.80087,2.8581,3h_SI1,3h,SI1,12h_SI2,12h,SI2,3.65897
2.837404711325192,2.9519213220668172,N900_RS05175,tolQ,0.798336155,-1.1942,2.9061,12h_SI7,12h,SI7,12h_st,12h,st,4.1003
2.396502129866481,3.4995401346421264,N900_RS05180,tolr,-0.7088125000000001,-2.8131,1.7784,6h_SI9,6h,SI9,3h_SI9,3h,SI9,4.5915
0.9413126666479048,1.6824543701634538,N900_RS05185,tolA,-0.07284683333333333,-2.4399,3.8827,12h_ce,12h,ce,1h_SI1,1h,SI1,6.3225999999999996
2.09136218608546,3.056351553661792,N900_RS05190,tolB,-0.026892466666666667,-2.2054,4.3082,12h_ce,12h,ce,6h_SI2,6h,SI2,6.5136
2.7359976156477144,3.452402067893874,N900_RS05195,pal_1,1.3740060666666665,-0.61176,3.4948,6h_SI9,6h,SI9,12h_st,12h,st,4.10656
0.04345266025217853,-0.3898186911815147,N900_RS05200,ybgF,0.2541345833333333,-1.6242,4.3142,12h_SI8,12h,SI8,3h_SI5,3h,SI5,5.9384
-1.115914809088125,-2.4548024981353316,N900_RS05205,nadA,0.5824090333333333,-2.0491,3.5819,6h_SI1,6h,SI1,3h_SI2,3h,SI2,5.631
2.2529862067281865,-0.23543149199341562,N900_RS05210,yeca,1.33919295,0.020125,4.3372,1h_SI8,1h,SI8,3h_SI1,3h,SI1,4.317075
1.5388719711053982,0.03930607585559337,N900_RS05215,cqsR,0.8180943,-0.75728,3.3084,3h_SI3,3h,SI3,3h_st,3h,st,4.0656799999999995
-0.15556790452597768,-0.8775499864343419,N900_RS05220,alae,0.11534756666666666,-1.642,2.6789,12h_SI8,12h,SI8,1h_SI1,1h,SI1,4.3209
-0.5935962878404046,0.2832484827849746,N900_RS05225,manA_2,-0.013051666666666663,-1.3305,3.6735,12h_SI4,12h,SI4,6h_SI1,6h,SI1,5.0040000000000004
1.1435530434784313,1.8048158075046277,N900_RS05230,PTS fructose transporter subunit IIC_1,0.28519082,-1.2882,3.9525,6h_SI4,6h,SI4,6h_SI1,6h,SI1,5.2407
1.5483968861453343,-1.6591080588668559,N900_RS05235,rhaR_2,1.1426662336666666,-0.34484,4.3471,6h_SI1,6h,SI1,3h_SI2,3h,SI2,4.69194
0.8633276688858329,-0.9866554653076061,N900_RS05240,PTS fructose transporter subunit IIA_2,-0.37278711666666664,-3.3449,2.3735,3h_SI8,3h,SI8,6h_SI4,6h,SI4,5.7184
0.3714830741123052,2.126833353825407,N900_RS05245,manP_1,1.0140252666666665,-0.54062,4.318,6h_SI2,6h,SI2,6h_st,6h,st,4.858619999999999
0.6510768768343294,-1.7568037990539724,N900_RS05250,PTS fructose transporter subunit IIA_1,0.5363983500000001,-0.82667,3.2566,6h_st,6h,st,6h_SI2,6h,SI2,4.083270000000001
2.075499005471439,-1.0856091727387907,N900_RS05255,PTS fructose transporter subunit IIC_2,1.0628955166666667,-0.44693,4.5239,12h_st,12h,st,3h_SI2,3h,SI2,4.97083
-3.117934221876683,1.4826782055119425,N900_RS05260,manP_2,-0.6287416833333334,-3.2796,2.6799,3h_SI7,3h,SI7,12h_SI1,12h,SI1,5.9595
2.554219506585466,-0.18756675411123946,N900_RS05265,ald1,1.0136811516666666,-0.49688,4.5058,6h_st,6h,st,6h_SI2,6h,SI2,5.00268
3.53286277690876,1.2261717128740068,N900_RS05270,acoR,1.0387383,-0.43867,3.705,1h_SI5,1h,SI5,3h_SI3,3h,SI3,4.14367
0.5692215502998894,-0.4592060524360686,N900_RS05275,VF_0530_BLAST,0.5501155166666667,-1.0009,3.3786,3h_SI5,3h,SI5,6h_SI2,6h,SI2,4.3795
-0.4426425737743549,0.21936469524276997,N900_RS05280,SDR family oxidoreductase,0.6303334123333334,-1.6131,5.2283,6h_co,6h,co,3h_SI3,3h,SI3,6.8414
1.8718634032730703,-2.082848027554888,N900_RS05285,cry1,1.1814332500000002,-0.3861,3.8363,1h_SI8,1h,SI8,3h_SI3,3h,SI3,4.2224
0.596631824206443,-0.7058954550581757,N900_RS05290,VC_1812,0.42985096666666667,-0.8797,3.3959,6h_st,6h,st,6h_SI4,6h,SI4,4.2756
0.2742215457055148,-0.5612251901871579,N900_RS05295,VC_1811,0.9973708833333332,-0.59103,4.2838,3h_SI2,3h,SI2,3h_SI5,3h,SI5,4.87483
-0.5118962544457104,0.296750604649109,N900_RS05300,VC_1810,0.5883225166666667,-2.1083,3.4432,6h_SI6,6h,SI6,6h_SI2,6h,SI2,5.5515
1.7390761037846811,0.6632433849652313,N900_RS05305,AlpA family transcriptional regulator_1,0.8732035333333333,-0.61926,3.8888,12h_st,12h,st,6h_st,6h,st,4.5080599999999995
-1.9424810142938147,-0.7066102422000493,N900_RS05310,VC_1808,0.05666616,-1.1429,3.6727,12h_SI8,12h,SI8,6h_SI4,6h,SI4,4.8156
-4.207733283142798,-0.6197527597249974,N900_RS05315,VC_1806,-0.10634576666666665,-1.4705,2.7471,3h_SI1,3h,SI1,1h_ce,1h,ce,4.2176
1.5734269770941953,-0.3109685218429308,N900_RS05320,VC_1805,0.6445155499999999,-1.1691,3.8596,1h_SI2,1h,SI2,3h_SI3,3h,SI3,5.0287
2.978354936381958,3.221289656902078,N900_RS05330,VC_1802,1.8303856333333333,-0.061552,4.0455,6h_SI9,6h,SI9,12h_st,12h,st,4.1070519999999995
1.9860928409908647,2.027244812434222,N900_RS05340,IclR family transcriptional regulator,0.09195315,-2.1203,3.9457,1h_SI5,1h,SI5,3h_SI1,3h,SI1,6.066
1.229221647282042,-1.1129320598052688,N900_RS05345,marR,0.80952545,-0.6794,4.0923,6h_st,6h,st,3h_st,3h,st,4.7717
-0.02132472385625883,-1.9889599327010847,N900_RS05350,DDE-type integrase/transposase/recombinase,0.37342490166666664,-0.94342,3.2289,6h_st,6h,st,3h_SI4,3h,SI4,4.17232
0.2764465962653877,3.572222013871393,N900_RS05355,ATPase AAA,0.009900648,0.00048811,0.15721,1h_SI7,1h,SI7,3h_st,3h,st,0.15672188999999997
-0.26375002077453535,1.2112177247099394,N900_RS05360,VC_1797,0.22612868333333333,-1.301,3.4917,24h_co,24h,co,3h_SI1,3h,SI1,4.7927
1.061975232111922,-1.8894391553801788,N900_RS05365,glgC2,1.3667623499999997,-0.75363,4.7078,12h_SI3,12h,SI3,3h_SI4,3h,SI4,5.46143
2.110229488689961,0.06264321871888473,N900_RS05370,middle operon regulator,1.2383351,-0.12582,3.3951,1h_SI8,1h,SI8,6h_SI3,6h,SI3,3.52092
2.395650083946162,1.4376958605569294,N900_RS05375,transcriptional regulator_2,1.25064307,-0.22889,5.009,1h_SI8,1h,SI8,12h_SI2,12h,SI2,5.23789
1.290929650250594,-2.1587875606708877,N900_RS05380,VC_1794,1.0733446166666667,-0.60278,4.6585,1h_co,1h,co,12h_SI2,12h,SI2,5.26128
2.20988447759888,-1.7366137845335738,N900_RS05385,VC_1793,1.4264952666666668,-0.20862,5.1047,1h_st,1h,st,3h_SI2,3h,SI2,5.31332
2.0022347574294095,-0.4745960771201255,N900_RS05390,VC_1792,1.3942658333333333,-0.28709,4.3761,3h_st,3h,st,12h_st,12h,st,4.66319
1.7418707433523863,1.5043015915450686,N900_RS05395,tape measure protein,1.4957915000000004,-0.30252,5.0542,1h_SI9,1h,SI9,3h_st,3h,st,5.35672
-0.02488704487323501,-2.4838759949611413,N900_RS05415,radC_2,3.1933400000000005,1.4121,7.1581,1h_co,1h,co,6h_SI2,6h,SI2,5.746
2.456224031051601,-0.4277049790515196,N900_RS05420,AlpA family transcriptional regulator_2,1.6873482999999998,0.041178,4.5865,1h_SI8,1h,SI8,6h_st,6h,st,4.545322
1.0583024087108717,-0.8272038779010202,N900_RS05425,sialidase,0.8378160416666667,-0.64229,3.5704,3h_st,3h,st,6h_ce,6h,ce,4.21269
1.8461609219326807,-1.101431358942002,N900_RS05430,nagA_2,0.5475090216666666,-0.9519,3.0012,12h_st,12h,st,6h_SI4,6h,SI4,3.9531
1.2707007216613508,-0.5690838828348793,N900_RS05435,nanK,0.7366270166666666,-0.34553,3.915,6h_st,6h,st,6h_SI2,6h,SI2,4.26053
2.945511583033926,3.151444987040067,N900_RS05440,N-acetylmannosamine-6-phosphate 2-epimerase,0.6842123666666668,-1.238,2.8738,6h_SI9,6h,SI9,12h_st,12h,st,4.111800000000001
-1.0708372090728544,-0.1759514473596775,N900_RS05445,VC_1780,0.6905230666666667,-1.4196,5.3843,3h_SI8,3h,SI8,1h_st,1h,st,6.8039
2.0932476490175125,0.5902854681450879,N900_RS05450,siaP,1.4123102166666668,-0.39459,4.603,1h_SI3,1h,SI3,12h_st,12h,st,4.99759
-0.34547740658092874,-1.1550514352750185,N900_RS05455,siaQ,0.8079806500000001,-1.1326,4.7764,12h_SI2,12h,SI2,6h_SI4,6h,SI4,5.909
-3.6652301455125595,0.3880114922681661,N900_RS05460,siaM,-0.16962076666666667,-1.8663,3.6921,6h_SI5,6h,SI5,1h_co,1h,co,5.5584
2.215798492979105,-1.4324215124846813,N900_RS05465,nanA,1.0245334833333333,-0.33739,3.9809,1h_SI1,1h,SI1,6h_SI1,6h,SI1,4.31829
-0.6698175745574502,4.2190995721319045,N900_RS05470,ybbH,-0.8069805000000001,-3.5466,2.5086,6h_SI7,6h,SI7,12h_st,12h,st,6.0552
2.2499644343817566,-1.3719574520019122,N900_RS05475,nanM_1,1.2559163433333334,-0.69143,4.2818,3h_co,3h,co,6h_SI4,6h,SI4,4.973229999999999
-4.195832219062779,-0.7256105467868705,N900_RS05480,nanM_2,-0.22444844500000005,-2.0285,2.5945,24h_SI1,24h,SI1,3h_SI5,3h,SI5,4.623
-3.03407147948447,-0.3593523791784663,N900_RS05485,YafY family transcriptional regulator,-0.19919461666666663,-1.5953,3.0573,12h_SI9,12h,SI9,1h_SI1,1h,SI1,4.6526
2.7614001094318867,-0.3778195023507199,N900_RS05490,VC_1771,1.1188048650000002,-0.65037,3.9243,12h_SI8,12h,SI8,3h_SI2,3h,SI2,4.57467
0.8847429744292166,-1.841615788477308,N900_RS05495,VC_1770,1.2176793500000003,-0.26547,4.1682,3h_SI2,3h,SI2,6h_SI2,6h,SI2,4.433669999999999
2.4917679084381437,0.4724120153040118,N900_RS05500,SAM-dependent DNA methyltransferase,0.9780412333333334,-0.53156,3.6298,1h_SI8,1h,SI8,12h_st,12h,st,4.16136
-0.06198083439418145,0.20442168736609195,N900_RS05505,restriction endonuclease subunit S,0.4764261483333333,-0.89346,3.7628,3h_SI2,3h,SI2,12h_SI1,12h,SI1,4.65626
-4.415465641069,-0.02110753337822674,N900_RS05510,VC_1767,0.43867336666666656,-0.80415,6.3422,6h_SI1,6h,SI1,6h_ce,6h,ce,7.14635
2.923743157534175,0.34935962353058836,N900_RS05515,VC_1766,1.0418312,-0.29566,3.7044,1h_st,1h,st,6h_SI1,6h,SI1,4.00006
2.5459700966747745,0.19929975201389258,N900_RS05520,type I restriction endonuclease subunit R,1.3436920333333333,-0.14669,3.9066,1h_SI7,1h,SI7,6h_SI4,6h,SI4,4.0532900000000005
1.9547149435530615,0.7318834714175397,N900_RS05525,ZorA,1.35461179,-0.17831,4.1278,1h_SI4,1h,SI4,3h_st,3h,st,4.306109999999999
-0.9202378964410896,-0.020614648089516407,N900_RS05530,MotB,0.7457825166666667,-0.9498,4.9522,12h_SI3,12h,SI3,3h_SI2,3h,SI2,5.902
0.44641149821346415,-1.4713809410546737,N900_RS05535,zorC,1.342458463333333,-0.015462,4.087,3h_SI1,3h,SI1,3h_SI3,3h,SI3,4.102462
-2.558855804923116,0.02494264932707846,N900_RS05540,helicase,0.09156693479499999,-1.6726,3.0416,6h_SI2,6h,SI2,3h_st,3h,st,4.7142
-3.8774850310745714,-0.10109747787345008,N900_RS05545,intA_1,-0.3095441166666667,-2.0942,3.2093,3h_SI6,3h,SI6,3h_SI4,3h,SI4,5.3035
0.9678963268064233,-0.5273410582561604,N900_RS05550,intA_2,0.49721800000000005,-1.0012,3.4145,24h_st,24h,st,6h_SI1,6h,SI1,4.4157
0.2678301451197824,-1.0340516175518628,N900_RS05560,vexD,0.21175280000000002,-1.2217,4.5557,12h_SI9,12h,SI9,6h_ce,6h,ce,5.7774
3.019367811539002,-0.2722959806133066,N900_RS05565,vexC,1.2179690166666668,-0.43687,4.1091,1h_SI6,1h,SI6,3h_st,3h,st,4.54597
1.760349695275063,0.037092906893705035,N900_RS05570,pqic,1.12838816,-0.28906,4.7755,1h_st,1h,st,3h_SI4,3h,SI4,5.06456
1.775606074430657,-0.7102061953944703,N900_RS05575,pqiB,0.5611877716666667,-1.1285,4.0344,12h_SI7,12h,SI7,6h_SI4,6h,SI4,5.1629
-0.721025250883967,1.1568601297630663,N900_RS05580,pqiA,1.1031466833333334,-0.091994,5.1871,6h_co,6h,co,1h_st,1h,st,5.279094
-0.8530171861730849,1.9153576320041037,N900_RS05585,mechanosensitive ion channel protein MscS,0.37348226650000005,-1.0232,4.4858,12h_SI2,12h,SI2,3h_SI2,3h,SI2,5.509
1.3602117464881829,0.3175292654597839,N900_RS05590,VC_1750,1.1086025233333332,-0.43008,4.7171,3h_SI6,3h,SI6,6h_SI2,6h,SI2,5.1471800000000005
-0.19067888375827335,-0.9498752757037212,N900_RS05595,BamA/TamA family outer membrane protein,0.93692325,-0.74077,4.723,1h_SI2,1h,SI2,1h_st,1h,st,5.46377
0.5880297692176883,0.0050498561117454654,N900_RS05600,VC_1748,0.5512599499999999,-1.2309,3.7353,6h_SI1,6h,SI1,6h_st,6h,st,4.966200000000001
2.235825818047519,-1.3049366603561028,N900_RS05610,breR,0.5076679616666666,-0.88861,3.6377,12h_st,12h,st,3h_SI2,3h,SI2,4.5263100000000005
1.5111978989966994,-0.808078498593048,N900_RS05615,NAD-dependent succinate-semialdehyde dehydrogenase,0.68964878,-0.78139,3.575,3h_SI1,3h,SI1,3h_SI2,3h,SI2,4.35639
-4.561779102758036,0.19295303140006986,N900_RS05620,VC_1744,-0.9343289833333334,-2.5455,2.9569,6h_ce,6h,ce,3h_SI3,3h,SI3,5.5024
0.45186072394152,0.4600220812618931,N900_RS05625,1-aminocyclopropane-1-carboxylate deaminase/D-cysteine desulfhydrase,0.9335631533333334,-0.8539,5.5624,6h_SI6,6h,SI6,3h_SI2,3h,SI2,6.416300000000001
2.9357779452397974,1.2153500783470386,N900_RS05630,TetR/AcrR family transcriptional regulator_2,1.2765062833333336,-0.42314,4.5633,1h_SI1,1h,SI1,3h_SI3,3h,SI3,4.98644
-1.2554891001578186,0.9560252376184548,N900_RS05635,fadE_2,1.4796755000000001,-1.6797,4.7912,1h_SI9,1h,SI9,6h_SI3,6h,SI3,6.4709
0.4274035059965535,1.525874691247712,N900_RS05650,bpt,0.11467718833333335,-1.3304,4.3637,3h_SI5,3h,SI5,3h_SI4,3h,SI4,5.6941
1.2611259546118845,-0.7219890626009482,N900_RS05655,aat,0.9172137100000001,-0.32737,4.396,1h_SI6,1h,SI6,3h_SI1,3h,SI1,4.72337
0.6789238027366018,0.6992910572464381,N900_RS05660,VC_1733,0.9774939,-1.6706,5.7905,6h_co,6h,co,12h_st,12h,st,7.4611
-1.2444883669470077,3.5054027631844544,N900_RS05665,aroA,-0.8801770999999998,-2.721,2.9676,6h_ce,6h,ce,6h_SI1,6h,SI1,5.6886
0.31850644057169397,-2.0615465405355944,N900_RS05670,yciN,0.5632271833333333,-0.88868,3.2856,3h_ce,3h,ce,1h_SI1,1h,SI1,4.17428
-1.5182305382779446,0.5838247247888982,N900_RS05680,glgC_1,0.6073159,-0.71219,4.344,1h_SI7,1h,SI7,3h_SI3,3h,SI3,5.05619
1.8505031350669645,-0.8048999949991948,N900_RS05685,glgA,0.6251260166666667,-1.2541,4.6736,1h_SI5,1h,SI5,6h_SI1,6h,SI1,5.927700000000001
1.8025591417535987,-1.4347220245295722,N900_RS05690,menH_3,1.443667316666667,-0.35003,4.2084,1h_SI8,1h,SI8,6h_SI3,6h,SI3,4.55843
2.381239952559608,-1.0166714792534868,N900_RS05695,VC_1724,1.489815185,-0.58484,5.1739,1h_SI2,1h,SI2,3h_SI1,3h,SI1,5.7587399999999995
2.1597157071327535,0.7908931925621303,N900_RS05700,VC_1723,0.6437962166666668,-0.71937,3.6429,12h_st,12h,st,6h_SI4,6h,SI4,4.36227
-0.7026992168473596,-3.080539285133349,N900_RS05705,tfoY,0.7767359749999999,-0.65726,3.9442,6h_SI3,6h,SI3,3h_SI5,3h,SI5,4.601459999999999
2.8072470602506927,-1.4883173172250665,N900_RS05710,purR,0.8874876833333333,-1.3984,3.6322,1h_SI5,1h,SI5,6h_SI1,6h,SI1,5.0306
-2.3763335259335516,1.6749523613022268,N900_RS05715,torD,0.2555719895,-0.95296,3.0819,6h_SI6,6h,SI6,1h_st,1h,st,4.03486
1.2220373982318868,1.400250906535603,N900_RS05720,torR,1.04572515,-0.52223,4.7229,12h_st,12h,st,6h_SI1,6h,SI1,5.24513
-0.09434044288031185,0.6166007653478016,N900_RS05725,elyC,-0.5202854,-2.9234,4.3301,6h_co,6h,co,3h_SI1,3h,SI1,7.2535
0.676669182301799,-1.816697953520539,N900_RS05730,cmoM,0.7845786999999999,-0.459,4.6263,3h_st,3h,st,12h_SI1,12h,SI1,5.085299999999999
1.2536633045545322,3.634184928569226,N900_RS05735,mukF,-2.0276826666666663,-4.538,2.5254,6h_SI7,6h,SI7,12h_st,12h,st,7.0634
0.5772222870697488,4.160317207724871,N900_RS05740,mukE,-2.2753801666666664,-4.6947,0.5594,6h_SI6,6h,SI6,24h_SI3,24h,SI3,5.2541
0.05052591284996755,5.877222865361476,N900_RS05745,mukB,-2.1942355,-4.7923,2.163,6h_SI6,6h,SI6,3h_st,3h,st,6.955299999999999
1.2569217262296606,1.7240869490241397,N900_RS05750,lrp_2,1.2007473333333332,-0.18531,3.9356,6h_SI4,6h,SI4,3h_SI1,3h,SI1,4.12091
2.6936850634868197,-1.072488399875078,N900_RS05755,LysE family translocator_1,1.2093361108333334,-0.25687,3.66,1h_st,1h,st,3h_SI2,3h,SI2,3.9168700000000003
-0.6614004420367867,-2.483409744348549,N900_RS05760,VC_1711_BLAST,0.3070039500000001,-1.0657,3.3551,12h_st,12h,st,6h_ce,6h,ce,4.4208
-0.3304179192964405,0.04510106135447811,N900_RS05765,VC_1710,0.64749701,-0.58537,3.4424,6h_st,6h,st,1h_st,1h,st,4.02777
0.4720913016986876,-0.9358761034435816,N900_RS05770,"zinc protease, insulinase family",0.5245967833333334,-0.98908,3.5283,24h_co,24h,co,3h_SI1,3h,SI1,4.51738
-0.022906722908092814,0.1678026824454636,N900_RS05775,VC_1708,0.8143961166666664,-0.77835,6.0086,6h_SI2,6h,SI2,3h_SI4,3h,SI4,6.78695
-2.5233292009070514,-2.679384726672767,N900_RS05780,VC_1707,1.1074448916666666,-1.1077,5.1733,24h_st,24h,st,6h_ce,6h,ce,6.281000000000001
0.9133462410451791,-0.5940781979144668,N900_RS05785,metR,0.9204015000000001,-0.83336,5.3147,1h_SI1,1h,SI1,6h_SI2,6h,SI2,6.14806
-0.9735079938479712,0.1336818007319343,N900_RS05790,metE,0.40654108000000005,-1.3461,3.9769,3h_SI9,3h,SI9,3h_SI4,3h,SI4,5.323
1.2279626137067385,-2.3323243231300355,N900_RS05795,VC_1703,0.9473481833333334,-1.5741,4.0236,1h_SI4,1h,SI4,6h_SI4,6h,SI4,5.5977
-3.9228662282697986,0.16687924776131258,N900_RS05800,ycii,-0.19724176666666665,-2.495,4.8932,6h_SI5,6h,SI5,3h_SI1,3h,SI1,7.3882
-1.4529156880348113,-0.9756413486543731,N900_RS05805,yciA_1,0.31494208833333326,-1.0869,3.7849,6h_SI3,6h,SI3,6h_SI2,6h,SI2,4.8718
1.0215636843066953,-1.2983781490624406,N900_RS05810,yciB,1.0449707683333334,-0.21984,3.7696,3h_st,3h,st,3h_SI4,3h,SI4,3.98944
-2.236396656646313,0.1937669179130318,N900_RS05815,VC_1699,-0.04247970166666664,-1.1022,3.5485,6h_SI1,6h,SI1,3h_SI2,3h,SI2,4.6507000000000005
-1.9881689399800053,-3.509359515271679,N900_RS05820,ydcf,-0.12795770333333334,-1.8573,2.7716,6h_st,6h,st,6h_SI4,6h,SI4,4.6289
0.5842752917412506,-2.9821418481567097,N900_RS05825,yeeZ,1.0266075133333332,-0.64169,4.3243,3h_ce,3h,ce,3h_SI1,3h,SI1,4.96599
1.6055393192295293,-1.9010874696069746,N900_RS05830,DNA-binding protein inhibitor Id-2-related protein,0.9703058916666666,-0.50861,2.8377,3h_SI1,3h,SI1,6h_st,6h,st,3.34631
0.41894300651107885,0.7873761482024222,N900_RS05835,focA_1,0.37486334666666665,-0.92932,2.8902,6h_st,6h,st,1h_st,1h,st,3.8195200000000002
1.3349147990213783,-0.7689754466187124,N900_RS05840,VC_1211,0.8170477166666665,-0.64383,4.6861,24h_co,24h,co,3h_SI2,3h,SI2,5.32993
2.2598367480641235,-0.537801288815796,N900_RS05845,torE,1.2039759966666668,-0.27026,3.5288,1h_SI6,1h,SI6,6h_SI3,6h,SI3,3.79906
-0.6298617176145642,0.4206238272664581,N900_RS05850,torC,1.0276815166666666,-0.79525,4.1319,12h_SI8,12h,SI8,3h_SI1,3h,SI1,4.92715
0.775736032193052,-0.48046244510682745,N900_RS05855,torA,1.2798256483333335,-0.32536,5.7638,1h_SI8,1h,SI8,12h_SI1,12h,SI1,6.08916
1.513996458621257,0.8217330916443079,N900_RS05860,alpha-galactosidase,0.7244041733333333,-0.98298,4.4041,3h_SI6,3h,SI6,6h_SI1,6h,SI1,5.387079999999999
0.24031325819732574,-1.3544512460309013,N900_RS05865,VC_1689,1.0707480983333333,-0.30003,3.4813,6h_co,6h,co,6h_SI1,6h,SI1,3.78133
-2.1139887579315566,0.19725781745308046,N900_RS05870,VC_1688,-0.17895541666666667,-1.929,2.4462,24h_SI1,24h,SI1,3h_SI1,3h,SI1,4.3752
1.5009125881751206,-0.32183881197449693,N900_RS05875,ppaC,1.3158249833333335,-0.12533,3.5107,3h_st,3h,st,6h_ce,6h,ce,3.63603
1.939596551905864,0.0630090860121511,N900_RS05880,VC_1686,1.1245002833333333,-0.17929,5.4803,1h_SI6,1h,SI6,3h_st,3h,st,5.65959
1.6745207715615633,0.04093593850131788,N900_RS05885,VC_1685,0.9249959016666666,-0.64677,4.8737,1h_SI1,1h,SI1,6h_SI1,6h,SI1,5.52047
-1.3854451081036712,0.2842444727170295,N900_RS05890,sapF,0.1893208716666667,-2.0789,3.2929,3h_SI9,3h,SI9,6h_SI4,6h,SI4,5.3718
1.2175517454858955,3.844940526442967,N900_RS05895,gsiA,-0.1353688,-2.3871,2.9428,12h_SI9,12h,SI9,3h_SI1,3h,SI1,5.3299
1.9886066406768714,3.4336574173273315,N900_RS05900,sapC,-0.337086685,-2.2692,1.7118,12h_SI6,12h,SI6,6h_SI5,6h,SI5,3.981
0.6410570157275033,3.1862244237590778,N900_RS05905,sapB,-0.6053285166666668,-3.0472,2.9948,12h_SI9,12h,SI9,1h_SI1,1h,SI1,6.042
-0.5416893531161042,-1.2980603034954388,N900_RS05910,ABC transporter substrate-binding protein_2,0.412854125,-1.0914,3.5603,12h_co,12h,co,3h_SI4,3h,SI4,4.6517
2.6524353699092105,-0.3645121347981154,N900_RS05915,pspF,1.40198918,-0.20303,4.6438,1h_SI6,1h,SI6,6h_SI4,6h,SI4,4.84683
0.017708042265434987,-2.1406369786124793,N900_RS05920,pspA,0.20942451999999998,-1.4078,3.3456,3h_SI9,3h,SI9,3h_SI5,3h,SI5,4.7534
-2.140745962548107,1.2902297897557151,N900_RS05925,pspB,0.38443006666666674,-1.4103,3.9275,6h_SI3,6h,SI3,3h_st,3h,st,5.3378000000000005
2.211237176824132,0.9563746617311314,N900_RS05930,pspC,0.8177053933333335,-0.5877,3.8033,1h_st,1h,st,6h_SI2,6h,SI2,4.391
0.5119134353274828,-2.2274916315712354,N900_RS05935,ttgG,1.1422450666666668,-0.74901,4.8566,12h_st,12h,st,1h_SI1,1h,SI1,5.60561
1.1130589662701436,-1.1351151023285537,N900_RS05940,efflux RND transporter periplasmic adaptor subunit,1.093318625,-0.48484,4.5306,1h_SI7,1h,SI7,6h_SI1,6h,SI1,5.01544
2.0083371869702704,-0.12002370978002569,N900_RS05945,vexK,1.0636074000000002,-0.6323,3.2934,1h_st,1h,st,24h_SI1,24h,SI1,3.9257
2.2573817542827816,-2.4902747989498892,N900_RS05950,tag,0.89595235,-0.50414,3.4815,3h_st,3h,st,6h_SI4,6h,SI4,3.98564
1.4619172741519044,-1.6069892348563195,N900_RS05955,metC,0.6725494999999999,-0.6194,2.7035,6h_st,6h,st,3h_SI3,3h,SI3,3.3228999999999997
-0.37445384065936516,-1.3672241676240626,N900_RS05960,clsA,0.4968134999999999,-1.2903,3.3304,3h_ce,3h,ce,6h_SI4,6h,SI4,4.6207
0.852282511709157,1.0398868666105807,N900_RS05965,sodium-dependent transporter_3,0.6845231826666667,-0.74027,3.142,6h_st,6h,st,1h_st,1h,st,3.88227
1.6984167549823939,0.13869950933445202,N900_RS05970,TIGR01621 family pseudouridine synthase,0.4516478333333334,-0.99179,3.3791,6h_SI9,6h,SI9,12h_st,12h,st,4.37089
-0.7612535302235384,-0.46259888835633645,N900_RS05975,ynjF,0.5720633216666667,-0.72954,3.5696,3h_SI2,3h,SI2,6h_ce,6h,ce,4.2991399999999995
3.1598560191110865,-0.559083266315465,N900_RS05980,malK_1,1.3904797083333333,-0.33479,4.5215,1h_SI7,1h,SI7,3h_st,3h,st,4.8562899999999996
-2.0265844601559304,-0.32720823325233084,N900_RS05985,ABC transporter permease subunit_1,0.007286983333333362,-1.6819,3.4687,6h_SI3,6h,SI3,1h_SI1,1h,SI1,5.1506
0.5878129099070564,-0.700139012674122,N900_RS05990,ynjB,0.7727300358833333,-0.71241,4.009,1h_co,1h,co,3h_st,3h,st,4.7214100000000006
-1.010897678619365,1.6622732449471063,N900_RS05995,hslJ,0.9157164216666664,-0.51588,3.4316,24h_SI1,24h,SI1,3h_SI1,3h,SI1,3.94748
0.8227312845815815,2.303401077051724,N900_RS06000,VC_1662,0.9870071166666665,-0.71271,5.7034,6h_SI4,6h,SI4,3h_SI3,3h,SI3,6.41611
-1.8533868466318513,1.4935812639946628,N900_RS06005,VC_1661,-0.12930091666666665,-1.6707,2.9953,12h_SI4,12h,SI4,1h_co,1h,co,4.666
-1.2051159047552102,1.576556383310002,N900_RS06010,ybhS,0.7514581333333332,-0.70059,4.3725,6h_SI4,6h,SI4,6h_st,6h,st,5.07309
1.4684413726415464,-0.16998834117054074,N900_RS06015,ybhF,1.3757755999999999,-0.016912,5.0984,1h_SI5,1h,SI5,3h_st,3h,st,5.115311999999999
0.5707451624867153,-2.647859488305238,N900_RS06020,HlyD family efflux transporter periplasmic adaptor subunit,0.6956734433333334,-0.6512,3.5562,1h_st,1h,st,6h_SI1,6h,SI1,4.2074
2.3987075591294778,0.6524074008945236,N900_RS06025,sdaC,1.45522935,-0.25703,4.9774,1h_SI5,1h,SI5,3h_SI3,3h,SI3,5.234430000000001
2.98642213288222,0.12487578413680486,N900_RS06030,eamA_5,1.5007903333333332,-0.87426,4.8653,1h_co,1h,co,6h_SI3,6h,SI3,5.739560000000001
3.1387057213760334,-2.259915438731078,N900_RS06035,mgtE_2,1.1067607683333334,-1.2991,3.8558,1h_SI7,1h,SI7,3h_SI4,3h,SI4,5.1549
-0.8344934254314218,3.410337667784164,N900_RS06040,rcsC_2,0.005152595000000019,-3.9309,4.1768,12h_SI8,12h,SI8,12h_SI1,12h,SI1,8.1077
2.1268911169437823,-0.8931787806920473,N900_RS06045,vieA,1.2064602833333333,-0.24332,3.6892,3h_co,3h,co,3h_SI5,3h,SI5,3.9325200000000002
2.469856767897477,-1.6555572725590464,N900_RS06050,response regulator_1,0.810921135,-0.45239,3.88,6h_st,6h,st,3h_SI4,3h,SI4,4.33239
2.353397379587088,0.7324340101940221,N900_RS06055,Pseudogene_N900_RS06055,0.9697463166666668,-0.17048,3.9766,1h_SI7,1h,SI7,6h_st,6h,st,4.14708
0.9714032923412086,-0.6219597324686506,N900_RS06060,vesC,0.7519662216666666,-0.56573,3.2696,3h_st,3h,st,3h_SI1,3h,SI1,3.83533
-0.20534039422965877,2.239000957138364,N900_RS06065,sgrR_1,0.5030440516666667,-0.72733,4.3474,6h_co,6h,co,3h_st,3h,st,5.074730000000001
0.7661064220613718,-0.7311869277173675,N900_RS06070,VC_1646,0.5034216666666667,-0.98654,3.8765,12h_st,12h,st,1h_SI1,1h,SI1,4.86304
0.08592023911776403,-1.2537213611912508,N900_RS06080,VC_1644,0.8360154400000002,-0.92041,3.9426,6h_SI1,6h,SI1,1h_SI1,1h,SI1,4.86301
-0.4795513212423228,-0.3683313317715041,N900_RS06085,methyl-accepting chemotaxis protein_8,1.1758768,-0.37777,4.4244,1h_SI8,1h,SI8,3h_SI3,3h,SI3,4.80217
1.4732619287414064,0.5556937096053525,N900_RS06090,ftsA,0.8432739333333333,-0.53219,3.2107,3h_SI4,3h,SI4,3h_st,3h,st,3.74289
0.9262178293057017,-0.2354581441326321,N900_RS06095,VC_1642,1.2943055833333335,0.036525,4.5253,6h_SI4,6h,SI4,6h_SI1,6h,SI1,4.4887749999999995
1.8149069383521068,0.08329485607551118,N900_RS06100,bluF,0.6029154,-1.0979,4.6549,3h_SI8,3h,SI8,12h_SI1,12h,SI1,5.7528
2.0233013052701088,1.2080544740421693,N900_RS06110,sensor histidine kinase_1,-0.64541843,-3.1373,3.8074,1h_SI4,1h,SI4,3h_SI3,3h,SI3,6.9447
0.8405953584147356,0.3351300592058328,N900_RS06120,membrane protein_6,0.3729076166666667,-1.8226,4.2007,24h_SI3,24h,SI3,12h_SI1,12h,SI1,6.023300000000001
-0.050782994013781835,0.07678102508933216,N900_RS06125,radD,-0.32587666666666665,-1.9544,3.3816,12h_SI8,12h,SI8,6h_SI3,6h,SI3,5.336
1.621704921938215,-0.618995296418153,N900_RS06130,rsuA,0.8846858233333335,-0.66437,4.6079,3h_SI4,3h,SI4,3h_SI3,3h,SI3,5.27227
1.5956436706651145,0.5809547517798119,N900_RS06135,bcr_1,0.43592040000000004,-1.01,3.8872,12h_SI6,12h,SI6,1h_SI1,1h,SI1,4.8972
1.104236966268612,-1.0494318675347671,N900_RS06140,VC_1633,0.75492093,-0.91515,3.7215,1h_ce,1h,ce,3h_SI3,3h,SI3,4.6366499999999995
3.009737775776138,0.07564933040266852,N900_RS06145,Putative NAD(P)-binding protein YbjT_BLAST,1.2660860333333332,-0.30178,4.3368,1h_SI6,1h,SI6,6h_SI4,6h,SI4,4.63858
-1.5733647386065308,0.3832941915984892,N900_RS06150,norM_2,-0.47219985000000003,-2.6746,4.6055,3h_SI6,3h,SI6,6h_SI3,6h,SI3,7.2801
-0.6841403203060215,-1.4971087025402778,N900_RS06155,lolD_2,0.9367486833333332,-0.79434,3.64,1h_SI2,1h,SI2,3h_SI3,3h,SI3,4.434340000000001
2.898612988124448,-1.378234107700416,N900_RS06160,ABC transporter permease_1,1.3019424733333333,-0.24903,3.2485,3h_co,3h,co,6h_SI4,6h,SI4,3.49753
2.0072530408506557,-1.4470155918469358,N900_RS06165,attH,1.1844797733333334,-0.42195,3.9753,6h_st,6h,st,3h_SI2,3h,SI2,4.39725
0.9398704084932232,0.45762199424917227,N900_RS06170,nhaA,1.1565925333333336,-0.68908,4.7214,6h_co,6h,co,3h_SI2,3h,SI2,5.41048
0.49536197734889287,-1.0702446040253906,N900_RS06175,argD,0.9509754166666666,-2.0934,4.965,1h_SI2,1h,SI2,12h_SI2,12h,SI2,7.0584
0.2972657458116599,1.3044319170762915,N900_RS06180,VC_1624_BLAST,1.0404717166666666,-0.56893,6.0349,1h_SI4,1h,SI4,3h_st,3h,st,6.60383
-0.12227744726013379,0.5883555551275241,N900_RS06185,nspC,0.6152272833333333,-0.80671,3.1965,6h_SI9,6h,SI9,3h_SI4,3h,SI4,4.00321
-4.015350240942247,-2.5759649575983343,N900_RS06190,oprF,0.6862034933333333,-0.50035,3.268,6h_SI2,6h,SI2,3h_SI6,3h,SI6,3.76835
1.5291672253172752,0.4897483624274317,N900_RS06195,bepC,1.4891323166666666,0.052564,5.2696,1h_SI8,1h,SI8,3h_SI1,3h,SI1,5.217035999999999
2.392705277547517,-0.032586567631239904,N900_RS06200,Pseudogene_N900_RS06200,0.9270737666666664,-0.45709,3.7651,1h_SI6,1h,SI6,6h_st,6h,st,4.222189999999999
2.399776882823339,-0.2139979420379282,N900_RS06210,VC_A0849,0.8064984333333333,-0.51619,4.4575,6h_SI7,6h,SI7,3h_SI5,3h,SI5,4.9736899999999995
-0.548932350668013,3.0279693233053555,N900_RS06215,VC_1619,0.31736758000000004,-1.2355,3.5411,6h_SI4,6h,SI4,3h_st,3h,st,4.7766
2.3440910066110856,0.5297941264331123,N900_RS06220,ynfM,0.8763427666666668,-0.55502,3.4905,1h_st,1h,st,6h_SI4,6h,SI4,4.04552
-0.16134704491373109,2.9716280764225997,N900_RS06225,LysR family transcriptional regulator_5,0.931498155,-1.7134,6.8158,1h_SI9,1h,SI9,3h_st,3h,st,8.5292
1.1238246096974098,0.7361115343686615,N900_RS06230,"glutaredoxin, putative",0.13049939999999996,-1.8429,4.9277,1h_SI2,1h,SI2,6h_SI1,6h,SI1,6.7706
1.1065326422822164,-2.5655581726878247,N900_RS06235,ygjP,1.10176135,-0.63341,4.6717,1h_co,1h,co,3h_SI2,3h,SI2,5.305110000000001
0.038859553538846736,-1.651082641156192,N900_RS06240,rlmF,0.5804932050000001,-0.82616,4.1722,12h_st,12h,st,3h_st,3h,st,4.99836
-6.233648753673424,0.630283090516931,N900_RS06245,VC_1613,-1.1752615149999999,-3.4124,2.9078,6h_SI5,6h,SI5,3h_SI6,3h,SI6,6.3202
-0.1866694412354799,-0.7866865894349186,N900_RS06250,pilW,1.0629094,-0.28585,3.7715,1h_SI8,1h,SI8,3h_SI3,3h,SI3,4.0573500000000005
0.35960944887173696,-0.1232252054053044,N900_RS06255,metA,1.2950797666666667,-0.11409,5.1939,3h_SI1,3h,SI1,6h_SI2,6h,SI2,5.30799
-0.06453452908499147,1.714917445463788,N900_RS06260,ATP-binding protein_1,1.1520138611666666,-0.34633,4.6917,6h_SI4,6h,SI4,6h_st,6h,st,5.03803
-0.6050013506998404,-0.8835464585818493,N900_RS06265,ABC transporter permease_4,0.34822705000000004,-2.6924,4.9633,1h_SI4,1h,SI4,3h_SI1,3h,SI1,7.6557
-1.4106083589594824,0.7163243811038172,N900_RS06270,ABC transporter permease_3,-0.515561175,-2.5446,2.7036,1h_SI3,1h,SI3,3h_SI3,3h,SI3,5.2482
-0.32360327407990574,2.712570634699306,N900_RS06275,HlyD family secretion protein,-0.7448976499999999,-2.495,3.4803,1h_SI4,1h,SI4,3h_SI3,3h,SI3,5.975300000000001
-0.16744901484327057,2.475258475662498,N900_RS06280,VC_1606,-1.3573059500000002,-5.3348,3.6508,6h_SI6,6h,SI6,12h_SI1,12h,SI1,8.9856
-0.446938884713858,2.2826523382070567,N900_RS06285,VC_1643,0.1098667781666667,-2.7977,5.2848,12h_SI8,12h,SI8,3h_SI2,3h,SI2,8.0825
1.0422865453012573,0.17145788967359685,N900_RS06290,dpiB,0.6342087499999999,-0.88658,4.136,3h_SI7,3h,SI7,6h_ce,6h,ce,5.0225800000000005
-0.02189703742178306,-0.7794291179843527,N900_RS06295,citT,0.6784158483333333,-0.58417,3.4302,3h_st,3h,st,12h_st,12h,st,4.01437
0.9927071554650571,2.2637389096656007,N900_RS06300,amino acid ABC transporter substrate-binding protein,1.67125445,-0.16746,5.6876,1h_SI4,1h,SI4,12h_SI1,12h,SI1,5.85506
2.9933743850135315,-0.4324096483040354,N900_RS06305,chev_1,1.4909893333333335,-0.30907,5.2178,1h_SI9,1h,SI9,12h_SI2,12h,SI2,5.526870000000001
0.19821529437282903,0.2506361644848901,N900_RS06310,VC_1601,0.8199282166666669,-0.46333,4.6233,6h_st,6h,st,6h_SI1,6h,SI1,5.08663
-0.1712546233286747,-0.3036714629624875,N900_RS06315,VC_1600,0.9638124833333332,-0.5038,3.618,1h_SI9,1h,SI9,6h_SI3,6h,SI3,4.1218
-0.9873026794326871,-2.0184511118702213,N900_RS06320,sensor domain-containing diguanylate cyclase_3,-0.23166758333333334,-1.9308,3.4321,24h_st,24h,st,3h_SI3,3h,SI3,5.3629
0.10683223862681723,0.03770484567314514,N900_RS06335,ABC transporter substrate-binding protein_7,0.8131936833333334,-1.2873,3.6511,6h_SI3,6h,SI3,3h_SI3,3h,SI3,4.9384
1.3369968859855819,1.7112120254080139,N900_RS06340,bmr3_1,0.35335963333333337,-1.0647,3.7852,3h_SI4,3h,SI4,3h_SI3,3h,SI3,4.8499
1.1250740408252131,0.2814180091205126,N900_RS06345,galT,-0.6258904,-2.3352,2.3864,12h_SI5,12h,SI5,6h_SI3,6h,SI3,4.7216000000000005
0.286889950812681,-0.39257040407815635,N900_RS06350,galK,-0.24927028333333334,-1.8776,3.0163,6h_SI8,6h,SI8,6h_st,6h,st,4.8939
1.165308378500952,-1.30650622736674,N900_RS06355,galM,0.4891164,-0.82597,3.1706,6h_st,6h,st,1h_SI1,1h,SI1,3.9965699999999997
-0.8329608791576035,0.3598324287274768,N900_RS06360,VC_1593,0.6562077416666667,-0.81418,3.6856,3h_SI5,3h,SI5,6h_SI1,6h,SI1,4.49978
-0.11318765565820899,2.3715112600628534,N900_RS06365,VC_1592,1.4543584666666665,-0.32706,6.1828,1h_SI8,1h,SI8,12h_st,12h,st,6.509860000000001
1.9938993129792433,0.6420219536819101,N900_RS06370,fabG_3,1.22217805,-0.34277,4.5641,1h_SI6,1h,SI6,1h_st,1h,st,4.90687
-0.628460256417863,-2.052747313309774,N900_RS06375,alsS,0.9845323333333333,-0.69278,4.6147,6h_SI2,6h,SI2,3h_SI2,3h,SI2,5.30748
-1.8101660638693218,-0.35906032477775374,N900_RS06385,LysR family transcriptional regulator_6,0.11316683666666666,-1.4342,3.4431,24h_SI1,24h,SI1,3h_SI2,3h,SI2,4.8773
0.015842215328231823,0.5749552222957558,N900_RS06390,ykgB,-0.13443480000000002,-1.6314,3.1552,12h_SI8,12h,SI8,12h_SI1,12h,SI1,4.7866
-0.8060812789168907,1.0320550059113152,N900_RS06395,katB,0.02655542499999999,-2.2213,5.4507,6h_ce,6h,ce,3h_st,3h,st,7.672000000000001
0.3306622807404289,-0.1619369228032052,N900_RS06400,ankB protein,0.4228683833333333,-0.94908,3.7949,1h_st,1h,st,6h_st,6h,st,4.7439800000000005
-0.8484508195840177,-0.7236878990340525,N900_RS06405,sodC,0.053715962833333325,-1.3075,3.0308,3h_SI1,3h,SI1,6h_SI2,6h,SI2,4.3383
-1.804859035554973,0.48246070187261103,N900_RS06410,dabA_BLAST,0.05664059999999997,-1.3993,3.2424,6h_SI1,6h,SI1,1h_st,1h,st,4.6417
2.323539576766372,-1.027828534663736,N900_RS06415,dabB,1.09186875,-0.38913,4.0292,12h_st,12h,st,3h_SI1,3h,SI1,4.41833
0.49554840035144165,2.2420754541171783,N900_RS06420,LysR family transcriptional regulator_3,-0.0040467333333333595,-1.4142,3.0185,6h_SI4,6h,SI4,3h_SI2,3h,SI2,4.4327
0.6335568026425142,-1.1620610578557058,N900_RS06425,almE,0.9466902666666666,-0.61522,4.662,24h_SI1,24h,SI1,3h_SI3,3h,SI3,5.27722
-5.494297276667359,-0.6985694777529081,N900_RS06430,almF,-0.6555937166666668,-2.6337,4.2177,12h_SI1,12h,SI1,1h_SI1,1h,SI1,6.8514
-0.10162560485732364,2.1340376793749796,N900_RS06435,almG,1.47984925,-0.054004,6.0282,1h_SI4,1h,SI4,3h_SI2,3h,SI2,6.082204
-7.166056857510693,-0.06866480386590385,N900_RS06440,VCM66_1516_BLAST,-0.6578911000000001,-3.3508,1.5046,3h_SI9,3h,SI9,3h_SI7,3h,SI7,4.8553999999999995
2.3182093413577096,0.697302683712136,N900_RS06445,VC_1575,0.5991164516666667,-0.64961,3.0447,6h_co,6h,co,3h_SI5,3h,SI5,3.69431
-1.455368014315881,-0.36423277835832524,N900_RS06450,membrane protein_7,0.2462347666666667,-1.6661,5.0831,24h_st,24h,st,6h_ce,6h,ce,6.7492
0.8585252624129196,0.8505439339336807,N900_RS06455,fumC,0.5373946833333333,-1.5278,4.5736,24h_st,24h,st,3h_SI1,3h,SI1,6.1014
-3.811521120412485,0.508129825633996,N900_RS06460,VC_1572,-1.0119508333333331,-2.5012,4.4822,24h_st,24h,st,3h_SI4,3h,SI4,6.9834
0.9635266775111972,-0.15013168340569394,N900_RS06465,appC,1.1330999333333334,-0.66141,3.943,6h_SI6,6h,SI6,12h_SI1,12h,SI1,4.60441
-2.261350408675498,-2.1770766646150226,N900_RS06470,appB,0.2744866666666666,-1.8986,3.9833,6h_SI1,6h,SI1,6h_ce,6h,ce,5.8819
-1.6871408862497264,1.959603456208432,N900_RS06475,yknY_2,0.29667531666666663,-2.0392,4.9901,6h_SI5,6h,SI5,1h_st,1h,st,7.0293
0.7726372474080301,-1.7101155739860263,N900_RS06480,macB_1,0.9848011000000002,-0.48826,3.2274,1h_st,1h,st,6h_SI3,6h,SI3,3.7156599999999997
2.499184089706592,0.38064235480553854,N900_RS06485,macB_2,1.370453883333333,-0.44865,4.1236,1h_SI9,1h,SI9,6h_ce,6h,ce,4.5722499999999995
-1.0764852198306483,1.9848061824880532,N900_RS06490,tolc,0.3882127616666667,-2.6967,3.4288,6h_SI7,6h,SI7,12h_co,12h,co,6.1255
2.4027392802405476,0.014923291869721522,N900_RS06495,macA,1.1646526600000002,-0.10084,4.6484,1h_SI7,1h,SI7,12h_SI1,12h,SI1,4.7492399999999995
-4.135566491209052,2.5669614720553593,N900_RS06500,varG,-0.80341435,-3.7278,1.9281,12h_SI8,12h,SI8,24h_SI2,24h,SI2,5.6559
1.3076954119061472,-0.23990384022070432,N900_RS06505,lysr_3,1.3686262649999998,-0.17954,5.1172,3h_SI4,3h,SI4,3h_st,3h,st,5.296740000000001
-0.43371873729560484,-0.2955651976319448,N900_RS06510,katG,1.6284244,-0.15532,6.1199,1h_SI7,1h,SI7,3h_SI1,3h,SI1,6.27522
-2.1311396578824473,-0.40026570971671593,N900_RS06515,bglA,0.3514252833333334,-1.2127,4.6944,6h_SI2,6h,SI2,3h_SI4,3h,SI4,5.9071
2.5838805165375227,0.5875031263798755,N900_RS06520,LacI family DNA-binding transcriptional regulator,0.21405076666666664,-1.4059,3.5196,12h_SI7,12h,SI7,3h_st,3h,st,4.9254999999999995
-3.2027690659525225,0.31350972424061097,N900_RS06525,rutC,0.8426624833333332,-1.0713,3.4002,6h_SI5,6h,SI5,3h_SI5,3h,SI5,4.4715
1.8850401627836098,-1.6391916662788644,N900_RS06530,Toxin-antitoxin biofilm protein TabA homolog_BLAST,0.7889990166666667,-0.54007,3.4739,3h_st,3h,st,6h_SI1,6h,SI1,4.0139700000000005
-2.2029652170367227,1.3049350870923164,N900_RS06535,glpQ_1,-0.6283875833333333,-3.2997,3.3835,24h_ce,24h,ce,1h_SI1,1h,SI1,6.6832
0.08648330468759324,-0.05556053855291365,N900_RS06540,glpR_1,0.15112328500000005,-1.2938,3.3732,3h_SI6,3h,SI6,6h_SI2,6h,SI2,4.667
-1.2179947324067941,-0.3538790580850142,N900_RS06545,ugpc,-0.01677286666666663,-1.8148,5.9263,12h_SI7,12h,SI7,6h_ce,6h,ce,7.7411
-2.591103130954018,0.3782515496300567,N900_RS06550,ugpE,-0.31219335,-2.0951,4.3218,24h_SI3,24h,SI3,3h_SI5,3h,SI5,6.4169
1.1024839017210661,-1.65737455557217,N900_RS06555,ugpA,0.9400644333333333,-0.67973,4.0264,12h_SI7,12h,SI7,3h_SI5,3h,SI5,4.70613
1.4591703424650362,0.3558328475601775,N900_RS06560,ugpB,0.19030280083333334,-2.3256,3.2723,6h_SI7,6h,SI7,6h_SI1,6h,SI1,5.5979
2.263939573392646,0.5715513830413104,N900_RS06565,tonB,0.9359012466666665,-0.50393,6.0376,6h_co,6h,co,3h_st,3h,st,6.54153
1.3664351945354545,-0.9103682619663449,N900_RS06570,mota,0.6697279516666667,-0.84504,3.8276,3h_SI1,3h,SI1,3h_SI2,3h,SI2,4.6726399999999995
2.266846303391268,-1.72530005385617,N900_RS06575,tolQ_3,1.0613484833333333,-0.39571,4.9052,1h_st,1h,st,12h_SI1,12h,SI1,5.30091
1.3249109189042985,-2.855889589932772,N900_RS06580,exbd,0.913149545,-0.577,4.6941,1h_ce,1h,ce,6h_ce,6h,ce,5.2711
2.967810342607815,1.579534908030101,N900_RS06585,TonB_1,0.7636807999999998,-0.84175,4.443,6h_SI7,6h,SI7,6h_st,6h,st,5.28475
0.8550347999639425,0.24277921694228066,N900_RS06590,VC_1543,1.0068560766666665,-0.67461,4.6176,1h_ce,1h,ce,3h_SI3,3h,SI3,5.292210000000001
1.5839343378004287,-0.8632417449376268,N900_RS06595,ligA_1,0.7796801688333332,-0.67142,3.8058,1h_st,1h,st,3h_SI3,3h,SI3,4.47722
0.49486103263538794,2.7436614903342527,N900_RS06600,VC_1541,0.4151725,-1.1839,4.3176,12h_ce,12h,ce,6h_st,6h,st,5.5015
-1.3593232068659933,-2.1496669354093974,N900_RS06605,vcmA,1.1191887350000003,-0.74045,5.9166,6h_co,6h,co,6h_ce,6h,ce,6.65705
0.7880307606910524,0.2721174988399925,N900_RS06610,CPXCG motif-containing cysteine-rich protein,1.3797458,-1.7883,6.0201,6h_SI7,6h,SI7,12h_SI1,12h,SI1,7.808400000000001
-2.0527038506482853,-1.6484760272497638,N900_RS06615,VC_1539_BLAST,0.0373588783333333,-1.4805,4.4597,6h_SI3,6h,SI3,3h_SI1,3h,SI1,5.9402
2.2712336736291396,-0.062188446682501286,N900_RS06620,VC_1538,1.3867726166666665,-0.51522,4.4114,12h_st,12h,st,3h_st,3h,st,4.926620000000001
0.8985111651746638,-0.07299811325330857,N900_RS06625,NlpC,0.5121922000000001,-1.0626,2.9137,12h_st,12h,st,6h_SI1,6h,SI1,3.9763
2.0783042781025003,1.946966099185294,N900_RS06630,methyl-accepting chemotaxis protein_2,1.513814866666667,-0.23704,6.0849,1h_SI8,1h,SI8,6h_st,6h,st,6.321940000000001
-0.9756231733562339,0.8942782431173437,N900_RS06635,VC_1534,0.21786024666666665,-1.5181,4.7797,12h_SI2,12h,SI2,3h_SI3,3h,SI3,6.2978000000000005
0.874880796736865,-0.7675572719671946,N900_RS06640,tRNA-uridine aminocarboxypropyltransferase_BLAST,0.7705398183333333,-0.9013,3.0311,3h_SI1,3h,SI1,1h_SI1,1h,SI1,3.9324
2.729147503121829,2.5129246545709893,N900_RS06645,nagK,1.1228472183333336,-1.0026,4.1936,1h_SI4,1h,SI4,12h_st,12h,st,5.1962
-2.268944613517501,3.3874892511446006,N900_RS06650,VC_1531,0.009954808333333332,0.00012735,0.43711,1h_SI7,1h,SI7,3h_st,3h,st,0.43698265
-1.0618858752047173,0.14795429408722796,N900_RS06655,VC_1530,1.0726542133333334,-0.36556,5.5148,12h_SI4,12h,SI4,3h_SI1,3h,SI1,5.8803600000000005
-1.7293744094638108,1.393785679640556,N900_RS06660,VC_1529,-0.15241848333333333,-1.9089,4.2832,3h_SI6,3h,SI6,6h_st,6h,st,6.1921
0.7237638640920889,0.17733990105720415,N900_RS06665,amino acid ABC transporter,1.0942079999999998,-0.47723,3.9824,3h_co,3h,co,3h_SI1,3h,SI1,4.45963
1.391501624679023,-0.7939661391121884,N900_RS06670,MoeA,1.494521666666667,0.15517,5.0099,1h_SI3,1h,SI3,3h_SI1,3h,SI1,4.85473
0.871658529421524,-0.5757030707147803,N900_RS06675,mobA,0.551868075,-0.77618,4.4296,24h_st,24h,st,12h_SI2,12h,SI2,5.20578
0.7689392689319554,2.4182150775897044,N900_RS06680,btuD_1,0.7745641216666667,-1.003,4.0921,24h_SI9,24h,SI9,12h_st,12h,st,5.0951
-1.9525838856634616,-0.8770438721795792,N900_RS06685,tupB,1.2047893056666663,-0.47567,4.8594,1h_ce,1h,ce,6h_SI1,6h,SI1,5.33507
-1.2217691678920541,1.2235166722411497,N900_RS06690,tungsten ABC transporter substrate-binding protein,-0.013690531166666664,-1.834,4.7097,24h_st,24h,st,3h_SI1,3h,SI1,6.543699999999999
1.4080803296097484,1.1483982712689615,N900_RS06695,atoC_2,0.6521600499999999,-0.99036,4.9041,3h_st,3h,st,12h_st,12h,st,5.89446
1.0526577858504114,-0.9863164040521166,N900_RS06700,sasA_2,0.48825141666666666,-0.65069,2.7977,1h_st,1h,st,6h_SI1,6h,SI1,3.44839
1.1662707211348637,1.4167431394476502,N900_RS06705,ybiT,1.2500275000000003,-0.51878,6.5922,1h_SI1,1h,SI1,3h_st,3h,st,7.11098
0.055836972625336934,-0.2973628271062363,N900_RS06710,fdhD,0.8535228,-0.93791,5.0436,6h_co,6h,co,3h_SI1,3h,SI1,5.98151
-2.4106927582225612,-1.9398415680652037,N900_RS06715,VC_1518,0.5641505666666667,-1.1735,5.2824,1h_SI1,1h,SI1,3h_SI5,3h,SI5,6.4559
0.7156994593885062,0.5857682864964158,N900_RS06720,VC_1517,0.24696005000000001,-0.92208,2.9459,6h_SI8,6h,SI8,12h_st,12h,st,3.86798
1.187081972342395,0.5929837632954917,N900_RS06725,napF_1,0.8388170416666666,-0.54609,4.4715,12h_st,12h,st,3h_st,3h,st,5.01759
0.34943357525333996,-0.6793620520508066,N900_RS06730,molecular chaperone,0.6710938366666667,-0.71991,4.3707,1h_co,1h,co,6h_SI2,6h,SI2,5.09061
-3.0960713291846864,-0.3788827995928461,N900_RS06735,transcriptional initiation protein Tat,-0.43034179666666666,-2.0082,4.6355,24h_SI2,24h,SI2,6h_SI2,6h,SI2,6.643700000000001
0.9253056263226309,-0.0523597020542545,N900_RS06740,napA_1,0.6587827950000001,-0.77882,3.7293,6h_SI4,6h,SI4,3h_SI4,3h,SI4,4.50812
-1.256997102265562,-1.7450109752792566,N900_RS06745,fdhB1,0.20078578333333333,-0.97867,3.5238,6h_st,6h,st,1h_SI1,1h,SI1,4.50247
-0.25898724049759636,-1.8332749963238202,N900_RS06750,formate dehydrogenase subunit gamma,0.396028855,-1.4337,4.3571,12h_SI2,12h,SI2,3h_SI5,3h,SI5,5.7908
-0.05307800949305497,-1.7217301505157465,N900_RS06755,VC_1510,0.3686837583333333,-0.83096,2.5263,1h_ce,1h,ce,1h_co,1h,co,3.35726
1.5291634042577735,1.0488064215362414,N900_RS06760,cobB,1.0480848666666664,-0.46096,4.1241,1h_SI9,1h,SI9,3h_st,3h,st,4.58506
-2.3488886403502356,2.7065597424478507,N900_RS06765,VC0395_A1115_BLAST,0.5598267833333334,-2.4472,5.517,6h_ce,6h,ce,3h_SI2,3h,SI2,7.9642
0.04086020942306634,-1.0110310586552878,N900_RS06770,aroH,-0.0747758,-1.3166,2.9544,3h_SI2,3h,SI2,12h_SI2,12h,SI2,4.271
1.2861842675123167,-0.7672163155323335,N900_RS06775,VC_1506,0.6013934333333335,-0.74408,3.7176,6h_st,6h,st,6h_SI2,6h,SI2,4.46168
0.27763162246694373,1.3385133757229486,N900_RS06780,VC_1505,0.9178522108333333,-0.66707,4.6613,6h_SI2,6h,SI2,6h_st,6h,st,5.32837
-3.868124212053027,-1.904005005339723,N900_RS06785,cvfB,-0.0924345,-2.5392,3.3421,3h_SI9,3h,SI9,1h_SI1,1h,SI1,5.8812999999999995
2.1653579311454783,0.5719372410749162,N900_RS06790,rsmF,0.667166275,-0.95031,3.9896,6h_SI6,6h,SI6,3h_SI3,3h,SI3,4.939909999999999
2.8283415160408296,-1.2001470230742772,N900_RS06795,yebT,0.8016523616666668,-0.4925,3.4809,1h_st,1h,st,3h_SI1,3h,SI1,3.9734000000000003
2.012127690973206,0.300396534962879,N900_RS06800,paraquat-inducible protein A,0.9318864416666667,-0.8312,4.4398,1h_SI1,1h,SI1,3h_st,3h,st,5.271
-0.7270010043593156,0.9115263857818098,N900_RS06805,ABC transporter ATP-binding protein_2,0.32236509999999996,-1.5613,4.7015,12h_SI4,12h,SI4,6h_SI1,6h,SI1,6.2628
2.00721236340675,-1.9942774354812198,N900_RS06810,msrC_BLAST,0.8131330200000001,-0.61003,4.5476,1h_st,1h,st,3h_SI3,3h,SI3,5.15763
-0.5978919644903402,-3.206405147950983,N900_RS06815,proQ,0.07405420000000001,-1.8077,2.8845,1h_ce,1h,ce,3h_SI4,3h,SI4,4.6922
-0.16289233878366227,0.8284750600953092,N900_RS06820,prc,-0.35085686666666666,-2.2908,3.5145,6h_SI1,6h,SI1,12h_SI1,12h,SI1,5.8053
1.403159035416408,-1.4413916672268945,N900_RS06825,VC_1495,0.45651191666666674,-0.90656,2.7194,3h_st,3h,st,3h_SI2,3h,SI2,3.62596
-3.69372179049509,0.3382586409069239,N900_RS06830,pepN,-0.14506495433333338,-1.5789,3.8089,12h_SI2,12h,SI2,6h_SI2,6h,SI2,5.3878
-3.3161231489095253,0.07384672466514325,N900_RS06835,VC_1493,-0.10428771166666667,-1.3903,2.9967,3h_ce,3h,ce,12h_SI2,12h,SI2,4.3870000000000005
-1.341711465557559,-0.8178398086469174,N900_RS06840,gdhB,0.8288471233333333,-1.7366,4.025,3h_SI7,3h,SI7,12h_SI2,12h,SI2,5.7616000000000005
-1.8962060756043955,2.45757179860509,N900_RS06845,pyrD,-0.7524003833333333,-4.032,3.3738,12h_SI8,12h,SI8,12h_st,12h,st,7.4058
-2.4919389745547376,2.519367796992199,N900_RS06850,zapc,-0.9523734166666667,-3.5584,2.9152,6h_ce,6h,ce,6h_st,6h,st,6.473599999999999
-0.5623103410972279,0.8177591739424592,N900_RS06855,rlmKL,0.47590435000000014,-0.76432,4.4731,24h_SI3,24h,SI3,6h_st,6h,st,5.237419999999999
-4.23671710226043,2.6955203413698903,N900_RS06860,VC_1487,-1.4198218499999997,-4.1062,3.2189,6h_ce,6h,ce,1h_ce,1h,ce,7.325100000000001
-4.771352775974772,-1.327434860715242,N900_RS06865,uup,0.19111726666666665,-1.7814,3.3423,6h_SI2,6h,SI2,3h_SI1,3h,SI1,5.1236999999999995
1.2337832603734862,-1.408342673588836,N900_RS06875,rmf,1.46844075,-0.24621,5.1127,1h_SI6,1h,SI6,3h_SI2,3h,SI2,5.35891
2.924606291278404,3.208890201268436,N900_RS06880,fabA,1.8441144333333335,-0.062449,4.0446,6h_SI9,6h,SI9,12h_st,12h,st,4.107049
2.8037966135269885,0.1400887515226969,N900_RS06885,ATP-dependent protease LA-related protein,0.7964509666666668,-0.78672,4.6291,1h_SI9,1h,SI9,3h_SI2,3h,SI2,5.41582
-2.110168144933686,-1.219013241206939,N900_RS06890,matP,-0.1578106561666666,-2.9662,3.2171,1h_SI2,1h,SI2,3h_SI7,3h,SI7,6.1833
-0.1574721629788831,0.6692501068350938,N900_RS06895,VC_1480,0.4865406500000001,-1.0144,4.3278,3h_SI6,3h,SI6,6h_st,6h,st,5.3422
1.8792285496049352,1.433930265724825,N900_RS06900,VC_1479,1.2459248366666666,-0.24,5.2914,3h_SI4,3h,SI4,12h_st,12h,st,5.5314000000000005
-1.4187347967115698,0.7757158025181836,N900_RS06945,VC_1471,0.013707350000000005,-2.0858,2.8167,3h_SI6,3h,SI6,3h_SI7,3h,SI7,4.9025
2.02183188796902,1.1126825922356625,N900_RS06955,DNA replication protein_1,1.5418287666666664,-0.76994,4.6859,6h_SI4,6h,SI4,3h_SI3,3h,SI3,5.45584
1.5480537419676228,-0.1483647017654025,N900_RS06980,DNA-binding protein,0.5111554333333335,-0.8985,2.9149,6h_st,6h,st,12h_SI1,12h,SI1,3.8133999999999997
-4.120848986722316,-2.204539474410214,N900_RS07000,rstc,-0.13306151666666663,-2.4485,2.4297,12h_SI3,12h,SI3,3h_SI7,3h,SI7,4.8782
1.2135137562015599,0.43965143023867254,N900_RS07020,colonization factor,0.2810398333333333,-1.2568,3.7478,3h_SI6,3h,SI6,3h_SI2,3h,SI2,5.0046
-0.6349507827174774,-2.4971846641940734,N900_RS07025,VC_1460_BLAST,0.18067133333333332,-1.0853,3.8395,3h_SI3,3h,SI3,6h_ce,6h,ce,4.9248
0.5948052308850493,-1.4421519710230888,N900_RS07030,ace,0.4396666166666667,-0.94895,2.8272,6h_SI9,6h,SI9,12h_SI1,12h,SI1,3.77615
0.9566366641598307,1.7137440331536855,N900_RS07035,zot,0.8242189833333332,-0.85338,4.197,6h_SI4,6h,SI4,12h_SI1,12h,SI1,5.0503800000000005
1.9082555075325267,0.8931717161991467,N900_RS07040,ctxA,1.6031479666666668,-0.28437,5.9364,1h_SI5,1h,SI5,3h_SI4,3h,SI4,6.22077
1.0030946238365699,-1.4899677137517682,N900_RS07045,ctxB,1.2130298333333334,-0.24055,4.3415,1h_SI7,1h,SI7,12h_SI3,12h,SI3,4.58205
-2.9991451356068124,-0.9221964424809364,N900_RS07050,rtxA,-0.30215816666666667,-1.6921,2.9957,3h_SI9,3h,SI9,1h_SI1,1h,SI1,4.687799999999999
0.11855778361724134,-1.4366966873833433,N900_RS07055,toxin-activating lysine-acyltransferase,0.6039549883333334,-1.2957,4.1859,3h_ce,3h,ce,3h_SI5,3h,SI5,5.4816
-2.9683223779806025,-1.0224110849575305,N900_RS07060,VC_1449,-0.5776163333333334,-3.6267,4.6598,6h_co,6h,co,3h_SI5,3h,SI5,8.2865
-5.040039431614677,-0.04943227567436065,N900_RS07065,peptidase domain-containing ABC transporter,-0.7304131366666665,-3.5673,3.2553,3h_SI9,3h,SI9,3h_SI7,3h,SI7,6.8225999999999996
1.3272600382123185,-0.40380263812433814,N900_RS07070,HlyD family type I secretion periplasmic adaptor subunit_1,0.9266006583333334,-0.70436,5.2161,12h_SI1,12h,SI1,6h_SI3,6h,SI3,5.92046
1.163425247401519,-1.0915689082208735,N900_RS07075,hlyB,0.9821974,-0.38911,4.9351,1h_SI8,1h,SI8,3h_SI4,3h,SI4,5.32421
-0.3767429304482359,0.6977436424608205,N900_RS07080,rcsC_3,0.3931739,-0.8092,5.5141,3h_SI9,3h,SI9,6h_st,6h,st,6.3233
0.8498986551277423,-2.5327326789268727,N900_RS07085,histidine kinase,0.4138719250000001,-1.1388,3.9106,6h_SI1,6h,SI1,6h_SI4,6h,SI4,5.0494
-1.5433125969542525,-1.1559488105041622,N900_RS07090,VC_1443,0.11450885666666667,-1.2717,3.9674,6h_SI2,6h,SI2,3h_SI1,3h,SI1,5.2391000000000005
0.9931254710970725,-1.593741162065715,N900_RS07095,ccoN,1.1136141833333335,-1.5456,5.1277,1h_SI2,1h,SI2,3h_SI1,3h,SI1,6.6733
-2.725752117299755,0.424372564165084,N900_RS07100,ccoO,0.29917746333333334,-1.9615,3.3158,12h_SI9,12h,SI9,3h_SI5,3h,SI5,5.2773
-0.5981283589749076,-0.5148371152031471,N900_RS07110,ccoP,-0.03789021999999998,-1.9196,4.028,6h_SI7,6h,SI7,6h_SI2,6h,SI2,5.9475999999999996
0.8119421943111553,-2.0052083731296833,N900_RS07115,ccoH,1.1404945333333336,-0.62065,4.7388,1h_co,1h,co,6h_SI2,6h,SI2,5.359450000000001
1.9520792485865668,-3.141200462377495,N900_RS07120,cadA,1.4978633,-0.50784,4.8596,1h_SI3,1h,SI3,3h_SI3,3h,SI3,5.36744
0.2184568962680542,0.29816397467447386,N900_RS07125,ccoS,0.14297800000000002,-2.0442,3.958,1h_SI3,1h,SI3,3h_SI2,3h,SI2,6.0022
-1.6617322158865022,0.8066077979253343,N900_RS07130,VC_1435,0.47849058166666664,-2.2824,4.8374,12h_SI3,12h,SI3,6h_st,6h,st,7.1198
-0.2693930372449236,0.6991918499288206,N900_RS07140,uspE,0.8504629316666666,-0.59315,5.3884,12h_SI4,12h,SI4,3h_SI3,3h,SI3,5.9815499999999995
-2.4669450615051027,1.0223565220334427,N900_RS07145,ttcA,0.29876317666666663,-1.6475,5.0304,6h_SI1,6h,SI1,3h_st,3h,st,6.6779
1.045668237439795,-2.4873812126294097,N900_RS07150,VC_1431,0.8882288666666668,-0.58219,4.1202,3h_st,3h,st,6h_SI4,6h,SI4,4.702389999999999
0.38897745552613694,1.0728887434328969,N900_RS07155,glucosaminidase,0.4029179333333333,-1.0964,4.0105,6h_SI4,6h,SI4,3h_SI1,3h,SI1,5.1069
3.267642989823517,-0.7009634121995196,N900_RS07160,VC_1429,0.5299203166666666,-1.3428,3.5137,12h_SI7,12h,SI7,3h_SI4,3h,SI4,4.8565000000000005
-1.7940370909443366,0.1823969243508031,N900_RS07165,potA,-0.6177545166666666,-2.1897,2.5308,12h_ce,12h,ce,24h_st,24h,st,4.7205
0.2266814997995632,0.050029490763285,N900_RS07170,potB,0.4825185833333333,-0.87231,4.4464,1h_SI5,1h,SI5,6h_st,6h,st,5.318709999999999
-0.4118619225205977,-1.4829682977910106,N900_RS07175,potC,0.6767962166666668,-2.0585,4.1782,3h_SI6,3h,SI6,6h_SI4,6h,SI4,6.236700000000001
-0.10662863157826274,0.00756511970687368,N900_RS07180,potD_1,1.2015599666666665,-1.0826,5.0131,6h_SI7,6h,SI7,6h_SI3,6h,SI3,6.0957
-0.29460394430002745,-1.0987795812612888,N900_RS07185,potD_2,0.5776087,-1.3399,4.0568,1h_ce,1h,ce,12h_st,12h,st,5.3967
-1.2993896507930773,-0.5692402601321013,N900_RS07190,chromosome segregation ATPase_1,0.33410280000000003,-1.3384,3.4822,24h_SI2,24h,SI2,3h_SI4,3h,SI4,4.820600000000001
1.0682123079540995,-2.4199317312836772,N900_RS07195,VC_0188,0.7000432833333333,-0.80146,3.5485,3h_st,3h,st,6h_SI4,6h,SI4,4.34996
0.842866561515303,0.3004845248322517,N900_RS07200,alsT_2,1.08547655,-0.49983,4.5313,3h_SI3,3h,SI3,6h_st,6h,st,5.03113
2.8992134364739828,0.15532704355061555,N900_RS07205,rhtB_3,1.3693533308333334,-0.60225,4.9237,1h_co,1h,co,12h_st,12h,st,5.52595
-0.3571463576227498,1.792408681060554,N900_RS07210,VC_1420,-0.15206748333333334,-2.3909,5.0833,6h_ce,6h,ce,6h_st,6h,st,7.4742
0.32582441893291536,1.2927791303230647,N900_RS07215,tsiV1,0.16211520500000004,-1.5735,4.2449,12h_SI5,12h,SI5,6h_SI2,6h,SI2,5.8184000000000005
0.1741461204535084,0.594111828398141,N900_RS07220,tseL,0.7280727166666667,-0.87123,4.6377,6h_SI1,6h,SI1,12h_st,12h,st,5.508929999999999
-1.9967869902544833,-0.7733945098610142,N900_RS07225,VC_1417,0.26196571333333335,-1.257,3.5878,12h_SI8,12h,SI8,6h_ce,6h,ce,4.8448
-2.714339771336033,-2.116141970956234,N900_RS07230,tssI_1,-0.7208860366666665,-2.1697,2.0946,6h_SI1,6h,SI1,12h_SI2,12h,SI2,4.2643
0.7919439320098296,0.4028032539234908,N900_RS07235,hcp-2_D1,1.4869275666666664,-0.89732,5.7181,6h_SI5,6h,SI5,3h_SI4,3h,SI4,6.615419999999999
2.552309836908843,0.8665525042602633,N900_RS07240,carboxypeptidase M32,0.82394318,-0.41973,3.9068,12h_SI7,12h,SI7,3h_SI4,3h,SI4,4.32653
-0.5480096659571707,-1.2935705659394108,N900_RS07245,methyl-accepting chemotaxis protein_9,-0.032054583333333365,-1.3867,3.9365,6h_st,6h,st,6h_ce,6h,ce,5.3232
1.4430116229912153,-1.7025654942399635,N900_RS07250,vceB,0.7054589583333332,-0.8033,3.7177,12h_st,12h,st,12h_SI1,12h,SI1,4.521
1.273526213031257,-1.073869056572759,N900_RS07255,vceA,0.48418877,-0.74287,3.3961,6h_st,6h,st,3h_SI2,3h,SI2,4.1389700000000005
2.379382610733246,0.05214266388250227,N900_RS07260,vceC,0.6589191299999999,-0.83511,3.5694,12h_st,12h,st,3h_st,3h,st,4.40451
0.7566885642617374,-1.1276906466403565,N900_RS07265,vceR,0.5964662500000001,-2.3098,4.1965,1h_SI5,1h,SI5,3h_SI1,3h,SI1,6.5063
2.4632161971890483,-0.531077481971419,N900_RS07270,rhlE_1,0.62821655,-0.8934,3.5773,6h_ce,6h,ce,3h_SI2,3h,SI2,4.4707
0.9140609820156396,-1.3443185476298933,N900_RS07275,PAS domain S-box protein_1,1.333461103,-0.16479,5.1171,1h_SI7,1h,SI7,12h_SI2,12h,SI2,5.28189
-3.122543917659503,-1.682804740234912,N900_RS07280,mlp16,0.50991453,-0.78416,3.9606,6h_SI1,6h,SI1,6h_ce,6h,ce,4.744759999999999
2.349072479186547,1.906068843450572,N900_RS07285,mlp14,0.673507205,-0.52864,3.7456,1h_SI9,1h,SI9,3h_SI2,3h,SI2,4.27424
2.1143992081804814,-1.1332730063218328,N900_RS07290,cheW,1.3193963033333336,-0.62733,4.8388,1h_co,1h,co,12h_SI2,12h,SI2,5.46613
-0.9798568904169329,0.6771977091628194,N900_RS07295,cheB1,-0.06628589333333335,-2.331,3.9986,12h_SI5,12h,SI5,12h_SI3,12h,SI3,6.3296
1.0660548768281526,-0.9641041526442127,N900_RS07300,VC_1400,1.172540076666667,-0.35308,4.298,1h_SI9,1h,SI9,6h_SI3,6h,SI3,4.65108
1.9475712829129321,-1.8429417103028447,N900_RS07305,cheR1,1.1930420166666669,-0.31754,3.8772,1h_SI8,1h,SI8,6h_SI2,6h,SI2,4.19474
-1.6591542620429203,-0.4749356345316563,N900_RS07310,cheY2,0.26305344666666663,-1.2478,3.4935,6h_SI2,6h,SI2,6h_SI4,6h,SI4,4.7413
-0.39253402205295407,-0.10537564645756292,N900_RS07315,CheA1,0.3294812833333333,-1.2485,5.3207,6h_SI3,6h,SI3,12h_st,12h,st,6.5692
-1.4550886739295403,-0.6199765976124871,N900_RS07320,VC_1396,0.6558127833333334,-0.97232,4.2164,6h_SI6,6h,SI6,3h_SI3,3h,SI3,5.18872
-2.8839578309395963,-0.11849205493882875,N900_RS07325,cheY1,0.028452466666666707,-2.5006,3.369,6h_SI6,6h,SI6,3h_SI4,3h,SI4,5.8696
1.4444469667010464,1.8385607593105526,N900_RS07330,mlp13,-0.04807821666666666,-1.8006,3.4207,6h_ce,6h,ce,3h_st,3h,st,5.2213
0.5209692073678474,-3.14576326772866,N900_RS07335,gdx,0.8789779936666666,-0.58326,4.2955,6h_SI1,6h,SI1,3h_SI5,3h,SI5,4.87876
-0.3867096345929286,0.3807733047463524,N900_RS07340,cry2,0.36383461,-1.1041,4.7492,3h_SI1,3h,SI1,6h_SI3,6h,SI3,5.8533
-0.37345280018727633,1.5262442583567686,N900_RS07345,bmr3_2,0.17659431666666667,-1.3251,3.1656,3h_SI2,3h,SI2,1h_ce,1h,ce,4.4907
0.7324657581751675,-2.512411073586449,N900_RS07350,lysr_1,1.0364287333333335,-1.1594,4.2595,1h_ce,1h,ce,1h_SI1,1h,SI1,5.4189
0.1583318777741498,-1.9154204449334427,N900_RS07360,lplA,0.87655342,-0.62312,3.1356,3h_SI1,3h,SI1,6h_SI1,6h,SI1,3.7587200000000003
2.683549004898606,0.5880367150513612,N900_RS07365,yegD,1.1373953833333335,-0.34514,3.4958,1h_SI6,1h,SI6,3h_SI2,3h,SI2,3.84094
-3.6606547882529052,1.6607448068058945,N900_RS07370,membrane protein_5,-0.7474851166666667,-2.5035,2.7885,6h_SI3,6h,SI3,12h_SI2,12h,SI2,5.292
0.16311127811727388,-1.9268034414075386,N900_RS07375,hrpA,0.61788525,-0.39461,3.8312,6h_SI4,6h,SI4,6h_SI2,6h,SI2,4.22581
-3.0639070896571963,0.3829318862571203,N900_RS07380,VC_1381,-0.04969873333333329,-2.4301,4.3813,6h_SI5,6h,SI5,3h_SI4,3h,SI4,6.811400000000001
3.1081323309876767,-0.6360448956289381,N900_RS07385,VC_1380,0.8699623183333335,-0.49244,3.4955,1h_SI6,1h,SI6,6h_SI3,6h,SI3,3.98794
-1.238269096418013,-2.102643108566207,N900_RS07390,VC_1379,0.8143681849999999,-1.0453,5.6245,6h_SI8,6h,SI8,12h_SI4,12h,SI4,6.6698
0.961972130152354,1.6327231588020261,N900_RS07400,exonuclease,0.2485654883333333,-1.4776,4.443,12h_SI5,12h,SI5,3h_SI4,3h,SI4,5.920599999999999
1.7229114172682847,-0.9954912826261719,N900_RS07405,diguanylate cyclase_2,1.2027841499999998,-0.56204,3.7918,3h_SI5,3h,SI5,6h_SI2,6h,SI2,4.35384
1.4284306599655494,0.8747407408358373,N900_RS07410,VC_1375,0.7705606666666668,-0.78513,4.7887,6h_SI7,6h,SI7,12h_st,12h,st,5.57383
0.6599996240892194,1.5731172226489956,N900_RS07415,hscA_1,0.8367553500000001,-0.93096,3.6667,6h_SI3,6h,SI3,1h_st,1h,st,4.59766
1.6442640763576941,-1.7346358282812844,N900_RS07420,molecular chaperone DnaK,1.3096287299999998,-0.60889,5.463,1h_ce,1h,ce,3h_SI2,3h,SI2,6.07189
-0.5407926728037773,-1.702041130432633,N900_RS07425,VC_1372,0.5428017333333334,-0.57425,5.0231,3h_SI4,3h,SI4,6h_ce,6h,ce,5.5973500000000005
-0.7780040430622166,2.706077320142376,N900_RS07430,VC_1371,0.0429573183333333,-1.5152,3.9413,12h_SI7,12h,SI7,3h_st,3h,st,5.4565
0.3744107844436737,-1.7474717011204062,N900_RS07435,diguanylate cyclase_3,1.149382016666667,-0.84738,5.3236,1h_SI9,1h,SI9,3h_SI1,3h,SI1,6.17098
2.2450139570970133,-0.9249108866431766,N900_RS07440,ABC transporter substrate-binding protein_5,1.116281,-0.5149,4.5792,12h_SI8,12h,SI8,6h_SI1,6h,SI1,5.0941
-0.797597670304945,-2.5444990718422846,N900_RS07445,VC_1368,1.1338224666666668,-0.45706,4.0211,6h_SI3,6h,SI3,6h_SI1,6h,SI1,4.47816
0.8185898653051491,-0.04453528746252344,N900_RS07450,VC_1367,1.17188171,-0.32062,7.274,6h_SI5,6h,SI5,3h_SI1,3h,SI1,7.59462
-0.003913953585524155,1.5100329189698203,N900_RS07455,queC,0.4992305333333333,-1.4742,4.9309,12h_SI2,12h,SI2,3h_st,3h,st,6.4051
-1.6134751239245209,0.8497907045199273,N900_RS07460,queE,0.9523363749999999,-0.46318,5.3729,12h_SI8,12h,SI8,3h_st,3h,st,5.83608
-4.955642059014883,0.7875363662300677,N900_RS07465,yidA,-0.7318412166666666,-2.3481,1.908,6h_SI3,6h,SI3,3h_SI2,3h,SI2,4.2561
-0.3557280748588978,-1.6376517484757274,N900_RS07470,cysG_2,0.6594637083333335,-0.71594,3.4143,12h_st,12h,st,3h_SI1,3h,SI1,4.13024
-1.9078726172828322,1.3882872614994302,N900_RS07475,aapJ,-0.11556552000000002,-1.5799,2.9019,24h_SI1,24h,SI1,1h_SI1,1h,SI1,4.4818
0.9268806823783913,0.7094748595483713,N900_RS07480,ABC transporter permease subunit_2,0.33760463333333335,-1.0894,3.5051,12h_SI9,12h,SI9,3h_SI2,3h,SI2,4.5945
0.8816939488283579,-0.6321265033451658,N900_RS07485,yhdY,1.0569526500000002,-0.38934,5.428,6h_st,6h,st,3h_SI1,3h,SI1,5.81734
-3.683145757224109,-1.577258752641244,N900_RS07490,glnQ,0.38661958499999993,-0.99566,5.0144,12h_SI1,12h,SI1,6h_SI4,6h,SI4,6.01006
1.0560686112187074,3.069781676381957,N900_RS07495,ycca,-0.09286800000000002,-2.1462,3.9383,3h_SI7,3h,SI7,3h_SI1,3h,SI1,6.0845
1.4996344602943124,-1.2761512458629403,N900_RS07505,acyP,0.6522378500000001,-0.76187,3.5309,6h_st,6h,st,3h_SI3,3h,SI3,4.29277
1.6696275826307545,0.15052371955783506,N900_RS07510,rlmI,1.097762916666667,-0.41012,4.9631,6h_st,6h,st,3h_st,3h,st,5.37322
1.572577036902203,-0.7580182440839836,N900_RS07515,diguanylate cyclase_1,0.9015788783333333,-0.54242,3.3394,6h_st,6h,st,12h_SI2,12h,SI2,3.88182
-2.5184347432761545,-0.4471174631071112,N900_RS07520,VC_1351,-0.04554677499999999,-2.0553,2.6255,12h_ce,12h,ce,1h_ce,1h,ce,4.6808
-2.609799625858807,-2.0879907927869437,N900_RS07525,PGdx_2,0.7137049000000001,-1.3348,5.399,24h_SI4,24h,SI4,1h_SI1,1h,SI1,6.7338000000000005
1.5976424302331838,-0.7481861381520638,N900_RS07530,rcsC_4,0.5091011999999999,-1.0122,2.8,12h_st,12h,st,3h_SI1,3h,SI1,3.8122
-0.1025164543723398,2.007509528022368,N900_RS07535,two-component system response regulator,1.2444750666666666,-1.7614,5.9603,6h_SI5,6h,SI5,3h_SI4,3h,SI4,7.7217
2.3238138255203866,0.3512510990008995,N900_RS07540,maiA,0.7580234766666666,-0.62416,4.0553,6h_SI7,6h,SI7,3h_SI2,3h,SI2,4.67946
0.9675092586027292,-1.1700527712691335,N900_RS07545,VC_1346,0.18894519833333337,-1.3451,3.2819,24h_SI7,24h,SI7,1h_SI1,1h,SI1,4.627
1.7624141960159392,-0.16131026954328243,N900_RS07550,hmgA,0.5414908816666667,-1.0035,3.227,24h_SI7,24h,SI7,3h_SI2,3h,SI2,4.2305
3.4306754831054915,-0.7166758467172185,N900_RS07555,hppD,1.3406445166666667,-0.52765,3.6785,1h_SI6,1h,SI6,6h_SI4,6h,SI4,4.20615
-0.41719988310501055,-0.6603920625996166,N900_RS07560,pepT_1,-0.27431439999999996,-1.5977,2.5905,3h_SI3,3h,SI3,3h_SI2,3h,SI2,4.1882
2.754644493630063,-0.8025111042002464,N900_RS07565,VC_1342,1.1533720500000002,-0.55004,4.0807,1h_st,1h,st,6h_st,6h,st,4.63074
-0.009343892079119342,0.7840294449937957,N900_RS07570,GNAT family N-acetyltransferase_4,1.0860157333333331,-0.20517,3.4991,1h_SI7,1h,SI7,6h_st,6h,st,3.7042699999999997
1.289429086654751,-1.459924891809847,N900_RS07575,acsA,0.5122754716666668,-1.1204,2.6573,12h_st,12h,st,3h_SI2,3h,SI2,3.7777000000000003
0.1160538932213182,-0.22242706388619649,N900_RS07580,prpF,-0.04815200833333333,-1.3034,2.8489,6h_SI2,6h,SI2,6h_SI1,6h,SI1,4.1523
2.9843117688084773,0.3209818776163789,N900_RS07585,acnD,0.5594032243333333,-0.82837,3.2134,6h_SI7,6h,SI7,6h_SI2,6h,SI2,4.04177
0.5927313818408342,-0.1674913511549314,N900_RS07590,prpC,0.8396426166666665,-1.2524,4.536,6h_SI2,6h,SI2,3h_st,3h,st,5.788399999999999
2.498613798107151,0.4587758605699713,N900_RS07595,prpB,1.7590006833333331,-0.032254,4.8087,1h_SI6,1h,SI6,6h_SI1,6h,SI1,4.840954
2.253301761694102,0.5375208758924965,N900_RS07600,gntR_1,1.6637734116666671,-0.33891,5.1514,3h_SI2,3h,SI2,6h_SI2,6h,SI2,5.49031
0.5978994036911516,-2.170311677817457,N900_RS07605,tripartite tricarboxylate transporter substrate binding protein,1.1144969466666668,-0.55553,4.0774,6h_st,6h,st,12h_SI1,12h,SI1,4.63293
2.489878954201913,-2.053681532113116,N900_RS07610,VC_1333,0.8893498,-0.51932,4.58,3h_st,3h,st,6h_SI1,6h,SI1,5.0993200000000005
1.230143624978978,2.136058747319825,N900_RS07615,tripartite tricarboxylate transporter permease,2.165230733333333,-0.61013,6.3623,1h_SI4,1h,SI4,6h_SI1,6h,SI1,6.97243
-3.097095351909303,-0.25264797219367796,N900_RS07620,VC_1330,-0.6398527833333334,-2.3501,2.0696,12h_SI8,12h,SI8,3h_SI3,3h,SI3,4.4197
-2.2698972051734705,1.2082818405622202,N900_RS07625,outer membrane beta-barrel protein,0.4002137333333333,-1.4947,2.7615,1h_SI2,1h,SI2,12h_ce,12h,ce,4.2562
2.0636188650554725,-0.848309433833931,N900_RS07630,mglC,1.5462742133333334,-0.15215,4.9607,1h_SI5,1h,SI5,3h_SI3,3h,SI3,5.11285
-0.5460337406226348,3.5027457265326,N900_RS07635,mglA,0.0869153,-1.7836,3.8766,24h_st,24h,st,3h_st,3h,st,5.6602
-0.680731528182764,-2.208591913469961,N900_RS07645,mglB,0.6793211833333334,-1.1867,4.3166,6h_SI2,6h,SI2,1h_SI1,1h,SI1,5.5033
0.21906098188390288,-1.4833949684112988,N900_RS07655,VC_1323,0.8835439166666667,-0.56363,3.7421,6h_SI4,6h,SI4,1h_SI1,1h,SI1,4.3057300000000005
1.6362293303646922,1.502846239688413,N900_RS07660,nqrM_2,0.8110142483333331,-0.54344,3.5526,6h_ce,6h,ce,6h_SI1,6h,SI1,4.09604
0.42008965704781875,1.2885530486998813,N900_RS07665,penicillin-binding protein,0.38521566333333335,-0.83472,3.4414,24h_ce,24h,ce,1h_ce,1h,ce,4.27612
1.169289593297834,0.5337163545973874,N900_RS07670,carR,0.5253872,-1.0488,4.6037,12h_SI3,12h,SI3,6h_SI2,6h,SI2,5.6525
1.2139980130431498,-0.019920897121825598,N900_RS07675,carS,0.41785548,-0.9289,3.7915,12h_co,12h,co,1h_SI1,1h,SI1,4.7204
-0.1966150460169902,0.4467257398711687,N900_RS07680,ompv,0.02054336666666668,-1.4986,4.0299,3h_SI9,3h,SI9,6h_st,6h,st,5.528499999999999
-5.247698862086906,0.6681783923005062,N900_RS07685,VC_1317,-0.6147460666666668,-2.633,2.5028,12h_SI1,12h,SI1,3h_SI2,3h,SI2,5.1358
3.002407229774799,-0.43791289200805383,N900_RS07690,hupR1_1,1.3089684500000005,-1.5737,4.3363,1h_SI9,1h,SI9,6h_SI2,6h,SI2,5.91
1.5443215842377143,2.2408744415750412,N900_RS07695,sasA_4,1.09872925,-0.19896,3.9719,12h_co,12h,co,3h_SI1,3h,SI1,4.17086
0.8152297009314835,0.169015054246323,N900_RS07700,SLC13 family permease_1,0.38306825,-0.99186,2.9921,3h_SI1,3h,SI1,6h_SI3,6h,SI3,3.98396
-0.6713749550513297,-0.7817361180359859,N900_RS07705,methyl-accepting chemotaxis protein_14,0.42721209999999993,-1.2518,4.2859,6h_SI1,6h,SI1,3h_SI1,3h,SI1,5.5377
2.1038731949289264,-0.9497401618104495,N900_RS07710,bsrV,0.3564268333333334,-1.1237,3.6824,12h_SI6,12h,SI6,3h_SI2,3h,SI2,4.8061
-0.5101644609805454,-1.1556781267435308,N900_RS07715,eamA_3,-0.05206324999999999,-1.4107,3.0596,3h_SI8,3h,SI8,1h_SI1,1h,SI1,4.4703
1.1532739946444517,1.35139856309237,N900_RS07720,VC_1310,0.6436412833333335,-0.82199,3.7604,6h_SI4,6h,SI4,3h_SI4,3h,SI4,4.58239
-2.3701406949282373,1.29868946056724,N900_RS07725,rimJ,0.2097655016666667,-1.5308,4.3497,6h_SI2,6h,SI2,1h_ce,1h,ce,5.8805000000000005
-0.3667272967304158,-0.2065319791721445,N900_RS07730,tyrR,-0.006961833333333337,-1.6368,2.4556,6h_SI1,6h,SI1,6h_SI2,6h,SI2,4.0924
1.0895088369760906,0.6778172277469613,N900_RS07735,VP1870_BLAST,0.4509385999999999,-0.93959,3.252,3h_st,3h,st,6h_SI1,6h,SI1,4.19159
0.101802658234734,-2.247109406003794,N900_RS07740,ycjx,0.44725967999999994,-0.97049,3.1576,12h_st,12h,st,3h_SI3,3h,SI3,4.12809
0.9559001916220371,-1.0603202962071996,N900_RS07745,VC_1305,0.08899200000000002,-3.086,4.0135,1h_SI2,1h,SI2,12h_SI2,12h,SI2,7.099499999999999
-3.7320607621494113,-0.9164004409526092,N900_RS07750,fumB,-0.3102420666666667,-2.237,3.4738,1h_SI3,1h,SI3,3h_SI6,3h,SI6,5.710800000000001
-0.5824941287891741,1.7471933549646954,N900_RS07755,pabB,-0.3831248333333333,-2.2118,4.0613,24h_SI9,24h,SI9,3h_st,3h,st,6.2731
2.4255062585565996,-1.560737510775448,N900_RS07760,nudL,0.7911077,-0.4541,3.4145,3h_ce,3h,ce,3h_SI3,3h,SI3,3.8686
2.2842023547485057,-0.5202805966083239,N900_RS07765,sdaC_2,1.31297405,-0.12973,4.4926,1h_st,1h,st,3h_SI3,3h,SI3,4.622330000000001
0.4205819701749034,1.3748875721493325,N900_RS07770,sdaA_1,-0.23991559999999998,-1.7701,3.6309,12h_SI9,12h,SI9,3h_SI2,3h,SI2,5.401
-0.10560869099357673,1.0560307669245408,N900_RS07775,queD,0.4059112,-1.0443,2.9556,6h_SI4,6h,SI4,6h_SI2,6h,SI2,3.9999000000000002
-0.11250196713237592,-0.6401583628292231,N900_RS07780,methyl-accepting chemotaxis protein_13,0.9406937333333333,-0.62339,4.1889,3h_SI1,3h,SI1,6h_SI4,6h,SI4,4.81229
0.14966088679070033,-1.5972465697934919,N900_RS07790,thiD,0.7363055500000002,-0.91134,3.4851,6h_SI2,6h,SI2,6h_SI4,6h,SI4,4.39644
0.5480594182877416,1.5237788326198096,N900_RS07795,VC_1295_BLAST,1.115486435,-0.40884,5.0928,3h_SI6,3h,SI6,6h_st,6h,st,5.50164
0.421414006693817,0.8725254810479538,N900_RS07800,VC_1294,0.39623748333333336,-1.1928,3.1142,3h_SI3,3h,SI3,6h_st,6h,st,4.307
0.18955772942543758,-2.5188626605981077,N900_RS07805,aspC,-0.02344593333333333,-1.3936,2.7221,1h_co,1h,co,3h_SI3,3h,SI3,4.1157
1.5400019119779707,0.044694907793597916,N900_RS07810,VC_1291,0.7776716116666668,-0.84111,3.7476,3h_SI3,3h,SI3,3h_SI2,3h,SI2,4.58871
1.49822729846092,-0.8231765944493028,N900_RS07815,polC_1,0.2592381,-1.4404,3.6986,3h_SI7,3h,SI7,3h_SI3,3h,SI3,5.138999999999999
1.8960880199457915,-2.2095313932762575,N900_RS07820,methyl-accepting chemotaxis protein_6,1.1976554216666666,-0.40374,3.9972,12h_st,12h,st,3h_SI3,3h,SI3,4.40094
-5.473027131324452,-1.6187678361845823,N900_RS07825,mdoG,-0.4006700966666667,-2.806,4.2332,24h_SI1,24h,SI1,6h_ce,6h,ce,7.0392
2.0717095117719273,-1.0034802881612015,N900_RS07830,mdoH,1.0436566333333335,-0.38321,4.4463,12h_st,12h,st,12h_SI1,12h,SI1,4.82951
2.0142479734654444,-2.2330016658383522,N900_RS07835,laci_1,1.2769471166666666,-0.34501,4.3803,1h_SI5,1h,SI5,6h_SI2,6h,SI2,4.72531
-2.2117353744351784,-1.4675013177839893,N900_RS07840,chbG,0.42840743333333337,-0.98467,6.5211,6h_SI1,6h,SI1,6h_ce,6h,ce,7.50577
1.8241117751128355,-2.6830584723771147,N900_RS07845,licH,1.2876851933333329,-0.11429,4.4205,6h_SI8,6h,SI8,3h_SI5,3h,SI5,4.534789999999999
-1.0463608457709208,-0.059647164112455964,N900_RS07850,chbA,0.9988693166666667,-0.069135,5.3257,1h_SI6,1h,SI6,12h_st,12h,st,5.3948350000000005
0.25675450497620567,2.2558630861112574,N900_RS07855,licC,0.47576205000000005,-1.0301,4.1243,24h_SI2,24h,SI2,3h_st,3h,st,5.1544
-1.4037147044867881,-1.2426596122064786,N900_RS07860,ccmE_2,0.381503475,-1.5445,4.5501,6h_SI7,6h,SI7,3h_SI5,3h,SI5,6.0946
-2.1360896649685412,-0.45029333369706037,N900_RS07865,cod,0.5750998033333334,-0.84279,4.2379,1h_SI9,1h,SI9,6h_SI2,6h,SI2,5.08069
1.566373923760632,2.0808904610013785,N900_RS07870,VP1905_BLAST,0.6169574616666665,-0.62781,2.663,12h_SI7,12h,SI7,12h_st,12h,st,3.2908099999999996
-2.1415511474712807,-0.018785567401001846,N900_RS07875,sarZ_1,1.0538639,-0.5498,3.8071,1h_SI5,1h,SI5,3h_SI5,3h,SI5,4.3569
2.8758525955083423,-0.7038726107371516,N900_RS07880,DNA-binding response regulator_1,0.7648298166666668,-0.91705,3.3324,1h_st,1h,st,3h_SI2,3h,SI2,4.2494499999999995
0.28379918947686633,-1.7019248344907063,N900_RS07885,nreB,0.34763375,-0.67085,3.5324,1h_SI4,1h,SI4,3h_SI2,3h,SI2,4.20325
2.769002446572448,0.9666278865368482,N900_RS07890,dctM_2,0.578338605,-0.85087,3.569,6h_SI7,6h,SI7,3h_SI3,3h,SI3,4.4198699999999995
-0.6788243810936145,0.3234618409226397,N900_RS07900,ABC transporter substrate-binding protein_3,0.4713469166666666,-1.2679,3.6544,6h_SI3,6h,SI3,3h_SI3,3h,SI3,4.9223
2.3590902462749845,-0.6794479080776843,N900_RS07905,VC_1272,1.4109102999999998,-0.44161,5.0693,1h_SI9,1h,SI9,3h_SI1,3h,SI1,5.51091
2.114799396110687,-1.2535137708162492,N900_RS07910,VC_1271,1.250454533333333,-0.39349,4.278,1h_SI7,1h,SI7,3h_SI2,3h,SI2,4.6714899999999995
-4.550516371212083,-0.7959971887595765,N900_RS07915,gloC,0.15950206,-2.1452,2.6433,1h_SI9,1h,SI9,6h_SI5,6h,SI5,4.7885
-4.057972192547619,0.7549103182796536,N900_RS07920,"Peptidoglycan L,D-endopeptidase MepK_BLAST",-0.8491850666666667,-3.4032,2.4546,6h_SI8,6h,SI8,3h_SI8,3h,SI8,5.8578
-1.5739497815496668,-0.009450455648174594,N900_RS07925,ycbB,0.49579451666666674,-1.0471,3.9059,12h_SI2,12h,SI2,3h_SI2,3h,SI2,4.952999999999999
1.778501948550577,-0.6205984936538188,N900_RS07930,VC_1267,0.7327269333333334,-0.7231,3.9735,6h_st,6h,st,3h_SI5,3h,SI5,4.6966
1.7636506203765814,-0.2537098943503996,N900_RS07935,iron-regulated protein A,0.7166446316666667,-0.71719,3.298,3h_SI1,3h,SI1,3h_SI4,3h,SI4,4.0151900000000005
1.3197381403956845,0.988492258421851,N900_RS07940,c-type cytochrome,1.2955336666666668,-0.37222,5.0784,1h_SI8,1h,SI8,12h_SI1,12h,SI1,5.450620000000001
1.5213321390205747,-0.40736930410909933,N900_RS07945,peptidase_2,0.9119383116666667,-0.48316,3.3304,3h_st,3h,st,3h_SI1,3h,SI1,3.81356
2.24864279410672,2.555663937493355,N900_RS07950,ribA,1.9820138333333335,-0.52413,4.5176,1h_SI5,1h,SI5,24h_SI2,24h,SI2,5.041729999999999
-0.19330693483126504,0.37774302420095274,N900_RS07955,VC_1262,1.1621305333333334,-0.45338,5.6762,6h_SI4,6h,SI4,3h_st,3h,st,6.12958
0.35317223261424013,0.8070973928425174,N900_RS07960,setA,1.0041554,-0.9206,4.313,24h_st,24h,st,6h_st,6h,st,5.2336
0.5554046393054728,-1.066904015608068,N900_RS07965,arac,0.4461010766666667,-0.77739,4.0377,24h_st,24h,st,3h_SI1,3h,SI1,4.81509
-0.02934163675777146,-2.7060295199472533,N900_RS07970,rhodanese-related sulfurtransferase,0.9706993500000001,-1.319,4.2987,6h_SI1,6h,SI1,6h_SI2,6h,SI2,5.6177
-0.17462230270727597,1.2507383791429536,N900_RS07995,(Fe-S)-binding protein,-0.08261983333333332,-2.9296,5.2445,12h_SI8,12h,SI8,3h_SI2,3h,SI2,8.174100000000001
1.2906562548299414,0.3775476034349486,N900_RS08005,pncC_1,0.5603832333333333,-0.78795,3.7591,12h_st,12h,st,3h_SI5,3h,SI5,4.5470500000000005
-1.8838424816062649,-2.705745750074668,N900_RS08010,VC_1250,0.7961138433333333,-0.72745,3.6007,24h_st,24h,st,3h_SI5,3h,SI5,4.32815
1.2348940708979104,0.1356592548325084,N900_RS08015,glycine cleavage system protein R,0.7186213133333333,-0.39997,3.6933,12h_SI6,12h,SI6,6h_SI1,6h,SI1,4.0932699999999995
0.6908231062700536,-1.9787355751223883,N900_RS08020,mcpP_1,0.5777437683333333,-0.81876,3.764,12h_st,12h,st,12h_SI4,12h,SI4,4.5827599999999995
1.2175577636455168,-2.1654751629249764,N900_RS08025,VC_1247,1.226556795,-0.094683,3.9013,1h_st,1h,st,6h_SI2,6h,SI2,3.995983
1.3516457210059603,-1.1392653148700649,N900_RS08035,btuD,1.4050578166666667,-0.7945,4.8771,1h_SI8,1h,SI8,3h_SI3,3h,SI3,5.671600000000001
1.8661635868613562,1.5766726399546964,N900_RS08040,btuC,0.7169738681666668,-0.368,3.9508,12h_SI6,12h,SI6,3h_st,3h,st,4.3188
2.5443127878180922,-1.7453012376654748,N900_RS08045,astE,0.8444706985,-0.73355,3.8073,3h_co,3h,co,6h_SI4,6h,SI4,4.54085
0.21964585138991,-1.7846127581115723,N900_RS08050,alpha-ribazole-5'-phosphate phosphatase,1.0708913000000002,-0.52668,4.2858,1h_SI9,1h,SI9,12h_SI1,12h,SI1,4.81248
0.5639736171783176,-0.7268350457004984,N900_RS08055,cobU,0.5905539833333333,-1.0332,3.4685,3h_SI1,3h,SI1,3h_SI2,3h,SI2,4.5017
-0.7384895827895921,-1.1244137631153874,N900_RS08060,cobS_1,0.4071855666666667,-1.3873,3.0367,6h_SI2,6h,SI2,12h_SI1,12h,SI1,4.424
1.1321482278774813,-0.08549541102271763,N900_RS08065,cobT,0.3133879616666667,-1.3549,3.0054,6h_SI3,6h,SI3,3h_SI2,3h,SI2,4.3603
0.7860706653082321,1.5620723705930712,N900_RS08070,msrB_1,0.8287195166666668,-0.70542,4.5732,6h_SI4,6h,SI4,3h_st,3h,st,5.27862
2.4094854114384097,-0.34534326209546995,N900_RS08075,L-cystine transporter,0.9592798333333333,-0.81472,4.9757,1h_SI6,1h,SI6,3h_st,3h,st,5.79042
2.0769906249623187,0.997217457642171,N900_RS08080,sbcB,0.12967521666666665,-1.9636,3.7547,3h_ce,3h,ce,3h_st,3h,st,5.7183
-4.181302791411058,-1.1694813858285509,N900_RS08085,VC0395_A0854_BLAST,0.023085983333333317,-2.2165,4.4172,6h_SI5,6h,SI5,1h_SI1,1h,SI1,6.6337
2.017713466353502,-0.19220161976791095,N900_RS08090,yohK_2,1.3397971666666668,-0.4488,4.5205,6h_SI3,6h,SI3,12h_SI1,12h,SI1,4.9693000000000005
-2.51444056488994,-0.37522574146756993,N900_RS08095,cdd,0.92044975,-0.98501,5.4696,3h_SI9,3h,SI9,6h_SI2,6h,SI2,6.45461
-0.8999276601644595,0.635526276419317,N900_RS08100,AEC family transporter_1,0.5312292766666669,-0.80901,4.4799,6h_SI4,6h,SI4,1h_SI1,1h,SI1,5.28891
2.7034814281743023,0.9461526117551263,N900_RS08105,purT,1.2393204,-0.25998,4.5228,1h_SI5,1h,SI5,12h_st,12h,st,4.78278
-0.6472796982356996,1.9278607879691123,N900_RS08110,VC_1227,0.3066408166666667,-2.7477,4.1089,6h_SI7,6h,SI7,3h_SI5,3h,SI5,6.8566
1.6729921312842135,1.7923109813227263,N900_RS08115,tpm,0.9527164016666666,-0.3915,4.1309,6h_ce,6h,ce,1h_ce,1h,ce,4.522399999999999
-0.03806654359106387,-2.111852344405192,N900_RS08120,relV,1.2156765500000002,-0.6273,5.0132,3h_SI2,3h,SI2,6h_ce,6h,ce,5.6405
-4.885106143147118,-0.09059599676367847,N900_RS08125,VC_1223,-0.5578300700000001,-1.9154,2.7612,12h_SI7,12h,SI7,3h_SI5,3h,SI5,4.6766000000000005
1.761785791287096,3.628730796495397,N900_RS08130,ihfA,-0.9957416666666667,-3.1868,1.0413,6h_SI9,6h,SI9,12h_SI2,12h,SI2,4.2280999999999995
1.6717679448680816,0.4895943397256943,N900_RS08145,GNAT family N-acetyltransferase_3,0.8532645333333334,-0.88556,3.9044,1h_SI8,1h,SI8,6h_st,6h,st,4.78996
-1.6464913842027362,3.3542139606160766,N900_RS08150,VC_1216,0.005595575500000001,0.00033236,0.16587,12h_SI2,12h,SI2,3h_st,3h,st,0.16553763999999999
2.915920152145193,3.3136816405144334,N900_RS08175,pgsA,1.9096746333333336,0.093918,4.139,12h_ce,12h,ce,12h_st,12h,st,4.045082
1.7548684472730294,-1.5209920813745346,N900_RS08180,uvrC,0.7368369233333334,-0.76786,3.7973,12h_co,12h,co,3h_SI1,3h,SI1,4.56516
-1.474331490404255,3.117706686642649,N900_RS08185,uvrY,-2.0337761666666667,-4.3419,0.92733,12h_co,12h,co,1h_ce,1h,ce,5.26923
0.33748001069043765,0.7126428777351371,N900_RS08190,polB,0.7779145800000001,-1.2555,4.4792,6h_co,6h,co,6h_SI1,6h,SI1,5.7347
1.7140719463983656,0.28495506176063495,N900_RS08195,VC_1211,1.2475586333333335,0.081734,5.0147,1h_SI8,1h,SI8,12h_SI1,12h,SI1,4.932966
0.9652183726814725,-2.158308598639799,N900_RS08200,nucleotidyltransferase,0.9407429166666668,-0.26924,4.3861,3h_SI3,3h,SI3,6h_SI1,6h,SI1,4.65534
-0.05469450526981001,0.03346874952273682,N900_RS08205,yeiP,1.0932602333333332,-0.57685,4.7675,12h_SI4,12h,SI4,1h_st,1h,st,5.34435
1.9469723676882777,1.921654058711443,N900_RS08210,VC0395_A0828_BLAST,0.6092177545,-1.2521,5.1297,3h_SI7,3h,SI7,3h_st,3h,st,6.3818
-1.856767388893745,1.5387901965811106,N900_RS08215,VC_1207,0.23704948166666656,-1.4109,4.1066,12h_SI1,12h,SI1,6h_SI1,6h,SI1,5.5175
1.3191554270997736,0.9667371574913499,N900_RS08220,hutC,0.8880298333333333,-1.3759,5.3486,12h_SI8,12h,SI8,6h_SI3,6h,SI3,6.7245
-3.6105212578784043,1.2003013629047574,N900_RS08225,hutI,0.012860981666666655,-1.2371,2.366,6h_SI3,6h,SI3,6h_SI2,6h,SI2,3.6031000000000004
0.8643528203594859,-3.6374167754123925,N900_RS08230,hutG,0.64989609,-0.8809,3.5459,6h_st,6h,st,3h_SI2,3h,SI2,4.4268
-2.570474508187212,0.9935867546153179,N900_RS08235,hutU,0.10112349999999998,-1.2477,3.2081,3h_SI3,3h,SI3,1h_SI1,1h,SI1,4.4558
2.6440718317876044,1.3380124521820993,N900_RS08240,hutH,1.3871163833333333,-0.67711,5.8738,1h_ce,1h,ce,3h_SI4,3h,SI4,6.55091
0.3156603504223261,0.1713546326267569,N900_RS08245,VC_1201,0.6419036783333332,-0.66524,4.5196,3h_SI1,3h,SI1,1h_st,1h,st,5.1848399999999994
1.0776872505816595,1.8847941715673893,N900_RS08250,vesB,0.4382439166666666,-1.0366,4.159,3h_st,3h,st,6h_st,6h,st,5.1956
1.9645111939568238,-0.6115117603698766,N900_RS08255,VC_1199,0.8918825349999999,-0.51569,3.7589,6h_ce,6h,ce,3h_SI2,3h,SI2,4.27459
2.9116001778451626,-1.6513596924883627,N900_RS08260,ydiJ_BLAST,1.0087345483333334,-0.57066,3.5887,1h_SI2,1h,SI2,3h_SI5,3h,SI5,4.1593599999999995
0.3593761749925499,-2.7748472700351763,N900_RS08265,VC_1197,0.7398509833333335,-0.71186,3.5893,1h_co,1h,co,3h_SI5,3h,SI5,4.30116
2.714229380078896,-3.308010838523496,N900_RS08270,VC_1196,0.9932927833333333,-1.4364,4.3582,1h_SI5,1h,SI5,3h_SI2,3h,SI2,5.7946
-0.5368892586366201,-1.468900881295379,N900_RS08275,yiaD,0.9983787883333334,-0.57913,4.8011,3h_SI2,3h,SI2,6h_SI1,6h,SI1,5.38023
-1.9251142108414925,1.6668526076465815,N900_RS08280,molecular chaperone DnaJ,-0.8678183333333335,-2.7877,2.6396,6h_SI6,6h,SI6,3h_SI2,3h,SI2,5.427300000000001
1.9971418384332225,-2.206059324700928,N900_RS08285,VC_1193,1.1318526666666666,-0.41803,5.0817,3h_SI6,3h,SI6,12h_SI1,12h,SI1,5.49973
-1.1934330685790768,-1.5129144555746061,N900_RS08290,VC_1191,0.12254079999999999,-0.99094,3.1197,3h_SI4,3h,SI4,6h_SI2,6h,SI2,4.11064
0.07111467975484098,3.7845483395913706,N900_RS08295,purC,-1.0655877166666667,-3.5147,4.0098,12h_SI7,12h,SI7,1h_ce,1h,ce,7.5245
0.20930640125408617,-1.1820588455250196,N900_RS08300,VC_1189,0.9797685949999999,-1.0699,4.6016,1h_co,1h,co,3h_SI4,3h,SI4,5.6715
0.03565494972376104,1.4136348954218376,N900_RS08305,maeA,-0.4048924666666667,-1.9675,4.2564,24h_SI4,24h,SI4,12h_SI1,12h,SI1,6.2239
-4.286318862345673,1.6079881993721097,N900_RS08310,VC_1187,-0.6930444166666666,-2.1072,3.3199,6h_SI8,6h,SI8,1h_SI1,1h,SI1,5.4271
2.2098834848787243,-1.1209514883060627,N900_RS08315,vancomycin high temperature exclusion protein,0.7663898999999998,-0.81014,4.2345,3h_SI9,3h,SI9,3h_SI1,3h,SI1,5.044639999999999
-0.6489309776051155,2.2441126747789877,N900_RS08320,Pseudogene_N900_RS08320,-0.11642185,-2.8364,4.1509,3h_SI6,3h,SI6,1h_SI1,1h,SI1,6.987299999999999
-0.22717454558884853,2.2330441494841042,N900_RS08325,sufS_2,0.9886626833333333,-0.43461,5.3232,1h_SI8,1h,SI8,3h_st,3h,st,5.75781
1.562726566788962,0.07079893316173791,N900_RS08330,agglutination protein,0.6307771166666666,-1.5471,3.9207,6h_co,6h,co,1h_SI1,1h,SI1,5.4678
0.3351235079399304,-0.27522264600174173,N900_RS08335,trxB,0.059201285000000006,-2.3284,3.0184,3h_SI6,3h,SI6,6h_SI2,6h,SI2,5.3468
-0.7590103817579297,0.3045959953609999,N900_RS08350,rluB,-0.24933823166666666,-1.9076,2.8938,1h_SI5,1h,SI5,1h_ce,1h,ce,4.8014
-1.0358290094852092,-0.4128744053254667,N900_RS08355,yciO,1.092501158333333,-0.34357,5.071,6h_SI4,6h,SI4,1h_SI1,1h,SI1,5.414569999999999
0.6225204507663404,0.9219918685211018,N900_RS08360,yciV,0.5423122833333331,-0.77398,4.008,3h_SI4,3h,SI4,6h_SI3,6h,SI3,4.78198
-4.000237971030594,-1.3002670776224652,N900_RS08365,VC_1176,-0.05110904,-1.5609,3.9462,6h_SI1,6h,SI1,1h_SI1,1h,SI1,5.5071
0.24971402935906672,1.373987314270109,N900_RS08370,trpE,0.25509840666666667,-1.3532,2.9777,12h_SI1,12h,SI1,6h_SI3,6h,SI3,4.3309
1.0987017570729094,0.03357062733138616,N900_RS08375,trpG_2,0.31859641666666677,-1.1211,3.2824,3h_co,3h,co,3h_SI5,3h,SI5,4.4035
3.1977528404299314,0.08680001896837927,N900_RS08380,trpD,1.642995016666667,-0.75924,4.9603,1h_SI7,1h,SI7,3h_st,3h,st,5.71954
0.6610459356126466,0.8606499259202226,N900_RS08385,trpCF,0.46154173333333337,-1.0333,4.3453,3h_SI9,3h,SI9,3h_SI1,3h,SI1,5.3786000000000005
-0.0009411709276547775,-1.8670123814867559,N900_RS08390,trpB,1.0133360166666665,-0.67254,3.7182,6h_SI1,6h,SI1,3h_SI5,3h,SI5,4.39074
1.4050549117314635,-0.15422565311489533,N900_RS08395,trpA,1.05240295,-0.39372,4.541,12h_st,12h,st,3h_SI1,3h,SI1,4.93472
0.8331964400744285,-0.4926546514867376,N900_RS08400,dicarboxylate/amino acid:cation symporter,0.8385874833333332,-0.47013,4.1371,6h_st,6h,st,6h_SI3,6h,SI3,4.60723
-1.0878959331100342,1.3511178910429955,N900_RS08405,tdk,0.24745970166666667,-1.4536,3.1849,6h_SI1,6h,SI1,6h_st,6h,st,4.6385
1.3346074656443196,-0.04508000031583964,N900_RS08415,UPF0759 protein YecE_BLAST,0.8086361965000002,-0.65873,3.31,3h_st,3h,st,12h_SI2,12h,SI2,3.96873
1.8724367853698665,1.5340595361800018,N900_RS08420,cmoA,0.31891053333333325,-1.7111,3.0389,12h_SI7,12h,SI7,3h_SI1,3h,SI1,4.75
1.6100484595853084,0.14888354513671717,N900_RS08425,cmoB,0.7933500966666666,-0.32086,3.5199,24h_st,24h,st,3h_SI4,3h,SI4,3.84076
0.950891904946845,2.986477367411907,N900_RS08430,ATP-dependent Zn protease,0.0415046,-2.5977,3.986,6h_SI5,6h,SI5,6h_st,6h,st,6.5837
-2.8564013819536633,0.8436505903027717,N900_RS08435,gonadoliberin III,-0.3288796,-1.9545,3.6517,24h_SI5,24h,SI5,1h_SI1,1h,SI1,5.606199999999999
-1.3453693833776723,2.751523440707195,N900_RS08440,alpha-L-glutamate ligase-like protein,-0.11738144999999997,-3.7,4.3574,6h_SI6,6h,SI6,6h_SI3,6h,SI3,8.057400000000001
-0.6230098812781693,-0.21941273334329636,N900_RS08450,VC_1158,0.5241945116666666,-1.4596,3.6065,6h_SI1,6h,SI1,3h_SI3,3h,SI3,5.0661000000000005
1.2065823865277903,-0.4790593137941157,N900_RS08455,sasA_5,0.7129816333333333,-0.75991,3.6754,12h_SI6,12h,SI6,6h_ce,6h,ce,4.435309999999999
-0.987491240126273,-0.9841847443662222,N900_RS08460,response regulator_3,1.0572139166666665,-0.23901,5.8166,12h_SI2,12h,SI2,3h_SI2,3h,SI2,6.055610000000001
-5.06089492525593,3.118195625188083,N900_RS08465,VC_1154,-1.9702411166666667,-5.149,2.1107,12h_SI5,12h,SI5,1h_co,1h,co,7.2597000000000005
1.182128019445157,1.8160552978082873,N900_RS08470,DNA transformation protein,1.2574838166666666,-1.4547,5.8525,6h_SI5,6h,SI5,12h_SI1,12h,SI1,7.3072
1.5913628300739466,0.7979869870209721,N900_RS08475,VC_1152,1.5533004333333333,0.033246,5.1738,1h_SI3,1h,SI3,6h_ce,6h,ce,5.140554
0.7349112973209397,-1.5886457067088047,N900_RS08480,lyso,1.3188634166666668,-0.29356,3.6736,3h_SI1,3h,SI1,3h_SI6,3h,SI6,3.96716
0.4897744531032351,0.14683534292917533,N900_RS08485,VC_1150,0.5791421658333333,-0.87926,4.1673,6h_SI4,6h,SI4,3h_SI1,3h,SI1,5.04656
-1.214407526768465,-2.3174014409363854,N900_RS08495,hexR,1.4443123333333332,-0.27678,4.4943,3h_co,3h,co,6h_SI3,6h,SI3,4.7710799999999995
2.3862335208066856,-0.6496893269180425,N900_RS08500,iron-containing alcohol dehydrogenase_1,1.3094348000000005,-0.1859,5.4874,3h_st,3h,st,3h_SI1,3h,SI1,5.6733
-4.165989911005288,3.351859554546133,N900_RS08505,grxa,-2.188486333333333,-5.3571,2.7597,12h_SI9,12h,SI9,3h_SI9,3h,SI9,8.1168
0.4073680472115462,1.4760789815424702,N900_RS08510,aspT,0.4992382333333333,-1.3198,3.9205,6h_SI8,6h,SI8,3h_st,3h,st,5.2403
-0.3169185011177804,3.075200858682257,N900_RS08515,clpA,1.6179085333333334,-1.8674,4.8621,12h_SI8,12h,SI8,6h_st,6h,st,6.7295
0.2706437765770038,-1.1967570243461965,N900_RS08520,clpS,0.9048247966666667,-0.66578,4.461,6h_SI3,6h,SI3,3h_SI1,3h,SI1,5.12678
-2.7061325064929442,-1.8810368094787049,N900_RS08525,cspD,0.8700467099999999,-2.1267,4.163,1h_SI2,1h,SI2,3h_SI6,3h,SI6,6.2897
1.9339071190111996,-1.9338833769777777,N900_RS08535,rluE,0.83661715,-0.80434,4.8172,1h_ce,1h,ce,6h_SI2,6h,SI2,5.6215399999999995
1.1360890786111577,0.10483080441165327,N900_RS08540,hisI,0.42766559503333335,-1.0594,3.761,3h_st,3h,st,3h_SI1,3h,SI1,4.8204
2.280336003737358,-0.3152168806201501,N900_RS08545,hisF,1.2253002,-0.47355,4.1565,3h_st,3h,st,3h_SI1,3h,SI1,4.630050000000001
0.559276986707383,-1.6515074162082983,N900_RS08550,hisA,0.6957334300000001,-1.0794,4.6908,1h_ce,1h,ce,6h_SI1,6h,SI1,5.7702
1.6675489272505226,-0.8668730437067464,N900_RS08555,hisH,0.97660172,-0.49426,4.7676,12h_SI7,12h,SI7,1h_st,1h,st,5.2618599999999995
1.0277296005679935,-1.954017692422683,N900_RS08560,hisB,0.7740042166666666,-0.66384,3.4869,3h_co,3h,co,3h_SI5,3h,SI5,4.15074
-3.3587601345144504,1.9541387243114947,N900_RS08565,hisC,-0.3522668833333333,-1.9267,3.5987,24h_st,24h,st,6h_st,6h,st,5.5254
0.43448390225752886,0.5926725762347897,N900_RS08570,hisD,0.5520636383333333,-1.1033,3.3883,6h_SI4,6h,SI4,3h_SI3,3h,SI3,4.4916
1.8213244198708605,1.457098353950618,N900_RS08575,hisG,1.6174646866666664,-0.55355,5.9015,1h_SI1,1h,SI1,6h_SI1,6h,SI1,6.45505
-2.894194063820713,-0.22151040274029976,N900_RS08580,tet(35),0.3331553333333333,-1.4398,2.7369,6h_SI3,6h,SI3,1h_st,1h,st,4.1767
-0.652063773024401,2.0296472096525218,N900_RS08590,gsk_1,1.0311558833333332,-3.0612,6.2748,1h_SI4,1h,SI4,1h_co,1h,co,9.336
-1.5107514532208055,-0.10243470281916023,N900_RS08610,VC_1125,0.5251890981666667,-0.93827,3.928,3h_SI6,3h,SI6,6h_SI2,6h,SI2,4.86627
0.6659022707129223,0.5786491869274983,N900_RS08615,VC_1124,0.46701745,-1.1203,3.847,6h_SI6,6h,SI6,12h_SI2,12h,SI2,4.9673
1.0572509669118348,1.8620012736431086,N900_RS08620,VC_1123,1.0733547216666666,-0.57299,4.8788,6h_SI4,6h,SI4,3h_SI3,3h,SI3,5.45179
1.2781628125266824,-1.4602064389711682,N900_RS08625,class I SAM-dependent methyltransferase_1,0.9919900333333335,-0.86239,4.48,3h_SI8,3h,SI8,6h_ce,6h,ce,5.34239
1.1137960805388154,1.0151247635642275,N900_RS08630,VC_1121,1.297681215,-0.84446,5.7995,1h_SI8,1h,SI8,3h_SI2,3h,SI2,6.64396
1.3398575101831653,0.9410870335667723,N900_RS08635,FAD-dependent oxidoreductase_1,0.4225324414999999,-0.98426,3.3999,6h_SI8,6h,SI8,3h_SI1,3h,SI1,4.3841600000000005
1.1666270130328593,-0.5804070184927616,N900_RS08640,SDR family NAD(P)-dependent oxidoreductase,1.4508881666666664,-0.56398,5.1177,1h_SI7,1h,SI7,3h_SI2,3h,SI2,5.68168
0.7131264705848657,0.17176954933677557,N900_RS08645,"transcriptional regulator, putative",1.08680825,-0.36545,5.0672,6h_SI4,6h,SI4,3h_SI4,3h,SI4,5.43265
-1.6740484928614057,-0.10197447869481552,N900_RS08650,htpX,-0.04661170000000001,-1.5751,3.5908,6h_SI3,6h,SI3,3h_SI1,3h,SI1,5.165900000000001
-4.986671799639801,-0.46442902494368465,N900_RS08655,VC_1116,-0.5600426833333334,-3.7242,2.6727,3h_SI8,3h,SI8,1h_co,1h,co,6.3969000000000005
2.502523091346032,0.3958927274680462,N900_RS08660,bioD,0.89199252,-1.4831,4.018,12h_SI8,12h,SI8,12h_SI1,12h,SI1,5.5011
0.2655388967962309,0.4257297446916456,N900_RS08665,bioC,0.23052880000000003,-1.7296,3.9964,12h_SI6,12h,SI6,3h_SI4,3h,SI4,5.726
2.2932173671241634,2.9539978713753055,N900_RS08670,bioF,0.5268480466666667,-2.2195,3.2526,12h_SI8,12h,SI8,3h_SI1,3h,SI1,5.4721
-1.0965635411870542,0.8285160321717635,N900_RS08675,biob,-0.16050855,-2.4018,3.4029,12h_SI8,12h,SI8,1h_SI1,1h,SI1,5.8047
0.35579621237621506,2.3718648532922915,N900_RS08680,bioA,0.9218643500000001,-1.27,4.5701,12h_SI6,12h,SI6,6h_SI1,6h,SI1,5.8401
-0.5580544021993141,1.695030364703226,N900_RS08690,rarA,1.0070750083333333,-3.3054,6.0708,12h_SI8,12h,SI8,6h_st,6h,st,9.3762
-0.19105535348252056,-2.3768965208698107,N900_RS08700,prepilin peptidase_1,0.7370876483333332,-0.73322,4.3153,6h_st,6h,st,3h_SI4,3h,SI4,5.04852
0.8287787359943359,0.6664300349654634,N900_RS08705,dusC,0.24892846166666663,-0.96694,2.9386,12h_st,12h,st,3h_SI1,3h,SI1,3.9055400000000002
0.30978990471101886,-0.26542476507939794,N900_RS08710,sensor domain-containing diguanylate cyclase_1,1.65044495,-0.12974,4.6678,1h_SI6,1h,SI6,12h_SI1,12h,SI1,4.79754
0.5076986102866035,0.4967223739489237,N900_RS08715,lktB_1,1.1510659383333333,-0.2782,4.7053,3h_SI2,3h,SI2,12h_SI2,12h,SI2,4.9835
1.3719852222387612,-0.7559415615686851,N900_RS08720,ABC transporter permease_5,1.5711428166666666,-0.035407,4.5644,1h_SI6,1h,SI6,6h_ce,6h,ce,4.599807
-0.7754300569801078,-1.6988574147070192,N900_RS08725,ABC transporter substrate-binding protein_6,1.2451296333333335,-0.41939,5.1008,6h_SI2,6h,SI2,6h_ce,6h,ce,5.5201899999999995
-1.4952125054385592,-0.22708457615937994,N900_RS08730,DNA-binding protein VF530,0.23526835000000007,-1.1728,3.7665,24h_st,24h,st,1h_SI1,1h,SI1,4.9393
0.6399519538510452,-2.1144091375345972,N900_RS08735,VC_1099_BLAST,1.4695768333333334,-0.11238,4.8665,1h_SI8,1h,SI8,6h_SI2,6h,SI2,4.97888
-0.010181111368922746,3.669559581102157,N900_RS08740,ackA_1,-0.7045559833333335,-3.0813,3.8427,6h_SI6,6h,SI6,1h_co,1h,co,6.9239999999999995
2.3960476553368837,3.101472326690745,N900_RS08745,pta,0.24079031666666667,-1.8472,2.6947,6h_SI9,6h,SI9,3h_SI8,3h,SI8,4.5419
1.6276909393497085,0.03790455322192221,N900_RS08750,yqjG,0.5168482116666666,-0.75341,2.8985,3h_SI4,3h,SI4,6h_SI2,6h,SI2,3.65191
1.3455460106621402,0.8261394359489327,N900_RS08755,oppF_BLAST,1.2299719333333337,-0.32968,4.0274,6h_SI7,6h,SI7,12h_SI1,12h,SI1,4.35708
-1.5345276877796836,3.060931061522037,N900_RS08760,oppD_1,0.2910643383333334,-2.0246,5.3231,24h_SI9,24h,SI9,3h_st,3h,st,7.3477
-0.7018390443236533,-2.8491777520476327,N900_RS08765,oppC,0.5122310366666667,-1.4689,4.2893,3h_SI9,3h,SI9,6h_ce,6h,ce,5.7582
0.6957012568776824,-0.7513703193462233,N900_RS08770,oppB,1.3456791666666668,-0.29756,4.8719,3h_ce,3h,ce,6h_st,6h,st,5.16946
3.570903174739679,0.5582582846574775,N900_RS08775,oppA,2.95284145,-0.10759,7.5892,1h_SI6,1h,SI6,12h_st,12h,st,7.69679
1.3690785745804641,1.8581804138041025,N900_RS08780,ptxB,0.66256585,-0.63502,4.0334,6h_ce,6h,ce,6h_st,6h,st,4.66842
1.6329241716186838,0.8289008558638125,N900_RS08785,rcsC_5,0.6281418616666664,-0.85655,4.3508,6h_ce,6h,ce,12h_SI1,12h,SI1,5.20735
-0.09724375086277437,0.3214272602727478,N900_RS08790,rcsC_6,1.4449898666666667,0.074042,5.074,6h_co,6h,co,3h_SI4,3h,SI4,4.9999579999999995
-2.8402535131991553,0.9810738508772014,N900_RS08795,rssB_2,-0.047727433333333354,-1.3163,4.3454,24h_st,24h,st,1h_ce,1h,ce,5.6617
1.641502278015813,0.6237537655658909,N900_RS08800,sasA_6,0.5828041483333333,-1.0086,3.84,3h_SI5,3h,SI5,3h_SI4,3h,SI4,4.848599999999999
0.31078365060349356,-0.6667352929522261,N900_RS08805,sasA_7,1.4949027333333333,-0.2666,6.6033,1h_SI9,1h,SI9,3h_SI3,3h,SI3,6.8699
-1.711815657725975,0.6684262401175584,N900_RS08810,CheC,0.45725183916666673,-1.4652,4.5253,6h_SI3,6h,SI3,6h_ce,6h,ce,5.9905
0.967526819554287,-0.23260791461439068,N900_RS08815,cheY_4,1.28340545,-0.46735,5.1319,1h_SI4,1h,SI4,1h_ce,1h,ce,5.59925
0.6191734954599997,-2.2198226191987547,N900_RS08820,response regulator,1.4910591166666667,-0.13847,4.7419,1h_SI6,1h,SI6,3h_SI4,3h,SI4,4.88037
0.35520460141880106,-0.7749538569457888,N900_RS08825,sensor histidine kinase_3,1.2548462616666667,-0.54419,7.1778,1h_SI2,1h,SI2,3h_SI1,3h,SI1,7.72199
0.16945716814411238,0.044967113365113165,N900_RS08830,ywlC,-0.23810058333333334,-1.4664,3.9415,24h_co,24h,co,3h_SI4,3h,SI4,5.4079
-3.027285659040445,-1.8407129134467337,N900_RS08840,VC_1077,0.5207524566666668,-1.1767,4.0777,6h_SI3,6h,SI3,1h_ce,1h,ce,5.2544
0.3920852560491377,-2.723469252684825,N900_RS08845,araC_1,1.0818495788333335,-0.52706,4.3304,3h_st,3h,st,3h_SI1,3h,SI1,4.85746
0.9097662870079479,2.100734356558296,N900_RS08850,YbhB/YbcL family Raf kinase inhibitor-like protein,0.4314512166666667,-1.1824,4.1588,3h_SI7,3h,SI7,1h_st,1h,st,5.341200000000001
0.4257947978121912,0.1722016227797783,N900_RS08855,CPBP family intramembrane metalloprotease,0.846539735,-0.70561,3.7285,6h_SI1,6h,SI1,1h_st,1h,st,4.4341099999999996
-0.4090869414431779,-1.0015297987804628,N900_RS08860,chitinase_1,0.8096727650000002,-0.78026,4.6694,6h_st,6h,st,6h_ce,6h,ce,5.449660000000001
0.7721085567732495,0.10635651077837788,N900_RS08865,arsJ,0.6608099164999999,-0.65336,3.0948,12h_st,12h,st,6h_st,6h,st,3.7481600000000004
2.3860356062165904,1.0031669863102848,N900_RS08870,phosphatase,1.4516373000000005,-0.38347,5.7003,1h_SI8,1h,SI8,3h_st,3h,st,6.08377
0.8679057878925831,-0.3320734651303642,N900_RS08875,gap3,1.1607522616666661,-0.054313,3.5114,3h_st,3h,st,1h_st,1h,st,3.565713
-0.5786096945309835,-1.2639458085053283,N900_RS08880,arsR1,0.29857039999999996,-1.0162,3.9122,3h_SI4,3h,SI4,1h_SI1,1h,SI1,4.9284
-1.2977132789062091,2.5606747035148487,N900_RS08885,VC_1067,0.7759775166666666,-0.76891,4.2883,6h_SI4,6h,SI4,12h_SI1,12h,SI1,5.0572099999999995
1.7391934995566238,1.067636320094387,N900_RS08890,VC_1066,0.42982405833333337,-1.2194,3.4851,1h_SI5,1h,SI5,3h_st,3h,st,4.7045
0.5416050209186811,1.7820133380318133,N900_RS08895,A79_1377_BLAST,1.25720785,-0.35034,4.8847,6h_SI4,6h,SI4,3h_SI3,3h,SI3,5.23504
-0.7377954502943607,-2.0064712325304237,N900_RS08900,lipoprotein-related protein,0.16803560999999997,-1.522,2.7288,6h_SI1,6h,SI1,3h_SI3,3h,SI3,4.2508
1.5655066684743222,-1.6632366687773645,N900_RS08905,tesB,0.871353565,-0.44181,3.7339,3h_co,3h,co,3h_SI3,3h,SI3,4.1757100000000005
0.4842197792355254,1.1987286327838933,N900_RS08910,decR,0.8326714250000001,-0.56016,3.9665,1h_co,1h,co,12h_st,12h,st,4.52666
0.24626333206949846,0.5156649261535504,N900_RS08915,sbnA,0.6374782833333332,-1.1821,3.7851,12h_SI8,12h,SI8,3h_SI2,3h,SI2,4.9672
1.9769686091897745,0.701160645469882,N900_RS08920,sohB,1.35045755,-0.28364,4.8988,1h_st,1h,st,6h_SI2,6h,SI2,5.18244
-0.23099300228062036,-0.727879798823978,N900_RS08925,ycik,0.7956472499999999,-0.69664,4.4472,6h_SI1,6h,SI1,12h_SI1,12h,SI1,5.14384
-1.026141672056816,1.5132383404065057,N900_RS08935,ykgj,0.10174170000000003,-1.4447,4.9711,6h_SI2,6h,SI2,3h_st,3h,st,6.4158
0.4674824873053103,2.067045808101498,N900_RS08940,recR,0.8771481383333336,-1.1928,4.18,6h_co,6h,co,3h_st,3h,st,5.3728
0.5296769127390908,-1.1534406318435233,N900_RS08945,ybab,1.1653916,-0.31074,5.2253,3h_co,3h,co,3h_SI2,3h,SI2,5.53604
0.15019548028821594,0.737728264938841,N900_RS08955,apt,0.73947355,-0.41297,4.6686,3h_SI3,3h,SI3,12h_st,12h,st,5.081569999999999
0.9617189040758785,0.6066263431305938,N900_RS08960,ybaN,1.7940748166666667,-0.60866,5.8689,1h_SI7,1h,SI7,3h_SI2,3h,SI2,6.47756
2.672140109723844,-0.0512972755451786,N900_RS08970,response regulator_2,1.5642444166666667,-0.41724,4.9494,1h_SI5,1h,SI5,3h_SI2,3h,SI2,5.366639999999999
0.20682203416319167,2.7441528028703233,N900_RS08975,LysR family transcriptional regulator_4,0.012193816666666642,-3.8853,5.0748,6h_SI8,6h,SI8,1h_st,1h,st,8.9601
1.4770054827488535,0.8071047642350511,N900_RS08980,ydjA,1.1543330666666667,-0.50706,4.5639,6h_SI4,6h,SI4,12h_SI1,12h,SI1,5.07096
2.041167287059592,1.6033665863636273,N900_RS08985,fadJ,0.7636433116666667,-0.67914,3.6194,24h_SI7,24h,SI7,3h_st,3h,st,4.29854
2.9522744253780946,-0.9362558410212432,N900_RS08990,fadI,1.1746548833333335,-0.34112,4.055,1h_SI4,1h,SI4,6h_SI2,6h,SI2,4.39612
-0.48561380469752224,1.4103305680628635,N900_RS08995,Pseudogene_N900_RS08995,0.2619878233333333,-1.9625,4.6057,3h_SI7,3h,SI7,6h_SI1,6h,SI1,6.568199999999999
1.612498468461295,0.9664736587257701,N900_RS09000,RNA polymerase sigma factor,0.2922076666666667,-1.3094,3.0257,6h_SI7,6h,SI7,1h_st,1h,st,4.3351
0.5837164897932379,-0.6192797351468101,N900_RS09005,VC_1044,1.1906282166666668,-0.76654,4.7378,12h_SI4,12h,SI4,3h_SI5,3h,SI5,5.50434
1.5633501547245618,-1.2445544124398802,N900_RS09010,fadL,0.8474407583333334,-0.88769,2.9122,12h_co,12h,co,12h_SI3,12h,SI3,3.79989
1.9408559971162624,1.8413721341000795,N900_RS09015,aromatic hydrocarbon degradation protein,1.217763183333333,-0.16396,5.5034,1h_SI9,1h,SI9,6h_st,6h,st,5.66736
-0.2553774455583473,-1.0357365271003922,N900_RS09020,low molecular weight phosphotyrosine protein phosphatase_2,1.0771236283333334,-0.82125,4.5852,6h_SI1,6h,SI1,1h_ce,1h,ce,5.40645
1.3419210443072531,0.5333103094890199,N900_RS09025,cobO,0.8866571166666667,-0.62091,3.7663,3h_st,3h,st,6h_st,6h,st,4.3872100000000005
0.6346467615704303,0.036904648353616676,N900_RS09030,asma_1,0.21952596666666668,-1.3077,4.4124,12h_SI1,12h,SI1,6h_st,6h,st,5.7201
1.043773301432469,0.22146656442648383,N900_RS09035,udk,-0.137756565,-1.9188,3.0021,1h_SI6,1h,SI6,6h_st,6h,st,4.9209
-0.11406763153873145,-1.5887819269260488,N900_RS09040,VC_0268,-0.004128316666666676,-1.428,4.5552,6h_SI9,6h,SI9,12h_SI1,12h,SI1,5.9832
0.6741646122648972,3.0140551661143316,N900_RS09045,apbC,0.8032064833333333,-0.52816,4.7821,6h_ce,6h,ce,3h_st,3h,st,5.3102599999999995
1.1114723109303863,-0.3093367644726729,N900_RS09055,VC_1035,0.6217690166666666,-0.63272,3.2282,6h_co,6h,co,6h_SI2,6h,SI2,3.86092
0.38427792286248996,-0.14409940371961694,N900_RS09060,udp_1,1.1635346733333334,-1.1134,4.9521,1h_SI7,1h,SI7,12h_SI3,12h,SI3,6.0655
0.6821588905661087,-0.6068174045314627,N900_RS09065,zntA,4.28393,1.3231,6.9478,24h_co,24h,co,3h_SI1,3h,SI1,5.6247
-2.755788548736368,-2.302354498431261,N900_RS09070,VC_1032,0.04431866666666666,-1.5316,2.9836,6h_SI1,6h,SI1,6h_ce,6h,ce,4.5152
-0.6589409245550844,1.7339923015214436,N900_RS09075,inosine monophosphate dehydrogenase-related protein,1.2868885666666663,-0.28471,6.1714,3h_SI1,3h,SI1,3h_st,3h,st,6.456110000000001
-2.7946101450219283,-1.7427356924319062,N900_RS09080,VC_1029,0.1564438301666667,-1.6176,4.073,6h_SI2,6h,SI2,3h_SI2,3h,SI2,5.6906
0.6753894997696732,2.7111426947443245,N900_RS09085,moaE,0.46292403333333326,-1.2041,4.2027,6h_SI4,6h,SI4,6h_SI2,6h,SI2,5.4068000000000005
0.287671697812133,-0.5459917767412203,N900_RS09090,moaD,0.05229599999999999,-1.4129,2.6728,1h_SI3,1h,SI3,12h_SI1,12h,SI1,4.0857
-1.1502684736146371,1.4678465130619969,N900_RS09095,moaC,1.8227353833333337,-1.3039,6.0757,1h_SI5,1h,SI5,24h_st,24h,st,7.3796
-0.6848492041522762,-0.7877609792761464,N900_RS09100,moaB,0.8524573751666666,-0.92419,3.5174,1h_SI2,1h,SI2,3h_SI1,3h,SI1,4.44159
2.5133780126265988,0.8634058270498883,N900_RS09105,moaA,1.4470726866666666,-0.07555,6.465,1h_SI4,1h,SI4,6h_st,6h,st,6.54055
0.35251752660728863,-0.7872040375441507,N900_RS09110,ybhK,1.0236163666666667,-0.76015,5.5315,12h_SI1,12h,SI1,3h_SI2,3h,SI2,6.291650000000001
-1.1561299430042764,2.283555946392937,N900_RS09115,luxu,-0.18171271333333333,-3.8606,5.0892,12h_SI8,12h,SI8,6h_SI2,6h,SI2,8.9498
-3.2621962022736057,3.9811622953645696,N900_RS09120,luxO_BLAST,-1.3439629666666666,-4.6955,0.11287,12h_SI8,12h,SI8,3h_SI9,3h,SI9,4.80837
-3.1165398706507563,-1.3910527533958734,N900_RS09125,VC_1020,-0.3868947466666666,-3.0679,2.634,3h_SI9,3h,SI9,3h_SI3,3h,SI3,5.7019
1.540416438634968,0.3152215142827642,N900_RS09130,uvrB,0.5743209,-1.2042,3.4819,3h_co,3h,co,3h_st,3h,st,4.6861
-0.9029636517285913,-0.8740576278222316,N900_RS09170,nth,0.27437863333333323,-1.2229,4.2198,6h_SI1,6h,SI1,3h_SI1,3h,SI1,5.4427
-2.7327832499255176,0.07597098943045211,N900_RS09175,gloA,-0.10882193333333334,-1.6775,3.5179,12h_SI1,12h,SI1,6h_SI3,6h,SI3,5.1954
-0.6167399354064438,1.4838151294932809,N900_RS09180,VP2110_BLAST,-0.04069886666666666,-1.365,3.3617,3h_SI2,3h,SI2,1h_ce,1h,ce,4.7267
-7.851774785897297,-0.9698957053576098,N900_RS09185,motY,-0.6503969499999999,-2.4553,2.6154,24h_SI1,24h,SI1,3h_SI7,3h,SI7,5.0707
-2.2362718513899145,-1.238263638251082,N900_RS09195,ribonuclease T,0.5439541,-2.0486,5.2082,1h_SI2,1h,SI2,3h_SI1,3h,SI1,7.2568
2.988441580035685,1.2097455031068933,N900_RS09200,yuiF,2.063312333333333,0.60393,5.3073,6h_co,6h,co,6h_SI4,6h,SI4,4.70337
-3.6576183312496005,4.765394382819014,N900_RS09205,purF,-2.03226245,-5.1351,2.6569,12h_SI6,12h,SI6,1h_st,1h,st,7.792
-4.196899485214134,4.5347217994260145,N900_RS09210,cvpA,-2.3630791666666666,-5.6924,2.1232,12h_SI6,12h,SI6,3h_st,3h,st,7.8156
-0.9923086286939555,-0.9553295389856873,N900_RS09215,dedD,-0.24032725,-2.9229,4.6611,3h_SI9,3h,SI9,3h_SI2,3h,SI2,7.584
3.1091204138242396,2.185869993236823,N900_RS09230,truA,1.0683384833333336,-0.54901,4.9614,6h_SI6,6h,SI6,6h_st,6h,st,5.51041
2.420481191500097,0.20156224631158737,N900_RS09235,Pseudogene_N900_RS09235,1.5587530166666668,-1.072,5.6288,6h_SI7,6h,SI7,12h_SI1,12h,SI1,6.7008
1.03941834669671,0.8926447461882195,N900_RS09245,nagE,0.9901876266666666,-0.44432,4.3375,12h_st,12h,st,6h_SI1,6h,SI1,4.781820000000001
-3.8253869001690104,-1.803436996885356,N900_RS09250,nagA_1,0.3435591,-1.212,3.4747,1h_SI1,1h,SI1,6h_SI4,6h,SI4,4.6867
0.22834621371582564,-0.6165805687664526,N900_RS09255,nagC,1.25382715,-0.71136,5.7062,1h_SI5,1h,SI5,3h_SI4,3h,SI4,6.41756
0.5874278949257041,-1.3831678254945758,N900_RS09260,ybaL,1.2450766500000001,-0.28419,5.2044,6h_SI4,6h,SI4,3h_SI1,3h,SI1,5.488589999999999
0.5592342393070986,-0.8816152256372471,N900_RS09265,asnB,0.6980691485166667,-0.7822,3.1926,3h_SI3,3h,SI3,12h_st,12h,st,3.9748
-1.4291204036826286,0.5252146864179406,N900_RS09270,rfaH,-0.7288724383333334,-4.1108,2.231,3h_SI9,3h,SI9,6h_SI4,6h,SI4,6.3418
-0.5711252828975284,-0.38810334818609604,N900_RS09275,dtpA,0.3915716333333334,-1.3379,3.0471,6h_SI2,6h,SI2,1h_st,1h,st,4.385
2.0063911278884685,2.2647163174355134,N900_RS09290,htpG,1.522672166666667,-0.047813,5.2158,6h_SI7,6h,SI7,6h_st,6h,st,5.263612999999999
-2.0985991217182165,4.523371908015111,N900_RS09295,toxR_BLAST,-1.2760801616666668,-3.7391,2.7871,12h_SI7,12h,SI7,3h_SI4,3h,SI4,6.5262
-2.2375741818622368,1.9758468893534944,N900_RS09300,toxS,-1.2785576833333334,-4.4588,2.8561,12h_SI8,12h,SI8,3h_SI5,3h,SI5,7.3149
1.6113366706102177,0.06755486926702664,N900_RS09305,selenoprotein W-related protein,1.12137295,-0.48067,4.2561,3h_SI2,3h,SI2,6h_SI2,6h,SI2,4.73677
0.02340256501728133,0.6950128870623887,N900_RS09310,phosphodiesterase,1.0588239531666668,-0.51408,3.5248,6h_st,6h,st,12h_st,12h,st,4.03888
-2.154359287789065,-0.9581756533444381,N900_RS09315,yfcH,0.796196615,-0.64839,4.5972,3h_ce,3h,ce,1h_ce,1h,ce,5.24559
3.0936389843737953,0.39661884653368024,N900_RS09320,ybbO,1.4145935333333335,-0.21163,4.0732,1h_SI8,1h,SI8,6h_SI4,6h,SI4,4.28483
-2.15319719200138,1.7649213630893261,N900_RS09325,YbbN,0.17200786666666668,-2.3619,2.1761,12h_SI8,12h,SI8,1h_ce,1h,ce,4.538
-1.8841949924979091,-0.14905223935104378,N900_RS09330,qmcA,0.617607355,-0.69117,3.6309,6h_SI3,6h,SI3,6h_SI1,6h,SI1,4.32207
-1.8469645797818757,-0.03338388183593555,N900_RS09335,ybbJ,0.13872095,-2.6107,3.365,6h_SI5,6h,SI5,6h_SI4,6h,SI4,5.9757
-6.091917826607385,1.8902238010225973,N900_RS09340,cueR,-0.9154054500000001,-2.4373,2.6155,3h_SI6,3h,SI6,12h_SI3,12h,SI3,5.0527999999999995
-2.1409522334024453,-3.025129094570048,N900_RS09345,VC_0973,0.17682144999999996,-1.1808,3.3853,24h_st,24h,st,1h_SI1,1h,SI1,4.5661000000000005
-0.06325648002987672,-0.20712122328972815,N900_RS09350,chiP,0.8542988833333333,-1.0059,4.6052,12h_SI1,12h,SI1,3h_SI1,3h,SI1,5.6111
1.840743585405824,1.4375800545411934,N900_RS09365,cysZ,0.807691875,-0.47829,4.5662,6h_SI8,6h,SI8,3h_st,3h,st,5.044490000000001
2.3643380264044813,-1.8637645656384865,N900_RS09370,cysK,1.571828383333333,-0.26076,5.7621,1h_SI6,1h,SI6,3h_SI4,3h,SI4,6.0228600000000005
0.9052025957228262,0.34150505663547226,N900_RS09375,VC_0967,0.4836263499999999,-2.184,4.0573,1h_SI2,1h,SI2,3h_SI4,3h,SI4,6.2413
1.0489909516927627,2.464649011188378,N900_RS09380,ptsH,0.5671032,-1.2857,3.9768,6h_ce,6h,ce,12h_SI2,12h,SI2,5.2625
1.1485675706625775,-0.790060291066498,N900_RS09385,ptsI,0.24533666666666665,-1.7399,4.4994,1h_SI4,1h,SI4,6h_ce,6h,ce,6.2393
0.27912936687143386,2.2162804980212183,N900_RS09390,crr,0.4001859166666667,-2.5399,7.5507,1h_SI6,1h,SI6,6h_SI2,6h,SI2,10.0906
0.13996875535592146,2.1963654358786355,N900_RS09400,miaB,0.8828023166666665,-0.60496,4.8641,6h_SI4,6h,SI4,3h_st,3h,st,5.46906
0.05234072929036282,2.8846476722125964,N900_RS09405,ybeZ,-0.2893976666666667,-2.9766,4.9254,1h_SI5,1h,SI5,3h_SI8,3h,SI8,7.901999999999999
2.9329711312764966,3.2007192671585383,N900_RS09410,ybeY,1.8224785333333335,-0.061048,4.1454,6h_SI9,6h,SI9,1h_st,1h,st,4.206448000000001
-1.041589582443974,1.2212234550592704,N900_RS09415,corc,0.22945046666666663,-3.4408,4.4363,12h_SI7,12h,SI7,3h_SI1,3h,SI1,7.8771
2.9047286178473746,3.23706258813465,N900_RS09420,lnt,0.6562306666666665,-1.2185,2.8033,12h_SI7,12h,SI7,12h_st,12h,st,4.0218
-4.877101724159845,-0.9013816402946335,N900_RS09425,zinc ribbon-containing protein,-0.33234371666666657,-2.0581,2.5462,12h_SI4,12h,SI4,3h_SI5,3h,SI5,4.6043
0.231842764422447,-0.9580888655369117,N900_RS09445,rsfS,0.7061118816666665,-0.9473,6.2056,1h_SI7,1h,SI7,3h_SI3,3h,SI3,7.1529
0.9699477084024775,1.1993773461100363,N900_RS09450,rlmH,1.1452897250000003,-0.34231,4.5065,12h_SI8,12h,SI8,3h_SI4,3h,SI4,4.84881
-0.9681273803268935,1.4903785232045563,N900_RS09465,rlpa,-0.9739270666666666,-4.0064,4.2509,12h_SI8,12h,SI8,6h_SI3,6h,SI3,8.2573
2.0962626722088586,3.011176949970769,N900_RS09470,dacA_1,-1.9758055,-4.2491,0.42674,12h_SI7,12h,SI7,3h_SI5,3h,SI5,4.67584
1.9894024669089632,2.8102791319720226,N900_RS09500,glyA,-0.81926715,-2.8917,4.2451,12h_ce,12h,ce,3h_SI8,3h,SI8,7.1368
0.427707995347399,-0.9160271397783633,N900_RS09505,yitt,0.5896746166666667,-1.555,5.8246,6h_co,6h,co,3h_SI1,3h,SI1,7.3796
2.18620351308543,0.9094225583117815,N900_RS09510,vpsQ,2.0536241166666667,0.054217,6.1916,1h_SI8,1h,SI8,3h_SI3,3h,SI3,6.137383
-0.37062558172825666,-2.4663856793362156,N900_RS09515,vpsP,0.4806321666666667,-0.8371,3.4899,3h_SI8,3h,SI8,6h_SI3,6h,SI3,4.327
2.4249456670770453,0.897077203598527,N900_RS09520,vpsO,1.0523468666666667,-0.83125,4.4351,6h_SI7,6h,SI7,3h_st,3h,st,5.26635
-0.23599471053903587,0.7121170937932118,N900_RS09525,vpsN,0.753820375,-0.83838,5.4475,12h_SI2,12h,SI2,6h_st,6h,st,6.28588
0.37060947011952283,0.07241742810797669,N900_RS09530,vpsM,0.61811593,-0.50002,4.128,3h_st,3h,st,6h_SI3,6h,SI3,4.62802
1.678812551848413,-0.9379688874343188,N900_RS09535,vpsL,0.8755159166666667,-0.67382,4.1038,3h_co,3h,co,3h_SI4,3h,SI4,4.77762
0.019151641222803217,-0.9366217076636945,N900_RS09540,VC_0933,0.44002341666666667,-0.75523,4.1657,24h_ce,24h,ce,6h_ce,6h,ce,4.92093
-1.5985257578090881,4.737178484646542,N900_RS09545,VC_0931,-0.49554998333333333,-2.8916,4.6892,6h_SI5,6h,SI5,1h_st,1h,st,7.5808
0.1900924367206005,-1.1450852555467026,N900_RS09550,hemolysin_1,0.4984524699999999,-0.85796,2.4637,3h_st,3h,st,3h_SI3,3h,SI3,3.3216599999999996
-0.3191544336218315,-1.542951216192761,N900_RS09555,VC_0929,0.9551864175499998,-0.46094,4.4575,24h_SI2,24h,SI2,6h_SI3,6h,SI3,4.9184399999999995
-3.2391636035876266,1.3402534935682433,N900_RS09560,VC_0928,0.10116264999999997,-1.4121,2.7998,6h_SI7,6h,SI7,1h_co,1h,co,4.2119
-0.2253615858905711,-1.1924759763885684,N900_RS09565,glycosyltransferase,0.73439475,-0.72149,4.1181,3h_SI2,3h,SI2,6h_SI3,6h,SI3,4.83959
2.62961720146792,0.9123685985233143,N900_RS09570,vpsJ,1.3260645899999999,-0.4824,5.9209,1h_ce,1h,ce,3h_st,3h,st,6.4033
0.850751556910355,-0.02760776233670048,N900_RS09575,glycosyltransferase family 1 protein,1.4685779833333334,-0.25353,5.3436,12h_SI1,12h,SI1,6h_st,6h,st,5.59713
0.15692049734327185,1.1982660746459415,N900_RS09580,vpsH,1.3230130333333332,-0.48033,5.5732,6h_SI5,6h,SI5,3h_SI1,3h,SI1,6.05353
1.541073646443393,1.3266997575834334,N900_RS09585,vpsG,0.87275198,-0.76066,3.7253,24h_co,24h,co,3h_st,3h,st,4.4859599999999995
-0.5907905882234052,0.8484241929074535,N900_RS09590,vpsF,0.3738667166666667,-0.90026,3.4854,12h_SI3,12h,SI3,6h_st,6h,st,4.38566
2.0054743124298726,0.9767417397037002,N900_RS09595,vpsE,1.3014730333333333,-0.014657,4.6924,1h_SI6,1h,SI6,1h_st,1h,st,4.707057
1.3610461073024736,-1.7063684795929235,N900_RS09600,vpsD,0.5765796950000001,-0.82075,3.7296,3h_co,3h,co,3h_SI4,3h,SI4,4.55035
-2.6721820069456372,1.343544730976694,N900_RS09605,vpsC,-0.06380356666666667,-1.9378,3.5258,6h_ce,6h,ce,12h_st,12h,st,5.4636
-0.32139765379445784,-0.2735186460331026,N900_RS09610,wecC,0.7462644549999998,-0.59348,4.1402,3h_SI4,3h,SI4,1h_st,1h,st,4.73368
1.5656805831777456,-0.7871905117472058,N900_RS09615,vpsA,0.23403115833333332,-1.2404,3.1778,1h_st,1h,st,6h_SI1,6h,SI1,4.4182
-2.740962262487023,0.08994465360596735,N900_RS09620,low molecular weight phosphotyrosine protein phosphatase_1,-0.25759546666666666,-1.7217,3.3038,6h_SI4,6h,SI4,12h_SI2,12h,SI2,5.0255
0.9982646874801677,-1.698918945775917,N900_RS09625,vexH,0.9679584833333333,-0.39739,4.3069,6h_st,6h,st,3h_SI2,3h,SI2,4.704289999999999
1.2448123229150498,1.978548455419532,N900_RS09630,vexG,1.048455385,-0.50316,5.0539,6h_SI4,6h,SI4,12h_st,12h,st,5.55706
-0.044751910838934705,2.8363534709893456,N900_RS09650,treC,-0.3267625666666667,-2.5639,4.896,12h_SI5,12h,SI5,3h_SI2,3h,SI2,7.459899999999999
-0.5172377173659957,-1.064930888698514,N900_RS09655,treB,0.17075635999999997,-1.3385,3.1479,1h_SI1,1h,SI1,12h_SI1,12h,SI1,4.4864
1.8516534491010743,0.2860082618165089,N900_RS09660,treR,1.0499563283333333,-0.341,4.379,1h_SI4,1h,SI4,3h_SI1,3h,SI1,4.72
2.898421329833382,3.328685068488976,N900_RS09665,gmhB,0.44115017366666665,-1.5378,2.5642,12h_SI7,12h,SI7,12h_st,12h,st,4.102
-0.9839779690960992,-2.9865315725107564,N900_RS09670,metN,0.8956259949999997,-0.8644,4.2205,6h_co,6h,co,6h_SI4,6h,SI4,5.0849
0.7502203476551488,1.5736652869337004,N900_RS09675,metI,0.66312978,-0.70339,4.0732,6h_SI8,6h,SI8,3h_st,3h,st,4.77659
1.8366946418605385,-1.203807814702234,N900_RS09680,metq,1.3567389333333333,-0.027598,3.7875,1h_st,1h,st,6h_SI2,6h,SI2,3.815098
1.8763935362649935,-1.4076493679936508,N900_RS09685,VC_0904,1.28851735,-0.54312,6.0967,1h_SI8,1h,SI8,3h_SI1,3h,SI1,6.63982
-1.0920343181376049,-1.5203083478675996,N900_RS09690,SecY-interacting protein,0.976250178333333,-0.44318,4.0839,3h_SI4,3h,SI4,1h_ce,1h,ce,4.52708
-0.39276233836584185,-0.8542797391333607,N900_RS09695,queF,0.40873805833333327,-0.67576,3.79,6h_SI3,6h,SI3,3h_SI4,3h,SI4,4.46576
0.05912632691575315,1.25354619585038,N900_RS09700,tetratricopeptide repeat protein_2,0.8577340766666667,-0.89103,4.7344,3h_SI3,3h,SI3,6h_st,6h,st,5.62543
2.2857426718372285,-1.2600268482918555,N900_RS09705,VC_0900,1.1162479500000004,-0.4692,4.265,6h_st,6h,st,12h_SI1,12h,SI1,4.7341999999999995
0.04231901347702216,-0.006354663699710161,N900_RS09710,ppnN_BLAST,0.74193055,-1.1005,3.2516,1h_SI5,1h,SI5,12h_SI1,12h,SI1,4.3521
1.8432499597385608,1.0837549975450047,N900_RS09715,xni,0.8651689833333334,-0.81353,5.0527,6h_SI6,6h,SI6,12h_SI2,12h,SI2,5.86623
0.9611529381442177,-2.259213488681739,N900_RS09720,UPF0382 membrane protein SAB0533_BLAST,0.7154458376666668,-0.86039,3.1601,12h_st,12h,st,3h_SI2,3h,SI2,4.02049
0.6825878418771034,-0.3603059983509652,N900_RS09725,lysR,-0.06401438333333334,-1.3765,3.0713,3h_SI1,3h,SI1,3h_SI4,3h,SI4,4.4478
1.4332338435861702,2.728695482647179,N900_RS09735,thiI,1.9904512166666666,-0.66714,4.5002,1h_SI6,1h,SI6,1h_co,1h,co,5.16734
-7.422886770716859,0.07358769926432046,N900_RS09740,motb,-1.347178383333333,-3.6124,0.51511,24h_SI4,24h,SI4,3h_SI7,3h,SI7,4.12751
-7.723419097848779,1.6006287765153226,N900_RS09745,pomA,-1.32040805,-3.2211,1.8577,24h_SI2,24h,SI2,1h_SI1,1h,SI1,5.078799999999999
-0.8696946678261086,-0.3159038114696223,N900_RS09750,xseB,0.7615611972666667,-0.4148,5.1177,12h_ce,12h,ce,6h_SI1,6h,SI1,5.5325
2.451006991092691,-1.0306656651714374,N900_RS09765,truC,1.0008887833333333,-0.55522,4.878,3h_SI5,3h,SI5,3h_SI3,3h,SI3,5.43322
-3.1592561024939743,3.5727122999309966,N900_RS09770,yqcC,-0.6568258666666668,-2.2874,3.6543,3h_SI6,3h,SI6,6h_SI1,6h,SI1,5.9417
-0.5140152509065881,-0.40426124041401157,N900_RS09775,VC_0886,0.7278684333333333,-0.60604,3.9951,3h_SI3,3h,SI3,1h_SI1,1h,SI1,4.60114
-3.266826449534176,1.6065466981330307,N900_RS09780,VC_0885,-0.9735595,-3.4517,4.1385,3h_SI7,3h,SI7,1h_st,1h,st,7.590199999999999
1.1439261249250814,0.9837105028503953,N900_RS09785,N-acetyltransferase_1,1.332696923333333,-0.37698,4.7178,3h_SI3,3h,SI3,3h_SI5,3h,SI5,5.09478
-5.117606160399617,-2.05473786887908,N900_RS09790,kfrA_2,0.42086465,-1.0575,3.0034,12h_SI4,12h,SI4,6h_SI3,6h,SI3,4.0609
-3.083548048968855,-0.6092518169129714,N900_RS09795,VC_0881_BLAST,0.0009123000000000066,-1.7995,3.1849,24h_st,24h,st,1h_SI1,1h,SI1,4.9844
1.2704278585347595,-0.7630655799241872,N900_RS09800,mtrF,1.01814806,-0.34777,3.988,6h_ce,6h,ce,3h_SI3,3h,SI3,4.33577
0.009107079713492894,1.7118213104086908,N900_RS09810,rpmE2,1.510024345,-0.41295,8.2299,1h_ce,1h,ce,3h_st,3h,st,8.642850000000001
-2.443396923009233,0.13645628834415502,N900_RS09815,tsaA,-0.3122503333333334,-2.0363,2.7022,24h_st,24h,st,3h_st,3h,st,4.7385
1.8553802376747885,-0.5735107722643272,N900_RS09830,terB,1.415808983333333,-0.20847,5.1177,1h_SI9,1h,SI9,3h_SI1,3h,SI1,5.32617
-3.6473599175635707,-0.6840114080583912,N900_RS09835,VC_0872_BLAST,-0.27440475000000003,-1.5902,3.6997,12h_SI3,12h,SI3,3h_SI4,3h,SI4,5.2899
-1.8824430550275264,0.9772495126590391,N900_RS09840,VC_0871,-0.14999045000000005,-2.7114,4.5322,24h_co,24h,co,3h_SI5,3h,SI5,7.243599999999999
-3.23196918128318,4.243629124537382,N900_RS09850,purL,-1.7779450999999997,-4.8236,4.7371,12h_SI7,12h,SI7,1h_ce,1h,ce,9.5607
-2.552812121133456,2.304574649298881,N900_RS09860,mltF,-0.8599122216666667,-3.8311,2.6324,6h_SI7,6h,SI7,3h_SI2,3h,SI2,6.4635
2.8401398473734822,2.745741087298389,N900_RS09870,tadA,2.01246095,-0.073251,4.0338,6h_SI9,6h,SI9,12h_st,12h,st,4.107051
-0.1395079803370911,-0.8866270502978892,N900_RS09875,abgT_2,0.6168178333333333,-0.82415,4.01,3h_SI5,3h,SI5,3h_SI4,3h,SI4,4.83415
2.722390857584095,0.6015492861089158,N900_RS09880,VC_0862,1.7027718833333334,-0.45476,4.744,1h_SI1,1h,SI1,24h_st,24h,st,5.19876
0.9288882798301241,-0.6719856203756798,N900_RS09885,pilV,0.5686602999999999,-1.7772,4.182,1h_SI2,1h,SI2,6h_SI1,6h,SI1,5.9592
2.699450225328662,-1.2152624009768234,N900_RS09890,pilX,1.2406471433333335,-0.524,4.5042,1h_SI8,1h,SI8,12h_SI2,12h,SI2,5.0282
2.4043030730016017,0.11592668928550268,N900_RS09895,PilW,1.5432023450000003,-0.25193,5.4273,1h_SI8,1h,SI8,12h_SI1,12h,SI1,5.67923
0.9238562136408959,0.06895637901080887,N900_RS09900,"type IV pilin, putative",0.8063051783333334,-0.88846,3.6,3h_SI3,3h,SI3,6h_st,6h,st,4.48846
0.8011052082670136,-2.357183527090064,N900_RS09905,type IV pilin protein,1.4143810333333335,-0.17937,4.4726,3h_SI1,3h,SI1,3h_SI3,3h,SI3,4.6519699999999995
-1.0755605316976398,1.8384520578243784,N900_RS09930,recN,-0.30863290000000004,-1.9175,2.5027,6h_ce,6h,ce,3h_SI2,3h,SI2,4.4201999999999995
0.45185273824682604,-2.3849917909015756,N900_RS09935,bamE,0.11239936666666667,-2.6046,3.5908,6h_ce,6h,ce,6h_SI4,6h,SI4,6.1954
2.6289131592159,1.670211189049911,N900_RS09950,smpB,0.8094961333333333,-1.7584,5.2157,1h_SI4,1h,SI4,3h_st,3h,st,6.9741
-1.4513338113229435,1.2035161841393434,N900_RS09955,intA_3,0.21375174833333332,-1.15,3.0928,12h_SI1,12h,SI1,3h_SI2,3h,SI2,4.2428
0.14012899513536503,1.196788548420615,N900_RS09965,acfd,0.4379049333333333,-0.86546,4.2622,3h_SI1,3h,SI1,1h_st,1h,st,5.12766
-3.1472955681949863,3.740401820700441,N900_RS09970,acfa,-1.0684260666666667,-2.9294,1.7891,6h_ce,6h,ce,3h_SI3,3h,SI3,4.7185
-0.671987482158245,1.778244008126372,N900_RS09975,M23 family peptidase,0.747536035,-2.2553,5.8018,6h_SI6,6h,SI6,6h_st,6h,st,8.0571
-2.4005910899856064,0.872283097350466,N900_RS09980,VC_0842,0.56283865,-1.0553,4.4292,12h_SI5,12h,SI5,6h_SI3,6h,SI3,5.4845
-1.2640932000490845,2.4530531955396464,N900_RS09985,acfC,0.5852106399999999,-1.1974,4.3299,24h_SI2,24h,SI2,6h_st,6h,st,5.5273
-1.5900948730704274,2.1163195170943734,N900_RS09990,Pseudogene_N900_RS09990,0.7508161999999999,-2.5347,4.0233,6h_SI6,6h,SI6,3h_SI7,3h,SI7,6.558
-4.201243674996683,4.4545293434662465,N900_RS09995,tcpJ,-2.3957258,-5.3424,1.6028,12h_SI6,12h,SI6,1h_ce,1h,ce,6.9452
-1.7907327577722072,4.780649797278892,N900_RS10000,toxT,-1.90126865,-4.5366,5.4509,12h_SI6,12h,SI6,3h_st,3h,st,9.9875
-2.3466411677457555,4.427905287921444,N900_RS10005,tcpF,-1.1926756833333334,-4.1516,2.9029,12h_SI7,12h,SI7,3h_SI3,3h,SI3,7.0545
-2.8991239435786924,4.067038202826779,N900_RS10010,tcpE,-1.4925149333333334,-4.2571,4.007,6h_SI7,6h,SI7,3h_SI3,3h,SI3,8.2641
-3.175572949459228,4.693914365363428,N900_RS10015,tcpT,-0.8828706666666668,-4.081,4.4176,12h_SI9,12h,SI9,1h_st,1h,st,8.4986
-3.2443539593156947,5.104683534067787,N900_RS10020,tcpS,-1.7026167883333334,-4.7837,2.9108,12h_SI5,12h,SI5,3h_st,3h,st,7.6945
0.655071035808025,0.9757536413662091,N900_RS10025,tcpD,-1.010262035,-4.7999,3.6369,6h_SI8,6h,SI8,3h_SI1,3h,SI1,8.4368
-3.561646008705824,2.6804948889720097,N900_RS10035,tcpC,-0.9827866,-3.9376,4.404,6h_SI6,6h,SI6,1h_SI1,1h,SI1,8.3416
-2.7361437519383105,3.766604640629973,N900_RS10040,tcpQ,-1.8950163000000002,-4.8122,2.9601,12h_SI9,12h,SI9,3h_SI4,3h,SI4,7.7722999999999995
-4.71237164446943,4.006022263143137,N900_RS10045,tcpB,-2.552958083333333,-5.5097,2.9322,12h_SI7,12h,SI7,1h_SI1,1h,SI1,8.4419
-3.805995302022635,2.2752188070314254,N900_RS10050,tcpA,-0.8561711899999999,-3.4617,4.0052,12h_SI7,12h,SI7,1h_SI1,1h,SI1,7.466900000000001
-2.2482089110133425,3.6664498410813664,N900_RS10055,tcpH,-1.4907641500000002,-4.6173,3.7387,6h_SI9,6h,SI9,3h_SI1,3h,SI1,8.356
-3.5436623073483773,4.670922666157356,N900_RS10060,tcpP,-2.09559695,-5.2195,0.57672,12h_SI6,12h,SI6,1h_SI3,1h,SI3,5.79622
2.033078193479107,-1.089985108484327,N900_RS10065,tcpI,0.9045537753499999,-0.82336,3.4943,6h_st,6h,st,3h_st,3h,st,4.31766
-0.9505639602335361,-0.9147958673345937,N900_RS10075,VC_0823,0.9983363833333334,-0.55561,4.8773,3h_SI8,3h,SI8,3h_st,3h,st,5.43291
-2.2953547136115153,0.6663553137126068,N900_RS10080,membrane protein_1,-0.20051415,-1.7273,2.919,24h_SI1,24h,SI1,6h_SI3,6h,SI3,4.6463
1.510021651800467,2.9322038660828156,N900_RS10085,Pseudogene_N900_RS10085,1.2374072200000001,-0.3157,4.4545,3h_SI4,3h,SI4,3h_SI1,3h,SI1,4.7702
1.3509790533034591,1.4532086038825964,N900_RS10090,adh,1.5575618166666663,-0.46136,5.7042,6h_SI6,6h,SI6,3h_SI2,3h,SI2,6.16556
-0.19342250911500436,1.0410638990193761,N900_RS10105,IS481-like element ISVch1 family transposase,0.9596680333333334,-0.67947,3.7565,3h_SI3,3h,SI3,12h_SI2,12h,SI2,4.43597
0.21996806365491306,3.0256391386939927,N900_RS10110,VC_0816,0.6793568183333333,-2.1993,6.3783,6h_SI8,6h,SI8,6h_SI1,6h,SI1,8.5776
2.7375004179479507,-1.6452950896748495,N900_RS10115,type II toxin-antitoxin system HipA family toxin,1.9682257,-0.085998,5.5043,1h_SI8,1h,SI8,6h_SI4,6h,SI4,5.590298
1.8841651140414335,0.1629685074919421,N900_RS10125,class I SAM-dependent methyltransferase_5,0.9989914833333333,-0.57546,3.7989,12h_ce,12h,ce,3h_st,3h,st,4.37436
3.01874608790047,-0.5762183291502613,N900_RS10130,uvrB_2,1.5001344000000003,0.076314,4.4841,1h_SI8,1h,SI8,6h_SI4,6h,SI4,4.407786
-3.806343891159025,0.10054166570657855,N900_RS10135,VC_0811,0.8423600166666666,-0.56276,3.1146,1h_ce,1h,ce,6h_co,6h,co,3.6773599999999997
2.688089471956128,-2.090492117051796,N900_RS10140,VC_0810,1.3133116333333335,-0.8951,3.9297,1h_SI4,1h,SI4,12h_SI2,12h,SI2,4.8248
0.510885762731903,1.0340149207535563,N900_RS10145,VC_0809,0.8870409566666667,-0.32543,3.3585,24h_co,24h,co,3h_SI2,3h,SI2,3.6839299999999997
1.015973773931786,-1.772947208979085,N900_RS10150,VC_0808,0.7804892600000002,-0.61802,3.9305,3h_SI3,3h,SI3,6h_SI2,6h,SI2,4.54852
1.7718039059481425,1.929071670139637,N900_RS10155,MFS transporter_1,1.210107171666667,-0.49048,3.8305,6h_SI4,6h,SI4,3h_st,3h,st,4.32098
0.28238579459175916,-2.8031333828191056,N900_RS10160,NAD(P)/FAD-dependent oxidoreductase,0.9769456566666668,-0.64433,4.2472,3h_st,3h,st,6h_ce,6h,ce,4.89153
-0.3479208860374374,-0.3657497996232647,N900_RS10165,Ferredoxin 1_BLAST,0.5862844666666667,-0.71856,3.7083,24h_SI4,24h,SI4,3h_SI5,3h,SI5,4.42686
-0.49394337731006477,-0.05721044975471262,N900_RS10170,RNA methyltransferase,0.7491630416666666,-1.3601,5.002,6h_SI2,6h,SI2,12h_SI1,12h,SI1,6.3621
2.415601103884409,2.329232486671036,N900_RS10175,VC_0802,0.9844565000000001,-1.039,5.3296,6h_SI6,6h,SI6,6h_SI3,6h,SI3,6.3686
-2.430307593834123,-2.5590613569786993,N900_RS10180,citG,1.1104298,-0.90375,5.2199,1h_co,1h,co,3h_SI5,3h,SI5,6.12365
2.0440791478486657,2.366172594987797,N900_RS10185,citX,1.7653130833333335,0.067906,5.9009,1h_SI6,1h,SI6,12h_st,12h,st,5.832994
1.1950369420450233,-0.629804341058747,N900_RS10190,citF,0.9292020116666665,-0.2178,3.9796,1h_st,1h,st,6h_SI2,6h,SI2,4.1974
-1.787131626298435,3.275975287511491,N900_RS10195,citE,0.003811014930833333,-9.0514e-06,0.1667,1h_SI5,1h,SI5,3h_st,3h,st,0.16670905139999997
-1.8438055953079717,-0.30610989133667643,N900_RS10200,citD,0.7445614516666665,-0.88296,4.6647,12h_st,12h,st,6h_ce,6h,ce,5.54766
-3.1536122794933013,0.7486661772128169,N900_RS10205,citC,-0.24613621666666669,-1.6077,3.4178,6h_SI1,6h,SI1,6h_SI3,6h,SI3,5.0255
0.10557395758731847,-0.9192718946479721,N900_RS10210,citS,0.48332815500000004,-0.98223,3.7122,3h_SI4,3h,SI4,1h_co,1h,co,4.6944300000000005
2.0854134270371034,-2.893205069526011,N900_RS10215,sodium pump decarboxylase,1.00029385,-0.59927,3.4684,6h_st,6h,st,6h_ce,6h,ce,4.06767
1.4530935629615636,-0.4842003415486922,N900_RS10220,oadA_1,0.7096458478333333,-0.50265,3.7897,3h_st,3h,st,3h_SI5,3h,SI5,4.29235
1.112751082045663,-1.312062405470169,N900_RS10225,oadB,0.6906882616666667,-0.57554,3.6876,1h_st,1h,st,3h_SI2,3h,SI2,4.26314
0.2530947354179971,-0.08795326319556829,N900_RS10230,citA,1.5451176666666666,-0.60655,4.5883,12h_SI1,12h,SI1,1h_ce,1h,ce,5.194850000000001
2.628153788949663,-1.190188349262024,N900_RS10235,dpiA,1.2230958033333335,-1.0556,4.9234,1h_co,1h,co,3h_SI1,3h,SI1,5.979
0.9684503379495704,-1.9133013797511533,N900_RS10245,"DOPA 4,5-dioxygenase",0.56065045,-1.0115,2.8397,3h_ce,3h,ce,6h_SI3,6h,SI3,3.8512000000000004
0.8884271082583974,-0.8547371278464306,N900_RS10250,dsdC_1,0.7503687666666666,-0.5787,2.9453,6h_st,6h,st,6h_SI3,6h,SI3,3.524
0.622077860534513,0.2601306230745275,N900_RS10255,dadA1,1.2735596233333333,-0.54835,6.0066,3h_SI5,3h,SI5,12h_st,12h,st,6.55495
-2.013918765476074,-0.3100556904211934,N900_RS10260,acp,0.5481384933333333,-0.95632,4.2385,6h_SI1,6h,SI1,1h_SI1,1h,SI1,5.19482
2.2499887261832,-2.0215163620931924,N900_RS10265,yjcS,0.855433515,-0.62998,3.6278,3h_ce,3h,ce,3h_SI2,3h,SI2,4.25778
1.7624828164124837,-2.5034863931080347,N900_RS10270,leuO_2,1.05003905,-0.69579,3.4211,3h_ce,3h,ce,3h_SI3,3h,SI3,4.11689
0.062132064611237325,-2.421292684073314,N900_RS10275,vibriobactin biosynthesis 4\'-phosphopantetheinyl transferase VibD,0.8554394166666667,-0.8837,3.8415,6h_SI1,6h,SI1,3h_SI5,3h,SI5,4.7252
-2.7610075127434,-0.23081460611050753,N900_RS10280,fepC,0.21298124999999998,-2.4939,4.2221,6h_SI5,6h,SI5,12h_SI3,12h,SI3,6.716
0.9120386382019379,1.1561720647499907,N900_RS10285,fepG,0.5868479583333333,-0.76997,2.9517,1h_st,1h,st,1h_ce,1h,ce,3.7216700000000005
2.5528639390317656,-0.6195437018492838,N900_RS10290,yfiZ,1.7708784166666667,-0.041706,5.573,1h_SI5,1h,SI5,6h_SI2,6h,SI2,5.614706
1.5521800444603393,1.5997391767435196,N900_RS10295,fepB,0.7231161448333333,-0.55209,4.3645,12h_SI7,12h,SI7,3h_st,3h,st,4.916589999999999
1.1696573147210625,-0.23171089223832164,N900_RS10300,vibH,1.49211425,0.051757,4.5359,1h_SI6,1h,SI6,6h_SI4,6h,SI4,4.4841429999999995
1.7774682083454625,-1.3939384725381454,N900_RS10305,dhbA,1.6468398833333333,0.059113,5.3491,1h_SI5,1h,SI5,6h_ce,6h,ce,5.289987
-0.37840566474596526,-0.9572965366313635,N900_RS10315,dhbE,0.7311756350000002,-1.3366,4.6188,6h_SI2,6h,SI2,3h_SI4,3h,SI4,5.9554
-1.3593834941054923,-0.9862216179070986,N900_RS10320,vibB,0.5342403033333334,-1.0229,4.3948,24h_SI2,24h,SI2,12h_SI1,12h,SI1,5.4177
0.5176752540138767,0.6260695251380464,N900_RS10325,satP,0.43157298333333327,-0.63783,2.842,3h_SI6,3h,SI6,6h_st,6h,st,3.47983
1.5875649003632901,0.19820942628776037,N900_RS10330,carbohydrate-binding protein,1.0459800333333333,-0.17328,3.6814,3h_st,3h,st,6h_st,6h,st,3.85468
-2.379095495687702,4.433450287177312,N900_RS10335,guaA,-2.461274333333334,-5.1525,0.92829,12h_ce,12h,ce,1h_ce,1h,ce,6.0807899999999995
-1.7540235352537943,4.0463921082525305,N900_RS10340,guaB,-2.5002714999999993,-5.2413,0.43624,12h_ce,12h,ce,1h_SI2,1h,SI2,5.67754
1.3116103126253167,1.500867144974502,N900_RS10345,xseA,0.7193732866666667,-1.1213,3.7351,24h_co,24h,co,6h_st,6h,st,4.8564
1.4002604209488663,-0.1717645182846993,N900_RS10350,VC_0765,0.5711706716666665,-0.93289,3.7913,1h_co,1h,co,6h_ce,6h,ce,4.72419
1.4912045069489572,0.20622518054362254,N900_RS10355,alanyl-tRNA editing protein,1.7071510000000003,0.20931,5.0487,3h_ce,3h,ce,3h_SI3,3h,SI3,4.83939
-0.9834375564254141,-0.507475850189717,N900_RS10370,membrane protein_4,0.12622306666666663,-1.79,4.5876,1h_co,1h,co,12h_st,12h,st,6.3776
2.8699429607800413,3.2035705963486563,N900_RS10385,rodZ,1.8684183000000003,-0.052042,4.043,12h_SI7,12h,SI7,12h_st,12h,st,4.095042
-1.7544140626944107,0.7264846954523807,N900_RS10390,rlmn,0.46516365,-1.0145,3.7412,12h_st,12h,st,1h_st,1h,st,4.7557
-1.7318862459700999,1.040017329778569,N900_RS10395,ndk,0.9319866666666666,-2.1215,5.3758,24h_SI3,24h,SI3,3h_st,3h,st,7.4973
2.3111674434537965,-0.2056185925502103,N900_RS10400,pepB,0.8261458500000001,-0.60498,3.4387,3h_co,3h,co,3h_SI2,3h,SI2,4.04368
-1.3394426875501706,-3.4634438591541334,N900_RS10405,iscX,0.9174147883333336,-1.2759,4.0155,3h_ce,3h,ce,3h_SI5,3h,SI5,5.2914
1.760782926334577,-0.5782955643328885,N900_RS10440,iscR,0.33505437166666663,-1.9974,3.3333,3h_co,3h,co,3h_SI4,3h,SI4,5.3307
0.25139165769950544,-1.6434594623957606,N900_RS10445,trmJ,0.6605657666666666,-0.90209,4.3351,12h_SI3,12h,SI3,6h_ce,6h,ce,5.23719
0.5626769054678791,-1.9147290987924763,N900_RS10455,secF_1,0.6843437333333334,-0.71,3.9036,6h_st,6h,st,6h_ce,6h,ce,4.6136
-1.1118445582516012,-1.0223979632440698,N900_RS10460,secD_1,0.7243008999999999,-0.73449,3.6085,6h_SI2,6h,SI2,3h_SI5,3h,SI5,4.3429899999999995
1.3233210889348168,0.3978715695744364,N900_RS10465,yajC,0.7856455733333333,-0.56123,3.3773,6h_st,6h,st,3h_SI4,3h,SI4,3.93853
-1.213167307961523,-0.24226653420557032,N900_RS10470,tgt,-0.6090895666666666,-2.1984,1.6215,3h_SI6,3h,SI6,6h_SI2,6h,SI2,3.8198999999999996
-1.6031644073409592,1.244058254320837,N900_RS10475,VC_0740,-0.3738963333333334,-2.4991,3.7558,6h_SI5,6h,SI5,12h_SI1,12h,SI1,6.254899999999999
0.5787060159281157,-1.6407384275871195,N900_RS10480,queA,1.0673871283333332,-0.45188,3.864,3h_SI4,3h,SI4,3h_SI1,3h,SI1,4.31588
-3.4979080485071625,-2.1632764617947204,N900_RS10485,"acetoin utilization protein AcuB, putative",0.6086582933333334,-1.6829,4.3271,12h_SI1,12h,SI1,3h_SI5,3h,SI5,6.01
0.14897050832865677,0.7020844443664889,N900_RS10490,aceA,0.7124579333333333,-0.80089,4.0048,3h_SI2,3h,SI2,3h_SI1,3h,SI1,4.80569
0.767034203830133,-3.0033651326114477,N900_RS10495,malate synthase A,0.8153005333333333,-0.72766,4.1538,12h_st,12h,st,3h_SI1,3h,SI1,4.881460000000001
-1.944296551332939,1.5490962220349649,N900_RS10500,oxyR_2,0.6349551666666667,-0.60333,5.3903,6h_SI4,6h,SI4,6h_SI2,6h,SI2,5.99363
1.3344203026830117,-0.34099459581668,N900_RS10505,ahpC,1.4291768500000002,-1.364,5.3442,6h_co,6h,co,3h_SI2,3h,SI2,6.7082
-0.24954142473738772,1.425837570234302,N900_RS10510,cutc,0.25129931833333335,-2.1171,3.5805,6h_SI6,6h,SI6,3h_SI3,3h,SI3,5.6975999999999996
-0.04932175628769553,-0.00945622916570632,N900_RS10515,ppk2,0.7086226166666667,-1.0966,4.6843,6h_SI1,6h,SI1,6h_st,6h,st,5.780900000000001
1.6877922265889564,3.1015073915383478,N900_RS10520,phoU,0.5506144333333333,-1.8346,3.6372,12h_ce,12h,ce,12h_SI1,12h,SI1,5.4718
1.7437345191422438,3.3823527666558393,N900_RS10525,pstB,0.1757820833333333,-1.8783,2.3586,6h_SI8,6h,SI8,1h_co,1h,co,4.2369
-0.591396090174674,2.9237995909934136,N900_RS10530,pstA_1,-0.602148235,-2.6707,3.5502,6h_SI7,6h,SI7,6h_SI3,6h,SI3,6.2209
-0.10891564401142562,0.997888249281335,N900_RS10535,ABC transporter permease subunit,0.8301080166666668,-1.2529,3.6158,6h_SI6,6h,SI6,12h_SI2,12h,SI2,4.8687000000000005
1.5752203294419393,-2.029012036996616,N900_RS10540,ppk,0.9519073166666665,-0.59506,3.3621,12h_st,12h,st,3h_SI1,3h,SI1,3.95716
-4.66432442396591,1.5238922364184253,N900_RS10545,ppx,-0.7627546066666666,-2.6007,2.5628,6h_SI5,6h,SI5,1h_ce,1h,ce,5.1635
1.3287544787355152,-1.7790991823794124,N900_RS10550,pstS_1,0.136041615,-1.5951,3.1004,1h_st,1h,st,3h_SI4,3h,SI4,4.6955
-1.3926980896517958,3.912060819035301,N900_RS10555,phoR,-0.37751305,-2.7717,5.157,12h_SI8,12h,SI8,6h_st,6h,st,7.9287
-3.2003285992690143,3.385460852598497,N900_RS10560,phoB,-1.8571527500000002,-5.4058,3.2188,12h_SI6,12h,SI6,3h_SI4,3h,SI4,8.624600000000001
0.7406371574447799,-2.817117699697368,N900_RS10565,rdgC,1.1877280799999999,-0.16884,4.4638,6h_st,6h,st,3h_SI2,3h,SI2,4.63264
1.513207442778465,1.4126313060133464,N900_RS10570,rlhA,1.2561173116666668,-0.24587,4.5197,3h_SI4,3h,SI4,3h_SI2,3h,SI2,4.76557
-0.35613927190681816,-0.6279512679914456,N900_RS10575,yfhl,1.246023183333333,-0.57348,6.3936,24h_SI1,24h,SI1,6h_SI2,6h,SI2,6.96708
2.6921720957303146,-1.3600462071743205,N900_RS10580,nfsA,1.6759806666666668,0.13171,4.5403,1h_SI6,1h,SI6,3h_SI1,3h,SI1,4.40859
0.7497025770927426,-0.6317647092257005,N900_RS10585,VC_0714,0.8594733166666667,-0.5367,3.1927,12h_st,12h,st,3h_st,3h,st,3.7294
-1.1536668267691788,-1.2567827646041632,N900_RS10615,clpB,0.39848543333333336,-1.4682,4.0205,12h_st,12h,st,3h_SI2,3h,SI2,5.4887
-1.2314267152300316,2.184838791138284,N900_RS10620,pgeF,0.010234400833333332,0.00081172,0.15932,6h_st,6h,st,3h_st,3h,st,0.15850828
0.2228525404453574,0.7567449079802171,N900_RS10625,rluD,-0.10167664999999998,-1.9778,4.9014,6h_SI6,6h,SI6,12h_SI2,12h,SI2,6.8792
-0.7576773759227957,-0.7065606744221558,N900_RS10635,raiA,0.9942305166666665,-1.1243,6.038,1h_SI2,1h,SI2,6h_st,6h,st,7.1623
-0.5336353202818627,-0.9266095899594664,N900_RS10640,pheA,0.65419355,-0.98323,4.5567,6h_SI3,6h,SI3,12h_SI1,12h,SI1,5.53993
1.4941612889363025,-1.385655056293092,N900_RS10645,spuD,0.9756478036666666,-0.41492,3.874,3h_st,3h,st,3h_SI2,3h,SI2,4.28892
3.1151399809800253,-6.788512885974596e-05,N900_RS10650,mbaA,1.4215278516666667,-0.20788,4.767,1h_SI9,1h,SI9,3h_st,3h,st,4.974880000000001
1.9396182641976027,-0.6489591109319013,N900_RS10655,yjjX,1.2749081666666666,-0.18479,4.2971,3h_st,3h,st,3h_SI4,3h,SI4,4.48189
-0.4311801496967078,0.4844122097998118,N900_RS10660,trpR,0.81690325,-0.46735,5.6671,1h_SI5,1h,SI5,6h_SI2,6h,SI2,6.134449999999999
2.079257549816843,-1.9360052986085825,N900_RS10665,sltY,1.2524905166666664,-0.26201,4.4344,1h_st,1h,st,3h_SI3,3h,SI3,4.69641
-2.438077814453407,0.5355604197855399,N900_RS10670,ettA,-0.15026375000000003,-1.9512,2.8951,12h_SI2,12h,SI2,6h_st,6h,st,4.846299999999999
1.723716451557645,-1.501540833376022,N900_RS10675,VC_0697,1.0039942966666666,-0.4473,3.4993,3h_st,3h,st,6h_SI2,6h,SI2,3.9465999999999997
1.8321907104070423,1.75585839844152,N900_RS10680,tyrA,1.0379978183333334,-1.1386,4.8395,1h_SI1,1h,SI1,1h_st,1h,st,5.9781
1.1106100321532901,-2.9182394769069853,N900_RS10685,aroF,1.2231554433333331,-0.30978,4.4271,12h_st,12h,st,3h_SI1,3h,SI1,4.73688
2.820427823638874,1.0810710753231654,N900_RS10690,btsS,1.9919808333333333,0.082042,5.3537,1h_SI7,1h,SI7,6h_st,6h,st,5.2716579999999995
-2.5478601886098975,0.43206751721596415,N900_RS10695,yehT_1,0.48096748333333333,-1.0424,3.3784,6h_ce,6h,ce,3h_SI4,3h,SI4,4.4208
-1.2003660831267704,-0.2588623561145096,N900_RS10700,nagZ,0.09677443333333334,-1.5042,3.0174,6h_SI1,6h,SI1,1h_SI1,1h,SI1,4.521599999999999
0.4094876935129217,-3.968832361802121,N900_RS10705,anmK,0.8871709581666667,-0.79866,3.4368,6h_st,6h,st,1h_SI1,1h,SI1,4.23546
0.45621197817768433,-2.7478234192389945,N900_RS10710,murQ_1,1.3019681,-0.69452,4.5835,6h_SI2,6h,SI2,3h_SI2,3h,SI2,5.27802
1.3804888109807312,-0.4201407376926549,N900_RS10715,nhaP2_2,1.5082248333333332,-0.14598,4.9172,1h_SI7,1h,SI7,6h_SI1,6h,SI1,5.06318
2.6511011805358393,-1.5040948990742498,N900_RS10720,VC_0688,1.461934133333333,-0.79743,4.4822,1h_ce,1h,ce,12h_SI1,12h,SI1,5.27963
1.0573818880072121,-0.1201539752176719,N900_RS10725,carbon starvation protein A,1.2142237999999999,-0.12666,4.0181,3h_SI1,3h,SI1,1h_st,1h,st,4.14476
0.5728914663054852,0.4814778656628311,N900_RS10735,fkpB,1.2847738666666666,-0.17285,4.504,1h_SI3,1h,SI3,3h_SI2,3h,SI2,4.67685
-2.15247638812151,-1.4479682444186515,N900_RS10765,winged helix-turn-helix transcriptional regulator,0.21679090166666662,-1.551,3.4278,6h_SI2,6h,SI2,6h_SI4,6h,SI4,4.9788
0.06705934566470173,-1.0469869337198192,N900_RS10770,nhaR,0.8342503000000001,-0.72356,3.5447,3h_co,3h,co,3h_st,3h,st,4.26826
0.39111029309014533,-0.781578587780869,N900_RS10775,nptA protein,0.8653220833333334,-0.59151,4.5301,6h_SI1,6h,SI1,6h_SI4,6h,SI4,5.12161
1.946843357342014,-1.805275280236673,N900_RS10790,Probable membrane transporter protein HI_0902_BLAST,2.112597333333333,0.48427,4.8625,1h_SI7,1h,SI7,12h_SI3,12h,SI3,4.37823
3.1697216254751863,-0.901177205158114,N900_RS10795,ptsP,1.174593205,-0.58965,4.3913,1h_st,1h,st,3h_SI1,3h,SI1,4.98095
-1.3175592111257275,-1.3152035889209832,N900_RS10800,rppH,-0.37369985000000006,-2.3278,2.4212,3h_SI9,3h,SI9,3h_SI5,3h,SI5,4.749
2.9063015520425717,2.0497410736629966,N900_RS10810,mutH,0.7047311666666667,-0.77214,4.4458,3h_ce,3h,ce,6h_st,6h,st,5.2179400000000005
-2.656119509350142,-0.11315396873220102,N900_RS10815,NADP(H)-dependent aldo-keto reductase,-0.012081716666666641,-1.7543,3.1029,6h_SI2,6h,SI2,3h_SI2,3h,SI2,4.8572
-1.1601387918079813,1.0761533081625267,N900_RS10820,VC_0666,0.28918889833333333,-1.0898,3.9031,6h_SI4,6h,SI4,12h_SI1,12h,SI1,4.9929
2.6534960041165663,0.006820336587181619,N900_RS10825,vpsR,1.4516895,0.13202,4.0584,1h_SI7,1h,SI7,3h_SI1,3h,SI1,3.92638
-1.783971612146417,0.9473117903966878,N900_RS10840,brnQ,0.6420281783333333,-1.4047,4.9276,6h_SI2,6h,SI2,1h_co,1h,co,6.3323
-1.1728983992410877,-0.3377471506538837,N900_RS10845,tRNA1(Val) (adenine(37)-N6)-methyltransferase,0.9199837166666668,-0.6749,3.8528,6h_SI4,6h,SI4,12h_SI3,12h,SI3,4.527699999999999
0.010069263014733654,2.797545223880385,N900_RS10850,srmB,0.9298115916666668,-1.6446,6.8322,3h_SI6,3h,SI6,1h_st,1h,st,8.4768
2.607078369955281,-2.1438011963554002,N900_RS10855,prfC,1.3836478166666666,-0.62836,3.5572,1h_SI4,1h,SI4,12h_SI1,12h,SI1,4.18556
2.4660479647917057,1.1884257817276236,N900_RS10880,VC_2462,-0.6263952333333334,-2.7087,3.6446,1h_SI7,1h,SI7,6h_SI4,6h,SI4,6.3533
-1.1203620646017658,-4.156398702033664,N900_RS10885,flhD,0.7052683333333333,-1.2331,2.7638,3h_SI9,3h,SI9,3h_SI5,3h,SI5,3.9969
-2.994914310446808,-2.809738453833978,N900_RS10890,flhC,0.35851321666666663,-1.0228,4.4179,6h_SI2,6h,SI2,3h_SI6,3h,SI6,5.4407000000000005
-2.691594232489969,0.09089092781747563,N900_RS10895,eexS,0.06437866666666668,-1.6187,3.1684,6h_SI3,6h,SI3,3h_SI5,3h,SI5,4.787100000000001
-1.4088990729233533,-1.4554568495070048,N900_RS10900,trag,0.3459135199999999,-1.6503,3.6511,12h_SI1,12h,SI1,3h_SI1,3h,SI1,5.3014
-7.3210381347735485,1.1098124917171481,N900_RS10905,trah,-0.6339289333333334,-2.5796,1.8534,6h_SI5,6h,SI5,1h_co,1h,co,4.433
-6.515089593712562,-2.4964684244691755,N900_RS10910,dnaJ,-0.5319431,-2.2409,2.2927,12h_SI1,12h,SI1,3h_SI5,3h,SI5,4.5336
2.6438038992838937,-1.9755662243649748,N900_RS10915,xerC_2,0.8439150166666667,-1.1346,4.1703,3h_ce,3h,ce,3h_SI2,3h,SI2,5.3049
-2.8784898203287153,-0.23289944105362825,N900_RS10920,dfrA1,-0.07302023,-2.8517,3.1601,3h_SI9,3h,SI9,3h_SI1,3h,SI1,6.0118
-2.1813986503529756,-2.1212798207260324,N900_RS10925,luxP,0.5767669666666667,-1.5297,3.4293,3h_SI9,3h,SI9,6h_SI2,6h,SI2,4.959
-1.2212961897915715,-3.863193418927225,N900_RS10930,XRE family transcriptional regulator_7,0.4640263666666666,-1.5717,2.7051,6h_SI3,6h,SI3,6h_SI2,6h,SI2,4.2768
2.1566612837255743,-1.2891671825895354,N900_RS10935,VC_A1057,1.2922906666666665,-0.55182,4.4046,3h_SI9,3h,SI9,3h_st,3h,st,4.9564200000000005
1.036237253492402,-3.3052576163486,N900_RS10940,AraC family transcriptional regulator_3,1.0575942833333334,-1.0202,4.7962,3h_SI9,3h,SI9,3h_SI1,3h,SI1,5.8164
-0.15437317362607095,-3.541251657685259,N900_RS10950,bamC,1.07201229,-1.2305,4.1432,3h_SI9,3h,SI9,12h_SI3,12h,SI3,5.3737
-0.9239229578421733,-3.4348146433553364,N900_RS10955,primase,0.19470681666666667,-1.3159,2.75,6h_st,6h,st,3h_SI2,3h,SI2,4.0659
-4.205955930757981,-0.7506253174378832,N900_RS10960,VC_A0025,-0.44036805833333337,-1.7118,2.7622,24h_SI8,24h,SI8,3h_SI1,3h,SI1,4.474
1.3393518042870038,-3.1101180334826584,N900_RS10965,radC_1,1.139460383333333,-1.3263,4.0753,3h_SI9,3h,SI9,6h_ce,6h,ce,5.4016
1.3719399956535394,-2.0781060763847234,N900_RS10970,VC_A0103,1.1032199833333334,-0.88132,4.4139,3h_ce,3h,ce,3h_SI1,3h,SI1,5.29522
-2.057098084885454,0.108049547941313,N900_RS10975,hutI,0.18297694666666672,-1.8268,3.721,6h_SI3,6h,SI3,1h_st,1h,st,5.5478000000000005
2.3771304054521663,-2.1272707121916463,N900_RS10980,cds1,1.1212998833333332,-0.7815,3.3966,3h_SI9,3h,SI9,3h_SI1,3h,SI1,4.1781
0.36741765259471215,-0.8635164982400416,N900_RS10985,hisA,0.1310744666666667,-1.4431,3.467,6h_SI3,6h,SI3,6h_SI4,6h,SI4,4.9101
1.023563120382975,-3.9095564963533103,N900_RS10990,cobS,0.8855663333333333,-0.85332,3.7089,3h_SI9,3h,SI9,3h_SI5,3h,SI5,4.56222
0.5060955718098494,-3.2700145439491766,N900_RS10995,endonuclease,1.0048477166666667,-0.70668,3.9797,6h_SI1,6h,SI1,3h_SI2,3h,SI2,4.68638
-0.27665272314409384,-3.222611001264747,N900_RS11000,bet,0.6475419501666668,-1.7325,4.0806,6h_SI3,6h,SI3,3h_SI4,3h,SI4,5.8130999999999995
-2.1432506730638696,-2.40688884065453,N900_RS11005,ssb_2,0.08018663333333334,-2.0332,3.4911,1h_SI2,1h,SI2,6h_SI4,6h,SI4,5.5243
-3.27153828133338,0.16244298527372447,N900_RS11010,VC_1515,0.5432875566666666,-2.7821,5.2416,3h_SI8,3h,SI8,3h_SI2,3h,SI2,8.0237
-0.6670047521352678,-1.3811178035818743,N900_RS11015,VC_1161,0.19938179499999997,-1.9778,4.4795,3h_SI9,3h,SI9,3h_SI5,3h,SI5,6.4573
2.090896919427622,-0.11347622997742973,N900_RS11020,endA,0.9598541333333331,-0.81182,3.7629,3h_SI9,3h,SI9,3h_st,3h,st,4.57472
-1.274569289994483,-2.0114014105375655,N900_RS11025,AAA family ATPase,0.17454761000000002,-2.0406,3.4274,3h_SI8,3h,SI8,3h_SI2,3h,SI2,5.468
-0.8270794449339913,-3.4618074141146686,N900_RS11030,IS21 family transposase,0.4945107233333333,-1.0302,3.2558,12h_st,12h,st,3h_SI5,3h,SI5,4.286
-5.024334046463629,-1.5512547960068108,N900_RS11035,istB,-0.022486900000000008,-2.0466,3.2871,6h_SI3,6h,SI3,3h_SI5,3h,SI5,5.3337
-1.014981408940458,-0.6802906967695215,N900_RS11040,msbA,0.42484191333333327,-1.1224,3.3014,3h_SI9,3h,SI9,6h_ce,6h,ce,4.4238
0.18219436151481894,-2.170351184086089,N900_RS11045,tran,0.3703949,-1.9857,3.2819,3h_SI9,3h,SI9,6h_ce,6h,ce,5.2676
-2.426295042989772,-4.145911769079321,N900_RS11050,trau,0.7993716833333334,-0.82268,3.9177,6h_SI1,6h,SI1,1h_SI1,1h,SI1,4.74038
0.13954510539031295,-3.2374888903692502,N900_RS11055,VC_1516,0.8947435733333333,-0.61072,3.7938,6h_st,6h,st,24h_st,24h,st,4.40452
-1.0896923313032736,-2.711939686392047,N900_RS11060,TrhF,0.385116995,-1.4562,2.8308,3h_SI9,3h,SI9,6h_SI3,6h,SI3,4.287
1.3089723784964171,-2.6186318963279103,N900_RS11065,VC_2376,0.7568316549999999,-1.0457,3.0839,3h_SI9,3h,SI9,3h_SI4,3h,SI4,4.1296
-3.7562642114249596,-0.8533854204673628,N900_RS11070,traC,0.24507970000000004,-2.6144,5.676,3h_SI9,3h,SI9,6h_ce,6h,ce,8.2904
0.7138583224705908,-2.728237257025451,N900_RS11075,dsbC_2,0.9409200166666666,-0.9583,3.3689,3h_SI9,3h,SI9,3h_SI4,3h,SI4,4.3272
-1.4700305863146463,-2.368092145062851,N900_RS11080,pyrE,0.7017724350000002,-1.4597,4.8093,12h_SI2,12h,SI2,1h_ce,1h,ce,6.269
2.395832258686317,-2.7641493313655,N900_RS11090,VC_0914,1.3756047500000002,-0.80117,4.1443,1h_co,1h,co,3h_SI1,3h,SI1,4.94547
-0.1224412744902259,-1.6845300803829306,N900_RS11095,traV,0.3562886783333334,-1.4982,3.2809,6h_SI3,6h,SI3,3h_SI1,3h,SI1,4.7791
-1.2921608980048376,-0.5480263028575416,N900_RS11100,TraB,0.41557065600000004,-3.1115,3.3778,3h_SI9,3h,SI9,3h_SI3,3h,SI3,6.4893
2.443921134025736,-1.2247660345898415,N900_RS11105,trak,1.0047967166666667,-0.46432,3.9571,1h_st,1h,st,3h_SI2,3h,SI2,4.42142
-3.181813534841977,-0.6599410548457544,N900_RS11110,traE,-0.36308444999999995,-2.1007,3.417,12h_SI1,12h,SI1,3h_SI3,3h,SI3,5.5177
-3.0633322649715793,-1.4061146508399702,N900_RS11115,traL,0.23853293333333328,-1.6225,4.8892,6h_SI3,6h,SI3,6h_ce,6h,ce,6.511699999999999
1.3336029075914366,-2.9125180379788462,N900_RS11120,ompU,1.1509855166666667,-0.7858,5.6872,3h_co,3h,co,3h_SI2,3h,SI2,6.473
-0.18439204346015226,-1.8815827758003252,N900_RS11125,VC_0604,0.2970816966666667,-1.0939,3.7787,3h_st,3h,st,1h_ce,1h,ce,4.8726
-0.6394519293783323,-1.540495959722925,N900_RS11130,VC_0282,-0.008475850000000033,-4.1588,3.8228,3h_SI9,3h,SI9,6h_SI4,6h,SI4,7.9816
1.4507059378733773,-2.9834160545902537,N900_RS11135,VC_A0809,1.0205553333333333,-0.90248,4.2675,3h_SI9,3h,SI9,3h_SI1,3h,SI1,5.16998
-0.47293035909147063,-2.531283125378946,N900_RS11140,traD,1.00224515,-0.90695,4.1156,3h_ce,3h,ce,6h_ce,6h,ce,5.02255
-4.286239389724443,-0.5521018370508327,N900_RS11145,phosphohydrolase,-0.8691008833333332,-3.2622,3.1585,3h_SI9,3h,SI9,3h_SI5,3h,SI5,6.4207
-0.8106015446072914,-3.105313787192365,N900_RS11150,abortive infection protein,0.7563212999999999,-1.1273,3.7936,12h_co,12h,co,6h_SI4,6h,SI4,4.9209
-2.7054016572446202,-3.3099533123369462,N900_RS11155,VC_0667,0.5272332949999999,-1.118,3.2175,3h_SI9,3h,SI9,3h_SI5,3h,SI5,4.3355
0.36025275880238317,-4.1683764663562926,N900_RS11160,brxL,0.7628808399999998,-1.1955,3.9882,3h_co,3h,co,3h_SI1,3h,SI1,5.1837
-5.131650379827512,-2.282832252992224,N900_RS11165,pglz,0.16353048333333334,-3.2612,2.3061,3h_SI9,3h,SI9,6h_SI2,6h,SI2,5.5672999999999995
-3.420882799785982,-2.52585731945068,N900_RS11170,pglX,-0.25527858333333336,-2.1189,2.5951,3h_SI9,3h,SI9,6h_ce,6h,ce,4.714
-0.5590890448881352,-2.435798519587651,N900_RS11175,brxC,0.37765960000000004,-1.2262,3.1377,6h_SI2,6h,SI2,3h_SI3,3h,SI3,4.3639
0.8006785238392551,-1.6461269972852959,N900_RS11180,VC_1161,0.9306839333333333,-0.52056,5.0676,1h_SI9,1h,SI9,12h_st,12h,st,5.588159999999999
-1.337876321936083,0.7152902723715613,N900_RS11185,VC_0104,0.6719444333333332,-2.247,3.8821,3h_SI7,3h,SI7,6h_SI2,6h,SI2,6.129099999999999
-1.7939248223497348,-0.3047373990126606,N900_RS11190,VC_1772,0.1757264333333333,-2.5133,5.013,6h_ce,6h,ce,6h_SI2,6h,SI2,7.5263
2.3952354616935834,-0.9028677263727414,N900_RS11195,VC_0282,0.8564669166666666,-2.1391,5.4384,3h_SI7,3h,SI7,6h_SI3,6h,SI3,7.5775
-2.7903080708846355,-2.4483193262904708,N900_RS11200,dinG_2,0.390201,-1.4555,4.286,6h_SI3,6h,SI3,6h_ce,6h,ce,5.741499999999999
-0.4274212838483673,-0.1129308928101499,N900_RS11205,N900_RS11205,-0.017124316666666643,-1.696,3.8289,12h_co,12h,co,1h_SI1,1h,SI1,5.5249
-0.8824507313195484,-0.8353493869326956,N900_RS11210,umuD,0.3218716666666666,-1.5265,3.3618,6h_SI9,6h,SI9,3h_SI1,3h,SI1,4.8883
-2.316579868429654,-1.2043840568251465,N900_RS11215,umuC_1,0.5680259333333333,-2.2915,5.7718,3h_SI9,3h,SI9,3h_SI5,3h,SI5,8.0633
-4.599534934590711,-2.7164967596466862,N900_RS11220,Pseudogene_N900_RS11220,0.0058024916666666515,-1.7917,3.5259,12h_SI1,12h,SI1,6h_ce,6h,ce,5.3176000000000005
-3.730791173981265,-1.7844611526198602,N900_RS11240,sul2,0.3587276316666666,-2.8474,5.2731,3h_SI9,3h,SI9,6h_SI4,6h,SI4,8.1205
-1.0950324031160703,-1.3297447806202307,N900_RS11245,aph(3'')-Ib,0.9340811833333335,-2.5152,5.3371,3h_co,3h,co,6h_SI5,6h,SI5,7.8523000000000005
-2.060341335632827,-1.578566154528522,N900_RS11250,aph(6)-Id,0.23845505000000003,-2.2441,3.2135,3h_SI9,3h,SI9,6h_SI2,6h,SI2,5.457599999999999
-0.36074495635506487,-0.1915316442475955,N900_RS11255,IS91 family transposase_2,0.7403684833333333,-3.4393,5.9474,6h_SI9,6h,SI9,6h_SI1,6h,SI1,9.3867
-0.9107892150127666,-2.005472513881388,N900_RS11260,hdfR_2,0.7174962166666667,-1.5459,3.6684,3h_SI9,3h,SI9,6h_SI2,6h,SI2,5.2143
0.9680596970045432,-3.491451367861336,N900_RS11265,floR,1.250525785,-0.82962,4.0416,3h_ce,3h,ce,6h_SI4,6h,SI4,4.87122
0.09669737895870467,-3.618603952204323,N900_RS11270,VC_A0093,0.6969896833333333,-1.5257,5.4293,1h_ce,1h,ce,6h_ce,6h,ce,6.955
-2.9330052551662416,-0.9730485376652351,N900_RS11275,IS91 family transposase_1,-0.5008872333333334,-3.0995,3.0019,6h_SI3,6h,SI3,3h_SI6,3h,SI6,6.1014
0.44022060729245727,-3.379059778462832,N900_RS11280,VC_0618,0.7756658333333332,-2.7059,3.7369,1h_SI2,1h,SI2,6h_SI3,6h,SI3,6.4428
-1.9632357457393113,1.40254011698875,N900_RS11290,Pseudogene_N900_RS11290,-0.13219623333333338,-2.2336,3.5675,6h_SI3,6h,SI3,3h_st,3h,st,5.8011
-0.3766001880639771,-1.6545550142053431,N900_RS11295,umuC,0.9131930833333332,-1.6022,5.423,3h_SI9,3h,SI9,6h_SI4,6h,SI4,7.0252
-1.6121750653440245,-0.7771828633207996,N900_RS11300,mobI,0.7857823283333333,-1.8584,5.2343,12h_SI2,12h,SI2,1h_st,1h,st,7.092700000000001
-3.781263604435981,0.06280783275994484,N900_RS11305,stba,-0.11495016166666666,-2.6781,3.8477,12h_SI3,12h,SI3,3h_SI4,3h,SI4,6.5258
-4.70470324762427,-1.9362271981779369,N900_RS11310,VC_1059,-0.21236947999999997,-3.1601,2.5978,12h_SI3,12h,SI3,3h_SI3,3h,SI3,5.757899999999999
-3.7003153804649997,-2.690841193808245,N900_RS11315,intS,0.7595861166666665,-2.2363,4.8359,3h_SI8,3h,SI8,3h_SI4,3h,SI4,7.0722
-3.8406606590186403,-1.8083866540140376,N900_RS11320,DNA mismatch repair protein,-0.2628999,-2.3588,2.6514,3h_SI9,3h,SI9,3h_SI1,3h,SI1,5.0102
-1.5947706314057701,-0.880364152471623,N900_RS11325,VC_1785,0.8329015333333334,-1.8112,3.0855,1h_SI3,1h,SI3,12h_ce,12h,ce,4.8967
2.0628662300319647,-0.2771262386287646,N900_RS11335,rimI,0.7165899666666669,-0.92957,3.7404,12h_SI7,12h,SI7,6h_st,6h,st,4.66997
1.2576133388230453,-0.60462145865376,N900_RS11345,N-acetyltransferase_2,0.6777983716666667,-0.76552,2.5645,3h_st,3h,st,6h_st,6h,st,3.3300199999999998
1.8333319228391138,-0.7905299496376947,N900_RS11350,ubiT,0.7682211333333334,-0.79351,4.3221,24h_ce,24h,ce,12h_SI2,12h,SI2,5.11561
-0.024760082179734688,-2.51683216573519,N900_RS11355,bifunctional diguanylate cyclase/phosphodiesterase_1,1.0255627166666668,-1.0724,4.7961,12h_SI1,12h,SI1,6h_ce,6h,ce,5.8685
-0.4992270858260852,-2.044562094759651,N900_RS11360,ubiU,1.3526538499999998,-0.17479,5.0211,3h_SI7,3h,SI7,3h_SI1,3h,SI1,5.1958899999999995
-1.1321408106206006,0.22289637414587304,N900_RS11365,ubiV,0.5041685383333333,-0.6813,3.3282,24h_SI9,24h,SI9,12h_st,12h,st,4.0095
0.9734658671263627,-0.9480398010421027,N900_RS11370,vcrM,0.5481061,-0.82664,3.5557,6h_st,6h,st,1h_SI1,1h,SI1,4.38234
-2.9681703263751626,-0.09288549332925322,N900_RS11375,MarR family transcriptional regulator,0.18604213333333333,-1.167,3.8233,6h_SI2,6h,SI2,1h_st,1h,st,4.9903
2.8797019363507497,-1.2114155723040967,N900_RS11380,nlpI,1.488447673333333,0.0061314,4.8711,1h_st,1h,st,3h_SI3,3h,SI3,4.8649686
2.89021293177892,3.0647046449727164,N900_RS11385,pnp,-0.14163663333333334,-2.1293,1.9821,6h_SI9,6h,SI9,12h_st,12h,st,4.1114
-2.109657119859501,0.9209742258829297,N900_RS11395,truB,0.04667620000000002,-1.7416,3.19,24h_st,24h,st,3h_SI5,3h,SI5,4.9315999999999995
2.8613483170080656,3.262355445515203,N900_RS11430,secG,1.2341169166666668,-0.6641,3.4362,12h_SI7,12h,SI7,12h_st,12h,st,4.1003
-0.18921865255523995,2.7531952380187064,N900_RS11435,VC_A0889,0.32805064999999994,-2.0322,6.2006,12h_SI8,12h,SI8,3h_st,3h,st,8.2328
-3.389836088516164,-2.865448644727889,N900_RS11445,folP,0.7216085,-1.9575,4.5381,3h_ce,3h,ce,3h_SI7,3h,SI7,6.4956
1.9700891734113908,-0.712897751834001,N900_RS11455,rlmE,1.9470026833333336,-0.38865,6.8332,1h_SI9,1h,SI9,3h_SI3,3h,SI3,7.22185
0.35481804065522926,-1.3969150492304812,N900_RS11460,yhbY,0.73854215,-1.0584,4.8511,24h_st,24h,st,3h_SI1,3h,SI1,5.9094999999999995
-0.9837581456363571,1.9696046299658316,N900_RS11465,greA,-0.6119901666666666,-2.6665,3.2793,6h_SI6,6h,SI6,3h_st,3h,st,5.9458
-1.232181332830965,-1.0507302953326205,N900_RS11470,ompU,0.24356096666666663,-1.8703,5.7852,6h_SI7,6h,SI7,6h_ce,6h,ce,7.6555
-0.8843273243695111,2.8920323918706794,N900_RS11475,dacB,0.1873114583333333,-1.2632,3.9761,6h_SI4,6h,SI4,3h_st,3h,st,5.2393
-2.461699538243744,0.5249852456210367,N900_RS11485,mepM_1,0.43393998333333333,-1.7377,4.0216,12h_SI3,12h,SI3,3h_SI1,3h,SI1,5.7593000000000005
1.673427531280435,-1.6096141970839801,N900_RS11490,vexF,0.8748146966666667,-0.27457,3.6229,3h_ce,3h,ce,6h_SI4,6h,SI4,3.89747
1.0329025590384253,-0.8183668139241265,N900_RS11495,vexE,0.5318065166666667,-1.437,3.0889,6h_ce,6h,ce,6h_SI1,6h,SI1,4.5259
0.8359166848280659,0.3940000734824112,N900_RS11520,ydiK,1.4365480666666668,-0.26938,6.1358,12h_co,12h,co,3h_st,3h,st,6.40518
-0.7442766366398033,1.1670747860739659,N900_RS11525,rsmC,0.540483875,-1.1305,3.4687,12h_SI2,12h,SI2,6h_st,6h,st,4.5992
2.849691440944219,1.0988525422560596,N900_RS11530,chiS,1.7821418833333333,-0.28694,6.967,1h_SI9,1h,SI9,3h_st,3h,st,7.25394
1.9871201016001763,-1.8694337553705074,N900_RS11540,ABC transporter substrate-binding protein_1,1.7118004216666667,-0.070524,5.0378,1h_SI4,1h,SI4,3h_SI4,3h,SI4,5.108324
0.9847571091057858,0.7496738035216525,N900_RS11545,dppB_1,0.9301993283333335,-0.29071,4.0113,24h_ce,24h,ce,1h_SI1,1h,SI1,4.30201
2.041567200777055,-0.014931480620397675,N900_RS11550,dppC_1,1.141398065,-0.14489,4.136,1h_st,1h,st,3h_SI3,3h,SI3,4.28089
1.4823437783138242,1.014431115901079,N900_RS11555,oppD_2,0.729604515,-1.2926,3.4128,6h_SI1,6h,SI1,6h_SI2,6h,SI2,4.7054
2.040581842576983,-0.7162695929399896,N900_RS11560,oppF_2,1.0883238000000002,-0.51393,3.626,3h_st,3h,st,6h_ce,6h,ce,4.13993
0.6810373176212776,-0.1964617448090561,N900_RS11565,endoglucanase-related protein,1.0442921216666667,-0.35636,4.08,3h_SI2,3h,SI2,12h_SI1,12h,SI1,4.4363600000000005
-0.49866322795292195,1.7166578493112725,N900_RS11570,N-acetylglucosamine kinase,0.5660081333333333,-0.80606,3.7502,6h_SI2,6h,SI2,12h_SI2,12h,SI2,4.55626
0.971689363405936,0.026148099115666068,N900_RS11575,exoI,1.1304218678333335,-0.55596,4.2149,6h_SI1,6h,SI1,3h_SI2,3h,SI2,4.77086
0.5542606451565963,-1.9340524097740306,N900_RS11580,chbP,1.3268606500000002,0.016635,4.1511,1h_st,1h,st,3h_SI1,3h,SI1,4.134465
-0.883195189991012,1.863547875593042,N900_RS11585,pgm_2,0.4473405000000001,-1.023,3.6459,6h_SI2,6h,SI2,6h_st,6h,st,4.6689
-0.5926853494568181,-1.89571064136517,N900_RS11590,phnT,0.4768266499999999,-0.89281,3.835,1h_SI3,1h,SI3,3h_SI4,3h,SI4,4.72781
-0.24177132770579446,0.9761620639229683,N900_RS11595,iron ABC transporter permease,1.1794793333333333,-0.4946,5.6789,6h_SI4,6h,SI4,6h_SI2,6h,SI2,6.1735
1.010421345277698,-1.5833482184368433,N900_RS11600,futA1,1.7091546666666666,-0.30385,4.5864,6h_SI2,6h,SI2,6h_SI3,6h,SI3,4.89025
-0.4665764198240505,-1.167175384633065,N900_RS11605,amtB,0.7412594666666664,-0.90026,4.4851,1h_co,1h,co,6h_st,6h,st,5.38536
-2.7699559975502153,-3.3862411522651596,N900_RS11610,glnK,0.5776848833333332,-1.415,3.4206,6h_SI3,6h,SI3,6h_SI4,6h,SI4,4.8355999999999995
-2.1583980188922447,0.6448602729508744,N900_RS11615,VC_0605_BLAST,1.4353772,-0.14216,4.7614,1h_SI6,1h,SI6,1h_st,1h,st,4.90356
-3.3056925861906135,-0.42075136176888117,N900_RS11625,VC_0603,0.50280315,-1.4968,2.8463,1h_SI1,1h,SI1,12h_SI4,12h,SI4,4.3431
-1.9903534453021048,0.16140054365405124,N900_RS11630,mrcB,0.8189544150000002,-0.90433,6.8745,12h_SI5,12h,SI5,6h_ce,6h,ce,7.77883
-0.3651866660034888,2.5899745246374075,N900_RS11635,hrpB,0.8737626166666667,-0.77577,4.1637,12h_SI1,12h,SI1,6h_st,6h,st,4.93947
1.2717745834508092,-1.503176616432957,N900_RS11640,alpha/beta fold hydrolase,1.3907387333333332,-0.095477,4.0934,1h_SI4,1h,SI4,6h_ce,6h,ce,4.188877
1.6072138932418447,-2.173222821380205,N900_RS11645,sfsA,1.6287509999999998,-0.0844,4.7543,6h_SI1,6h,SI1,3h_SI2,3h,SI2,4.838699999999999
-0.3543603980939567,2.773866347487177,N900_RS11650,dksA,-0.6837417666666668,-3.3345,4.4346,12h_SI7,12h,SI7,3h_SI1,3h,SI1,7.7691
0.05817392678236688,-3.62765987921973,N900_RS11655,gluQ,0.35454593333333334,-1.4418,3.3399,3h_ce,3h,ce,6h_SI4,6h,SI4,4.7817
-4.6490447895158855,1.0600920676839862,N900_RS11660,pcnB,-0.4751530666666667,-1.9861,3.5733,6h_SI9,6h,SI9,1h_SI1,1h,SI1,5.5594
2.9428628765137113,3.2088881143295556,N900_RS11670,panB,1.5657910245000002,-0.33155,3.7753,6h_SI9,6h,SI9,12h_st,12h,st,4.10685
1.6317530333097778,0.868675334306409,N900_RS11680,yadH,1.3435966833333337,-0.18037,5.3269,3h_st,3h,st,1h_st,1h,st,5.50727
-0.46616306537211516,1.2087073785681133,N900_RS11685,yadG,0.14431200000000002,-2.3245,4.4436,24h_co,24h,co,1h_st,1h,st,6.7681000000000004
0.8467824596551634,-1.310569756133674,N900_RS11690,bicA,1.1506193333333334,-0.56165,4.503,3h_co,3h,co,6h_SI3,6h,SI3,5.06465
0.8592772352298241,-0.5035133183624493,N900_RS11695,can,1.3775162499999998,-0.06242,7.6722,1h_SI5,1h,SI5,6h_SI2,6h,SI2,7.7346200000000005
-1.4545949389144819,-1.4829369732131747,N900_RS11700,hpt,1.5229344333333332,-0.86048,6.4038,1h_SI9,1h,SI9,3h_SI5,3h,SI5,7.26428
1.4682965510589527,-2.1828979411380445,N900_RS11705,luxR_2,0.39888312666666664,-1.8961,2.5471,3h_co,3h,co,3h_st,3h,st,4.4432
-1.8235689690676464,-1.1553921268492973,N900_RS11710,rsmI,1.0247642666666663,-1.9176,4.733,1h_SI2,1h,SI2,12h_SI2,12h,SI2,6.6506
0.528009473606315,-2.2829756902662703,N900_RS11720,VC_0580_BLAST,0.6018302149999999,-0.72479,3.6509,3h_ce,3h,ce,3h_SI5,3h,SI5,4.3756900000000005
-2.8819514163783007,-1.8166151892509839,N900_RS11730,"hemolysin, putative",0.34773906666666665,-1.3334,3.485,12h_SI3,12h,SI3,12h_SI1,12h,SI1,4.8184
-2.004234219855782,3.159334473021821,N900_RS11735,sspB,0.004116381,0.00015513,0.1701,6h_SI4,6h,SI4,3h_st,3h,st,0.16994487
2.577566244803739,3.3517869133216736,N900_RS11740,sspA,-0.18932468333333333,-2.2321,1.8793,6h_SI9,6h,SI9,12h_st,12h,st,4.1114
-0.7934647487065769,-0.6936409965041908,N900_RS11745,petC,0.5367015500000001,-1.3614,4.7894,12h_SI4,12h,SI4,3h_SI5,3h,SI5,6.150799999999999
0.1269095450907276,0.11346213246466516,N900_RS11750,petB,0.6059557166666667,-0.77517,5.8614,3h_ce,3h,ce,3h_SI2,3h,SI2,6.63657
1.9426938709820183,-1.6512520917780054,N900_RS11755,petA,1.9104570000000003,-0.21143,6.4559,1h_ce,1h,ce,3h_SI3,3h,SI3,6.66733
-0.3613297434007019,-0.47259560963373537,N900_RS11775,zape,1.3833771116666667,-0.17811,4.9922,6h_SI1,6h,SI1,3h_SI6,3h,SI6,5.170310000000001
-2.2482312354398273,-2.5187275307291235,N900_RS11780,yhcB,1.2422961466666669,-0.8034,4.7086,12h_SI3,12h,SI3,3h_SI5,3h,SI5,5.512
2.305954033500724,1.716911717072877,N900_RS11785,degq,1.0294063833333333,-0.6589,4.9388,1h_SI8,1h,SI8,3h_st,3h,st,5.5977
-0.5830313345273788,-0.7636592767917363,N900_RS11820,ypjd,1.3904863333333333,0.12162,5.9161,1h_SI3,1h,SI3,6h_SI2,6h,SI2,5.79448
2.426822551804058,0.02487213996295007,N900_RS11825,yfjD,1.4441245,0.10797,4.3258,6h_SI9,6h,SI9,3h_st,3h,st,4.21783
1.7177814335013872,-2.895631896191995,N900_RS11830,luxS,1.0175730666666667,-0.44166,3.6241,3h_ce,3h,ce,3h_SI2,3h,SI2,4.06576
1.5178149639164102,3.2752669913930634,N900_RS11835,gshA,-0.44144265833333335,-2.825,2.9004,12h_SI5,12h,SI5,3h_SI4,3h,SI4,5.7254000000000005
-0.12488860489835174,0.5226517371392001,N900_RS11840,"protease, insulinase family/protease, insulinase family",0.6065100966666667,-1.5355,5.5726,24h_st,24h,st,3h_SI1,3h,SI1,7.1081
-1.2818414365925008,0.00013858611192707482,N900_RS11845,yqaA,0.9750936166666666,-0.66597,4.653,6h_SI1,6h,SI1,3h_SI3,3h,SI3,5.318969999999999
1.9039960869542094,0.8602301533625415,N900_RS11850,qorA,0.8281166333333333,-0.76929,3.9372,6h_SI9,6h,SI9,1h_SI1,1h,SI1,4.70649
1.8499754968439017,2.4178996982243537,N900_RS11855,gcdB,0.8656984216666668,-0.72505,4.5453,1h_ce,1h,ce,3h_SI2,3h,SI2,5.2703500000000005
-0.058550700322485216,1.7588185638369669,N900_RS11860,oadA_2,0.8026132004999998,-0.71938,4.3263,12h_SI8,12h,SI8,12h_SI3,12h,SI3,5.04568
-0.11682125176999625,1.7132148537121237,N900_RS11865,oadG_2,-0.5637307500000001,-3.0349,5.9671,6h_co,6h,co,3h_SI3,3h,SI3,9.002
-1.8594546439635717,-1.820614789618297,N900_RS11870,gsk,1.4324745166666668,-0.030792,5.8391,1h_SI3,1h,SI3,3h_SI1,3h,SI1,5.869892
2.887253786782277,3.245822748796421,N900_RS11915,csrA,1.956721738333333,-0.0069357,4.0951,12h_SI7,12h,SI7,12h_st,12h,st,4.1020357
2.642861518451201,2.349007137520134,N900_RS11920,aspartate kinase,-1.4220750666666668,-3.7267,1.6337,12h_SI7,12h,SI7,24h_SI3,24h,SI3,5.3604
-0.36509779433328315,2.2626200640146026,N900_RS11930,recX,0.15693010666666668,-1.5016,3.2047,3h_SI1,3h,SI1,1h_st,1h,st,4.7063
0.40062324246666137,-1.1774798727068374,N900_RS11940,pncC,1.0401374295,-0.5807,4.2121,6h_st,6h,st,1h_SI1,1h,SI1,4.792800000000001
-1.438657321870094,2.392123833904815,N900_RS11945,cysA,0.027563633333333348,-2.9321,3.6994,3h_SI7,3h,SI7,24h_SI1,24h,SI1,6.6315
-0.11970133129802374,-0.5669197796800206,N900_RS11950,cysW,0.6169745999999999,-1.1588,3.6159,24h_st,24h,st,3h_SI5,3h,SI5,4.7747
2.862315786416195,-2.2109293034792366,N900_RS11955,cysT,1.2042910166666665,-0.78788,3.8831,1h_SI8,1h,SI8,3h_SI4,3h,SI4,4.67098
2.4561668024435948,-0.5324149547215614,N900_RS11960,cysP,1.090019283333333,-0.80178,4.1512,1h_SI9,1h,SI9,12h_SI1,12h,SI1,4.95298
1.471083596636526,-0.8170731954102242,N900_RS11965,cysM,1.3077583333333331,-0.2429,4.0691,6h_st,6h,st,3h_SI2,3h,SI2,4.311999999999999
0.16773657349278404,0.5191718655925671,N900_RS11970,mutS,0.27195773333333334,-1.1665,4.0083,6h_SI4,6h,SI4,6h_SI1,6h,SI1,5.1748
0.8452673901515073,1.391686669045484,N900_RS11975,rpoS,0.007977199536666665,8.9212e-06,0.074347,6h_SI7,6h,SI7,12h_SI2,12h,SI2,0.0743380788
1.5139657991436808,0.06420727955360589,N900_RS11980,nlpD,0.054612666666666684,-2.3101,3.1143,6h_co,6h,co,6h_SI2,6h,SI2,5.4244
0.517550137696789,0.3388400190387533,N900_RS11985,pcm,1.1428209216666663,-0.36892,5.0451,1h_SI8,1h,SI8,12h_SI1,12h,SI1,5.41402
-0.8111526217905434,-1.168444582438184,N900_RS11990,SurE,1.1178273833333336,-0.48004,4.2969,6h_SI2,6h,SI2,3h_SI5,3h,SI5,4.77694
2.0700415675788433,-0.46591428634747245,N900_RS11995,truD,1.164935333333333,-0.26635,5.0866,3h_SI4,3h,SI4,12h_SI1,12h,SI1,5.35295
2.3576833863905593,-0.11499660937952949,N900_RS12015,uppP,1.5813912833333332,-0.24729,5.3994,1h_SI5,1h,SI5,3h_st,3h,st,5.6466899999999995
0.011023836748957905,2.4784054970289358,N900_RS12020,folK_1,1.362576411666667,-0.4071,5.3709,24h_SI3,24h,SI3,3h_st,3h,st,5.778
0.26353004271788283,0.3088082812444229,N900_RS12030,plsY,0.6914786216666667,-0.44504,4.1084,3h_SI2,3h,SI2,6h_SI2,6h,SI2,4.553439999999999
-1.4698595080846746,1.8130604677961484,N900_RS12035,catD,0.38159421666666665,-1.7352,4.0573,3h_SI6,3h,SI6,12h_st,12h,st,5.7924999999999995
-3.9321134792108223,-3.2485397951955965,N900_RS12070,intA_4,0.24608109999999994,-2.2371,3.379,6h_SI3,6h,SI3,3h_SI1,3h,SI1,5.616099999999999
1.6024113402493585,-0.2855412912689832,N900_RS12080,pctB_2,1.1769728666666668,-0.6379,4.0597,1h_co,1h,co,3h_SI3,3h,SI3,4.6976
-2.8695514440703196,1.769177372751675,N900_RS12085,AraC family transcriptional regulator_2,-0.2663631473333333,-3.6079,3.9562,6h_co,6h,co,3h_SI1,3h,SI1,7.5641
-1.2307909585066752,-3.6766363837359033,N900_RS12100,VC_0494,0.4585875716666667,-2.2633,3.3344,6h_SI3,6h,SI3,3h_SI2,3h,SI2,5.5977
-0.8009021523861932,-1.6093022078064276,N900_RS12105,marr_1,0.4016765016666666,-2.5465,5.0937,3h_SI9,3h,SI9,3h_SI2,3h,SI2,7.6402
-1.8316144690448946,-0.7908836325769912,N900_RS12110,VC_0492,0.6395312166666667,-1.4431,3.9451,12h_SI1,12h,SI1,3h_SI2,3h,SI2,5.3882
-3.516812972615857,-0.4303326866864675,N900_RS12115,VC_0491,0.4655182413333333,-1.8074,4.0393,3h_SI8,3h,SI8,6h_SI2,6h,SI2,5.8467
0.8844911971082876,-2.571128307755594,N900_RS12120,VC_0490,0.6790785166666666,-1.4711,4.7625,3h_SI9,3h,SI9,6h_SI2,6h,SI2,6.2336
0.7312486845165838,-0.23648285672207559,N900_RS12125,GNAT family N-acetyltransferase_1,1.0189325233333333,-0.54972,4.5153,3h_SI2,3h,SI2,3h_SI1,3h,SI1,5.06502
1.1250215593725121,1.1296729045947922,N900_RS12130,ABC transporter substrate-binding protein_4,0.652749545,-0.80722,3.8322,6h_SI6,6h,SI6,3h_st,3h,st,4.639419999999999
2.0724113801959136,2.791562113829476,N900_RS12135,glmS,1.9236674999999999,-0.38225,4.3466,1h_SI5,1h,SI5,24h_SI1,24h,SI1,4.7288499999999996
-0.04758805821903467,-2.3421335783995434,N900_RS12140,DeoR/GlpR transcriptional regulator,0.8222112833333335,-0.76753,4.1596,3h_SI1,3h,SI1,6h_SI2,6h,SI2,4.92713
2.4903157580695776,2.8345414180842017,N900_RS12145,pykF,0.74978065,-1.1644,4.8546,12h_SI7,12h,SI7,12h_SI2,12h,SI2,6.019
-1.1100957977914971,1.6052384870714385,N900_RS12150,oxidative stress defense protein,0.8405812616666667,-0.82748,4.5271,6h_SI2,6h,SI2,3h_st,3h,st,5.35458
2.4879268739234384,-0.9033897021397681,N900_RS12155,argp,1.0092669199999997,-0.31481,3.2016,1h_st,1h,st,3h_st,3h,st,3.51641
2.7923314607518135,-2.260657254066243,N900_RS12160,argO,1.53956565,-0.24221,4.3574,1h_st,1h,st,6h_SI3,6h,SI3,4.59961
1.193887534271406,-0.7642748538208186,N900_RS12165,mscS_1,0.6642715,-1.5732,4.6295,6h_co,6h,co,6h_SI3,6h,SI3,6.2027
-2.238566481327445,4.131477942747631,N900_RS12185,epd,-0.6802761333333333,-2.8585,4.4514,6h_SI5,6h,SI5,3h_st,3h,st,7.309899999999999
0.21647319558857614,-0.8824390807634357,N900_RS12190,cirA,0.687292125,-0.75437,2.9222,6h_st,6h,st,3h_SI5,3h,SI5,3.67657
1.9640922571204236,-0.5114706599985905,N900_RS12195,irgB,1.7818820666666662,-0.053536,4.656,1h_SI6,1h,SI6,6h_st,6h,st,4.709536
-0.7529924297221386,1.9828558452191856,N900_RS12200,Pseudogene_N900_RS12200,-0.24520380000000006,-3.9505,3.8975,6h_SI7,6h,SI7,3h_SI3,3h,SI3,7.848
-2.0659609017023106,-1.3561597591172718,N900_RS12215,sprt,1.193258966666667,-0.74465,4.6072,12h_SI3,12h,SI3,6h_SI2,6h,SI2,5.35185
2.852117827201794,0.3697549471212379,N900_RS12220,xds_2,2.2866675,0.2404,5.9964,1h_ce,1h,ce,3h_SI4,3h,SI4,5.756
2.91957064757025,0.060363151971108475,N900_RS12225,rsmE,1.0057010160000002,-0.35504,3.3369,12h_SI7,12h,SI7,12h_SI2,12h,SI2,3.6919399999999998
1.028984171874768,0.8652398550400561,N900_RS12230,gshB,-0.3211530633333333,-2.057,3.4829,6h_SI7,6h,SI7,3h_SI4,3h,SI4,5.539899999999999
2.149259059409994,-2.3958628938331956,N900_RS12235,VC_0467_BLAST,1.4714087166666667,-0.35877,4.8944,3h_SI9,3h,SI9,6h_SI4,6h,SI4,5.25317
1.0347519755922079,0.023087015229663888,N900_RS12245,tyrS,0.9097579533333333,-0.35307,3.2646,3h_st,3h,st,6h_st,6h,st,3.6176700000000004
0.9754490524388792,1.05950016442145,N900_RS12250,luxR_1,1.0244690333333333,-0.47275,4.1515,3h_SI4,3h,SI4,6h_st,6h,st,4.62425
0.7825376909843076,-0.9786690890972076,N900_RS12255,pilT_1,1.3544023866666668,-0.026827,4.1113,3h_SI2,3h,SI2,12h_SI1,12h,SI1,4.138127
-4.035594678452426,-0.5192488784414272,N900_RS12260,pilT_2,0.2565712333333333,-1.4659,3.4509,12h_SI4,12h,SI4,6h_SI3,6h,SI3,4.9168
1.5187102443081093,-0.001228447804709043,N900_RS12265,yggs,1.0870463883333334,-0.039687,4.0291,3h_SI8,3h,SI8,3h_st,3h,st,4.0687869999999995
-1.2064645965468377,-0.555231522824995,N900_RS12270,proC,1.3030324349999998,-0.37789,6.167,1h_SI9,1h,SI9,6h_SI3,6h,SI3,6.54489
0.758605505220801,-0.4524941070341104,N900_RS12275,yggt,0.8389598166666665,-0.621,5.2255,6h_st,6h,st,3h_SI4,3h,SI4,5.846500000000001
-1.4423496135753926,-0.5138993632042134,N900_RS12280,VC_0458_BLAST,-0.10090591666666665,-1.8121,2.9802,6h_SI1,6h,SI1,6h_ce,6h,ce,4.7923
-2.259329706671095,3.463698765263663,N900_RS12285,VC_0457,0.0027146426351666664,-8.333e-06,0.11933,12h_SI8,12h,SI8,3h_st,3h,st,0.119338333
3.344169990310844,-1.496654888988697,N900_RS12290,rdgB,1.2281360000000001,-1.4592,4.3124,1h_SI6,1h,SI6,3h_st,3h,st,5.7716
-3.060266526203101,1.880699985656871,N900_RS12295,hemW,-0.054961828333333365,-1.7602,4.1977,12h_SI2,12h,SI2,3h_SI2,3h,SI2,5.9579
-2.949132517860249,-3.343970918011603,N900_RS12300,glsA2,0.12857324999999997,-2.71,3.1653,3h_SI9,3h,SI9,3h_SI5,3h,SI5,5.875299999999999
0.848923296061594,-1.3038235000731337,N900_RS12305,trmB,1.2589885333333333,-0.12662,5.4469,1h_SI5,1h,SI5,6h_SI2,6h,SI2,5.57352
-0.516720850915998,-0.9889989077840815,N900_RS12310,mutY,0.9734832,-0.51149,4.339,3h_SI4,3h,SI4,1h_ce,1h,ce,4.850490000000001
-0.2248085534113593,-0.19847452108141883,N900_RS12315,yggX,0.3632811,-1.9722,3.7623,6h_co,6h,co,12h_st,12h,st,5.734500000000001
-5.189860076108286,-1.1686357836168193,N900_RS12320,mltC,-0.6058199908333334,-2.6945,1.9164,6h_SI2,6h,SI2,12h_SI3,12h,SI3,4.6109
2.699773980649126,0.31647792457917207,N900_RS12345,mcpP_2,1.5108900166666666,-0.066869,4.2303,3h_co,3h,co,3h_SI4,3h,SI4,4.297168999999999
-1.6488808905280539,0.48377502611658785,N900_RS12365,djlA,0.5443349666666665,-1.1718,3.8828,6h_SI1,6h,SI1,3h_st,3h,st,5.0546
1.5363045544090381,2.7348830449929755,N900_RS12385,rsmA,-0.2606076666666667,-2.5123,3.7107,12h_SI7,12h,SI7,12h_SI3,12h,SI3,6.223000000000001
0.6955778816526355,1.3875660946292445,N900_RS12390,apaG,1.8158829500000002,-0.064464,5.9155,1h_SI9,1h,SI9,6h_SI1,6h,SI1,5.979964
-1.762493020803184,0.05622036540323122,N900_RS12395,apaH,0.5097322,-1.9641,3.7598,6h_ce,6h,ce,3h_SI5,3h,SI5,5.7238999999999995
0.11346174499987871,-2.2316571357304364,N900_RS12400,folA,0.6763601633333333,-0.71006,2.9171,3h_SI4,3h,SI4,1h_SI1,1h,SI1,3.62716
1.2909160889709081,0.381737157104348,N900_RS12405,yjjB_BLAST,1.3634694666666667,-0.27374,5.0767,1h_SI8,1h,SI8,3h_SI2,3h,SI2,5.35044
1.5265860555986412,-0.848803405688183,N900_RS12410,Probable succinate transporter subunit YjjP_BLAST,1.4781493333333335,-0.32817,4.7218,3h_SI1,3h,SI1,3h_SI4,3h,SI4,5.04997
1.6140352946955394,1.1949027307029443,N900_RS12435,Pseudogene_N900_RS12435,1.4613994166666666,0.059225,4.1261,1h_SI4,1h,SI4,12h_SI1,12h,SI1,4.0668750000000005
1.7814869892125644,-3.440532173817067,N900_RS12445,mdh,1.0148447833333332,-1.5427,4.2508,1h_SI2,1h,SI2,6h_ce,6h,ce,5.7935
0.42058472795174673,-0.390874733168484,N900_RS12450,argR,1.1811901333333332,-0.94403,5.6317,6h_SI6,6h,SI6,6h_SI3,6h,SI3,6.57573
1.1552352486444404,-0.7501183574909387,N900_RS12455,C4-dicarboxylate ABC transporter substrate-binding protein_1,1.7782863333333334,0.22817,5.1035,3h_SI5,3h,SI5,6h_SI1,6h,SI1,4.87533
-0.183099422417079,-0.22055997365753666,N900_RS12460,dctM_1,1.02494075,-0.76844,4.3549,6h_SI2,6h,SI2,12h_SI1,12h,SI1,5.12334
0.23276293925631464,-1.3754866180691865,N900_RS12465,uspF,1.3782087166666668,-0.47727,4.6599,1h_ce,1h,ce,3h_st,3h,st,5.13717
-3.1629146948215237,0.4905002493170279,N900_RS12470,VC_0426,1.0900017999999998,-0.32104,4.2663,12h_SI1,12h,SI1,6h_SI3,6h,SI3,4.58734
2.422249365196927,1.3976915057449708,N900_RS12475,VC_0425,0.7616366166666667,-0.55865,4.1727,12h_SI7,12h,SI7,3h_st,3h,st,4.73135
0.49514103575552904,2.3095588177123085,N900_RS12480,rraB,-0.45777685,-2.0647,3.6876,6h_SI5,6h,SI5,6h_st,6h,st,5.7523
1.6071969691901034,2.512093721407924,N900_RS12485,arcA_1,0.7896804666666668,-0.28927,4.4112,3h_ce,3h,ce,6h_SI2,6h,SI2,4.70047
0.4802041343015562,-1.6453397075189227,N900_RS12490,tldD,1.4758316333333332,0.052138,4.5198,1h_SI9,1h,SI9,3h_SI4,3h,SI4,4.467662
0.6314779044117511,1.5748230090413384,N900_RS12495,nit1,1.1008344866666666,-0.37815,5.2266,6h_SI8,6h,SI8,6h_SI4,6h,SI4,5.60475
-0.6493342566301896,-1.3676749928574263,N900_RS12500,VC_0420,0.21488250000000003,-1.334,3.0902,24h_SI4,24h,SI4,3h_SI1,3h,SI1,4.4242
-1.8788859593908567,1.8649278369316933,N900_RS12505,rng,0.4674650383333334,-2.0299,4.0433,6h_SI5,6h,SI5,3h_SI4,3h,SI4,6.0732
1.6533568251499933,-0.21037525760663545,N900_RS12510,Maf,1.7080964,0.042484,6.1533,6h_st,6h,st,3h_SI1,3h,SI1,6.110816
1.441668931683032,2.385320300983991,N900_RS12530,mshQ,1.316181166666667,-0.109,4.2723,1h_SI8,1h,SI8,3h_st,3h,st,4.3813
0.5834877979606841,1.966687200222353,N900_RS12535,mshP,1.7246605516666667,-0.21597,6.7449,12h_ce,12h,ce,3h_st,3h,st,6.96087
2.7606412688619173,0.653305087263313,N900_RS12540,mshO,0.7352822450000001,-0.817,3.9229,24h_st,24h,st,3h_st,3h,st,4.7399
-0.9705284463917105,-0.060063697450843834,N900_RS12545,type II secretion system protein,-0.05810344999999999,-1.5505,2.6873,1h_co,1h,co,12h_SI1,12h,SI1,4.2378
-1.4423125114004365,-2.1172978813460013,N900_RS12550,mshC,0.69469595,-0.83286,3.1906,6h_SI1,6h,SI1,3h_SI2,3h,SI2,4.02346
1.0554070777393179,-1.5605964332732956,N900_RS12555,mshA,0.6931828,-0.7533,3.457,3h_st,3h,st,6h_ce,6h,ce,4.2103
0.7503090508445074,0.4446840309298362,N900_RS12560,MSHA pilin protein MshB,0.7387401233333332,-0.76376,4.0753,6h_st,6h,st,3h_st,3h,st,4.83906
-1.7586986278221093,1.155100462609186,N900_RS12565,mshf,-0.04357255000000004,-1.6819,5.2905,6h_SI8,6h,SI8,6h_SI1,6h,SI1,6.9723999999999995
1.77018838174331,-1.2904125657285266,N900_RS12570,mshG,0.48793916833333334,-0.92882,2.9193,3h_st,3h,st,3h_SI3,3h,SI3,3.8481199999999998
0.26974352077729735,-0.22431279460061682,N900_RS12575,mshE,1.292669433333333,-0.36679,4.7736,3h_ce,3h,ce,3h_st,3h,st,5.14039
1.8418785847141548,0.2654154735275325,N900_RS12580,MSHA biogenesis protein MshN,1.1088379333333331,-0.40777,3.6304,3h_SI4,3h,SI4,12h_SI2,12h,SI2,4.03817
1.7130464217458012,-0.30743584870436924,N900_RS12585,mshM,0.7181125333333334,-0.41131,3.545,3h_st,3h,st,6h_SI2,6h,SI2,3.9563099999999998
2.4087393572592593,2.12856133725068,N900_RS12590,mshL,1.317562651666667,-0.061664,4.5314,24h_ce,24h,ce,6h_st,6h,st,4.593064
-1.2017527573605835,-1.1353419871234263,N900_RS12595,mshk,0.8878436150000001,-0.55761,4.7472,1h_SI2,1h,SI2,3h_SI6,3h,SI6,5.304810000000001
-1.3695359690503641,-2.739206013133565,N900_RS12600,pilO_1,0.5456657,-1.2665,4.2082,6h_SI3,6h,SI3,3h_SI1,3h,SI1,5.4746999999999995
0.3312232976453653,-0.15635401004807759,N900_RS12605,mshi,1.2237318666666668,-0.2944,4.5466,3h_st,3h,st,1h_SI1,1h,SI1,4.840999999999999
1.2977017795107315,0.8516736246555277,N900_RS12610,csrD,0.7159272133333333,-1.464,3.7535,6h_SI7,6h,SI7,12h_SI1,12h,SI1,5.217499999999999
-1.2110332388537757,-1.564192780618894,N900_RS12620,malT_1,0.1526436399999999,-1.6942,3.8863,12h_SI1,12h,SI1,6h_SI4,6h,SI4,5.5805
0.054600282864864624,4.393062535596249,N900_RS12625,galU,-1.5646340833333332,-4.0293,3.9681,6h_SI9,6h,SI9,1h_st,1h,st,7.997400000000001
-3.442789954676834,2.827805227634033,N900_RS12630,uvrA,-0.7717346883333333,-3.1232,1.9936,6h_SI6,6h,SI6,1h_ce,1h,ce,5.1168000000000005
1.6300435939113909,1.3796429294908075,N900_RS12635,ligase,0.4180067833333333,-1.54,4.4568,3h_SI7,3h,SI7,3h_SI1,3h,SI1,5.9968
1.0025832346917163,-0.6948849400922612,N900_RS12640,pucG,1.0562856166666668,-0.6092,4.2455,6h_SI1,6h,SI1,3h_SI2,3h,SI2,4.854699999999999
1.5868167486360747,-1.0289404702355032,N900_RS12645,lysC,1.6377304666666668,0.059838,4.7726,1h_st,1h,st,6h_SI2,6h,SI2,4.712762
1.4824804590358358,1.3266414305391048,N900_RS12650,metH,1.3040351666666665,-0.43238,4.3936,3h_SI8,3h,SI8,6h_st,6h,st,4.82598
0.5172332729997513,-3.2522857593784993,N900_RS12655,nhaP,0.9546724166666667,-0.46725,5.0835,12h_st,12h,st,3h_SI1,3h,SI1,5.55075
-0.870939085094177,-0.5300846188247307,N900_RS12690,cysH,0.9142912333333334,-1.2429,4.4672,3h_SI9,3h,SI9,3h_SI5,3h,SI5,5.7101
3.349994278746564,-1.041513037089449,N900_RS12695,cysI,2.093656466666667,-0.2971,5.5103,1h_SI7,1h,SI7,3h_SI1,3h,SI1,5.8074
-2.568869687629058,2.2110126375804535,N900_RS12700,assimilatory sulfite reductase (NADPH) flavoprotein subunit,0.0073533885,0.00017099,0.16681,6h_SI2,6h,SI2,3h_st,3h,st,0.16663901
-0.7360022117918561,-2.0961054443171148,N900_RS12705,VC_0383,1.4809763333333335,0.10052,5.6072,3h_SI1,3h,SI1,6h_ce,6h,ce,5.506679999999999
-2.8287398094874745,-0.6641386295895777,N900_RS12710,VC_0382,0.4305392983333334,-1.258,4.6316,12h_SI4,12h,SI4,1h_SI1,1h,SI1,5.8896
-3.615108976373894,-2.756431514518195,N900_RS12715,TIGR04219 family outer membrane beta-barrel protein,0.5248700333333334,-1.2729,2.5214,6h_SI1,6h,SI1,12h_SI1,12h,SI1,3.7943
-2.260944298491345,4.545796168204429,N900_RS12720,pspG,-1.259453105,-4.0321,0.86394,12h_SI8,12h,SI8,24h_SI3,24h,SI3,4.89604
-0.3629374743616114,-0.5383302066590157,N900_RS12725,dusA,0.5047400633333333,-0.83419,4.1267,6h_SI7,6h,SI7,6h_SI1,6h,SI1,4.960889999999999
-1.608225023732842,-0.5381226276970433,N900_RS12730,zur,0.4913899666666667,-1.6891,6.1614,3h_SI8,3h,SI8,3h_SI2,3h,SI2,7.8505
-0.8410765140708585,0.449432725480696,N900_RS12735,chex,1.6161628333333335,-0.14432,5.0178,6h_SI2,6h,SI2,6h_st,6h,st,5.16212
-0.19215035020235494,0.1373992044015089,N900_RS12740,MBL fold metallo-hydrolase_2,0.7976073316666665,-0.74001,4.2104,6h_st,6h,st,3h_st,3h,st,4.95041
1.8199462643849804,1.2232946715157094,N900_RS12745,pgi,3.2446388099999997,-0.0046614,7.0696,1h_SI4,1h,SI4,6h_st,6h,st,7.0742614
-0.3508585059828211,-1.117367362364684,N900_RS12750,yjbQ_BLAST,1.599599933333333,-0.040289,4.6777,6h_st,6h,st,3h_SI9,3h,SI9,4.717988999999999
0.8037169269674322,-2.029998672648967,N900_RS12765,VC_0370,0.877642515,-0.69665,3.7281,3h_SI3,3h,SI3,12h_SI1,12h,SI1,4.4247499999999995
0.9291942923462582,-1.2711745519154438,N900_RS12790,bfr,1.8485671000000001,-0.086294,6.2173,1h_SI7,1h,SI7,6h_SI2,6h,SI2,6.3035939999999995
-1.7912498581354626,0.6228073273936365,N900_RS12795,bfd,0.5156289833333334,-1.4162,6.7633,24h_SI4,24h,SI4,6h_ce,6h,ce,8.1795
-0.4953683726025164,-1.7678156817351938,N900_RS12835,dauR,1.3802057333333335,-0.027761,4.5959,3h_SI9,3h,SI9,1h_ce,1h,ce,4.623661
-2.5798456070008173,0.21405782818403873,N900_RS12840,fkpA,0.27229338333333336,-1.4642,4.1054,6h_SI5,6h,SI5,3h_SI3,3h,SI3,5.5696
0.11008283745174285,-1.2304143729749037,N900_RS12845,VC_0353,1.0837371,-0.48885,4.4175,6h_SI1,6h,SI1,3h_SI1,3h,SI1,4.906350000000001
1.305664650379894,-2.4849005290225366,N900_RS12850,slyx,1.668280666666667,-0.18194,4.3376,3h_ce,3h,ce,12h_SI1,12h,SI1,4.51954
0.8658470577588218,1.463703609603195,N900_RS12855,VC_0351,1.0164178333333334,-0.58677,3.9184,3h_ce,3h,ce,3h_SI4,3h,SI4,4.50517
-1.054415027904764,1.162210105584426,N900_RS12860,hflC,-0.36028904999999994,-3.0727,3.3032,12h_SI8,12h,SI8,12h_SI2,12h,SI2,6.3759
-1.2566738300064098,-0.3284929140720869,N900_RS12865,hflK,-0.47743868333333334,-1.7344,2.693,24h_SI3,24h,SI3,6h_SI1,6h,SI1,4.4274000000000004
-0.2150036310656933,-0.2413308507270815,N900_RS12870,hflX,0.5955676499999999,-1.0186,4.41,24h_SI1,24h,SI1,3h_SI2,3h,SI2,5.4286
0.3956278236970143,4.536357823796919,N900_RS12875,hfq,1.8103941499999998,-0.30901,7.7919,12h_SI6,12h,SI6,1h_st,1h,st,8.10091
0.7229571661488672,3.677637673877787,N900_RS12880,miaA,-0.16324365000000005,-2.6161,4.233,12h_SI8,12h,SI8,3h_SI3,3h,SI3,6.8491
-0.8724937236345234,-0.7955537674127391,N900_RS12885,mutL,0.89435647,-0.90305,5.9972,6h_SI2,6h,SI2,12h_SI1,12h,SI1,6.900250000000001
1.451603601847034,3.175515502570232,N900_RS12890,N-acetylmuramoyl-L-alanine amidase,-1.6338058333333332,-3.6803,2.0006,12h_SI9,12h,SI9,1h_SI7,1h,SI7,5.680899999999999
1.9926173777008467,-1.0447378525374167,N900_RS12900,queG,1.462207366666667,-0.11861,4.6731,1h_st,1h,st,6h_st,6h,st,4.79171
2.9709236225211955,2.737345056555175,N900_RS12950,rsgA,2.011903183333333,-0.061,7.5889,12h_SI7,12h,SI7,3h_SI2,3h,SI2,7.6499
1.9665803127505388,1.2912267505257329,N900_RS12960,SLC13 family permease_2,1.6997658333333332,0.21242,6.0667,1h_SI7,1h,SI7,1h_st,1h,st,5.85428
1.5321127735363147,-1.0625244712570807,N900_RS12965,DMT family transporter_1,0.9164141666666665,-0.77188,4.5976,1h_st,1h,st,3h_SI5,3h,SI5,5.36948
0.6342453798647139,1.2767924870148506,N900_RS12975,envc,1.3966725,-0.12388,5.565,6h_SI4,6h,SI4,3h_SI1,3h,SI1,5.68888
-0.040211720638411386,-1.2406984432634987,N900_RS12980,VC_0334,1.1697171166666667,-0.34839,4.2305,3h_co,3h,co,3h_SI2,3h,SI2,4.57889
-2.309188565770582,-3.7968766462362997,N900_RS12985,TetR/AcrR family transcriptional regulator_1,0.8306927333333333,-1.1978,4.4814,6h_SI2,6h,SI2,6h_ce,6h,ce,5.6792
3.377214506427748,-0.1404771650286345,N900_RS12995,nudC,1.1268217166666668,-0.24359,3.297,3h_SI9,3h,SI9,12h_SI1,12h,SI1,3.5405900000000003
0.8950663149922082,0.6461696964459442,N900_RS13000,rsd,1.3064196166666668,-0.56993,5.3643,24h_st,24h,st,6h_SI2,6h,SI2,5.93423
2.204357817796655,-0.7967528115313067,N900_RS13085,N-acetyltransferase_3,1.4367633499999999,0.021109,5.4439,1h_SI3,1h,SI3,6h_ce,6h,ce,5.422791
-0.442756770667907,0.992076948994796,N900_RS13130,fre,0.6112078000000001,-0.81241,4.7798,1h_SI1,1h,SI1,1h_st,1h,st,5.59221
2.9070693583369502,0.14506457888761365,N900_RS13135,paaE,1.2817756833333331,-0.14881,3.8272,1h_SI3,1h,SI3,3h_SI3,3h,SI3,3.97601
-0.6451236520370549,-0.19410937986515986,N900_RS13145,VC_0308,0.32362654416666664,-1.2169,3.3406,6h_SI1,6h,SI1,3h_SI1,3h,SI1,4.5575
0.5346683426577519,3.2579957552069576,N900_RS13155,trxA,1.0850716833333334,-1.2025,6.0391,12h_SI9,12h,SI9,1h_ce,1h,ce,7.2416
-4.525895594879709,1.7523834609766882,N900_RS13160,rhlB,-0.8167030666666667,-3.0285,4.0023,24h_SI4,24h,SI4,6h_SI1,6h,SI1,7.0308
1.8501594738756655,-0.5570725392712281,N900_RS13165,gppA,1.8092021666666667,0.32035,4.809,3h_co,3h,co,3h_st,3h,st,4.48865
0.823408282197279,-0.8253081243648934,N900_RS13170,rcsC_8,1.0258499999999997,-0.3493,3.9025,12h_st,12h,st,6h_st,6h,st,4.2518
1.6469898430598677,-0.055617675183581794,N900_RS13175,hcaT,0.8186612450000001,-0.72692,5.1402,12h_st,12h,st,3h_SI1,3h,SI1,5.86712
1.5293432709621673,0.7995271352407244,N900_RS13180,VC_0301,0.782608515,-1.0068,4.4226,12h_st,12h,st,6h_SI1,6h,SI1,5.4294
1.8084552957348565,-1.768943833326932,N900_RS13185,VC_0300,1.4562315,-0.25438,4.8994,6h_st,6h,st,6h_ce,6h,ce,5.15378
-1.4822896140250408,-3.1003020756394526,N900_RS13190,polC_2,1.0870655166666665,-0.9077,4.2593,6h_SI3,6h,SI3,3h_SI2,3h,SI2,5.167
0.9256946074721442,-1.4780760103335655,N900_RS13195,acs_1,0.6116551833333334,-0.79391,3.4818,6h_st,6h,st,3h_SI2,3h,SI2,4.27571
-1.1210283811197095,4.482809413864144,N900_RS13200,aroQ,-0.83595025,-3.6077,3.0399,12h_SI7,12h,SI7,3h_st,3h,st,6.6476
1.3457492650154927,0.1799854947990158,N900_RS13215,prmA,1.0481497666666668,-0.50529,4.0589,3h_SI1,3h,SI1,6h_st,6h,st,4.56419
-2.1802489340449305,0.8786722197211452,N900_RS13220,dusB,0.4549487166666667,-1.2812,4.1227,6h_SI1,6h,SI1,6h_SI2,6h,SI2,5.4039
-1.2466770756992085,-0.9201230802511293,N900_RS13225,fis,0.10979456666666665,-2.3052,4.9695,6h_SI9,6h,SI9,12h_SI2,12h,SI2,7.2747
0.15137883503620264,3.452215683836816,N900_RS13230,gntR_2,2.453101366666667,-0.43414,6.8865,12h_SI7,12h,SI7,12h_SI2,12h,SI2,7.32064
-0.6181622269039182,-0.11926247108618881,N900_RS13235,edd,1.50105165,-0.022397,4.7539,1h_SI9,1h,SI9,3h_SI2,3h,SI2,4.776297
-3.0328243829549666,-1.5585597305613694,N900_RS13240,gntK,0.38319506950000004,-1.5574,3.2703,12h_SI2,12h,SI2,3h_SI4,3h,SI4,4.8277
-0.5090923001904435,-0.5774556027664641,N900_RS13245,ygbN,0.9140086016666668,-0.68369,3.6722,3h_SI4,3h,SI4,6h_SI4,6h,SI4,4.3558900000000005
1.0285200638988314,-1.6597412916748366,N900_RS13250,eda,0.5336595616666666,-0.88994,3.4088,12h_st,12h,st,3h_SI1,3h,SI1,4.29874
1.2283594756053189,0.4547172407084127,N900_RS13255,cntO,0.9140758333333333,-0.64454,3.9124,6h_st,6h,st,3h_st,3h,st,4.55694
-0.3060809001564375,-0.3069003329776546,N900_RS13260,TonB-dependent receptor_1,0.6463606666666665,-1.5036,3.9305,1h_SI1,1h,SI1,3h_SI4,3h,SI4,5.4341
0.018831962368464072,-2.6785887448767727,N900_RS13265,peptidase_3,0.9794817666666666,-0.43693,4.2,3h_SI1,3h,SI1,6h_SI4,6h,SI4,4.63693
-2.7686610532191414,-3.1781511537704223,N900_RS13270,methyl-accepting chemotaxis protein_12,0.6166785999999999,-1.2795,3.9013,12h_SI1,12h,SI1,6h_SI4,6h,SI4,5.1808
1.4094863633866908,-0.6439945126462758,N900_RS13275,cada,1.5417896666666664,0.17593,4.6927,3h_st,3h,st,3h_SI3,3h,SI3,4.51677
0.4539102583439836,1.678160965294232,N900_RS13280,cadB,0.7475937666666667,-0.71471,3.1564,12h_st,12h,st,3h_st,3h,st,3.87111
-2.2741951428024567,-0.5492427600255684,N900_RS13285,cadc,-0.05290516666666668,-2.0541,3.5423,6h_SI3,6h,SI3,3h_SI3,3h,SI3,5.5964
-4.3043138068379445,1.3533846571104553,N900_RS13295,VC_A0047,-0.7866732000000002,-2.8358,3.5119,12h_SI4,12h,SI4,3h_SI3,3h,SI3,6.3477
-2.4054528247413876,5.2421353413553735,N900_RS13300,purH,-1.4036716999999999,-4.2012,3.4987,12h_SI9,12h,SI9,1h_st,1h,st,7.6998999999999995
-4.004929376643779,3.1629421101728483,N900_RS13305,purD,-1.9242205666666667,-5.3124,3.3529,12h_SI7,12h,SI7,1h_SI1,1h,SI1,8.6653
1.058490527118228,-1.8539136372306961,N900_RS13310,VC_0274,0.439226475,-1.1918,3.122,6h_st,6h,st,3h_SI3,3h,SI3,4.3138
-2.699957386040408,-0.6915635625085228,N900_RS13315,hupA,0.03839737666666665,-1.4145,2.6171,1h_co,1h,co,6h_SI2,6h,SI2,4.0316
2.4737579156757796,0.5053969790353071,N900_RS13325,HlyC/CorC family transporter_1,0.6092019666666667,-0.79984,3.5151,1h_st,1h,st,3h_SI3,3h,SI3,4.31494
-2.971309247759049,1.0369552401503106,N900_RS13330,fructokinase,0.0024974700000000107,-1.5754,3.4263,6h_SI2,6h,SI2,3h_SI1,3h,SI1,5.0017
0.6906990964097015,0.1516225269338709,N900_RS13335,manA,0.1571763,-1.8066,6.0578,24h_SI3,24h,SI3,12h_SI1,12h,SI1,7.8644
-2.063198476530695,-1.922785214170359,N900_RS13340,VC_0268,0.8718629,-0.69016,6.0471,12h_SI1,12h,SI1,3h_SI1,3h,SI1,6.73726
-1.4371659433494612,-1.1732478838743834,N900_RS13345,VC_0267,0.6435394999999998,-0.95627,3.2452,6h_SI3,6h,SI3,1h_SI1,1h,SI1,4.2014700000000005
0.08143377976190447,0.640128339215116,N900_RS13350,VC_0266,1.1347738333333335,-0.47225,3.6972,6h_SI4,6h,SI4,12h_st,12h,st,4.16945
-0.05759032166665934,-1.70689264995689,N900_RS13355,VC_0265,0.8346260033333334,-0.49904,3.5221,3h_SI3,3h,SI3,3h_SI2,3h,SI2,4.02114
0.40134400413715143,-2.1060201827947855,N900_RS13360,rjg,1.1376497833333332,-0.50269,4.0166,12h_st,12h,st,6h_SI4,6h,SI4,4.519290000000001
1.7263914007809653,3.7864342899240238,N900_RS13365,wbeW,-2.508584333333333,-4.6311,-0.64464,12h_ce,12h,ce,3h_SI2,3h,SI2,3.98646
-0.34963928352147056,-2.046274407834909,N900_RS13370,galE,1.0748581166666669,-1.3077,4.2426,6h_SI1,6h,SI1,3h_SI1,3h,SI1,5.5503
1.6133644945041787,3.888078010971577,N900_RS13375,wbeV,-0.9897135666666668,-3.0407,0.94208,12h_SI7,12h,SI7,12h_st,12h,st,3.98278
1.3650241335117288,3.655901962311546,N900_RS13380,wbeU,-2.9383036666666658,-4.9696,-0.96388,12h_SI7,12h,SI7,3h_st,3h,st,4.00572
-1.9670259114025401,1.4791141801618537,N900_RS13385,wbeT,-0.24073883333333337,-3.1617,4.593,12h_SI8,12h,SI8,3h_SI3,3h,SI3,7.7547
1.3620801796254245,3.7970973794173286,N900_RS13400,wbeO,-2.7120946666666668,-4.8062,-0.5641,12h_SI9,12h,SI9,3h_st,3h,st,4.2421
-1.1768531873385373,2.2278065985648405,N900_RS13405,wbeN,-3.3459535,-5.3127,2.5039,6h_SI9,6h,SI9,1h_SI1,1h,SI1,7.8166
-1.471806375065412,4.562061084098303,N900_RS13410,wbeM,-2.982940833333333,-5.7015,2.3756,12h_SI7,12h,SI7,1h_st,1h,st,8.0771
-0.08483408145254812,3.2104289466331952,N900_RS13415,wbeL,-2.8704656666666666,-5.6369,2.8601,12h_SI7,12h,SI7,6h_SI2,6h,SI2,8.497
-1.371122927060571,2.927392186212523,N900_RS13420,wbeK,-2.5773265000000003,-5.442,4.5768,6h_SI9,6h,SI9,3h_SI3,3h,SI3,10.0188
2.979914717009952,3.170461678263848,N900_RS13425,wzt,0.6918762166666667,-1.1952,2.9109,6h_SI9,6h,SI9,12h_st,12h,st,4.1061
2.9840139779236257,3.215055521783893,N900_RS13430,wzm,1.0132459500000002,-0.88559,3.2263,6h_SI9,6h,SI9,12h_st,12h,st,4.11189
1.4356111399600548,3.7506139690309563,N900_RS13435,wbeG,-1.9749488833333333,-4.2216,-0.051843,6h_SI9,6h,SI9,6h_st,6h,st,4.169757
0.010676626788955534,4.26987871088432,N900_RS13440,wbeE,-3.0111183333333327,-5.4353,2.1526,12h_ce,12h,ce,3h_st,3h,st,7.587899999999999
-1.3137142016106185,4.063087650238501,N900_RS13445,gmd,-3.0468003666666665,-5.5772,3.4367,12h_SI7,12h,SI7,1h_st,1h,st,9.0139
-1.3514638593155996,3.3332904102523098,N900_RS13450,manB,-4.000066333333334,-6.6305,0.07236,12h_ce,12h,ce,12h_SI3,12h,SI3,6.702859999999999
-1.205751518020547,4.2812966740975,N900_RS13455,manC,-3.6541778333333332,-6.1014,0.69433,12h_ce,12h,ce,1h_st,1h,st,6.79573
2.816062173178689,3.0176761228682856,N900_RS13460,hldD,-1.9650113500000002,-4.0009,0.11205,6h_SI9,6h,SI9,12h_st,12h,st,4.11295
2.8293737672789625,3.3369168518528993,N900_RS13465,wavL,-1.9648646666666665,-3.9136,0.11049,6h_SI9,6h,SI9,3h_SI1,3h,SI1,4.02409
2.407729086566997,-1.1760414357174838,N900_RS13470,wavK,0.9188825166666666,-0.46241,4.8291,6h_SI9,6h,SI9,6h_SI2,6h,SI2,5.291510000000001
2.5368058790353594,3.1145185195811322,N900_RS13475,waaL,-1.3633785500000002,-3.3852,1.1643,6h_SI9,6h,SI9,1h_co,1h,co,4.5495
2.942668929824448,3.1724573017996263,N900_RS13480,waaF,1.9071714666666668,0.091034,4.0541,12h_ce,12h,ce,12h_st,12h,st,3.963066
1.3151406511179253,-1.43401884449398,N900_RS13485,wavJ,1.6937460833333333,0.064504,4.5865,3h_SI2,3h,SI2,3h_SI1,3h,SI1,4.521996
2.0459888144914427,1.3236388184739152,N900_RS13490,wavI,1.2794988166666668,-0.12819,4.0571,6h_ce,6h,ce,6h_SI3,6h,SI3,4.18529
2.2243962699259017,-0.9769089524199057,N900_RS13500,wavH,1.5190682666666668,-0.063664,5.2419,6h_st,6h,st,3h_SI1,3h,SI1,5.305564
2.0614711517326736,-1.6522067712799031,N900_RS13505,wavG,1.8312406666666667,-0.11385,5.362,1h_SI8,1h,SI8,3h_SI2,3h,SI2,5.47585
0.9804357844663087,-1.0515032255659613,N900_RS13510,wavF,0.8563987666666667,-0.74888,3.4956,3h_SI9,3h,SI9,1h_ce,1h,ce,4.24448
-2.195623469225415,-2.710967003794666,N900_RS13515,wavE,0.9671690551666665,-0.82605,3.3349,6h_SI1,6h,SI1,1h_SI1,1h,SI1,4.16095
-0.23671959006812981,1.2155137495880308,N900_RS13520,wavD,0.31474595,-1.1492,4.3506,1h_ce,1h,ce,12h_SI1,12h,SI1,5.4998000000000005
3.0386280246534865,3.0938076964422128,N900_RS13530,waaC,-0.7372904999999998,-2.6179,1.4041,12h_SI7,12h,SI7,12h_st,12h,st,4.022
2.490432524290121,3.522145492117398,N900_RS13535,wavB,0.8346073950000001,-1.1964,2.9097,6h_SI9,6h,SI9,12h_st,12h,st,4.1061
2.9817633360693225,3.131822116478045,N900_RS13540,wavA,0.6049005,-1.2763,2.8374,6h_SI9,6h,SI9,12h_st,12h,st,4.1137
0.5450702675945336,-1.7029851376540894,N900_RS13550,mutM,0.9275039166666665,-0.66165,3.542,12h_st,12h,st,3h_SI5,3h,SI5,4.20365
-1.8815158471358449,0.361727010434478,N900_RS13555,VC_0220,0.4422515766666667,-1.4544,3.5515,6h_SI1,6h,SI1,3h_SI1,3h,SI1,5.0059
-3.9029741404572924,-1.4170832235666118,N900_RS13570,VC0395_A2597_BLAST,-0.30100998333333334,-2.0492,2.6107,24h_SI1,24h,SI1,6h_SI4,6h,SI4,4.6599
-2.094592253916851,-1.602650197972041,N900_RS13575,methyl-accepting chemotaxis protein_10,0.4989637033333334,-1.3613,4.3723,6h_SI5,6h,SI5,3h_SI4,3h,SI4,5.7336
-4.794293085475347,-1.9040700307420146,N900_RS13585,slmA,-0.9162402166666667,-2.8701,2.0753,6h_co,6h,co,12h_SI2,12h,SI2,4.945399999999999
-2.857971313393101,2.4988109236638487,N900_RS13595,lpxN,-0.2667497483333333,-2.0432,2.5435,12h_SI9,12h,SI9,1h_ce,1h,ce,4.5867
0.29738263102844975,2.8393860027272573,N900_RS13600,pyrE,0.1254596166666667,-3.2286,3.3121,6h_SI7,6h,SI7,3h_SI2,3h,SI2,6.5407
-0.8690374568228747,-2.4566342428584087,N900_RS13605,rph,0.9659568850000001,-1.2992,6.2184,3h_SI8,3h,SI8,6h_SI3,6h,SI3,7.5176
-0.9087985647585493,-0.9224690677538183,N900_RS13610,yicc,-0.15596675000000004,-2.5024,2.8169,6h_SI8,6h,SI8,1h_SI1,1h,SI1,5.3193
-0.8375313806513205,1.1048413855895962,N900_RS13615,VC0395_A2587_BLAST,-0.08262953333333331,-1.5074,2.6238,24h_ce,24h,ce,3h_SI1,3h,SI1,4.1312
0.9488152893528561,-0.39746553909127424,N900_RS13620,murP,1.5936159666666667,-0.43165,4.4736,6h_st,6h,st,12h_SI2,12h,SI2,4.9052500000000006
-3.1096017065325396,-0.30278145024862146,N900_RS13625,murQ_2,-0.002268183333333363,-1.1954,4.8644,3h_SI2,3h,SI2,1h_ce,1h,ce,6.0598
1.012793644241131,-0.42770208285679023,N900_RS13635,murr,0.8977721333333334,-0.59486,3.9229,3h_SI3,3h,SI3,3h_SI4,3h,SI4,4.51776
2.614719469444405,-0.7099264687308358,N900_RS13640,fhuB,1.4736744166666667,0.010116,4.3813,1h_SI8,1h,SI8,12h_SI1,12h,SI1,4.371184
-2.1205128712184864,-0.993440436083233,N900_RS13645,fhuD,1.056607975,-0.90501,5.7558,6h_SI1,6h,SI1,1h_st,1h,st,6.66081
2.9319297981686168,-1.0162580600536513,N900_RS13650,fhuC,1.3391671833333334,-0.472,3.9063,1h_SI6,1h,SI6,6h_SI4,6h,SI4,4.378299999999999
0.24062008875907592,-1.3033424428796305,N900_RS13655,TonB-dependent siderophore receptor,1.1440190083333335,-0.35491,4.0015,12h_st,12h,st,6h_SI3,6h,SI3,4.35641
0.7104332997921605,-0.43525976731844385,N900_RS13660,ABC transporter ATP-binding protein_1,0.5573293500000002,-0.94227,2.9569,3h_st,3h,st,6h_SI4,6h,SI4,3.8991700000000002
-0.42162856148173233,0.23078840415720447,N900_RS13665,VC_0198,1.6182075499999997,-0.044267,5.3648,1h_co,1h,co,3h_SI2,3h,SI2,5.409066999999999
2.7938714033946246,0.22480031867736233,N900_RS13670,gene 3 protein-related protein,1.2588427150000001,-0.54236,5.1644,6h_co,6h,co,6h_SI2,6h,SI2,5.706759999999999
1.6524526226244278,-0.490414469183183,N900_RS13675,recQ,0.610150245,-0.82932,3.6314,6h_ce,6h,ce,3h_SI3,3h,SI3,4.46072
-0.23773430474733726,-1.5555441491324336,N900_RS13680,rarD,0.6831550666666665,-1.0584,3.3903,6h_st,6h,st,12h_SI2,12h,SI2,4.4487
0.5514447915738985,0.05290910856165176,N900_RS13685,ggt,0.8709455399999999,-0.53061,4.3628,3h_SI1,3h,SI1,3h_SI3,3h,SI3,4.89341
1.8448597649912006,-2.0427123461123977,N900_RS13690,rhaS_2,1.3383161166666668,-0.081784,3.945,1h_SI1,1h,SI1,3h_SI4,3h,SI4,4.026784
0.9826856394313435,-1.7047211515125182,N900_RS13695,rhtC,1.5411963166666665,0.075599,4.5505,12h_st,12h,st,6h_ce,6h,ce,4.474901
2.432324485835185,0.422327113819131,N900_RS13700,uvrD,-0.15990124999999997,-2.1119,3.4907,6h_SI7,6h,SI7,3h_SI1,3h,SI1,5.6026
0.9407025877739201,-0.9126448758125978,N900_RS13705,prlC,0.6384195333333333,-0.89667,4.1254,6h_SI2,6h,SI2,3h_SI2,3h,SI2,5.02207
-0.1114728725546077,2.080995406638504,N900_RS13710,rlmj,0.39350267666666666,-0.94093,3.945,12h_ce,12h,ce,1h_ce,1h,ce,4.88593
-1.0537823520616776,0.8066904889138451,N900_RS13715,gorA,0.20930418333333337,-1.5688,3.9834,3h_SI8,3h,SI8,12h_SI2,12h,SI2,5.5522
-1.1508242483405349,-2.1234701231029804,N900_RS13720,site-specific integrase,0.9551668966666664,-0.90028,3.9172,3h_ce,3h,ce,3h_SI3,3h,SI3,4.81748
-3.041267834722695,1.052515247881248,N900_RS13725,VC_0184,-0.012123638333333294,-3.2666,5.2063,3h_SI9,3h,SI9,3h_st,3h,st,8.4729
0.9794519982823928,-3.413321555974866,N900_RS13730,VC_0183,0.6004542133333335,-1.0513,3.8104,12h_st,12h,st,3h_SI1,3h,SI1,4.8617
-0.48935375728594677,-2.353014463180254,N900_RS13735,kfrA_1,1.3156960666666668,-0.90994,4.9703,3h_ce,3h,ce,6h_SI4,6h,SI4,5.88024
-7.976760341300588,-0.7149442670236794,N900_RS13740,cap3_BLAST,-0.36628865000000005,-2.266,1.6321,6h_SI3,6h,SI3,3h_SI5,3h,SI5,3.8981000000000003
-1.9983659935275735,-1.2064460185552734,N900_RS13745,cap2_BLAST,0.11527100000000004,-1.5725,2.6307,3h_SI1,3h,SI1,6h_st,6h,st,4.2032
-2.8555079819194056,-3.790929681019963,N900_RS13750,dncV,0.8405079333333334,-1.1486,6.1476,6h_SI2,6h,SI2,3h_SI5,3h,SI5,7.2962
-2.134605377119935,-2.7597704979749507,N900_RS13755,capV,0.39281071666666667,-1.267,2.6241,12h_st,12h,st,3h_SI5,3h,SI5,3.8911
-7.381959872382984,-1.8509679474162324,N900_RS13765,vspR,-0.28234970000000004,-2.5439,3.4677,12h_SI2,12h,SI2,1h_SI1,1h,SI1,6.0116
2.9852041010000274,-2.1637491359896726,N900_RS13770,XRE family transcriptional regulator_8,1.3509474383333335,-0.62392,4.5366,1h_SI2,1h,SI2,3h_SI3,3h,SI3,5.16052
-0.23431465722372025,-0.6802879161605087,N900_RS13780,tadA_2,1.1965509150000004,-2.5128,5.2304,3h_SI9,3h,SI9,3h_SI1,3h,SI1,7.7432
-1.7984200527113978,-1.124168476867615,N900_RS13785,sporulation protein,0.33894844999999996,-1.413,3.9865,12h_SI1,12h,SI1,6h_SI1,6h,SI1,5.3995
0.0925170854544266,1.5760543220504108,N900_RS13790,dppC_2,0.6997656166666667,-0.77184,3.6663,3h_SI1,3h,SI1,6h_SI4,6h,SI4,4.43814
1.498434345142222,2.3265521132823777,N900_RS13795,dppB_2,1.1110482033333333,-0.34943,3.9019,3h_SI4,3h,SI4,3h_st,3h,st,4.25133
-0.047081213056995974,-1.9289759351493059,N900_RS13800,dppA,0.6043597154999999,-1.1705,4.5057,3h_SI2,3h,SI2,3h_SI1,3h,SI1,5.6762
2.0698212381316194,2.5283594045783886,N900_RS13805,nikE,0.7105366,-0.71176,4.2195,12h_SI6,12h,SI6,6h_st,6h,st,4.93126
-0.5185606394051208,-2.7033089407177218,N900_RS13810,VC_0169,1.507156,-0.47938,4.8121,12h_co,12h,co,3h_SI3,3h,SI3,5.29148
-2.7325284343578344,-1.5470222523202066,N900_RS13815,VC_0231,0.8224652833333335,-1.0476,4.8728,1h_SI2,1h,SI2,1h_ce,1h,ce,5.9204
2.233801583388562,-2.0849893507589385,N900_RS13845,cytochrome c5,0.8224930666666666,-0.71261,3.8675,3h_SI9,3h,SI9,6h_SI3,6h,SI3,4.58011
-0.8708723248649894,-0.849817532200299,N900_RS13855,TetR/AcrR family transcriptional regulator_3,1.7889829999999998,-0.3134,7.6653,1h_SI9,1h,SI9,12h_SI1,12h,SI1,7.9787
1.7119785193282375,-1.1835215264870094,N900_RS13860,vexA,0.42610364833333336,-1.029,4.4229,12h_co,12h,co,3h_SI3,3h,SI3,5.4519
0.9587705389990653,-1.8328001129558924,N900_RS13865,vexB,0.32584065,-1.3903,2.5249,12h_co,12h,co,3h_SI4,3h,SI4,3.9152000000000005
-3.174479508205405,-1.086129001658108,N900_RS13870,ubik,0.29924676999999994,-1.6261,3.0796,24h_SI4,24h,SI4,6h_SI4,6h,SI4,4.7057
-2.3582641769177477,-1.8630439494964954,N900_RS13875,ilvC,0.5447198899999999,-1.2646,3.183,6h_SI1,6h,SI1,3h_SI3,3h,SI3,4.4475999999999996
-1.256016742743663,-1.2359751251578532,N900_RS13880,ilvY,1.4249721666666668,-0.45434,4.9543,12h_SI1,12h,SI1,12h_SI2,12h,SI2,5.40864
-1.696481908714197,0.11873182078981928,N900_RS13930,trkh,0.7487742666666668,-0.61164,4.2678,3h_SI1,3h,SI1,6h_ce,6h,ce,4.879440000000001
1.75961172391262,1.3887207029364954,N900_RS13935,yigz,1.08656755,-0.23302,4.1182,12h_SI6,12h,SI6,6h_SI1,6h,SI1,4.35122
2.804207322369966,-0.22089864520182523,N900_RS13940,fadB,1.3395911833333334,-0.20328,5.0256,1h_SI5,1h,SI5,12h_SI3,12h,SI3,5.22888
2.0592945384590937,-1.3099404192052972,N900_RS13945,fadA,1.1787979433333333,-0.73823,4.1966,1h_SI9,1h,SI9,3h_SI3,3h,SI3,4.93483
2.0292292280796795,-0.4010402533381805,N900_RS13950,lysr_4,0.9707766833333334,-0.46812,3.2365,6h_SI9,6h,SI9,3h_SI4,3h,SI4,3.70462
-2.676421272916342,0.6251616195277556,N900_RS13955,ydhC_1,0.5400709666666667,-1.3602,3.7433,6h_SI1,6h,SI1,1h_st,1h,st,5.1035
2.9925854290842144,3.1253759251364657,N900_RS13970,atpD,1.8269213333333334,-0.049386,4.0457,12h_SI7,12h,SI7,12h_st,12h,st,4.095086
2.9185893389122395,3.22353910725547,N900_RS13985,atpH,1.852862533333333,-0.063004,4.044,6h_SI9,6h,SI9,12h_st,12h,st,4.107004
2.6692665717418924,3.378909731299867,N900_RS14005,F0F1 ATP synthase subunit I,1.5145904899999998,-0.40903,3.6977,6h_SI9,6h,SI9,12h_st,12h,st,4.106730000000001
0.052939464392422586,2.928032598694934,N900_RS14010,parb,0.30547388333333336,-1.2964,3.6641,1h_SI1,1h,SI1,3h_st,3h,st,4.9605
-0.3888131726741255,1.727278389865443,N900_RS14015,soj_2,0.43645506666666667,-1.4499,3.359,6h_ce,6h,ce,6h_SI3,6h,SI3,4.8088999999999995
0.8495053182554164,4.105459066946688,N900_RS14020,rsmG,0.8653707,-1.0019,5.144,6h_SI5,6h,SI5,3h_st,3h,st,6.1459
1.8710267808211292,3.5800953163007168,N900_RS14025,mnmG,0.914949145,-1.1281,3.4867,12h_SI7,12h,SI7,1h_co,1h,co,4.6148
-0.518502175235867,-0.8489682453334466,N900_RS14040,VC_A0003,1.121831533333333,-1.4421,5.3405,3h_SI7,3h,SI7,12h_SI1,12h,SI1,6.7825999999999995
1.7226210192668416,-2.152838216432419,N900_RS14045,VC_A0004,1.3447848000000002,-0.72047,3.5925,1h_SI1,1h,SI1,12h_SI2,12h,SI2,4.31297
0.37328074529476885,-0.31574598505833973,N900_RS14050,VC_A0005,1.1295556666666668,-0.42688,4.652,1h_SI5,1h,SI5,3h_SI4,3h,SI4,5.07888
-1.9955399952798438,3.6398258128288457,N900_RS14055,yeeN,-0.21328253333333333,-2.0037,3.8804,12h_SI6,12h,SI6,3h_SI1,3h,SI1,5.8841
0.7840303012377303,-0.06315868336687736,N900_RS14060,garR,0.83350775,-0.46205,4.0271,24h_SI6,24h,SI6,3h_SI2,3h,SI2,4.4891499999999995
0.37473948119133826,-0.7346221329369058,N900_RS14065,pctC_2,0.8414530233333333,-0.45933,4.2575,3h_SI3,3h,SI3,3h_SI1,3h,SI1,4.71683
-0.42126937017482025,0.913669605325804,N900_RS14070,VC_A0009,0.75824424,-0.59925,3.5981,24h_ce,24h,ce,12h_st,12h,st,4.19735
-0.8232509627415419,0.799460840411629,N900_RS14075,yibl,1.0080855,-1.1669,5.9055,6h_SI5,6h,SI5,1h_SI1,1h,SI1,7.0724
0.9807138783873999,-0.8375773885187516,N900_RS14080,malT,0.2650877533333333,-1.1062,3.4638,1h_st,1h,st,3h_SI1,3h,SI1,4.57
1.6174988195354665,-2.3149698434775217,N900_RS14085,glgP,0.6286433583333334,-1.4369,4.3218,1h_SI1,1h,SI1,12h_SI2,12h,SI2,5.758699999999999
1.4667801210013431,-0.38553676083101573,N900_RS14090,malQ,0.04984814999999995,-2.6767,3.5834,3h_ce,3h,ce,3h_SI4,3h,SI4,6.2600999999999996
1.631512455952925,0.7148953469077293,N900_RS14095,glgB,0.15731536666666665,-1.5922,3.868,12h_SI8,12h,SI8,12h_SI1,12h,SI1,5.4602
0.31293674668520266,-1.2695608840912223,N900_RS14100,hcp-2_D2,1.4068073783333332,-0.68918,5.9445,1h_ce,1h,ce,3h_SI1,3h,SI1,6.63368
-2.641822687998203,-0.05385743252643688,N900_RS14105,tssI_3,0.7351923199999999,-0.7347,3.9088,12h_SI3,12h,SI3,6h_SI5,6h,SI5,4.6434999999999995
-2.284018582068746,-0.9292739419713696,N900_RS14110,vasW,0.36201496666666666,-1.1282,3.8115,6h_SI2,6h,SI2,3h_SI3,3h,SI3,4.9397
1.7233509986437214,0.5909967722732794,N900_RS14115,vasX,1.2359959883333334,-0.1635,4.3322,6h_SI6,6h,SI6,3h_st,3h,st,4.4957
-0.17824531110049247,1.5107841066864183,N900_RS14120,tsiV2,4.096882,0.11084,8.2591,1h_SI6,1h,SI6,3h_SI1,3h,SI1,8.14826
0.4904450826659099,0.8507416701311414,N900_RS14125,yecN,1.00577391,-0.30655,4.4348,12h_SI6,12h,SI6,12h_st,12h,st,4.74135
3.3743037233668076,-0.47449902825755963,N900_RS14130,acyltransferase_2,1.3314903550000001,-0.2348,4.4552,1h_SI7,1h,SI7,6h_SI4,6h,SI4,4.6899999999999995
-0.7292748539591334,-2.1641867930184984,N900_RS14135,AEC family transporter_2,0.9350201166666668,-0.34522,4.4249,3h_SI4,3h,SI4,6h_SI4,6h,SI4,4.77012
0.4209218468362015,-0.011998496614019694,N900_RS14140,nadC_2,1.1104935833333334,-0.50588,4.9344,1h_co,1h,co,1h_ce,1h,ce,5.4402800000000004
-0.36993455548935206,0.3133265071699648,N900_RS14145,VC_A0026_BLAST,0.04201380000000001,-1.2912,3.3699,3h_SI3,3h,SI3,1h_ce,1h,ce,4.661099999999999
-0.13208665467443215,-1.099931083364744,N900_RS14150,chiA,1.3953386833333332,-2.0236,6.5227,1h_SI9,1h,SI9,6h_SI2,6h,SI2,8.5463
-1.2379925781446361,-1.5654243736098434,N900_RS14155,VC_A0028,1.2130304,-1.4635,5.5767,3h_SI9,3h,SI9,3h_SI4,3h,SI4,7.0402
-0.24145566356887915,0.6828485430128605,N900_RS14160,allR,0.5613676083333332,-0.77726,3.9757,6h_SI4,6h,SI4,1h_st,1h,st,4.75296
1.855029290486657,-0.3844921423774842,N900_RS14165,arginase,1.130003333333333,-0.44062,4.7192,6h_st,6h,st,3h_st,3h,st,5.15982
1.118412832751292,0.2854380401967196,N900_RS14170,methyl-accepting chemotaxis protein_28,1.5216250500000001,-0.26404,5.5516,3h_SI5,3h,SI5,6h_SI2,6h,SI2,5.815639999999999
3.3598059253851646,-1.5691021641201888,N900_RS14175,VC_A0032,1.3930639833333334,-1.0548,4.3846,1h_SI6,1h,SI6,6h_st,6h,st,5.4394
-0.09300919882709069,-2.1987291614704625,N900_RS14180,PhoX family phosphatase,0.8199696833333333,-1.3546,3.0712,6h_SI1,6h,SI1,6h_SI3,6h,SI3,4.425800000000001
2.1280547685657822,-1.2030653634968713,N900_RS14185,VC_A0034,1.4348491833333332,-0.4149,4.1307,1h_SI9,1h,SI9,6h_SI4,6h,SI4,4.5456
-1.4354686395068077,-0.3515280450079491,N900_RS14190,"phosphatidylglycerophosphatase B, putative",0.2620648016666667,-1.1722,4.4664,6h_SI9,6h,SI9,1h_SI1,1h,SI1,5.6386
0.9668854524179231,-1.2580644395871934,N900_RS14195,sstT,1.32177243,-0.44535,5.042,1h_SI3,1h,SI3,1h_SI1,1h,SI1,5.48735
0.4795742777182843,-0.9226985113198112,N900_RS14200,copper chaperone PCu(A)C,1.1888663833333335,-0.38079,4.8714,12h_SI3,12h,SI3,3h_SI5,3h,SI5,5.252190000000001
-0.6340470576832611,-2.0988086536560395,N900_RS14205,Sco1-related protein,0.76688455,-1.2568,4.83,24h_SI1,24h,SI1,3h_SI2,3h,SI2,6.0868
-1.099851655966327,-3.3098550143094325,N900_RS14210,VC_A0039,1.1871019333333335,-1.7846,6.4076,3h_SI9,3h,SI9,3h_SI1,3h,SI1,8.1922
-0.6101775007925307,3.736982542319296,N900_RS14215,VC_A0040_BLAST,-0.48501354499999993,-3.2327,4.0344,12h_SI9,12h,SI9,1h_co,1h,co,7.267099999999999
-1.5919047730857658,1.3554569092660307,N900_RS14220,gltS,0.662897855,-1.1081,5.2975,12h_SI5,12h,SI5,6h_SI1,6h,SI1,6.405600000000001
-0.27642600218562485,-1.1870556376979058,N900_RS14225,VC_A0042_BLAST,1.1228020749999998,-0.20752,4.2799,3h_SI4,3h,SI4,6h_SI2,6h,SI2,4.487419999999999
-0.3401199711969136,3.1151795086456926,N900_RS14230,N-acetyltransferase_7,-0.3235655166666666,-2.6091,5.0117,3h_SI7,3h,SI7,3h_st,3h,st,7.620800000000001
-1.024958701604291,-1.0942988695952727,N900_RS14235,tolB_2,0.6310261366666664,-0.67938,3.6592,3h_SI4,3h,SI4,12h_st,12h,st,4.338579999999999
1.5607043854612037,0.5475191615170983,N900_RS14240,yiaV,1.1827708500000003,-0.61662,4.5218,24h_SI9,24h,SI9,3h_SI1,3h,SI1,5.13842
0.3755907998820751,-0.1779725433815479,N900_RS14245,yiaW,0.22807693333333334,-1.5059,3.7472,6h_SI8,6h,SI8,3h_SI4,3h,SI4,5.2531
-0.011284424822356698,-2.3877418446166656,N900_RS14250,VC_A0049,1.0387749216666666,-0.70972,4.0651,1h_SI1,1h,SI1,3h_SI3,3h,SI3,4.77482
0.9990545622255098,-0.7407894038577991,N900_RS14255,VC_A0051,0.9176737833333332,-0.40458,4.1073,3h_SI4,3h,SI4,3h_SI3,3h,SI3,4.511880000000001
-2.936564813934342,-0.08503212579107755,N900_RS14260,VC_A0052,-0.04916328333333332,-1.5291,4.0534,12h_SI5,12h,SI5,6h_st,6h,st,5.5825
2.5958861496311227,-0.09140674196425791,N900_RS14265,deoD_2,1.0826106466666665,-0.30296,3.7815,12h_SI7,12h,SI7,3h_st,3h,st,4.08446
-1.0934188362636692,-1.2910476392104628,N900_RS14270,VC_A0054,1.1842070666666666,-1.9137,6.0111,1h_SI7,1h,SI7,6h_SI4,6h,SI4,7.924799999999999
1.5317847468567614,2.0231389609914534,N900_RS14275,VC_A0055,0.5589891283333334,-1.2648,4.0015,6h_SI9,6h,SI9,6h_st,6h,st,5.2663
-0.6339108247862741,-0.8134423856529296,N900_RS14280,merr,0.29712685000000005,-1.2586,3.4417,24h_SI3,24h,SI3,12h_SI3,12h,SI3,4.7003
-0.35380238337991265,-1.1022760935584448,N900_RS14285,phrB_2,0.23136890000000002,-1.3958,3.3095,6h_st,6h,st,3h_SI3,3h,SI3,4.705299999999999
-2.52898564046899,1.5058287355300646,N900_RS14290,ycfS,-0.4082848666666667,-2.0012,3.5802,12h_SI2,12h,SI2,6h_st,6h,st,5.5814
-1.4234672395243335,-0.2994568108211708,N900_RS14295,lpp,0.6728104166666665,-1.6127,4.9548,6h_SI5,6h,SI5,3h_SI3,3h,SI3,6.5675
3.2932995043753293,-0.9464224316446794,N900_RS14310,ptrB,1.43388195,-0.054054,4.0928,3h_co,3h,co,3h_SI3,3h,SI3,4.146854
1.2339488668757017,-1.9586574953594456,N900_RS14315,tonb,0.9279087500000001,-0.55172,4.0346,6h_st,6h,st,1h_SI1,1h,SI1,4.586320000000001
0.608194440019183,-0.895023251891021,N900_RS14320,VC_A0065,0.8257651666666667,-0.64958,4.1765,6h_SI4,6h,SI4,3h_SI2,3h,SI2,4.82608
1.7350151127006157,-1.1900692768861747,N900_RS14325,VC_A0066,0.9193572166666666,-0.51322,4.2215,24h_st,24h,st,3h_SI1,3h,SI1,4.734719999999999
1.2270638869554817,-0.07636982242540952,N900_RS14330,hutR,0.8032932199999999,-0.50336,3.8902,1h_st,1h,st,12h_st,12h,st,4.39356
0.3535685002877944,-0.40111029556543354,N900_RS14335,methyl-accepting chemotaxis protein_26,0.10606090166666667,-1.3379,3.6943,3h_SI8,3h,SI8,3h_SI3,3h,SI3,5.0322000000000005
1.0168644073118678,1.279263684695675,N900_RS14340,pstS1_1,-0.09736410000000004,-2.3482,3.7203,3h_SI7,3h,SI7,3h_SI5,3h,SI5,6.0685
-0.1749053489575716,0.9173350339510018,N900_RS14345,pstC,0.6769671666666668,-1.5202,4.96,24h_co,24h,co,3h_st,3h,st,6.4802
-5.604571135677083,0.5775960629686958,N900_RS14350,pstA_2,-0.7363195333333333,-2.9854,3.1507,24h_st,24h,st,1h_ce,1h,ce,6.1361
-2.3863250873318482,0.7700799353077086,N900_RS14355,phosphate ABC transporter ATP-binding protein,-0.12751176666666664,-2.0726,4.0821,12h_SI5,12h,SI5,3h_SI1,3h,SI1,6.1547
0.032964937251363846,1.6695478326346627,N900_RS14360,VC_A0074,0.35831196166666673,-1.311,3.3667,12h_st,12h,st,3h_st,3h,st,4.6777
3.560556045897041,-0.7490969083344914,N900_RS14365,molybdopterin-dependent oxidoreductase,1.2177329350000001,-0.37293,4.0644,1h_SI7,1h,SI7,3h_SI4,3h,SI4,4.43733
0.7216829474315656,2.6046813255974666,N900_RS14370,VC_A0076,0.39747275000000004,-1.4551,3.6045,6h_SI3,6h,SI3,3h_st,3h,st,5.0596
1.8424732123108196,-1.2531974618109891,N900_RS14375,dauA,1.0196664816666667,-0.18046,3.7145,1h_st,1h,st,12h_SI1,12h,SI1,3.89496
-1.3980341029649037,0.34018481213895696,N900_RS14380,"1,4-alpha-glucan-branching protein",0.25979,-0.94289,2.7666,12h_SI9,12h,SI9,3h_SI5,3h,SI5,3.7094899999999997
-1.3743164848749823,-0.46546283197447147,N900_RS14385,shyA_BLAST,0.4839061516666667,-1.3066,3.7838,12h_SI3,12h,SI3,3h_SI3,3h,SI3,5.0904
-1.8016113769991855,-1.6529734519129937,N900_RS14390,VC_A0080,-0.2869692833333333,-1.5642,2.4019,12h_st,12h,st,3h_SI4,3h,SI4,3.9661
1.949434934246117,-0.34351933113865163,N900_RS14395,pgrR,1.13096449,-0.32257,4.5955,6h_st,6h,st,6h_SI2,6h,SI2,4.91807
2.395102385000386,0.7786931960374481,N900_RS14400,mdtL_2,1.4233319000000002,-0.099051,4.2219,1h_SI8,1h,SI8,24h_SI1,24h,SI1,4.320951
-2.925446236136878,-0.15861553008311985,N900_RS14405,soxR,0.8360000499999999,-0.96073,5.2109,1h_SI6,1h,SI6,3h_SI2,3h,SI2,6.1716299999999995
0.8658809906266765,1.944925338375597,N900_RS14410,MFS transporter_3,0.5032763766666668,-1.0009,4.284,3h_ce,3h,ce,3h_st,3h,st,5.2848999999999995
1.9576622491467788,1.2000732340381042,N900_RS14415,VC_A0086,1.1584876999999998,-1.0697,3.9942,3h_SI5,3h,SI5,6h_st,6h,st,5.0639
1.0901195526502114,0.8796700816140003,N900_RS14425,gltP_2,1.0929080166666665,-0.17046,5.5217,1h_SI7,1h,SI7,6h_st,6h,st,5.69216
1.5387749555798091,-0.18761607776797196,N900_RS14430,eamA_9,1.0731716316666668,-0.079083,4.1533,24h_SI6,24h,SI6,6h_SI4,6h,SI4,4.232383
-1.7287794599457056,0.8143003001367517,N900_RS14435,VC_A0091_BLAST,-0.10999609166666666,-1.416,4.011,3h_SI1,3h,SI1,3h_st,3h,st,5.427
0.7075164926424788,-1.0137101490849754,N900_RS14440,triacylglycerol lipase,0.9176072800000001,-0.55092,4.0328,3h_SI1,3h,SI1,6h_ce,6h,ce,4.58372
2.447779307510868,0.9050686687443588,N900_RS14455,VC_A0095,1.1364730583333331,-0.32517,4.2464,1h_SI6,1h,SI6,6h_SI2,6h,SI2,4.57157
2.9336424507935597,0.807146252032007,N900_RS14460,VC_A0096,1.63304785,-0.055464,4.5747,1h_SI6,1h,SI6,3h_SI1,3h,SI1,4.630164
-0.9807698174208528,-0.28451455525172775,N900_RS14465,NUDIX hydrolase_1,0.07432992333333334,-1.4637,3.5777,24h_SI4,24h,SI4,3h_SI6,3h,SI6,5.0414
-0.8853585521508509,-1.9936538251474873,N900_RS14470,pncB,0.7233546166666667,-1.042,3.6516,1h_co,1h,co,1h_SI1,1h,SI1,4.6936
1.4226179171536346,-2.246537871603019,N900_RS14475,ydgJ,0.7585031666666667,-0.89777,3.7676,6h_st,6h,st,3h_SI3,3h,SI3,4.665369999999999
2.8422423592550645,-2.1663619010528925,N900_RS14480,phage shock protein E,1.328314295,-0.16801,5.0278,1h_SI8,1h,SI8,12h_SI2,12h,SI2,5.19581
2.9385476496654865,-1.1441567464543512,N900_RS14485,VC_A0101,1.3514239333333333,-0.12221,4.0661,1h_SI6,1h,SI6,12h_SI1,12h,SI1,4.1883099999999995
-1.3392791966724134,1.2954178926671354,N900_RS14490,HAD family phosphatase,0.6066659499999999,-1.021,4.004,6h_SI3,6h,SI3,3h_st,3h,st,5.0249999999999995
-0.6167190575657076,-0.6084798787446438,N900_RS14495,SulP family inorganic anion transporter_2,0.6758324533333334,-0.631,3.4462,6h_co,6h,co,6h_st,6h,st,4.0772
0.4091557178473022,1.5507544208419155,N900_RS14500,RluA family pseudouridine synthase,0.7282484348333333,-0.81402,2.9619,3h_SI3,3h,SI3,6h_st,6h,st,3.77592
0.7315769492454574,-1.814486355766633,N900_RS14505,type VI secretion system PAAR protein_2,0.8331022499999997,-0.51853,3.3498,3h_st,3h,st,3h_SI2,3h,SI2,3.8683300000000003
-0.05867249689060339,-0.2786278511316901,N900_RS14510,VC_A0106,1.0286589099999999,-0.45981,4.7643,3h_SI3,3h,SI3,6h_st,6h,st,5.2241100000000005
-5.2223577832905015,-0.6794865080563244,N900_RS14515,tssB,-0.06134811666666665,-1.6234,2.6234,12h_SI2,12h,SI2,6h_SI3,6h,SI3,4.2468
-0.13223584201852567,-0.8805915764172079,N900_RS14520,tssC,1.0157486166666667,-0.40848,4.101,3h_SI3,3h,SI3,3h_SI2,3h,SI2,4.50948
-2.4244861342142183,0.7180905855765214,N900_RS14525,tssE,0.7856473333333334,-1.6346,6.3144,3h_SI6,3h,SI6,6h_ce,6h,ce,7.949
0.4514263854457594,3.1309163520992724,N900_RS14530,tssF,0.6000147499999999,-0.90889,5.7526,6h_SI7,6h,SI7,6h_st,6h,st,6.661490000000001
1.167023009628469,-0.9099418788283566,N900_RS14535,tssG,0.8065484500000001,-0.7013,4.1828,6h_ce,6h,ce,6h_SI3,6h,SI3,4.8841
2.2915163516843835,0.3991403966266131,N900_RS14540,tagH,0.8445806916666666,-0.33497,3.9672,24h_ce,24h,ce,3h_SI2,3h,SI2,4.30217
0.944074831072327,-3.369554624289604,N900_RS14545,tssJ,1.53965285,-0.58724,4.3562,3h_SI9,3h,SI9,3h_SI6,3h,SI6,4.943440000000001
-1.204180832376622,0.7856264922668825,N900_RS14550,tssK,0.6180601833333335,-1.1407,4.016,6h_st,6h,st,1h_SI1,1h,SI1,5.1567
-1.397122903431953,-0.018037937297442574,N900_RS14555,vasF,0.3530161666666667,-1.4007,4.1331,12h_SI2,12h,SI2,6h_SI2,6h,SI2,5.533799999999999
1.0892666324612348,0.1615302733164518,N900_RS14560,tssH,0.9200113366666667,-0.3958,3.6136,6h_st,6h,st,3h_SI5,3h,SI5,4.0094
1.4751106153583624,-0.3821426692034573,N900_RS14565,vasH,0.6813372166666667,-0.62938,3.8638,3h_SI5,3h,SI5,3h_SI3,3h,SI3,4.49318
1.122337171025837,-2.1667271144864015,N900_RS14570,tagO,1.0331540333333333,-0.47112,3.5782,12h_st,12h,st,3h_SI5,3h,SI5,4.04932
1.353399030775729,-1.356015005281504,N900_RS14575,tssA,0.6942221333333334,-1.1237,3.5923,6h_st,6h,st,3h_SI2,3h,SI2,4.715999999999999
-0.25686440658084875,-1.6968739787496645,N900_RS14580,tssM,0.7569246966666667,-0.77626,4.4856,6h_st,6h,st,3h_SI4,3h,SI4,5.2618599999999995
1.2248669547548445,0.23505688355101212,N900_RS14585,vasL,1.0723734999999999,-0.64779,3.6615,3h_SI1,3h,SI1,12h_SI2,12h,SI2,4.30929
1.6566416491698552,-0.8460730911174774,N900_RS14590,VC_A0122,1.5880306666666668,-0.23061,5.43,1h_ce,1h,ce,1h_st,1h,st,5.66061
-5.239104576780999,-0.3529498453487795,N900_RS14595,tssI_2,-0.4572842166666667,-2.1247,2.1407,6h_SI3,6h,SI3,3h_SI1,3h,SI1,4.2654
0.5508933911584615,1.2508894742749392,N900_RS14600,tsiV3,2.4871110000000005,-0.72289,7.6174,1h_SI6,1h,SI6,6h_SI2,6h,SI2,8.34029
0.37084406605621734,-2.621337130806498,N900_RS14605,VC_A0125,0.8576984833333332,-0.71698,3.9082,3h_co,3h,co,6h_SI2,6h,SI2,4.62518
1.4558734923167806,1.916990327916205,N900_RS14615,rbsD,0.7879328500000001,-0.92322,5.5236,12h_SI8,12h,SI8,6h_SI1,6h,SI1,6.44682
-0.3728139052624009,-1.2855395858733247,N900_RS14620,rbsA,1.08865304,-0.7503,4.4801,12h_st,12h,st,6h_SI3,6h,SI3,5.2304
0.23170883818162435,0.2643870773788418,N900_RS14625,rbsC,0.6735404050000001,-1.0134,4.7812,12h_SI5,12h,SI5,6h_SI2,6h,SI2,5.7946
1.3404557012755625,-1.9553805372764521,N900_RS14630,rbsB,1.2846966666666666,-0.88694,5.4425,1h_SI9,1h,SI9,6h_SI4,6h,SI4,6.32944
1.2277892838440057,0.9149509615655359,N900_RS14635,rbsK,1.1860945200000004,-0.15649,5.0401,1h_SI8,1h,SI8,6h_st,6h,st,5.19659
-0.5217868952519384,0.7290616343524355,N900_RS14640,laci_2,0.16181638333333334,-3.3489,3.8229,6h_SI8,6h,SI8,3h_SI4,3h,SI4,7.1718
1.1940206913406195,-1.1142441527826867,N900_RS14645,pnuC,0.5002800000000001,-0.88914,3.6043,3h_st,3h,st,6h_SI2,6h,SI2,4.49344
3.7351872591994857,1.0591350962215853,N900_RS14650,Nicotinamide riboside transporter PnuC_BLAST,1.5683465833333334,-2.2388,5.8015,1h_SI5,1h,SI5,3h_st,3h,st,8.0403
0.8057680420401252,-0.17792212756475323,N900_RS14655,udp_2,1.0243475499999999,-0.73228,3.5275,6h_SI2,6h,SI2,3h_st,3h,st,4.25978
-1.046230053078574,-2.5883255907282696,N900_RS14660,Crp/Fnr family transcriptional regulator_2,0.24560546000000003,-1.7513,2.8914,6h_SI3,6h,SI3,12h_SI1,12h,SI1,4.6427
2.4372127541203508,-1.0781857244486404,N900_RS14665,glpQ,1.2012939833333336,-0.33113,3.4352,3h_st,3h,st,3h_SI3,3h,SI3,3.76633
1.9309821261802727,-0.5265852448664614,N900_RS14670,glpT,1.7716666833333337,-0.2352,5.2169,1h_SI9,1h,SI9,24h_SI1,24h,SI1,5.4521
0.5442945790086946,-0.40680255198642257,N900_RS14675,VC_A0139,1.179211736666667,-0.31504,5.1778,3h_co,3h,co,6h_st,6h,st,5.49284
-0.09579683391938065,-1.2906972162454107,N900_RS14680,spindolin,1.0198445999999999,-0.4481,3.6802,3h_SI1,3h,SI1,3h_SI3,3h,SI3,4.1283
0.5507821570345959,-1.8584978556177352,N900_RS14685,sensor histidine kinase_4,0.8288762466666667,-1.1174,4.2843,6h_SI1,6h,SI1,12h_SI3,12h,SI3,5.4017
1.6879215713633569,-0.9815630210673141,N900_RS14690,dctD_2,0.5789646349999998,-0.85378,5.0611,6h_st,6h,st,3h_SI3,3h,SI3,5.91488
1.3296034588420946,-0.021998713616411036,N900_RS14700,C4-dicarboxylate ABC transporter substrate-binding protein_2,0.41813456666666676,-0.89993,4.8013,1h_st,1h,st,3h_SI4,3h,SI4,5.701230000000001
-0.9409143507181521,-1.1847077018416352,N900_RS14705,dctM_2,0.2464661833333333,-1.0563,4.0435,24h_st,24h,st,3h_SI2,3h,SI2,5.0998
-1.2943639246416792,-1.4709887471343126,N900_RS14710,lhgO,0.9118612683333336,-0.65955,4.2693,6h_SI1,6h,SI1,3h_SI3,3h,SI3,4.928850000000001
-0.9124868596393627,-1.1780063018921505,N900_RS14715,peptidase M66,0.29567737833333335,-1.1244,3.2812,3h_SI1,3h,SI1,12h_SI1,12h,SI1,4.4056
2.2853206359150846,0.9752430608740087,N900_RS14720,def2,1.5265720500000002,-0.42556,5.3288,1h_SI8,1h,SI8,3h_st,3h,st,5.75436
2.3210762879339377,-1.7789557597641057,N900_RS14725,oxidoreductase,1.153730326666667,-0.45255,3.6931,1h_st,1h,st,3h_SI2,3h,SI2,4.14565
2.7222158616986025,1.5328135858234126,N900_RS14730,mrpG,1.275571816666667,-0.39763,4.2197,1h_SI7,1h,SI7,3h_SI1,3h,SI1,4.61733
-0.8884291572802918,-0.9746954805894972,N900_RS14735,cation:proton antiporter,0.7567654833333334,-0.54218,5.244,24h_SI3,24h,SI3,6h_SI3,6h,SI3,5.78618
-5.267867387036095,-0.9801774020352627,N900_RS14740,mrpE,-0.32300234999999994,-1.8152,2.1712,3h_SI6,3h,SI6,12h_SI3,12h,SI3,3.9863999999999997
-0.5854913806149673,-1.0032953999852292,N900_RS14745,mnhD,0.36043955833333335,-0.86445,3.0292,24h_SI1,24h,SI1,3h_SI4,3h,SI4,3.89365
-1.2992850466788621,-0.1721561022456236,N900_RS14750,mrpC,0.6532479050000001,-1.0686,3.7601,3h_SI2,3h,SI2,1h_ce,1h,ce,4.8286999999999995
1.4949179980728795,-1.2738444997573861,N900_RS14755,mrpA,0.7008406166666667,-0.50543,3.3469,1h_st,1h,st,3h_SI1,3h,SI1,3.8523300000000003
-5.918116143411025,2.4983631170691827,N900_RS14760,VC_A0158,-1.2850110999999997,-4.6618,1.5573,6h_SI6,6h,SI6,12h_SI3,12h,SI3,6.2191
2.5437796960442958,0.16790138350359315,N900_RS14765,uspA_2,0.7727559999999999,-1.0223,4.457,6h_ce,6h,ce,6h_st,6h,st,5.4793
1.4478900187170716,-2.575294723952655,N900_RS14770,tryptophan-specific transporter,1.1096724500000001,-0.29149,3.7705,12h_st,12h,st,3h_SI4,3h,SI4,4.06199
-0.5371143620151635,-2.0823617667753327,N900_RS14775,tnaA,0.6650317283333333,-1.2507,3.6123,3h_SI8,3h,SI8,3h_SI5,3h,SI5,4.8629999999999995
-1.8408487675134115,0.042979800229306475,N900_RS14785,ypeB_BLAST,0.24818010000000001,-1.3015,4.0371,3h_SI8,3h,SI8,3h_SI1,3h,SI1,5.3386
2.5269700243262623,1.0868393340295848,N900_RS14795,VC_A0165,0.9819790816666666,-0.39845,3.5246,1h_SI7,1h,SI7,3h_st,3h,st,3.92305
-4.158249294347906,-2.7744088263198057,N900_RS14800,cspV_1,0.6819019683333334,-1.1909,4.1774,1h_co,1h,co,6h_SI5,6h,SI5,5.3683
2.2247034881280223,-1.0767219567564654,N900_RS14805,VC_A0167,0.9900946616666666,-0.49914,4.3301,12h_SI6,12h,SI6,3h_SI1,3h,SI1,4.8292399999999995
1.5939122391201046,-2.429808046900696,N900_RS14810,batD,1.0372278024500001,-0.36439,3.484,3h_co,3h,co,3h_SI1,3h,SI1,3.84839
-1.6176467304782096,-1.0806088364108202,N900_RS14815,VC_A0171,0.33510036666666665,-1.5612,2.8791,6h_SI1,6h,SI1,3h_SI5,3h,SI5,4.440300000000001
1.2770420040046915,0.3609250271709739,N900_RS14820,VC_A0172,1.0241935116666665,-0.4809,3.887,1h_st,1h,st,3h_SI1,3h,SI1,4.3679
-1.8393098645898227,0.6689091012132511,N900_RS14825,VC_A0173,0.010192378333333318,-1.641,4.3978,24h_SI1,24h,SI1,6h_SI1,6h,SI1,6.0388
1.9874633283978111,-0.11231125519426843,N900_RS14830,VC_A0174,1.3133903625,-0.15197,4.2133,1h_SI9,1h,SI9,1h_st,1h,st,4.365270000000001
-0.3520670243119368,-0.7438264530871614,N900_RS14835,MoxR family ATPase,0.7368048383333334,-0.75366,3.204,6h_st,6h,st,12h_SI4,12h,SI4,3.95766
3.3622490037367267,-0.34790046514705797,N900_RS14840,methyl-accepting chemotaxis protein_20,1.6516783833333337,-0.30857,5.037,1h_SI6,1h,SI6,6h_SI1,6h,SI1,5.34557
-0.7833830184502175,-0.7359067966168376,N900_RS14845,chromosome segregation ATPase_2,0.44671156666666667,-1.1859,2.9725,3h_SI1,3h,SI1,6h_st,6h,st,4.1584
3.190784043312317,-0.9912862334400983,N900_RS14850,frnE protein,1.1155926266666667,-0.75901,4.4755,1h_SI4,1h,SI4,3h_SI3,3h,SI3,5.23451
0.612442489195451,-3.397267901292313,N900_RS14855,psuT,0.4617115500000001,-0.9648,3.3837,1h_ce,1h,ce,6h_SI4,6h,SI4,4.3485000000000005
-0.5741451669593856,-4.0984582815918635,N900_RS14860,pepT,0.9717282,-0.9055,3.5006,12h_st,12h,st,3h_SI5,3h,SI5,4.4061
2.0054435292943777,-0.15906237719554034,N900_RS14865,mscS_2,1.0473618333333332,-0.12769,3.9044,12h_st,12h,st,3h_SI2,3h,SI2,4.03209
0.11654357660973469,-0.9874416607113823,N900_RS14870,norR,0.9653880666666667,-0.82117,3.6888,1h_ce,1h,ce,12h_st,12h,st,4.50997
2.4421834413351506,0.3519563170448538,N900_RS14875,hmpA,0.8405361766666667,-0.64206,3.6934,1h_st,1h,st,3h_SI2,3h,SI2,4.33546
-1.9836672466185907,-0.30664178201626,N900_RS14885,arfA,0.8576631833333335,-1.2438,5.3348,12h_SI1,12h,SI1,3h_SI1,3h,SI1,6.578600000000001
-0.8068806921679932,-0.6257272544247048,N900_RS14890,VC_A0186,0.8366531266666667,-1.8851,4.7062,6h_SI7,6h,SI7,12h_SI1,12h,SI1,6.5913
2.1352006672481734,2.283761414105988,N900_RS14895,VC_A0188,1.0556755666666666,-0.48375,4.7246,1h_SI6,1h,SI6,3h_st,3h,st,5.208349999999999
3.4297728764796025,0.3358237476705971,N900_RS14900,rcsC_9,1.5730232666666668,-0.30345,4.2218,1h_SI6,1h,SI6,6h_st,6h,st,4.52525
-1.9572141828580785,0.8886921967428792,N900_RS14905,VC_A0190,0.22359617349999997,-1.5333,4.7713,12h_SI2,12h,SI2,6h_st,6h,st,6.304600000000001
0.9632534983314835,-0.5492051145873915,N900_RS14910,NAD(P)H-hydrate dehydratase,0.30185363333333337,-1.202,3.0418,6h_st,6h,st,3h_SI3,3h,SI3,4.2438
-1.719573807658854,-0.9404647154980021,N900_RS14915,ldhA,0.1350595366666667,-1.7158,2.8087,6h_SI3,6h,SI3,3h_SI4,3h,SI4,4.5245
1.6265134150082492,-0.5017127885071424,N900_RS14920,"Na+/H+ antiporter, putative",0.8517912416666668,-0.54341,3.7246,1h_st,1h,st,3h_SI5,3h,SI5,4.26801
-0.6701690123497928,0.8180361809999184,N900_RS14925,potassium channel protein,0.379093905,-1.029,3.0126,3h_SI4,3h,SI4,3h_SI5,3h,SI5,4.0416
2.503946344852336,-1.8795289356764258,N900_RS14930,VC_A0195,0.523956045,-1.0733,3.1352,3h_SI9,3h,SI9,3h_SI1,3h,SI1,4.2085
-3.5513202185549937,-0.4702717943938589,N900_RS14935,VC_A0196,-0.5307166666666666,-3.3628,3.168,6h_co,6h,co,3h_SI5,3h,SI5,6.5308
-2.438567159098133,-1.2807817943702369,N900_RS14940,guaC,0.6495650883333333,-0.93003,3.6756,12h_SI1,12h,SI1,6h_SI2,6h,SI2,4.605630000000001
-2.9830905729507835,3.8179925216041624,N900_RS14945,DNA cytosine methyltransferase,-2.1396211666666667,-5.1845,2.9562,12h_SI5,12h,SI5,1h_st,1h,st,8.140699999999999
-1.6970723579030513,2.6640690555708395,N900_RS14950,VC_A0199,-0.8942275,-4.3659,4.1423,6h_SI6,6h,SI6,3h_SI1,3h,SI1,8.508199999999999
-1.026770982301318,-0.4023950569385232,N900_RS14955,VC_A0200,-0.06139515166666667,-1.4675,4.1407,3h_SI3,3h,SI3,6h_SI2,6h,SI2,5.6082
-2.4104360015992654,0.4761247260112571,N900_RS14960,VC_A0201,0.08170961666666665,-1.6726,2.876,6h_SI2,6h,SI2,1h_co,1h,co,4.5486
1.0077325897426563,-3.125572088232456,N900_RS14970,rhlE_2,1.1808766166666667,-0.97576,4.5797,1h_ce,1h,ce,3h_SI4,3h,SI4,5.55546
-0.2125981086362505,2.381526796185959,N900_RS14975,dcuB,0.3334191766666666,-2.0604,2.4524,6h_SI7,6h,SI7,12h_SI6,12h,SI6,4.5128
0.0233821583021121,1.4486508455439318,N900_RS14990,VC_A0209,0.9902463833333335,-0.60214,5.6177,1h_SI9,1h,SI9,3h_st,3h,st,6.2198400000000005
1.1393442950509503,-0.20711936677139908,N900_RS14995,VC_A0210_BLAST,0.40954651000000003,-0.98993,2.8931,6h_st,6h,st,6h_SI1,6h,SI1,3.8830299999999998
1.3589086383915143,1.3060065687329225,N900_RS15000,rcsC_10,0.7052033833333333,-0.84796,4.9472,1h_st,1h,st,3h_st,3h,st,5.795159999999999
1.4980555365427142,-0.08717467447420935,N900_RS15005,VC_A0212,1.1144842833333333,-0.34995,5.0488,24h_SI1,24h,SI1,6h_ce,6h,ce,5.39875
-0.41383815380859046,0.5055783184659104,N900_RS15010,VC_A0213,0.7431707499999999,-0.86416,3.8855,3h_SI6,3h,SI6,6h_SI4,6h,SI4,4.74966
1.4015114284579218,-1.4236123736951114,N900_RS15015,emrD,0.8942745999999999,-0.55942,4.462,1h_st,1h,st,3h_SI6,3h,SI6,5.02142
-0.23525362873860267,-0.10243487530209827,N900_RS15025,VC_A0216,1.0033579666666665,-0.20967,4.2054,3h_SI1,3h,SI1,6h_SI2,6h,SI2,4.41507
-1.0189104398367586,1.7282550526717988,N900_RS15030,VC_A0217,0.3646084898333334,-1.0564,4.1407,3h_SI5,3h,SI5,6h_st,6h,st,5.1971
1.122402961001117,-1.8571172243342806,N900_RS15035,thermolabile hemolysin,1.46969425,-0.45456,4.43,1h_ce,1h,ce,12h_SI1,12h,SI1,4.88456
0.7623755287814595,0.8817427075612422,N900_RS15040,hlyA,0.94812045,-0.67228,4.5662,6h_SI4,6h,SI4,6h_st,6h,st,5.23848
-0.34895718551162425,-1.244524115536908,N900_RS15045,hlyB_BLAST,0.24304066333333332,-1.0391,3.5212,6h_st,6h,st,3h_SI3,3h,SI3,4.5603
-1.198487519665317,-0.1649375967386747,N900_RS15050,hlyC,0.6261434833333335,-0.49801,4.6274,6h_SI3,6h,SI3,6h_SI2,6h,SI2,5.12541
0.7019906600248422,-0.5588455064042687,N900_RS15055,lifO,0.5302599833333334,-0.99257,3.1125,3h_SI4,3h,SI4,3h_SI2,3h,SI2,4.1050699999999996
0.8794255939439717,2.497955508959295,N900_RS15060,prtV,0.5370706666666667,-0.96685,3.9736,24h_ce,24h,ce,3h_st,3h,st,4.94045
0.28400164831163055,-0.12170849615546203,N900_RS15065,VC_A0224,0.9889784333333332,-0.71438,5.6224,6h_SI4,6h,SI4,1h_SI1,1h,SI1,6.33678
3.1205145187989833,-0.2899012794973149,N900_RS15070,egtC,1.0660218333333333,-0.78944,3.8858,1h_ce,1h,ce,6h_SI1,6h,SI1,4.6752400000000005
-1.879144249419559,-0.7116648768517417,N900_RS15075,siderophore ABC transporter substrate-binding protein,0.33299563333333343,-1.4311,3.297,6h_SI2,6h,SI2,6h_st,6h,st,4.7281
0.8687386931855685,-0.4129272118128642,N900_RS15080,vctD,0.2486776683333333,-1.1851,3.4882,3h_SI5,3h,SI5,6h_SI2,6h,SI2,4.6733
2.2187074390306565,1.0303402029828244,N900_RS15085,vctG,0.71983425,-0.34436,3.1235,12h_SI6,12h,SI6,3h_SI4,3h,SI4,3.46786
0.5224391213636879,0.24197946118763636,N900_RS15090,vctC,1.1217792000000002,-0.47369,4.4879,1h_SI8,1h,SI8,3h_SI3,3h,SI3,4.96159
1.7858199813866644,-0.4244775935694687,N900_RS15095,AraC family transcriptional regulator_5,1.0933262616666668,-0.28185,3.8769,3h_st,3h,st,3h_SI4,3h,SI4,4.15875
1.0328414804758417,-1.3384397523701568,N900_RS15100,vctA,0.9684768956666667,-0.41411,3.3032,3h_SI4,3h,SI4,3h_SI1,3h,SI1,3.71731
-0.4217195494224284,-0.540376388421798,N900_RS15105,VC_A0233,0.12243378166666667,-1.2059,3.9365,6h_SI3,6h,SI3,3h_SI3,3h,SI3,5.1424
1.4382248124369275,-0.5522236562594818,N900_RS15110,ackA_2,1.2857613333333333,-0.26012,4.284,1h_st,1h,st,3h_SI1,3h,SI1,4.5441199999999995
-1.9052302544795288,-1.099410615478181,N900_RS15115,VC_A0236,0.42282386666666666,-1.7495,4.7083,12h_SI2,12h,SI2,3h_SI3,3h,SI3,6.457800000000001
0.1113747942838943,-1.8709838316476723,N900_RS15120,phosphoribosyl-AMP cyclohydrolase,0.4060095799999999,-1.2686,3.7771,12h_st,12h,st,6h_SI1,6h,SI1,5.0457
2.021684131313428,-1.934736214880679,N900_RS15125,sensor histidine kinase_5,1.5056493650000002,-0.12445,3.993,6h_st,6h,st,6h_SI1,6h,SI1,4.11745
-2.2220044031157395,-1.4055970985792858,N900_RS15130,ctrA,0.20937345,-1.2849,2.8929,6h_SI4,6h,SI4,3h_SI3,3h,SI3,4.1777999999999995
-1.0988195668642056,0.38240242096417537,N900_RS15135,VC_A0240,0.9399089799999999,-1.4703,5.0791,6h_SI6,6h,SI6,3h_SI3,3h,SI3,6.5494
-2.1917168271468888,-2.5623681933106908,N900_RS15140,ulaE,0.5355299066666667,-1.6675,4.6927,12h_SI3,12h,SI3,6h_SI1,6h,SI1,6.360200000000001
0.08636918308551911,1.408262013083091,N900_RS15145,sgbH,-0.1887050833333333,-1.9101,5.0409,12h_SI7,12h,SI7,6h_SI1,6h,SI1,6.951
-0.14718180398585767,-0.5526976895926661,N900_RS15150,ybhA,0.5236248816666668,-0.93284,4.8388,6h_st,6h,st,3h_SI2,3h,SI2,5.77164
-2.0956739503527233,-2.344946643469635,N900_RS15155,ulaF,0.1941852,-1.437,3.3342,6h_st,6h,st,6h_ce,6h,ce,4.7712
1.682411392971809,-1.6476986864678027,N900_RS15160,ulaC,0.53455084,-0.975,3.0857,3h_SI2,3h,SI2,6h_SI4,6h,SI4,4.0607
-0.9975838350990403,-1.8270397550034376,N900_RS15165,PTS ascorbate-specific subunit IIBC,-0.024426440000000015,-1.3397,2.8439,6h_SI7,6h,SI7,12h_SI3,12h,SI3,4.1836
-0.3503654837703687,1.0242834602705173,N900_RS15170,ulaR,-0.3687401,-3.54,3.6143,6h_SI6,6h,SI6,6h_SI1,6h,SI1,7.1543
-0.8384399105467542,1.3356597238323067,N900_RS15175,ulaG,0.48174983283333345,-0.97042,3.9615,12h_SI1,12h,SI1,3h_SI1,3h,SI1,4.93192
-1.422528366255313,-0.12619339509610178,N900_RS15180,yceJ_1,0.37490658333333327,-1.1594,3.1461,3h_SI2,3h,SI2,6h_SI2,6h,SI2,4.3055
1.7899871268950571,-1.3579511760006355,N900_RS15185,tam,1.07174385,-0.24468,3.6396,3h_co,3h,co,6h_ce,6h,ce,3.8842800000000004
-1.0411833001046582,-1.5896019567601838,N900_RS15190,antibiotic acetyltransferase_1,0.82074985,-1.3726,4.0007,6h_SI1,6h,SI1,6h_ce,6h,ce,5.3733
-0.21879595526435258,0.5670394032979176,N900_RS15195,VC_A0254,1.1030312500000001,-0.80786,6.4407,12h_SI4,12h,SI4,6h_st,6h,st,7.2485599999999994
0.9834528969167762,1.3399741915647043,N900_RS15200,VC_A0254,0.14544948333333335,-1.5861,2.6528,3h_SI5,3h,SI5,6h_SI2,6h,SI2,4.2389
-0.2927168874078183,1.659054440098845,N900_RS15205,VC_A0255,1.2638085666666667,-0.96438,4.8584,6h_SI5,6h,SI5,3h_SI3,3h,SI3,5.82278
2.5968375245563484,0.12323459501882925,N900_RS15210,DNA-binding response regulator_2,1.5251856666666663,-0.30618,4.4879,1h_SI9,1h,SI9,3h_st,3h,st,4.79408
-0.8443253488753304,-2.0991883025242313,N900_RS15215,sensor histidine kinase,0.9964218833333334,-0.43941,3.5627,3h_SI2,3h,SI2,6h_ce,6h,ce,4.00211
0.5284669919809128,1.4995134928035339,N900_RS15220,VC_A0258,0.1237858166666667,-1.5259,3.0541,6h_SI4,6h,SI4,3h_SI5,3h,SI5,4.58
0.24895690462564168,1.8324890242281469,N900_RS15225,copI_BLAST,0.5662038000000001,-0.98204,4.1643,3h_SI5,3h,SI5,12h_SI1,12h,SI1,5.14634
0.08145297998728873,-2.446198410781778,N900_RS15230,VC_A0262,1.0048469166666667,-0.38323,4.4115,6h_ce,6h,ce,3h_SI2,3h,SI2,4.79473
-0.628377846694252,-0.20281736185973276,N900_RS15235,N-acetyltransferase_4,1.1782344166666665,-0.40424,5.3531,24h_st,24h,st,3h_SI2,3h,SI2,5.75734
1.1591115755813428,-0.19729614722536348,N900_RS15240,yfiC_2,0.8241683916666667,-0.935,5.1353,1h_co,1h,co,3h_SI2,3h,SI2,6.0703
0.06441978464066622,2.083900941326317,N900_RS15245,VC_A0265,0.5160328316666667,-2.2942,5.5445,6h_SI5,6h,SI5,6h_st,6h,st,7.8387
-2.614199158509986,-0.4639325944665944,N900_RS15250,nimR_1,-0.34364031166666664,-2.3476,2.5358,12h_SI3,12h,SI3,3h_SI2,3h,SI2,4.8834
2.0905915116088476,-1.7877519875731545,N900_RS15255,emrD3,0.759544055,-0.64658,3.2808,12h_st,12h,st,3h_SI1,3h,SI1,3.9273800000000003
2.120814936794944,0.9933460274211832,N900_RS15260,methyl-accepting chemotaxis protein_21,0.8945622049999999,-0.44324,3.6011,6h_SI7,6h,SI7,3h_SI3,3h,SI3,4.04434
1.961925569273098,0.5739250928963167,N900_RS15265,hdc,1.2264972166666666,-0.21638,4.3689,6h_st,6h,st,3h_st,3h,st,4.58528
-0.05875312727120141,-0.5532961069034821,N900_RS15270,dacA_2,1.0704898333333333,-0.66035,4.8619,6h_SI2,6h,SI2,3h_st,3h,st,5.5222500000000005
2.791136324917775,-0.7417773173132374,N900_RS15275,XRE family transcriptional regulator_9,1.1953142916666668,-0.34569,3.9772,1h_SI8,1h,SI8,3h_SI1,3h,SI1,4.32289
1.3688222792285787,0.7113300338789859,N900_RS15280,VC_A0791,1.3351747766666664,-0.16862,5.831,1h_SI6,1h,SI6,3h_st,3h,st,5.99962
2.4964514200108088,-1.496155368958006,N900_RS15285,cah,0.6753901833333333,-1.0445,3.7177,12h_SI8,12h,SI8,3h_SI3,3h,SI3,4.7622
-4.139543423385975,0.1565482553045801,N900_RS15295,gcvP,-0.11339373333333332,-1.7545,4.0519,12h_SI4,12h,SI4,1h_ce,1h,ce,5.8064
-1.6782977011366274,-2.034361129184334,N900_RS15300,gcvH,0.9777325116666666,-0.26305,4.0428,1h_SI9,1h,SI9,1h_SI1,1h,SI1,4.3058499999999995
1.963098772543649,-0.467484363319584,N900_RS15305,glyA2,0.8324931016666667,-0.72686,3.7585,12h_st,12h,st,3h_SI1,3h,SI1,4.48536
3.142284314072275,-0.16288659307648096,N900_RS15315,gcvT,1.2607193500000002,-0.33547,3.8181,1h_SI8,1h,SI8,3h_SI1,3h,SI1,4.15357
-0.1844872095100598,2.235970779170513,N900_RS15320,"integrase, putative",-0.123182,-2.0723,4.0216,12h_SI8,12h,SI8,12h_SI1,12h,SI1,6.0939
1.0139971127605074,1.2115799241238832,N900_RS15330,Pseudogene_N900_RS15330,0.5921912999999999,-1.7218,4.5487,12h_SI8,12h,SI8,12h_SI1,12h,SI1,6.2705
-0.9610372807261425,2.866796861862912,N900_RS15335,type VI secretion system PAAR protein_1,0.008635900833333333,0.00062908,0.17791,12h_SI8,12h,SI8,3h_st,3h,st,0.17728092
2.810254672786474,-0.33794020477968545,N900_RS15340,VC_A0285,0.48318176333333335,-1.2482,3.1903,12h_SI8,12h,SI8,3h_SI1,3h,SI1,4.4385
0.4174940164485341,-2.461871209771104,N900_RS15370,intIA,1.1291216333333332,-0.080779,4.8476,12h_st,12h,st,6h_SI4,6h,SI4,4.928379
-3.2042571228980674,-1.5090859651213673,N900_RS15375,VC_A0294,-0.02289043333333335,-2.5247,3.0604,3h_SI9,3h,SI9,3h_SI3,3h,SI3,5.585100000000001
-2.193441930985429,-2.19076887191839,N900_RS15390,VC_A0299,0.09903674999999998,-1.908,3.3005,6h_SI1,6h,SI1,3h_SI5,3h,SI5,5.2085
-0.7664232139396652,-2.3916814212394044,N900_RS15395,catB9,0.6441362833333333,-0.90251,4.5952,3h_SI9,3h,SI9,3h_SI1,3h,SI1,5.4977100000000005
-1.628751351515222,-2.0578218191488276,N900_RS15400,ygfF,0.10089349999999998,-1.485,2.4851,3h_SI2,3h,SI2,6h_SI4,6h,SI4,3.9701000000000004
-3.504659739261757,2.2534213983611266,N900_RS15415,VC_A0304,-1.0176916666666667,-2.9248,3.0967,24h_co,24h,co,1h_SI1,1h,SI1,6.0215
-4.06558793172104,-1.1656258067890266,N900_RS15430,HNH endonuclease_2,-0.2589045766666666,-2.7473,2.7622,3h_SI9,3h,SI9,3h_SI1,3h,SI1,5.5095
-3.8856479830000765,-0.6070397686804208,N900_RS15435,VC_A0308_BLAST,-0.29818726666666673,-2.0245,2.4114,6h_SI3,6h,SI3,1h_ce,1h,ce,4.4359
-2.8376350219479365,-1.3813542572611621,N900_RS15440,HNH endonuclease_1,-0.10880488866666663,-2.5043,2.4738,12h_SI4,12h,SI4,3h_SI2,3h,SI2,4.9781
-2.4409426241227443,-0.11175317973844345,N900_RS15445,VC_A0310,0.4796739833333334,-2.0096,6.7351,3h_SI9,3h,SI9,6h_st,6h,st,8.7447
-4.519534219287955,0.04325865004847296,N900_RS15460,rppH_2,-0.5848261983333334,-2.4371,3.5886,24h_SI5,24h,SI5,12h_SI2,12h,SI2,6.0257000000000005
-3.2002128237321625,-2.5008054534431126,N900_RS15480,blc_1,0.5499585166666666,-1.9887,4.5659,3h_ce,3h,ce,3h_SI4,3h,SI4,6.5546
-2.007091265699482,3.0155170614963405,N900_RS15500,VC_A0322,0.015586116666666669,0.00036696,0.37722,12h_ce,12h,ce,3h_st,3h,st,0.37685304
3.3261494876299373,-1.3346572487155506,N900_RS15510,type II toxin-antitoxin system YafQ family toxin,1.0779460799999998,-0.81156,4.2607,3h_co,3h,co,3h_SI3,3h,SI3,5.07226
-1.4155101488705137,0.286345996068576,N900_RS15545,OsmC family peroxiredoxin,0.2921222333333333,-1.1124,4.471,6h_SI1,6h,SI1,3h_st,3h,st,5.5834
-1.1396863229853431,1.6825702484672165,N900_RS15550,VC_A0331,-0.5928113049999999,-3.6856,4.0015,12h_ce,12h,ce,3h_SI1,3h,SI1,7.6871
-3.772197546793853,3.5740451627820105,N900_RS15555,toxin,-1.616501666666667,-4.4485,3.3211,12h_SI4,12h,SI4,1h_ce,1h,ce,7.7696000000000005
-2.160860336029261,-1.844363919404565,N900_RS15565,VC_A0334,0.10139413849999998,-1.7154,4.1808,12h_co,12h,co,3h_SI1,3h,SI1,5.896199999999999
0.22791771895382107,1.841388638214929,N900_RS15575,mccF_1,0.5240731466666667,-1.008,3.7444,12h_ce,12h,ce,3h_SI3,3h,SI3,4.7524
-0.8080193317605744,-1.3621699284548738,N900_RS15580,VC_A0338,0.9157978166666667,-0.73239,4.5594,3h_SI1,3h,SI1,6h_ce,6h,ce,5.29179
-1.5354787966450172,-2.438761243307621,N900_RS15585,VC_A0339,1.0459315,-0.4069,4.5137,6h_SI2,6h,SI2,6h_SI1,6h,SI1,4.9206
0.7708372421851077,-1.5107475068529588,N900_RS15590,VC_A0340,0.6976235666666665,-0.81897,3.5136,3h_SI9,3h,SI9,3h_SI2,3h,SI2,4.33257
-0.9376311098056687,-0.417807385288391,N900_RS15600,VC_A0342,0.744442383333333,-1.2245,6.496,3h_SI7,3h,SI7,1h_SI1,1h,SI1,7.7205
-1.6608410463875511,0.9578621046579218,N900_RS15615,VC_A0345,-0.18069857398333336,-3.3841,5.1227,3h_ce,3h,ce,1h_SI1,1h,SI1,8.5068
1.550051314783719,-2.200208782025339,N900_RS15620,H-REV 107-related protein,0.40601613000000003,-1.7008,2.7432,1h_co,1h,co,1h_SI1,1h,SI1,4.444
0.31262413872533834,-1.2361182893116747,N900_RS15645,VC_A0351,0.2910924333333334,-1.3887,4.0608,12h_SI4,12h,SI4,3h_SI1,3h,SI1,5.4495000000000005
-4.133230253348211,0.8431210974064568,N900_RS15655,VC_A0354_BLAST_1,-0.0617070866666667,-2.0752,3.9739,3h_SI7,3h,SI7,1h_SI1,1h,SI1,6.0491
1.3191835487880548,0.8812145474743912,N900_RS15660,lyse_2,0.45431371833333334,-1.8926,4.0107,12h_SI8,12h,SI8,12h_SI1,12h,SI1,5.9033
-2.789516281316913,-0.9963721852181153,N900_RS15665,VC_A0356,0.3368162,-1.6863,3.2249,12h_SI8,12h,SI8,12h_SI3,12h,SI3,4.9112
-1.727508109873943,-2.5913589341120233,N900_RS15670,VC_A0398,0.7935126333333334,-1.8185,5.5816,1h_SI2,1h,SI2,6h_ce,6h,ce,7.4001
1.470818265953973,-0.17267536447874976,N900_RS15675,VC_A0357,1.4342892833333336,-0.02206,5.8562,1h_SI7,1h,SI7,1h_st,1h,st,5.87826
-0.9955945925173855,2.2433218295362556,N900_RS15680,VC_A0414,0.8108804999999999,-0.97713,2.9599,1h_SI5,1h,SI5,6h_SI2,6h,SI2,3.93703
-2.463625477757715,4.674305057693507,N900_RS15685,parE1,-0.27652061666666666,-2.5997,2.9226,3h_SI7,3h,SI7,6h_st,6h,st,5.5222999999999995
-1.932138463794091,1.4858524675116458,N900_RS15695,VC_A0361,0.014873133333333354,-2.3999,4.8696,12h_SI8,12h,SI8,6h_SI2,6h,SI2,7.269500000000001
-4.298793387714209,1.1436197712783336,N900_RS15705,VC_A0363,-0.6610291666666667,-3.7302,2.0155,12h_SI8,12h,SI8,1h_ce,1h,ce,5.745699999999999
0.8490503932546312,4.954197627389668,N900_RS15715,VC_A0293,0.6084107999999999,-1.9319,3.6415,12h_SI8,12h,SI8,12h_SI1,12h,SI1,5.5734
-1.9219956530486946,3.681672029282932,N900_RS15720,restriction endonuclease,-0.06581955833333335,-3.2697,5.1328,12h_SI8,12h,SI8,6h_st,6h,st,8.4025
0.06407679587340631,-0.16255207139816163,N900_RS15725,VC_A0367,0.9024296500000001,-1.168,4.4002,12h_SI8,12h,SI8,3h_SI3,3h,SI3,5.5682
0.021080426036779176,2.3639209122213054,N900_RS15730,VC_A0368,-0.09565884999999999,-2.6452,3.2745,12h_SI8,12h,SI8,3h_st,3h,st,5.919700000000001
-2.885464321956598,-1.7264006750107934,N900_RS15750,VC_A0374,0.29219312000000003,-1.7125,3.7138,12h_SI8,12h,SI8,3h_SI5,3h,SI5,5.4262999999999995
-1.3515961378336876,1.1117909333486016,N900_RS15755,VC_A0375,1.1407781666666668,-1.9899,4.7497,12h_SI5,12h,SI5,24h_SI2,24h,SI2,6.739599999999999
-2.922162263153359,-0.8640031534859731,N900_RS15770,nitrate reductase,-0.2980817166666666,-2.4418,3.8504,12h_co,12h,co,1h_SI1,1h,SI1,6.2922
-6.504742997736459,-0.3869815690788776,N900_RS15780,VC_A0381,-0.06943324166666669,-2.2288,2.6148,12h_SI4,12h,SI4,6h_SI5,6h,SI5,4.8436
-1.7219160711875428,-0.5915697453697923,N900_RS15785,yiaC,0.26372938333333334,-1.2312,4.4723,3h_SI3,3h,SI3,3h_SI2,3h,SI2,5.7035
1.1723778105472373,-0.832273193658905,N900_RS15790,VC_A0310,0.47454532333333327,-1.0494,2.7348,12h_st,12h,st,3h_SI5,3h,SI5,3.7842000000000002
-2.9357519430463137,-1.6542711073873786,N900_RS15805,bar,-0.33701500000000006,-1.8827,3.3995,6h_SI1,6h,SI1,1h_SI1,1h,SI1,5.2822000000000005
-3.6891504367709675,0.3372296139216755,N900_RS15810,VC_A0388,-0.4595319666666666,-2.2171,2.8061,12h_ce,12h,ce,6h_SI2,6h,SI2,5.023199999999999
-0.14133512187578345,-0.047468329359200034,N900_RS15820,Pseudogene_N900_RS15820,0.6822516666666666,-1.106,5.3254,6h_co,6h,co,6h_SI1,6h,SI1,6.4314
0.4550285845374269,-2.2460162852172494,N900_RS15825,higB-1_BLAST,0.85594051,-0.38423,4.5064,3h_st,3h,st,3h_SI3,3h,SI3,4.89063
-0.9878737786089693,0.5966408127425769,N900_RS15845,Pseudogene_N900_RS15845,0.27438604166666664,-2.4057,3.5597,12h_SI8,12h,SI8,6h_SI3,6h,SI3,5.9654
-4.189138987803606,2.825885281848951,N900_RS15850,VC_A0441,-1.3771251333333334,-4.2724,1.1127,12h_SI8,12h,SI8,1h_ce,1h,ce,5.3851
-2.1886332419181533,0.5363881585885515,N900_RS15855,GNAT family N-acetyltransferase_9,-0.02234839999999998,-2.6979,3.4007,12h_SI8,12h,SI8,6h_SI1,6h,SI1,6.0986
0.8118564331595306,2.7131387857504157,N900_RS15865,relE_1,0.7884220115000001,-1.5627,5.4474,12h_SI8,12h,SI8,3h_st,3h,st,7.0100999999999996
-1.2015728561431351,-2.1052466472767737,N900_RS15880,hemagglutinin,0.78077633,-0.78249,4.0803,12h_SI2,12h,SI2,6h_SI2,6h,SI2,4.86279
1.3420366464994977,-1.5932524967788484,N900_RS15885,site-specific DNA-methyltransferase,0.8774892099999999,-0.25326,4.1696,12h_SI8,12h,SI8,6h_SI4,6h,SI4,4.42286
1.3568165223426094,0.09289333022602914,N900_RS15900,VC_A0450,0.9284137716666667,-0.67835,4.5869,12h_SI8,12h,SI8,3h_SI2,3h,SI2,5.26525
-0.5896531848192099,-0.5761781067975881,N900_RS15905,VC_A0451,0.060548686666666685,-1.7624,2.9516,12h_SI8,12h,SI8,6h_SI2,6h,SI2,4.714
-0.3720762265173443,1.5768856960702786,N900_RS15910,VC_A0452,0.30484123166666677,-2.8453,3.7503,12h_SI8,12h,SI8,6h_st,6h,st,6.5956
-0.1304864571303277,4.07295580019678,N900_RS15915,VC_A0453,-1.11123354,-3.606,1.6034,12h_SI8,12h,SI8,12h_SI2,12h,SI2,5.2094
-3.2729094370409864,2.7736921181396155,N900_RS15920,Pseudogene_N900_RS15920,-1.1846782000000002,-4.1939,1.5896,12h_SI8,12h,SI8,1h_SI1,1h,SI1,5.7835
-0.7530006673980796,0.2665244760070261,N900_RS15925,VC_A0455,0.35380017766666666,-1.4129,4.0138,12h_SI8,12h,SI8,3h_SI3,3h,SI3,5.4267
-2.4050100865680237,1.3347006343767123,N900_RS15930,VC_A0457,0.0012084333333333326,-2.496,2.3043,12h_SI8,12h,SI8,6h_SI4,6h,SI4,4.8003
-2.3127570612481994,-0.2230595656075307,N900_RS15935,VC_A0458,0.20808993333333337,-1.4397,3.2808,12h_SI6,12h,SI6,1h_SI1,1h,SI1,4.7205
0.48324121229781625,-0.4512673985837715,N900_RS15940,VC_A0459,0.5237680916666666,-1.1836,3.4909,12h_SI8,12h,SI8,3h_SI4,3h,SI4,4.6745
-4.272702919245508,-1.2637781851680039,N900_RS15950,VC_1160,0.25335393333333334,-1.7327,2.7027,12h_SI8,12h,SI8,3h_SI4,3h,SI4,4.4354
1.5277483179235878,-0.746812433794753,N900_RS15970,VC_A0314,1.1528555000000003,-0.46373,4.1108,6h_st,6h,st,3h_SI1,3h,SI1,4.57453
1.8941101941772152,-1.3629990762325548,N900_RS15990,ypeA_3,1.3665728833333333,-0.24499,4.4678,1h_SI4,1h,SI4,12h_SI1,12h,SI1,4.71279
1.4103788682909872,1.364098963747607,N900_RS16000,tnp_D2,0.4684770203333333,-1.8435,3.3309,12h_ce,12h,ce,12h_st,12h,st,5.1744
0.37853107556822474,-1.23691149205479,N900_RS16005,antibiotic acetyltransferase_2,0.5293890099999998,-0.97174,3.3843,12h_SI8,12h,SI8,3h_SI1,3h,SI1,4.35604
1.1145343296798247,-0.9510204270197542,N900_RS16010,GNAT family N-acetyltransferase_6,0.94166235,-0.39445,4.0712,6h_st,6h,st,6h_SI2,6h,SI2,4.46565
2.5122652350897106,1.2889123124685506,N900_RS16015,type II toxin-antitoxin system death-on-curing family toxin,1.2191837666666667,-0.75081,6.003,1h_SI9,1h,SI9,3h_st,3h,st,6.75381
2.849391470172451,3.255153778717029,N900_RS16025,type II toxin-antitoxin system Phd/YefM family antitoxin_1,1.89653865,-0.065557,4.0415,6h_SI9,6h,SI9,12h_st,12h,st,4.107057
3.04234955672485,0.6428616211027499,N900_RS16030,rele,0.78793155,-0.85249,3.0446,12h_SI7,12h,SI7,12h_SI2,12h,SI2,3.89709
0.5879765239472952,1.4552372670896112,N900_RS16035,GNAT family N-acetyltransferase_10,1.353005896666667,-0.85716,3.8368,1h_SI4,1h,SI4,12h_SI3,12h,SI3,4.693960000000001
0.967121432694042,0.504320579579266,N900_RS16060,VC_A0484,0.41023964499999993,-1.4017,4.6616,1h_SI1,1h,SI1,3h_SI3,3h,SI3,6.0633
1.6281437995704326,1.920797187251165,N900_RS16065,nucleotide pyrophosphohydrolase,0.61454285,-1.5085,3.934,12h_SI8,12h,SI8,12h_st,12h,st,5.4425
-5.021179446242361,1.3930535086803968,N900_RS16075,N-acetyltransferase_5,-1.1530386083333333,-4.8092,4.4884,12h_SI8,12h,SI8,6h_ce,6h,ce,9.2976
-2.2053930775187625,0.41187828337659566,N900_RS16085,relE1,0.36557308333333344,-1.8135,3.6081,12h_SI8,12h,SI8,12h_SI3,12h,SI3,5.4216
-1.4513816294176354,-0.2308402543739979,N900_RS16090,Pseudogene_N900_RS16090,0.2754633435,-1.6928,3.3191,12h_SI8,12h,SI8,3h_SI4,3h,SI4,5.011900000000001
1.7916285241552456,2.103542889400307,N900_RS16095,VC_A0491,0.4014964,-1.1377,3.7977,12h_SI8,12h,SI8,3h_st,3h,st,4.9354
1.0927977273938962,1.472032028576347,N900_RS16100,VC_A0382,1.1757148166666664,-0.87859,4.3896,1h_SI4,1h,SI4,3h_SI3,3h,SI3,5.26819
1.532705870028634,0.7166067720413193,N900_RS16110,GNAT family N-acetyltransferase_11,0.48535761666666666,-0.83151,3.3449,12h_st,12h,st,3h_SI1,3h,SI1,4.17641
2.0050016079862,-0.06644402601553073,N900_RS16115,VC_A0495,0.8299785816666666,-0.95318,4.7341,12h_SI8,12h,SI8,24h_SI1,24h,SI1,5.6872799999999994
0.6822761509960378,1.0994188317690574,N900_RS16120,glutathione S-transferase,0.49457436666666665,-0.78823,4.5828,6h_st,6h,st,3h_st,3h,st,5.371029999999999
-0.829543735702631,4.118623651774986,N900_RS16125,VC_A0497,0.12232466666666668,-1.2766,4.5738,24h_st,24h,st,1h_st,1h,st,5.8504000000000005
1.199915438481744,0.7603969049106586,N900_RS16150,N-acetyltransferase_6,1.55959365,-0.21222,4.621,6h_SI1,6h,SI1,3h_st,3h,st,4.833220000000001
-0.31750071297886917,0.8847535709881227,N900_RS16170,nucleotide pyrophosphatase,0.307905055,-1.3162,3.8144,12h_SI9,12h,SI9,12h_st,12h,st,5.1306
-0.6957481018514393,-0.06182123361416175,N900_RS16175,nrdD,1.3280423333333335,-0.23253,5.631,6h_SI4,6h,SI4,3h_SI5,3h,SI5,5.86353
1.8874247822023653,0.35788505329389186,N900_RS16185,tyrB,0.5090231166666668,-1.2054,4.277,12h_SI7,12h,SI7,3h_st,3h,st,5.4824
-3.808580682581461,2.5061455720579735,N900_RS16190,ATP-dependent zinc protease_2,-0.70523565,-2.7457,4.6147,12h_SI9,12h,SI9,1h_st,1h,st,7.3604
-4.565021239845768,-0.5213217367487114,N900_RS16195,fruA,-0.4272863333333333,-2.2982,2.4705,6h_SI6,6h,SI6,6h_SI5,6h,SI5,4.7687
-0.25036536456605063,0.08276468105914242,N900_RS16200,pfkB,0.5286702000000001,-1.4725,5.1807,24h_SI3,24h,SI3,3h_SI1,3h,SI1,6.6532
1.5237860157518686,-0.9872666012096469,N900_RS16205,fruB,1.04708575,-0.42619,2.9851,1h_st,1h,st,6h_SI3,6h,SI3,3.41129
2.111760570221355,1.0171714171376172,N900_RS16210,cra,0.43432115,-1.8357,4.7512,1h_SI2,1h,SI2,3h_SI2,3h,SI2,6.5869
2.200002729753159,1.587817590448464,N900_RS16215,sbcD,1.0111105,-0.5054,4.1219,24h_SI9,24h,SI9,1h_st,1h,st,4.6273
-3.3078950005567704,0.14954756286336843,N900_RS16220,sbcC_BLAST,-0.5289355433333333,-2.7417,3.5752,12h_SI4,12h,SI4,6h_SI3,6h,SI3,6.3169
-0.862427405845597,-2.1577019613889075,N900_RS16225,cqsS_BLAST,0.16180714999999998,-1.6981,2.344,6h_SI3,6h,SI3,6h_SI2,6h,SI2,4.0421
1.5063809319126449,0.8093498212789422,N900_RS16230,cqsA,0.82504815,-0.76438,4.1417,12h_SI7,12h,SI7,6h_st,6h,st,4.90608
-2.547316909606895,-1.5060409607765894,N900_RS16235,tellurium resistance protein,-0.054176333333333306,-1.9902,3.3807,6h_SI3,6h,SI3,1h_SI1,1h,SI1,5.3709
-1.2044995143058943,-1.68988855478286,N900_RS16240,clcA,0.23447485000000004,-1.4546,4.9832,1h_SI3,1h,SI3,6h_st,6h,st,6.4378
0.7464286626572716,-0.4689501709234686,N900_RS16245,cobW,0.48308819300000005,-0.75494,4.2107,3h_SI1,3h,SI1,3h_SI4,3h,SI4,4.9656400000000005
-1.1477705369842592,-1.2956684230528037,N900_RS16255,kup,0.19566618666666669,-1.4853,3.2925,6h_SI2,6h,SI2,3h_SI4,3h,SI4,4.7778
1.6665637593986897,0.5835248584303903,N900_RS16260,nifJ,1.428935468333333,-0.15473,4.7175,6h_SI4,6h,SI4,6h_st,6h,st,4.87223
0.3775612687317813,-1.9026609475774499,N900_RS16265,kdpd,0.27659245,-1.3421,3.2312,3h_SI3,3h,SI3,3h_SI1,3h,SI1,4.5733
1.3159052240356743,0.8436618515556304,N900_RS16270,kdpE,0.5579111333333334,-0.62043,3.1405,24h_ce,24h,ce,1h_ce,1h,ce,3.76093
-4.479712866291607,1.0604347343161513,N900_RS16275,tata,-0.03548136366666666,-1.813,5.3506,12h_SI4,12h,SI4,3h_st,3h,st,7.1636
1.0188921134823525,-1.8507925475724214,N900_RS16280,deda,1.4849051666666668,0.11019,5.1224,1h_SI6,1h,SI6,3h_SI5,3h,SI5,5.01221
1.3531903024672571,-0.147584211281039,N900_RS16285,VC_A0535,0.6993026666666667,-1.1264,4.0597,12h_SI8,12h,SI8,3h_SI2,3h,SI2,5.186100000000001
-5.784371728504157,-2.1933080496011566,N900_RS16290,VC_A0536,0.28817805,-1.0636,3.3057,6h_SI3,6h,SI3,3h_SI5,3h,SI5,4.3693
-3.5970656634242038,-0.3049714058268427,N900_RS16295,VC_A0537,0.8043542833333334,-2.806,4.3904,12h_SI8,12h,SI8,12h_SI2,12h,SI2,7.1964
2.2109372615014964,0.31459919073908005,N900_RS16300,yceJ_2,1.1525435166666667,-0.27511,4.7883,3h_st,3h,st,3h_SI1,3h,SI1,5.063409999999999
-1.499749730339619,2.040877622422557,N900_RS16305,ycei,-1.2561630666666668,-3.946,4.2605,6h_SI6,6h,SI6,3h_SI2,3h,SI2,8.2065
2.1963874681152102,2.4637690549479974,N900_RS16310,focA_2,1.7257819333333337,-0.51131,6.0769,1h_SI8,1h,SI8,3h_SI2,3h,SI2,6.58821
0.9335119153952585,-1.9322416899370989,N900_RS16315,argP_2,1.3540184666666666,-0.14788,4.7143,1h_SI7,1h,SI7,6h_SI1,6h,SI1,4.8621799999999995
0.4691045026949694,3.713787571347885,N900_RS16320,Inner membrane protein YcdZ_BLAST,-0.013156353333333284,-2.3482,6.182,12h_SI8,12h,SI8,3h_SI2,3h,SI2,8.5302
1.8944627768728788,0.3884558055472347,N900_RS16325,ATP-dependent endonuclease,1.1322736983333335,-0.46993,4.3465,1h_SI5,1h,SI5,3h_st,3h,st,4.8164299999999995
-0.9227576808188203,-1.0174896561861688,N900_RS16330,bifunctional metallophosphatase/5'-nucleotidase,0.41608813333333333,-1.5387,4.0579,6h_SI3,6h,SI3,12h_st,12h,st,5.5966000000000005
-5.672154732743559,-1.9411048151241412,N900_RS16335,terc,-0.46193062333333335,-2.2663,1.8984,6h_SI3,6h,SI3,3h_SI5,3h,SI5,4.1647
-0.42491876220937597,-1.5881190701030938,N900_RS16345,alkylphosphonate utilization protein,1.0216163666666664,-0.55201,4.916,6h_SI2,6h,SI2,6h_SI3,6h,SI3,5.4680100000000005
0.5541498799349851,0.18266438639801416,N900_RS16350,VC_A0550,0.8716396166666667,-0.9189,5.8887,12h_SI2,12h,SI2,3h_st,3h,st,6.8076
-1.7887625098944202,-0.9474971549984152,N900_RS16355,VC_A0551,-0.4701530666666666,-1.7787,2.4695,3h_SI6,3h,SI6,6h_SI2,6h,SI2,4.2482
-0.38265628186819134,0.6785202515346014,N900_RS16360,fatty acid cis/trans isomerase,0.8629464283333335,-0.61524,4.8039,6h_SI2,6h,SI2,6h_st,6h,st,5.41914
3.076725574665959,1.4862616846909857,N900_RS16370,yhjX,1.2307894166666666,-0.41223,4.0883,1h_SI2,1h,SI2,3h_SI4,3h,SI4,4.50053
0.03468967478642204,-2.375184560826556,N900_RS16375,VC_A0556,0.362556495,-0.89203,3.8498,3h_SI3,3h,SI3,3h_SI1,3h,SI1,4.74183
-0.9198003019405867,-0.551020425280762,N900_RS16380,sensor domain-containing diguanylate cyclase_4,0.2058518,-1.1011,3.6963,12h_co,12h,co,3h_SI1,3h,SI1,4.7974
1.3606970682793191,0.7614341792386352,N900_RS16390,hpxW,0.8557798833333334,-0.81315,4.2742,12h_st,12h,st,1h_SI1,1h,SI1,5.087350000000001
-2.6443004433643047,1.312151932245564,N900_RS16395,Solitary outer membrane autotransporter beta-barrel domain,0.6571251446666666,-0.50736,4.7118,3h_st,3h,st,6h_st,6h,st,5.2191600000000005
0.27820380078369844,-0.22829269841787891,N900_RS16400,VC_A0560,0.08820191666666664,-1.8666,4.4851,1h_SI1,1h,SI1,12h_SI1,12h,SI1,6.3517
-0.43158845115836275,-1.4510464664748957,N900_RS16405,VC_A0561,1.0443953,-0.2683,5.368,3h_SI9,3h,SI9,6h_SI2,6h,SI2,5.6363
-0.24800888515174702,-2.3657095110773,N900_RS16410,transcriptional regulator_4,0.5308673333333334,-1.4586,4.77,1h_ce,1h,ce,3h_SI5,3h,SI5,6.228599999999999
-0.5604573914500541,-2.1551386105371977,N900_RS16415,pntA,0.38819996666666673,-1.0715,4.5501,12h_st,12h,st,6h_ce,6h,ce,5.621599999999999
2.5260838906045864,-0.7291189427726528,N900_RS16420,pntB,1.030544705,-0.22161,3.5925,1h_SI7,1h,SI7,6h_SI2,6h,SI2,3.81411
0.0252933771871815,1.9853420963138093,N900_RS16425,vxrA_BLAST,0.16898825,-1.5679,4.1622,12h_ce,12h,ce,12h_SI2,12h,SI2,5.7301
-5.466662916071814,0.4542057816675617,N900_RS16430,vxrB,-0.39432785333333337,-1.9981,3.8539,12h_SI4,12h,SI4,3h_SI4,3h,SI4,5.852
-1.2349364597125208,-0.3016770533761659,N900_RS16435,VC_A0567,0.2824604333333333,-1.5569,3.2511,3h_SI5,3h,SI5,6h_SI4,6h,SI4,4.808
2.0090283006889322,-1.1977903355748698,N900_RS16440,TraF,1.3596824000000003,-0.19428,4.7884,1h_SI9,1h,SI9,6h_st,6h,st,4.98268
-2.5947326748172035,-3.9115355147188136,N900_RS16445,VC0395_0503_BLAST,0.6296410833333334,-0.78978,3.9846,12h_SI1,12h,SI1,6h_SI4,6h,SI4,4.77438
0.9453215382585274,1.557998339842402,N900_RS16450,yciH,0.6811218833333333,-3.0652,4.6597,6h_SI6,6h,SI6,12h_SI1,12h,SI1,7.7249
-6.316749096015801,0.07369180809621528,N900_RS16455,VC_A0571,1.4157422000000002,-0.36415,4.071,12h_SI3,12h,SI3,3h_SI8,3h,SI8,4.43515
-0.7971491277553633,1.2427131725599951,N900_RS16465,DamX-related protein,0.025303263333333333,0.0031775,0.28123,6h_SI3,6h,SI3,3h_SI1,3h,SI1,0.2780525
2.2787790003526966,-2.2902531368320562,N900_RS16470,patZ,1.8208001666666662,0.16572,5.0938,1h_SI7,1h,SI7,3h_SI2,3h,SI2,4.92808
0.6313596061935294,-2.3756984883606727,N900_RS16475,yhaJ,0.6793553333333333,-0.65275,2.8348,3h_ce,3h,ce,3h_SI2,3h,SI2,3.48755
2.989363018748948,-1.1614487827193658,N900_RS16480,TonB-dependent hemoglobin/transferrin/lactoferrin family receptor,0.43546566666666664,-1.2188,2.8525,1h_SI7,1h,SI7,3h_SI1,3h,SI1,4.0713
-0.03637400436495142,1.3180050845876576,N900_RS16485,sgrr,-0.008940116666666654,-1.8054,5.2491,6h_SI9,6h,SI9,6h_st,6h,st,7.0545
0.9012784726127583,1.2362577926261502,N900_RS16490,VC_A0579,1.271662465,-0.024411,5.4643,1h_SI6,1h,SI6,1h_st,1h,st,5.4887109999999995
1.4684560501384425,-0.474084488466199,N900_RS16495,hotdog fold thioesterase,0.5805348833333334,-0.81619,3.7856,1h_SI5,1h,SI5,12h_SI3,12h,SI3,4.60179
1.7139267536521565,-2.3753601430996962,N900_RS16500,bepA_3,0.5826428999999999,-1.0895,3.4383,6h_st,6h,st,3h_SI3,3h,SI3,4.5278
1.1355478865797588,-2.0974313463313035,N900_RS16505,VC_A0582,0.6978886499999999,-0.7216,4.636,6h_st,6h,st,3h_SI2,3h,SI2,5.3576
0.4979230446490446,-0.294173301022158,N900_RS16510,ABC transporter substrate-binding protein_12,0.7960186649999998,-0.59381,3.588,12h_SI5,12h,SI5,1h_ce,1h,ce,4.1818100000000005
2.3524756938058013,-0.5816340153145999,N900_RS16515,yfcG,0.7316388833333335,-0.97261,4.1316,12h_st,12h,st,3h_SI2,3h,SI2,5.10421
0.10006174586768735,2.164880172400999,N900_RS16520,dcmA,0.39965361666666666,-1.145,4.2186,3h_SI6,3h,SI6,1h_st,1h,st,5.3636
1.6594439987749459,-1.5609226328367347,N900_RS16525,comR_1,0.9737587833333333,-0.72512,3.5824,1h_co,1h,co,6h_SI3,6h,SI3,4.30752
1.283967248751023,1.6584472749052637,N900_RS16530,DNA-binding protein_3,1.5552757166666669,-0.3605,4.783,1h_SI4,1h,SI4,3h_st,3h,st,5.1435
1.3086287628732807,-1.212029537437667,N900_RS16535,yejF,1.1135857333333334,-0.5661,4.5749,3h_SI2,3h,SI2,6h_SI3,6h,SI3,5.141
-0.11316801843304924,1.5094975464285065,N900_RS16540,yejE,0.4146025700000001,-1.0681,3.2232,3h_SI4,3h,SI4,6h_st,6h,st,4.2913
0.7846235528224899,1.0503225620636065,N900_RS16545,yejb,0.21903570499999991,-1.0042,3.6234,24h_ce,24h,ce,6h_SI3,6h,SI3,4.6276
-0.5105723629576033,0.24912491596296954,N900_RS16550,ABC transporter substrate-binding protein_9,0.48865226333333334,-1.0121,3.7353,3h_SI3,3h,SI3,3h_SI2,3h,SI2,4.7474
-0.42358297819297297,-1.8318844162076031,N900_RS16555,VC_A0592,0.5484673666666666,-1.034,4.9983,12h_st,12h,st,6h_ce,6h,ce,6.0323
-1.6420365260264465,-1.9531290931371381,N900_RS16560,exopolyphosphatase,1.2908359999999999,0.1454,4.6135,1h_SI9,1h,SI9,3h_SI5,3h,SI5,4.4681
1.6115360607481009,-0.6692253466885902,N900_RS16565,hemolysin,0.819966314,-0.58294,4.7613,1h_SI1,1h,SI1,3h_SI5,3h,SI5,5.34424
1.1449700794724338,-2.2818034802817713,N900_RS16570,VC_A0595,0.9372962450000001,-0.6031,4.0709,12h_st,12h,st,3h_SI2,3h,SI2,4.6739999999999995
-1.0561751675831341,2.3968472345036504,N900_RS16575,peptide MFS transporter,-0.018656399999999986,-1.4443,3.534,12h_SI7,12h,SI7,1h_SI1,1h,SI1,4.9783
2.899192932999135,-0.7364060233279854,N900_RS16580,eamA_7,0.45859916666666667,-1.0791,3.8888,1h_st,1h,st,6h_SI1,6h,SI1,4.9679
0.23634902358095644,0.5860031372130783,N900_RS16585,phnR,-0.3292854233333334,-2.9731,2.9314,12h_SI8,12h,SI8,3h_SI3,3h,SI3,5.9045000000000005
-1.0440955300223282,0.7561678142068469,N900_RS16590,putative 2-aminoethylphosphonate ABC transporter permease subunit,-0.09800021499999997,-1.6796,3.5755,6h_ce,6h,ce,3h_SI1,3h,SI1,5.2551
0.0205261417355449,0.28379354067087914,N900_RS16595,putative 2-aminoethylphosphonate ABC transporter ATP-binding protein,0.1405283,-1.2897,2.2662,6h_st,6h,st,3h_st,3h,st,3.5559000000000003
0.7268783594061761,-1.290255325582212,N900_RS16600,putative 2-aminoethylphosphonate ABC transporter substrate-binding protein,0.738933845,-0.60612,3.9444,3h_SI2,3h,SI2,12h_SI1,12h,SI1,4.55052
-2.7814529837900865,-1.271166902667149,N900_RS16605,phnW,0.19786830000000002,-1.1237,3.5522,12h_SI4,12h,SI4,6h_ce,6h,ce,4.6759
1.2959036950004545,-0.051044014652626646,N900_RS16610,pbfA_BLAST,0.4936471499999999,-1.1432,3.8206,6h_SI3,6h,SI3,6h_SI1,6h,SI1,4.9638
-2.568792561200375,-0.5426483021548941,N900_RS16615,phnX,-0.1578717666666667,-1.6794,2.8874,12h_SI2,12h,SI2,6h_SI5,6h,SI5,4.5668
-0.06667935812117243,2.432819623330555,N900_RS16620,rnk,0.006918493833333332,0.00037715,0.11786,6h_SI7,6h,SI7,3h_st,3h,st,0.11748285
-2.2404648491014,-0.23574629516072765,N900_RS16625,yjjG,-0.6775068333333334,-2.2165,2.0253,6h_ce,6h,ce,6h_SI4,6h,SI4,4.2418
-5.270412385816806,1.7014340762054059,N900_RS16630,VC_A0609,-1.6399974166666664,-4.2154,2.6879,3h_SI7,3h,SI7,6h_SI3,6h,SI3,6.9033
0.9219181384823845,-2.0705256723832335,N900_RS16635,elbB,0.7170730741666667,-0.63514,3.8834,3h_SI4,3h,SI4,3h_SI2,3h,SI2,4.51854
2.224580048643455,1.2770163486995108,N900_RS16640,mscL,1.314688,0.04768,4.8727,1h_SI7,1h,SI7,6h_SI2,6h,SI2,4.82502
0.4875034391985751,0.3856438706346708,N900_RS16645,fhs,0.6325850383333333,-0.62978,3.4248,24h_co,24h,co,3h_st,3h,st,4.05458
3.1505244444219302,1.0200936882612428,N900_RS16650,msrB_3,1.3835076666666666,-0.4214,3.6788,1h_SI4,1h,SI4,6h_st,6h,st,4.1002
-4.138083063860817,-2.543687029047066,N900_RS16660,moeA,0.061813798333333336,-1.7186,4.2825,12h_SI2,12h,SI2,6h_SI4,6h,SI4,6.001099999999999
-2.2644952875211675,0.6481264080848543,N900_RS16665,moeB,0.32829596666666666,-1.3326,3.7118,24h_st,24h,st,3h_SI3,3h,SI3,5.0444
-0.505602933340056,-1.3049839740210794,N900_RS16670,glyoxalase_2,0.9080446181666667,-1.4735,4.4467,12h_SI2,12h,SI2,1h_SI1,1h,SI1,5.9201999999999995
-1.4575127888642565,2.6911043010399336,N900_RS16675,sseA,1.0527538636666667,-0.77447,6.1141,6h_SI7,6h,SI7,6h_st,6h,st,6.88857
-3.287198411980453,-2.519831840648961,N900_RS16680,lsrR,0.22555716666666664,-1.5663,3.759,12h_SI1,12h,SI1,1h_SI1,1h,SI1,5.3253
-4.733025458767046,1.9218006168811346,N900_RS16690,tal,0.42097917833333326,-0.97776,5.6023,24h_SI5,24h,SI5,1h_SI1,1h,SI1,6.58006
-1.1108427875771338,1.2917719950897748,N900_RS16700,TonB-dependent receptor_2,0.6705106366666667,-1.0499,3.8867,6h_SI4,6h,SI4,1h_st,1h,st,4.9366
-0.510478509263641,2.177446220136159,N900_RS16705,spoU,-0.32401194333333333,-2.6695,5.3864,6h_SI6,6h,SI6,12h_SI1,12h,SI1,8.055900000000001
-3.6994564547303708,0.0470413011179564,N900_RS16710,prepilin peptidase_3,-0.090432,-1.4352,2.0475,12h_SI3,12h,SI3,3h_SI5,3h,SI5,3.4827
-0.09083739572317873,-2.0216533326841497,N900_RS16715,abrb,0.7142754149999999,-0.80685,4.4587,12h_st,12h,st,6h_SI3,6h,SI3,5.26555
0.9228628162111341,1.4496642376880002,N900_RS16720,gyaR,0.8166828250000001,-0.78383,4.2747,3h_SI4,3h,SI4,6h_st,6h,st,5.05853
2.7173926844721716,0.8816924977084987,N900_RS16725,GNAT family acetyltransferase,1.179908833333333,-0.16635,4.7237,6h_co,6h,co,3h_SI1,3h,SI1,4.8900500000000005
1.9391844142086772,1.5701622133339423,N900_RS16730,nudG,0.7322727166666666,-0.66487,3.3135,3h_st,3h,st,3h_SI3,3h,SI3,3.97837
2.6620491360003706,-1.037802133486664,N900_RS16735,glpm,0.6334879999999999,-0.9542,4.6787,1h_SI3,1h,SI3,6h_SI2,6h,SI2,5.6329
2.4413640652633664,1.1097202109948525,N900_RS16740,tRNA (adenine-N(1))-methyltransferase,1.1292991166666666,-0.90748,4.1526,1h_SI1,1h,SI1,3h_SI2,3h,SI2,5.060079999999999
1.7392703886491576,0.8743157403983649,N900_RS16745,dmlR_5,0.8317429999999999,-0.46262,3.8421,3h_SI1,3h,SI1,3h_SI4,3h,SI4,4.30472
-0.7274997782501647,1.3424804850458434,N900_RS16750,antibiotic biosynthesis monooxygenase,0.6518676713333333,-3.1135,4.3596,6h_SI6,6h,SI6,3h_SI1,3h,SI1,7.4731000000000005
-2.926852325241263,0.6433751178648877,N900_RS16755,nfsB,1.2619842833333335,-1.2308,6.7662,12h_SI8,12h,SI8,3h_SI6,3h,SI6,7.997
0.1473843273254163,-2.4084744439813526,N900_RS16760,efflux RND transporter permease subunit,0.5394908916666666,-1.5423,3.3694,6h_SI1,6h,SI1,3h_SI2,3h,SI2,4.9117
1.3470524770954633,-0.5014062274878706,N900_RS16765,mdtA,0.6354592599999999,-0.62619,3.7275,12h_st,12h,st,3h_SI3,3h,SI3,4.35369
-0.3133422421881278,1.2208357516461872,N900_RS16770,Probable transporter PD_1893_BLAST,-0.239255285,-2.8898,3.4182,6h_SI7,6h,SI7,3h_SI2,3h,SI2,6.308
-1.9343702803078755,3.384152459577547,N900_RS16775,Probable transporter XF_0766_BLAST,0.0026558358566666665,6.9364e-06,0.11476,6h_SI5,6h,SI5,3h_st,3h,st,0.1147530636
0.7304047146734476,-0.23701530480302568,N900_RS16780,arsR,0.9171819416666668,-0.48954,3.9739,6h_SI2,6h,SI2,1h_st,1h,st,4.46344
0.5933863833801376,-1.5884540981949455,N900_RS16785,VC_A0643,0.25095937500000004,-1.2511,3.946,1h_SI2,1h,SI2,3h_SI1,3h,SI1,5.197100000000001
0.36237041660434066,0.9657032173414329,N900_RS16790,cdr,0.20182668333333323,-1.1618,4.6773,12h_st,12h,st,3h_st,3h,st,5.8391
0.7961573826336164,-1.971950799579107,N900_RS16795,VC_A0645,0.819769475,-0.41445,3.6613,6h_st,6h,st,6h_SI3,6h,SI3,4.07575
1.1295356139655084,-0.7184518953281349,N900_RS16800,GNAT family N-acetyltransferase_5,1.3204412333333335,-0.26047,4.9415,6h_st,6h,st,3h_st,3h,st,5.201969999999999
-4.584862914973349,-0.48221422571427064,N900_RS16805,VC_A0647,-0.147759885,-1.9441,2.725,24h_st,24h,st,12h_SI2,12h,SI2,4.6691
1.0629552853033353,-0.6979598657400443,N900_RS16810,VC_A0648,0.7120209083333332,-0.91403,3.9278,6h_SI4,6h,SI4,1h_SI1,1h,SI1,4.84183
1.4035224724053705,0.5146105166870736,N900_RS16815,VC_A0649,1.0493633000000002,-0.74401,6.0943,1h_SI1,1h,SI1,12h_SI1,12h,SI1,6.83831
-0.24876669355902825,-0.91836043088965,N900_RS16820,VC_A0650,0.5145647466666666,-0.84706,3.4173,3h_st,3h,st,6h_SI4,6h,SI4,4.26436
0.08819562302838069,-0.10056853011691697,N900_RS16825,VC_A0651,1.01404875,-0.66336,5.424,12h_SI4,12h,SI4,3h_SI5,3h,SI5,6.08736
3.114860400218439,-1.628542888370456,N900_RS16830,VC_A0652,1.1980699833333333,-0.94019,3.9891,1h_SI9,1h,SI9,3h_st,3h,st,4.92929
1.5111015045199352,-2.305671152107529,N900_RS16835,treP,0.7296224666666666,-0.61527,4.1667,1h_st,1h,st,6h_SI1,6h,SI1,4.781969999999999
-1.6806362216954063,-0.20532876140932532,N900_RS16840,ccpA,-0.06123888333333335,-1.5799,3.9485,1h_SI1,1h,SI1,3h_SI3,3h,SI3,5.5284
-0.03387372536486888,0.183078621282431,N900_RS16845,scrB,-0.251349886,-1.5466,3.8156,3h_SI1,3h,SI1,3h_SI2,3h,SI2,5.3622
-0.34109052786043126,1.322430316275446,N900_RS16850,aminoimidazole riboside kinase,0.13354021666666666,-1.1207,3.2724,3h_SI5,3h,SI5,3h_st,3h,st,4.3931000000000004
-0.26102787454786336,1.3583368294253817,N900_RS16855,glpD,0.6496473833333333,-0.79936,3.3945,6h_SI2,6h,SI2,3h_SI3,3h,SI3,4.19386
0.6149648179137275,0.2365344915023319,N900_RS16860,aer_1,1.1111448666666663,-0.68545,5.2558,3h_SI1,3h,SI1,6h_SI1,6h,SI1,5.94125
-0.953143521000976,-1.168669709187335,N900_RS16865,pal_2,0.8230022889999999,-0.77208,4.4384,12h_SI1,12h,SI1,6h_SI1,6h,SI1,5.21048
1.9616214543631916,0.691453250812062,N900_RS16870,fkpA_2,0.95234514,-0.55698,3.956,6h_SI8,6h,SI8,1h_ce,1h,ce,4.51298
0.5591636390714547,-2.92162561392207,N900_RS16875,beta-phosphoglucomutase family hydrolase,0.43112399516666666,-1.1501,2.9659,12h_st,12h,st,3h_SI4,3h,SI4,4.116
1.768018921875524,-0.9268693137779882,N900_RS16880,methyl-accepting chemotaxis protein_23,0.8277599333333333,-1.0161,3.6504,1h_ce,1h,ce,6h_SI2,6h,SI2,4.6665
-0.29341844411151907,-1.5647816381043065,N900_RS16885,VC_A0664,0.11723854,-1.4426,4.5481,6h_SI2,6h,SI2,3h_SI4,3h,SI4,5.9907
2.6515233274167302,-1.0799921659530953,N900_RS16890,dcuC,1.5143455833333335,-0.22815,4.5966,1h_SI8,1h,SI8,12h_SI1,12h,SI1,4.82475
-0.06710474262971866,0.9539237114423841,N900_RS16895,L-serine ammonia-lyase,0.47370339999999994,-1.0394,3.4005,6h_SI1,6h,SI1,3h_SI1,3h,SI1,4.4399
2.5606229304220873,1.4651540906379803,N900_RS16900,sglT,1.1976677166666667,-0.33342,5.1654,1h_SI4,1h,SI4,6h_SI1,6h,SI1,5.49882
1.0285414171881717,3.5240400731906614,N900_RS16905,yjhB,0.36280053333333334,-1.3162,4.9664,24h_ce,24h,ce,3h_st,3h,st,6.2826
-3.1606112598282428,-1.5462325513370492,N900_RS16915,VC_A0671,0.09244401666666667,-1.7849,2.8359,6h_SI1,6h,SI1,3h_SI2,3h,SI2,4.6208
1.336962952888003,0.8497116415690144,N900_RS16925,vraR,1.3537463500000004,-0.88984,4.7591,12h_SI8,12h,SI8,3h_SI2,3h,SI2,5.64894
1.6826771037050534,-2.0419843122467087,N900_RS16930,narQ,1.5310223133333334,-0.69866,6.2865,1h_SI8,1h,SI8,12h_SI1,12h,SI1,6.9851600000000005
0.21628956377410447,2.4657614051078456,N900_RS16935,napF,-0.027393087333333337,-1.6836,5.0861,24h_st,24h,st,6h_st,6h,st,6.7697
0.14786018254119426,-0.17266877332642439,N900_RS16940,mycothiol reductase,0.7413755,-0.79871,4.1751,6h_SI1,6h,SI1,3h_SI1,3h,SI1,4.973809999999999
1.241168077174681,1.269525406081784,N900_RS16945,napA,1.442234565,-0.0011471,4.6641,3h_SI4,3h,SI4,1h_st,1h,st,4.6652471
-3.4298286877899553,3.3228376591671607,N900_RS16950,nitrate reductase cytochrome c-type subunit,-0.6916463233333334,-3.2206,2.5105,3h_SI7,3h,SI7,1h_ce,1h,ce,5.7311
-2.5808480431011067,1.4112265485958493,N900_RS16960,VC_1925,-0.4783887333333333,-2.6155,3.4112,12h_SI6,12h,SI6,12h_SI1,12h,SI1,6.0267
0.8620955696629147,-0.7263749044664476,N900_RS16965,VC_A0681_BLAST,0.6569156833333333,-0.92262,3.1571,6h_st,6h,st,3h_SI1,3h,SI1,4.07972
0.3796078689418172,1.5216857465150524,N900_RS16970,uhpA,0.33793890000000004,-1.2807,4.6478,6h_SI7,6h,SI7,3h_st,3h,st,5.9285
0.1625935982818052,-0.6975372364795795,N900_RS16975,uhpB,1.428461016666667,-0.27163,5.0125,6h_SI4,6h,SI4,6h_SI1,6h,SI1,5.28413
2.5481410431913982,-1.8711332006894912,N900_RS16980,uhpT,0.9171101400000001,-0.67358,3.9435,3h_st,3h,st,6h_SI4,6h,SI4,4.61708
-2.659435770039871,0.21829820944861297,N900_RS16985,HI_0131_BLAST,0.08490835000000001,-1.3763,3.2174,3h_SI1,3h,SI1,1h_ce,1h,ce,4.5937
1.0754868420910242,-0.4477401130271995,N900_RS16990,fbpB,1.1150698999999997,-0.26583,4.2786,3h_SI1,3h,SI1,6h_SI3,6h,SI3,4.54443
1.0696049489190234,-1.3114002668183682,N900_RS16995,fbpc,0.7874967783333333,-0.71548,3.3391,3h_st,3h,st,6h_ce,6h,ce,4.0545800000000005
1.3046891890942227,-1.3815679589379994,N900_RS17000,phaC,0.7301350666666667,-0.6329,3.0825,1h_st,1h,st,3h_SI2,3h,SI2,3.7154
-3.2472676175336237,2.2322410686389857,N900_RS17005,VC_A0689,-0.2128434833333333,-1.9184,3.7991,12h_ce,12h,ce,3h_SI2,3h,SI2,5.7175
0.8386865223114923,2.410149571919567,N900_RS17010,phaA,0.9555229716666667,-0.30916,4.1748,6h_SI9,6h,SI9,1h_SI1,1h,SI1,4.483960000000001
0.006694983586100545,1.0983505383547447,N900_RS17015,fabG_2,1.4564766366666668,-0.99982,4.9421,1h_SI2,1h,SI2,6h_SI3,6h,SI3,5.94192
0.49584043337092965,0.9857925011532348,N900_RS17020,secF_2,0.4510270333333334,-1.3879,5.2361,6h_ce,6h,ce,12h_SI1,12h,SI1,6.6240000000000006
0.600416861828474,-1.9658038762047898,N900_RS17025,secD_2,0.38863711666666667,-1.1773,3.8037,12h_st,12h,st,3h_SI3,3h,SI3,4.981
-4.28184223975823,-0.5028601763805044,N900_RS17030,VC_A0694,0.007091439999999995,-1.8932,3.5699,12h_SI3,12h,SI3,24h_st,24h,st,5.4631
0.8994458781761354,-1.316349791243298,N900_RS17035,VC_A0695,0.8191599833333333,-0.80078,3.4977,3h_SI1,3h,SI1,6h_SI2,6h,SI2,4.29848
1.8026010227955611,-1.4842095459713696,N900_RS17040,diguanylate cyclase_5,1.2453789833333333,-0.3071,5.1603,1h_SI6,1h,SI6,3h_SI3,3h,SI3,5.4674000000000005
0.8113757298385602,0.14181274242527464,N900_RS17045,glgC_2,0.9113801733333333,-0.85677,4.0223,6h_st,6h,st,12h_st,12h,st,4.8790700000000005
0.6821429157935452,0.55207660972114,N900_RS17050,endo I_2,0.7258463333333333,-0.69464,3.6224,12h_st,12h,st,3h_st,3h,st,4.3170399999999995
2.063711614296177,-1.8021328050294563,N900_RS17055,yqhD,1.3934193333333331,-0.12136,5.1667,1h_SI7,1h,SI7,6h_ce,6h,ce,5.28806
-2.4787680700583596,0.11941746334224518,N900_RS17060,lysoplasmalogenase_2,-0.4242432066666667,-2.0285,2.2069,6h_ce,6h,ce,24h_SI3,24h,SI3,4.2354
-0.9028889455144666,-1.5022691659156,N900_RS17065,sigma-54-dependent Fis family transcriptional regulator,0.15059276666666666,-1.2004,2.7267,12h_st,12h,st,3h_SI1,3h,SI1,3.9271000000000003
0.8291037651193776,0.801954479950043,N900_RS17070,sasA_10,0.849038285,-0.66803,3.9104,6h_SI4,6h,SI4,3h_SI4,3h,SI4,4.57843
-0.24577150939067804,0.3922264248945837,N900_RS17075,ABC transporter substrate-binding protein_11,0.053395615000000014,-1.7783,2.5907,6h_SI1,6h,SI1,6h_SI3,6h,SI3,4.369
3.2597468261491267,1.555984288828203,N900_RS17080,uhpC_2,0.7357802000000001,-1.1174,3.8125,6h_ce,6h,ce,3h_st,3h,st,4.9299
1.723064238257784,1.5131901255025377,N900_RS17085,pykA_2,0.9199283349999999,-0.3013,4.3186,3h_co,3h,co,6h_st,6h,st,4.6199
-0.9409204395514403,0.25794950161659824,N900_RS17090,torS,0.18125172333333334,-1.4573,2.6676,6h_SI1,6h,SI1,6h_SI3,6h,SI3,4.1249
1.4195019143192926,-1.2931086711106707,N900_RS17095,torT,0.9537390833333333,-0.15005,4.4348,3h_SI9,3h,SI9,6h_SI1,6h,SI1,4.58485
1.8174872487821583,-0.594633944838329,N900_RS17100,mgsA,0.7573752716666668,-0.9919,3.4278,3h_SI9,3h,SI9,6h_st,6h,st,4.4197
2.4412389763106184,0.8448468535518721,N900_RS17105,pncA,0.0048669499999999906,-2.0468,2.9062,3h_SI8,3h,SI8,6h_SI1,6h,SI1,4.953
-0.3469256938901557,-0.14956630091399853,N900_RS17110,dgkA,0.05298613333333333,-1.2894,3.6196,6h_st,6h,st,3h_SI5,3h,SI5,4.909000000000001
0.31299143809678975,-1.285696925811432,N900_RS17115,cytochrome b_2,1.335402983333333,-0.50459,4.2721,12h_SI2,12h,SI2,3h_SI2,3h,SI2,4.77669
1.5966066810832968,0.19113379463702893,N900_RS17120,cytochrome b_1,0.8508257406666666,-0.44336,4.2295,3h_SI4,3h,SI4,3h_st,3h,st,4.67286
3.2436080347991743,-0.6611510725010964,N900_RS17125,helD,1.08539545,-1.8971,4.327,1h_SI7,1h,SI7,24h_st,24h,st,6.2241
-4.368159382636384,-0.44613982330790647,N900_RS17130,yccS,0.07926474999999995,-1.669,4.4391,12h_SI3,12h,SI3,6h_ce,6h,ce,6.1081
-1.0461249205883858,-1.3371405103314895,N900_RS17135,zraS,0.36174102499999994,-0.77758,3.2494,6h_st,6h,st,12h_SI2,12h,SI2,4.02698
-2.8662920705507604,1.2364676496805385,N900_RS17140,guanylate cyclase,-0.3868595,-1.5386,2.2391,24h_co,24h,co,6h_SI3,6h,SI3,3.7777000000000003
2.577808456515779,-1.4371102464367864,N900_RS17145,VC_A0721,0.7030250333333334,-2.609,4.1445,1h_SI3,1h,SI3,24h_SI1,24h,SI1,6.7535
-5.065035170178017,-0.4183231279197004,N900_RS17150,VC_A0722,-0.7846704,-2.6707,2.5988,12h_SI4,12h,SI4,1h_SI1,1h,SI1,5.269500000000001
2.20923935423738,-2.021181615731796,N900_RS17155,hydroxymethylglutaryl-CoA reductase,1.2817511833333335,-0.33346,4.9465,1h_SI8,1h,SI8,3h_SI4,3h,SI4,5.27996
1.210760273393423,-1.5954662718926433,N900_RS17160,modC,0.29395718,-1.5682,3.5798,3h_SI9,3h,SI9,3h_SI2,3h,SI2,5.148
0.8923798220871486,-0.020603265702211937,N900_RS17165,modB,0.4785044333333335,-0.83515,3.6116,24h_SI9,24h,SI9,3h_SI1,3h,SI1,4.44675
2.35031245657449,1.943843135308505,N900_RS17170,modA,1.083801783333333,-0.47467,4.7104,12h_SI6,12h,SI6,3h_SI1,3h,SI1,5.18507
1.1751056077657722,0.0870945880093717,N900_RS17175,cobQ,0.9838760250000002,-1.1049,4.5436,6h_SI2,6h,SI2,3h_SI1,3h,SI1,5.648499999999999
-0.3189602488707841,-2.2078422507213435,N900_RS17180,DNA recombination protein RecF,0.40117316666666664,-1.2621,2.8585,3h_SI9,3h,SI9,3h_SI2,3h,SI2,4.1206
-2.302280631276065,-2.2093756557674427,N900_RS17185,VC_A0729,0.5620081033333334,-1.7638,4.0633,3h_SI9,3h,SI9,1h_ce,1h,ce,5.8271
-0.39726980765456155,-0.6084806179628864,N900_RS17190,VC_A0730,0.3306763333333333,-2.9532,5.0123,3h_SI9,3h,SI9,3h_SI3,3h,SI3,7.9655
-1.489185599061663,1.0523657955051298,N900_RS17195,VC_A0731,1.0411199666666664,-0.055506,4.76,1h_SI8,1h,SI8,3h_SI4,3h,SI4,4.815506
2.2989436673047345,-0.8881376203559599,N900_RS17200,NirD/YgiW/YdeI family stress tolerance protein,1.1170059,-0.37917,3.2817,12h_st,12h,st,3h_SI1,3h,SI1,3.66087
-0.48087954083172546,0.6325086235643442,N900_RS17205,VC_A0733,0.8893727666666664,-2.313,6.1177,12h_SI8,12h,SI8,3h_SI1,3h,SI1,8.4307
2.066798865621262,-2.624500928587385,N900_RS17210,VC_A0734,1.2762096333333335,-0.15081,4.5136,1h_ce,1h,ce,6h_SI2,6h,SI2,4.66441
-5.195965448309556,-8.91844552441956e-05,N900_RS17215,flagellar brake protein,-0.21507065,-2.5255,4.5015,12h_SI4,12h,SI4,1h_ce,1h,ce,7.027
1.137008797217213,-0.11777015821128256,N900_RS17220,luxQ,1.182231666666667,-0.56745,4.5966,24h_SI9,24h,SI9,12h_SI2,12h,SI2,5.16405
1.765946092759802,-3.1423491367328125,N900_RS17225,luxp,0.7303537966666667,-1.1726,3.9362,1h_SI5,1h,SI5,6h_ce,6h,ce,5.1088000000000005
1.9641330635405199,-1.4429866219724263,N900_RS17230,traf,0.7390442776666668,-0.69807,2.8957,1h_st,1h,st,3h_SI4,3h,SI4,3.59377
0.7262848792908052,1.0123635095847343,N900_RS17235,VC_A0740_BLAST,1.0040837166666667,-0.51741,4.1299,3h_SI1,3h,SI1,3h_SI2,3h,SI2,4.64731
-4.839842054149152,0.6606259953329593,N900_RS17240,fruA,-0.77394005,-2.5171,3.0223,12h_SI4,12h,SI4,6h_SI2,6h,SI2,5.5394000000000005
0.6451702780544837,-1.400101203853661,N900_RS17245,tmaR_BLAST,0.7025685183333331,-0.8223,3.5791,1h_ce,1h,ce,6h_SI1,6h,SI1,4.4014
1.3448357461354599,-1.7275689436584782,N900_RS17250,VC_A0742,1.2560773666666667,-0.47987,4.4691,3h_co,3h,co,3h_SI5,3h,SI5,4.94897
0.8930330033517975,0.8095524980918587,N900_RS17255,membrane protein_8,0.052410633333333324,-1.5,2.9245,3h_SI5,3h,SI5,1h_st,1h,st,4.4245
1.7607896833946564,1.446401407180018,N900_RS17260,glpK,0.6003520166666666,-1.1748,4.5069,12h_SI7,12h,SI7,3h_st,3h,st,5.6817
0.5309869410104384,2.229203308824928,N900_RS17265,glpF,0.6165837333333333,-2.6402,5.4468,12h_SI8,12h,SI8,12h_SI1,12h,SI1,8.087
-0.4695031868119459,0.06851058688493378,N900_RS17275,glpA,-0.3773540166666666,-2.0955,2.7264,1h_SI1,1h,SI1,3h_SI1,3h,SI1,4.821899999999999
0.45412392087409525,-0.8131629567160947,N900_RS17280,glpB,0.11840099999999999,-1.1294,3.446,24h_SI9,24h,SI9,3h_SI3,3h,SI3,4.5754
-1.9475636246172563,-1.5899733514812282,N900_RS17285,glpC,-0.6903858499999999,-2.0003,2.173,6h_st,6h,st,3h_SI2,3h,SI2,4.1733
1.442099189582648,-0.6361096183284808,N900_RS17290,fabH2,0.7739016166666669,-0.77547,4.1364,3h_co,3h,co,1h_SI1,1h,SI1,4.91187
2.8754522493018984,-0.46633475799916047,N900_RS17295,trxC,1.2598175171666666,-0.99765,5.2795,1h_co,1h,co,1h_st,1h,st,6.27715
0.7171816791997907,-1.2199049311167511,N900_RS17300,ycaD,1.206657616666667,-0.51427,4.1052,12h_st,12h,st,6h_SI4,6h,SI4,4.61947
-1.7445112150691557,0.3350366570470844,N900_RS17305,lipase,0.5709671833333335,-0.98955,3.6409,6h_co,6h,co,6h_st,6h,st,4.63045
0.06571654761822154,1.1529029260493937,N900_RS17320,fabH2,0.3061075650000001,-0.98749,3.5751,6h_st,6h,st,3h_st,3h,st,4.56259
0.8442003872117883,-1.1115824966471266,N900_RS17325,lysr_5,1.30877688,-0.1414,5.1719,1h_SI5,1h,SI5,3h_SI3,3h,SI3,5.3133
-0.3055249796022257,1.4012569756331859,N900_RS17330,artM,0.3925796,-1.2675,3.824,6h_SI2,6h,SI2,3h_SI4,3h,SI4,5.0915
3.111316682461002,-2.905424740336406,N900_RS17335,artQ,1.0318918499999998,-0.92565,3.8465,1h_co,1h,co,3h_SI4,3h,SI4,4.77215
-5.348608483607807,-2.074667565394791,N900_RS17340,artI_1,-0.046667466666666664,-1.9376,3.2309,24h_st,24h,st,3h_SI7,3h,SI7,5.1685
-3.1995831587925068,-1.681017344700921,N900_RS17345,artP,0.36941128333333334,-1.241,3.3108,6h_SI2,6h,SI2,3h_SI8,3h,SI8,4.5518
2.2557321763630505,-1.952929910755464,N900_RS17355,viaA,1.4686574166666666,-0.95074,4.6164,1h_SI9,1h,SI9,3h_SI2,3h,SI2,5.567139999999999
0.7005683841480219,-2.7580946588502724,N900_RS17360,ravA,1.2431717499999997,-0.23129,4.2184,6h_st,6h,st,3h_SI5,3h,SI5,4.44969
-0.03444044778306221,0.0945960909877975,N900_RS17365,NUDIX hydrolase_2,0.6811701166666667,-0.78218,4.8826,6h_SI5,6h,SI5,6h_SI2,6h,SI2,5.66478
-0.722105390736322,1.2873420739389743,N900_RS17370,ltaE,-0.055477656666666646,-1.4579,2.8178,6h_st,6h,st,3h_SI2,3h,SI2,4.2757000000000005
0.9058867145094425,-0.9710390268097158,N900_RS17375,cytochrome c_3,0.2012271,-1.1163,2.4199,12h_st,12h,st,3h_SI3,3h,SI3,3.5362
0.9852503332668174,-0.40775849821197874,N900_RS17380,ttgR,1.4613392499999998,-0.59587,4.4839,3h_SI3,3h,SI3,6h_SI1,6h,SI1,5.07977
-0.6225977801097735,-0.45640258573375625,N900_RS17385,rhlE_4,0.18723543333333337,-1.2224,3.6755,6h_SI2,6h,SI2,12h_SI1,12h,SI1,4.8979
0.09004609040492806,0.37040697337536216,N900_RS17390,acpH,0.8077470708333334,-1.426,4.4622,1h_ce,1h,ce,1h_SI1,1h,SI1,5.8882
-1.0227192398581586,-1.1616156552800314,N900_RS17400,tyrP,1.1570838300000001,-0.52762,3.5995,1h_SI2,1h,SI2,3h_SI5,3h,SI5,4.12712
-1.68169710816966,0.10820833600246685,N900_RS17405,pctC_3,-0.032300850000000006,-1.2325,4.2403,12h_SI8,12h,SI8,6h_SI2,6h,SI2,5.4728
-1.0559074312569647,3.471113038190594,N900_RS17410,galE,-0.7105207866666666,-4.5677,4.4086,12h_SI8,12h,SI8,1h_st,1h,st,8.9763
-1.5042883854132136,-2.032235392377685,N900_RS17415,VC_A0775,0.20791063333333334,-1.3735,3.7645,6h_SI1,6h,SI1,6h_SI4,6h,SI4,5.138
-1.2927008396376494,2.754522363627209,N900_RS17420,pxpA3,0.004307596833333332,7.921e-05,0.097573,6h_SI5,6h,SI5,12h_st,12h,st,0.09749379
0.9945826108850948,2.043070255018874,N900_RS17425,pxpB,0.6027269683333334,-1.0463,5.068,6h_SI4,6h,SI4,6h_SI2,6h,SI2,6.1143
1.587314589195997,1.2594545820671865,N900_RS17430,pxpC,0.4106913500000001,-0.91513,3.4087,6h_SI6,6h,SI6,12h_st,12h,st,4.32383
2.173707298165052,0.0378919860629055,N900_RS17435,FAD-dependent oxidoreductase_2,1.2542238333333335,-0.080534,3.8774,3h_co,3h,co,3h_SI2,3h,SI2,3.9579340000000003
1.4593121958568949,-0.8441466169862681,N900_RS17440,ugd,1.2105370000000002,-0.26174,4.7864,6h_st,6h,st,3h_SI6,3h,SI6,5.04814
1.5850642001927628,-0.2896397863003045,N900_RS17445,ABC transporter permease_7,0.6328677866666665,-0.72178,3.5048,6h_st,6h,st,3h_st,3h,st,4.22658
2.061339404168204,-0.7807523148467266,N900_RS17450,lolD_2,0.6380340696666668,-1.0085,4.294,1h_st,1h,st,3h_SI2,3h,SI2,5.302499999999999
-0.9322741151578504,1.4717530850834044,N900_RS17455,tesA,0.7459913016666666,-1.1253,4.4167,3h_SI7,3h,SI7,3h_SI2,3h,SI2,5.542
0.6954034608302369,-1.000140347442808,N900_RS17460,fabV_2,0.691949085,-0.67547,3.5099,3h_SI4,3h,SI4,12h_SI1,12h,SI1,4.18537
0.05742806267901335,1.8622417589668152,N900_RS17465,sensor domain-containing phosphodiesterase,0.5769836766666666,-1.372,3.7345,6h_SI3,6h,SI3,12h_st,12h,st,5.1065000000000005
-2.166289247917366,1.2455042385765505,N900_RS17480,dnaj,0.16117439000000008,-2.0454,3.834,1h_SI2,1h,SI2,3h_SI2,3h,SI2,5.8794
0.8220209381629537,-1.3705778615654565,N900_RS17485,yjdF,1.0515363500000001,-0.65726,4.6891,6h_SI3,6h,SI3,6h_st,6h,st,5.34636
1.4789376269135444,-2.101717626993216,N900_RS17490,VC_A0790,1.3283790166666667,-0.35622,4.4181,12h_st,12h,st,3h_SI3,3h,SI3,4.7743199999999995
2.061354634921196,0.18277380567038176,N900_RS17505,Rha family transcriptional regulator,1.4790825833333332,-0.3036,4.9395,3h_SI5,3h,SI5,6h_SI2,6h,SI2,5.2431
-1.0665924881518105,2.4299830505225217,N900_RS17510,VC_A0794,0.5240943333333333,-2.0492,4.2201,1h_SI2,1h,SI2,3h_SI2,3h,SI2,6.2693
2.9882278747624307,0.6658969982120813,N900_RS17515,"resolvase, putative",1.0423008999999999,-0.41253,4.9603,6h_SI7,6h,SI7,3h_SI2,3h,SI2,5.37283
-2.755831253778028,0.2975113979971324,N900_RS17520,transcription initiation factor TFIIIB,0.23671706666666667,-2.1166,3.1143,3h_SI7,3h,SI7,3h_SI8,3h,SI8,5.2309
1.6904216688911626,-0.09778387144747702,N900_RS17525,yieH,0.9582375816666666,-0.90131,4.0662,1h_SI7,1h,SI7,3h_SI4,3h,SI4,4.96751
0.36517169120350834,-1.387752949286587,N900_RS17530,VC_A0799,0.7696543350000001,-0.60461,3.6619,3h_SI1,3h,SI1,6h_SI3,6h,SI3,4.26651
0.2042478732986881,-1.3457787757821331,N900_RS17535,creA,1.0667885000000001,-0.60431,4.2276,1h_co,1h,co,12h_SI3,12h,SI3,4.83191
-0.3269293372617432,1.2037514469720967,N900_RS17540,gsk_2,1.33893285,-0.45943,5.9925,6h_ce,6h,ce,6h_st,6h,st,6.45193
1.8815450754341239,-0.4695901207985761,N900_RS17545,mdoB,1.4922828733333333,-0.056656,4.2972,6h_st,6h,st,3h_SI5,3h,SI5,4.353856
1.3356992641887588,-1.0877654931616778,N900_RS17550,vesA,1.496616616666667,-1.1355,4.5367,6h_SI3,6h,SI3,12h_SI1,12h,SI1,5.6722
1.000877710166126,1.498253010498184,N900_RS17555,DEAD/DEAH box family ATP-dependent RNA helicase,1.063649216666667,-2.4282,6.1077,1h_SI5,1h,SI5,3h_SI3,3h,SI3,8.5359
-0.8451728282586775,-1.1733089299791934,N900_RS17560,rnb,-0.2808966833333333,-1.9472,3.3967,1h_SI1,1h,SI1,3h_SI4,3h,SI4,5.3439
-1.7670842711817976,1.2146877395355409,N900_RS17565,VC_A0806,0.759357,-1.7469,5.3842,6h_ce,6h,ce,1h_st,1h,st,7.1311
2.3018313008789173,-0.09977285407522707,N900_RS17570,pstS_2,1.1868148250000001,-0.63667,4.5699,1h_SI7,1h,SI7,3h_SI1,3h,SI1,5.206569999999999
0.5564592387807483,2.0410456241523436,N900_RS17575,MaoC family dehydratase,0.5215651666666667,-2.7246,2.8798,6h_SI5,6h,SI5,12h_SI2,12h,SI2,5.6044
1.3998405030805658,-2.4308156800000504,N900_RS17580,phrB_1,0.9998710000000001,-0.26857,4.1433,1h_SI5,1h,SI5,3h_SI1,3h,SI1,4.41187
0.5044928347384667,-0.6445850088564736,N900_RS17585,gbpA,1.4135446666666667,-0.76527,4.8885,6h_SI6,6h,SI6,3h_SI4,3h,SI4,5.65377
1.8972772176480106,0.5980414721851821,N900_RS17590,peptidase_4,1.3174229849999997,-0.13686,4.6615,1h_SI8,1h,SI8,1h_SI1,1h,SI1,4.798360000000001
-0.6412751674143546,-0.6940117571560205,N900_RS17595,Bacterial leucyl aminopeptidase_BLAST,0.49667377833333326,-1.0556,4.4349,6h_SI3,6h,SI3,3h_SI2,3h,SI2,5.4905
-1.3160408767687675,0.5411939794206284,N900_RS17600,speB,0.4268282466666667,-0.97639,3.9475,6h_SI2,6h,SI2,6h_SI1,6h,SI1,4.92389
-1.5372335092394018,-0.27871206000446336,N900_RS17605,speA,-0.34985630984999994,-2.0291,3.8426,24h_st,24h,st,3h_SI3,3h,SI3,5.871700000000001
0.550325676836898,0.3554821194738756,N900_RS17610,mechanosensitive ion channel protein,0.4576205666666667,-0.7909,3.4929,24h_SI8,24h,SI8,3h_SI4,3h,SI4,4.2838
-2.594486155407854,-1.0756897473249383,N900_RS17615,mgtE_3,-0.5498134666666668,-3.4771,3.567,6h_co,6h,co,3h_SI1,3h,SI1,7.0441
0.7906675547295783,-2.5007942694378773,N900_RS17620,groS_2,0.9049580516666667,-0.47564,4.331,6h_st,6h,st,6h_ce,6h,ce,4.806640000000001
2.4230413992914723,-2.5658554029090004,N900_RS17625,groL_2,1.4953056316666666,-0.10164,4.8186,1h_SI6,1h,SI6,6h_ce,6h,ce,4.92024
2.1083746775054415,-1.3890536416674106,N900_RS17630,VC_A0821,1.4592262833333332,-0.081803,4.7336,1h_SI8,1h,SI8,3h_SI1,3h,SI1,4.815403
-0.495107274999655,0.5010848473121454,N900_RS17635,ask,0.6735434166666666,-0.77302,3.4215,6h_st,6h,st,3h_SI2,3h,SI2,4.19452
2.9058326523448628,0.9886626392264439,N900_RS17640,ectC,1.6218537166666671,-0.078765,4.1303,1h_SI8,1h,SI8,6h_SI1,6h,SI1,4.209065
0.9995393374307673,0.7049478464347738,N900_RS17645,ectB,0.7576948916666667,-1.3876,3.0141,6h_SI1,6h,SI1,3h_SI5,3h,SI5,4.4017
0.7642705575393949,0.7214277962920774,N900_RS17650,"L-2,4-diaminobutyric acid acetyltransferase",0.7623175500000001,-0.53422,4.391,6h_st,6h,st,3h_SI1,3h,SI1,4.92522
0.15853851631943305,-1.910586617964917,N900_RS17655,4a-hydroxytetrahydrobiopterin dehydratase,0.5276329499999999,-0.83213,3.726,3h_SI2,3h,SI2,12h_SI1,12h,SI1,4.55813
2.358667159891957,-1.4835823803369101,N900_RS17660,phhA,1.1503851666666665,-0.66631,4.0398,1h_SI4,1h,SI4,1h_SI1,1h,SI1,4.70611
1.4658706747892598,-0.9692490989330258,N900_RS17665,acs_2,0.13063101166666674,-1.1944,3.6812,1h_st,1h,st,6h_SI4,6h,SI4,4.8756
-1.133426491543533,-1.5953416590690461,N900_RS17670,LysR family transcriptional regulator_7,0.30127895,-1.4317,3.4564,3h_SI9,3h,SI9,3h_st,3h,st,4.8881
-4.432453741970637,-2.652534020045453,N900_RS17675,VC_A0831,-0.4158403833333334,-3.3317,2.7904,24h_st,24h,st,3h_SI2,3h,SI2,6.1221
-1.742369972176102,-1.5526411188033313,N900_RS17680,"methyltransferase, putative",0.5584226166666667,-0.85781,3.3543,1h_co,1h,co,12h_SI2,12h,SI2,4.21211
1.4164919128319422,-0.9394303022914594,N900_RS17685,LysR family transcriptional regulator_10,0.7621853891666667,-0.61091,3.8667,1h_st,1h,st,3h_SI1,3h,SI1,4.477609999999999
3.160738242624971,-2.0308624432053834,N900_RS17690,cation diffusion facilitator family transporter,1.5427311000000001,-0.36098,4.9598,1h_SI6,1h,SI6,3h_SI3,3h,SI3,5.32078
0.0475126220575528,-1.9790424262059791,N900_RS17695,drug/metabolite DMT transporter permease,0.954021885,-1.1723,4.6289,12h_SI1,12h,SI1,3h_SI1,3h,SI1,5.8012
-0.7356920584327566,-1.6617182864879951,N900_RS17700,maa,0.7351503833333333,-1.5109,3.6839,12h_SI2,12h,SI2,3h_SI2,3h,SI2,5.1948
-0.5190210997675488,1.102984130908895,N900_RS17705,HlyC/CorC family transporter_2,-0.20554770666666664,-1.5843,3.4504,6h_SI7,6h,SI7,6h_st,6h,st,5.0347
1.3940787244208908,-2.525617893586042,N900_RS17710,yhfA,0.700194125,-0.62308,3.7182,1h_st,1h,st,3h_SI5,3h,SI5,4.34128
2.525724296443636,1.8543833966359913,N900_RS17715,luxG,-1.306354505,-3.8313,1.8028,6h_SI7,6h,SI7,1h_SI1,1h,SI1,5.6341
0.06008177452301977,-1.484579944348825,N900_RS17725,glyceraldehyde-3-phosphate dehydrogenase,0.24004623333333333,-1.5275,3.5723,12h_SI2,12h,SI2,3h_SI1,3h,SI1,5.0998
-1.8769683413488678,-1.1072430495866088,N900_RS17730,VC_A0845,0.8011355935000001,-1.0411,4.1358,12h_SI2,12h,SI2,1h_st,1h,st,5.1769
-3.2521935556736676,-0.2235022398736728,N900_RS17735,lyse_3,0.14081270666666665,-1.612,3.2614,6h_SI2,6h,SI2,1h_SI1,1h,SI1,4.8734
2.698948089403836,-1.106740971344252,N900_RS17740,yjeH,0.92849155,-0.41966,3.6,3h_st,3h,st,6h_SI4,6h,SI4,4.01966
0.6582076852888381,-0.553687261011459,N900_RS17745,VC_A0848,1.3741408833333333,-1.0848,5.4835,1h_SI7,1h,SI7,12h_SI2,12h,SI2,6.568300000000001
-1.9878602942432362,0.18355343313149033,N900_RS17750,retention module-containing protein,0.49378368333333333,-1.1553,3.6959,6h_SI1,6h,SI1,3h_SI4,3h,SI4,4.8512
-0.6373341710106937,-0.9356468122315507,N900_RS17755,yehT_2,0.35794543333333334,-1.2383,3.5378,6h_SI2,6h,SI2,12h_SI3,12h,SI3,4.7761
-1.5850197702948088,-1.853221716562698,N900_RS17760,sensor histidine kinase_6,0.5569221499999999,-0.97553,2.8625,3h_SI3,3h,SI3,6h_SI3,6h,SI3,3.83803
0.5806722095832848,-0.5343729670676898,N900_RS17765,VC_A0852,0.8629468266666667,-0.53067,4.1785,6h_st,6h,st,3h_SI2,3h,SI2,4.709169999999999
0.6674212970632403,0.4521998603699174,N900_RS17770,outer membrane lipoprotein-sorting protein,0.5922057333333334,-0.46081,3.0373,3h_co,3h,co,1h_st,1h,st,3.49811
2.6070668999986317,-1.5586607056556572,N900_RS17775,lolE_2,1.0645190333333334,-0.56493,3.4473,3h_st,3h,st,3h_SI5,3h,SI5,4.01223
1.6253352282028901,-0.9807910488152811,N900_RS17780,lolD_3,1.3669511666666665,-0.38928,4.4167,3h_SI3,3h,SI3,3h_SI1,3h,SI1,4.80598
1.6038191361807979,-2.391392123090767,N900_RS17785,VC_A0856,0.8527246999999999,-0.40066,3.4378,1h_st,1h,st,6h_SI1,6h,SI1,3.8384600000000004
1.0512547800329965,2.4792571295440116,N900_RS17790,VC_A0858,1.4219452666666668,-0.12715,5.4594,1h_SI7,1h,SI7,3h_st,3h,st,5.58655
-0.8621147658048787,0.08367487430961973,N900_RS17795,ydhF,0.38520606500000004,-1.1017,4.6654,6h_SI4,6h,SI4,3h_SI1,3h,SI1,5.7671
-0.06846689300746478,-3.3111567895276526,N900_RS17800,malS,1.09767355,-0.28286,3.6249,3h_SI4,3h,SI4,3h_SI1,3h,SI1,3.9077599999999997
-4.549203863208168,1.910268770124433,N900_RS17815,long-chain fatty acid outer membrane transporter,-0.4012900166666667,-1.962,3.9317,24h_SI2,24h,SI2,1h_st,1h,st,5.8937
-1.0670824833001324,-0.5244616175922013,N900_RS17820,vola,0.8906992933333334,-0.68514,4.6668,12h_SI4,12h,SI4,3h_SI1,3h,SI1,5.35194
1.8437800508846323,1.7601969271004316,N900_RS17825,bdlA_2,1.4348054000000003,0.037057,4.7942,1h_SI2,1h,SI2,3h_SI1,3h,SI1,4.757143
1.1314220693358958,-3.721027106244264,N900_RS17830,hapA,0.6224483216666667,-0.88243,3.2309,12h_st,12h,st,6h_ce,6h,ce,4.11333
-1.4688155290031535,-1.8179153375300978,N900_RS17840,ompW,0.3254082,-1.0355,2.6567,6h_st,6h,st,12h_SI3,12h,SI3,3.6921999999999997
-3.03673450447161,3.549345985063082,N900_RS17845,VC_A0868,-0.533469925,-2.7048,3.6179,6h_ce,6h,ce,3h_SI3,3h,SI3,6.3227
-0.29638092055847176,-0.9198216450410557,N900_RS17850,pbpG,0.17313374833333334,-1.4575,2.7416,6h_SI1,6h,SI1,3h_SI2,3h,SI2,4.1991
-2.6603651188015403,2.503690482313834,N900_RS17855,norG,-0.6166551666666665,-2.2659,3.147,24h_co,24h,co,6h_SI2,6h,SI2,5.4129
-1.6082523203455663,-1.0851578705721445,N900_RS17860,cytochrome bd oxidase subunit I,0.41083646666666673,-0.97197,3.0272,6h_SI1,6h,SI1,12h_SI1,12h,SI1,3.9991700000000003
-0.16808445694824403,1.4182431133276363,N900_RS17865,cydB_2,-0.02769535000000001,-1.9781,3.0917,6h_ce,6h,ce,1h_SI1,1h,SI1,5.0698
-5.253372548935692,2.218924187700183,N900_RS17870,VC_A0874,-1.5055861333333334,-4.3519,1.4846,12h_SI5,12h,SI5,1h_ce,1h,ce,5.836499999999999
2.2490469074715325,-0.04821711154730701,N900_RS17875,dsdA,1.0261612333333334,-0.42687,4.2889,1h_st,1h,st,6h_st,6h,st,4.71577
1.7784382352762833,-0.45899064293170233,N900_RS17880,dsdC,0.6709139283333333,-1.2727,4.065,12h_ce,12h,ce,3h_SI5,3h,SI5,5.3377
1.732517475053223,-0.6436066719993896,N900_RS17885,linear amide C-N hydrolase,1.1072185750000003,-0.43913,3.925,3h_st,3h,st,6h_st,6h,st,4.364129999999999
1.2720311956750914,0.2632411319159598,N900_RS17890,integrase,0.0007545166666666584,-1.5645,3.2641,24h_SI6,24h,SI6,3h_SI3,3h,SI3,4.8286
-1.8861339629907907,-1.361819642042061,N900_RS17900,VC_A0880,0.011968033333333345,-1.4617,3.3066,6h_SI3,6h,SI3,3h_SI1,3h,SI1,4.7683
-1.942726084217035,1.4496326015997831,N900_RS17905,VC_A0881,-0.03120291666666668,-1.821,3.9765,12h_SI8,12h,SI8,3h_SI4,3h,SI4,5.7975
3.534569937909798,-0.5853412924062678,N900_RS17910,VC_A0882,1.0309760833333332,-1.0913,3.6959,1h_SI6,1h,SI6,3h_SI1,3h,SI1,4.7872
0.0808843496518219,0.5567753622371123,N900_RS17915,VC_A0883,0.8386454833333334,-0.36403,5.4963,6h_ce,6h,ce,3h_st,3h,st,5.860329999999999
1.6843478764870312,-2.5742820666688284,N900_RS17920,VC_A0884,0.6208377166666667,-0.80626,2.8757,6h_st,6h,st,3h_SI3,3h,SI3,3.68196
2.0918801008271792,-0.09857938478297895,N900_RS17925,tdh,0.9334647683333333,-0.43156,4.4048,1h_st,1h,st,6h_st,6h,st,4.83636
-0.5717942756089003,-0.12775621803039566,N900_RS17930,kbl,0.18403121,-1.5271,3.4499,12h_SI1,12h,SI1,3h_st,3h,st,4.977
1.3961469145930652,1.4293382308333547,N900_RS17945,LuxR family transcriptional regulator,0.8631686500000002,-0.30209,4.3911,1h_SI8,1h,SI8,3h_st,3h,st,4.6931899999999995
-0.648919259601739,-2.0795389943141345,N900_RS17950,dmlR_6,1.0615937466666665,-0.15927,4.4544,3h_st,3h,st,3h_SI1,3h,SI1,4.61367
1.031395024806872,0.6940737834165676,N900_RS17955,yaeR_BLAST,0.8868132999999998,-0.511,3.6052,3h_SI2,3h,SI2,6h_SI1,6h,SI1,4.1162
1.8192850544815364,-0.8160933050070927,N900_RS17960,VC_A0891,1.1752430333333335,-0.18497,4.7196,3h_SI4,3h,SI4,6h_SI3,6h,SI3,4.90457
0.05602879697238761,-2.0247481472529314,N900_RS17965,VC_A0892,1.2321221333333334,-0.16676,4.9585,6h_SI2,6h,SI2,6h_SI3,6h,SI3,5.12526
2.455883010059372,-1.8018442350148658,N900_RS17970,VC_A0893,1.02237215,-0.35522,4.2143,3h_ce,3h,ce,6h_SI3,6h,SI3,4.56952
-2.547956159140751,-1.464664107722326,N900_RS17975,ycdX,0.28069838333333325,-1.317,3.0485,6h_SI3,6h,SI3,3h_SI3,3h,SI3,4.3655
0.24049346976614983,-0.8444806114326973,N900_RS17980,metal-dependent phosphohydrolase,1.0287126,-0.84668,5.386,12h_SI3,12h,SI3,3h_SI2,3h,SI2,6.23268
-2.4674095862657794,-0.5411207863773426,N900_RS17985,zwf,-0.5297414500000001,-2.6284,2.2209,3h_SI9,3h,SI9,3h_SI2,3h,SI2,4.8492999999999995
2.9989592598140877,-1.3084760625501943,N900_RS17990,pgl,1.2024730000000001,-0.73588,4.5236,3h_SI9,3h,SI9,6h_SI2,6h,SI2,5.25948
1.6195885161703316,2.2832455182541027,N900_RS17995,gnd,-0.12414838500000001,-2.1542,4.5935,6h_ce,6h,ce,12h_st,12h,st,6.7477
-1.7639481224396913,2.1921914577035064,N900_RS18000,VC_A0899,-0.11332974999999998,-2.2521,3.9767,6h_SI5,6h,SI5,3h_SI2,3h,SI2,6.2288
3.0265077998728325,0.4521739012745467,N900_RS18005,MBL fold metallo-hydrolase_3,1.3484987,-0.26845,3.951,1h_SI8,1h,SI8,6h_SI2,6h,SI2,4.21945
0.971571881548206,0.09943606148617862,N900_RS18010,VC_A0901,0.7688102765,-0.57853,3.3851,3h_st,3h,st,6h_ce,6h,ce,3.96363
0.651555659755092,-0.4196726977159576,N900_RS18015,VC_A0902,1.29595885,-0.39959,4.5339,6h_SI4,6h,SI4,3h_SI5,3h,SI5,4.93349
1.4605052067247204,0.12441769779946055,N900_RS18020,Pseudogene_N900_RS18020,0.6119588516666669,-0.61296,3.5909,12h_SI6,12h,SI6,6h_ce,6h,ce,4.20386
2.5644962903617907,0.15253682442638888,N900_RS18025,dsdX,1.0326274999999998,-0.64951,5.0488,1h_SI1,1h,SI1,12h_st,12h,st,5.69831
-0.6638872412923313,-2.4456969284624006,N900_RS18030,cdar,0.9397330333333334,-0.64353,5.6322,3h_SI3,3h,SI3,6h_ce,6h,ce,6.27573
-1.2263625520285382,0.4136234358201244,N900_RS18035,methyl-accepting chemotaxis protein_24,0.47953151333333327,-0.99292,3.8988,6h_SI4,6h,SI4,3h_SI1,3h,SI1,4.89172
0.36967746596196793,3.635162485531253,N900_RS18040,hutZ,0.8886057166666668,-0.87025,5.2244,6h_SI4,6h,SI4,3h_st,3h,st,6.09465
-0.8975178305026894,0.4158281433909249,N900_RS18045,hutX,0.4391003733333333,-0.92772,4.1017,12h_st,12h,st,6h_st,6h,st,5.02942
-0.36321125930682685,-2.304573424110573,N900_RS18050,chuw,0.3849274,-1.2398,2.7233,12h_st,12h,st,3h_SI5,3h,SI5,3.9631
-0.3412608263408501,-0.14689523284928113,N900_RS18055,TonB_2,0.81090335,-1.2465,4.5803,1h_SI9,1h,SI9,6h_SI3,6h,SI3,5.8268
1.8086343798453504,-1.9131771048758437,N900_RS18060,exbB1,1.5818295,-0.61895,5.692,1h_SI6,1h,SI6,3h_SI5,3h,SI5,6.31095
1.314383900219326,-2.6147898175397866,N900_RS18065,exbD1,0.2369785333333333,-1.234,3.4798,3h_st,3h,st,6h_SI4,6h,SI4,4.7138
0.15174073937181864,1.6092277126342096,N900_RS18070,hmuT,-0.4551140333333334,-2.2574,3.4826,6h_SI5,6h,SI5,6h_SI1,6h,SI1,5.74
1.6891156479520593,-0.3029665515015211,N900_RS18075,hmuU,0.9301478333333334,-0.77474,5.5756,1h_SI6,1h,SI6,6h_SI1,6h,SI1,6.350339999999999
2.0513685958455454,-0.8324817239555102,N900_RS18080,hmuV,0.84955604,-0.71774,3.5689,1h_SI7,1h,SI7,6h_SI3,6h,SI3,4.28664
0.6307480097620068,-0.5211655236769683,N900_RS18085,TetR/AcrR family transcriptional regulator_5,-0.008948498333333322,-1.6294,3.2636,3h_SI1,3h,SI1,6h_SI2,6h,SI2,4.893
-2.427269161787257,3.925771134862714,N900_RS18090,VC_A0919,-0.6179167000000001,-4.2886,4.1179,6h_SI7,6h,SI7,6h_SI2,6h,SI2,8.4065
-2.1766781764607392,-1.3098285679456514,N900_RS18095,VC_A0920,0.2249694783333333,-2.0225,4.2927,12h_SI2,12h,SI2,1h_SI1,1h,SI1,6.3152
-0.748552320008169,1.2449797629048736,N900_RS18105,araC_2,0.04424243333333331,-2.0993,3.8951,1h_SI1,1h,SI1,6h_SI1,6h,SI1,5.9944
2.4211152670432394,1.7519044237402601,N900_RS18110,mlp37,1.395917148333333,-0.21069,5.3295,1h_SI8,1h,SI8,3h_st,3h,st,5.54019
1.8911400842467483,-0.44161371827764295,N900_RS18115,hmp_2,1.50623445,-0.18888,4.5887,1h_SI6,1h,SI6,1h_ce,1h,ce,4.77758
0.8450209258958998,2.8729436587474426,N900_RS18120,pyrC,-0.5920751333333334,-3.3609,2.9625,12h_SI7,12h,SI7,1h_st,1h,st,6.3233999999999995
-1.5446688970594005,0.8209411429703737,N900_RS18125,AraC family transcriptional regulator_4,0.48270094166666666,-1.3638,4.4377,6h_SI2,6h,SI2,6h_ce,6h,ce,5.801500000000001
0.8332212211026744,-1.0642073009941198,N900_RS18130,yhaI,0.5284481166666667,-1.3799,3.5116,3h_SI9,3h,SI9,3h_st,3h,st,4.8915
1.5176425121897514,-1.1620005675172274,N900_RS18135,VC_A0928,0.8181215166666668,-0.78645,3.9496,1h_st,1h,st,3h_SI2,3h,SI2,4.7360500000000005
-0.3467967799042162,0.07307246604606776,N900_RS18140,rlmC,1.4098274999999998,-0.10234,4.0469,1h_SI6,1h,SI6,3h_SI3,3h,SI3,4.14924
1.3261134169163018,-1.5946259954728221,N900_RS18145,yedI,1.2079101883333332,-0.35389,3.896,6h_st,6h,st,6h_ce,6h,ce,4.24989
0.7657937173626155,-2.9397746534564937,N900_RS18150,VC_A0931_BLAST,1.0859591833333333,-0.85723,4.7621,1h_co,1h,co,6h_SI4,6h,SI4,5.619330000000001
0.003262502144321555,0.9246354185500286,N900_RS18155,cspV_3,0.7596669666666667,-0.83059,5.2356,24h_SI2,24h,SI2,3h_SI1,3h,SI1,6.06619
0.149212170188886,-0.6015225914150053,N900_RS18160,VC_A0935,1.0457559066666666,-1.0574,5.2573,1h_co,1h,co,6h_SI3,6h,SI3,6.3147
2.6750184789696796,-0.7913888044021071,N900_RS18165,M14 family metallocarboxypeptidase,1.0212869166666667,-0.50094,3.5822,1h_st,1h,st,3h_SI3,3h,SI3,4.08314
0.08140279521592131,-2.162641243999032,N900_RS18170,AraC family transcriptional regulator_6,0.6175306833333334,-1.1021,3.7207,6h_st,6h,st,6h_ce,6h,ce,4.8228
0.756197805063807,1.865227659328401,N900_RS18175,eamA_8,1.0682493333333332,-0.95688,5.1571,24h_SI9,24h,SI9,1h_SI1,1h,SI1,6.11398
0.3686242214643696,-1.1606005645403141,N900_RS18180,VC0395_0300_BLAST,1.1578570499999998,-0.60448,4.9425,1h_ce,1h,ce,6h_SI3,6h,SI3,5.54698
1.4827266393252287,0.7349585120493198,N900_RS18190,yciA_2,1.0799188716666666,-0.34301,4.4195,6h_st,6h,st,3h_st,3h,st,4.76251
2.0636685460517663,-2.720002087583316,N900_RS18195,VC_A0942,0.9048698233333334,-0.65127,3.9226,3h_co,3h,co,12h_SI2,12h,SI2,4.57387
1.9004140168548211,0.8837489587229972,N900_RS18200,malG,1.5428225,0.23595,4.8215,24h_ce,24h,ce,3h_SI1,3h,SI1,4.5855500000000005
-2.089814269147736,-0.28330198951023255,N900_RS18205,malF,0.16582731666666672,-1.3919,4.6687,3h_co,3h,co,3h_SI3,3h,SI3,6.0606
0.519813881633794,0.4534519145409628,N900_RS18210,malE,0.18086401500000002,-1.0174,3.42,6h_st,6h,st,6h_SI2,6h,SI2,4.4374
2.5534515211931472,0.974071109610927,N900_RS18215,malK,1.6420375766666666,-0.075905,5.2683,1h_SI7,1h,SI7,12h_st,12h,st,5.344205
-3.8184789237451175,-0.6156504324989764,N900_RS18220,speG,-0.6083415000000001,-1.887,2.9196,6h_SI2,6h,SI2,6h_SI3,6h,SI3,4.8065999999999995
0.03243536074998232,-1.884823430992272,N900_RS18225,VC_A0948,1.0218731166666666,-0.58247,3.9622,12h_SI1,12h,SI1,6h_ce,6h,ce,4.54467
0.677405211548785,-0.021675104286848823,N900_RS18230,SM-20,0.7878321116666669,-0.62538,3.4996,3h_SI1,3h,SI1,3h_SI6,3h,SI6,4.12498
-2.525202044448411,-1.8066964203704656,N900_RS18235,VCM66_A0911_BLAST,0.7831024866666667,-1.1646,4.4179,1h_SI9,1h,SI9,3h_SI1,3h,SI1,5.5825000000000005
0.337643477947732,-0.24181148656153673,N900_RS18240,vpsT,0.7171934466666665,-0.67154,4.1504,3h_SI1,3h,SI1,6h_SI2,6h,SI2,4.821940000000001
-0.10893568552176003,-0.7761717210460197,N900_RS18245,ppiC,1.120754318333333,-0.34956,4.3295,3h_SI2,3h,SI2,12h_SI1,12h,SI1,4.679060000000001
1.8559289409273463,-1.8385651473158773,N900_RS18250,CheV,0.5409919933333334,-0.75718,3.3254,3h_ce,3h,ce,3h_SI1,3h,SI1,4.08258
0.0666005499334017,-3.052415865818198,N900_RS18255,marr_2,0.713241845,-0.91848,3.4133,12h_st,12h,st,6h_SI4,6h,SI4,4.33178
0.3937758302966219,0.6493001734561015,N900_RS18260,vdcA,0.7629141199999999,-0.67459,4.8018,6h_SI1,6h,SI1,6h_st,6h,st,5.47639
-2.1715900759939837,-0.7043870910283285,N900_RS18265,malate synthase,0.7379522666666667,-1.0315,4.393,6h_ce,6h,ce,3h_SI3,3h,SI3,5.4245
2.991397233088094,0.6693334278244816,N900_RS18270,VC_A0958,1.5079524999999998,0.03813,4.6884,1h_SI9,1h,SI9,3h_st,3h,st,4.65027
0.9379042840581828,0.054735852245223315,N900_RS18280,sensor domain-containing diguanylate cyclase_5,0.5460500599999999,-0.79078,3.9373,1h_st,1h,st,12h_st,12h,st,4.72808
-1.1652349885316615,-2.5004302964123393,N900_RS18285,AlkB,0.7554539366666666,-0.68823,4.9356,1h_SI1,1h,SI1,3h_SI6,3h,SI6,5.62383
1.1660719646810085,0.19437251021670002,N900_RS18290,VC_A0962,0.3900006549999999,-1.0555,2.8775,6h_SI6,6h,SI6,3h_SI3,3h,SI3,3.933
1.4677635473680626,1.7484849512136351,N900_RS18295,DMT family transporter_2,2.4100283333333334,1.0156,4.9017,1h_st,1h,st,1h_ce,1h,ce,3.8861
1.5094810404627745,-0.09233898257022505,N900_RS18300,gcvA_2,2.2346368333333326,0.59281,4.9998,1h_SI8,1h,SI8,12h_SI1,12h,SI1,4.4069899999999995
-1.3392875514805764,-0.62433983160584,N900_RS18305,diguanylate cyclase_6,0.7194414166666668,-0.94836,3.8222,12h_SI8,12h,SI8,3h_SI3,3h,SI3,4.77056
-0.30691635807239903,-0.7565892622139825,N900_RS18310,VC_A0966,0.4221418283333333,-0.78188,4.1463,12h_st,12h,st,3h_SI3,3h,SI3,4.92818
-3.7660620067519455,2.5582872525470854,N900_RS18315,VC_A0969_BLAST,-0.9442511333333332,-3.2332,2.4104,3h_SI7,3h,SI7,6h_SI3,6h,SI3,5.6436
1.5464293650291339,1.8596081312466124,N900_RS18320,pyrimidine/purine nucleoside phosphorylase,0.657977575,-1.2115,4.8168,12h_SI6,12h,SI6,12h_st,12h,st,6.0283
-1.7998510394091585,-0.7388115663917019,N900_RS18325,VC_A0971,0.17817867333333332,-1.2495,4.2406,6h_SI3,6h,SI3,3h_SI1,3h,SI1,5.4901
-1.8711167879786745,-0.36447625423975205,N900_RS18330,MFS transporter_2,0.35881348333333335,-0.8963,4.4611,6h_SI1,6h,SI1,3h_SI2,3h,SI2,5.3574
-0.003181050857422818,-2.4194728599863917,N900_RS18340,methyl-accepting chemotaxis protein_25,0.6147865899999999,-0.93278,3.7644,3h_SI2,3h,SI2,3h_SI1,3h,SI1,4.69718
-2.186938618260357,-0.2060404978886533,N900_RS18345,ATP-binding protein_2,-0.09152692666666669,-1.6205,3.2502,6h_SI1,6h,SI1,3h_SI2,3h,SI2,4.8707
-0.439945741020086,0.7217415352176304,N900_RS18350,VC_A0976,0.64672878,-1.0007,4.4513,3h_SI7,3h,SI7,6h_st,6h,st,5.452
-0.5150434882517381,0.4762194892123278,N900_RS18355,lktB_2,1.519740105,-0.60883,5.4278,1h_SI1,1h,SI1,6h_SI3,6h,SI3,6.036630000000001
1.6697819236673723,0.747631573106859,N900_RS18360,artI_2,0.7587857,-0.80842,3.6524,1h_st,1h,st,6h_st,6h,st,4.46082
1.3605029033823852,-3.6094398001948744,N900_RS18365,mcpQ,1.0476492,-0.46607,4.335,3h_co,3h,co,3h_SI5,3h,SI5,4.80107
-1.2326562869372935,-1.449743869159182,N900_RS18370,VC_A0980,0.99271789,-0.92994,5.7143,1h_SI2,1h,SI2,12h_SI2,12h,SI2,6.64424
1.1814326355871891,0.6255739301904072,N900_RS18375,ABC transporter,1.1957825616666669,-0.29617,4.516,6h_SI7,6h,SI7,6h_st,6h,st,4.81217
1.9240230125902444,-1.2125696515164952,N900_RS18380,dmlR,0.8241887983333334,-0.67422,4.6473,12h_st,12h,st,3h_SI1,3h,SI1,5.3215200000000005
0.05712326164280679,-0.6528648006774572,N900_RS18385,L-lactate permease,0.8027006000000001,-0.58001,5.3968,12h_SI1,12h,SI1,3h_SI1,3h,SI1,5.9768099999999995
0.3686233040905762,-1.0283950617275839,N900_RS18390,lldd,0.26480408333333333,-1.3526,2.618,3h_SI6,3h,SI6,12h_SI1,12h,SI1,3.9706
-3.4080343851559025,2.4395443432070443,N900_RS18395,FAD-binding oxidoreductase,-1.0004502333333334,-3.0886,3.2639,24h_co,24h,co,6h_SI1,6h,SI1,6.3525
1.682834005997507,-0.3768170416935501,N900_RS18400,ppsR,0.7752115616666668,-0.24286,3.2293,3h_st,3h,st,3h_SI4,3h,SI4,3.4721599999999997
2.253225916051374,-0.2662386168387739,N900_RS18405,ppsA,1.2964013166666666,-0.27773,5.2183,3h_st,3h,st,6h_st,6h,st,5.49603
-0.7830709752803524,-3.5786678838831962,N900_RS18410,aer_2,0.9651875166666667,-1.4096,4.8851,1h_co,1h,co,3h_SI4,3h,SI4,6.294700000000001
0.3685199617539259,0.21495274051093793,N900_RS18415,norM_3,0.7381811283333335,-0.52887,4.2499,6h_st,6h,st,3h_SI4,3h,SI4,4.77877
0.5240040531990844,-0.10971806562452718,N900_RS18420,ATP-dependent helicase_2,1.0005302166666665,-0.36488,3.9666,3h_SI2,3h,SI2,6h_ce,6h,ce,4.33148
1.3705893158628424,-0.5366791835446976,N900_RS18425,dmlR_8,0.9454146333333333,-0.53089,4.2217,1h_st,1h,st,12h_st,12h,st,4.7525900000000005
-2.601600285425907,0.48472903718848726,N900_RS18430,grxB,0.7697200833333332,-1.0326,6.0039,12h_SI2,12h,SI2,3h_SI1,3h,SI1,7.0365
3.249240312429886,0.9521702882263643,N900_RS18435,nemA_1,1.0526019883333333,-0.49052,3.63,1h_SI5,1h,SI5,3h_SI2,3h,SI2,4.12052
3.1391841928713493,-0.6089814347426269,N900_RS18440,amidinotransferase,1.5820203166666669,-0.19961,4.4343,1h_SI8,1h,SI8,12h_SI2,12h,SI2,4.63391
-0.8836629766599744,3.0709998405879615,N900_RS18445,vcaM,0.006609450833333333,0.00019262,0.17305,6h_SI7,6h,SI7,3h_st,3h,st,0.17285738
3.502026795662017,0.2902989089967099,N900_RS18450,VC_A0997,1.5210640666666668,-1.2297,6.4454,1h_SI9,1h,SI9,6h_SI3,6h,SI3,7.6751000000000005
1.5724805000373747,0.3484631569189349,N900_RS18455,nemA_2,1.2277445000000002,-0.5137,3.9551,1h_st,1h,st,3h_SI1,3h,SI1,4.4688
2.8017561996747764,-0.0013105136279910612,N900_RS18460,tetr_2,1.0664707666666668,-0.9266,4.6922,1h_SI5,1h,SI5,12h_SI1,12h,SI1,5.618799999999999
-0.2907033307566391,-0.5924983659288496,N900_RS18465,LysE family translocator_2,0.9449693833333336,-0.73313,4.7676,3h_SI2,3h,SI2,6h_ce,6h,ce,5.50073
-1.298593645670356,0.29900723036228505,N900_RS18470,rhaS_4,0.93171164,-1.7867,5.3963,6h_SI5,6h,SI5,6h_SI2,6h,SI2,7.183
1.3002867743993214,0.3868278003118479,N900_RS18475,ygaZ,1.0294073499999998,-0.16483,3.9897,6h_st,6h,st,3h_SI3,3h,SI3,4.15453
0.19182103808492768,1.8775239871179992,N900_RS18480,VC_A1003,1.0644122500000002,-0.6124,4.3871,1h_SI4,1h,SI4,3h_SI3,3h,SI3,4.9995
-0.9205160774980561,-0.2766286869279013,N900_RS18485,ycgM,0.2317670416666667,-1.0364,3.1133,12h_st,12h,st,1h_SI1,1h,SI1,4.1497
-0.03000482134867788,-3.204796462367847,N900_RS18490,sarZ_2,1.4996949,-0.13114,3.8497,6h_SI1,6h,SI1,6h_SI2,6h,SI2,3.9808399999999997
-1.7502354288303081,1.2099637450839844,N900_RS18495,organic hydroperoxide resistance protein,0.7048468666666667,-0.51228,5.0489,3h_SI7,3h,SI7,3h_SI4,3h,SI4,5.561179999999999
2.9629208436263728,1.1733543965415034,N900_RS18500,porin,1.9403371,-0.22876,6.144,1h_SI6,1h,SI6,3h_st,3h,st,6.37276
2.357033813888333,-0.13531392046046192,N900_RS18505,ribN_BLAST,1.7100765966666664,-0.20179,5.2301,1h_SI8,1h,SI8,3h_st,3h,st,5.43189
0.6672222665797647,-0.0009701320800740154,N900_RS18510,glutaredoxin,1.3478461550000003,-0.002698,4.421,12h_ce,12h,ce,6h_SI2,6h,SI2,4.423698
1.2724831390375133,-0.7852724466061973,N900_RS18515,yjiG,0.7193569433333333,-0.59136,3.7821,6h_SI7,6h,SI7,3h_SI2,3h,SI2,4.37346
0.5737644537943241,-1.9688552059569724,N900_RS18520,VC_A1013,0.8471733166666665,-0.59808,3.6638,12h_st,12h,st,3h_SI1,3h,SI1,4.26188
-2.316065851136158,-0.9600873516315631,N900_RS18525,nhad,0.4258148978333333,-1.0779,3.8994,6h_SI3,6h,SI3,12h_SI1,12h,SI1,4.9773
1.0571384345985049,0.4297999938312206,N900_RS18530,VC_A1016,1.49939915,-0.2296,5.4337,1h_SI7,1h,SI7,6h_st,6h,st,5.6633
-2.3235402709748607,-0.6064158916682211,N900_RS18535,ogt,0.8451131166666666,-0.57455,5.4107,12h_st,12h,st,1h_SI1,1h,SI1,5.985250000000001
-1.0822243296026937,-2.6425929281122995,N900_RS18540,alkA,0.36567683333333334,-1.0677,2.7152,12h_st,12h,st,6h_SI4,6h,SI4,3.7828999999999997
0.010606718548451521,0.5049999392768314,N900_RS18545,mhqP,1.2606789466666664,-0.16519,4.8455,1h_SI6,1h,SI6,3h_SI3,3h,SI3,5.01069
0.8038606192034443,-0.6059742015624525,N900_RS18550,LysR family transcriptional regulator_9,-0.1270354,-1.5769,2.6388,1h_st,1h,st,6h_SI1,6h,SI1,4.2157
-1.847654172154515,-0.8815121902924838,N900_RS18555,VC_A1021,-0.6938512,-2.1712,2.8427,1h_SI1,1h,SI1,3h_SI5,3h,SI5,5.0139
-1.0378269876037796,0.8913698482190503,N900_RS18560,flavohemoglobin expression-modulating QEGLA motif protein,0.9325072333333334,-0.74441,4.0046,6h_SI1,6h,SI1,6h_st,6h,st,4.74901
0.5899835510847851,-0.06214008591578202,N900_RS18565,VC_A1024,1.3080396666666665,-0.34214,6.2048,6h_co,6h,co,3h_st,3h,st,6.546939999999999
-0.3636755727104317,3.191207634374255,N900_RS18570,nagB,-1.0700565,-3.6157,2.4464,6h_SI6,6h,SI6,12h_SI3,12h,SI3,6.0621
2.3206044880573815,-1.4873946604558081,N900_RS18575,VC_A1026,1.1693778750000001,-0.28541,4.5197,6h_st,6h,st,3h_SI2,3h,SI2,4.80511
0.827008699413915,2.1041407860806602,N900_RS18580,maltose operon protein,0.2818717,-1.1755,2.8385,6h_SI7,6h,SI7,3h_SI2,3h,SI2,4.013999999999999
0.6913953482544501,1.019799477764954,N900_RS18585,maltoporin,0.8266585999999999,-0.75052,3.6507,6h_st,6h,st,12h_SI3,12h,SI3,4.40122
1.797941803037455,-1.0145824368447431,N900_RS18590,glgX,1.1282764616666665,-1.1667,5.1463,1h_SI1,1h,SI1,3h_SI4,3h,SI4,6.313000000000001
0.4896450759446611,-2.686510198460212,N900_RS18595,VC_A1030,1.0050185333333335,-0.97709,4.4732,6h_SI1,6h,SI1,3h_SI1,3h,SI1,5.450290000000001
-4.874732460201525,0.03600979830786594,N900_RS18600,methyl-accepting chemotaxis protein_27,-0.41803977166666667,-2.4343,3.4934,3h_SI8,3h,SI8,6h_SI4,6h,SI4,5.9277
-0.30821961759002825,0.7350869767777393,N900_RS18605,VC_A1032,0.71950405,-0.9177,4.9879,1h_SI1,1h,SI1,6h_st,6h,st,5.9056
2.369680258250895,0.33603865425817747,N900_RS18610,carbohydrate ABC transporter substrate-binding protein,1.0021422703333334,-0.54845,3.7851,12h_st,12h,st,6h_SI1,6h,SI1,4.33355
0.9148212442303025,2.8916926328267687,N900_RS18615,methyl-accepting chemotaxis protein_19,1.0326468033333334,-0.63255,5.1683,6h_SI7,6h,SI7,3h_st,3h,st,5.8008500000000005
-2.7794763175174015,-0.18314801165149142,N900_RS18620,VC_A1035,0.33199108016666673,-1.3442,2.6237,6h_SI1,6h,SI1,12h_SI1,12h,SI1,3.9679
0.9089097288997219,-1.8686689520000552,N900_RS18625,aroG,1.4493935666666666,-0.073246,4.3744,1h_SI7,1h,SI7,3h_SI1,3h,SI1,4.447646
-3.048865215158673,-1.2562854016916754,N900_RS18630,glnQ_2,0.08422083333333338,-2.2495,3.9345,6h_SI5,6h,SI5,3h_SI4,3h,SI4,6.183999999999999
2.3006986463614307,-0.001254125371473791,N900_RS18635,amino acid ABC transporter permease,1.072856908333333,-0.28575,3.27,6h_SI8,6h,SI8,12h_SI2,12h,SI2,3.55575
0.31067457380053076,-1.2186772027260535,N900_RS18640,fliY,0.7207417300000001,-1.001,3.84,6h_SI1,6h,SI1,12h_SI2,12h,SI2,4.840999999999999
3.1546023142624655,0.3690724750785247,N900_RS18645,glnP,1.5760528999999999,-0.22421,4.0485,1h_SI6,1h,SI6,3h_SI5,3h,SI5,4.27271
-0.49175383320387267,-0.88796210986457,N900_RS18650,pgcA,0.22527911666666667,-1.4033,3.2432,12h_st,12h,st,12h_SI3,12h,SI3,4.6465
-0.700481022311783,2.868958433403478,N900_RS18655,polymer-forming cytoskeletal protein,1.1176325383333332,-1.9145,5.9214,6h_SI5,6h,SI5,6h_SI1,6h,SI1,7.8359000000000005
0.8003350121825785,0.5103734039859864,N900_RS18660,Pseudogene_N900_RS18660,1.6897767333333331,-1.2083,5.5671,6h_SI5,6h,SI5,6h_SI2,6h,SI2,6.775399999999999
1.1476552751430695,-1.1830166426615307,N900_RS18670,mtlA,1.1918607166666668,-0.52701,4.7672,6h_SI2,6h,SI2,12h_st,12h,st,5.29421
0.8548950214655795,-0.14017420464467728,N900_RS18675,mtlD,1.0711142666666666,-0.43937,3.9872,6h_st,6h,st,1h_st,1h,st,4.42657
1.0816048148977213,-2.430982880498153,N900_RS18680,MltR family transcriptional regulator,0.5647306150000001,-0.84684,3.3964,1h_st,1h,st,6h_SI4,6h,SI4,4.24324
2.4218578448422567,-0.4592616653870065,N900_RS18685,yceM,0.9835249633333333,-0.36835,3.719,1h_st,1h,st,3h_SI2,3h,SI2,4.08735
2.551126025225262,-1.6038035938473394,N900_RS18690,MBL fold metallo-hydrolase_4,0.9261431949999998,-0.80376,3.7828,12h_SI8,12h,SI8,3h_SI3,3h,SI3,4.58656
-0.05601202619945811,-0.7765156841822778,N900_RS18695,VC_A1050,0.5465653333333332,-0.76862,3.6284,3h_SI2,3h,SI2,3h_SI3,3h,SI3,4.39702
-0.14688868894257423,1.8238937068322905,N900_RS18700,yccf,0.21158631666666666,-1.4743,4.2033,3h_SI1,3h,SI1,6h_SI2,6h,SI2,5.6776
-0.5065249121846822,-0.08064742117445117,N900_RS18705,VC_A1052,0.9998879000000002,-0.59522,4.745,3h_SI3,3h,SI3,6h_st,6h,st,5.34022
2.965327255284733,-1.677432714689139,N900_RS18710,VC_A1053,1.4617749166666667,-0.026851,4.8523,1h_SI8,1h,SI8,6h_SI1,6h,SI1,4.879150999999999
1.6778030758668727,0.2275901930105716,N900_RS18715,NAD(P)-dependent oxidoreductase,0.9146017116666666,-0.83762,3.422,3h_SI5,3h,SI5,12h_SI1,12h,SI1,4.25962
1.6131535741221459,-0.22426074335434165,N900_RS18720,LysR family transcriptional regulator_8,1.3987238833333335,-0.10966,5.071,12h_SI2,12h,SI2,3h_SI3,3h,SI3,5.18066
0.9144347419572587,2.560067838561128,N900_RS18725,methyl-accepting chemotaxis protein_17,0.4715738966666667,-0.95276,3.2707,6h_SI7,6h,SI7,3h_st,3h,st,4.22346
0.037187635003383956,-2.7577148387015433,N900_RS18730,ydfG,0.47951441666666667,-1.1667,3.6548,1h_co,1h,co,3h_SI1,3h,SI1,4.8215
2.2407967523796692,0.556021463458185,N900_RS18735,dmlR_10,0.9155226263333334,-0.5259,3.2905,3h_st,3h,st,6h_SI4,6h,SI4,3.8164000000000002
2.1160166996574823,2.1104363649295994,N900_RS18740,trmY,0.6014891000000001,-0.82817,3.118,6h_SI7,6h,SI7,12h_SI2,12h,SI2,3.94617
-7.54882539766876,-1.778113903743693,N900_RS18745,ribB,-0.8135009983333332,-2.4245,2.5383,12h_SI2,12h,SI2,3h_SI7,3h,SI7,4.9628
1.5796786067324176,0.32328249152576005,N900_RS18750,potE,1.24695305,-0.20207,4.1402,1h_SI5,1h,SI5,6h_st,6h,st,4.34227
0.11817081404136642,-1.6155648816379877,N900_RS18755,speF,1.4818714999999998,-0.13187,6.9006,3h_SI2,3h,SI2,6h_ce,6h,ce,7.03247
-3.3407056209582837,0.6182427613439625,N900_RS18760,VC_A1066,-0.3224656000000001,-2.4669,3.5017,6h_ce,6h,ce,3h_SI3,3h,SI3,5.9686
1.0610771112474708,-0.6807525993807657,N900_RS18765,calB,1.239738383333333,-0.70846,5.4858,6h_SI2,6h,SI2,3h_SI3,3h,SI3,6.19426
0.5349128115431494,2.128984049034746,N900_RS18770,lrp_3,0.011676482833333333,0.00036118,0.14905,6h_SI1,6h,SI1,3h_st,3h,st,0.14868882
0.8498089615483599,-0.8890658081853333,N900_RS18775,methyl-accepting chemotaxis protein_22,0.9547120899999998,-0.4274,4.3884,6h_st,6h,st,3h_st,3h,st,4.815799999999999
-2.8831778740237795,-1.8025058342960976,N900_RS18780,VC_A1070,0.34242248333333336,-1.3008,4.4145,3h_SI8,3h,SI8,6h_SI1,6h,SI1,5.7153
0.6067454205565297,-2.6542297108083237,N900_RS18785,putP,1.0645062,-0.53207,4.1169,12h_st,12h,st,6h_ce,6h,ce,4.64897
0.7824248642686484,-0.3010090188151596,N900_RS18790,1-pyrroline-5-carboxylate dehydrogenase,0.9777369233333333,-0.95406,4.1516,3h_SI5,3h,SI5,12h_st,12h,st,5.10566
2.8316021245931378,1.675466696501944,N900_RS18795,putA,1.266033616666667,0.025051,4.1137,1h_SI7,1h,SI7,6h_st,6h,st,4.088648999999999
1.5971905517207103,0.3250536490712516,N900_RS18800,rhaS_5,0.7279784499999999,-0.5858,3.9629,12h_SI6,12h,SI6,3h_SI1,3h,SI1,4.5487
3.3847951242347953,-1.158199829279519,N900_RS18805,VC_A1075,1.9354384,-0.62737,4.5897,1h_SI6,1h,SI6,6h_SI4,6h,SI4,5.21707
3.064973099706857,-0.031003246487265268,N900_RS18810,egtb,1.2666449666666668,-0.01942,3.735,6h_SI8,6h,SI8,3h_SI1,3h,SI1,3.75442
-1.6491274558734972,-0.5421210079111067,N900_RS18815,PAS domain S-box protein_2,0.8348014500000002,-1.344,5.4392,1h_SI7,1h,SI7,3h_SI2,3h,SI2,6.7832
-1.649120422926451,1.1822500564078653,N900_RS18825,HlyD family type I secretion periplasmic adaptor subunit_2,0.09607926666666668,-1.5946,3.5016,3h_SI5,3h,SI5,6h_SI2,6h,SI2,5.0962
-1.7273229763740843,-1.8039680703460443,N900_RS18830,transglutaminase-like cysteine peptidase,-0.20041221333333334,-1.9425,3.2645,6h_SI3,6h,SI3,3h_SI4,3h,SI4,5.207
1.6098932252103735,-1.2556990809984452,N900_RS18835,VC_A1082,1.0041141266666667,-0.42856,4.1135,1h_st,1h,st,3h_SI4,3h,SI4,4.54206
1.429659591068206,-1.5746764836111402,N900_RS18840,apxIB_2,1.206739333333333,-0.4738,4.2533,12h_st,12h,st,6h_SI4,6h,SI4,4.7271
-0.24985669246307785,-0.36698795991761024,N900_RS18845,VC_A1085,1.5350430666666666,-0.18975,4.6407,6h_SI4,6h,SI4,3h_SI1,3h,SI1,4.83045
1.3000382020141679,-1.6203709391609429,N900_RS18850,rcsC_11,0.8952227116666667,-0.78276,4.2681,6h_st,6h,st,12h_SI2,12h,SI2,5.050859999999999
1.493687390738188,-0.7942935790962455,N900_RS18855,btrV,1.662775,0.12121,5.0798,3h_st,3h,st,6h_SI4,6h,SI4,4.95859
0.6215370531457203,-0.040930790676322604,N900_RS18860,mlp44,0.5871718995000001,-1.0693,3.1319,24h_co,24h,co,6h_SI4,6h,SI4,4.2012
1.2535595562002557,-0.08354261538811547,N900_RS18865,cheB3,0.8492775333333333,-0.39527,3.4663,1h_st,1h,st,3h_SI4,3h,SI4,3.86157
-0.1577415020283457,1.076872524532548,N900_RS18870,cheD,1.0823069116666666,-0.53131,4.0413,6h_SI4,6h,SI4,3h_st,3h,st,4.572609999999999
2.2758650465554613,1.8790243105066244,N900_RS18880,mlp5,0.8994405666666665,-0.58353,3.9609,6h_SI6,6h,SI6,6h_SI3,6h,SI3,4.54443
1.6839262807493345,0.6522108682774207,N900_RS18885,cheW2,0.9482326999999999,-0.433,4.2704,3h_SI4,3h,SI4,3h_SI2,3h,SI2,4.7034
-1.711532975557666,-1.6820048380759318,N900_RS18900,cheA3,1.336020415,-0.26262,4.1818,3h_SI5,3h,SI5,6h_SI4,6h,SI4,4.44442
1.9498488923127164,1.4247083396829896,N900_RS18905,cheY4,0.8643763833333332,-0.60459,4.9693,6h_SI4,6h,SI4,3h_SI2,3h,SI2,5.57389
2.8335397610634017,-0.9979217317662468,N900_RS18910,VC_A1097,1.1945625649999998,-0.21988,4.4357,12h_st,12h,st,12h_SI2,12h,SI2,4.65558
0.9572086934054109,-1.2866352540391606,N900_RS18915,ABC transporter substrate-binding protein_10,1.2910365666666668,-0.11376,4.3028,1h_st,1h,st,3h_SI1,3h,SI1,4.4165600000000005
-0.7640910150881903,0.44607695705787653,N900_RS18920,Pseudogene_N900_RS18920,0.666760275,-0.61423,3.5676,12h_st,12h,st,1h_ce,1h,ce,4.18183
1.8155945872270642,0.41052655365558244,N900_RS18925,ABC transporter permease_8,0.4313264833333334,-0.77128,3.1159,12h_SI6,12h,SI6,6h_SI3,6h,SI3,3.88718
-0.48757213021448775,0.6309979211321817,N900_RS18930,ABC transporter ATP-binding protein_4,0.3748486666666667,-1.0482,3.6535,6h_SI3,6h,SI3,3h_st,3h,st,4.701700000000001
-1.650739564965418,1.6816940314215665,N900_RS18935,eptA,0.3800042383333333,-1.2481,5.1878,24h_SI1,24h,SI1,6h_SI3,6h,SI3,6.4359
1.3969123813390292,-0.01229639974300406,N900_RS18940,qseC,1.4404868666666668,-0.20378,5.0351,3h_SI4,3h,SI4,6h_SI2,6h,SI2,5.23888
0.9977772227671036,-1.383046455338325,N900_RS18945,qseB,1.0182728833333334,-0.48682,4.5706,3h_SI2,3h,SI2,6h_SI4,6h,SI4,5.05742
1.972374462500472,-0.9838660796129053,N900_RS18950,tetratricopeptide repeat protein,1.0551659833333333,-0.24445,4.1259,1h_st,1h,st,3h_SI2,3h,SI2,4.370349999999999
1.3623529117827609,-1.0934355508181712,N900_RS18955,fabG_4,1.2404096866666667,0.0072952,4.1383,1h_SI8,1h,SI8,12h_SI1,12h,SI1,4.1310048
1.8357042465323135,1.3457777020349715,N900_RS18960,biliverdin-producing heme oxygenase,1.2439317333333335,-0.017864,5.5579,6h_co,6h,co,3h_st,3h,st,5.575764
1.3640072971142958,1.2732748398995462,N900_RS18965,menE_2,0.8766251666666667,-0.55971,4.1059,1h_st,1h,st,6h_SI2,6h,SI2,4.66561
-0.23640873718185595,4.018792099303019,N900_RS18970,thermostable hemolysin,0.6617365916666668,-0.87803,5.648,6h_SI4,6h,SI4,3h_st,3h,st,6.5260299999999996
-2.023366814630461,-0.58302028841476,N900_RS18975,tmca,0.40691330833333333,-0.98742,3.6598,24h_SI1,24h,SI1,3h_SI1,3h,SI1,4.64722
-0.33028240272071985,-1.045104083800003,N900_RS18980,potD_3,0.39548110166666667,-1.2312,3.4366,6h_SI6,6h,SI6,1h_st,1h,st,4.6678
-0.2849248670468705,0.7572148319094845,N900_RS18995,VC_2263,0.27199573183333337,-2.5202,4.0255,6h_ce,6h,ce,6h_SI3,6h,SI3,6.5457
-1.6312765627953991,-0.5504450267459678,N900_RS19010,SOS-response transcriptional repressor,1.1765317166666667,-1.6076,5.9136,3h_SI7,3h,SI7,3h_SI4,3h,SI4,7.521199999999999
1.612512740574017,-2.8098174534985683,N900_RS19020,priA,1.7268872,0.045592,4.9692,1h_SI8,1h,SI8,12h_SI1,12h,SI1,4.923608
1.2514516180778674,-0.6861029937493874,N900_RS19025,ComF-related protein,1.2275533666666665,-0.11332,4.4211,3h_SI3,3h,SI3,3h_SI1,3h,SI1,4.53442
-0.048965941707574956,-0.3205446777562634,N900_RS19030,VC_0729,0.8875784616666667,-0.99249,5.0069,6h_st,6h,st,3h_st,3h,st,5.99939
0.24236492122233155,-0.8041449853468592,N900_RS19045,VC_1643,0.5969716999999999,-0.88005,4.799,3h_SI9,3h,SI9,3h_SI4,3h,SI4,5.67905
1.3608810873213155,-0.6800260649739398,N900_RS19050,VC_0279,1.0928131166666668,-0.4165,4.4512,1h_SI9,1h,SI9,3h_SI1,3h,SI1,4.8677
-1.1379289182964683,0.19659880908585214,N900_RS19060,VC_0729,1.5561965,-0.3213,4.6582,12h_SI2,12h,SI2,6h_SI2,6h,SI2,4.9795
-4.358539594374731,1.9712491847157672,N900_RS19070,Pseudogene_N900_RS19070,-0.9638598666666667,-2.9196,3.2641,6h_co,6h,co,3h_SI3,3h,SI3,6.1837
-1.0415428017566728,-2.7498350143257713,N900_RS19085,VC_0729,0.7718213333333334,-0.85168,4.4833,6h_SI1,6h,SI1,3h_SI3,3h,SI3,5.33498
-0.24976063152723116,1.1769022386923842,N900_RS19090,VC_0729,0.8405993683333333,-1.0034,3.9017,3h_SI5,3h,SI5,1h_ce,1h,ce,4.9051
1.4623652122670343,2.4351618778022974,N900_RS19095,VC_1991,0.6751480666666666,-1.071,5.195,24h_SI2,24h,SI2,3h_st,3h,st,6.266
-1.5872643674415978,-1.189152788146854,N900_RS19100,VC_1948,0.39675566666666673,-1.1659,2.9559,12h_SI3,12h,SI3,3h_SI3,3h,SI3,4.1218
-1.3414868895562237,0.1052522623168275,N900_RS19120,VC_1804,-0.3189117,-2.1347,3.2628,6h_SI9,6h,SI9,1h_st,1h,st,5.3975
2.729248489479983,-0.36233613170943046,N900_RS19130,VC_A1058,1.39417925,-0.32196,4.2361,3h_st,3h,st,6h_SI4,6h,SI4,4.55806
-1.7338792680488317,0.7947907168395076,N900_RS19135,VC_2393,0.79851795,-0.49636,4.9405,3h_SI5,3h,SI5,12h_st,12h,st,5.43686
-0.7054319292610947,1.613000699384933,N900_RS19140,VC_A0898,0.4870630333333334,-2.291,4.8271,6h_SI5,6h,SI5,1h_st,1h,st,7.1181
1.6699194235559904,-0.15606584130698875,N900_RS19145,N900_RS19145,0.9613657666666668,-0.80677,3.8452,6h_SI2,6h,SI2,12h_SI2,12h,SI2,4.65197
-0.8798132219259536,2.030954924591329,N900_RS19150,VC_0449,-0.7047133666666666,-3.6909,4.8574,1h_SI4,1h,SI4,3h_SI3,3h,SI3,8.548300000000001
1.5152575539771975,0.24822079522432186,N900_RS19155,VC_0874,0.7856338933333334,-0.63434,3.7738,6h_st,6h,st,12h_st,12h,st,4.40814
-1.9534198280411574,1.8133463108300478,N900_RS19160,Pseudogene_N900_RS19160,-0.14417741666666667,-1.8063,4.766,24h_SI1,24h,SI1,12h_st,12h,st,6.5723
0.9738507400116925,-3.9378362746292415,N900_RS19185,VC_0874,0.9914399666666667,-0.78349,3.2763,6h_st,6h,st,12h_SI3,12h,SI3,4.05979
3.403349229772328,-1.9061530201972898,N900_RS19190,VC_0729,0.7942224833333332,-2.593,4.4671,6h_ce,6h,ce,12h_SI4,12h,SI4,7.0601
-0.3469617203834905,-0.3465219560462264,N900_RS19215,tolB,-0.07439825000000003,-3.0425,6.114,12h_co,12h,co,3h_SI1,3h,SI1,9.1565
-0.07003187230170616,-1.0704747399281052,N900_RS19220,VC_1073,0.8045636816666668,-0.94268,4.8103,6h_SI3,6h,SI3,3h_SI3,3h,SI3,5.75298
-3.258650327609771,3.348322098074101,N900_RS19225,VC_A0233,-0.5183564533333335,-4.3153,5.4498,6h_SI6,6h,SI6,3h_st,3h,st,9.7651
-2.255202870745121,-0.5551930090416668,N900_RS19235,VC_1253,0.11295031666666669,-1.5956,3.0325,12h_SI2,12h,SI2,6h_SI3,6h,SI3,4.6281
-3.895055176900108,3.6958140362343515,N900_RS19240,VC_0729,-1.866004035,-5.3914,2.4952,12h_SI6,12h,SI6,3h_SI8,3h,SI8,7.8866
-4.05680759141795,4.1795524184329,N900_RS19250,VC_0729,-1.74580165,-5.0202,0.58568,6h_SI6,6h,SI6,1h_SI9,1h,SI9,5.60588
-2.044336394289333,1.6678508999526316,N900_RS19265,preprotein translocase,0.0265239,-3.0771,5.5382,6h_SI6,6h,SI6,3h_SI4,3h,SI4,8.6153
-2.8524153543245063,4.759282505534735,N900_RS19270,tcpR,-1.3743090999999998,-4.4813,3.4633,6h_SI9,6h,SI9,1h_ce,1h,ce,7.944599999999999
1.596555550461213,0.8353618151260394,N900_RS19280,Pseudogene_N900_RS19280,1.2378576166666666,-0.25947,4.3294,6h_st,6h,st,3h_SI4,3h,SI4,4.58887
-0.46826677534712413,-0.848128773913591,N900_RS19285,glyoxalase_1,0.424185555,-0.97094,3.3281,1h_co,1h,co,3h_SI2,3h,SI2,4.29904
-1.8952486410562202,2.394684692351749,N900_RS19305,malK,0.5931774500000001,-2.2999,2.668,12h_SI8,12h,SI8,24h_SI1,24h,SI1,4.9679
0.8988015258235702,-2.651685905692057,N900_RS19310,hflX,1.5416178333333335,-0.63866,4.8374,3h_co,3h,co,3h_SI2,3h,SI2,5.4760599999999995
-3.2052666859140433,0.25478285779486803,N900_RS19320,Pseudogene_N900_RS19320,-0.13045778333333335,-1.4613,3.2321,12h_SI8,12h,SI8,3h_SI6,3h,SI6,4.6934000000000005
-0.2786355214503047,1.8135213492256053,N900_RS19325,VC_1382,0.6875885833333334,-2.3017,5.1545,3h_SI9,3h,SI9,12h_SI1,12h,SI1,7.456199999999999
-2.703558598675499,1.462170568306296,N900_RS19335,VC_1319,-0.7545068333333335,-3.5548,4.7813,12h_SI5,12h,SI5,3h_SI1,3h,SI1,8.3361
-1.379888962639924,-0.7329947397970193,N900_RS19340,VC_1071,1.1350272,-0.67857,4.9105,6h_SI3,6h,SI3,6h_st,6h,st,5.5890699999999995
-1.3024084366373685,0.5223787186012017,N900_RS19350,transcriptional regulator_3,0.24445375383333331,-1.2815,3.9992,3h_SI1,3h,SI1,6h_st,6h,st,5.2807
2.0683695663068633,-1.106362647680003,N900_RS19355,VC_0729,1.182726665,-0.33647,4.0984,6h_st,6h,st,3h_st,3h,st,4.43487
-1.5831187239896916,-2.229975734120613,N900_RS19370,HNH endonuclease_3,0.6752302550000001,-0.7669,3.5822,12h_SI1,12h,SI1,3h_SI2,3h,SI2,4.3491
-1.887728177794343,-1.9509306011712164,N900_RS19380,VC_A0286,0.29095489179999995,-1.8964,3.3509,12h_SI2,12h,SI2,3h_SI4,3h,SI4,5.2473
-3.974129708003427,-1.6568709378746764,N900_RS19385,Pseudogene_N900_RS19385,0.29282859666666655,-1.1169,3.8089,12h_SI1,12h,SI1,3h_SI5,3h,SI5,4.9258
-3.947193551804107,-1.1679554901371338,N900_RS19390,VC_1260,-0.4743237166666667,-2.2235,2.8673,6h_SI3,6h,SI3,3h_SI3,3h,SI3,5.0908
-1.6857284345801387,-0.3421832110498487,N900_RS19395,VC_0807,0.3690650033333333,-2.0834,6.3661,3h_ce,3h,ce,3h_st,3h,st,8.4495
-1.414998415197564,-1.3914378383564143,N900_RS19410,VC_A0399,0.5549897883333333,-2.8271,4.0582,3h_SI9,3h,SI9,3h_SI3,3h,SI3,6.885300000000001
-2.742805856102195,-3.4366825631728948,N900_RS19435,VC_A0325,0.6266744000000002,-1.4137,4.7133,12h_SI3,12h,SI3,6h_SI4,6h,SI4,6.127000000000001
-0.7889418238751364,-1.343054702496586,N900_RS19450,VC_A0325,0.3092875,-1.0423,3.3653,3h_SI4,3h,SI4,3h_SI1,3h,SI1,4.4076
0.14823020442695656,1.9690439449650061,N900_RS19500,Pseudogene_N900_RS19500,0.6971312333333334,-2.6958,6.5149,6h_SI7,6h,SI7,6h_SI3,6h,SI3,9.2107
-0.44668480493395935,1.2939896606852606,N900_RS19530,VC_A0362,1.3374502833333333,-2.1727,5.427,12h_SI8,12h,SI8,3h_SI3,3h,SI3,7.5996999999999995
0.7701805217829905,-1.009429664135912,N900_RS19540,VC_A0423,0.5793712000000001,-0.74749,3.1471,12h_SI9,12h,SI9,3h_SI5,3h,SI5,3.89459
0.5798731369221088,-0.402077098264495,N900_RS19565,VC_A0423,0.2912597768333333,-1.5395,5.5196,3h_ce,3h,ce,3h_SI4,3h,SI4,7.0591
-1.8908402071916022,0.6455889256994187,N900_RS19580,VC_A0424,0.34183881666666666,-1.2329,4.9515,12h_ce,12h,ce,3h_SI5,3h,SI5,6.1844
-3.8218555646305212,1.7194045249592105,N900_RS19610,Pseudogene_N900_RS19610,-0.7533917166666666,-2.3125,3.2709,6h_SI2,6h,SI2,3h_SI2,3h,SI2,5.5834
0.28554653693910925,1.966626660928022,N900_RS19620,VC_A0460,0.10920721000000005,-2.3954,2.8726,12h_SI8,12h,SI8,12h_st,12h,st,5.268
-1.1292621965105332,1.6776557342961833,N900_RS19685,VC_A0838,0.7309666833333334,-1.6662,6.5626,3h_SI6,3h,SI6,12h_SI2,12h,SI2,8.2288
-4.255392147432559,2.729952467024463,N900_RS19690,VC_0588,-0.9842373999999999,-3.7344,1.3911,3h_ce,3h,ce,3h_SI6,3h,SI6,5.1255
-0.08935383712741674,-0.14095010270200325,N900_RS19700,Pseudogene_N900_RS19700,-0.24301330166666665,-2.1433,2.3352,6h_SI1,6h,SI1,3h_st,3h,st,4.4785
-1.5773470459443348,1.3820711832306065,N900_RS19705,VC_1531,0.7437038666666667,-0.49035,4.3178,1h_co,1h,co,1h_st,1h,st,4.80815
-1.2751676181050304,-2.1700955336718626,N900_RS19725,VC_0072,0.8345137499999999,-0.99552,4.638,1h_co,1h,co,6h_SI2,6h,SI2,5.63352
2.1039952765261933,1.1086733309930286,N900_RS19740,glgA,1.0400265666666666,-0.30652,3.8261,3h_SI8,3h,SI8,6h_st,6h,st,4.13262
2.428717868826963,1.068681379685359,N900_RS19745,hchA,0.2967788,-1.1169,3.0097,6h_SI9,6h,SI9,3h_SI2,3h,SI2,4.1266
0.04737320523234434,2.7978206194732853,N900_RS19750,nadK,0.13747727833333334,-2.547,6.2085,12h_SI8,12h,SI8,3h_SI3,3h,SI3,8.7555
1.62189610486901,-1.1857775270066198,N900_RS19755,mreB,0.8752621833333334,-0.48561,4.3606,3h_SI2,3h,SI2,12h_SI1,12h,SI1,4.84621
-5.784816727444953,2.080544941589217,N900_RS19760,VC_A1061,-0.3414832833333333,-2.8773,5.0551,24h_SI4,24h,SI4,1h_ce,1h,ce,7.9324
-0.39333605263694427,1.315448542678527,N900_RS19775,pulA,0.550950085,-1.3495,4.0581,6h_SI2,6h,SI2,3h_SI2,3h,SI2,5.4075999999999995
-0.04178087931592156,-0.9907043394101884,N900_RS19785,Pseudogene_N900_RS19785,1.444219,-0.67903,5.4157,6h_SI3,6h,SI3,3h_st,3h,st,6.09473
-2.9334286269928147,2.4032578727341796,N900_RS19805,VC_1353,-0.6832834666666666,-3.6478,3.9711,12h_SI8,12h,SI8,6h_SI1,6h,SI1,7.6189
-0.3179473126016865,-0.5168782295642946,N900_RS19810,Pseudogene_N900_RS19810,0.46380936666666667,-0.88858,4.578,6h_SI4,6h,SI4,3h_SI2,3h,SI2,5.46658
-1.1754891396542964,-0.735857915161823,N900_RS19820,budA,0.67486095,-0.74622,3.662,3h_SI3,3h,SI3,3h_SI1,3h,SI1,4.40822
-2.281354371565018,1.8998169513979946,N900_RS19830,VC_0729,-0.6373700499999998,-2.8686,4.8019,3h_SI8,3h,SI8,3h_SI4,3h,SI4,7.6705
-0.9488189733017762,-0.6850184522396914,N900_RS19840,TRAP transporter small permease subunit,0.10599490000000002,-1.7999,3.8455,6h_SI1,6h,SI1,3h_SI1,3h,SI1,5.6454
-0.25373322810483945,-0.9843830057754446,N900_RS19855,Pseudogene_N900_RS19855,0.3846718333333333,-0.99423,4.0739,6h_SI1,6h,SI1,3h_SI1,3h,SI1,5.06813
-2.2918735970989457,1.9805701460511218,N900_RS19860,VC_0621,0.09501618666666665,-1.7518,3.6211,6h_SI3,6h,SI3,6h_st,6h,st,5.3729000000000005
-0.5709005550146782,0.10508828823782237,N900_RS19875,VC_2547,1.4409729,-0.42974,5.376,1h_SI1,1h,SI1,3h_st,3h,st,5.80574
-3.540142212380355,-1.167625286349148,N900_RS19880,Pseudogene_N900_RS19880,0.6957200666666665,-0.72799,5.5986,24h_st,24h,st,3h_SI5,3h,SI5,6.32659
-4.18442559961175,-1.3584670169676594,N900_RS19890,parD,-0.40479478500000005,-2.1235,2.5498,6h_SI3,6h,SI3,6h_SI4,6h,SI4,4.673299999999999
-4.121929006285464,-2.411594836363858,N900_RS19895,iron transporter,0.36978909166666657,-1.8913,3.8822,6h_co,6h,co,1h_SI1,1h,SI1,5.7735
0.16079193250205526,-1.7351261008584373,N900_RS19930,Pseudogene_N900_RS19930,0.02085743333333334,-1.7555,3.5745,6h_st,6h,st,3h_SI3,3h,SI3,5.33
-3.3486328263402823,2.490045472175841,N900_RS19940,Pseudogene_N900_RS19940,-0.6051595500000001,-4.0534,3.9278,12h_SI8,12h,SI8,6h_SI1,6h,SI1,7.981199999999999
-2.759906707302683,1.858949384669816,N900_RS19965,Pseudogene_N900_RS19965,-0.6027234333333332,-2.5225,2.1317,24h_st,24h,st,3h_SI1,3h,SI1,4.6541999999999994
-2.318320251969783,-0.5485754124130746,N900_RS20000,Pseudogene_N900_RS20000,0.2557845166666667,-2.277,3.6734,6h_SI5,6h,SI5,24h_st,24h,st,5.9504
0.37808305241111295,1.0632793511886907,N900_RS20005,Pseudogene_N900_RS20005,0.8060594833333334,-2.1334,4.912,6h_SI5,6h,SI5,6h_SI2,6h,SI2,7.0454
-2.104338342080286,1.6211242414507376,N900_RS20035,VC_A0354_BLAST_2,-0.5434814699999999,-3.6749,3.3432,6h_SI6,6h,SI6,3h_SI3,3h,SI3,7.0181000000000004
-0.28524585806075065,-1.1599020494338261,N900_RS20040,VC_A0424,0.47122331,-1.9741,4.293,3h_SI8,3h,SI8,3h_SI1,3h,SI1,6.2671
1.0020125586881186,0.7808103548204435,N900_RS20090,Pseudogene_N900_RS20090,1.4395306333333335,-0.22183,4.7631,3h_SI2,3h,SI2,3h_st,3h,st,4.984929999999999
-4.749496192674868,0.2690958919205455,N900_RS20095,VC_0588,-0.11485559999999996,-1.7737,2.4829,12h_SI2,12h,SI2,6h_SI1,6h,SI1,4.2566
-0.40045950421945964,-3.179047989352615,N900_RS20100,Pseudogene_N900_RS20100,1.2166835666666667,-0.5303,4.804,1h_ce,1h,ce,3h_SI1,3h,SI1,5.334300000000001
