CPVAE1,CPVAE2,CPVAE3,CPVAE4,CPVAE5,CPVAE6,Gene,Gene_display,mean_fitness,min_fitness,max_fitness,strongest_defect_feature,strongest_defect_time,strongest_defect_space,strongest_positive_feature,strongest_positive_time,strongest_positive_space,dynamic_range
2.7469618,-13.363985,4.54381,9.460077,8.614083,4.040372,N900_RS00015,mnmE,0.6908121666666667,-1.463,3.6738,6h_SI9,6h,SI9,3h_SI7,3h,SI7,5.1368
4.320734,1.4447675,0.3958935,11.4059725,8.34116,1.7921582,N900_RS00025,yidD,0.268908745,-3.1212,3.9865,6h_SI7,6h,SI7,1h_co,1h,co,7.1076999999999995
7.477795,3.053227,10.441371,1.5389422,-4.0242386,0.8357134,N900_RS00040,yxeO,0.1887202166666667,-1.3335,3.6232,12h_SI2,12h,SI2,6h_SI2,6h,SI2,4.9567
4.1428127,2.0960958,-2.2915258,13.101215,3.893961,-5.1531825,N900_RS00045,patM,1.7093390000000002,-0.21058,6.3068,1h_SI7,1h,SI7,3h_SI1,3h,SI1,6.51738
-3.9504652,-10.121041,6.461964,6.56867,13.764999,-1.5669898,N900_RS00050,patH,0.8948083666666666,-0.43105,3.6854,1h_st,1h,st,6h_SI4,6h,SI4,4.11645
1.6803358,-9.520212,9.070723,7.584832,3.3459713,-8.600774,N900_RS00065,recF,1.07110085,-0.72163,4.4447,6h_SI1,6h,SI1,6h_st,6h,st,5.16633
2.1730266,-9.882607,11.3231325,12.32908,7.77116,-0.33024985,N900_RS00075,N900_RS00075,1.432234166666667,0.21117,3.9921,1h_SI9,1h,SI9,3h_SI5,3h,SI5,3.78093
-1.9739945,-0.45311278,11.962918,3.256812,7.572949,2.615456,N900_RS00085,ibpA,0.22538154383333336,-2.1899,3.4285,6h_co,6h,co,3h_SI4,3h,SI4,5.6184
3.5843701,-5.7345996,7.6759696,4.207281,2.0767093,-7.3841395,N900_RS00090,avtA,0.7149570666666667,-0.89129,3.5684,12h_SI1,12h,SI1,6h_st,6h,st,4.45969
-2.8029444,-5.136273,10.487317,10.568354,11.957314,-1.0349319,N900_RS00105,mneA,1.4696406666666666,0.19162,4.2295,1h_SI9,1h,SI9,3h_SI1,3h,SI1,4.0378799999999995
5.0526814,8.0080185,2.4443238,7.949471,-1.2066612,2.4181397,N900_RS00110,NADH dehydrogenase subunit II-related protein,-0.02647887833333334,-1.1285,2.2889,6h_SI2,6h,SI2,6h_SI3,6h,SI3,3.4173999999999998
-7.0041304,-6.247379,10.3565,13.244629,4.4747357,-1.370659,N900_RS00120,N900_RS00120,0.6445359399999998,-0.96701,3.9194,3h_SI9,3h,SI9,3h_SI1,3h,SI1,4.88641
-3.076759,-10.129964,6.8534327,11.631459,9.294289,3.5088506,N900_RS00125,acuI,1.0485218166666668,-0.080152,3.9734,24h_SI8,24h,SI8,1h_ce,1h,ce,4.053552
0.94621927,-11.899787,8.048831,9.695598,11.641847,0.25612018,N900_RS00130,ilvA,1.6060143166666667,-0.054921,4.4043,1h_SI3,1h,SI3,12h_st,12h,st,4.459221
3.8723953,-5.3586283,9.154882,5.344828,14.04777,3.9553719,N900_RS00135,ilvD,1.2914153500000003,-0.34542,5.3665,3h_SI7,3h,SI7,12h_st,12h,st,5.71192
3.771849,-3.1690667,5.074308,4.059306,13.301589,0.29886824,N900_RS00140,ilvE,2.0222916816666663,-0.23122,6.337,1h_SI5,1h,SI5,12h_st,12h,st,6.56822
-0.0003605485,-8.724048,7.432721,10.4693775,9.764823,1.0160016,N900_RS00145,ilvM,1.66385,-0.11262,6.8711,1h_SI3,1h,SI3,1h_st,1h,st,6.98372
1.2202493,-10.056321,9.65014,12.446948,8.852839,-2.8037636,N900_RS00150,ilvG,1.4846871666666668,0.018497,5.1406,6h_SI8,6h,SI8,6h_SI2,6h,SI2,5.122103
0.11310373,-4.0380325,7.406941,-1.6272768,4.8363442,0.14471938,N900_RS00155,yifb,0.6229813333333334,-0.86017,3.8262,3h_SI3,3h,SI3,3h_SI2,3h,SI2,4.68637
1.9444643,-2.3864477,8.520996,9.943495,13.947189,-2.9815328,N900_RS00160,yihG,1.1543101833333336,-0.43317,4.2116,6h_SI6,6h,SI6,12h_SI1,12h,SI1,4.644769999999999
0.36775902,-6.1630397,8.950121,15.611402,5.939575,6.1358123,N900_RS00165,dsba,0.12588415,-3.4222,3.7881,6h_SI8,6h,SI8,1h_SI1,1h,SI1,7.2103
-4.2844543,-5.348182,14.901172,10.631272,12.053054,-1.999429,N900_RS00170,serine/threonine protein kinase,1.3087315166666664,-0.2317,3.81,1h_st,1h,st,3h_SI5,3h,SI5,4.0417
-1.0810848,-0.7384318,16.34524,4.6329527,11.301015,-0.2266781,N900_RS00175,ccoG,1.7052086000000002,-0.011665,5.0217,6h_SI1,6h,SI1,6h_SI4,6h,SI4,5.033365
-8.468776,-4.2437425,10.187752,5.5993695,6.565838,3.598758,N900_RS00180,yihD,0.6527487766666666,-2.3226,4.8509,6h_SI5,6h,SI5,3h_SI4,3h,SI4,7.173500000000001
13.521859,-5.4711833,-1.745353,8.911832,4.268861,-2.2270088,N900_RS00185,N900_RS00185,1.9537398333333336,-1.9606,9.2447,12h_SI8,12h,SI8,6h_st,6h,st,11.2053
0.020475015,-12.0166235,9.624525,8.265362,7.2593856,-8.285789,N900_RS00190,SpoOM-related protein,1.258719116666667,-0.37554,4.6742,3h_SI3,3h,SI3,6h_st,6h,st,5.04974
-5.8992834,-8.177977,11.466835,4.923272,7.1629004,6.511428,N900_RS00195,yqfA,1.2816228333333333,-1.3095,4.9413,12h_SI2,12h,SI2,3h_SI4,3h,SI4,6.2508
-6.217763,-9.47979,7.966687,7.2591257,10.178298,-3.5607607,N900_RS00200,N900_RS00200,1.1777025166666666,-0.17352,4.1804,1h_SI2,1h,SI2,6h_SI4,6h,SI4,4.35392
3.242426,-10.403465,8.195992,10.242623,7.397262,-6.902737,N900_RS00205,trkI,1.5978866,-0.43912,5.0215,1h_SI9,1h,SI9,3h_SI3,3h,SI3,5.46062
-0.19508785,0.6007747,15.585492,12.893292,6.028506,-1.3216953,N900_RS00215,rsmB,1.1058841166666666,-0.54292,4.617,24h_st,24h,st,3h_SI3,3h,SI3,5.15992
-7.606181,-2.4510257,4.99783,7.6455736,-1.1078733,-9.205394,N900_RS00225,def1,0.8774843333333333,-1.1415,4.8272,6h_co,6h,co,3h_SI1,3h,SI1,5.9687
-1.8238183,-6.4553566,10.776555,14.009215,3.0447438,-8.78333,N900_RS00230,N900_RS00230,1.1709372333333334,-0.13227,4.6166,6h_SI2,6h,SI2,3h_SI1,3h,SI1,4.74887
-5.125905,-15.567223,7.738696,5.654276,9.744212,-4.298054,N900_RS00235,dprA,1.3675271666666662,0.10879,3.8477,1h_SI8,1h,SI8,3h_st,3h,st,3.73891
-7.395482,5.429828,5.8062105,9.357491,6.6873837,-4.096048,N900_RS00240,smg,0.8821779666666667,-0.79253,4.6068,6h_SI2,6h,SI2,3h_SI1,3h,SI1,5.39933
-0.20367455,-12.359058,8.837897,11.54452,9.301121,-8.61284,N900_RS00245,topA_1,1.6392014999999998,-0.94353,6.1237,1h_SI8,1h,SI8,6h_st,6h,st,7.06723
11.796906,-3.9348605,5.6375933,13.277674,-3.3971906,2.5938902,N900_RS00250,purK,-0.47205640783333336,-2.8608,3.9392,24h_SI5,24h,SI5,6h_SI1,6h,SI1,6.8
5.2701397,-6.7962084,2.5651102,6.509372,0.6211737,15.692818,N900_RS00255,purE,-2.029291016666667,-5.0325,3.2053,12h_SI7,12h,SI7,1h_st,1h,st,8.2378
-9.360003,-11.61772,9.960857,10.466382,13.099125,3.7503822,N900_RS00260,tsaC,0.9043148500000001,-0.48726,4.666,6h_st,6h,st,3h_st,3h,st,5.15326
2.9723785,2.8514957,10.083168,11.355457,-5.1311436,-4.169313,N900_RS00265,hemF,-0.4489359333333333,-2.6648,2.7986,12h_SI4,12h,SI4,6h_SI4,6h,SI4,5.4634
3.1438265,-6.993591,14.103782,9.327581,2.2012498,4.938405,N900_RS00270,aroE,-0.4271091333333334,-2.1854,3.4301,24h_SI9,24h,SI9,1h_SI1,1h,SI1,5.6155
-0.97273695,-11.86317,9.5028715,11.305417,11.154861,0.5720853,N900_RS00275,N900_RS00275,1.4906737333333333,-0.011576,3.6762,1h_SI8,1h,SI8,3h_SI1,3h,SI1,3.687776
-3.333315,0.086569265,8.395624,7.9212174,14.351603,-1.0163425,N900_RS00280,yrdA,1.496199483333333,-0.36939,4.21,6h_SI4,6h,SI4,3h_SI3,3h,SI3,4.57939
-1.678416,-13.20119,7.788645,6.9948745,13.332607,3.1929018,N900_RS00320,crcB,1.7163328333333332,-0.22227,4.6735,1h_SI4,1h,SI4,6h_SI4,6h,SI4,4.89577
3.922651,-0.9270036,5.965004,8.378102,14.47781,2.3621328,N900_RS00325,thiC,1.7294315,0.21289,5.8496,1h_SI5,1h,SI5,12h_st,12h,st,5.63671
3.077553,5.5047736,4.0932693,2.1713085,2.861388,0.4540486,N900_RS00330,thiE,0.19236300500000006,-1.3637,3.305,3h_SI1,3h,SI1,12h_st,12h,st,4.6687
-4.13153,-8.701059,9.642448,9.887421,-1.2953604,-2.8036473,N900_RS00335,thiF,-0.08667852000000001,-1.9753,2.4508,12h_SI1,12h,SI1,3h_SI4,3h,SI4,4.4261
-10.053652,-5.7670546,9.670774,7.363436,15.284158,5.193195,N900_RS00340,thiS,1.7268275833333335,-0.037845,4.8625,3h_ce,3h,ce,3h_st,3h,st,4.900345
-2.197475,-8.842418,1.4142891,2.4565554,10.579451,3.2245805,N900_RS00345,thiG,1.2719991,-0.76005,4.8816,6h_SI5,6h,SI5,6h_SI2,6h,SI2,5.641649999999999
-0.4463892,-9.067378,14.282566,11.701504,10.851867,-6.916131,N900_RS00350,thiH,1.591140666666667,-0.12643,4.3913,1h_SI9,1h,SI9,6h_SI2,6h,SI2,4.51773
-9.775321,-9.836467,8.828491,6.0286126,12.422289,2.3824627,N900_RS00355,aminopeptidase P,1.48602565,-0.048651,4.2556,3h_ce,3h,ce,3h_st,3h,st,4.304251000000001
-6.2143025,-0.02961144,10.43803,3.0299866,8.078727,0.46232164,N900_RS00360,LysR family transcriptional regulator_1,1.0657311433333334,-1.2061,4.6525,6h_SI1,6h,SI1,1h_st,1h,st,5.8586
-5.361461,2.3301394,3.341418,1.1473591,15.429138,-11.225032,N900_RS00365,mdtL_1,1.440287,0.2639,6.1683,1h_SI7,1h,SI7,6h_ce,6h,ce,5.904400000000001
-13.894272,3.8776097,5.0022035,0.9705173,2.3814538,-12.272754,N900_RS00370,N900_RS00370,0.9191276733333333,-1.2497,5.2072,12h_SI3,12h,SI3,6h_ce,6h,ce,6.4569
-4.634327,2.1448746,9.09445,2.462501,5.413643,5.9784393,N900_RS00375,asnC,0.4175280066666666,-0.98202,5.0777,12h_SI4,12h,SI4,3h_SI3,3h,SI3,6.05972
-5.05208,-10.784782,11.964386,12.350752,9.410541,2.105447,N900_RS00380,N900_RS00380,1.3673203333333335,0.04101,4.5015,6h_st,6h,st,3h_SI2,3h,SI2,4.46049
-4.9907565,-13.449214,9.979206,10.627868,10.520209,-0.7592625,N900_RS00385,rsmJ,0.9234460949999999,-0.61044,3.6809,12h_st,12h,st,3h_SI4,3h,SI4,4.29134
-4.619604,2.0789113,10.982359,9.488257,8.52692,1.5196406,N900_RS00390,N900_RS00390,-0.039616166666666675,-1.9855,3.2288,6h_SI3,6h,SI3,1h_SI1,1h,SI1,5.2143
4.013871,-11.819552,1.7423348,2.9324455,4.9851117,-4.0399528,N900_RS00395,eamA_2,1.3076575333333333,-0.36745,4.8676,6h_SI4,6h,SI4,6h_st,6h,st,5.23505
-5.497574,1.7796249,0.82003653,-9.790833,9.95316,-6.8063927,N900_RS00400,uspA_1,0.6777416833333333,-1.0016,6.4547,1h_SI4,1h,SI4,6h_ce,6h,ce,7.4563
4.7421546,-6.8992014,4.9682083,2.829882,1.714963,-3.2357552,N900_RS00410,ftnA,0.5691082033333335,-0.83519,3.5502,24h_ce,24h,ce,6h_st,6h,st,4.38539
-0.964962,-14.249581,0.23673822,5.462119,10.44426,-0.08953047,N900_RS00415,uspB,1.58307705,-0.5983,5.368,1h_SI6,1h,SI6,3h_st,3h,st,5.9663
-5.472666,-0.011976808,7.492934,3.063851,3.5449615,-1.6631433,N900_RS00420,rdsA_BLAST,0.3981370333333334,-1.4084,3.71,6h_SI1,6h,SI1,1h_SI1,1h,SI1,5.1184
7.3791256,-6.342087,9.65355,10.152879,3.7063353,-4.801544,N900_RS00425,eamA_1,1.3472523999999997,-0.015277,4.29,3h_st,3h,st,6h_SI3,6h,SI3,4.305277
1.9230402,4.0870233,6.3756695,12.715792,12.177071,5.5203094,N900_RS00430,rmuC,0.5036677166666667,-1.0591,4.7668,24h_SI1,24h,SI1,3h_SI3,3h,SI3,5.8259
-2.280556,-6.5366817,13.264563,10.429777,7.908922,-1.4343458,N900_RS00440,ubiJ,1.5304535166666662,-0.060119,4.8463,6h_SI3,6h,SI3,3h_SI5,3h,SI5,4.9064190000000005
-0.2764183,-4.87214,11.219264,1.6188636,2.8686745,-0.39578775,N900_RS00450,tatA,1.3249814333333334,-0.60989,7.068,1h_SI4,1h,SI4,3h_SI5,3h,SI5,7.67789
-0.15086025,-7.609916,12.912633,8.583849,13.516174,-4.9561276,N900_RS00455,tatB,1.6623136333333333,-0.048393,5.0921,24h_SI7,24h,SI7,12h_SI1,12h,SI1,5.140493
-8.002359,-5.7051964,12.875397,12.903609,2.928383,-8.131253,N900_RS00460,tatC,1.4558110499999999,-0.33556,6.3457,1h_SI2,1h,SI2,3h_SI1,3h,SI1,6.68126
0.46649054,-4.7581916,16.469667,4.719582,12.915561,-0.6529769,N900_RS00465,ccp,0.8202505083333335,-0.66306,4.3113,6h_st,6h,st,12h_SI2,12h,SI2,4.97436
-0.7215866,-7.834564,5.503101,5.2619343,9.262925,-12.457589,N900_RS00470,dinF,0.811699605,-0.80583,3.963,3h_SI7,3h,SI7,6h_st,6h,st,4.76883
10.839786,-3.1213808,6.8376904,7.888179,4.38998,5.3484373,N900_RS00475,class I SAM-dependent methyltransferase_2,1.5607054466666666,-1.2064,5.891,12h_SI4,12h,SI4,6h_SI3,6h,SI3,7.0974
11.8011055,-3.1871226,8.216751,7.4339266,4.791479,3.576002,N900_RS00480,lexA,0.63223435,-2.1795,6.2653,1h_SI4,1h,SI4,6h_SI2,6h,SI2,8.4448
4.017309,-4.268534,0.4127146,5.186643,9.530267,3.098556,N900_RS00485,plsB,-0.34955572349999997,-2.5303,2.5991,12h_SI5,12h,SI5,12h_st,12h,st,5.1294
4.0940895,-15.360487,3.501237,10.94449,9.310255,5.341725,N900_RS00490,ubiA,1.662903361666667,-0.25003,3.8569,6h_SI9,6h,SI9,12h_st,12h,st,4.10693
-6.166878,-4.833573,15.350245,10.598239,7.322709,-5.2724047,N900_RS00495,chorismate lyase,1.5326033333333333,0.35757,5.65,1h_SI7,1h,SI7,3h_SI4,3h,SI4,5.29243
-6.881589,0.19805324,5.241702,-6.4003882,10.219052,1.3198432,N900_RS00505,fliL_2,0.62630315,-1.1791,4.6909,12h_SI1,12h,SI1,6h_ce,6h,ce,5.87
4.126033,4.459407,12.143489,0.66445637,9.867977,8.262902,N900_RS00510,methyl-accepting chemotaxis protein_4,0.5143753383333334,-0.88686,4.4865,6h_SI1,6h,SI1,3h_SI3,3h,SI3,5.37336
-5.677638,-12.853136,11.169783,8.131995,12.508255,0.13702437,N900_RS00515,glpG,1.3559726438333333,-0.029649,4.2055,3h_SI6,3h,SI6,3h_SI2,3h,SI2,4.235149
6.2341843,2.571341,9.206621,10.898792,7.2948546,4.867994,N900_RS00520,glpE,0.17198755000000002,-1.8139,3.3697,6h_ce,6h,ce,3h_SI3,3h,SI3,5.1836
3.5808318,7.714764,8.692251,0.47548872,0.70576286,7.645947,N900_RS00525,N900_RS00525,-0.5902245206666665,-2.5925,3.1908,24h_st,24h,st,1h_SI1,1h,SI1,5.7833
-1.3223855,-0.59142643,5.405467,0.88388085,-7.906938,4.8386235,N900_RS00530,tatd,-0.7705138500000001,-2.6296,2.9959,24h_st,24h,st,3h_SI5,3h,SI5,5.6255
2.9711053,-4.9844165,7.1137066,14.18007,0.6512656,-7.905397,N900_RS00540,ypeA_1,0.1845046133333334,-1.1433,3.5878,3h_SI3,3h,SI3,1h_SI1,1h,SI1,4.7311
3.5325077,1.8740517,11.421901,3.9349933,5.436904,0.15010534,N900_RS00555,cc4,1.3794895216666665,-0.6652,6.5821,1h_SI5,1h,SI5,6h_SI4,6h,SI4,7.247299999999999
-1.4771863,-15.775463,8.335341,9.268431,7.980283,-0.7552027,N900_RS00560,class I SAM-dependent methyltransferase_4,1.0447400999999998,-0.16738,3.3627,24h_SI9,24h,SI9,3h_SI2,3h,SI2,3.53008
-7.233923,-8.984627,10.775217,3.2501426,8.788383,2.2366047,N900_RS00565,yihI,1.6190095500000004,-0.56646,5.6083,1h_SI2,1h,SI2,1h_SI1,1h,SI1,6.17476
-1.1139909,-4.896096,-5.0826216,0.7272818,13.849505,14.263229,N900_RS00570,N900_RS00570,0.9985721499999999,-1.6564,6.8361,6h_SI5,6h,SI5,3h_st,3h,st,8.4925
-1.7013129,-7.1978364,6.079105,1.2806525,8.911582,-13.429087,N900_RS00575,hemN,2.4805226666666664,0.23374,6.1352,1h_SI1,1h,SI1,6h_ce,6h,ce,5.90146
4.5362787,2.599193,7.984787,-4.5205154,-2.162472,2.300813,N900_RS00580,hemy,-0.1706919166666667,-1.6451,2.7528,12h_SI1,12h,SI1,3h_SI6,3h,SI6,4.3979
2.1743658,-4.613264,2.2040997,0.97129714,4.7958474,-1.0168343,N900_RS00585,HemX,0.8413051166666666,-1.4146,4.5733,6h_SI1,6h,SI1,1h_st,1h,st,5.9879
-2.1709597,-2.2224355,8.324152,5.036664,-0.1413664,1.1570957,N900_RS00600,N900_RS00600,0.11754571833333329,-2.9929,4.2155,12h_SI5,12h,SI5,1h_SI1,1h,SI1,7.208399999999999
4.6760373,-13.5264635,2.8661268,10.123878,9.636579,5.4773574,N900_RS00605,class I adenylate cyclase,0.983545725,-0.84265,2.9777,6h_SI9,6h,SI9,12h_st,12h,st,3.82035
3.7505786,-14.3656845,4.5151086,9.610402,8.766142,4.677714,N900_RS00610,cyaY,-0.07653811666666667,-2.1613,2.7422,12h_ce,12h,ce,12h_SI3,12h,SI3,4.9035
1.1256808,-4.7763696,9.181769,4.4661455,9.119531,-0.9739522,N900_RS00615,lipoprotein,0.7600619500000002,-1.3587,4.3559,1h_SI1,1h,SI1,6h_SI4,6h,SI4,5.7146
8.722545,-3.2486243,-0.2752803,3.4607506,3.9210923,13.67714,N900_RS00620,lysA,-0.6041504833333333,-3.411,5.0984,6h_SI6,6h,SI6,1h_st,1h,st,8.5094
0.34216338,-11.816252,15.149323,12.603589,7.3647485,-5.8382125,N900_RS00630,N900_RS00630,0.6924454499999999,-0.96672,3.7161,3h_SI9,3h,SI9,3h_SI4,3h,SI4,4.6828199999999995
-3.4540322,3.3005059,10.579361,4.4907455,-2.7161183,-1.2167498,N900_RS00635,xerC,-0.7535026816666667,-2.9001,2.0488,6h_co,6h,co,1h_SI1,1h,SI1,4.9489
-5.2618246,4.195469,12.3292055,11.43697,13.727112,2.7408824,N900_RS00640,yigB,0.86147158,-0.89298,3.8617,6h_SI2,6h,SI2,12h_SI2,12h,SI2,4.75468
-3.1460433,-10.224099,6.1086245,9.853805,12.801908,5.362077,N900_RS00645,cdpA,1.70551305,-0.034254,4.779,1h_SI8,1h,SI8,1h_st,1h,st,4.813254
-6.3860292,8.455665,1.412166,4.361931,14.262933,-4.3541164,N900_RS00650,N900_RS00650,0.754079075,-0.87026,4.0816,6h_SI1,6h,SI1,3h_SI1,3h,SI1,4.95186
9.143501,-10.615401,10.969957,7.359446,4.3535123,-3.31173,N900_RS00655,membrane protein_2,0.7059646166666668,-0.90133,4.5236,3h_SI1,3h,SI1,6h_st,6h,st,5.42493
-4.063982,-4.2603145,10.465251,10.54957,8.436339,-4.508023,N900_RS00660,N900_RS00660,0.7008000883333333,-0.63323,3.0587,3h_st,3h,st,3h_SI4,3h,SI4,3.69193
-4.719869,-7.0235834,9.042626,11.294012,6.802406,-2.6763904,N900_RS00665,yigL,0.6587722983333334,-0.72221,4.1468,3h_SI5,3h,SI5,3h_SI1,3h,SI1,4.869009999999999
8.403155,-5.764697,4.746555,7.3666315,6.519005,0.9030532,N900_RS00670,ytpA,1.2163169666666667,-0.42223,4.4342,6h_SI4,6h,SI4,12h_st,12h,st,4.85643
-2.2483146,-12.132131,8.870907,9.876119,5.114554,-6.607155,N900_RS00675,rhtB,1.5416369333333333,0.079106,4.1993,1h_SI7,1h,SI7,6h_st,6h,st,4.120194
-8.711229,-8.225636,7.5518684,10.633715,10.990476,2.6679718,N900_RS00680,cdgJ_1,0.6302034833333334,-0.98312,3.9188,3h_co,3h,co,3h_SI1,3h,SI1,4.9019200000000005
-5.815007,-10.314421,12.077943,2.8738086,7.781174,1.8282521,N900_RS00685,DNA starvation/stationary phase protection protein,1.4176418333333336,-0.58104,4.0655,12h_SI2,12h,SI2,6h_SI4,6h,SI4,4.64654
8.214761,0.7329393,-1.782832,5.2665663,-3.2582476,6.1915975,N900_RS00690,N900_RS00690,-0.4742885166666667,-2.5567,4.7887,6h_SI6,6h,SI6,1h_ce,1h,ce,7.345400000000001
2.1281166,-4.0876193,7.5121927,1.0706786,6.2535815,-2.2898881,N900_RS00695,N900_RS00695,1.51118885,-0.13062,5.802,6h_ce,6h,ce,1h_ce,1h,ce,5.93262
4.517551,-11.009605,-0.981591,-7.4011316,-7.3205094,-6.2938294,N900_RS00705,Pseudogene_N900_RS00705,0.6146072500000002,-1.1903,5.5069,12h_SI4,12h,SI4,6h_st,6h,st,6.6972
0.9272057,-15.161504,8.53605,12.611624,8.353174,-1.6955876,N900_RS00710,lysoplasmalogenase_1,1.4763866666666665,0.18203,4.2859,6h_ce,6h,ce,6h_st,6h,st,4.10387
-6.614337,-2.060829,17.311771,12.783101,9.11524,0.5914401,N900_RS00715,N900_RS00715,0.6058417166666668,-0.87444,3.6763,12h_st,12h,st,3h_SI3,3h,SI3,4.55074
-6.3709655,4.3936477,11.448313,9.326958,12.078242,-5.866622,N900_RS00720,rsmD,0.5461251500000001,-1.1989,3.7187,6h_SI1,6h,SI1,12h_SI1,12h,SI1,4.9176
2.0670705,-17.43078,3.1615562,7.9204,-0.3781876,-6.45453,N900_RS00730,ftsE,0.008029538233333333,6.3514e-05,0.14335,6h_SI7,6h,SI7,6h_st,6h,st,0.14328648600000002
6.1667004,-11.424169,4.81505,13.190382,6.5803056,0.4294017,N900_RS00735,ftsX,1.1239662949999998,-0.88995,4.8428,24h_ce,24h,ce,6h_st,6h,st,5.73275
-6.047668,-7.3327546,8.376122,10.454783,12.1997795,-1.4965621,N900_RS00745,sthA,1.1094407333333336,-0.28939,3.4948,3h_co,3h,co,3h_SI5,3h,SI5,3.78419
-5.6041574,-12.140071,8.474651,8.543949,14.627074,3.0885983,N900_RS00750,fabR,1.2588140316666667,-0.26161,3.877,3h_ce,3h,ce,3h_st,3h,st,4.13861
-1.1856269,-12.783927,2.4875472,3.2426724,13.353724,6.7469587,N900_RS00755,yijd,0.9526409666666666,-0.63701,6.2139,1h_ce,1h,ce,6h_SI1,6h,SI1,6.85091
-1.0486441,-11.364968,10.974316,10.175694,6.2864594,-3.7486649,N900_RS00760,trmA,1.3786812833333333,0.015237,4.1149,3h_st,3h,st,3h_SI3,3h,SI3,4.099663
-6.850662,-17.36247,2.5909462,2.5009854,6.079405,-7.4216647,N900_RS00765,btuB,0.8134078183333333,-0.39857,3.9313,24h_SI8,24h,SI8,3h_st,3h,st,4.32987
-6.0644298,-8.130037,7.606713,6.280561,12.464301,-4.6323705,N900_RS00770,S8 family peptidase,0.9447001833333333,-0.42231,3.5087,1h_st,1h,st,3h_SI1,3h,SI1,3.93101
-9.629201,-11.869496,8.519832,7.463156,9.5012665,-2.8223329,N900_RS00780,RNA-binding protein,0.9666030216666667,-0.8883,4.0206,12h_SI1,12h,SI1,3h_st,3h,st,4.9089
-1.5685644,-3.5772564,6.0883403,12.517652,5.6668043,-4.249551,N900_RS00810,add,0.6931469433333333,-0.74171,4.4996,1h_SI1,1h,SI1,3h_SI1,3h,SI1,5.24131
0.69833446,-7.4685082,6.7843876,7.119394,11.316432,-5.6893578,N900_RS00815,N900_RS00815,1.4899632666666662,-0.048524,4.7778,1h_st,1h,st,3h_SI2,3h,SI2,4.826324
-8.40579,-0.9106671,12.236237,6.3485813,3.247513,-5.8645926,N900_RS00820,ntrC,1.3368653666666666,-0.52513,4.7884,1h_SI8,1h,SI8,1h_co,1h,co,5.31353
4.475763,-9.088809,6.388939,11.931829,6.1816654,-5.64873,N900_RS00825,ntrB,0.7965356883333333,-0.76746,3.5315,3h_SI4,3h,SI4,6h_st,6h,st,4.29896
-5.058101,-9.9821615,9.646123,4.281709,13.888263,8.259942,N900_RS00830,N900_RS00830,0.5607836883333334,-0.8329,3.6627,3h_SI1,3h,SI1,3h_SI3,3h,SI3,4.4956
3.7106333,-10.131089,1.7041535,9.250301,0.55444264,9.365639,N900_RS00835,glnA,0.8209512333333334,-2.1525,4.3908,12h_ce,12h,ce,1h_ce,1h,ce,6.5432999999999995
-4.209255,4.760941,10.010392,10.473028,14.268169,-2.616236,N900_RS00840,N900_RS00840,1.4161308683333333,-0.877,5.6434,1h_co,1h,co,3h_SI1,3h,SI1,6.5203999999999995
-0.37742656,-5.979796,13.755251,11.469739,12.9466,-1.9038377,N900_RS00845,typA,0.78737738,-0.89425,3.5806,1h_st,1h,st,3h_SI3,3h,SI3,4.47485
5.708478,-9.586836,12.681539,6.2289324,7.06966,-0.8085999,N900_RS00850,ATPase,1.2699065,-0.42999,4.2667,6h_SI3,6h,SI3,3h_SI4,3h,SI4,4.69669
5.787723,-8.559261,11.072454,13.307841,4.2359567,-0.31476495,N900_RS00855,VC0395_A2314_BLAST,0.678074905,-0.96636,3.8005,12h_st,12h,st,6h_SI2,6h,SI2,4.76686
-1.6088598,-4.5773425,12.461753,14.320791,7.6895533,-4.1923637,N900_RS00860,dtd,1.215039201666667,-0.32542,4.8978,3h_SI3,3h,SI3,3h_SI5,3h,SI5,5.22322
4.93983,-13.464874,10.542592,10.388935,4.6212926,-2.6145632,N900_RS00865,GNAT family N-acetyltransferase_2,0.7499508216666666,-0.54857,4.1935,3h_st,3h,st,6h_st,6h,st,4.74207
0.46870244,-14.900475,8.698432,5.2192116,7.8174725,2.7986114,N900_RS00870,asma_2,1.1580553666666666,-0.20654,3.6105,12h_st,12h,st,12h_SI1,12h,SI1,3.81704
-1.3365737,-6.612742,10.108807,-0.3955095,11.696267,-3.4574146,N900_RS00875,pckA,1.7890471666666667,-0.21375,5.4573,1h_SI9,1h,SI9,3h_SI2,3h,SI2,5.67105
10.164345,-8.540595,2.870941,7.2658134,3.111257,5.9959717,N900_RS00880,hslo,-0.5956317333333333,-3.5484,3.2289,6h_SI7,6h,SI7,1h_st,1h,st,6.7773
-0.40312648,-17.440449,7.911995,5.3725166,3.3425498,-4.4443045,N900_RS00885,hslR,1.586963933333333,-0.24213,6.3869,1h_co,1h,co,3h_SI5,3h,SI5,6.62903
-9.4356,-4.2687626,16.7525,11.02286,10.256512,-6.1538944,N900_RS00890,gspC,0.7925288999999999,-0.90995,4.1697,12h_SI1,12h,SI1,3h_SI1,3h,SI1,5.07965
4.024607,-15.502379,3.654329,10.899429,9.55035,5.1110682,N900_RS00895,gspD,1.7179854600000002,-0.15869,3.9483,6h_SI9,6h,SI9,12h_st,12h,st,4.10699
4.2168984,-15.233354,3.5894094,10.800817,9.533193,5.184898,N900_RS00900,gspE,1.7992057999999995,-0.10818,4.0041,6h_SI9,6h,SI9,12h_st,12h,st,4.11228
3.337348,-14.776769,3.6858575,10.621797,9.255566,3.8553302,N900_RS00905,gspF,1.8910172000000003,-0.065448,4.0416,6h_SI9,6h,SI9,12h_st,12h,st,4.107048
3.6608253,-13.297477,2.7593143,10.700216,8.100887,4.4304695,N900_RS00910,gspG,1.9260644333333337,-0.067187,5.3857,6h_SI9,6h,SI9,1h_co,1h,co,5.452887
6.8851323,1.0013888,-3.6547706,3.921482,7.3947005,1.0555282,N900_RS00915,epsH,-0.012676316666666698,-4.0234,3.8558,1h_SI6,1h,SI6,12h_SI3,12h,SI3,7.879199999999999
4.0481277,-15.521598,3.529985,10.86768,9.543227,5.1819506,N900_RS00920,gspI,1.8283991166666667,-0.061413,4.0456,6h_SI9,6h,SI9,12h_st,12h,st,4.107013
13.970476,1.7131597,7.063142,0.43947646,3.9773405,1.5844266,N900_RS00925,gspJ,0.005504218653333334,-0.00016616,0.31094,12h_ce,12h,ce,6h_SI2,6h,SI2,0.31110616
4.4342537,-15.079465,3.4203243,10.94544,9.550852,5.246131,N900_RS00930,epsK,0.9858294983333333,-0.8007,3.0919,12h_SI9,12h,SI9,12h_st,12h,st,3.8926
3.3485866,-14.158262,3.0525348,10.1674,9.474238,4.197033,N900_RS00940,epsM,0.7762354333333334,-1.2819,2.7012,12h_SI7,12h,SI7,12h_st,12h,st,3.9831000000000003
-3.6547356,-8.819463,12.520996,10.412183,12.735791,-2.0383584,N900_RS00945,epsN,0.8750885166666665,-0.65876,4.3504,1h_st,1h,st,6h_SI4,6h,SI4,5.00916
-2.856189,-2.83644,7.4288607,-1.5829194,1.6605139,7.507777,N900_RS00950,cysQ,0.08073376333333333,-1.6257,2.6415,12h_SI1,12h,SI1,3h_SI3,3h,SI3,4.2672
-6.2961073,-1.4103436,9.679248,-1.9580903,15.744732,-1.085096,N900_RS00955,nudE,1.54856882,-0.51481,4.6003,6h_SI1,6h,SI1,6h_ce,6h,ce,5.11511
5.632364,-9.580933,1.9732827,8.67088,5.663509,5.691838,N900_RS00960,nfua,-1.3659276666666662,-3.6879,0.95215,12h_ce,12h,ce,6h_SI1,6h,SI1,4.6400500000000005
2.689321,-0.02022182,9.460164,5.260172,6.499906,2.456204,N900_RS00970,bioH,-0.5623147283333334,-2.94,3.8849,12h_SI8,12h,SI8,6h_SI2,6h,SI2,6.8248999999999995
1.8460561,-11.2533045,10.8593645,11.93338,6.0661,-6.773736,N900_RS00975,N900_RS00975,0.98581255,-0.3205,4.1587,12h_st,12h,st,3h_SI3,3h,SI3,4.4792
-0.46163505,-18.427074,7.670251,9.1132145,9.223401,1.9777826,N900_RS00980,yhgF,1.3155077999999998,-0.32711,4.873,3h_co,3h,co,3h_st,3h,st,5.2001100000000005
-2.9172158,-18.312033,4.4557047,5.437837,7.5916624,0.23156324,N900_RS00985,greB,1.3064548999999999,0.031384,4.8293,3h_SI4,3h,SI4,3h_SI2,3h,SI2,4.797916
-2.7188568,-12.802018,7.941242,8.411983,12.60491,1.9108645,N900_RS00990,ompR,1.5554377499999998,-0.15497,4.418,1h_SI4,1h,SI4,3h_SI4,3h,SI4,4.57297
-2.1982934,-2.631413,13.838202,9.947224,14.806636,1.228511,N900_RS00995,envZ,1.1194395499999998,-0.43255,3.3601,6h_st,6h,st,3h_SI3,3h,SI3,3.79265
-6.01138,-1.9275969,10.816161,5.6911707,13.6361,-4.6906567,N900_RS01000,xanP_BLAST,1.540607833333333,0.29104,4.2086,3h_st,3h,st,3h_SI2,3h,SI2,3.9175599999999995
-3.3932421,-4.1110377,11.013197,8.934473,10.548307,-3.0418484,N900_RS01005,recG,0.9813041833333335,-0.74057,4.7796,6h_SI2,6h,SI2,12h_SI2,12h,SI2,5.52017
-1.449563,-5.048558,14.757099,3.4994936,-0.019851673,2.1346657,N900_RS01015,rpoZ,1.6308918333333335,-0.04551,5.209,3h_ce,3h,ce,3h_SI5,3h,SI5,5.25451
0.16951552,-11.414137,8.615125,13.502374,0.53007096,-6.7174273,N900_RS01025,yhhQ,1.2226435700000002,-0.51245,4.5734,6h_SI3,6h,SI3,1h_SI1,1h,SI1,5.085850000000001
-1.772022,-12.021319,8.1527,9.363615,9.011228,-6.014497,N900_RS01030,actP,1.3509199833333332,-0.067191,3.7989,3h_ce,3h,ce,6h_st,6h,st,3.866091
-0.7414096,-2.7334034,10.888616,2.0526795,7.977789,-2.3790243,N900_RS01035,N900_RS01035,0.4485096366666666,-1.6395,3.4016,6h_SI3,6h,SI3,6h_SI4,6h,SI4,5.0411
-8.016789,-2.1891117,15.849669,7.9954767,15.43185,-6.5962358,N900_RS01040,nhaP2,1.139512368333333,-0.49865,3.465,6h_st,6h,st,6h_SI4,6h,SI4,3.96365
-3.0649948,1.221142,10.706848,3.7813547,-0.44197553,-9.655276,N900_RS01045,narL,1.3651410000000006,-1.2863,4.9004,1h_SI9,1h,SI9,3h_SI5,3h,SI5,6.1867
5.2985272,-4.0478115,14.258797,10.110245,4.5777097,1.4713056,N900_RS01050,dsbd,0.6178930349999999,-1.6209,4.5477,24h_SI5,24h,SI5,3h_SI4,3h,SI4,6.1686
3.6492765,-3.235805,1.82726,7.399717,8.917267,-0.86461926,N900_RS01065,dcuA,1.1497961333333333,-1.2017,5.2623,6h_SI5,6h,SI5,6h_SI3,6h,SI3,6.4639999999999995
3.8930774,-3.5683584,3.272125,7.15154,4.073323,4.6190915,N900_RS01070,aspA,-0.3583605450000001,-3.2603,2.2554,6h_co,6h,co,6h_SI1,6h,SI1,5.5157
-1.5342408,-13.350526,3.2399626,6.8573523,3.631691,-4.8599524,N900_RS01075,N900_RS01075,0.8340658133333334,-0.7754,3.6524,6h_SI1,6h,SI1,6h_st,6h,st,4.4278
0.44852775,-1.3429589,12.3305855,5.422791,7.352583,-2.7230875,N900_RS01080,fxsA,1.4557199833333334,-0.64076,4.3479,1h_ce,1h,ce,3h_SI3,3h,SI3,4.98866
-3.9025126,-10.257948,12.327911,3.3308494,9.7172,-1.617411,N900_RS01085,trmL,1.53203315,0.063819,4.7439,3h_SI5,3h,SI5,3h_SI2,3h,SI2,4.680081
-0.63803357,-8.636555,11.311895,2.2697582,4.488572,-5.8851337,N900_RS01090,superoxide dismutase,0.7178741116666667,-0.77886,3.6767,12h_SI1,12h,SI1,1h_ce,1h,ce,4.45556
-3.7914596,-9.904281,7.9808073,5.6268387,7.673241,5.167648,N900_RS01095,cpxA,0.2404347733333333,-1.3497,2.8731,6h_st,6h,st,1h_SI1,1h,SI1,4.222799999999999
-5.370556,5.577687,11.057301,14.974873,-1.5538464,-6.482671,N900_RS01100,cpxR,0.2803164166666667,-1.7866,3.3916,12h_SI2,12h,SI2,3h_SI1,3h,SI1,5.1782
0.2430332,-15.773511,4.5285907,4.9177637,12.24484,4.770239,N900_RS01105,cpxp,1.6984868333333332,0.20187,5.296,1h_SI8,1h,SI8,3h_st,3h,st,5.09413
1.36251,-8.000077,13.906285,10.682514,7.95554,-1.3465035,N900_RS01110,fieF,0.7046117333333334,-0.79582,3.121,3h_st,3h,st,3h_SI4,3h,SI4,3.91682
7.300191,-15.099275,0.6315062,9.148266,6.424028,1.9879136,N900_RS01115,pfkA,2.268976666666666,0.11509,10.534,12h_SI6,12h,SI6,12h_st,12h,st,10.41891
-11.071806,-5.6911526,2.8313832,3.1862328,16.824223,2.6279325,N900_RS01120,glpX,0.9094033816666666,-0.39211,4.2111,6h_st,6h,st,3h_st,3h,st,4.60321
5.5555696,-5.533967,2.0371609,8.046504,-0.98288715,0.3850793,N900_RS01125,zapB,-0.41199565,-2.2644,3.0583,6h_SI9,6h,SI9,3h_SI3,3h,SI3,5.3227
2.3055024,-13.967431,9.656876,12.235019,4.8023267,-5.586106,N900_RS01130,metF,0.9449273566666668,-0.58923,5.5767,1h_st,1h,st,6h_st,6h,st,6.1659299999999995
0.70318514,-10.126011,6.8805847,7.5456433,8.536965,-2.9713006,N900_RS01135,metL,1.2615714999999998,-0.06249,3.2244,3h_ce,3h,ce,1h_ce,1h,ce,3.28689
-6.91345,-5.9068966,8.158763,1.5233039,9.067776,6.84099,N900_RS01140,metB,0.5978118666666667,-0.9966,3.5194,6h_SI2,6h,SI2,3h_st,3h,st,4.516
5.6581798,1.6871086,5.14553,2.1223,-3.4238033,-7.5432625,N900_RS01145,metJ,1.2044465833333333,-2.2597,6.1641,12h_SI8,12h,SI8,6h_SI4,6h,SI4,8.4238
-4.888534,-2.3694847,10.835337,9.947487,9.330619,0.37517133,N900_RS01150,maeB,1.4276850666666665,-0.19026,5.0015,6h_SI1,6h,SI1,1h_ce,1h,ce,5.19176
4.0850396,-15.443613,3.3856947,10.967609,9.309391,5.258075,N900_RS01155,rpmE,1.1410749000000002,-0.78876,3.3251,6h_SI9,6h,SI9,12h_st,12h,st,4.11386
-7.1135106,-10.91451,8.949915,9.856998,13.083096,0.85257506,N900_RS01165,cytR,1.2062650966666666,-0.61034,4.0942,1h_SI9,1h,SI9,3h_SI9,3h,SI9,4.70454
-0.47313637,-7.818618,12.536964,2.5526745,11.935167,-2.4269714,N900_RS01175,hslV,1.3820201166666666,-0.065906,4.9458,1h_SI7,1h,SI7,3h_SI3,3h,SI3,5.011706
-0.81647986,3.9860196,16.083374,1.3371758,0.66107655,-3.314504,N900_RS01180,hslU,0.4620350833333333,-1.1661,3.2565,6h_SI3,6h,SI3,3h_SI4,3h,SI4,4.4226
-5.4346304,-12.555773,7.9554667,7.5771475,12.072384,-0.42635152,N900_RS01185,menA,2.154915,-0.73883,5.2524,1h_SI5,1h,SI5,3h_st,3h,st,5.99123
-5.2997475,-0.30983752,10.147174,0.76634955,13.661432,-5.5452595,N900_RS01190,rraA,1.1823383666666665,-0.34668,3.5693,6h_st,6h,st,3h_SI6,3h,SI6,3.9159800000000002
6.665152,5.2010746,7.00385,3.171415,10.107833,-2.0390596,N900_RS01195,norM_1,0.6347305333333334,-0.64557,3.7499,24h_SI3,24h,SI3,12h_SI1,12h,SI1,4.3954699999999995
4.5670276,-14.329882,3.3779457,10.475092,9.878311,4.9217844,N900_RS01200,tpiA,1.5451854000000003,-0.37273,3.5903,12h_ce,12h,ce,12h_st,12h,st,3.96303
-4.1967793,-9.549111,6.3402095,6.402347,10.229356,-9.261798,N900_RS01205,5-carboxymethyl-2-hydroxymuconate Delta-isomerase,0.9432351833333333,-0.30939,3.8912,1h_st,1h,st,3h_SI1,3h,SI1,4.20059
-4.6442094,-4.5662975,9.954056,10.336142,9.003541,-2.3857307,N900_RS01210,N900_RS01210,1.2921297166666668,-0.2177,5.089,6h_SI2,6h,SI2,3h_SI2,3h,SI2,5.3067
-1.1020147,-7.3500957,14.813325,10.961984,11.510312,-6.0243096,N900_RS01215,N900_RS01215,1.5249075,-0.67812,4.9795,1h_ce,1h,ce,3h_SI5,3h,SI5,5.65762
-11.180323,-6.0887747,6.397438,-0.5825825,12.526363,3.4491863,N900_RS01220,transcriptional regulator_1,1.3818629166666667,-0.27229,5.7235,3h_SI9,3h,SI9,3h_st,3h,st,5.9957899999999995
-5.9450145,-3.4751015,12.796181,15.716963,8.227443,-0.5628376,N900_RS01235,N900_RS01235,0.6819741,-0.69568,4.122,12h_st,12h,st,3h_SI1,3h,SI1,4.81768
5.1920877,-5.485156,-3.5530698,3.343876,2.4890616,3.2390552,N900_RS01240,epmB,0.4452101,-2.6499,3.3108,6h_SI7,6h,SI7,1h_co,1h,co,5.9607
8.999992,-5.7271285,-5.061843,5.410816,0.41851088,2.8116155,N900_RS01245,efp,-0.27422691666666665,-2.8885,3.1408,6h_SI7,6h,SI7,3h_SI9,3h,SI9,6.0293
-11.459927,2.2254882,9.093735,8.802206,3.5683746,-6.1759872,N900_RS01250,frdD,1.46398275,-0.63528,5.7864,1h_SI5,1h,SI5,3h_SI1,3h,SI1,6.42168
-1.7584805,3.4171696,11.742412,-3.5022228,8.175904,-3.8605795,N900_RS01255,frdC,1.4661603333333335,-0.48517,4.017,1h_SI3,1h,SI3,6h_ce,6h,ce,4.5021700000000004
0.22485742,-2.6447701,-0.51456624,5.018163,4.935846,-9.714227,N900_RS01260,frdB,1.9510957833333333,-1.3096,4.5376,1h_SI5,1h,SI5,3h_SI7,3h,SI7,5.847200000000001
-0.3416499,-11.581661,9.765043,6.1667476,6.4646325,-5.5449414,N900_RS01265,frdA,1.546157416666667,-0.69802,4.5877,1h_SI5,1h,SI5,3h_SI4,3h,SI4,5.2857199999999995
7.430845,-6.1675324,-2.4625435,4.108729,5.64719,7.558083,N900_RS01270,epmA,-0.8947543666666667,-3.5814,1.5267,12h_SI8,12h,SI8,3h_SI9,3h,SI9,5.1081
-8.435319,-2.6701622,0.8767885,-0.24979365,10.419635,-3.1700015,N900_RS01275,yibN,-0.10389638333333337,-2.6806,4.391,24h_SI5,24h,SI5,6h_ce,6h,ce,7.0716
0.20275116,-4.994342,8.155918,0.6795883,0.9604775,6.2280025,N900_RS01280,secB,-0.13036073833333334,-1.5787,3.3881,6h_SI4,6h,SI4,6h_SI3,6h,SI3,4.9668
3.9971178,-15.519073,3.5898287,10.89754,9.564871,5.1170626,N900_RS01285,gpsA,0.8306441166666667,-1.063,3.039,12h_SI7,12h,SI7,12h_st,12h,st,4.102
4.3772283,-14.327364,2.9838552,10.519587,10.213537,4.6775694,N900_RS01290,cysE,1.9786214666666666,-0.060292,6.2797,6h_SI9,6h,SI9,12h_SI1,12h,SI1,6.339992
5.3021164,-11.008663,0.58629054,12.99577,-0.7096752,3.8443737,N900_RS01295,PadR family transcriptional regulator,-1.0386439,-4.3031,4.736,12h_SI7,12h,SI7,6h_st,6h,st,9.0391
-7.9761047,-12.673039,7.1988816,8.11089,12.179361,2.1970932,N900_RS01300,ppc,1.1711993333333335,-0.36707,4.2879,3h_SI3,3h,SI3,3h_st,3h,st,4.65497
1.4883212,-6.095672,7.244913,11.861936,4.77866,-8.659512,N900_RS01305,argE,1.6609314499999999,0.056167,5.2321,24h_SI9,24h,SI9,1h_SI1,1h,SI1,5.175933
0.56466216,-9.396037,8.877239,11.155581,5.2575784,-4.6172233,N900_RS01310,argC,0.7060048716666666,-0.93551,3.0984,3h_st,3h,st,6h_SI3,6h,SI3,4.03391
-4.9395924,-4.1193347,11.856779,15.305378,10.329898,0.2048482,N900_RS01315,argB,1.4612119833333337,-0.018999,5.2771,6h_st,6h,st,3h_SI1,3h,SI1,5.296099
-10.677665,-4.1583633,6.4198236,1.6991947,10.424733,-1.4352533,N900_RS01320,argG,-0.29624398333333335,-2.1968,3.8365,12h_SI1,12h,SI1,6h_ce,6h,ce,6.0333000000000006
-10.316967,7.362089,0.09149485,9.033298,6.044406,-3.4447825,N900_RS01325,argH,0.16767774833333335,-1.637,6.1234,24h_SI1,24h,SI1,3h_SI1,3h,SI1,7.760400000000001
0.34792548,-3.390973,-1.4107456,-2.5148823,2.5782516,-1.3517916,N900_RS01330,N900_RS01330,0.6613357058333332,-1.4016,3.192,12h_SI8,12h,SI8,1h_co,1h,co,4.5936
3.5685754,-10.780317,6.2019615,10.607272,8.160489,-2.2425764,N900_RS01335,lpd,1.1815606333333335,-0.11837,4.3782,1h_SI5,1h,SI5,6h_SI2,6h,SI2,4.496569999999999
3.3688374,0.22175892,13.88619,6.613932,9.464345,0.47586104,N900_RS01340,glutathione peroxidase,1.0858882633333335,-0.40625,4.3226,6h_st,6h,st,3h_SI5,3h,SI5,4.72885
-2.0273979,-6.6234674,12.70657,0.7599213,10.688669,-0.5553048,N900_RS01345,oxyR,1.9078638333333335,0.25175,4.7487,3h_SI1,3h,SI1,3h_SI2,3h,SI2,4.49695
0.10133821,-16.474754,7.2334137,7.0980053,12.080228,4.932189,N900_RS01355,pilM,1.5490316016666668,-0.097333,4.7508,6h_ce,6h,ce,3h_st,3h,st,4.848133
2.2842283,-7.301767,11.960537,13.317732,9.227746,-6.2613816,N900_RS01360,pilus assembly protein PilN,1.1552278166666663,-0.41744,3.5303,1h_st,1h,st,6h_SI2,6h,SI2,3.94774
-6.4676776,-6.2191763,4.1368113,7.836938,10.502653,-0.30884364,N900_RS01370,PilP,1.2034335666666667,-0.52898,5.2909,6h_SI2,6h,SI2,3h_SI5,3h,SI5,5.8198799999999995
3.5941412,-11.506663,8.652094,11.43952,3.005307,-0.75207686,N900_RS01375,fimbrial assembly protein,0.6893013833333335,-0.6847,3.9846,24h_st,24h,st,6h_SI3,6h,SI3,4.6693
3.2833283,-10.885143,2.4315507,10.912583,4.3151493,5.5048084,N900_RS01380,aroK,-0.6449199316666665,-3.2323,1.9277,12h_SI7,12h,SI7,1h_co,1h,co,5.16
1.4016287,-7.4538674,10.1542,9.110488,1.8810118,4.667955,N900_RS01385,aroB,-0.1931404333333333,-1.8431,3.6411,24h_SI8,24h,SI8,3h_SI2,3h,SI2,5.4841999999999995
3.29749,-10.660499,5.9651575,3.5579252,1.2693685,-2.961096,N900_RS01390,damX_1,0.6265573398333334,-0.64991,3.6435,6h_SI5,6h,SI5,1h_SI1,1h,SI1,4.29341
3.9469144,-14.6253395,3.0644283,10.428192,8.929797,4.805697,N900_RS01400,ribulose-phosphate 3-epimerase,-0.11540333333333334,-2.2683,1.8892,12h_SI7,12h,SI7,6h_st,6h,st,4.1575
-0.8896414,-6.4593472,14.826224,14.146992,9.586289,-2.120566,N900_RS01405,gph,0.8096558,-0.85937,3.4672,12h_st,12h,st,6h_SI1,6h,SI1,4.32657
1.0222981,0.17240882,11.042815,-5.021145,15.281501,-4.9418044,N900_RS01415,ABC transporter substrate-binding protein_8,0.6515329,-0.98091,3.2782,3h_SI1,3h,SI1,6h_ce,6h,ce,4.25911
-6.7745943,-5.9890876,8.25762,6.9175057,13.385298,-8.071132,N900_RS01420,xds_1,1.4499489833333332,-0.095118,4.6483,12h_st,12h,st,3h_SI1,3h,SI1,4.743418
3.4879284,5.79871,4.995185,7.4153743,5.0559926,2.0468867,N900_RS01425,rimO,-0.1429793083333334,-1.6929,2.9461,6h_SI2,6h,SI2,6h_SI1,6h,SI1,4.639
-3.8462605,-6.866097,13.190052,11.17,5.4139585,1.0091347,N900_RS01430,trpG_1,0.8003583166666667,-0.49309,3.3509,6h_st,6h,st,3h_SI3,3h,SI3,3.8439900000000002
-9.374791,-3.7076817,8.802559,11.505308,12.012763,1.5824194,N900_RS01435,aruC,0.4680254133333333,-1.8054,3.8989,6h_SI3,6h,SI3,3h_SI1,3h,SI1,5.7043
-3.6231315,-15.491217,8.24769,6.243265,11.207507,-1.9452549,N900_RS01440,astA,1.3540975966666668,-0.0155,3.6926,1h_SI8,1h,SI8,3h_st,3h,st,3.7081
-7.886862,-15.397979,8.336075,4.606102,9.803115,-7.4633794,N900_RS01445,astD,0.6391946166666665,-0.90441,3.2763,3h_SI8,3h,SI8,6h_ce,6h,ce,4.18071
1.0687313,-1.5614749,3.9788153,7.9658556,6.945908,-2.9917595,N900_RS01450,N900_RS01450,0.2730950993333333,-1.0232,3.4661,6h_ce,6h,ce,24h_SI1,24h,SI1,4.4893
4.635275,-14.42899,2.0185733,10.599804,8.456204,5.3184276,N900_RS01455,crp,2.0031703333333333,-0.060826,4.0342,12h_SI7,12h,SI7,12h_st,12h,st,4.095026
-2.2836666,-5.3366847,18.80369,10.840256,9.390295,-1.5606264,N900_RS01460,cfxP,0.4226522921666666,-0.85141,4.3948,12h_co,12h,co,3h_SI5,3h,SI5,5.24621
0.01326786,-6.1447597,8.507414,-0.6868199,4.732247,7.756627,N900_RS01465,VC_2612_BLAST,1.404655783333333,-0.44854,5.4891,1h_ce,1h,ce,1h_st,1h,st,5.93764
3.303129,3.2262561,11.202647,10.2062,9.892833,8.49473,N900_RS01470,hydrolase,-0.142223,-1.5155,2.7689,24h_st,24h,st,3h_SI3,3h,SI3,4.2844
-3.2697482,-1.1024824,10.567293,2.6874614,10.446852,6.510858,N900_RS01475,N900_RS01475,0.205147665,-1.6491,3.5838,3h_SI8,3h,SI8,1h_st,1h,st,5.2329
-0.20068929,1.0107037,10.1833935,7.616027,11.332877,2.3603542,N900_RS01480,yheS,1.0682956833333335,-0.69079,4.6208,6h_SI7,6h,SI7,12h_SI2,12h,SI2,5.31159
1.1869365,-9.368571,11.689012,11.502299,9.887402,-4.0602183,N900_RS01485,kefG,1.690265,-0.37017,4.6892,1h_ce,1h,ce,6h_SI4,6h,SI4,5.0593699999999995
5.610647,-0.07711839,6.5515575,2.6908948,6.8870516,7.49158,N900_RS01490,kefB,0.38382953966666666,-1.0072,3.742,3h_SI2,3h,SI2,1h_ce,1h,ce,4.7492
8.14065,2.7930286,6.6273217,6.645534,9.175936,1.1192038,N900_RS01495,metal-binding protein,0.9276407550000001,-2.0213,4.1724,6h_SI6,6h,SI6,12h_SI2,12h,SI2,6.1937
-2.7573254,-8.315074,9.803223,9.376515,8.978692,3.3234982,N900_RS01500,slyD,1.5740337166666665,-0.57385,5.563,1h_SI2,1h,SI2,1h_st,1h,st,6.13685
-6.3411255,-13.355314,6.468319,9.9545555,12.101616,2.1464546,N900_RS01505,iaaA,0.9606517411666666,-0.39422,4.0355,3h_SI9,3h,SI9,3h_st,3h,st,4.42972
2.254375,-6.1510687,5.664133,6.7183356,-6.896728,4.1521564,N900_RS01515,motX_BLAST,-1.1445433166666668,-3.4328,2.4798,24h_SI1,24h,SI1,3h_SI7,3h,SI7,5.912599999999999
0.07545754,-6.2273965,11.421068,8.810042,13.520021,1.6208907,N900_RS01520,N900_RS01520,1.2998625183333332,-0.084017,3.9514,3h_st,3h,st,12h_SI1,12h,SI1,4.035417
1.0300958,-6.105036,15.34347,9.037238,10.920812,-4.4149504,N900_RS01525,rnr,1.1761258999999997,-0.88717,5.649,1h_SI7,1h,SI7,3h_SI5,3h,SI5,6.53617
-0.6886169,-11.261206,7.063384,1.3511581,-1.5149883,-3.1220999,N900_RS01530,rlmB,0.39274771666666664,-2.1073,5.1136,24h_st,24h,st,3h_SI3,3h,SI3,7.2209
0.60015357,-15.34229,11.135811,2.921464,0.16647874,-6.1581054,N900_RS01675,N900_RS01675,0.5745979616666667,-1.1414,4.2335,6h_SI1,6h,SI1,6h_st,6h,st,5.3749
-2.8503742,-9.060807,11.622487,-0.1371441,0.9402756,-5.1514864,N900_RS01680,fklB,0.3204985916666666,-1.7713,3.0453,6h_SI1,6h,SI1,3h_SI3,3h,SI3,4.8166
-2.4601736,-4.54687,15.838856,1.3037121,5.344104,3.5876434,N900_RS01685,LysM,0.5728361166666667,-1.5682,3.3574,6h_SI1,6h,SI1,3h_SI3,3h,SI3,4.9256
-0.6682029,5.3369894,-0.75777286,1.774852,10.08104,7.5717416,N900_RS01690,eamA_6,0.1730033466666667,-1.6463,2.727,6h_SI2,6h,SI2,3h_SI3,3h,SI3,4.3733
-0.8407754,-7.1505666,7.591332,3.5146484,8.022083,-9.331096,N900_RS01695,elaA,1.659048833333333,-0.22072,4.8627,3h_SI2,3h,SI2,6h_ce,6h,ce,5.08342
-11.307384,-3.8594081,5.2612133,-4.117875,16.171597,2.008305,N900_RS01700,dbpA,0.3822100499999999,-1.1716,3.6947,6h_st,6h,st,6h_ce,6h,ce,4.8663
1.7385416,-3.4932215,6.953681,4.86307,2.6387997,1.3736454,N900_RS01705,Crp/Fnr family transcriptional regulator_1,-0.24528708300000002,-1.8673,2.8387,12h_SI1,12h,SI1,3h_SI2,3h,SI2,4.7059999999999995
-7.024426,-6.4994526,6.5353255,8.87011,11.698454,1.6378508,N900_RS01710,cpdB,0.8495862500000001,-0.86833,4.8285,6h_SI3,6h,SI3,12h_SI1,12h,SI1,5.69683
6.0430593,4.045205,10.432225,6.294482,8.492541,-4.980788,N900_RS01715,cobA,0.93742956,-1.1059,4.125,3h_ce,3h,ce,6h_SI3,6h,SI3,5.2309
7.815405,-8.819971,5.5126333,4.1102242,0.49799213,1.9268256,N900_RS01720,cysD,0.9076814383333335,-0.74315,4.4163,6h_SI1,6h,SI1,6h_st,6h,st,5.15945
-0.72927,-6.703569,7.5154247,9.487405,12.750741,-3.2470422,N900_RS01725,cysN,1.5308276666666667,-0.024636,4.246,3h_SI4,3h,SI4,6h_SI1,6h,SI1,4.2706360000000005
-2.560422,1.6195295,10.042362,-6.380467,0.41255552,-2.3557315,N900_RS01730,cysC,0.18312529499999994,-1.9734,3.2996,6h_SI3,6h,SI3,3h_SI2,3h,SI2,5.273
2.1180737,-1.4320664,10.217108,3.150679,10.368708,-5.9599514,N900_RS01735,N900_RS01735,1.3290745333333334,-0.40895,5.3761,1h_co,1h,co,12h_SI1,12h,SI1,5.78505
1.5621473,9.4549465,-0.72185904,4.0640497,-4.735973,-1.1960632,N900_RS01740,N900_RS01740,-0.12270337666666667,-1.6046,2.5168,12h_SI2,12h,SI2,24h_SI2,24h,SI2,4.1213999999999995
0.565797,-5.9847,6.271191,10.466369,0.5489914,-10.199144,N900_RS01745,ABC transporter permease_2,1.6455948333333337,-0.26204,5.1766,12h_SI3,12h,SI3,3h_SI1,3h,SI1,5.4386399999999995
5.2764535,4.3328333,10.788015,0.087106705,4.7795343,-0.35406068,N900_RS01750,yknY_1,1.3082669249999996,-0.3633,4.4329,12h_SI2,12h,SI2,6h_SI2,6h,SI2,4.7962
9.64906,5.2936797,2.0473158,-3.1901336,3.6502712,2.3216348,N900_RS01755,N900_RS01755,1.1477850333333335,-1.2466,5.2535,3h_SI6,3h,SI6,6h_SI2,6h,SI2,6.5001
3.7289574,-10.830847,7.1660576,4.469973,8.189183,-2.984917,N900_RS01760,N900_RS01760,1.2136865099999998,-1.0402,4.1842,6h_SI2,6h,SI2,3h_SI3,3h,SI3,5.224399999999999
-4.5917983,-1.7198442,6.0119762,-1.0738893,8.807483,-13.244842,N900_RS01765,ytfj,0.5881292899999998,-0.62353,3.5889,3h_co,3h,co,6h_ce,6h,ce,4.21243
-5.930798,-16.036194,1.9862266,2.7116704,-1.3540305,-4.012512,N900_RS01770,msrA,0.9963558616666666,-0.73513,4.4062,12h_SI1,12h,SI1,3h_st,3h,st,5.14133
-7.3828073,-1.1990863,17.6387,5.6500134,3.2843673,-0.50534755,N900_RS01775,outer membrane protein assembly factor,-0.16344024166666665,-1.7044,3.2661,6h_SI2,6h,SI2,6h_SI4,6h,SI4,4.9704999999999995
-6.6972404,-2.6584344,18.043488,2.2955554,3.4471684,1.3838816,N900_RS01780,tamb,0.0008717000000000086,-1.6244,2.611,6h_SI2,6h,SI2,3h_SI3,3h,SI3,4.2354
-7.3512564,-12.504121,6.5912313,11.66996,11.224134,2.095389,N900_RS01785,ytfP,1.279173,-0.61645,4.9111,12h_st,12h,st,3h_SI1,3h,SI1,5.527550000000001
9.136514,-9.69009,0.9424213,-3.6036575,-1.4482589,2.9981413,N900_RS01795,fbp,0.7153675499999999,-1.0405,4.9842,1h_SI3,1h,SI3,6h_st,6h,st,6.0247
7.3391385,8.131686,0.24432491,-1.8952409,4.558888,5.038181,N900_RS01800,N900_RS01800,1.1475936666666666,-1.102,5.005,6h_ce,6h,ce,12h_SI2,12h,SI2,6.107
3.5004747,3.977983,8.968836,4.9755473,10.204295,4.9691715,N900_RS01805,mpl,0.5697061999999999,-0.79351,3.3147,12h_SI8,12h,SI8,12h_SI1,12h,SI1,4.108210000000001
-0.9668778,-13.885475,-1.8979175,4.326882,10.131928,4.5138464,N900_RS01815,thiB,0.2382867166666666,-1.4292,4.6277,3h_SI4,3h,SI4,3h_st,3h,st,6.0569
3.3935676,-1.7423679,8.94573,11.852347,11.05684,-7.6321087,N900_RS01820,thiP,0.40782968666666675,-1.1774,3.6386,3h_ce,3h,ce,12h_SI2,12h,SI2,4.816
9.701792,-8.836094,5.270663,9.39938,5.5170393,3.5610893,N900_RS01825,thiQ,0.07086765,-1.6095,4.3423,6h_SI6,6h,SI6,6h_st,6h,st,5.9517999999999995
10.23415,-1.6943899,-0.84739864,6.9688706,6.605218,4.7937202,N900_RS01830,darP,1.1473737,-1.5726,7.2863,6h_SI6,6h,SI6,12h_SI3,12h,SI3,8.8589
-8.336097,-4.7149086,1.3505558,-2.1459994,14.509221,-6.087068,N900_RS01835,pmbA,1.4174213883333335,-0.17424,5.1283,3h_SI4,3h,SI4,6h_ce,6h,ce,5.3025400000000005
5.9079075,-4.233898,3.3004117,8.313251,8.528956,-7.9577837,N900_RS01840,mgtE_1,2.059952,0.52181,5.6155,3h_SI5,3h,SI5,6h_st,6h,st,5.09369
-3.5745444,-12.253555,6.7031493,7.8664465,12.079616,0.43259254,N900_RS01845,ptsO,1.2661607356666666,-0.36098,5.179,1h_SI5,1h,SI5,1h_st,1h,st,5.53998
-6.793225,3.9897795,6.6731825,10.295487,2.8536103,-11.618396,N900_RS01850,rapZ,1.0061030050000002,-0.9278,5.1428,3h_ce,3h,ce,3h_SI1,3h,SI1,6.070600000000001
1.5477446,-5.839482,3.96727,6.413045,12.726547,7.005092,N900_RS01855,ptsN,1.7225652000000002,-0.22748,6.7157,1h_SI9,1h,SI9,3h_SI3,3h,SI3,6.94318
-4.202812,-5.810011,17.034428,10.707203,13.304271,-2.9856327,N900_RS01860,hpf,0.93839135,-1.1183,4.0473,3h_SI9,3h,SI9,3h_SI5,3h,SI5,5.1655999999999995
8.87855,-4.6523232,-3.672609,7.9264755,-3.90104,6.679149,N900_RS01865,rpoN,-1.1769380166666665,-4.423,2.6889,12h_SI8,12h,SI8,1h_co,1h,co,7.1119
3.37599,-7.094917,4.613002,11.64616,-4.3723555,-10.661554,N900_RS01885,kdsC,-0.13604569999999996,-1.6525,4.1551,3h_ce,3h,ce,6h_st,6h,st,5.8076
-7.669747,-6.046121,0.45283616,5.743673,3.0986154,-3.8038468,N900_RS01895,calcium/sodium antiporter,0.15401554966666667,-2.1356,3.1319,6h_SI1,6h,SI1,3h_SI1,3h,SI1,5.2675
-7.4603744,4.331307,6.708921,10.0583515,6.1393547,-6.7116866,N900_RS01900,N900_RS01900,0.24226955000000003,-1.1003,4.18,6h_SI3,6h,SI3,3h_SI1,3h,SI1,5.2802999999999995
1.9474623,0.6603636,7.367499,-0.6914871,6.7321205,4.515403,N900_RS01905,mlaF,1.3809361333333332,-0.067528,4.254,1h_SI5,1h,SI5,12h_SI2,12h,SI2,4.321528
7.1671433,-2.2587855,2.8122134,0.5493692,8.201419,-1.6457564,N900_RS01910,mlaE,1.182384416666667,-2.5822,5.7088,1h_SI4,1h,SI4,12h_SI3,12h,SI3,8.291
0.15180089,-3.1798227,11.046699,7.5938478,7.9871006,-2.742711,N900_RS01915,mlaD,1.4501510999999998,-0.70372,4.4196,1h_SI2,1h,SI2,6h_SI2,6h,SI2,5.12332
0.52110195,-1.4092859,12.634035,13.342833,11.542957,-2.889321,N900_RS01920,mlaC,1.1013689166666665,-1.3332,4.6713,1h_SI2,1h,SI2,6h_SI1,6h,SI1,6.004499999999999
-3.6728394,-7.1937037,3.827234,-0.75572944,9.1227255,-10.75967,N900_RS01925,"anti-sigma B factor antagonist, putative",1.1570719833333334,-1.6651,4.988,1h_SI2,1h,SI2,6h_ce,6h,ce,6.6531
-7.5525584,-8.469182,5.8385878,1.3844049,8.997371,4.2828155,N900_RS01930,ibaG,0.7019225083333331,-1.4005,5.089,6h_co,6h,co,3h_st,3h,st,6.4895000000000005
10.433966,-2.1576612,4.72511,6.761249,2.956673,8.420683,N900_RS01945,rida,-0.6163273966666666,-3.6314,5.0076,6h_SI8,6h,SI8,6h_SI2,6h,SI2,8.639
-10.423064,-11.424364,9.495014,5.2214546,16.073475,1.6889752,N900_RS01950,pyrI,0.9971440000000001,-0.33488,4.0198,6h_st,6h,st,3h_st,3h,st,4.35468
-0.8399787,1.9058855,2.0010855,10.889456,6.581547,2.1988378,N900_RS01955,pyrB,-0.5303257166666667,-4.1342,3.7091,6h_SI6,6h,SI6,3h_SI1,3h,SI1,7.843299999999999
-3.471689,-12.656803,8.537821,5.049872,9.318838,-10.601146,N900_RS01965,argF,1.4433390599999996,-0.0035264,5.0082,1h_st,1h,st,3h_SI3,3h,SI3,5.011726400000001
-5.1774697,-16.1196,7.5349803,8.810169,12.42692,-0.38832843,N900_RS01970,N900_RS01970,1.5914936666666664,-0.40281,5.4728,1h_SI9,1h,SI9,3h_st,3h,st,5.87561
4.50193,0.5851983,14.069554,7.1592245,8.424405,3.830288,N900_RS01975,N900_RS01975,0.07140453333333331,-1.5426,3.1839,3h_SI1,3h,SI1,3h_SI4,3h,SI4,4.7265
-11.2566595,-4.382923,6.4385962,-0.4084421,17.287819,0.18833852,N900_RS01980,rapA,0.9701186666666667,-0.61556,3.9615,3h_SI2,3h,SI2,6h_ce,6h,ce,4.57706
-3.8801847,1.8249636,4.4032207,4.52798,7.239125,-0.850662,N900_RS01985,rluA,0.5240912666666666,-0.98107,2.7112,1h_SI1,1h,SI1,12h_SI3,12h,SI3,3.6922699999999997
-5.1886587,-3.4886088,12.319514,11.418302,10.328874,-7.3801346,N900_RS01990,hepA,1.3025929333333333,-1.8449,6.2601,3h_ce,3h,ce,3h_SI1,3h,SI1,8.105
0.7617754,-1.0510257,9.404731,0.7644036,6.2975497,2.497401,N900_RS02000,holC,0.77103405,-0.4281,3.3177,3h_SI3,3h,SI3,12h_st,12h,st,3.7458
4.8722763,-2.4543748,-3.365632,-3.54494,4.8425255,9.940496,N900_RS02005,pepA,1.0331118333333333,-1.9676,5.7432,6h_SI7,6h,SI7,1h_st,1h,st,7.7108
2.3487108,1.1183076,8.157556,11.196038,12.604865,0.08887847,N900_RS02020,N900_RS02020,1.17617945,-0.30998,4.3353,3h_SI4,3h,SI4,6h_SI2,6h,SI2,4.6452800000000005
-1.8956678,-9.630723,11.963685,8.73255,9.061576,-8.753438,N900_RS02030,rpfG,1.3049666566666667,-0.52498,4.4573,1h_ce,1h,ce,6h_SI4,6h,SI4,4.98228
-3.1838048,4.228844,4.427521,9.128786,13.934432,1.4971848,N900_RS02070,N900_RS02070,1.0682124419999999,-0.51769,3.7781,6h_SI4,6h,SI4,1h_st,1h,st,4.29579
2.2429461,1.2678967,12.77454,4.502579,8.53963,-2.5446563,N900_RS02075,leuD,1.0574804166666667,-0.48628,3.7999,1h_SI5,1h,SI5,6h_SI5,6h,SI5,4.28618
1.5464345,-12.393199,11.603349,10.990577,9.5857935,-1.8037235,N900_RS02080,leuC,0.9608779999999998,-0.39978,3.8986,1h_st,1h,st,3h_SI4,3h,SI4,4.29838
-3.4787548,-10.9367285,6.07381,6.233469,12.267999,1.6992266,N900_RS02085,leuB,1.316181833333333,-0.26138,4.3857,6h_SI4,6h,SI4,3h_SI2,3h,SI2,4.64708
-7.692392,-3.2427382,14.396674,7.14711,14.874745,-4.3814073,N900_RS02090,leuA,0.6835052833333334,-0.87103,3.4224,6h_st,6h,st,3h_SI5,3h,SI5,4.29343
1.849569,-10.788168,12.714074,11.691729,8.6719675,-2.9850678,N900_RS02095,tetr_1,1.2472756166666665,-0.41115,3.5567,3h_co,3h,co,3h_SI4,3h,SI4,3.9678500000000003
-0.8002564,-7.7218556,4.208905,8.264567,13.3229065,1.360403,N900_RS02100,N900_RS02100,0.3486309,-1.8689,3.7086,24h_ce,24h,ce,6h_SI2,6h,SI2,5.577500000000001
-3.9609008,-15.707257,5.649077,8.264629,8.968208,-3.5416756,N900_RS02105,glycosyl transferase_1,0.8305785083333335,-0.47114,3.4751,3h_co,3h,co,6h_SI4,6h,SI4,3.94624
1.2204945,1.0083461,6.7269616,3.2238233,13.601085,1.6314125,N900_RS02110,leuO,0.35195379500000007,-1.7637,3.6181,6h_SI5,6h,SI5,3h_SI3,3h,SI3,5.3818
5.894702,3.707472,5.9051814,6.150711,15.6707945,4.667547,N900_RS02115,long-chain fatty acid--CoA ligase,0.06106000666666668,-1.2326,4.0658,6h_SI7,6h,SI7,3h_SI3,3h,SI3,5.2984
-3.444051,-8.220223,6.218111,4.8377542,9.615077,-10.915294,N900_RS02120,ilvI,0.9385266999999998,-0.3811,4.357,3h_st,3h,st,6h_ce,6h,ce,4.7381
-5.0319743,-17.082567,7.2847466,7.872669,10.22994,-4.49197,N900_RS02125,ilvN,1.3486237000000003,-0.33842,4.3537,3h_ce,3h,ce,3h_st,3h,st,4.69212
-6.611074,-9.082659,12.589561,6.504949,10.463013,-12.910033,N900_RS02130,serA,0.9489495466666665,-0.91198,4.2035,12h_st,12h,st,6h_ce,6h,ce,5.11548
4.003419,-15.497614,3.6846757,10.933833,9.615551,5.0511384,N900_RS02135,rpiA,1.6321321866666667,-0.24819,3.8587,6h_SI9,6h,SI9,12h_st,12h,st,4.10689
6.2617993,-4.360908,-1.2762724,4.750588,7.1843204,1.1166692,N900_RS02140,ygfA,0.8418556666666664,-2.4351,6.0494,1h_SI6,1h,SI6,3h_SI3,3h,SI3,8.4845
-2.1204672,6.71206,6.285801,2.5252266,5.837603,4.311804,N900_RS02145,zapa,-0.41642767,-2.4987,2.9663,3h_SI7,3h,SI7,1h_SI1,1h,SI1,5.465
-6.235578,-10.14638,1.6913589,4.8033853,6.610898,4.390446,N900_RS02150,VC0395_A2053_BLAST,1.274627016666667,-0.30823,5.5703,3h_SI5,3h,SI5,3h_st,3h,st,5.87853
1.9617642,-0.60086006,11.848294,5.822124,4.4734836,-1.4570498,N900_RS02175,sdhE,1.0907205833333333,-1.4351,3.9183,1h_SI3,1h,SI3,6h_SI5,6h,SI5,5.3534
-2.3914065,-3.3321226,14.213264,4.572871,4.260036,-4.5038614,N900_RS02180,cptA,1.3921235833333334,-0.46305,4.8488,12h_SI2,12h,SI2,6h_SI4,6h,SI4,5.31185
-1.3208983,-14.282187,5.7660494,5.998433,12.568423,2.9621763,N900_RS02185,nadB,1.772686051666667,-0.16548,4.8443,1h_SI9,1h,SI9,3h_st,3h,st,5.009779999999999
-3.9058785,-15.9206295,7.054144,2.3360875,10.11097,-0.27844968,N900_RS02190,N900_RS02190,1.3307204833333335,-0.3494,5.2305,3h_SI4,3h,SI4,3h_SI5,3h,SI5,5.5799
4.116708,-15.244959,3.463216,10.706958,8.868323,5.478276,N900_RS02200,rsea,0.25826033333333337,-1.646,2.4491,12h_SI7,12h,SI7,12h_st,12h,st,4.0951
4.1443567,-15.572411,3.487129,10.918085,9.537994,5.110838,N900_RS02205,rseB,0.7814803000000001,-1.1255,2.9882,6h_SI9,6h,SI9,12h_st,12h,st,4.1137
-4.362507,-0.8456258,7.060087,12.344233,7.85147,6.6165814,N900_RS02215,lepA,-0.7016565666666666,-2.1226,2.7272,24h_SI5,24h,SI5,3h_SI3,3h,SI3,4.8498
5.5647564,-14.274454,2.4295032,10.598947,9.083974,5.736369,N900_RS02225,ribonuclease III,1.9891788333333333,0.07711,4.0351,12h_ce,12h,ce,12h_st,12h,st,3.95799
-0.14602849,-7.663288,14.257911,5.966323,9.561504,-3.7565906,N900_RS02235,recO,1.6166835666666666,-0.43436,6.617,1h_SI9,1h,SI9,6h_SI2,6h,SI2,7.05136
4.064567,-10.821672,0.44750583,-6.434508,5.4909596,8.280986,N900_RS02250,N900_RS02250,0.2341213283333333,-2.4447,5.4044,6h_SI5,6h,SI5,1h_st,1h,st,7.8491
0.57272726,-7.733484,10.894332,14.132249,8.0020275,-2.657685,N900_RS02255,N900_RS02255,1.131987,-0.38603,4.1742,3h_st,3h,st,3h_SI1,3h,SI1,4.56023
2.0885658,-10.034863,8.970471,8.924704,10.564582,-4.428198,N900_RS02260,sensor domain-containing diguanylate cyclase_2,1.398483366666667,-0.031391,3.5355,3h_st,3h,st,12h_st,12h,st,3.566891
1.340918,4.9439406,4.8057775,2.8911617,-1.3421763,6.717328,N900_RS02265,barA,-1.6381796666666668,-3.6656,1.4876,3h_SI9,3h,SI9,1h_co,1h,co,5.1532
3.1222405,-8.537787,10.011707,12.770753,5.811842,-3.3197985,N900_RS02270,rlmD,0.8649632833333334,-0.59228,3.1999,3h_SI3,3h,SI3,3h_SI1,3h,SI1,3.79218
-4.520545,-7.422205,8.793829,10.658661,9.304663,-7.153125,N900_RS02275,relA,0.20880867868333333,-1.0902,3.3689,1h_SI5,1h,SI5,3h_SI1,3h,SI1,4.4591
-6.946307,-9.710768,5.2835956,6.943054,13.447093,3.5498183,N900_RS02280,mazG,0.8177808166666666,-0.35385,3.8103,24h_SI2,24h,SI2,3h_st,3h,st,4.164149999999999
-9.945268,-4.641071,3.1930974,8.91828,14.390324,5.9159746,N900_RS02295,cca,0.0769111333333333,-1.2119,2.8472,12h_st,12h,st,3h_SI3,3h,SI3,4.0591
-7.736971,-1.2622701,13.467323,9.55707,11.721274,-1.1725185,N900_RS02300,exeA,0.8416620833333333,-0.74753,3.8342,6h_SI2,6h,SI2,3h_SI1,3h,SI1,4.58173
-1.8343474,4.4406137,11.45223,0.6080544,7.306344,-4.9289947,N900_RS02305,gspb,0.6907512066666666,-1.2772,3.5956,6h_SI3,6h,SI3,6h_SI4,6h,SI4,4.8728
3.0537622,-10.343021,10.129162,10.815786,-1.7697918,-6.752116,N900_RS02310,N900_RS02310,0.4263480783333333,-1.1426,3.1334,12h_st,12h,st,6h_st,6h,st,4.276
7.1156807,-6.5219073,8.6417055,5.80524,8.791662,-1.8955717,N900_RS02315,inorganic phosphate transporter,2.051332566666667,-0.12066,5.3316,3h_co,3h,co,12h_SI2,12h,SI2,5.45226
10.831696,-6.6286006,1.9221312,10.539147,3.2798336,2.7484314,N900_RS02320,HI_1603_BLAST,0.2724794666666666,-2.5576,4.0097,6h_SI6,6h,SI6,1h_SI1,1h,SI1,6.5672999999999995
-12.969554,0.93298155,10.286508,2.8003833,16.016495,-6.9180703,N900_RS02325,ygiF,1.1231903333333335,-0.8944,5.5681,6h_SI2,6h,SI2,6h_ce,6h,ce,6.4625
-5.4407697,-8.217655,9.376543,9.408776,11.832774,4.3755054,N900_RS02330,methyl-accepting chemotaxis protein_15,1.1127130500000002,-0.20544,4.3661,6h_st,6h,st,3h_SI3,3h,SI3,4.571540000000001
-3.119264,-15.236372,8.337139,7.641984,12.485937,0.88915265,N900_RS02335,glnE,1.601526966666667,-0.82103,5.0347,1h_co,1h,co,3h_st,3h,st,5.85573
3.8092046,-14.835496,3.43338,10.666944,9.131613,4.621639,N900_RS02340,hldE,-0.5224835666666666,-2.4988,1.6145,6h_SI9,6h,SI9,12h_st,12h,st,4.113300000000001
0.21965662,-6.7552752,7.256734,4.7189603,7.7515073,-0.99657536,N900_RS02345,tolC,-1.2986958333333334,-3.2375,2.2155,1h_SI7,1h,SI7,3h_SI6,3h,SI6,5.452999999999999
-8.387809,-7.344104,8.484769,1.7962667,16.139198,-2.2029934,N900_RS02350,nudF_1,0.7551720666666667,-0.59363,3.3222,24h_SI4,24h,SI4,6h_ce,6h,ce,3.91583
0.3040769,-4.2235327,14.237003,11.117243,1.2358667,1.720427,N900_RS02355,N900_RS02355,0.1225420216666667,-1.3757,3.0942,3h_SI8,3h,SI8,3h_SI5,3h,SI5,4.4699
10.230775,0.111365765,0.7274638,1.9953548,8.083717,11.705386,N900_RS02360,cpdA,0.29294455166666666,-3.196,4.8381,12h_SI8,12h,SI8,1h_st,1h,st,8.0341
1.4006959,2.369189,6.1912518,17.114058,1.9408109,-3.650168,N900_RS02365,yqiA,0.3039439833333333,-1.2477,4.1867,12h_SI2,12h,SI2,6h_SI2,6h,SI2,5.4344
-1.8466878,0.42105448,12.6008005,10.600138,11.830616,-5.013694,N900_RS02380,yacG,0.8543945333333334,-0.79763,3.5883,1h_co,1h,co,12h_SI2,12h,SI2,4.38593
0.3472721,-0.94548315,13.16501,0.79040146,7.491567,0.67811394,N900_RS02385,zapD,0.17415367333333334,-1.664,3.9214,6h_SI1,6h,SI1,12h_SI2,12h,SI2,5.5854
3.9536495,-15.325786,4.035718,10.559131,9.769328,4.886094,N900_RS02395,pilD,1.9617752166666669,0.019692,4.1337,6h_SI9,6h,SI9,12h_st,12h,st,4.114008
-6.722959,-12.501337,10.171239,10.085152,14.14092,-0.88198334,N900_RS02400,pilC,1.3631559500000001,-0.93785,4.2392,1h_SI9,1h,SI9,3h_SI1,3h,SI1,5.17705
-1.6516353,3.8391585,13.137952,3.7669997,0.40687475,-0.9091557,N900_RS02405,pilB,-0.24595668333333334,-2.153,3.6697,6h_SI1,6h,SI1,1h_SI1,1h,SI1,5.8227
-3.4063015,-15.9120455,6.022339,5.5615244,10.395562,5.2230415,N900_RS02410,pilA,1.8188041999999998,0.031062,5.9095,12h_st,12h,st,3h_st,3h,st,5.878438
-3.8299792,-2.1076856,14.802227,0.6991881,14.785558,-5.8141513,N900_RS02415,nadC_1,1.2608448333333335,-0.45798,4.9102,3h_SI1,3h,SI1,6h_ce,6h,ce,5.36818
-0.45742983,-4.3099732,8.326575,3.2011745,5.0420976,11.061408,N900_RS02420,ampD,-0.5324037999999999,-3.038,4.5367,6h_SI5,6h,SI5,3h_SI3,3h,SI3,7.5747
4.0454636,-15.1496,0.8336995,7.354718,4.3664126,-1.8912387,N900_RS02425,fldB,1.0042336033333334,-0.31231,5.6924,1h_SI6,1h,SI6,6h_st,6h,st,6.00471
-0.03755939,-12.76461,5.023044,7.332381,11.189285,8.708985,N900_RS02430,xerd,-0.6076984966666666,-3.3481,3.3419,6h_co,6h,co,3h_st,3h,st,6.6899999999999995
-0.59040874,-0.15242346,11.002117,13.204892,8.146851,4.5413504,N900_RS02435,dsbC,-0.19421205166666666,-1.9863,3.1401,12h_SI5,12h,SI5,1h_ce,1h,ce,5.1264
7.133718,1.4659693,6.5492463,9.899447,8.899768,-0.98271215,N900_RS02440,recJ,0.5059580100000001,-1.0095,3.1874,3h_st,3h,st,6h_SI3,6h,SI3,4.196899999999999
5.5115824,-1.683328,8.7828,5.533765,14.491668,3.369498,N900_RS02445,yfkN,0.6687993166666666,-0.86138,3.6533,6h_SI4,6h,SI4,12h_SI1,12h,SI1,4.51468
1.6648892,-5.0833764,2.7698886,-4.6191463,2.1033158,6.527061,N900_RS02450,pdhR,0.4178017833333333,-1.0841,3.8038,6h_SI1,6h,SI1,3h_SI2,3h,SI2,4.8879
5.30129,-15.447345,2.8941803,11.514841,6.15671,8.528844,N900_RS02455,aceE,-0.24065086666666666,-2.4529,1.6094,6h_SI9,6h,SI9,6h_st,6h,st,4.0623000000000005
4.1434064,-13.738647,5.000837,11.160552,8.357751,6.5683103,N900_RS02460,aceF,0.6435309666666666,-1.6153,5.8766,6h_SI9,6h,SI9,6h_SI3,6h,SI3,7.491899999999999
-4.2487435,-3.0361974,3.0773149,-5.5686855,10.202525,-3.818178,N900_RS02470,rsmH,0.054217745000000005,-1.8431,3.9442,6h_SI5,6h,SI5,6h_SI4,6h,SI4,5.7873
3.5478113,-6.8106995,7.9222393,11.198596,4.530725,-4.9493957,N900_RS02555,mutT,0.6222407166666666,-0.90613,2.7548,3h_SI3,3h,SI3,3h_SI4,3h,SI4,3.66093
1.2656666,-5.0711594,-3.670394,7.004707,7.5305014,12.597301,N900_RS02570,carA,0.2942158166666667,-3.4883,5.916,6h_SI6,6h,SI6,3h_st,3h,st,9.404300000000001
2.3418987,-8.042355,1.9424087,11.212044,8.113177,10.533653,N900_RS02575,carB,0.14906505000000003,-2.9689,4.971,12h_SI8,12h,SI8,3h_SI2,3h,SI2,7.9399
5.140233,-8.252715,9.248826,12.440885,4.1971693,-0.56426007,N900_RS02580,nlpE_2,0.3687141833333334,-0.93155,2.7269,6h_ce,6h,ce,3h_SI2,3h,SI2,3.65845
4.2936387,-7.2331257,0.19602042,-5.217956,2.3898077,13.059881,N900_RS02595,Ga0059260_01848_BLAST,0.5530192166666665,-1.4449,6.7286,6h_SI5,6h,SI5,1h_st,1h,st,8.1735
8.177825,-2.7350426,4.301256,8.512726,10.073719,4.7586894,N900_RS02600,RNA-directed DNA polymerase,1.8726369833333332,0.03912,6.6556,1h_SI6,1h,SI6,6h_SI1,6h,SI1,6.61648
-7.352475,-1.7193234,11.303795,12.283126,14.176885,-1.1554036,N900_RS02605,yfcA_1,1.4045607000000002,-0.1282,6.1528,6h_st,6h,st,3h_SI1,3h,SI1,6.281
-3.0518975,-7.7112813,14.271175,8.44301,12.778687,-9.361547,N900_RS02610,hdfR_1,1.1057664833333332,-0.48644,4.978,1h_co,1h,co,6h_SI2,6h,SI2,5.46444
-3.63084,-5.2517104,6.630868,-2.9781318,4.7288547,0.7939585,N900_RS02615,yadS,0.10923797666666667,-1.8762,2.5,6h_SI2,6h,SI2,6h_SI3,6h,SI3,4.3762
-2.5121212,-4.709428,9.950709,4.3084273,0.6334604,4.4901676,N900_RS02620,btuF,-0.15022628166666666,-1.6914,3.462,6h_SI8,6h,SI8,3h_SI3,3h,SI3,5.1534
-2.6241589,-13.614791,8.006784,7.571611,10.287316,-3.2878454,N900_RS02625,cbiB,1.1721026666666667,-0.2428,3.8502,1h_st,1h,st,6h_SI2,6h,SI2,4.093
3.6347175,-12.150358,2.7183926,9.869585,7.4652996,3.8979414,N900_RS02630,mtnN,1.8146683366666667,-0.33269,6.2074,12h_SI7,12h,SI7,1h_SI2,1h,SI2,6.54009
-0.31275028,4.2958665,9.677601,2.783946,6.388472,-0.16651843,N900_RS02635,N900_RS02635,0.8372748166666667,-0.9009,3.7004,6h_ce,6h,ce,3h_SI5,3h,SI5,4.6013
-1.0709025,-4.7232327,12.849831,9.160688,10.128706,-1.714837,N900_RS02640,gltD_1,1.1935399499999997,-0.42694,4.0464,1h_SI8,1h,SI8,6h_SI1,6h,SI1,4.47334
-7.6245856,-1.1820807,14.267126,4.522381,16.123547,-4.349461,N900_RS02645,gltB_2,1.1388506166666665,-0.36769,4.4592,12h_st,12h,st,12h_SI1,12h,SI1,4.82689
1.2662189,-0.005401898,8.112643,-2.756536,6.967351,-8.270969,N900_RS02650,gltD_2,0.3151318083333334,-1.0825,3.8577,3h_SI1,3h,SI1,6h_ce,6h,ce,4.9402
-4.56112,-2.528149,16.507374,11.966789,10.949915,-3.8140676,N900_RS02655,gltB_1,0.940928,-0.34789,3.2615,6h_st,6h,st,1h_SI1,1h,SI1,3.60939
1.8284888,-13.131554,8.189151,11.980618,2.7331636,-5.7135553,N900_RS02660,yhcC_BLAST,0.3118726166666667,-1.158,4.0047,12h_st,12h,st,6h_st,6h,st,5.162699999999999
-1.4779882,-3.5646832,14.93786,6.6069403,9.272415,1.6327368,N900_RS02665,diguanylate cyclase,0.9164146166666666,-1.1655,4.0246,6h_SI8,6h,SI8,1h_SI1,1h,SI1,5.1901
0.34280875,-7.6830573,14.012555,11.151307,4.2802353,-0.35132608,N900_RS02670,arcB,-0.5207080066666667,-1.9832,1.6841,12h_co,12h,co,1h_SI1,1h,SI1,3.6673
4.5568256,-14.257873,2.54312,10.08022,9.327069,5.4658356,N900_RS02675,arcA_2,0.19630907333333333,-1.9573,2.1482,6h_SI9,6h,SI9,12h_st,12h,st,4.1055
-4.46742,-14.768862,10.309308,9.772345,9.62731,-8.202823,N900_RS02680,N900_RS02680,1.7608081333333336,-0.1482,4.8314,3h_co,3h,co,6h_st,6h,st,4.9796000000000005
-8.164456,-11.544157,6.426534,8.693093,12.189956,2.314199,N900_RS02685,putative 4-hydroxy-4-methyl-2-oxoglutarate aldolase,1.1068469166666666,-0.39907,3.732,6h_st,6h,st,3h_st,3h,st,4.13107
-3.6249676,-13.426338,7.08138,9.12768,10.401031,0.4940774,N900_RS02690,N900_RS02690,1.5592867000000001,-0.058638,3.7907,1h_SI8,1h,SI8,3h_st,3h,st,3.8493380000000004
-5.4623957,-12.523135,7.1547704,6.737396,12.756257,-4.5364494,N900_RS02695,thrA,1.3559940116666667,-0.31452,4.1366,1h_st,1h,st,3h_SI1,3h,SI1,4.4511199999999995
2.1189404,2.671227,12.197241,4.482802,6.6395946,5.676459,N900_RS02700,thrB,0.06258196666666668,-1.6356,2.7957,6h_SI3,6h,SI3,3h_SI4,3h,SI4,4.4313
-11.114077,-6.68314,-5.615754,7.7838435,3.265853,3.7609901,N900_RS02705,thrC,0.4134463033333333,-1.1138,6.2625,6h_co,6h,co,3h_st,3h,st,7.3763000000000005
0.11728811,-7.579665,12.430476,11.040723,9.035129,-2.9721074,N900_RS02715,nfo,0.823547525,-0.70113,3.5072,1h_st,1h,st,6h_SI2,6h,SI2,4.20833
0.43539044,-9.332048,13.025411,9.573493,12.217453,-3.7425737,N900_RS02720,ung,1.6408059,-0.52774,4.5896,1h_SI7,1h,SI7,3h_SI4,3h,SI4,5.1173399999999996
-4.6739883,-6.5006223,12.864702,14.939995,13.11459,-4.660486,N900_RS02725,N900_RS02725,1.4755817000000002,-0.43182,7.1545,1h_SI5,1h,SI5,3h_SI1,3h,SI1,7.58632
8.476576,4.4803677,4.376682,2.299679,7.8356323,-1.5874337,N900_RS02730,N900_RS02730,0.6286541333333332,-0.84203,4.2089,24h_st,24h,st,6h_SI1,6h,SI1,5.05093
5.562719,-6.048252,3.0529625,13.6477995,6.1446013,7.5920877,N900_RS02735,alsT_1,0.5586021333333334,-1.888,3.9361,12h_SI8,12h,SI8,1h_st,1h,st,5.8241
-0.4394719,-2.8279734,7.6961465,11.937667,8.814687,1.1084833,N900_RS02740,yaaA,0.4730250166666667,-1.0024,3.9122,6h_SI4,6h,SI4,1h_SI1,1h,SI1,4.9146
-4.2840858,-3.8604767,16.075144,8.83541,11.222845,0.85797143,N900_RS02745,TatD family deoxyribonuclease,0.8458097833333333,-0.49396,3.6932,6h_st,6h,st,3h_SI3,3h,SI3,4.18716
2.6165235,2.791795,16.41456,7.1431313,9.484999,0.59552705,N900_RS02750,nupc,0.6908106116666667,-0.73099,3.1445,3h_co,3h,co,3h_SI5,3h,SI5,3.87549
0.31219244,0.48516738,5.955971,3.2352018,-4.5131817,-11.401133,N900_RS02755,N900_RS02755,0.9256157500000001,-0.97954,6.0336,6h_SI8,6h,SI8,6h_SI4,6h,SI4,7.01314
1.030724,0.60280573,10.360458,6.0715938,11.167317,5.4302864,N900_RS02760,deoC,0.89201887,-0.67508,4.2044,1h_SI8,1h,SI8,3h_SI3,3h,SI3,4.87948
-11.68538,-2.5973425,1.4035164,-0.52263844,14.297295,2.3337107,N900_RS02765,deoA,1.6459232499999996,-0.26083,5.9522,6h_SI1,6h,SI1,3h_st,3h,st,6.213030000000001
-0.71334106,1.9767737,2.836574,-4.038029,3.2754464,5.5396547,N900_RS02770,deoB,0.3531827133333334,-1.3174,3.3184,6h_SI3,6h,SI3,3h_SI6,3h,SI6,4.6358
-5.3465295,-0.73466444,15.2947035,9.10235,9.503303,-8.250387,N900_RS02775,deoD_1,0.9162402883333332,-0.57302,3.3385,3h_SI3,3h,SI3,1h_SI1,1h,SI1,3.91152
-0.7624126,-5.361934,15.061349,13.294888,8.672645,-1.5674965,N900_RS02780,SMP protein,-0.08477561666666669,-1.5022,2.9988,6h_SI9,6h,SI9,6h_SI4,6h,SI4,4.501
0.10273804,-3.0098379,5.4007993,3.6347547,10.173859,-3.014343,N900_RS02785,phosphoserine phosphatase,0.4051759,-1.0188,3.6471,6h_co,6h,co,12h_SI2,12h,SI2,4.6659
-3.4978256,1.0519372,3.5570483,12.435676,-0.2521431,0.314466,N900_RS02790,pilz_1,-0.29004536166666667,-2.0458,3.2356,12h_SI3,12h,SI3,3h_SI1,3h,SI1,5.2814
2.861544,-8.387742,9.974032,5.0168805,5.8854556,-6.355257,N900_RS02795,radA,1.1993223766666667,-0.6791,3.9582,12h_SI1,12h,SI1,6h_SI2,6h,SI2,4.6373
-1.9353983,-5.3869843,5.81056,12.172822,1.8781036,-6.3824534,N900_RS02805,AMP-binding protein,1.1388618,-0.60642,5.6882,12h_SI1,12h,SI1,3h_SI1,3h,SI1,6.29462
7.627854,0.17278183,6.1365557,0.4424955,8.27992,-5.168,N900_RS02810,N900_RS02810,1.37869715,-0.025482,5.2553,1h_SI6,1h,SI6,6h_SI4,6h,SI4,5.280782
4.416007,-8.273672,10.424499,10.865522,7.3990507,2.1716003,N900_RS02815,chrA,0.6252994216666666,-0.44421,3.1433,24h_SI8,24h,SI8,6h_SI2,6h,SI2,3.58751
-10.307437,-6.733952,6.1675863,5.3389893,13.585996,0.8416275,N900_RS02820,lacZ,1.251741088333333,-0.51654,4.2433,3h_SI2,3h,SI2,3h_SI1,3h,SI1,4.75984
-0.20766312,-3.2302198,3.0031006,4.826699,11.451908,-6.5134892,N900_RS02825,galR,1.2336510483333334,-1.1315,4.6091,1h_SI1,1h,SI1,3h_SI2,3h,SI2,5.7406
-1.4155351,-5.801689,6.0281315,3.3136582,13.247741,1.5783234,N900_RS02830,ygjH,1.618199233333333,-0.16826,5.5369,3h_SI5,3h,SI5,12h_SI2,12h,SI2,5.70516
3.0816863,-4.0553126,15.756489,1.9768138,5.726003,-1.2254298,N900_RS02835,gamma-glutamylcyclotransferase,0.32831935000000007,-0.92455,2.8668,6h_ce,6h,ce,3h_SI2,3h,SI2,3.79135
-0.6072134,-19.517796,4.1928487,5.5323853,2.4761357,0.8834548,N900_RS02840,ZntB,0.4454597178333333,-1.2592,4.7811,6h_co,6h,co,6h_st,6h,st,6.0403
-4.7436843,-14.571523,10.298623,11.251012,11.574945,1.000654,N900_RS02845,RimK family alpha-L-glutamate ligase,1.4170708166666666,-0.19774,4.2161,3h_co,3h,co,3h_SI4,3h,SI4,4.4138399999999995
-3.574269,1.6369104,5.248027,-4.9508386,9.433964,-3.4157836,N900_RS02850,ypeA_2,0.17090523333333335,-1.6028,3.8246,1h_SI1,1h,SI1,6h_ce,6h,ce,5.4274000000000004
4.190186,-17.751825,3.9943798,5.91912,4.47032,4.2936435,N900_RS02855,short-chain dehydrogenase,0.6105899499999999,-0.53732,3.6673,6h_co,6h,co,6h_st,6h,st,4.20462
-3.770054,2.014883,7.477126,11.636861,12.710657,1.4115494,N900_RS02865,2-hydroxyacid dehydrogenase,1.2305892166666665,-0.36088,4.7294,24h_st,24h,st,3h_SI1,3h,SI1,5.09028
-5.8810687,-4.840073,9.156591,12.980086,1.9285046,-6.0214148,N900_RS02870,cysL_1,0.5111499833333333,-0.85326,4.5183,12h_SI2,12h,SI2,6h_SI3,6h,SI3,5.37156
-0.008462608,-10.944076,4.236516,7.7772183,0.9320298,-5.498732,N900_RS02875,C4-dicarboxylate ABC transporter,0.9010618459999998,-1.3833,5.3117,24h_st,24h,st,6h_st,6h,st,6.695
4.993474,-14.745839,4.212935,11.036842,10.123658,6.398137,N900_RS02880,recC,0.71830115,-1.2585,3.2783,12h_ce,12h,ce,6h_SI1,6h,SI1,4.5368
4.037741,-15.712192,4.1072345,10.441202,9.343232,6.027283,N900_RS02885,recB,0.9415452116666665,-1.1394,3.5793,6h_SI9,6h,SI9,1h_st,1h,st,4.7187
-10.021404,-11.980189,8.180606,11.041517,4.7847075,-1.2524018,N900_RS02890,recD,0.6011931999999999,-1.8056,4.129,3h_co,3h,co,3h_SI1,3h,SI1,5.9346
-0.94707763,1.1026223,-3.8749738,-3.1029534,1.5863246,-6.5205717,N900_RS02895,N900_RS02895,0.5324415666666666,-2.4119,2.9091,6h_SI6,6h,SI6,1h_co,1h,co,5.321
-10.924874,-13.156607,10.79023,4.9440436,13.360549,-0.5168012,N900_RS02905,argA,0.8955382333333335,-0.68056,4.186,6h_st,6h,st,3h_st,3h,st,4.86656
-8.628746,-4.041241,2.900461,-2.6517916,13.06263,2.243956,N900_RS02910,N900_RS02910,0.40408453333333333,-1.6601,3.3947,3h_SI6,3h,SI6,1h_SI1,1h,SI1,5.0548
-8.497159,-3.123414,8.921076,4.866449,13.214535,-8.187919,N900_RS02915,mltA,0.97652185,-0.51174,3.5825,6h_st,6h,st,6h_ce,6h,ce,4.09424
2.150536,0.5824553,4.376692,11.992081,5.6623516,3.2167375,N900_RS02920,tcdA,0.5016236333333334,-1.0621,4.1174,6h_SI4,6h,SI4,12h_st,12h,st,5.1795
-9.20402,-14.227358,5.6173453,4.690401,7.0391526,-3.9723828,N900_RS02925,csdE,0.808715907,-1.2962,4.5695,12h_st,12h,st,3h_st,3h,st,5.8656999999999995
-4.5067906,-3.78087,8.058027,8.726388,8.616392,-2.2932432,N900_RS02930,csdA,0.3501479966666667,-1.2998,4.6318,24h_SI1,24h,SI1,3h_SI2,3h,SI2,5.9316
-5.8727007,-3.7317348,15.567834,10.466319,10.699166,-1.1829197,N900_RS02935,4-methyl-5(B-hydroxyethyl)-thiazole monophosphate biosynthesis enzyme,1.0250198833333333,-0.59836,3.6007,6h_st,6h,st,3h_SI2,3h,SI2,4.199059999999999
2.9349334,-15.337267,3.426465,10.262061,7.3571877,6.391674,N900_RS02940,panE,-1.7247886166666666,-4.1245,0.10697,6h_SI9,6h,SI9,3h_st,3h,st,4.23147
-2.6035936,-18.740889,3.567407,6.8700247,8.364934,-1.1735994,N900_RS02945,ompK,0.7524406366666667,-0.52131,4.3981,1h_SI3,1h,SI3,3h_st,3h,st,4.91941
-4.8153477,-7.004326,14.777278,12.6614,8.417332,-1.2498753,N900_RS02950,ATP-dependent protease,0.8988467666666666,-0.5411,4.8689,1h_SI9,1h,SI9,3h_SI2,3h,SI2,5.41
2.2816823,-10.937261,6.21041,5.93108,4.200944,-3.1071248,N900_RS02955,rpoE_2,0.7581910833333333,-0.94307,5.0489,12h_SI2,12h,SI2,6h_st,6h,st,5.991969999999999
3.1360676,2.5856302,12.537486,9.581591,10.958756,-2.2860873,N900_RS02960,chrR,1.3518178166666666,-1.1114,3.8398,3h_ce,3h,ce,6h_SI1,6h,SI1,4.9512
-2.3435955,3.75881,9.493901,4.5338235,14.864336,-5.3563414,N900_RS02965,ampG,0.85857015,-0.56457,3.1332,3h_SI3,3h,SI3,6h_SI3,6h,SI3,3.6977700000000002
-2.849291,-15.939489,4.0253906,9.365999,1.8849001,-8.86468,N900_RS02970,peptidyl-prolyl cis-trans isomerase,1.1224447666666666,-0.29982,5.7685,1h_co,1h,co,6h_st,6h,st,6.06832
-8.107709,-14.316598,7.300411,10.86577,11.071046,-2.079542,N900_RS02975,"lipoprotein, putative",1.38081945,-0.25722,4.7706,1h_SI8,1h,SI8,3h_SI1,3h,SI1,5.02782
3.6075547,-3.6696143,14.578484,1.3725009,11.600844,5.0344496,N900_RS02980,rlmG,1.3515866666666667,-0.18407,4.6271,3h_SI1,3h,SI1,12h_SI1,12h,SI1,4.811170000000001
-6.374659,5.6002297,16.204,7.281101,8.560022,0.37769344,N900_RS02985,bola,0.19460240000000004,-1.7166,5.0121,6h_SI3,6h,SI3,1h_SI1,1h,SI1,6.7287
4.328307,-15.486879,3.5527315,11.627085,7.549402,7.05374,N900_RS02990,Na(+)-translocating NADH-quinone reductase subunit A,0.8913359333333334,-1.0847,2.8734,12h_ce,12h,ce,12h_st,12h,st,3.9581
2.3152363,-13.008594,3.24498,7.5040746,2.5025463,7.5988684,N900_RS02995,nqrB,0.23807983333333327,-2.3117,1.5649,12h_ce,12h,ce,6h_SI7,6h,SI7,3.8766
2.764563,-12.512874,3.864474,7.734777,4.161138,4.863224,N900_RS03000,nqrC,0.7903676999999999,-1.6187,2.6773,12h_co,12h,co,6h_SI5,6h,SI5,4.295999999999999
1.5327755,-13.331381,2.6278648,7.738709,4.7159114,3.589066,N900_RS03005,nqrD,0.3834622,-2.2262,2.2761,6h_SI9,6h,SI9,6h_SI8,6h,SI8,4.5023
1.7871557,-14.2505,5.3175983,8.490153,4.978097,5.204052,N900_RS03010,nqrE,1.0912582016666663,-1.4755,5.2286,6h_SI9,6h,SI9,3h_SI5,3h,SI5,6.7041
2.4416375,-10.95469,3.9809833,9.996382,3.3958917,5.601926,N900_RS03015,nqrF,0.8921160833333334,-1.8258,2.6262,12h_SI9,12h,SI9,6h_SI3,6h,SI3,4.452
4.25648,-15.219881,3.4868023,10.849591,9.474386,5.224337,N900_RS03020,apbE,1.8395017333333334,-0.062167,4.0449,6h_SI9,6h,SI9,12h_st,12h,st,4.107067
1.8825535,-3.8697102,11.6026325,8.219764,10.218956,4.2606583,N900_RS03025,nqrM_1,-0.18323418333333333,-1.76,3.4997,6h_co,6h,co,12h_SI2,12h,SI2,5.2597
2.5209475,-1.9056695,4.6328773,10.442114,10.550546,-0.22005802,N900_RS03030,dinB,0.36852725,-1.9891,3.2172,6h_SI6,6h,SI6,6h_SI1,6h,SI1,5.206300000000001
1.7022396,-16.967058,8.312762,4.9041486,8.76179,2.4204352,N900_RS03035,N900_RS03035,1.8946756666666669,0.10631,4.7565,1h_SI9,1h,SI9,3h_SI4,3h,SI4,4.65019
1.0998986,-6.871076,11.980458,12.95352,6.0752034,-6.303672,N900_RS03055,diguanylate cyclase_4,0.7464228249999999,-0.75771,3.7322,3h_st,3h,st,6h_SI4,6h,SI4,4.48991
1.9472512,-12.276715,11.811312,8.128596,8.2839,-4.4959335,N900_RS03060,sodium-dependent transporter_2,0.9819248900000002,-0.24917,3.6451,3h_co,3h,co,3h_SI3,3h,SI3,3.8942699999999997
2.1055424,7.4860907,3.4927282,4.6742454,16.405727,-1.2294534,N900_RS03065,deacylase,0.022602474999999997,0.003447,0.37188,6h_SI4,6h,SI4,12h_SI1,12h,SI1,0.368433
-3.670907,0.9165775,6.9515038,3.2004519,10.15378,-0.7447344,N900_RS03070,rimK,0.6541712866666667,-0.9289,3.8758,6h_SI2,6h,SI2,1h_co,1h,co,4.8046999999999995
-3.718213,-16.377226,8.253815,6.3523245,8.699844,-1.3759371,N900_RS03075,ATP-dependent zinc protease_1,1.0425344,-0.28888,4.1771,1h_st,1h,st,3h_SI2,3h,SI2,4.46598
-3.1496563,-7.98706,9.248692,3.7002347,10.866827,9.015914,N900_RS03080,pepD,1.1336517333333334,-0.34137,4.4745,3h_SI1,3h,SI1,3h_SI4,3h,SI4,4.81587
-4.552407,-17.294466,7.183177,8.480862,9.778856,-2.057542,N900_RS03085,adeP,1.40251715,-0.093265,4.0942,1h_SI7,1h,SI7,3h_st,3h,st,4.1874649999999995
0.61558634,-7.489638,4.8298774,14.516569,7.269134,-0.9585767,N900_RS03090,gpt,1.6000353333333335,-0.20499,6.5751,1h_SI6,1h,SI6,3h_SI1,3h,SI1,6.7800899999999995
11.365817,-6.240747,1.4785516,2.0486772,5.8133683,6.4686446,N900_RS03095,frsA,0.8088615188333333,-2.1608,5.6376,1h_SI5,1h,SI5,1h_st,1h,st,7.7984
8.011934,-4.066102,-2.4976199,10.505434,1.8681759,0.6567806,N900_RS03100,crl,0.24437211666666664,-1.4711,3.3645,3h_SI6,3h,SI6,6h_st,6h,st,4.8356
-4.8962293,-8.758235,11.172304,8.225659,9.858953,-3.3271337,N900_RS03105,proB,1.3488796666666663,-0.0167,4.5122,12h_SI2,12h,SI2,6h_SI3,6h,SI3,4.5289
4.933793,-9.013086,9.588513,8.045475,10.457906,-4.1115713,N900_RS03110,proA,1.9528545666666666,0.055854,5.0352,1h_SI8,1h,SI8,12h_st,12h,st,4.979346
-1.9296932,-2.3456557,13.311677,9.885807,15.401381,-0.6764973,N900_RS03115,nrdR,0.6570483666666667,-0.79433,4.3173,1h_st,1h,st,12h_SI1,12h,SI1,5.11163
4.9397297,-4.425225,-1.072888,6.452059,9.751003,3.5200534,N900_RS03120,ribD,2.0453425,-0.51989,7.2604,1h_SI6,1h,SI6,12h_SI1,12h,SI1,7.78029
4.3838916,-10.738385,-0.31753802,9.134555,5.800355,3.7357216,N900_RS03125,ribE_1,2.0474889666666667,-0.2911,4.8374,1h_SI7,1h,SI7,1h_ce,1h,ce,5.1285
0.35406667,-4.210307,15.785176,3.086844,11.287204,1.7289433,N900_RS03130,ribBA,1.2050008666666667,-0.63296,3.936,6h_SI3,6h,SI3,3h_SI4,3h,SI4,4.56896
4.1414294,-15.314695,3.723095,10.992631,9.661354,5.2215652,N900_RS03135,ribE_2,1.8595685499999999,-0.056577,4.2276,6h_SI9,6h,SI9,3h_SI2,3h,SI2,4.284177
4.082288,-14.571813,2.8329284,10.8161955,8.77523,4.9154215,N900_RS03140,nusB,-0.06079564833333335,-1.9763,2.0323,6h_SI9,6h,SI9,12h_st,12h,st,4.0086
3.9714131,-15.348188,3.7024848,10.808099,9.343644,4.960161,N900_RS03145,thiL,-1.3980944666666668,-3.3638,0.74928,6h_SI9,6h,SI9,12h_st,12h,st,4.11308
4.2489934,-15.483398,3.3186495,11.003828,9.376666,5.4816823,N900_RS03150,pgpA,1.2966592000000001,-0.6473,3.4647,6h_SI9,6h,SI9,12h_st,12h,st,4.112
4.3301597,-12.546204,8.165065,10.028774,8.574805,-1.3860662,N900_RS03155,VC_2264_BLAST,1.5669515000000003,-1.2715,5.018,1h_SI8,1h,SI8,6h_st,6h,st,6.2895
6.902267,-5.0746007,7.324198,12.4186125,4.3547792,8.299025,N900_RS03160,glnD,0.25261503333333335,-2.4016,3.4429,6h_SI7,6h,SI7,3h_SI4,3h,SI4,5.8445
1.1961197,0.053789396,7.464271,13.967865,-1.3159614,-5.9510336,N900_RS03240,rnhB,0.21106356666666667,-1.768,3.0744,12h_SI1,12h,SI1,3h_SI1,3h,SI1,4.8424
6.5394926,0.9558849,4.7608666,5.469108,2.940881,-6.963065,N900_RS03260,cytochrome c_2,1.4232952333333335,-0.47261,6.4359,1h_SI4,1h,SI4,6h_SI4,6h,SI4,6.90851
6.7976084,-4.0248003,4.8073626,7.0408683,5.57952,-7.9135838,N900_RS03265,padC,0.6109401133333332,-1.0369,4.9779,1h_SI5,1h,SI5,6h_st,6h,st,6.0148
-6.166978,-14.554077,7.583102,10.453827,10.81568,-2.3347113,N900_RS03270,glnB,1.2820225333333333,-0.37078,4.1463,3h_SI6,3h,SI6,3h_st,3h,st,4.51708
5.785837,4.47146,0.9069641,5.076138,-5.1581545,10.39771,N900_RS03275,VC0395_A1830_BLAST,-0.8288588166666668,-2.8774,2.8362,6h_SI6,6h,SI6,1h_ce,1h,ce,5.7136
-7.1631136,-3.5857472,12.591224,10.315015,8.472283,-1.2607126,N900_RS03280,lysm,1.18212265,-0.46943,4.934,12h_SI4,12h,SI4,3h_SI1,3h,SI1,5.40343
-7.519745,-16.482538,8.521827,4.048016,10.754992,-4.4332914,N900_RS03285,gloB,1.30892002,-0.27492,4.4042,3h_ce,3h,ce,3h_st,3h,st,4.67912
7.1977944,-10.521362,5.822757,9.241589,-3.4823892,2.9999113,N900_RS03290,class I SAM-dependent methyltransferase_3,-0.8981651666666667,-2.7032,2.9689,3h_SI6,3h,SI6,6h_st,6h,st,5.6721
7.9110265,-5.6492844,-1.5620059,5.1673784,7.8572736,3.4244454,N900_RS03295,rnhA,2.5071670499999996,0.030903,7.4271,1h_SI6,1h,SI6,12h_SI2,12h,SI2,7.396197
-3.7526777,9.334629,0.30098447,10.067173,0.7595221,-6.5671964,N900_RS03305,hldE,0.5671162815333333,-1.4957,4.4761,12h_SI4,12h,SI4,3h_SI1,3h,SI1,5.9718
-4.480459,-11.540003,3.3201253,9.170055,10.861841,3.8855922,N900_RS03310,fadE_1,0.59594249045,-0.86754,3.9811,6h_st,6h,st,6h_SI1,6h,SI1,4.84864
3.8630826,-15.262056,3.8817031,10.871595,9.804115,4.6614385,N900_RS03315,gmhA/lpcA,-1.5608617199999997,-3.4683,0.53981,6h_SI9,6h,SI9,12h_st,12h,st,4.00811
-7.702887,-12.074184,1.7552085,3.8862524,13.208885,0.34736475,N900_RS03320,yafJ,1.2761539,-0.89001,5.8195,6h_SI3,6h,SI3,3h_st,3h,st,6.70951
-2.1846018,-1.0240813,4.762788,11.610487,1.1078634,0.0023144893,N900_RS03325,purN,0.6486622166666666,-1.1523,4.4136,6h_SI3,6h,SI3,3h_SI1,3h,SI1,5.5659
7.692099,-11.590724,3.4013386,4.8194656,-4.4219694,8.697264,N900_RS03330,purM,-0.5873585233333333,-3.6829,4.5548,12h_SI9,12h,SI9,6h_st,6h,st,8.2377
-7.8089685,-5.3659616,10.708387,3.8621502,13.973323,-5.1186123,N900_RS03335,upp,1.4134619516666664,-0.20871,4.8513,3h_SI2,3h,SI2,6h_ce,6h,ce,5.06001
-7.153638,-9.756491,2.966687,6.8748302,10.065785,-0.9144653,N900_RS03340,N900_RS03340,1.12381125,-0.36831,5.0344,6h_SI1,6h,SI1,3h_SI2,3h,SI2,5.40271
1.0938461,0.1639609,14.693153,9.53383,6.3029838,1.887466,N900_RS03345,rluF,0.8321339999999999,-0.90122,3.7215,6h_st,6h,st,6h_SI4,6h,SI4,4.62272
-6.127212,-17.232595,7.388737,5.7994223,12.670694,0.3744599,N900_RS03350,smrA,0.8919679699999998,-0.4347,4.9355,3h_SI9,3h,SI9,3h_st,3h,st,5.3702000000000005
-3.4875777,0.5190629,11.632619,4.9910035,-1.2351,-1.4573779,N900_RS03365,N900_RS03365,0.33697688333333337,-1.5325,4.6465,12h_SI1,12h,SI1,1h_SI1,1h,SI1,6.178999999999999
2.6490192,-11.1525,13.362316,4.86225,9.176245,-2.5608451,N900_RS03370,chb,1.3144442666666665,-0.049662,4.1063,1h_st,1h,st,3h_SI2,3h,SI2,4.155962
-6.0294194,-3.8359854,8.085777,2.7426512,13.089923,-7.032966,N900_RS03375,N900_RS03375,1.0167689833333333,-0.37887,3.8786,3h_co,3h,co,6h_ce,6h,ce,4.25747
-6.680725,-12.908736,0.0070551634,1.4634387,6.01249,-3.618306,N900_RS03380,heavy metal translocating P-type ATPase,1.4021162666666667,-0.047342,5.6903,1h_SI1,1h,SI1,3h_st,3h,st,5.737642
0.96294564,4.1649556,9.369288,-0.08197914,6.982538,-7.7140174,N900_RS03390,ompA_1,0.5639117666666666,-0.96167,3.439,12h_SI1,12h,SI1,1h_SI1,1h,SI1,4.40067
-11.503329,-3.539514,12.647403,-5.625687,6.424635,0.6052731,N900_RS03395,Fe3+-citrate ABC transporter substrate-binding protein,0.5749562666666665,-1.6408,3.404,6h_SI2,6h,SI2,6h_ce,6h,ce,5.0448
-6.8394294,-4.9721856,13.636041,12.406765,10.298923,-0.3481523,N900_RS03400,vuuA,0.5488996215,-0.76455,4.4043,3h_SI9,3h,SI9,3h_SI1,3h,SI1,5.16885
-0.6634949,-5.6035213,9.791994,12.362138,10.937834,-0.47833392,N900_RS03405,vuuB,1.5427878333333334,0.10516,4.9541,1h_SI4,1h,SI4,3h_SI1,3h,SI1,4.848940000000001
-1.1417454,-8.151063,9.589561,9.667902,12.854909,-2.643489,N900_RS03410,non-ribosomal peptide synthetase,1.5927311833333337,-0.25233,5.4005,1h_st,1h,st,3h_SI2,3h,SI2,5.65283
2.6422224,4.8000956,1.1929332,-0.110845715,-3.052333,5.4759064,N900_RS03415,flgT,-0.14212526666666667,-2.3232,3.5808,6h_SI6,6h,SI6,1h_co,1h,co,5.904
1.7732472,2.4703746,8.009508,3.2013314,-3.1726384,8.112494,N900_RS03420,flgO,-0.7477126166666667,-2.6831,2.936,24h_SI4,24h,SI4,3h_SI6,3h,SI6,5.6190999999999995
1.0011284,3.399972,4.526877,5.709969,-7.5129833,6.954302,N900_RS03425,flgP,-1.4280121,-3.2313,0.98859,3h_SI6,3h,SI6,1h_co,1h,co,4.21989
-11.33437,-14.886351,-9.229362,-2.4741623,6.0729847,9.838355,N900_RS03430,flgN,0.0059134508333333335,0.00024007,0.2015,6h_SI3,6h,SI3,3h_st,3h,st,0.20125993
4.6438513,-14.250587,3.062041,11.187194,7.3671846,7.3698974,N900_RS03435,flgM,0.4104534,-1.847,2.2662,6h_SI9,6h,SI9,12h_SI1,12h,SI1,4.1132
3.1413584,0.95249814,3.2244396,-2.4610574,0.77137715,-3.9922526,N900_RS03440,flgA,0.03399868333333334,-1.7476,2.7586,12h_SI1,12h,SI1,6h_ce,6h,ce,4.5062
0.4932855,-19.334307,-5.524339,4.6622615,7.5585384,0.4409784,N900_RS03445,chev_3,0.012303883288166666,-1.0121e-05,0.12997,1h_SI6,1h,SI6,3h_st,3h,st,0.129980121
0.6960747,-14.015059,5.52625,8.433858,13.044692,0.9010442,N900_RS03450,cheR,3.139775,-0.88371,6.9658,1h_SI6,1h,SI6,3h_st,3h,st,7.8495099999999995
-4.8637004,8.0237,9.717774,-2.5170162,-2.38051,1.0868739,N900_RS03455,flgB,0.3184827583333332,-1.8774,3.6052,6h_SI1,6h,SI1,3h_SI5,3h,SI5,5.4826
-5.6104264,6.593082,8.12721,-7.4308643,8.845871,0.39945602,N900_RS03460,flgC,0.33713084666666665,-1.9347,4.3797,12h_SI3,12h,SI3,12h_SI1,12h,SI1,6.3144
2.2932982,-4.075334,2.992432,7.3778763,-1.6882269,11.659726,N900_RS03465,flgD,-1.0865150800000003,-3.1374,2.58,12h_SI5,12h,SI5,1h_co,1h,co,5.7174
2.041246,11.175571,0.84926534,-2.1757145,-7.9861574,5.2346163,N900_RS03470,flgE,-0.12460141666666669,-2.4923,2.9026,24h_st,24h,st,3h_SI7,3h,SI7,5.3949
-0.8440511,1.259659,6.617731,-0.39990297,-10.63066,1.3008916,N900_RS03475,flgF,-0.20289133333333334,-2.8227,2.0858,24h_st,24h,st,3h_SI7,3h,SI7,4.9085
-4.183225,3.1186361,-0.7344798,-5.581407,6.619055,-0.32668138,N900_RS03480,flgG,-0.13296024999999997,-2.5197,3.9654,6h_SI5,6h,SI5,6h_ce,6h,ce,6.485099999999999
0.024767756,8.308005,4.336232,-3.526428,-5.1646156,7.387185,N900_RS03485,flgH,-0.06573306666666665,-2.2189,3.5089,24h_st,24h,st,1h_co,1h,co,5.7278
-3.477859,-7.3384457,4.4249053,-5.2332377,-6.946815,-4.7278905,N900_RS03490,flgi,0.20428071666666667,-1.3246,2.9299,6h_SI3,6h,SI3,6h_st,6h,st,4.2545
1.058432,14.884407,2.2294207,-5.4160776,5.8210335,4.777783,N900_RS03495,flgJ,-0.44742275000000004,-2.3395,1.8545,6h_SI3,6h,SI3,1h_co,1h,co,4.194
-2.5474176,6.5991,4.651398,2.004858,-5.7065043,4.7621884,N900_RS03500,flgK,-0.37965105,-2.7052,2.176,24h_st,24h,st,3h_SI4,3h,SI4,4.8812
1.9585892,7.564664,1.8508853,-4.4428124,-2.563649,7.232265,N900_RS03505,flgL,-0.5631657109999999,-3.2202,2.3113,24h_SI3,24h,SI3,12h_SI2,12h,SI2,5.5315
-1.9804621,10.719237,2.3316636,-8.180953,11.847637,-0.042323973,N900_RS03515,flaA,0.16992531666666666,-2.0482,4.1697,24h_st,24h,st,12h_SI1,12h,SI1,6.2179
3.4974442,-11.580921,1.2847223,1.0311419,3.8629198,-5.979095,N900_RS03520,flaC,0.7919410433333333,-1.0473,5.441,1h_SI1,1h,SI1,6h_st,6h,st,6.4883
7.060478,-10.969991,0.9203903,7.259416,6.594304,-0.30272597,N900_RS03550,ychF,-0.16723281666666667,-2.8794,5.1424,6h_SI6,6h,SI6,6h_st,6h,st,8.0218
4.285428,-15.382836,3.4051235,11.172849,9.466734,5.239919,N900_RS03585,prmC,1.2679231333333336,-0.52671,3.4364,12h_ce,12h,ce,12h_st,12h,st,3.96311
1.1546913,-6.779446,8.192278,-1.2491356,1.9811273,2.966981,N900_RS03590,sirB2,0.7311103499999999,-2.5659,5.3479,6h_SI6,6h,SI6,3h_SI5,3h,SI5,7.9138
-7.520933,-2.1968198,16.166393,8.937555,14.060906,-3.2311225,N900_RS03595,sirB1,1.1940692,-0.35314,5.0618,3h_co,3h,co,3h_SI3,3h,SI3,5.41494
-0.24406067,-0.63245845,10.931602,13.400666,7.565562,2.387909,N900_RS03605,ushA,0.08067279666666669,-1.3692,2.8217,6h_st,6h,st,3h_SI4,3h,SI4,4.1909
-1.906153,3.9121335,9.333063,3.7070518,0.6997976,5.7806726,N900_RS03610,ybaK,0.13777997233333336,-1.2145,3.027,12h_SI2,12h,SI2,3h_SI3,3h,SI3,4.2415
2.6460106,-11.95939,7.004137,7.725427,8.463767,-2.2641838,N900_RS03615,uracil-xanthine permease,1.3931589866666663,-0.063575,4.4496,1h_SI5,1h,SI5,6h_st,6h,st,4.513175
4.450092,-2.2610292,9.315595,12.157779,10.802768,2.6536086,N900_RS03620,N900_RS03620,1.4869252666666668,-1.7158,4.6252,6h_SI5,6h,SI5,3h_SI4,3h,SI4,6.341
2.525929,-5.7301817,7.6470265,4.9820743,-3.471553,-3.7111905,N900_RS03625,N900_RS03625,0.5601088333333333,-1.1414,4.1243,12h_SI3,12h,SI3,3h_SI5,3h,SI5,5.2657
0.17106417,-5.396224,11.810192,14.798866,5.4263105,-2.6329606,N900_RS03630,wrbA,0.49509816333333334,-0.89623,3.5,3h_st,3h,st,1h_SI1,1h,SI1,4.39623
-2.3955588,-4.149394,-0.37156522,-8.091805,2.9685454,-3.788025,N900_RS03635,arsC,0.7619127000000001,-0.69393,3.4797,6h_SI7,6h,SI7,3h_SI7,3h,SI7,4.17363
-3.4498267,-2.0800087,2.1257231,9.276594,10.798933,-4.303047,N900_RS03640,bepA_1,0.7092973833333333,-0.73641,4.1162,6h_SI3,6h,SI3,3h_SI1,3h,SI1,4.85261
-3.0409217,-0.7742165,7.6921606,10.508489,11.002561,-6.3378325,N900_RS03645,N900_RS03645,1.008413416666667,-0.60351,3.8867,3h_co,3h,co,3h_SI2,3h,SI2,4.490209999999999
-0.12439269,1.9814289,13.3249655,10.930059,12.526537,-0.24120304,N900_RS03650,perM,0.6932577166666668,-0.69001,3.4298,3h_SI9,3h,SI9,12h_SI1,12h,SI1,4.11981
5.741665,-11.787534,7.2588882,6.753931,7.4757347,3.6150224,N900_RS03655,mlp24,1.4873711666666665,0.27441,4.4475,3h_SI3,3h,SI3,3h_SI4,3h,SI4,4.17309
1.1102871,-1.4585913,11.373309,14.82013,8.146967,5.320362,N900_RS03660,bcp,0.23147527666666662,-1.7163,4.3787,6h_SI7,6h,SI7,3h_SI3,3h,SI3,6.095000000000001
6.038721,-5.7599144,3.5917573,7.4996557,9.084974,-6.180053,N900_RS03665,gcvR,1.7646126666666668,-0.38961,5.8117,1h_SI1,1h,SI1,12h_st,12h,st,6.20131
-3.0794144,-9.981829,9.0627,3.6684327,10.954965,2.9243073,N900_RS03675,bamC,0.88281807,-0.67533,3.8229,1h_SI5,1h,SI5,3h_st,3h,st,4.49823
-5.8539867,-9.09596,3.2263446,4.938781,5.7657747,3.3472872,N900_RS03680,N900_RS03680,0.55879889,-1.2673,4.5292,12h_SI2,12h,SI2,3h_st,3h,st,5.7965
4.723479,-12.570693,1.8098378,9.961861,7.9465566,4.231297,N900_RS03685,M15 family metallopeptidase,1.4966350999999998,-0.5671,3.2515,12h_SI6,12h,SI6,12h_st,12h,st,3.8186
5.4985228,-7.842296,1.7286994,8.004519,8.747515,1.9990513,N900_RS03690,dapE,0.0205343333333333,-2.4693,4.7686,1h_SI6,1h,SI6,6h_SI3,6h,SI3,7.2379
7.903209,-7.802038,11.124373,6.513749,2.961759,-5.9427495,N900_RS03695,ArsC family reductase,1.2582872,-0.038061,5.026,3h_SI3,3h,SI3,6h_st,6h,st,5.064061
2.8689382,0.78646123,8.367016,15.51465,6.4962053,-3.224065,N900_RS03700,N900_RS03700,1.0246902466666665,-0.48085,5.02,3h_SI5,3h,SI5,6h_SI2,6h,SI2,5.50085
4.5071063,-3.0386462,12.742042,6.417148,11.133565,0.21616134,N900_RS03705,N900_RS03705,0.9900437666666668,-0.64182,6.3746,3h_co,3h,co,6h_SI3,6h,SI3,7.01642
-1.1956046,-5.6458716,9.040196,13.056874,9.04833,-4.346533,N900_RS03710,N900_RS03710,0.5831419666666666,-0.73314,3.324,12h_st,12h,st,3h_SI1,3h,SI1,4.0571399999999995
-0.5794199,-6.5113945,11.75191,4.9862995,10.609032,-1.964457,N900_RS03715,yfeX,0.7683352,-0.67149,4.4085,6h_co,6h,co,3h_SI3,3h,SI3,5.0799900000000004
-4.208844,8.362083,4.6362615,7.95471,12.841928,5.034206,N900_RS03720,flaE,0.03334885000000003,-2.3773,4.2765,6h_SI5,6h,SI5,12h_SI1,12h,SI1,6.6538
-2.2171614,-13.429245,9.455959,8.076595,10.508748,0.82439446,N900_RS03725,flaD,2.1296734833333333,-0.053671,4.6878,1h_ce,1h,ce,6h_SI3,6h,SI3,4.741471
-3.9379969,-1.8925389,14.40669,9.6883,4.3645425,-0.4188867,N900_RS03730,flaB,0.1458025983333333,-1.2065,3.0556,24h_st,24h,st,3h_SI4,3h,SI4,4.2621
0.2955553,0.27436382,16.759846,-2.0193388,0.8115667,2.6339622,N900_RS03735,flaG,0.009930654708333335,-5.0105e-06,0.47317,12h_SI9,12h,SI9,3h_SI5,3h,SI5,0.4731750105
1.7200283,1.9938052,4.7927046,0.078613296,-9.541549,4.4853406,N900_RS03740,fliD,-0.33881431666666667,-2.6888,3.2234,24h_st,24h,st,1h_ce,1h,ce,5.9122
2.499532,9.781294,3.1323237,-5.105938,-0.5630889,6.351526,N900_RS03745,flaI,-0.1419128366666667,-2.4906,2.8485,24h_st,24h,st,3h_SI6,3h,SI6,5.3391
1.2833302,4.2945724,-1.0981227,5.1106424,1.157849,4.778913,N900_RS03750,fliS,-0.30167765,-3.0606,3.4384,6h_SI5,6h,SI5,12h_SI1,12h,SI1,6.4990000000000006
3.049943,1.2836903,0.055264384,2.4994066,-5.180808,0.7955597,N900_RS03755,flrA,-0.5369366733333334,-2.1492,2.6204,24h_SI3,24h,SI3,6h_ce,6h,ce,4.7696000000000005
4.5350146,8.960277,-0.0049286485,3.6401975,-3.9313247,8.629658,N900_RS03760,flrB,-0.9369038299999999,-2.5717,1.645,3h_SI6,3h,SI6,1h_co,1h,co,4.2166999999999994
6.6591697,8.442544,-0.048746675,4.128638,-2.603959,8.442857,N900_RS03765,flrC,-0.8707446933333334,-2.6561,2.3086,6h_SI7,6h,SI7,1h_co,1h,co,4.964700000000001
-0.53423446,4.6598315,3.585682,-7.181578,9.237434,6.1483035,N900_RS03770,fliE,0.16610057333333336,-2.4807,3.7417,24h_st,24h,st,1h_st,1h,st,6.2224
6.1970253,5.430104,4.707649,3.4943035,-1.7884327,6.1470485,N900_RS03775,fliF,-0.3808072083333334,-2.6879,3.0299,24h_SI2,24h,SI2,1h_co,1h,co,5.7178
1.8957777,1.0978092,5.541155,1.1977099,1.2997819,11.224021,N900_RS03780,fliG,-0.6873556220000001,-2.1395,2.8224,6h_SI1,6h,SI1,3h_SI4,3h,SI4,4.9619
3.2789533,8.224125,0.5381503,2.8974411,-2.972365,8.430042,N900_RS03785,fliH,-0.6827772483333334,-2.7364,2.1816,24h_st,24h,st,1h_ce,1h,ce,4.918
9.942962,-8.955936,3.0678046,2.507576,-7.6509933,6.399231,N900_RS03790,fliI,-0.7154320333333334,-3.1346,2.4412,6h_SI5,6h,SI5,6h_st,6h,st,5.575799999999999
2.206946,6.7347565,-2.4561207,0.76716936,-4.307258,8.194142,N900_RS03795,fliJ,-0.5623280166666668,-2.7639,3.963,24h_SI2,24h,SI2,1h_co,1h,co,6.7269000000000005
1.2332339,6.150969,6.1764536,-4.106232,-5.700638,2.4986863,N900_RS03800,FliK,0.3675888499999999,-1.69,3.1892,12h_SI1,12h,SI1,3h_SI7,3h,SI7,4.8792
-3.7152755,-0.7698094,13.858363,13.27827,13.518286,-3.611663,N900_RS03805,fliL_1,0.9051686891666666,-0.63146,3.9314,1h_SI6,1h,SI6,3h_SI1,3h,SI1,4.56286
-3.2308924,-9.530749,-2.09889,-8.1840925,-5.420878,2.3804421,N900_RS03810,fliM,0.46106991666666663,-1.3375,3.2413,6h_SI2,6h,SI2,3h_st,3h,st,4.578799999999999
2.6349084,7.428799,0.8757621,0.2310069,-9.32387,5.34129,N900_RS03815,fliN,-0.8230109999999999,-2.809,2.6714,24h_SI2,24h,SI2,6h_SI5,6h,SI5,5.4804
3.175203,4.151946,2.9369829,5.523958,1.5394922,5.51732,N900_RS03820,fliO,-0.7279040999999999,-2.759,2.3135,6h_SI7,6h,SI7,12h_st,12h,st,5.0725
10.68649,-5.836269,-1.4564772,5.152295,-6.668565,3.0960298,N900_RS03825,fliP,-0.9185846999999999,-2.8421,3.1481,24h_st,24h,st,6h_st,6h,st,5.9902
4.247833,1.2495997,1.505184,-0.19587329,7.62239,13.614924,N900_RS03830,fliQ,-0.3230146333333333,-2.7044,4.4215,24h_SI3,24h,SI3,1h_st,1h,st,7.1259
10.526539,-4.6718216,0.45515567,12.818803,-8.38258,1.1867948,N900_RS03835,fliR,-0.8018761016666667,-3.0632,3.3387,6h_SI5,6h,SI5,6h_st,6h,st,6.4018999999999995
4.976543,-1.039975,-1.708377,4.9759464,-8.549007,4.4663677,N900_RS03840,flhB,-0.6510982333333334,-2.2122,1.9887,12h_SI1,12h,SI1,1h_ce,1h,ce,4.2009
5.116692,3.8645031,-0.8384193,9.211764,6.3052664,7.925982,N900_RS03845,smrB,0.13035139999999995,-2.7134,4.6682,6h_SI7,6h,SI7,12h_SI2,12h,SI2,7.3816
-3.4590719,-8.729996,2.3337934,10.277853,10.758811,1.8667042,N900_RS03850,prmB,0.6431684499999998,-1.3806,4.0404,6h_co,6h,co,3h_SI1,3h,SI1,5.421
8.488203,-3.7344294,4.7456903,8.681475,0.8736864,-2.8379977,N900_RS03855,N900_RS03855,-0.020193416666666665,-1.8639,3.2747,6h_SI9,6h,SI9,6h_SI3,6h,SI3,5.1386
4.5888805,-11.96331,4.9649725,10.022752,5.2286973,7.363255,N900_RS03860,aroC,0.22324941166666665,-2.1794,2.8442,12h_SI9,12h,SI9,1h_SI1,1h,SI1,5.0236
1.3832341,-6.33047,2.75867,7.1882863,1.892443,-11.629795,N900_RS03865,UPF0126 membrane protein HI_1240_BLAST,0.52156715,-0.94416,4.1591,3h_SI8,3h,SI8,6h_st,6h,st,5.10326
-0.07755597,-10.221107,11.250779,13.634356,10.041577,-5.064311,N900_RS03870,epmC,0.9525703000000001,-0.49885,4.3038,1h_st,1h,st,3h_SI1,3h,SI1,4.80265
-5.474375,-7.91773,15.002414,15.913691,5.1762314,-3.032127,N900_RS03875,yfcl,0.22118402833333337,-1.0038,4.246,6h_SI4,6h,SI4,3h_SI2,3h,SI2,5.2498000000000005
-4.7454505,-8.576535,9.460473,14.069415,6.0090837,-2.209427,N900_RS03880,NAD(P)H-dependent oxidoreductase,0.7045831833333335,-1.035,5.6277,6h_ce,6h,ce,3h_SI1,3h,SI1,6.6627
6.538418,5.048022,10.847343,6.8960085,4.8413877,0.1405984,N900_RS03885,mnmC,1.0550568333333334,-0.37345,3.9275,3h_SI3,3h,SI3,1h_SI1,1h,SI1,4.30095
4.7239227,-14.031503,2.707261,11.536879,6.9169755,6.8171344,N900_RS03890,fabB,2.3340735,0.17644,4.1241,12h_SI7,12h,SI7,12h_st,12h,st,3.9476600000000004
6.202685,-8.9206915,8.457165,0.74664927,2.681372,-7.2475247,N900_RS03900,asd2,0.35775623333333334,-1.2085,4.1019,1h_co,1h,co,6h_st,6h,st,5.3104
4.5223994,-14.988606,2.9529982,10.714745,9.4741535,5.2944407,N900_RS03905,fur,1.9332754333333333,-0.05893,4.0533,6h_SI9,6h,SI9,12h_st,12h,st,4.11223
-0.47244906,-5.305494,11.931635,16.454449,6.840035,2.0498157,N900_RS03910,N900_RS03910,0.7460684583333334,-0.63054,4.1226,3h_SI5,3h,SI5,1h_SI1,1h,SI1,4.75314
2.7545357,-10.996376,11.40929,13.169399,7.8011446,-4.9655676,N900_RS03915,gltC,1.3515615,-0.22479,3.753,3h_st,3h,st,6h_st,6h,st,3.97779
1.1229043,-7.21596,9.246282,13.659992,3.5981262,-7.4137764,N900_RS03920,cida,1.2251636333333333,-0.39789,4.3097,3h_SI3,3h,SI3,3h_SI1,3h,SI1,4.707590000000001
2.274971,-3.8010395,4.8410807,2.830331,12.311522,3.5626338,N900_RS03925,yohK_1,0.7665800333333334,-0.59014,3.1628,3h_SI1,3h,SI1,6h_SI1,6h,SI1,3.7529399999999997
-0.05123982,-11.381828,13.162846,11.298666,11.173337,-5.989365,N900_RS03935,N900_RS03935,1.293772916666667,-1.1482,4.7259,1h_ce,1h,ce,3h_SI2,3h,SI2,5.8741
1.2196758,0.79180515,2.5108511,8.780347,2.1226404,13.590336,N900_RS03940,ybfF,-1.5442316166666665,-3.4541,2.6309,24h_co,24h,co,3h_SI3,3h,SI3,6.085
4.8467116,-6.294004,2.2908945,6.189852,11.544187,1.3006952,N900_RS03950,pgm_1,1.6265348166666667,-1.6172,6.4548,1h_SI4,1h,SI4,12h_st,12h,st,8.072
4.105648,-2.5439515,8.039147,8.812368,4.8010397,-9.330514,N900_RS03955,N900_RS03955,0.739720865,-0.94092,3.8135,3h_SI4,3h,SI4,6h_SI4,6h,SI4,4.75442
-14.136044,-10.385315,9.745015,4.782639,14.214162,-2.8559031,N900_RS03960,Nif3-like dinuclear metal center hexameric protein,0.7029972333333334,-1.0062,4.0297,12h_st,12h,st,3h_st,3h,st,5.0359
-7.5884457,-3.0796716,14.842057,4.299198,15.383979,-7.735401,N900_RS03965,gltA,0.6352990666666667,-1.3576,4.6516,24h_SI6,24h,SI6,6h_ce,6h,ce,6.0092
1.9536005,4.99363,9.396173,1.362834,12.592726,1.527778,N900_RS03970,sdhC,0.8414603833333333,-0.87426,4.6181,24h_SI7,24h,SI7,12h_SI2,12h,SI2,5.49236
0.6805193,-4.8027763,10.644231,5.5293956,3.635266,3.3953245,N900_RS03975,sdhD,0.8520120666666666,-1.4547,5.51,3h_SI7,3h,SI7,3h_SI4,3h,SI4,6.9647
-8.466977,-1.018822,9.475588,5.000901,10.508665,-5.811149,N900_RS03980,sdhA,1.0102474000000001,-0.89054,4.0854,24h_SI7,24h,SI7,3h_SI5,3h,SI5,4.97594
-5.245341,0.20304383,14.263022,10.079884,4.579898,1.1183286,N900_RS03985,sdhB,0.7567239000000001,-1.0021,4.473,1h_SI1,1h,SI1,3h_SI3,3h,SI3,5.475099999999999
4.546608,-14.530697,3.3955426,10.707899,9.53469,5.2463284,N900_RS03990,sucA,1.0089264,-0.97663,2.916,12h_SI9,12h,SI9,12h_st,12h,st,3.89263
4.033723,-15.381119,3.5596426,10.72247,9.561546,5.2799563,N900_RS03995,odhB,1.2475109833333335,-0.6681,3.4384,6h_SI9,6h,SI9,12h_st,12h,st,4.1065000000000005
8.745322,7.143513,6.231248,-0.9897759,1.6202234,0.71951956,N900_RS04000,sucC,0.7891002266666668,-0.8927,4.916,24h_SI2,24h,SI2,6h_SI2,6h,SI2,5.8087
-5.5307736,-1.5278544,7.667861,9.241591,4.1875973,-3.298855,N900_RS04005,sucD,0.2700158666666666,-1.5823,4.5892,24h_co,24h,co,6h_SI3,6h,SI3,6.1715
0.86036783,-1.5601159,-0.48357046,6.004274,10.473283,3.3389156,N900_RS04010,znuB,0.8827400376666666,-1.1886,4.1628,1h_SI1,1h,SI1,24h_st,24h,st,5.3514
1.6000667,2.9635146,10.44309,11.987438,13.418145,4.4138055,N900_RS04015,znuC,0.5355939500000001,-0.94398,4.2298,6h_SI4,6h,SI4,12h_SI2,12h,SI2,5.17378
4.93922,-10.501436,6.5005164,8.029336,2.9992013,1.8188819,N900_RS04020,znuA,0.58623485,-0.88977,4.2981,3h_st,3h,st,1h_st,1h,st,5.18787
6.666077,-5.3307076,8.3776865,9.76648,8.976707,-1.0927346,N900_RS04025,AraC family transcriptional regulator_1,1.7363676775666668,4.0654e-05,4.5295,1h_st,1h,st,12h_SI2,12h,SI2,4.529459345999999
-3.2405832,-2.1995115,11.542059,14.745383,3.9700212,-4.5284953,N900_RS04030,ferrous iron transport protein A,0.5604295416666666,-2.385,4.8938,1h_SI2,1h,SI2,3h_SI1,3h,SI1,7.2787999999999995
-3.8357759,-16.616411,4.892058,8.670239,7.1897616,1.815397,N900_RS04035,feoB,0.3730543833333334,-0.82919,4.0075,12h_SI6,12h,SI6,3h_st,3h,st,4.83669
-0.3356126,-6.790148,11.090931,8.504156,10.905122,0.23839918,N900_RS04040,feoc,0.68838115,-0.68518,3.2103,12h_SI7,12h,SI7,6h_SI4,6h,SI4,3.89548
5.174279,0.35862535,10.668984,0.935642,9.422595,2.7180536,N900_RS04045,N900_RS04045,1.4359475333333334,-0.6599,5.2083,3h_ce,3h,ce,1h_st,1h,st,5.868200000000001
4.311184,1.7817365,6.75611,5.407332,11.330649,1.1134362,N900_RS04055,yecM,1.3601655999999998,-0.19484,4.1281,3h_SI2,3h,SI2,1h_ce,1h,ce,4.32294
-4.44166,-15.3553505,9.007358,7.3584194,9.094816,-6.6996946,N900_RS04060,"peptidase, insulinase family",0.8679004300000002,-0.48433,3.4367,1h_st,1h,st,3h_SI3,3h,SI3,3.92103
4.614492,-0.22922367,-8.5000105,-2.0047174,1.8052593,0.31759566,N900_RS04065,sixA,1.249436582666667,-1.8615,2.8508,12h_SI8,12h,SI8,3h_SI9,3h,SI9,4.7123
11.89515,-4.328857,4.2248015,4.425437,-4.2624416,8.861794,N900_RS04070,flhA,-0.4610293333333333,-2.2731,2.152,24h_st,24h,st,1h_SI1,1h,SI1,4.4251000000000005
2.6988628,3.3345873,8.3035,0.2251445,-2.9457371,-6.9170756,N900_RS04075,flhF,0.9325626566666668,-1.0061,5.0924,24h_st,24h,st,6h_SI2,6h,SI2,6.0985
4.179497,-8.724855,2.030516,7.435733,5.1638017,5.413795,N900_RS04080,MinD-related protein,-0.36103495,-2.9293,1.325,6h_SI9,6h,SI9,6h_SI8,6h,SI8,4.2543
0.6852248,9.464602,8.854333,2.6152632,-6.89209,2.3058505,N900_RS04085,flia,-0.14443718333333333,-2.1923,2.7654,12h_SI3,12h,SI3,1h_ce,1h,ce,4.9577
1.7929729,-10.631883,4.275608,10.347988,12.515115,3.8495865,N900_RS04090,cheY3,0.9764310833333333,-1.7488,4.8326,24h_SI9,24h,SI9,12h_SI1,12h,SI1,6.5814
7.431753,5.845642,4.5784383,5.0977826,10.511688,-3.610701,N900_RS04095,cheZ,0.4809716,-1.0067,3.6048,6h_st,6h,st,6h_SI3,6h,SI3,4.6114999999999995
-0.8276304,-11.571687,6.5869284,7.603756,14.770502,-1.8502706,N900_RS04100,cheA2,2.0485832166666667,-1.0892,6.0597,1h_SI5,1h,SI5,12h_SI1,12h,SI1,7.1489
5.079836,-1.5168284,-0.49724948,9.414984,7.4235277,0.75083566,N900_RS04105,cheB2,0.5166877833333333,-2.4167,5.2651,6h_SI5,6h,SI5,12h_st,12h,st,7.681800000000001
9.640467,-0.3426047,1.4634359,7.978758,8.228862,9.035874,N900_RS04110,parP,-0.6725193666666666,-4.7668,4.4181,6h_SI6,6h,SI6,12h_SI1,12h,SI1,9.184899999999999
-4.5813274,-13.288676,9.738969,7.9052377,13.836512,2.284867,N900_RS04115,parC,0.7414475333333334,-0.91741,3.2208,1h_st,1h,st,3h_st,3h,st,4.13821
0.5138463,-13.156408,6.7657995,8.74805,14.231907,3.8599517,N900_RS04120,cheW1,1.7180695333333336,-1.5562,5.2856,1h_SI5,1h,SI5,6h_SI1,6h,SI1,6.841799999999999
-4.6272583,5.2017937,8.203624,1.9569548,2.0121415,7.4819136,N900_RS04125,N900_RS04125,-0.4668900666666667,-2.8209,2.5978,6h_SI5,6h,SI5,3h_SI3,3h,SI3,5.418699999999999
5.8870287,-0.2204472,5.740418,5.4583826,4.191586,0.4541028,N900_RS04130,ccmA,-0.7289013433333333,-2.5826,3.7387,12h_SI8,12h,SI8,6h_SI3,6h,SI3,6.3213
8.308974,-5.6999264,7.1688375,-2.3296566,5.699851,-6.284258,N900_RS04135,ccmB,0.029472900000000014,-2.4321,4.4948,6h_co,6h,co,6h_SI2,6h,SI2,6.9269
-4.06871,-0.44108754,16.70499,4.9769363,-0.58928454,-4.2474623,N900_RS04140,ccmC,0.9272210833333333,-1.2739,3.7783,3h_SI9,3h,SI9,6h_SI4,6h,SI4,5.0522
0.9038879,5.0750856,13.241745,7.142549,1.1304964,-6.049071,N900_RS04145,ccmD,0.5862799666666666,-1.5633,4.4739,1h_SI2,1h,SI2,3h_SI5,3h,SI5,6.0372
-6.697908,-6.983623,10.516581,8.691446,12.831008,0.5623302,N900_RS04150,ccmE_1,1.57692195,-0.49044,6.2301,1h_SI2,1h,SI2,3h_SI3,3h,SI3,6.72054
-3.2920606,-3.621408,11.924194,12.877838,10.390356,-4.0811925,N900_RS04155,ccmf,0.6224349833333331,-1.9232,4.2958,1h_SI2,1h,SI2,3h_SI1,3h,SI1,6.218999999999999
-4.8467484,-0.5825924,14.350241,11.635345,2.876775,-2.501394,N900_RS04160,dsbe,0.11767936166666662,-1.8392,2.8056,1h_SI3,1h,SI3,3h_SI5,3h,SI5,4.6448
-3.5292954,-8.546299,10.728887,4.7560205,6.304244,-1.0496988,N900_RS04165,CcmH,0.7086998833333334,-2.107,4.9397,12h_co,12h,co,3h_SI3,3h,SI3,7.0467
-2.5393848,-1.170262,12.868465,13.412104,10.33721,1.3358839,N900_RS04170,ccmI,1.1990264000000002,-0.77572,4.4827,1h_SI5,1h,SI5,3h_SI4,3h,SI4,5.25842
1.1839182,-8.557076,7.0941567,4.955116,8.009159,-4.3019357,N900_RS04175,mlaA,1.7644940551666666,-0.60709,4.5445,1h_SI3,1h,SI3,3h_SI5,3h,SI5,5.151590000000001
-0.23169759,-0.38129005,6.622862,1.8657261,15.349463,-0.9117181,N900_RS04180,fabG_1,1.1036457166666667,-0.66004,5.6395,1h_SI1,1h,SI1,3h_SI3,3h,SI3,6.29954
-3.5665615,3.5067375,8.814241,13.206342,4.6861777,6.0920453,N900_RS04185,N900_RS04185,-0.04826514,-2.7113,3.4978,6h_SI5,6h,SI5,3h_SI1,3h,SI1,6.209099999999999
3.819561,-15.527809,3.074836,10.946209,9.065892,5.121104,N900_RS04190,sodB,-0.65113835,-2.6342,1.4708,6h_SI9,6h,SI9,12h_st,12h,st,4.105
1.1535983,2.308122,12.978861,6.076631,8.059934,-1.0764468,N900_RS04195,grxD,0.45910677166666675,-0.67781,3.0856,12h_st,12h,st,12h_SI3,12h,SI3,3.76341
-3.245783,-6.083182,13.302193,5.5190344,12.537145,-1.1334426,N900_RS04200,topB,0.9863347,-0.52674,3.741,6h_st,6h,st,3h_SI2,3h,SI2,4.26774
-9.688273,-9.754827,11.322003,7.1364183,11.691622,-1.8798823,N900_RS04205,acuC,1.1421202500000003,-0.30508,3.7771,6h_st,6h,st,3h_SI2,3h,SI2,4.08218
-10.145779,8.620306,14.4036875,7.8779917,3.3356678,-4.4361014,N900_RS04225,VC0395_A1625_BLAST,0.82632,-1.7969,4.0939,12h_SI2,12h,SI2,1h_SI1,1h,SI1,5.8908
-1.2966167,-4.456068,16.054205,1.9834596,4.9178376,-6.4940777,N900_RS04230,yejk,0.7181351666666665,-1.0922,4.2637,3h_SI9,3h,SI9,6h_SI3,6h,SI3,5.3559
-2.6147354,-18.414774,5.829416,0.45826668,8.350196,-3.0270941,N900_RS04235,sensor histidine kinase_2,0.7237244583333333,-0.66871,3.8955,3h_SI1,3h,SI1,6h_st,6h,st,4.56421
6.0898633,1.3846092,4.2838864,7.8889723,0.33026546,-5.6472807,N900_RS04240,nhaC,0.8757888249999998,-0.81013,4.866,1h_SI7,1h,SI7,6h_SI4,6h,SI4,5.67613
-2.948238,-14.086506,7.5335565,9.981235,10.809627,4.5934544,N900_RS04245,asd1,1.4217143166666668,0.032518,4.7959,12h_st,12h,st,3h_st,3h,st,4.763382
2.990078,-12.808392,13.736875,6.956569,8.171383,-4.106663,N900_RS04250,ychE_BLAST,0.6742577139999999,-0.82011,3.5925,3h_SI1,3h,SI1,6h_st,6h,st,4.41261
-0.29727155,-3.8346262,9.85849,8.747009,10.582507,3.1421087,N900_RS04255,adhE,1.1671280299999998,-0.18012,4.4303,1h_ce,1h,ce,12h_SI1,12h,SI1,4.6104199999999995
4.9345574,-11.227929,10.538813,11.7297325,9.896011,1.3682306,N900_RS04260,eamA_4,1.1974101499999998,-0.29335,4.1358,6h_SI8,6h,SI8,12h_SI1,12h,SI1,4.42915
-0.79798365,-5.750203,9.490482,3.016739,5.4265127,0.35400844,N900_RS04265,SulP family inorganic anion transporter_1,1.0018395583333335,-1.1449,4.9608,1h_co,1h,co,3h_SI2,3h,SI2,6.1057
4.7637916,-11.890795,1.1563319,11.651677,5.758096,6.4185696,N900_RS04270,rne,-0.3874657000000001,-2.7644,2.7401,12h_SI7,12h,SI7,1h_co,1h,co,5.5045
-3.6793225,10.596732,10.489527,3.4045715,-1.1015186,-3.7459025,N900_RS04275,N900_RS04275,0.09725109500000001,-1.4982,3.0745,1h_SI3,1h,SI3,3h_SI5,3h,SI5,4.5727
4.317154,-5.128431,5.677697,11.01981,7.6492834,3.4620261,N900_RS04285,rluC,0.6838108583333333,-1.4156,4.0123,6h_SI5,6h,SI5,3h_SI2,3h,SI2,5.427899999999999
7.0925307,1.6861445,5.3029346,9.352282,1.060269,-2.169085,N900_RS04290,yceF,0.8220864333333334,-1.2613,4.8896,1h_SI9,1h,SI9,6h_SI1,6h,SI1,6.1509
5.937345,-13.691293,3.1733484,8.3446865,6.740009,9.107748,N900_RS04295,yceD,-0.6060801666666666,-2.954,3.9139,6h_SI8,6h,SI8,1h_st,1h,st,6.867900000000001
4.6060476,-7.010629,3.5347464,8.78776,4.364748,9.095244,N900_RS04300,rpmF,-1.092047335,-3.7407,1.6135,6h_SI8,6h,SI8,1h_SI1,1h,SI1,5.3542
4.005268,-13.538426,2.1440012,10.408594,8.302216,5.6306467,N900_RS04305,plsX,-1.8184928333333332,-3.9058,0.11802,12h_SI6,12h,SI6,3h_st,3h,st,4.02382
4.807734,-15.279838,3.0652127,11.757215,8.969213,6.462807,N900_RS04310,fabH1,-1.2989929216666667,-3.4107,0.70024,6h_SI9,6h,SI9,12h_st,12h,st,4.110939999999999
2.773179,-1.4906311,5.997981,6.8835835,7.465908,2.7435577,N900_RS04330,fabF,0.39181201666666665,-1.1631,3.2761,6h_SI7,6h,SI7,12h_st,12h,st,4.4392
-2.724426,-1.6816189,3.2985823,5.703706,10.041652,7.1216807,N900_RS04335,pabC,1.04447365,-0.64857,3.576,6h_SI3,6h,SI3,24h_SI1,24h,SI1,4.22457
0.9788229,-8.339822,12.582594,8.983466,10.131905,-2.724395,N900_RS04340,mltG,0.8940834666666668,-0.82932,3.5148,12h_SI8,12h,SI8,6h_SI3,6h,SI3,4.34412
3.9357867,-14.979388,4.090827,10.341703,9.699728,5.0295477,N900_RS04350,holB,1.5039417666666666,-0.26389,3.6238,12h_SI9,12h,SI9,12h_st,12h,st,3.88769
-1.7769618,-14.272796,7.1255965,9.069402,12.037917,1.759271,N900_RS04355,ycfH,1.5982616488333332,-0.44505,4.1663,1h_SI8,1h,SI8,3h_st,3h,st,4.61135
5.2219625,-10.400805,8.620581,5.4062543,8.359499,-3.272537,N900_RS04360,ptsG,0.8305990666666667,-0.24578,3.1431,1h_SI7,1h,SI7,3h_SI3,3h,SI3,3.38888
-2.1195033,-0.917852,11.79935,13.908245,3.193044,1.5679678,N900_RS04365,sodium-dependent transporter_1,0.4352547333333333,-0.81864,5.0967,12h_SI2,12h,SI2,3h_SI4,3h,SI4,5.9153400000000005
-3.0699184,-5.134651,8.730332,3.397294,1.8321117,-0.045851346,N900_RS04370,N900_RS04370,0.7801810166666666,-0.32211,3.0334,1h_SI8,1h,SI8,3h_SI2,3h,SI2,3.3555099999999998
-2.6724322,5.684331,10.192118,9.049092,10.766931,-3.9098232,N900_RS04375,N900_RS04375,0.1998195666666667,-1.4207,3.2426,6h_SI2,6h,SI2,3h_SI5,3h,SI5,4.6633
-4.6116247,-1.2288219,15.378212,10.074021,8.441792,-6.5110016,N900_RS04380,pykA_1,0.8676892666666667,-0.73358,3.9536,12h_st,12h,st,6h_SI4,6h,SI4,4.68718
-7.793745,-10.222205,6.856628,2.8572695,10.072967,-4.0694776,N900_RS04385,mlc,1.550803733333333,0.075864,4.6925,1h_SI6,1h,SI6,6h_ce,6h,ce,4.616636
-5.4074497,-16.292744,4.767045,2.7620316,9.951978,-3.5224016,N900_RS04390,chev_2,1.1857044449999998,-0.073382,4.8473,3h_co,3h,co,3h_st,3h,st,4.920681999999999
-3.1153946,-6.2218695,4.245762,11.864372,9.009197,9.967102,N900_RS04395,N900_RS04395,-0.2642773666666667,-2.3027,3.8164,6h_SI6,6h,SI6,3h_SI1,3h,SI1,6.1190999999999995
-3.9868617,-15.722078,8.656983,8.415157,11.357456,-0.74650323,N900_RS04400,ChaN family lipoprotein,1.1294992566666666,-0.52411,4.0799,1h_SI9,1h,SI9,3h_st,3h,st,4.604010000000001
-7.2950025,-1.8710623,10.945156,13.239139,3.5807412,-8.531696,N900_RS04405,rlmA,1.5722301333333337,-0.63497,6.5373,1h_co,1h,co,3h_SI1,3h,SI1,7.17227
0.005740866,-10.925157,5.8645577,11.0062685,1.4275372,-7.9260798,N900_RS04410,N900_RS04410,0.5749896166666665,-0.81818,3.8649,6h_co,6h,co,6h_st,6h,st,4.68308
-2.336645,0.5886984,11.115467,14.18222,9.787763,-0.8542426,N900_RS04415,yeaD,0.8061492166666666,-0.48879,3.4229,12h_st,12h,st,12h_SI1,12h,SI1,3.9116899999999997
-3.5818725,-8.382493,12.24313,13.861517,10.044362,-1.4753919,N900_RS04425,msrB_2,1.60119735,-0.7388,5.1093,1h_SI2,1h,SI2,3h_SI1,3h,SI1,5.8481000000000005
-0.8306833,-0.139843,14.01174,10.574819,11.652477,-0.3026896,N900_RS04430,N900_RS04430,0.8477246753333334,-0.45619,3.7678,3h_st,3h,st,6h_SI3,6h,SI3,4.22399
-5.366616,-18.2086,4.7279763,8.788852,8.253407,-1.9036111,N900_RS04435,N900_RS04435,0.9060249766666667,-0.20237,4.3398,1h_SI7,1h,SI7,3h_st,3h,st,4.5421700000000005
6.197968,-6.683486,11.050917,7.0255733,4.197059,-1.3626589,N900_RS04440,ansA,-0.05830088333333336,-1.601,3.3182,6h_SI9,6h,SI9,6h_SI4,6h,SI4,4.9192
-3.86087,-2.3398879,16.997948,12.633385,10.7195215,-4.724723,N900_RS04445,sppA,1.7334983000000002,-0.32443,5.3733,3h_co,3h,co,3h_SI5,3h,SI5,5.69773
-1.6612058,-15.886564,4.5413456,9.877155,9.135293,-1.3647403,N900_RS04450,fadH,1.1646299833333333,-0.26653,3.811,24h_SI7,24h,SI7,6h_st,6h,st,4.07753
-3.0279915,-11.809248,0.41343498,0.17686373,11.594993,-3.5815115,N900_RS04455,purU,1.226722915,-0.45287,4.5971,3h_SI4,3h,SI4,6h_ce,6h,ce,5.04997
4.726894,-2.2100716,14.8053055,8.893013,2.861105,-1.2072471,N900_RS04465,ATP-dependent DNA helicase,0.2592178833333333,-1.1638,3.9438,12h_st,12h,st,3h_SI5,3h,SI5,5.1076
-8.041379,-11.003505,4.9510927,9.412242,9.529865,3.4078138,N900_RS04480,starvation lipoprotein Slp,1.4042214166666664,-0.44668,5.0559,12h_st,12h,st,3h_st,3h,st,5.50258
0.816144,5.406328,6.983209,12.58416,12.488902,2.934762,N900_RS04485,menH_1,0.64059745,-0.76119,4.8051,3h_st,3h,st,3h_SI3,3h,SI3,5.56629
4.8542995,-11.854464,6.0394897,6.818398,4.093758,-1.9721024,N900_RS04490,fadD,1.0352465333333334,-1.8554,5.7186,6h_SI6,6h,SI6,6h_st,6h,st,7.574
1.0294287,-0.29368684,14.527122,13.208285,1.8119812,-1.2478245,N900_RS04495,rnd,0.6019116483333334,-0.79367,3.1278,6h_ce,6h,ce,3h_SI5,3h,SI5,3.9214700000000002
-3.6859841,-1.0761603,6.9804463,11.02113,13.92408,3.2112746,N900_RS04500,peptidase_1,0.57854435,-0.84669,3.6822,6h_st,6h,st,3h_SI1,3h,SI1,4.52889
3.7611237,-14.75771,4.506244,10.529205,9.43293,4.4902573,N900_RS04505,rrtA,1.7917170666666669,-0.16292,3.944,6h_SI9,6h,SI9,12h_st,12h,st,4.10692
-0.9953376,-3.189713,8.591079,5.983229,0.66485405,3.4213948,N900_RS04510,N900_RS04510,-0.4342803933333333,-2.6667,2.8088,24h_st,24h,st,3h_SI2,3h,SI2,5.4755
-3.295181,-3.1411383,15.824723,5.2876935,6.6775937,-3.6020074,N900_RS04515,dgt,0.6020750385000001,-1.3062,3.3757,12h_SI1,12h,SI1,6h_SI4,6h,SI4,4.681900000000001
-1.934499,1.2007056,9.178198,10.405413,11.377826,1.5626832,N900_RS04520,yfbR,0.6947756999999999,-0.89075,3.3065,24h_st,24h,st,3h_SI6,3h,SI6,4.19725
2.2664363,-2.0279448,-3.3181953,-1.7203995,6.2555256,6.18549,N900_RS04525,alaA,0.5228394433333333,-2.5115,4.2993,6h_SI5,6h,SI5,12h_SI3,12h,SI3,6.8107999999999995
-3.9040084,-0.25632653,14.172775,6.3421583,14.6853895,-1.2524395,N900_RS04530,menf,1.0165646000000002,-0.75109,4.9737,6h_SI2,6h,SI2,12h_SI1,12h,SI1,5.7247900000000005
0.21075332,-5.9789305,15.1394,14.316212,8.323322,-0.4451058,N900_RS04535,menD,0.7211290600000001,-0.58297,2.9033,3h_st,3h,st,3h_SI4,3h,SI4,3.48627
4.147787,-10.773204,10.564276,6.432655,10.296448,-3.795111,N900_RS04540,menH,1.1148368700000002,-0.34765,4.045,1h_ce,1h,ce,6h_SI2,6h,SI2,4.39265
2.6462483,0.19886117,7.0508933,-1.7367315,7.779345,9.870332,N900_RS04545,menB,0.8421762716666668,-0.48483,4.6414,1h_ce,1h,ce,1h_st,1h,st,5.12623
-2.2371998,-17.225834,11.436664,3.305552,7.267542,-2.2684512,N900_RS04550,menC,1.2150816666666668,-0.62857,3.9035,3h_co,3h,co,6h_SI3,6h,SI3,4.53207
-5.86382,-15.913709,5.4708343,2.0855067,9.303301,-4.7569084,N900_RS04555,menE,0.5112512416666666,-0.7273,3.43,1h_st,1h,st,3h_SI2,3h,SI2,4.1573
3.2508302,-4.3408513,15.242385,1.8562369,5.479696,-0.98627603,N900_RS04560,ydcO,0.7088698250000001,-0.90136,4.3337,12h_SI4,12h,SI4,6h_SI2,6h,SI2,5.235060000000001
-2.4824297,1.3193598,14.088419,11.550886,11.879327,-5.085086,N900_RS04565,sutR,1.0106300666666665,-0.47738,4.039,3h_SI3,3h,SI3,6h_SI3,6h,SI3,4.51638
0.39205453,-5.7620673,5.012102,8.768342,5.0462384,-6.581431,N900_RS04570,methyl-accepting chemotaxis protein_1,1.2244305000000002,-0.58738,4.5969,3h_SI2,3h,SI2,3h_SI1,3h,SI1,5.184279999999999
-0.59359425,-8.372902,4.70122,7.737278,4.462703,-5.3849216,N900_RS04580,lplT,1.0381252150000002,-0.78012,5.0419,12h_SI2,12h,SI2,12h_SI1,12h,SI1,5.82202
0.57724774,-2.4634414,14.128123,6.8975787,11.577517,5.6138535,N900_RS04585,TetR/AcrR family transcriptional regulator_4,0.7012259550000001,-0.85079,4.345,6h_SI2,6h,SI2,3h_SI3,3h,SI3,5.19579
-3.0909815,-1.5786837,11.4852,10.396546,7.3694,0.1201853,N900_RS04590,N900_RS04590,0.37042244666666657,-1.6315,3.5261,12h_SI2,12h,SI2,3h_SI5,3h,SI5,5.1576
-0.14607757,5.673258,6.733595,4.5714183,18.178032,2.8041687,N900_RS04595,N900_RS04595,0.00378455017,5.1913e-06,0.099076,6h_SI6,6h,SI6,12h_SI1,12h,SI1,0.0990708087
8.267317,-7.4996824,0.29380295,4.3877144,3.4392927,-4.363958,N900_RS04600,nlpE_1,0.8834398833333333,-1.7963,4.5191,1h_SI4,1h,SI4,6h_st,6h,st,6.3154
3.6305356,-4.6320534,2.5975523,8.968127,-1.229899,10.507354,N900_RS04605,minE,-2.3172268666666667,-4.7812,1.1327,12h_SI8,12h,SI8,3h_SI9,3h,SI9,5.9139
4.8378024,-4.5376573,6.448203,7.632466,5.1663375,-8.972321,N900_RS04610,minD,1.138129163333333,-0.32986,5.0559,3h_SI2,3h,SI2,6h_SI2,6h,SI2,5.38576
-6.3099766,-7.436788,4.815175,9.122994,6.864935,-0.018964741,N900_RS04615,minC,0.004703166666666665,-1.9069,2.7816,3h_SI9,3h,SI9,3h_SI2,3h,SI2,4.6885
-3.0503197,-5.643329,5.8763623,1.0737965,14.062725,11.362949,N900_RS04620,VC_1957_BLAST,0.3645300616666667,-1.235,3.7382,6h_SI4,6h,SI4,12h_SI1,12h,SI1,4.9732
3.3303032,-4.87314,7.40166,5.569727,10.043001,-9.98511,N900_RS04625,lytic murein transglycosylase,0.8719859666666666,-0.64967,3.9466,3h_SI3,3h,SI3,6h_SI4,6h,SI4,4.5962700000000005
1.970546,-10.033477,9.066792,10.755624,8.941455,0.60660475,N900_RS04630,lysr_2,1.297679783333333,-0.11013,3.5565,1h_SI8,1h,SI8,3h_SI4,3h,SI4,3.66663
-12.241104,-7.88718,8.395988,4.2419896,14.977884,-3.353401,N900_RS04635,NupC/NupG family nucleoside CNT transporter,0.9464495333333335,-0.62034,3.9025,6h_st,6h,st,6h_ce,6h,ce,4.5228399999999995
-2.4117901,-14.425967,6.7240367,7.4946475,12.970916,-1.2522258,N900_RS04640,chitinase_2,1.1515031966666667,-0.19687,4.4924,6h_SI9,6h,SI9,6h_SI2,6h,SI2,4.68927
2.7645304,-0.14132932,13.036107,9.5933695,2.0699294,0.7731376,N900_RS04645,cytochrome c_1,0.49828025000000004,-1.0853,3.0691,12h_SI2,12h,SI2,3h_SI4,3h,SI4,4.1544
-1.0014153,-12.031432,10.394244,6.4785514,11.939997,0.8900812,N900_RS04650,torZ,1.07782195,-0.89819,4.8222,1h_SI1,1h,SI1,3h_SI2,3h,SI2,5.72039
-2.354279,-1.4434687,5.290854,9.774593,-1.6482013,-2.4350188,N900_RS04655,pvcA,0.15144129999999997,-1.5386,3.191,12h_SI2,12h,SI2,3h_SI2,3h,SI2,4.7296
-1.17755,2.5699704,9.839672,10.161907,9.5477705,3.156545,N900_RS04660,LysR family transcriptional regulator_2,0.6419508766666666,-0.90131,3.7648,3h_SI2,3h,SI2,3h_SI7,3h,SI7,4.66611
1.2903141,-1.4696215,1.3078992,8.335972,7.473251,-8.274789,N900_RS04665,mhpA,0.7812497566666666,-0.86729,3.5221,3h_st,3h,st,3h_SI1,3h,SI1,4.38939
-2.348188,-12.278372,9.343949,10.940287,7.8617387,-4.140576,N900_RS04670,TauD/TfdA family dioxygenase,0.801869255,-0.37686,3.6492,3h_SI9,3h,SI9,3h_SI4,3h,SI4,4.02606
4.8282533,-14.953043,3.3393195,9.706046,8.217074,7.5761657,N900_RS04675,folD,1.3745082166666664,-0.67903,5.781,6h_SI9,6h,SI9,1h_st,1h,st,6.46003
-7.502506,-1.6658201,9.122546,5.0467663,14.5388775,-9.096133,N900_RS04685,opgC,0.9519725333333333,-0.52266,4.2149,1h_st,1h,st,6h_ce,6h,ce,4.73756
-0.11644918,-17.158148,2.776842,6.3328953,5.629805,0.7469949,N900_RS04690,HAD-IB family hydrolase,1.1778154333333333,-0.44008,5.3179,1h_SI6,1h,SI6,3h_st,3h,st,5.75798
-3.9616303,-14.38454,2.987804,8.510116,3.730199,1.0521363,N900_RS04695,lyse_1,1.168122866666667,-0.37676,4.6363,12h_st,12h,st,3h_SI5,3h,SI5,5.01306
1.2760683,-4.851027,14.701195,1.6440189,4.583054,-3.4572263,N900_RS04700,acyl-CoA thioesterase,0.9276479166666667,-1.0606,4.9001,3h_SI7,3h,SI7,3h_SI2,3h,SI2,5.9607
-0.78369504,-18.296618,5.1590896,9.549616,2.1201975,-6.4952826,N900_RS04705,1-acyl-sn-glycerol-3-phosphate acyltransferase,1.1883821833333335,-0.2152,6.3427,1h_SI9,1h,SI9,6h_st,6h,st,6.5579
-10.358184,-3.1123905,10.537768,4.233619,12.913649,-7.445354,N900_RS04715,CDP-diacylglycerol--glycerol-3-phosphate 3-phosphatidyltransferase-related protein,0.8265163500000001,-0.45131,4.655,6h_st,6h,st,6h_ce,6h,ce,5.106310000000001
-2.8724532,-10.488448,6.547449,10.124919,1.7586572,-7.6020894,N900_RS04720,bifunctional diguanylate cyclase/phosphodiesterase_2,0.4496517566666667,-1.0782,3.402,12h_co,12h,co,6h_st,6h,st,4.4802
1.1419296,-0.5130796,5.703962,-4.1914926,2.1824024,-0.8500858,N900_RS04725,N900_RS04725,-0.020558449999999992,-2.1178,3.3344,6h_SI5,6h,SI5,6h_SI3,6h,SI3,5.4521999999999995
2.5752048,4.707982,4.1765275,12.869362,6.8251505,-4.253064,N900_RS04730,N900_RS04730,0.34117665666666663,-1.0851,2.9704,3h_SI2,3h,SI2,3h_SI1,3h,SI1,4.0555
7.3905377,2.436108,9.71367,9.494231,5.2370906,0.51920867,N900_RS04735,ydiU_BLAST,0.14206296666666668,-1.4016,3.5264,12h_SI4,12h,SI4,6h_SI3,6h,SI3,4.928
-5.2059546,-0.57522446,2.8486285,1.873174,11.635054,-7.26563,N900_RS04740,dctp,1.3562256583333332,-0.48524,4.2144,3h_SI5,3h,SI5,6h_ce,6h,ce,4.6996400000000005
-2.2196531,0.95461696,9.578678,8.773745,6.5884166,-2.4323103,N900_RS04745,TRAP transporter small permease,0.47295777833333336,-0.9926,3.0021,12h_SI1,12h,SI1,3h_SI1,3h,SI1,3.9947
-11.99453,-8.520281,1.354937,4.775243,17.025322,1.4780508,N900_RS04750,dctM_1,1.1430141666666667,-0.69967,5.1172,6h_st,6h,st,3h_st,3h,st,5.816870000000001
1.4566991,-12.455596,9.59838,11.561714,4.1586823,-1.6566378,N900_RS04755,dctD,0.44922901666666665,-1.6974,3.8993,6h_ce,6h,ce,1h_ce,1h,ce,5.5967
-4.0036597,2.24415,9.604315,15.998285,3.848201,-4.996023,N900_RS04760,dctB,0.59748443,-0.74389,4.242,12h_SI1,12h,SI1,3h_SI1,3h,SI1,4.98589
5.421214,-3.3649244,10.37988,8.258608,7.2645845,0.53347296,N900_RS04765,N900_RS04765,0.9600014783333334,-0.71843,5.0535,6h_SI4,6h,SI4,6h_SI1,6h,SI1,5.771929999999999
-1.1549298,0.2733685,11.223087,4.681729,11.989796,2.7608984,N900_RS04770,tig,-0.035672316666666634,-1.9277,4.084,6h_SI5,6h,SI5,3h_SI3,3h,SI3,6.011699999999999
1.8460023,-12.122271,1.1703401,15.235225,6.5010853,3.5538034,N900_RS04775,clpP,0.9659701166666667,-1.2151,6.2538,12h_SI9,12h,SI9,3h_SI1,3h,SI1,7.4689
4.8645716,-14.839559,3.3738933,11.369988,8.893603,5.740697,N900_RS04780,clpx,2.0810109999999997,0.12159,4.2838,6h_SI9,6h,SI9,12h_st,12h,st,4.16221
-3.0526175,-8.233629,12.013069,13.570348,4.4012284,-0.64821374,N900_RS04785,lon_1,1.1185565199999996,-0.33776,5.1015,6h_SI9,6h,SI9,1h_ce,1h,ce,5.43926
-0.09905192,-4.500694,12.558853,7.0504155,-4.8595905,0.6128498,N900_RS04795,ppiD,-0.4451896,-1.8149,3.2382,12h_SI2,12h,SI2,3h_SI2,3h,SI2,5.0531
0.6977054,-7.009742,10.990977,4.2551346,11.076062,-3.351458,N900_RS04800,ComEA family DNA-binding protein,1.4630636166666666,-0.010489,4.0108,3h_SI4,3h,SI4,6h_SI2,6h,SI2,4.0212889999999994
5.012807,-13.527782,1.5255373,10.895486,7.2965455,6.8711386,N900_RS04815,ihfB,-1.1307439,-3.3025,0.79774,12h_SI7,12h,SI7,12h_st,12h,st,4.10024
4.6226344,-6.734835,8.571949,8.818797,9.304908,4.631405,N900_RS04820,lapa,0.21944670666666663,-2.1475,4.3015,12h_ce,12h,ce,12h_SI1,12h,SI1,6.449
-1.5764431,-7.9993014,3.3745189,4.8981447,10.268903,5.1495514,N900_RS04830,pyrF,-0.02949454999999996,-3.7276,4.5978,6h_SI7,6h,SI7,6h_ce,6h,ce,8.3254
-5.0147576,-14.451321,4.666674,10.236114,7.6111274,-0.15666227,N900_RS04835,MiaE,1.1661746166666664,-0.42889,4.5921,3h_ce,3h,ce,3h_st,3h,st,5.02099
0.18873389,-13.562098,5.1822066,6.898756,13.16196,-1.0004201,N900_RS04840,motV,2.7984921883333334,-1.4682,6.4085,1h_SI6,1h,SI6,12h_SI1,12h,SI1,7.8767
3.6188176,-15.029895,4.07874,10.482574,10.113112,4.26808,N900_RS04845,cysB,0.3927544633333333,-1.711,2.4006,6h_SI9,6h,SI9,12h_st,12h,st,4.1116
9.562613,4.1226788,2.706784,0.15419677,1.2528247,9.550432,N900_RS04850,methyltransferase,-0.7035764666666665,-1.9415,2.0266,6h_SI1,6h,SI1,1h_st,1h,st,3.9681
-3.057596,6.4035454,5.72401,11.151826,10.486178,-5.975451,N900_RS04855,ald,1.0358829416666666,-0.56041,5.2295,3h_SI7,3h,SI7,3h_SI1,3h,SI1,5.78991
4.137453,-15.536974,3.6001751,10.963823,9.565919,5.210659,N900_RS04860,lrp_1,1.8453204500000002,-0.056183,4.0561,6h_SI9,6h,SI9,12h_st,12h,st,4.112283
0.40639797,-10.050616,11.073297,14.742711,3.802121,-2.08729,N900_RS04870,dsbB,-0.33072121666666665,-2.7609,4.1369,6h_SI9,6h,SI9,1h_SI1,1h,SI1,6.8978
-2.029949,-0.89876294,6.0319924,6.6394076,10.261119,-8.096608,N900_RS04875,nhaB,1.04811315,-0.54017,4.356,6h_SI1,6h,SI1,6h_SI4,6h,SI4,4.89617
0.03627225,-11.219977,11.299322,8.549602,3.2884421,3.481262,N900_RS04880,fadR,1.1680233833333333,-1.5989,4.8608,6h_SI7,6h,SI7,3h_SI2,3h,SI2,6.4597
-5.003132,-11.822478,4.6982813,9.713588,11.680553,0.79983866,N900_RS04885,N900_RS04885,1.4193907666666665,-0.34057,4.4853,6h_ce,6h,ce,3h_SI1,3h,SI1,4.825869999999999
12.658517,1.2122184,0.4716859,9.192294,4.2293353,4.8802457,N900_RS04890,methyl-accepting chemotaxis protein_3,0.0999043,-2.7012,5.5509,6h_SI5,6h,SI5,6h_SI1,6h,SI1,8.2521
-0.64254665,3.557065,1.3136789,-5.6456504,-3.471289,-8.712816,N900_RS04895,hinT,0.5871952666666667,-1.2797,4.2602,6h_SI8,6h,SI8,6h_SI5,6h,SI5,5.5399
-3.030806,-2.463478,11.016084,-1.984482,13.144866,-3.8766263,N900_RS04900,N900_RS04900,0.8011507333333334,-0.44888,3.1939,3h_SI1,3h,SI1,12h_SI2,12h,SI2,3.64278
-4.594488,-9.445005,4.6510973,9.079349,11.48744,3.421174,N900_RS04905,N900_RS04905,1.0987852999999999,-0.40268,4.1136,6h_SI6,6h,SI6,6h_SI2,6h,SI2,4.51628
-7.0470443,-0.8334179,9.330214,5.050615,8.089754,-10.167169,N900_RS04910,lpoB,0.5405676666666667,-1.5165,3.918,3h_SI8,3h,SI8,6h_ce,6h,ce,5.4345
4.2827425,-2.6891792,7.548874,4.941434,7.1400657,-6.4483137,N900_RS04915,thiK,0.006151574999999981,-1.0764,4.0298,3h_SI9,3h,SI9,1h_SI1,1h,SI1,5.106199999999999
2.7795572,-1.8803217,10.139275,7.311363,7.220694,2.6593273,N900_RS04920,ycfP,1.2990930166666665,-0.01142,4.645,1h_SI7,1h,SI7,3h_SI4,3h,SI4,4.65642
-0.8794664,-12.189781,10.543282,8.579164,6.9321675,-2.840178,N900_RS04925,ndh,0.7569319833333332,-0.98594,4.2302,1h_SI7,1h,SI7,3h_SI3,3h,SI3,5.21614
-3.2207446,2.134883,11.388071,7.450192,6.741257,-1.626841,N900_RS04930,rimL,0.57774305,-0.77205,4.8024,6h_st,6h,st,6h_SI3,6h,SI3,5.57445
1.9494195,-3.2709367,15.630419,3.097846,9.014888,-1.9703178,N900_RS04935,hemolysin_2,0.9041604833333333,-0.7179,3.457,1h_ce,1h,ce,12h_SI1,12h,SI1,4.1749
3.8924048,-14.344726,2.9146435,11.365777,7.163549,6.4026074,N900_RS04940,N900_RS04940,-0.9503314654999999,-2.9729,1.0611,12h_ce,12h,ce,3h_SI2,3h,SI2,4.034
0.89723575,3.7342396,4.3881884,8.576565,2.1958082,7.1088037,N900_RS04945,mfd,-0.8932257000000001,-3.2265,3.1501,6h_SI5,6h,SI5,3h_SI3,3h,SI3,6.3766
3.536943,5.1573434,7.402204,0.06018623,4.065689,9.630066,N900_RS04950,pilz_2,-0.8508710999999999,-3.5076,2.7429,3h_SI7,3h,SI7,1h_co,1h,co,6.250500000000001
10.166038,-6.9909983,0.62702423,10.956776,1.1008681,-0.15652587,N900_RS04970,N900_RS04970,0.003914749999999987,-2.3189,4.9494,12h_SI6,12h,SI6,6h_st,6h,st,7.2683
-7.260215,-9.218122,8.701062,9.40161,9.207674,-3.1490388,N900_RS04975,DNA internalization-related competence protein ComEC/Rec2,0.34371430166666667,-1.3296,3.3754,6h_SI1,6h,SI1,6h_SI2,6h,SI2,4.705
4.4111643,-6.826986,-0.50454855,7.711635,3.504903,9.659072,N900_RS04990,VC0395_A1467_BLAST,-1.5325226666666665,-4.6134,0.10543,6h_SI9,6h,SI9,3h_SI7,3h,SI7,4.7188300000000005
0.03060092,-0.8141569,10.316103,12.268584,10.410103,-3.3801007,N900_RS05000,ycgB_BLAST,0.6673474613333334,-1.0142,4.31,12h_st,12h,st,6h_SI3,6h,SI3,5.324199999999999
-1.65424,-1.0668273,12.983023,7.2719445,16.002565,-2.2317097,N900_RS05005,yeah,0.8586386833333333,-0.67557,4.093,1h_SI6,1h,SI6,6h_SI3,6h,SI3,4.76857
2.3536146,-6.1138096,11.515403,1.151005,9.575023,11.675754,N900_RS05010,yeaG_BLAST,0.8201259883333333,-0.98471,4.9614,3h_SI1,3h,SI1,1h_st,1h,st,5.94611
-6.0530634,-10.916754,7.1678314,-2.446162,4.93572,2.5574021,N900_RS05015,yfbu,1.0036552116666666,-0.40912,4.0658,12h_SI2,12h,SI2,3h_SI2,3h,SI2,4.47492
-8.7229185,0.45857877,6.804748,9.908002,5.435371,-2.7155645,N900_RS05020,membrane protein_3,1.2045267166666667,-0.26847,5.6165,1h_SI8,1h,SI8,3h_SI1,3h,SI1,5.88497
4.856916,0.82970536,0.013182804,-4.162811,8.275486,-0.9371428,N900_RS05025,pflA,0.40198466000000005,-0.93053,4.3825,24h_SI1,24h,SI1,12h_SI2,12h,SI2,5.31303
-0.5312685,-9.361304,12.464858,10.374009,9.4484215,-7.7709374,N900_RS05030,methyl-accepting chemotaxis protein_7,1.1064064333333332,-1.197,4.5076,1h_co,1h,co,3h_SI5,3h,SI5,5.7046
-2.21986,-15.273193,9.908962,7.113803,10.280634,-4.0876207,N900_RS05035,lpxR,0.9605232000000001,-0.40591,3.731,1h_SI8,1h,SI8,6h_SI4,6h,SI4,4.13691
-5.0566716,-7.6407743,-5.910598,4.819008,6.7418585,2.7906642,N900_RS05040,pflB,0.5588561116666665,-1.6752,4.7134,6h_SI6,6h,SI6,3h_st,3h,st,6.3886
0.5781949,-4.7874346,13.22424,7.3627086,5.066693,-2.8906677,N900_RS05045,N900_RS05045,0.5992606766666666,-1.2144,4.2496,12h_co,12h,co,6h_SI1,6h,SI1,5.464
2.2076547,5.061737,3.4207222,4.148727,10.544038,-1.0075394,N900_RS05050,occP,1.3571637000000003,-0.21443,4.2764,1h_SI7,1h,SI7,3h_SI5,3h,SI5,4.49083
0.087896846,-14.690972,7.0341816,9.787195,11.079605,3.8154454,N900_RS05055,argT,1.1644249333333332,-0.35046,3.5794,12h_co,12h,co,1h_SI1,1h,SI1,3.92986
0.94844544,-10.814419,7.618333,9.656993,5.522111,-2.6690068,N900_RS05060,hisQ,0.6654580666666667,-0.58338,3.5209,12h_SI9,12h,SI9,6h_st,6h,st,4.10428
0.33447522,-3.5935848,3.5819592,9.078919,10.794708,-4.810271,N900_RS05065,hisM,0.8958732666666667,-0.47761,3.7407,3h_SI4,3h,SI4,3h_SI1,3h,SI1,4.21831
0.90130055,-2.6905046,5.7676535,7.087923,12.8054085,-3.2226746,N900_RS05070,xthA,1.779389166666667,0.12341,4.8797,1h_SI1,1h,SI1,6h_SI3,6h,SI3,4.75629
-5.667279,-6.7948256,7.6961317,6.214535,14.700217,0.658376,N900_RS05075,pctC_1,1.1042378666666666,-0.23737,3.5909,1h_SI4,1h,SI4,12h_SI2,12h,SI2,3.82827
1.2571335,-1.1074611,11.926814,17.031975,9.642871,0.3078687,N900_RS05080,rsmS,0.10816503333333331,-1.2773,3.4677,3h_SI5,3h,SI5,3h_SI1,3h,SI1,4.745
6.1021867,8.451781,2.7728662,-1.3710442,10.277666,0.15614697,N900_RS05085,prepilin peptidase_2,0.26324856166666666,-0.83559,3.9948,3h_SI3,3h,SI3,12h_SI2,12h,SI2,4.83039
-0.43442148,4.350967,4.122062,16.819326,5.5928397,-1.950127,N900_RS05090,yfcA_2,-0.10433206666666668,-1.2816,3.9033,6h_SI4,6h,SI4,3h_SI1,3h,SI1,5.184900000000001
2.6529095,-8.415112,10.512231,12.807124,6.379393,-1.4156874,N900_RS05095,dinG,0.7030367666666667,-0.75055,3.2753,24h_ce,24h,ce,3h_SI4,3h,SI4,4.02585
-0.3389111,-4.075178,17.078588,6.9992914,11.576827,1.0000744,N900_RS05100,ompT,0.98246435,-0.50573,3.8587,12h_st,12h,st,3h_SI3,3h,SI3,4.36443
-0.32161462,-4.069948,12.178409,-0.5419718,6.182362,-3.8732898,N900_RS05105,VC_1853_BLAST,0.6540752166666665,-1.2414,3.8658,6h_SI1,6h,SI1,6h_SI4,6h,SI4,5.107200000000001
-5.3831096,-8.378897,8.825729,3.0616517,9.611884,-11.702927,N900_RS05110,VC0395_A1443_BLAST,0.6346777500000002,-1.0232,5.0956,24h_SI1,24h,SI1,6h_ce,6h,ce,6.1188
4.854702,-3.0697505,9.229671,2.384559,11.254959,-3.437249,N900_RS05115,cdgJ_2,0.537821,-1.547,3.6109,6h_SI8,6h,SI8,6h_SI2,6h,SI2,5.1579
-0.7367668,-6.9877515,10.178786,8.222267,0.7204052,0.5421907,N900_RS05135,ruvC,-0.106628365,-2.3451,3.1281,12h_SI4,12h,SI4,3h_SI3,3h,SI3,5.4732
-3.9852061,-7.0982795,9.325858,7.417742,3.6046126,-1.1718936,N900_RS05140,ruvA,-0.05279776666666668,-2.1637,3.4884,12h_co,12h,co,3h_SI3,3h,SI3,5.6521
11.369551,-7.3155236,5.3066616,10.3664055,5.6030965,-0.6133996,N900_RS05145,ruvB,0.6450091583333334,-1.361,4.8952,6h_SI9,6h,SI9,6h_st,6h,st,6.2562
4.027014,-14.778012,3.7157576,9.8951025,10.202745,4.8706384,N900_RS05150,cydA,0.7195319666666666,-1.0978,2.7945,6h_co,6h,co,12h_st,12h,st,3.8923000000000005
4.1657386,-14.52,3.5019102,10.223214,9.798672,4.864696,N900_RS05155,cydB_1,0.7098292166666665,-1.3807,2.7311,6h_SI9,6h,SI9,12h_st,12h,st,4.111800000000001
8.45074,-11.128442,6.9274573,-1.9799068,3.6350884,0.49090904,N900_RS05165,ybgE,1.1787482833333334,-0.4938,4.8888,1h_co,1h,co,6h_st,6h,st,5.3826
5.254574,-0.85102534,14.180013,6.663738,8.445896,0.6172586,N900_RS05170,ybgC,0.7459370066666666,-0.80087,2.8581,3h_SI1,3h,SI1,12h_SI2,12h,SI2,3.65897
3.9748359,-15.257917,3.8106468,10.3841305,9.358041,5.087694,N900_RS05175,tolQ,0.798336155,-1.1942,2.9061,12h_SI7,12h,SI7,12h_st,12h,st,4.1003
4.3376293,-14.007973,2.4612691,10.346222,8.464503,5.6548834,N900_RS05180,tolr,-0.7088125000000001,-2.8131,1.7784,6h_SI9,6h,SI9,3h_SI9,3h,SI9,4.5915
2.1587553,-12.777626,5.2505364,9.7263155,5.5932655,3.1320624,N900_RS05185,tolA,-0.07284683333333333,-2.4399,3.8827,12h_ce,12h,ce,1h_SI1,1h,SI1,6.3225999999999996
5.1966085,-12.174764,3.6649773,10.704925,8.950775,5.7562013,N900_RS05190,tolB,-0.026892466666666667,-2.2054,4.3082,12h_ce,12h,ce,6h_SI2,6h,SI2,6.5136
4.5455656,-14.492762,2.7188172,10.659943,9.204517,4.9178925,N900_RS05195,pal_1,1.3740060666666665,-0.61176,3.4948,6h_SI9,6h,SI9,12h_st,12h,st,4.10656
-3.8039007,-6.798376,13.3029,13.387395,7.030312,2.8509195,N900_RS05200,ybgF,0.2541345833333333,-1.6242,4.3142,12h_SI8,12h,SI8,3h_SI5,3h,SI5,5.9384
-1.1977389,-6.619999,15.842136,3.5926256,2.7489886,-2.1029565,N900_RS05205,nadA,0.5824090333333333,-2.0491,3.5819,6h_SI1,6h,SI1,3h_SI2,3h,SI2,5.631
-8.717106,-7.985502,9.178467,8.228108,14.736212,-1.9479864,N900_RS05210,yeca,1.33919295,0.020125,4.3372,1h_SI8,1h,SI8,3h_SI1,3h,SI1,4.317075
-4.237998,-14.361923,7.027457,6.3818297,10.0079975,0.3958269,N900_RS05215,cqsR,0.8180943,-0.75728,3.3084,3h_SI3,3h,SI3,3h_st,3h,st,4.0656799999999995
-2.3361654,-2.7159855,13.580254,13.551744,5.574987,-3.2821252,N900_RS05220,alae,0.11534756666666666,-1.642,2.6789,12h_SI8,12h,SI8,1h_SI1,1h,SI1,4.3209
6.5975413,-0.7255901,7.4587235,10.528545,9.019811,1.3920925,N900_RS05225,manA_2,-0.013051666666666663,-1.3305,3.6735,12h_SI4,12h,SI4,6h_SI1,6h,SI1,5.0040000000000004
5.3244553,-4.0550437,9.050871,12.632938,11.635114,6.6632476,N900_RS05230,PTS fructose transporter subunit IIC_1,0.28519082,-1.2882,3.9525,6h_SI4,6h,SI4,6h_SI1,6h,SI1,5.2407
-3.8181674,-7.3654466,14.145012,11.162017,10.978556,-4.136874,N900_RS05235,rhaR_2,1.1426662336666666,-0.34484,4.3471,6h_SI1,6h,SI1,3h_SI2,3h,SI2,4.69194
0.5999019,-2.610021,11.671988,13.416474,8.896334,-3.409854,N900_RS05240,PTS fructose transporter subunit IIA_2,-0.37278711666666664,-3.3449,2.3735,3h_SI8,3h,SI8,6h_SI4,6h,SI4,5.7184
4.8893776,-16.828165,2.9363742,-0.9432287,3.922081,-0.12862745,N900_RS05245,manP_1,1.0140252666666665,-0.54062,4.318,6h_SI2,6h,SI2,6h_st,6h,st,4.858619999999999
-5.08528,-6.680308,16.257484,14.377261,6.263643,-2.4992497,N900_RS05250,PTS fructose transporter subunit IIA_1,0.5363983500000001,-0.82667,3.2566,6h_st,6h,st,6h_SI2,6h,SI2,4.083270000000001
-2.7617574,-7.819028,14.280905,11.458657,10.640141,-2.7487085,N900_RS05255,PTS fructose transporter subunit IIC_2,1.0628955166666667,-0.44693,4.5239,12h_st,12h,st,3h_SI2,3h,SI2,4.97083
7.3176546,0.21120934,6.3672514,1.4047389,1.7646335,5.7551613,N900_RS05260,manP_2,-0.6287416833333334,-3.2796,2.6799,3h_SI7,3h,SI7,12h_SI1,12h,SI1,5.9595
-2.9414895,-9.858241,10.578555,10.48708,13.579058,1.7765588,N900_RS05265,ald1,1.0136811516666666,-0.49688,4.5058,6h_st,6h,st,6h_SI2,6h,SI2,5.00268
-1.3919458,-14.574956,8.06253,10.025769,13.44764,3.2076387,N900_RS05270,acoR,1.0387383,-0.43867,3.705,1h_SI5,1h,SI5,3h_SI3,3h,SI3,4.14367
1.6457028,-3.3361847,9.926205,12.515466,8.554674,-0.19419721,N900_RS05275,VF_0530_BLAST,0.5501155166666667,-1.0009,3.3786,3h_SI5,3h,SI5,6h_SI2,6h,SI2,4.3795
-2.2870579,-3.7589595,10.327635,2.682555,10.806152,5.234064,N900_RS05280,SDR family oxidoreductase,0.6303334123333334,-1.6131,5.2283,6h_co,6h,co,3h_SI3,3h,SI3,6.8414
-4.0531354,-4.6149225,14.196073,4.5701795,14.478624,-4.6314664,N900_RS05285,cry1,1.1814332500000002,-0.3861,3.8363,1h_SI8,1h,SI8,3h_SI3,3h,SI3,4.2224
-5.5689383,-10.162461,10.937426,10.310493,7.885637,0.09449871,N900_RS05290,N900_RS05290,0.42985096666666667,-0.8797,3.3959,6h_st,6h,st,6h_SI4,6h,SI4,4.2756
-5.756229,-4.886079,7.317576,6.453693,14.507623,7.7072697,N900_RS05295,N900_RS05295,0.9973708833333332,-0.59103,4.2838,3h_SI2,3h,SI2,3h_SI5,3h,SI5,4.87483
7.875811,-0.33495644,1.2624844,-2.324923,1.2375801,-2.9993134,N900_RS05300,N900_RS05300,0.5883225166666667,-2.1083,3.4432,6h_SI6,6h,SI6,6h_SI2,6h,SI2,5.5515
1.1395421,-14.115547,8.458093,9.793103,5.537808,-2.0244315,N900_RS05305,AlpA family transcriptional regulator_1,0.8732035333333333,-0.61926,3.8888,12h_st,12h,st,6h_st,6h,st,4.5080599999999995
-0.17774141,-0.27001157,10.481903,3.3871298,7.3877177,1.9220327,N900_RS05310,N900_RS05310,0.05666616,-1.1429,3.6727,12h_SI8,12h,SI8,6h_SI4,6h,SI4,4.8156
7.7239175,1.9931014,7.0561934,4.570345,-7.134594,-0.13406822,N900_RS05315,N900_RS05315,-0.10634576666666665,-1.4705,2.7471,3h_SI1,3h,SI1,1h_ce,1h,ce,4.2176
4.575166,-1.4630855,8.357212,9.32555,12.842285,0.36467427,N900_RS05320,N900_RS05320,0.6445155499999999,-1.1691,3.8596,1h_SI2,1h,SI2,3h_SI3,3h,SI3,5.0287
4.144661,-15.434909,3.525311,10.826375,9.571669,5.185516,N900_RS05330,N900_RS05330,1.8303856333333333,-0.061552,4.0455,6h_SI9,6h,SI9,12h_st,12h,st,4.1070519999999995
-1.83552,-5.291792,-3.074687,7.699947,12.469088,4.230437,N900_RS05340,IclR family transcriptional regulator,0.09195315,-2.1203,3.9457,1h_SI5,1h,SI5,3h_SI1,3h,SI1,6.066
-7.937868,-12.390954,10.780365,4.725511,13.439425,3.071986,N900_RS05345,marR,0.80952545,-0.6794,4.0923,6h_st,6h,st,3h_st,3h,st,4.7717
2.5410194,-3.8697138,17.751888,3.8361104,6.9896894,1.714261,N900_RS05350,DDE-type integrase/transposase/recombinase,0.37342490166666664,-0.94342,3.2289,6h_st,6h,st,3h_SI4,3h,SI4,4.17232
-7.426236,-19.1098,-3.022865,3.2822738,9.712004,8.492905,N900_RS05355,ATPase AAA,0.009900648,0.00048811,0.15721,1h_SI7,1h,SI7,3h_st,3h,st,0.15672188999999997
4.106804,4.6261187,-0.24005534,10.75591,8.295853,-1.737379,N900_RS05360,N900_RS05360,0.22612868333333333,-1.301,3.4917,24h_co,24h,co,3h_SI1,3h,SI1,4.7927
-3.7244747,-5.6989837,15.744102,14.5823555,6.3868217,-2.1395328,N900_RS05365,N900_RS05365,1.3667623499999997,-0.75363,4.7078,12h_SI3,12h,SI3,3h_SI4,3h,SI4,5.46143
-3.8381658,-8.7675495,7.3253245,8.847647,13.955706,2.0138993,N900_RS05370,middle operon regulator,1.2383351,-0.12582,3.3951,1h_SI8,1h,SI8,6h_SI3,6h,SI3,3.52092
1.2907343,-14.024362,5.6576734,7.6105914,8.642713,0.09794054,N900_RS05375,transcriptional regulator_2,1.25064307,-0.22889,5.009,1h_SI8,1h,SI8,12h_SI2,12h,SI2,5.23789
1.6721982,0.19863303,10.363057,11.28349,9.928426,-5.2311845,N900_RS05380,N900_RS05380,1.0733446166666667,-0.60278,4.6585,1h_co,1h,co,12h_SI2,12h,SI2,5.26128
-4.7274356,-7.1614356,13.281743,12.749678,9.910241,-5.2016983,N900_RS05385,N900_RS05385,1.4264952666666668,-0.20862,5.1047,1h_st,1h,st,3h_SI2,3h,SI2,5.31332
1.6350042,-6.6322827,9.442517,9.887101,11.322368,0.026086127,N900_RS05390,N900_RS05390,1.3942658333333333,-0.28709,4.3761,3h_st,3h,st,12h_st,12h,st,4.66319
-4.082999,-5.6638393,1.0646865,4.08461,15.99753,5.4867725,N900_RS05395,tape measure protein,1.4957915000000004,-0.30252,5.0542,1h_SI9,1h,SI9,3h_st,3h,st,5.35672
1.7373061,3.0147257,8.608372,12.407663,2.5793996,-8.151336,N900_RS05415,radC_2,3.1933400000000005,1.4121,7.1581,1h_co,1h,co,6h_SI2,6h,SI2,5.746
-0.07604152,-11.930679,9.438137,4.6787715,11.237561,-7.2409863,N900_RS05420,AlpA family transcriptional regulator_2,1.6873482999999998,0.041178,4.5865,1h_SI8,1h,SI8,6h_st,6h,st,4.545322
-5.2139683,-7.0253487,9.19797,5.6477203,10.186521,-8.474644,N900_RS05425,sialidase,0.8378160416666667,-0.64229,3.5704,3h_st,3h,st,6h_ce,6h,ce,4.21269
-4.0350337,-4.8101144,11.961097,7.820239,11.096147,-5.518416,N900_RS05430,nagA_2,0.5475090216666666,-0.9519,3.0012,12h_st,12h,st,6h_SI4,6h,SI4,3.9531
-4.730042,-6.654441,8.566461,4.6722245,15.128498,-3.7275965,N900_RS05435,nanK,0.7366270166666666,-0.34553,3.915,6h_st,6h,st,6h_SI2,6h,SI2,4.26053
4.208273,-15.270215,3.544911,10.848095,9.654131,5.26679,N900_RS05440,N-acetylmannosamine-6-phosphate 2-epimerase,0.6842123666666668,-1.238,2.8738,6h_SI9,6h,SI9,12h_st,12h,st,4.111800000000001
6.098421,-5.170799,9.041173,3.5332577,3.6046922,5.6932397,N900_RS05445,N900_RS05445,0.6905230666666667,-1.4196,5.3843,3h_SI8,3h,SI8,1h_st,1h,st,6.8039
-5.516605,-13.646204,4.052187,4.3928514,12.1370125,-6.4091926,N900_RS05450,siaP,1.4123102166666668,-0.39459,4.603,1h_SI3,1h,SI3,12h_st,12h,st,4.99759
-4.116984,-5.1329875,9.391274,8.172479,3.8874006,-11.307632,N900_RS05455,siaQ,0.8079806500000001,-1.1326,4.7764,12h_SI2,12h,SI2,6h_SI4,6h,SI4,5.909
6.1400843,4.668409,5.7617755,1.9502641,2.5441127,6.78927,N900_RS05460,siaM,-0.16962076666666667,-1.8663,3.6921,6h_SI5,6h,SI5,1h_co,1h,co,5.5584
-7.026097,-4.686931,9.282905,5.7347903,16.385052,-7.150058,N900_RS05465,nanA,1.0245334833333333,-0.33739,3.9809,1h_SI1,1h,SI1,6h_SI1,6h,SI1,4.31829
6.43386,-10.065967,-0.7696951,11.636954,3.65214,7.53433,N900_RS05470,ybbH,-0.8069805000000001,-3.5466,2.5086,6h_SI7,6h,SI7,12h_st,12h,st,6.0552
-6.6526423,-12.231498,11.854531,6.0477557,10.724419,-0.6786233,N900_RS05475,nanM_1,1.2559163433333334,-0.69143,4.2818,3h_co,3h,co,6h_SI4,6h,SI4,4.973229999999999
4.8976345,1.7461467,10.740557,3.9489899,-0.62089217,2.508491,N900_RS05480,nanM_2,-0.22444844500000005,-2.0285,2.5945,24h_SI1,24h,SI1,3h_SI5,3h,SI5,4.623
-8.959921,-3.6359537,10.252702,12.898778,-4.1553,-3.6067235,N900_RS05485,YafY family transcriptional regulator,-0.19919461666666663,-1.5953,3.0573,12h_SI9,12h,SI9,1h_SI1,1h,SI1,4.6526
-0.6355447,-9.517229,10.648338,10.615017,11.937879,-0.4839703,N900_RS05490,N900_RS05490,1.1188048650000002,-0.65037,3.9243,12h_SI8,12h,SI8,3h_SI2,3h,SI2,4.57467
0.82950634,1.4365565,9.864842,9.681048,12.720953,-3.6240923,N900_RS05495,N900_RS05495,1.2176793500000003,-0.26547,4.1682,3h_SI2,3h,SI2,6h_SI2,6h,SI2,4.433669999999999
3.3967576,-8.496392,6.253291,8.742694,11.176817,-2.3754907,N900_RS05500,SAM-dependent DNA methyltransferase,0.9780412333333334,-0.53156,3.6298,1h_SI8,1h,SI8,12h_st,12h,st,4.16136
-4.1926975,-2.7142458,6.3746095,7.3739533,13.316323,5.246879,N900_RS05505,restriction endonuclease subunit S,0.4764261483333333,-0.89346,3.7628,3h_SI2,3h,SI2,12h_SI1,12h,SI1,4.65626
-8.9714365,2.4984574,5.463091,-8.04463,11.446401,0.34292662,N900_RS05510,N900_RS05510,0.43867336666666656,-0.80415,6.3422,6h_SI1,6h,SI1,6h_ce,6h,ce,7.14635
-4.321616,-14.055218,8.788769,9.287163,11.834874,-2.1407738,N900_RS05515,N900_RS05515,1.0418312,-0.29566,3.7044,1h_st,1h,st,6h_SI1,6h,SI1,4.00006
-0.8088426,-9.518902,8.5553875,9.754013,13.51817,4.042758,N900_RS05520,type I restriction endonuclease subunit R,1.3436920333333333,-0.14669,3.9066,1h_SI7,1h,SI7,6h_SI4,6h,SI4,4.0532900000000005
-5.837312,-10.235418,5.445484,4.056613,12.838745,-0.23199931,N900_RS05525,ZorA,1.35461179,-0.17831,4.1278,1h_SI4,1h,SI4,3h_st,3h,st,4.306109999999999
0.5942478,-14.892252,8.605749,-4.829883,-1.0291274,-1.8148458,N900_RS05530,MotB,0.7457825166666667,-0.9498,4.9522,12h_SI3,12h,SI3,3h_SI2,3h,SI2,5.902
0.88962245,-1.9386718,11.951253,2.7639608,11.607103,0.83159393,N900_RS05535,zorC,1.342458463333333,-0.015462,4.087,3h_SI1,3h,SI1,3h_SI3,3h,SI3,4.102462
-9.125486,-2.4877708,-1.6863471,4.7383823,9.190182,4.8343453,N900_RS05540,helicase,0.09156693479499999,-1.6726,3.0416,6h_SI2,6h,SI2,3h_st,3h,st,4.7142
-2.99873,-2.309494,12.025737,1.8830316,-2.2922919,3.2171524,N900_RS05545,intA_1,-0.3095441166666667,-2.0942,3.2093,3h_SI6,3h,SI6,3h_SI4,3h,SI4,5.3035
3.1085134,-7.0607114,11.462918,13.386567,5.594477,-4.7458777,N900_RS05550,intA_2,0.49721800000000005,-1.0012,3.4145,24h_st,24h,st,6h_SI1,6h,SI1,4.4157
-7.7672744,-2.685365,10.938868,0.7593118,14.798112,-6.352579,N900_RS05560,vexD,0.21175280000000002,-1.2217,4.5557,12h_SI9,12h,SI9,6h_ce,6h,ce,5.7774
-4.362241,-14.176987,8.455088,9.2708845,13.227363,0.060356732,N900_RS05565,vexC,1.2179690166666668,-0.43687,4.1091,1h_SI6,1h,SI6,3h_st,3h,st,4.54597
0.688924,-12.316936,13.494127,11.818074,6.695712,-2.0956807,N900_RS05570,pqic,1.12838816,-0.28906,4.7755,1h_st,1h,st,3h_SI4,3h,SI4,5.06456
0.30372226,-8.426294,11.742953,11.9912195,7.84479,-5.3365645,N900_RS05575,pqiB,0.5611877716666667,-1.1285,4.0344,12h_SI7,12h,SI7,6h_SI4,6h,SI4,5.1629
-3.0241244,2.608869,1.9453663,6.33249,11.598339,4.1620674,N900_RS05580,pqiA,1.1031466833333334,-0.091994,5.1871,6h_co,6h,co,1h_st,1h,st,5.279094
-3.9597497,-7.7305408,6.9760923,6.594597,4.94431,7.8753242,N900_RS05585,mechanosensitive ion channel protein MscS,0.37348226650000005,-1.0232,4.4858,12h_SI2,12h,SI2,3h_SI2,3h,SI2,5.509
11.216084,-5.3626385,10.461858,4.9896674,8.530776,7.663582,N900_RS05590,N900_RS05590,1.1086025233333332,-0.43008,4.7171,3h_SI6,3h,SI6,6h_SI2,6h,SI2,5.1471800000000005
-3.5047235,-2.18987,7.347425,7.4317474,8.426095,0.9355199,N900_RS05595,BamA/TamA family outer membrane protein,0.93692325,-0.74077,4.723,1h_SI2,1h,SI2,1h_st,1h,st,5.46377
-2.8184566,-12.698152,7.314155,10.299434,3.2238803,-7.138261,N900_RS05600,N900_RS05600,0.5512599499999999,-1.2309,3.7353,6h_SI1,6h,SI1,6h_st,6h,st,4.966200000000001
-3.1500444,-7.6629047,13.520174,11.19115,13.12085,-3.2437856,N900_RS05610,breR,0.5076679616666666,-0.88861,3.6377,12h_st,12h,st,3h_SI2,3h,SI2,4.5263100000000005
1.2664049,-11.270231,14.601041,4.0838547,9.304612,-2.6450205,N900_RS05615,NAD-dependent succinate-semialdehyde dehydrogenase,0.68964878,-0.78139,3.575,3h_SI1,3h,SI1,3h_SI2,3h,SI2,4.35639
-5.497452,0.91339326,11.543544,4.834826,4.1399045,8.807899,N900_RS05620,N900_RS05620,-0.9343289833333334,-2.5455,2.9569,6h_ce,6h,ce,3h_SI3,3h,SI3,5.5024
-8.862024,-3.0093815,10.609569,6.1063824,10.52261,-4.8969126,N900_RS05625,1-aminocyclopropane-1-carboxylate deaminase/D-cysteine desulfhydrase,0.9335631533333334,-0.8539,5.5624,6h_SI6,6h,SI6,3h_SI2,3h,SI2,6.416300000000001
0.8127758,-11.026454,2.5641735,8.136674,11.33608,-0.47130838,N900_RS05630,TetR/AcrR family transcriptional regulator_2,1.2765062833333336,-0.42314,4.5633,1h_SI1,1h,SI1,3h_SI3,3h,SI3,4.98644
1.7060506,-0.36477512,4.8590574,2.8502991,7.264703,3.199334,N900_RS05635,fadE_2,1.4796755000000001,-1.6797,4.7912,1h_SI9,1h,SI9,6h_SI3,6h,SI3,6.4709
0.20862812,-8.415792,11.858808,13.643029,4.9891815,3.110633,N900_RS05650,bpt,0.11467718833333335,-1.3304,4.3637,3h_SI5,3h,SI5,3h_SI4,3h,SI4,5.6941
-1.7378733,-3.9122076,6.820932,13.234352,7.3527136,-5.5627875,N900_RS05655,aat,0.9172137100000001,-0.32737,4.396,1h_SI6,1h,SI6,3h_SI1,3h,SI1,4.72337
3.5077932,-4.6045413,4.7494884,2.3941097,11.78557,-2.352526,N900_RS05660,N900_RS05660,0.9774939,-1.6706,5.7905,6h_co,6h,co,12h_st,12h,st,7.4611
7.454504,-5.8139496,4.440094,12.144247,4.2366195,7.367203,N900_RS05665,aroA,-0.8801770999999998,-2.721,2.9676,6h_ce,6h,ce,6h_SI1,6h,SI1,5.6886
0.452271,-4.1566186,13.933026,11.281554,5.8089833,-5.37987,N900_RS05670,yciN,0.5632271833333333,-0.88868,3.2856,3h_ce,3h,ce,1h_SI1,1h,SI1,4.17428
-7.2170343,-2.5976672,2.2700417,0.19349131,7.375661,4.317828,N900_RS05680,glgC_1,0.6073159,-0.71219,4.344,1h_SI7,1h,SI7,3h_SI3,3h,SI3,5.05619
4.511065,-6.142922,10.154096,13.790707,7.1144185,-5.381568,N900_RS05685,glgA,0.6251260166666667,-1.2541,4.6736,1h_SI5,1h,SI5,6h_SI1,6h,SI1,5.927700000000001
-1.3577447,-3.2165875,9.67515,8.492697,13.121202,-0.1898512,N900_RS05690,menH_3,1.443667316666667,-0.35003,4.2084,1h_SI8,1h,SI8,6h_SI3,6h,SI3,4.55843
2.4855354,-5.27803,8.76164,11.823801,6.956338,-8.263735,N900_RS05695,N900_RS05695,1.489815185,-0.58484,5.1739,1h_SI2,1h,SI2,3h_SI1,3h,SI1,5.7587399999999995
-2.1367426,-16.841965,7.09194,6.999439,11.122703,5.285469,N900_RS05700,N900_RS05700,0.6437962166666668,-0.71937,3.6429,12h_st,12h,st,6h_SI4,6h,SI4,4.36227
3.0231454,0.8030551,15.640105,-0.38986114,7.2713113,-2.1907947,N900_RS05705,tfoY,0.7767359749999999,-0.65726,3.9442,6h_SI3,6h,SI3,3h_SI5,3h,SI5,4.601459999999999
1.2050103,-7.413468,10.488849,9.245897,10.881457,-6.323566,N900_RS05710,purR,0.8874876833333333,-1.3984,3.6322,1h_SI5,1h,SI5,6h_SI1,6h,SI1,5.0306
4.167127,-1.2235893,8.076817,3.5718443,4.087933,8.545184,N900_RS05715,torD,0.2555719895,-0.95296,3.0819,6h_SI6,6h,SI6,1h_st,1h,st,4.03486
5.577673,-10.66344,6.918614,6.5992665,5.3815565,1.0476902,N900_RS05720,torR,1.04572515,-0.52223,4.7229,12h_st,12h,st,6h_SI1,6h,SI1,5.24513
-5.2199335,-7.167301,6.3077416,12.579718,5.832625,-2.9642005,N900_RS05725,elyC,-0.5202854,-2.9234,4.3301,6h_co,6h,co,3h_SI1,3h,SI1,7.2535
-1.5932885,-2.1800342,13.456688,8.862507,13.705002,-1.5895816,N900_RS05730,cmoM,0.7845786999999999,-0.459,4.6263,3h_st,3h,st,12h_SI1,12h,SI1,5.085299999999999
7.175153,-8.762037,1.218909,9.615255,9.615813,7.091322,N900_RS05735,mukF,-2.0276826666666663,-4.538,2.5254,6h_SI7,6h,SI7,12h_st,12h,st,7.0634
3.711923,-12.620582,-0.6642779,9.586101,5.9013023,8.601097,N900_RS05740,mukE,-2.2753801666666664,-4.6947,0.5594,6h_SI6,6h,SI6,24h_SI3,24h,SI3,5.2541
6.868326,-15.096075,-1.2252395,7.1692824,4.191301,10.682619,N900_RS05745,mukB,-2.1942355,-4.7923,2.163,6h_SI6,6h,SI6,3h_st,3h,st,6.955299999999999
4.130527,-11.920879,8.254373,12.604171,6.2964597,1.6742857,N900_RS05750,lrp_2,1.2007473333333332,-0.18531,3.9356,6h_SI4,6h,SI4,3h_SI1,3h,SI1,4.12091
-2.8235703,-11.249302,10.947753,10.217801,12.633448,-0.6705713,N900_RS05755,LysE family translocator_1,1.2093361108333334,-0.25687,3.66,1h_st,1h,st,3h_SI2,3h,SI2,3.9168700000000003
-3.3910704,-2.2099688,13.642582,0.78181815,12.721172,-6.2763147,N900_RS05760,VC_1711_BLAST,0.3070039500000001,-1.0657,3.3551,12h_st,12h,st,6h_ce,6h,ce,4.4208
-2.6489222,-2.9715943,11.334615,9.871283,12.293736,6.303754,N900_RS05765,N900_RS05765,0.64749701,-0.58537,3.4424,6h_st,6h,st,1h_st,1h,st,4.02777
-4.5609426,-0.81135863,12.833133,11.003294,12.582399,1.0110539,N900_RS05770,"zinc protease, insulinase family",0.5245967833333334,-0.98908,3.5283,24h_co,24h,co,3h_SI1,3h,SI1,4.51738
-7.1811056,-9.404388,13.115914,3.7403233,8.536769,5.0608144,N900_RS05775,N900_RS05775,0.8143961166666664,-0.77835,6.0086,6h_SI2,6h,SI2,3h_SI4,3h,SI4,6.78695
-3.5791776,5.2088456,11.081993,1.194615,10.408524,-7.3776283,N900_RS05780,N900_RS05780,1.1074448916666666,-1.1077,5.1733,24h_st,24h,st,6h_ce,6h,ce,6.281000000000001
5.6646533,-5.1806097,7.8349247,-1.2125515,9.256186,-0.38650614,N900_RS05785,metR,0.9204015000000001,-0.83336,5.3147,1h_SI1,1h,SI1,6h_SI2,6h,SI2,6.14806
4.471658,-10.548686,11.397004,7.8801165,0.8157536,-1.1188862,N900_RS05790,metE,0.40654108000000005,-1.3461,3.9769,3h_SI9,3h,SI9,3h_SI4,3h,SI4,5.323
2.5219834,-1.0804529,10.074493,9.343025,9.12156,-3.4056761,N900_RS05795,N900_RS05795,0.9473481833333334,-1.5741,4.0236,1h_SI4,1h,SI4,6h_SI4,6h,SI4,5.5977
-10.540613,-0.42898816,3.0984514,12.23691,-2.9632688,-0.93386066,N900_RS05800,ycii,-0.19724176666666665,-2.495,4.8932,6h_SI5,6h,SI5,3h_SI1,3h,SI1,7.3882
3.6120737,5.0626817,7.1193647,6.5662932,5.443747,-2.0845966,N900_RS05805,yciA_1,0.31494208833333326,-1.0869,3.7849,6h_SI3,6h,SI3,6h_SI2,6h,SI2,4.8718
-2.566314,-4.723138,15.970617,10.724519,10.700001,0.33893517,N900_RS05810,yciB,1.0449707683333334,-0.21984,3.7696,3h_st,3h,st,3h_SI4,3h,SI4,3.98944
0.49834532,-5.9345636,6.86889,-7.445459,4.2980776,4.3528304,N900_RS05815,N900_RS05815,-0.04247970166666664,-1.1022,3.5485,6h_SI1,6h,SI1,3h_SI2,3h,SI2,4.6507000000000005
-0.28706908,6.3076787,15.339721,3.0108628,10.544407,-2.4190044,N900_RS05820,ydcf,-0.12795770333333334,-1.8573,2.7716,6h_st,6h,st,6h_SI4,6h,SI4,4.6289
-6.2539115,-2.7756047,12.361964,8.900282,10.9028015,-7.9629464,N900_RS05825,yeeZ,1.0266075133333332,-0.64169,4.3243,3h_ce,3h,ce,3h_SI1,3h,SI1,4.96599
4.1110935,-9.572646,13.665496,5.250956,8.467191,-5.064472,N900_RS05830,DNA-binding protein inhibitor Id-2-related protein,0.9703058916666666,-0.50861,2.8377,3h_SI1,3h,SI1,6h_st,6h,st,3.34631
0.49120975,-5.9466367,7.8439283,11.505144,9.835379,4.3314347,N900_RS05835,focA_1,0.37486334666666665,-0.92932,2.8902,6h_st,6h,st,1h_st,1h,st,3.8195200000000002
-3.83187,-9.36392,10.129988,12.548307,9.854155,-0.12447612,N900_RS05840,N900_RS05840,0.8170477166666665,-0.64383,4.6861,24h_co,24h,co,3h_SI2,3h,SI2,5.32993
-2.0710776,-11.543701,9.10518,5.0329323,11.314498,-7.992306,N900_RS05845,torE,1.2039759966666668,-0.27026,3.5288,1h_SI6,1h,SI6,6h_SI3,6h,SI3,3.79906
-4.493823,4.0941906,0.53288716,4.611901,12.528573,-5.4645815,N900_RS05850,torC,1.0276815166666666,-0.79525,4.1319,12h_SI8,12h,SI8,3h_SI1,3h,SI1,4.92715
-0.5425454,-2.0352206,5.2071567,5.979201,11.852029,-4.6054034,N900_RS05855,torA,1.2798256483333335,-0.32536,5.7638,1h_SI8,1h,SI8,12h_SI1,12h,SI1,6.08916
0.89508027,-8.328692,8.656316,8.547057,11.700557,5.263028,N900_RS05860,alpha-galactosidase,0.7244041733333333,-0.98298,4.4041,3h_SI6,3h,SI6,6h_SI1,6h,SI1,5.387079999999999
2.8943942,-1.9757843,10.4655075,5.665266,10.78507,-2.5202215,N900_RS05865,N900_RS05865,1.0707480983333333,-0.30003,3.4813,6h_co,6h,co,6h_SI1,6h,SI1,3.78133
-1.1295998,-0.6962641,9.006918,15.098477,0.32920533,-0.38303718,N900_RS05870,N900_RS05870,-0.17895541666666667,-1.929,2.4462,24h_SI1,24h,SI1,3h_SI1,3h,SI1,4.3752
0.0008299351,-8.7720785,9.493067,3.7727766,10.071126,-5.33566,N900_RS05875,ppaC,1.3158249833333335,-0.12533,3.5107,3h_st,3h,st,6h_ce,6h,ce,3.63603
-6.1773496,-13.069016,6.0641108,5.6500463,14.309147,5.264765,N900_RS05880,N900_RS05880,1.1245002833333333,-0.17929,5.4803,1h_SI6,1h,SI6,3h_st,3h,st,5.65959
4.0912037,-6.7603097,6.74095,9.943026,6.0035796,-6.072146,N900_RS05885,N900_RS05885,0.9249959016666666,-0.64677,4.8737,1h_SI1,1h,SI1,6h_SI1,6h,SI1,5.52047
1.5218825,-8.189227,10.0065365,6.074051,1.3082557,5.7562137,N900_RS05890,sapF,0.1893208716666667,-2.0789,3.2929,3h_SI9,3h,SI9,6h_SI4,6h,SI4,5.3718
3.02824,-12.322074,1.2542443,13.2231045,5.377979,5.3138576,N900_RS05895,gsiA,-0.1353688,-2.3871,2.9428,12h_SI9,12h,SI9,3h_SI1,3h,SI1,5.3299
4.022589,-15.798756,4.1547155,10.867542,8.172898,6.054471,N900_RS05900,sapC,-0.337086685,-2.2692,1.7118,12h_SI6,12h,SI6,6h_SI5,6h,SI5,3.981
3.7506592,-13.632573,3.7146814,11.524946,4.072536,6.5892363,N900_RS05905,sapB,-0.6053285166666668,-3.0472,2.9948,12h_SI9,12h,SI9,1h_SI1,1h,SI1,6.042
-7.393057,-4.557182,14.767893,13.553381,1.2639529,-3.952548,N900_RS05910,ABC transporter substrate-binding protein_2,0.412854125,-1.0914,3.5603,12h_co,12h,co,3h_SI4,3h,SI4,4.6517
-2.435761,-8.924655,7.7507067,6.208906,12.236994,-3.0686352,N900_RS05915,pspF,1.40198918,-0.20303,4.6438,1h_SI6,1h,SI6,6h_SI4,6h,SI4,4.84683
-7.035393,-3.6794538,14.434138,9.016649,8.090613,-6.8885984,N900_RS05920,pspA,0.20942451999999998,-1.4078,3.3456,3h_SI9,3h,SI9,3h_SI5,3h,SI5,4.7534
-7.3798337,-5.948976,-0.17672162,7.343386,1.930014,2.20735,N900_RS05925,pspB,0.38443006666666674,-1.4103,3.9275,6h_SI3,6h,SI3,3h_st,3h,st,5.3378000000000005
0.82640696,-13.311273,10.046312,3.560827,12.903852,-2.953835,N900_RS05930,pspC,0.8177053933333335,-0.5877,3.8033,1h_st,1h,st,6h_SI2,6h,SI2,4.391
-4.2832794,-2.334781,11.376103,13.255858,8.664955,-7.8593297,N900_RS05935,ttgG,1.1422450666666668,-0.74901,4.8566,12h_st,12h,st,1h_SI1,1h,SI1,5.60561
4.1473165,-4.0111957,12.640869,5.5282106,11.4779415,4.9440517,N900_RS05940,efflux RND transporter periplasmic adaptor subunit,1.093318625,-0.48484,4.5306,1h_SI7,1h,SI7,6h_SI1,6h,SI1,5.01544
-0.38925326,-5.582545,10.428674,8.356523,12.117138,-0.4416099,N900_RS05945,vexK,1.0636074000000002,-0.6323,3.2934,1h_st,1h,st,24h_SI1,24h,SI1,3.9257
-4.5886493,-9.667065,11.449957,7.983608,9.5504265,-10.390825,N900_RS05950,tag,0.89595235,-0.50414,3.4815,3h_st,3h,st,6h_SI4,6h,SI4,3.98564
-6.43587,-8.677571,11.135553,10.824962,12.666791,-0.44905734,N900_RS05955,metC,0.6725494999999999,-0.6194,2.7035,6h_st,6h,st,3h_SI3,3h,SI3,3.3228999999999997
-2.428693,-2.1148105,9.698661,-0.35487247,10.922063,-4.707192,N900_RS05960,clsA,0.4968134999999999,-1.2903,3.3304,3h_ce,3h,ce,6h_SI4,6h,SI4,4.6207
-1.9475236,-7.0218906,5.8123116,5.2505517,13.88816,5.086472,N900_RS05965,sodium-dependent transporter_3,0.6845231826666667,-0.74027,3.142,6h_st,6h,st,1h_st,1h,st,3.88227
-0.6444707,-9.774442,8.571961,7.183591,12.56456,2.5222936,N900_RS05970,TIGR01621 family pseudouridine synthase,0.4516478333333334,-0.99179,3.3791,6h_SI9,6h,SI9,12h_st,12h,st,4.37089
-4.0812845,-5.7039123,6.289501,4.422102,5.869168,-9.066554,N900_RS05975,ynjF,0.5720633216666667,-0.72954,3.5696,3h_SI2,3h,SI2,6h_ce,6h,ce,4.2991399999999995
-5.628682,-13.573732,8.130238,6.8824925,14.360803,2.3713448,N900_RS05980,malK_1,1.3904797083333333,-0.33479,4.5215,1h_SI7,1h,SI7,3h_st,3h,st,4.8562899999999996
-4.023039,7.8125486,7.026339,10.2732115,11.089058,3.490936,N900_RS05985,ABC transporter permease subunit_1,0.007286983333333362,-1.6819,3.4687,6h_SI3,6h,SI3,1h_SI1,1h,SI1,5.1506
-8.486106,-10.244444,5.3896055,-0.5138426,14.708862,-1.4789498,N900_RS05990,ynjB,0.7727300358833333,-0.71241,4.009,1h_co,1h,co,3h_st,3h,st,4.7214100000000006
-2.4993057,-2.5587153,0.9559399,4.6514587,11.618656,4.234624,N900_RS05995,hslJ,0.9157164216666664,-0.51588,3.4316,24h_SI1,24h,SI1,3h_SI1,3h,SI1,3.94748
-4.1485267,-9.622721,10.100347,11.25766,4.6777763,1.7209485,N900_RS06000,N900_RS06000,0.9870071166666665,-0.71271,5.7034,6h_SI4,6h,SI4,3h_SI3,3h,SI3,6.41611
3.3122141,-2.6159718,5.221299,9.543573,0.94806445,1.8497186,N900_RS06005,N900_RS06005,-0.12930091666666665,-1.6707,2.9953,12h_SI4,12h,SI4,1h_co,1h,co,4.666
12.59856,-8.879489,7.6377406,7.7898197,-1.040702,1.6272637,N900_RS06010,ybhS,0.7514581333333332,-0.70059,4.3725,6h_SI4,6h,SI4,6h_st,6h,st,5.07309
-9.490981,-12.474247,7.188927,4.516983,14.017701,-0.38200095,N900_RS06015,ybhF,1.3757755999999999,-0.016912,5.0984,1h_SI5,1h,SI5,3h_st,3h,st,5.115311999999999
-4.944506,-4.018524,14.432487,5.652608,13.928387,-3.0677655,N900_RS06020,HlyD family efflux transporter periplasmic adaptor subunit,0.6956734433333334,-0.6512,3.5562,1h_st,1h,st,6h_SI1,6h,SI1,4.2074
0.785926,-12.01862,7.5353107,5.550205,12.790362,3.7199633,N900_RS06025,sdaC,1.45522935,-0.25703,4.9774,1h_SI5,1h,SI5,3h_SI3,3h,SI3,5.234430000000001
-4.333474,-14.1439905,8.280078,11.131134,12.250216,3.485816,N900_RS06030,eamA_5,1.5007903333333332,-0.87426,4.8653,1h_co,1h,co,6h_SI3,6h,SI3,5.739560000000001
-1.6042502,-9.144664,13.621353,11.654655,10.861539,-6.014599,N900_RS06035,mgtE_2,1.1067607683333334,-1.2991,3.8558,1h_SI7,1h,SI7,3h_SI4,3h,SI4,5.1549
10.133396,-3.16318,-0.48772472,7.8116198,4.4757037,8.36358,N900_RS06040,rcsC_2,0.005152595000000019,-3.9309,4.1768,12h_SI8,12h,SI8,12h_SI1,12h,SI1,8.1077
0.066754386,-9.955295,11.807607,13.199155,7.4820285,-4.7803845,N900_RS06045,vieA,1.2064602833333333,-0.24332,3.6892,3h_co,3h,co,3h_SI5,3h,SI5,3.9325200000000002
0.90461165,-4.9299784,16.957375,15.1673,12.928601,0.9406023,N900_RS06050,response regulator_1,0.810921135,-0.45239,3.88,6h_st,6h,st,3h_SI4,3h,SI4,4.33239
0.8348069,-12.289046,7.527836,9.773261,6.6244206,-4.81403,N900_RS06055,Pseudogene_N900_RS06055,0.9697463166666668,-0.17048,3.9766,1h_SI7,1h,SI7,6h_st,6h,st,4.14708
-3.799249,-5.1492286,12.576661,12.485221,10.245143,1.4342439,N900_RS06060,vesC,0.7519662216666666,-0.56573,3.2696,3h_st,3h,st,3h_SI1,3h,SI1,3.83533
-5.9265337,-12.53528,5.4448986,10.112847,4.3198686,3.447009,N900_RS06065,sgrR_1,0.5030440516666667,-0.72733,4.3474,6h_co,6h,co,3h_st,3h,st,5.074730000000001
-8.935095,-8.455859,9.157013,9.6062155,12.408616,2.183705,N900_RS06070,N900_RS06070,0.5034216666666667,-0.98654,3.8765,12h_st,12h,st,1h_SI1,1h,SI1,4.86304
-3.3238907,-2.8611085,11.613654,9.899737,9.773377,0.84315544,N900_RS06080,N900_RS06080,0.8360154400000002,-0.92041,3.9426,6h_SI1,6h,SI1,1h_SI1,1h,SI1,4.86301
-1.6341408,-2.5201733,7.791879,0.5125608,12.920935,0.93569213,N900_RS06085,methyl-accepting chemotaxis protein_8,1.1758768,-0.37777,4.4244,1h_SI8,1h,SI8,3h_SI3,3h,SI3,4.80217
-4.7190275,-14.496893,4.3736567,4.510455,10.480956,-3.389003,N900_RS06090,N900_RS06090,0.8432739333333333,-0.53219,3.2107,3h_SI4,3h,SI4,3h_st,3h,st,3.74289
3.5690787,-1.4093709,11.9342985,17.724216,8.309858,1.2115605,N900_RS06095,N900_RS06095,1.2943055833333335,0.036525,4.5253,6h_SI4,6h,SI4,6h_SI1,6h,SI1,4.4887749999999995
1.9705523,-6.8772855,5.056169,7.4320946,11.208449,-7.123232,N900_RS06100,bluF,0.6029154,-1.0979,4.6549,3h_SI8,3h,SI8,12h_SI1,12h,SI1,5.7528
-0.15587556,-10.376265,10.452011,11.441991,11.147168,3.1083767,N900_RS06110,sensor histidine kinase_1,-0.64541843,-3.1373,3.8074,1h_SI4,1h,SI4,3h_SI3,3h,SI3,6.9447
3.5494037,-6.5009637,6.5906143,1.458755,12.245776,-1.1863365,N900_RS06120,membrane protein_6,0.3729076166666667,-1.8226,4.2007,24h_SI3,24h,SI3,12h_SI1,12h,SI1,6.023300000000001
-1.5952269,-3.2882624,10.855563,12.817841,9.533166,2.8014383,N900_RS06125,radD,-0.32587666666666665,-1.9544,3.3816,12h_SI8,12h,SI8,6h_SI3,6h,SI3,5.336
2.5340302,-9.934459,10.220413,7.757469,7.97867,-6.2502627,N900_RS06130,rsuA,0.8846858233333335,-0.66437,4.6079,3h_SI4,3h,SI4,3h_SI3,3h,SI3,5.27227
-2.0121973,-13.762733,9.071347,13.625244,5.247392,-1.8056844,N900_RS06135,bcr_1,0.43592040000000004,-1.01,3.8872,12h_SI6,12h,SI6,1h_SI1,1h,SI1,4.8972
-1.4099057,1.9552329,8.403558,8.382156,15.883747,-2.0710025,N900_RS06140,N900_RS06140,0.75492093,-0.91515,3.7215,1h_ce,1h,ce,3h_SI3,3h,SI3,4.6366499999999995
-1.3253412,-11.29005,7.991023,9.264605,12.151573,0.5673752,N900_RS06145,Putative NAD(P)-binding protein YbjT_BLAST,1.2660860333333332,-0.30178,4.3368,1h_SI6,1h,SI6,6h_SI4,6h,SI4,4.63858
3.5474274,0.060123544,8.185709,14.300705,2.7225947,1.4847015,N900_RS06150,norM_2,-0.47219985000000003,-2.6746,4.6055,3h_SI6,3h,SI6,6h_SI3,6h,SI3,7.2801
5.0523043,1.1854925,9.227907,3.1023295,8.958019,1.8280898,N900_RS06155,lolD_2,0.9367486833333332,-0.79434,3.64,1h_SI2,1h,SI2,3h_SI3,3h,SI3,4.434340000000001
-5.6071877,-11.397255,10.0879345,6.4504514,14.28826,-0.8096584,N900_RS06160,ABC transporter permease_1,1.3019424733333333,-0.24903,3.2485,3h_co,3h,co,6h_SI4,6h,SI4,3.49753
-1.425221,-7.318569,11.219651,9.983547,13.443753,0.78413385,N900_RS06165,attH,1.1844797733333334,-0.42195,3.9753,6h_st,6h,st,3h_SI2,3h,SI2,4.39725
-4.4418516,-11.50697,8.154562,5.608564,8.662316,1.6650859,N900_RS06170,nhaA,1.1565925333333336,-0.68908,4.7214,6h_co,6h,co,3h_SI2,3h,SI2,5.41048
2.7092667,-3.0693297,7.5012345,3.6161509,8.453316,-3.1742587,N900_RS06175,argD,0.9509754166666666,-2.0934,4.965,1h_SI2,1h,SI2,12h_SI2,12h,SI2,7.0584
-6.0108824,-11.229246,1.7720865,1.8003184,13.318162,9.493043,N900_RS06180,VC_1624_BLAST,1.0404717166666666,-0.56893,6.0349,1h_SI4,1h,SI4,3h_st,3h,st,6.60383
-1.0013629,-4.8687797,11.168055,13.80486,5.932688,1.7309927,N900_RS06185,nspC,0.6152272833333333,-0.80671,3.1965,6h_SI9,6h,SI9,3h_SI4,3h,SI4,4.00321
-0.55546975,11.326092,7.828826,6.56671,2.0498648,-3.4617944,N900_RS06190,oprF,0.6862034933333333,-0.50035,3.268,6h_SI2,6h,SI2,3h_SI6,3h,SI6,3.76835
-0.80291843,-9.005807,6.223667,12.204432,6.4016366,-2.7593796,N900_RS06195,bepC,1.4891323166666666,0.052564,5.2696,1h_SI8,1h,SI8,3h_SI1,3h,SI1,5.217035999999999
3.8983603,-12.288776,10.958666,12.624478,6.5723796,-2.921293,N900_RS06200,Pseudogene_N900_RS06200,0.9270737666666664,-0.45709,3.7651,1h_SI6,1h,SI6,6h_st,6h,st,4.222189999999999
-0.7595845,-10.140869,11.37646,13.035111,11.000433,0.30207023,N900_RS06210,N900_RS06210,0.8064984333333333,-0.51619,4.4575,6h_SI7,6h,SI7,3h_SI5,3h,SI5,4.9736899999999995
-0.86310685,-12.120544,-0.7150563,2.3929913,2.198392,6.419094,N900_RS06215,N900_RS06215,0.31736758000000004,-1.2355,3.5411,6h_SI4,6h,SI4,3h_st,3h,st,4.7766
6.039127,-7.6429725,7.782009,10.452197,9.994485,-3.9508858,N900_RS06220,ynfM,0.8763427666666668,-0.55502,3.4905,1h_st,1h,st,6h_SI4,6h,SI4,4.04552
-6.690822,-2.406797,-5.991358,6.577813,12.831518,4.9841013,N900_RS06225,LysR family transcriptional regulator_5,0.931498155,-1.7134,6.8158,1h_SI9,1h,SI9,3h_st,3h,st,8.5292
8.185104,-7.7205963,10.463619,8.546193,8.558139,5.309316,N900_RS06230,"glutaredoxin, putative",0.13049939999999996,-1.8429,4.9277,1h_SI2,1h,SI2,6h_SI1,6h,SI1,6.7706
-5.9067974,-5.396104,12.557359,12.190045,8.9684925,-6.827459,N900_RS06235,ygjP,1.10176135,-0.63341,4.6717,1h_co,1h,co,3h_SI2,3h,SI2,5.305110000000001
-9.05618,-14.362873,10.412223,2.5735414,9.666859,3.6237137,N900_RS06240,rlmF,0.5804932050000001,-0.82616,4.1722,12h_st,12h,st,3h_st,3h,st,4.99836
-2.775979,1.0846556,-1.1952811,-5.208138,-4.686712,5.9302154,N900_RS06245,N900_RS06245,-1.1752615149999999,-3.4124,2.9078,6h_SI5,6h,SI5,3h_SI6,3h,SI6,6.3202
2.1994886,0.983002,8.35576,2.9678805,10.560699,3.2564938,N900_RS06250,pilW,1.0629094,-0.28585,3.7715,1h_SI8,1h,SI8,3h_SI3,3h,SI3,4.0573500000000005
7.1275516,-5.2449183,10.839512,2.309646,7.770505,5.6701417,N900_RS06255,metA,1.2950797666666667,-0.11409,5.1939,3h_SI1,3h,SI1,6h_SI2,6h,SI2,5.30799
-0.79356825,-15.698083,-2.0499234,-2.307717,3.0483515,-2.6598282,N900_RS06260,ATP-binding protein_1,1.1520138611666666,-0.34633,4.6917,6h_SI4,6h,SI4,6h_st,6h,st,5.03803
-5.1369214,2.2426705,-0.9157301,6.608927,7.596596,-4.937206,N900_RS06265,ABC transporter permease_4,0.34822705000000004,-2.6924,4.9633,1h_SI4,1h,SI4,3h_SI1,3h,SI1,7.6557
-1.2827628,-4.505174,5.5377707,-0.5594058,6.4903526,1.8851933,N900_RS06270,ABC transporter permease_3,-0.515561175,-2.5446,2.7036,1h_SI3,1h,SI3,3h_SI3,3h,SI3,5.2482
2.660242,-1.4854811,3.8282425,4.399958,12.883404,6.014654,N900_RS06275,HlyD family secretion protein,-0.7448976499999999,-2.495,3.4803,1h_SI4,1h,SI4,3h_SI3,3h,SI3,5.975300000000001
6.507368,3.4654942,-0.4463932,7.231336,11.144693,5.586293,N900_RS06280,N900_RS06280,-1.3573059500000002,-5.3348,3.6508,6h_SI6,6h,SI6,12h_SI1,12h,SI1,8.9856
-1.5372574,-12.031613,11.31044,7.1501513,2.1650558,3.829331,N900_RS06285,N900_RS06285,0.1098667781666667,-2.7977,5.2848,12h_SI8,12h,SI8,3h_SI2,3h,SI2,8.0825
-3.4245267,-1.5041537,8.375276,4.3508377,17.127464,-3.0422142,N900_RS06290,dpiB,0.6342087499999999,-0.88658,4.136,3h_SI7,3h,SI7,6h_ce,6h,ce,5.0225800000000005
-5.5355678,-1.4788985,9.098307,1.9876522,14.419124,-2.668379,N900_RS06295,citT,0.6784158483333333,-0.58417,3.4302,3h_st,3h,st,12h_st,12h,st,4.01437
1.6182681,-11.852909,-2.279756,2.2125661,9.6044855,-1.0840869,N900_RS06300,amino acid ABC transporter substrate-binding protein,1.67125445,-0.16746,5.6876,1h_SI4,1h,SI4,12h_SI1,12h,SI1,5.85506
2.2992208,-7.999274,9.509082,9.664995,12.29622,-4.5517964,N900_RS06305,chev_1,1.4909893333333335,-0.30907,5.2178,1h_SI9,1h,SI9,12h_SI2,12h,SI2,5.526870000000001
0.38671088,-9.019914,3.2816024,-0.5396055,11.935081,5.972737,N900_RS06310,N900_RS06310,0.8199282166666669,-0.46333,4.6233,6h_st,6h,st,6h_SI1,6h,SI1,5.08663
10.663286,4.019076,3.9483023,2.788524,7.472594,1.16886,N900_RS06315,N900_RS06315,0.9638124833333332,-0.5038,3.618,1h_SI9,1h,SI9,6h_SI3,6h,SI3,4.1218
-9.029963,1.300741,14.233168,7.1236205,14.42322,-2.642052,N900_RS06320,sensor domain-containing diguanylate cyclase_3,-0.23166758333333334,-1.9308,3.4321,24h_st,24h,st,3h_SI3,3h,SI3,5.3629
-5.483351,-10.062646,6.1224923,7.095916,6.147288,-2.7418716,N900_RS06335,ABC transporter substrate-binding protein_7,0.8131936833333334,-1.2873,3.6511,6h_SI3,6h,SI3,3h_SI3,3h,SI3,4.9384
4.8596125,-9.640087,6.823388,14.127683,6.142849,-0.92789215,N900_RS06340,bmr3_1,0.35335963333333337,-1.0647,3.7852,3h_SI4,3h,SI4,3h_SI3,3h,SI3,4.8499
2.875263,-5.130299,10.279453,15.970218,7.476307,0.22367129,N900_RS06345,galT,-0.6258904,-2.3352,2.3864,12h_SI5,12h,SI5,6h_SI3,6h,SI3,4.7216000000000005
3.7178648,-8.687441,7.219345,3.8213472,7.0597754,-10.384561,N900_RS06350,galK,-0.24927028333333334,-1.8776,3.0163,6h_SI8,6h,SI8,6h_st,6h,st,4.8939
-2.8503325,-7.1468477,15.282377,14.775502,7.579016,-0.7474776,N900_RS06355,galM,0.4891164,-0.82597,3.1706,6h_st,6h,st,1h_SI1,1h,SI1,3.9965699999999997
-0.42338616,-0.6238132,10.835541,13.8952875,2.0668132,0.2963209,N900_RS06360,N900_RS06360,0.6562077416666667,-0.81418,3.6856,3h_SI5,3h,SI5,6h_SI1,6h,SI1,4.49978
-1.6585712,-7.604625,-1.5493895,5.155352,10.715853,3.5617268,N900_RS06365,N900_RS06365,1.4543584666666665,-0.32706,6.1828,1h_SI8,1h,SI8,12h_st,12h,st,6.509860000000001
-2.1898324,-8.803662,7.2340665,6.3810987,10.801541,-1.9160248,N900_RS06370,fabG_3,1.22217805,-0.34277,4.5641,1h_SI6,1h,SI6,1h_st,1h,st,4.90687
-4.8847895,-7.517,14.101968,4.424552,4.5747876,-1.6835085,N900_RS06375,alsS,0.9845323333333333,-0.69278,4.6147,6h_SI2,6h,SI2,3h_SI2,3h,SI2,5.30748
-0.47815335,-9.832728,11.34308,10.764031,-0.62862,-2.442015,N900_RS06385,LysR family transcriptional regulator_6,0.11316683666666666,-1.4342,3.4431,24h_SI1,24h,SI1,3h_SI2,3h,SI2,4.8773
6.707889,-5.2671547,10.561644,1.944902,7.543047,4.0345306,N900_RS06390,ykgB,-0.13443480000000002,-1.6314,3.1552,12h_SI8,12h,SI8,12h_SI1,12h,SI1,4.7866
-9.07357,-8.542926,-4.776802,4.4573965,10.635185,7.1465344,N900_RS06395,katB,0.02655542499999999,-2.2213,5.4507,6h_ce,6h,ce,3h_st,3h,st,7.672000000000001
5.384142,-9.254988,7.2049956,12.316677,2.148134,-7.4195333,N900_RS06400,ankB protein,0.4228683833333333,-0.94908,3.7949,1h_st,1h,st,6h_st,6h,st,4.7439800000000005
2.008372,-3.438537,12.69705,0.6837859,7.3289924,2.743528,N900_RS06405,sodC,0.053715962833333325,-1.3075,3.0308,3h_SI1,3h,SI1,6h_SI2,6h,SI2,4.3383
0.64306927,-3.8489428,6.47673,-3.4683845,9.915751,8.076794,N900_RS06410,dabA_BLAST,0.05664059999999997,-1.3993,3.2424,6h_SI1,6h,SI1,1h_st,1h,st,4.6417
-0.61358756,-8.537036,10.814332,12.101075,8.406151,-7.7260356,N900_RS06415,dabB,1.09186875,-0.38913,4.0292,12h_st,12h,st,3h_SI1,3h,SI1,4.41833
1.1768595,-4.992106,5.2345576,13.154313,7.1663823,3.886962,N900_RS06420,LysR family transcriptional regulator_3,-0.0040467333333333595,-1.4142,3.0185,6h_SI4,6h,SI4,3h_SI2,3h,SI2,4.4327
3.9725037,-1.6896394,15.001969,8.554291,10.813685,4.5469756,N900_RS06425,almE,0.9466902666666666,-0.61522,4.662,24h_SI1,24h,SI1,3h_SI3,3h,SI3,5.27722
-2.2591,-0.8210041,8.577793,1.857884,-6.5324597,2.2741618,N900_RS06430,almF,-0.6555937166666668,-2.6337,4.2177,12h_SI1,12h,SI1,1h_SI1,1h,SI1,6.8514
0.030451417,-8.864829,3.4646938,8.792372,3.48705,1.2643173,N900_RS06435,almG,1.47984925,-0.054004,6.0282,1h_SI4,1h,SI4,3h_SI2,3h,SI2,6.082204
-2.972467,7.3142457,-0.012299657,-1.216788,-5.859279,1.8019531,N900_RS06440,VCM66_1516_BLAST,-0.6578911000000001,-3.3508,1.5046,3h_SI9,3h,SI9,3h_SI7,3h,SI7,4.8553999999999995
1.1413271,-10.61503,8.561047,11.658976,9.425089,-0.42282355,N900_RS06445,N900_RS06445,0.5991164516666667,-0.64961,3.0447,6h_co,6h,co,3h_SI5,3h,SI5,3.69431
-0.2721464,-2.2120745,2.9649155,-10.282797,12.299765,-5.1716747,N900_RS06450,membrane protein_7,0.2462347666666667,-1.6661,5.0831,24h_st,24h,st,6h_ce,6h,ce,6.7492
-0.08547218,-10.106029,3.7727058,10.009084,6.435542,-7.121934,N900_RS06455,fumC,0.5373946833333333,-1.5278,4.5736,24h_st,24h,st,3h_SI1,3h,SI1,6.1014
0.11009225,-3.513327,14.293584,10.461953,-0.80675757,6.5549283,N900_RS06460,N900_RS06460,-1.0119508333333331,-2.5012,4.4822,24h_st,24h,st,3h_SI4,3h,SI4,6.9834
-1.4642365,-2.287876,10.000677,6.534088,13.987677,2.872734,N900_RS06465,appC,1.1330999333333334,-0.66141,3.943,6h_SI6,6h,SI6,12h_SI1,12h,SI1,4.60441
-10.050181,0.905349,6.323424,-4.2776628,9.494833,-2.4399047,N900_RS06470,appB,0.2744866666666666,-1.8986,3.9833,6h_SI1,6h,SI1,6h_ce,6h,ce,5.8819
3.3488243,-4.6179986,5.8353076,1.6132255,7.311445,9.963005,N900_RS06475,yknY_2,0.29667531666666663,-2.0392,4.9901,6h_SI5,6h,SI5,1h_st,1h,st,7.0293
-0.04269612,-10.405767,11.89504,1.1761285,7.2584205,-7.9262,N900_RS06480,macB_1,0.9848011000000002,-0.48826,3.2274,1h_st,1h,st,6h_SI3,6h,SI3,3.7156599999999997
-5.055736,-9.176387,6.261277,3.1771128,15.085535,-3.320862,N900_RS06485,macB_2,1.370453883333333,-0.44865,4.1236,1h_SI9,1h,SI9,6h_ce,6h,ce,4.5722499999999995
2.810519,-3.1643436,0.14297475,6.584985,3.288703,1.1834711,N900_RS06490,tolc,0.3882127616666667,-2.6967,3.4288,6h_SI7,6h,SI7,12h_co,12h,co,6.1255
0.6076468,-8.976143,9.438065,11.944251,11.72513,1.7379711,N900_RS06495,macA,1.1646526600000002,-0.10084,4.6484,1h_SI7,1h,SI7,12h_SI1,12h,SI1,4.7492399999999995
5.6417723,4.973788,-2.2315252,3.6252935,-1.1775289,6.848537,N900_RS06500,varG,-0.80341435,-3.7278,1.9281,12h_SI8,12h,SI8,24h_SI2,24h,SI2,5.6559
-9.16513,-11.57708,5.5459394,6.9193525,11.748952,0.15806428,N900_RS06505,lysr_3,1.3686262649999998,-0.17954,5.1172,3h_SI4,3h,SI4,3h_st,3h,st,5.296740000000001
-0.7201442,8.121753,-0.08966963,10.335202,9.589885,-4.476177,N900_RS06510,katG,1.6284244,-0.15532,6.1199,1h_SI7,1h,SI7,3h_SI1,3h,SI1,6.27522
-3.4114494,-3.4944892,16.99262,4.2122064,4.724417,6.039298,N900_RS06515,bglA,0.3514252833333334,-1.2127,4.6944,6h_SI2,6h,SI2,3h_SI4,3h,SI4,5.9071
-6.425358,-14.191326,8.159215,8.618924,13.146119,2.5186152,N900_RS06520,LacI family DNA-binding transcriptional regulator,0.21405076666666664,-1.4059,3.5196,12h_SI7,12h,SI7,3h_st,3h,st,4.9254999999999995
-2.5087752,2.0175927,3.084142,2.3976233,1.2912351,-1.3775191,N900_RS06525,rutC,0.8426624833333332,-1.0713,3.4002,6h_SI5,6h,SI5,3h_SI5,3h,SI5,4.4715
-0.1393961,-5.736939,14.355196,11.654415,12.297374,1.8725637,N900_RS06530,Toxin-antitoxin biofilm protein TabA homolog_BLAST,0.7889990166666667,-0.54007,3.4739,3h_st,3h,st,6h_SI1,6h,SI1,4.0139700000000005
-0.51962847,1.7685387,5.3840866,8.8820095,7.3482785,6.1484957,N900_RS06535,glpQ_1,-0.6283875833333333,-3.2997,3.3835,24h_ce,24h,ce,1h_SI1,1h,SI1,6.6832
2.0610127,-2.2570527,7.6732025,15.964578,7.4367523,-0.37636146,N900_RS06540,glpR_1,0.15112328500000005,-1.2938,3.3732,3h_SI6,3h,SI6,6h_SI2,6h,SI2,4.667
-8.904763,-11.738592,5.254608,-4.7382493,9.237763,-2.241013,N900_RS06545,ugpc,-0.01677286666666663,-1.8148,5.9263,12h_SI7,12h,SI7,6h_ce,6h,ce,7.7411
1.6588389,-3.240097,13.999098,10.947391,-1.83476,4.736849,N900_RS06550,ugpE,-0.31219335,-2.0951,4.3218,24h_SI3,24h,SI3,3h_SI5,3h,SI5,6.4169
-7.5366535,-5.469402,11.398751,10.6996765,13.589033,0.9555546,N900_RS06555,ugpA,0.9400644333333333,-0.67973,4.0264,12h_SI7,12h,SI7,3h_SI5,3h,SI5,4.70613
3.9305327,-3.8691058,7.028938,13.799254,8.10453,-3.693224,N900_RS06560,ugpB,0.19030280083333334,-2.3256,3.2723,6h_SI7,6h,SI7,6h_SI1,6h,SI1,5.5979
-7.258298,-14.660965,8.2987175,6.7716064,14.222311,3.5694802,N900_RS06565,tonB,0.9359012466666665,-0.50393,6.0376,6h_co,6h,co,3h_st,3h,st,6.54153
0.109920405,-9.176703,13.275007,5.709071,11.575192,0.3727102,N900_RS06570,mota,0.6697279516666667,-0.84504,3.8276,3h_SI1,3h,SI1,3h_SI2,3h,SI2,4.6726399999999995
-2.737499,-5.317566,13.984647,12.218695,13.714506,-3.3796709,N900_RS06575,tolQ_3,1.0613484833333333,-0.39571,4.9052,1h_st,1h,st,12h_SI1,12h,SI1,5.30091
-8.50776,-7.1750126,13.647164,2.6369088,12.737202,-6.794744,N900_RS06580,exbd,0.913149545,-0.577,4.6941,1h_ce,1h,ce,6h_ce,6h,ce,5.2711
0.0023837686,-17.253998,4.7560534,9.249134,9.139293,-1.7166452,N900_RS06585,TonB_1,0.7636807999999998,-0.84175,4.443,6h_SI7,6h,SI7,6h_st,6h,st,5.28475
2.4396,-6.305029,3.8559537,10.064127,7.5747323,-3.8561244,N900_RS06590,N900_RS06590,1.0068560766666665,-0.67461,4.6176,1h_ce,1h,ce,3h_SI3,3h,SI3,5.292210000000001
-2.617263,-5.3602796,12.1301155,10.46881,12.204839,-1.5411004,N900_RS06595,ligA_1,0.7796801688333332,-0.67142,3.8058,1h_st,1h,st,3h_SI3,3h,SI3,4.47722
3.5853539,-14.103172,0.71279323,7.1389513,3.060375,-2.4266932,N900_RS06600,N900_RS06600,0.4151725,-1.1839,4.3176,12h_ce,12h,ce,6h_st,6h,st,5.5015
-3.6922188,1.0369493,8.900713,-3.607184,13.222582,-8.980442,N900_RS06605,vcmA,1.1191887350000003,-0.74045,5.9166,6h_co,6h,co,6h_ce,6h,ce,6.65705
3.9583275,1.2186481,-1.8775861,0.6203065,10.515911,-4.9615264,N900_RS06610,CPXCG motif-containing cysteine-rich protein,1.3797458,-1.7883,6.0201,6h_SI7,6h,SI7,12h_SI1,12h,SI1,7.808400000000001
-11.24774,6.9249763,9.247444,6.2440004,14.180622,-7.2322946,N900_RS06615,VC_1539_BLAST,0.0373588783333333,-1.4805,4.4597,6h_SI3,6h,SI3,3h_SI1,3h,SI1,5.9402
-4.8150015,-16.570538,9.554046,10.97147,8.314083,0.048005696,N900_RS06620,N900_RS06620,1.3867726166666665,-0.51522,4.4114,12h_st,12h,st,3h_st,3h,st,4.926620000000001
-5.903921,-8.15824,9.049802,9.273506,10.715246,1.9220442,N900_RS06625,NlpC,0.5121922000000001,-1.0626,2.9137,12h_st,12h,st,6h_SI1,6h,SI1,3.9763
5.9506288,-8.955886,2.0638623,9.036063,8.914239,-3.2576985,N900_RS06630,methyl-accepting chemotaxis protein_2,1.513814866666667,-0.23704,6.0849,1h_SI8,1h,SI8,6h_st,6h,st,6.321940000000001
-0.82840776,-2.1824908,10.751061,6.780824,7.922169,6.8428125,N900_RS06635,N900_RS06635,0.21786024666666665,-1.5181,4.7797,12h_SI2,12h,SI2,3h_SI3,3h,SI3,6.2978000000000005
2.3681245,-10.561895,11.2194,5.8753605,7.2309494,-5.4140024,N900_RS06640,tRNA-uridine aminocarboxypropyltransferase_BLAST,0.7705398183333333,-0.9013,3.0311,3h_SI1,3h,SI1,1h_SI1,1h,SI1,3.9324
1.7664877,-13.95,3.4385066,6.59949,12.118753,1.5362456,N900_RS06645,nagK,1.1228472183333336,-1.0026,4.1936,1h_SI4,1h,SI4,12h_st,12h,st,5.1962
-10.779381,-15.561791,-9.055803,-2.6362464,6.2810884,9.866694,N900_RS06650,N900_RS06650,0.009954808333333332,0.00012735,0.43711,1h_SI7,1h,SI7,3h_st,3h,st,0.43698265
-0.5796638,-0.6978481,8.461179,13.84338,2.8804057,-0.25034818,N900_RS06655,N900_RS06655,1.0726542133333334,-0.36556,5.5148,12h_SI4,12h,SI4,3h_SI1,3h,SI1,5.8803600000000005
-5.498506,-14.082549,-2.2005258,3.5484154,-0.13927533,-8.428376,N900_RS06660,N900_RS06660,-0.15241848333333333,-1.9089,4.2832,3h_SI6,3h,SI6,6h_st,6h,st,6.1921
-4.194906,-11.595475,3.5323951,6.204409,8.281751,-0.43083498,N900_RS06665,amino acid ABC transporter,1.0942079999999998,-0.47723,3.9824,3h_co,3h,co,3h_SI1,3h,SI1,4.45963
-2.2695131,-6.3596425,8.552387,10.671505,8.404101,-7.656119,N900_RS06670,MoeA,1.494521666666667,0.15517,5.0099,1h_SI3,1h,SI3,3h_SI1,3h,SI1,4.85473
5.650971,-4.406516,6.7374783,0.1094583,12.260167,-3.2607706,N900_RS06675,mobA,0.551868075,-0.77618,4.4296,24h_st,24h,st,12h_SI2,12h,SI2,5.20578
5.057484,-3.1794357,1.1672547,9.953927,8.734694,-0.66764647,N900_RS06680,btuD_1,0.7745641216666667,-1.003,4.0921,24h_SI9,24h,SI9,12h_st,12h,st,5.0951
2.038967,0.15968387,5.1040235,2.8004892,4.163696,-2.5217345,N900_RS06685,tupB,1.2047893056666663,-0.47567,4.8594,1h_ce,1h,ce,6h_SI1,6h,SI1,5.33507
0.51639736,-8.037363,1.7995526,10.885982,1.5162462,-7.392154,N900_RS06690,tungsten ABC transporter substrate-binding protein,-0.013690531166666664,-1.834,4.7097,24h_st,24h,st,3h_SI1,3h,SI1,6.543699999999999
2.852542,-8.288387,6.634802,9.271093,8.395248,-0.3244958,N900_RS06695,atoC_2,0.6521600499999999,-0.99036,4.9041,3h_st,3h,st,12h_st,12h,st,5.89446
-1.1705949,-4.994483,14.442936,13.233097,8.770271,0.5952536,N900_RS06700,sasA_2,0.48825141666666666,-0.65069,2.7977,1h_st,1h,st,6h_SI1,6h,SI1,3.44839
-4.6014566,-12.290515,1.158921,5.3310614,12.335631,6.6719112,N900_RS06705,ybiT,1.2500275000000003,-0.51878,6.5922,1h_SI1,1h,SI1,3h_st,3h,st,7.11098
-4.7737083,-3.3036513,5.5274467,11.411982,9.16208,-4.369152,N900_RS06710,fdhD,0.8535228,-0.93791,5.0436,6h_co,6h,co,3h_SI1,3h,SI1,5.98151
1.0097363,1.1524764,10.631587,-3.299965,7.919611,2.2645664,N900_RS06715,N900_RS06715,0.5641505666666667,-1.1735,5.2824,1h_SI1,1h,SI1,3h_SI5,3h,SI5,6.4559
-6.002397,-6.940583,7.49927,4.758209,14.04521,-2.4673629,N900_RS06720,N900_RS06720,0.24696005000000001,-0.92208,2.9459,6h_SI8,6h,SI8,12h_st,12h,st,3.86798
-5.4510565,-15.853131,3.6818995,6.8177695,8.987294,-0.09013042,N900_RS06725,napF_1,0.8388170416666666,-0.54609,4.4715,12h_st,12h,st,3h_st,3h,st,5.01759
12.077038,1.4472021,7.1916995,6.0225067,4.969399,0.25270456,N900_RS06730,molecular chaperone,0.6710938366666667,-0.71991,4.3707,1h_co,1h,co,6h_SI2,6h,SI2,5.09061
3.631485,2.6958055,13.1734,6.6016955,2.3373165,2.9458473,N900_RS06735,transcriptional initiation protein Tat,-0.43034179666666666,-2.0082,4.6355,24h_SI2,24h,SI2,6h_SI2,6h,SI2,6.643700000000001
3.4863746,-6.682412,13.407402,14.53043,7.5019064,2.6022947,N900_RS06740,napA_1,0.6587827950000001,-0.77882,3.7293,6h_SI4,6h,SI4,3h_SI4,3h,SI4,4.50812
0.61939025,0.97267514,13.959219,1.4785209,11.550188,-3.6287918,N900_RS06745,fdhB1,0.20078578333333333,-0.97867,3.5238,6h_st,6h,st,1h_SI1,1h,SI1,4.50247
-2.6102705,-4.0628223,18.977919,8.531525,4.3647065,0.5089569,N900_RS06750,formate dehydrogenase subunit gamma,0.396028855,-1.4337,4.3571,12h_SI2,12h,SI2,3h_SI5,3h,SI5,5.7908
0.8761639,-3.3894255,12.819351,4.533574,9.430186,1.4684523,N900_RS06755,N900_RS06755,0.3686837583333333,-0.83096,2.5263,1h_ce,1h,ce,1h_co,1h,co,3.35726
-4.506466,-8.494129,0.60649484,6.9449134,13.716623,3.5331433,N900_RS06760,cobB,1.0480848666666664,-0.46096,4.1241,1h_SI9,1h,SI9,3h_st,3h,st,4.58506
0.445512,-9.613562,6.4657636,-0.38308597,-2.026497,6.915671,N900_RS06765,VC0395_A1115_BLAST,0.5598267833333334,-2.4472,5.517,6h_ce,6h,ce,3h_SI2,3h,SI2,7.9642
-6.0963025,-7.185194,6.3289833,7.0531383,11.230383,-0.67241395,N900_RS06770,aroH,-0.0747758,-1.3166,2.9544,3h_SI2,3h,SI2,12h_SI2,12h,SI2,4.271
3.9385834,-5.064524,13.192704,14.003336,8.815289,0.66280067,N900_RS06775,N900_RS06775,0.6013934333333335,-0.74408,3.7176,6h_st,6h,st,6h_SI2,6h,SI2,4.46168
-2.9812298,-16.140627,4.0325165,7.102787,3.7102962,-2.257781,N900_RS06780,N900_RS06780,0.9178522108333333,-0.66707,4.6613,6h_SI2,6h,SI2,6h_st,6h,st,5.32837
-8.193211,2.0869012,9.599778,8.458104,-2.916269,-3.0299585,N900_RS06785,cvfB,-0.0924345,-2.5392,3.3421,3h_SI9,3h,SI9,1h_SI1,1h,SI1,5.8812999999999995
-4.9064784,-12.67989,9.051327,9.040469,12.87998,3.4942818,N900_RS06790,rsmF,0.667166275,-0.95031,3.9896,6h_SI6,6h,SI6,3h_SI3,3h,SI3,4.939909999999999
-6.110531,-13.715607,9.234926,9.838624,10.529828,-3.1622639,N900_RS06795,yebT,0.8016523616666668,-0.4925,3.4809,1h_st,1h,st,3h_SI1,3h,SI1,3.9734000000000003
-5.0078297,-12.75736,6.5808644,5.5655737,12.906378,2.2717898,N900_RS06800,paraquat-inducible protein A,0.9318864416666667,-0.8312,4.4398,1h_SI1,1h,SI1,3h_st,3h,st,5.271
8.9271,-3.0340137,12.101249,13.455716,2.493898,3.8505795,N900_RS06805,ABC transporter ATP-binding protein_2,0.32236509999999996,-1.5613,4.7015,12h_SI4,12h,SI4,6h_SI1,6h,SI1,6.2628
-6.749392,-5.8555737,16.34772,8.345792,14.031523,-1.5665671,N900_RS06810,msrC_BLAST,0.8131330200000001,-0.61003,4.5476,1h_st,1h,st,3h_SI3,3h,SI3,5.15763
-3.262576,2.5027704,12.726966,8.821409,6.7111955,-4.085446,N900_RS06815,proQ,0.07405420000000001,-1.8077,2.8845,1h_ce,1h,ce,3h_SI4,3h,SI4,4.6922
-0.1952354,-8.685407,6.78476,11.480079,3.9719837,0.7255635,N900_RS06820,prc,-0.35085686666666666,-2.2908,3.5145,6h_SI1,6h,SI1,12h_SI1,12h,SI1,5.8053
-6.028192,-4.948591,12.274855,6.041444,13.8553,-4.736669,N900_RS06825,N900_RS06825,0.45651191666666674,-0.90656,2.7194,3h_st,3h,st,3h_SI2,3h,SI2,3.62596
10.443862,5.918265,6.9419155,7.190091,-1.4260556,4.269548,N900_RS06830,pepN,-0.14506495433333338,-1.5789,3.8089,12h_SI2,12h,SI2,6h_SI2,6h,SI2,5.3878
1.0265615,6.1099095,0.67471725,-4.7177258,6.6248236,3.2223737,N900_RS06835,N900_RS06835,-0.10428771166666667,-1.3903,2.9967,3h_ce,3h,ce,12h_SI2,12h,SI2,4.3870000000000005
0.19421981,1.4174932,7.4801025,3.000184,7.572753,0.2498845,N900_RS06840,gdhB,0.8288471233333333,-1.7366,4.025,3h_SI7,3h,SI7,12h_SI2,12h,SI2,5.7616000000000005
9.497245,-3.5530474,5.172625,9.009955,1.5027553,3.7192395,N900_RS06845,pyrD,-0.7524003833333333,-4.032,3.3738,12h_SI8,12h,SI8,12h_st,12h,st,7.4058
5.9916825,-5.374285,1.229341,10.739663,-0.55151653,-1.2591347,N900_RS06850,zapc,-0.9523734166666667,-3.5584,2.9152,6h_ce,6h,ce,6h_st,6h,st,6.473599999999999
4.521664,-15.127539,11.104537,7.58992,-1.5149952,-2.2632072,N900_RS06855,rlmKL,0.47590435000000014,-0.76432,4.4731,24h_SI3,24h,SI3,6h_st,6h,st,5.237419999999999
0.7766657,-5.178174,2.7338793,5.553183,-1.7735038,9.514075,N900_RS06860,N900_RS06860,-1.4198218499999997,-4.1062,3.2189,6h_ce,6h,ce,1h_ce,1h,ce,7.325100000000001
-11.342794,4.0514836,4.45727,8.592074,-3.3525443,-1.6271452,N900_RS06865,uup,0.19111726666666665,-1.7814,3.3423,6h_SI2,6h,SI2,3h_SI1,3h,SI1,5.1236999999999995
-4.7685976,-10.470977,4.3182087,3.948187,9.581991,-3.142606,N900_RS06875,rmf,1.46844075,-0.24621,5.1127,1h_SI6,1h,SI6,3h_SI2,3h,SI2,5.35891
4.175005,-15.430557,3.3192992,10.913994,9.489512,5.115742,N900_RS06880,fabA,1.8441144333333335,-0.062449,4.0446,6h_SI9,6h,SI9,12h_st,12h,st,4.107049
0.5756983,-9.36217,6.6894984,9.049562,10.915295,-2.1297984,N900_RS06885,ATP-dependent protease LA-related protein,0.7964509666666668,-0.78672,4.6291,1h_SI9,1h,SI9,3h_SI2,3h,SI2,5.41582
-1.6704985,-0.071217775,7.3360124,2.7556226,-1.3428718,-6.7525992,N900_RS06890,matP,-0.1578106561666666,-2.9662,3.2171,1h_SI2,1h,SI2,3h_SI7,3h,SI7,6.1833
7.789319,-10.351932,6.8202934,7.7171497,3.4620702,-4.270125,N900_RS06895,N900_RS06895,0.4865406500000001,-1.0144,4.3278,3h_SI6,3h,SI6,6h_st,6h,st,5.3422
-2.1946826,-12.32718,0.25791526,5.2725196,15.499703,3.7819393,N900_RS06900,N900_RS06900,1.2459248366666666,-0.24,5.2914,3h_SI4,3h,SI4,12h_st,12h,st,5.5314000000000005
4.142,0.44328764,-3.842207,-5.08394,-0.58069384,-5.941108,N900_RS06945,N900_RS06945,0.013707350000000005,-2.0858,2.8167,3h_SI6,3h,SI6,3h_SI7,3h,SI7,4.9025
2.835168,-3.361191,4.5918684,11.000098,13.212217,1.2441742,N900_RS06955,DNA replication protein_1,1.5418287666666664,-0.76994,4.6859,6h_SI4,6h,SI4,3h_SI3,3h,SI3,5.45584
-6.686674,-8.329857,9.148729,10.020409,13.223765,2.9717357,N900_RS06980,DNA-binding protein,0.5111554333333335,-0.8985,2.9149,6h_st,6h,st,12h_SI1,12h,SI1,3.8133999999999997
-0.3925413,4.008155,6.660925,-2.9530666,-2.3282006,-4.337935,N900_RS07000,rstc,-0.13306151666666663,-2.4485,2.4297,12h_SI3,12h,SI3,3h_SI7,3h,SI7,4.8782
2.4257214,-9.944663,6.675291,7.1594863,8.342065,-7.5001326,N900_RS07020,colonization factor,0.2810398333333333,-1.2568,3.7478,3h_SI6,3h,SI6,3h_SI2,3h,SI2,5.0046
-9.405271,0.7526303,8.910352,1.1652067,15.577437,-10.636229,N900_RS07025,VC_1460_BLAST,0.18067133333333332,-1.0853,3.8395,3h_SI3,3h,SI3,6h_ce,6h,ce,4.9248
-0.11865023,1.6250378,12.013535,11.6402855,11.716674,-2.7942522,N900_RS07030,ace,0.4396666166666667,-0.94895,2.8272,6h_SI9,6h,SI9,12h_SI1,12h,SI1,3.77615
-2.6120703,-1.4969131,5.1432447,2.682745,16.862076,0.6652852,N900_RS07035,zot,0.8242189833333332,-0.85338,4.197,6h_SI4,6h,SI4,12h_SI1,12h,SI1,5.0503800000000005
2.7165513,-9.985573,10.855176,4.5295053,11.996333,7.504419,N900_RS07040,ctxA,1.6031479666666668,-0.28437,5.9364,1h_SI5,1h,SI5,3h_SI4,3h,SI4,6.22077
5.58711,-3.496757,12.067304,4.4416986,10.275368,0.26709828,N900_RS07045,ctxB,1.2130298333333334,-0.24055,4.3415,1h_SI7,1h,SI7,12h_SI3,12h,SI3,4.58205
3.9658349,1.7788649,12.406036,6.2495008,-0.049874768,2.1651661,N900_RS07050,rtxA,-0.30215816666666667,-1.6921,2.9957,3h_SI9,3h,SI9,1h_SI1,1h,SI1,4.687799999999999
1.839782,-6.051908,14.96158,4.3855243,5.9045124,0.9274751,N900_RS07055,toxin-activating lysine-acyltransferase,0.6039549883333334,-1.2957,4.1859,3h_ce,3h,ce,3h_SI5,3h,SI5,5.4816
-1.8810849,-3.29164,8.484322,2.0750594,-3.4489272,-6.2744527,N900_RS07060,N900_RS07060,-0.5776163333333334,-3.6267,4.6598,6h_co,6h,co,3h_SI5,3h,SI5,8.2865
-5.205333,0.61743397,10.769331,4.827825,-2.9144928,3.3001404,N900_RS07065,peptidase domain-containing ABC transporter,-0.7304131366666665,-3.5673,3.2553,3h_SI9,3h,SI9,3h_SI7,3h,SI7,6.8225999999999996
-1.9008315,-7.8368783,11.111978,14.042095,8.428486,0.37154406,N900_RS07070,HlyD family type I secretion periplasmic adaptor subunit_1,0.9266006583333334,-0.70436,5.2161,12h_SI1,12h,SI1,6h_SI3,6h,SI3,5.92046
-9.758482,-5.9502473,11.387512,4.6739435,13.610538,-5.236351,N900_RS07075,hlyB,0.9821974,-0.38911,4.9351,1h_SI8,1h,SI8,3h_SI4,3h,SI4,5.32421
10.059845,-6.8795447,6.819756,10.039569,-1.3703746,-6.3635745,N900_RS07080,rcsC_3,0.3931739,-0.8092,5.5141,3h_SI9,3h,SI9,6h_st,6h,st,6.3233
-8.125278,-7.1563654,16.498425,11.954464,7.8254414,-5.747683,N900_RS07085,histidine kinase,0.4138719250000001,-1.1388,3.9106,6h_SI1,6h,SI1,6h_SI4,6h,SI4,5.0494
-5.023371,2.5249212,9.049572,13.505712,3.0928233,-4.174067,N900_RS07090,N900_RS07090,0.11450885666666667,-1.2717,3.9674,6h_SI2,6h,SI2,3h_SI1,3h,SI1,5.2391000000000005
-0.0127646625,-2.1439354,11.097556,14.51902,7.820083,-3.1703498,N900_RS07095,ccoN,1.1136141833333335,-1.5456,5.1277,1h_SI2,1h,SI2,3h_SI1,3h,SI1,6.6733
0.13028124,-6.353084,2.9860299,-4.051175,0.2447529,3.6459842,N900_RS07100,ccoO,0.29917746333333334,-1.9615,3.3158,12h_SI9,12h,SI9,3h_SI5,3h,SI5,5.2773
5.2106943,-2.8258274,9.266662,-3.4918413,7.322759,-1.0211289,N900_RS07110,ccoP,-0.03789021999999998,-1.9196,4.028,6h_SI7,6h,SI7,6h_SI2,6h,SI2,5.9475999999999996
4.4138803,-7.112682,14.506933,3.1475866,7.539325,0.53393966,N900_RS07115,ccoH,1.1404945333333336,-0.62065,4.7388,1h_co,1h,co,6h_SI2,6h,SI2,5.359450000000001
-0.17621383,-4.1838284,15.3611355,6.0971017,13.358486,-3.306451,N900_RS07120,cadA,1.4978633,-0.50784,4.8596,1h_SI3,1h,SI3,3h_SI3,3h,SI3,5.36744
3.5907664,-7.697115,4.419746,-0.38300082,7.268757,0.7735164,N900_RS07125,ccoS,0.14297800000000002,-2.0442,3.958,1h_SI3,1h,SI3,3h_SI2,3h,SI2,6.0022
1.3479707,-11.56804,9.209287,7.2383275,-4.5033803,-2.7834733,N900_RS07130,N900_RS07130,0.47849058166666664,-2.2824,4.8374,12h_SI3,12h,SI3,6h_st,6h,st,7.1198
3.864844,1.625977,3.1957643,6.9298596,10.374395,3.6499665,N900_RS07140,uspE,0.8504629316666666,-0.59315,5.3884,12h_SI4,12h,SI4,3h_SI3,3h,SI3,5.9815499999999995
-11.833944,-6.278324,1.3081673,5.6516485,7.6269374,4.2854176,N900_RS07145,ttcA,0.29876317666666663,-1.6475,5.0304,6h_SI1,6h,SI1,3h_st,3h,st,6.6779
-0.7089708,-0.810558,12.8601885,11.749008,11.326451,-5.70165,N900_RS07150,N900_RS07150,0.8882288666666668,-0.58219,4.1202,3h_st,3h,st,6h_SI4,6h,SI4,4.702389999999999
-7.4223604,-9.51912,7.0356045,12.078918,9.568766,3.428566,N900_RS07155,glucosaminidase,0.4029179333333333,-1.0964,4.0105,6h_SI4,6h,SI4,3h_SI1,3h,SI1,5.1069
1.3044072,-10.547016,11.088989,8.510073,11.589722,-1.3342646,N900_RS07160,N900_RS07160,0.5299203166666666,-1.3428,3.5137,12h_SI7,12h,SI7,3h_SI4,3h,SI4,4.8565000000000005
2.3396323,-3.246496,10.52553,0.87455213,1.0507636,0.69566065,N900_RS07165,potA,-0.6177545166666666,-2.1897,2.5308,12h_ce,12h,ce,24h_st,24h,st,4.7205
2.881534,-14.904881,10.796772,2.2345076,3.5543156,-3.5001116,N900_RS07170,potB,0.4825185833333333,-0.87231,4.4464,1h_SI5,1h,SI5,6h_st,6h,st,5.318709999999999
2.5179853,1.8816235,4.929928,0.52860653,4.1281314,-11.382011,N900_RS07175,potC,0.6767962166666668,-2.0585,4.1782,3h_SI6,3h,SI6,6h_SI4,6h,SI4,6.236700000000001
3.6424835,2.451539,2.7318416,11.197406,8.376754,-1.3068244,N900_RS07180,potD_1,1.2015599666666665,-1.0826,5.0131,6h_SI7,6h,SI7,6h_SI3,6h,SI3,6.0957
5.927882,-4.2308044,7.5780463,-0.99681485,8.127875,5.170703,N900_RS07185,potD_2,0.5776087,-1.3399,4.0568,1h_ce,1h,ce,12h_st,12h,st,5.3967
4.1151533,-3.1515956,14.152091,11.650334,2.2418895,2.1855154,N900_RS07190,chromosome segregation ATPase_1,0.33410280000000003,-1.3384,3.4822,24h_SI2,24h,SI2,3h_SI4,3h,SI4,4.820600000000001
-0.7091405,-2.0058713,14.229403,9.863802,9.509835,-5.8730955,N900_RS07195,N900_RS07195,0.7000432833333333,-0.80146,3.5485,3h_st,3h,st,6h_SI4,6h,SI4,4.34996
4.712065,-8.329309,9.819054,12.370023,4.053414,-4.361299,N900_RS07200,alsT_2,1.08547655,-0.49983,4.5313,3h_SI3,3h,SI3,6h_st,6h,st,5.03113
2.1587782,-8.113765,7.351728,9.028407,12.468908,-1.4614865,N900_RS07205,rhtB_3,1.3693533308333334,-0.60225,4.9237,1h_co,1h,co,12h_st,12h,st,5.52595
8.1724205,-15.580939,9.423872,5.853231,0.1459513,2.4652457,N900_RS07210,N900_RS07210,-0.15206748333333334,-2.3909,5.0833,6h_ce,6h,ce,6h_st,6h,st,7.4742
-3.9644923,-9.46208,12.582356,12.433663,5.731926,1.9968977,N900_RS07215,tsiV1,0.16211520500000004,-1.5735,4.2449,12h_SI5,12h,SI5,6h_SI2,6h,SI2,5.8184000000000005
0.20826986,-5.00429,9.877332,3.317028,10.673755,5.8700333,N900_RS07220,tseL,0.7280727166666667,-0.87123,4.6377,6h_SI1,6h,SI1,12h_st,12h,st,5.508929999999999
-3.5926933,0.7693272,9.05824,-6.4551764,11.392677,1.1102401,N900_RS07225,N900_RS07225,0.26196571333333335,-1.257,3.5878,12h_SI8,12h,SI8,6h_ce,6h,ce,4.8448
-1.93923,5.117992,13.412043,1.3454957,8.677811,3.4973757,N900_RS07230,tssI_1,-0.7208860366666665,-2.1697,2.0946,6h_SI1,6h,SI1,12h_SI2,12h,SI2,4.2643
4.1300354,-4.41592,10.392793,7.2475734,8.2595005,2.349614,N900_RS07235,hcp-2_D1,1.4869275666666664,-0.89732,5.7181,6h_SI5,6h,SI5,3h_SI4,3h,SI4,6.615419999999999
-3.4353006,-14.303413,9.552486,11.820555,11.815333,3.7245853,N900_RS07240,carboxypeptidase M32,0.82394318,-0.41973,3.9068,12h_SI7,12h,SI7,3h_SI4,3h,SI4,4.32653
-8.513355,0.19549528,10.791131,2.4278603,16.800243,-8.345025,N900_RS07245,methyl-accepting chemotaxis protein_9,-0.032054583333333365,-1.3867,3.9365,6h_st,6h,st,6h_ce,6h,ce,5.3232
0.75596917,-3.927147,11.624622,9.148361,12.670336,-5.79531,N900_RS07250,vceB,0.7054589583333332,-0.8033,3.7177,12h_st,12h,st,12h_SI1,12h,SI1,4.521
-2.189038,-7.278539,15.834323,11.200448,9.263348,-0.46789113,N900_RS07255,vceA,0.48418877,-0.74287,3.3961,6h_st,6h,st,3h_SI2,3h,SI2,4.1389700000000005
-3.6412916,-16.911234,8.782932,5.172532,10.657881,-0.08595592,N900_RS07260,vceC,0.6589191299999999,-0.83511,3.5694,12h_st,12h,st,3h_st,3h,st,4.40451
-5.126059,-6.669849,7.8772206,8.921673,8.193128,-3.8790195,N900_RS07265,vceR,0.5964662500000001,-2.3098,4.1965,1h_SI5,1h,SI5,3h_SI1,3h,SI1,6.5063
-2.1244311,-9.350511,12.232128,13.540294,10.190374,-2.9616342,N900_RS07270,rhlE_1,0.62821655,-0.8934,3.5773,6h_ce,6h,ce,3h_SI2,3h,SI2,4.4707
2.4159296,-5.4219737,12.755077,8.955267,9.173734,-0.2608997,N900_RS07275,PAS domain S-box protein_1,1.333461103,-0.16479,5.1171,1h_SI7,1h,SI7,12h_SI2,12h,SI2,5.28189
-6.500282,-0.030771611,8.749763,-2.4323463,8.783861,-4.4791102,N900_RS07280,mlp16,0.50991453,-0.78416,3.9606,6h_SI1,6h,SI1,6h_ce,6h,ce,4.744759999999999
-3.2466352,-16.799095,7.035552,10.514742,8.748463,0.6142428,N900_RS07285,mlp14,0.673507205,-0.52864,3.7456,1h_SI9,1h,SI9,3h_SI2,3h,SI2,4.27424
-0.95493495,-8.33638,11.715291,8.362706,10.893699,-3.2963624,N900_RS07290,cheW,1.3193963033333336,-0.62733,4.8388,1h_co,1h,co,12h_SI2,12h,SI2,5.46613
3.1974573,1.9058548,0.6381228,7.476021,6.656847,-3.0072262,N900_RS07295,cheB1,-0.06628589333333335,-2.331,3.9986,12h_SI5,12h,SI5,12h_SI3,12h,SI3,6.3296
11.654747,-5.9835105,10.940364,3.822797,3.507082,0.2883224,N900_RS07300,N900_RS07300,1.172540076666667,-0.35308,4.298,1h_SI9,1h,SI9,6h_SI3,6h,SI3,4.65108
-0.083271965,-5.0476756,14.914203,13.404347,9.083197,-4.0363173,N900_RS07305,cheR1,1.1930420166666669,-0.31754,3.8772,1h_SI8,1h,SI8,6h_SI2,6h,SI2,4.19474
-5.282136,2.884912,8.834272,4.5026617,6.7046003,-1.5035076,N900_RS07310,cheY2,0.26305344666666663,-1.2478,3.4935,6h_SI2,6h,SI2,6h_SI4,6h,SI4,4.7413
6.0992603,-0.37689114,4.6751013,4.4109225,9.44683,-1.9693861,N900_RS07315,CheA1,0.3294812833333333,-1.2485,5.3207,6h_SI3,6h,SI3,12h_st,12h,st,6.5692
-1.3038269,3.2616284,9.004004,2.6572912,12.626162,3.5326018,N900_RS07320,N900_RS07320,0.6558127833333334,-0.97232,4.2164,6h_SI6,6h,SI6,3h_SI3,3h,SI3,5.18872
-4.960721,-0.81022286,11.61914,2.6926756,5.374946,2.1986852,N900_RS07325,cheY1,0.028452466666666707,-2.5006,3.369,6h_SI6,6h,SI6,3h_SI4,3h,SI4,5.8696
-1.2975601,-13.541604,2.7584975,5.074386,12.262012,4.0069876,N900_RS07330,mlp13,-0.04807821666666666,-1.8006,3.4207,6h_ce,6h,ce,3h_st,3h,st,5.2213
-7.0411935,-0.61557674,15.64851,5.622848,14.786944,-6.411307,N900_RS07335,gdx,0.8789779936666666,-0.58326,4.2955,6h_SI1,6h,SI1,3h_SI5,3h,SI5,4.87876
-5.123749,-10.895651,7.478471,-0.70474494,7.710221,2.0182767,N900_RS07340,cry2,0.36383461,-1.1041,4.7492,3h_SI1,3h,SI1,6h_SI3,6h,SI3,5.8533
5.7460556,-8.83593,5.976572,13.71055,1.2566402,0.36107165,N900_RS07345,bmr3_2,0.17659431666666667,-1.3251,3.1656,3h_SI2,3h,SI2,1h_ce,1h,ce,4.4907
-3.2359667,1.2215098,15.042313,11.439277,7.5789704,-4.574879,N900_RS07350,lysr_1,1.0364287333333335,-1.1594,4.2595,1h_ce,1h,ce,1h_SI1,1h,SI1,5.4189
2.0040574,-1.9563407,10.411201,3.3771138,10.832913,-1.3003072,N900_RS07360,lplA,0.87655342,-0.62312,3.1356,3h_SI1,3h,SI1,6h_SI1,6h,SI1,3.7587200000000003
-3.605205,-11.447183,5.0207667,8.545471,13.640117,-0.48235878,N900_RS07365,yegD,1.1373953833333335,-0.34514,3.4958,1h_SI6,1h,SI6,3h_SI2,3h,SI2,3.84094
-4.471268,7.029127,1.8818705,7.035439,7.1143045,6.378816,N900_RS07370,membrane protein_5,-0.7474851166666667,-2.5035,2.7885,6h_SI3,6h,SI3,12h_SI2,12h,SI2,5.292
6.0086536,-1.2296798,8.302088,-4.613352,11.56981,-2.0517147,N900_RS07375,hrpA,0.61788525,-0.39461,3.8312,6h_SI4,6h,SI4,6h_SI2,6h,SI2,4.22581
-0.34592628,1.463596,6.7543187,1.4859682,1.229529,6.2225547,N900_RS07380,N900_RS07380,-0.04969873333333329,-2.4301,4.3813,6h_SI5,6h,SI5,3h_SI4,3h,SI4,6.811400000000001
3.5765367,-6.943581,11.399578,10.525542,12.733273,-2.8104622,N900_RS07385,N900_RS07385,0.8699623183333335,-0.49244,3.4955,1h_SI6,1h,SI6,6h_SI3,6h,SI3,3.98794
3.981042,0.66325533,12.728061,9.721968,2.6807368,-2.6974838,N900_RS07390,N900_RS07390,0.8143681849999999,-1.0453,5.6245,6h_SI8,6h,SI8,12h_SI4,12h,SI4,6.6698
0.12509413,-8.8292265,6.720069,5.1180387,12.597319,6.058406,N900_RS07400,exonuclease,0.2485654883333333,-1.4776,4.443,12h_SI5,12h,SI5,3h_SI4,3h,SI4,5.920599999999999
2.43315,-3.3183377,10.4346695,10.831131,11.686272,-0.9979366,N900_RS07405,diguanylate cyclase_2,1.2027841499999998,-0.56204,3.7918,3h_SI5,3h,SI5,6h_SI2,6h,SI2,4.35384
3.8058965,-5.1196766,5.369958,7.443215,12.827685,2.2201164,N900_RS07410,N900_RS07410,0.7705606666666668,-0.78513,4.7887,6h_SI7,6h,SI7,12h_st,12h,st,5.57383
-0.6532456,-11.290499,5.81785,6.2172647,6.363034,1.1760567,N900_RS07415,hscA_1,0.8367553500000001,-0.93096,3.6667,6h_SI3,6h,SI3,1h_st,1h,st,4.59766
-2.625236,-6.73423,10.935755,8.991866,11.420703,-4.7298603,N900_RS07420,molecular chaperone DnaK,1.3096287299999998,-0.60889,5.463,1h_ce,1h,ce,3h_SI2,3h,SI2,6.07189
-6.1636066,2.6761599,7.4141335,3.0382338,13.434595,-12.326727,N900_RS07425,N900_RS07425,0.5428017333333334,-0.57425,5.0231,3h_SI4,3h,SI4,6h_ce,6h,ce,5.5973500000000005
-6.0747375,-14.108997,2.478952,8.583768,4.1972055,3.4304352,N900_RS07430,N900_RS07430,0.0429573183333333,-1.5152,3.9413,12h_SI7,12h,SI7,3h_st,3h,st,5.4565
-4.726394,3.8454318,8.764188,11.634391,13.265459,-5.542461,N900_RS07435,diguanylate cyclase_3,1.149382016666667,-0.84738,5.3236,1h_SI9,1h,SI9,3h_SI1,3h,SI1,6.17098
2.8595922,-5.6257744,10.346675,11.894802,10.748915,-2.0928833,N900_RS07440,ABC transporter substrate-binding protein_5,1.116281,-0.5149,4.5792,12h_SI8,12h,SI8,6h_SI1,6h,SI1,5.0941
3.5728686,3.0532925,12.13602,6.6714206,8.033317,-1.1798187,N900_RS07445,N900_RS07445,1.1338224666666668,-0.45706,4.0211,6h_SI3,6h,SI3,6h_SI1,6h,SI1,4.47816
-3.6417809,-5.1226068,12.169332,17.543842,6.2715383,-1.3332657,N900_RS07450,N900_RS07450,1.17188171,-0.32062,7.274,6h_SI5,6h,SI5,3h_SI1,3h,SI1,7.59462
-4.670396,-11.061418,5.1626115,-0.7205554,12.822278,8.407682,N900_RS07455,queC,0.4992305333333333,-1.4742,4.9309,12h_SI2,12h,SI2,3h_st,3h,st,6.4051
-7.068177,-10.105263,1.5290749,-0.3300745,9.565556,5.254474,N900_RS07460,queE,0.9523363749999999,-0.46318,5.3729,12h_SI8,12h,SI8,3h_st,3h,st,5.83608
-0.9364611,0.30279484,2.9156954,-2.8328316,-3.7966866,6.375825,N900_RS07465,yidA,-0.7318412166666666,-2.3481,1.908,6h_SI3,6h,SI3,3h_SI2,3h,SI2,4.2561
-9.80778,-1.6773986,8.905634,7.0924773,11.931841,-3.947839,N900_RS07470,cysG_2,0.6594637083333335,-0.71594,3.4143,12h_st,12h,st,3h_SI1,3h,SI1,4.13024
2.3618813,-1.5164411,2.1824427,4.011049,8.282607,2.1459267,N900_RS07475,aapJ,-0.11556552000000002,-1.5799,2.9019,24h_SI1,24h,SI1,1h_SI1,1h,SI1,4.4818
3.1285355,-12.134257,11.156973,4.8254714,6.986907,-1.4079105,N900_RS07480,ABC transporter permease subunit_2,0.33760463333333335,-1.0894,3.5051,12h_SI9,12h,SI9,3h_SI2,3h,SI2,4.5945
-8.605649,-6.676853,4.758254,5.48391,13.720159,-4.119732,N900_RS07485,yhdY,1.0569526500000002,-0.38934,5.428,6h_st,6h,st,3h_SI1,3h,SI1,5.81734
2.1629748,4.4648438,4.0209556,1.951305,-6.0225854,-6.6778755,N900_RS07490,glnQ,0.38661958499999993,-0.99566,5.0144,12h_SI1,12h,SI1,6h_SI4,6h,SI4,6.01006
0.32925493,-8.791568,3.9164853,13.36274,8.547007,5.8299255,N900_RS07495,ycca,-0.09286800000000002,-2.1462,3.9383,3h_SI7,3h,SI7,3h_SI1,3h,SI1,6.0845
-8.700504,-7.8458533,13.742692,10.121206,12.842197,-0.89192516,N900_RS07505,acyP,0.6522378500000001,-0.76187,3.5309,6h_st,6h,st,3h_SI3,3h,SI3,4.29277
-8.414458,-12.6138315,5.8543496,8.070221,14.183663,5.8836393,N900_RS07510,rlmI,1.097762916666667,-0.41012,4.9631,6h_st,6h,st,3h_st,3h,st,5.37322
-4.4254107,-4.061051,6.3124294,5.816201,17.552834,-2.103289,N900_RS07515,diguanylate cyclase_1,0.9015788783333333,-0.54242,3.3394,6h_st,6h,st,12h_SI2,12h,SI2,3.88182
9.40348,1.7505691,9.673945,6.273035,-1.0562382,1.675749,N900_RS07520,N900_RS07520,-0.04554677499999999,-2.0553,2.6255,12h_ce,12h,ce,1h_ce,1h,ce,4.6808
-4.826271,-4.382633,14.915665,6.039524,-4.2869077,-4.88006,N900_RS07525,PGdx_2,0.7137049000000001,-1.3348,5.399,24h_SI4,24h,SI4,1h_SI1,1h,SI1,6.7338000000000005
-5.020326,-8.902148,11.20186,10.307244,9.788563,0.22400603,N900_RS07530,rcsC_4,0.5091011999999999,-1.0122,2.8,12h_st,12h,st,3h_SI1,3h,SI1,3.8122
-2.6349082,-10.087562,2.8052568,3.8418543,7.5651217,6.084017,N900_RS07535,two-component system response regulator,1.2444750666666666,-1.7614,5.9603,6h_SI5,6h,SI5,3h_SI4,3h,SI4,7.7217
0.02881296,-9.174226,5.9938517,11.568178,12.932037,-0.053890046,N900_RS07540,maiA,0.7580234766666666,-0.62416,4.0553,6h_SI7,6h,SI7,3h_SI2,3h,SI2,4.67946
-4.1697397,-2.328834,13.482995,12.80416,12.713591,-3.5079443,N900_RS07545,N900_RS07545,0.18894519833333337,-1.3451,3.2819,24h_SI7,24h,SI7,1h_SI1,1h,SI1,4.627
2.0057974,-12.971444,12.942317,5.774788,9.721336,-4.172661,N900_RS07550,hmgA,0.5414908816666667,-1.0035,3.227,24h_SI7,24h,SI7,3h_SI2,3h,SI2,4.2305
-1.0707378,-11.850955,8.9849,7.1850357,11.787,-5.289495,N900_RS07555,hppD,1.3406445166666667,-0.52765,3.6785,1h_SI6,1h,SI6,6h_SI4,6h,SI4,4.20615
-0.4959268,-5.1969566,12.2424135,11.102988,6.3924403,-0.81710374,N900_RS07560,pepT_1,-0.27431439999999996,-1.5977,2.5905,3h_SI3,3h,SI3,3h_SI2,3h,SI2,4.1882
2.3797028,-10.420525,11.912423,10.075132,9.424584,-6.2802315,N900_RS07565,N900_RS07565,1.1533720500000002,-0.55004,4.0807,1h_st,1h,st,6h_st,6h,st,4.63074
2.7082574,-12.489813,4.1739726,2.344138,4.248608,-0.380344,N900_RS07570,GNAT family N-acetyltransferase_4,1.0860157333333331,-0.20517,3.4991,1h_SI7,1h,SI7,6h_st,6h,st,3.7042699999999997
-7.1558943,-8.347035,10.207673,9.775357,9.9746475,-1.2990329,N900_RS07575,acsA,0.5122754716666668,-1.1204,2.6573,12h_st,12h,st,3h_SI2,3h,SI2,3.7777000000000003
-0.80267525,-6.663652,10.831015,8.6244755,7.4923058,0.16032258,N900_RS07580,prpF,-0.04815200833333333,-1.3034,2.8489,6h_SI2,6h,SI2,6h_SI1,6h,SI1,4.1523
-0.5886703,-11.594359,10.177412,10.651793,12.733252,1.4341712,N900_RS07585,acnD,0.5594032243333333,-0.82837,3.2134,6h_SI7,6h,SI7,6h_SI2,6h,SI2,4.04177
-8.900323,-10.680657,3.7650628,4.8576274,10.3577795,-1.1888722,N900_RS07590,prpC,0.8396426166666665,-1.2524,4.536,6h_SI2,6h,SI2,3h_st,3h,st,5.788399999999999
-3.0398846,-10.708916,7.1730294,8.620323,9.913947,-3.304067,N900_RS07595,prpB,1.7590006833333331,-0.032254,4.8087,1h_SI6,1h,SI6,6h_SI1,6h,SI1,4.840954
7.0584292,-6.3510017,4.1158657,10.05482,8.4548855,-5.3655767,N900_RS07600,gntR_1,1.6637734116666671,-0.33891,5.1514,3h_SI2,3h,SI2,6h_SI2,6h,SI2,5.49031
-5.7085104,1.3958634,11.353364,4.7594376,16.296211,-4.9351883,N900_RS07605,tripartite tricarboxylate transporter substrate binding protein,1.1144969466666668,-0.55553,4.0774,6h_st,6h,st,12h_SI1,12h,SI1,4.63293
1.5982976,-4.90138,15.728935,12.167383,11.863127,-2.6650822,N900_RS07610,N900_RS07610,0.8893498,-0.51932,4.58,3h_st,3h,st,6h_SI1,6h,SI1,5.0993200000000005
2.9286864,-7.5042176,5.585782,11.549242,7.134234,2.3076475,N900_RS07615,tripartite tricarboxylate transporter permease,2.165230733333333,-0.61013,6.3623,1h_SI4,1h,SI4,6h_SI1,6h,SI1,6.97243
-5.566793,-0.19918366,12.629494,2.5892174,4.765267,3.0759268,N900_RS07620,N900_RS07620,-0.6398527833333334,-2.3501,2.0696,12h_SI8,12h,SI8,3h_SI3,3h,SI3,4.4197
-0.49604422,-5.4614334,-1.3753768,-5.8478765,4.0515156,-0.9829769,N900_RS07625,outer membrane beta-barrel protein,0.4002137333333333,-1.4947,2.7615,1h_SI2,1h,SI2,12h_ce,12h,ce,4.2562
1.5591968,-12.178711,13.104692,7.797393,7.2077274,-5.9867177,N900_RS07630,mglC,1.5462742133333334,-0.15215,4.9607,1h_SI5,1h,SI5,3h_SI3,3h,SI3,5.11285
-1.2428963,-8.6096,-2.7465093,-0.2890296,9.345917,9.852912,N900_RS07635,mglA,0.0869153,-1.7836,3.8766,24h_st,24h,st,3h_st,3h,st,5.6602
-3.8911676,-0.9671035,17.091583,5.635811,6.5303273,0.8866582,N900_RS07645,mglB,0.6793211833333334,-1.1867,4.3166,6h_SI2,6h,SI2,1h_SI1,1h,SI1,5.5033
-0.67185616,-0.2692404,13.303273,12.395217,10.973372,1.6492091,N900_RS07655,N900_RS07655,0.8835439166666667,-0.56363,3.7421,6h_SI4,6h,SI4,1h_SI1,1h,SI1,4.3057300000000005
3.1009853,-13.973748,8.164699,8.054393,9.640287,6.001714,N900_RS07660,nqrM_2,0.8110142483333331,-0.54344,3.5526,6h_ce,6h,ce,6h_SI1,6h,SI1,4.09604
0.5148058,-7.8049703,8.363704,10.797569,5.499085,0.9168087,N900_RS07665,penicillin-binding protein,0.38521566333333335,-0.83472,3.4414,24h_ce,24h,ce,1h_ce,1h,ce,4.27612
-0.3655439,-5.420048,4.8279285,9.7493105,8.908821,-7.2824655,N900_RS07670,carR,0.5253872,-1.0488,4.6037,12h_SI3,12h,SI3,6h_SI2,6h,SI2,5.6525
-4.811102,-12.433712,10.404125,12.116825,8.092607,1.0767148,N900_RS07675,carS,0.41785548,-0.9289,3.7915,12h_co,12h,co,1h_SI1,1h,SI1,4.7204
3.9214885,-12.408552,9.276942,12.709813,0.03919224,-4.2478952,N900_RS07680,ompv,0.02054336666666668,-1.4986,4.0299,3h_SI9,3h,SI9,6h_st,6h,st,5.528499999999999
-1.3775104,-1.8491336,9.783513,7.648085,-9.3272085,4.8339953,N900_RS07685,N900_RS07685,-0.6147460666666668,-2.633,2.5028,12h_SI1,12h,SI1,3h_SI2,3h,SI2,5.1358
0.5644771,-6.6493254,8.493415,8.811508,12.255032,-2.2505362,N900_RS07690,hupR1_1,1.3089684500000005,-1.5737,4.3363,1h_SI9,1h,SI9,6h_SI2,6h,SI2,5.91
-1.7194949,-13.490311,4.568315,10.745183,8.303498,2.8131516,N900_RS07695,sasA_4,1.09872925,-0.19896,3.9719,12h_co,12h,co,3h_SI1,3h,SI1,4.17086
2.207865,-12.2749605,12.976121,4.2237926,6.065362,-1.1744405,N900_RS07700,SLC13 family permease_1,0.38306825,-0.99186,2.9921,3h_SI1,3h,SI1,6h_SI3,6h,SI3,3.98396
-4.4213963,-2.065516,2.4523704,7.9301543,4.1669097,-12.060557,N900_RS07705,methyl-accepting chemotaxis protein_14,0.42721209999999993,-1.2518,4.2859,6h_SI1,6h,SI1,3h_SI1,3h,SI1,5.5377
-3.698032,-8.399414,14.217631,12.27283,10.4715185,-3.194399,N900_RS07710,bsrV,0.3564268333333334,-1.1237,3.6824,12h_SI6,12h,SI6,3h_SI2,3h,SI2,4.8061
2.21187,1.8643812,12.448204,14.077236,7.768066,-0.69291407,N900_RS07715,eamA_3,-0.05206324999999999,-1.4107,3.0596,3h_SI8,3h,SI8,1h_SI1,1h,SI1,4.4703
5.486695,-8.168815,9.598005,12.5943775,7.58595,2.4149714,N900_RS07720,N900_RS07720,0.6436412833333335,-0.82199,3.7604,6h_SI4,6h,SI4,3h_SI4,3h,SI4,4.58239
-7.0893683,-9.513897,4.90896,3.2319157,1.20508,5.204058,N900_RS07725,rimJ,0.2097655016666667,-1.5308,4.3497,6h_SI2,6h,SI2,1h_ce,1h,ce,5.8805000000000005
-2.3747113,-6.776302,7.6194143,2.0409935,8.709052,1.4890997,N900_RS07730,tyrR,-0.006961833333333337,-1.6368,2.4556,6h_SI1,6h,SI1,6h_SI2,6h,SI2,4.0924
1.3748956,-9.770406,8.373546,5.9001565,10.203651,-2.3099246,N900_RS07735,VP1870_BLAST,0.4509385999999999,-0.93959,3.252,3h_st,3h,st,6h_SI1,6h,SI1,4.19159
-0.039464295,1.8073617,18.202702,11.721303,9.491943,0.93469816,N900_RS07740,ycjx,0.44725967999999994,-0.97049,3.1576,12h_st,12h,st,3h_SI3,3h,SI3,4.12809
5.0183525,-5.709272,10.41914,4.1931534,8.380903,0.16093299,N900_RS07745,N900_RS07745,0.08899200000000002,-3.086,4.0135,1h_SI2,1h,SI2,12h_SI2,12h,SI2,7.099499999999999
-0.13903522,-0.09828986,5.800938,-1.3543648,-4.552074,3.0957992,N900_RS07750,fumB,-0.3102420666666667,-2.237,3.4738,1h_SI3,1h,SI3,3h_SI6,3h,SI6,5.710800000000001
-6.889273,-12.812507,4.0330677,10.254043,6.7817583,5.142024,N900_RS07755,pabB,-0.3831248333333333,-2.2118,4.0613,24h_SI9,24h,SI9,3h_st,3h,st,6.2731
-3.323818,-5.7273107,15.010701,11.674633,13.6327505,1.3272773,N900_RS07760,nudL,0.7911077,-0.4541,3.4145,3h_ce,3h,ce,3h_SI3,3h,SI3,3.8686
-0.069930196,-13.906192,12.817376,5.999776,9.279449,-4.615272,N900_RS07765,sdaC_2,1.31297405,-0.12973,4.4926,1h_st,1h,st,3h_SI3,3h,SI3,4.622330000000001
-4.8617053,-8.679056,10.309749,13.558433,7.5935693,3.1415663,N900_RS07770,sdaA_1,-0.23991559999999998,-1.7701,3.6309,12h_SI9,12h,SI9,3h_SI2,3h,SI2,5.401
-3.1225097,-9.02046,7.1791186,9.802057,6.405289,-0.54704,N900_RS07775,queD,0.4059112,-1.0443,2.9556,6h_SI4,6h,SI4,6h_SI2,6h,SI2,3.9999000000000002
-0.8846493,-6.299906,9.743839,2.9772763,6.2811556,6.031393,N900_RS07780,methyl-accepting chemotaxis protein_13,0.9406937333333333,-0.62339,4.1889,3h_SI1,3h,SI1,6h_SI4,6h,SI4,4.81229
-3.9775605,-6.1750298,11.175608,8.854799,7.187877,-6.5899487,N900_RS07790,thiD,0.7363055500000002,-0.91134,3.4851,6h_SI2,6h,SI2,6h_SI4,6h,SI4,4.39644
3.8998837,-9.02663,2.4101725,2.021075,6.292304,-4.811839,N900_RS07795,VC_1295_BLAST,1.115486435,-0.40884,5.0928,3h_SI6,3h,SI6,6h_st,6h,st,5.50164
3.7557306,-9.649198,5.1160617,7.2329106,7.096907,-3.2823417,N900_RS07800,N900_RS07800,0.39623748333333336,-1.1928,3.1142,3h_SI3,3h,SI3,6h_st,6h,st,4.307
2.7990282,-0.4078289,15.655364,9.3778305,10.055526,-0.5995511,N900_RS07805,aspC,-0.02344593333333333,-1.3936,2.7221,1h_co,1h,co,3h_SI3,3h,SI3,4.1157
-5.508521,-8.158203,5.18377,7.9036293,8.723296,-6.8756914,N900_RS07810,N900_RS07810,0.7776716116666668,-0.84111,3.7476,3h_SI3,3h,SI3,3h_SI2,3h,SI2,4.58871
-2.6096911,-3.6466327,12.227438,11.197946,12.616436,-1.9105394,N900_RS07815,polC_1,0.2592381,-1.4404,3.6986,3h_SI7,3h,SI7,3h_SI3,3h,SI3,5.138999999999999
-5.880173,-1.9322181,14.026363,10.19602,14.110763,-1.858445,N900_RS07820,methyl-accepting chemotaxis protein_6,1.1976554216666666,-0.40374,3.9972,12h_st,12h,st,3h_SI3,3h,SI3,4.40094
-6.5144987,-0.0693097,5.844846,-9.157976,6.3661437,-0.08620505,N900_RS07825,mdoG,-0.4006700966666667,-2.806,4.2332,24h_SI1,24h,SI1,6h_ce,6h,ce,7.0392
3.5436127,-9.249248,11.502974,9.896401,9.150621,-3.1224432,N900_RS07830,mdoH,1.0436566333333335,-0.38321,4.4463,12h_st,12h,st,12h_SI1,12h,SI1,4.82951
-2.4833088,-3.73796,13.175405,2.7966743,15.702939,-4.398025,N900_RS07835,laci_1,1.2769471166666666,-0.34501,4.3803,1h_SI5,1h,SI5,6h_SI2,6h,SI2,4.72531
-11.912401,1.3189785,3.0403275,-0.086600095,13.6702585,-9.875402,N900_RS07840,chbG,0.42840743333333337,-0.98467,6.5211,6h_SI1,6h,SI1,6h_ce,6h,ce,7.50577
-7.437942,-4.1521,14.574566,6.0028644,15.074716,-5.3752894,N900_RS07845,licH,1.2876851933333329,-0.11429,4.4205,6h_SI8,6h,SI8,3h_SI5,3h,SI5,4.534789999999999
0.9750209,-0.041679025,4.440366,1.6131665,11.083051,0.116209894,N900_RS07850,chbA,0.9988693166666667,-0.069135,5.3257,1h_SI6,1h,SI6,12h_st,12h,st,5.3948350000000005
-0.14917502,-13.834552,7.841504,4.610927,9.608072,10.856149,N900_RS07855,licC,0.47576205000000005,-1.0301,4.1243,24h_SI2,24h,SI2,3h_st,3h,st,5.1544
-2.4846306,0.18878666,13.197924,4.3651214,7.7211976,0.89563555,N900_RS07860,ccmE_2,0.381503475,-1.5445,4.5501,6h_SI7,6h,SI7,3h_SI5,3h,SI5,6.0946
11.388664,1.3219053,7.6333365,0.2705363,0.79467446,5.1354265,N900_RS07865,cod,0.5750998033333334,-0.84279,4.2379,1h_SI9,1h,SI9,6h_SI2,6h,SI2,5.08069
1.5209819,-13.265214,4.962101,8.244911,7.463872,1.4106407,N900_RS07870,VP1905_BLAST,0.6169574616666665,-0.62781,2.663,12h_SI7,12h,SI7,12h_st,12h,st,3.2908099999999996
4.2003074,2.3469253,7.0191665,8.962384,4.1808324,-0.21256638,N900_RS07875,sarZ_1,1.0538639,-0.5498,3.8071,1h_SI5,1h,SI5,3h_SI5,3h,SI5,4.3569
-3.2199976,-10.405144,10.74142,7.903202,12.871471,-7.6220613,N900_RS07880,DNA-binding response regulator_1,0.7648298166666668,-0.91705,3.3324,1h_st,1h,st,3h_SI2,3h,SI2,4.2494499999999995
-4.214024,-5.9946322,14.672631,9.721714,4.9338255,-3.2703528,N900_RS07885,nreB,0.34763375,-0.67085,3.5324,1h_SI4,1h,SI4,3h_SI2,3h,SI2,4.20325
-2.7291014,-16.067413,8.812589,10.234929,11.052619,2.252878,N900_RS07890,dctM_2,0.578338605,-0.85087,3.569,6h_SI7,6h,SI7,3h_SI3,3h,SI3,4.4198699999999995
-3.467442,-3.7952845,8.708367,11.644257,7.0044827,-0.1679651,N900_RS07900,ABC transporter substrate-binding protein_3,0.4713469166666666,-1.2679,3.6544,6h_SI3,6h,SI3,3h_SI3,3h,SI3,4.9223
-5.161532,-6.048409,9.437736,9.587758,12.156557,-2.880304,N900_RS07905,N900_RS07905,1.4109102999999998,-0.44161,5.0693,1h_SI9,1h,SI9,3h_SI1,3h,SI1,5.51091
-4.129631,-10.816722,10.699044,7.3317275,10.724766,-9.424873,N900_RS07910,N900_RS07910,1.250454533333333,-0.39349,4.278,1h_SI7,1h,SI7,3h_SI2,3h,SI2,4.6714899999999995
0.12343933,7.1827726,6.424826,2.0165288,-2.4841118,0.94986165,N900_RS07915,gloC,0.15950206,-2.1452,2.6433,1h_SI9,1h,SI9,6h_SI5,6h,SI5,4.7885
0.8091767,1.9889357,2.709301,0.50464904,-1.8725677,3.631272,N900_RS07920,"Peptidoglycan L,D-endopeptidase MepK_BLAST",-0.8491850666666667,-3.4032,2.4546,6h_SI8,6h,SI8,3h_SI8,3h,SI8,5.8578
-5.019636,-4.9412246,12.839548,6.130893,1.383592,1.9047353,N900_RS07925,ycbB,0.49579451666666674,-1.0471,3.9059,12h_SI2,12h,SI2,3h_SI2,3h,SI2,4.952999999999999
-3.7246826,-8.963367,10.465317,8.605279,12.947754,2.5058718,N900_RS07930,N900_RS07930,0.7327269333333334,-0.7231,3.9735,6h_st,6h,st,3h_SI5,3h,SI5,4.6966
4.3709607,-13.075714,12.257009,6.949817,8.918408,2.8145304,N900_RS07935,iron-regulated protein A,0.7166446316666667,-0.71719,3.298,3h_SI1,3h,SI1,3h_SI4,3h,SI4,4.0151900000000005
0.8369843,-16.07803,6.442626,4.130348,8.075843,-0.71331674,N900_RS07940,c-type cytochrome,1.2955336666666668,-0.37222,5.0784,1h_SI8,1h,SI8,12h_SI1,12h,SI1,5.450620000000001
-3.603118,-4.8281555,9.43055,8.546506,11.731509,-2.566884,N900_RS07945,peptidase_2,0.9119383116666667,-0.48316,3.3304,3h_st,3h,st,3h_SI1,3h,SI1,3.81356
7.5924954,-8.97976,-0.4653024,5.443463,8.087996,2.1835842,N900_RS07950,ribA,1.9820138333333335,-0.52413,4.5176,1h_SI5,1h,SI5,24h_SI2,24h,SI2,5.041729999999999
-7.6570644,-10.029615,5.501336,6.8575315,10.773126,5.6846604,N900_RS07955,N900_RS07955,1.1621305333333334,-0.45338,5.6762,6h_SI4,6h,SI4,3h_st,3h,st,6.12958
4.652767,-7.7005367,5.3993506,2.4229994,8.847407,-6.205201,N900_RS07960,setA,1.0041554,-0.9206,4.313,24h_st,24h,st,6h_st,6h,st,5.2336
-7.021185,-6.239785,12.023387,12.778856,7.602511,-4.471427,N900_RS07965,arac,0.4461010766666667,-0.77739,4.0377,24h_st,24h,st,3h_SI1,3h,SI1,4.81509
-8.073767,-3.8489552,13.159098,5.5946636,11.754744,-8.543804,N900_RS07970,rhodanese-related sulfurtransferase,0.9706993500000001,-1.319,4.2987,6h_SI1,6h,SI1,6h_SI2,6h,SI2,5.6177
-2.209509,-6.125721,8.247199,12.694079,4.925965,0.30570525,N900_RS07995,(Fe-S)-binding protein,-0.08261983333333332,-2.9296,5.2445,12h_SI8,12h,SI8,3h_SI2,3h,SI2,8.174100000000001
5.8460937,-11.533755,12.544561,13.698491,4.145975,-1.8749785,N900_RS08005,pncC_1,0.5603832333333333,-0.78795,3.7591,12h_st,12h,st,3h_SI5,3h,SI5,4.5470500000000005
5.542028,2.3628042,13.804323,10.038479,2.689377,-0.61207646,N900_RS08010,N900_RS08010,0.7961138433333333,-0.72745,3.6007,24h_st,24h,st,3h_SI5,3h,SI5,4.32815
-5.0213084,-13.856922,9.634328,4.4453287,12.845962,3.887657,N900_RS08015,glycine cleavage system protein R,0.7186213133333333,-0.39997,3.6933,12h_SI6,12h,SI6,6h_SI1,6h,SI1,4.0932699999999995
-0.83280885,-4.040845,16.728844,4.859552,9.809219,-1.6396397,N900_RS08020,mcpP_1,0.5777437683333333,-0.81876,3.764,12h_st,12h,st,12h_SI4,12h,SI4,4.5827599999999995
-0.99967957,-2.103512,9.326586,9.027314,11.848418,-4.562187,N900_RS08025,N900_RS08025,1.226556795,-0.094683,3.9013,1h_st,1h,st,6h_SI2,6h,SI2,3.995983
4.393321,-1.6853794,12.70328,7.7581315,10.524613,1.2899302,N900_RS08035,btuD,1.4050578166666667,-0.7945,4.8771,1h_SI8,1h,SI8,3h_SI3,3h,SI3,5.671600000000001
-5.0049243,-16.669167,8.636016,9.729028,8.3587885,0.47529423,N900_RS08040,btuC,0.7169738681666668,-0.368,3.9508,12h_SI6,12h,SI6,3h_st,3h,st,4.3188
-1.1169746,-6.0741024,14.11157,10.702924,12.41174,-2.816651,N900_RS08045,astE,0.8444706985,-0.73355,3.8073,3h_co,3h,co,6h_SI4,6h,SI4,4.54085
1.8208823,0.5267732,12.619341,5.947802,11.451703,2.8955014,N900_RS08050,alpha-ribazole-5'-phosphate phosphatase,1.0708913000000002,-0.52668,4.2858,1h_SI9,1h,SI9,12h_SI1,12h,SI1,4.81248
-4.8692064,-11.804807,12.185282,3.664379,10.288795,2.542187,N900_RS08055,cobU,0.5905539833333333,-1.0332,3.4685,3h_SI1,3h,SI1,3h_SI2,3h,SI2,4.5017
-4.1206837,6.5565577,7.2305083,7.351247,15.165272,1.5570356,N900_RS08060,cobS_1,0.4071855666666667,-1.3873,3.0367,6h_SI2,6h,SI2,12h_SI1,12h,SI1,4.424
-0.35056186,-6.892665,8.7337475,12.336121,8.873,-0.5413946,N900_RS08065,cobT,0.3133879616666667,-1.3549,3.0054,6h_SI3,6h,SI3,3h_SI2,3h,SI2,4.3603
-6.244862,-10.027273,-0.57099193,8.846642,11.05443,0.9514369,N900_RS08070,msrB_1,0.8287195166666668,-0.70542,4.5732,6h_SI4,6h,SI4,3h_st,3h,st,5.27862
-6.422588,-14.052325,7.2836847,5.449738,13.738023,2.3120534,N900_RS08075,L-cystine transporter,0.9592798333333333,-0.81472,4.9757,1h_SI6,1h,SI6,3h_st,3h,st,5.79042
-4.2513366,-18.511822,6.045082,8.535478,7.3359013,-2.1039813,N900_RS08080,sbcB,0.12967521666666665,-1.9636,3.7547,3h_ce,3h,ce,3h_st,3h,st,5.7183
2.557128,6.3427362,9.8479,-0.67323315,2.5107243,2.6222599,N900_RS08085,VC0395_A0854_BLAST,0.023085983333333317,-2.2165,4.4172,6h_SI5,6h,SI5,1h_SI1,1h,SI1,6.6337
-0.16765615,-11.385454,7.341282,9.04316,7.720847,-6.0130057,N900_RS08090,yohK_2,1.3397971666666668,-0.4488,4.5205,6h_SI3,6h,SI3,12h_SI1,12h,SI1,4.9693000000000005
9.351318,3.0161107,5.2078276,1.24376,3.544659,1.0228633,N900_RS08095,cdd,0.92044975,-0.98501,5.4696,3h_SI9,3h,SI9,6h_SI2,6h,SI2,6.45461
1.401626,2.8691964,10.261265,9.462906,9.921206,5.1226597,N900_RS08100,AEC family transporter_1,0.5312292766666669,-0.80901,4.4799,6h_SI4,6h,SI4,1h_SI1,1h,SI1,5.28891
-2.91923,-12.721159,7.3880796,7.663572,13.259113,3.091808,N900_RS08105,purT,1.2393204,-0.25998,4.5228,1h_SI5,1h,SI5,12h_st,12h,st,4.78278
0.7668565,-8.406579,0.66582924,5.4734206,3.898677,2.2251422,N900_RS08110,N900_RS08110,0.3066408166666667,-2.7477,4.1089,6h_SI7,6h,SI7,3h_SI5,3h,SI5,6.8566
-1.911191,-16.972437,5.6679654,8.224509,7.252813,-1.1316315,N900_RS08115,tpm,0.9527164016666666,-0.3915,4.1309,6h_ce,6h,ce,1h_ce,1h,ce,4.522399999999999
-2.7429924,2.00512,12.487897,-0.41857466,13.2943325,-4.5058675,N900_RS08120,relV,1.2156765500000002,-0.6273,5.0132,3h_SI2,3h,SI2,6h_ce,6h,ce,5.6405
4.4736524,2.3420339,9.358088,6.020012,-7.336729,0.15902866,N900_RS08125,N900_RS08125,-0.5578300700000001,-1.9154,2.7612,12h_SI7,12h,SI7,3h_SI5,3h,SI5,4.6766000000000005
3.981581,-12.959099,2.3471622,10.77754,6.9687166,5.1645765,N900_RS08130,ihfA,-0.9957416666666667,-3.1868,1.0413,6h_SI9,6h,SI9,12h_SI2,12h,SI2,4.2280999999999995
3.7277794,-5.6837525,5.716016,11.082935,7.38766,-5.461413,N900_RS08145,GNAT family N-acetyltransferase_3,0.8532645333333334,-0.88556,3.9044,1h_SI8,1h,SI8,6h_st,6h,st,4.78996
-10.560062,-16.182838,-7.156665,-1.400875,9.435234,10.612184,N900_RS08150,N900_RS08150,0.005595575500000001,0.00033236,0.16587,12h_SI2,12h,SI2,3h_st,3h,st,0.16553763999999999
4.6723056,-15.299923,3.3080359,11.073283,9.593087,5.552032,N900_RS08175,pgsA,1.9096746333333336,0.093918,4.139,12h_ce,12h,ce,12h_st,12h,st,4.045082
1.0948077,-6.485715,11.237389,13.959431,7.4215455,-4.909826,N900_RS08180,uvrC,0.7368369233333334,-0.76786,3.7973,12h_co,12h,co,3h_SI1,3h,SI1,4.56516
2.805424,-10.523351,3.850482,8.446229,2.2534823,7.9518895,N900_RS08185,uvrY,-2.0337761666666667,-4.3419,0.92733,12h_co,12h,co,1h_ce,1h,ce,5.26923
-4.4901795,-11.353091,1.782456,-0.99602747,11.882489,1.1430457,N900_RS08190,polB,0.7779145800000001,-1.2555,4.4792,6h_co,6h,co,6h_SI1,6h,SI1,5.7347
-2.7494574,-10.641206,5.5839715,2.3956392,15.370256,2.7552612,N900_RS08195,N900_RS08195,1.2475586333333335,0.081734,5.0147,1h_SI8,1h,SI8,12h_SI1,12h,SI1,4.932966
0.5033692,0.2480485,12.693922,15.896075,8.402148,-5.2639217,N900_RS08200,nucleotidyltransferase,0.9407429166666668,-0.26924,4.3861,3h_SI3,3h,SI3,6h_SI1,6h,SI1,4.65534
2.6804435,-9.933731,11.752232,1.949875,6.0231133,7.463857,N900_RS08205,yeiP,1.0932602333333332,-0.57685,4.7675,12h_SI4,12h,SI4,1h_st,1h,st,5.34435
-3.6965594,-17.700869,2.5801263,9.3855505,9.492009,0.124412894,N900_RS08210,VC0395_A0828_BLAST,0.6092177545,-1.2521,5.1297,3h_SI7,3h,SI7,3h_st,3h,st,6.3818
6.8776574,-6.07082,4.2040467,13.749697,-2.9603033,-1.1006768,N900_RS08215,N900_RS08215,0.23704948166666656,-1.4109,4.1066,12h_SI1,12h,SI1,6h_SI1,6h,SI1,5.5175
9.906067,-0.2952518,5.623914,9.525349,10.232489,1.957616,N900_RS08220,hutC,0.8880298333333333,-1.3759,5.3486,12h_SI8,12h,SI8,6h_SI3,6h,SI3,6.7245
0.7307405,-2.8570683,4.6457205,1.3546253,2.879524,9.249696,N900_RS08225,hutI,0.012860981666666655,-1.2371,2.366,6h_SI3,6h,SI3,6h_SI2,6h,SI2,3.6031000000000004
-5.735248,-4.1999545,14.862901,4.340294,13.359763,-7.5053205,N900_RS08230,hutG,0.64989609,-0.8809,3.5459,6h_st,6h,st,3h_SI2,3h,SI2,4.4268
12.29078,-2.939352,6.749734,3.6259744,-6.022056,0.30566558,N900_RS08235,hutU,0.10112349999999998,-1.2477,3.2081,3h_SI3,3h,SI3,1h_SI1,1h,SI1,4.4558
3.4148202,-13.108106,10.8577175,11.38058,8.441924,-1.1009411,N900_RS08240,hutH,1.3871163833333333,-0.67711,5.8738,1h_ce,1h,ce,3h_SI4,3h,SI4,6.55091
4.209446,-9.305936,10.603941,0.80417633,5.462665,8.189566,N900_RS08245,N900_RS08245,0.6419036783333332,-0.66524,4.5196,3h_SI1,3h,SI1,1h_st,1h,st,5.1848399999999994
7.075012,-13.709697,7.6649423,11.902687,4.061339,-0.2519509,N900_RS08250,vesB,0.4382439166666666,-1.0366,4.159,3h_st,3h,st,6h_st,6h,st,5.1956
-1.076866,-10.373716,11.1082945,7.6767516,9.280552,-4.901577,N900_RS08255,N900_RS08255,0.8918825349999999,-0.51569,3.7589,6h_ce,6h,ce,3h_SI2,3h,SI2,4.27459
-2.513064,-12.299287,11.340585,7.77126,10.106823,-10.084901,N900_RS08260,ydiJ_BLAST,1.0087345483333334,-0.57066,3.5887,1h_SI2,1h,SI2,3h_SI5,3h,SI5,4.1593599999999995
-4.713802,-2.2918897,11.672852,11.418499,9.735337,-7.68055,N900_RS08265,N900_RS08265,0.7398509833333335,-0.71186,3.5893,1h_co,1h,co,3h_SI5,3h,SI5,4.30116
-3.0992541,-6.409045,15.04331,10.261704,12.6404295,-5.815966,N900_RS08270,N900_RS08270,0.9932927833333333,-1.4364,4.3582,1h_SI5,1h,SI5,3h_SI2,3h,SI2,5.7946
5.6623454,8.564213,2.7156265,10.171796,8.90448,-2.222913,N900_RS08275,yiaD,0.9983787883333334,-0.57913,4.8011,3h_SI2,3h,SI2,6h_SI1,6h,SI1,5.38023
2.8595204,-4.945115,0.05255115,-4.178139,4.856003,1.1908352,N900_RS08280,molecular chaperone DnaJ,-0.8678183333333335,-2.7877,2.6396,6h_SI6,6h,SI6,3h_SI2,3h,SI2,5.427300000000001
-4.4027925,-1.3376192,15.591227,12.078015,15.927205,-2.319989,N900_RS08285,N900_RS08285,1.1318526666666666,-0.41803,5.0817,3h_SI6,3h,SI6,12h_SI1,12h,SI1,5.49973
-4.4200063,-4.8272476,10.396342,5.02367,9.463661,-5.6140256,N900_RS08290,N900_RS08290,0.12254079999999999,-0.99094,3.1197,3h_SI4,3h,SI4,6h_SI2,6h,SI2,4.11064
4.3466997,-11.022017,1.9168537,10.781496,4.009207,7.949622,N900_RS08295,purC,-1.0655877166666667,-3.5147,4.0098,12h_SI7,12h,SI7,1h_ce,1h,ce,7.5245
4.6360264,-3.71735,10.570587,2.695981,7.56529,1.7696581,N900_RS08300,N900_RS08300,0.9797685949999999,-1.0699,4.6016,1h_co,1h,co,3h_SI4,3h,SI4,5.6715
4.062029,-7.8094344,8.879123,5.717682,12.373113,9.764358,N900_RS08305,maeA,-0.4048924666666667,-1.9675,4.2564,24h_SI4,24h,SI4,12h_SI1,12h,SI1,6.2239
1.6824685,5.120226,0.31316876,5.81038,5.922964,8.332954,N900_RS08310,N900_RS08310,-0.6930444166666666,-2.1072,3.3199,6h_SI8,6h,SI8,1h_SI1,1h,SI1,5.4271
-2.7860029,-10.625899,10.195456,10.440616,7.3524795,-6.8754387,N900_RS08315,vancomycin high temperature exclusion protein,0.7663898999999998,-0.81014,4.2345,3h_SI9,3h,SI9,3h_SI1,3h,SI1,5.044639999999999
5.444811,-3.6610186,3.2705913,11.612832,5.9477386,5.200337,N900_RS08320,Pseudogene_N900_RS08320,-0.11642185,-2.8364,4.1509,3h_SI6,3h,SI6,1h_SI1,1h,SI1,6.987299999999999
-1.8206608,-12.221841,-0.68246967,2.2022128,12.257698,5.7394075,N900_RS08325,sufS_2,0.9886626833333333,-0.43461,5.3232,1h_SI8,1h,SI8,3h_st,3h,st,5.75781
-1.1139498,-8.771719,10.955705,13.11566,9.439367,2.074697,N900_RS08330,agglutination protein,0.6307771166666666,-1.5471,3.9207,6h_co,6h,co,1h_SI1,1h,SI1,5.4678
11.963296,1.5719134,7.670568,9.094205,6.5398793,-1.2872434,N900_RS08335,trxB,0.059201285000000006,-2.3284,3.0184,3h_SI6,3h,SI6,6h_SI2,6h,SI2,5.3468
1.2447771,-1.8283911,4.65267,3.8166387,6.30105,0.22750707,N900_RS08350,rluB,-0.24933823166666666,-1.9076,2.8938,1h_SI5,1h,SI5,1h_ce,1h,ce,4.8014
-1.2597334,-0.08339779,11.377816,13.685385,6.794994,1.6248927,N900_RS08355,yciO,1.092501158333333,-0.34357,5.071,6h_SI4,6h,SI4,1h_SI1,1h,SI1,5.414569999999999
-3.289173,-5.7650123,6.0227814,1.6527605,14.958588,-2.988684,N900_RS08360,yciV,0.5423122833333331,-0.77398,4.008,3h_SI4,3h,SI4,6h_SI3,6h,SI3,4.78198
4.7130437,5.045312,12.1869755,2.468228,-0.34434685,3.3274167,N900_RS08365,N900_RS08365,-0.05110904,-1.5609,3.9462,6h_SI1,6h,SI1,1h_SI1,1h,SI1,5.5071
5.5879707,-7.4741993,3.798964,6.9893556,5.2371225,-3.3478146,N900_RS08370,trpE,0.25509840666666667,-1.3532,2.9777,12h_SI1,12h,SI1,6h_SI3,6h,SI3,4.3309
0.7504917,-8.297796,11.015808,13.628926,6.5298576,-0.046677526,N900_RS08375,trpG_2,0.31859641666666677,-1.1211,3.2824,3h_co,3h,co,3h_SI5,3h,SI5,4.4035
-2.096166,-16.021742,9.459826,6.9934964,10.6434355,-0.10632798,N900_RS08380,trpD,1.642995016666667,-0.75924,4.9603,1h_SI7,1h,SI7,3h_st,3h,st,5.71954
-9.359364,-5.394742,12.857113,14.711353,9.690465,3.5607224,N900_RS08385,trpCF,0.46154173333333337,-1.0333,4.3453,3h_SI9,3h,SI9,3h_SI1,3h,SI1,5.3786000000000005
-10.080501,-0.882446,15.850087,8.261197,9.324853,-1.9494051,N900_RS08390,trpB,1.0133360166666665,-0.67254,3.7182,6h_SI1,6h,SI1,3h_SI5,3h,SI5,4.39074
-3.407227,-6.0858994,6.031506,10.777272,7.41398,-9.401802,N900_RS08395,trpA,1.05240295,-0.39372,4.541,12h_st,12h,st,3h_SI1,3h,SI1,4.93472
-1.8881235,-3.2497516,5.9388185,7.7914414,13.975979,-0.36338007,N900_RS08400,dicarboxylate/amino acid:cation symporter,0.8385874833333332,-0.47013,4.1371,6h_st,6h,st,6h_SI3,6h,SI3,4.60723
0.5319181,-12.1022835,3.6470413,5.8390713,1.0314304,-3.2164013,N900_RS08405,tdk,0.24745970166666667,-1.4536,3.1849,6h_SI1,6h,SI1,6h_st,6h,st,4.6385
0.5290729,-8.197268,6.1606035,9.504799,6.3958154,-5.1150293,N900_RS08415,UPF0759 protein YecE_BLAST,0.8086361965000002,-0.65873,3.31,3h_st,3h,st,12h_SI2,12h,SI2,3.96873
-3.590718,-13.625092,7.1150503,11.094664,8.573706,1.3976643,N900_RS08420,cmoA,0.31891053333333325,-1.7111,3.0389,12h_SI7,12h,SI7,3h_SI1,3h,SI1,4.75
-1.6584466,-10.035127,9.487001,6.8797374,11.706538,3.7742047,N900_RS08425,cmoB,0.7933500966666666,-0.32086,3.5199,24h_st,24h,st,3h_SI4,3h,SI4,3.84076
6.293609,-8.608162,1.3258086,13.578713,5.430623,-2.3029368,N900_RS08430,ATP-dependent Zn protease,0.0415046,-2.5977,3.986,6h_SI5,6h,SI5,6h_st,6h,st,6.5837
3.0528839,3.6349297,6.1611385,18.55454,1.6055866,1.2991346,N900_RS08435,gonadoliberin III,-0.3288796,-1.9545,3.6517,24h_SI5,24h,SI5,1h_SI1,1h,SI1,5.606199999999999
3.3279545,0.41509926,0.28085554,12.951875,5.0286274,3.675046,N900_RS08440,alpha-L-glutamate ligase-like protein,-0.11738144999999997,-3.7,4.3574,6h_SI6,6h,SI6,6h_SI3,6h,SI3,8.057400000000001
-11.129196,-5.743227,10.4642315,8.622074,10.073396,3.4070332,N900_RS08450,N900_RS08450,0.5241945116666666,-1.4596,3.6065,6h_SI1,6h,SI1,3h_SI3,3h,SI3,5.0661000000000005
-10.227751,-8.530703,9.206249,2.5660574,16.210304,-1.1673272,N900_RS08455,sasA_5,0.7129816333333333,-0.75991,3.6754,12h_SI6,12h,SI6,6h_ce,6h,ce,4.435309999999999
-2.3393428,-5.578621,12.415526,4.5563626,2.2593236,-3.8798122,N900_RS08460,response regulator_3,1.0572139166666665,-0.23901,5.8166,12h_SI2,12h,SI2,3h_SI2,3h,SI2,6.055610000000001
2.9530845,-2.3752263,3.5411992,6.112841,-3.270139,10.238425,N900_RS08465,N900_RS08465,-1.9702411166666667,-5.149,2.1107,12h_SI5,12h,SI5,1h_co,1h,co,7.2597000000000005
8.8217945,-6.167294,3.6822042,9.362045,7.165487,-1.2870594,N900_RS08470,DNA transformation protein,1.2574838166666666,-1.4547,5.8525,6h_SI5,6h,SI5,12h_SI1,12h,SI1,7.3072
-5.749406,-11.6916275,4.630463,-1.0952783,13.7312355,-3.822168,N900_RS08475,N900_RS08475,1.5533004333333333,0.033246,5.1738,1h_SI3,1h,SI3,6h_ce,6h,ce,5.140554
2.570102,-5.729469,12.228876,4.845461,9.69981,-0.17913838,N900_RS08480,lyso,1.3188634166666668,-0.29356,3.6736,3h_SI1,3h,SI1,3h_SI6,3h,SI6,3.96716
1.6941946,0.98557144,6.545404,15.010241,10.690963,1.0268388,N900_RS08485,N900_RS08485,0.5791421658333333,-0.87926,4.1673,6h_SI4,6h,SI4,3h_SI1,3h,SI1,5.04656
-2.7070653,-2.3344247,12.259824,4.940119,6.7085776,1.2655087,N900_RS08495,hexR,1.4443123333333332,-0.27678,4.4943,3h_co,3h,co,6h_SI3,6h,SI3,4.7710799999999995
-3.3270519,-10.225838,8.2820835,9.292392,9.714594,-10.437135,N900_RS08500,iron-containing alcohol dehydrogenase_1,1.3094348000000005,-0.1859,5.4874,3h_st,3h,st,3h_SI1,3h,SI1,5.6733
3.6729074,-4.209068,2.1015751,8.948005,-2.1621463,9.141227,N900_RS08505,grxa,-2.188486333333333,-5.3571,2.7597,12h_SI9,12h,SI9,3h_SI9,3h,SI9,8.1168
-0.5301886,-16.416044,2.6803458,4.783757,8.603287,0.39038256,N900_RS08510,aspT,0.4992382333333333,-1.3198,3.9205,6h_SI8,6h,SI8,3h_st,3h,st,5.2403
8.636626,-11.291172,3.2421222,0.7811794,0.33208436,5.150878,N900_RS08515,clpA,1.6179085333333334,-1.8674,4.8621,12h_SI8,12h,SI8,6h_st,6h,st,6.7295
-7.863929,-5.0453715,13.566734,11.541801,7.041334,-2.4992247,N900_RS08520,clpS,0.9048247966666667,-0.66578,4.461,6h_SI3,6h,SI3,3h_SI1,3h,SI1,5.12678
3.0898335,1.6924684,3.1898348,-3.4886174,5.0040274,-0.5791893,N900_RS08525,cspD,0.8700467099999999,-2.1267,4.163,1h_SI2,1h,SI2,3h_SI6,3h,SI6,6.2897
-1.1151912,-1.3756996,15.550612,9.779948,13.714682,-1.9885645,N900_RS08535,rluE,0.83661715,-0.80434,4.8172,1h_ce,1h,ce,6h_SI2,6h,SI2,5.6215399999999995
3.3963215,-8.211245,8.607706,15.733378,4.6707773,-4.2649155,N900_RS08540,hisI,0.42766559503333335,-1.0594,3.761,3h_st,3h,st,3h_SI1,3h,SI1,4.8204
2.2242997,-8.1931505,9.71569,14.652577,6.7921515,-3.4514396,N900_RS08545,hisF,1.2253002,-0.47355,4.1565,3h_st,3h,st,3h_SI1,3h,SI1,4.630050000000001
2.8253663,-1.1682298,14.745466,10.2787075,11.03639,2.9094205,N900_RS08550,hisA,0.6957334300000001,-1.0794,4.6908,1h_ce,1h,ce,6h_SI1,6h,SI1,5.7702
-1.981375,-8.229435,12.000283,10.3619795,11.000434,3.4505181,N900_RS08555,hisH,0.97660172,-0.49426,4.7676,12h_SI7,12h,SI7,1h_st,1h,st,5.2618599999999995
-3.106826,-2.8751652,12.623411,7.490594,13.466251,-3.9411182,N900_RS08560,hisB,0.7740042166666666,-0.66384,3.4869,3h_co,3h,co,3h_SI5,3h,SI5,4.15074
7.99918,-7.1805124,4.458721,9.904274,-6.8076406,-1.9370646,N900_RS08565,hisC,-0.3522668833333333,-1.9267,3.5987,24h_st,24h,st,6h_st,6h,st,5.5254
3.7133555,3.4088278,3.9467232,9.9110985,12.234006,1.0603876,N900_RS08570,hisD,0.5520636383333333,-1.1033,3.3883,6h_SI4,6h,SI4,3h_SI3,3h,SI3,4.4916
4.798892,-9.1881,2.3883746,9.02566,8.974576,-0.015536096,N900_RS08575,hisG,1.6174646866666664,-0.55355,5.9015,1h_SI1,1h,SI1,6h_SI1,6h,SI1,6.45505
3.3846087,10.679447,0.32897258,-3.1095164,5.548832,-1.0755951,N900_RS08580,tet(35),0.3331553333333333,-1.4398,2.7369,6h_SI3,6h,SI3,1h_st,1h,st,4.1767
6.09146,0.18955435,-5.0714316,0.7375487,6.049164,-2.9042058,N900_RS08590,gsk_1,1.0311558833333332,-3.0612,6.2748,1h_SI4,1h,SI4,1h_co,1h,co,9.336
1.5757957,-1.6320765,10.4441595,14.827601,3.481368,1.676366,N900_RS08610,N900_RS08610,0.5251890981666667,-0.93827,3.928,3h_SI6,3h,SI6,6h_SI2,6h,SI2,4.86627
7.574242,-4.0523415,8.18413,8.784313,9.270421,4.0321493,N900_RS08615,N900_RS08615,0.46701745,-1.1203,3.847,6h_SI6,6h,SI6,12h_SI2,12h,SI2,4.9673
-4.5805445,-14.620779,0.52007055,3.652429,7.8616076,-6.3894944,N900_RS08620,N900_RS08620,1.0733547216666666,-0.57299,4.8788,6h_SI4,6h,SI4,3h_SI3,3h,SI3,5.45179
-11.82531,-8.927557,9.961101,4.8401127,13.227214,-7.2076683,N900_RS08625,class I SAM-dependent methyltransferase_1,0.9919900333333335,-0.86239,4.48,3h_SI8,3h,SI8,6h_ce,6h,ce,5.34239
1.8408298,-14.362006,10.502991,4.677285,5.6632643,-3.6049712,N900_RS08630,N900_RS08630,1.297681215,-0.84446,5.7995,1h_SI8,1h,SI8,3h_SI2,3h,SI2,6.64396
-1.8230691,-5.636807,10.084722,13.122979,12.967106,4.600219,N900_RS08635,FAD-dependent oxidoreductase_1,0.4225324414999999,-0.98426,3.3999,6h_SI8,6h,SI8,3h_SI1,3h,SI1,4.3841600000000005
-1.040562,-5.5759897,5.638665,8.10644,11.44854,-2.9491353,N900_RS08640,SDR family NAD(P)-dependent oxidoreductase,1.4508881666666664,-0.56398,5.1177,1h_SI7,1h,SI7,3h_SI2,3h,SI2,5.68168
-4.4243684,-4.381774,13.678504,14.708163,9.357376,1.8591413,N900_RS08645,"transcriptional regulator, putative",1.08680825,-0.36545,5.0672,6h_SI4,6h,SI4,3h_SI4,3h,SI4,5.43265
-3.171178,5.5144296,4.0529733,11.8394,5.561581,-4.5515113,N900_RS08650,htpX,-0.04661170000000001,-1.5751,3.5908,6h_SI3,6h,SI3,3h_SI1,3h,SI1,5.165900000000001
0.33301324,2.0675066,9.392101,1.853162,-3.9655206,5.1356573,N900_RS08655,N900_RS08655,-0.5600426833333334,-3.7242,2.6727,3h_SI8,3h,SI8,1h_co,1h,co,6.3969000000000005
-2.2400723,-12.445797,9.096014,12.693587,9.132536,-1.2956318,N900_RS08660,bioD,0.89199252,-1.4831,4.018,12h_SI8,12h,SI8,12h_SI1,12h,SI1,5.5011
1.5131892,-5.8092833,10.718922,14.685311,6.9359326,2.519562,N900_RS08665,bioC,0.23052880000000003,-1.7296,3.9964,12h_SI6,12h,SI6,3h_SI4,3h,SI4,5.726
3.9830108,-9.981854,2.2904685,10.955691,9.351812,0.42655143,N900_RS08670,bioF,0.5268480466666667,-2.2195,3.2526,12h_SI8,12h,SI8,3h_SI1,3h,SI1,5.4721
-0.6384704,-3.2594585,9.229165,10.366251,7.8107667,5.0687814,N900_RS08675,biob,-0.16050855,-2.4018,3.4029,12h_SI8,12h,SI8,1h_SI1,1h,SI1,5.8047
-1.5850244,-4.2329154,4.3317833,5.998802,12.447884,2.4352899,N900_RS08680,bioA,0.9218643500000001,-1.27,4.5701,12h_SI6,12h,SI6,6h_SI1,6h,SI1,5.8401
5.1647177,-11.708819,7.712705,9.422001,1.4679145,-1.4564135,N900_RS08690,rarA,1.0070750083333333,-3.3054,6.0708,12h_SI8,12h,SI8,6h_st,6h,st,9.3762
-3.6522906,-2.801709,14.883044,8.522713,9.705244,-0.3545721,N900_RS08700,prepilin peptidase_1,0.7370876483333332,-0.73322,4.3153,6h_st,6h,st,3h_SI4,3h,SI4,5.04852
-0.700691,-8.609002,11.69777,17.064995,5.4962983,-0.1654174,N900_RS08705,dusC,0.24892846166666663,-0.96694,2.9386,12h_st,12h,st,3h_SI1,3h,SI1,3.9055400000000002
0.91993755,2.3357384,2.66035,8.902922,10.988639,-4.0876026,N900_RS08710,sensor domain-containing diguanylate cyclase_1,1.65044495,-0.12974,4.6678,1h_SI6,1h,SI6,12h_SI1,12h,SI1,4.79754
4.621228,-5.8150125,1.7698103,4.8468466,8.832336,-4.1193223,N900_RS08715,lktB_1,1.1510659383333333,-0.2782,4.7053,3h_SI2,3h,SI2,12h_SI2,12h,SI2,4.9835
-6.633006,-2.5652559,8.892369,4.0256124,17.281109,-4.579965,N900_RS08720,ABC transporter permease_5,1.5711428166666666,-0.035407,4.5644,1h_SI6,1h,SI6,6h_ce,6h,ce,4.599807
-7.538154,2.3845966,5.5939727,1.7496387,13.145587,-7.73835,N900_RS08725,ABC transporter substrate-binding protein_6,1.2451296333333335,-0.41939,5.1008,6h_SI2,6h,SI2,6h_ce,6h,ce,5.5201899999999995
2.9454255,2.0763414,8.379236,12.72454,4.484588,-0.18665625,N900_RS08730,DNA-binding protein VF530,0.23526835000000007,-1.1728,3.7665,24h_st,24h,st,1h_SI1,1h,SI1,4.9393
5.2239647,-4.041635,10.675657,-3.9652984,5.937136,-7.2391872,N900_RS08735,VC_1099_BLAST,1.4695768333333334,-0.11238,4.8665,1h_SI8,1h,SI8,6h_SI2,6h,SI2,4.97888
1.5512406,-7.3799024,-1.6794274,12.700631,4.036584,3.3456588,N900_RS08740,ackA_1,-0.7045559833333335,-3.0813,3.8427,6h_SI6,6h,SI6,1h_co,1h,co,6.9239999999999995
3.9553459,-12.522831,3.1517034,9.971121,8.709956,4.255286,N900_RS08745,pta,0.24079031666666667,-1.8472,2.6947,6h_SI9,6h,SI9,3h_SI8,3h,SI8,4.5419
4.9393234,-9.581543,9.272331,4.8271737,10.549534,-6.6355515,N900_RS08750,yqjG,0.5168482116666666,-0.75341,2.8985,3h_SI4,3h,SI4,6h_SI2,6h,SI2,3.65191
-3.145143,-9.893634,6.6016455,3.5816016,10.10147,-8.532089,N900_RS08755,oppF_BLAST,1.2299719333333337,-0.32968,4.0274,6h_SI7,6h,SI7,12h_SI1,12h,SI1,4.35708
-6.4377947,-3.338904,-0.7045728,9.702914,9.536464,8.527877,N900_RS08760,oppD_1,0.2910643383333334,-2.0246,5.3231,24h_SI9,24h,SI9,3h_st,3h,st,7.3477
-9.58223,0.14228915,12.150606,5.3397293,14.351832,-10.268778,N900_RS08765,oppC,0.5122310366666667,-1.4689,4.2893,3h_SI9,3h,SI9,6h_ce,6h,ce,5.7582
-4.300885,-13.508034,12.910641,9.389149,2.089284,-7.502003,N900_RS08770,oppB,1.3456791666666668,-0.29756,4.8719,3h_ce,3h,ce,6h_st,6h,st,5.16946
-0.2784114,-12.936398,4.6638083,6.358521,14.027802,-1.4250901,N900_RS08775,oppA,2.95284145,-0.10759,7.5892,1h_SI6,1h,SI6,12h_st,12h,st,7.69679
2.7164278,-15.071154,8.446512,11.839491,3.820856,-0.5062938,N900_RS08780,ptxB,0.66256585,-0.63502,4.0334,6h_ce,6h,ce,6h_st,6h,st,4.66842
5.5942574,-6.1907573,3.7165697,9.975186,9.587204,-3.8515923,N900_RS08785,rcsC_5,0.6281418616666664,-0.85655,4.3508,6h_ce,6h,ce,12h_SI1,12h,SI1,5.20735
1.258761,-2.1440535,10.581589,5.905307,11.566729,9.062829,N900_RS08790,rcsC_6,1.4449898666666667,0.074042,5.074,6h_co,6h,co,3h_SI4,3h,SI4,4.9999579999999995
1.6495316,-6.8465815,7.50921,-3.1425614,-0.8056878,2.4005349,N900_RS08795,rssB_2,-0.047727433333333354,-1.3163,4.3454,24h_st,24h,st,1h_ce,1h,ce,5.6617
5.5031457,-5.544069,10.485852,12.561164,10.359794,3.9732237,N900_RS08800,sasA_6,0.5828041483333333,-1.0086,3.84,3h_SI5,3h,SI5,3h_SI4,3h,SI4,4.848599999999999
0.54150444,3.7451668,8.978458,6.5492964,13.8163805,2.7074506,N900_RS08805,sasA_7,1.4949027333333333,-0.2666,6.6033,1h_SI9,1h,SI9,3h_SI3,3h,SI3,6.8699
-2.4322953,2.2911868,1.0424597,-9.517741,14.210666,2.065165,N900_RS08810,CheC,0.45725183916666673,-1.4652,4.5253,6h_SI3,6h,SI3,6h_ce,6h,ce,5.9905
-3.6121058,-4.374571,11.962071,9.481427,10.578572,0.3952481,N900_RS08815,cheY_4,1.28340545,-0.46735,5.1319,1h_SI4,1h,SI4,1h_ce,1h,ce,5.59925
-9.880903,-7.03134,13.9721775,4.99952,13.0034275,-0.41978818,N900_RS08820,response regulator,1.4910591166666667,-0.13847,4.7419,1h_SI6,1h,SI6,3h_SI4,3h,SI4,4.88037
-9.546035,-7.3505445,13.070233,14.074572,3.3135166,-5.336967,N900_RS08825,sensor histidine kinase_3,1.2548462616666667,-0.54419,7.1778,1h_SI2,1h,SI2,3h_SI1,3h,SI1,7.72199
2.5235305,-1.9032357,14.0952835,6.9213753,10.721225,5.4190235,N900_RS08830,ywlC,-0.23810058333333334,-1.4664,3.9415,24h_co,24h,co,3h_SI4,3h,SI4,5.4079
-2.1367648,0.81284875,8.993743,-3.7605698,1.924161,1.5246739,N900_RS08840,N900_RS08840,0.5207524566666668,-1.1767,4.0777,6h_SI3,6h,SI3,1h_ce,1h,ce,5.2544
-0.030606613,6.9842343,9.2033825,13.295159,10.069121,-8.348479,N900_RS08845,araC_1,1.0818495788333335,-0.52706,4.3304,3h_st,3h,st,3h_SI1,3h,SI1,4.85746
6.1490903,-8.878669,6.3768096,8.847729,8.895258,7.3928156,N900_RS08850,YbhB/YbcL family Raf kinase inhibitor-like protein,0.4314512166666667,-1.1824,4.1588,3h_SI7,3h,SI7,1h_st,1h,st,5.341200000000001
1.1811811,-8.704531,7.805018,-0.14714473,8.300995,5.972796,N900_RS08855,CPBP family intramembrane metalloprotease,0.846539735,-0.70561,3.7285,6h_SI1,6h,SI1,1h_st,1h,st,4.4341099999999996
-12.625813,-4.7168393,9.421979,3.1913602,12.855127,-5.992973,N900_RS08860,chitinase_1,0.8096727650000002,-0.78026,4.6694,6h_st,6h,st,6h_ce,6h,ce,5.449660000000001
5.6893415,-10.119693,9.287193,9.806126,2.9242501,-1.8227384,N900_RS08865,arsJ,0.6608099164999999,-0.65336,3.0948,12h_st,12h,st,6h_st,6h,st,3.7481600000000004
-5.49375,-18.413828,4.7595305,7.9486327,9.807913,-1.8753883,N900_RS08870,phosphatase,1.4516373000000005,-0.38347,5.7003,1h_SI8,1h,SI8,3h_st,3h,st,6.08377
2.5771,-7.7105975,10.851867,6.6571736,9.321308,5.9006124,N900_RS08875,gap3,1.1607522616666661,-0.054313,3.5114,3h_st,3h,st,1h_st,1h,st,3.565713
-0.2005651,-1.8456722,12.78609,17.54872,2.5087523,-2.6155567,N900_RS08880,arsR1,0.29857039999999996,-1.0162,3.9122,3h_SI4,3h,SI4,1h_SI1,1h,SI1,4.9284
-0.07253918,-5.6186132,-2.3703654,-1.4810357,9.353276,13.066472,N900_RS08885,N900_RS08885,0.7759775166666666,-0.76891,4.2883,6h_SI4,6h,SI4,12h_SI1,12h,SI1,5.0572099999999995
-5.3017783,-15.029512,2.0590813,5.1081605,10.575091,-5.264553,N900_RS08890,N900_RS08890,0.42982405833333337,-1.2194,3.4851,1h_SI5,1h,SI5,3h_st,3h,st,4.7045
-5.9056325,-6.205815,6.0184984,9.543191,12.180005,6.3842335,N900_RS08895,A79_1377_BLAST,1.25720785,-0.35034,4.8847,6h_SI4,6h,SI4,3h_SI3,3h,SI3,5.23504
-3.865994,2.5288024,11.716502,3.0678406,14.512931,-1.5599879,N900_RS08900,lipoprotein-related protein,0.16803560999999997,-1.522,2.7288,6h_SI1,6h,SI1,3h_SI3,3h,SI3,4.2508
-4.91055,-4.279014,13.972939,10.095978,13.789238,0.10710712,N900_RS08905,tesB,0.871353565,-0.44181,3.7339,3h_co,3h,co,3h_SI3,3h,SI3,4.1757100000000005
-2.2766645,-10.488364,1.302285,3.021321,10.63436,0.3824161,N900_RS08910,decR,0.8326714250000001,-0.56016,3.9665,1h_co,1h,co,12h_st,12h,st,4.52666
0.74660075,-6.469982,11.945922,4.709493,8.421337,1.8718389,N900_RS08915,sbnA,0.6374782833333332,-1.1821,3.7851,12h_SI8,12h,SI8,3h_SI2,3h,SI2,4.9672
-2.030649,-14.212237,6.166942,9.560037,8.311661,-4.1743026,N900_RS08920,sohB,1.35045755,-0.28364,4.8988,1h_st,1h,st,6h_SI2,6h,SI2,5.18244
5.147693,-4.7942514,11.756706,-0.0066348836,5.2748003,3.6079917,N900_RS08925,ycik,0.7956472499999999,-0.69664,4.4472,6h_SI1,6h,SI1,12h_SI1,12h,SI1,5.14384
-10.465595,-12.587849,3.9709256,7.446429,4.658829,3.487776,N900_RS08935,ykgj,0.10174170000000003,-1.4447,4.9711,6h_SI2,6h,SI2,3h_st,3h,st,6.4158
-0.30885527,-17.836803,2.5174015,3.6966953,3.0823045,-2.369846,N900_RS08940,recR,0.8771481383333336,-1.1928,4.18,6h_co,6h,co,3h_st,3h,st,5.3728
-2.7633374,-5.3471375,6.3323126,8.086192,9.235027,-4.6269684,N900_RS08945,ybab,1.1653916,-0.31074,5.2253,3h_co,3h,co,3h_SI2,3h,SI2,5.53604
7.214259,-8.312136,6.8497505,5.0977087,5.389863,-2.4415908,N900_RS08955,apt,0.73947355,-0.41297,4.6686,3h_SI3,3h,SI3,12h_st,12h,st,5.081569999999999
5.0013423,-3.1795545,2.95148,-0.029396959,12.7815695,-0.7511331,N900_RS08960,ybaN,1.7940748166666667,-0.60866,5.8689,1h_SI7,1h,SI7,3h_SI2,3h,SI2,6.47756
1.2431021,-7.321924,5.9106817,6.1196947,12.747198,-2.4921308,N900_RS08970,response regulator_2,1.5642444166666667,-0.41724,4.9494,1h_SI5,1h,SI5,3h_SI2,3h,SI2,5.366639999999999
1.5683485,-8.880396,5.941808,8.647326,7.3645496,9.128904,N900_RS08975,LysR family transcriptional regulator_4,0.012193816666666642,-3.8853,5.0748,6h_SI8,6h,SI8,1h_st,1h,st,8.9601
-0.68851084,-7.0380588,9.393986,9.092105,12.522595,2.896028,N900_RS08980,ydjA,1.1543330666666667,-0.50706,4.5639,6h_SI4,6h,SI4,12h_SI1,12h,SI1,5.07096
-0.86193097,-17.075926,5.2129526,8.210151,8.420111,1.4156648,N900_RS08985,fadJ,0.7636433116666667,-0.67914,3.6194,24h_SI7,24h,SI7,3h_st,3h,st,4.29854
4.4491715,-9.012528,11.797014,10.165301,9.573398,-6.119561,N900_RS08990,fadI,1.1746548833333335,-0.34112,4.055,1h_SI4,1h,SI4,6h_SI2,6h,SI2,4.39612
9.018204,-2.3470216,3.5685737,8.652248,5.543499,0.5988369,N900_RS08995,Pseudogene_N900_RS08995,0.2619878233333333,-1.9625,4.6057,3h_SI7,3h,SI7,6h_SI1,6h,SI1,6.568199999999999
1.2672461,-8.189137,8.398785,11.947475,10.248335,2.3779948,N900_RS09000,RNA polymerase sigma factor,0.2922076666666667,-1.3094,3.0257,6h_SI7,6h,SI7,1h_st,1h,st,4.3351
-3.6203914,-10.213289,10.40562,5.5737586,13.108876,5.9998,N900_RS09005,N900_RS09005,1.1906282166666668,-0.76654,4.7378,12h_SI4,12h,SI4,3h_SI5,3h,SI5,5.50434
-4.453084,-5.159194,8.171092,5.0562196,14.602805,-0.24373898,N900_RS09010,fadL,0.8474407583333334,-0.88769,2.9122,12h_co,12h,co,12h_SI3,12h,SI3,3.79989
5.5664697,-17.347446,4.207487,4.0012164,4.995354,1.0375749,N900_RS09015,aromatic hydrocarbon degradation protein,1.217763183333333,-0.16396,5.5034,1h_SI9,1h,SI9,6h_st,6h,st,5.66736
-9.941607,-1.387215,10.573136,3.2835276,12.263784,-4.388128,N900_RS09020,low molecular weight phosphotyrosine protein phosphatase_2,1.0771236283333334,-0.82125,4.5852,6h_SI1,6h,SI1,1h_ce,1h,ce,5.40645
6.5419974,-7.3692837,7.1429067,6.0578175,9.493022,-3.3374245,N900_RS09025,cobO,0.8866571166666667,-0.62091,3.7663,3h_st,3h,st,6h_st,6h,st,4.3872100000000005
8.165932,-7.674152,7.829775,7.5332255,4.529266,-6.6093364,N900_RS09030,asma_1,0.21952596666666668,-1.3077,4.4124,12h_SI1,12h,SI1,6h_st,6h,st,5.7201
-1.4662954,-16.76325,2.9219935,1.177916,6.1510544,-2.5970738,N900_RS09035,udk,-0.137756565,-1.9188,3.0021,1h_SI6,1h,SI6,6h_st,6h,st,4.9209
0.30982646,1.1517851,14.927776,2.4862492,13.589724,-0.8935296,N900_RS09040,N900_RS09040,-0.004128316666666676,-1.428,4.5552,6h_SI9,6h,SI9,12h_SI1,12h,SI1,5.9832
1.9025884,-16.763447,0.2557773,1.0168263,9.72156,7.437744,N900_RS09045,apbC,0.8032064833333333,-0.52816,4.7821,6h_ce,6h,ce,3h_st,3h,st,5.3102599999999995
4.7868648,-4.5365887,9.1093,2.7946055,12.974061,0.31831387,N900_RS09055,N900_RS09055,0.6217690166666666,-0.63272,3.2282,6h_co,6h,co,6h_SI2,6h,SI2,3.86092
0.24936894,-2.290861,-0.24206243,3.7197824,10.447837,-3.2190518,N900_RS09060,udp_1,1.1635346733333334,-1.1134,4.9521,1h_SI7,1h,SI7,12h_SI3,12h,SI3,6.0655
-1.0841292,-4.8582883,12.189546,12.769155,9.274084,-0.11947057,N900_RS09065,zntA,4.28393,1.3231,6.9478,24h_co,24h,co,3h_SI1,3h,SI1,5.6247
-8.466394,1.0000911,10.966132,-2.5939991,9.782991,-3.4168677,N900_RS09070,N900_RS09070,0.04431866666666666,-1.5316,2.9836,6h_SI1,6h,SI1,6h_ce,6h,ce,4.5152
-4.9536624,-10.819107,0.06003402,2.2669687,11.151861,7.6524405,N900_RS09075,inosine monophosphate dehydrogenase-related protein,1.2868885666666663,-0.28471,6.1714,3h_SI1,3h,SI1,3h_st,3h,st,6.456110000000001
-1.5424052,-5.694709,11.667665,-1.9180381,1.7186623,0.64480746,N900_RS09080,N900_RS09080,0.1564438301666667,-1.6176,4.073,6h_SI2,6h,SI2,3h_SI2,3h,SI2,5.6906
1.8601661,-12.469157,3.1474297,8.636889,6.5554852,-0.5333499,N900_RS09085,moaE,0.46292403333333326,-1.2041,4.2027,6h_SI4,6h,SI4,6h_SI2,6h,SI2,5.4068000000000005
3.3075335,-2.0296125,7.029802,-4.7005835,13.503379,-9.222637,N900_RS09090,moaD,0.05229599999999999,-1.4129,2.6728,1h_SI3,1h,SI3,12h_SI1,12h,SI1,4.0857
2.0980427,-2.252043,-2.0745227,4.4149327,5.1671495,0.5456453,N900_RS09095,moaC,1.8227353833333337,-1.3039,6.0757,1h_SI5,1h,SI5,24h_st,24h,st,7.3796
-0.6353521,5.3463235,-0.15683575,5.0045824,9.947975,-8.015787,N900_RS09100,moaB,0.8524573751666666,-0.92419,3.5174,1h_SI2,1h,SI2,3h_SI1,3h,SI1,4.44159
5.4058385,-11.703919,5.1191716,10.186189,7.8848934,-6.0693583,N900_RS09105,moaA,1.4470726866666666,-0.07555,6.465,1h_SI4,1h,SI4,6h_st,6h,st,6.54055
-3.4261773,-9.296044,13.680875,12.44519,4.2302995,-5.0476875,N900_RS09110,ybhK,1.0236163666666667,-0.76015,5.5315,12h_SI1,12h,SI1,3h_SI2,3h,SI2,6.291650000000001
10.9233,-2.7582576,3.3708363,5.8691063,4.9353666,8.276485,N900_RS09115,luxu,-0.18171271333333333,-3.8606,5.0892,12h_SI8,12h,SI8,6h_SI2,6h,SI2,8.9498
6.6933374,-1.4074676,-5.3135734,5.2598147,1.0689658,10.608415,N900_RS09120,luxO_BLAST,-1.3439629666666666,-4.6955,0.11287,12h_SI8,12h,SI8,3h_SI9,3h,SI9,4.80837
1.0311059,3.5023637,11.707937,4.7954884,2.4618468,2.07513,N900_RS09125,N900_RS09125,-0.3868947466666666,-3.0679,2.634,3h_SI9,3h,SI9,3h_SI3,3h,SI3,5.7019
-3.9787283,-11.822748,7.6448445,5.2207294,13.434149,2.9276006,N900_RS09130,uvrB,0.5743209,-1.2042,3.4819,3h_co,3h,co,3h_st,3h,st,4.6861
-7.7873507,-5.5586076,9.527489,11.423461,4.825492,-2.921621,N900_RS09170,nth,0.27437863333333323,-1.2229,4.2198,6h_SI1,6h,SI1,3h_SI1,3h,SI1,5.4427
0.16185808,0.46363205,7.407438,13.820662,-1.5160339,-1.4698156,N900_RS09175,gloA,-0.10882193333333334,-1.6775,3.5179,12h_SI1,12h,SI1,6h_SI3,6h,SI3,5.1954
7.816018,-8.804072,6.1643095,11.633551,0.5856503,-0.87491405,N900_RS09180,VP2110_BLAST,-0.04069886666666666,-1.365,3.3617,3h_SI2,3h,SI2,1h_ce,1h,ce,4.7267
-1.1475474,8.728163,6.372484,1.8098689,-5.155294,4.9579444,N900_RS09185,motY,-0.6503969499999999,-2.4553,2.6154,24h_SI1,24h,SI1,3h_SI7,3h,SI7,5.0707
-10.60374,3.7851725,-0.23356707,7.326058,4.7610927,-4.6909776,N900_RS09195,ribonuclease T,0.5439541,-2.0486,5.2082,1h_SI2,1h,SI2,3h_SI1,3h,SI1,7.2568
2.6697886,-14.961295,7.352991,9.460629,9.488988,2.1413615,N900_RS09200,yuiF,2.063312333333333,0.60393,5.3073,6h_co,6h,co,6h_SI4,6h,SI4,4.70337
3.3159337,-7.275537,2.384528,5.0602803,0.60815513,15.980832,N900_RS09205,purF,-2.03226245,-5.1351,2.6569,12h_SI6,12h,SI6,1h_st,1h,st,7.792
-1.2887237,-5.4600463,-1.4642121,6.301049,0.2975498,14.176512,N900_RS09210,cvpA,-2.3630791666666666,-5.6924,2.1232,12h_SI6,12h,SI6,3h_st,3h,st,7.8156
-3.0589683,-5.416319,14.021531,2.3375888,7.8653502,4.2441955,N900_RS09215,dedD,-0.24032725,-2.9229,4.6611,3h_SI9,3h,SI9,3h_SI2,3h,SI2,7.584
1.3748298,-17.548635,6.5572395,10.521497,8.995609,0.74433523,N900_RS09230,truA,1.0683384833333336,-0.54901,4.9614,6h_SI6,6h,SI6,6h_st,6h,st,5.51041
-0.8349165,-4.948854,8.171204,8.532884,13.484922,-0.9024837,N900_RS09235,Pseudogene_N900_RS09235,1.5587530166666668,-1.072,5.6288,6h_SI7,6h,SI7,12h_SI1,12h,SI1,6.7008
-4.59541,-11.495221,2.6297522,10.613614,11.621464,2.6643248,N900_RS09245,nagE,0.9901876266666666,-0.44432,4.3375,12h_st,12h,st,6h_SI1,6h,SI1,4.781820000000001
0.6066934,4.9337564,2.3888614,-4.934017,-1.8923897,-9.742707,N900_RS09250,nagA_1,0.3435591,-1.212,3.4747,1h_SI1,1h,SI1,6h_SI4,6h,SI4,4.6867
-5.0152197,-2.9088683,7.655001,1.3111503,13.222763,-4.7872663,N900_RS09255,nagC,1.25382715,-0.71136,5.7062,1h_SI5,1h,SI5,3h_SI4,3h,SI4,6.41756
-5.636242,-3.7620866,8.283182,12.146618,10.6418915,-5.1998916,N900_RS09260,ybaL,1.2450766500000001,-0.28419,5.2044,6h_SI4,6h,SI4,3h_SI1,3h,SI1,5.488589999999999
-1.0748062,-4.4267826,8.702486,8.768156,10.431408,-0.87494755,N900_RS09265,asnB,0.6980691485166667,-0.7822,3.1926,3h_SI3,3h,SI3,12h_st,12h,st,3.9748
-4.475167,-10.195715,9.023604,6.6836348,7.572517,7.351621,N900_RS09270,rfaH,-0.7288724383333334,-4.1108,2.231,3h_SI9,3h,SI9,6h_SI4,6h,SI4,6.3418
-10.373594,-1.7254416,7.445019,5.672148,13.321035,-0.7989455,N900_RS09275,dtpA,0.3915716333333334,-1.3379,3.0471,6h_SI2,6h,SI2,1h_st,1h,st,4.385
2.9821491,-14.978178,5.4038773,12.631114,7.2695484,1.1188256,N900_RS09290,htpG,1.522672166666667,-0.047813,5.2158,6h_SI7,6h,SI7,6h_st,6h,st,5.263612999999999
6.619452,-5.7657347,3.3078837,9.768256,2.2773714,12.601074,N900_RS09295,toxR_BLAST,-1.2760801616666668,-3.7391,2.7871,12h_SI7,12h,SI7,3h_SI4,3h,SI4,6.5262
2.8660913,0.6842733,4.122475,5.848506,7.215532,9.734879,N900_RS09300,toxS,-1.2785576833333334,-4.4588,2.8561,12h_SI8,12h,SI8,3h_SI5,3h,SI5,7.3149
-6.1571965,-8.876838,6.7929792,9.86128,14.968237,6.368127,N900_RS09305,selenoprotein W-related protein,1.12137295,-0.48067,4.2561,3h_SI2,3h,SI2,6h_SI2,6h,SI2,4.73677
-3.5918195,-6.1269903,5.5161047,5.5776505,11.991524,6.2658844,N900_RS09310,phosphodiesterase,1.0588239531666668,-0.51408,3.5248,6h_st,6h,st,12h_st,12h,st,4.03888
3.090351,1.6573507,9.852192,2.2408295,2.9206643,1.889103,N900_RS09315,yfcH,0.796196615,-0.64839,4.5972,3h_ce,3h,ce,1h_ce,1h,ce,5.24559
-2.249016,-14.897317,8.324438,7.8470497,11.472073,-0.21992335,N900_RS09320,ybbO,1.4145935333333335,-0.21163,4.0732,1h_SI8,1h,SI8,6h_SI4,6h,SI4,4.28483
4.2780657,-0.13407482,-4.607066,2.6560724,-3.404529,-0.6070172,N900_RS09325,YbbN,0.17200786666666668,-2.3619,2.1761,12h_SI8,12h,SI8,1h_ce,1h,ce,4.538
3.3271158,-6.5023513,10.0034485,7.1988935,-0.44136214,-1.8339049,N900_RS09330,qmcA,0.617607355,-0.69117,3.6309,6h_SI3,6h,SI3,6h_SI1,6h,SI1,4.32207
2.9469075,-1.4130722,7.7351213,3.3556786,1.4230347,-2.0930622,N900_RS09335,ybbJ,0.13872095,-2.6107,3.365,6h_SI5,6h,SI5,6h_SI4,6h,SI4,5.9757
2.9400594,3.8801155,-0.28023368,4.160781,-0.26998731,7.4879155,N900_RS09340,cueR,-0.9154054500000001,-2.4373,2.6155,3h_SI6,3h,SI6,12h_SI3,12h,SI3,5.0527999999999995
-1.502793,5.874055,14.128001,12.490786,4.714577,-2.8303013,N900_RS09345,N900_RS09345,0.17682144999999996,-1.1808,3.3853,24h_st,24h,st,1h_SI1,1h,SI1,4.5661000000000005
-12.381071,-6.910599,5.199117,2.9759524,11.326018,-5.8327413,N900_RS09350,chiP,0.8542988833333333,-1.0059,4.6052,12h_SI1,12h,SI1,3h_SI1,3h,SI1,5.6111
-5.049505,-13.15878,4.4520016,7.583508,13.034267,5.455674,N900_RS09365,cysZ,0.807691875,-0.47829,4.5662,6h_SI8,6h,SI8,3h_st,3h,st,5.044490000000001
-5.0896764,-5.915646,15.633065,9.172157,13.654976,-1.0630529,N900_RS09370,cysK,1.571828383333333,-0.26076,5.7621,1h_SI6,1h,SI6,3h_SI4,3h,SI4,6.0228600000000005
2.6172833,-10.33944,11.971034,5.483311,7.8632174,1.8786743,N900_RS09375,N900_RS09375,0.4836263499999999,-2.184,4.0573,1h_SI2,1h,SI2,3h_SI4,3h,SI4,6.2413
3.0509505,-11.577753,3.1469228,8.772949,7.6984677,4.106153,N900_RS09380,ptsH,0.5671032,-1.2857,3.9768,6h_ce,6h,ce,12h_SI2,12h,SI2,5.2625
-4.5493107,-3.8290017,8.143299,0.009869777,14.365758,-8.547092,N900_RS09385,ptsI,0.24533666666666665,-1.7399,4.4994,1h_SI4,1h,SI4,6h_ce,6h,ce,6.2393
6.3309345,-5.1154575,0.8500187,2.7439768,7.4751573,3.100481,N900_RS09390,crr,0.4001859166666667,-2.5399,7.5507,1h_SI6,1h,SI6,6h_SI2,6h,SI2,10.0906
-4.8817244,-11.468241,-5.9377484,4.8724885,5.590172,-4.2688246,N900_RS09400,miaB,0.8828023166666665,-0.60496,4.8641,6h_SI4,6h,SI4,3h_st,3h,st,5.46906
7.7756987,-3.131205,-3.8464613,4.064244,5.7825484,4.8627653,N900_RS09405,ybeZ,-0.2893976666666667,-2.9766,4.9254,1h_SI5,1h,SI5,3h_SI8,3h,SI8,7.901999999999999
4.0226746,-15.599461,3.6751537,10.865105,9.501622,5.4962416,N900_RS09410,ybeY,1.8224785333333335,-0.061048,4.1454,6h_SI9,6h,SI9,1h_st,1h,st,4.206448000000001
-5.2548137,-3.5491185,9.237889,11.968468,7.813518,6.3770556,N900_RS09415,corc,0.22945046666666663,-3.4408,4.4363,12h_SI7,12h,SI7,3h_SI1,3h,SI1,7.8771
4.184488,-15.2082405,3.5266862,10.80625,9.576356,5.4660754,N900_RS09420,lnt,0.6562306666666665,-1.2185,2.8033,12h_SI7,12h,SI7,12h_st,12h,st,4.0218
4.136789,3.0448165,11.060489,2.9541218,-2.8588135,2.097572,N900_RS09425,zinc ribbon-containing protein,-0.33234371666666657,-2.0581,2.5462,12h_SI4,12h,SI4,3h_SI5,3h,SI5,4.6043
-5.504744,-4.6597424,15.127266,4.247794,7.6349087,0.22700281,N900_RS09445,rsfS,0.7061118816666665,-0.9473,6.2056,1h_SI7,1h,SI7,3h_SI3,3h,SI3,7.1529
2.0434518,-3.3260255,4.870456,10.273848,10.739188,2.258223,N900_RS09450,rlmH,1.1452897250000003,-0.34231,4.5065,12h_SI8,12h,SI8,3h_SI4,3h,SI4,4.84881
3.4828868,-6.1890144,9.254041,7.9096565,5.248407,3.756981,N900_RS09465,rlpa,-0.9739270666666666,-4.0064,4.2509,12h_SI8,12h,SI8,6h_SI3,6h,SI3,8.2573
3.8008544,-15.058183,3.4650607,10.505091,8.520686,5.2432704,N900_RS09470,dacA_1,-1.9758055,-4.2491,0.42674,12h_SI7,12h,SI7,3h_SI5,3h,SI5,4.67584
4.855692,-10.863335,1.4173679,8.078642,8.349741,4.211599,N900_RS09500,glyA,-0.81926715,-2.8917,4.2451,12h_ce,12h,ce,3h_SI8,3h,SI8,7.1368
-3.603397,0.51934165,4.142804,12.00087,10.230188,-7.2708907,N900_RS09505,yitt,0.5896746166666667,-1.555,5.8246,6h_co,6h,co,3h_SI1,3h,SI1,7.3796
7.8747454,-7.2102666,4.1976366,6.5853767,9.556928,-4.8016915,N900_RS09510,vpsQ,2.0536241166666667,0.054217,6.1916,1h_SI8,1h,SI8,3h_SI3,3h,SI3,6.137383
0.33443576,-4.770286,16.101816,8.777062,5.7383847,-3.1940584,N900_RS09515,vpsP,0.4806321666666667,-0.8371,3.4899,3h_SI8,3h,SI8,6h_SI3,6h,SI3,4.327
-4.738869,-12.6097,6.0290546,9.43415,14.054302,3.0633173,N900_RS09520,vpsO,1.0523468666666667,-0.83125,4.4351,6h_SI7,6h,SI7,3h_st,3h,st,5.26635
5.3913093,-10.021687,6.6364346,6.446971,0.8233634,-7.2380877,N900_RS09525,vpsN,0.753820375,-0.83838,5.4475,12h_SI2,12h,SI2,6h_st,6h,st,6.28588
2.514933,-9.11153,8.316427,8.492054,6.2892246,-2.5166922,N900_RS09530,vpsM,0.61811593,-0.50002,4.128,3h_st,3h,st,6h_SI3,6h,SI3,4.62802
-3.1377428,-12.310381,11.932501,11.713265,6.867126,-7.2605424,N900_RS09535,vpsL,0.8755159166666667,-0.67382,4.1038,3h_co,3h,co,3h_SI4,3h,SI4,4.77762
-3.317751,-6.8340936,10.146382,-3.7970102,11.094041,-6.749037,N900_RS09540,N900_RS09540,0.44002341666666667,-0.75523,4.1657,24h_ce,24h,ce,6h_ce,6h,ce,4.92093
4.1866364,-6.024943,2.957731,1.2725619,9.210814,13.682134,N900_RS09545,N900_RS09545,-0.49554998333333333,-2.8916,4.6892,6h_SI5,6h,SI5,1h_st,1h,st,7.5808
-0.4556036,-1.1849301,13.366719,11.044252,10.640256,2.9921136,N900_RS09550,hemolysin_1,0.4984524699999999,-0.85796,2.4637,3h_st,3h,st,3h_SI3,3h,SI3,3.3216599999999996
-0.8493824,-6.8442445,15.995901,9.355075,4.4918027,-1.8316612,N900_RS09555,N900_RS09555,0.9551864175499998,-0.46094,4.4575,24h_SI2,24h,SI2,6h_SI3,6h,SI3,4.9184399999999995
8.845371,4.6015053,-2.4891346,1.1856389,3.466496,6.838469,N900_RS09560,N900_RS09560,0.10116264999999997,-1.4121,2.7998,6h_SI7,6h,SI7,1h_co,1h,co,4.2119
5.6900406,0.21475087,13.233632,15.681275,5.188588,1.6154641,N900_RS09565,glycosyltransferase,0.73439475,-0.72149,4.1181,3h_SI2,3h,SI2,6h_SI3,6h,SI3,4.83959
-7.370582,-15.543839,6.3931336,9.774347,11.283595,0.45684737,N900_RS09570,vpsJ,1.3260645899999999,-0.4824,5.9209,1h_ce,1h,ce,3h_st,3h,st,6.4033
0.7965166,-10.3982115,7.7924547,7.8664217,5.1889396,-5.018824,N900_RS09575,glycosyltransferase family 1 protein,1.4685779833333334,-0.25353,5.3436,12h_SI1,12h,SI1,6h_st,6h,st,5.59713
-5.7180114,-5.01282,-4.24007,7.522103,9.207481,0.21738805,N900_RS09580,vpsH,1.3230130333333332,-0.48033,5.5732,6h_SI5,6h,SI5,3h_SI1,3h,SI1,6.05353
-3.0580945,-13.343094,6.985846,10.5869255,10.450749,3.8147767,N900_RS09585,vpsG,0.87275198,-0.76066,3.7253,24h_co,24h,co,3h_st,3h,st,4.4859599999999995
0.8737517,-8.912033,4.1498957,10.359636,-1.6938956,-8.452446,N900_RS09590,vpsF,0.3738667166666667,-0.90026,3.4854,12h_SI3,12h,SI3,6h_st,6h,st,4.38566
4.6123714,-13.253528,10.237575,13.167574,6.5954146,2.4325812,N900_RS09595,vpsE,1.3014730333333333,-0.014657,4.6924,1h_SI6,1h,SI6,1h_st,1h,st,4.707057
-4.405502,-6.214258,14.515589,10.801434,10.159258,-1.5192357,N900_RS09600,vpsD,0.5765796950000001,-0.82075,3.7296,3h_co,3h,co,3h_SI4,3h,SI4,4.55035
-2.628285,-5.3155036,11.343341,2.874821,2.3721678,4.269725,N900_RS09605,vpsC,-0.06380356666666667,-1.9378,3.5258,6h_ce,6h,ce,12h_st,12h,st,5.4636
-6.6987576,-3.8868177,5.455149,10.20889,8.624093,-0.2223764,N900_RS09610,wecC,0.7462644549999998,-0.59348,4.1402,3h_SI4,3h,SI4,1h_st,1h,st,4.73368
3.1531594,-4.779934,12.934446,13.754068,9.614327,-1.7527932,N900_RS09615,vpsA,0.23403115833333332,-1.2404,3.1778,1h_st,1h,st,6h_SI1,6h,SI1,4.4182
10.364111,7.088342,5.3036895,1.3991716,5.8353386,7.1459303,N900_RS09620,low molecular weight phosphotyrosine protein phosphatase_1,-0.25759546666666666,-1.7217,3.3038,6h_SI4,6h,SI4,12h_SI2,12h,SI2,5.0255
-4.904073,-7.617963,13.745012,3.2135901,12.297767,-0.93071824,N900_RS09625,vexH,0.9679584833333333,-0.39739,4.3069,6h_st,6h,st,3h_SI2,3h,SI2,4.704289999999999
3.0725112,-11.399753,6.6885033,9.072806,9.270679,5.319645,N900_RS09630,vexG,1.048455385,-0.50316,5.0539,6h_SI4,6h,SI4,12h_st,12h,st,5.55706
-1.9293346,-10.455584,2.4717796,-0.94761086,7.4151783,-8.088187,N900_RS09650,treC,-0.3267625666666667,-2.5639,4.896,12h_SI5,12h,SI5,3h_SI2,3h,SI2,7.459899999999999
4.3214808,-3.1350143,10.36905,-4.546665,9.954019,-0.14475696,N900_RS09655,treB,0.17075635999999997,-1.3385,3.1479,1h_SI1,1h,SI1,12h_SI1,12h,SI1,4.4864
-7.0328536,-14.002881,6.5529346,8.90673,9.698122,-3.5913522,N900_RS09660,treR,1.0499563283333333,-0.341,4.379,1h_SI4,1h,SI4,3h_SI1,3h,SI1,4.72
4.4573417,-15.727613,3.243344,11.083646,9.777519,5.2649207,N900_RS09665,gmhB,0.44115017366666665,-1.5378,2.5642,12h_SI7,12h,SI7,12h_st,12h,st,4.102
-1.5119549,2.842406,15.443854,6.5144005,4.9514117,-2.2963471,N900_RS09670,metN,0.8956259949999997,-0.8644,4.2205,6h_co,6h,co,6h_SI4,6h,SI4,5.0849
-5.96418,-10.672094,4.0067115,10.120142,12.19087,6.192954,N900_RS09675,metI,0.66312978,-0.70339,4.0732,6h_SI8,6h,SI8,3h_st,3h,st,4.77659
-0.38190395,-6.7414875,13.536665,9.695024,10.72741,-0.67435,N900_RS09680,metq,1.3567389333333333,-0.027598,3.7875,1h_st,1h,st,6h_SI2,6h,SI2,3.815098
-2.8324506,-7.6702056,10.084725,13.529977,9.839519,-9.041038,N900_RS09685,N900_RS09685,1.28851735,-0.54312,6.0967,1h_SI8,1h,SI8,3h_SI1,3h,SI1,6.63982
-2.0477264,-0.8716575,9.383183,-3.7510123,12.4567175,-3.1191769,N900_RS09690,SecY-interacting protein,0.976250178333333,-0.44318,4.0839,3h_SI4,3h,SI4,1h_ce,1h,ce,4.52708
-5.9164615,-0.8914953,13.095552,12.6250725,10.013069,2.2120717,N900_RS09695,queF,0.40873805833333327,-0.67576,3.79,6h_SI3,6h,SI3,3h_SI4,3h,SI4,4.46576
2.7966723,-11.562248,1.2309805,5.205904,5.1137743,-3.8447857,N900_RS09700,tetratricopeptide repeat protein_2,0.8577340766666667,-0.89103,4.7344,3h_SI3,3h,SI3,6h_st,6h,st,5.62543
-6.2455835,-7.6094575,7.9327364,6.804747,16.201939,3.997954,N900_RS09705,N900_RS09705,1.1162479500000004,-0.4692,4.265,6h_st,6h,st,12h_SI1,12h,SI1,4.7341999999999995
-1.8175807,-8.473058,2.7106242,2.8888838,7.1337314,-4.255781,N900_RS09710,ppnN_BLAST,0.74193055,-1.1005,3.2516,1h_SI5,1h,SI5,12h_SI1,12h,SI1,4.3521
-0.9695009,-12.810742,5.6711626,4.053779,13.199949,3.1353993,N900_RS09715,xni,0.8651689833333334,-0.81353,5.0527,6h_SI6,6h,SI6,12h_SI2,12h,SI2,5.86623
-5.1263204,-5.0684657,11.562275,10.590127,9.868536,-5.0952168,N900_RS09720,UPF0382 membrane protein SAB0533_BLAST,0.7154458376666668,-0.86039,3.1601,12h_st,12h,st,3h_SI2,3h,SI2,4.02049
5.554224,-9.836256,12.904748,3.396952,8.60117,0.5656649,N900_RS09725,lysR,-0.06401438333333334,-1.3765,3.0713,3h_SI1,3h,SI1,3h_SI4,3h,SI4,4.4478
5.414368,-7.864644,-4.0383186,5.5242286,6.839119,2.8544612,N900_RS09735,thiI,1.9904512166666666,-0.66714,4.5002,1h_SI6,1h,SI6,1h_co,1h,co,5.16734
1.3024452,4.652059,5.263608,5.3416553,-8.32733,6.6046906,N900_RS09740,motb,-1.347178383333333,-3.6124,0.51511,24h_SI4,24h,SI4,3h_SI7,3h,SI7,4.12751
0.44474536,1.5132105,1.9184382,6.187934,-8.928477,5.4246917,N900_RS09745,pomA,-1.32040805,-3.2211,1.8577,24h_SI2,24h,SI2,1h_SI1,1h,SI1,5.078799999999999
-1.8023087,-2.040659,7.156449,5.4997478,12.539113,5.2252426,N900_RS09750,xseB,0.7615611972666667,-0.4148,5.1177,12h_ce,12h,ce,6h_SI1,6h,SI1,5.5325
-3.0317338,-7.545744,13.393245,10.359122,12.201214,-1.5486798,N900_RS09765,truC,1.0008887833333333,-0.55522,4.878,3h_SI5,3h,SI5,3h_SI3,3h,SI3,5.43322
15.065839,-2.4269547,0.554607,14.240704,-4.3547325,3.4671257,N900_RS09770,yqcC,-0.6568258666666668,-2.2874,3.6543,3h_SI6,3h,SI6,6h_SI1,6h,SI1,5.9417
3.2817388,-4.2903094,12.103819,5.7494774,3.467559,0.9972565,N900_RS09775,N900_RS09775,0.7278684333333333,-0.60604,3.9951,3h_SI3,3h,SI3,1h_SI1,1h,SI1,4.60114
5.7926936,-6.5347543,9.122401,4.7977614,0.90377045,12.023361,N900_RS09780,N900_RS09780,-0.9735595,-3.4517,4.1385,3h_SI7,3h,SI7,1h_st,1h,st,7.590199999999999
8.53617,-5.0394926,6.21301,11.331556,6.384757,-0.41124964,N900_RS09785,N-acetyltransferase_1,1.332696923333333,-0.37698,4.7178,3h_SI3,3h,SI3,3h_SI5,3h,SI5,5.09478
-0.29663557,3.9260688,6.1053486,-3.336032,-1.2321277,-0.011040147,N900_RS09790,kfrA_2,0.42086465,-1.0575,3.0034,12h_SI4,12h,SI4,6h_SI3,6h,SI3,4.0609
6.2152905,5.7460546,5.139706,6.416981,0.26912594,-0.10678634,N900_RS09795,VC_0881_BLAST,0.0009123000000000066,-1.7995,3.1849,24h_st,24h,st,1h_SI1,1h,SI1,4.9844
-8.500375,-5.1108,9.471492,10.196832,15.580145,5.599406,N900_RS09800,mtrF,1.01814806,-0.34777,3.988,6h_ce,6h,ce,3h_SI3,3h,SI3,4.33577
-3.124106,-11.851859,6.903422,1.1375743,9.164042,11.407703,N900_RS09810,rpmE2,1.510024345,-0.41295,8.2299,1h_ce,1h,ce,3h_st,3h,st,8.642850000000001
-5.7037783,-11.429616,7.0856895,-4.0924506,4.018874,-0.9009055,N900_RS09815,tsaA,-0.3122503333333334,-2.0363,2.7022,24h_st,24h,st,3h_st,3h,st,4.7385
-8.078066,-5.122852,10.585974,11.348429,14.429399,3.1207235,N900_RS09830,terB,1.415808983333333,-0.20847,5.1177,1h_SI9,1h,SI9,3h_SI1,3h,SI1,5.32617
-8.057809,0.34986126,12.837793,6.668326,-0.54423743,1.864149,N900_RS09835,VC_0872_BLAST,-0.27440475000000003,-1.5902,3.6997,12h_SI3,12h,SI3,3h_SI4,3h,SI4,5.2899
3.2592058,-0.41577524,8.127965,10.116547,8.487017,8.587078,N900_RS09840,N900_RS09840,-0.14999045000000005,-2.7114,4.5322,24h_co,24h,co,3h_SI5,3h,SI5,7.243599999999999
6.7665377,-3.830198,1.1420985,8.277902,-1.8276526,10.562187,N900_RS09850,purL,-1.7779450999999997,-4.8236,4.7371,12h_SI7,12h,SI7,1h_ce,1h,ce,9.5607
-2.4350896,-5.0229077,6.779944,13.404481,-0.58044964,5.7304807,N900_RS09860,mltF,-0.8599122216666667,-3.8311,2.6324,6h_SI7,6h,SI7,3h_SI2,3h,SI2,6.4635
3.541205,-13.675757,3.302862,9.611834,8.7877035,3.7963371,N900_RS09870,tadA,2.01246095,-0.073251,4.0338,6h_SI9,6h,SI9,12h_st,12h,st,4.107051
6.1636386,-0.89581907,13.782874,8.8578825,9.237213,4.9407215,N900_RS09875,abgT_2,0.6168178333333333,-0.82415,4.01,3h_SI5,3h,SI5,3h_SI4,3h,SI4,4.83415
-1.236288,-10.0517435,6.121709,10.295202,12.17834,2.2232308,N900_RS09880,N900_RS09880,1.7027718833333334,-0.45476,4.744,1h_SI1,1h,SI1,24h_st,24h,st,5.19876
6.374902,-4.8053617,11.5779705,14.305299,6.4366074,-0.8111933,N900_RS09885,pilV,0.5686602999999999,-1.7772,4.182,1h_SI2,1h,SI2,6h_SI1,6h,SI1,5.9592
-4.7283406,-13.062591,10.043772,6.774449,12.284617,-1.3067999,N900_RS09890,pilX,1.2406471433333335,-0.524,4.5042,1h_SI8,1h,SI8,12h_SI2,12h,SI2,5.0282
-2.5226688,-10.543514,6.8353963,7.605377,11.167196,0.6152522,N900_RS09895,PilW,1.5432023450000003,-0.25193,5.4273,1h_SI8,1h,SI8,12h_SI1,12h,SI1,5.67923
4.1801233,-8.706201,8.986536,8.414018,5.6474743,-4.1723814,N900_RS09900,"type IV pilin, putative",0.8063051783333334,-0.88846,3.6,3h_SI3,3h,SI3,6h_st,6h,st,4.48846
-0.9142208,-5.3249702,16.572191,5.5848255,8.9643,-0.59573174,N900_RS09905,type IV pilin protein,1.4143810333333335,-0.17937,4.4726,3h_SI1,3h,SI1,3h_SI3,3h,SI3,4.6519699999999995
2.2170954,-4.1520863,7.7623844,13.768038,4.882368,5.35094,N900_RS09930,recN,-0.30863290000000004,-1.9175,2.5027,6h_ce,6h,ce,3h_SI2,3h,SI2,4.4201999999999995
-1.7616813,-5.97596,16.254717,8.685742,3.472488,-4.421628,N900_RS09935,bamE,0.11239936666666667,-2.6046,3.5908,6h_ce,6h,ce,6h_SI4,6h,SI4,6.1954
-4.471659,-15.279625,2.9780655,7.4987264,11.350774,1.9003094,N900_RS09950,smpB,0.8094961333333333,-1.7584,5.2157,1h_SI4,1h,SI4,3h_st,3h,st,6.9741
-6.3226275,-7.398213,6.8158655,10.663045,3.2020817,1.3246641,N900_RS09955,intA_3,0.21375174833333332,-1.15,3.0928,12h_SI1,12h,SI1,3h_SI2,3h,SI2,4.2428
4.009497,-6.7803645,10.536605,4.6753626,11.28591,11.524146,N900_RS09965,acfd,0.4379049333333333,-0.86546,4.2622,3h_SI1,3h,SI1,1h_st,1h,st,5.12766
6.6049953,-1.6572953,3.3794582,10.178109,4.9403872,12.609649,N900_RS09970,acfa,-1.0684260666666667,-2.9294,1.7891,6h_ce,6h,ce,3h_SI3,3h,SI3,4.7185
10.175268,-7.934518,5.598398,8.773653,-0.5911737,-1.0084504,N900_RS09975,M23 family peptidase,0.747536035,-2.2553,5.8018,6h_SI6,6h,SI6,6h_st,6h,st,8.0571
3.8114364,-3.1505733,8.159012,7.9243894,1.2911351,3.206167,N900_RS09980,N900_RS09980,0.56283865,-1.0553,4.4292,12h_SI5,12h,SI5,6h_SI3,6h,SI3,5.4845
14.207258,-6.693849,5.4787984,5.8914623,-0.9270945,2.6787918,N900_RS09985,acfC,0.5852106399999999,-1.1974,4.3299,24h_SI2,24h,SI2,6h_st,6h,st,5.5273
8.307509,-2.4440966,-2.0943274,1.5124887,3.228004,4.92438,N900_RS09990,Pseudogene_N900_RS09990,0.7508161999999999,-2.5347,4.0233,6h_SI6,6h,SI6,3h_SI7,3h,SI7,6.558
5.13701,-3.9898572,1.7990981,8.413756,-1.1343615,13.220875,N900_RS09995,tcpJ,-2.3957258,-5.3424,1.6028,12h_SI6,12h,SI6,1h_ce,1h,ce,6.9452
-0.58474475,-8.886636,0.09561868,7.6624184,7.598574,14.45953,N900_RS10000,toxT,-1.90126865,-4.5366,5.4509,12h_SI6,12h,SI6,3h_st,3h,st,9.9875
3.3719108,-3.6755357,2.5540035,10.854008,3.7358875,12.547697,N900_RS10005,tcpF,-1.1926756833333334,-4.1516,2.9029,12h_SI7,12h,SI7,3h_SI3,3h,SI3,7.0545
2.3566225,-2.8546138,4.021644,12.419317,2.984882,12.668733,N900_RS10010,tcpE,-1.4925149333333334,-4.2571,4.007,6h_SI7,6h,SI7,3h_SI3,3h,SI3,8.2641
5.9063478,-6.4456353,1.2360064,3.881255,1.3331982,13.818012,N900_RS10015,tcpT,-0.8828706666666668,-4.081,4.4176,12h_SI9,12h,SI9,1h_st,1h,st,8.4986
2.0365767,-7.780883,-1.4769468,7.3515797,0.67180675,12.25545,N900_RS10020,tcpS,-1.7026167883333334,-4.7837,2.9108,12h_SI5,12h,SI5,3h_st,3h,st,7.6945
-2.8646495,-10.174908,11.055217,14.673183,7.203794,3.4360826,N900_RS10025,tcpD,-1.010262035,-4.7999,3.6369,6h_SI8,6h,SI8,3h_SI1,3h,SI1,8.4368
2.629962,-4.3719893,8.239484,10.38926,0.28327623,11.084814,N900_RS10035,tcpC,-0.9827866,-3.9376,4.404,6h_SI6,6h,SI6,1h_SI1,1h,SI1,8.3416
4.483872,-6.156506,6.158034,7.6570044,1.8979176,13.326974,N900_RS10040,tcpQ,-1.8950163000000002,-4.8122,2.9601,12h_SI9,12h,SI9,3h_SI4,3h,SI4,7.7722999999999995
3.6675093,-3.4220502,2.1409879,9.25937,-0.3825316,13.516079,N900_RS10045,tcpB,-2.552958083333333,-5.5097,2.9322,12h_SI7,12h,SI7,1h_SI1,1h,SI1,8.4419
0.039201707,-3.4470365,7.5639715,10.420436,1.8164431,9.1709795,N900_RS10050,tcpA,-0.8561711899999999,-3.4617,4.0052,12h_SI7,12h,SI7,1h_SI1,1h,SI1,7.466900000000001
0.43188062,-4.644472,1.0405855,14.028239,3.6492848,9.838677,N900_RS10055,tcpH,-1.4907641500000002,-4.6173,3.7387,6h_SI9,6h,SI9,3h_SI1,3h,SI1,8.356
4.2857814,-5.6033893,0.19349371,7.99486,1.4276829,13.805619,N900_RS10060,tcpP,-2.09559695,-5.2195,0.57672,12h_SI6,12h,SI6,1h_SI3,1h,SI3,5.79622
-6.440872,-12.976322,8.979591,7.2544785,13.615912,2.1876678,N900_RS10065,tcpI,0.9045537753499999,-0.82336,3.4943,6h_st,6h,st,3h_st,3h,st,4.31766
-8.350019,-11.033541,7.0827317,3.4530463,4.972133,0.28822044,N900_RS10075,N900_RS10075,0.9983363833333334,-0.55561,4.8773,3h_SI8,3h,SI8,3h_st,3h,st,5.43291
-0.29625207,2.5627334,4.3089824,0.98423934,12.219282,1.7698629,N900_RS10080,membrane protein_1,-0.20051415,-1.7273,2.919,24h_SI1,24h,SI1,6h_SI3,6h,SI3,4.6463
0.7116359,-13.656087,-0.027829051,7.728352,9.582763,0.7231618,N900_RS10085,Pseudogene_N900_RS10085,1.2374072200000001,-0.3157,4.4545,3h_SI4,3h,SI4,3h_SI1,3h,SI1,4.7702
4.562274,-8.591059,5.85998,6.77231,9.645037,-0.9274171,N900_RS10090,adh,1.5575618166666663,-0.46136,5.7042,6h_SI6,6h,SI6,3h_SI2,3h,SI2,6.16556
12.488526,-9.241248,9.044055,-0.543097,0.15110378,4.35391,N900_RS10105,IS481-like element ISVch1 family transposase,0.9596680333333334,-0.67947,3.7565,3h_SI3,3h,SI3,12h_SI2,12h,SI2,4.43597
8.677524,-6.998066,2.5456479,10.632705,6.56644,6.6681604,N900_RS10110,N900_RS10110,0.6793568183333333,-2.1993,6.3783,6h_SI8,6h,SI8,6h_SI1,6h,SI1,8.5776
-1.5794498,-4.0823803,9.48469,9.740315,12.647515,-4.1189175,N900_RS10115,type II toxin-antitoxin system HipA family toxin,1.9682257,-0.085998,5.5043,1h_SI8,1h,SI8,6h_SI4,6h,SI4,5.590298
-5.611057,-10.150932,8.158289,9.329652,13.524809,3.8354566,N900_RS10125,class I SAM-dependent methyltransferase_5,0.9989914833333333,-0.57546,3.7989,12h_ce,12h,ce,3h_st,3h,st,4.37436
1.4401677,-11.966258,11.917264,10.9378395,10.283399,-4.0502415,N900_RS10130,uvrB_2,1.5001344000000003,0.076314,4.4841,1h_SI8,1h,SI8,6h_SI4,6h,SI4,4.407786
1.2626157,4.2061067,0.8471967,-3.6376538,0.3204224,1.4621238,N900_RS10135,N900_RS10135,0.8423600166666666,-0.56276,3.1146,1h_ce,1h,ce,6h_co,6h,co,3.6773599999999997
-0.31611034,-6.259693,13.4968405,7.876268,11.6360445,-5.4343123,N900_RS10140,N900_RS10140,1.3133116333333335,-0.8951,3.9297,1h_SI4,1h,SI4,12h_SI2,12h,SI2,4.8248
1.0996169,-8.596882,6.7991686,8.131476,8.122859,2.8523986,N900_RS10145,N900_RS10145,0.8870409566666667,-0.32543,3.3585,24h_co,24h,co,3h_SI2,3h,SI2,3.6839299999999997
-2.8065557,-5.0268583,13.231605,10.351368,10.4760685,-3.460791,N900_RS10150,N900_RS10150,0.7804892600000002,-0.61802,3.9305,3h_SI3,3h,SI3,6h_SI2,6h,SI2,4.54852
-2.678968,-9.502084,2.438514,9.384481,12.509198,2.4726748,N900_RS10155,MFS transporter_1,1.210107171666667,-0.49048,3.8305,6h_SI4,6h,SI4,3h_st,3h,st,4.32098
-4.357236,0.33476838,9.7926655,1.6727595,11.912212,-10.001124,N900_RS10160,NAD(P)/FAD-dependent oxidoreductase,0.9769456566666668,-0.64433,4.2472,3h_st,3h,st,6h_ce,6h,ce,4.89153
5.749548,-5.8744307,9.2705345,11.324965,1.4792515,-5.6324797,N900_RS10165,Ferredoxin 1_BLAST,0.5862844666666667,-0.71856,3.7083,24h_SI4,24h,SI4,3h_SI5,3h,SI5,4.42686
-1.0765235,-4.6019897,2.9968414,3.0448055,10.42178,0.8156429,N900_RS10170,RNA methyltransferase,0.7491630416666666,-1.3601,5.002,6h_SI2,6h,SI2,12h_SI1,12h,SI1,6.3621
0.045545265,-13.050024,1.9134337,4.468409,13.307828,0.43229863,N900_RS10175,N900_RS10175,0.9844565000000001,-1.039,5.3296,6h_SI6,6h,SI6,6h_SI3,6h,SI3,6.3686
-0.4009173,3.0048919,13.830632,2.5552115,-0.68745846,-3.278095,N900_RS10180,citG,1.1104298,-0.90375,5.2199,1h_co,1h,co,3h_SI5,3h,SI5,6.12365
0.8094747,-14.41273,0.59963375,5.5444865,12.021237,2.395552,N900_RS10185,citX,1.7653130833333335,0.067906,5.9009,1h_SI6,1h,SI6,12h_st,12h,st,5.832994
-1.77191,-12.266889,7.7731957,3.0265312,12.811764,3.1041849,N900_RS10190,citF,0.9292020116666665,-0.2178,3.9796,1h_st,1h,st,6h_SI2,6h,SI2,4.1974
-11.313069,-14.61691,-7.1717944,-1.3768402,8.458201,10.404107,N900_RS10195,citE,0.003811014930833333,-9.0514e-06,0.1667,1h_SI5,1h,SI5,3h_st,3h,st,0.16670905139999997
-4.505606,1.111879,9.516252,-6.4525566,11.5712385,1.305475,N900_RS10200,citD,0.7445614516666665,-0.88296,4.6647,12h_st,12h,st,6h_ce,6h,ce,5.54766
0.6090567,-6.2589936,11.465185,1.3598629,-3.5117366,2.347323,N900_RS10205,citC,-0.24613621666666669,-1.6077,3.4178,6h_SI1,6h,SI1,6h_SI3,6h,SI3,5.0255
-0.65779364,-2.0407743,9.954538,7.8140407,12.145019,-1.3996878,N900_RS10210,citS,0.48332815500000004,-0.98223,3.7122,3h_SI4,3h,SI4,1h_co,1h,co,4.6944300000000005
-7.331578,-3.904131,13.126703,6.73512,15.28232,-6.407576,N900_RS10215,sodium pump decarboxylase,1.00029385,-0.59927,3.4684,6h_st,6h,st,6h_ce,6h,ce,4.06767
6.334317,-10.473689,11.840131,10.427785,5.909207,-1.0610498,N900_RS10220,oadA_1,0.7096458478333333,-0.50265,3.7897,3h_st,3h,st,3h_SI5,3h,SI5,4.29235
-5.427707,-11.126841,14.82609,9.42656,7.434046,-3.249762,N900_RS10225,oadB,0.6906882616666667,-0.57554,3.6876,1h_st,1h,st,3h_SI2,3h,SI2,4.26314
-0.6066014,-9.13783,9.353326,10.4746,2.3073237,-3.2126706,N900_RS10230,citA,1.5451176666666666,-0.60655,4.5883,12h_SI1,12h,SI1,1h_ce,1h,ce,5.194850000000001
-7.3572636,-15.361496,8.090636,10.383503,10.962806,-3.717578,N900_RS10235,dpiA,1.2230958033333335,-1.0556,4.9234,1h_co,1h,co,3h_SI1,3h,SI1,5.979
-2.1181056,0.27987757,14.525516,8.495014,13.677924,-0.009011667,N900_RS10245,"DOPA 4,5-dioxygenase",0.56065045,-1.0115,2.8397,3h_ce,3h,ce,6h_SI3,6h,SI3,3.8512000000000004
-1.5134939,-6.462436,9.938696,8.084672,10.369741,1.7276571,N900_RS10250,dsdC_1,0.7503687666666666,-0.5787,2.9453,6h_st,6h,st,6h_SI3,6h,SI3,3.524
2.8864336,-5.9590087,7.9291115,2.6462965,13.035681,1.6702738,N900_RS10255,dadA1,1.2735596233333333,-0.54835,6.0066,3h_SI5,3h,SI5,12h_st,12h,st,6.55495
-6.824372,-2.4794028,4.555661,2.8304434,10.325885,3.3290243,N900_RS10260,acp,0.5481384933333333,-0.95632,4.2385,6h_SI1,6h,SI1,1h_SI1,1h,SI1,5.19482
-5.562934,-8.123205,13.999597,10.431005,12.618145,-6.2301145,N900_RS10265,yjcS,0.855433515,-0.62998,3.6278,3h_ce,3h,ce,3h_SI2,3h,SI2,4.25778
-5.170155,-7.5107303,11.762192,7.3877416,11.531127,-8.725162,N900_RS10270,leuO_2,1.05003905,-0.69579,3.4211,3h_ce,3h,ce,3h_SI3,3h,SI3,4.11689
-6.5868206,-1.9576983,13.126713,10.32998,11.166287,-4.3708177,N900_RS10275,vibriobactin biosynthesis 4\'-phosphopantetheinyl transferase VibD,0.8554394166666667,-0.8837,3.8415,6h_SI1,6h,SI1,3h_SI5,3h,SI5,4.7252
1.0531282,3.8957367,4.192218,-0.60048187,4.475104,1.8848344,N900_RS10280,fepC,0.21298124999999998,-2.4939,4.2221,6h_SI5,6h,SI5,12h_SI3,12h,SI3,6.716
-4.520852,-12.253763,7.3014536,2.7641199,11.094812,-2.2170694,N900_RS10285,fepG,0.5868479583333333,-0.76997,2.9517,1h_st,1h,st,1h_ce,1h,ce,3.7216700000000005
2.077535,-6.712121,10.818236,12.285306,12.237931,0.87610394,N900_RS10290,yfiZ,1.7708784166666667,-0.041706,5.573,1h_SI5,1h,SI5,6h_SI2,6h,SI2,5.614706
-1.503471,-16.81998,1.001806,4.9922304,9.652842,-0.5049768,N900_RS10295,fepB,0.7231161448333333,-0.55209,4.3645,12h_SI7,12h,SI7,3h_st,3h,st,4.916589999999999
7.290826,-4.9377823,7.4624295,3.0679054,9.876978,-6.631752,N900_RS10300,vibH,1.49211425,0.051757,4.5359,1h_SI6,1h,SI6,6h_SI4,6h,SI4,4.4841429999999995
-3.7886558,-11.711687,7.2766953,4.643225,9.33489,-12.890638,N900_RS10305,dhbA,1.6468398833333333,0.059113,5.3491,1h_SI5,1h,SI5,6h_ce,6h,ce,5.289987
-4.605155,1.809856,10.399683,6.7664013,13.419759,1.8519458,N900_RS10315,dhbE,0.7311756350000002,-1.3366,4.6188,6h_SI2,6h,SI2,3h_SI4,3h,SI4,5.9554
3.1368237,3.9295075,4.0822973,-2.1974604,9.431335,4.625599,N900_RS10320,vibB,0.5342403033333334,-1.0229,4.3948,24h_SI2,24h,SI2,12h_SI1,12h,SI1,5.4177
-4.179998,-15.213737,5.9194393,8.50505,5.445809,-4.6945453,N900_RS10325,satP,0.43157298333333327,-0.63783,2.842,3h_SI6,3h,SI6,6h_st,6h,st,3.47983
3.5119936,-12.615221,10.546405,11.285656,6.4362965,-3.5026839,N900_RS10330,carbohydrate-binding protein,1.0459800333333333,-0.17328,3.6814,3h_st,3h,st,6h_st,6h,st,3.85468
4.852287,-10.653166,2.766451,10.807536,0.51215446,12.101153,N900_RS10335,guaA,-2.461274333333334,-5.1525,0.92829,12h_ce,12h,ce,1h_ce,1h,ce,6.0807899999999995
3.9601047,-10.927519,4.006823,11.697371,1.3477241,10.886281,N900_RS10340,guaB,-2.5002714999999993,-5.2413,0.43624,12h_ce,12h,ce,1h_SI2,1h,SI2,5.67754
6.5135036,-12.625765,10.503896,10.087783,7.1895914,0.13752148,N900_RS10345,xseA,0.7193732866666667,-1.1213,3.7351,24h_co,24h,co,6h_st,6h,st,4.8564
-4.4195075,-9.258525,8.641846,6.2655044,10.221056,-10.393598,N900_RS10350,N900_RS10350,0.5711706716666665,-0.93289,3.7913,1h_co,1h,co,6h_ce,6h,ce,4.72419
-6.4537587,-10.101149,4.808105,4.799025,15.173477,1.6184896,N900_RS10355,alanyl-tRNA editing protein,1.7071510000000003,0.20931,5.0487,3h_ce,3h,ce,3h_SI3,3h,SI3,4.83939
-5.3487315,2.3833082,3.7494507,2.5931177,12.484886,-4.5692124,N900_RS10370,membrane protein_4,0.12622306666666663,-1.79,4.5876,1h_co,1h,co,12h_st,12h,st,6.3776
4.5095444,-14.950827,3.711187,10.899745,9.504049,5.2328653,N900_RS10385,rodZ,1.8684183000000003,-0.052042,4.043,12h_SI7,12h,SI7,12h_st,12h,st,4.095042
8.89627,-1.1819664,5.5897856,-2.12409,0.83478844,3.810695,N900_RS10390,rlmn,0.46516365,-1.0145,3.7412,12h_st,12h,st,1h_st,1h,st,4.7557
-3.5470757,-5.9419327,6.719071,2.7712443,6.4100046,5.021829,N900_RS10395,ndk,0.9319866666666666,-2.1215,5.3758,24h_SI3,24h,SI3,3h_st,3h,st,7.4973
-2.1757996,-12.211583,9.498271,9.953043,10.848736,3.314265,N900_RS10400,pepB,0.8261458500000001,-0.60498,3.4387,3h_co,3h,co,3h_SI2,3h,SI2,4.04368
-3.7645206,-0.47209433,12.134712,-0.92638993,1.2486666,-7.3112183,N900_RS10405,iscX,0.9174147883333336,-1.2759,4.0155,3h_ce,3h,ce,3h_SI5,3h,SI5,5.2914
-5.9692707,-10.28729,13.382132,11.833981,9.429746,1.0954473,N900_RS10440,iscR,0.33505437166666663,-1.9974,3.3333,3h_co,3h,co,3h_SI4,3h,SI4,5.3307
-11.01537,-7.381667,11.157423,3.6945853,12.75186,-6.728528,N900_RS10445,trmJ,0.6605657666666666,-0.90209,4.3351,12h_SI3,12h,SI3,6h_ce,6h,ce,5.23719
-10.141939,1.1455544,11.573718,4.590793,18.418484,-4.737474,N900_RS10455,secF_1,0.6843437333333334,-0.71,3.9036,6h_st,6h,st,6h_ce,6h,ce,4.6136
1.3093024,-4.6725593,9.750367,1.720399,6.1851277,1.678848,N900_RS10460,secD_1,0.7243008999999999,-0.73449,3.6085,6h_SI2,6h,SI2,3h_SI5,3h,SI5,4.3429899999999995
-2.4845476,-7.844089,7.435838,6.00977,13.258416,6.3518624,N900_RS10465,yajC,0.7856455733333333,-0.56123,3.3773,6h_st,6h,st,3h_SI4,3h,SI4,3.93853
6.230866,-2.580682,10.645174,1.4708089,7.508386,0.68937016,N900_RS10470,tgt,-0.6090895666666666,-2.1984,1.6215,3h_SI6,3h,SI6,6h_SI2,6h,SI2,3.8198999999999996
-0.68640167,2.9945376,0.5059509,9.822645,8.262615,0.22573806,N900_RS10475,N900_RS10475,-0.3738963333333334,-2.4991,3.7558,6h_SI5,6h,SI5,12h_SI1,12h,SI1,6.254899999999999
-7.897702,-1.8590493,7.028448,4.962117,14.811095,-7.3516245,N900_RS10480,queA,1.0673871283333332,-0.45188,3.864,3h_SI4,3h,SI4,3h_SI1,3h,SI1,4.31588
-4.3047,-3.4349906,10.549975,-1.5263748,-3.4176807,-1.6265402,N900_RS10485,"acetoin utilization protein AcuB, putative",0.6086582933333334,-1.6829,4.3271,12h_SI1,12h,SI1,3h_SI5,3h,SI5,6.01
0.430925,-3.3967729,8.059191,13.775002,8.913132,3.889511,N900_RS10490,aceA,0.7124579333333333,-0.80089,4.0048,3h_SI2,3h,SI2,3h_SI1,3h,SI1,4.80569
-5.8159604,0.5447392,12.47435,12.2625065,13.357453,-6.196176,N900_RS10495,malate synthase A,0.8153005333333333,-0.72766,4.1538,12h_st,12h,st,3h_SI1,3h,SI1,4.881460000000001
-2.0506415,-12.424878,-1.3116202,1.3048775,3.154518,0.31849566,N900_RS10500,oxyR_2,0.6349551666666667,-0.60333,5.3903,6h_SI4,6h,SI4,6h_SI2,6h,SI2,5.99363
0.27729386,-8.239752,11.208785,1.6039095,8.862231,-0.9407138,N900_RS10505,ahpC,1.4291768500000002,-1.364,5.3442,6h_co,6h,co,3h_SI2,3h,SI2,6.7082
2.533474,-10.812215,7.7182736,3.904896,5.3102126,-2.8666258,N900_RS10510,cutc,0.25129931833333335,-2.1171,3.5805,6h_SI6,6h,SI6,3h_SI3,3h,SI3,5.6975999999999996
4.4035845,-12.1179085,7.0935054,3.4327874,4.3695273,-5.181533,N900_RS10515,ppk2,0.7086226166666667,-1.0966,4.6843,6h_SI1,6h,SI1,6h_st,6h,st,5.780900000000001
3.8633633,-12.124773,2.7300496,10.480052,8.733073,5.011129,N900_RS10520,phoU,0.5506144333333333,-1.8346,3.6372,12h_ce,12h,ce,12h_SI1,12h,SI1,5.4718
3.7704806,-12.456562,2.5930564,10.895121,7.590933,4.3928685,N900_RS10525,pstB,0.1757820833333333,-1.8783,2.3586,6h_SI8,6h,SI8,1h_co,1h,co,4.2369
5.3233933,-4.599749,1.9930524,9.452,4.601773,5.7619467,N900_RS10530,pstA_1,-0.602148235,-2.6707,3.5502,6h_SI7,6h,SI7,6h_SI3,6h,SI3,6.2209
-1.140104,0.78802603,2.6732194,8.007147,9.219473,2.2286956,N900_RS10535,ABC transporter permease subunit,0.8301080166666668,-1.2529,3.6158,6h_SI6,6h,SI6,12h_SI2,12h,SI2,4.8687000000000005
-7.6114917,-4.225501,12.562644,11.2888975,15.692802,1.5815476,N900_RS10540,ppk,0.9519073166666665,-0.59506,3.3621,12h_st,12h,st,3h_SI1,3h,SI1,3.95716
3.9998076,1.7127792,7.3365397,12.27727,0.2992287,8.37485,N900_RS10545,ppx,-0.7627546066666666,-2.6007,2.5628,6h_SI5,6h,SI5,1h_ce,1h,ce,5.1635
-0.39917165,-1.0369387,14.766801,11.811432,12.871812,-0.7680355,N900_RS10550,pstS_1,0.136041615,-1.5951,3.1004,1h_st,1h,st,3h_SI4,3h,SI4,4.6955
3.4264047,-13.832119,-0.48704088,12.826493,-2.670142,-0.251536,N900_RS10555,phoR,-0.37751305,-2.7717,5.157,12h_SI8,12h,SI8,6h_st,6h,st,7.9287
1.0453409,-5.9228272,5.2708745,12.257163,0.62749726,10.232326,N900_RS10560,phoB,-1.8571527500000002,-5.4058,3.2188,12h_SI6,12h,SI6,3h_SI4,3h,SI4,8.624600000000001
-1.0627661,-5.7327704,18.391365,5.5463915,8.825127,-1.7035214,N900_RS10565,rdgC,1.1877280799999999,-0.16884,4.4638,6h_st,6h,st,3h_SI2,3h,SI2,4.63264
-4.3594403,-15.420869,3.891269,7.043539,9.253623,-4.0500283,N900_RS10570,rlhA,1.2561173116666668,-0.24587,4.5197,3h_SI4,3h,SI4,3h_SI2,3h,SI2,4.76557
8.690525,-3.0112772,11.670895,6.726477,4.9911094,2.3563304,N900_RS10575,yfhl,1.246023183333333,-0.57348,6.3936,24h_SI1,24h,SI1,6h_SI2,6h,SI2,6.96708
-4.883114,-9.852718,10.917499,11.889067,13.239083,1.0294726,N900_RS10580,nfsA,1.6759806666666668,0.13171,4.5403,1h_SI6,1h,SI6,3h_SI1,3h,SI1,4.40859
-8.498327,-12.424572,7.377617,9.659224,10.760213,0.57456166,N900_RS10585,N900_RS10585,0.8594733166666667,-0.5367,3.1927,12h_st,12h,st,3h_st,3h,st,3.7294
-1.1166637,-6.3945637,12.768342,1.0433764,6.215492,0.19466847,N900_RS10615,clpB,0.39848543333333336,-1.4682,4.0205,12h_st,12h,st,3h_SI2,3h,SI2,5.4887
-9.780344,-16.315802,0.29639,0.9816996,10.011521,10.691339,N900_RS10620,pgeF,0.010234400833333332,0.00081172,0.15932,6h_st,6h,st,3h_st,3h,st,0.15850828
5.885369,2.664602,4.102926,0.51377064,13.719514,0.74570125,N900_RS10625,rluD,-0.10167664999999998,-1.9778,4.9014,6h_SI6,6h,SI6,12h_SI2,12h,SI2,6.8792
1.7231892,-6.4017386,5.804609,6.193442,-3.8864217,-12.767286,N900_RS10635,raiA,0.9942305166666665,-1.1243,6.038,1h_SI2,1h,SI2,6h_st,6h,st,7.1623
4.7095737,1.3957032,13.523494,6.7363877,10.894829,5.5160894,N900_RS10640,pheA,0.65419355,-0.98323,4.5567,6h_SI3,6h,SI3,12h_SI1,12h,SI1,5.53993
-8.825239,-5.105267,13.396794,8.389008,10.7503,-6.619478,N900_RS10645,spuD,0.9756478036666666,-0.41492,3.874,3h_st,3h,st,3h_SI2,3h,SI2,4.28892
-5.285318,-16.73015,8.156538,9.62955,11.416744,-1.3888156,N900_RS10650,mbaA,1.4215278516666667,-0.20788,4.767,1h_SI9,1h,SI9,3h_st,3h,st,4.974880000000001
1.9255222,-9.497834,11.949091,13.918691,6.769714,-2.3454719,N900_RS10655,yjjX,1.2749081666666666,-0.18479,4.2971,3h_st,3h,st,3h_SI4,3h,SI4,4.48189
14.031635,3.0915775,2.6601462,6.5379004,4.426401,1.4914069,N900_RS10660,trpR,0.81690325,-0.46735,5.6671,1h_SI5,1h,SI5,6h_SI2,6h,SI2,6.134449999999999
-5.4949884,-7.406035,16.31602,11.593621,10.713606,-1.9592395,N900_RS10665,sltY,1.2524905166666664,-0.26201,4.4344,1h_st,1h,st,3h_SI3,3h,SI3,4.69641
-4.8926067,-12.095455,2.588353,0.6144438,1.7473688,-7.968514,N900_RS10670,ettA,-0.15026375000000003,-1.9512,2.8951,12h_SI2,12h,SI2,6h_st,6h,st,4.846299999999999
-1.6249744,-5.632875,12.320495,12.252263,8.916643,-5.9926367,N900_RS10675,N900_RS10675,1.0039942966666666,-0.4473,3.4993,3h_st,3h,st,6h_SI2,6h,SI2,3.9465999999999997
1.1848892,-10.883358,7.2355776,7.1379676,12.434074,7.5872097,N900_RS10680,tyrA,1.0379978183333334,-1.1386,4.8395,1h_SI1,1h,SI1,1h_st,1h,st,5.9781
-4.463041,-3.1276581,13.699275,13.806399,8.789935,-6.477242,N900_RS10685,aroF,1.2231554433333331,-0.30978,4.4271,12h_st,12h,st,3h_SI1,3h,SI1,4.73688
5.9406614,-9.434945,7.61884,12.071922,8.237191,-2.4796486,N900_RS10690,btsS,1.9919808333333333,0.082042,5.3537,1h_SI7,1h,SI7,6h_st,6h,st,5.2716579999999995
0.25025037,-0.5725905,11.261886,6.753628,3.6075773,6.4750886,N900_RS10695,yehT_1,0.48096748333333333,-1.0424,3.3784,6h_ce,6h,ce,3h_SI4,3h,SI4,4.4208
3.726841,-4.1519074,12.195121,2.2840827,5.347896,8.377124,N900_RS10700,nagZ,0.09677443333333334,-1.5042,3.0174,6h_SI1,6h,SI1,1h_SI1,1h,SI1,4.521599999999999
-7.059054,-0.36711898,18.120213,11.440467,11.602069,-3.7865887,N900_RS10705,anmK,0.8871709581666667,-0.79866,3.4368,6h_st,6h,st,1h_SI1,1h,SI1,4.23546
-9.332575,-1.8962687,16.367544,3.96021,12.488973,-2.0577178,N900_RS10710,murQ_1,1.3019681,-0.69452,4.5835,6h_SI2,6h,SI2,3h_SI2,3h,SI2,5.27802
-4.094848,-11.918949,2.470224,4.956626,12.177052,1.0666403,N900_RS10715,nhaP2_2,1.5082248333333332,-0.14598,4.9172,1h_SI7,1h,SI7,6h_SI1,6h,SI1,5.06318
-0.5652554,-12.258174,10.081364,6.111174,11.642594,2.0392334,N900_RS10720,N900_RS10720,1.461934133333333,-0.79743,4.4822,1h_ce,1h,ce,12h_SI1,12h,SI1,5.27963
3.2331831,-7.2586823,10.171208,4.13271,10.885348,6.8208404,N900_RS10725,carbon starvation protein A,1.2142237999999999,-0.12666,4.0181,3h_SI1,3h,SI1,1h_st,1h,st,4.14476
-0.20951337,-11.313856,10.196885,1.2347355,8.222761,5.2973723,N900_RS10735,fkpB,1.2847738666666666,-0.17285,4.504,1h_SI3,1h,SI3,3h_SI2,3h,SI2,4.67685
-6.1135445,1.8999525,12.466409,2.6425426,8.801506,-1.2308455,N900_RS10765,winged helix-turn-helix transcriptional regulator,0.21679090166666662,-1.551,3.4278,6h_SI2,6h,SI2,6h_SI4,6h,SI4,4.9788
-8.872233,-7.9075446,5.286148,0.9086927,14.493332,0.68946457,N900_RS10770,nhaR,0.8342503000000001,-0.72356,3.5447,3h_co,3h,co,3h_st,3h,st,4.26826
-0.28047863,1.3995762,10.350987,4.180468,14.08106,0.063313484,N900_RS10775,nptA protein,0.8653220833333334,-0.59151,4.5301,6h_SI1,6h,SI1,6h_SI4,6h,SI4,5.12161
-0.5457279,-2.7285054,12.487632,8.769852,12.462904,-1.787878,N900_RS10790,Probable membrane transporter protein HI_0902_BLAST,2.112597333333333,0.48427,4.8625,1h_SI7,1h,SI7,12h_SI3,12h,SI3,4.37823
-2.2771358,-11.234069,12.1544485,12.586237,10.256108,-6.1181364,N900_RS10795,ptsP,1.174593205,-0.58965,4.3913,1h_st,1h,st,3h_SI1,3h,SI1,4.98095
-2.827709,-2.9070387,13.867108,0.9017961,5.9301596,2.0129366,N900_RS10800,rppH,-0.37369985000000006,-2.3278,2.4212,3h_SI9,3h,SI9,3h_SI5,3h,SI5,4.749
0.3343069,-18.43442,4.3420844,8.693804,9.198366,-0.73179245,N900_RS10810,mutH,0.7047311666666667,-0.77214,4.4458,3h_ce,3h,ce,6h_st,6h,st,5.2179400000000005
-0.8095553,-12.0410185,8.228361,3.6773283,-4.7178392,-4.3008757,N900_RS10815,NADP(H)-dependent aldo-keto reductase,-0.012081716666666641,-1.7543,3.1029,6h_SI2,6h,SI2,3h_SI2,3h,SI2,4.8572
-0.66451764,0.89290696,3.4631844,1.0240195,12.141064,-2.1633484,N900_RS10820,N900_RS10820,0.28918889833333333,-1.0898,3.9031,6h_SI4,6h,SI4,12h_SI1,12h,SI1,4.9929
-1.1867496,-9.485531,9.5034075,12.668109,9.552724,-2.7773986,N900_RS10825,vpsR,1.4516895,0.13202,4.0584,1h_SI7,1h,SI7,3h_SI1,3h,SI1,3.92638
-1.2291822,2.7086773,7.8915143,5.593825,9.203068,6.2141414,N900_RS10840,brnQ,0.6420281783333333,-1.4047,4.9276,6h_SI2,6h,SI2,1h_co,1h,co,6.3323
-1.9482746,0.4052033,6.437853,-1.934077,8.1111965,3.3509037,N900_RS10845,tRNA1(Val) (adenine(37)-N6)-methyltransferase,0.9199837166666668,-0.6749,3.8528,6h_SI4,6h,SI4,12h_SI3,12h,SI3,4.527699999999999
7.2890677,-2.084058,-1.141221,-2.2721794,8.335493,7.1028056,N900_RS10850,srmB,0.9298115916666668,-1.6446,6.8322,3h_SI6,3h,SI6,1h_st,1h,st,8.4768
0.42097262,-6.226517,7.227131,4.9345207,10.644572,-6.369955,N900_RS10855,prfC,1.3836478166666666,-0.62836,3.5572,1h_SI4,1h,SI4,12h_SI1,12h,SI1,4.18556
1.4267126,-13.765641,5.4687304,7.2971406,8.838876,2.1799357,N900_RS10880,N900_RS10880,-0.6263952333333334,-2.7087,3.6446,1h_SI7,1h,SI7,6h_SI4,6h,SI4,6.3533
-6.6660233,2.7524443,14.168083,10.566201,7.221657,-8.837875,N900_RS10885,flhD,0.7052683333333333,-1.2331,2.7638,3h_SI9,3h,SI9,3h_SI5,3h,SI5,3.9969
-1.5046892,7.1037583,10.841658,-2.0543988,8.563718,1.4099156,N900_RS10890,flhC,0.35851321666666663,-1.0228,4.4179,6h_SI2,6h,SI2,3h_SI6,3h,SI6,5.4407000000000005
-5.484902,-4.63555,7.746265,1.3608063,9.0704365,10.709035,N900_RS10895,eexS,0.06437866666666668,-1.6187,3.1684,6h_SI3,6h,SI3,3h_SI5,3h,SI5,4.787100000000001
-12.516357,-2.0241451,12.15268,10.056278,9.387319,3.5014143,N900_RS10900,trag,0.3459135199999999,-1.6503,3.6511,12h_SI1,12h,SI1,3h_SI1,3h,SI1,5.3014
-0.94281983,5.4495945,-2.3935554,-0.32788327,-3.7994807,8.860208,N900_RS10905,trah,-0.6339289333333334,-2.5796,1.8534,6h_SI5,6h,SI5,1h_co,1h,co,4.433
-2.4547892,4.137073,10.997698,-0.24424422,-6.781887,-3.2086606,N900_RS10910,N900_RS10910,-0.5319431,-2.2409,2.2927,12h_SI1,12h,SI1,3h_SI5,3h,SI5,4.5336
-3.9396172,-8.044218,14.619859,9.834322,12.203189,-2.9791358,N900_RS10915,xerC_2,0.8439150166666667,-1.1346,4.1703,3h_ce,3h,ce,3h_SI2,3h,SI2,5.3049
-3.7512898,1.4138408,14.748074,17.228252,1.072391,2.0350688,N900_RS10920,dfrA1,-0.07302023,-2.8517,3.1601,3h_SI9,3h,SI9,3h_SI1,3h,SI1,6.0118
4.920128,1.5705184,11.05872,9.181314,-2.9379697,-3.7417057,N900_RS10925,N900_RS10925,0.5767669666666667,-1.5297,3.4293,3h_SI9,3h,SI9,6h_SI2,6h,SI2,4.959
-7.1226697,-0.15334417,14.078496,10.447517,4.4702435,-6.26278,N900_RS10930,XRE family transcriptional regulator_7,0.4640263666666666,-1.5717,2.7051,6h_SI3,6h,SI3,6h_SI2,6h,SI2,4.2768
-6.9814205,-13.313262,8.749481,7.159989,12.822927,1.202003,N900_RS10935,N900_RS10935,1.2922906666666665,-0.55182,4.4046,3h_SI9,3h,SI9,3h_st,3h,st,4.9564200000000005
-3.6993065,1.0492336,16.406725,13.940354,10.215294,-4.5706816,N900_RS10940,AraC family transcriptional regulator_3,1.0575942833333334,-1.0202,4.7962,3h_SI9,3h,SI9,3h_SI1,3h,SI1,5.8164
0.043597616,1.185077,16.01927,4.71537,10.309931,-0.8381232,N900_RS10950,N900_RS10950,1.07201229,-1.2305,4.1432,3h_SI9,3h,SI9,12h_SI3,12h,SI3,5.3737
1.0876598,-4.5389705,18.823341,1.560409,4.4825926,-2.180375,N900_RS10955,primase,0.19470681666666667,-1.3159,2.75,6h_st,6h,st,3h_SI2,3h,SI2,4.0659
-3.9699335,10.394029,5.8968854,12.447798,4.054836,-0.9633646,N900_RS10960,N900_RS10960,-0.44036805833333337,-1.7118,2.7622,24h_SI8,24h,SI8,3h_SI1,3h,SI1,4.474
-7.1777463,-4.0564785,15.0584545,7.8918605,11.463945,-9.989388,N900_RS10965,radC_1,1.139460383333333,-1.3263,4.0753,3h_SI9,3h,SI9,6h_ce,6h,ce,5.4016
-4.9207067,-9.030447,10.77422,10.662431,7.120278,-11.164498,N900_RS10970,N900_RS10970,1.1032199833333334,-0.88132,4.4139,3h_ce,3h,ce,3h_SI1,3h,SI1,5.29522
-9.803658,1.92284,10.788669,7.6605945,7.031542,3.9872265,N900_RS10975,N900_RS10975,0.18297694666666672,-1.8268,3.721,6h_SI3,6h,SI3,1h_st,1h,st,5.5478000000000005
-8.949076,-11.333584,9.453225,7.395156,11.5783825,-5.943101,N900_RS10980,N900_RS10980,1.1212998833333332,-0.7815,3.3966,3h_SI9,3h,SI9,3h_SI1,3h,SI1,4.1781
2.6036448,-9.325509,12.769112,14.587519,4.22801,-5.7035,N900_RS10985,N900_RS10985,0.1310744666666667,-1.4431,3.467,6h_SI3,6h,SI3,6h_SI4,6h,SI4,4.9101
-5.980498,-2.4516196,15.480815,11.154475,10.511596,-8.292495,N900_RS10990,cobS,0.8855663333333333,-0.85332,3.7089,3h_SI9,3h,SI9,3h_SI5,3h,SI5,4.56222
-6.961828,-2.9552271,16.342766,10.018163,10.335504,-6.6060424,N900_RS10995,endonuclease,1.0048477166666667,-0.70668,3.9797,6h_SI1,6h,SI1,3h_SI2,3h,SI2,4.68638
-10.161692,0.13711275,17.326878,10.9788,9.790921,-3.6344244,N900_RS11000,bet,0.6475419501666668,-1.7325,4.0806,6h_SI3,6h,SI3,3h_SI4,3h,SI4,5.8130999999999995
0.37880522,0.653083,12.461662,-2.3273327,1.8886741,-6.868312,N900_RS11005,ssb_2,0.08018663333333334,-2.0332,3.4911,1h_SI2,1h,SI2,6h_SI4,6h,SI4,5.5243
-7.766497,-9.5548315,7.660555,4.155949,-2.870164,2.9433312,N900_RS11010,N900_RS11010,0.5432875566666666,-2.7821,5.2416,3h_SI8,3h,SI8,3h_SI2,3h,SI2,8.0237
8.894072,-3.8169708,13.51532,4.680767,1.183523,-0.35302392,N900_RS11015,N900_RS11015,0.19938179499999997,-1.9778,4.4795,3h_SI9,3h,SI9,3h_SI5,3h,SI5,6.4573
-5.0287023,-16.230536,6.1885037,4.212299,11.23075,-1.4128028,N900_RS11020,endA,0.9598541333333331,-0.81182,3.7629,3h_SI9,3h,SI9,3h_st,3h,st,4.57472
-4.040368,-3.8292034,16.529898,4.033892,5.3156476,0.5914775,N900_RS11025,AAA family ATPase,0.17454761000000002,-2.0406,3.4274,3h_SI8,3h,SI8,3h_SI2,3h,SI2,5.468
-5.868347,0.3102626,17.23421,3.0757828,11.531261,-6.6457634,N900_RS11030,IS21 family transposase,0.4945107233333333,-1.0302,3.2558,12h_st,12h,st,3h_SI5,3h,SI5,4.286
3.2294416,9.012759,9.510099,-5.522322,2.5849924,5.2636495,N900_RS11035,istB,-0.022486900000000008,-2.0466,3.2871,6h_SI3,6h,SI3,3h_SI5,3h,SI5,5.3337
-8.489529,-13.53549,5.1340857,3.0291734,4.517091,-8.075389,N900_RS11040,N900_RS11040,0.42484191333333327,-1.1224,3.3014,3h_SI9,3h,SI9,6h_ce,6h,ce,4.4238
-5.249157,-7.2154293,10.178084,5.566011,7.0441394,-12.082928,N900_RS11045,tran,0.3703949,-1.9857,3.2819,3h_SI9,3h,SI9,6h_ce,6h,ce,5.2676
-3.763823,3.452,15.423301,3.586044,0.25586474,-6.692458,N900_RS11050,trau,0.7993716833333334,-0.82268,3.9177,6h_SI1,6h,SI1,1h_SI1,1h,SI1,4.74038
-2.7435656,-0.85886186,15.364916,5.109182,9.551326,-1.9964714,N900_RS11055,N900_RS11055,0.8947435733333333,-0.61072,3.7938,6h_st,6h,st,24h_st,24h,st,4.40452
-0.062656105,-1.5224695,17.904766,6.9593277,6.901245,0.49694532,N900_RS11060,TrhF,0.385116995,-1.4562,2.8308,3h_SI9,3h,SI9,6h_SI3,6h,SI3,4.287
2.0771027,-2.2991996,16.079372,6.8855643,10.808053,-0.99013174,N900_RS11065,N900_RS11065,0.7568316549999999,-1.0457,3.0839,3h_SI9,3h,SI9,3h_SI4,3h,SI4,4.1296
-10.100362,-1.0049962,8.317719,-6.441663,3.949339,-5.7711883,N900_RS11070,traC,0.24507970000000004,-2.6144,5.676,3h_SI9,3h,SI9,6h_ce,6h,ce,8.2904
-4.8533015,-2.6661596,13.49392,9.85118,10.243354,-4.377775,N900_RS11075,dsbC_2,0.9409200166666666,-0.9583,3.3689,3h_SI9,3h,SI9,3h_SI4,3h,SI4,4.3272
-2.7214103,3.9722252,9.543834,11.813808,2.396023,-8.19086,N900_RS11080,N900_RS11080,0.7017724350000002,-1.4597,4.8093,12h_SI2,12h,SI2,1h_ce,1h,ce,6.269
-4.5232677,-9.149499,12.255632,8.34182,10.25548,-13.654466,N900_RS11090,N900_RS11090,1.3756047500000002,-0.80117,4.1443,1h_co,1h,co,3h_SI1,3h,SI1,4.94547
-6.688832,-1.3705679,12.868049,8.498779,11.799573,-7.7895436,N900_RS11095,traV,0.3562886783333334,-1.4982,3.2809,6h_SI3,6h,SI3,3h_SI1,3h,SI1,4.7791
4.08459,-7.0397773,8.6421385,5.3267803,0.25333792,-1.8948617,N900_RS11100,TraB,0.41557065600000004,-3.1115,3.3778,3h_SI9,3h,SI9,3h_SI3,3h,SI3,6.4893
-8.450294,-14.610942,10.654319,10.501944,11.435675,-1.552853,N900_RS11105,trak,1.0047967166666667,-0.46432,3.9571,1h_st,1h,st,3h_SI2,3h,SI2,4.42142
2.0961368,2.4942827,14.178674,9.974514,0.47166663,3.1826272,N900_RS11110,traE,-0.36308444999999995,-2.1007,3.417,12h_SI1,12h,SI1,3h_SI3,3h,SI3,5.5177
-4.385375,-3.5837617,1.95966,-11.743233,7.328784,-6.991992,N900_RS11115,traL,0.23853293333333328,-1.6225,4.8892,6h_SI3,6h,SI3,6h_ce,6h,ce,6.511699999999999
-1.5213679,-8.5451975,17.269922,6.6896553,8.562336,-3.5993836,N900_RS11120,N900_RS11120,1.1509855166666667,-0.7858,5.6872,3h_co,3h,co,3h_SI2,3h,SI2,6.473
-4.5862074,1.1789871,15.524102,7.9914684,12.827443,0.51253814,N900_RS11125,N900_RS11125,0.2970816966666667,-1.0939,3.7787,3h_st,3h,st,1h_ce,1h,ce,4.8726
0.10740985,-8.634578,15.075641,7.7332172,3.0385368,-4.3501835,N900_RS11130,N900_RS11130,-0.008475850000000033,-4.1588,3.8228,3h_SI9,3h,SI9,6h_SI4,6h,SI4,7.9816
-6.360201,-0.8780389,17.365295,13.141272,11.712863,-4.9063563,N900_RS11135,N900_RS11135,1.0205553333333333,-0.90248,4.2675,3h_SI9,3h,SI9,3h_SI1,3h,SI1,5.16998
-10.068241,-1.9502771,13.626295,2.9184294,13.513994,-2.5767057,N900_RS11140,traD,1.00224515,-0.90695,4.1156,3h_ce,3h,ce,6h_ce,6h,ce,5.02255
5.051969,2.7187688,11.961338,-1.8316056,-1.4523357,5.6277647,N900_RS11145,phosphohydrolase,-0.8691008833333332,-3.2622,3.1585,3h_SI9,3h,SI9,3h_SI5,3h,SI5,6.4207
6.702875,6.499769,7.469589,3.5214162,5.0902567,-5.960596,N900_RS11150,abortive infection protein,0.7563212999999999,-1.1273,3.7936,12h_co,12h,co,6h_SI4,6h,SI4,4.9209
2.0329976,4.3351917,14.353269,-3.4558322,3.2607667,4.737209,N900_RS11155,N900_RS11155,0.5272332949999999,-1.118,3.2175,3h_SI9,3h,SI9,3h_SI5,3h,SI5,4.3355
-5.4634604,3.6107476,14.998926,14.352253,9.546236,-8.037378,N900_RS11160,brxL,0.7628808399999998,-1.1955,3.9882,3h_co,3h,co,3h_SI1,3h,SI1,5.1837
5.2619724,6.170829,7.932726,-0.16553229,-2.6996264,-1.5165558,N900_RS11165,pglz,0.16353048333333334,-3.2612,2.3061,3h_SI9,3h,SI9,6h_SI2,6h,SI2,5.5672999999999995
-3.9711828,2.6754842,13.836577,-4.196599,7.9594975,-5.604296,N900_RS11170,pglX,-0.25527858333333336,-2.1189,2.5951,3h_SI9,3h,SI9,6h_ce,6h,ce,4.714
-4.3198085,-3.5721865,19.464888,6.9594083,6.5953956,0.3251763,N900_RS11175,brxC,0.37765960000000004,-1.2262,3.1377,6h_SI2,6h,SI2,3h_SI3,3h,SI3,4.3639
-1.9039214,-6.901532,9.953666,7.1474056,10.457662,-0.142247,N900_RS11180,N900_RS11180,0.9306839333333333,-0.52056,5.0676,1h_SI9,1h,SI9,12h_st,12h,st,5.588159999999999
10.05638,0.8958011,3.9331465,2.9348547,1.316125,-0.11824109,N900_RS11185,N900_RS11185,0.6719444333333332,-2.247,3.8821,3h_SI7,3h,SI7,6h_SI2,6h,SI2,6.129099999999999
9.885754,3.1191857,8.291269,4.416732,5.2328916,2.8286219,N900_RS11190,N900_RS11190,0.1757264333333333,-2.5133,5.013,6h_ce,6h,ce,6h_SI2,6h,SI2,7.5263
7.6272845,-3.454821,9.7608795,6.300024,11.06959,-1.3117813,N900_RS11195,N900_RS11195,0.8564669166666666,-2.1391,5.4384,3h_SI7,3h,SI7,6h_SI3,6h,SI3,7.5775
-8.062387,6.837421,11.190207,2.6003401,11.554942,-10.998333,N900_RS11200,dinG_2,0.390201,-1.4555,4.286,6h_SI3,6h,SI3,6h_ce,6h,ce,5.741499999999999
-6.0088625,-10.646726,7.209546,8.727619,7.7401743,1.3532432,N900_RS11205,N900_RS11205,-0.017124316666666643,-1.696,3.8289,12h_co,12h,co,1h_SI1,1h,SI1,5.5249
-12.524048,-7.45653,4.5091925,6.2510734,11.706798,-2.6763456,N900_RS11210,umuD,0.3218716666666666,-1.5265,3.3618,6h_SI9,6h,SI9,3h_SI1,3h,SI1,4.8883
-0.2438336,-7.6613636,12.988408,-0.33080736,-4.576217,-0.8925019,N900_RS11215,umuC_1,0.5680259333333333,-2.2915,5.7718,3h_SI9,3h,SI9,3h_SI5,3h,SI5,8.0633
-1.487128,2.0109992,8.768758,-2.4481902,7.0666356,-5.3160295,N900_RS11220,Pseudogene_N900_RS11220,0.0058024916666666515,-1.7917,3.5259,12h_SI1,12h,SI1,6h_ce,6h,ce,5.3176000000000005
-3.3865933,4.744378,13.250928,4.902368,-7.0215983,-6.340437,N900_RS11240,sul2,0.3587276316666666,-2.8474,5.2731,3h_SI9,3h,SI9,6h_SI4,6h,SI4,8.1205
-0.7845151,-8.33794,9.418251,0.6399925,1.9174249,3.076985,N900_RS11245,aph(3'')-Ib,0.9340811833333335,-2.5152,5.3371,3h_co,3h,co,6h_SI5,6h,SI5,7.8523000000000005
1.9616902,2.628087,7.631805,8.272947,-0.6862819,-7.887798,N900_RS11250,aph(6)-Id,0.23845505000000003,-2.2441,3.2135,3h_SI9,3h,SI9,6h_SI2,6h,SI2,5.457599999999999
5.3157353,-1.7790056,8.213054,7.9102163,7.4847584,-1.5467978,N900_RS11255,IS91 family transposase_2,0.7403684833333333,-3.4393,5.9474,6h_SI9,6h,SI9,6h_SI1,6h,SI1,9.3867
6.5927725,3.2170494,11.637157,-1.7227656,7.0946383,-1.1679828,N900_RS11260,hdfR_2,0.7174962166666667,-1.5459,3.6684,3h_SI9,3h,SI9,6h_SI2,6h,SI2,5.2143
-4.3431926,-4.352475,15.894606,1.0168353,12.545881,-6.6634464,N900_RS11265,floR,1.250525785,-0.82962,4.0416,3h_ce,3h,ce,6h_SI4,6h,SI4,4.87122
-7.272352,1.5039524,9.122213,2.5602877,13.391654,-12.318796,N900_RS11270,N900_RS11270,0.6969896833333333,-1.5257,5.4293,1h_ce,1h,ce,6h_ce,6h,ce,6.955
-4.0650616,2.4737742,11.8449135,-1.0961785,6.680257,5.501962,N900_RS11275,IS91 family transposase_1,-0.5008872333333334,-3.0995,3.0019,6h_SI3,6h,SI3,3h_SI6,3h,SI6,6.1014
4.6008673,0.038240958,12.68729,5.2654686,5.1434374,-5.189463,N900_RS11280,N900_RS11280,0.7756658333333332,-2.7059,3.7369,1h_SI2,1h,SI2,6h_SI3,6h,SI3,6.4428
-3.5934856,-18.25638,5.8206363,2.5214372,1.6939703,6.4256315,N900_RS11290,Pseudogene_N900_RS11290,-0.13219623333333338,-2.2336,3.5675,6h_SI3,6h,SI3,3h_st,3h,st,5.8011
4.232023,-3.8683434,10.767211,7.7884173,-2.3134375,-11.369234,N900_RS11295,umuC,0.9131930833333332,-1.6022,5.423,3h_SI9,3h,SI9,6h_SI4,6h,SI4,7.0252
-5.325385,-3.4408329,5.82466,7.290804,-4.1146183,-8.150695,N900_RS11300,mobI,0.7857823283333333,-1.8584,5.2343,12h_SI2,12h,SI2,1h_st,1h,st,7.092700000000001
-9.436661,-8.282746,8.656916,4.468453,0.5642261,1.8225975,N900_RS11305,stba,-0.11495016166666666,-2.6781,3.8477,12h_SI3,12h,SI3,3h_SI4,3h,SI4,6.5258
-3.19133,1.9537923,13.23841,1.6512244,-3.4419444,1.1674012,N900_RS11310,N900_RS11310,-0.21236947999999997,-3.1601,2.5978,12h_SI3,12h,SI3,3h_SI3,3h,SI3,5.757899999999999
-7.535511,4.2132573,11.316609,4.5471654,-3.5445564,-7.005189,N900_RS11315,intS,0.7595861166666665,-2.2363,4.8359,3h_SI8,3h,SI8,3h_SI4,3h,SI4,7.0722
-6.1900177,11.058931,9.022256,11.95092,1.3800107,-5.076018,N900_RS11320,DNA mismatch repair protein,-0.2628999,-2.3588,2.6514,3h_SI9,3h,SI9,3h_SI1,3h,SI1,5.0102
-4.559315,0.02447803,-1.31953,-0.713915,0.3095402,-7.2659802,N900_RS11325,N900_RS11325,0.8329015333333334,-1.8112,3.0855,1h_SI3,1h,SI3,12h_ce,12h,ce,4.8967
0.8935362,-12.071188,11.182152,13.010986,7.6348486,-6.896598,N900_RS11335,rimI,0.7165899666666669,-0.92957,3.7404,12h_SI7,12h,SI7,6h_st,6h,st,4.66997
2.3465984,-10.035034,11.253654,13.784061,5.914978,-5.640925,N900_RS11345,N-acetyltransferase_2,0.6777983716666667,-0.76552,2.5645,3h_st,3h,st,6h_st,6h,st,3.3300199999999998
-1.2091056,-5.683977,11.661829,9.196392,12.55439,-2.791487,N900_RS11350,ubiT,0.7682211333333334,-0.79351,4.3221,24h_ce,24h,ce,12h_SI2,12h,SI2,5.11561
-8.582856,-3.8891551,11.302183,6.5508103,11.560426,-8.199814,N900_RS11355,bifunctional diguanylate cyclase/phosphodiesterase_1,1.0255627166666668,-1.0724,4.7961,12h_SI1,12h,SI1,6h_ce,6h,ce,5.8685
0.14665775,6.668874,8.6838045,14.75613,6.955701,-7.0786247,N900_RS11360,ubiU,1.3526538499999998,-0.17479,5.0211,3h_SI7,3h,SI7,3h_SI1,3h,SI1,5.1958899999999995
3.841177,1.6385535,7.0868344,0.14654872,12.895106,0.86756605,N900_RS11365,ubiV,0.5041685383333333,-0.6813,3.3282,24h_SI9,24h,SI9,12h_st,12h,st,4.0095
-5.1093736,-8.963748,12.432487,9.585084,9.514686,0.084503815,N900_RS11370,vcrM,0.5481061,-0.82664,3.5557,6h_st,6h,st,1h_SI1,1h,SI1,4.38234
1.2954276,1.9037559,6.0859437,-4.8692417,7.2604394,8.688096,N900_RS11375,MarR family transcriptional regulator,0.18604213333333333,-1.167,3.8233,6h_SI2,6h,SI2,1h_st,1h,st,4.9903
1.0768251,-9.057417,14.014802,10.8757715,10.002989,-3.4462702,N900_RS11380,nlpI,1.488447673333333,0.0061314,4.8711,1h_st,1h,st,3h_SI3,3h,SI3,4.8649686
4.2467427,-15.332483,3.4148953,10.705738,9.6525345,5.1206865,N900_RS11385,pnp,-0.14163663333333334,-2.1293,1.9821,6h_SI9,6h,SI9,12h_st,12h,st,4.1114
-0.5989287,2.0138497,6.197048,11.315847,5.1981792,-0.22200888,N900_RS11395,truB,0.04667620000000002,-1.7416,3.19,24h_st,24h,st,3h_SI5,3h,SI5,4.9315999999999995
4.098768,-15.538769,3.5225842,10.945967,9.301601,5.3707623,N900_RS11430,secG,1.2341169166666668,-0.6641,3.4362,12h_SI7,12h,SI7,12h_st,12h,st,4.1003
-6.282119,-11.517169,3.6851506,8.883211,6.7538524,5.7639904,N900_RS11435,N900_RS11435,0.32805064999999994,-2.0322,6.2006,12h_SI8,12h,SI8,3h_st,3h,st,8.2328
-8.353662,4.587956,9.193659,1.7897683,-0.8091623,-3.8207076,N900_RS11445,folP,0.7216085,-1.9575,4.5381,3h_ce,3h,ce,3h_SI7,3h,SI7,6.4956
1.2548884,-3.9825761,12.178419,5.580159,12.006375,0.5258794,N900_RS11455,rlmE,1.9470026833333336,-0.38865,6.8332,1h_SI9,1h,SI9,3h_SI3,3h,SI3,7.22185
1.2913641,-0.92649895,8.2037115,15.775466,5.6100802,-7.949306,N900_RS11460,yhbY,0.73854215,-1.0584,4.8511,24h_st,24h,st,3h_SI1,3h,SI1,5.9094999999999995
-5.7210336,-10.318633,5.587657,4.7110004,9.375888,4.9539104,N900_RS11465,greA,-0.6119901666666666,-2.6665,3.2793,6h_SI6,6h,SI6,3h_st,3h,st,5.9458
-8.177411,-4.585825,1.105049,-6.5278206,10.587617,-8.709384,N900_RS11470,ompU,0.24356096666666663,-1.8703,5.7852,6h_SI7,6h,SI7,6h_ce,6h,ce,7.6555
-2.8794131,-7.3424926,-1.4179914,6.422793,11.092618,6.9677124,N900_RS11475,dacB,0.1873114583333333,-1.2632,3.9761,6h_SI4,6h,SI4,3h_st,3h,st,5.2393
-8.161202,-1.4503642,11.098244,10.35802,2.8825552,-1.0502104,N900_RS11485,mepM_1,0.43393998333333333,-1.7377,4.0216,12h_SI3,12h,SI3,3h_SI1,3h,SI1,5.7593000000000005
-3.5238264,-9.410362,10.025689,5.839834,11.354426,-10.7596245,N900_RS11490,vexF,0.8748146966666667,-0.27457,3.6229,3h_ce,3h,ce,6h_SI4,6h,SI4,3.89747
1.7571963,-7.8308167,12.023779,14.7091875,5.423326,-4.629514,N900_RS11495,vexE,0.5318065166666667,-1.437,3.0889,6h_ce,6h,ce,6h_SI1,6h,SI1,4.5259
-5.4665246,-13.749452,9.065166,4.5563874,8.890008,7.629025,N900_RS11520,ydiK,1.4365480666666668,-0.26938,6.1358,12h_co,12h,co,3h_st,3h,st,6.40518
5.366654,-8.509785,10.085366,11.540935,-0.16708843,-0.2029597,N900_RS11525,rsmC,0.540483875,-1.1305,3.4687,12h_SI2,12h,SI2,6h_st,6h,st,4.5992
-4.725071,-16.936909,3.9747696,8.097693,11.966621,2.640304,N900_RS11530,chiS,1.7821418833333333,-0.28694,6.967,1h_SI9,1h,SI9,3h_st,3h,st,7.25394
-4.181988,-6.892091,14.595849,12.153789,7.6720133,-2.8593533,N900_RS11540,ABC transporter substrate-binding protein_1,1.7118004216666667,-0.070524,5.0378,1h_SI4,1h,SI4,3h_SI4,3h,SI4,5.108324
-1.0283283,-15.3770895,5.656982,2.5811965,9.1834545,-1.0601878,N900_RS11545,dppB_1,0.9301993283333335,-0.29071,4.0113,24h_ce,24h,ce,1h_SI1,1h,SI1,4.30201
-7.184485,-13.07553,10.875161,8.877814,9.930831,-0.45612797,N900_RS11550,dppC_1,1.141398065,-0.14489,4.136,1h_st,1h,st,3h_SI3,3h,SI3,4.28089
-2.1588142,-9.635642,5.2782345,8.147369,10.773298,-1.403688,N900_RS11555,oppD_2,0.729604515,-1.2926,3.4128,6h_SI1,6h,SI1,6h_SI2,6h,SI2,4.7054
-3.931035,-3.730856,8.2856655,5.5493445,15.883795,-7.977904,N900_RS11560,oppF_2,1.0883238000000002,-0.51393,3.626,3h_st,3h,st,6h_ce,6h,ce,4.13993
5.90503,-5.3234835,9.207674,9.67607,7.1515255,-0.6437658,N900_RS11565,endoglucanase-related protein,1.0442921216666667,-0.35636,4.08,3h_SI2,3h,SI2,12h_SI1,12h,SI1,4.4363600000000005
9.753124,-9.4902525,7.328526,8.974594,2.3200178,1.6131898,N900_RS11570,N-acetylglucosamine kinase,0.5660081333333333,-0.80606,3.7502,6h_SI2,6h,SI2,12h_SI2,12h,SI2,4.55626
0.43186975,-9.850208,9.672713,7.15075,5.6667075,-3.1791115,N900_RS11575,exoI,1.1304218678333335,-0.55596,4.2149,6h_SI1,6h,SI1,3h_SI2,3h,SI2,4.77086
-3.9152293,-3.642015,10.786698,12.557001,9.068237,-3.8218958,N900_RS11580,chbP,1.3268606500000002,0.016635,4.1511,1h_st,1h,st,3h_SI1,3h,SI1,4.134465
8.18095,-9.987096,4.4429154,8.733414,1.9973863,-0.5200597,N900_RS11585,pgm_2,0.4473405000000001,-1.023,3.6459,6h_SI2,6h,SI2,6h_st,6h,st,4.6689
0.3951741,-1.2490726,16.107086,6.485821,7.9453206,2.8369915,N900_RS11590,phnT,0.4768266499999999,-0.89281,3.835,1h_SI3,1h,SI3,3h_SI4,3h,SI4,4.72781
3.8208876,-6.7583923,7.479423,1.4357215,8.313237,5.892529,N900_RS11595,iron ABC transporter permease,1.1794793333333333,-0.4946,5.6789,6h_SI4,6h,SI4,6h_SI2,6h,SI2,6.1735
-6.495443,-6.824055,13.415403,5.8512864,12.099124,1.5176555,N900_RS11600,futA1,1.7091546666666666,-0.30385,4.5864,6h_SI2,6h,SI2,6h_SI3,6h,SI3,4.89025
11.281954,-3.748421,7.6983852,5.98078,1.7266353,-7.342188,N900_RS11605,amtB,0.7412594666666664,-0.90026,4.4851,1h_co,1h,co,6h_st,6h,st,5.38536
-8.6752615,9.244441,11.845648,5.5469885,5.752532,-7.6039166,N900_RS11610,glnK,0.5776848833333332,-1.415,3.4206,6h_SI3,6h,SI3,6h_SI4,6h,SI4,4.8355999999999995
5.2222667,4.831236,5.2346077,1.5010915,4.503096,2.0219564,N900_RS11615,VC_0605_BLAST,1.4353772,-0.14216,4.7614,1h_SI6,1h,SI6,1h_st,1h,st,4.90356
2.473228,6.310657,-7.312292,2.3757281,-2.3111126,-3.9096837,N900_RS11625,N900_RS11625,0.50280315,-1.4968,2.8463,1h_SI1,1h,SI1,12h_SI4,12h,SI4,4.3431
-4.2841864,4.1683874,0.61342645,-5.162181,14.295006,-6.5339575,N900_RS11630,mrcB,0.8189544150000002,-0.90433,6.8745,12h_SI5,12h,SI5,6h_ce,6h,ce,7.77883
7.5984535,-14.347889,4.977152,-0.19022098,0.29303965,6.0999866,N900_RS11635,hrpB,0.8737626166666667,-0.77577,4.1637,12h_SI1,12h,SI1,6h_st,6h,st,4.93947
-2.68819,-4.44419,5.3803425,2.7172146,12.064905,-11.087515,N900_RS11640,alpha/beta fold hydrolase,1.3907387333333332,-0.095477,4.0934,1h_SI4,1h,SI4,6h_ce,6h,ce,4.188877
-10.059406,-7.490958,11.087049,4.776286,12.841941,-5.050166,N900_RS11645,sfsA,1.6287509999999998,-0.0844,4.7543,6h_SI1,6h,SI1,3h_SI2,3h,SI2,4.838699999999999
0.2827394,-12.724399,6.528014,14.811138,3.196867,5.9051876,N900_RS11650,dksA,-0.6837417666666668,-3.3345,4.4346,12h_SI7,12h,SI7,3h_SI1,3h,SI1,7.7691
-1.9515388,-5.6993775,15.744532,8.053252,6.5127378,-7.7542496,N900_RS11655,gluQ,0.35454593333333334,-1.4418,3.3399,3h_ce,3h,ce,6h_SI4,6h,SI4,4.7817
-0.17183813,2.372966,7.026922,4.852417,-4.1386676,6.055672,N900_RS11660,pcnB,-0.4751530666666667,-1.9861,3.5733,6h_SI9,6h,SI9,1h_SI1,1h,SI1,5.5594
4.288926,-15.248297,3.5655956,10.927831,9.49128,5.218561,N900_RS11670,panB,1.5657910245000002,-0.33155,3.7753,6h_SI9,6h,SI9,12h_st,12h,st,4.10685
7.5310364,-10.58802,8.213641,8.311859,7.7795753,5.9162006,N900_RS11680,yadH,1.3435966833333337,-0.18037,5.3269,3h_st,3h,st,1h_st,1h,st,5.50727
6.531993,-5.714744,6.34586,1.6787484,8.059159,5.863957,N900_RS11685,yadG,0.14431200000000002,-2.3245,4.4436,24h_co,24h,co,1h_st,1h,st,6.7681000000000004
-5.936053,-9.951498,10.594321,6.7568927,10.126219,2.3501563,N900_RS11690,bicA,1.1506193333333334,-0.56165,4.503,3h_co,3h,co,6h_SI3,6h,SI3,5.06465
12.806696,0.4298901,8.5036125,5.8304186,7.023483,1.5366219,N900_RS11695,can,1.3775162499999998,-0.06242,7.6722,1h_SI5,1h,SI5,6h_SI2,6h,SI2,7.7346200000000005
0.9880109,-5.4719906,12.731358,-0.9684887,-0.41753525,-0.0030396804,N900_RS11700,hpt,1.5229344333333332,-0.86048,6.4038,1h_SI9,1h,SI9,3h_SI5,3h,SI5,7.26428
-6.9978943,-7.2737074,8.257431,7.145547,11.085859,1.6644357,N900_RS11705,luxR_2,0.39888312666666664,-1.8961,2.5471,3h_co,3h,co,3h_st,3h,st,4.4432
5.531153,0.8904944,-3.1704879,-4.917834,1.3596721,-2.7760224,N900_RS11710,rsmI,1.0247642666666663,-1.9176,4.733,1h_SI2,1h,SI2,12h_SI2,12h,SI2,6.6506
-3.1061146,-1.131123,13.531277,11.542283,11.01976,-3.764887,N900_RS11720,VC_0580_BLAST,0.6018302149999999,-0.72479,3.6509,3h_ce,3h,ce,3h_SI5,3h,SI5,4.3756900000000005
-0.39769274,-1.6576022,9.432476,-3.8077738,3.7342722,1.3079432,N900_RS11730,"hemolysin, putative",0.34773906666666665,-1.3334,3.485,12h_SI3,12h,SI3,12h_SI1,12h,SI1,4.8184
-11.208589,-15.675817,-7.8105,-2.0468256,6.7839565,9.726452,N900_RS11735,sspB,0.004116381,0.00015513,0.1701,6h_SI4,6h,SI4,3h_st,3h,st,0.16994487
4.334878,-14.049784,3.206544,10.665391,9.256466,5.1795444,N900_RS11740,sspA,-0.18932468333333333,-2.2321,1.8793,6h_SI9,6h,SI9,12h_st,12h,st,4.1114
-7.233475,-5.5528393,11.135948,11.12555,2.314545,-4.819003,N900_RS11745,petC,0.5367015500000001,-1.3614,4.7894,12h_SI4,12h,SI4,3h_SI5,3h,SI5,6.150799999999999
-6.753451,-6.1198006,6.9065666,12.011051,7.0380387,-5.6100483,N900_RS11750,petB,0.6059557166666667,-0.77517,5.8614,3h_ce,3h,ce,3h_SI2,3h,SI2,6.63657
-4.142595,-6.50476,13.335299,10.41755,11.838496,-0.11107333,N900_RS11755,petA,1.9104570000000003,-0.21143,6.4559,1h_ce,1h,ce,3h_SI3,3h,SI3,6.66733
-9.124817,-6.1825047,2.16395,5.7350087,9.833765,1.816677,N900_RS11775,zape,1.3833771116666667,-0.17811,4.9922,6h_SI1,6h,SI1,3h_SI6,3h,SI6,5.170310000000001
-10.274494,3.6584113,14.355372,8.264236,-0.262777,-3.508218,N900_RS11780,yhcB,1.2422961466666669,-0.8034,4.7086,12h_SI3,12h,SI3,3h_SI5,3h,SI5,5.512
1.4821178,-17.468882,5.273682,3.4859378,10.128992,5.1675262,N900_RS11785,degq,1.0294063833333333,-0.6589,4.9388,1h_SI8,1h,SI8,3h_st,3h,st,5.5977
8.94662,0.9393766,7.4206834,-3.4090354,8.321199,2.0151172,N900_RS11820,ypjd,1.3904863333333333,0.12162,5.9161,1h_SI3,1h,SI3,6h_SI2,6h,SI2,5.79448
-3.4386606,-15.114641,7.856342,5.6193433,12.159011,0.97668546,N900_RS11825,yfjD,1.4441245,0.10797,4.3258,6h_SI9,6h,SI9,3h_st,3h,st,4.21783
-6.3418546,-6.1979365,14.659801,12.34667,9.200275,-6.995891,N900_RS11830,luxS,1.0175730666666667,-0.44166,3.6241,3h_ce,3h,ce,3h_SI2,3h,SI2,4.06576
6.756256,-9.382765,5.9854927,10.760377,10.67362,8.5055485,N900_RS11835,gshA,-0.44144265833333335,-2.825,2.9004,12h_SI5,12h,SI5,3h_SI4,3h,SI4,5.7254000000000005
-5.165703,-1.7033566,5.150244,13.378982,10.090765,-0.4082124,N900_RS11840,"protease, insulinase family/protease, insulinase family",0.6065100966666667,-1.5355,5.5726,24h_st,24h,st,3h_SI1,3h,SI1,7.1081
-3.483888,0.6746842,11.664588,2.4348452,10.77169,7.935855,N900_RS11845,yqaA,0.9750936166666666,-0.66597,4.653,6h_SI1,6h,SI1,3h_SI3,3h,SI3,5.318969999999999
-3.028332,-11.334326,8.558283,11.32914,11.984249,5.195768,N900_RS11850,qorA,0.8281166333333333,-0.76929,3.9372,6h_SI9,6h,SI9,1h_SI1,1h,SI1,4.70649
2.8188605,-12.292244,1.9176428,-1.6026025,14.702143,9.306961,N900_RS11855,gcdB,0.8656984216666668,-0.72505,4.5453,1h_ce,1h,ce,3h_SI2,3h,SI2,5.2703500000000005
7.155951,-11.296721,3.4919877,-1.0992013,4.7175283,5.370121,N900_RS11860,oadA_2,0.8026132004999998,-0.71938,4.3263,12h_SI8,12h,SI8,12h_SI3,12h,SI3,5.04568
3.74299,-6.1694894,11.70945,11.32264,8.085267,8.810888,N900_RS11865,oadG_2,-0.5637307500000001,-3.0349,5.9671,6h_co,6h,co,3h_SI3,3h,SI3,9.002
-11.298727,1.8282138,7.0654,5.481098,7.540044,-5.274182,N900_RS11870,N900_RS11870,1.4324745166666668,-0.030792,5.8391,1h_SI3,1h,SI3,3h_SI1,3h,SI1,5.869892
4.409349,-14.621628,3.1774232,10.653274,9.295719,5.0298834,N900_RS11915,csrA,1.956721738333333,-0.0069357,4.0951,12h_SI7,12h,SI7,12h_st,12h,st,4.1020357
3.0276108,-12.939612,3.0820386,8.878016,9.326683,3.5197089,N900_RS11920,aspartate kinase,-1.4220750666666668,-3.7267,1.6337,12h_SI7,12h,SI7,24h_SI3,24h,SI3,5.3604
10.702721,-7.923481,7.7084074,6.8404274,5.777059,10.152112,N900_RS11930,recX,0.15693010666666668,-1.5016,3.2047,3h_SI1,3h,SI1,1h_st,1h,st,4.7063
-0.773795,-0.029808143,8.3465805,11.664351,9.309374,-4.6444464,N900_RS11940,pncC,1.0401374295,-0.5807,4.2121,6h_st,6h,st,1h_SI1,1h,SI1,4.792800000000001
3.5508432,-7.875382,7.2128916,1.1248766,1.8282713,8.3003025,N900_RS11945,cysA,0.027563633333333348,-2.9321,3.6994,3h_SI7,3h,SI7,24h_SI1,24h,SI1,6.6315
1.22009,-5.074182,13.315677,12.859691,7.9143877,3.211126,N900_RS11950,cysW,0.6169745999999999,-1.1588,3.6159,24h_st,24h,st,3h_SI5,3h,SI5,4.7747
-2.1140187,-7.0708523,13.118517,10.790039,11.908432,-3.515475,N900_RS11955,cysT,1.2042910166666665,-0.78788,3.8831,1h_SI8,1h,SI8,3h_SI4,3h,SI4,4.67098
3.246396,-7.1153107,10.364123,7.7978506,12.492326,0.14350392,N900_RS11960,cysP,1.090019283333333,-0.80178,4.1512,1h_SI9,1h,SI9,12h_SI1,12h,SI1,4.95298
-6.4132805,-7.5232625,11.163505,5.7496324,14.920212,-2.8142643,N900_RS11965,cysM,1.3077583333333331,-0.2429,4.0691,6h_st,6h,st,3h_SI2,3h,SI2,4.311999999999999
2.3441968,-0.14004056,4.8729005,16.15908,7.076006,-0.19990133,N900_RS11970,mutS,0.27195773333333334,-1.1665,4.0083,6h_SI4,6h,SI4,6h_SI1,6h,SI1,5.1748
7.7665772,-1.4403037,7.0892625,9.141177,12.186519,5.272137,N900_RS11975,rpoS,0.007977199536666665,8.9212e-06,0.074347,6h_SI7,6h,SI7,12h_SI2,12h,SI2,0.0743380788
-3.7903376,-10.019009,10.74162,11.783879,12.488623,4.5249405,N900_RS11980,nlpD,0.054612666666666684,-2.3101,3.1143,6h_co,6h,co,6h_SI2,6h,SI2,5.4244
-0.13789311,-0.3084024,5.277948,6.0048904,13.065826,-0.24877545,N900_RS11985,pcm,1.1428209216666663,-0.36892,5.0451,1h_SI8,1h,SI8,12h_SI1,12h,SI1,5.41402
-5.7732635,-1.6094999,12.989177,4.90631,9.057733,2.7241714,N900_RS11990,SurE,1.1178273833333336,-0.48004,4.2969,6h_SI2,6h,SI2,3h_SI5,3h,SI5,4.77694
1.257688,-8.773342,8.460556,9.78551,11.035959,-7.05892,N900_RS11995,truD,1.164935333333333,-0.26635,5.0866,3h_SI4,3h,SI4,12h_SI1,12h,SI1,5.35295
-6.323253,-15.817776,5.164693,8.309111,10.622059,-2.3536193,N900_RS12015,uppP,1.5813912833333332,-0.24729,5.3994,1h_SI5,1h,SI5,3h_st,3h,st,5.6466899999999995
-2.6561692,-9.691213,-0.57112306,2.2124429,11.680921,6.1944413,N900_RS12020,folK_1,1.362576411666667,-0.4071,5.3709,24h_SI3,24h,SI3,3h_st,3h,st,5.778
-5.6176276,-9.488726,5.9141107,7.8122706,11.622585,4.4832253,N900_RS12030,plsY,0.6914786216666667,-0.44504,4.1084,3h_SI2,3h,SI2,6h_SI2,6h,SI2,4.553439999999999
-1.0384907,-2.9479454,4.437816,9.7773695,6.48811,3.6960561,N900_RS12035,catD,0.38159421666666665,-1.7352,4.0573,3h_SI6,3h,SI6,12h_st,12h,st,5.7924999999999995
-10.440327,9.855977,12.691931,11.107286,0.08310554,-5.5457964,N900_RS12070,intA_4,0.24608109999999994,-2.2371,3.379,6h_SI3,6h,SI3,3h_SI1,3h,SI1,5.616099999999999
0.3684283,-14.21699,10.647953,3.6422703,8.257341,3.1236825,N900_RS12080,pctB_2,1.1769728666666668,-0.6379,4.0597,1h_co,1h,co,3h_SI3,3h,SI3,4.6976
-7.02994,-5.0968714,2.5280678,13.666481,-2.3073583,0.60835993,N900_RS12085,AraC family transcriptional regulator_2,-0.2663631473333333,-3.6079,3.9562,6h_co,6h,co,3h_SI1,3h,SI1,7.5641
-12.892559,-1.0222731,16.021492,5.5888753,9.169827,-5.7298393,N900_RS12100,N900_RS12100,0.4585875716666667,-2.2633,3.3344,6h_SI3,6h,SI3,3h_SI2,3h,SI2,5.5977
-1.8047144,-7.0108266,14.336092,3.37652,6.522409,-1.4642582,N900_RS12105,marr_1,0.4016765016666666,-2.5465,5.0937,3h_SI9,3h,SI9,3h_SI2,3h,SI2,7.6402
-9.035701,-6.597581,15.493751,14.906441,-0.74890274,-2.2565196,N900_RS12110,N900_RS12110,0.6395312166666667,-1.4431,3.9451,12h_SI1,12h,SI1,3h_SI2,3h,SI2,5.3882
4.836337,1.6782259,3.5107164,2.289942,-5.2515674,-3.3489769,N900_RS12115,N900_RS12115,0.4655182413333333,-1.8074,4.0393,3h_SI8,3h,SI8,6h_SI2,6h,SI2,5.8467
-6.066183,-5.5486846,13.7206545,4.547542,12.162019,-9.830493,N900_RS12120,N900_RS12120,0.6790785166666666,-1.4711,4.7625,3h_SI9,3h,SI9,6h_SI2,6h,SI2,6.2336
-7.2006664,-2.9595513,8.229675,11.021518,13.862521,3.1367466,N900_RS12125,GNAT family N-acetyltransferase_1,1.0189325233333333,-0.54972,4.5153,3h_SI2,3h,SI2,3h_SI1,3h,SI1,5.06502
-4.5908837,-11.619795,4.1739717,7.948701,11.851653,4.9793057,N900_RS12130,ABC transporter substrate-binding protein_4,0.652749545,-0.80722,3.8322,6h_SI6,6h,SI6,3h_st,3h,st,4.639419999999999
4.852579,-11.137424,0.85717595,8.608937,8.247601,3.514904,N900_RS12135,glmS,1.9236674999999999,-0.38225,4.3466,1h_SI5,1h,SI5,24h_SI1,24h,SI1,4.7288499999999996
7.387232,-5.1259356,12.878266,2.6773267,5.0990567,-6.7015615,N900_RS12140,DeoR/GlpR transcriptional regulator,0.8222112833333335,-0.76753,4.1596,3h_SI1,3h,SI1,6h_SI2,6h,SI2,4.92713
4.2068944,-12.273831,3.0801551,10.17837,8.96293,3.324549,N900_RS12145,pykF,0.74978065,-1.1644,4.8546,12h_SI7,12h,SI7,12h_SI2,12h,SI2,6.019
-5.874859,-6.9787574,4.510531,1.5910808,14.204394,12.055187,N900_RS12150,oxidative stress defense protein,0.8405812616666667,-0.82748,4.5271,6h_SI2,6h,SI2,3h_st,3h,st,5.35458
-7.4216547,-12.686774,9.182664,6.145677,13.430629,-1.9920208,N900_RS12155,argp,1.0092669199999997,-0.31481,3.2016,1h_st,1h,st,3h_st,3h,st,3.51641
-2.4569972,-10.031843,13.807859,8.749248,10.579577,-8.761079,N900_RS12160,argO,1.53956565,-0.24221,4.3574,1h_st,1h,st,6h_SI3,6h,SI3,4.59961
0.45222852,-3.253242,7.3054767,7.866019,12.855632,-1.1071495,N900_RS12165,mscS_1,0.6642715,-1.5732,4.6295,6h_co,6h,co,6h_SI3,6h,SI3,6.2027
-3.2870665,-9.349625,1.0296649,6.1387467,5.6569276,11.045044,N900_RS12185,epd,-0.6802761333333333,-2.8585,4.4514,6h_SI5,6h,SI5,3h_st,3h,st,7.309899999999999
0.8336005,-2.6464477,14.30397,11.669509,9.577021,2.727388,N900_RS12190,cirA,0.687292125,-0.75437,2.9222,6h_st,6h,st,3h_SI5,3h,SI5,3.67657
0.71593213,-9.769433,9.997595,10.222704,6.4257483,-6.5078397,N900_RS12195,irgB,1.7818820666666662,-0.053536,4.656,1h_SI6,1h,SI6,6h_st,6h,st,4.709536
5.8127866,-0.9009459,5.684437,7.2331443,8.949931,8.470866,N900_RS12200,Pseudogene_N900_RS12200,-0.24520380000000006,-3.9505,3.8975,6h_SI7,6h,SI7,3h_SI3,3h,SI3,7.848
1.0114902,-1.988196,14.349606,4.8851023,-1.4500623,-0.121867314,N900_RS12215,sprt,1.193258966666667,-0.74465,4.6072,12h_SI3,12h,SI3,6h_SI2,6h,SI2,5.35185
3.7506714,-12.694177,11.031226,13.378111,8.860391,-0.15018538,N900_RS12220,xds_2,2.2866675,0.2404,5.9964,1h_ce,1h,ce,3h_SI4,3h,SI4,5.756
-1.1396011,-12.189852,10.276279,10.977278,10.800186,-0.24631634,N900_RS12225,rsmE,1.0057010160000002,-0.35504,3.3369,12h_SI7,12h,SI7,12h_SI2,12h,SI2,3.6919399999999998
1.7764797,-6.2042975,11.796873,12.030781,9.9386835,5.368116,N900_RS12230,gshB,-0.3211530633333333,-2.057,3.4829,6h_SI7,6h,SI7,3h_SI4,3h,SI4,5.539899999999999
-2.0034068,-3.791012,15.3979,12.163296,11.808187,-3.3660834,N900_RS12235,VC_0467_BLAST,1.4714087166666667,-0.35877,4.8944,3h_SI9,3h,SI9,6h_SI4,6h,SI4,5.25317
1.732287,-11.054687,8.274844,8.661352,5.4316597,-3.333462,N900_RS12245,tyrS,0.9097579533333333,-0.35307,3.2646,3h_st,3h,st,6h_st,6h,st,3.6176700000000004
5.994189,-10.130501,7.56216,8.319222,5.105679,-1.709873,N900_RS12250,luxR_1,1.0244690333333333,-0.47275,4.1515,3h_SI4,3h,SI4,6h_st,6h,st,4.62425
0.2777699,-0.18573299,11.769532,10.559702,11.666336,1.9963939,N900_RS12255,pilT_1,1.3544023866666668,-0.026827,4.1113,3h_SI2,3h,SI2,12h_SI1,12h,SI1,4.138127
7.898515,3.3820443,5.477301,8.230869,-1.4633707,1.4383923,N900_RS12260,pilT_2,0.2565712333333333,-1.4659,3.4509,12h_SI4,12h,SI4,6h_SI3,6h,SI3,4.9168
-7.6508317,-17.24628,7.1347914,5.9534597,8.879606,-5.4516015,N900_RS12265,yggs,1.0870463883333334,-0.039687,4.0291,3h_SI8,3h,SI8,3h_st,3h,st,4.0687869999999995
6.9065213,2.3915493,2.4028578,5.939237,5.6681147,-0.704411,N900_RS12270,proC,1.3030324349999998,-0.37789,6.167,1h_SI9,1h,SI9,6h_SI3,6h,SI3,6.54489
-4.5209064,-4.947913,10.069293,9.735779,13.43104,5.727427,N900_RS12275,yggt,0.8389598166666665,-0.621,5.2255,6h_st,6h,st,3h_SI4,3h,SI4,5.846500000000001
-8.861051,-0.54922235,10.573468,2.2636282,14.42318,-5.18588,N900_RS12280,VC_0458_BLAST,-0.10090591666666665,-1.8121,2.9802,6h_SI1,6h,SI1,6h_ce,6h,ce,4.7923
-10.466278,-14.953681,-9.255214,-2.6080444,6.3143964,10.334158,N900_RS12285,N900_RS12285,0.0027146426351666664,-8.333e-06,0.11933,12h_SI8,12h,SI8,3h_st,3h,st,0.119338333
-2.5289953,-12.538722,10.542221,7.4216824,13.127958,-1.2242352,N900_RS12290,rdgB,1.2281360000000001,-1.4592,4.3124,1h_SI6,1h,SI6,3h_st,3h,st,5.7716
-2.0827746,-5.784537,6.8918743,4.3555017,-1.1309953,2.9978235,N900_RS12295,hemW,-0.054961828333333365,-1.7602,4.1977,12h_SI2,12h,SI2,3h_SI2,3h,SI2,5.9579
-1.5745486,7.089231,17.369164,5.18277,5.5771747,1.0796965,N900_RS12300,glsA2,0.12857324999999997,-2.71,3.1653,3h_SI9,3h,SI9,3h_SI5,3h,SI5,5.875299999999999
-1.9445572,-4.5691953,12.254652,10.641806,8.341545,-0.39621794,N900_RS12305,trmB,1.2589885333333333,-0.12662,5.4469,1h_SI5,1h,SI5,6h_SI2,6h,SI2,5.57352
-4.061994,-4.4632287,6.2299824,1.9130114,11.442296,-2.6020484,N900_RS12310,mutY,0.9734832,-0.51149,4.339,3h_SI4,3h,SI4,1h_ce,1h,ce,4.850490000000001
1.2871459,-1.358909,3.4546123,2.975341,5.191913,-3.461221,N900_RS12315,yggX,0.3632811,-1.9722,3.7623,6h_co,6h,co,12h_st,12h,st,5.734500000000001
0.5034606,10.463955,7.2156343,0.13917494,4.9653916,4.1574817,N900_RS12320,mltC,-0.6058199908333334,-2.6945,1.9164,6h_SI2,6h,SI2,12h_SI3,12h,SI3,4.6109
-4.1408315,-14.948533,8.829864,10.22059,12.139621,3.0534256,N900_RS12345,mcpP_2,1.5108900166666666,-0.066869,4.2303,3h_co,3h,co,3h_SI4,3h,SI4,4.297168999999999
-6.759168,-8.1069145,7.570048,-2.2911339,6.8749337,8.422254,N900_RS12365,djlA,0.5443349666666665,-1.1718,3.8828,6h_SI1,6h,SI1,3h_st,3h,st,5.0546
3.5953379,-10.21328,3.138548,9.836901,7.8520846,3.9240627,N900_RS12385,rsmA,-0.2606076666666667,-2.5123,3.7107,12h_SI7,12h,SI7,12h_SI3,12h,SI3,6.223000000000001
2.0741382,1.2918605,2.659809,11.707256,10.441744,1.6055717,N900_RS12390,apaG,1.8158829500000002,-0.064464,5.9155,1h_SI9,1h,SI9,6h_SI1,6h,SI1,5.979964
-1.2535928,-3.6110346,3.1766667,-1.6137574,4.4808483,5.5439796,N900_RS12395,apaH,0.5097322,-1.9641,3.7598,6h_ce,6h,ce,3h_SI5,3h,SI5,5.7238999999999995
-1.696257,-7.7079277,9.230154,8.344885,6.637669,-9.705722,N900_RS12400,folA,0.6763601633333333,-0.71006,2.9171,3h_SI4,3h,SI4,1h_SI1,1h,SI1,3.62716
-1.298082,-8.727405,11.188101,10.342908,7.920742,0.022273397,N900_RS12405,yjjB_BLAST,1.3634694666666667,-0.27374,5.0767,1h_SI8,1h,SI8,3h_SI2,3h,SI2,5.35044
4.055526,-7.2522545,12.408983,4.655626,11.449964,4.888674,N900_RS12410,Probable succinate transporter subunit YjjP_BLAST,1.4781493333333335,-0.32817,4.7218,3h_SI1,3h,SI1,3h_SI4,3h,SI4,5.04997
-0.79049414,-9.046986,7.097538,9.10631,12.702832,5.810563,N900_RS12435,Pseudogene_N900_RS12435,1.4613994166666666,0.059225,4.1261,1h_SI4,1h,SI4,12h_SI1,12h,SI1,4.0668750000000005
-6.2189727,-7.639338,10.44398,5.379822,10.733808,-10.230479,N900_RS12445,mdh,1.0148447833333332,-1.5427,4.2508,1h_SI2,1h,SI2,6h_ce,6h,ce,5.7935
1.3185315,-1.0477229,9.5767975,10.315219,8.444747,-1.1247427,N900_RS12450,argR,1.1811901333333332,-0.94403,5.6317,6h_SI6,6h,SI6,6h_SI3,6h,SI3,6.57573
5.711615,-3.709891,12.535857,8.058608,11.089515,3.1623576,N900_RS12455,C4-dicarboxylate ABC transporter substrate-binding protein_1,1.7782863333333334,0.22817,5.1035,3h_SI5,3h,SI5,6h_SI1,6h,SI1,4.87533
1.0209966,-2.221434,7.2357693,-2.1197114,13.849987,4.5197544,N900_RS12460,dctM_1,1.02494075,-0.76844,4.3549,6h_SI2,6h,SI2,12h_SI1,12h,SI1,5.12334
-2.2064676,-7.6053815,6.777801,4.151335,11.065422,1.1075166,N900_RS12465,uspF,1.3782087166666668,-0.47727,4.6599,1h_ce,1h,ce,3h_st,3h,st,5.13717
-0.7198386,0.061694596,5.2667103,9.994013,0.20726696,0.8939482,N900_RS12470,N900_RS12470,1.0900017999999998,-0.32104,4.2663,12h_SI1,12h,SI1,6h_SI3,6h,SI3,4.58734
-3.4564447,-19.87099,6.524344,7.3164225,9.201038,-1.3175879,N900_RS12475,N900_RS12475,0.7616366166666667,-0.55865,4.1727,12h_SI7,12h,SI7,3h_st,3h,st,4.73135
11.0995,-4.875841,0.07456584,5.625444,5.5409894,-3.0927846,N900_RS12480,rraB,-0.45777685,-2.0647,3.6876,6h_SI5,6h,SI5,6h_st,6h,st,5.7523
-2.8639383,-16.064104,2.6009066,6.932064,10.576924,1.6941067,N900_RS12485,arcA_1,0.7896804666666668,-0.28927,4.4112,3h_ce,3h,ce,6h_SI2,6h,SI2,4.70047
6.744222,-1.7204543,13.830356,5.7406144,10.130822,1.8352206,N900_RS12490,tldD,1.4758316333333332,0.052138,4.5198,1h_SI9,1h,SI9,3h_SI4,3h,SI4,4.467662
5.939325,-9.580311,3.7264495,4.179083,7.8696284,-3.7121298,N900_RS12495,nit1,1.1008344866666666,-0.37815,5.2266,6h_SI8,6h,SI8,6h_SI4,6h,SI4,5.60475
-4.397307,-3.19471,13.836919,14.967269,5.267421,-1.9005387,N900_RS12500,N900_RS12500,0.21488250000000003,-1.334,3.0902,24h_SI4,24h,SI4,3h_SI1,3h,SI1,4.4242
4.8728614,-4.1838794,7.5579996,10.251507,1.9102323,7.3944592,N900_RS12505,rng,0.4674650383333334,-2.0299,4.0433,6h_SI5,6h,SI5,3h_SI4,3h,SI4,6.0732
-9.62519,-9.034097,8.273489,12.216997,12.431961,1.7540226,N900_RS12510,Maf,1.7080964,0.042484,6.1533,6h_st,6h,st,3h_SI1,3h,SI1,6.110816
-0.5531501,-17.378145,4.676898,8.511192,6.303171,1.1358138,N900_RS12530,mshQ,1.316181166666667,-0.109,4.2723,1h_SI8,1h,SI8,3h_st,3h,st,4.3813
-1.9744055,-7.9224806,-4.7530756,5.6527605,7.1783376,2.1857443,N900_RS12535,mshP,1.7246605516666667,-0.21597,6.7449,12h_ce,12h,ce,3h_st,3h,st,6.96087
-4.737806,-16.979336,8.787387,9.562243,12.469767,-0.26912996,N900_RS12540,mshO,0.7352822450000001,-0.817,3.9229,24h_st,24h,st,3h_st,3h,st,4.7399
1.5373594,6.2368555,5.198961,8.182083,12.009697,0.9923013,N900_RS12545,type II secretion system protein,-0.05810344999999999,-1.5505,2.6873,1h_co,1h,co,12h_SI1,12h,SI1,4.2378
-7.360007,-2.3016398,11.937631,7.100174,3.8558502,-2.8330133,N900_RS12550,mshC,0.69469595,-0.83286,3.1906,6h_SI1,6h,SI1,3h_SI2,3h,SI2,4.02346
-3.4643161,-4.037408,10.462464,1.1814669,16.400364,-5.873301,N900_RS12555,mshA,0.6931828,-0.7533,3.457,3h_st,3h,st,6h_ce,6h,ce,4.2103
-12.734767,-9.370171,6.499579,3.5322912,16.125546,0.28298238,N900_RS12560,MSHA pilin protein MshB,0.7387401233333332,-0.76376,4.0753,6h_st,6h,st,3h_st,3h,st,4.83906
7.306218,-3.2513325,6.869916,8.797673,2.225909,4.8597364,N900_RS12565,mshf,-0.04357255000000004,-1.6819,5.2905,6h_SI8,6h,SI8,6h_SI1,6h,SI1,6.9723999999999995
-0.21504924,-5.8287354,15.643799,12.071078,11.028026,-1.7296158,N900_RS12570,mshG,0.48793916833333334,-0.92882,2.9193,3h_st,3h,st,3h_SI3,3h,SI3,3.8481199999999998
-5.855312,-13.748695,8.819933,3.379271,9.629496,4.739368,N900_RS12575,mshE,1.292669433333333,-0.36679,4.7736,3h_ce,3h,ce,3h_st,3h,st,5.14039
0.9612384,-8.0778055,6.7875795,10.023471,9.062146,-3.2164075,N900_RS12580,MSHA biogenesis protein MshN,1.1088379333333331,-0.40777,3.6304,3h_SI4,3h,SI4,12h_SI2,12h,SI2,4.03817
1.4165672,-9.588193,10.945932,10.714748,9.13428,-0.049194727,N900_RS12585,mshM,0.7181125333333334,-0.41131,3.545,3h_st,3h,st,6h_SI2,6h,SI2,3.9563099999999998
0.6553263,-15.263579,6.342358,9.854163,8.584906,-0.38285676,N900_RS12590,mshL,1.317562651666667,-0.061664,4.5314,24h_ce,24h,ce,6h_st,6h,st,4.593064
0.3294133,-6.267755,9.087364,-1.1568383,5.7985954,-1.2669071,N900_RS12595,mshk,0.8878436150000001,-0.55761,4.7472,1h_SI2,1h,SI2,3h_SI6,3h,SI6,5.304810000000001
-7.078972,6.0719676,9.390484,10.974581,4.994016,-7.398376,N900_RS12600,pilO_1,0.5456657,-1.2665,4.2082,6h_SI3,6h,SI3,3h_SI1,3h,SI1,5.4746999999999995
3.9652708,-10.086589,12.128127,14.469423,1.3021374,-3.0832155,N900_RS12605,mshi,1.2237318666666668,-0.2944,4.5466,3h_st,3h,st,1h_SI1,1h,SI1,4.840999999999999
2.33573,-3.395239,7.8347073,12.319894,10.277784,1.6578981,N900_RS12610,csrD,0.7159272133333333,-1.464,3.7535,6h_SI7,6h,SI7,12h_SI1,12h,SI1,5.217499999999999
-3.0450442,-4.141584,17.46609,6.077763,3.7090826,-0.5674542,N900_RS12620,malT_1,0.1526436399999999,-1.6942,3.8863,12h_SI1,12h,SI1,6h_SI4,6h,SI4,5.5805
5.612041,-12.629813,3.5739682,8.114119,3.6397693,11.213514,N900_RS12625,galU,-1.5646340833333332,-4.0293,3.9681,6h_SI9,6h,SI9,1h_st,1h,st,7.997400000000001
4.080242,-1.2082992,1.2304457,10.971145,-1.9140254,5.277038,N900_RS12630,uvrA,-0.7717346883333333,-3.1232,1.9936,6h_SI6,6h,SI6,1h_ce,1h,ce,5.1168000000000005
-1.7351221,-11.051711,7.2296495,12.821036,7.463307,0.67491823,N900_RS12635,ligase,0.4180067833333333,-1.54,4.4568,3h_SI7,3h,SI7,3h_SI1,3h,SI1,5.9968
1.0386343,-12.536633,11.786292,1.909939,7.699513,-7.5306907,N900_RS12640,pucG,1.0562856166666668,-0.6092,4.2455,6h_SI1,6h,SI1,3h_SI2,3h,SI2,4.854699999999999
0.140697,-3.4206123,11.511647,10.416736,13.004413,0.4694609,N900_RS12645,lysC,1.6377304666666668,0.059838,4.7726,1h_st,1h,st,6h_SI2,6h,SI2,4.712762
4.593883,-11.588677,8.843598,12.519084,4.3281317,-0.9083876,N900_RS12650,metH,1.3040351666666665,-0.43238,4.3936,3h_SI8,3h,SI8,6h_st,6h,st,4.82598
-8.099897,-1.9651667,12.215838,14.28121,8.728774,-8.527577,N900_RS12655,nhaP,0.9546724166666667,-0.46725,5.0835,12h_st,12h,st,3h_SI1,3h,SI1,5.55075
0.7621304,-7.6733727,7.5971146,7.220969,1.0951724,-6.080102,N900_RS12690,cysH,0.9142912333333334,-1.2429,4.4672,3h_SI9,3h,SI9,3h_SI5,3h,SI5,5.7101
-4.5704374,-11.283965,9.57497,10.662875,13.059943,-0.6534169,N900_RS12695,cysI,2.093656466666667,-0.2971,5.5103,1h_SI7,1h,SI7,3h_SI1,3h,SI1,5.8074
-10.720286,-15.357681,-0.2667699,4.08763,4.6799364,7.773964,N900_RS12700,assimilatory sulfite reductase (NADPH) flavoprotein subunit,0.0073533885,0.00017099,0.16681,6h_SI2,6h,SI2,3h_st,3h,st,0.16663901
1.2614555,-6.5583124,9.184461,-4.7534714,6.6045847,-11.850466,N900_RS12705,N900_RS12705,1.4809763333333335,0.10052,5.6072,3h_SI1,3h,SI1,6h_ce,6h,ce,5.506679999999999
-8.930444,-3.8007421,13.634896,12.095397,-2.4862041,-3.5516798,N900_RS12710,N900_RS12710,0.4305392983333334,-1.258,4.6316,12h_SI4,12h,SI4,1h_SI1,1h,SI1,5.8896
-0.09956968,12.30075,7.3400025,-6.3913856,8.023031,-0.014753532,N900_RS12715,TIGR04219 family outer membrane beta-barrel protein,0.5248700333333334,-1.2729,2.5214,6h_SI1,6h,SI1,12h_SI1,12h,SI1,3.7943
7.769662,-5.534136,-3.2841914,6.0908437,1.601133,10.178902,N900_RS12720,pspG,-1.259453105,-4.0321,0.86394,12h_SI8,12h,SI8,24h_SI3,24h,SI3,4.89604
4.5895267,-1.2681645,11.089936,9.919578,8.016289,0.8125101,N900_RS12725,dusA,0.5047400633333333,-0.83419,4.1267,6h_SI7,6h,SI7,6h_SI1,6h,SI1,4.960889999999999
-4.050876,-7.4174576,10.900478,-0.17139235,-1.1161729,-1.19856,N900_RS12730,zur,0.4913899666666667,-1.6891,6.1614,3h_SI8,3h,SI8,3h_SI2,3h,SI2,7.8505
0.4039884,-11.5407,-1.055944,1.6073849,0.21846393,-4.415343,N900_RS12735,chex,1.6161628333333335,-0.14432,5.0178,6h_SI2,6h,SI2,6h_st,6h,st,5.16212
-7.912302,-8.603548,5.498002,8.341601,11.632593,6.412981,N900_RS12740,MBL fold metallo-hydrolase_2,0.7976073316666665,-0.74001,4.2104,6h_st,6h,st,3h_st,3h,st,4.95041
7.611091,-10.045762,5.828875,7.00573,8.080777,-0.75411487,N900_RS12745,pgi,3.2446388099999997,-0.0046614,7.0696,1h_SI4,1h,SI4,6h_st,6h,st,7.0742614
-1.9176483,-0.27706808,4.9420285,7.454696,8.807045,-1.1241915,N900_RS12750,yjbQ_BLAST,1.599599933333333,-0.040289,4.6777,6h_st,6h,st,3h_SI9,3h,SI9,4.717988999999999
-5.0599804,-1.4823952,12.514805,8.142344,13.195131,-7.8883395,N900_RS12765,N900_RS12765,0.877642515,-0.69665,3.7281,3h_SI3,3h,SI3,12h_SI1,12h,SI1,4.4247499999999995
-2.1605175,-2.665009,7.847269,9.206277,9.246099,-5.391853,N900_RS12790,bfr,1.8485671000000001,-0.086294,6.2173,1h_SI7,1h,SI7,6h_SI2,6h,SI2,6.3035939999999995
-5.0846663,0.7491672,2.548595,-5.054513,14.2506275,-3.6464763,N900_RS12795,bfd,0.5156289833333334,-1.4162,6.7633,24h_SI4,24h,SI4,6h_ce,6h,ce,8.1795
3.9172323,4.991248,7.6506195,7.8177094,10.643148,0.4541512,N900_RS12835,dauR,1.3802057333333335,-0.027761,4.5959,3h_SI9,3h,SI9,1h_ce,1h,ce,4.623661
-1.8856962,5.483165,10.583212,6.0500565,9.737823,8.551168,N900_RS12840,fkpA,0.27229338333333336,-1.4642,4.1054,6h_SI5,6h,SI5,3h_SI3,3h,SI3,5.5696
-4.584548,-3.1223009,9.800878,9.55789,10.318865,-3.3087416,N900_RS12845,N900_RS12845,1.0837371,-0.48885,4.4175,6h_SI1,6h,SI1,3h_SI1,3h,SI1,4.906350000000001
0.05553861,-4.5256443,14.32847,6.078747,10.698146,-0.5780079,N900_RS12850,slyx,1.668280666666667,-0.18194,4.3376,3h_ce,3h,ce,12h_SI1,12h,SI1,4.51954
0.77144855,-16.13561,6.7042055,5.52332,7.8491,2.8419034,N900_RS12855,N900_RS12855,1.0164178333333334,-0.58677,3.9184,3h_ce,3h,ce,3h_SI4,3h,SI4,4.50517
3.888828,-1.4794208,1.3866888,-4.8073077,8.505115,-2.6241674,N900_RS12860,hflC,-0.36028904999999994,-3.0727,3.3032,12h_SI8,12h,SI8,12h_SI2,12h,SI2,6.3759
10.262188,2.412585,7.882502,10.772575,3.8859036,2.6095257,N900_RS12865,hflK,-0.47743868333333334,-1.7344,2.693,24h_SI3,24h,SI3,6h_SI1,6h,SI1,4.4274000000000004
3.2145102,-8.103462,13.099743,7.3072367,2.6063452,-1.612471,N900_RS12870,hflX,0.5955676499999999,-1.0186,4.41,24h_SI1,24h,SI1,3h_SI2,3h,SI2,5.4286
6.862232,-13.616575,2.4309042,5.633503,6.1511145,12.550135,N900_RS12875,hfq,1.8103941499999998,-0.30901,7.7919,12h_SI6,12h,SI6,1h_st,1h,st,8.10091
6.6148677,-10.353706,5.874524,12.5683155,6.7046404,10.00871,N900_RS12880,miaA,-0.16324365000000005,-2.6161,4.233,12h_SI8,12h,SI8,3h_SI3,3h,SI3,6.8491
-1.0271143,0.5314905,3.9552095,3.3548255,10.727998,-11.250899,N900_RS12885,mutL,0.89435647,-0.90305,5.9972,6h_SI2,6h,SI2,12h_SI1,12h,SI1,6.900250000000001
3.9907727,-13.7462845,4.1188483,11.063008,6.7123013,5.470957,N900_RS12890,N-acetylmuramoyl-L-alanine amidase,-1.6338058333333332,-3.6803,2.0006,12h_SI9,12h,SI9,1h_SI7,1h,SI7,5.680899999999999
5.0273085,-10.091459,11.549265,10.938988,7.168506,-7.164772,N900_RS12900,queG,1.462207366666667,-0.11861,4.6731,1h_st,1h,st,6h_st,6h,st,4.79171
2.8783262,-14.750144,4.538536,10.378557,9.414359,3.3707206,N900_RS12950,rsgA,2.011903183333333,-0.061,7.5889,12h_SI7,12h,SI7,3h_SI2,3h,SI2,7.6499
-2.913031,-12.691981,8.15455,10.277744,12.764459,7.674243,N900_RS12960,SLC13 family permease_2,1.6997658333333332,0.21242,6.0667,1h_SI7,1h,SI7,1h_st,1h,st,5.85428
-3.6591508,-4.6884036,14.171616,9.039529,12.396284,-1.5145473,N900_RS12965,DMT family transporter_1,0.9164141666666665,-0.77188,4.5976,1h_st,1h,st,3h_SI5,3h,SI5,5.36948
-3.5354135,-4.196181,0.64770603,11.02922,13.039928,3.37474,N900_RS12975,envc,1.3966725,-0.12388,5.565,6h_SI4,6h,SI4,3h_SI1,3h,SI1,5.68888
-6.995106,-2.723116,10.964077,5.6471424,10.821343,-4.649789,N900_RS12980,N900_RS12980,1.1697171166666667,-0.34839,4.2305,3h_co,3h,co,3h_SI2,3h,SI2,4.57889
-12.912288,4.6677737,13.192678,3.8850808,9.789449,-8.422014,N900_RS12985,TetR/AcrR family transcriptional regulator_1,0.8306927333333333,-1.1978,4.4814,6h_SI2,6h,SI2,6h_ce,6h,ce,5.6792
-2.049491,-13.998063,9.931165,11.235814,11.273593,-2.1270344,N900_RS12995,nudC,1.1268217166666668,-0.24359,3.297,3h_SI9,3h,SI9,12h_SI1,12h,SI1,3.5405900000000003
5.280425,-7.8122034,9.108591,13.049714,4.9665976,-0.73872805,N900_RS13000,rsd,1.3064196166666668,-0.56993,5.3643,24h_st,24h,st,6h_SI2,6h,SI2,5.93423
-11.262337,-6.9419394,10.010213,2.9265628,16.353424,-4.0757036,N900_RS13085,N-acetyltransferase_3,1.4367633499999999,0.021109,5.4439,1h_SI3,1h,SI3,6h_ce,6h,ce,5.422791
2.9464955,-4.2927265,7.8699813,0.2642861,8.49074,9.944459,N900_RS13130,fre,0.6112078000000001,-0.81241,4.7798,1h_SI1,1h,SI1,1h_st,1h,st,5.59221
1.3679042,-9.262396,10.9382305,12.681726,11.4321995,-1.0108248,N900_RS13135,paaE,1.2817756833333331,-0.14881,3.8272,1h_SI3,1h,SI3,3h_SI3,3h,SI3,3.97601
-4.1517935,2.018005,6.055063,8.583986,12.172467,-0.4972519,N900_RS13145,N900_RS13145,0.32362654416666664,-1.2169,3.3406,6h_SI1,6h,SI1,3h_SI1,3h,SI1,4.5575
2.778626,-8.895548,1.8801986,9.6257515,4.7830663,4.3999906,N900_RS13155,trxA,1.0850716833333334,-1.2025,6.0391,12h_SI9,12h,SI9,1h_ce,1h,ce,7.2416
2.9448934,3.0944834,6.319242,11.954527,-0.89818853,7.6411934,N900_RS13160,rhlB,-0.8167030666666667,-3.0285,4.0023,24h_SI4,24h,SI4,6h_SI1,6h,SI1,7.0308
-3.9023652,-13.658306,5.893402,6.609257,10.646861,-0.80954504,N900_RS13165,gppA,1.8092021666666667,0.32035,4.809,3h_co,3h,co,3h_st,3h,st,4.48865
-6.3887033,-14.329201,5.954215,4.189893,6.6342473,-10.571281,N900_RS13170,rcsC_8,1.0258499999999997,-0.3493,3.9025,12h_st,12h,st,6h_st,6h,st,4.2518
-0.45247102,-10.170501,9.969618,15.566574,6.7496967,-1.9299225,N900_RS13175,hcaT,0.8186612450000001,-0.72692,5.1402,12h_st,12h,st,3h_SI1,3h,SI1,5.86712
8.474955,-11.497474,12.461378,12.646728,4.581233,2.8064537,N900_RS13180,N900_RS13180,0.782608515,-1.0068,4.4226,12h_st,12h,st,6h_SI1,6h,SI1,5.4294
-7.5088377,-6.2267265,7.223659,2.7248013,15.950237,-6.9960804,N900_RS13185,N900_RS13185,1.4562315,-0.25438,4.8994,6h_st,6h,st,6h_ce,6h,ce,5.15378
-4.3713756,-1.2338328,11.52548,-5.1894345,0.6449277,-6.4501185,N900_RS13190,polC_2,1.0870655166666665,-0.9077,4.2593,6h_SI3,6h,SI3,3h_SI2,3h,SI2,5.167
-4.4007173,-6.7910423,15.205049,12.581544,9.578816,-1.1410404,N900_RS13195,acs_1,0.6116551833333334,-0.79391,3.4818,6h_st,6h,st,3h_SI2,3h,SI2,4.27571
1.1707723,-11.2133665,0.8292676,10.3212385,4.072773,11.133443,N900_RS13200,aroQ,-0.83595025,-3.6077,3.0399,12h_SI7,12h,SI7,3h_st,3h,st,6.6476
4.3321843,-12.433875,8.62355,0.9881903,9.418522,-5.6544666,N900_RS13215,prmA,1.0481497666666668,-0.50529,4.0589,3h_SI1,3h,SI1,6h_st,6h,st,4.56419
5.9230947,-7.7806177,0.43796617,-8.288368,0.51593226,0.57473594,N900_RS13220,dusB,0.4549487166666667,-1.2812,4.1227,6h_SI1,6h,SI1,6h_SI2,6h,SI2,5.4039
5.302568,-0.36965457,5.094998,2.2247992,5.6107364,-2.7041256,N900_RS13225,fis,0.10979456666666665,-2.3052,4.9695,6h_SI9,6h,SI9,12h_SI2,12h,SI2,7.2747
5.232178,-7.7742043,0.57347095,8.677908,7.221064,7.573826,N900_RS13230,gntR_2,2.453101366666667,-0.43414,6.8865,12h_SI7,12h,SI7,12h_SI2,12h,SI2,7.32064
-0.87596583,-2.7643023,10.65218,-2.0533106,9.5377245,4.1812887,N900_RS13235,edd,1.50105165,-0.022397,4.7539,1h_SI9,1h,SI9,3h_SI2,3h,SI2,4.776297
-7.8504267,-1.9165958,17.801256,7.309126,-1.6024607,0.22868891,N900_RS13240,gntK,0.38319506950000004,-1.5574,3.2703,12h_SI2,12h,SI2,3h_SI4,3h,SI4,4.8277
-3.4267948,-10.266247,3.431667,-0.12270415,11.597612,1.859953,N900_RS13245,ygbN,0.9140086016666668,-0.68369,3.6722,3h_SI4,3h,SI4,6h_SI4,6h,SI4,4.3558900000000005
-3.9797387,-1.358454,12.968367,13.914431,10.935481,-2.408904,N900_RS13250,eda,0.5336595616666666,-0.88994,3.4088,12h_st,12h,st,3h_SI1,3h,SI1,4.29874
-6.0820303,-12.723062,7.5791907,10.790882,10.7382965,4.338362,N900_RS13255,cntO,0.9140758333333333,-0.64454,3.9124,6h_st,6h,st,3h_st,3h,st,4.55694
-4.380002,-4.1210933,7.9959354,4.1728153,8.952108,-3.5253181,N900_RS13260,TonB-dependent receptor_1,0.6463606666666665,-1.5036,3.9305,1h_SI1,1h,SI1,3h_SI4,3h,SI4,5.4341
7.0597835,1.413274,13.143917,6.4969835,8.337379,-0.20211542,N900_RS13265,peptidase_3,0.9794817666666666,-0.43693,4.2,3h_SI1,3h,SI1,6h_SI4,6h,SI4,4.63693
-7.052293,2.48736,16.523207,3.2642987,2.837775,-2.0378675,N900_RS13270,methyl-accepting chemotaxis protein_12,0.6166785999999999,-1.2795,3.9013,12h_SI1,12h,SI1,6h_SI4,6h,SI4,5.1808
2.5028741,-10.285819,8.352226,9.933716,6.5183473,-6.7953773,N900_RS13275,cada,1.5417896666666664,0.17593,4.6927,3h_st,3h,st,3h_SI3,3h,SI3,4.51677
-1.7356317,-14.473,5.039321,9.1881,6.623737,3.941099,N900_RS13280,cadB,0.7475937666666667,-0.71471,3.1564,12h_st,12h,st,3h_st,3h,st,3.87111
-5.769132,0.6146809,13.2089405,-1.963134,11.281298,-0.35760266,N900_RS13285,cadc,-0.05290516666666668,-2.0541,3.5423,6h_SI3,6h,SI3,3h_SI3,3h,SI3,5.5964
-0.8416648,-0.9812169,11.192939,10.649733,-4.106113,6.038836,N900_RS13295,N900_RS13295,-0.7866732000000002,-2.8358,3.5119,12h_SI4,12h,SI4,3h_SI3,3h,SI3,6.3477
3.973187,-8.946226,1.1697569,6.908232,2.6547012,15.885577,N900_RS13300,purH,-1.4036716999999999,-4.2012,3.4987,12h_SI9,12h,SI9,1h_st,1h,st,7.6998999999999995
1.9760227,-2.6434572,5.541187,9.9904785,0.116863705,11.155525,N900_RS13305,purD,-1.9242205666666667,-5.3124,3.3529,12h_SI7,12h,SI7,1h_SI1,1h,SI1,8.6653
-5.1138086,-4.0751343,14.740865,10.421969,13.067906,-0.3959679,N900_RS13310,N900_RS13310,0.439226475,-1.1918,3.122,6h_st,6h,st,3h_SI3,3h,SI3,4.3138
8.513399,2.3573143,7.792351,1.3394603,-1.1166124,0.9794858,N900_RS13315,hupA,0.03839737666666665,-1.4145,2.6171,1h_co,1h,co,6h_SI2,6h,SI2,4.0316
-3.9275818,-16.505655,7.3073664,7.179116,12.568057,0.48394644,N900_RS13325,HlyC/CorC family transporter_1,0.6092019666666667,-0.79984,3.5151,1h_st,1h,st,3h_SI3,3h,SI3,4.31494
-6.879365,1.346542,-0.6711821,7.5942316,7.479344,2.5569572,N900_RS13330,fructokinase,0.0024974700000000107,-1.5754,3.4263,6h_SI2,6h,SI2,3h_SI1,3h,SI1,5.0017
2.592129,-7.255049,6.0152116,2.7854128,10.616012,-1.821003,N900_RS13335,manA,0.1571763,-1.8066,6.0578,24h_SI3,24h,SI3,12h_SI1,12h,SI1,7.8644
-9.591525,7.0140734,2.432706,8.66867,5.6173077,-6.0587254,N900_RS13340,VC_0268,0.8718629,-0.69016,6.0471,12h_SI1,12h,SI1,3h_SI1,3h,SI1,6.73726
-8.685833,8.072059,11.134133,4.455315,15.489102,-2.058898,N900_RS13345,VC_0267,0.6435394999999998,-0.95627,3.2452,6h_SI3,6h,SI3,1h_SI1,1h,SI1,4.2014700000000005
0.2542923,-1.681824,1.9382358,6.448291,9.928381,0.2646664,N900_RS13350,VC_0266,1.1347738333333335,-0.47225,3.6972,6h_SI4,6h,SI4,12h_st,12h,st,4.16945
1.8232397,-8.647077,11.841737,-2.922526,7.0613017,-6.5496154,N900_RS13355,VC_0265,0.8346260033333334,-0.49904,3.5221,3h_SI3,3h,SI3,3h_SI2,3h,SI2,4.02114
-9.595661,-8.570987,8.0893135,8.100186,11.341085,-5.03057,N900_RS13360,rjg,1.1376497833333332,-0.50269,4.0166,12h_st,12h,st,6h_SI4,6h,SI4,4.519290000000001
3.8621774,-15.208769,3.381213,11.108035,6.8130283,7.3331056,N900_RS13365,wbeW,-2.508584333333333,-4.6311,-0.64464,12h_ce,12h,ce,3h_SI2,3h,SI2,3.98646
-9.743429,0.7545131,13.12349,7.5712624,12.085141,-1.4472536,N900_RS13370,galE,1.0748581166666669,-1.3077,4.2426,6h_SI1,6h,SI1,3h_SI1,3h,SI1,5.5503
4.6523867,-14.592895,2.7365072,11.127864,6.590971,7.1934686,N900_RS13375,wbeV,-0.9897135666666668,-3.0407,0.94208,12h_SI7,12h,SI7,12h_st,12h,st,3.98278
3.520145,-14.786659,3.9208045,10.739038,6.2074394,7.3405533,N900_RS13380,wbeU,-2.9383036666666658,-4.9696,-0.96388,12h_SI7,12h,SI7,3h_st,3h,st,4.00572
2.9963422,2.2191434,4.8558745,3.8350797,11.534692,12.375283,N900_RS13385,wbeT,-0.24073883333333337,-3.1617,4.593,12h_SI8,12h,SI8,3h_SI3,3h,SI3,7.7547
3.3439128,-15.371573,4.205322,11.460957,6.6166816,8.141529,N900_RS13400,wbeO,-2.7120946666666668,-4.8062,-0.5641,12h_SI9,12h,SI9,3h_st,3h,st,4.2421
-0.53963566,-11.997178,5.4315214,14.04393,1.371153,6.0816717,N900_RS13405,wbeN,-3.3459535,-5.3127,2.5039,6h_SI9,6h,SI9,1h_SI1,1h,SI1,7.8166
4.986319,-12.467235,4.6009526,7.7176795,3.6134703,14.022839,N900_RS13410,wbeM,-2.982940833333333,-5.7015,2.3756,12h_SI7,12h,SI7,1h_st,1h,st,8.0771
2.5435333,-11.461616,6.65697,12.809309,5.1577845,8.115247,N900_RS13415,wbeL,-2.8704656666666666,-5.6369,2.8601,12h_SI7,12h,SI7,6h_SI2,6h,SI2,8.497
-2.8793895,-8.915006,8.111551,14.44235,3.2166393,8.307965,N900_RS13420,wbeK,-2.5773265000000003,-5.442,4.5768,6h_SI9,6h,SI9,3h_SI3,3h,SI3,10.0188
4.0841603,-15.400855,3.5923615,10.868202,9.567983,5.118621,N900_RS13425,wzt,0.6918762166666667,-1.1952,2.9109,6h_SI9,6h,SI9,12h_st,12h,st,4.1061
4.1892295,-15.360917,3.5138912,10.763786,9.588078,5.1242137,N900_RS13430,wzm,1.0132459500000002,-0.88559,3.2263,6h_SI9,6h,SI9,12h_st,12h,st,4.11189
4.1785345,-14.515741,3.1077769,11.209832,6.496155,7.6448135,N900_RS13435,wbeG,-1.9749488833333333,-4.2216,-0.051843,6h_SI9,6h,SI9,6h_st,6h,st,4.169757
0.41536564,-14.412444,1.43442,10.378873,4.90705,9.364115,N900_RS13440,wbeE,-3.0111183333333327,-5.4353,2.1526,12h_ce,12h,ce,3h_st,3h,st,7.587899999999999
4.3084707,-12.358266,5.076295,7.7970757,4.167868,13.115151,N900_RS13445,gmd,-3.0468003666666665,-5.5772,3.4367,12h_SI7,12h,SI7,1h_st,1h,st,9.0139
2.5062554,-8.607727,5.1343694,6.569856,5.633196,13.10527,N900_RS13450,manB,-4.000066333333334,-6.6305,0.07236,12h_ce,12h,ce,12h_SI3,12h,SI3,6.702859999999999
4.2380586,-13.299794,5.093892,9.384438,3.1742663,13.013542,N900_RS13455,manC,-3.6541778333333332,-6.1014,0.69433,12h_ce,12h,ce,1h_st,1h,st,6.79573
3.43617,-15.063536,3.8142312,10.50288,8.859922,4.6239586,N900_RS13460,hldD,-1.9650113500000002,-4.0009,0.11205,6h_SI9,6h,SI9,12h_st,12h,st,4.11295
3.9985232,-14.697969,3.5090253,10.862442,9.034224,5.1229477,N900_RS13465,wavL,-1.9648646666666665,-3.9136,0.11049,6h_SI9,6h,SI9,3h_SI1,3h,SI1,4.02409
-6.0282445,-12.470651,11.544232,12.216585,12.636071,-0.6263603,N900_RS13470,wavK,0.9188825166666666,-0.46241,4.8291,6h_SI9,6h,SI9,6h_SI2,6h,SI2,5.291510000000001
3.6769898,-13.7300625,3.2786813,10.6334305,8.5257015,4.3482313,N900_RS13475,waaL,-1.3633785500000002,-3.3852,1.1643,6h_SI9,6h,SI9,1h_co,1h,co,4.5495
4.1004953,-15.278246,3.0381122,10.792342,9.335171,5.004823,N900_RS13480,waaF,1.9071714666666668,0.091034,4.0541,12h_ce,12h,ce,12h_st,12h,st,3.963066
2.7809713,-2.6314688,8.402792,13.030083,8.500675,-6.173117,N900_RS13485,wavJ,1.6937460833333333,0.064504,4.5865,3h_SI2,3h,SI2,3h_SI1,3h,SI1,4.521996
4.444003,-7.2344794,4.619444,10.041538,11.82457,0.11585182,N900_RS13490,wavI,1.2794988166666668,-0.12819,4.0571,6h_ce,6h,ce,6h_SI3,6h,SI3,4.18529
-2.3768501,-7.183446,11.788361,12.577998,12.394633,-1.2753885,N900_RS13500,wavH,1.5190682666666668,-0.063664,5.2419,6h_st,6h,st,3h_SI1,3h,SI1,5.305564
-2.045789,-7.335924,14.105639,10.412186,10.3814745,-4.2246265,N900_RS13505,wavG,1.8312406666666667,-0.11385,5.362,1h_SI8,1h,SI8,3h_SI2,3h,SI2,5.47585
-7.8089833,-9.475231,9.664499,6.5103254,13.264204,2.1271265,N900_RS13510,wavF,0.8563987666666667,-0.74888,3.4956,3h_SI9,3h,SI9,1h_ce,1h,ce,4.24448
3.7725859,5.764019,12.550454,-1.9692738,6.8326435,0.5241704,N900_RS13515,wavE,0.9671690551666665,-0.82605,3.3349,6h_SI1,6h,SI1,1h_SI1,1h,SI1,4.16095
-0.13063082,-1.7176905,5.9612303,8.248908,12.45184,5.97546,N900_RS13520,wavD,0.31474595,-1.1492,4.3506,1h_ce,1h,ce,12h_SI1,12h,SI1,5.4998000000000005
3.9254723,-15.163013,3.4281244,10.658387,9.453321,4.974701,N900_RS13530,waaC,-0.7372904999999998,-2.6179,1.4041,12h_SI7,12h,SI7,12h_st,12h,st,4.022
4.550862,-14.342841,2.7980137,11.123317,9.201705,5.6501813,N900_RS13535,wavB,0.8346073950000001,-1.1964,2.9097,6h_SI9,6h,SI9,12h_st,12h,st,4.1061
4.0336447,-15.505334,3.6565888,10.8954,9.565628,5.115495,N900_RS13540,wavA,0.6049005,-1.2763,2.8374,6h_SI9,6h,SI9,12h_st,12h,st,4.1137
-0.22735581,-4.764446,10.551031,10.986091,5.2271557,-5.036655,N900_RS13550,mutM,0.9275039166666665,-0.66165,3.542,12h_st,12h,st,3h_SI5,3h,SI5,4.20365
-6.677117,0.33301276,9.787078,10.869024,6.625021,1.2668804,N900_RS13555,N900_RS13555,0.4422515766666667,-1.4544,3.5515,6h_SI1,6h,SI1,3h_SI1,3h,SI1,5.0059
-3.3428109,0.7151433,9.812593,10.28882,-4.701671,-3.4515574,N900_RS13570,VC0395_A2597_BLAST,-0.30100998333333334,-2.0492,2.6107,24h_SI1,24h,SI1,6h_SI4,6h,SI4,4.6599
-10.035749,0.56415737,15.476564,9.560833,5.586971,-0.86963814,N900_RS13575,methyl-accepting chemotaxis protein_10,0.4989637033333334,-1.3613,4.3723,6h_SI5,6h,SI5,3h_SI4,3h,SI4,5.7336
0.5256448,6.498122,5.069059,-7.457059,-3.174293,2.0409765,N900_RS13585,slmA,-0.9162402166666667,-2.8701,2.0753,6h_co,6h,co,12h_SI2,12h,SI2,4.945399999999999
-0.018312693,-3.7137463,2.6872597,6.6728315,1.2695787,1.7362368,N900_RS13595,lpxN,-0.2667497483333333,-2.0432,2.5435,12h_SI9,12h,SI9,1h_ce,1h,ce,4.5867
4.336188,-6.101923,5.3821964,13.012541,7.6751904,8.562108,N900_RS13600,pyrE,0.1254596166666667,-3.2286,3.3121,6h_SI7,6h,SI7,3h_SI2,3h,SI2,6.5407
-3.4748542,-5.2119503,13.636784,5.8701253,0.07363541,-6.5087223,N900_RS13605,rph,0.9659568850000001,-1.2992,6.2184,3h_SI8,3h,SI8,6h_SI3,6h,SI3,7.5176
4.74512,2.850448,11.601391,9.432742,7.8591185,1.3531486,N900_RS13610,yicc,-0.15596675000000004,-2.5024,2.8169,6h_SI8,6h,SI8,1h_SI1,1h,SI1,5.3193
-0.09372768,-3.774662,4.630076,12.454288,6.3844957,1.823099,N900_RS13615,VC0395_A2587_BLAST,-0.08262953333333331,-1.5074,2.6238,24h_ce,24h,ce,3h_SI1,3h,SI1,4.1312
-3.1001794,-8.023591,5.8580484,3.2825792,14.689295,6.9422975,N900_RS13620,murP,1.5936159666666667,-0.43165,4.4736,6h_st,6h,st,12h_SI2,12h,SI2,4.9052500000000006
6.993593,-4.405059,7.0727205,4.1391535,-2.801455,-1.9916725,N900_RS13625,murQ_2,-0.002268183333333363,-1.1954,4.8644,3h_SI2,3h,SI2,1h_ce,1h,ce,6.0598
-6.101902,-11.016274,8.519628,9.462189,10.669195,1.2348627,N900_RS13635,murr,0.8977721333333334,-0.59486,3.9229,3h_SI3,3h,SI3,3h_SI4,3h,SI4,4.51776
-0.58017385,-6.333754,11.582339,11.292806,14.385675,2.0197155,N900_RS13640,fhuB,1.4736744166666667,0.010116,4.3813,1h_SI8,1h,SI8,12h_SI1,12h,SI1,4.371184
-4.075047,-0.5716559,5.0586767,-9.648684,9.386937,2.828718,N900_RS13645,fhuD,1.056607975,-0.90501,5.7558,6h_SI1,6h,SI1,1h_st,1h,st,6.66081
0.046316788,-9.527472,9.780395,9.29063,10.0109625,-6.8402853,N900_RS13650,fhuC,1.3391671833333334,-0.472,3.9063,1h_SI6,1h,SI6,6h_SI4,6h,SI4,4.378299999999999
-7.0145698,-9.554411,8.284719,4.9647856,10.819084,-6.7631483,N900_RS13655,TonB-dependent siderophore receptor,1.1440190083333335,-0.35491,4.0015,12h_st,12h,st,6h_SI3,6h,SI3,4.35641
2.9324002,-5.8399143,9.929412,12.196643,4.086791,-3.212148,N900_RS13660,ABC transporter ATP-binding protein_1,0.5573293500000002,-0.94227,2.9569,3h_st,3h,st,6h_SI4,6h,SI4,3.8991700000000002
-5.633946,-12.678382,5.5558987,-1.1464247,6.937202,2.315642,N900_RS13665,N900_RS13665,1.6182075499999997,-0.044267,5.3648,1h_co,1h,co,3h_SI2,3h,SI2,5.409066999999999
2.5239458,-8.618508,7.814866,12.457025,9.792768,-6.9254827,N900_RS13670,gene 3 protein-related protein,1.2588427150000001,-0.54236,5.1644,6h_co,6h,co,6h_SI2,6h,SI2,5.706759999999999
-7.50494,-9.716027,12.300188,12.0291,10.484406,-0.048907954,N900_RS13675,recQ,0.610150245,-0.82932,3.6314,6h_ce,6h,ce,3h_SI3,3h,SI3,4.46072
-1.2850015,3.569318,8.962905,11.486517,12.746787,-1.8871795,N900_RS13680,rarD,0.6831550666666665,-1.0584,3.3903,6h_st,6h,st,12h_SI2,12h,SI2,4.4487
2.5021784,-12.45008,10.5857525,4.7823095,7.094618,-0.20978302,N900_RS13685,ggt,0.8709455399999999,-0.53061,4.3628,3h_SI1,3h,SI1,3h_SI3,3h,SI3,4.89341
-0.87921834,-4.6716466,13.111846,10.1393795,12.021082,-0.61574686,N900_RS13690,rhaS_2,1.3383161166666668,-0.081784,3.945,1h_SI1,1h,SI1,3h_SI4,3h,SI4,4.026784
-10.916287,-9.098205,10.009083,4.279424,13.699156,-4.436948,N900_RS13695,rhtC,1.5411963166666665,0.075599,4.5505,12h_st,12h,st,6h_ce,6h,ce,4.474901
-1.133343,-11.7056465,9.986543,12.694727,8.313234,-1.6233596,N900_RS13700,uvrD,-0.15990124999999997,-2.1119,3.4907,6h_SI7,6h,SI7,3h_SI1,3h,SI1,5.6026
-1.4352838,-5.400303,9.368132,9.181386,10.682462,-3.601127,N900_RS13705,prlC,0.6384195333333333,-0.89667,4.1254,6h_SI2,6h,SI2,3h_SI2,3h,SI2,5.02207
-2.2637606,-12.038346,1.6593053,9.74371,1.3908564,-1.982121,N900_RS13710,rlmj,0.39350267666666666,-0.94093,3.945,12h_ce,12h,ce,1h_ce,1h,ce,4.88593
-5.2736406,-3.5432942,5.6934786,2.288623,10.63563,5.130213,N900_RS13715,gorA,0.20930418333333337,-1.5688,3.9834,3h_SI8,3h,SI8,12h_SI2,12h,SI2,5.5522
-2.6123073,-0.052835744,11.053488,2.1373844,8.301716,1.9735327,N900_RS13720,site-specific integrase,0.9551668966666664,-0.90028,3.9172,3h_ce,3h,ce,3h_SI3,3h,SI3,4.81748
-7.8811646,-11.807951,4.745581,3.5662558,2.2455785,8.570378,N900_RS13725,N900_RS13725,-0.012123638333333294,-3.2666,5.2063,3h_SI9,3h,SI9,3h_st,3h,st,8.4729
-8.833476,-2.8909335,16.93629,12.737735,12.398979,-5.321959,N900_RS13730,N900_RS13730,0.6004542133333335,-1.0513,3.8104,12h_st,12h,st,3h_SI1,3h,SI1,4.8617
-7.1365166,0.31663868,13.375651,10.686896,4.982093,-6.7885866,N900_RS13735,kfrA_1,1.3156960666666668,-0.90994,4.9703,3h_ce,3h,ce,6h_SI4,6h,SI4,5.88024
-0.3012745,8.631058,6.697686,-4.6083484,-4.5718083,6.676218,N900_RS13740,cap3_BLAST,-0.36628865000000005,-2.266,1.6321,6h_SI3,6h,SI3,3h_SI5,3h,SI5,3.8981000000000003
-1.1143842,-8.799307,10.648916,-1.297504,3.9780478,-7.9353924,N900_RS13745,cap2_BLAST,0.11527100000000004,-1.5725,2.6307,3h_SI1,3h,SI1,6h_st,6h,st,4.2032
-6.098656,5.745145,18.419382,2.690427,4.1669264,-1.327823,N900_RS13750,dncV,0.8405079333333334,-1.1486,6.1476,6h_SI2,6h,SI2,3h_SI5,3h,SI5,7.2962
-8.865457,-1.1585659,16.071108,7.177873,1.3059096,-5.9728365,N900_RS13755,capV,0.39281071666666667,-1.267,2.6241,12h_st,12h,st,3h_SI5,3h,SI5,3.8911
0.6083284,6.4037867,12.910893,2.6891606,-10.053814,1.4360638,N900_RS13765,vspR,-0.28234970000000004,-2.5439,3.4677,12h_SI2,12h,SI2,1h_SI1,1h,SI1,6.0116
0.04666295,-6.131114,12.916231,11.925672,10.84615,-6.5532675,N900_RS13770,XRE family transcriptional regulator_8,1.3509474383333335,-0.62392,4.5366,1h_SI2,1h,SI2,3h_SI3,3h,SI3,5.16052
-13.3406,-6.9884896,6.7804594,8.505964,9.766168,2.5410395,N900_RS13780,tadA_2,1.1965509150000004,-2.5128,5.2304,3h_SI9,3h,SI9,3h_SI1,3h,SI1,7.7432
2.7806175,-1.8460059,12.124931,7.4238195,2.8027208,-1.9267149,N900_RS13785,sporulation protein,0.33894844999999996,-1.413,3.9865,12h_SI1,12h,SI1,6h_SI1,6h,SI1,5.3995
3.9472635,-13.045374,3.4850056,1.0043449,4.8119893,2.0540638,N900_RS13790,dppC_2,0.6997656166666667,-0.77184,3.6663,3h_SI1,3h,SI1,6h_SI4,6h,SI4,4.43814
-0.4534524,-13.33338,0.8857127,4.810031,12.454875,1.0015152,N900_RS13795,dppB_2,1.1110482033333333,-0.34943,3.9019,3h_SI4,3h,SI4,3h_st,3h,st,4.25133
-4.45141,2.1107988,14.897911,15.982542,9.200842,-2.3721116,N900_RS13800,dppA,0.6043597154999999,-1.1705,4.5057,3h_SI2,3h,SI2,3h_SI1,3h,SI1,5.6762
-0.887123,-17.884613,4.9935637,10.11115,7.4034586,-1.408595,N900_RS13805,nikE,0.7105366,-0.71176,4.2195,12h_SI6,12h,SI6,6h_st,6h,st,4.93126
-0.4987027,3.4796336,11.265532,-1.165445,14.8224125,-3.8267326,N900_RS13810,N900_RS13810,1.507156,-0.47938,4.8121,12h_co,12h,co,3h_SI3,3h,SI3,5.29148
1.1977955,1.3235945,8.971726,4.6523876,-4.039226,-6.194147,N900_RS13815,N900_RS13815,0.8224652833333335,-1.0476,4.8728,1h_SI2,1h,SI2,1h_ce,1h,ce,5.9204
-0.5849146,-5.41052,10.603767,11.897826,11.152102,-7.072635,N900_RS13845,cytochrome c5,0.8224930666666666,-0.71261,3.8675,3h_SI9,3h,SI9,6h_SI3,6h,SI3,4.58011
2.8265042,5.3067174,3.7356675,3.83093,13.914559,-2.4588954,N900_RS13855,TetR/AcrR family transcriptional regulator_3,1.7889829999999998,-0.3134,7.6653,1h_SI9,1h,SI9,12h_SI1,12h,SI1,7.9787
-3.9717636,-5.3833356,14.950596,7.7796736,13.685239,1.1239693,N900_RS13860,vexA,0.42610364833333336,-1.029,4.4229,12h_co,12h,co,3h_SI3,3h,SI3,5.4519
-4.527386,-4.6656194,15.615412,10.533169,9.4244995,-2.0654724,N900_RS13865,vexB,0.32584065,-1.3903,2.5249,12h_co,12h,co,3h_SI4,3h,SI4,3.9152000000000005
0.8377698,2.4956825,12.680007,6.581914,-4.0147924,-0.46462283,N900_RS13870,ubik,0.29924676999999994,-1.6261,3.0796,24h_SI4,24h,SI4,6h_SI4,6h,SI4,4.7057
2.6640341,4.296176,9.434418,-0.059037447,8.189903,2.4350564,N900_RS13875,ilvC,0.5447198899999999,-1.2646,3.183,6h_SI1,6h,SI1,3h_SI3,3h,SI3,4.4475999999999996
1.4882157,-3.5644467,6.30604,9.221107,0.057382658,-8.277729,N900_RS13880,ilvY,1.4249721666666668,-0.45434,4.9543,12h_SI1,12h,SI1,12h_SI2,12h,SI2,5.40864
-6.2309766,-10.469427,0.28104737,-8.232537,13.182628,-0.4377409,N900_RS13930,trkh,0.7487742666666668,-0.61164,4.2678,3h_SI1,3h,SI1,6h_ce,6h,ce,4.879440000000001
3.0895007,-10.3217,8.367238,11.520824,8.828345,2.072723,N900_RS13935,yigz,1.08656755,-0.23302,4.1182,12h_SI6,12h,SI6,6h_SI1,6h,SI1,4.35122
-3.2851818,-13.196901,9.645578,7.84376,14.110786,1.8768224,N900_RS13940,fadB,1.3395911833333334,-0.20328,5.0256,1h_SI5,1h,SI5,12h_SI3,12h,SI3,5.22888
3.6448746,-7.043582,12.167498,7.861257,10.623711,-1.6038399,N900_RS13945,fadA,1.1787979433333333,-0.73823,4.1966,1h_SI9,1h,SI9,3h_SI3,3h,SI3,4.93483
1.4677981,-11.129385,12.040106,13.659058,7.925067,-3.615224,N900_RS13950,lysr_4,0.9707766833333334,-0.46812,3.2365,6h_SI9,6h,SI9,3h_SI4,3h,SI4,3.70462
-2.1843684,-0.32284608,5.6399355,-10.452011,9.273989,4.4980717,N900_RS13955,ydhC_1,0.5400709666666667,-1.3602,3.7433,6h_SI1,6h,SI1,1h_st,1h,st,5.1035
4.02273,-15.580066,3.7610803,10.910463,9.595331,5.128651,N900_RS13970,atpD,1.8269213333333334,-0.049386,4.0457,12h_SI7,12h,SI7,12h_st,12h,st,4.095086
4.2281227,-15.296533,3.3261309,10.811997,9.455393,5.271409,N900_RS13985,atpH,1.852862533333333,-0.063004,4.044,6h_SI9,6h,SI9,12h_st,12h,st,4.107004
4.193439,-15.07199,2.9007833,10.918533,9.309244,5.855483,N900_RS14005,F0F1 ATP synthase subunit I,1.5145904899999998,-0.40903,3.6977,6h_SI9,6h,SI9,12h_st,12h,st,4.106730000000001
-0.8981228,-10.376993,0.94313765,4.111831,10.138818,8.439018,N900_RS14010,parb,0.30547388333333336,-1.2964,3.6641,1h_SI1,1h,SI1,3h_st,3h,st,4.9605
5.518436,-1.6529052,4.1675625,5.646059,11.1920395,3.9308078,N900_RS14015,soj_2,0.43645506666666667,-1.4499,3.359,6h_ce,6h,ce,6h_SI3,6h,SI3,4.8088999999999995
2.366603,-14.331001,1.3615087,5.4546957,8.494379,9.723694,N900_RS14020,rsmG,0.8653707,-1.0019,5.144,6h_SI5,6h,SI5,3h_st,3h,st,6.1459
4.402161,-12.410721,1.7827215,11.0997505,7.1777864,4.7009788,N900_RS14025,mnmG,0.914949145,-1.1281,3.4867,12h_SI7,12h,SI7,1h_co,1h,co,4.6148
-0.9806644,6.035576,2.8828418,1.9039803,13.627825,-1.0875733,N900_RS14040,N900_RS14040,1.121831533333333,-1.4421,5.3405,3h_SI7,3h,SI7,12h_SI1,12h,SI1,6.7825999999999995
1.0916886,-5.711633,10.287325,4.561074,10.758871,-2.4099958,N900_RS14045,N900_RS14045,1.3447848000000002,-0.72047,3.5925,1h_SI1,1h,SI1,12h_SI2,12h,SI2,4.31297
-0.3494538,-2.5452929,10.650707,4.90229,9.26211,3.27218,N900_RS14050,N900_RS14050,1.1295556666666668,-0.42688,4.652,1h_SI5,1h,SI5,3h_SI4,3h,SI4,5.07888
-1.6072308,-0.59492606,1.2770374,11.672962,6.6595097,7.9089704,N900_RS14055,yeeN,-0.21328253333333333,-2.0037,3.8804,12h_SI6,12h,SI6,3h_SI1,3h,SI1,5.8841
-7.8011045,-11.30612,10.843499,10.288727,8.448268,1.0493783,N900_RS14060,garR,0.83350775,-0.46205,4.0271,24h_SI6,24h,SI6,3h_SI2,3h,SI2,4.4891499999999995
0.24923578,-6.789157,10.64061,13.924002,5.3970637,-6.5248156,N900_RS14065,pctC_2,0.8414530233333333,-0.45933,4.2575,3h_SI3,3h,SI3,3h_SI1,3h,SI1,4.71683
-1.1348695,0.054863635,0.8314021,4.253207,11.191229,-3.9631078,N900_RS14070,N900_RS14070,0.75824424,-0.59925,3.5981,24h_ce,24h,ce,12h_st,12h,st,4.19735
7.9295974,2.3173666,6.2478013,6.6473203,7.4577208,2.2233279,N900_RS14075,yibl,1.0080855,-1.1669,5.9055,6h_SI5,6h,SI5,1h_SI1,1h,SI1,7.0724
-4.1133037,-3.2233396,12.697133,13.318602,12.153518,-0.9121213,N900_RS14080,malT,0.2650877533333333,-1.1062,3.4638,1h_st,1h,st,3h_SI1,3h,SI1,4.57
-2.1157503,-4.257037,6.9394827,7.8444552,10.691195,-4.686226,N900_RS14085,glgP,0.6286433583333334,-1.4369,4.3218,1h_SI1,1h,SI1,12h_SI2,12h,SI2,5.758699999999999
4.3859797,-6.5220056,10.088539,6.3438764,8.577204,-0.92574865,N900_RS14090,malQ,0.04984814999999995,-2.6767,3.5834,3h_ce,3h,ce,3h_SI4,3h,SI4,6.2600999999999996
2.398063,-5.998638,7.438048,12.99176,10.874057,0.06507775,N900_RS14095,glgB,0.15731536666666665,-1.5922,3.868,12h_SI8,12h,SI8,12h_SI1,12h,SI1,5.4602
-6.468332,-3.5421062,11.161019,11.548698,4.260242,-6.350103,N900_RS14100,hcp-2_D2,1.4068073783333332,-0.68918,5.9445,1h_ce,1h,ce,3h_SI1,3h,SI1,6.63368
-3.7314541,-5.966551,8.271906,-0.9833348,2.7046795,7.5280747,N900_RS14105,tssI_3,0.7351923199999999,-0.7347,3.9088,12h_SI3,12h,SI3,6h_SI5,6h,SI5,4.6434999999999995
0.801884,7.109324,6.5328546,4.6688156,11.05318,3.3372698,N900_RS14110,vasW,0.36201496666666666,-1.1282,3.8115,6h_SI2,6h,SI2,3h_SI3,3h,SI3,4.9397
-6.6607823,-10.227949,6.9774914,6.027155,15.379221,1.3741163,N900_RS14115,vasX,1.2359959883333334,-0.1635,4.3322,6h_SI6,6h,SI6,3h_st,3h,st,4.4957
4.7651772,2.9991033,-3.7625866,6.913122,6.5556183,1.3218627,N900_RS14120,tsiV2,4.096882,0.11084,8.2591,1h_SI6,1h,SI6,3h_SI1,3h,SI1,8.14826
-2.195923,-5.60041,6.7262177,2.0201726,13.054372,-0.011244547,N900_RS14125,yecN,1.00577391,-0.30655,4.4348,12h_SI6,12h,SI6,12h_st,12h,st,4.74135
-4.054587,-15.297859,8.048809,6.243199,12.8622055,-3.655495,N900_RS14130,acyltransferase_2,1.3314903550000001,-0.2348,4.4552,1h_SI7,1h,SI7,6h_SI4,6h,SI4,4.6899999999999995
-2.595917,-5.1350074,16.764484,6.8791137,2.6419945,-4.074199,N900_RS14135,AEC family transporter_2,0.9350201166666668,-0.34522,4.4249,3h_SI4,3h,SI4,6h_SI4,6h,SI4,4.77012
1.6149231,-7.4520903,10.93101,1.4870306,9.269289,1.3071451,N900_RS14140,nadC_2,1.1104935833333334,-0.50588,4.9344,1h_co,1h,co,1h_ce,1h,ce,5.4402800000000004
2.8510578,-11.03254,8.477258,6.9724736,2.5614564,-3.860608,N900_RS14145,VC_A0026_BLAST,0.04201380000000001,-1.2912,3.3699,3h_SI3,3h,SI3,1h_ce,1h,ce,4.661099999999999
10.154258,3.017909,5.0402355,3.3048708,5.718885,-3.4787297,N900_RS14150,chiA,1.3953386833333332,-2.0236,6.5227,1h_SI9,1h,SI9,6h_SI2,6h,SI2,8.5463
1.1801914,-2.352026,14.308114,7.5268874,2.9913192,0.49695507,N900_RS14155,N900_RS14155,1.2130304,-1.4635,5.5767,3h_SI9,3h,SI9,3h_SI4,3h,SI4,7.0402
-0.06185013,-6.4310317,13.330777,3.770942,8.541073,9.137701,N900_RS14160,allR,0.5613676083333332,-0.77726,3.9757,6h_SI4,6h,SI4,1h_st,1h,st,4.75296
-8.75577,-13.211364,7.73886,6.8224673,14.379323,1.8188996,N900_RS14165,arginase,1.130003333333333,-0.44062,4.7192,6h_st,6h,st,3h_st,3h,st,5.15982
5.1231823,0.15273881,4.8688817,12.816301,9.254467,-1.5740559,N900_RS14170,methyl-accepting chemotaxis protein_28,1.5216250500000001,-0.26404,5.5516,3h_SI5,3h,SI5,6h_SI2,6h,SI2,5.815639999999999
2.9102802,-8.561325,11.368927,10.818292,10.6797,-7.209622,N900_RS14175,N900_RS14175,1.3930639833333334,-1.0548,4.3846,1h_SI6,1h,SI6,6h_st,6h,st,5.4394
-0.5101363,-3.5803223,14.293705,-0.56231296,11.167385,0.39796755,N900_RS14180,PhoX family phosphatase,0.8199696833333333,-1.3546,3.0712,6h_SI1,6h,SI1,6h_SI3,6h,SI3,4.425800000000001
-1.9920964,-7.2748475,10.558192,12.689542,10.94036,-1.1004151,N900_RS14185,N900_RS14185,1.4348491833333332,-0.4149,4.1307,1h_SI9,1h,SI9,6h_SI4,6h,SI4,4.5456
5.0920153,1.4721645,7.085229,16.305117,-0.43054608,-4.9710546,N900_RS14190,"phosphatidylglycerophosphatase B, putative",0.2620648016666667,-1.1722,4.4664,6h_SI9,6h,SI9,1h_SI1,1h,SI1,5.6386
-7.4790854,-6.876421,10.204989,5.705719,12.063219,-2.0805628,N900_RS14195,sstT,1.32177243,-0.44535,5.042,1h_SI3,1h,SI3,1h_SI1,1h,SI1,5.48735
-10.503735,-4.0703416,9.2251835,6.2952123,13.707024,2.2116983,N900_RS14200,copper chaperone PCu(A)C,1.1888663833333335,-0.38079,4.8714,12h_SI3,12h,SI3,3h_SI5,3h,SI5,5.252190000000001
2.9219098,-1.9262345,8.667325,-3.8316941,8.378107,-3.519593,N900_RS14205,Sco1-related protein,0.76688455,-1.2568,4.83,24h_SI1,24h,SI1,3h_SI2,3h,SI2,6.0868
-14.2930355,1.9157093,12.882462,8.175818,1.514251,-6.886905,N900_RS14210,N900_RS14210,1.1871019333333335,-1.7846,6.4076,3h_SI9,3h,SI9,3h_SI1,3h,SI1,8.1922
6.913828,-5.429398,0.69834304,9.993472,4.33785,7.913272,N900_RS14215,VC_A0040_BLAST,-0.48501354499999993,-3.2327,4.0344,12h_SI9,12h,SI9,1h_co,1h,co,7.267099999999999
2.078905,-4.5208163,8.288698,10.764234,1.1455876,2.620604,N900_RS14220,gltS,0.662897855,-1.1081,5.2975,12h_SI5,12h,SI5,6h_SI1,6h,SI1,6.405600000000001
2.1343708,2.1887963,7.490849,13.505381,6.429633,-1.7719085,N900_RS14225,VC_A0042_BLAST,1.1228020749999998,-0.20752,4.2799,3h_SI4,3h,SI4,6h_SI2,6h,SI2,4.487419999999999
-2.2621007,-10.8622465,0.32805556,0.9021927,12.813422,8.546844,N900_RS14230,N-acetyltransferase_7,-0.3235655166666666,-2.6091,5.0117,3h_SI7,3h,SI7,3h_st,3h,st,7.620800000000001
6.362161,2.965072,7.3429418,10.632154,3.5854666,-4.2039723,N900_RS14235,tolB_2,0.6310261366666664,-0.67938,3.6592,3h_SI4,3h,SI4,12h_st,12h,st,4.338579999999999
-3.903872,-8.162183,8.506794,12.038913,11.964816,0.50871485,N900_RS14240,yiaV,1.1827708500000003,-0.61662,4.5218,24h_SI9,24h,SI9,3h_SI1,3h,SI1,5.13842
0.10569654,-2.3374393,12.273721,12.522248,10.443273,4.0702868,N900_RS14245,yiaW,0.22807693333333334,-1.5059,3.7472,6h_SI8,6h,SI8,3h_SI4,3h,SI4,5.2531
3.5016928,2.3892083,10.095899,0.3628451,11.791453,0.72292495,N900_RS14250,N900_RS14250,1.0387749216666666,-0.70972,4.0651,1h_SI1,1h,SI1,3h_SI3,3h,SI3,4.77482
-3.3294973,-7.1695952,8.751405,8.506202,10.532995,0.16515905,N900_RS14255,N900_RS14255,0.9176737833333332,-0.40458,4.1073,3h_SI4,3h,SI4,3h_SI3,3h,SI3,4.511880000000001
-0.6460538,-6.6780195,4.558796,4.159764,-0.5373884,-11.605901,N900_RS14260,N900_RS14260,-0.04916328333333332,-1.5291,4.0534,12h_SI5,12h,SI5,6h_st,6h,st,5.5825
-8.010943,-13.018879,7.994702,7.3593755,13.78942,-0.9996195,N900_RS14265,deoD_2,1.0826106466666665,-0.30296,3.7815,12h_SI7,12h,SI7,3h_st,3h,st,4.08446
4.3066573,3.5897248,4.579306,8.48731,-3.2535486,-9.142179,N900_RS14270,N900_RS14270,1.1842070666666666,-1.9137,6.0111,1h_SI7,1h,SI7,6h_SI4,6h,SI4,7.924799999999999
-2.5831516,-18.17055,6.501169,8.740704,4.9344954,-3.1331873,N900_RS14275,N900_RS14275,0.5589891283333334,-1.2648,4.0015,6h_SI9,6h,SI9,6h_st,6h,st,5.2663
-1.9549742,1.1622057,10.135077,10.553739,8.785814,-0.5934634,N900_RS14280,merr,0.29712685000000005,-1.2586,3.4417,24h_SI3,24h,SI3,12h_SI3,12h,SI3,4.7003
-7.6556287,-2.12782,15.8727045,11.72583,9.459557,0.8187315,N900_RS14285,phrB_2,0.23136890000000002,-1.3958,3.3095,6h_st,6h,st,3h_SI3,3h,SI3,4.705299999999999
3.5148304,-12.122897,2.653121,5.1953154,-3.8181305,-3.1814709,N900_RS14290,ycfS,-0.4082848666666667,-2.0012,3.5802,12h_SI2,12h,SI2,6h_st,6h,st,5.5814
-0.6718844,1.1987793,7.140338,4.3286347,7.5398526,2.2110617,N900_RS14295,lpp,0.6728104166666665,-1.6127,4.9548,6h_SI5,6h,SI5,3h_SI3,3h,SI3,6.5675
-6.158815,-12.691975,10.252137,8.702236,12.917714,-3.141944,N900_RS14310,ptrB,1.43388195,-0.054054,4.0928,3h_co,3h,co,3h_SI3,3h,SI3,4.146854
-3.076439,-3.2018952,16.889282,11.395528,10.452952,-0.49538454,N900_RS14315,tonb,0.9279087500000001,-0.55172,4.0346,6h_st,6h,st,1h_SI1,1h,SI1,4.586320000000001
-3.7608764,-9.350478,11.753378,10.186864,7.9722247,-0.0011994131,N900_RS14320,N900_RS14320,0.8257651666666667,-0.64958,4.1765,6h_SI4,6h,SI4,3h_SI2,3h,SI2,4.82608
-3.5268066,-6.8316884,12.148068,11.0052395,12.471864,-1.951041,N900_RS14325,N900_RS14325,0.9193572166666666,-0.51322,4.2215,24h_st,24h,st,3h_SI1,3h,SI1,4.734719999999999
-1.7511358,-6.2860436,10.404382,9.046413,11.167768,-1.0873588,N900_RS14330,hutR,0.8032932199999999,-0.50336,3.8902,1h_st,1h,st,12h_st,12h,st,4.39356
6.3440323,2.9634495,11.662863,8.726814,12.882736,1.9910774,N900_RS14335,methyl-accepting chemotaxis protein_26,0.10606090166666667,-1.3379,3.6943,3h_SI8,3h,SI8,3h_SI3,3h,SI3,5.0322000000000005
-3.339408,-16.207489,6.25327,8.575542,5.24293,-4.160707,N900_RS14340,pstS1_1,-0.09736410000000004,-2.3482,3.7203,3h_SI7,3h,SI7,3h_SI5,3h,SI5,6.0685
-10.0761795,-7.0579047,3.243135,4.4639235,15.37269,-1.6186354,N900_RS14345,pstC,0.6769671666666668,-1.5202,4.96,24h_co,24h,co,3h_st,3h,st,6.4802
5.525278,-3.793548,6.5807233,7.97471,-11.326284,2.7016914,N900_RS14350,pstA_2,-0.7363195333333333,-2.9854,3.1507,24h_st,24h,st,1h_ce,1h,ce,6.1361
-9.761303,-5.5480475,3.1921775,10.095316,6.604974,2.9814098,N900_RS14355,phosphate ABC transporter ATP-binding protein,-0.12751176666666664,-2.0726,4.0821,12h_SI5,12h,SI5,3h_SI1,3h,SI1,6.1547
-4.8074083,-9.347965,6.848068,5.9954934,8.968351,6.121219,N900_RS14360,N900_RS14360,0.35831196166666673,-1.311,3.3667,12h_st,12h,st,3h_st,3h,st,4.6777
0.5335007,-9.714838,11.275556,9.681614,13.169598,-0.58119214,N900_RS14365,molybdopterin-dependent oxidoreductase,1.2177329350000001,-0.37293,4.0644,1h_SI7,1h,SI7,3h_SI4,3h,SI4,4.43733
-1.2644099,-17.128624,4.615702,10.768713,5.2563987,2.7221909,N900_RS14370,N900_RS14370,0.39747275000000004,-1.4551,3.6045,6h_SI3,6h,SI3,3h_st,3h,st,5.0596
-1.9865236,-8.854819,11.288212,9.214309,10.933423,-4.557395,N900_RS14375,dauA,1.0196664816666667,-0.18046,3.7145,1h_st,1h,st,12h_SI1,12h,SI1,3.89496
7.3140283,-1.8411424,11.165797,3.32485,6.351457,5.3831034,N900_RS14380,"1,4-alpha-glucan-branching protein",0.25979,-0.94289,2.7666,12h_SI9,12h,SI9,3h_SI5,3h,SI5,3.7094899999999997
3.3852031,-2.5546792,14.157954,12.758119,2.4715645,3.5504332,N900_RS14385,shyA_BLAST,0.4839061516666667,-1.3066,3.7838,12h_SI3,12h,SI3,3h_SI3,3h,SI3,5.0904
2.9568896,-2.6560268,15.7272625,9.254565,3.4457445,-0.4092509,N900_RS14390,N900_RS14390,-0.2869692833333333,-1.5642,2.4019,12h_st,12h,st,3h_SI4,3h,SI4,3.9661
-1.2688426,-9.7324705,10.638032,9.026105,12.497787,3.6835449,N900_RS14395,pgrR,1.13096449,-0.32257,4.5955,6h_st,6h,st,6h_SI2,6h,SI2,4.91807
-0.73504865,-11.867297,8.577523,7.7034726,11.260102,3.001808,N900_RS14400,mdtL_2,1.4233319000000002,-0.099051,4.2219,1h_SI8,1h,SI8,24h_SI1,24h,SI1,4.320951
-2.3801565,-8.369278,10.815567,-1.8276347,-6.5812244,0.96359295,N900_RS14405,soxR,0.8360000499999999,-0.96073,5.2109,1h_SI6,1h,SI6,3h_SI2,3h,SI2,6.1716299999999995
-4.1035714,-16.131567,0.95233023,7.750626,8.271322,1.3542172,N900_RS14410,MFS transporter_3,0.5032763766666668,-1.0009,4.284,3h_ce,3h,ce,3h_st,3h,st,5.2848999999999995
3.8817453,-10.069003,8.005547,10.050377,7.823881,-2.2306468,N900_RS14415,N900_RS14415,1.1584876999999998,-1.0697,3.9942,3h_SI5,3h,SI5,6h_st,6h,st,5.0639
8.594848,-12.179372,6.2508583,2.5474555,2.8532262,0.34756416,N900_RS14425,gltP_2,1.0929080166666665,-0.17046,5.5217,1h_SI7,1h,SI7,6h_st,6h,st,5.69216
-5.540369,-14.576868,6.989704,4.3697367,9.639137,-5.0025682,N900_RS14430,eamA_9,1.0731716316666668,-0.079083,4.1533,24h_SI6,24h,SI6,6h_SI4,6h,SI4,4.232383
-8.644646,-10.613587,7.310384,3.8154604,8.496134,8.133185,N900_RS14435,VC_A0091_BLAST,-0.10999609166666666,-1.416,4.011,3h_SI1,3h,SI1,3h_st,3h,st,5.427
-0.047728345,-10.182762,10.556813,1.3030837,8.430318,-6.7082663,N900_RS14440,triacylglycerol lipase,0.9176072800000001,-0.55092,4.0328,3h_SI1,3h,SI1,6h_ce,6h,ce,4.58372
3.385162,-10.134877,9.240314,11.6009655,9.206302,-0.805022,N900_RS14455,N900_RS14455,1.1364730583333331,-0.32517,4.2464,1h_SI6,1h,SI6,6h_SI2,6h,SI2,4.57157
-4.1577797,-15.235965,7.670323,9.449605,11.0945425,-2.4372277,N900_RS14460,N900_RS14460,1.63304785,-0.055464,4.5747,1h_SI6,1h,SI6,3h_SI1,3h,SI1,4.630164
-4.849224,-1.6039323,9.875799,7.609964,10.935086,2.3941283,N900_RS14465,NUDIX hydrolase_1,0.07432992333333334,-1.4637,3.5777,24h_SI4,24h,SI4,3h_SI6,3h,SI6,5.0414
-5.490694,-4.1050262,11.0755205,2.6764073,8.468707,1.0795442,N900_RS14470,pncB,0.7233546166666667,-1.042,3.6516,1h_co,1h,co,1h_SI1,1h,SI1,4.6936
-3.769535,-4.438553,16.4613,9.679142,12.514972,-1.1807768,N900_RS14475,ydgJ,0.7585031666666667,-0.89777,3.7676,6h_st,6h,st,3h_SI3,3h,SI3,4.665369999999999
-2.784011,-7.854908,13.807772,10.3497,12.159368,-5.416435,N900_RS14480,phage shock protein E,1.328314295,-0.16801,5.0278,1h_SI8,1h,SI8,12h_SI2,12h,SI2,5.19581
4.7252417,-6.4323997,11.542164,8.929697,12.001974,-2.1056082,N900_RS14485,N900_RS14485,1.3514239333333333,-0.12221,4.0661,1h_SI6,1h,SI6,12h_SI1,12h,SI1,4.1883099999999995
-0.4985224,-12.351316,3.4171128,-2.7371454,8.451197,11.51258,N900_RS14490,HAD family phosphatase,0.6066659499999999,-1.021,4.004,6h_SI3,6h,SI3,3h_st,3h,st,5.0249999999999995
5.9330335,-10.644435,9.827475,4.4241104,3.0239718,-2.9089487,N900_RS14495,SulP family inorganic anion transporter_2,0.6758324533333334,-0.631,3.4462,6h_co,6h,co,6h_st,6h,st,4.0772
8.628539,-8.994198,5.7598014,3.979746,4.6367645,2.6326592,N900_RS14500,RluA family pseudouridine synthase,0.7282484348333333,-0.81402,2.9619,3h_SI3,3h,SI3,6h_st,6h,st,3.77592
-2.3957865,-3.231861,13.440511,10.93746,9.731228,-2.2839415,N900_RS14505,type VI secretion system PAAR protein_2,0.8331022499999997,-0.51853,3.3498,3h_st,3h,st,3h_SI2,3h,SI2,3.8683300000000003
-1.9854219,-7.172272,4.6792064,3.6601286,5.1051655,-10.806734,N900_RS14510,N900_RS14510,1.0286589099999999,-0.45981,4.7643,3h_SI3,3h,SI3,6h_st,6h,st,5.2241100000000005
4.8307905,1.3433522,9.023854,2.7727652,-6.5881886,2.2061179,N900_RS14515,tssB,-0.06134811666666665,-1.6234,2.6234,12h_SI2,12h,SI2,6h_SI3,6h,SI3,4.2468
-4.451285,-2.6686132,7.8005238,9.934019,9.066122,-4.510627,N900_RS14520,tssC,1.0157486166666667,-0.40848,4.101,3h_SI3,3h,SI3,3h_SI2,3h,SI2,4.50948
-10.517041,4.759253,1.9943917,-0.34678832,14.162137,-3.8591506,N900_RS14525,tssE,0.7856473333333334,-1.6346,6.3144,3h_SI6,3h,SI6,6h_ce,6h,ce,7.949
8.958189,-10.908058,3.6508474,9.280383,4.4959335,-0.66553986,N900_RS14530,tssF,0.6000147499999999,-0.90889,5.7526,6h_SI7,6h,SI7,6h_st,6h,st,6.661490000000001
-1.233416,-7.936216,14.298525,12.20582,4.3794208,-3.4275217,N900_RS14535,tssG,0.8065484500000001,-0.7013,4.1828,6h_ce,6h,ce,6h_SI3,6h,SI3,4.8841
-0.5700647,-11.971371,9.405512,10.193569,10.305845,0.6179262,N900_RS14540,tagH,0.8445806916666666,-0.33497,3.9672,24h_ce,24h,ce,3h_SI2,3h,SI2,4.30217
-0.76307684,-3.9992607,16.09094,4.771622,11.08867,-2.6204526,N900_RS14545,tssJ,1.53965285,-0.58724,4.3562,3h_SI9,3h,SI9,3h_SI6,3h,SI6,4.943440000000001
-2.7766588,-5.1858296,7.533238,6.052641,10.298316,8.668995,N900_RS14550,tssK,0.6180601833333335,-1.1407,4.016,6h_st,6h,st,1h_SI1,1h,SI1,5.1567
7.7848573,-2.0286736,8.932027,7.8470902,3.21057,-0.0587114,N900_RS14555,vasF,0.3530161666666667,-1.4007,4.1331,12h_SI2,12h,SI2,6h_SI2,6h,SI2,5.533799999999999
-6.087348,-11.096015,9.358896,12.519097,9.548149,2.6119094,N900_RS14560,tssH,0.9200113366666667,-0.3958,3.6136,6h_st,6h,st,3h_SI5,3h,SI5,4.0094
4.3993154,0.38666794,9.253202,14.205229,11.227713,0.8128393,N900_RS14565,vasH,0.6813372166666667,-0.62938,3.8638,3h_SI5,3h,SI5,3h_SI3,3h,SI3,4.49318
-4.063465,-3.3407042,15.832063,11.851307,10.996476,-1.9748833,N900_RS14570,tagO,1.0331540333333333,-0.47112,3.5782,12h_st,12h,st,3h_SI5,3h,SI5,4.04932
-5.0699587,-3.6892228,13.810069,9.491125,14.001293,-1.1726979,N900_RS14575,tssA,0.6942221333333334,-1.1237,3.5923,6h_st,6h,st,3h_SI2,3h,SI2,4.715999999999999
-3.3269098,-4.4788337,17.22626,5.4543333,9.720059,-0.8125438,N900_RS14580,tssM,0.7569246966666667,-0.77626,4.4856,6h_st,6h,st,3h_SI4,3h,SI4,5.2618599999999995
-0.40351498,-13.228727,9.540175,3.453349,10.551862,-0.19304925,N900_RS14585,vasL,1.0723734999999999,-0.64779,3.6615,3h_SI1,3h,SI1,12h_SI2,12h,SI2,4.30929
-2.7040062,-5.6583424,9.08002,10.16487,12.384708,-0.6133886,N900_RS14590,N900_RS14590,1.5880306666666668,-0.23061,5.43,1h_ce,1h,ce,1h_st,1h,st,5.66061
-7.5841823,5.4842005,7.3591485,8.884653,1.2109343,2.8857188,N900_RS14595,tssI_2,-0.4572842166666667,-2.1247,2.1407,6h_SI3,6h,SI3,3h_SI1,3h,SI1,4.2654
11.088615,-1.7654347,-0.23612274,0.75123024,8.671904,3.4053438,N900_RS14600,tsiV3,2.4871110000000005,-0.72289,7.6174,1h_SI6,1h,SI6,6h_SI2,6h,SI2,8.34029
-6.285958,-2.869127,12.877778,10.499359,4.0473356,-7.849141,N900_RS14605,N900_RS14605,0.8576984833333332,-0.71698,3.9082,3h_co,3h,co,6h_SI2,6h,SI2,4.62518
9.005236,-10.550866,8.224446,9.61098,6.544647,3.5643523,N900_RS14615,rbsD,0.7879328500000001,-0.92322,5.5236,12h_SI8,12h,SI8,6h_SI1,6h,SI1,6.44682
8.847343,-1.4986484,5.6187515,7.3090744,1.8718227,-6.91496,N900_RS14620,rbsA,1.08865304,-0.7503,4.4801,12h_st,12h,st,6h_SI3,6h,SI3,5.2304
4.423791,1.5387633,7.685286,13.274276,8.814709,0.9003928,N900_RS14625,rbsC,0.6735404050000001,-1.0134,4.7812,12h_SI5,12h,SI5,6h_SI2,6h,SI2,5.7946
1.8321636,0.39459434,11.748553,6.267763,10.618899,-4.664866,N900_RS14630,rbsB,1.2846966666666666,-0.88694,5.4425,1h_SI9,1h,SI9,6h_SI4,6h,SI4,6.32944
2.736941,-7.802598,4.008842,6.782274,8.46333,-6.5657287,N900_RS14635,rbsK,1.1860945200000004,-0.15649,5.0401,1h_SI8,1h,SI8,6h_st,6h,st,5.19659
3.631212,-4.525424,9.205335,3.7651906,6.6656237,5.1872554,N900_RS14640,laci_2,0.16181638333333334,-3.3489,3.8229,6h_SI8,6h,SI8,3h_SI4,3h,SI4,7.1718
-2.0206778,-9.077095,11.558516,9.232399,8.875966,-10.390776,N900_RS14645,pnuC,0.5002800000000001,-0.88914,3.6043,3h_st,3h,st,6h_SI2,6h,SI2,4.49344
-0.1555683,-14.823559,5.0622993,8.587924,11.662243,1.7058125,N900_RS14650,Nicotinamide riboside transporter PnuC_BLAST,1.5683465833333334,-2.2388,5.8015,1h_SI5,1h,SI5,3h_st,3h,st,8.0403
-4.7355847,-11.132886,4.3535905,5.8357673,8.683372,0.534593,N900_RS14655,udp_2,1.0243475499999999,-0.73228,3.5275,6h_SI2,6h,SI2,3h_st,3h,st,4.25978
-7.415731,0.50499976,12.057767,7.244451,9.930842,-6.367602,N900_RS14660,Crp/Fnr family transcriptional regulator_2,0.24560546000000003,-1.7513,2.8914,6h_SI3,6h,SI3,12h_SI1,12h,SI1,4.6427
0.30883586,-8.944147,13.094333,12.007033,8.704774,-3.1513088,N900_RS14665,glpQ,1.2012939833333336,-0.33113,3.4352,3h_st,3h,st,3h_SI3,3h,SI3,3.76633
0.864705,-5.961315,6.011277,7.9580383,9.36044,-5.6239653,N900_RS14670,glpT,1.7716666833333337,-0.2352,5.2169,1h_SI9,1h,SI9,24h_SI1,24h,SI1,5.4521
0.56997526,-7.8091145,7.6129627,13.114876,-1.0243822,-11.105331,N900_RS14675,N900_RS14675,1.179211736666667,-0.31504,5.1778,3h_co,3h,co,6h_st,6h,st,5.49284
0.3294758,-1.8215402,11.048552,0.5595671,12.264663,3.316147,N900_RS14680,spindolin,1.0198445999999999,-0.4481,3.6802,3h_SI1,3h,SI1,3h_SI3,3h,SI3,4.1283
-2.8441198,-2.728352,13.981773,7.8855085,12.852909,0.45865163,N900_RS14685,sensor histidine kinase_4,0.8288762466666667,-1.1174,4.2843,6h_SI1,6h,SI1,12h_SI3,12h,SI3,5.4017
-4.694794,-5.435546,15.25635,10.517387,12.614319,0.112176955,N900_RS14690,dctD_2,0.5789646349999998,-0.85378,5.0611,6h_st,6h,st,3h_SI3,3h,SI3,5.91488
1.8492515,-12.473737,11.7881365,10.727168,7.1943574,-2.3739011,N900_RS14700,C4-dicarboxylate ABC transporter substrate-binding protein_2,0.41813456666666676,-0.89993,4.8013,1h_st,1h,st,3h_SI4,3h,SI4,5.701230000000001
1.6249102,-7.2969756,15.944186,8.016973,4.8183627,0.33000427,N900_RS14705,dctM_2,0.2464661833333333,-1.0563,4.0435,24h_st,24h,st,3h_SI2,3h,SI2,5.0998
-8.916589,-4.596557,14.496169,6.18473,6.3079867,-3.1028838,N900_RS14710,lhgO,0.9118612683333336,-0.65955,4.2693,6h_SI1,6h,SI1,3h_SI3,3h,SI3,4.928850000000001
2.93428,-3.360967,11.588522,5.8591137,8.582375,0.17708753,N900_RS14715,peptidase M66,0.29567737833333335,-1.1244,3.2812,3h_SI1,3h,SI1,12h_SI1,12h,SI1,4.4056
-4.3256907,-12.615115,4.246186,8.072979,13.069984,4.648518,N900_RS14720,def2,1.5265720500000002,-0.42556,5.3288,1h_SI8,1h,SI8,3h_st,3h,st,5.75436
-3.019814,-8.38939,13.027414,10.988358,10.857872,-4.642526,N900_RS14725,oxidoreductase,1.153730326666667,-0.45255,3.6931,1h_st,1h,st,3h_SI2,3h,SI2,4.14565
2.7858253,-9.921083,8.70769,12.979467,11.432651,3.8297527,N900_RS14730,mrpG,1.275571816666667,-0.39763,4.2197,1h_SI7,1h,SI7,3h_SI1,3h,SI1,4.61733
0.78628117,-2.2238138,10.965555,7.270614,7.8363976,2.097522,N900_RS14735,cation:proton antiporter,0.7567654833333334,-0.54218,5.244,24h_SI3,24h,SI3,6h_SI3,6h,SI3,5.78618
1.6257143,13.510419,-0.10154219,-2.004112,1.934893,1.3184379,N900_RS14740,mrpE,-0.32300234999999994,-1.8152,2.1712,3h_SI6,3h,SI6,12h_SI3,12h,SI3,3.9863999999999997
0.13089404,-4.1760664,10.607229,9.0750475,6.348752,0.8604904,N900_RS14745,mnhD,0.36043955833333335,-0.86445,3.0292,24h_SI1,24h,SI1,3h_SI4,3h,SI4,3.89365
9.480249,-4.0189548,7.635126,5.7843046,0.9854357,-1.1518282,N900_RS14750,mrpC,0.6532479050000001,-1.0686,3.7601,3h_SI2,3h,SI2,1h_ce,1h,ce,4.8286999999999995
-0.13756415,-9.141905,11.757241,13.7698345,6.13863,-7.6153536,N900_RS14755,mrpA,0.7008406166666667,-0.50543,3.3469,1h_st,1h,st,3h_SI1,3h,SI1,3.8523300000000003
2.6895459,2.3927002,-2.6339355,4.3046236,0.26736346,9.766386,N900_RS14760,N900_RS14760,-1.2850110999999997,-4.6618,1.5573,6h_SI6,6h,SI6,12h_SI3,12h,SI3,6.2191
7.260882,-7.890473,7.890375,13.807124,7.756751,-6.8934646,N900_RS14765,uspA_2,0.7727559999999999,-1.0223,4.457,6h_ce,6h,ce,6h_st,6h,st,5.4793
-8.804463,-4.9809775,16.132698,11.33507,11.88902,-3.8218348,N900_RS14770,tryptophan-specific transporter,1.1096724500000001,-0.29149,3.7705,12h_st,12h,st,3h_SI4,3h,SI4,4.06199
-1.7793772,3.00559,9.338994,7.5454144,7.9823465,-5.2724047,N900_RS14775,tnaA,0.6650317283333333,-1.2507,3.6123,3h_SI8,3h,SI8,3h_SI5,3h,SI5,4.8629999999999995
-4.133142,0.18155287,5.9567466,13.053414,5.452007,-3.3566823,N900_RS14785,ypeB_BLAST,0.24818010000000001,-1.3015,4.0371,3h_SI8,3h,SI8,3h_SI1,3h,SI1,5.3386
-0.25486615,-16.643059,4.912631,5.975467,10.770733,-0.6008547,N900_RS14795,N900_RS14795,0.9819790816666666,-0.39845,3.5246,1h_SI7,1h,SI7,3h_st,3h,st,3.92305
-2.1695025,10.370049,10.279135,6.435118,-0.20658791,-3.4345925,N900_RS14800,cspV_1,0.6819019683333334,-1.1909,4.1774,1h_co,1h,co,6h_SI5,6h,SI5,5.3683
-6.3615646,-6.394742,11.704608,10.727991,12.936158,-5.5988264,N900_RS14805,N900_RS14805,0.9900946616666666,-0.49914,4.3301,12h_SI6,12h,SI6,3h_SI1,3h,SI1,4.8292399999999995
-4.266973,-7.2528043,13.456428,10.675294,8.09978,-6.645115,N900_RS14810,batD,1.0372278024500001,-0.36439,3.484,3h_co,3h,co,3h_SI1,3h,SI1,3.84839
-3.2165093,-5.4683805,14.133415,0.27522883,5.851479,5.2303963,N900_RS14815,N900_RS14815,0.33510036666666665,-1.5612,2.8791,6h_SI1,6h,SI1,3h_SI5,3h,SI5,4.440300000000001
2.0239007,-10.910393,7.348448,10.660433,5.4035506,-4.13691,N900_RS14820,N900_RS14820,1.0241935116666665,-0.4809,3.887,1h_st,1h,st,3h_SI1,3h,SI1,4.3679
6.3793583,-1.0378354,4.34587,14.041477,0.571922,-1.8320585,N900_RS14825,N900_RS14825,0.010192378333333318,-1.641,4.3978,24h_SI1,24h,SI1,6h_SI1,6h,SI1,6.0388
-1.3865654,-7.534202,10.972731,9.256984,11.477953,3.1311977,N900_RS14830,N900_RS14830,1.3133903625,-0.15197,4.2133,1h_SI9,1h,SI9,1h_st,1h,st,4.365270000000001
-2.1247497,2.6459389,9.199903,10.072273,12.235188,1.1449286,N900_RS14835,MoxR family ATPase,0.7368048383333334,-0.75366,3.204,6h_st,6h,st,12h_SI4,12h,SI4,3.95766
3.8589056,-7.889452,10.038959,10.402451,11.984033,-4.3554096,N900_RS14840,methyl-accepting chemotaxis protein_20,1.6516783833333337,-0.30857,5.037,1h_SI6,1h,SI6,6h_SI1,6h,SI1,5.34557
6.6371703,-8.245951,10.242813,3.136538,3.1927767,-3.871571,N900_RS14845,chromosome segregation ATPase_2,0.44671156666666667,-1.1859,2.9725,3h_SI1,3h,SI1,6h_st,6h,st,4.1584
-5.494804,-12.602175,9.283924,8.837729,12.728781,-0.8773751,N900_RS14850,frnE protein,1.1155926266666667,-0.75901,4.4755,1h_SI4,1h,SI4,3h_SI3,3h,SI3,5.23451
-3.875135,2.200885,13.677477,10.626945,12.514591,-5.9286957,N900_RS14855,psuT,0.4617115500000001,-0.9648,3.3837,1h_ce,1h,ce,6h_SI4,6h,SI4,4.3485000000000005
-7.934867,2.016532,15.393828,9.386699,11.669315,-8.161694,N900_RS14860,pepT,0.9717282,-0.9055,3.5006,12h_st,12h,st,3h_SI5,3h,SI5,4.4061
-5.219479,-15.733074,10.579504,5.254295,10.059217,0.31708032,N900_RS14865,mscS_2,1.0473618333333332,-0.12769,3.9044,12h_st,12h,st,3h_SI2,3h,SI2,4.03209
-2.2584064,-3.4720411,11.873308,10.186291,8.920227,0.9911976,N900_RS14870,norR,0.9653880666666667,-0.82117,3.6888,1h_ce,1h,ce,12h_st,12h,st,4.50997
-0.4748416,-12.206016,9.361782,10.296669,8.908613,-4.4193006,N900_RS14875,hmpA,0.8405361766666667,-0.64206,3.6934,1h_st,1h,st,3h_SI2,3h,SI2,4.33546
-11.50168,-5.0100226,3.3317018,9.39772,2.655699,-1.2262174,N900_RS14885,arfA,0.8576631833333335,-1.2438,5.3348,12h_SI1,12h,SI1,3h_SI1,3h,SI1,6.578600000000001
6.931083,5.313967,7.292622,7.7930717,10.00849,2.189007,N900_RS14890,N900_RS14890,0.8366531266666667,-1.8851,4.7062,6h_SI7,6h,SI7,12h_SI1,12h,SI1,6.5913
0.3164063,-15.402676,6.8405833,6.75216,10.73071,0.55584276,N900_RS14895,N900_RS14895,1.0556755666666666,-0.48375,4.7246,1h_SI6,1h,SI6,3h_st,3h,st,5.208349999999999
-0.08312045,-14.844117,10.045839,9.937829,10.487285,-0.99995184,N900_RS14900,rcsC_9,1.5730232666666668,-0.30345,4.2218,1h_SI6,1h,SI6,6h_st,6h,st,4.52525
5.779801,-9.909651,7.9140663,11.620889,-3.6425433,-4.417219,N900_RS14905,N900_RS14905,0.22359617349999997,-1.5333,4.7713,12h_SI2,12h,SI2,6h_st,6h,st,6.304600000000001
-6.920663,-7.3964033,10.665917,6.940252,14.084127,1.3925648,N900_RS14910,NAD(P)H-hydrate dehydratase,0.30185363333333337,-1.202,3.0418,6h_st,6h,st,3h_SI3,3h,SI3,4.2438
1.9237121,-4.8325505,12.594951,3.548812,4.939495,7.7556415,N900_RS14915,ldhA,0.1350595366666667,-1.7158,2.8087,6h_SI3,6h,SI3,3h_SI4,3h,SI4,4.5245
-1.0544295,-11.149748,13.475238,13.080883,6.942865,-4.6224394,N900_RS14920,"Na+/H+ antiporter, putative",0.8517912416666668,-0.54341,3.7246,1h_st,1h,st,3h_SI5,3h,SI5,4.26801
-2.1829448,-6.9142513,2.9928849,5.425916,6.5463114,-7.5729117,N900_RS14925,potassium channel protein,0.379093905,-1.029,3.0126,3h_SI4,3h,SI4,3h_SI5,3h,SI5,4.0416
-3.4146328,-9.270473,15.207498,12.560861,10.247645,-6.4848604,N900_RS14930,N900_RS14930,0.523956045,-1.0733,3.1352,3h_SI9,3h,SI9,3h_SI1,3h,SI1,4.2085
-0.31706262,-0.29953957,18.565348,9.913458,-1.6843555,3.9717476,N900_RS14935,N900_RS14935,-0.5307166666666666,-3.3628,3.168,6h_co,6h,co,3h_SI5,3h,SI5,6.5308
0.04781001,4.1526804,11.004926,15.736802,3.9831347,-1.1706111,N900_RS14940,guaC,0.6495650883333333,-0.93003,3.6756,12h_SI1,12h,SI1,6h_SI2,6h,SI2,4.605630000000001
4.565033,-7.604649,6.256033,5.8001895,3.3985906,15.195374,N900_RS14945,DNA cytosine methyltransferase,-2.1396211666666667,-5.1845,2.9562,12h_SI5,12h,SI5,1h_st,1h,st,8.140699999999999
-0.443484,-1.6680722,-1.6038136,12.852424,2.1955879,1.4708246,N900_RS14950,N900_RS14950,-0.8942275,-4.3659,4.1423,6h_SI6,6h,SI6,3h_SI1,3h,SI1,8.508199999999999
10.745042,-1.1481752,12.653713,10.929931,3.7050126,3.8076017,N900_RS14955,N900_RS14955,-0.06139515166666667,-1.4675,4.1407,3h_SI3,3h,SI3,6h_SI2,6h,SI2,5.6082
1.2140578,-5.297382,10.125666,7.320857,0.114946604,2.7760859,N900_RS14960,N900_RS14960,0.08170961666666665,-1.6726,2.876,6h_SI2,6h,SI2,1h_co,1h,co,4.5486
0.3626457,-3.5551205,15.1558895,8.89643,7.7973228,-6.165742,N900_RS14970,rhlE_2,1.1808766166666667,-0.97576,4.5797,1h_ce,1h,ce,3h_SI4,3h,SI4,5.55546
4.5226245,-7.656784,-2.448878,1.5373688,6.2585173,4.4043317,N900_RS14975,dcuB,0.3334191766666666,-2.0604,2.4524,6h_SI7,6h,SI7,12h_SI6,12h,SI6,4.5128
0.28623968,-19.522789,0.74986917,-4.529158,3.4763541,0.8499849,N900_RS14990,N900_RS14990,0.9902463833333335,-0.60214,5.6177,1h_SI9,1h,SI9,3h_st,3h,st,6.2198400000000005
-1.6385393,-10.639663,8.5004635,2.685746,13.881606,3.0905912,N900_RS14995,VC_A0210_BLAST,0.40954651000000003,-0.98993,2.8931,6h_st,6h,st,6h_SI1,6h,SI1,3.8830299999999998
-6.466037,-13.322303,5.807342,6.4132843,11.774334,5.3428693,N900_RS15000,rcsC_10,0.7052033833333333,-0.84796,4.9472,1h_st,1h,st,3h_st,3h,st,5.795159999999999
-4.638885,-8.571117,5.056182,2.0047283,13.877436,-9.591182,N900_RS15005,N900_RS15005,1.1144842833333333,-0.34995,5.0488,24h_SI1,24h,SI1,6h_ce,6h,ce,5.39875
-6.8311043,-7.490068,9.271851,10.023996,4.9721875,1.3329715,N900_RS15010,N900_RS15010,0.7431707499999999,-0.86416,3.8855,3h_SI6,3h,SI6,6h_SI4,6h,SI4,4.74966
-3.2353542,-5.600721,12.561234,9.65726,10.115757,-4.0964255,N900_RS15015,emrD,0.8942745999999999,-0.55942,4.462,1h_st,1h,st,3h_SI6,3h,SI6,5.02142
5.1151853,-3.0109859,5.871976,0.3271217,9.693233,3.1014636,N900_RS15025,N900_RS15025,1.0033579666666665,-0.20967,4.2054,3h_SI1,3h,SI1,6h_SI2,6h,SI2,4.41507
6.5332355,-7.165516,3.8318846,6.444295,2.1368399,-4.4846244,N900_RS15030,N900_RS15030,0.3646084898333334,-1.0564,4.1407,3h_SI5,3h,SI5,6h_st,6h,st,5.1971
-1.3961244,-0.02878281,7.6356354,11.289035,11.884089,-6.3368216,N900_RS15035,thermolabile hemolysin,1.46969425,-0.45456,4.43,1h_ce,1h,ce,12h_SI1,12h,SI1,4.88456
5.4112186,-10.113686,4.3900833,8.797257,5.6275625,-3.9103572,N900_RS15040,hlyA,0.94812045,-0.67228,4.5662,6h_SI4,6h,SI4,6h_st,6h,st,5.23848
-9.058834,-0.5746419,13.729658,7.02381,14.130945,0.7107366,N900_RS15045,hlyB_BLAST,0.24304066333333332,-1.0391,3.5212,6h_st,6h,st,3h_SI3,3h,SI3,4.5603
11.283526,-0.8269048,11.400328,6.393422,3.4214418,5.1301737,N900_RS15050,hlyC,0.6261434833333335,-0.49801,4.6274,6h_SI3,6h,SI3,6h_SI2,6h,SI2,5.12541
0.07354331,-6.388727,6.8959627,4.419243,9.416406,-9.711458,N900_RS15055,lifO,0.5302599833333334,-0.99257,3.1125,3h_SI4,3h,SI4,3h_SI2,3h,SI2,4.1050699999999996
-1.3615929,-17.006308,5.2893705,8.831338,6.7267356,2.3586097,N900_RS15060,prtV,0.5370706666666667,-0.96685,3.9736,24h_ce,24h,ce,3h_st,3h,st,4.94045
-2.956714,-3.6379905,6.575851,14.637163,6.603399,-4.4008274,N900_RS15065,N900_RS15065,0.9889784333333332,-0.71438,5.6224,6h_SI4,6h,SI4,1h_SI1,1h,SI1,6.33678
4.705628,-7.205096,10.755333,14.444723,9.288472,-3.529665,N900_RS15070,egtC,1.0660218333333333,-0.78944,3.8858,1h_ce,1h,ce,6h_SI1,6h,SI1,4.6752400000000005
5.361049,-7.8435225,10.553388,8.036699,-0.4734593,-2.76849,N900_RS15075,siderophore ABC transporter substrate-binding protein,0.33299563333333343,-1.4311,3.297,6h_SI2,6h,SI2,6h_st,6h,st,4.7281
6.2616262,-2.210816,8.780694,3.8350313,9.286852,-0.6880152,N900_RS15080,vctD,0.2486776683333333,-1.1851,3.4882,3h_SI5,3h,SI5,6h_SI2,6h,SI2,4.6733
4.90346,-12.756309,10.511799,13.043989,7.326654,0.18442926,N900_RS15085,vctG,0.71983425,-0.34436,3.1235,12h_SI6,12h,SI6,3h_SI4,3h,SI4,3.46786
1.435982,-8.929956,6.454224,7.427401,5.0198717,-2.8960795,N900_RS15090,vctC,1.1217792000000002,-0.47369,4.4879,1h_SI8,1h,SI8,3h_SI3,3h,SI3,4.96159
0.8712425,-8.145106,11.173746,11.121823,9.770704,1.5434968,N900_RS15095,AraC family transcriptional regulator_5,1.0933262616666668,-0.28185,3.8769,3h_st,3h,st,3h_SI4,3h,SI4,4.15875
-5.398501,-2.3260336,8.819741,6.943613,14.109707,-3.9081824,N900_RS15100,vctA,0.9684768956666667,-0.41411,3.3032,3h_SI4,3h,SI4,3h_SI1,3h,SI1,3.71731
-8.069659,0.18654121,10.008542,8.909239,10.476893,0.11591527,N900_RS15105,N900_RS15105,0.12243378166666667,-1.2059,3.9365,6h_SI3,6h,SI3,3h_SI3,3h,SI3,5.1424
0.13203895,-9.874712,7.8974366,10.7903595,6.4565525,-7.4505277,N900_RS15110,ackA_2,1.2857613333333333,-0.26012,4.284,1h_st,1h,st,3h_SI1,3h,SI1,4.5441199999999995
-7.3212304,-2.9512596,17.290977,3.6361728,-0.54879135,0.86821115,N900_RS15115,N900_RS15115,0.42282386666666666,-1.7495,4.7083,12h_SI2,12h,SI2,3h_SI3,3h,SI3,6.457800000000001
-0.9076934,-3.1657436,14.000392,17.16585,3.7882493,-5.030243,N900_RS15120,phosphoribosyl-AMP cyclohydrolase,0.4060095799999999,-1.2686,3.7771,12h_st,12h,st,6h_SI1,6h,SI1,5.0457
2.2448335,-3.3756077,11.584673,8.313815,12.396652,-0.7427867,N900_RS15125,sensor histidine kinase_5,1.5056493650000002,-0.12445,3.993,6h_st,6h,st,6h_SI1,6h,SI1,4.11745
-2.3913999,2.254868,13.403327,5.8335767,7.8337893,4.9493275,N900_RS15130,ctrA,0.20937345,-1.2849,2.8929,6h_SI4,6h,SI4,3h_SI3,3h,SI3,4.1777999999999995
1.0614381,5.5945272,2.943194,4.194569,10.954468,5.516233,N900_RS15135,N900_RS15135,0.9399089799999999,-1.4703,5.0791,6h_SI6,6h,SI6,3h_SI3,3h,SI3,6.5494
4.004537,6.057947,9.303704,12.140137,-2.4780533,-7.5105624,N900_RS15140,ulaE,0.5355299066666667,-1.6675,4.6927,12h_SI3,12h,SI3,6h_SI1,6h,SI1,6.360200000000001
3.307294,-4.5496044,3.9445221,9.213303,9.701807,2.5251176,N900_RS15145,sgbH,-0.1887050833333333,-1.9101,5.0409,12h_SI7,12h,SI7,6h_SI1,6h,SI1,6.951
-7.753053,-10.267301,15.256977,4.079013,7.077097,0.6007957,N900_RS15150,ybhA,0.5236248816666668,-0.93284,4.8388,6h_st,6h,st,3h_SI2,3h,SI2,5.77164
-8.941193,2.5404227,8.886086,4.0386443,11.2534685,-9.047328,N900_RS15155,ulaF,0.1941852,-1.437,3.3342,6h_st,6h,st,6h_ce,6h,ce,4.7712
-6.279268,-5.929599,11.154235,9.597174,14.506264,0.03014751,N900_RS15160,ulaC,0.53455084,-0.975,3.0857,3h_SI2,3h,SI2,6h_SI4,6h,SI4,4.0607
5.1321745,0.59547335,14.008715,6.5799804,8.661611,2.4286351,N900_RS15165,PTS ascorbate-specific subunit IIBC,-0.024426440000000015,-1.3397,2.8439,6h_SI7,6h,SI7,12h_SI3,12h,SI3,4.1836
1.852051,-3.002866,10.390621,14.770786,6.5561795,5.7816358,N900_RS15170,ulaR,-0.3687401,-3.54,3.6143,6h_SI6,6h,SI6,6h_SI1,6h,SI1,7.1543
-7.4153504,-5.247162,1.9691707,10.0020895,10.075157,3.9324636,N900_RS15175,ulaG,0.48174983283333345,-0.97042,3.9615,12h_SI1,12h,SI1,3h_SI1,3h,SI1,4.93192
0.969441,2.8450673,11.081622,8.170113,9.949033,5.445377,N900_RS15180,yceJ_1,0.37490658333333327,-1.1594,3.1461,3h_SI2,3h,SI2,6h_SI2,6h,SI2,4.3055
-5.626263,-13.330784,9.402305,4.020358,10.63706,-7.556251,N900_RS15185,tam,1.07174385,-0.24468,3.6396,3h_co,3h,co,6h_ce,6h,ce,3.8842800000000004
-12.2320175,-5.7894897,7.677183,2.2759593,11.339788,-6.0554576,N900_RS15190,antibiotic acetyltransferase_1,0.82074985,-1.3726,4.0007,6h_SI1,6h,SI1,6h_ce,6h,ce,5.3733
9.601204,-4.198536,2.540787,4.2859793,0.18916178,-8.239885,N900_RS15195,N900_RS15195,1.1030312500000001,-0.80786,6.4407,12h_SI4,12h,SI4,6h_st,6h,st,7.2485599999999994
3.6152184,-5.5278873,6.9771566,12.551821,8.799508,4.044285,N900_RS15200,N900_RS15200,0.14544948333333335,-1.5861,2.6528,3h_SI5,3h,SI5,6h_SI2,6h,SI2,4.2389
-4.763371,-3.271628,5.097893,7.7248497,9.644227,6.423117,N900_RS15205,N900_RS15205,1.2638085666666667,-0.96438,4.8584,6h_SI5,6h,SI5,3h_SI3,3h,SI3,5.82278
-7.45674,-11.23466,7.4885645,7.048911,13.7327175,-1.1460216,N900_RS15210,DNA-binding response regulator_2,1.5251856666666663,-0.30618,4.4879,1h_SI9,1h,SI9,3h_st,3h,st,4.79408
-2.6749282,2.2862964,12.636635,0.6220776,14.065525,-2.6758747,N900_RS15215,sensor histidine kinase,0.9964218833333334,-0.43941,3.5627,3h_SI2,3h,SI2,6h_ce,6h,ce,4.00211
2.2646208,-9.715705,9.141372,14.423459,5.1271067,0.28026807,N900_RS15220,N900_RS15220,0.1237858166666667,-1.5259,3.0541,6h_SI4,6h,SI4,3h_SI5,3h,SI5,4.58
5.50842,-1.8777378,5.716087,10.7589855,10.661077,6.5885415,N900_RS15225,copI_BLAST,0.5662038000000001,-0.98204,4.1643,3h_SI5,3h,SI5,12h_SI1,12h,SI1,5.14634
-1.9894466,-5.3736935,14.64966,2.1850007,9.420535,-2.819383,N900_RS15230,N900_RS15230,1.0048469166666667,-0.38323,4.4115,6h_ce,6h,ce,3h_SI2,3h,SI2,4.79473
0.021570355,-9.131118,12.090357,-1.0130104,4.1503916,-0.16461296,N900_RS15235,N-acetyltransferase_4,1.1782344166666665,-0.40424,5.3531,24h_st,24h,st,3h_SI2,3h,SI2,5.75734
0.22848609,-6.520835,10.292022,11.133867,8.834652,-0.10614939,N900_RS15240,yfiC_2,0.8241683916666667,-0.935,5.1353,1h_co,1h,co,3h_SI2,3h,SI2,6.0703
14.136514,-8.575632,4.047826,7.2950115,3.09503,1.069792,N900_RS15245,N900_RS15245,0.5160328316666667,-2.2942,5.5445,6h_SI5,6h,SI5,6h_st,6h,st,7.8387
-7.5886054,-4.372339,11.166388,9.738467,-1.6704047,-1.1841279,N900_RS15250,nimR_1,-0.34364031166666664,-2.3476,2.5358,12h_SI3,12h,SI3,3h_SI2,3h,SI2,4.8834
-5.1058226,-8.247724,12.956386,10.316803,12.343192,-7.554566,N900_RS15255,emrD3,0.759544055,-0.64658,3.2808,12h_st,12h,st,3h_SI1,3h,SI1,3.9273800000000003
-2.963158,-13.559592,8.969707,8.596864,11.676339,4.2094564,N900_RS15260,methyl-accepting chemotaxis protein_21,0.8945622049999999,-0.44324,3.6011,6h_SI7,6h,SI7,3h_SI3,3h,SI3,4.04434
-4.636084,-11.448807,6.1065617,10.157112,13.055673,2.6996846,N900_RS15265,hdc,1.2264972166666666,-0.21638,4.3689,6h_st,6h,st,3h_st,3h,st,4.58528
-10.538604,-5.2612224,7.974448,4.599124,11.793008,6.3776493,N900_RS15270,dacA_2,1.0704898333333333,-0.66035,4.8619,6h_SI2,6h,SI2,3h_st,3h,st,5.5222500000000005
0.46607518,-9.708881,9.577769,11.354383,10.718172,-3.5764637,N900_RS15275,XRE family transcriptional regulator_9,1.1953142916666668,-0.34569,3.9772,1h_SI8,1h,SI8,3h_SI1,3h,SI1,4.32289
-7.563216,-11.501261,3.9343028,1.3794923,14.654412,-2.4154785,N900_RS15280,N900_RS15280,1.3351747766666664,-0.16862,5.831,1h_SI6,1h,SI6,3h_st,3h,st,5.99962
-0.7242271,-8.284925,14.915198,10.171187,10.261649,-4.4753757,N900_RS15285,cah,0.6753901833333333,-1.0445,3.7177,12h_SI8,12h,SI8,3h_SI3,3h,SI3,4.7622
1.8243016,1.0261699,4.959888,11.772499,-2.9552302,-0.5464768,N900_RS15295,gcvP,-0.11339373333333332,-1.7545,4.0519,12h_SI4,12h,SI4,1h_ce,1h,ce,5.8064
1.2448537,4.9209986,8.722913,5.38671,1.3768191,-4.893095,N900_RS15300,gcvH,0.9777325116666666,-0.26305,4.0428,1h_SI9,1h,SI9,1h_SI1,1h,SI1,4.3058499999999995
-6.6228275,-10.227124,11.341131,13.033037,11.57289,1.0963405,N900_RS15305,glyA2,0.8324931016666667,-0.72686,3.7585,12h_st,12h,st,3h_SI1,3h,SI1,4.48536
-4.5202713,-16.949903,7.3451157,7.855084,10.602185,-6.0994935,N900_RS15315,gcvT,1.2607193500000002,-0.33547,3.8181,1h_SI8,1h,SI8,3h_SI1,3h,SI1,4.15357
-3.7691114,-9.770353,7.4148726,10.1428795,6.4405417,7.131168,N900_RS15320,"integrase, putative",-0.123182,-2.0723,4.0216,12h_SI8,12h,SI8,12h_SI1,12h,SI1,6.0939
-0.54181594,-0.47513568,6.933269,9.423663,12.845314,2.5519311,N900_RS15330,Pseudogene_N900_RS15330,0.5921912999999999,-1.7218,4.5487,12h_SI8,12h,SI8,12h_SI1,12h,SI1,6.2705
-10.4527645,-17.53713,-5.1247015,-1.3495897,9.944193,9.931929,N900_RS15335,type VI secretion system PAAR protein_1,0.008635900833333333,0.00062908,0.17791,12h_SI8,12h,SI8,3h_st,3h,st,0.17728092
0.9916007,-10.94771,10.706779,12.385804,8.141451,-6.15446,N900_RS15340,N900_RS15340,0.48318176333333335,-1.2482,3.1903,12h_SI8,12h,SI8,3h_SI1,3h,SI1,4.4385
-3.843689,4.4996676,8.485042,10.03412,9.458215,-8.725055,N900_RS15370,intIA,1.1291216333333332,-0.080779,4.8476,12h_st,12h,st,6h_SI4,6h,SI4,4.928379
-4.993371,-2.3105183,15.421621,3.4091837,0.8641396,0.7444292,N900_RS15375,N900_RS15375,-0.02289043333333335,-2.5247,3.0604,3h_SI9,3h,SI9,3h_SI3,3h,SI3,5.585100000000001
1.2750995,-3.1074557,17.184301,-0.2128351,1.1912394,1.2669381,N900_RS15390,N900_RS15390,0.09903674999999998,-1.908,3.3005,6h_SI1,6h,SI1,3h_SI5,3h,SI5,5.2085
-9.070547,-2.8659606,13.015513,15.533861,1.3314054,-7.1931157,N900_RS15395,catB9,0.6441362833333333,-0.90251,4.5952,3h_SI9,3h,SI9,3h_SI1,3h,SI1,5.4977100000000005
-1.2222271,5.0992713,10.646542,12.844542,-0.23305348,-8.666237,N900_RS15400,ygfF,0.10089349999999998,-1.485,2.4851,3h_SI2,3h,SI2,6h_SI4,6h,SI4,3.9701000000000004
3.5030143,4.354201,2.0667608,11.0867605,5.655527,11.206978,N900_RS15415,N900_RS15415,-1.0176916666666667,-2.9248,3.0967,24h_co,24h,co,1h_SI1,1h,SI1,6.0215
-8.385046,5.7442036,9.227289,11.988138,-3.2997115,-5.0629373,N900_RS15430,HNH endonuclease_2,-0.2589045766666666,-2.7473,2.7622,3h_SI9,3h,SI9,3h_SI1,3h,SI1,5.5095
0.29159653,-2.3346016,13.074048,6.8859057,-5.6071186,3.2450814,N900_RS15435,VC_A0308_BLAST,-0.29818726666666673,-2.0245,2.4114,6h_SI3,6h,SI3,1h_ce,1h,ce,4.4359
-5.5584908,-0.28506228,13.184021,12.824336,-6.269911,-6.8716083,N900_RS15440,HNH endonuclease_1,-0.10880488866666663,-2.5043,2.4738,12h_SI4,12h,SI4,3h_SI2,3h,SI2,4.9781
4.764334,-8.964354,7.598735,0.6886326,-11.085397,-8.589747,N900_RS15445,N900_RS15445,0.4796739833333334,-2.0096,6.7351,3h_SI9,3h,SI9,6h_st,6h,st,8.7447
2.4377396,7.919479,4.320846,-0.99556756,2.4670408,6.6196976,N900_RS15460,rppH_2,-0.5848261983333334,-2.4371,3.5886,24h_SI5,24h,SI5,12h_SI2,12h,SI2,6.0257000000000005
-7.680462,4.140824,15.348243,1.5308396,1.4648694,-3.3514469,N900_RS15480,blc_1,0.5499585166666666,-1.9887,4.5659,3h_ce,3h,ce,3h_SI4,3h,SI4,6.5546
-12.377743,-14.426318,-7.951887,1.82544,3.694761,8.188943,N900_RS15500,N900_RS15500,0.015586116666666669,0.00036696,0.37722,12h_ce,12h,ce,3h_st,3h,st,0.37685304
-3.721706,-13.111514,10.922233,10.439399,10.925824,-5.125292,N900_RS15510,type II toxin-antitoxin system YafQ family toxin,1.0779460799999998,-0.81156,4.2607,3h_co,3h,co,3h_SI3,3h,SI3,5.07226
-12.027407,-13.349682,4.1910744,6.0181885,7.0808005,-0.9147279,N900_RS15545,OsmC family peroxiredoxin,0.2921222333333333,-1.1124,4.471,6h_SI1,6h,SI1,3h_st,3h,st,5.5834
-2.0397618,-7.745322,4.8293347,11.249263,1.8254296,0.107048064,N900_RS15550,N900_RS15550,-0.5928113049999999,-3.6856,4.0015,12h_ce,12h,ce,3h_SI1,3h,SI1,7.6871
6.624599,-5.484236,5.681359,8.016214,-4.3643627,9.212017,N900_RS15555,toxin,-1.616501666666667,-4.4485,3.3211,12h_SI4,12h,SI4,1h_ce,1h,ce,7.7696000000000005
-11.109068,3.7901938,12.84234,9.629167,5.6657166,-3.25997,N900_RS15565,N900_RS15565,0.10139413849999998,-1.7154,4.1808,12h_co,12h,co,3h_SI1,3h,SI1,5.896199999999999
4.0659676,-6.9200764,5.7183604,7.199909,11.05616,7.653688,N900_RS15575,mccF_1,0.5240731466666667,-1.008,3.7444,12h_ce,12h,ce,3h_SI3,3h,SI3,4.7524
-4.3440557,0.8252933,12.335234,-2.5685222,14.98102,-1.8676124,N900_RS15580,N900_RS15580,0.9157978166666667,-0.73239,4.5594,3h_SI1,3h,SI1,6h_ce,6h,ce,5.29179
4.5523925,5.700161,5.1809635,7.1417856,4.1740813,-6.1181135,N900_RS15585,N900_RS15585,1.0459315,-0.4069,4.5137,6h_SI2,6h,SI2,6h_SI1,6h,SI1,4.9206
-7.3177853,-13.035365,13.12737,2.5371225,10.855504,0.9876329,N900_RS15590,N900_RS15590,0.6976235666666665,-0.81897,3.5136,3h_SI9,3h,SI9,3h_SI2,3h,SI2,4.33257
1.0905972,0.49136555,12.202773,8.04337,9.32143,3.3095834,N900_RS15600,N900_RS15600,0.744442383333333,-1.2245,6.496,3h_SI7,3h,SI7,1h_SI1,1h,SI1,7.7205
-0.8984747,-1.2539868,6.495226,11.416255,1.1810914,-0.48457214,N900_RS15615,N900_RS15615,-0.18069857398333336,-3.3841,5.1227,3h_ce,3h,ce,1h_SI1,1h,SI1,8.5068
-4.276682,-8.689083,13.161931,8.744326,8.004936,-9.87484,N900_RS15620,H-REV 107-related protein,0.40601613000000003,-1.7008,2.7432,1h_co,1h,co,1h_SI1,1h,SI1,4.444
-3.7889533,-4.515065,14.445199,15.902085,5.219982,-2.9148667,N900_RS15645,N900_RS15645,0.2910924333333334,-1.3887,4.0608,12h_SI4,12h,SI4,3h_SI1,3h,SI1,5.4495000000000005
-0.43410498,3.6572716,5.9059205,2.3726156,-0.254413,1.7209439,N900_RS15655,VC_A0354_BLAST_1,-0.0617070866666667,-2.0752,3.9739,3h_SI7,3h,SI7,1h_SI1,1h,SI1,6.0491
0.64103615,-5.1281548,7.002571,8.878797,13.182009,4.8946614,N900_RS15660,lyse_2,0.45431371833333334,-1.8926,4.0107,12h_SI8,12h,SI8,12h_SI1,12h,SI1,5.9033
7.2994347,2.457026,9.814774,4.545291,-0.69460016,1.9475884,N900_RS15665,N900_RS15665,0.3368162,-1.6863,3.2249,12h_SI8,12h,SI8,12h_SI3,12h,SI3,4.9112
-0.7078441,3.4644217,4.085355,-7.468776,10.653609,-11.423394,N900_RS15670,N900_RS15670,0.7935126333333334,-1.8185,5.5816,1h_SI2,1h,SI2,6h_ce,6h,ce,7.4001
-0.4938395,-6.2579474,9.714991,7.225386,13.302993,8.815361,N900_RS15675,N900_RS15675,1.4342892833333336,-0.02206,5.8562,1h_SI7,1h,SI7,1h_st,1h,st,5.87826
10.669876,-0.8441362,-2.9283009,1.135114,2.714339,5.7407465,N900_RS15680,N900_RS15680,0.8108804999999999,-0.97713,2.9599,1h_SI5,1h,SI5,6h_SI2,6h,SI2,3.93703
10.307758,-9.490226,-5.640111,4.5752053,-3.4287825,5.23361,N900_RS15685,parE1,-0.27652061666666666,-2.5997,2.9226,3h_SI7,3h,SI7,6h_st,6h,st,5.5222999999999995
15.29209,3.4198313,1.7121459,5.1237025,0.61238605,5.060175,N900_RS15695,N900_RS15695,0.014873133333333354,-2.3999,4.8696,12h_SI8,12h,SI8,6h_SI2,6h,SI2,7.269500000000001
3.64438,-4.322985,7.2694736,3.806746,-9.480541,0.06689994,N900_RS15705,N900_RS15705,-0.6610291666666667,-3.7302,2.0155,12h_SI8,12h,SI8,1h_ce,1h,ce,5.745699999999999
6.933238,-13.651585,2.7686937,7.503243,6.819974,9.935575,N900_RS15715,N900_RS15715,0.6084107999999999,-1.9319,3.6415,12h_SI8,12h,SI8,12h_SI1,12h,SI1,5.5734
6.044759,-15.12072,0.76775277,0.7305106,-4.598275,4.2434506,N900_RS15720,restriction endonuclease,-0.06581955833333335,-3.2697,5.1328,12h_SI8,12h,SI8,6h_st,6h,st,8.4025
-6.875217,-8.980808,11.21139,0.100615844,10.997342,2.772907,N900_RS15725,N900_RS15725,0.9024296500000001,-1.168,4.4002,12h_SI8,12h,SI8,3h_SI3,3h,SI3,5.5682
-2.4693806,-18.014507,4.395859,7.9129295,3.5953968,2.5614352,N900_RS15730,N900_RS15730,-0.09565884999999999,-2.6452,3.2745,12h_SI8,12h,SI8,3h_st,3h,st,5.919700000000001
1.8220265,5.26444,11.9862995,3.1915808,4.4492164,-0.60606146,N900_RS15750,N900_RS15750,0.29219312000000003,-1.7125,3.7138,12h_SI8,12h,SI8,3h_SI5,3h,SI5,5.4262999999999995
5.224947,-0.5211723,-5.609537,0.19049731,2.723603,0.7962449,N900_RS15755,N900_RS15755,1.1407781666666668,-1.9899,4.7497,12h_SI5,12h,SI5,24h_SI2,24h,SI2,6.739599999999999
-1.7674495,-1.8960388,10.569595,9.079232,-3.7107975,-4.072382,N900_RS15770,nitrate reductase,-0.2980817166666666,-2.4418,3.8504,12h_co,12h,co,1h_SI1,1h,SI1,6.2922
-2.7375042,12.307222,1.2289255,5.2752743,-3.1348844,-1.2671826,N900_RS15780,N900_RS15780,-0.06943324166666669,-2.2288,2.6148,12h_SI4,12h,SI4,6h_SI5,6h,SI5,4.8436
1.0559094,-3.1818185,8.125247,-3.7175114,6.293061,-1.6698192,N900_RS15785,yiaC,0.26372938333333334,-1.2312,4.4723,3h_SI3,3h,SI3,3h_SI2,3h,SI2,5.7035
-4.9549675,-15.16411,11.549257,10.966207,4.9988976,-5.36188,N900_RS15790,N900_RS15790,0.47454532333333327,-1.0494,2.7348,12h_st,12h,st,3h_SI5,3h,SI5,3.7842000000000002
-4.9816694,3.8289535,10.0717535,13.882682,5.183451,-5.540364,N900_RS15805,bar,-0.33701500000000006,-1.8827,3.3995,6h_SI1,6h,SI1,1h_SI1,1h,SI1,5.2822000000000005
6.1452565,-2.1241264,13.36239,8.971603,-4.136191,4.871134,N900_RS15810,N900_RS15810,-0.4595319666666666,-2.2171,2.8061,12h_ce,12h,ce,6h_SI2,6h,SI2,5.023199999999999
4.867641,1.5643967,6.9493146,10.251719,10.83573,3.2647147,N900_RS15820,Pseudogene_N900_RS15820,0.6822516666666666,-1.106,5.3254,6h_co,6h,co,6h_SI1,6h,SI1,6.4314
-7.0810623,-0.8103876,15.727703,8.702153,13.262119,-3.8829808,N900_RS15825,higB-1_BLAST,0.85594051,-0.38423,4.5064,3h_st,3h,st,3h_SI3,3h,SI3,4.89063
-0.35701573,-4.7622156,8.568833,3.9586406,10.288516,8.830356,N900_RS15845,Pseudogene_N900_RS15845,0.27438604166666664,-2.4057,3.5597,12h_SI8,12h,SI8,6h_SI3,6h,SI3,5.9654
1.96084,-4.469363,4.8225513,8.70384,-2.6325157,9.622743,N900_RS15850,N900_RS15850,-1.3771251333333334,-4.2724,1.1127,12h_SI8,12h,SI8,1h_ce,1h,ce,5.3851
10.9913645,4.803413,1.1885804,9.92077,1.9036831,0.9129888,N900_RS15855,GNAT family N-acetyltransferase_9,-0.02234839999999998,-2.6979,3.4007,12h_SI8,12h,SI8,6h_SI1,6h,SI1,6.0986
-1.4617208,-10.297957,2.6165886,6.564684,13.761695,10.167265,N900_RS15865,relE_1,0.7884220115000001,-1.5627,5.4474,12h_SI8,12h,SI8,3h_st,3h,st,7.0100999999999996
0.41313156,2.3085256,14.510026,6.6928205,6.118658,-1.7609552,N900_RS15880,hemagglutinin,0.78077633,-0.78249,4.0803,12h_SI2,12h,SI2,6h_SI2,6h,SI2,4.86279
-2.4022624,-4.455072,12.410336,12.948083,7.7248893,-3.9903781,N900_RS15885,site-specific DNA-methyltransferase,0.8774892099999999,-0.25326,4.1696,12h_SI8,12h,SI8,6h_SI4,6h,SI4,4.42286
-1.7699088,-9.879891,10.438586,12.028016,5.5865602,-2.6565523,N900_RS15900,N900_RS15900,0.9284137716666667,-0.67835,4.5869,12h_SI8,12h,SI8,3h_SI2,3h,SI2,5.26525
2.3319716,-5.3793936,13.154057,6.0172977,7.135945,2.3336637,N900_RS15905,N900_RS15905,0.060548686666666685,-1.7624,2.9516,12h_SI8,12h,SI8,6h_SI2,6h,SI2,4.714
4.975486,-5.0215926,3.3028924,11.881692,1.8813567,-3.8304267,N900_RS15910,N900_RS15910,0.30484123166666677,-2.8453,3.7503,12h_SI8,12h,SI8,6h_st,6h,st,6.5956
5.0525126,-9.393876,0.13715881,9.545458,6.7815733,8.14452,N900_RS15915,N900_RS15915,-1.11123354,-3.606,1.6034,12h_SI8,12h,SI8,12h_SI2,12h,SI2,5.2094
2.9432452,-4.9674234,4.025858,9.071467,-1.3646787,5.784936,N900_RS15920,Pseudogene_N900_RS15920,-1.1846782000000002,-4.1939,1.5896,12h_SI8,12h,SI8,1h_SI1,1h,SI1,5.7835
1.0861869,-5.6519375,13.100864,7.45388,5.343796,4.2579093,N900_RS15925,N900_RS15925,0.35380017766666666,-1.4129,4.0138,12h_SI8,12h,SI8,3h_SI3,3h,SI3,5.4267
6.200204,1.9340937,-1.3543118,5.177752,-2.2052622,-1.1856779,N900_RS15930,N900_RS15930,0.0012084333333333326,-2.496,2.3043,12h_SI8,12h,SI8,6h_SI4,6h,SI4,4.8003
-4.1934867,4.042481,6.761453,10.156011,-0.5529271,-7.0024858,N900_RS15935,N900_RS15935,0.20808993333333337,-1.4397,3.2808,12h_SI6,12h,SI6,1h_SI1,1h,SI1,4.7205
1.1478003,-5.462411,13.222265,13.2146,5.433607,1.6261128,N900_RS15940,N900_RS15940,0.5237680916666666,-1.1836,3.4909,12h_SI8,12h,SI8,3h_SI4,3h,SI4,4.6745
-1.9400699,4.0178075,14.501616,3.8607764,0.02806584,0.6561283,N900_RS15950,N900_RS15950,0.25335393333333334,-1.7327,2.7027,12h_SI8,12h,SI8,3h_SI4,3h,SI4,4.4354
-4.3923326,-6.2339077,10.7005005,12.788001,13.093564,2.5108066,N900_RS15970,N900_RS15970,1.1528555000000003,-0.46373,4.1108,6h_st,6h,st,3h_SI1,3h,SI1,4.57453
-4.20806,-5.3359213,11.649379,6.2774405,12.92937,-5.0962515,N900_RS15990,ypeA_3,1.3665728833333333,-0.24499,4.4678,1h_SI4,1h,SI4,12h_SI1,12h,SI1,4.71279
1.2379538,-7.7724576,5.0748563,10.500227,10.2518835,3.434082,N900_RS16000,tnp_D2,0.4684770203333333,-1.8435,3.3309,12h_ce,12h,ce,12h_st,12h,st,5.1744
-6.6036983,0.65658695,8.988344,8.661618,11.414891,-7.547243,N900_RS16005,antibiotic acetyltransferase_2,0.5293890099999998,-0.97174,3.3843,12h_SI8,12h,SI8,3h_SI1,3h,SI1,4.35604
-8.225517,-7.627287,9.906044,7.8851266,14.166622,-2.917037,N900_RS16010,GNAT family N-acetyltransferase_6,0.94166235,-0.39445,4.0712,6h_st,6h,st,6h_SI2,6h,SI2,4.46565
-1.6314863,-18.215927,7.4338417,7.3042793,9.70962,5.652223,N900_RS16015,type II toxin-antitoxin system death-on-curing family toxin,1.2191837666666667,-0.75081,6.003,1h_SI9,1h,SI9,3h_st,3h,st,6.75381
4.173769,-14.674323,3.3186576,10.384357,9.194445,4.9294796,N900_RS16025,type II toxin-antitoxin system Phd/YefM family antitoxin_1,1.89653865,-0.065557,4.0415,6h_SI9,6h,SI9,12h_st,12h,st,4.107057
3.6519938,-11.038372,10.604763,13.680632,9.1402,0.25715098,N900_RS16030,rele,0.78793155,-0.85249,3.0446,12h_SI7,12h,SI7,12h_SI2,12h,SI2,3.89709
1.8429501,-3.4694393,5.945108,10.512085,9.783729,3.3113906,N900_RS16035,GNAT family N-acetyltransferase_10,1.353005896666667,-0.85716,3.8368,1h_SI4,1h,SI4,12h_SI3,12h,SI3,4.693960000000001
-1.4832481,-5.450217,13.251259,10.597351,10.576157,1.9807673,N900_RS16060,N900_RS16060,0.41023964499999993,-1.4017,4.6616,1h_SI1,1h,SI1,3h_SI3,3h,SI3,6.0633
2.9575036,-8.388094,5.704344,8.787411,11.086392,6.0227165,N900_RS16065,nucleotide pyrophosphohydrolase,0.61454285,-1.5085,3.934,12h_SI8,12h,SI8,12h_st,12h,st,5.4425
-3.7221823,0.9906048,2.3595874,-9.801337,8.78896,0.37780097,N900_RS16075,N-acetyltransferase_5,-1.1530386083333333,-4.8092,4.4884,12h_SI8,12h,SI8,6h_ce,6h,ce,9.2976
-4.504782,5.9473557,6.6531878,7.484149,8.881307,-0.6663806,N900_RS16085,relE1,0.36557308333333344,-1.8135,3.6081,12h_SI8,12h,SI8,12h_SI3,12h,SI3,5.4216
-4.2122245,-1.7174455,10.84337,11.815839,1.628932,-2.3389366,N900_RS16090,Pseudogene_N900_RS16090,0.2754633435,-1.6928,3.3191,12h_SI8,12h,SI8,3h_SI4,3h,SI4,5.011900000000001
-3.0166166,-16.924496,5.055959,10.028244,9.472587,1.6635219,N900_RS16095,N900_RS16095,0.4014964,-1.1377,3.7977,12h_SI8,12h,SI8,3h_st,3h,st,4.9354
8.673591,-10.374705,10.383377,6.8370705,5.997491,3.9024868,N900_RS16100,N900_RS16100,1.1757148166666664,-0.87859,4.3896,1h_SI4,1h,SI4,3h_SI3,3h,SI3,5.26819
2.7178864,-10.308414,9.337102,14.515925,5.031663,-3.4561749,N900_RS16110,GNAT family N-acetyltransferase_11,0.48535761666666666,-0.83151,3.3449,12h_st,12h,st,3h_SI1,3h,SI1,4.17641
2.6034064,-7.409392,7.2840924,8.058347,8.986919,-4.6515627,N900_RS16115,N900_RS16115,0.8299785816666666,-0.95318,4.7341,12h_SI8,12h,SI8,24h_SI1,24h,SI1,5.6872799999999994
-8.692443,-11.493876,5.048598,9.521677,13.462876,7.4565344,N900_RS16120,glutathione S-transferase,0.49457436666666665,-0.78823,4.5828,6h_st,6h,st,3h_st,3h,st,5.371029999999999
9.41083,-12.278239,0.18286662,3.8052423,3.446468,6.573448,N900_RS16125,N900_RS16125,0.12232466666666668,-1.2766,4.5738,24h_st,24h,st,1h_st,1h,st,5.8504000000000005
-7.7671027,-6.1716833,2.1623032,1.6252387,16.298103,-1.7741977,N900_RS16150,N-acetyltransferase_6,1.55959365,-0.21222,4.621,6h_SI1,6h,SI1,3h_st,3h,st,4.833220000000001
1.7989789,-5.1873183,4.0982428,2.5732715,12.324027,2.6171348,N900_RS16170,nucleotide pyrophosphatase,0.307905055,-1.3162,3.8144,12h_SI9,12h,SI9,12h_st,12h,st,5.1306
8.708459,-2.7260516,10.939075,2.3307552,6.122263,7.8897014,N900_RS16175,nrdD,1.3280423333333335,-0.23253,5.631,6h_SI4,6h,SI4,3h_SI5,3h,SI5,5.86353
-7.2339854,-15.39663,6.340155,4.196978,11.066408,-4.511518,N900_RS16185,tyrB,0.5090231166666668,-1.2054,4.277,12h_SI7,12h,SI7,3h_st,3h,st,5.4824
8.21749,-3.9657938,5.0917854,2.2525005,0.830279,13.239604,N900_RS16190,ATP-dependent zinc protease_2,-0.70523565,-2.7457,4.6147,12h_SI9,12h,SI9,1h_st,1h,st,7.3604
0.5394872,2.509096,10.635337,5.8152127,0.029939786,4.3462386,N900_RS16195,fruA,-0.4272863333333333,-2.2982,2.4705,6h_SI6,6h,SI6,6h_SI5,6h,SI5,4.7687
-3.7928193,-1.6558774,4.3464856,8.61717,8.584919,-2.0185661,N900_RS16200,pfkB,0.5286702000000001,-1.4725,5.1807,24h_SI3,24h,SI3,3h_SI1,3h,SI1,6.6532
-3.750897,-13.732831,9.002163,6.1243515,7.942195,-8.326141,N900_RS16205,fruB,1.04708575,-0.42619,2.9851,1h_st,1h,st,6h_SI3,6h,SI3,3.41129
1.9440722,-10.513656,6.662688,5.3308244,11.446095,-5.9327545,N900_RS16210,cra,0.43432115,-1.8357,4.7512,1h_SI2,1h,SI2,3h_SI2,3h,SI2,6.5869
1.3884019,-10.613452,7.964534,10.8819065,12.492835,5.683626,N900_RS16215,sbcD,1.0111105,-0.5054,4.1219,24h_SI9,24h,SI9,1h_st,1h,st,4.6273
-1.3819655,-5.438721,3.6428714,-3.1637871,-5.2296815,-4.7455926,N900_RS16220,sbcC_BLAST,-0.5289355433333333,-2.7417,3.5752,12h_SI4,12h,SI4,6h_SI3,6h,SI3,6.3169
3.4237733,4.8697705,13.193836,4.1353908,8.756941,2.5764933,N900_RS16225,cqsS_BLAST,0.16180714999999998,-1.6981,2.344,6h_SI3,6h,SI3,6h_SI2,6h,SI2,4.0421
-5.5762944,-17.406853,6.008477,9.143696,4.796815,-4.8988695,N900_RS16230,cqsA,0.82504815,-0.76438,4.1417,12h_SI7,12h,SI7,6h_st,6h,st,4.90608
-8.016332,2.8928518,13.570038,8.841651,6.8386297,-1.1914749,N900_RS16235,tellurium resistance protein,-0.054176333333333306,-1.9902,3.3807,6h_SI3,6h,SI3,1h_SI1,1h,SI1,5.3709
1.9107225,-8.02843,6.0915546,-1.3167254,4.116044,-12.621156,N900_RS16240,clcA,0.23447485000000004,-1.4546,4.9832,1h_SI3,1h,SI3,6h_st,6h,st,6.4378
7.3732557,-10.558722,12.51428,7.380342,6.4865756,-2.2493262,N900_RS16245,cobW,0.48308819300000005,-0.75494,4.2107,3h_SI1,3h,SI1,3h_SI4,3h,SI4,4.9656400000000005
-6.5851717,-3.0476737,13.436647,2.6372743,9.108185,4.7289453,N900_RS16255,kup,0.19566618666666669,-1.4853,3.2925,6h_SI2,6h,SI2,3h_SI4,3h,SI4,4.7778
-0.65872914,-13.707781,7.691299,9.889986,5.062113,-5.7893825,N900_RS16260,nifJ,1.428935468333333,-0.15473,4.7175,6h_SI4,6h,SI4,6h_st,6h,st,4.87223
-3.7483087,-1.3698394,10.211984,10.1663065,9.184424,-7.762077,N900_RS16265,kdpd,0.27659245,-1.3421,3.2312,3h_SI3,3h,SI3,3h_SI1,3h,SI1,4.5733
-4.739917,-16.954512,6.964422,8.19217,6.494666,-4.2352777,N900_RS16270,kdpE,0.5579111333333334,-0.62043,3.1405,24h_ce,24h,ce,1h_ce,1h,ce,3.76093
-8.775625,-12.376335,-4.18932,-9.752936,-4.0245934,6.015999,N900_RS16275,tata,-0.03548136366666666,-1.813,5.3506,12h_SI4,12h,SI4,3h_st,3h,st,7.1636
0.2422972,-4.373391,13.31486,6.730907,9.338616,-2.7765548,N900_RS16280,deda,1.4849051666666668,0.11019,5.1224,1h_SI6,1h,SI6,3h_SI5,3h,SI5,5.01221
0.83847654,-9.963379,10.869678,8.6060505,7.2423854,3.143999,N900_RS16285,N900_RS16285,0.6993026666666667,-1.1264,4.0597,12h_SI8,12h,SI8,3h_SI2,3h,SI2,5.186100000000001
-2.0602894,7.2762895,11.45004,-0.39777824,-4.9921384,-1.610558,N900_RS16290,N900_RS16290,0.28817805,-1.0636,3.3057,6h_SI3,6h,SI3,3h_SI5,3h,SI5,4.3693
5.6255984,9.041625,-3.1556594,-5.2305207,2.8472416,-1.3235891,N900_RS16295,N900_RS16295,0.8043542833333334,-2.806,4.3904,12h_SI8,12h,SI8,12h_SI2,12h,SI2,7.1964
0.82023126,-11.81318,8.52402,12.682321,7.9901967,-2.924816,N900_RS16300,yceJ_2,1.1525435166666667,-0.27511,4.7883,3h_st,3h,st,3h_SI1,3h,SI1,5.063409999999999
-2.4207163,-6.386948,7.108908,3.4357817,5.348043,1.005039,N900_RS16305,ycei,-1.2561630666666668,-3.946,4.2605,6h_SI6,6h,SI6,3h_SI2,3h,SI2,8.2065
-1.6826048,-15.183978,1.9556725,7.662509,9.238018,0.10754825,N900_RS16310,focA_2,1.7257819333333337,-0.51131,6.0769,1h_SI8,1h,SI8,3h_SI2,3h,SI2,6.58821
2.4706671,-0.8405372,13.091715,7.298225,11.209354,0.71292824,N900_RS16315,argP_2,1.3540184666666666,-0.14788,4.7143,1h_SI7,1h,SI7,6h_SI1,6h,SI1,4.8621799999999995
4.8686466,-9.695305,-0.54848063,1.3561481,7.907491,4.1831026,N900_RS16320,Inner membrane protein YcdZ_BLAST,-0.013156353333333284,-2.3482,6.182,12h_SI8,12h,SI8,3h_SI2,3h,SI2,8.5302
-7.8566303,-15.297196,4.7537565,3.2124949,9.439971,-6.4570036,N900_RS16325,ATP-dependent endonuclease,1.1322736983333335,-0.46993,4.3465,1h_SI5,1h,SI5,3h_st,3h,st,4.8164299999999995
-0.57821673,-6.451481,8.211608,-4.776801,4.8210716,-7.3107285,N900_RS16330,bifunctional metallophosphatase/5'-nucleotidase,0.41608813333333333,-1.5387,4.0579,6h_SI3,6h,SI3,12h_st,12h,st,5.5966000000000005
-3.921146,9.33022,11.155123,-3.6369896,4.8779664,3.5226014,N900_RS16335,terc,-0.46193062333333335,-2.2663,1.8984,6h_SI3,6h,SI3,3h_SI5,3h,SI5,4.1647
-4.856498,-4.5730085,12.890393,9.319131,6.3511677,-2.007088,N900_RS16345,alkylphosphonate utilization protein,1.0216163666666664,-0.55201,4.916,6h_SI2,6h,SI2,6h_SI3,6h,SI3,5.4680100000000005
-10.096551,-12.453811,2.891602,6.1124187,11.326185,4.4921923,N900_RS16350,N900_RS16350,0.8716396166666667,-0.9189,5.8887,12h_SI2,12h,SI2,3h_st,3h,st,6.8076
0.8316397,0.9673138,10.590807,14.423197,4.071701,-2.5731711,N900_RS16355,N900_RS16355,-0.4701530666666666,-1.7787,2.4695,3h_SI6,3h,SI6,6h_SI2,6h,SI2,4.2482
0.26197928,-7.135925,0.73663867,2.6724768,4.4197884,-9.745818,N900_RS16360,fatty acid cis/trans isomerase,0.8629464283333335,-0.61524,4.8039,6h_SI2,6h,SI2,6h_st,6h,st,5.41914
-0.8747709,-16.810968,7.2980437,9.715569,10.488815,1.0655059,N900_RS16370,yhjX,1.2307894166666666,-0.41223,4.0883,1h_SI2,1h,SI2,3h_SI4,3h,SI4,4.50053
-7.859312,-2.3917766,11.29028,12.231888,8.621724,-7.6127224,N900_RS16375,N900_RS16375,0.362556495,-0.89203,3.8498,3h_SI3,3h,SI3,3h_SI1,3h,SI1,4.74183
-5.514232,-2.7186701,9.103538,12.437437,10.320777,2.8334403,N900_RS16380,sensor domain-containing diguanylate cyclase_4,0.2058518,-1.1011,3.6963,12h_co,12h,co,3h_SI1,3h,SI1,4.7974
-5.3020096,-18.113209,6.7217894,10.787231,6.8304753,-2.4085178,N900_RS16390,hpxW,0.8557798833333334,-0.81315,4.2742,12h_st,12h,st,1h_SI1,1h,SI1,5.087350000000001
10.72155,-6.4741287,2.4926298,-0.37217784,-7.9521914,-2.9090264,N900_RS16395,Solitary outer membrane autotransporter beta-barrel domain,0.6571251446666666,-0.50736,4.7118,3h_st,3h,st,6h_st,6h,st,5.2191600000000005
0.18929417,1.3521887,3.760867,6.3314404,14.861529,-3.736746,N900_RS16400,N900_RS16400,0.08820191666666664,-1.8666,4.4851,1h_SI1,1h,SI1,12h_SI1,12h,SI1,6.3517
10.228146,1.1159346,7.52257,3.1296413,2.041726,-0.8843855,N900_RS16405,N900_RS16405,1.0443953,-0.2683,5.368,3h_SI9,3h,SI9,6h_SI2,6h,SI2,5.6363
-5.2441435,-0.4361368,13.4697695,12.961587,7.9300833,-4.6156707,N900_RS16410,transcriptional regulator_4,0.5308673333333334,-1.4586,4.77,1h_ce,1h,ce,3h_SI5,3h,SI5,6.228599999999999
-5.6244273,-4.367212,10.070892,-0.027136974,9.817317,-12.410304,N900_RS16415,pntA,0.38819996666666673,-1.0715,4.5501,12h_st,12h,st,6h_ce,6h,ce,5.621599999999999
-7.3877707,-12.897395,10.417975,10.88969,14.164254,1.3761523,N900_RS16420,pntB,1.030544705,-0.22161,3.5925,1h_SI7,1h,SI7,6h_SI2,6h,SI2,3.81411
9.927412,-3.8117025,4.194439,6.689491,8.007217,3.0978932,N900_RS16425,vxrA_BLAST,0.16898825,-1.5679,4.1622,12h_ce,12h,ce,12h_SI2,12h,SI2,5.7301
-3.807473,-0.7179948,10.742472,9.274732,-4.7112923,4.512866,N900_RS16430,vxrB,-0.39432785333333337,-1.9981,3.8539,12h_SI4,12h,SI4,3h_SI4,3h,SI4,5.852
5.7310166,-5.0944085,9.657426,6.099482,3.6330621,-2.8517187,N900_RS16435,N900_RS16435,0.2824604333333333,-1.5569,3.2511,3h_SI5,3h,SI5,6h_SI4,6h,SI4,4.808
1.5515262,-11.799933,10.358336,12.084878,6.0060325,-8.770762,N900_RS16440,TraF,1.3596824000000003,-0.19428,4.7884,1h_SI9,1h,SI9,6h_st,6h,st,4.98268
0.57842463,4.808358,10.965953,3.4994879,1.8393841,-5.218309,N900_RS16445,VC0395_0503_BLAST,0.6296410833333334,-0.78978,3.9846,12h_SI1,12h,SI1,6h_SI4,6h,SI4,4.77438
1.2822727,-2.184513,6.6903453,9.902386,13.236341,4.649633,N900_RS16450,yciH,0.6811218833333333,-3.0652,4.6597,6h_SI6,6h,SI6,12h_SI1,12h,SI1,7.7249
-4.277269,6.617579,2.2734158,-2.481326,-2.040505,0.3800298,N900_RS16455,N900_RS16455,1.4157422000000002,-0.36415,4.071,12h_SI3,12h,SI3,3h_SI8,3h,SI8,4.43515
-6.5550785,0.31078365,0.50231963,15.673911,6.209033,-3.7107751,N900_RS16465,DamX-related protein,0.025303263333333333,0.0031775,0.28123,6h_SI3,6h,SI3,3h_SI1,3h,SI1,0.2780525
-2.1090598,-10.404195,12.539248,6.136198,10.633148,-10.327033,N900_RS16470,patZ,1.8208001666666662,0.16572,5.0938,1h_SI7,1h,SI7,3h_SI2,3h,SI2,4.92808
-2.972328,-10.544457,12.3922615,5.396009,6.344869,-6.438997,N900_RS16475,yhaJ,0.6793553333333333,-0.65275,2.8348,3h_ce,3h,ce,3h_SI2,3h,SI2,3.48755
-1.3471943,-10.271318,11.43295,11.326466,11.074496,-7.1014066,N900_RS16480,TonB-dependent hemoglobin/transferrin/lactoferrin family receptor,0.43546566666666664,-1.2188,2.8525,1h_SI7,1h,SI7,3h_SI1,3h,SI1,4.0713
4.850865,-11.648992,4.158522,12.844719,-0.03158779,-6.8488417,N900_RS16485,sgrr,-0.008940116666666654,-1.8054,5.2491,6h_SI9,6h,SI9,6h_st,6h,st,7.0545
4.473065,-9.636344,4.8380604,1.2740229,11.689713,6.5564322,N900_RS16490,N900_RS16490,1.271662465,-0.024411,5.4643,1h_SI6,1h,SI6,1h_st,1h,st,5.4887109999999995
-0.8369927,-3.2736652,5.9446025,8.738571,13.851427,-3.369274,N900_RS16495,hotdog fold thioesterase,0.5805348833333334,-0.81619,3.7856,1h_SI5,1h,SI5,12h_SI3,12h,SI3,4.60179
-5.677228,-1.3975303,16.375036,9.739914,15.357353,-0.28852057,N900_RS16500,bepA_3,0.5826428999999999,-1.0895,3.4383,6h_st,6h,st,3h_SI3,3h,SI3,4.5278
-4.7754426,-7.3624587,14.467918,9.0939865,9.588955,-4.637368,N900_RS16505,N900_RS16505,0.6978886499999999,-0.7216,4.636,6h_st,6h,st,3h_SI2,3h,SI2,5.3576
0.4923997,-1.9372858,9.447804,7.4519506,11.708219,3.8883936,N900_RS16510,ABC transporter substrate-binding protein_12,0.7960186649999998,-0.59381,3.588,12h_SI5,12h,SI5,1h_ce,1h,ce,4.1818100000000005
-7.3707185,-14.78132,11.048398,6.52917,9.614077,-8.782743,N900_RS16515,yfcG,0.7316388833333335,-0.97261,4.1316,12h_st,12h,st,3h_SI2,3h,SI2,5.10421
3.6156058,-7.402067,7.798003,3.8666494,12.425926,13.374474,N900_RS16520,dcmA,0.39965361666666666,-1.145,4.2186,3h_SI6,3h,SI6,1h_st,1h,st,5.3636
-1.3261366,-4.556896,13.505907,8.03104,11.560297,-1.5444667,N900_RS16525,comR_1,0.9737587833333333,-0.72512,3.5824,1h_co,1h,co,6h_SI3,6h,SI3,4.30752
-2.6328118,-9.393764,3.481235,5.565133,12.094147,5.3983793,N900_RS16530,DNA-binding protein_3,1.5552757166666669,-0.3605,4.783,1h_SI4,1h,SI4,3h_st,3h,st,5.1435
4.4002304,-5.661569,9.19794,13.053186,5.2730174,-7.742396,N900_RS16535,yejF,1.1135857333333334,-0.5661,4.5749,3h_SI2,3h,SI2,6h_SI3,6h,SI3,5.141
5.5006604,-8.008742,3.1595447,10.884096,3.140954,-4.4717355,N900_RS16540,yejE,0.4146025700000001,-1.0681,3.2232,3h_SI4,3h,SI4,6h_st,6h,st,4.2913
-2.6145763,-12.008945,9.185054,8.931753,9.423907,7.2736382,N900_RS16545,yejb,0.21903570499999991,-1.0042,3.6234,24h_ce,24h,ce,6h_SI3,6h,SI3,4.6276
-3.2362,-0.16377579,2.7784593,3.8040342,12.043854,-7.788238,N900_RS16550,ABC transporter substrate-binding protein_9,0.48865226333333334,-1.0121,3.7353,3h_SI3,3h,SI3,3h_SI2,3h,SI2,4.7474
-9.864134,-2.997937,10.998538,3.7926505,14.1454935,-4.4392157,N900_RS16555,N900_RS16555,0.5484673666666666,-1.034,4.9983,12h_st,12h,st,6h_ce,6h,ce,6.0323
-2.9324012,2.7224445,12.395971,1.0456303,6.531123,-0.5883433,N900_RS16560,exopolyphosphatase,1.2908359999999999,0.1454,4.6135,1h_SI9,1h,SI9,3h_SI5,3h,SI5,4.4681
2.9562776,-11.446447,9.396082,6.4133177,7.7092166,-5.267004,N900_RS16565,hemolysin,0.819966314,-0.58294,4.7613,1h_SI1,1h,SI1,3h_SI5,3h,SI5,5.34424
-2.2289164,-4.9534416,15.677487,3.520905,12.045008,-4.492902,N900_RS16570,N900_RS16570,0.9372962450000001,-0.6031,4.0709,12h_st,12h,st,3h_SI2,3h,SI2,4.6739999999999995
5.6091533,-11.868464,5.18707,4.001841,-0.77553123,3.139998,N900_RS16575,peptide MFS transporter,-0.018656399999999986,-1.4443,3.534,12h_SI7,12h,SI7,1h_SI1,1h,SI1,4.9783
2.3977487,-8.798946,13.016212,11.958688,10.63144,-3.3417296,N900_RS16580,eamA_7,0.45859916666666667,-1.0791,3.8888,1h_st,1h,st,6h_SI1,6h,SI1,4.9679
-1.9119484,-5.590196,12.118654,12.588182,7.564382,4.364096,N900_RS16585,phnR,-0.3292854233333334,-2.9731,2.9314,12h_SI8,12h,SI8,3h_SI3,3h,SI3,5.9045000000000005
3.3944693,1.3824189,7.099642,18.667625,4.302778,1.4903687,N900_RS16590,putative 2-aminoethylphosphonate ABC transporter permease subunit,-0.09800021499999997,-1.6796,3.5755,6h_ce,6h,ce,3h_SI1,3h,SI1,5.2551
-3.7403717,-10.136958,7.3193574,7.2380614,11.247134,7.1787477,N900_RS16595,putative 2-aminoethylphosphonate ABC transporter ATP-binding protein,0.1405283,-1.2897,2.2662,6h_st,6h,st,3h_st,3h,st,3.5559000000000003
-6.426852,0.06064419,10.844781,7.996705,14.809063,-0.99499226,N900_RS16600,putative 2-aminoethylphosphonate ABC transporter substrate-binding protein,0.738933845,-0.60612,3.9444,3h_SI2,3h,SI2,12h_SI1,12h,SI1,4.55052
-5.1010804,0.76707596,9.273536,-5.1887445,11.155144,-3.0974536,N900_RS16605,phnW,0.19786830000000002,-1.1237,3.5522,12h_SI4,12h,SI4,6h_ce,6h,ce,4.6759
-0.4300691,-8.59815,9.514846,10.804482,9.620422,0.18380457,N900_RS16610,pbfA_BLAST,0.4936471499999999,-1.1432,3.8206,6h_SI3,6h,SI3,6h_SI1,6h,SI1,4.9638
5.4821615,0.42517188,8.002529,2.042525,-1.4346702,0.8504335,N900_RS16615,phnX,-0.1578717666666667,-1.6794,2.8874,12h_SI2,12h,SI2,6h_SI5,6h,SI5,4.5668
-9.868901,-18.89866,-0.10713224,1.0295328,9.915246,7.660671,N900_RS16620,rnk,0.006918493833333332,0.00037715,0.11786,6h_SI7,6h,SI7,3h_st,3h,st,0.11748285
5.0662584,4.911639,7.37577,5.5208693,6.51031,2.6296406,N900_RS16625,yjjG,-0.6775068333333334,-2.2165,2.0253,6h_ce,6h,ce,6h_SI4,6h,SI4,4.2418
5.0062656,-0.41227427,6.333107,8.696004,-6.0208616,5.4642735,N900_RS16630,N900_RS16630,-1.6399974166666664,-4.2154,2.6879,3h_SI7,3h,SI7,6h_SI3,6h,SI3,6.9033
-3.1361654,-4.123152,9.858705,4.5592046,12.285139,-8.573634,N900_RS16635,elbB,0.7170730741666667,-0.63514,3.8834,3h_SI4,3h,SI4,3h_SI2,3h,SI2,4.51854
0.44283634,-12.3503275,5.634567,9.194188,10.056145,1.4170275,N900_RS16640,mscL,1.314688,0.04768,4.8727,1h_SI7,1h,SI7,6h_SI2,6h,SI2,4.82502
-3.5533834,-13.858013,7.2981896,7.494335,8.255477,4.8068657,N900_RS16645,fhs,0.6325850383333333,-0.62978,3.4248,24h_co,24h,co,3h_st,3h,st,4.05458
-1.8257859,-14.248841,7.2053156,8.657581,10.166712,-2.59702,N900_RS16650,msrB_3,1.3835076666666666,-0.4214,3.6788,1h_SI4,1h,SI4,6h_st,6h,st,4.1002
3.8877673,3.5130093,9.277841,3.999674,-5.9431353,-5.203035,N900_RS16660,moeA,0.061813798333333336,-1.7186,4.2825,12h_SI2,12h,SI2,6h_SI4,6h,SI4,6.001099999999999
-0.09467244,5.4632845,5.5590887,4.035351,9.507459,5.486158,N900_RS16665,moeB,0.32829596666666666,-1.3326,3.7118,24h_st,24h,st,3h_SI3,3h,SI3,5.0444
0.9802118,-4.180946,8.751565,7.9937725,5.361118,-1.4892066,N900_RS16670,glyoxalase_2,0.9080446181666667,-1.4735,4.4467,12h_SI2,12h,SI2,1h_SI1,1h,SI1,5.9201999999999995
4.9878745,-16.354204,0.92939323,0.45459718,-3.1342428,0.038310297,N900_RS16675,sseA,1.0527538636666667,-0.77447,6.1141,6h_SI7,6h,SI7,6h_st,6h,st,6.88857
-3.4817297,7.6625524,12.541858,12.774507,-1.0688186,-6.0302567,N900_RS16680,lsrR,0.22555716666666664,-1.5663,3.759,12h_SI1,12h,SI1,1h_SI1,1h,SI1,5.3253
3.3948143,4.0812006,3.197638,8.12025,-2.0152535,4.700858,N900_RS16690,tal,0.42097917833333326,-0.97776,5.6023,24h_SI5,24h,SI5,1h_SI1,1h,SI1,6.58006
2.3553612,-1.9493779,6.9232626,-2.7718532,10.3926935,8.724227,N900_RS16700,TonB-dependent receptor_2,0.6705106366666667,-1.0499,3.8867,6h_SI4,6h,SI4,1h_st,1h,st,4.9366
6.6864433,0.7826999,5.1609163,4.99299,10.865028,9.364522,N900_RS16705,spoU,-0.32401194333333333,-2.6695,5.3864,6h_SI6,6h,SI6,12h_SI1,12h,SI1,8.055900000000001
-4.9610167,-5.1125684,10.028947,-0.029114403,2.5019464,9.043493,N900_RS16710,prepilin peptidase_3,-0.090432,-1.4352,2.0475,12h_SI3,12h,SI3,3h_SI5,3h,SI5,3.4827
1.4726411,-0.85623807,16.221815,14.575479,3.1580834,-1.2936308,N900_RS16715,abrb,0.7142754149999999,-0.80685,4.4587,12h_st,12h,st,6h_SI3,6h,SI3,5.26555
0.18432559,-11.423763,1.4813192,6.624061,5.22668,-6.4849634,N900_RS16720,gyaR,0.8166828250000001,-0.78383,4.2747,3h_SI4,3h,SI4,6h_st,6h,st,5.05853
-5.485264,-14.762259,5.2278113,11.03084,10.731101,-2.183783,N900_RS16725,GNAT family acetyltransferase,1.179908833333333,-0.16635,4.7237,6h_co,6h,co,3h_SI1,3h,SI1,4.8900500000000005
3.6763127,-10.593823,9.6031885,13.731911,7.819602,1.6720468,N900_RS16730,nudG,0.7322727166666666,-0.66487,3.3135,3h_st,3h,st,3h_SI3,3h,SI3,3.97837
-1.4168044,-7.7640467,11.82153,12.292255,13.17692,-1.7997502,N900_RS16735,glpm,0.6334879999999999,-0.9542,4.6787,1h_SI3,1h,SI3,6h_SI2,6h,SI2,5.6329
3.992247,-8.660919,1.2119597,5.9377766,10.433209,-3.650804,N900_RS16740,tRNA (adenine-N(1))-methyltransferase,1.1292991166666666,-0.90748,4.1526,1h_SI1,1h,SI1,3h_SI2,3h,SI2,5.060079999999999
-0.5772634,-17.751614,9.448923,3.421024,8.671864,-0.89898807,N900_RS16745,dmlR_5,0.8317429999999999,-0.46262,3.8421,3h_SI1,3h,SI1,3h_SI4,3h,SI4,4.30472
2.3372736,4.228799,-4.031808,9.208133,6.2215414,-1.2083676,N900_RS16750,antibiotic biosynthesis monooxygenase,0.6518676713333333,-3.1135,4.3596,6h_SI6,6h,SI6,3h_SI1,3h,SI1,7.4731000000000005
-0.29725078,-0.6067308,-2.0025039,-6.4422417,1.1465628,5.3634624,N900_RS16755,nfsB,1.2619842833333335,-1.2308,6.7662,12h_SI8,12h,SI8,3h_SI6,3h,SI6,7.997
-7.0194654,-5.712286,15.519672,11.907985,7.429672,-2.9149525,N900_RS16760,efflux RND transporter permease subunit,0.5394908916666666,-1.5423,3.3694,6h_SI1,6h,SI1,3h_SI2,3h,SI2,4.9117
1.8912089,-10.991438,11.830187,11.51117,6.3729005,-5.4161377,N900_RS16765,mdtA,0.6354592599999999,-0.62619,3.7275,12h_st,12h,st,3h_SI3,3h,SI3,4.35369
4.071819,-3.8438337,2.4452631,0.027294531,8.97071,0.2935004,N900_RS16770,Probable transporter PD_1893_BLAST,-0.239255285,-2.8898,3.4182,6h_SI7,6h,SI7,3h_SI2,3h,SI2,6.308
-10.081785,-15.009922,-9.091452,-2.8181918,8.133052,10.926845,N900_RS16775,Probable transporter XF_0766_BLAST,0.0026558358566666665,6.9364e-06,0.11476,6h_SI5,6h,SI5,3h_st,3h,st,0.1147530636
-5.33114,-1.3287445,11.023835,6.645893,14.165829,0.52269524,N900_RS16780,arsR,0.9171819416666668,-0.48954,3.9739,6h_SI2,6h,SI2,1h_st,1h,st,4.46344
-4.592905,-4.756242,9.568246,11.240612,10.494582,-5.494435,N900_RS16785,N900_RS16785,0.25095937500000004,-1.2511,3.946,1h_SI2,1h,SI2,3h_SI1,3h,SI1,5.197100000000001
-7.9086695,-10.854996,5.118253,8.509765,12.638201,7.0048237,N900_RS16790,cdr,0.20182668333333323,-1.1618,4.6773,12h_st,12h,st,3h_st,3h,st,5.8391
0.9254718,-0.8507134,12.952507,10.404526,11.706739,-1.369418,N900_RS16795,N900_RS16795,0.819769475,-0.41445,3.6613,6h_st,6h,st,6h_SI3,6h,SI3,4.07575
-11.428268,-10.266349,8.600942,3.9105237,14.462797,-1.3224705,N900_RS16800,GNAT family N-acetyltransferase_5,1.3204412333333335,-0.26047,4.9415,6h_st,6h,st,3h_st,3h,st,5.201969999999999
0.90917116,8.316697,4.647868,2.9950893,5.1488686,6.0669627,N900_RS16805,N900_RS16805,-0.147759885,-1.9441,2.725,24h_st,24h,st,12h_SI2,12h,SI2,4.6691
-2.2377384,-5.247786,13.200681,15.170232,8.568825,-0.040089425,N900_RS16810,N900_RS16810,0.7120209083333332,-0.91403,3.9278,6h_SI4,6h,SI4,1h_SI1,1h,SI1,4.84183
2.8163476,-4.609195,2.8291576,6.1971045,12.766429,-5.66154,N900_RS16815,N900_RS16815,1.0493633000000002,-0.74401,6.0943,1h_SI1,1h,SI1,12h_SI1,12h,SI1,6.83831
8.612885,-4.841297,8.708717,3.5014508,4.957989,-4.276711,N900_RS16820,N900_RS16820,0.5145647466666666,-0.84706,3.4173,3h_st,3h,st,6h_SI4,6h,SI4,4.26436
-5.3190813,-6.2710276,5.5770874,10.123052,8.200074,0.5683438,N900_RS16825,N900_RS16825,1.01404875,-0.66336,5.424,12h_SI4,12h,SI4,3h_SI5,3h,SI5,6.08736
-7.8546944,-14.546018,9.712669,6.5846577,12.202829,-5.0958376,N900_RS16830,N900_RS16830,1.1980699833333333,-0.94019,3.9891,1h_SI9,1h,SI9,3h_st,3h,st,4.92929
-0.52346957,-6.9919195,17.897778,7.4864163,10.56296,-1.1003691,N900_RS16835,treP,0.7296224666666666,-0.61527,4.1667,1h_st,1h,st,6h_SI1,6h,SI1,4.781969999999999
-2.6212423,0.5867744,10.852583,9.622873,6.0337,4.465789,N900_RS16840,ccpA,-0.06123888333333335,-1.5799,3.9485,1h_SI1,1h,SI1,3h_SI3,3h,SI3,5.5284
1.0322199,-6.728678,9.538962,0.7195895,11.988291,-0.38309523,N900_RS16845,scrB,-0.251349886,-1.5466,3.8156,3h_SI1,3h,SI1,3h_SI2,3h,SI2,5.3622
-8.403244,-9.353412,5.1536503,9.380542,9.857409,6.161506,N900_RS16850,aminoimidazole riboside kinase,0.13354021666666666,-1.1207,3.2724,3h_SI5,3h,SI5,3h_st,3h,st,4.3931000000000004
-5.844282,-2.265158,7.2760706,8.032583,11.2182045,6.6340365,N900_RS16855,glpD,0.6496473833333333,-0.79936,3.3945,6h_SI2,6h,SI2,3h_SI3,3h,SI3,4.19386
-1.8000647,-12.123399,7.5429416,-1.8363425,12.515951,3.7067616,N900_RS16860,aer_1,1.1111448666666663,-0.68545,5.2558,3h_SI1,3h,SI1,6h_SI1,6h,SI1,5.94125
4.2696056,-0.16518188,9.654397,9.165895,2.9868968,-1.3890779,N900_RS16865,pal_2,0.8230022889999999,-0.77208,4.4384,12h_SI1,12h,SI1,6h_SI1,6h,SI1,5.21048
-7.230608,-14.330354,5.647988,4.7053056,10.643069,-6.3648224,N900_RS16870,fkpA_2,0.95234514,-0.55698,3.956,6h_SI8,6h,SI8,1h_ce,1h,ce,4.51298
-5.2649145,-4.1340675,14.830106,6.9228916,11.599272,-6.4147453,N900_RS16875,beta-phosphoglucomutase family hydrolase,0.43112399516666666,-1.1501,2.9659,12h_st,12h,st,3h_SI4,3h,SI4,4.116
7.1555142,-6.297669,9.763032,4.3444514,8.656409,-6.7919254,N900_RS16880,methyl-accepting chemotaxis protein_23,0.8277599333333333,-1.0161,3.6504,1h_ce,1h,ce,6h_SI2,6h,SI2,4.6665
-4.3318324,-0.6316571,15.223226,11.407456,7.6262712,1.9134747,N900_RS16885,N900_RS16885,0.11723854,-1.4426,4.5481,6h_SI2,6h,SI2,3h_SI4,3h,SI4,5.9907
-1.1374328,-5.566907,11.287812,3.8064075,14.683277,-5.782046,N900_RS16890,dcuC,1.5143455833333335,-0.22815,4.5966,1h_SI8,1h,SI8,12h_SI1,12h,SI1,4.82475
-4.2658644,-1.4753207,6.3816156,9.289857,14.178186,4.784888,N900_RS16895,L-serine ammonia-lyase,0.47370339999999994,-1.0394,3.4005,6h_SI1,6h,SI1,3h_SI1,3h,SI1,4.4399
-0.94349897,-13.162019,7.779709,9.199853,12.183992,2.7924054,N900_RS16900,sglT,1.1976677166666667,-0.33342,5.1654,1h_SI4,1h,SI4,6h_SI1,6h,SI1,5.49882
0.017902002,-17.672953,-1.0690237,-0.4127002,9.0096245,1.4322712,N900_RS16905,yjhB,0.36280053333333334,-1.3162,4.9664,24h_ce,24h,ce,3h_st,3h,st,6.2826
0.07903411,-6.3937597,12.478446,-2.4451165,-6.369209,-5.984195,N900_RS16915,N900_RS16915,0.09244401666666667,-1.7849,2.8359,6h_SI1,6h,SI1,3h_SI2,3h,SI2,4.6208
0.43810245,-8.510328,1.2643802,7.0758014,8.172495,-5.884034,N900_RS16925,vraR,1.3537463500000004,-0.88984,4.7591,12h_SI8,12h,SI8,3h_SI2,3h,SI2,5.64894
2.1714027,-3.6079388,14.135362,2.7422707,11.811449,0.7034823,N900_RS16930,narQ,1.5310223133333334,-0.69866,6.2865,1h_SI8,1h,SI8,12h_SI1,12h,SI1,6.9851600000000005
3.4854715,-15.939332,4.0385947,10.787948,0.6821494,-5.0319223,N900_RS16935,napF,-0.027393087333333337,-1.6836,5.0861,24h_st,24h,st,6h_st,6h,st,6.7697
-8.364698,-3.59278,2.3562636,7.101241,11.769738,1.4323224,N900_RS16940,mycothiol reductase,0.7413755,-0.79871,4.1751,6h_SI1,6h,SI1,3h_SI1,3h,SI1,4.973809999999999
0.5836947,-8.073844,5.633845,10.858151,8.843231,1.7650039,N900_RS16945,napA,1.442234565,-0.0011471,4.6641,3h_SI4,3h,SI4,1h_st,1h,st,4.6652471
7.25599,-0.8162852,1.0712575,8.095461,2.4320126,9.200455,N900_RS16950,nitrate reductase cytochrome c-type subunit,-0.6916463233333334,-3.2206,2.5105,3h_SI7,3h,SI7,1h_ce,1h,ce,5.7311
2.6642857,-1.47626,1.7665727,-4.642849,8.375942,10.080558,N900_RS16960,N900_RS16960,-0.4783887333333333,-2.6155,3.4112,12h_SI6,12h,SI6,12h_SI1,12h,SI1,6.0267
-6.3227124,-3.8167183,10.412276,10.44585,14.217832,4.6552076,N900_RS16965,VC_A0681_BLAST,0.6569156833333333,-0.92262,3.1571,6h_st,6h,st,3h_SI1,3h,SI1,4.07972
-7.723631,-12.575962,11.025743,9.412393,5.322511,2.943452,N900_RS16970,uhpA,0.33793890000000004,-1.2807,4.6478,6h_SI7,6h,SI7,3h_st,3h,st,5.9285
-1.571309,0.68796873,2.7169037,5.1278076,11.756936,-7.533342,N900_RS16975,uhpB,1.428461016666667,-0.27163,5.0125,6h_SI4,6h,SI4,6h_SI1,6h,SI1,5.28413
-3.6545649,-6.6864543,13.5494795,10.311945,12.627946,-2.6342237,N900_RS16980,uhpT,0.9171101400000001,-0.67358,3.9435,3h_st,3h,st,6h_SI4,6h,SI4,4.61708
1.2303396,3.8684897,8.944096,4.3748636,6.776673,8.874029,N900_RS16985,HI_0131_BLAST,0.08490835000000001,-1.3763,3.2174,3h_SI1,3h,SI1,1h_ce,1h,ce,4.5937
6.001071,-4.5759573,11.542182,7.3654475,9.947426,6.524695,N900_RS16990,fbpB,1.1150698999999997,-0.26583,4.2786,3h_SI1,3h,SI1,6h_SI3,6h,SI3,4.54443
-2.9085526,-9.272761,10.145354,3.2550635,9.627329,-9.81911,N900_RS16995,fbpc,0.7874967783333333,-0.71548,3.3391,3h_st,3h,st,6h_ce,6h,ce,4.0545800000000005
-1.4329636,-9.405577,13.130636,3.9851851,10.792545,1.1551005,N900_RS17000,phaC,0.7301350666666667,-0.6329,3.0825,1h_st,1h,st,3h_SI2,3h,SI2,3.7154
-0.4361363,-6.7611704,5.179721,0.5275593,-2.2094288,5.955927,N900_RS17005,N900_RS17005,-0.2128434833333333,-1.9184,3.7991,12h_ce,12h,ce,3h_SI2,3h,SI2,5.7175
2.5824893,-15.499969,5.430365,6.1894746,7.121036,6.278366,N900_RS17010,phaA,0.9555229716666667,-0.30916,4.1748,6h_SI9,6h,SI9,1h_SI1,1h,SI1,4.483960000000001
-0.92396414,-11.748499,5.511098,-4.109069,6.9905806,3.0088098,N900_RS17015,fabG_2,1.4564766366666668,-0.99982,4.9421,1h_SI2,1h,SI2,6h_SI3,6h,SI3,5.94192
1.2796,3.6072826,5.524615,10.953426,16.020191,5.512079,N900_RS17020,secF_2,0.4510270333333334,-1.3879,5.2361,6h_ce,6h,ce,12h_SI1,12h,SI1,6.6240000000000006
-1.2895337,-6.1037865,16.83879,6.3247595,8.498589,-2.2149875,N900_RS17025,secD_2,0.38863711666666667,-1.1773,3.8037,12h_st,12h,st,3h_SI3,3h,SI3,4.981
-8.276519,0.90614426,8.156246,1.4986573,-0.68370575,1.17081,N900_RS17030,N900_RS17030,0.007091439999999995,-1.8932,3.5699,12h_SI3,12h,SI3,24h_st,24h,st,5.4631
6.1874537,-2.8263245,12.466474,1.5900055,11.739548,4.090911,N900_RS17035,N900_RS17035,0.8191599833333333,-0.80078,3.4977,3h_SI1,3h,SI1,6h_SI2,6h,SI2,4.29848
-0.38235366,-7.248735,15.738087,5.089298,11.29594,-0.0683068,N900_RS17040,diguanylate cyclase_5,1.2453789833333333,-0.3071,5.1603,1h_SI6,1h,SI6,3h_SI3,3h,SI3,5.4674000000000005
-3.3791556,-2.6768715,8.219251,3.9675677,16.744854,-0.12224534,N900_RS17045,glgC_2,0.9113801733333333,-0.85677,4.0223,6h_st,6h,st,12h_st,12h,st,4.8790700000000005
-7.213407,-11.697389,7.274885,9.640831,9.247511,1.9856133,N900_RS17050,endo I_2,0.7258463333333333,-0.69464,3.6224,12h_st,12h,st,3h_st,3h,st,4.3170399999999995
-5.2978287,-5.5057616,11.6553,5.25541,15.95801,-8.076538,N900_RS17055,yqhD,1.3934193333333331,-0.12136,5.1667,1h_SI7,1h,SI7,6h_ce,6h,ce,5.28806
6.1284094,0.78565615,10.494865,4.140408,2.9903364,6.4976044,N900_RS17060,lysoplasmalogenase_2,-0.4242432066666667,-2.0285,2.2069,6h_ce,6h,ce,24h_SI3,24h,SI3,4.2354
-6.167832,6.318568,11.74963,10.758787,12.823873,1.3201317,N900_RS17065,sigma-54-dependent Fis family transcriptional regulator,0.15059276666666666,-1.2004,2.7267,12h_st,12h,st,3h_SI1,3h,SI1,3.9271000000000003
4.621101,-3.6397495,10.604006,10.376631,10.659182,5.9385605,N900_RS17070,sasA_10,0.849038285,-0.66803,3.9104,6h_SI4,6h,SI4,3h_SI4,3h,SI4,4.57843
-5.4874434,-3.5526335,6.518615,8.75716,11.692782,3.625598,N900_RS17075,ABC transporter substrate-binding protein_11,0.053395615000000014,-1.7783,2.5907,6h_SI1,6h,SI1,6h_SI3,6h,SI3,4.369
-2.4216917,-16.147493,7.8311563,9.795636,11.588858,2.5538657,N900_RS17080,uhpC_2,0.7357802000000001,-1.1174,3.8125,6h_ce,6h,ce,3h_st,3h,st,4.9299
4.1108484,-17.307543,5.5831556,5.13996,7.26828,1.4750253,N900_RS17085,pykA_2,0.9199283349999999,-0.3013,4.3186,3h_co,3h,co,6h_st,6h,st,4.6199
-0.21197629,-7.054725,10.247427,-2.0976613,6.7531557,1.843251,N900_RS17090,torS,0.18125172333333334,-1.4573,2.6676,6h_SI1,6h,SI1,6h_SI3,6h,SI3,4.1249
2.858574,-2.2022486,14.612823,14.513765,9.722283,2.209797,N900_RS17095,torT,0.9537390833333333,-0.15005,4.4348,3h_SI9,3h,SI9,6h_SI1,6h,SI1,4.58485
1.1109737,-11.747513,12.312228,12.204297,7.283805,-5.0709414,N900_RS17100,mgsA,0.7573752716666668,-0.9919,3.4278,3h_SI9,3h,SI9,6h_st,6h,st,4.4197
-2.2310073,-15.57444,7.388453,8.558876,12.040825,1.6620276,N900_RS17105,pncA,0.0048669499999999906,-2.0468,2.9062,3h_SI8,3h,SI8,6h_SI1,6h,SI1,4.953
-4.832765,-1.7181894,11.391124,2.7902458,13.966127,-1.7265502,N900_RS17110,dgkA,0.05298613333333333,-1.2894,3.6196,6h_st,6h,st,3h_SI5,3h,SI5,4.909000000000001
-3.6443489,-7.081629,11.476802,9.587055,5.4038444,-5.18731,N900_RS17115,cytochrome b_2,1.335402983333333,-0.50459,4.2721,12h_SI2,12h,SI2,3h_SI2,3h,SI2,4.77669
-6.780755,-12.149552,4.1945925,9.330642,13.711354,3.2021563,N900_RS17120,cytochrome b_1,0.8508257406666666,-0.44336,4.2295,3h_SI4,3h,SI4,3h_st,3h,st,4.67286
1.5250863,-8.32635,10.091649,11.489521,10.016012,-6.7054534,N900_RS17125,helD,1.08539545,-1.8971,4.327,1h_SI7,1h,SI7,24h_st,24h,st,6.2241
-9.931714,-0.026455376,-1.0578092,-5.4731407,7.5036736,-0.32771248,N900_RS17130,yccS,0.07926474999999995,-1.669,4.4391,12h_SI3,12h,SI3,6h_ce,6h,ce,6.1081
3.1427896,-1.3861706,8.083339,4.501005,6.917092,-2.1799085,N900_RS17135,zraS,0.36174102499999994,-0.77758,3.2494,6h_st,6h,st,12h_SI2,12h,SI2,4.02698
-0.83806473,-2.7442749,1.1524075,-1.2180346,7.450241,8.388362,N900_RS17140,guanylate cyclase,-0.3868595,-1.5386,2.2391,24h_co,24h,co,6h_SI3,6h,SI3,3.7777000000000003
0.7599414,-7.8087544,10.250198,4.0470862,10.305269,-5.5046487,N900_RS17145,N900_RS17145,0.7030250333333334,-2.609,4.1445,1h_SI3,1h,SI3,24h_SI1,24h,SI1,6.7535
0.110355064,9.037088,9.0481825,10.914628,-5.4487414,-1.0125782,N900_RS17150,N900_RS17150,-0.7846704,-2.6707,2.5988,12h_SI4,12h,SI4,1h_SI1,1h,SI1,5.269500000000001
3.6555016,-4.5603905,15.359069,6.805282,12.519219,1.251501,N900_RS17155,hydroxymethylglutaryl-CoA reductase,1.2817511833333335,-0.33346,4.9465,1h_SI8,1h,SI8,3h_SI4,3h,SI4,5.27996
-5.546846,-7.752223,17.109358,14.923793,5.8772893,-3.8024602,N900_RS17160,modC,0.29395718,-1.5682,3.5798,3h_SI9,3h,SI9,3h_SI2,3h,SI2,5.148
-4.5635624,-10.25418,7.4198914,7.231459,8.007569,-9.1696615,N900_RS17165,modB,0.4785044333333335,-0.83515,3.6116,24h_SI9,24h,SI9,3h_SI1,3h,SI1,4.44675
-2.3370733,-13.304296,2.2754116,7.832644,10.6887045,1.1235926,N900_RS17170,modA,1.083801783333333,-0.47467,4.7104,12h_SI6,12h,SI6,3h_SI1,3h,SI1,5.18507
-5.9767203,-0.048552673,7.691682,4.134641,18.152737,-1.7737849,N900_RS17175,cobQ,0.9838760250000002,-1.1049,4.5436,6h_SI2,6h,SI2,3h_SI1,3h,SI1,5.648499999999999
-4.6134872,-2.555484,18.56921,13.532741,4.011963,-3.680585,N900_RS17180,DNA recombination protein RecF,0.40117316666666664,-1.2621,2.8585,3h_SI9,3h,SI9,3h_SI2,3h,SI2,4.1206
-3.332491,3.4662046,14.2523985,13.570809,0.055029295,-4.9120045,N900_RS17185,N900_RS17185,0.5620081033333334,-1.7638,4.0633,3h_SI9,3h,SI9,1h_ce,1h,ce,5.8271
-9.072676,-5.909937,16.362251,12.805185,4.669667,-0.60224766,N900_RS17190,N900_RS17190,0.3306763333333333,-2.9532,5.0123,3h_SI9,3h,SI9,3h_SI3,3h,SI3,7.9655
-0.45269668,-0.11683588,11.4005,6.6860895,6.264388,5.835563,N900_RS17195,N900_RS17195,1.0411199666666664,-0.055506,4.76,1h_SI8,1h,SI8,3h_SI4,3h,SI4,4.815506
0.7889447,-9.554041,10.263413,11.94544,7.2475715,-5.306513,N900_RS17200,NirD/YgiW/YdeI family stress tolerance protein,1.1170059,-0.37917,3.2817,12h_st,12h,st,3h_SI1,3h,SI1,3.66087
-3.551851,-1.3032227,4.880035,10.035252,4.489854,-0.92826974,N900_RS17205,N900_RS17205,0.8893727666666664,-2.313,6.1177,12h_SI8,12h,SI8,3h_SI1,3h,SI1,8.4307
-3.1556578,-6.7961984,15.601035,13.244864,11.160485,-4.9566245,N900_RS17210,N900_RS17210,1.2762096333333335,-0.15081,4.5136,1h_ce,1h,ce,6h_SI2,6h,SI2,4.66441
6.7655454,4.704538,3.295645,-0.13235742,-7.3699465,3.3265605,N900_RS17215,flagellar brake protein,-0.21507065,-2.5255,4.5015,12h_SI4,12h,SI4,1h_ce,1h,ce,7.027
4.3331227,-8.865477,8.493804,1.1049993,8.662204,-4.580527,N900_RS17220,luxQ,1.182231666666667,-0.56745,4.5966,24h_SI9,24h,SI9,12h_SI2,12h,SI2,5.16405
-5.1660547,-8.864476,11.75368,5.1972857,7.814785,-12.788597,N900_RS17225,luxp,0.7303537966666667,-1.1726,3.9362,1h_SI5,1h,SI5,6h_ce,6h,ce,5.1088000000000005
1.0586523,-6.2505994,12.39468,9.690642,11.059039,-2.7694294,N900_RS17230,traf,0.7390442776666668,-0.69807,2.8957,1h_st,1h,st,3h_SI4,3h,SI4,3.59377
-4.1493726,-13.113924,10.394531,3.6341858,9.072739,3.9477546,N900_RS17235,VC_A0740_BLAST,1.0040837166666667,-0.51741,4.1299,3h_SI1,3h,SI1,3h_SI2,3h,SI2,4.64731
11.304533,2.8456526,6.0983214,4.5449977,-5.310138,4.392966,N900_RS17240,N900_RS17240,-0.77394005,-2.5171,3.0223,12h_SI4,12h,SI4,6h_SI2,6h,SI2,5.5394000000000005
2.8382218,-10.257534,11.303711,5.6979146,6.194973,-3.9855263,N900_RS17245,tmaR_BLAST,0.7025685183333331,-0.8223,3.5791,1h_ce,1h,ce,6h_SI1,6h,SI1,4.4014
-2.853132,-4.625144,13.769902,8.62321,12.0641985,-0.120562285,N900_RS17250,N900_RS17250,1.2560773666666667,-0.47987,4.4691,3h_co,3h,co,3h_SI5,3h,SI5,4.94897
2.6685152,-6.257888,6.794903,3.0517251,11.82896,2.437154,N900_RS17255,membrane protein_8,0.052410633333333324,-1.5,2.9245,3h_SI5,3h,SI5,1h_st,1h,st,4.4245
-5.8431783,-15.884276,6.806774,7.536274,10.374616,2.5531325,N900_RS17260,glpK,0.6003520166666666,-1.1748,4.5069,12h_SI7,12h,SI7,3h_st,3h,st,5.6817
2.3871565,-4.1557426,6.2732906,6.6858077,11.339095,5.5902276,N900_RS17265,glpF,0.6165837333333333,-2.6402,5.4468,12h_SI8,12h,SI8,12h_SI1,12h,SI1,8.087
-2.9262004,0.26371944,6.4256926,7.930209,10.253278,-0.7586622,N900_RS17275,glpA,-0.3773540166666666,-2.0955,2.7264,1h_SI1,1h,SI1,3h_SI1,3h,SI1,4.821899999999999
-0.114959836,-1.9563462,13.8059225,5.243358,12.926446,2.7645755,N900_RS17280,glpB,0.11840099999999999,-1.1294,3.446,24h_SI9,24h,SI9,3h_SI3,3h,SI3,4.5754
-0.9716408,-7.251822,8.44007,-4.424561,7.0868483,1.7178077,N900_RS17285,glpC,-0.6903858499999999,-2.0003,2.173,6h_st,6h,st,3h_SI2,3h,SI2,4.1733
-3.628828,-5.5431952,10.135507,8.3911705,11.967987,-5.199465,N900_RS17290,fabH2,0.7739016166666669,-0.77547,4.1364,3h_co,3h,co,1h_SI1,1h,SI1,4.91187
1.9909899,-11.014361,10.458989,10.895741,9.626563,1.6949799,N900_RS17295,trxC,1.2598175171666666,-0.99765,5.2795,1h_co,1h,co,1h_st,1h,st,6.27715
0.80912614,-6.4207416,8.249763,2.5853403,6.029533,-8.418473,N900_RS17300,ycaD,1.206657616666667,-0.51427,4.1052,12h_st,12h,st,6h_SI4,6h,SI4,4.61947
0.5833694,-5.92702,-1.1047059,4.3978143,0.159004,-5.2865376,N900_RS17305,lipase,0.5709671833333335,-0.98955,3.6409,6h_co,6h,co,6h_st,6h,st,4.63045
-7.339181,-12.88015,2.923763,10.494221,7.61931,4.451905,N900_RS17320,N900_RS17320,0.3061075650000001,-0.98749,3.5751,6h_st,6h,st,3h_st,3h,st,4.56259
-4.5113554,-5.05179,13.335728,3.6697729,12.774269,3.7772133,N900_RS17325,lysr_5,1.30877688,-0.1414,5.1719,1h_SI5,1h,SI5,3h_SI3,3h,SI3,5.3133
3.1827025,-12.2488575,10.442347,7.397787,2.7987547,3.0524178,N900_RS17330,artM,0.3925796,-1.2675,3.824,6h_SI2,6h,SI2,3h_SI4,3h,SI4,5.0915
-3.6522882,-7.626245,14.486559,7.2237062,12.683107,-8.48189,N900_RS17335,artQ,1.0318918499999998,-0.92565,3.8465,1h_co,1h,co,3h_SI4,3h,SI4,4.77215
-6.6474247,5.071387,10.162538,1.1770824,-3.599854,3.6104941,N900_RS17340,artI_1,-0.046667466666666664,-1.9376,3.2309,24h_st,24h,st,3h_SI7,3h,SI7,5.1685
-0.24826974,5.397733,8.392639,-1.7515762,4.523118,-2.9640987,N900_RS17345,artP,0.36941128333333334,-1.241,3.3108,6h_SI2,6h,SI2,3h_SI8,3h,SI8,4.5518
-4.9799595,-12.147217,11.847272,6.2338977,11.446333,-1.1776575,N900_RS17355,viaA,1.4686574166666666,-0.95074,4.6164,1h_SI9,1h,SI9,3h_SI2,3h,SI2,5.567139999999999
-3.3700745,-5.3922424,12.817597,3.2616606,8.11435,-1.5599272,N900_RS17360,ravA,1.2431717499999997,-0.23129,4.2184,6h_st,6h,st,3h_SI5,3h,SI5,4.44969
5.086069,-3.2490735,7.424704,1.0201974,9.06829,-3.7927017,N900_RS17365,NUDIX hydrolase_2,0.6811701166666667,-0.78218,4.8826,6h_SI5,6h,SI5,6h_SI2,6h,SI2,5.66478
1.163744,-6.2934256,6.965596,12.691643,6.3381314,4.358298,N900_RS17370,ltaE,-0.055477656666666646,-1.4579,2.8178,6h_st,6h,st,3h_SI2,3h,SI2,4.2757000000000005
-1.8286877,-9.434144,12.375622,12.894772,5.6305747,-4.9170413,N900_RS17375,cytochrome c_3,0.2012271,-1.1163,2.4199,12h_st,12h,st,3h_SI3,3h,SI3,3.5362
2.0489938,-6.7722387,9.72997,12.561413,5.281432,-4.96294,N900_RS17380,ttgR,1.4613392499999998,-0.59587,4.4839,3h_SI3,3h,SI3,6h_SI1,6h,SI1,5.07977
1.9352036,-1.6312231,10.182427,6.241045,10.380336,-0.4515587,N900_RS17385,rhlE_4,0.18723543333333337,-1.2224,3.6755,6h_SI2,6h,SI2,12h_SI1,12h,SI1,4.8979
2.2012157,6.3075643,4.4294724,11.838277,10.978218,0.8997192,N900_RS17390,acpH,0.8077470708333334,-1.426,4.4622,1h_ce,1h,ce,1h_SI1,1h,SI1,5.8882
1.205417,-4.6140404,10.298759,-2.3930683,4.969694,1.2798135,N900_RS17400,tyrP,1.1570838300000001,-0.52762,3.5995,1h_SI2,1h,SI2,3h_SI5,3h,SI5,4.12712
12.255421,2.4188678,6.8067784,6.432513,-0.7847527,2.2681274,N900_RS17405,pctC_3,-0.032300850000000006,-1.2325,4.2403,12h_SI8,12h,SI8,6h_SI2,6h,SI2,5.4728
5.422649,-0.6716976,1.174746,3.073355,9.99545,11.148735,N900_RS17410,galE,-0.7105207866666666,-4.5677,4.4086,12h_SI8,12h,SI8,1h_st,1h,st,8.9763
-3.267686,-4.232301,13.074194,3.4755957,2.9069679,-3.983217,N900_RS17415,N900_RS17415,0.20791063333333334,-1.3735,3.7645,6h_SI1,6h,SI1,6h_SI4,6h,SI4,5.138
2.626528,-5.8124194,0.6702061,3.5916862,8.447243,4.2149806,N900_RS17420,pxpA3,0.004307596833333332,7.921e-05,0.097573,6h_SI5,6h,SI5,12h_st,12h,st,0.09749379
0.67645687,-6.4850726,7.060544,11.069743,9.956331,4.2455077,N900_RS17425,pxpB,0.6027269683333334,-1.0463,5.068,6h_SI4,6h,SI4,6h_SI2,6h,SI2,6.1143
7.58562,-7.9705076,4.510775,12.862409,6.891497,-2.3176441,N900_RS17430,pxpC,0.4106913500000001,-0.91513,3.4087,6h_SI6,6h,SI6,12h_st,12h,st,4.32383
3.1757572,-11.62825,9.436102,9.857621,7.943908,-1.5243264,N900_RS17435,FAD-dependent oxidoreductase_2,1.2542238333333335,-0.080534,3.8774,3h_co,3h,co,3h_SI2,3h,SI2,3.9579340000000003
2.2656806,-9.119562,11.70063,2.3362184,11.773996,5.014541,N900_RS17440,ugd,1.2105370000000002,-0.26174,4.7864,6h_st,6h,st,3h_SI6,3h,SI6,5.04814
-5.9235787,-11.505492,8.311184,4.5620003,13.414884,2.8650293,N900_RS17445,ABC transporter permease_7,0.6328677866666665,-0.72178,3.5048,6h_st,6h,st,3h_st,3h,st,4.22658
-4.0943866,-14.3579445,11.000446,5.9293566,10.382846,-5.675721,N900_RS17450,lolD_2,0.6380340696666668,-1.0085,4.294,1h_st,1h,st,3h_SI2,3h,SI2,5.302499999999999
1.2356286,-9.041098,8.461179,8.074294,0.3307052,-1.98489,N900_RS17455,tesA,0.7459913016666666,-1.1253,4.4167,3h_SI7,3h,SI7,3h_SI2,3h,SI2,5.542
0.76457995,3.4080558,9.8616295,7.2984233,15.401201,-4.111101,N900_RS17460,fabV_2,0.691949085,-0.67547,3.5099,3h_SI4,3h,SI4,12h_SI1,12h,SI1,4.18537
2.3726265,-12.302489,8.689231,4.229735,8.349069,5.142865,N900_RS17465,sensor domain-containing phosphodiesterase,0.5769836766666666,-1.372,3.7345,6h_SI3,6h,SI3,12h_st,12h,st,5.1065000000000005
2.9224255,-2.495925,-2.823184,-8.505621,6.0178356,-1.3665102,N900_RS17480,dnaj,0.16117439000000008,-2.0454,3.834,1h_SI2,1h,SI2,3h_SI2,3h,SI2,5.8794
4.334122,-8.354535,10.290039,11.003902,4.0835958,-9.21538,N900_RS17485,yjdF,1.0515363500000001,-0.65726,4.6891,6h_SI3,6h,SI3,6h_st,6h,st,5.34636
-4.0530066,-4.6615086,16.185051,11.387021,10.754026,-2.4100826,N900_RS17490,N900_RS17490,1.3283790166666667,-0.35622,4.4181,12h_st,12h,st,3h_SI3,3h,SI3,4.7743199999999995
-1.0836031,-6.486391,5.979596,9.130192,11.271516,-2.512429,N900_RS17505,Rha family transcriptional regulator,1.4790825833333332,-0.3036,4.9395,3h_SI5,3h,SI5,6h_SI2,6h,SI2,5.2431
2.377719,-11.646328,4.4744925,-2.2202394,8.099754,10.409556,N900_RS17510,N900_RS17510,0.5240943333333333,-2.0492,4.2201,1h_SI2,1h,SI2,3h_SI2,3h,SI2,6.2693
-0.21033591,-10.628318,8.615902,8.286627,15.5194025,0.82133996,N900_RS17515,"resolvase, putative",1.0423008999999999,-0.41253,4.9603,6h_SI7,6h,SI7,3h_SI2,3h,SI2,5.37283
2.789789,2.2043853,-0.18122785,-1.0737076,2.2828844,-1.768522,N900_RS17520,transcription initiation factor TFIIIB,0.23671706666666667,-2.1166,3.1143,3h_SI7,3h,SI7,3h_SI8,3h,SI8,5.2309
0.4747501,-5.667238,9.229887,9.513187,10.707381,-0.005684372,N900_RS17525,yieH,0.9582375816666666,-0.90131,4.0662,1h_SI7,1h,SI7,3h_SI4,3h,SI4,4.96751
4.4085517,-2.274061,7.6696773,0.6079439,11.574745,-1.8658506,N900_RS17530,N900_RS17530,0.7696543350000001,-0.60461,3.6619,3h_SI1,3h,SI1,6h_SI3,6h,SI3,4.26651
4.4976726,-0.12478933,10.213659,12.73957,7.643356,-1.6142292,N900_RS17535,creA,1.0667885000000001,-0.60431,4.2276,1h_co,1h,co,12h_SI3,12h,SI3,4.83191
7.645441,-10.369342,3.9548655,5.200495,3.5342867,-2.4944592,N900_RS17540,gsk_2,1.33893285,-0.45943,5.9925,6h_ce,6h,ce,6h_st,6h,st,6.45193
-4.6992593,-10.746833,10.877949,8.861678,11.360408,2.1464171,N900_RS17545,mdoB,1.4922828733333333,-0.056656,4.2972,6h_st,6h,st,3h_SI5,3h,SI5,4.353856
0.4882804,-5.3562975,7.5957346,10.249816,9.284326,-8.340749,N900_RS17550,vesA,1.496616616666667,-1.1355,4.5367,6h_SI3,6h,SI3,12h_SI1,12h,SI1,5.6722
1.3142045,-7.392354,-0.06811656,-2.5954328,11.90147,-0.78588104,N900_RS17555,DEAD/DEAH box family ATP-dependent RNA helicase,1.063649216666667,-2.4282,6.1077,1h_SI5,1h,SI5,3h_SI3,3h,SI3,8.5359
-0.1557641,-3.6283453,10.087076,2.7805004,7.8333707,1.8985674,N900_RS17560,rnb,-0.2808966833333333,-1.9472,3.3967,1h_SI1,1h,SI1,3h_SI4,3h,SI4,5.3439
-0.71053183,-5.638848,8.832388,5.7132196,8.980405,9.300289,N900_RS17565,N900_RS17565,0.759357,-1.7469,5.3842,6h_ce,6h,ce,1h_st,1h,st,7.1311
3.2090898,-7.3225765,6.603439,12.851164,8.718653,-5.4634194,N900_RS17570,pstS_2,1.1868148250000001,-0.63667,4.5699,1h_SI7,1h,SI7,3h_SI1,3h,SI1,5.206569999999999
6.487086,-4.0395184,2.904388,11.5135565,5.92287,1.3902767,N900_RS17575,MaoC family dehydratase,0.5215651666666667,-2.7246,2.8798,6h_SI5,6h,SI5,12h_SI2,12h,SI2,5.6044
-4.7892337,-1.8675287,14.005238,14.216532,11.884373,-3.7516444,N900_RS17580,phrB_1,0.9998710000000001,-0.26857,4.1433,1h_SI5,1h,SI5,3h_SI1,3h,SI1,4.41187
6.7000537,-1.1699908,12.763815,9.163808,9.635282,4.157768,N900_RS17585,gbpA,1.4135446666666667,-0.76527,4.8885,6h_SI6,6h,SI6,3h_SI4,3h,SI4,5.65377
-2.5892093,-6.943302,5.356692,10.477889,13.604329,1.4927132,N900_RS17590,peptidase_4,1.3174229849999997,-0.13686,4.6615,1h_SI8,1h,SI8,1h_SI1,1h,SI1,4.798360000000001
-1.641483,-6.854229,14.564899,1.2879193,6.68871,2.026097,N900_RS17595,Bacterial leucyl aminopeptidase_BLAST,0.49667377833333326,-1.0556,4.4349,6h_SI3,6h,SI3,3h_SI2,3h,SI2,5.4905
3.7685606,1.8275825,3.8306372,8.07873,9.73462,2.576022,N900_RS17600,speB,0.4268282466666667,-0.97639,3.9475,6h_SI2,6h,SI2,6h_SI1,6h,SI1,4.92389
-2.1588745,-1.7268511,15.074698,8.083873,6.545227,4.5306277,N900_RS17605,speA,-0.34985630984999994,-2.0291,3.8426,24h_st,24h,st,3h_SI3,3h,SI3,5.871700000000001
-1.0062149,-11.107095,10.135539,9.034497,4.886477,-4.081541,N900_RS17610,mechanosensitive ion channel protein,0.4576205666666667,-0.7909,3.4929,24h_SI8,24h,SI8,3h_SI4,3h,SI4,4.2838
-5.7285295,3.7158237,9.878904,11.181175,6.4190807,-3.3939524,N900_RS17615,mgtE_3,-0.5498134666666668,-3.4771,3.567,6h_co,6h,co,3h_SI1,3h,SI1,7.0441
-6.3916006,-2.4376302,14.473275,2.7502844,16.061378,-5.97392,N900_RS17620,groS_2,0.9049580516666667,-0.47564,4.331,6h_st,6h,st,6h_ce,6h,ce,4.806640000000001
-4.9369287,-5.103052,11.540064,3.5733538,13.928348,-9.448068,N900_RS17625,groL_2,1.4953056316666666,-0.10164,4.8186,1h_SI6,1h,SI6,6h_ce,6h,ce,4.92024
-6.7208433,-10.797198,8.170283,10.424048,11.451331,-2.3648896,N900_RS17630,N900_RS17630,1.4592262833333332,-0.081803,4.7336,1h_SI8,1h,SI8,3h_SI1,3h,SI1,4.815403
1.9637567,-7.2456174,11.377265,5.626599,6.233001,6.6659484,N900_RS17635,ask,0.6735434166666666,-0.77302,3.4215,6h_st,6h,st,3h_SI2,3h,SI2,4.19452
1.3317538,-13.092547,7.9082265,7.5844374,11.991375,3.1277366,N900_RS17640,ectC,1.6218537166666671,-0.078765,4.1303,1h_SI8,1h,SI8,6h_SI1,6h,SI1,4.209065
1.8460596,-11.177264,8.065638,9.629174,4.612563,-1.483386,N900_RS17645,ectB,0.7576948916666667,-1.3876,3.0141,6h_SI1,6h,SI1,3h_SI5,3h,SI5,4.4017
-6.2854285,-8.7460575,5.686618,13.8462925,9.171012,2.1301787,N900_RS17650,"L-2,4-diaminobutyric acid acetyltransferase",0.7623175500000001,-0.53422,4.391,6h_st,6h,st,3h_SI1,3h,SI1,4.92522
-1.7845484,4.997721,13.031074,8.343804,15.620296,-1.4663926,N900_RS17655,4a-hydroxytetrahydrobiopterin dehydratase,0.5276329499999999,-0.83213,3.726,3h_SI2,3h,SI2,12h_SI1,12h,SI1,4.55813
0.2370904,-5.7391753,12.151736,11.797554,10.466448,-4.5148845,N900_RS17660,phhA,1.1503851666666665,-0.66631,4.0398,1h_SI4,1h,SI4,1h_SI1,1h,SI1,4.70611
1.0729678,-8.128087,13.1388035,8.48425,9.701315,-5.8181767,N900_RS17665,acs_2,0.13063101166666674,-1.1944,3.6812,1h_st,1h,st,6h_SI4,6h,SI4,4.8756
-12.23855,-4.130999,0.93577594,5.20683,14.385129,3.4764411,N900_RS17670,LysR family transcriptional regulator_7,0.30127895,-1.4317,3.4564,3h_SI9,3h,SI9,3h_st,3h,st,4.8881
-1.4305946,-0.08921074,13.415947,6.742438,-7.5744543,-0.90164936,N900_RS17675,N900_RS17675,-0.4158403833333334,-3.3317,2.7904,24h_st,24h,st,3h_SI2,3h,SI2,6.1221
0.2870673,0.47021794,13.09074,2.5959585,6.4555798,1.981698,N900_RS17680,"methyltransferase, putative",0.5584226166666667,-0.85781,3.3543,1h_co,1h,co,12h_SI2,12h,SI2,4.21211
-5.2611017,-5.542442,8.366892,5.658749,13.845536,-7.891135,N900_RS17685,LysR family transcriptional regulator_10,0.7621853891666667,-0.61091,3.8667,1h_st,1h,st,3h_SI1,3h,SI1,4.477609999999999
-2.3552127,-7.5000505,14.235802,10.847801,13.230362,-2.105581,N900_RS17690,cation diffusion facilitator family transporter,1.5427311000000001,-0.36098,4.9598,1h_SI6,1h,SI6,3h_SI3,3h,SI3,5.32078
-2.5854893,-6.2221594,12.062261,13.949784,2.309758,-7.1216984,N900_RS17695,drug/metabolite DMT transporter permease,0.954021885,-1.1723,4.6289,12h_SI1,12h,SI1,3h_SI1,3h,SI1,5.8012
-9.142545,-4.164096,12.49896,9.161359,5.2666874,-8.118238,N900_RS17700,maa,0.7351503833333333,-1.5109,3.6839,12h_SI2,12h,SI2,3h_SI2,3h,SI2,5.1948
4.7292013,-8.78141,4.7764053,15.17095,0.5204747,-4.380602,N900_RS17705,HlyC/CorC family transporter_2,-0.20554770666666664,-1.5843,3.4504,6h_SI7,6h,SI7,6h_st,6h,st,5.0347
-0.77649194,-4.399922,19.410343,4.261383,10.829335,-2.5262725,N900_RS17710,yhfA,0.700194125,-0.62308,3.7182,1h_st,1h,st,3h_SI5,3h,SI5,4.34128
2.1844094,-14.638739,6.5915627,10.105991,9.812023,4.744774,N900_RS17715,luxG,-1.306354505,-3.8313,1.8028,6h_SI7,6h,SI7,1h_SI1,1h,SI1,5.6341
0.5500035,-1.1059302,13.386871,16.994032,4.195453,-2.155745,N900_RS17725,glyceraldehyde-3-phosphate dehydrogenase,0.24004623333333333,-1.5275,3.5723,12h_SI2,12h,SI2,3h_SI1,3h,SI1,5.0998
7.193595,-2.402604,11.221832,6.2735715,-1.9176981,2.4619052,N900_RS17730,N900_RS17730,0.8011355935000001,-1.0411,4.1358,12h_SI2,12h,SI2,1h_st,1h,st,5.1769
6.7956915,-4.095024,7.412109,3.835936,-3.8714871,-1.3697292,N900_RS17735,lyse_3,0.14081270666666665,-1.612,3.2614,6h_SI2,6h,SI2,1h_SI1,1h,SI1,4.8734
3.3750262,-7.50452,12.225443,10.136943,9.357806,-4.0733075,N900_RS17740,yjeH,0.92849155,-0.41966,3.6,3h_st,3h,st,6h_SI4,6h,SI4,4.01966
5.9204698,-2.1877115,1.8960081,-0.834371,11.126201,1.3543499,N900_RS17745,N900_RS17745,1.3741408833333333,-1.0848,5.4835,1h_SI7,1h,SI7,12h_SI2,12h,SI2,6.568300000000001
-8.372718,-4.463,4.9471827,8.298436,6.0526066,1.8891567,N900_RS17750,retention module-containing protein,0.49378368333333333,-1.1553,3.6959,6h_SI1,6h,SI1,3h_SI4,3h,SI4,4.8512
3.0050406,-3.1040666,11.805962,4.884305,9.208163,4.5590014,N900_RS17755,yehT_2,0.35794543333333334,-1.2383,3.5378,6h_SI2,6h,SI2,12h_SI3,12h,SI3,4.7761
8.32431,-0.6555117,8.662156,2.3433058,1.6060693,-4.979498,N900_RS17760,sensor histidine kinase_6,0.5569221499999999,-0.97553,2.8625,3h_SI3,3h,SI3,6h_SI3,6h,SI3,3.83803
-9.601976,-11.568777,8.937592,10.235499,8.4431,-0.4421606,N900_RS17765,N900_RS17765,0.8629468266666667,-0.53067,4.1785,6h_st,6h,st,3h_SI2,3h,SI2,4.709169999999999
0.666862,-8.365351,9.946278,8.885603,9.367241,7.1649714,N900_RS17770,outer membrane lipoprotein-sorting protein,0.5922057333333334,-0.46081,3.0373,3h_co,3h,co,1h_st,1h,st,3.49811
1.5873654,-6.520727,11.355499,8.444163,11.02111,-2.5358584,N900_RS17775,lolE_2,1.0645190333333334,-0.56493,3.4473,3h_st,3h,st,3h_SI5,3h,SI5,4.01223
-4.78802,-6.743527,8.737562,9.5124855,8.670564,-9.182636,N900_RS17780,lolD_3,1.3669511666666665,-0.38928,4.4167,3h_SI3,3h,SI3,3h_SI1,3h,SI1,4.80598
-7.5409408,-5.691754,15.160668,8.485431,13.196504,-7.7096286,N900_RS17785,N900_RS17785,0.8527246999999999,-0.40066,3.4378,1h_st,1h,st,6h_SI1,6h,SI1,3.8384600000000004
-0.50902057,-17.746717,4.415996,3.6916447,4.259631,3.0007463,N900_RS17790,N900_RS17790,1.4219452666666668,-0.12715,5.4594,1h_SI7,1h,SI7,3h_st,3h,st,5.58655
-4.8127646,1.5416063,8.699166,15.31281,8.659522,1.654152,N900_RS17795,ydhF,0.38520606500000004,-1.1017,4.6654,6h_SI4,6h,SI4,3h_SI1,3h,SI1,5.7671
-4.4021015,3.9890246,11.526093,10.701078,8.699057,-4.828416,N900_RS17800,malS,1.09767355,-0.28286,3.6249,3h_SI4,3h,SI4,3h_SI1,3h,SI1,3.9077599999999997
5.4583516,-3.3459487,8.295708,5.102835,1.4369774,11.808312,N900_RS17815,long-chain fatty acid outer membrane transporter,-0.4012900166666667,-1.962,3.9317,24h_SI2,24h,SI2,1h_st,1h,st,5.8937
-10.029066,-7.1327786,10.97623,12.638565,0.8857154,-3.8301537,N900_RS17820,vola,0.8906992933333334,-0.68514,4.6668,12h_SI4,12h,SI4,3h_SI1,3h,SI1,5.35194
-1.3510569,-15.926579,5.49378,11.374725,5.030004,-0.5883889,N900_RS17825,bdlA_2,1.4348054000000003,0.037057,4.7942,1h_SI2,1h,SI2,3h_SI1,3h,SI1,4.757143
-7.3654237,-3.7743056,16.471268,4.6686807,13.888797,-6.682532,N900_RS17830,hapA,0.6224483216666667,-0.88243,3.2309,12h_st,12h,st,6h_ce,6h,ce,4.11333
1.5575764,2.0597177,13.380792,-1.8192368,7.7150536,2.0466917,N900_RS17840,ompW,0.3254082,-1.0355,2.6567,6h_st,6h,st,12h_SI3,12h,SI3,3.6921999999999997
-0.025533274,-2.196342,2.3305717,8.62516,6.1268845,12.619948,N900_RS17845,N900_RS17845,-0.533469925,-2.7048,3.6179,6h_ce,6h,ce,3h_SI3,3h,SI3,6.3227
-1.5135546,-2.8212078,7.9019456,7.7403364,10.053427,-4.782006,N900_RS17850,pbpG,0.17313374833333334,-1.4575,2.7416,6h_SI1,6h,SI1,3h_SI2,3h,SI2,4.1991
2.5021055,-5.6743336,7.907417,11.041965,-0.16895859,4.684859,N900_RS17855,norG,-0.6166551666666665,-2.2659,3.147,24h_co,24h,co,6h_SI2,6h,SI2,5.4129
-1.09762,7.100311,6.6210833,3.2811391,13.168954,-0.18993132,N900_RS17860,cytochrome bd oxidase subunit I,0.41083646666666673,-0.97197,3.0272,6h_SI1,6h,SI1,12h_SI1,12h,SI1,3.9991700000000003
-2.7568705,-12.591043,8.40556,7.772348,8.3849125,8.435544,N900_RS17865,cydB_2,-0.02769535000000001,-1.9781,3.0917,6h_ce,6h,ce,1h_SI1,1h,SI1,5.0698
4.0180373,-1.1989007,3.8847816,3.5578597,-4.7389655,8.963307,N900_RS17870,N900_RS17870,-1.5055861333333334,-4.3519,1.4846,12h_SI5,12h,SI5,1h_ce,1h,ce,5.836499999999999
-2.0029757,-16.021105,8.4575,5.8658466,8.855236,-8.696107,N900_RS17875,dsdA,1.0261612333333334,-0.42687,4.2889,1h_st,1h,st,6h_st,6h,st,4.71577
0.9787114,-7.598077,10.864975,11.548503,7.894833,-2.7732787,N900_RS17880,dsdC,0.6709139283333333,-1.2727,4.065,12h_ce,12h,ce,3h_SI5,3h,SI5,5.3377
2.7061887,-11.081049,10.705086,12.092375,3.8528507,-5.63378,N900_RS17885,linear amide C-N hydrolase,1.1072185750000003,-0.43913,3.925,3h_st,3h,st,6h_st,6h,st,4.364129999999999
2.2979746,-4.9172764,11.993645,15.328879,10.200162,2.3312929,N900_RS17890,integrase,0.0007545166666666584,-1.5645,3.2641,24h_SI6,24h,SI6,3h_SI3,3h,SI3,4.8286
-4.254135,4.4321613,11.154186,13.613356,4.3601365,-3.8054316,N900_RS17900,N900_RS17900,0.011968033333333345,-1.4617,3.3066,6h_SI3,6h,SI3,3h_SI1,3h,SI1,4.7683
0.8513551,-7.793308,9.5482235,7.3052464,3.3464525,8.326983,N900_RS17905,N900_RS17905,-0.03120291666666668,-1.821,3.9765,12h_SI8,12h,SI8,3h_SI4,3h,SI4,5.7975
-4.392637,-14.592598,9.452763,10.004362,11.521254,-2.4053862,N900_RS17910,N900_RS17910,1.0309760833333332,-1.0913,3.6959,1h_SI6,1h,SI6,3h_SI1,3h,SI1,4.7872
-9.236345,-11.968567,4.0723963,8.538545,10.297636,4.1292715,N900_RS17915,N900_RS17915,0.8386454833333334,-0.36403,5.4963,6h_ce,6h,ce,3h_st,3h,st,5.860329999999999
-2.604873,-1.2592374,15.499267,11.124873,14.843877,-1.1615906,N900_RS17920,N900_RS17920,0.6208377166666667,-0.80626,2.8757,6h_st,6h,st,3h_SI3,3h,SI3,3.68196
-3.8316517,-18.380182,8.755524,6.9930515,7.8456464,-5.848249,N900_RS17925,tdh,0.9334647683333333,-0.43156,4.4048,1h_st,1h,st,6h_st,6h,st,4.83636
-6.9344745,-11.511225,9.45696,3.0780246,10.41719,5.6891985,N900_RS17930,kbl,0.18403121,-1.5271,3.4499,12h_SI1,12h,SI1,3h_st,3h,st,4.977
-1.1766471,-14.926615,5.0480275,0.8914143,12.324113,9.571625,N900_RS17945,LuxR family transcriptional regulator,0.8631686500000002,-0.30209,4.3911,1h_SI8,1h,SI8,3h_st,3h,st,4.6931899999999995
-6.1638126,3.8367903,15.114744,13.40771,9.361041,-1.876147,N900_RS17950,dmlR_6,1.0615937466666665,-0.15927,4.4544,3h_st,3h,st,3h_SI1,3h,SI1,4.61367
0.22111422,-13.683414,5.181877,6.8688188,9.306933,0.49286887,N900_RS17955,yaeR_BLAST,0.8868132999999998,-0.511,3.6052,3h_SI2,3h,SI2,6h_SI1,6h,SI1,4.1162
-1.3026605,-0.21105063,6.5740004,5.36207,16.691532,-8.118763,N900_RS17960,N900_RS17960,1.1752430333333335,-0.18497,4.7196,3h_SI4,3h,SI4,6h_SI3,6h,SI3,4.90457
-0.9284512,-3.588489,11.646643,1.8935863,8.879259,-2.7354026,N900_RS17965,N900_RS17965,1.2321221333333334,-0.16676,4.9585,6h_SI2,6h,SI2,6h_SI3,6h,SI3,5.12526
-2.9386432,-7.410575,13.326868,11.529445,11.264181,-6.2877116,N900_RS17970,N900_RS17970,1.02237215,-0.35522,4.2143,3h_ce,3h,ce,6h_SI3,6h,SI3,4.56952
-4.3602,7.75218,9.440334,9.630007,6.048273,0.9993974,N900_RS17975,ycdX,0.28069838333333325,-1.317,3.0485,6h_SI3,6h,SI3,3h_SI3,3h,SI3,4.3655
-1.7307326,-7.7023854,13.411041,1.648259,8.659671,-3.0588343,N900_RS17980,metal-dependent phosphohydrolase,1.0287126,-0.84668,5.386,12h_SI3,12h,SI3,3h_SI2,3h,SI2,6.23268
3.4034042,-2.4603126,12.674977,-2.3938696,0.90296465,0.42690504,N900_RS17985,zwf,-0.5297414500000001,-2.6284,2.2209,3h_SI9,3h,SI9,3h_SI2,3h,SI2,4.8492999999999995
2.891543,-6.524422,11.8443775,9.276923,13.571374,-2.6773667,N900_RS17990,pgl,1.2024730000000001,-0.73588,4.5236,3h_SI9,3h,SI9,6h_SI2,6h,SI2,5.25948
4.4634976,-8.969561,3.6740294,9.637855,12.09616,1.0071398,N900_RS17995,gnd,-0.12414838500000001,-2.1542,4.5935,6h_ce,6h,ce,12h_st,12h,st,6.7477
-0.74275285,-6.549779,5.190545,2.3331022,2.7954109,2.141482,N900_RS18000,N900_RS18000,-0.11332974999999998,-2.2521,3.9767,6h_SI5,6h,SI5,3h_SI2,3h,SI2,6.2288
-2.498587,-11.941821,7.486834,9.104381,13.198175,1.759403,N900_RS18005,MBL fold metallo-hydrolase_3,1.3484987,-0.26845,3.951,1h_SI8,1h,SI8,6h_SI2,6h,SI2,4.21945
-0.49359632,-8.759568,7.5759196,-0.53846073,10.23511,-7.556412,N900_RS18010,N900_RS18010,0.7688102765,-0.57853,3.3851,3h_st,3h,st,6h_ce,6h,ce,3.96363
-3.2217023,-5.2169814,13.105588,12.008463,8.041157,1.4845887,N900_RS18015,N900_RS18015,1.29595885,-0.39959,4.5339,6h_SI4,6h,SI4,3h_SI5,3h,SI5,4.93349
-6.252352,-13.993073,5.724329,2.3637805,11.538427,-7.490802,N900_RS18020,Pseudogene_N900_RS18020,0.6119588516666669,-0.61296,3.5909,12h_SI6,12h,SI6,6h_ce,6h,ce,4.20386
3.7162647,-8.184409,9.007258,5.549274,13.643166,-2.1960526,N900_RS18025,dsdX,1.0326274999999998,-0.64951,5.0488,1h_SI1,1h,SI1,12h_st,12h,st,5.69831
-8.075998,-4.326586,8.245298,1.4281416,12.172925,-10.691761,N900_RS18030,cdar,0.9397330333333334,-0.64353,5.6322,3h_SI3,3h,SI3,6h_ce,6h,ce,6.27573
-1.5704429,-1.6889817,4.483426,14.019516,4.244735,-2.3678386,N900_RS18035,methyl-accepting chemotaxis protein_24,0.47953151333333327,-0.99292,3.8988,6h_SI4,6h,SI4,3h_SI1,3h,SI1,4.89172
3.8645318,-14.588755,-1.0700167,0.24480155,6.953568,7.886834,N900_RS18040,hutZ,0.8886057166666668,-0.87025,5.2244,6h_SI4,6h,SI4,3h_st,3h,st,6.09465
1.728591,-8.902464,5.7667565,7.3111844,0.30161923,-5.966671,N900_RS18045,hutX,0.4391003733333333,-0.92772,4.1017,12h_st,12h,st,6h_st,6h,st,5.02942
0.052776746,-2.8871353,16.72836,3.75353,6.930224,-3.2898798,N900_RS18050,chuw,0.3849274,-1.2398,2.7233,12h_st,12h,st,3h_SI5,3h,SI5,3.9631
9.299059,2.74719,-0.22304301,0.9528105,3.2832317,-2.571436,N900_RS18055,TonB_2,0.81090335,-1.2465,4.5803,1h_SI9,1h,SI9,6h_SI3,6h,SI3,5.8268
2.0686884,-6.497192,13.757198,3.7091446,10.09857,-2.7567918,N900_RS18060,exbB1,1.5818295,-0.61895,5.692,1h_SI6,1h,SI6,3h_SI5,3h,SI5,6.31095
-0.77068996,-5.3622866,14.689441,9.611961,8.818027,-7.821721,N900_RS18065,exbD1,0.2369785333333333,-1.234,3.4798,3h_st,3h,st,6h_SI4,6h,SI4,4.7138
9.279966,-1.2340492,5.9127493,7.009539,10.501886,8.789403,N900_RS18070,hmuT,-0.4551140333333334,-2.2574,3.4826,6h_SI5,6h,SI5,6h_SI1,6h,SI1,5.74
3.9547975,-2.8026834,9.297773,15.778139,6.2682667,-3.113388,N900_RS18075,hmuU,0.9301478333333334,-0.77474,5.5756,1h_SI6,1h,SI6,6h_SI1,6h,SI1,6.350339999999999
1.2336426,-5.948205,6.575888,8.019051,11.444867,-3.7855883,N900_RS18080,hmuV,0.84955604,-0.71774,3.5689,1h_SI7,1h,SI7,6h_SI3,6h,SI3,4.28664
5.643716,-1.6913565,8.4492655,1.4049057,13.495911,-0.23378369,N900_RS18085,TetR/AcrR family transcriptional regulator_5,-0.008948498333333322,-1.6294,3.2636,3h_SI1,3h,SI1,6h_SI2,6h,SI2,4.893
12.771889,-4.0258083,-0.47416663,3.8083827,2.6822762,13.6589775,N900_RS18090,N900_RS18090,-0.6179167000000001,-4.2886,4.1179,6h_SI7,6h,SI7,6h_SI2,6h,SI2,8.4065
-0.27164772,-2.8259256,14.48433,11.110616,-1.4409671,-1.999897,N900_RS18095,N900_RS18095,0.2249694783333333,-2.0225,4.2927,12h_SI2,12h,SI2,1h_SI1,1h,SI1,6.3152
5.5037813,1.3969854,2.1333585,11.674398,5.0600905,-0.92571926,N900_RS18105,araC_2,0.04424243333333331,-2.0993,3.8951,1h_SI1,1h,SI1,6h_SI1,6h,SI1,5.9944
-2.7086325,-16.602974,6.0675945,7.9467745,10.304022,4.087157,N900_RS18110,mlp37,1.395917148333333,-0.21069,5.3295,1h_SI8,1h,SI8,3h_st,3h,st,5.54019
-4.7227583,-5.019893,10.650962,6.1603,14.608773,-2.416151,N900_RS18115,hmp_2,1.50623445,-0.18888,4.5887,1h_SI6,1h,SI6,1h_ce,1h,ce,4.77758
0.109595895,-13.233167,4.6502013,9.413377,8.605276,10.230859,N900_RS18120,pyrC,-0.5920751333333334,-3.3609,2.9625,12h_SI7,12h,SI7,1h_st,1h,st,6.3233999999999995
-9.335672,-3.6071856,5.9038005,-4.6536255,13.312664,1.6067053,N900_RS18125,AraC family transcriptional regulator_4,0.48270094166666666,-1.3638,4.4377,6h_SI2,6h,SI2,6h_ce,6h,ce,5.801500000000001
-8.01616,-9.880616,8.072484,10.549581,10.946118,1.5082824,N900_RS18130,yhaI,0.5284481166666667,-1.3799,3.5116,3h_SI9,3h,SI9,3h_st,3h,st,4.8915
-1.5227394,-6.242678,12.894023,11.952162,10.897002,-1.2453798,N900_RS18135,N900_RS18135,0.8181215166666668,-0.78645,3.9496,1h_st,1h,st,3h_SI2,3h,SI2,4.7360500000000005
-0.71100366,-3.215579,9.116839,-1.5632508,9.591731,7.4173446,N900_RS18140,rlmC,1.4098274999999998,-0.10234,4.0469,1h_SI6,1h,SI6,3h_SI3,3h,SI3,4.14924
-10.718171,-4.558349,8.265169,4.109577,17.781143,-0.94344497,N900_RS18145,yedI,1.2079101883333332,-0.35389,3.896,6h_st,6h,st,6h_ce,6h,ce,4.24989
1.4081155,-2.087376,14.193885,4.9077296,10.890803,-4.916598,N900_RS18150,VC_A0931_BLAST,1.0859591833333333,-0.85723,4.7621,1h_co,1h,co,6h_SI4,6h,SI4,5.619330000000001
-3.2461977,3.8756616,4.1194353,9.52315,15.07256,2.9738624,N900_RS18155,cspV_3,0.7596669666666667,-0.83059,5.2356,24h_SI2,24h,SI2,3h_SI1,3h,SI1,6.06619
0.5438293,-6.3722677,3.626257,8.04523,5.5624614,-7.90747,N900_RS18160,N900_RS18160,1.0457559066666666,-1.0574,5.2573,1h_co,1h,co,6h_SI3,6h,SI3,6.3147
-2.479544,-11.593321,12.123302,9.145135,11.35709,-3.302299,N900_RS18165,M14 family metallocarboxypeptidase,1.0212869166666667,-0.50094,3.5822,1h_st,1h,st,3h_SI3,3h,SI3,4.08314
-10.072123,-2.993371,11.947786,4.476181,13.365349,-7.362595,N900_RS18170,AraC family transcriptional regulator_6,0.6175306833333334,-1.1021,3.7207,6h_st,6h,st,6h_ce,6h,ce,4.8228
2.8462625,-5.5838737,4.082286,7.9111624,10.500533,1.4721153,N900_RS18175,eamA_8,1.0682493333333332,-0.95688,5.1571,24h_SI9,24h,SI9,1h_SI1,1h,SI1,6.11398
7.0447626,-5.727827,11.014919,5.1302342,6.6207194,-1.538139,N900_RS18180,VC0395_0300_BLAST,1.1578570499999998,-0.60448,4.9425,1h_ce,1h,ce,6h_SI3,6h,SI3,5.54698
-7.3427634,-9.503414,6.859296,5.3917894,15.300461,5.014862,N900_RS18190,yciA_2,1.0799188716666666,-0.34301,4.4195,6h_st,6h,st,3h_st,3h,st,4.76251
-6.2172456,-8.369717,12.162326,8.392408,11.1935005,-9.475206,N900_RS18195,N900_RS18195,0.9048698233333334,-0.65127,3.9226,3h_co,3h,co,12h_SI2,12h,SI2,4.57387
-4.3422537,-11.066071,8.449823,11.569673,12.411993,4.4055405,N900_RS18200,malG,1.5428225,0.23595,4.8215,24h_ce,24h,ce,3h_SI1,3h,SI1,4.5855500000000005
-1.0204723,1.0500655,10.774943,-0.44229516,7.7294574,4.4410663,N900_RS18205,malF,0.16582731666666672,-1.3919,4.6687,3h_co,3h,co,3h_SI3,3h,SI3,6.0606
-6.7044396,-11.971423,9.3801155,12.123121,10.379016,3.838302,N900_RS18210,malE,0.18086401500000002,-1.0174,3.42,6h_st,6h,st,6h_SI2,6h,SI2,4.4374
-0.788462,-13.068981,4.597456,7.3873706,12.393637,3.8167808,N900_RS18215,malK,1.6420375766666666,-0.075905,5.2683,1h_SI7,1h,SI7,12h_st,12h,st,5.344205
2.3931851,2.9556353,5.5404997,9.316663,0.65908617,0.15836719,N900_RS18220,speG,-0.6083415000000001,-1.887,2.9196,6h_SI2,6h,SI2,6h_SI3,6h,SI3,4.8065999999999995
-11.589217,-7.4747586,12.721591,3.957912,10.063735,-5.08553,N900_RS18225,N900_RS18225,1.0218731166666666,-0.58247,3.9622,12h_SI1,12h,SI1,6h_ce,6h,ce,4.54467
1.8340527,-12.893099,7.307153,2.0013158,9.072643,-4.4613523,N900_RS18230,SM-20,0.7878321116666669,-0.62538,3.4996,3h_SI1,3h,SI1,3h_SI6,3h,SI6,4.12498
-5.467659,5.841482,4.3100424,11.318598,-2.2190135,-7.0238113,N900_RS18235,VCM66_A0911_BLAST,0.7831024866666667,-1.1646,4.4179,1h_SI9,1h,SI9,3h_SI1,3h,SI1,5.5825000000000005
7.507262,-6.823943,9.942431,6.5752416,6.9226413,-2.116482,N900_RS18240,vpsT,0.7171934466666665,-0.67154,4.1504,3h_SI1,3h,SI1,6h_SI2,6h,SI2,4.821940000000001
2.7795353,-0.08142722,13.001267,8.308943,11.002331,3.8214128,N900_RS18245,ppiC,1.120754318333333,-0.34956,4.3295,3h_SI2,3h,SI2,12h_SI1,12h,SI1,4.679060000000001
-5.3540635,-7.207941,15.944836,13.545631,11.061057,-3.443969,N900_RS18250,CheV,0.5409919933333334,-0.75718,3.3254,3h_ce,3h,ce,3h_SI1,3h,SI1,4.08258
-6.387101,-3.998683,13.637564,8.653762,8.27335,-9.7174425,N900_RS18255,marr_2,0.713241845,-0.91848,3.4133,12h_st,12h,st,6h_SI4,6h,SI4,4.33178
6.154409,-9.817669,5.361548,7.1769485,3.7592096,-3.6953473,N900_RS18260,vdcA,0.7629141199999999,-0.67459,4.8018,6h_SI1,6h,SI1,6h_st,6h,st,5.47639
-1.6519177,2.306034,9.817484,4.443555,5.943265,2.7941835,N900_RS18265,malate synthase,0.7379522666666667,-1.0315,4.393,6h_ce,6h,ce,3h_SI3,3h,SI3,5.4245
-4.387064,-17.669426,7.1942973,6.8510995,10.664772,-3.489023,N900_RS18270,N900_RS18270,1.5079524999999998,0.03813,4.6884,1h_SI9,1h,SI9,3h_st,3h,st,4.65027
-0.68395114,-4.105985,10.72786,8.953929,11.298385,1.8560228,N900_RS18280,sensor domain-containing diguanylate cyclase_5,0.5460500599999999,-0.79078,3.9373,1h_st,1h,st,12h_st,12h,st,4.72808
0.6401006,-2.590935,10.973865,-4.90233,6.073342,0.45645806,N900_RS18285,AlkB,0.7554539366666666,-0.68823,4.9356,1h_SI1,1h,SI1,3h_SI6,3h,SI6,5.62383
-6.999567,-12.955151,8.641612,8.332812,9.558797,0.8308182,N900_RS18290,N900_RS18290,0.3900006549999999,-1.0555,2.8775,6h_SI6,6h,SI6,3h_SI3,3h,SI3,3.933
2.1976676,-11.789223,4.9163566,8.928758,7.774386,-1.1540179,N900_RS18295,DMT family transporter_2,2.4100283333333334,1.0156,4.9017,1h_st,1h,st,1h_ce,1h,ce,3.8861
-0.859074,-9.669279,4.5796785,7.4850264,10.2352295,-4.436739,N900_RS18300,gcvA_2,2.2346368333333326,0.59281,4.9998,1h_SI8,1h,SI8,12h_SI1,12h,SI1,4.4069899999999995
-3.2418861,-1.0908558,9.534976,0.8733119,7.2912135,1.2335614,N900_RS18305,diguanylate cyclase_6,0.7194414166666668,-0.94836,3.8222,12h_SI8,12h,SI8,3h_SI3,3h,SI3,4.77056
4.91917,3.0384383,9.094517,7.6224484,12.405224,3.3173156,N900_RS18310,N900_RS18310,0.4221418283333333,-0.78188,4.1463,12h_st,12h,st,3h_SI3,3h,SI3,4.92818
0.7421824,-5.9807143,4.4768777,5.338336,-3.29347,6.246907,N900_RS18315,VC_A0969_BLAST,-0.9442511333333332,-3.2332,2.4104,3h_SI7,3h,SI7,6h_SI3,6h,SI3,5.6436
-1.3850384,-8.749802,3.7656891,6.8308687,14.882759,6.6198125,N900_RS18320,pyrimidine/purine nucleoside phosphorylase,0.657977575,-1.2115,4.8168,12h_SI6,12h,SI6,12h_st,12h,st,6.0283
-7.4330006,1.893752,10.138492,9.637632,7.6157413,-0.72887105,N900_RS18325,N900_RS18325,0.17817867333333332,-1.2495,4.2406,6h_SI3,6h,SI3,3h_SI1,3h,SI1,5.4901
-7.725636,-4.148795,11.400716,11.701451,2.4008734,-1.438769,N900_RS18330,MFS transporter_2,0.35881348333333335,-0.8963,4.4611,6h_SI1,6h,SI1,3h_SI2,3h,SI2,5.3574
-1.0201648,5.41275,12.059207,15.643234,12.157931,-2.1650624,N900_RS18340,methyl-accepting chemotaxis protein_25,0.6147865899999999,-0.93278,3.7644,3h_SI2,3h,SI2,3h_SI1,3h,SI1,4.69718
3.8737833,-6.988699,14.465328,0.28575873,0.5574139,5.0502005,N900_RS18345,ATP-binding protein_2,-0.09152692666666669,-1.6205,3.2502,6h_SI1,6h,SI1,3h_SI2,3h,SI2,4.8707
8.5068245,-9.828849,7.582193,7.095943,4.1308374,-0.5471079,N900_RS18350,N900_RS18350,0.64672878,-1.0007,4.4513,3h_SI7,3h,SI7,6h_st,6h,st,5.452
6.6806264,-6.09057,4.204353,-2.6075823,4.70468,5.6513586,N900_RS18355,lktB_2,1.519740105,-0.60883,5.4278,1h_SI1,1h,SI1,6h_SI3,6h,SI3,6.036630000000001
-2.2289538,-16.246685,8.211306,9.169155,5.95404,-5.0077744,N900_RS18360,artI_2,0.7587857,-0.80842,3.6524,1h_st,1h,st,6h_st,6h,st,4.46082
-6.0317764,-3.4218867,15.357505,10.252922,12.115817,-3.3855598,N900_RS18365,mcpQ,1.0476492,-0.46607,4.335,3h_co,3h,co,3h_SI5,3h,SI5,4.80107
3.885534,6.2874417,0.7571456,-4.667245,8.2113085,-10.436105,N900_RS18370,N900_RS18370,0.99271789,-0.92994,5.7143,1h_SI2,1h,SI2,12h_SI2,12h,SI2,6.64424
-4.2950387,-13.943098,0.08756988,3.0693238,8.615974,-6.911832,N900_RS18375,ABC transporter,1.1957825616666669,-0.29617,4.516,6h_SI7,6h,SI7,6h_st,6h,st,4.81217
-5.970717,-6.670424,11.1570425,11.720997,10.498063,-8.548702,N900_RS18380,dmlR,0.8241887983333334,-0.67422,4.6473,12h_st,12h,st,3h_SI1,3h,SI1,5.3215200000000005
0.05403679,0.7312341,5.596683,14.055925,6.5102153,-3.0411313,N900_RS18385,L-lactate permease,0.8027006000000001,-0.58001,5.3968,12h_SI1,12h,SI1,3h_SI1,3h,SI1,5.9768099999999995
4.0530367,-6.707573,15.146053,5.82034,8.726533,0.5343638,N900_RS18390,lldd,0.26480408333333333,-1.3526,2.618,3h_SI6,3h,SI6,12h_SI1,12h,SI1,3.9706
8.476234,4.6663046,1.6941947,10.633484,3.3991213,6.8553286,N900_RS18395,FAD-binding oxidoreductase,-1.0004502333333334,-3.0886,3.2639,24h_co,24h,co,6h_SI1,6h,SI1,6.3525
-0.020338118,-9.43233,13.243422,11.206924,10.788066,4.4251714,N900_RS18400,ppsR,0.7752115616666668,-0.24286,3.2293,3h_st,3h,st,3h_SI4,3h,SI4,3.4721599999999997
1.8139683,-12.903961,9.270841,8.965318,7.92028,-7.852124,N900_RS18405,ppsA,1.2964013166666666,-0.27773,5.2183,3h_st,3h,st,6h_st,6h,st,5.49603
4.1422606,-0.0068017356,16.581007,10.473227,2.9146764,-3.1186612,N900_RS18410,aer_2,0.9651875166666667,-1.4096,4.8851,1h_co,1h,co,3h_SI4,3h,SI4,6.294700000000001
5.03749,-5.7344856,12.769557,9.592904,9.31103,7.545668,N900_RS18415,norM_3,0.7381811283333335,-0.52887,4.2499,6h_st,6h,st,3h_SI4,3h,SI4,4.77877
-6.915895,-13.673343,3.445648,0.9425756,8.783101,-6.857594,N900_RS18420,ATP-dependent helicase_2,1.0005302166666665,-0.36488,3.9666,3h_SI2,3h,SI2,6h_ce,6h,ce,4.33148
2.0095744,-6.979198,9.752389,6.7542586,11.231846,-1.9159856,N900_RS18425,dmlR_8,0.9454146333333333,-0.53089,4.2217,1h_st,1h,st,12h_st,12h,st,4.7525900000000005
-13.192932,-1.1510283,8.316824,12.108967,0.581173,0.32983604,N900_RS18430,grxB,0.7697200833333332,-1.0326,6.0039,12h_SI2,12h,SI2,3h_SI1,3h,SI1,7.0365
-2.2611187,-14.439175,7.688052,9.60839,11.324744,0.73347175,N900_RS18435,nemA_1,1.0526019883333333,-0.49052,3.63,1h_SI5,1h,SI5,3h_SI2,3h,SI2,4.12052
3.501233,-10.998335,9.671509,8.2366295,11.324354,-4.347305,N900_RS18440,amidinotransferase,1.5820203166666669,-0.19961,4.4343,1h_SI8,1h,SI8,12h_SI2,12h,SI2,4.63391
-11.85855,-14.796924,-5.43818,2.8875208,7.568582,8.560803,N900_RS18445,vcaM,0.006609450833333333,0.00019262,0.17305,6h_SI7,6h,SI7,3h_st,3h,st,0.17285738
-2.9649003,-14.351462,7.7483754,8.496716,13.555846,0.27403975,N900_RS18450,N900_RS18450,1.5210640666666668,-1.2297,6.4454,1h_SI9,1h,SI9,6h_SI3,6h,SI3,7.6751000000000005
-1.9997218,-11.475007,11.832126,11.792392,6.2752967,-3.2489727,N900_RS18455,nemA_2,1.2277445000000002,-0.5137,3.9551,1h_st,1h,st,3h_SI1,3h,SI1,4.4688
0.8467054,-6.420224,7.505033,9.770263,12.586685,-2.5888462,N900_RS18460,tetr_2,1.0664707666666668,-0.9266,4.6922,1h_SI5,1h,SI5,12h_SI1,12h,SI1,5.618799999999999
-6.5326567,2.2760146,9.352831,-0.47636017,16.43816,-2.556845,N900_RS18465,LysE family translocator_2,0.9449693833333336,-0.73313,4.7676,3h_SI2,3h,SI2,6h_ce,6h,ce,5.50073
1.7437222,-0.0023784898,6.1557803,8.78406,4.4003572,-2.9866092,N900_RS18470,rhaS_4,0.93171164,-1.7867,5.3963,6h_SI5,6h,SI5,6h_SI2,6h,SI2,7.183
-6.5221725,-12.878198,10.163032,8.145459,10.214698,3.9827316,N900_RS18475,ygaZ,1.0294073499999998,-0.16483,3.9897,6h_st,6h,st,3h_SI3,3h,SI3,4.15453
3.3535738,-9.487717,5.043674,2.3401673,9.597712,3.692585,N900_RS18480,N900_RS18480,1.0644122500000002,-0.6124,4.3871,1h_SI4,1h,SI4,3h_SI3,3h,SI3,4.9995
5.3178067,-5.9589796,11.698841,7.0732574,2.3628516,1.3136688,N900_RS18485,ycgM,0.2317670416666667,-1.0364,3.1133,12h_st,12h,st,1h_SI1,1h,SI1,4.1497
1.1144443,-1.4488598,15.211956,-1.1437514,9.134693,-2.1349487,N900_RS18490,sarZ_2,1.4996949,-0.13114,3.8497,6h_SI1,6h,SI1,6h_SI2,6h,SI2,3.9808399999999997
1.9917927,-2.1271033,7.7955594,5.5855846,5.770124,5.851219,N900_RS18495,organic hydroperoxide resistance protein,0.7048468666666667,-0.51228,5.0489,3h_SI7,3h,SI7,3h_SI4,3h,SI4,5.561179999999999
-4.5724487,-15.255169,5.3791065,8.894957,12.252968,2.2329,N900_RS18500,porin,1.9403371,-0.22876,6.144,1h_SI6,1h,SI6,3h_st,3h,st,6.37276
-7.211146,-12.5864315,7.868399,5.8448668,13.1671715,-1.6782055,N900_RS18505,ribN_BLAST,1.7100765966666664,-0.20179,5.2301,1h_SI8,1h,SI8,3h_st,3h,st,5.43189
-3.4833734,-7.0495706,6.9716477,8.025939,9.98486,1.3809761,N900_RS18510,glutaredoxin,1.3478461550000003,-0.002698,4.421,12h_ce,12h,ce,6h_SI2,6h,SI2,4.423698
-1.4303647,-6.562525,13.737052,9.679164,12.449071,3.6936197,N900_RS18515,yjiG,0.7193569433333333,-0.59136,3.7821,6h_SI7,6h,SI7,3h_SI2,3h,SI2,4.37346
-8.657667,-3.2447398,15.788606,12.184781,7.816784,-2.246606,N900_RS18520,N900_RS18520,0.8471733166666665,-0.59808,3.6638,12h_st,12h,st,3h_SI1,3h,SI1,4.26188
2.897485,6.5592237,8.685455,4.6532993,8.571626,4.576332,N900_RS18525,nhad,0.4258148978333333,-1.0779,3.8994,6h_SI3,6h,SI3,12h_SI1,12h,SI1,4.9773
-1.8915517,-12.660483,10.733398,9.8707,1.7562292,-6.0698357,N900_RS18530,N900_RS18530,1.49939915,-0.2296,5.4337,1h_SI7,1h,SI7,6h_st,6h,st,5.6633
3.9683309,-1.1405767,13.711524,14.073682,-0.8366326,1.254383,N900_RS18535,ogt,0.8451131166666666,-0.57455,5.4107,12h_st,12h,st,1h_SI1,1h,SI1,5.985250000000001
-0.8458569,-0.46017683,13.922622,2.7956965,9.766125,-4.8149285,N900_RS18540,alkA,0.36567683333333334,-1.0677,2.7152,12h_st,12h,st,6h_SI4,6h,SI4,3.7828999999999997
5.1604743,-9.046369,6.8768625,4.095547,6.7074947,-1.9573003,N900_RS18545,mhqP,1.2606789466666664,-0.16519,4.8455,1h_SI6,1h,SI6,3h_SI3,3h,SI3,5.01069
5.496292,-2.5474844,8.162283,5.8571987,10.677109,0.68456924,N900_RS18550,LysR family transcriptional regulator_9,-0.1270354,-1.5769,2.6388,1h_st,1h,st,6h_SI1,6h,SI1,4.2157
-4.811735,0.42171073,7.162106,8.286514,7.579231,-0.09913793,N900_RS18555,N900_RS18555,-0.6938512,-2.1712,2.8427,1h_SI1,1h,SI1,3h_SI5,3h,SI5,5.0139
6.5029535,-9.748985,1.5783751,-2.33239,0.024813067,-3.4953747,N900_RS18560,flavohemoglobin expression-modulating QEGLA motif protein,0.9325072333333334,-0.74441,4.0046,6h_SI1,6h,SI1,6h_st,6h,st,4.74901
-13.294039,-11.247595,4.1234317,3.313618,13.701209,-0.029010903,N900_RS18565,N900_RS18565,1.3080396666666665,-0.34214,6.2048,6h_co,6h,co,3h_st,3h,st,6.546939999999999
6.1847754,-2.3513143,3.2165635,11.149578,6.3289623,7.0060396,N900_RS18570,nagB,-1.0700565,-3.6157,2.4464,6h_SI6,6h,SI6,12h_SI3,12h,SI3,6.0621
-5.2357993,-6.2435822,14.599874,9.385758,13.807777,-2.7469678,N900_RS18575,N900_RS18575,1.1693778750000001,-0.28541,4.5197,6h_st,6h,st,3h_SI2,3h,SI2,4.80511
3.5844908,-10.592278,7.4720745,13.288067,5.507521,1.7564627,N900_RS18580,maltose operon protein,0.2818717,-1.1755,2.8385,6h_SI7,6h,SI7,3h_SI2,3h,SI2,4.013999999999999
-4.39585,-6.3437,7.935577,5.9730024,13.377563,8.331888,N900_RS18585,maltoporin,0.8266585999999999,-0.75052,3.6507,6h_st,6h,st,12h_SI3,12h,SI3,4.40122
-2.7188687,-6.7488327,13.3592205,7.1157055,11.219989,0.06171706,N900_RS18590,glgX,1.1282764616666665,-1.1667,5.1463,1h_SI1,1h,SI1,3h_SI4,3h,SI4,6.313000000000001
-8.591579,-2.6980243,12.150719,11.945536,10.660582,-5.847854,N900_RS18595,N900_RS18595,1.0050185333333335,-0.97709,4.4732,6h_SI1,6h,SI1,3h_SI1,3h,SI1,5.450290000000001
1.818727,3.0151443,6.5685663,0.92254233,-2.5712361,2.6077127,N900_RS18600,methyl-accepting chemotaxis protein_27,-0.41803977166666667,-2.4343,3.4934,3h_SI8,3h,SI8,6h_SI4,6h,SI4,5.9277
1.9108058,-8.024326,-1.1032865,-1.3371174,5.543073,-10.5186205,N900_RS18605,N900_RS18605,0.71950405,-0.9177,4.9879,1h_SI1,1h,SI1,6h_st,6h,st,5.9056
-0.02278617,-10.721207,9.432,10.786319,11.910864,3.865228,N900_RS18610,carbohydrate ABC transporter substrate-binding protein,1.0021422703333334,-0.54845,3.7851,12h_st,12h,st,6h_SI1,6h,SI1,4.33355
2.0504386,-14.80033,3.6778755,2.5644078,11.369775,7.589791,N900_RS18615,methyl-accepting chemotaxis protein_19,1.0326468033333334,-0.63255,5.1683,6h_SI7,6h,SI7,3h_st,3h,st,5.8008500000000005
7.0946093,6.128555,2.7083921,-3.120936,6.008014,2.612968,N900_RS18620,N900_RS18620,0.33199108016666673,-1.3442,2.6237,6h_SI1,6h,SI1,12h_SI1,12h,SI1,3.9679
-2.0292418,3.1759634,8.6430645,9.3148,13.797488,-3.1793869,N900_RS18625,aroG,1.4493935666666666,-0.073246,4.3744,1h_SI7,1h,SI7,3h_SI1,3h,SI1,4.447646
-0.8894893,-0.40567398,14.282373,8.990062,2.0078459,3.0370076,N900_RS18630,glnQ_2,0.08422083333333338,-2.2495,3.9345,6h_SI5,6h,SI5,3h_SI4,3h,SI4,6.183999999999999
-5.4684844,-10.379466,9.36815,5.0091743,15.583066,2.1122198,N900_RS18635,amino acid ABC transporter permease,1.072856908333333,-0.28575,3.27,6h_SI8,6h,SI8,12h_SI2,12h,SI2,3.55575
-7.172953,-4.6550016,8.609508,10.380724,10.786139,-1.0362298,N900_RS18640,fliY,0.7207417300000001,-1.001,3.84,6h_SI1,6h,SI1,12h_SI2,12h,SI2,4.840999999999999
-0.35984707,-14.517328,5.6756544,7.0750875,12.466135,-1.0167336,N900_RS18645,glnP,1.5760528999999999,-0.22421,4.0485,1h_SI6,1h,SI6,3h_SI5,3h,SI5,4.27271
-0.37831402,-2.8321183,12.743789,13.252229,4.0700264,-2.082689,N900_RS18650,pgcA,0.22527911666666667,-1.4033,3.2432,12h_st,12h,st,12h_SI3,12h,SI3,4.6465
5.552772,-0.7377344,-0.77000815,13.122168,5.462335,2.2832234,N900_RS18655,polymer-forming cytoskeletal protein,1.1176325383333332,-1.9145,5.9214,6h_SI5,6h,SI5,6h_SI1,6h,SI1,7.8359000000000005
4.611026,3.0524685,2.5307977,10.502748,9.990974,-1.5432589,N900_RS18660,Pseudogene_N900_RS18660,1.6897767333333331,-1.2083,5.5671,6h_SI5,6h,SI5,6h_SI2,6h,SI2,6.775399999999999
-2.93024,-4.8173604,11.991992,9.007045,10.383147,0.043347146,N900_RS18670,mtlA,1.1918607166666668,-0.52701,4.7672,6h_SI2,6h,SI2,12h_st,12h,st,5.29421
-5.5918565,-2.4467628,6.886026,3.8894348,16.025753,-1.0710679,N900_RS18675,mtlD,1.0711142666666666,-0.43937,3.9872,6h_st,6h,st,1h_st,1h,st,4.42657
0.8600149,-4.0442996,15.420149,6.9943914,11.132062,-1.1337562,N900_RS18680,MltR family transcriptional regulator,0.5647306150000001,-0.84684,3.3964,1h_st,1h,st,6h_SI4,6h,SI4,4.24324
2.4450696,-11.077593,11.00743,9.410045,9.1426735,-5.7590227,N900_RS18685,yceM,0.9835249633333333,-0.36835,3.719,1h_st,1h,st,3h_SI2,3h,SI2,4.08735
-4.22993,-8.220411,13.137991,6.771945,13.284915,-6.8306775,N900_RS18690,MBL fold metallo-hydrolase_4,0.9261431949999998,-0.80376,3.7828,12h_SI8,12h,SI8,3h_SI3,3h,SI3,4.58656
7.1968336,-2.9963498,7.6809196,7.8430953,7.835078,-3.4553978,N900_RS18695,N900_RS18695,0.5465653333333332,-0.76862,3.6284,3h_SI2,3h,SI2,3h_SI3,3h,SI3,4.39702
9.961608,-8.658665,8.4065895,6.7392774,4.1282067,3.5528052,N900_RS18700,yccf,0.21158631666666666,-1.4743,4.2033,3h_SI1,3h,SI1,6h_SI2,6h,SI2,5.6776
8.636923,0.66200674,4.6461287,9.713622,0.47257248,-6.4408593,N900_RS18705,N900_RS18705,0.9998879000000002,-0.59522,4.745,3h_SI3,3h,SI3,6h_st,6h,st,5.34022
-1.3675143,-6.780146,13.474971,12.944971,13.045445,-3.4757435,N900_RS18710,N900_RS18710,1.4617749166666667,-0.026851,4.8523,1h_SI8,1h,SI8,6h_SI1,6h,SI1,4.879150999999999
0.012683272,-7.474695,8.656577,11.027971,11.279589,2.3210278,N900_RS18715,NAD(P)-dependent oxidoreductase,0.9146017116666666,-0.83762,3.422,3h_SI5,3h,SI5,12h_SI1,12h,SI1,4.25962
-2.3396828,-6.887785,9.404995,11.509595,10.378554,-0.35787567,N900_RS18720,LysR family transcriptional regulator_8,1.3987238833333335,-0.10966,5.071,12h_SI2,12h,SI2,3h_SI3,3h,SI3,5.18066
0.53593844,-16.792274,6.5599723,6.7946415,4.896101,2.7660427,N900_RS18725,methyl-accepting chemotaxis protein_17,0.4715738966666667,-0.95276,3.2707,6h_SI7,6h,SI7,3h_st,3h,st,4.22346
-8.192785,-2.0105324,11.038098,7.411865,12.13092,-11.301453,N900_RS18730,ydfG,0.47951441666666667,-1.1667,3.6548,1h_co,1h,co,3h_SI1,3h,SI1,4.8215
2.3798401,-11.104568,9.158728,9.6921215,8.373612,-1.7088984,N900_RS18735,dmlR_10,0.9155226263333334,-0.5259,3.2905,3h_st,3h,st,6h_SI4,6h,SI4,3.8164000000000002
4.8196273,-12.035379,7.7539625,13.66955,7.3764405,1.2664773,N900_RS18740,trmY,0.6014891000000001,-0.82817,3.118,6h_SI7,6h,SI7,12h_SI2,12h,SI2,3.94617
-1.937912,7.419222,4.5018926,-0.7557056,-9.042178,3.4882517,N900_RS18745,ribB,-0.8135009983333332,-2.4245,2.5383,12h_SI2,12h,SI2,3h_SI7,3h,SI7,4.9628
-5.477362,-16.860977,2.8049395,2.868985,9.071237,-7.3886027,N900_RS18750,potE,1.24695305,-0.20207,4.1402,1h_SI5,1h,SI5,6h_st,6h,st,4.34227
-10.897465,1.7340912,7.8154507,-1.0467339,18.34636,-4.561991,N900_RS18755,speF,1.4818714999999998,-0.13187,6.9006,3h_SI2,3h,SI2,6h_ce,6h,ce,7.03247
0.9077184,5.2091627,7.222084,8.129258,5.7618427,6.6674204,N900_RS18760,N900_RS18760,-0.3224656000000001,-2.4669,3.5017,6h_ce,6h,ce,3h_SI3,3h,SI3,5.9686
-4.133406,-2.2406707,13.788958,10.369193,14.172017,3.6033256,N900_RS18765,calB,1.239738383333333,-0.70846,5.4858,6h_SI2,6h,SI2,3h_SI3,3h,SI3,6.19426
-10.804582,-11.996965,4.33912,5.8099875,11.581103,7.7451706,N900_RS18770,lrp_3,0.011676482833333333,0.00036118,0.14905,6h_SI1,6h,SI1,3h_st,3h,st,0.14868882
-6.9461184,-12.615633,11.081764,4.056199,11.561671,3.5423186,N900_RS18775,methyl-accepting chemotaxis protein_22,0.9547120899999998,-0.4274,4.3884,6h_st,6h,st,3h_st,3h,st,4.815799999999999
0.92633116,4.763816,12.730913,10.473391,-2.0718842,-4.8674445,N900_RS18780,N900_RS18780,0.34242248333333336,-1.3008,4.4145,3h_SI8,3h,SI8,6h_SI1,6h,SI1,5.7153
-9.399806,-4.0237293,13.926663,3.468976,14.353649,-4.258091,N900_RS18785,putP,1.0645062,-0.53207,4.1169,12h_st,12h,st,6h_ce,6h,ce,4.64897
3.0018115,-3.3261104,7.031432,3.7968416,13.685045,1.4493961,N900_RS18790,1-pyrroline-5-carboxylate dehydrogenase,0.9777369233333333,-0.95406,4.1516,3h_SI5,3h,SI5,12h_st,12h,st,5.10566
3.6067019,-14.570912,6.267791,5.4371905,11.0542755,-0.7146604,N900_RS18795,putA,1.266033616666667,0.025051,4.1137,1h_SI7,1h,SI7,6h_st,6h,st,4.088648999999999
-1.0873859,-8.313778,9.597868,14.334821,9.572187,1.0394479,N900_RS18800,rhaS_5,0.7279784499999999,-0.5858,3.9629,12h_SI6,12h,SI6,3h_SI1,3h,SI1,4.5487
0.5799432,-9.93606,11.895235,10.876826,9.805736,-4.9038925,N900_RS18805,N900_RS18805,1.9354384,-0.62737,4.5897,1h_SI6,1h,SI6,6h_SI4,6h,SI4,5.21707
-2.270806,-13.524889,8.615443,10.988631,9.89419,-1.855998,N900_RS18810,egtb,1.2666449666666668,-0.01942,3.735,6h_SI8,6h,SI8,3h_SI1,3h,SI1,3.75442
-6.716149,-7.32336,13.080461,4.0576873,1.3555143,-1.1128873,N900_RS18815,PAS domain S-box protein_2,0.8348014500000002,-1.344,5.4392,1h_SI7,1h,SI7,3h_SI2,3h,SI2,6.7832
8.849472,-5.119993,3.9145482,1.3338666,-0.5990524,1.5864604,N900_RS18825,HlyD family type I secretion periplasmic adaptor subunit_2,0.09607926666666668,-1.5946,3.5016,3h_SI5,3h,SI5,6h_SI2,6h,SI2,5.0962
-6.4744396,2.5489914,13.321571,8.526943,9.460247,-1.7187787,N900_RS18830,transglutaminase-like cysteine peptidase,-0.20041221333333334,-1.9425,3.2645,6h_SI3,6h,SI3,3h_SI4,3h,SI4,5.207
-0.32225284,-5.1513176,14.368235,13.052783,10.456275,-0.32478458,N900_RS18835,N900_RS18835,1.0041141266666667,-0.42856,4.1135,1h_st,1h,st,3h_SI4,3h,SI4,4.54206
0.90807426,-4.9898596,13.778809,13.63425,7.4165673,-1.9738286,N900_RS18840,apxIB_2,1.206739333333333,-0.4738,4.2533,12h_st,12h,st,6h_SI4,6h,SI4,4.7271
-3.4831522,3.1242373,7.506881,11.392847,10.789572,-0.6248434,N900_RS18845,N900_RS18845,1.5350430666666666,-0.18975,4.6407,6h_SI4,6h,SI4,3h_SI1,3h,SI1,4.83045
-2.9321818,-2.5433297,13.576402,8.676983,16.499035,0.45221052,N900_RS18850,rcsC_11,0.8952227116666667,-0.78276,4.2681,6h_st,6h,st,12h_SI2,12h,SI2,5.050859999999999
5.8640857,-8.23355,10.120107,4.754001,7.8300877,-5.363988,N900_RS18855,btrV,1.662775,0.12121,5.0798,3h_st,3h,st,6h_SI4,6h,SI4,4.95859
2.5578833,-5.381302,9.819732,9.353639,8.277399,-0.983686,N900_RS18860,mlp44,0.5871718995000001,-1.0693,3.1319,24h_co,24h,co,6h_SI4,6h,SI4,4.2012
2.9442105,-11.855033,11.891987,7.1311116,6.1633186,-2.96384,N900_RS18865,cheB3,0.8492775333333333,-0.39527,3.4663,1h_st,1h,st,3h_SI4,3h,SI4,3.86157
-0.04033816,-10.015581,4.987619,2.459926,10.91,8.697188,N900_RS18870,cheD,1.0823069116666666,-0.53131,4.0413,6h_SI4,6h,SI4,3h_st,3h,st,4.572609999999999
-1.9223988,-15.911924,7.735489,8.550414,10.291621,2.3490372,N900_RS18880,mlp5,0.8994405666666665,-0.58353,3.9609,6h_SI6,6h,SI6,6h_SI3,6h,SI3,4.54443
1.4857006,-8.381059,3.9623682,6.887726,10.9315,-5.8568373,N900_RS18885,cheW2,0.9482326999999999,-0.433,4.2704,3h_SI4,3h,SI4,3h_SI2,3h,SI2,4.7034
1.7060647,4.564157,5.402598,0.46037215,8.304686,-0.19521227,N900_RS18900,cheA3,1.336020415,-0.26262,4.1818,3h_SI5,3h,SI5,6h_SI4,6h,SI4,4.44442
1.0902838,-8.561413,6.719317,12.261225,8.624248,-3.9885266,N900_RS18905,cheY4,0.8643763833333332,-0.60459,4.9693,6h_SI4,6h,SI4,3h_SI2,3h,SI2,5.57389
1.331791,-8.45263,14.379142,12.845569,10.996685,-3.6946406,N900_RS18910,N900_RS18910,1.1945625649999998,-0.21988,4.4357,12h_st,12h,st,12h_SI2,12h,SI2,4.65558
-0.17854545,1.5099562,9.965902,12.883707,12.844391,-1.1808676,N900_RS18915,ABC transporter substrate-binding protein_10,1.2910365666666668,-0.11376,4.3028,1h_st,1h,st,3h_SI1,3h,SI1,4.4165600000000005
-1.0568746,-15.146193,8.016953,1.0042365,2.6558378,0.94691443,N900_RS18920,Pseudogene_N900_RS18920,0.666760275,-0.61423,3.5676,12h_st,12h,st,1h_ce,1h,ce,4.18183
4.159278,-11.2732315,12.401775,14.283664,6.7379055,-2.0569217,N900_RS18925,ABC transporter permease_8,0.4313264833333334,-0.77128,3.1159,12h_SI6,12h,SI6,6h_SI3,6h,SI3,3.88718
-6.207833,-9.889512,8.497897,0.5059025,10.474126,6.4312687,N900_RS18930,ABC transporter ATP-binding protein_4,0.3748486666666667,-1.0482,3.6535,6h_SI3,6h,SI3,3h_st,3h,st,4.701700000000001
6.2516828,-3.5640793,2.2456272,2.88502,7.49199,5.748262,N900_RS18935,eptA,0.3800042383333333,-1.2481,5.1878,24h_SI1,24h,SI1,6h_SI3,6h,SI3,6.4359
0.0015265495,-11.7209425,7.176055,1.4918227,10.73851,-1.8069104,N900_RS18940,qseC,1.4404868666666668,-0.20378,5.0351,3h_SI4,3h,SI4,6h_SI2,6h,SI2,5.23888
-2.5757394,1.4226531,11.155647,10.216332,12.413928,-2.2084675,N900_RS18945,qseB,1.0182728833333334,-0.48682,4.5706,3h_SI2,3h,SI2,6h_SI4,6h,SI4,5.05742
-1.2101618,-11.445882,14.976059,11.783183,7.101548,-4.9302354,N900_RS18950,tetratricopeptide repeat protein,1.0551659833333333,-0.24445,4.1259,1h_st,1h,st,3h_SI2,3h,SI2,4.370349999999999
-4.939194,-2.8724272,8.651043,6.39939,12.509937,-7.9903207,N900_RS18955,fabG_4,1.2404096866666667,0.0072952,4.1383,1h_SI8,1h,SI8,12h_SI1,12h,SI1,4.1310048
-5.108842,-17.538076,4.084287,6.627736,10.643484,1.7400488,N900_RS18960,biliverdin-producing heme oxygenase,1.2439317333333335,-0.017864,5.5579,6h_co,6h,co,3h_st,3h,st,5.575764
1.0367262,-6.019796,4.336765,13.697661,9.006731,1.2352152,N900_RS18965,menE_2,0.8766251666666667,-0.55971,4.1059,1h_st,1h,st,6h_SI2,6h,SI2,4.66561
-1.8229126,-11.796259,1.2548151,9.338007,8.003465,7.446662,N900_RS18970,thermostable hemolysin,0.6617365916666668,-0.87803,5.648,6h_SI4,6h,SI4,3h_st,3h,st,6.5260299999999996
-5.3143992,2.8658803,3.506737,7.1371975,7.4633865,-2.216658,N900_RS18975,tmca,0.40691330833333333,-0.98742,3.6598,24h_SI1,24h,SI1,3h_SI1,3h,SI1,4.64722
-4.759479,5.0896716,11.14084,4.178891,15.751124,-4.932774,N900_RS18980,potD_3,0.39548110166666667,-1.2312,3.4366,6h_SI6,6h,SI6,1h_st,1h,st,4.6678
4.6539907,-2.524963,4.5171022,4.522638,6.1153064,-0.21221104,N900_RS18995,N900_RS18995,0.27199573183333337,-2.5202,4.0255,6h_ce,6h,ce,6h_SI3,6h,SI3,6.5457
-0.7558135,-4.6595297,10.532542,5.7403655,4.8940015,2.0141683,N900_RS19010,SOS-response transcriptional repressor,1.1765317166666667,-1.6076,5.9136,3h_SI7,3h,SI7,3h_SI4,3h,SI4,7.521199999999999
3.2506435,0.2877534,17.05184,6.3564262,13.272673,0.42200735,N900_RS19020,N900_RS19020,1.7268872,0.045592,4.9692,1h_SI8,1h,SI8,12h_SI1,12h,SI1,4.923608
-6.8602457,-8.266324,7.0338116,10.443663,12.011158,0.7755709,N900_RS19025,ComF-related protein,1.2275533666666665,-0.11332,4.4211,3h_SI3,3h,SI3,3h_SI1,3h,SI1,4.53442
-7.217178,-9.69987,6.8829446,3.631753,14.572591,7.6560965,N900_RS19030,N900_RS19030,0.8875784616666667,-0.99249,5.0069,6h_st,6h,st,3h_st,3h,st,5.99939
0.98752314,-6.8317637,14.329276,6.3114076,6.695384,1.6863163,N900_RS19045,N900_RS19045,0.5969716999999999,-0.88005,4.799,3h_SI9,3h,SI9,3h_SI4,3h,SI4,5.67905
-5.8873067,-10.073603,5.972387,7.1288404,10.14065,-10.572133,N900_RS19050,N900_RS19050,1.0928131166666668,-0.4165,4.4512,1h_SI9,1h,SI9,3h_SI1,3h,SI1,4.8677
-3.8653874,-7.768884,4.896466,7.9394016,5.0406475,1.6059204,N900_RS19060,N900_RS19060,1.5561965,-0.3213,4.6582,12h_SI2,12h,SI2,6h_SI2,6h,SI2,4.9795
0.6044202,2.4089584,5.7149596,6.7968626,3.278823,9.86943,N900_RS19070,Pseudogene_N900_RS19070,-0.9638598666666667,-2.9196,3.2641,6h_co,6h,co,3h_SI3,3h,SI3,6.1837
-4.735641,-3.0611413,15.97382,5.892526,6.9252152,-3.2290707,N900_RS19085,N900_RS19085,0.7718213333333334,-0.85168,4.4833,6h_SI1,6h,SI1,3h_SI3,3h,SI3,5.33498
3.4407568,-6.393558,3.7920172,7.9884872,2.5978854,-2.0597034,N900_RS19090,N900_RS19090,0.8405993683333333,-1.0034,3.9017,3h_SI5,3h,SI5,1h_ce,1h,ce,4.9051
-3.006447,-11.891671,4.516362,10.660165,12.393164,7.22001,N900_RS19095,N900_RS19095,0.6751480666666666,-1.071,5.195,24h_SI2,24h,SI2,3h_st,3h,st,6.266
-3.8998766,-1.5527391,6.9490438,-3.5484607,11.458073,-2.6082273,N900_RS19100,N900_RS19100,0.39675566666666673,-1.1659,2.9559,12h_SI3,12h,SI3,3h_SI3,3h,SI3,4.1218
-0.8832704,-1.707073,10.697223,3.227673,10.403568,9.857681,N900_RS19120,N900_RS19120,-0.3189117,-2.1347,3.2628,6h_SI9,6h,SI9,1h_st,1h,st,5.3975
1.7241083,-10.043165,11.261527,11.791906,10.074088,-3.6978111,N900_RS19130,N900_RS19130,1.39417925,-0.32196,4.2361,3h_st,3h,st,6h_SI4,6h,SI4,4.55806
2.2588573,1.9234196,1.1165375,3.321265,9.007212,1.0749754,N900_RS19135,N900_RS19135,0.79851795,-0.49636,4.9405,3h_SI5,3h,SI5,12h_st,12h,st,5.43686
8.959628,-6.9986515,7.7917247,2.4231374,7.329384,12.933856,N900_RS19140,N900_RS19140,0.4870630333333334,-2.291,4.8271,6h_SI5,6h,SI5,1h_st,1h,st,7.1181
-2.2924445,-14.569745,8.8337755,8.856523,6.136155,-5.9442925,N900_RS19145,N900_RS19145,0.9613657666666668,-0.80677,3.8452,6h_SI2,6h,SI2,12h_SI2,12h,SI2,4.65197
0.2634481,-4.5625873,6.892448,7.1622453,8.230142,7.6611834,N900_RS19150,N900_RS19150,-0.7047133666666666,-3.6909,4.8574,1h_SI4,1h,SI4,3h_SI3,3h,SI3,8.548300000000001
-4.6278124,-8.2677965,8.688024,6.1012955,13.423335,0.56976354,N900_RS19155,N900_RS19155,0.7856338933333334,-0.63434,3.7738,6h_st,6h,st,12h_st,12h,st,4.40814
2.1291208,-0.35691798,8.380592,5.1702423,8.022198,8.179677,N900_RS19160,Pseudogene_N900_RS19160,-0.14417741666666667,-1.8063,4.766,24h_SI1,24h,SI1,12h_st,12h,st,6.5723
-6.612182,-2.011408,17.845745,8.535589,13.660581,-4.3738246,N900_RS19185,N900_RS19185,0.9914399666666667,-0.78349,3.2763,6h_st,6h,st,12h_SI3,12h,SI3,4.05979
0.24392158,-6.33731,12.707547,11.918588,12.47243,-4.5077815,N900_RS19190,N900_RS19190,0.7942224833333332,-2.593,4.4671,6h_ce,6h,ce,12h_SI4,12h,SI4,7.0601
-8.9435005,-2.952521,6.384055,9.184882,9.115519,-6.2594714,N900_RS19215,N900_RS19215,-0.07439825000000003,-3.0425,6.114,12h_co,12h,co,3h_SI1,3h,SI1,9.1565
4.2814393,-3.7768996,10.898654,8.680284,5.216374,-4.1219773,N900_RS19220,N900_RS19220,0.8045636816666668,-0.94268,4.8103,6h_SI3,6h,SI3,3h_SI3,3h,SI3,5.75298
-4.330207,-7.6387258,-1.0583241,4.1093326,1.547469,10.477095,N900_RS19225,N900_RS19225,-0.5183564533333335,-4.3153,5.4498,6h_SI6,6h,SI6,3h_st,3h,st,9.7651
1.5392501,3.0319054,7.0265026,15.9288645,-3.7183943,-4.0809464,N900_RS19235,N900_RS19235,0.11295031666666669,-1.5956,3.0325,12h_SI2,12h,SI2,6h_SI3,6h,SI3,4.6281
8.324138,-1.541883,-0.879725,5.102989,0.17008846,9.844635,N900_RS19240,N900_RS19240,-1.866004035,-5.3914,2.4952,12h_SI6,12h,SI6,3h_SI8,3h,SI8,7.8866
5.1560545,-3.765047,-4.6778855,8.149867,-1.728155,9.187006,N900_RS19250,N900_RS19250,-1.74580165,-5.0202,0.58568,6h_SI6,6h,SI6,1h_SI9,1h,SI9,5.60588
1.505116,-4.7420344,10.078254,9.948512,2.8018613,4.6819706,N900_RS19265,preprotein translocase,0.0265239,-3.0771,5.5382,6h_SI6,6h,SI6,3h_SI4,3h,SI4,8.6153
5.4010205,-6.1431327,0.9194054,8.479185,0.5830003,12.58179,N900_RS19270,tcpR,-1.3743090999999998,-4.4813,3.4633,6h_SI9,6h,SI9,1h_ce,1h,ce,7.944599999999999
-6.4385004,-7.3450484,8.1604595,9.408247,14.716815,7.172081,N900_RS19280,Pseudogene_N900_RS19280,1.2378576166666666,-0.25947,4.3294,6h_st,6h,st,3h_SI4,3h,SI4,4.58887
4.409909,-12.645957,12.797953,3.3640528,1.278204,-2.7389941,N900_RS19285,glyoxalase_1,0.424185555,-0.97094,3.3281,1h_co,1h,co,3h_SI2,3h,SI2,4.29904
2.3919942,-3.1333454,-8.720703,0.5438084,-2.5808284,0.105015695,N900_RS19305,N900_RS19305,0.5931774500000001,-2.2999,2.668,12h_SI8,12h,SI8,24h_SI1,24h,SI1,4.9679
-8.304533,-3.5791752,11.731858,10.631963,8.5740185,-8.323674,N900_RS19310,N900_RS19310,1.5416178333333335,-0.63866,4.8374,3h_co,3h,co,3h_SI2,3h,SI2,5.4760599999999995
-4.7427077,5.71022,6.6617866,8.6511345,6.6784487,4.1121426,N900_RS19320,Pseudogene_N900_RS19320,-0.13045778333333335,-1.4613,3.2321,12h_SI8,12h,SI8,3h_SI6,3h,SI6,4.6934000000000005
-0.5308387,-10.495368,-0.64819604,-0.72119236,13.745795,2.0591462,N900_RS19325,N900_RS19325,0.6875885833333334,-2.3017,5.1545,3h_SI9,3h,SI9,12h_SI1,12h,SI1,7.456199999999999
-7.0101995,-1.737249,5.328111,12.473478,1.9078882,1.8499256,N900_RS19335,N900_RS19335,-0.7545068333333335,-3.5548,4.7813,12h_SI5,12h,SI5,3h_SI1,3h,SI1,8.3361
4.8727345,-7.962044,9.623475,5.2364764,0.67322224,-4.192095,N900_RS19340,N900_RS19340,1.1350272,-0.67857,4.9105,6h_SI3,6h,SI3,6h_st,6h,st,5.5890699999999995
1.1946554,-11.368917,4.6927123,-2.1616702,4.1803174,-7.970103,N900_RS19350,transcriptional regulator_3,0.24445375383333331,-1.2815,3.9992,3h_SI1,3h,SI1,6h_st,6h,st,5.2807
-8.96223,-11.683817,11.609592,8.410877,13.589385,1.6932607,N900_RS19355,N900_RS19355,1.182726665,-0.33647,4.0984,6h_st,6h,st,3h_st,3h,st,4.43487
-2.5997443,-3.9886012,15.006352,3.5576587,1.8785404,-3.575242,N900_RS19370,HNH endonuclease_3,0.6752302550000001,-0.7669,3.5822,12h_SI1,12h,SI1,3h_SI2,3h,SI2,4.3491
0.90371245,-4.163794,15.543885,7.892856,0.573289,-1.248232,N900_RS19380,N900_RS19380,0.29095489179999995,-1.8964,3.3509,12h_SI2,12h,SI2,3h_SI4,3h,SI4,5.2473
-7.0315633,-5.0527205,5.2259283,-2.9146447,-1.5154692,2.824909,N900_RS19385,Pseudogene_N900_RS19385,0.29282859666666655,-1.1169,3.8089,12h_SI1,12h,SI1,3h_SI5,3h,SI5,4.9258
-0.46095437,3.2990804,11.136966,4.910212,2.9156194,4.833683,N900_RS19390,N900_RS19390,-0.4743237166666667,-2.2235,2.8673,6h_SI3,6h,SI3,3h_SI3,3h,SI3,5.0908
-10.122838,-12.699615,3.5346177,1.8569498,5.951264,5.059888,N900_RS19395,N900_RS19395,0.3690650033333333,-2.0834,6.3661,3h_ce,3h,ce,3h_st,3h,st,8.4495
-10.0630455,-3.1759334,7.709501,0.76372063,8.077561,3.6905565,N900_RS19410,N900_RS19410,0.5549897883333333,-2.8271,4.0582,3h_SI9,3h,SI9,3h_SI3,3h,SI3,6.885300000000001
-0.5066597,3.4260893,10.577964,-3.1259742,-2.7241712,-9.356777,N900_RS19435,N900_RS19435,0.6266744000000002,-1.4137,4.7133,12h_SI3,12h,SI3,6h_SI4,6h,SI4,6.127000000000001
-3.2465546,-3.0735419,12.44874,16.87484,3.3374956,-2.6481545,N900_RS19450,N900_RS19450,0.3092875,-1.0423,3.3653,3h_SI4,3h,SI4,3h_SI1,3h,SI1,4.4076
10.948034,-1.2227788,-0.5043279,5.919983,5.8746085,2.1058643,N900_RS19500,Pseudogene_N900_RS19500,0.6971312333333334,-2.6958,6.5149,6h_SI7,6h,SI7,6h_SI3,6h,SI3,9.2107
2.4608946,-1.6655865,0.84201187,2.155142,8.8326,1.7513973,N900_RS19530,N900_RS19530,1.3374502833333333,-2.1727,5.427,12h_SI8,12h,SI8,3h_SI3,3h,SI3,7.5996999999999995
1.4088278,-2.8368366,14.954712,12.428201,8.15033,-2.0480952,N900_RS19540,N900_RS19540,0.5793712000000001,-0.74749,3.1471,12h_SI9,12h,SI9,3h_SI5,3h,SI5,3.89459
6.9178643,-12.233574,13.454377,8.702201,4.487812,-2.324273,N900_RS19565,N900_RS19565,0.2912597768333333,-1.5395,5.5196,3h_ce,3h,ce,3h_SI4,3h,SI4,7.0591
3.2165265,-6.0786242,11.862357,0.6589267,3.727796,10.101464,N900_RS19580,N900_RS19580,0.34183881666666666,-1.2329,4.9515,12h_ce,12h,ce,3h_SI5,3h,SI5,6.1844
0.3752193,-4.8033414,1.6324532,-10.4341955,3.754415,8.07927,N900_RS19610,Pseudogene_N900_RS19610,-0.7533917166666666,-2.3125,3.2709,6h_SI2,6h,SI2,3h_SI2,3h,SI2,5.5834
-0.74214983,-12.683673,8.1980095,4.7584505,8.587016,7.5256653,N900_RS19620,N900_RS19620,0.10920721000000005,-2.3954,2.8726,12h_SI8,12h,SI8,12h_st,12h,st,5.268
2.1116025,3.0722656,-6.2729535,7.3353753,5.231249,-3.2358859,N900_RS19685,N900_RS19685,0.7309666833333334,-1.6662,6.5626,3h_SI6,3h,SI6,12h_SI2,12h,SI2,8.2288
-0.37266117,-6.31698,3.5254161,3.8733993,-2.414773,8.226239,N900_RS19690,N900_RS19690,-0.9842373999999999,-3.7344,1.3911,3h_ce,3h,ce,3h_SI6,3h,SI6,5.1255
-11.245594,-7.980178,11.214181,6.665488,9.930426,2.0748608,N900_RS19700,Pseudogene_N900_RS19700,-0.24301330166666665,-2.1433,2.3352,6h_SI1,6h,SI1,3h_st,3h,st,4.4785
5.176332,-6.890118,4.7477603,-0.16922835,6.5155745,9.345214,N900_RS19705,N900_RS19705,0.7437038666666667,-0.49035,4.3178,1h_co,1h,co,1h_st,1h,st,4.80815
2.357549,4.163071,11.396795,-0.68410003,7.3197284,-6.202937,N900_RS19725,N900_RS19725,0.8345137499999999,-0.99552,4.638,1h_co,1h,co,6h_SI2,6h,SI2,5.63352
8.123917,-10.32801,9.231959,12.307878,5.8122826,-0.76774997,N900_RS19740,N900_RS19740,1.0400265666666666,-0.30652,3.8261,3h_SI8,3h,SI8,6h_st,6h,st,4.13262
2.1820066,-11.227234,10.735454,11.083279,10.540137,2.1628623,N900_RS19745,hchA,0.2967788,-1.1169,3.0097,6h_SI9,6h,SI9,3h_SI2,3h,SI2,4.1266
1.8540026,-5.9091144,4.633777,8.996569,7.936196,8.209885,N900_RS19750,N900_RS19750,0.13747727833333334,-2.547,6.2085,12h_SI8,12h,SI8,3h_SI3,3h,SI3,8.7555
-0.15032664,1.7485235,11.894461,12.570538,15.565912,-2.3015118,N900_RS19755,N900_RS19755,0.8752621833333334,-0.48561,4.3606,3h_SI2,3h,SI2,12h_SI1,12h,SI1,4.84621
6.3406963,4.5886655,-3.2496283,-1.3273823,-7.2443595,8.329065,N900_RS19760,N900_RS19760,-0.3414832833333333,-2.8773,5.0551,24h_SI4,24h,SI4,1h_ce,1h,ce,7.9324
0.6720093,-7.597375,3.5242496,9.229922,2.891751,-3.9050126,N900_RS19775,pulA,0.550950085,-1.3495,4.0581,6h_SI2,6h,SI2,3h_SI2,3h,SI2,5.4075999999999995
-7.1847067,-12.9019575,5.319777,6.1170177,8.774264,2.651719,N900_RS19785,Pseudogene_N900_RS19785,1.444219,-0.67903,5.4157,6h_SI3,6h,SI3,3h_st,3h,st,6.09473
5.925815,-1.6707318,7.5081797,13.109468,0.98052853,7.1650453,N900_RS19805,N900_RS19805,-0.6832834666666666,-3.6478,3.9711,12h_SI8,12h,SI8,6h_SI1,6h,SI1,7.6189
-1.7456882,-7.8393154,11.313495,9.976742,5.8532844,-1.0097758,N900_RS19810,Pseudogene_N900_RS19810,0.46380936666666667,-0.88858,4.578,6h_SI4,6h,SI4,3h_SI2,3h,SI2,5.46658
-2.9043002,7.485765,4.789197,11.76545,9.981633,-5.13278,N900_RS19820,budA,0.67486095,-0.74622,3.662,3h_SI3,3h,SI3,3h_SI1,3h,SI1,4.40822
0.107957736,-5.49408,12.786369,12.426736,2.470236,8.425572,N900_RS19830,N900_RS19830,-0.6373700499999998,-2.8686,4.8019,3h_SI8,3h,SI8,3h_SI4,3h,SI4,7.6705
-3.6517832,0.11053705,7.2343855,11.513032,5.763419,-5.7203884,N900_RS19840,TRAP transporter small permease subunit,0.10599490000000002,-1.7999,3.8455,6h_SI1,6h,SI1,3h_SI1,3h,SI1,5.6454
-6.2668767,-4.1333323,9.480545,12.589177,6.9837136,-4.4984326,N900_RS19855,Pseudogene_N900_RS19855,0.3846718333333333,-0.99423,4.0739,6h_SI1,6h,SI1,3h_SI1,3h,SI1,5.06813
8.274667,-9.955565,6.1564803,2.0075336,-2.928589,-0.51540995,N900_RS19860,N900_RS19860,0.09501618666666665,-1.7518,3.6211,6h_SI3,6h,SI3,6h_st,6h,st,5.3729000000000005
-6.384949,-15.474988,1.1743568,2.2308295,1.1876421,-4.54507,N900_RS19875,N900_RS19875,1.4409729,-0.42974,5.376,1h_SI1,1h,SI1,3h_st,3h,st,5.80574
2.0734835,4.7822638,11.09854,-3.8687963,2.8379245,4.8506527,N900_RS19880,Pseudogene_N900_RS19880,0.6957200666666665,-0.72799,5.5986,24h_st,24h,st,3h_SI5,3h,SI5,6.32659
-0.2071633,3.73336,8.615378,-2.4840617,1.8726267,-1.9341571,N900_RS19890,N900_RS19890,-0.40479478500000005,-2.1235,2.5498,6h_SI3,6h,SI3,6h_SI4,6h,SI4,4.673299999999999
-4.578668,5.650587,13.088092,0.6017002,-4.1020446,-2.7728684,N900_RS19895,iron transporter,0.36978909166666657,-1.8913,3.8822,6h_co,6h,co,1h_SI1,1h,SI1,5.7735
-7.6494527,-5.0093145,11.380218,3.2491062,17.291046,-1.0284455,N900_RS19930,Pseudogene_N900_RS19930,0.02085743333333334,-1.7555,3.5745,6h_st,6h,st,3h_SI3,3h,SI3,5.33
11.758629,4.3747363,-2.202411,5.756032,0.7231618,8.685029,N900_RS19940,Pseudogene_N900_RS19940,-0.6051595500000001,-4.0534,3.9278,12h_SI8,12h,SI8,6h_SI1,6h,SI1,7.981199999999999
-2.571323,2.564471,0.15931737,11.946475,5.2585077,4.737937,N900_RS19965,Pseudogene_N900_RS19965,-0.6027234333333332,-2.5225,2.1317,24h_st,24h,st,3h_SI1,3h,SI1,4.6541999999999994
3.9402637,1.7381345,2.0038917,2.4689603,-1.9844255,-4.540882,N900_RS20000,Pseudogene_N900_RS20000,0.2557845166666667,-2.277,3.6734,6h_SI5,6h,SI5,24h_st,24h,st,5.9504
11.468374,-0.09028007,1.4493451,7.1794868,6.6334414,4.706052,N900_RS20005,Pseudogene_N900_RS20005,0.8060594833333334,-2.1334,4.912,6h_SI5,6h,SI5,6h_SI2,6h,SI2,7.0454
2.9269717,5.6843514,1.9383266,3.5793643,8.814564,8.801603,N900_RS20035,VC_A0354_BLAST_2,-0.5434814699999999,-3.6749,3.3432,6h_SI6,6h,SI6,3h_SI3,3h,SI3,7.0181000000000004
-2.3124347,1.4399049,9.169698,10.970471,3.6046107,-9.652346,N900_RS20040,N900_RS20040,0.47122331,-1.9741,4.293,3h_SI8,3h,SI8,3h_SI1,3h,SI1,6.2671
-6.216767,-8.423932,7.1242337,7.5218434,13.048278,7.125786,N900_RS20090,Pseudogene_N900_RS20090,1.4395306333333335,-0.22183,4.7631,3h_SI2,3h,SI2,3h_st,3h,st,4.984929999999999
0.87848294,-0.7969331,7.540898,4.8928003,-3.6768894,6.443064,N900_RS20095,N900_RS20095,-0.11485559999999996,-1.7737,2.4829,12h_SI2,12h,SI2,6h_SI1,6h,SI1,4.2566
-3.7783074,3.8039224,13.770097,12.54542,6.3684263,-5.575701,N900_RS20100,Pseudogene_N900_RS20100,1.2166835666666667,-0.5303,4.804,1h_ce,1h,ce,3h_SI1,3h,SI1,5.334300000000001
