Model,Rank,Program,Time,Space,Value
PCA,10,PC1,1h,st,0.0014188885755935694
PCA,10,PC1,1h,SI1,0.6352595715396835
PCA,10,PC1,1h,SI2,-0.14994791982123384
PCA,10,PC1,1h,SI3,-0.7051152524446802
PCA,10,PC1,1h,SI4,-0.8505379156377997
PCA,10,PC1,1h,SI5,-0.9249141140593282
PCA,10,PC1,1h,SI6,-0.9660468893425526
PCA,10,PC1,1h,SI7,-0.8938967439015617
PCA,10,PC1,1h,SI8,-0.8633925737000834
PCA,10,PC1,1h,SI9,-0.6954921881402194
PCA,10,PC1,1h,ce,0.037215783227186994
PCA,10,PC1,1h,co,0.14275499787152734
PCA,10,PC1,3h,st,0.3583928077866459
PCA,10,PC1,3h,SI1,1.4133697771847307
PCA,10,PC1,3h,SI2,1.3822606098079246
PCA,10,PC1,3h,SI3,1.3632421176407474
PCA,10,PC1,3h,SI4,1.1358973266459376
PCA,10,PC1,3h,SI5,1.1798689824679416
PCA,10,PC1,3h,SI6,0.12460912321336975
PCA,10,PC1,3h,SI7,0.24254119024914447
PCA,10,PC1,3h,SI8,0.09360495030625834
PCA,10,PC1,3h,SI9,-0.053029308086206844
PCA,10,PC1,3h,ce,-0.7237235816434522
PCA,10,PC1,3h,co,-0.810990899794297
PCA,10,PC1,6h,st,0.49993260855727684
PCA,10,PC1,6h,SI1,1.1169829077599474
PCA,10,PC1,6h,SI2,1.4033571210670315
PCA,10,PC1,6h,SI3,1.4016330241761226
PCA,10,PC1,6h,SI4,1.346742126233821
PCA,10,PC1,6h,SI5,0.4867973050942246
PCA,10,PC1,6h,SI6,-0.6253955239407365
PCA,10,PC1,6h,SI7,-0.7148684485051171
PCA,10,PC1,6h,SI8,-0.6393840059842055
PCA,10,PC1,6h,SI9,-0.6968989724321479
PCA,10,PC1,6h,ce,-0.2507666038030498
PCA,10,PC1,6h,co,-0.5137431824669247
PCA,10,PC1,12h,st,0.28449382937614376
PCA,10,PC1,12h,SI1,1.395599762428187
PCA,10,PC1,12h,SI2,1.3432675509484269
PCA,10,PC1,12h,SI3,1.113667575046009
PCA,10,PC1,12h,SI4,0.40323777910378744
PCA,10,PC1,12h,SI5,-0.4295880833868826
PCA,10,PC1,12h,SI6,-0.7272644914412737
PCA,10,PC1,12h,SI7,-0.8131624449004536
PCA,10,PC1,12h,SI8,-0.5837612241026043
PCA,10,PC1,12h,SI9,-0.6459003426072047
PCA,10,PC1,12h,ce,-0.4568201330949941
PCA,10,PC1,12h,co,-0.5374444264777755
PCA,10,PC1,24h,st,0.15852002670735368
PCA,10,PC1,24h,SI1,0.2625032942592638
PCA,10,PC1,24h,SI2,-0.03571434291651261
PCA,10,PC1,24h,SI3,-0.13688412817903967
PCA,10,PC1,24h,SI4,-0.33904517927561406
PCA,10,PC1,24h,SI5,-0.42418593362504725
PCA,10,PC1,24h,SI6,-0.5146821539828991
PCA,10,PC1,24h,SI7,-0.5646686136400146
PCA,10,PC1,24h,SI8,-0.5719128770057188
PCA,10,PC1,24h,SI9,-0.4858492281659724
PCA,10,PC1,24h,ce,-0.532043458564394
PCA,10,PC1,24h,co,-0.4500998522042895
CP,10,CP1,1h,st,0.015688429902928933
CP,10,CP1,1h,SI1,0.014823399097713956
CP,10,CP1,1h,SI2,0.011844373327486104
CP,10,CP1,1h,SI3,0.013110459108300918
CP,10,CP1,1h,SI4,0.0030304884662523657
CP,10,CP1,1h,SI5,-0.0046123482662561
CP,10,CP1,1h,SI6,-0.011464545172456491
CP,10,CP1,1h,SI7,-0.011201515529887402
CP,10,CP1,1h,SI8,-0.009162343556288262
CP,10,CP1,1h,SI9,-0.008480815826383407
CP,10,CP1,1h,ce,-0.006725962325384171
CP,10,CP1,1h,co,-0.005894985411248626
CP,10,CP1,3h,st,0.26462738879401254
CP,10,CP1,3h,SI1,0.2500363274432725
CP,10,CP1,3h,SI2,0.19978707907340904
CP,10,CP1,3h,SI3,0.22114300673725398
CP,10,CP1,3h,SI4,0.0511173045713782
CP,10,CP1,3h,SI5,-0.07779960680960642
CP,10,CP1,3h,SI6,-0.19338025994123004
CP,10,CP1,3h,SI7,-0.18894356054433975
CP,10,CP1,3h,SI8,-0.15454746367458672
CP,10,CP1,3h,SI9,-0.14305167316710182
CP,10,CP1,3h,ce,-0.11345136883079844
CP,10,CP1,3h,co,-0.09943471755999524
CP,10,CP1,6h,st,0.25767561478390716
CP,10,CP1,6h,SI1,0.2434678613044354
CP,10,CP1,6h,SI2,0.19453866306406503
CP,10,CP1,6h,SI3,0.2153335694988838
CP,10,CP1,6h,SI4,0.04977445056444637
CP,10,CP1,6h,SI5,-0.07575580746185094
CP,10,CP1,6h,SI6,-0.1883001513732794
CP,10,CP1,6h,SI7,-0.18398000427922712
CP,10,CP1,6h,SI8,-0.15048749449982757
CP,10,CP1,6h,SI9,-0.1392936989522739
CP,10,CP1,6h,ce,-0.11047099600981752
CP,10,CP1,6h,co,-0.09682256283033566
CP,10,CP1,12h,st,0.1876010990609545
CP,10,CP1,12h,SI1,0.1772571238649653
CP,10,CP1,12h,SI2,0.14163415126135798
CP,10,CP1,12h,SI3,0.15677391256672368
CP,10,CP1,12h,SI4,0.036238359764373264
CP,10,CP1,12h,SI5,-0.055154123730379784
CP,10,CP1,12h,SI6,-0.137092193922176
CP,10,CP1,12h,SI7,-0.1339469046652594
CP,10,CP1,12h,SI8,-0.10956263512468069
CP,10,CP1,12h,SI9,-0.10141297630211119
CP,10,CP1,12h,ce,-0.08042856629324481
CP,10,CP1,12h,co,-0.07049180503984465
CP,10,CP1,24h,st,0.06105463074488868
CP,10,CP1,24h,SI1,0.057688192119599975
CP,10,CP1,24h,SI2,0.04609472358857684
CP,10,CP1,24h,SI3,0.05102194704671084
CP,10,CP1,24h,SI4,0.011793745800472941
CP,10,CP1,24h,SI5,-0.017949866366838898
CP,10,CP1,24h,SI6,-0.044616547130171914
CP,10,CP1,24h,SI7,-0.04359291520515578
CP,10,CP1,24h,SI8,-0.03565707378292538
CP,10,CP1,24h,SI9,-0.033004773702598376
CP,10,CP1,24h,ce,-0.02617541390191617
CP,10,CP1,24h,co,-0.022941502735279864
VAE,10,VAE1,1h,st,-0.08662482351064682
VAE,10,VAE1,1h,SI1,0.006779134273529053
VAE,10,VAE1,1h,SI2,-0.023871976882219315
VAE,10,VAE1,1h,SI3,-0.02758079767227173
VAE,10,VAE1,1h,SI4,-0.01454395055770874
VAE,10,VAE1,1h,SI5,-0.030577242374420166
VAE,10,VAE1,1h,SI6,-0.03861874341964722
VAE,10,VAE1,1h,SI7,-0.013115882873535156
VAE,10,VAE1,1h,SI8,-0.052231013774871826
VAE,10,VAE1,1h,SI9,-0.04875496029853821
VAE,10,VAE1,1h,ce,-0.026213645935058594
VAE,10,VAE1,1h,co,-0.022338688373565674
VAE,10,VAE1,3h,st,-0.11379335820674896
VAE,10,VAE1,3h,SI1,0.09138208627700806
VAE,10,VAE1,3h,SI2,0.015218913555145264
VAE,10,VAE1,3h,SI3,-0.03593266010284424
VAE,10,VAE1,3h,SI4,0.03621256351470947
VAE,10,VAE1,3h,SI5,0.060935378074645996
VAE,10,VAE1,3h,SI6,0.038996368646621704
VAE,10,VAE1,3h,SI7,0.03374612331390381
VAE,10,VAE1,3h,SI8,-0.0002043992280960083
VAE,10,VAE1,3h,SI9,-0.040616460144519806
VAE,10,VAE1,3h,ce,-0.020700961351394653
VAE,10,VAE1,3h,co,-0.04226258397102356
VAE,10,VAE1,6h,st,-0.057794585824012756
VAE,10,VAE1,6h,SI1,0.01539313793182373
VAE,10,VAE1,6h,SI2,0.004089474678039551
VAE,10,VAE1,6h,SI3,-0.001545548439025879
VAE,10,VAE1,6h,SI4,0.07987868785858154
VAE,10,VAE1,6h,SI5,0.07458409667015076
VAE,10,VAE1,6h,SI6,0.029844313859939575
VAE,10,VAE1,6h,SI7,0.026934325695037842
VAE,10,VAE1,6h,SI8,0.006255418062210083
VAE,10,VAE1,6h,SI9,0.020595848560333252
VAE,10,VAE1,6h,ce,0.06679926812648773
VAE,10,VAE1,6h,co,0.027751252055168152
VAE,10,VAE1,12h,st,-0.08542428910732269
VAE,10,VAE1,12h,SI1,0.006571173667907715
VAE,10,VAE1,12h,SI2,0.03811770677566528
VAE,10,VAE1,12h,SI3,0.01186668872833252
VAE,10,VAE1,12h,SI4,0.04062171280384064
VAE,10,VAE1,12h,SI5,0.02660304307937622
VAE,10,VAE1,12h,SI6,0.01759636402130127
VAE,10,VAE1,12h,SI7,0.0005058050155639648
VAE,10,VAE1,12h,SI8,0.026933789253234863
VAE,10,VAE1,12h,SI9,0.028369128704071045
VAE,10,VAE1,12h,ce,0.014126002788543701
VAE,10,VAE1,12h,co,0.0031193196773529053
VAE,10,VAE1,24h,st,-0.008195161819458008
VAE,10,VAE1,24h,SI1,0.002468891441822052
VAE,10,VAE1,24h,SI2,-0.001249551773071289
VAE,10,VAE1,24h,SI3,0.0016501545906066895
VAE,10,VAE1,24h,SI4,-0.0049097537994384766
VAE,10,VAE1,24h,SI5,0.003450840711593628
VAE,10,VAE1,24h,SI6,0.007749021053314209
VAE,10,VAE1,24h,SI7,0.0011890232563018799
VAE,10,VAE1,24h,SI8,-0.016142278909683228
VAE,10,VAE1,24h,SI9,0.001463472843170166
VAE,10,VAE1,24h,ce,-0.016356945037841797
VAE,10,VAE1,24h,co,-0.0012235939502716064
weighted_CPVAE,10,CPVAE1,1h,st,-0.07059739530086517
weighted_CPVAE,10,CPVAE1,1h,SI1,-0.09572773426771164
weighted_CPVAE,10,CPVAE1,1h,SI2,-0.07284974306821823
weighted_CPVAE,10,CPVAE1,1h,SI3,-0.03428039699792862
weighted_CPVAE,10,CPVAE1,1h,SI4,-0.061767153441905975
weighted_CPVAE,10,CPVAE1,1h,SI5,-0.05757269263267517
weighted_CPVAE,10,CPVAE1,1h,SI6,-0.03818356990814209
weighted_CPVAE,10,CPVAE1,1h,SI7,-0.04556940868496895
weighted_CPVAE,10,CPVAE1,1h,SI8,-0.029301125556230545
weighted_CPVAE,10,CPVAE1,1h,SI9,-0.0357569195330143
weighted_CPVAE,10,CPVAE1,1h,ce,-0.05566522851586342
weighted_CPVAE,10,CPVAE1,1h,co,-0.03947879746556282
weighted_CPVAE,10,CPVAE1,3h,st,-0.058757051825523376
weighted_CPVAE,10,CPVAE1,3h,SI1,-0.07967261970043182
weighted_CPVAE,10,CPVAE1,3h,SI2,-0.0606316439807415
weighted_CPVAE,10,CPVAE1,3h,SI3,-0.028531011193990707
weighted_CPVAE,10,CPVAE1,3h,SI4,-0.05140778422355652
weighted_CPVAE,10,CPVAE1,3h,SI5,-0.04791680723428726
weighted_CPVAE,10,CPVAE1,3h,SI6,-0.03177955746650696
weighted_CPVAE,10,CPVAE1,3h,SI7,-0.03792666643857956
weighted_CPVAE,10,CPVAE1,3h,SI8,-0.024386843666434288
weighted_CPVAE,10,CPVAE1,3h,SI9,-0.02975989691913128
weighted_CPVAE,10,CPVAE1,3h,ce,-0.046329252421855927
weighted_CPVAE,10,CPVAE1,3h,co,-0.03285755217075348
weighted_CPVAE,10,CPVAE1,6h,st,0.011692563071846962
weighted_CPVAE,10,CPVAE1,6h,SI1,0.0158547293394804
weighted_CPVAE,10,CPVAE1,6h,SI2,0.012065604329109192
weighted_CPVAE,10,CPVAE1,6h,SI3,0.005677627399563789
weighted_CPVAE,10,CPVAE1,6h,SI4,0.010230070911347866
weighted_CPVAE,10,CPVAE1,6h,SI5,0.009535371325910091
weighted_CPVAE,10,CPVAE1,6h,SI6,0.00632408307865262
weighted_CPVAE,10,CPVAE1,6h,SI7,0.007547348737716675
weighted_CPVAE,10,CPVAE1,6h,SI8,0.004852944519370794
weighted_CPVAE,10,CPVAE1,6h,SI9,0.005922174081206322
weighted_CPVAE,10,CPVAE1,6h,ce,0.009219449944794178
weighted_CPVAE,10,CPVAE1,6h,co,0.006538602989166975
weighted_CPVAE,10,CPVAE1,12h,st,0.058349236845970154
weighted_CPVAE,10,CPVAE1,12h,SI1,0.07911963760852814
weighted_CPVAE,10,CPVAE1,12h,SI2,0.06021081656217575
weighted_CPVAE,10,CPVAE1,12h,SI3,0.028332985937595367
weighted_CPVAE,10,CPVAE1,12h,SI4,0.051050979644060135
weighted_CPVAE,10,CPVAE1,12h,SI5,0.047584231942892075
weighted_CPVAE,10,CPVAE1,12h,SI6,0.03155898302793503
weighted_CPVAE,10,CPVAE1,12h,SI7,0.037663429975509644
weighted_CPVAE,10,CPVAE1,12h,SI8,0.02421758323907852
weighted_CPVAE,10,CPVAE1,12h,SI9,0.02955334261059761
weighted_CPVAE,10,CPVAE1,12h,ce,0.04600769653916359
weighted_CPVAE,10,CPVAE1,12h,co,0.032629501074552536
weighted_CPVAE,10,CPVAE1,24h,st,0.05165405198931694
weighted_CPVAE,10,CPVAE1,24h,SI1,0.07004118710756302
weighted_CPVAE,10,CPVAE1,24h,SI2,0.05330203101038933
weighted_CPVAE,10,CPVAE1,24h,SI3,0.025081966072320938
weighted_CPVAE,10,CPVAE1,24h,SI4,0.04519322142004967
weighted_CPVAE,10,CPVAE1,24h,SI5,0.04212426021695137
weighted_CPVAE,10,CPVAE1,24h,SI6,0.02793780341744423
weighted_CPVAE,10,CPVAE1,24h,SI7,0.03334180638194084
weighted_CPVAE,10,CPVAE1,24h,SI8,0.021438777446746826
weighted_CPVAE,10,CPVAE1,24h,SI9,0.026162294670939445
weighted_CPVAE,10,CPVAE1,24h,ce,0.0407286211848259
weighted_CPVAE,10,CPVAE1,24h,co,0.028885483741760254
PCA,10,PC2,1h,st,0.49514751849797317
PCA,10,PC2,1h,SI1,0.8250354400737413
PCA,10,PC2,1h,SI2,0.18985194889071016
PCA,10,PC2,1h,SI3,-0.2698718364259952
PCA,10,PC2,1h,SI4,-0.3992267220469103
PCA,10,PC2,1h,SI5,-0.4227895670685397
PCA,10,PC2,1h,SI6,-0.44823533829535966
PCA,10,PC2,1h,SI7,-0.3920453002568268
PCA,10,PC2,1h,SI8,-0.3187889401963728
PCA,10,PC2,1h,SI9,-0.16294779340384002
PCA,10,PC2,1h,ce,0.5883942479878246
PCA,10,PC2,1h,co,0.6368633325666503
PCA,10,PC2,3h,st,0.7834782874186179
PCA,10,PC2,3h,SI1,0.9319040257709059
PCA,10,PC2,3h,SI2,0.9760450896994601
PCA,10,PC2,3h,SI3,0.9945669398609787
PCA,10,PC2,3h,SI4,0.7539508223067829
PCA,10,PC2,3h,SI5,0.7425224016942766
PCA,10,PC2,3h,SI6,-0.09695044283708557
PCA,10,PC2,3h,SI7,0.12282173536071317
PCA,10,PC2,3h,SI8,0.201582175716674
PCA,10,PC2,3h,SI9,0.165480130825586
PCA,10,PC2,3h,ce,-0.33724275012602
PCA,10,PC2,3h,co,-0.37872155651448536
PCA,10,PC2,6h,st,0.7707440970640805
PCA,10,PC2,6h,SI1,0.7783501981040047
PCA,10,PC2,6h,SI2,0.8728669379701515
PCA,10,PC2,6h,SI3,0.9865431675860202
PCA,10,PC2,6h,SI4,0.4670271953294521
PCA,10,PC2,6h,SI5,-0.002423833815650367
PCA,10,PC2,6h,SI6,-0.7189196697944442
PCA,10,PC2,6h,SI7,-0.7342509186461316
PCA,10,PC2,6h,SI8,-0.6049250795752761
PCA,10,PC2,6h,SI9,-0.6359192823180037
PCA,10,PC2,6h,ce,-0.47570699849587095
PCA,10,PC2,6h,co,-0.38927399992587564
PCA,10,PC2,12h,st,0.6329521928122493
PCA,10,PC2,12h,SI1,0.8925803769598076
PCA,10,PC2,12h,SI2,0.7949989780696849
PCA,10,PC2,12h,SI3,0.7535909467920683
PCA,10,PC2,12h,SI4,-0.061215875014561855
PCA,10,PC2,12h,SI5,-0.5640460043723025
PCA,10,PC2,12h,SI6,-0.7692531974491796
PCA,10,PC2,12h,SI7,-0.7705129809708575
PCA,10,PC2,12h,SI8,-0.7009817246629041
PCA,10,PC2,12h,SI9,-0.7279875478897979
PCA,10,PC2,12h,ce,-0.5149150589731302
PCA,10,PC2,12h,co,-0.41917979753565
PCA,10,PC2,24h,st,-0.016235894922388142
PCA,10,PC2,24h,SI1,0.03396583048152335
PCA,10,PC2,24h,SI2,-0.13173890981372072
PCA,10,PC2,24h,SI3,-0.23849305849129485
PCA,10,PC2,24h,SI4,-0.39894553632543833
PCA,10,PC2,24h,SI5,-0.44453168553544375
PCA,10,PC2,24h,SI6,-0.473181404274159
PCA,10,PC2,24h,SI7,-0.49221980571966545
PCA,10,PC2,24h,SI8,-0.4883202781279961
PCA,10,PC2,24h,SI9,-0.45217463509736266
PCA,10,PC2,24h,ce,-0.4603970427152728
PCA,10,PC2,24h,co,-0.4786935502061272
CP,10,CP2,1h,st,0.28036878423848066
CP,10,CP2,1h,SI1,-0.037253715698840985
CP,10,CP2,1h,SI2,-0.21748633553150484
CP,10,CP2,1h,SI3,-0.3856586549860338
CP,10,CP2,1h,SI4,-0.4713907476329451
CP,10,CP2,1h,SI5,-0.4984604780739014
CP,10,CP2,1h,SI6,-0.395154731267016
CP,10,CP2,1h,SI7,-0.39690574569339027
CP,10,CP2,1h,SI8,-0.3757889630868522
CP,10,CP2,1h,SI9,-0.3155294864565888
CP,10,CP2,1h,ce,-0.10853725675087077
CP,10,CP2,1h,co,-0.013611276487002335
CP,10,CP2,3h,st,-0.3354150825068615
CP,10,CP2,3h,SI1,0.0445679363298352
CP,10,CP2,3h,SI2,0.26018658737117173
CP,10,CP2,3h,SI3,0.46137707495851693
CP,10,CP2,3h,SI4,0.5639414064576684
CP,10,CP2,3h,SI5,0.5963258814053817
CP,10,CP2,3h,SI6,0.4727375665265363
CP,10,CP2,3h,SI7,0.4748323669512278
CP,10,CP2,3h,SI8,0.4495696138259486
CP,10,CP2,3h,SI9,0.3774790728598477
CP,10,CP2,3h,ce,0.12984695506328459
CP,10,CP2,3h,co,0.0162836509717439
CP,10,CP2,6h,st,-0.02723999293732303
CP,10,CP2,6h,SI1,0.00361948622519364
CP,10,CP2,6h,SI2,0.021130477345877592
CP,10,CP2,6h,SI3,0.03746971713192314
CP,10,CP2,6h,SI4,0.04579925212115843
CP,10,CP2,6h,SI5,0.04842928551817056
CP,10,CP2,6h,SI6,0.03839233428963856
CP,10,CP2,6h,SI7,0.03856245886587174
CP,10,CP2,6h,SI8,0.03651080033111917
CP,10,CP2,6h,SI9,0.030656126736576167
CP,10,CP2,6h,ce,0.010545232827401007
CP,10,CP2,6h,co,0.0013224406432440713
CP,10,CP2,12h,st,0.03585374756383352
CP,10,CP2,12h,SI1,-0.004764030068857228
CP,10,CP2,12h,SI2,-0.027812297984275865
CP,10,CP2,12h,SI3,-0.049318286624645644
CP,10,CP2,12h,SI4,-0.060281763946953275
CP,10,CP2,12h,SI5,-0.06374345917271536
CP,10,CP2,12h,SI6,-0.050532651207885554
CP,10,CP2,12h,SI7,-0.05075657210333892
CP,10,CP2,12h,SI8,-0.04805614382637652
CP,10,CP2,12h,SI9,-0.040350121669528796
CP,10,CP2,12h,ce,-0.01387981695389683
CP,10,CP2,12h,co,-0.0017406191367275053
CP,10,CP2,24h,st,0.04889901787911336
CP,10,CP2,24h,SI1,-0.006497407031131988
CP,10,CP2,24h,SI2,-0.03793171282781582
CP,10,CP2,24h,SI3,-0.0672625860136985
CP,10,CP2,24h,SI4,-0.08221508916964625
CP,10,CP2,24h,SI5,-0.08693631102895703
CP,10,CP2,24h,SI6,-0.06891879323058395
CP,10,CP2,24h,SI7,-0.06922418702103185
CP,10,CP2,24h,SI8,-0.06554121663247342
CP,10,CP2,24h,SI9,-0.05503138318887981
CP,10,CP2,24h,ce,-0.018929943548552545
CP,10,CP2,24h,co,-0.002373937790910932
VAE,10,VAE2,1h,st,0.009868249297142029
VAE,10,VAE2,1h,SI1,0.01886051893234253
VAE,10,VAE2,1h,SI2,0.007754698395729065
VAE,10,VAE2,1h,SI3,-9.417533874511719e-06
VAE,10,VAE2,1h,SI4,-0.0038520395755767822
VAE,10,VAE2,1h,SI5,0.01056179404258728
VAE,10,VAE2,1h,SI6,0.009713590145111084
VAE,10,VAE2,1h,SI7,0.006195396184921265
VAE,10,VAE2,1h,SI8,0.013693928718566895
VAE,10,VAE2,1h,SI9,0.01708275079727173
VAE,10,VAE2,1h,ce,0.007225096225738525
VAE,10,VAE2,1h,co,0.0070619136095047
VAE,10,VAE2,3h,st,-0.034479185938835144
VAE,10,VAE2,3h,SI1,0.01405268907546997
VAE,10,VAE2,3h,SI2,-0.014063835144042969
VAE,10,VAE2,3h,SI3,0.02202630043029785
VAE,10,VAE2,3h,SI4,0.016292095184326172
VAE,10,VAE2,3h,SI5,-0.010662853717803955
VAE,10,VAE2,3h,SI6,0.00039499998092651367
VAE,10,VAE2,3h,SI7,0.0025016963481903076
VAE,10,VAE2,3h,SI8,0.0027565956115722656
VAE,10,VAE2,3h,SI9,-0.004813842475414276
VAE,10,VAE2,3h,ce,0.007267862558364868
VAE,10,VAE2,3h,co,0.0012709200382232666
VAE,10,VAE2,6h,st,-0.050577253103256226
VAE,10,VAE2,6h,SI1,-0.0005401372909545898
VAE,10,VAE2,6h,SI2,-0.009371459484100342
VAE,10,VAE2,6h,SI3,-0.0012530684471130371
VAE,10,VAE2,6h,SI4,0.012384116649627686
VAE,10,VAE2,6h,SI5,-0.002365976572036743
VAE,10,VAE2,6h,SI6,0.004318863153457642
VAE,10,VAE2,6h,SI7,0.005563169717788696
VAE,10,VAE2,6h,SI8,-6.908178329467773e-05
VAE,10,VAE2,6h,SI9,0.008258342742919922
VAE,10,VAE2,6h,ce,0.0036432892084121704
VAE,10,VAE2,6h,co,0.011012792587280273
VAE,10,VAE2,12h,st,0.0017502009868621826
VAE,10,VAE2,12h,SI1,0.01574474573135376
VAE,10,VAE2,12h,SI2,0.013673961162567139
VAE,10,VAE2,12h,SI3,-0.0001507401466369629
VAE,10,VAE2,12h,SI4,-0.006915457546710968
VAE,10,VAE2,12h,SI5,-0.00470377504825592
VAE,10,VAE2,12h,SI6,0.004447281360626221
VAE,10,VAE2,12h,SI7,0.001452028751373291
VAE,10,VAE2,12h,SI8,0.002469182014465332
VAE,10,VAE2,12h,SI9,-0.004178822040557861
VAE,10,VAE2,12h,ce,-0.001411527395248413
VAE,10,VAE2,12h,co,0.0027341246604919434
VAE,10,VAE2,24h,st,-0.006116405129432678
VAE,10,VAE2,24h,SI1,-0.0020416080951690674
VAE,10,VAE2,24h,SI2,-0.001144900918006897
VAE,10,VAE2,24h,SI3,-0.002993568778038025
VAE,10,VAE2,24h,SI4,0.004430919885635376
VAE,10,VAE2,24h,SI5,-0.0015471279621124268
VAE,10,VAE2,24h,SI6,-0.010379493236541748
VAE,10,VAE2,24h,SI7,-0.010568767786026001
VAE,10,VAE2,24h,SI8,-0.00040453672409057617
VAE,10,VAE2,24h,SI9,-0.007729381322860718
VAE,10,VAE2,24h,ce,-0.0020998716354370117
VAE,10,VAE2,24h,co,-0.007829219102859497
weighted_CPVAE,10,CPVAE2,1h,st,0.025535430759191513
weighted_CPVAE,10,CPVAE2,1h,SI1,0.022347450256347656
weighted_CPVAE,10,CPVAE2,1h,SI2,-0.0025085003580898046
weighted_CPVAE,10,CPVAE2,1h,SI3,-0.09731526672840118
weighted_CPVAE,10,CPVAE2,1h,SI4,-0.007368586491793394
weighted_CPVAE,10,CPVAE2,1h,SI5,-0.009017538279294968
weighted_CPVAE,10,CPVAE2,1h,SI6,-0.03750161826610565
weighted_CPVAE,10,CPVAE2,1h,SI7,-0.042386267334222794
weighted_CPVAE,10,CPVAE2,1h,SI8,-0.05817949026823044
weighted_CPVAE,10,CPVAE2,1h,SI9,-0.07730107009410858
weighted_CPVAE,10,CPVAE2,1h,ce,-0.128511443734169
weighted_CPVAE,10,CPVAE2,1h,co,-0.11161632835865021
weighted_CPVAE,10,CPVAE2,3h,st,0.015012973919510841
weighted_CPVAE,10,CPVAE2,3h,SI1,0.013138673268258572
weighted_CPVAE,10,CPVAE2,3h,SI2,-0.0014748156536370516
weighted_CPVAE,10,CPVAE2,3h,SI3,-0.057214293628931046
weighted_CPVAE,10,CPVAE2,3h,SI4,-0.004332192242145538
weighted_CPVAE,10,CPVAE2,3h,SI5,-0.005301655735820532
weighted_CPVAE,10,CPVAE2,3h,SI6,-0.02204822190105915
weighted_CPVAE,10,CPVAE2,3h,SI7,-0.024920038878917694
weighted_CPVAE,10,CPVAE2,3h,SI8,-0.03420530632138252
weighted_CPVAE,10,CPVAE2,3h,SI9,-0.04544740170240402
weighted_CPVAE,10,CPVAE2,3h,ce,-0.07555537670850754
weighted_CPVAE,10,CPVAE2,3h,co,-0.06562227010726929
weighted_CPVAE,10,CPVAE2,6h,st,0.00884891115128994
weighted_CPVAE,10,CPVAE2,6h,SI1,0.007744165603071451
weighted_CPVAE,10,CPVAE2,6h,SI2,-0.0008692823466844857
weighted_CPVAE,10,CPVAE2,6h,SI3,-0.03372311219573021
weighted_CPVAE,10,CPVAE2,6h,SI4,-0.002553470665588975
weighted_CPVAE,10,CPVAE2,6h,SI5,-0.003124889452010393
weighted_CPVAE,10,CPVAE2,6h,SI6,-0.012995610013604164
weighted_CPVAE,10,CPVAE2,6h,SI7,-0.014688310213387012
weighted_CPVAE,10,CPVAE2,6h,SI8,-0.020161209627985954
weighted_CPVAE,10,CPVAE2,6h,SI9,-0.026787500828504562
weighted_CPVAE,10,CPVAE2,6h,ce,-0.04453366994857788
weighted_CPVAE,10,CPVAE2,6h,co,-0.03867892548441887
weighted_CPVAE,10,CPVAE2,12h,st,-0.001095271552912891
weighted_CPVAE,10,CPVAE2,12h,SI1,-0.0009585319785401225
weighted_CPVAE,10,CPVAE2,12h,SI2,0.00010759518045233563
weighted_CPVAE,10,CPVAE2,12h,SI3,0.004174069035798311
weighted_CPVAE,10,CPVAE2,12h,SI4,0.0003160551132168621
weighted_CPVAE,10,CPVAE2,12h,SI5,0.00038678233977407217
weighted_CPVAE,10,CPVAE2,12h,SI6,0.0016085280803963542
weighted_CPVAE,10,CPVAE2,12h,SI7,0.0018180416664108634
weighted_CPVAE,10,CPVAE2,12h,SI8,0.002495448337867856
weighted_CPVAE,10,CPVAE2,12h,SI9,0.0033156154677271843
weighted_CPVAE,10,CPVAE2,12h,ce,0.005512142553925514
weighted_CPVAE,10,CPVAE2,12h,co,0.004787473473697901
weighted_CPVAE,10,CPVAE2,24h,st,-0.005551373586058617
weighted_CPVAE,10,CPVAE2,24h,SI1,-0.004858309868723154
weighted_CPVAE,10,CPVAE2,24h,SI2,0.0005453451303765178
weighted_CPVAE,10,CPVAE2,24h,SI3,0.021156229078769684
weighted_CPVAE,10,CPVAE2,24h,SI4,0.0016019223257899284
weighted_CPVAE,10,CPVAE2,24h,SI5,0.001960402587428689
weighted_CPVAE,10,CPVAE2,24h,SI6,0.008152808994054794
weighted_CPVAE,10,CPVAE2,24h,SI7,0.009214726276695728
weighted_CPVAE,10,CPVAE2,24h,SI8,0.012648154981434345
weighted_CPVAE,10,CPVAE2,24h,SI9,0.016805164515972137
weighted_CPVAE,10,CPVAE2,24h,ce,0.0279382411390543
weighted_CPVAE,10,CPVAE2,24h,co,0.024265261366963387
PCA,10,PC3,1h,st,0.10393472400927764
PCA,10,PC3,1h,SI1,0.9802185860076883
PCA,10,PC3,1h,SI2,-0.010869472967150726
PCA,10,PC3,1h,SI3,-0.4553589116214393
PCA,10,PC3,1h,SI4,-0.49701202895708346
PCA,10,PC3,1h,SI5,-0.5375034151674929
PCA,10,PC3,1h,SI6,-0.5905755340706572
PCA,10,PC3,1h,SI7,-0.5352345012837427
PCA,10,PC3,1h,SI8,-0.5182928790034456
PCA,10,PC3,1h,SI9,-0.36152807394336084
PCA,10,PC3,1h,ce,0.30292112503825463
PCA,10,PC3,1h,co,0.24973067245393338
PCA,10,PC3,3h,st,1.1120195237860524
PCA,10,PC3,3h,SI1,1.3156484598850628
PCA,10,PC3,3h,SI2,1.1369707174149282
PCA,10,PC3,3h,SI3,0.9086134394360856
PCA,10,PC3,3h,SI4,1.0210250299534074
PCA,10,PC3,3h,SI5,1.3458055636656505
PCA,10,PC3,3h,SI6,0.29896951913862835
PCA,10,PC3,3h,SI7,0.4628656769938232
PCA,10,PC3,3h,SI8,0.05693869818493408
PCA,10,PC3,3h,SI9,-0.23587049667532706
PCA,10,PC3,3h,ce,-0.6232365383676152
PCA,10,PC3,3h,co,-0.6836718134970723
PCA,10,PC3,6h,st,-0.05974894712649964
PCA,10,PC3,6h,SI1,0.5613978846563086
PCA,10,PC3,6h,SI2,0.7694653411700438
PCA,10,PC3,6h,SI3,0.747081791298455
PCA,10,PC3,6h,SI4,1.049488387691971
PCA,10,PC3,6h,SI5,0.6017969464323152
PCA,10,PC3,6h,SI6,-0.38529172221470365
PCA,10,PC3,6h,SI7,-0.4346295194243445
PCA,10,PC3,6h,SI8,-0.4191703533995675
PCA,10,PC3,6h,SI9,-0.5394620496573238
PCA,10,PC3,6h,ce,-0.02488794093835134
PCA,10,PC3,6h,co,-0.3392036901119866
PCA,10,PC3,12h,st,-0.14475275019866907
PCA,10,PC3,12h,SI1,0.5632952348701648
PCA,10,PC3,12h,SI2,0.5447199107743896
PCA,10,PC3,12h,SI3,0.4722167454819997
PCA,10,PC3,12h,SI4,0.03353537701126058
PCA,10,PC3,12h,SI5,-0.3801162670794516
PCA,10,PC3,12h,SI6,-0.5770970861879743
PCA,10,PC3,12h,SI7,-0.6428785568056246
PCA,10,PC3,12h,SI8,-0.38486815633839094
PCA,10,PC3,12h,SI9,-0.5190582449188839
PCA,10,PC3,12h,ce,-0.35427742283690644
PCA,10,PC3,12h,co,-0.48249038719339726
PCA,10,PC3,24h,st,0.0734682215604743
PCA,10,PC3,24h,SI1,0.006411136876253637
PCA,10,PC3,24h,SI2,-0.16558425657232106
PCA,10,PC3,24h,SI3,-0.2202089664416977
PCA,10,PC3,24h,SI4,-0.41768160934522097
PCA,10,PC3,24h,SI5,-0.4576832065465463
PCA,10,PC3,24h,SI6,-0.49889605988505403
PCA,10,PC3,24h,SI7,-0.5315554494985463
PCA,10,PC3,24h,SI8,-0.5546498860609482
PCA,10,PC3,24h,SI9,-0.3780512023288384
PCA,10,PC3,24h,ce,-0.3982885943902293
PCA,10,PC3,24h,co,-0.358852722735497
CP,10,CP3,1h,st,0.42851178686666247
CP,10,CP3,1h,SI1,-0.19247783926998493
CP,10,CP3,1h,SI2,-0.07380007463973463
CP,10,CP3,1h,SI3,-0.04848268939932602
CP,10,CP3,1h,SI4,0.0008328981508184049
CP,10,CP3,1h,SI5,-0.015496707072495921
CP,10,CP3,1h,SI6,-0.0071400113395022596
CP,10,CP3,1h,SI7,-0.01405962001895929
CP,10,CP3,1h,SI8,-0.006451883558843029
CP,10,CP3,1h,SI9,0.003790376794619758
CP,10,CP3,1h,ce,0.000254287310027888
CP,10,CP3,1h,co,0.024329020746171735
CP,10,CP3,3h,st,2.079890773654963
CP,10,CP3,3h,SI1,-0.9342400706360356
CP,10,CP3,3h,SI2,-0.35820740302295156
CP,10,CP3,3h,SI3,-0.2353230446727825
CP,10,CP3,3h,SI4,0.004042682680792912
CP,10,CP3,3h,SI5,-0.07521720300344306
CP,10,CP3,3h,SI6,-0.034655858167662236
CP,10,CP3,3h,SI7,-0.06824193605583889
CP,10,CP3,3h,SI8,-0.031315855241361996
CP,10,CP3,3h,SI9,0.018397556299329036
CP,10,CP3,3h,ce,0.0012342480328297596
CP,10,CP3,3h,co,0.11808708029253864
CP,10,CP3,6h,st,-0.33045662754760935
CP,10,CP3,6h,SI1,0.14843367112000072
CP,10,CP3,6h,SI2,0.05691260900087479
CP,10,CP3,6h,SI3,0.03738853054776017
CP,10,CP3,6h,SI4,-0.000642308385546776
CP,10,CP3,6h,SI5,0.011950638732053494
CP,10,CP3,6h,SI6,0.005506182420689834
CP,10,CP3,6h,SI7,0.010842396308486704
CP,10,CP3,6h,SI8,0.004975517004503212
CP,10,CP3,6h,SI9,-0.0029230354241679543
CP,10,CP3,6h,ce,-0.00019609945274648105
CP,10,CP3,6h,co,-0.018761878654734405
CP,10,CP3,12h,st,0.12096893893983743
CP,10,CP3,12h,SI1,-0.05433652165364531
CP,10,CP3,12h,SI2,-0.020833771663852568
CP,10,CP3,12h,SI3,-0.01368667017649883
CP,10,CP3,12h,SI4,0.00023512726752789745
CP,10,CP3,12h,SI5,-0.004374722630919417
CP,10,CP3,12h,SI6,-0.0020156262259986664
CP,10,CP3,12h,SI7,-0.003969032749430585
CP,10,CP3,12h,SI8,-0.0018213676547466362
CP,10,CP3,12h,SI9,0.0010700239131811993
CP,10,CP3,12h,ce,7.17853441205592e-05
CP,10,CP3,12h,co,0.006868086048763602
CP,10,CP3,24h,st,0.10326014617393779
CP,10,CP3,24h,SI1,-0.046382130964455426
CP,10,CP3,24h,SI2,-0.017783890031752562
CP,10,CP3,24h,SI3,-0.011683061581309126
CP,10,CP3,24h,SI4,0.00020070669567899823
CP,10,CP3,24h,SI5,-0.003734301567808558
CP,10,CP3,24h,SI6,-0.0017205562068470976
CP,10,CP3,24h,SI7,-0.0033880011304321628
CP,10,CP3,24h,SI8,-0.0015547353883888888
CP,10,CP3,24h,SI9,0.000913381787531847
CP,10,CP3,24h,ce,6.127659870375426e-05
CP,10,CP3,24h,co,0.005862658427410238
VAE,10,VAE3,1h,st,-0.022211909294128418
VAE,10,VAE3,1h,SI1,-0.061731815338134766
VAE,10,VAE3,1h,SI2,-0.0604221485555172
VAE,10,VAE3,1h,SI3,-0.03849098086357117
VAE,10,VAE3,1h,SI4,-0.04452863335609436
VAE,10,VAE3,1h,SI5,-0.06070813536643982
VAE,10,VAE3,1h,SI6,-0.0335502028465271
VAE,10,VAE3,1h,SI7,-0.07083708047866821
VAE,10,VAE3,1h,SI8,-0.06269550323486328
VAE,10,VAE3,1h,SI9,-0.061002910137176514
VAE,10,VAE3,1h,ce,-0.08000224828720093
VAE,10,VAE3,1h,co,-0.042606428265571594
VAE,10,VAE3,3h,st,0.17088744044303894
VAE,10,VAE3,3h,SI1,-0.14385035634040833
VAE,10,VAE3,3h,SI2,0.0414046049118042
VAE,10,VAE3,3h,SI3,0.015552759170532227
VAE,10,VAE3,3h,SI4,-0.04382205009460449
VAE,10,VAE3,3h,SI5,0.03795194625854492
VAE,10,VAE3,3h,SI6,0.02708592265844345
VAE,10,VAE3,3h,SI7,0.02411767840385437
VAE,10,VAE3,3h,SI8,-0.019192993640899658
VAE,10,VAE3,3h,SI9,-0.025613956153392792
VAE,10,VAE3,3h,ce,-0.028380215167999268
VAE,10,VAE3,3h,co,-0.04700827598571777
VAE,10,VAE3,6h,st,-0.08377060294151306
VAE,10,VAE3,6h,SI1,-0.0583837628364563
VAE,10,VAE3,6h,SI2,0.04068046808242798
VAE,10,VAE3,6h,SI3,0.07772868871688843
VAE,10,VAE3,6h,SI4,0.05845671892166138
VAE,10,VAE3,6h,SI5,0.06327593326568604
VAE,10,VAE3,6h,SI6,0.04245036840438843
VAE,10,VAE3,6h,SI7,0.028739511966705322
VAE,10,VAE3,6h,SI8,0.03190752863883972
VAE,10,VAE3,6h,SI9,0.022596418857574463
VAE,10,VAE3,6h,ce,0.02726280689239502
VAE,10,VAE3,6h,co,-4.2498111724853516e-05
VAE,10,VAE3,12h,st,-0.08257150650024414
VAE,10,VAE3,12h,SI1,0.024717748165130615
VAE,10,VAE3,12h,SI2,0.013305246829986572
VAE,10,VAE3,12h,SI3,0.037307143211364746
VAE,10,VAE3,12h,SI4,0.06127704679965973
VAE,10,VAE3,12h,SI5,0.03954389691352844
VAE,10,VAE3,12h,SI6,0.04605016112327576
VAE,10,VAE3,12h,SI7,0.027567386627197266
VAE,10,VAE3,12h,SI8,0.07443413138389587
VAE,10,VAE3,12h,SI9,0.04338496923446655
VAE,10,VAE3,12h,ce,0.042977750301361084
VAE,10,VAE3,12h,co,0.0027936697006225586
VAE,10,VAE3,24h,st,0.01836930215358734
VAE,10,VAE3,24h,SI1,0.024373754858970642
VAE,10,VAE3,24h,SI2,0.0003676563501358032
VAE,10,VAE3,24h,SI3,0.03218008577823639
VAE,10,VAE3,24h,SI4,-0.007803589105606079
VAE,10,VAE3,24h,SI5,0.022908568382263184
VAE,10,VAE3,24h,SI6,0.020876824855804443
VAE,10,VAE3,24h,SI7,0.011883586645126343
VAE,10,VAE3,24h,SI8,0.013115853071212769
VAE,10,VAE3,24h,SI9,0.023743927478790283
VAE,10,VAE3,24h,ce,0.013437807559967041
VAE,10,VAE3,24h,co,0.02222287654876709
weighted_CPVAE,10,CPVAE3,1h,st,0.008648413233458996
weighted_CPVAE,10,CPVAE3,1h,SI1,-0.007930400781333447
weighted_CPVAE,10,CPVAE3,1h,SI2,0.009033255279064178
weighted_CPVAE,10,CPVAE3,1h,SI3,-0.001793505041860044
weighted_CPVAE,10,CPVAE3,1h,SI4,-0.003930206410586834
weighted_CPVAE,10,CPVAE3,1h,SI5,-0.004016221035271883
weighted_CPVAE,10,CPVAE3,1h,SI6,-0.003819809528067708
weighted_CPVAE,10,CPVAE3,1h,SI7,-0.0035606648307293653
weighted_CPVAE,10,CPVAE3,1h,SI8,-0.0014641671441495419
weighted_CPVAE,10,CPVAE3,1h,SI9,-7.177684165071696e-05
weighted_CPVAE,10,CPVAE3,1h,ce,0.00017203747120220214
weighted_CPVAE,10,CPVAE3,1h,co,0.0005889046005904675
weighted_CPVAE,10,CPVAE3,3h,st,0.1365198940038681
weighted_CPVAE,10,CPVAE3,3h,SI1,-0.12518566846847534
weighted_CPVAE,10,CPVAE3,3h,SI2,0.1425948292016983
weighted_CPVAE,10,CPVAE3,3h,SI3,-0.02831144817173481
weighted_CPVAE,10,CPVAE3,3h,SI4,-0.06204044073820114
weighted_CPVAE,10,CPVAE3,3h,SI5,-0.06339822709560394
weighted_CPVAE,10,CPVAE3,3h,SI6,-0.06029776483774185
weighted_CPVAE,10,CPVAE3,3h,SI7,-0.056207023561000824
weighted_CPVAE,10,CPVAE3,3h,SI8,-0.023112671449780464
weighted_CPVAE,10,CPVAE3,3h,SI9,-0.001133036334067583
weighted_CPVAE,10,CPVAE3,3h,ce,0.0027157047297805548
weighted_CPVAE,10,CPVAE3,3h,co,0.009296177886426449
weighted_CPVAE,10,CPVAE3,6h,st,0.0420810766518116
weighted_CPVAE,10,CPVAE3,6h,SI1,-0.03858739882707596
weighted_CPVAE,10,CPVAE3,6h,SI2,0.04395362362265587
weighted_CPVAE,10,CPVAE3,6h,SI3,-0.008726759813725948
weighted_CPVAE,10,CPVAE3,6h,SI4,-0.01912342943251133
weighted_CPVAE,10,CPVAE3,6h,SI5,-0.01954195648431778
weighted_CPVAE,10,CPVAE3,6h,SI6,-0.018586264923214912
weighted_CPVAE,10,CPVAE3,6h,SI7,-0.017325328662991524
weighted_CPVAE,10,CPVAE3,6h,SI8,-0.0071242814883589745
weighted_CPVAE,10,CPVAE3,6h,SI9,-0.00034924864303320646
weighted_CPVAE,10,CPVAE3,6h,ce,0.0008370925206691027
weighted_CPVAE,10,CPVAE3,6h,co,0.002865466522052884
weighted_CPVAE,10,CPVAE3,12h,st,0.031143616884946823
weighted_CPVAE,10,CPVAE3,12h,SI1,-0.028557997196912766
weighted_CPVAE,10,CPVAE3,12h,SI2,0.03252946212887764
weighted_CPVAE,10,CPVAE3,12h,SI3,-0.006458553019911051
weighted_CPVAE,10,CPVAE3,12h,SI4,-0.014152983203530312
weighted_CPVAE,10,CPVAE3,12h,SI5,-0.01446272898465395
weighted_CPVAE,10,CPVAE3,12h,SI6,-0.01375543512403965
weighted_CPVAE,10,CPVAE3,12h,SI7,-0.012822234071791172
weighted_CPVAE,10,CPVAE3,12h,SI8,-0.0052725812420248985
weighted_CPVAE,10,CPVAE3,12h,SI9,-0.00025847405777312815
weighted_CPVAE,10,CPVAE3,12h,ce,0.0006195204914547503
weighted_CPVAE,10,CPVAE3,12h,co,0.002120691817253828
weighted_CPVAE,10,CPVAE3,24h,st,-0.00034377086558379233
weighted_CPVAE,10,CPVAE3,24h,SI1,0.00031523016514256597
weighted_CPVAE,10,CPVAE3,24h,SI2,-0.00035906818811781704
weighted_CPVAE,10,CPVAE3,24h,SI3,7.129109144443646e-05
weighted_CPVAE,10,CPVAE3,24h,SI4,0.00015622409409843385
weighted_CPVAE,10,CPVAE3,24h,SI5,0.00015964313934091479
weighted_CPVAE,10,CPVAE3,24h,SI6,0.00015183586219791323
weighted_CPVAE,10,CPVAE3,24h,SI7,0.00014153496886137873
weighted_CPVAE,10,CPVAE3,24h,SI8,5.820004298584536e-05
weighted_CPVAE,10,CPVAE3,24h,SI9,2.853099886124255e-06
weighted_CPVAE,10,CPVAE3,24h,ce,-6.838419267296558e-06
weighted_CPVAE,10,CPVAE3,24h,co,-2.34087146964157e-05
PCA,10,PC4,1h,st,-0.1028536694593913
PCA,10,PC4,1h,SI1,1.2748760531494394
PCA,10,PC4,1h,SI2,0.26825838428522386
PCA,10,PC4,1h,SI3,-0.30585526147900177
PCA,10,PC4,1h,SI4,-0.3372306714919965
PCA,10,PC4,1h,SI5,-0.39945410313137025
PCA,10,PC4,1h,SI6,-0.44944872217493115
PCA,10,PC4,1h,SI7,-0.37550366336431784
PCA,10,PC4,1h,SI8,-0.4085487620814524
PCA,10,PC4,1h,SI9,-0.21992423435739208
PCA,10,PC4,1h,ce,0.646735182515936
PCA,10,PC4,1h,co,0.6656846502764999
PCA,10,PC4,3h,st,-0.2526876734668844
PCA,10,PC4,3h,SI1,1.4729984571705148
PCA,10,PC4,3h,SI2,1.2962570320214268
PCA,10,PC4,3h,SI3,1.2522335004832919
PCA,10,PC4,3h,SI4,1.1906409401047946
PCA,10,PC4,3h,SI5,1.1868436556792694
PCA,10,PC4,3h,SI6,0.20420744313482603
PCA,10,PC4,3h,SI7,0.43017900013210525
PCA,10,PC4,3h,SI8,0.18806725855106396
PCA,10,PC4,3h,SI9,0.03125901614065583
PCA,10,PC4,3h,ce,-0.48420464157245596
PCA,10,PC4,3h,co,-0.5502435069411805
PCA,10,PC4,6h,st,-0.1979801039827732
PCA,10,PC4,6h,SI1,0.6763777445848183
PCA,10,PC4,6h,SI2,0.8731531509444174
PCA,10,PC4,6h,SI3,1.0265873628892124
PCA,10,PC4,6h,SI4,0.8383384299963303
PCA,10,PC4,6h,SI5,0.4056670349034212
PCA,10,PC4,6h,SI6,-0.5722897014100962
PCA,10,PC4,6h,SI7,-0.6138171783116647
PCA,10,PC4,6h,SI8,-0.5126107426186379
PCA,10,PC4,6h,SI9,-0.5796274953715288
PCA,10,PC4,6h,ce,-0.14609818230762964
PCA,10,PC4,6h,co,-0.3523246024950418
PCA,10,PC4,12h,st,0.04090096374781868
PCA,10,PC4,12h,SI1,0.9533579807979169
PCA,10,PC4,12h,SI2,0.8904148165615224
PCA,10,PC4,12h,SI3,0.8486863292340348
PCA,10,PC4,12h,SI4,0.1255879180622459
PCA,10,PC4,12h,SI5,-0.4863115225668839
PCA,10,PC4,12h,SI6,-0.7179250292945066
PCA,10,PC4,12h,SI7,-0.7489323477764123
PCA,10,PC4,12h,SI8,-0.5405711032228042
PCA,10,PC4,12h,SI9,-0.638455203095259
PCA,10,PC4,12h,ce,-0.3972554596611804
PCA,10,PC4,12h,co,-0.4043353956745005
PCA,10,PC4,24h,st,-0.155446654477718
PCA,10,PC4,24h,SI1,-0.12329461914752328
PCA,10,PC4,24h,SI2,-0.30593466800909197
PCA,10,PC4,24h,SI3,-0.3809794227935111
PCA,10,PC4,24h,SI4,-0.5597969655863876
PCA,10,PC4,24h,SI5,-0.5982012904476639
PCA,10,PC4,24h,SI6,-0.6440019880379588
PCA,10,PC4,24h,SI7,-0.680480434960225
PCA,10,PC4,24h,SI8,-0.6942018698386669
PCA,10,PC4,24h,SI9,-0.6206140281658648
PCA,10,PC4,24h,ce,-0.6373944548388752
PCA,10,PC4,24h,co,-0.5924769317540062
CP,10,CP4,1h,st,-0.26542470377475863
CP,10,CP4,1h,SI1,-0.552300976735156
CP,10,CP4,1h,SI2,-0.40427162586973203
CP,10,CP4,1h,SI3,-0.34486464022462177
CP,10,CP4,1h,SI4,-0.42453539164331344
CP,10,CP4,1h,SI5,-0.4109017704526361
CP,10,CP4,1h,SI6,-0.3389220185415093
CP,10,CP4,1h,SI7,-0.37166900277075143
CP,10,CP4,1h,SI8,-0.3441019378566325
CP,10,CP4,1h,SI9,-0.37521003249766366
CP,10,CP4,1h,ce,-0.5131028185552423
CP,10,CP4,1h,co,-0.4652704092998677
CP,10,CP4,3h,st,-0.030481075282316188
CP,10,CP4,3h,SI1,-0.06342562470992574
CP,10,CP4,3h,SI2,-0.0464261000856075
CP,10,CP4,3h,SI3,-0.03960386848473612
CP,10,CP4,3h,SI4,-0.04875316821929527
CP,10,CP4,3h,SI5,-0.047187498453167276
CP,10,CP4,3h,SI6,-0.038921424475865746
CP,10,CP4,3h,SI7,-0.04268205141587884
CP,10,CP4,3h,SI8,-0.039516280600239845
CP,10,CP4,3h,SI9,-0.04308869929811412
CP,10,CP4,3h,ce,-0.058924152189025775
CP,10,CP4,3h,co,-0.053431131958757816
CP,10,CP4,6h,st,0.05625842002310564
CP,10,CP4,6h,SI1,0.11706363381573356
CP,10,CP4,6h,SI2,0.08568789041921156
CP,10,CP4,6h,SI3,0.0730962096027741
CP,10,CP4,6h,SI4,0.0899829218534649
CP,10,CP4,6h,SI5,0.08709319088090281
CP,10,CP4,6h,SI6,0.0718366339041584
CP,10,CP4,6h,SI7,0.07877756128227503
CP,10,CP4,6h,SI8,0.07293455008291505
CP,10,CP4,6h,SI9,0.0795281045996747
CP,10,CP4,6h,ce,0.108755339916726
CP,10,CP4,6h,co,0.09861696269585686
CP,10,CP4,12h,st,0.08325352474385629
CP,10,CP4,12h,SI1,0.17323558198899272
CP,10,CP4,12h,SI2,0.1268044659330066
CP,10,CP4,12h,SI3,0.1081707785669648
CP,10,CP4,12h,SI4,0.13316043017161114
CP,10,CP4,12h,SI5,0.1288840873783283
CP,10,CP4,12h,SI6,0.10630680662199382
CP,10,CP4,12h,SI7,0.11657827654564284
CP,10,CP4,12h,SI8,0.10793154815787871
CP,10,CP4,12h,SI9,0.1176889614283823
CP,10,CP4,12h,ce,0.16094062682643795
CP,10,CP4,12h,co,0.14593743906408133
CP,10,CP4,24h,st,0.1485531836982734
CP,10,CP4,24h,SI1,0.3091124047115763
CP,10,CP4,24h,SI2,0.22626317839951243
CP,10,CP4,24h,SI3,0.1930142127757708
CP,10,CP4,24h,SI4,0.2376044246232857
CP,10,CP4,24h,SI5,0.22997394485102585
CP,10,CP4,24h,SI6,0.18968823988030925
CP,10,CP4,24h,SI7,0.20801610723624034
CP,10,CP4,24h,SI8,0.19258734269409533
CP,10,CP4,24h,SI9,0.20999795456251422
CP,10,CP4,24h,ce,0.2871739373800797
CP,10,CP4,24h,co,0.2604030431197076
VAE,10,VAE4,1h,st,-0.1120627149939537
VAE,10,VAE4,1h,SI1,-0.08985006809234619
VAE,10,VAE4,1h,SI2,-0.0743684247136116
VAE,10,VAE4,1h,SI3,-0.04581642150878906
VAE,10,VAE4,1h,SI4,-0.05483105778694153
VAE,10,VAE4,1h,SI5,-0.05800577998161316
VAE,10,VAE4,1h,SI6,-0.04950582981109619
VAE,10,VAE4,1h,SI7,-0.05848965048789978
VAE,10,VAE4,1h,SI8,-0.06518244743347168
VAE,10,VAE4,1h,SI9,-0.0724058449268341
VAE,10,VAE4,1h,ce,-0.09214812517166138
VAE,10,VAE4,1h,co,-0.09548111259937286
VAE,10,VAE4,3h,st,0.08380691707134247
VAE,10,VAE4,3h,SI1,-0.11439865827560425
VAE,10,VAE4,3h,SI2,0.023153603076934814
VAE,10,VAE4,3h,SI3,-0.12533187866210938
VAE,10,VAE4,3h,SI4,-0.09360405802726746
VAE,10,VAE4,3h,SI5,0.06304657459259033
VAE,10,VAE4,3h,SI6,0.04460179805755615
VAE,10,VAE4,3h,SI7,0.05383652448654175
VAE,10,VAE4,3h,SI8,-0.011727795004844666
VAE,10,VAE4,3h,SI9,-0.048583462834358215
VAE,10,VAE4,3h,ce,-0.034492939710617065
VAE,10,VAE4,3h,co,-0.040842205286026
VAE,10,VAE4,6h,st,-0.09431934356689453
VAE,10,VAE4,6h,SI1,-0.058771997690200806
VAE,10,VAE4,6h,SI2,0.0018363595008850098
VAE,10,VAE4,6h,SI3,-0.005458950996398926
VAE,10,VAE4,6h,SI4,0.08589661121368408
VAE,10,VAE4,6h,SI5,0.1328962743282318
VAE,10,VAE4,6h,SI6,0.0813056230545044
VAE,10,VAE4,6h,SI7,0.07219403982162476
VAE,10,VAE4,6h,SI8,0.06670719385147095
VAE,10,VAE4,6h,SI9,0.04924958944320679
VAE,10,VAE4,6h,ce,0.07091010361909866
VAE,10,VAE4,6h,co,0.02808581292629242
VAE,10,VAE4,12h,st,-0.13297772407531738
VAE,10,VAE4,12h,SI1,-0.029754996299743652
VAE,10,VAE4,12h,SI2,-0.03662669658660889
VAE,10,VAE4,12h,SI3,-0.0135040283203125
VAE,10,VAE4,12h,SI4,0.08560290932655334
VAE,10,VAE4,12h,SI5,0.06659422814846039
VAE,10,VAE4,12h,SI6,0.072081059217453
VAE,10,VAE4,12h,SI7,0.07252627611160278
VAE,10,VAE4,12h,SI8,0.11221325397491455
VAE,10,VAE4,12h,SI9,0.07908588647842407
VAE,10,VAE4,12h,ce,0.06828050315380096
VAE,10,VAE4,12h,co,0.020939528942108154
VAE,10,VAE4,24h,st,0.032624028623104095
VAE,10,VAE4,24h,SI1,0.02217227965593338
VAE,10,VAE4,24h,SI2,0.013692408800125122
VAE,10,VAE4,24h,SI3,0.045589298009872437
VAE,10,VAE4,24h,SI4,0.015151113271713257
VAE,10,VAE4,24h,SI5,0.015652894973754883
VAE,10,VAE4,24h,SI6,0.01785123348236084
VAE,10,VAE4,24h,SI7,0.02690938115119934
VAE,10,VAE4,24h,SI8,0.013641417026519775
VAE,10,VAE4,24h,SI9,0.04171469807624817
VAE,10,VAE4,24h,ce,0.027495920658111572
VAE,10,VAE4,24h,co,0.04718375205993652
weighted_CPVAE,10,CPVAE4,1h,st,-0.009168064221739769
weighted_CPVAE,10,CPVAE4,1h,SI1,-0.007241164334118366
weighted_CPVAE,10,CPVAE4,1h,SI2,-0.0075332894921302795
weighted_CPVAE,10,CPVAE4,1h,SI3,-0.0077302055433392525
weighted_CPVAE,10,CPVAE4,1h,SI4,-0.007323141675442457
weighted_CPVAE,10,CPVAE4,1h,SI5,-0.000737353169824928
weighted_CPVAE,10,CPVAE4,1h,SI6,0.001999364234507084
weighted_CPVAE,10,CPVAE4,1h,SI7,0.002278554253280163
weighted_CPVAE,10,CPVAE4,1h,SI8,0.0016824344638735056
weighted_CPVAE,10,CPVAE4,1h,SI9,0.0016607892466709018
weighted_CPVAE,10,CPVAE4,1h,ce,-0.0007917542825452983
weighted_CPVAE,10,CPVAE4,1h,co,0.00035811864654533565
weighted_CPVAE,10,CPVAE4,3h,st,-0.06945397704839706
weighted_CPVAE,10,CPVAE4,3h,SI1,-0.05485646799206734
weighted_CPVAE,10,CPVAE4,3h,SI2,-0.057069506496191025
weighted_CPVAE,10,CPVAE4,3h,SI3,-0.05856126919388771
weighted_CPVAE,10,CPVAE4,3h,SI4,-0.05547749996185303
weighted_CPVAE,10,CPVAE4,3h,SI5,-0.005585923790931702
weighted_CPVAE,10,CPVAE4,3h,SI6,0.0151464669033885
weighted_CPVAE,10,CPVAE4,3h,SI7,0.017261510714888573
weighted_CPVAE,10,CPVAE4,3h,SI8,0.012745521031320095
weighted_CPVAE,10,CPVAE4,3h,SI9,0.012581544928252697
weighted_CPVAE,10,CPVAE4,3h,ce,-0.005998046603053808
weighted_CPVAE,10,CPVAE4,3h,co,0.0027129787486046553
weighted_CPVAE,10,CPVAE4,6h,st,0.12524321675300598
weighted_CPVAE,10,CPVAE4,6h,SI1,0.09892019629478455
weighted_CPVAE,10,CPVAE4,6h,SI2,0.10291086137294769
weighted_CPVAE,10,CPVAE4,6h,SI3,0.10560089349746704
weighted_CPVAE,10,CPVAE4,6h,SI4,0.10004007071256638
weighted_CPVAE,10,CPVAE4,6h,SI5,0.010072844102978706
weighted_CPVAE,10,CPVAE4,6h,SI6,-0.02731293998658657
weighted_CPVAE,10,CPVAE4,6h,SI7,-0.031126903370022774
weighted_CPVAE,10,CPVAE4,6h,SI8,-0.022983422502875328
weighted_CPVAE,10,CPVAE4,6h,SI9,-0.022687731310725212
weighted_CPVAE,10,CPVAE4,6h,ce,0.010816006921231747
weighted_CPVAE,10,CPVAE4,6h,co,-0.00489219231531024
weighted_CPVAE,10,CPVAE4,12h,st,0.052327960729599
weighted_CPVAE,10,CPVAE4,12h,SI1,0.041329920291900635
weighted_CPVAE,10,CPVAE4,12h,SI2,0.04299726337194443
weighted_CPVAE,10,CPVAE4,12h,SI3,0.044121187180280685
weighted_CPVAE,10,CPVAE4,12h,SI4,0.04179781675338745
weighted_CPVAE,10,CPVAE4,12h,SI5,0.0042085424065589905
weighted_CPVAE,10,CPVAE4,12h,SI6,-0.011411639861762524
weighted_CPVAE,10,CPVAE4,12h,SI7,-0.013005155138671398
weighted_CPVAE,10,CPVAE4,12h,SI8,-0.009602720849215984
weighted_CPVAE,10,CPVAE4,12h,SI9,-0.009479178115725517
weighted_CPVAE,10,CPVAE4,12h,ce,0.004519043955951929
weighted_CPVAE,10,CPVAE4,12h,co,-0.002044010441750288
weighted_CPVAE,10,CPVAE4,24h,st,-0.02271963469684124
weighted_CPVAE,10,CPVAE4,24h,SI1,-0.01794452965259552
weighted_CPVAE,10,CPVAE4,24h,SI2,-0.01866845414042473
weighted_CPVAE,10,CPVAE4,24h,SI3,-0.01915643736720085
weighted_CPVAE,10,CPVAE4,24h,SI4,-0.018147679045796394
weighted_CPVAE,10,CPVAE4,24h,SI5,-0.0018272552406415343
weighted_CPVAE,10,CPVAE4,24h,SI6,0.004954679869115353
weighted_CPVAE,10,CPVAE4,24h,SI7,0.005646548233926296
weighted_CPVAE,10,CPVAE4,24h,SI8,0.004169287160038948
weighted_CPVAE,10,CPVAE4,24h,SI9,0.004115648102015257
weighted_CPVAE,10,CPVAE4,24h,ce,-0.001962068257853389
weighted_CPVAE,10,CPVAE4,24h,co,0.0008874637424014509
PCA,10,PC5,1h,st,0.013632156573954349
PCA,10,PC5,1h,SI1,1.03018400473661
PCA,10,PC5,1h,SI2,0.07906537281920333
PCA,10,PC5,1h,SI3,-0.3986576584205667
PCA,10,PC5,1h,SI4,-0.4667922127708235
PCA,10,PC5,1h,SI5,-0.5172737656768259
PCA,10,PC5,1h,SI6,-0.5611595436474247
PCA,10,PC5,1h,SI7,-0.5096875446704804
PCA,10,PC5,1h,SI8,-0.48510951043750317
PCA,10,PC5,1h,SI9,-0.3258677483575609
PCA,10,PC5,1h,ce,0.37521402925006225
PCA,10,PC5,1h,co,0.4109431601144377
PCA,10,PC5,3h,st,-0.2180224127330505
PCA,10,PC5,3h,SI1,1.635452628623068
PCA,10,PC5,3h,SI2,0.6673606588874536
PCA,10,PC5,3h,SI3,0.20861526155664778
PCA,10,PC5,3h,SI4,0.649854872888472
PCA,10,PC5,3h,SI5,1.1456716795011264
PCA,10,PC5,3h,SI6,0.18921752504467604
PCA,10,PC5,3h,SI7,0.3887869736314816
PCA,10,PC5,3h,SI8,0.1535070170713119
PCA,10,PC5,3h,SI9,-0.05459771574561114
PCA,10,PC5,3h,ce,-0.5241230999613057
PCA,10,PC5,3h,co,-0.581167216032509
PCA,10,PC5,6h,st,0.7024154666093795
PCA,10,PC5,6h,SI1,0.887795271433453
PCA,10,PC5,6h,SI2,1.164890582211563
PCA,10,PC5,6h,SI3,0.9885758805912027
PCA,10,PC5,6h,SI4,1.1290538190865538
PCA,10,PC5,6h,SI5,0.5205982335433106
PCA,10,PC5,6h,SI6,-0.4618700872301796
PCA,10,PC5,6h,SI7,-0.5251381746305958
PCA,10,PC5,6h,SI8,-0.4492714050847644
PCA,10,PC5,6h,SI9,-0.5300559378484639
PCA,10,PC5,6h,ce,-0.13437732955515863
PCA,10,PC5,6h,co,-0.2950113059688073
PCA,10,PC5,12h,st,0.031265490058720646
PCA,10,PC5,12h,SI1,0.6719243966885344
PCA,10,PC5,12h,SI2,0.7335182100029
PCA,10,PC5,12h,SI3,0.6014690080062943
PCA,10,PC5,12h,SI4,0.06401819516643854
PCA,10,PC5,12h,SI5,-0.4302588840510834
PCA,10,PC5,12h,SI6,-0.6235381615355587
PCA,10,PC5,12h,SI7,-0.6740630280433222
PCA,10,PC5,12h,SI8,-0.4871597387440983
PCA,10,PC5,12h,SI9,-0.5704383253677583
PCA,10,PC5,12h,ce,-0.39372050107834783
PCA,10,PC5,12h,co,-0.4610257086403593
PCA,10,PC5,24h,st,0.04521237321662911
PCA,10,PC5,24h,SI1,0.07849509598320412
PCA,10,PC5,24h,SI2,-0.1123292897007382
PCA,10,PC5,24h,SI3,-0.20148465885604172
PCA,10,PC5,24h,SI4,-0.3900537071722486
PCA,10,PC5,24h,SI5,-0.43262193699858875
PCA,10,PC5,24h,SI6,-0.47303815637058905
PCA,10,PC5,24h,SI7,-0.5082307280695165
PCA,10,PC5,24h,SI8,-0.5252119795507446
PCA,10,PC5,24h,SI9,-0.4112469956643671
PCA,10,PC5,24h,ce,-0.43627174370379074
PCA,10,PC5,24h,co,-0.39786115097790264
CP,10,CP5,1h,st,0.013105007995645662
CP,10,CP5,1h,SI1,0.018272733293786293
CP,10,CP5,1h,SI2,0.021836283409691792
CP,10,CP5,1h,SI3,0.015791210154881698
CP,10,CP5,1h,SI4,0.010624628695528526
CP,10,CP5,1h,SI5,0.0024522351781302272
CP,10,CP5,1h,SI6,0.0023168318759392947
CP,10,CP5,1h,SI7,0.0008174354829353831
CP,10,CP5,1h,SI8,0.0008882050229757164
CP,10,CP5,1h,SI9,-5.375294706699752e-05
CP,10,CP5,1h,ce,0.0014833897373971853
CP,10,CP5,1h,co,0.0012854700024038355
CP,10,CP5,3h,st,0.7191772320977066
CP,10,CP5,3h,SI1,1.0027718989146168
CP,10,CP5,3h,SI2,1.1983325662297315
CP,10,CP5,3h,SI3,0.8665907578564199
CP,10,CP5,3h,SI4,0.5830588626771466
CP,10,CP5,3h,SI5,0.13457387499849702
CP,10,CP5,3h,SI6,0.12714320634732795
CP,10,CP5,3h,SI7,0.04485926206464378
CP,10,CP5,3h,SI8,0.04874295614098052
CP,10,CP5,3h,SI9,-0.002949856703756494
CP,10,CP5,3h,ce,0.081405530299403
CP,10,CP5,3h,co,0.07054408197084622
CP,10,CP5,6h,st,-0.4284162915391776
CP,10,CP5,6h,SI1,-0.5973545866289794
CP,10,CP5,6h,SI2,-0.7138507326731104
CP,10,CP5,6h,SI3,-0.5162310237214707
CP,10,CP5,6h,SI4,-0.34733012190694224
CP,10,CP5,6h,SI5,-0.08016610911992857
CP,10,CP5,6h,SI6,-0.07573963485863303
CP,10,CP5,6h,SI7,-0.026722813010726407
CP,10,CP5,6h,SI8,-0.02903634261010451
CP,10,CP5,6h,SI9,0.001757239541509353
CP,10,CP5,6h,ce,-0.048493547689107394
CP,10,CP5,6h,co,-0.04202334645638467
CP,10,CP5,12h,st,-0.29247801704959275
CP,10,CP5,12h,SI1,-0.40781148715196797
CP,10,CP5,12h,SI2,-0.487342920624057
CP,10,CP5,12h,SI3,-0.3524287687918836
CP,10,CP5,12h,SI4,-0.2371208269227221
CP,10,CP5,12h,SI5,-0.05472906864895409
CP,10,CP5,12h,SI6,-0.051707133115612244
CP,10,CP5,12h,SI7,-0.018243553090113006
CP,10,CP5,12h,SI8,-0.01982299010727361
CP,10,CP5,12h,SI9,0.0011996601126798919
CP,10,CP5,12h,ce,-0.03310634293773808
CP,10,CP5,12h,co,-0.028689163517086856
CP,10,CP5,24h,st,0.009804761854372323
CP,10,CP5,24h,SI1,0.013671094167478842
CP,10,CP5,24h,SI2,0.01633723220067833
CP,10,CP5,24h,SI3,0.011814495268709889
CP,10,CP5,24h,SI4,0.007949018740423537
CP,10,CP5,24h,SI5,0.0018346865519250364
CP,10,CP5,24h,SI6,0.0017333819870809083
CP,10,CP5,24h,SI7,0.000611579958147167
CP,10,CP5,24h,SI8,0.0006645275402371196
CP,10,CP5,24h,SI9,-4.021629327793675e-05
CP,10,CP5,24h,ce,0.0011098263440382377
CP,10,CP5,24h,co,0.0009617489168031645
VAE,10,VAE5,1h,st,0.08678542077541351
VAE,10,VAE5,1h,SI1,-0.00618588924407959
VAE,10,VAE5,1h,SI2,0.00930774211883545
VAE,10,VAE5,1h,SI3,0.08970654010772705
VAE,10,VAE5,1h,SI4,0.06280344724655151
VAE,10,VAE5,1h,SI5,0.0710706114768982
VAE,10,VAE5,1h,SI6,0.05182129144668579
VAE,10,VAE5,1h,SI7,0.08357909321784973
VAE,10,VAE5,1h,SI8,0.1157483160495758
VAE,10,VAE5,1h,SI9,0.09390634298324585
VAE,10,VAE5,1h,ce,0.031002134084701538
VAE,10,VAE5,1h,co,0.044368043541908264
VAE,10,VAE5,3h,st,0.08352237939834595
VAE,10,VAE5,3h,SI1,-0.03132075071334839
VAE,10,VAE5,3h,SI2,-0.05291789770126343
VAE,10,VAE5,3h,SI3,-0.06451171636581421
VAE,10,VAE5,3h,SI4,-0.12103879451751709
VAE,10,VAE5,3h,SI5,-0.13801348209381104
VAE,10,VAE5,3h,SI6,-0.04518143832683563
VAE,10,VAE5,3h,SI7,-0.05350494384765625
VAE,10,VAE5,3h,SI8,0.026123329997062683
VAE,10,VAE5,3h,SI9,0.05002959072589874
VAE,10,VAE5,3h,ce,0.070628821849823
VAE,10,VAE5,3h,co,0.06597098708152771
VAE,10,VAE5,6h,st,0.10243311524391174
VAE,10,VAE5,6h,SI1,-0.004081010818481445
VAE,10,VAE5,6h,SI2,-0.08995157480239868
VAE,10,VAE5,6h,SI3,-0.09855246543884277
VAE,10,VAE5,6h,SI4,-0.12979447841644287
VAE,10,VAE5,6h,SI5,-0.11433221399784088
VAE,10,VAE5,6h,SI6,-0.012067139148712158
VAE,10,VAE5,6h,SI7,-0.007166147232055664
VAE,10,VAE5,6h,SI8,-0.006427675485610962
VAE,10,VAE5,6h,SI9,0.030918478965759277
VAE,10,VAE5,6h,ce,-0.08420585095882416
VAE,10,VAE5,6h,co,0.030485600233078003
VAE,10,VAE5,12h,st,0.11708356440067291
VAE,10,VAE5,12h,SI1,-0.09638285636901855
VAE,10,VAE5,12h,SI2,-0.09988850355148315
VAE,10,VAE5,12h,SI3,-0.06794220209121704
VAE,10,VAE5,12h,SI4,-0.11760610342025757
VAE,10,VAE5,12h,SI5,-0.03924375772476196
VAE,10,VAE5,12h,SI6,-0.005285829305648804
VAE,10,VAE5,12h,SI7,-0.01473146677017212
VAE,10,VAE5,12h,SI8,-0.02813822031021118
VAE,10,VAE5,12h,SI9,-0.012758791446685791
VAE,10,VAE5,12h,ce,-0.035234928131103516
VAE,10,VAE5,12h,co,0.010618448257446289
VAE,10,VAE5,24h,st,-0.0037902146577835083
VAE,10,VAE5,24h,SI1,0.0003091543912887573
VAE,10,VAE5,24h,SI2,0.032920677214860916
VAE,10,VAE5,24h,SI3,0.028764724731445312
VAE,10,VAE5,24h,SI4,0.015947073698043823
VAE,10,VAE5,24h,SI5,0.03424009680747986
VAE,10,VAE5,24h,SI6,0.05952921509742737
VAE,10,VAE5,24h,SI7,0.04107615351676941
VAE,10,VAE5,24h,SI8,0.04122793674468994
VAE,10,VAE5,24h,SI9,0.07120320200920105
VAE,10,VAE5,24h,ce,0.0675538182258606
VAE,10,VAE5,24h,co,0.026640206575393677
weighted_CPVAE,10,CPVAE5,1h,st,0.0011537134414538741
weighted_CPVAE,10,CPVAE5,1h,SI1,0.022408442571759224
weighted_CPVAE,10,CPVAE5,1h,SI2,0.024388417601585388
weighted_CPVAE,10,CPVAE5,1h,SI3,0.008463524281978607
weighted_CPVAE,10,CPVAE5,1h,SI4,-0.0013053987640887499
weighted_CPVAE,10,CPVAE5,1h,SI5,-0.007900603115558624
weighted_CPVAE,10,CPVAE5,1h,SI6,-0.009305275976657867
weighted_CPVAE,10,CPVAE5,1h,SI7,-0.007892745546996593
weighted_CPVAE,10,CPVAE5,1h,SI8,-0.004711110610514879
weighted_CPVAE,10,CPVAE5,1h,SI9,-0.002517016837373376
weighted_CPVAE,10,CPVAE5,1h,ce,-0.003146436298266053
weighted_CPVAE,10,CPVAE5,1h,co,-0.0036153735127300024
weighted_CPVAE,10,CPVAE5,3h,st,0.007450613658875227
weighted_CPVAE,10,CPVAE5,3h,SI1,0.1447124183177948
weighted_CPVAE,10,CPVAE5,3h,SI2,0.15749897062778473
weighted_CPVAE,10,CPVAE5,3h,SI3,0.054656945168972015
weighted_CPVAE,10,CPVAE5,3h,SI4,-0.008430189453065395
weighted_CPVAE,10,CPVAE5,3h,SI5,-0.05102163180708885
weighted_CPVAE,10,CPVAE5,3h,SI6,-0.060092926025390625
weighted_CPVAE,10,CPVAE5,3h,SI7,-0.050970885902643204
weighted_CPVAE,10,CPVAE5,3h,SI8,-0.030424077063798904
weighted_CPVAE,10,CPVAE5,3h,SI9,-0.016254747286438942
weighted_CPVAE,10,CPVAE5,3h,ce,-0.0203195009380579
weighted_CPVAE,10,CPVAE5,3h,co,-0.023347869515419006
weighted_CPVAE,10,CPVAE5,6h,st,0.0030083165038377047
weighted_CPVAE,10,CPVAE5,6h,SI1,0.05843018367886543
weighted_CPVAE,10,CPVAE5,6h,SI2,0.06359297782182693
weighted_CPVAE,10,CPVAE5,6h,SI3,0.022068703547120094
weighted_CPVAE,10,CPVAE5,6h,SI4,-0.003403837326914072
weighted_CPVAE,10,CPVAE5,6h,SI5,-0.020600881427526474
weighted_CPVAE,10,CPVAE5,6h,SI6,-0.024263575673103333
weighted_CPVAE,10,CPVAE5,6h,SI7,-0.020580392330884933
weighted_CPVAE,10,CPVAE5,6h,SI8,-0.012284256517887115
weighted_CPVAE,10,CPVAE5,6h,SI9,-0.006563140545040369
weighted_CPVAE,10,CPVAE5,6h,ce,-0.008204355835914612
weighted_CPVAE,10,CPVAE5,6h,co,-0.009427113458514214
weighted_CPVAE,10,CPVAE5,12h,st,0.00720487954095006
weighted_CPVAE,10,CPVAE5,12h,SI1,0.139939546585083
weighted_CPVAE,10,CPVAE5,12h,SI2,0.15230438113212585
weighted_CPVAE,10,CPVAE5,12h,SI3,0.0528542660176754
weighted_CPVAE,10,CPVAE5,12h,SI4,-0.008152146823704243
weighted_CPVAE,10,CPVAE5,12h,SI5,-0.049338847398757935
weighted_CPVAE,10,CPVAE5,12h,SI6,-0.058110956102609634
weighted_CPVAE,10,CPVAE5,12h,SI7,-0.049289777874946594
weighted_CPVAE,10,CPVAE5,12h,SI8,-0.02942063845694065
weighted_CPVAE,10,CPVAE5,12h,SI9,-0.01571863889694214
weighted_CPVAE,10,CPVAE5,12h,ce,-0.019649328663945198
weighted_CPVAE,10,CPVAE5,12h,co,-0.022577816620469093
weighted_CPVAE,10,CPVAE5,24h,st,0.0014825297985225916
weighted_CPVAE,10,CPVAE5,24h,SI1,0.02879500575363636
weighted_CPVAE,10,CPVAE5,24h,SI2,0.03133928403258324
weighted_CPVAE,10,CPVAE5,24h,SI3,0.010875687934458256
weighted_CPVAE,10,CPVAE5,24h,SI4,-0.0016774465329945087
weighted_CPVAE,10,CPVAE5,24h,SI5,-0.010152329690754414
weighted_CPVAE,10,CPVAE5,24h,SI6,-0.01195734366774559
weighted_CPVAE,10,CPVAE5,24h,SI7,-0.010142232291400433
weighted_CPVAE,10,CPVAE5,24h,SI8,-0.006053810007870197
weighted_CPVAE,10,CPVAE5,24h,SI9,-0.003234384348616004
weighted_CPVAE,10,CPVAE5,24h,ce,-0.004043192602694035
weighted_CPVAE,10,CPVAE5,24h,co,-0.004645780194550753
PCA,10,PC6,1h,st,-0.1028351336899783
PCA,10,PC6,1h,SI1,0.5846134070458003
PCA,10,PC6,1h,SI2,0.034281948056650954
PCA,10,PC6,1h,SI3,-0.43623955377018214
PCA,10,PC6,1h,SI4,-0.5717335173545199
PCA,10,PC6,1h,SI5,-0.6321495706913905
PCA,10,PC6,1h,SI6,-0.6625237143953485
PCA,10,PC6,1h,SI7,-0.6020773854130466
PCA,10,PC6,1h,SI8,-0.5975836274048315
PCA,10,PC6,1h,SI9,-0.4367808429872068
PCA,10,PC6,1h,ce,0.29242655456264827
PCA,10,PC6,1h,co,0.4654064454602568
PCA,10,PC6,3h,st,0.24576415900328372
PCA,10,PC6,3h,SI1,1.661451724235689
PCA,10,PC6,3h,SI2,0.6416504265655667
PCA,10,PC6,3h,SI3,0.8647805137082837
PCA,10,PC6,3h,SI4,0.48045713942497814
PCA,10,PC6,3h,SI5,0.8334372855282701
PCA,10,PC6,3h,SI6,0.18328500814897036
PCA,10,PC6,3h,SI7,0.4535412192548776
PCA,10,PC6,3h,SI8,0.2719521542713345
PCA,10,PC6,3h,SI9,0.16228410390993775
PCA,10,PC6,3h,ce,-0.4655576465579164
PCA,10,PC6,3h,co,-0.5401338189655593
PCA,10,PC6,6h,st,-0.23403072234363945
PCA,10,PC6,6h,SI1,0.4704138482127381
PCA,10,PC6,6h,SI2,0.6351093511121796
PCA,10,PC6,6h,SI3,0.8681467111984748
PCA,10,PC6,6h,SI4,0.4469021599614404
PCA,10,PC6,6h,SI5,0.36771452519008385
PCA,10,PC6,6h,SI6,-0.4601317351214603
PCA,10,PC6,6h,SI7,-0.5171043866606813
PCA,10,PC6,6h,SI8,-0.38289278666550114
PCA,10,PC6,6h,SI9,-0.44773133256693753
PCA,10,PC6,6h,ce,-0.07469204491340854
PCA,10,PC6,6h,co,-0.3013487361388208
PCA,10,PC6,12h,st,0.22879195013083137
PCA,10,PC6,12h,SI1,1.0765140599274723
PCA,10,PC6,12h,SI2,1.096864507087776
PCA,10,PC6,12h,SI3,0.9965229238506619
PCA,10,PC6,12h,SI4,0.28597532334870823
PCA,10,PC6,12h,SI5,-0.29851461871363844
PCA,10,PC6,12h,SI6,-0.5192100266567612
PCA,10,PC6,12h,SI7,-0.5568555262275895
PCA,10,PC6,12h,SI8,-0.40431605947280613
PCA,10,PC6,12h,SI9,-0.45628223734125295
PCA,10,PC6,12h,ce,-0.251957326295041
PCA,10,PC6,12h,co,-0.3181477743827658
PCA,10,PC6,24h,st,0.05482280517164122
PCA,10,PC6,24h,SI1,0.10901872169269877
PCA,10,PC6,24h,SI2,-0.08115581286295216
PCA,10,PC6,24h,SI3,-0.15662477590427032
PCA,10,PC6,24h,SI4,-0.3302048277964092
PCA,10,PC6,24h,SI5,-0.3627109928168414
PCA,10,PC6,24h,SI6,-0.406709167295773
PCA,10,PC6,24h,SI7,-0.45191452885851
PCA,10,PC6,24h,SI8,-0.4725434984669587
PCA,10,PC6,24h,SI9,-0.4295945889370684
PCA,10,PC6,24h,ce,-0.45122564564440915
PCA,10,PC6,24h,co,-0.3986150127477813
CP,10,CP6,1h,st,-0.29948974164711484
CP,10,CP6,1h,SI1,-0.01908093684708102
CP,10,CP6,1h,SI2,0.10957705729754415
CP,10,CP6,1h,SI3,0.10684191148919649
CP,10,CP6,1h,SI4,-0.07281710258836827
CP,10,CP6,1h,SI5,-0.06630615232062459
CP,10,CP6,1h,SI6,0.005426108167784049
CP,10,CP6,1h,SI7,0.014303830645312423
CP,10,CP6,1h,SI8,0.05087375247753066
CP,10,CP6,1h,SI9,0.06037798783921492
CP,10,CP6,1h,ce,0.02404250066080757
CP,10,CP6,1h,co,0.01883148990042604
CP,10,CP6,3h,st,-2.058546338535575
CP,10,CP6,3h,SI1,-0.13115304873670475
CP,10,CP6,3h,SI2,0.7531792202523857
CP,10,CP6,3h,SI3,0.7343791626672105
CP,10,CP6,3h,SI4,-0.5005092297708049
CP,10,CP6,3h,SI5,-0.455756134855642
CP,10,CP6,3h,SI6,0.03729641970325375
CP,10,CP6,3h,SI7,0.0983175518466861
CP,10,CP6,3h,SI8,0.34968134906464754
CP,10,CP6,3h,SI9,0.4150088250468752
CP,10,CP6,3h,ce,0.16525641723936274
CP,10,CP6,3h,co,0.12943847215097135
CP,10,CP6,6h,st,-1.0348156754843674
CP,10,CP6,6h,SI1,-0.06592964568232956
CP,10,CP6,6h,SI2,0.37861749768563313
CP,10,CP6,6h,SI3,0.36916685092341944
CP,10,CP6,6h,SI4,-0.2516022044273672
CP,10,CP6,6h,SI5,-0.22910516208359583
CP,10,CP6,6h,SI6,0.018748628109983165
CP,10,CP6,6h,SI7,0.04942348973235879
CP,10,CP6,6h,SI8,0.1757821695158137
CP,10,CP6,6h,SI9,0.20862179761684005
CP,10,CP6,6h,ce,0.08307315110299242
CP,10,CP6,6h,co,0.06506774100011697
CP,10,CP6,12h,st,0.08454722547759655
CP,10,CP6,12h,SI1,0.005386629475392184
CP,10,CP6,12h,SI2,-0.03093406845775424
CP,10,CP6,12h,SI3,-0.0301619251846636
CP,10,CP6,12h,SI4,0.020556577187936412
CP,10,CP6,12h,SI5,0.018718508286701827
CP,10,CP6,12h,SI6,-0.0015318133709835726
CP,10,CP6,12h,SI7,-0.00403803211459425
CP,10,CP6,12h,SI8,-0.014361876296508726
CP,10,CP6,12h,SI9,-0.017044962287024176
CP,10,CP6,12h,ce,-0.00678730000311563
CP,10,CP6,12h,co,-0.0053162095433853425
CP,10,CP6,24h,st,-0.09372462718872342
CP,10,CP6,24h,SI1,-0.005971335387211492
CP,10,CP6,24h,SI2,0.03429188855406877
CP,10,CP6,24h,SI3,0.03343593095170041
CP,10,CP6,24h,SI4,-0.022787945107980927
CP,10,CP6,24h,SI5,-0.020750358167164674
CP,10,CP6,24h,SI6,0.0016980880958202473
CP,10,CP6,24h,SI7,0.004476350966912856
CP,10,CP6,24h,SI8,0.01592082406036524
CP,10,CP6,24h,SI9,0.018895152700433772
CP,10,CP6,24h,ce,0.0075240453937616
CP,10,CP6,24h,co,0.00589327153784549
VAE,10,VAE6,1h,st,0.02474147081375122
VAE,10,VAE6,1h,SI1,-0.17284491658210754
VAE,10,VAE6,1h,SI2,-0.19119793176651
VAE,10,VAE6,1h,SI3,-0.17841440439224243
VAE,10,VAE6,1h,SI4,-0.2859279215335846
VAE,10,VAE6,1h,SI5,-0.3332376182079315
VAE,10,VAE6,1h,SI6,-0.3152095079421997
VAE,10,VAE6,1h,SI7,-0.23379451036453247
VAE,10,VAE6,1h,SI8,-0.21683913469314575
VAE,10,VAE6,1h,SI9,-0.22019946575164795
VAE,10,VAE6,1h,ce,-0.27162671089172363
VAE,10,VAE6,1h,co,-0.18850383162498474
VAE,10,VAE6,3h,st,0.257381796836853
VAE,10,VAE6,3h,SI1,0.3773753046989441
VAE,10,VAE6,3h,SI2,0.3526378870010376
VAE,10,VAE6,3h,SI3,0.21406018733978271
VAE,10,VAE6,3h,SI4,0.1853705644607544
VAE,10,VAE6,3h,SI5,-0.0331648588180542
VAE,10,VAE6,3h,SI6,-0.11577527225017548
VAE,10,VAE6,3h,SI7,-0.1874527633190155
VAE,10,VAE6,3h,SI8,-0.08149302005767822
VAE,10,VAE6,3h,SI9,-0.008783936500549316
VAE,10,VAE6,3h,ce,-0.1365639567375183
VAE,10,VAE6,3h,co,-0.1553574502468109
VAE,10,VAE6,6h,st,0.4641592800617218
VAE,10,VAE6,6h,SI1,0.36668145656585693
VAE,10,VAE6,6h,SI2,0.35123610496520996
VAE,10,VAE6,6h,SI3,0.24112707376480103
VAE,10,VAE6,6h,SI4,0.2536894679069519
VAE,10,VAE6,6h,SI5,-0.06373171508312225
VAE,10,VAE6,6h,SI6,-0.1407792866230011
VAE,10,VAE6,6h,SI7,-0.1573871374130249
VAE,10,VAE6,6h,SI8,-0.17230838537216187
VAE,10,VAE6,6h,SI9,-0.1292453408241272
VAE,10,VAE6,6h,ce,-0.15170298516750336
VAE,10,VAE6,6h,co,-0.16029542684555054
VAE,10,VAE6,12h,st,0.22258956730365753
VAE,10,VAE6,12h,SI1,0.312078595161438
VAE,10,VAE6,12h,SI2,0.27124786376953125
VAE,10,VAE6,12h,SI3,0.21532315015792847
VAE,10,VAE6,12h,SI4,0.10779641568660736
VAE,10,VAE6,12h,SI5,-0.05430859327316284
VAE,10,VAE6,12h,SI6,-0.08621960878372192
VAE,10,VAE6,12h,SI7,-0.152057945728302
VAE,10,VAE6,12h,SI8,-0.10109889507293701
VAE,10,VAE6,12h,SI9,-0.1111675500869751
VAE,10,VAE6,12h,ce,-0.1594129204750061
VAE,10,VAE6,12h,co,-0.11833184957504272
VAE,10,VAE6,24h,st,0.10925237834453583
VAE,10,VAE6,24h,SI1,0.19493597745895386
VAE,10,VAE6,24h,SI2,0.10517385601997375
VAE,10,VAE6,24h,SI3,0.09706674516201019
VAE,10,VAE6,24h,SI4,0.06262019276618958
VAE,10,VAE6,24h,SI5,0.021413654088974
VAE,10,VAE6,24h,SI6,0.055093735456466675
VAE,10,VAE6,24h,SI7,-0.007503777742385864
VAE,10,VAE6,24h,SI8,0.014354616403579712
VAE,10,VAE6,24h,SI9,0.030788838863372803
VAE,10,VAE6,24h,ce,0.026710152626037598
VAE,10,VAE6,24h,co,0.02472570538520813
weighted_CPVAE,10,CPVAE6,1h,st,0.073319211602211
weighted_CPVAE,10,CPVAE6,1h,SI1,0.04864894226193428
weighted_CPVAE,10,CPVAE6,1h,SI2,0.005911872256547213
weighted_CPVAE,10,CPVAE6,1h,SI3,0.031163478270173073
weighted_CPVAE,10,CPVAE6,1h,SI4,0.0736689418554306
weighted_CPVAE,10,CPVAE6,1h,SI5,0.015075706876814365
weighted_CPVAE,10,CPVAE6,1h,SI6,0.007125608157366514
weighted_CPVAE,10,CPVAE6,1h,SI7,-0.0026618146803230047
weighted_CPVAE,10,CPVAE6,1h,SI8,-0.005988308694213629
weighted_CPVAE,10,CPVAE6,1h,SI9,-0.005235130898654461
weighted_CPVAE,10,CPVAE6,1h,ce,-0.00423958757892251
weighted_CPVAE,10,CPVAE6,1h,co,-0.013909799978137016
weighted_CPVAE,10,CPVAE6,3h,st,-0.13222071528434753
weighted_CPVAE,10,CPVAE6,3h,SI1,-0.08773140609264374
weighted_CPVAE,10,CPVAE6,3h,SI2,-0.010661216452717781
weighted_CPVAE,10,CPVAE6,3h,SI3,-0.05619887635111809
weighted_CPVAE,10,CPVAE6,3h,SI4,-0.13285140693187714
weighted_CPVAE,10,CPVAE6,3h,SI5,-0.027186881750822067
weighted_CPVAE,10,CPVAE6,3h,SI6,-0.012850015424191952
weighted_CPVAE,10,CPVAE6,3h,SI7,0.004800202324986458
weighted_CPVAE,10,CPVAE6,3h,SI8,0.010799058713018894
weighted_CPVAE,10,CPVAE6,3h,SI9,0.009440810419619083
weighted_CPVAE,10,CPVAE6,3h,ce,0.007645490113645792
weighted_CPVAE,10,CPVAE6,3h,co,0.02508433535695076
weighted_CPVAE,10,CPVAE6,6h,st,-0.049026548862457275
weighted_CPVAE,10,CPVAE6,6h,SI1,-0.03253021836280823
weighted_CPVAE,10,CPVAE6,6h,SI2,-0.003953107632696629
weighted_CPVAE,10,CPVAE6,6h,SI3,-0.020838165655732155
weighted_CPVAE,10,CPVAE6,6h,SI4,-0.04926040768623352
weighted_CPVAE,10,CPVAE6,6h,SI5,-0.010080712847411633
weighted_CPVAE,10,CPVAE6,6h,SI6,-0.004764699377119541
weighted_CPVAE,10,CPVAE6,6h,SI7,0.0017798827029764652
weighted_CPVAE,10,CPVAE6,6h,SI8,0.004004218149930239
weighted_CPVAE,10,CPVAE6,6h,SI9,0.0035005889367312193
weighted_CPVAE,10,CPVAE6,6h,ce,0.0028348963242024183
weighted_CPVAE,10,CPVAE6,6h,co,0.009301102720201015
weighted_CPVAE,10,CPVAE6,12h,st,-0.04847390204668045
weighted_CPVAE,10,CPVAE6,12h,SI1,-0.03216352313756943
weighted_CPVAE,10,CPVAE6,12h,SI2,-0.0039085461758077145
weighted_CPVAE,10,CPVAE6,12h,SI3,-0.02060326747596264
weighted_CPVAE,10,CPVAE6,12h,SI4,-0.048705123364925385
weighted_CPVAE,10,CPVAE6,12h,SI5,-0.0099670784547925
weighted_CPVAE,10,CPVAE6,12h,SI6,-0.004710989538580179
weighted_CPVAE,10,CPVAE6,12h,SI7,0.0017598191043362021
weighted_CPVAE,10,CPVAE6,12h,SI8,0.003959081135690212
weighted_CPVAE,10,CPVAE6,12h,SI9,0.0034611287992447615
weighted_CPVAE,10,CPVAE6,12h,ce,0.002802940085530281
weighted_CPVAE,10,CPVAE6,12h,co,0.009196257218718529
weighted_CPVAE,10,CPVAE6,24h,st,-0.03468924015760422
weighted_CPVAE,10,CPVAE6,24h,SI1,-0.023017091676592827
weighted_CPVAE,10,CPVAE6,24h,SI2,-0.0027970620431005955
weighted_CPVAE,10,CPVAE6,24h,SI3,-0.014744259417057037
weighted_CPVAE,10,CPVAE6,24h,SI4,-0.0348547101020813
weighted_CPVAE,10,CPVAE6,24h,SI5,-0.007132712751626968
weighted_CPVAE,10,CPVAE6,24h,SI6,-0.0033713122829794884
weighted_CPVAE,10,CPVAE6,24h,SI7,0.0012593744322657585
weighted_CPVAE,10,CPVAE6,24h,SI8,0.0028332259971648455
weighted_CPVAE,10,CPVAE6,24h,SI9,0.0024768777657300234
weighted_CPVAE,10,CPVAE6,24h,ce,0.002005860209465027
weighted_CPVAE,10,CPVAE6,24h,co,0.006581091322004795
PCA,10,PC7,1h,st,-0.007913103028505107
PCA,10,PC7,1h,SI1,0.5989945125390037
PCA,10,PC7,1h,SI2,0.02018300053745653
PCA,10,PC7,1h,SI3,-0.453689183802708
PCA,10,PC7,1h,SI4,-0.5532141071510743
PCA,10,PC7,1h,SI5,-0.5987760018073846
PCA,10,PC7,1h,SI6,-0.6415028068927514
PCA,10,PC7,1h,SI7,-0.5882617350291067
PCA,10,PC7,1h,SI8,-0.555801643976091
PCA,10,PC7,1h,SI9,-0.3901760285761595
PCA,10,PC7,1h,ce,0.34582266708019566
PCA,10,PC7,1h,co,0.3984732873978892
PCA,10,PC7,3h,st,-0.2188033470481388
PCA,10,PC7,3h,SI1,0.9391485663894658
PCA,10,PC7,3h,SI2,1.8725494614760327
PCA,10,PC7,3h,SI3,0.8363138728574393
PCA,10,PC7,3h,SI4,0.6732459781486186
PCA,10,PC7,3h,SI5,1.129543840406383
PCA,10,PC7,3h,SI6,0.19047727873195838
PCA,10,PC7,3h,SI7,0.4562486696923875
PCA,10,PC7,3h,SI8,0.21796088399402525
PCA,10,PC7,3h,SI9,-0.016983311302957223
PCA,10,PC7,3h,ce,-0.5346443729084167
PCA,10,PC7,3h,co,-0.6072920071133648
PCA,10,PC7,6h,st,0.5439860779037455
PCA,10,PC7,6h,SI1,0.38202981302275696
PCA,10,PC7,6h,SI2,0.5213873075413923
PCA,10,PC7,6h,SI3,0.8421970406831938
PCA,10,PC7,6h,SI4,0.7105911059941059
PCA,10,PC7,6h,SI5,0.5074636774915265
PCA,10,PC7,6h,SI6,-0.43088847333123487
PCA,10,PC7,6h,SI7,-0.471620176654174
PCA,10,PC7,6h,SI8,-0.39720045266478876
PCA,10,PC7,6h,SI9,-0.47073501518286853
PCA,10,PC7,6h,ce,-0.0007533104407662361
PCA,10,PC7,6h,co,-0.30902406603216703
PCA,10,PC7,12h,st,0.20826228744728872
PCA,10,PC7,12h,SI1,0.7633554624524993
PCA,10,PC7,12h,SI2,0.783714802227073
PCA,10,PC7,12h,SI3,0.6874492118904921
PCA,10,PC7,12h,SI4,0.09358643903644233
PCA,10,PC7,12h,SI5,-0.35439191216587296
PCA,10,PC7,12h,SI6,-0.5607423836809897
PCA,10,PC7,12h,SI7,-0.5983107010433582
PCA,10,PC7,12h,SI8,-0.40856303604661914
PCA,10,PC7,12h,SI9,-0.5092457709442025
PCA,10,PC7,12h,ce,-0.3138670998338976
PCA,10,PC7,12h,co,-0.40081696474313055
PCA,10,PC7,24h,st,0.07209992226547686
PCA,10,PC7,24h,SI1,0.09280804137942618
PCA,10,PC7,24h,SI2,-0.08408954625477795
PCA,10,PC7,24h,SI3,-0.1562375722318087
PCA,10,PC7,24h,SI4,-0.3514219646271102
PCA,10,PC7,24h,SI5,-0.3795658597912611
PCA,10,PC7,24h,SI6,-0.424160929486875
PCA,10,PC7,24h,SI7,-0.46450717525386026
PCA,10,PC7,24h,SI8,-0.48994527586368536
PCA,10,PC7,24h,SI9,-0.3782222091375208
PCA,10,PC7,24h,ce,-0.4013782974697236
PCA,10,PC7,24h,co,-0.3651473670689227
CP,10,CP7,1h,st,-0.7316637763957734
CP,10,CP7,1h,SI1,0.0071853511322292635
CP,10,CP7,1h,SI2,0.10388596592875564
CP,10,CP7,1h,SI3,0.11219256929909271
CP,10,CP7,1h,SI4,0.1927371278874875
CP,10,CP7,1h,SI5,0.16380150825963727
CP,10,CP7,1h,SI6,0.05649933395531966
CP,10,CP7,1h,SI7,0.04845492262421246
CP,10,CP7,1h,SI8,0.06998350441781463
CP,10,CP7,1h,SI9,0.049249871731724425
CP,10,CP7,1h,ce,0.11630455665995201
CP,10,CP7,1h,co,0.01680267925392425
CP,10,CP7,3h,st,2.922954506256091
CP,10,CP7,3h,SI1,-0.028705062555428647
CP,10,CP7,3h,SI2,-0.41501843065682914
CP,10,CP7,3h,SI3,-0.44820283111001663
CP,10,CP7,3h,SI4,-0.769973688265323
CP,10,CP7,3h,SI5,-0.6543775599464225
CP,10,CP7,3h,SI6,-0.22571157424067792
CP,10,CP7,3h,SI7,-0.1935746158329975
CP,10,CP7,3h,SI8,-0.27958005603245006
CP,10,CP7,3h,SI9,-0.1967503915800115
CP,10,CP7,3h,ce,-0.464629982998414
CP,10,CP7,3h,co,-0.06712573264781532
CP,10,CP7,6h,st,-2.930932258745557
CP,10,CP7,6h,SI1,0.028783408586395498
CP,10,CP7,6h,SI2,0.41615115930904056
CP,10,CP7,6h,SI3,0.449426131453563
CP,10,CP7,6h,SI4,0.7720752124235795
CP,10,CP7,6h,SI5,0.6561635823414819
CP,10,CP7,6h,SI6,0.22632761909168256
CP,10,CP7,6h,SI7,0.19410294782381496
CP,10,CP7,6h,SI8,0.2803431265774223
CP,10,CP7,6h,SI9,0.19728739135981352
CP,10,CP7,6h,ce,0.4658981187137023
CP,10,CP7,6h,co,0.06730894195866576
CP,10,CP7,12h,st,-0.6761649031666117
CP,10,CP7,12h,SI1,0.00664032088136866
CP,10,CP7,12h,SI2,0.09600590648154543
CP,10,CP7,12h,SI3,0.10368242928443085
CP,10,CP7,12h,SI4,0.17811744358403186
CP,10,CP7,12h,SI5,0.15137667675242641
CP,10,CP7,12h,SI6,0.05221369145957554
CP,10,CP7,12h,SI7,0.04477947265004925
CP,10,CP7,12h,SI8,0.0646750474938575
CP,10,CP7,12h,SI9,0.04551412250377176
CP,10,CP7,12h,ce,0.1074825101759219
CP,10,CP7,12h,co,0.015528146065445912
CP,10,CP7,24h,st,0.024536413343747426
CP,10,CP7,24h,SI1,-0.00024096142393275277
CP,10,CP7,24h,SI2,-0.003483825607984732
CP,10,CP7,24h,SI3,-0.0037623883308533683
CP,10,CP7,24h,SI4,-0.006463457655140273
CP,10,CP7,24h,SI5,-0.005493098937856527
CP,10,CP7,24h,SI6,-0.001894710461686532
CP,10,CP7,24h,SI7,-0.0016249403734371393
CP,10,CP7,24h,SI8,-0.0023469033824501267
CP,10,CP7,24h,SI9,-0.0016515990662936324
CP,10,CP7,24h,ce,-0.0039002842125482598
CP,10,CP7,24h,co,-0.0005634794242344517
VAE,10,VAE7,1h,st,0.03819063678383827
VAE,10,VAE7,1h,SI1,0.10332220792770386
VAE,10,VAE7,1h,SI2,0.0364404171705246
VAE,10,VAE7,1h,SI3,0.03120863437652588
VAE,10,VAE7,1h,SI4,0.03844150900840759
VAE,10,VAE7,1h,SI5,0.0420931875705719
VAE,10,VAE7,1h,SI6,0.04100540280342102
VAE,10,VAE7,1h,SI7,0.04211476445198059
VAE,10,VAE7,1h,SI8,0.030786246061325073
VAE,10,VAE7,1h,SI9,0.04937770962715149
VAE,10,VAE7,1h,ce,0.10381519794464111
VAE,10,VAE7,1h,co,0.09219850599765778
VAE,10,VAE7,3h,st,0.1492014229297638
VAE,10,VAE7,3h,SI1,-0.08866876363754272
VAE,10,VAE7,3h,SI2,0.008063435554504395
VAE,10,VAE7,3h,SI3,0.08141672611236572
VAE,10,VAE7,3h,SI4,0.011997878551483154
VAE,10,VAE7,3h,SI5,0.06128418445587158
VAE,10,VAE7,3h,SI6,0.014637455344200134
VAE,10,VAE7,3h,SI7,0.04535272717475891
VAE,10,VAE7,3h,SI8,-0.0028913766145706177
VAE,10,VAE7,3h,SI9,-0.0016287267208099365
VAE,10,VAE7,3h,ce,0.018125832080841064
VAE,10,VAE7,3h,co,0.00438767671585083
VAE,10,VAE7,6h,st,-0.07740932703018188
VAE,10,VAE7,6h,SI1,-0.05792534351348877
VAE,10,VAE7,6h,SI2,0.008938431739807129
VAE,10,VAE7,6h,SI3,0.061420321464538574
VAE,10,VAE7,6h,SI4,0.007339000701904297
VAE,10,VAE7,6h,SI5,0.01289328932762146
VAE,10,VAE7,6h,SI6,-0.013147622346878052
VAE,10,VAE7,6h,SI7,-0.011789590120315552
VAE,10,VAE7,6h,SI8,-0.007556319236755371
VAE,10,VAE7,6h,SI9,-0.004894673824310303
VAE,10,VAE7,6h,ce,-0.013492882251739502
VAE,10,VAE7,6h,co,-0.024013489484786987
VAE,10,VAE7,12h,st,-0.0020020008087158203
VAE,10,VAE7,12h,SI1,0.01693713665008545
VAE,10,VAE7,12h,SI2,-0.03302222490310669
VAE,10,VAE7,12h,SI3,0.023122727870941162
VAE,10,VAE7,12h,SI4,-0.007709577679634094
VAE,10,VAE7,12h,SI5,-0.022949635982513428
VAE,10,VAE7,12h,SI6,-0.027878284454345703
VAE,10,VAE7,12h,SI7,0.0017118453979492188
VAE,10,VAE7,12h,SI8,-0.0008883476257324219
VAE,10,VAE7,12h,SI9,-0.01468425989151001
VAE,10,VAE7,12h,ce,-0.019543543457984924
VAE,10,VAE7,12h,co,0.012326687574386597
VAE,10,VAE7,24h,st,-0.054558880627155304
VAE,10,VAE7,24h,SI1,-0.06797944009304047
VAE,10,VAE7,24h,SI2,-0.05380918085575104
VAE,10,VAE7,24h,SI3,-0.06198316812515259
VAE,10,VAE7,24h,SI4,-0.056930094957351685
VAE,10,VAE7,24h,SI5,-0.054237037897109985
VAE,10,VAE7,24h,SI6,-0.056133002042770386
VAE,10,VAE7,24h,SI7,-0.06974774599075317
VAE,10,VAE7,24h,SI8,-0.05016416311264038
VAE,10,VAE7,24h,SI9,-0.060821592807769775
VAE,10,VAE7,24h,ce,-0.03842568397521973
VAE,10,VAE7,24h,co,-0.039839327335357666
weighted_CPVAE,10,CPVAE7,1h,st,-0.009431112557649612
weighted_CPVAE,10,CPVAE7,1h,SI1,0.005028196144849062
weighted_CPVAE,10,CPVAE7,1h,SI2,0.008401812054216862
weighted_CPVAE,10,CPVAE7,1h,SI3,0.0030048538465052843
weighted_CPVAE,10,CPVAE7,1h,SI4,0.0052194553427398205
weighted_CPVAE,10,CPVAE7,1h,SI5,0.0018123374320566654
weighted_CPVAE,10,CPVAE7,1h,SI6,0.00015319713565986603
weighted_CPVAE,10,CPVAE7,1h,SI7,-8.637233008812473e-07
weighted_CPVAE,10,CPVAE7,1h,SI8,-2.8581222068169154e-05
weighted_CPVAE,10,CPVAE7,1h,SI9,0.0005022331024520099
weighted_CPVAE,10,CPVAE7,1h,ce,9.458445856580511e-05
weighted_CPVAE,10,CPVAE7,1h,co,0.0003463359025772661
weighted_CPVAE,10,CPVAE7,3h,st,-0.18159353733062744
weighted_CPVAE,10,CPVAE7,3h,SI1,0.09681656211614609
weighted_CPVAE,10,CPVAE7,3h,SI2,0.1617746204137802
weighted_CPVAE,10,CPVAE7,3h,SI3,0.05785765126347542
weighted_CPVAE,10,CPVAE7,3h,SI4,0.10049920529127121
weighted_CPVAE,10,CPVAE7,3h,SI5,0.03489606827497482
weighted_CPVAE,10,CPVAE7,3h,SI6,0.0029497698415070772
weighted_CPVAE,10,CPVAE7,3h,SI7,-1.663076000113506e-05
weighted_CPVAE,10,CPVAE7,3h,SI8,-0.0005503237480297685
weighted_CPVAE,10,CPVAE7,3h,SI9,0.009670363739132881
weighted_CPVAE,10,CPVAE7,3h,ce,0.0018211982678622007
weighted_CPVAE,10,CPVAE7,3h,co,0.0066686044447124004
weighted_CPVAE,10,CPVAE7,6h,st,0.1793988049030304
weighted_CPVAE,10,CPVAE7,6h,SI1,-0.0956464409828186
weighted_CPVAE,10,CPVAE7,6h,SI2,-0.15981942415237427
weighted_CPVAE,10,CPVAE7,6h,SI3,-0.05715838447213173
weighted_CPVAE,10,CPVAE7,6h,SI4,-0.0992845743894577
weighted_CPVAE,10,CPVAE7,6h,SI5,-0.034474316984415054
weighted_CPVAE,10,CPVAE7,6h,SI6,-0.0029141190461814404
weighted_CPVAE,10,CPVAE7,6h,SI7,1.642976167204324e-05
weighted_CPVAE,10,CPVAE7,6h,SI8,0.0005436725914478302
weighted_CPVAE,10,CPVAE7,6h,SI9,-0.009553487412631512
weighted_CPVAE,10,CPVAE7,6h,ce,-0.0017991873901337385
weighted_CPVAE,10,CPVAE7,6h,co,-0.006588007789105177
weighted_CPVAE,10,CPVAE7,12h,st,0.06823266297578812
weighted_CPVAE,10,CPVAE7,12h,SI1,-0.03637823089957237
weighted_CPVAE,10,CPVAE7,12h,SI2,-0.060785822570323944
weighted_CPVAE,10,CPVAE7,12h,SI3,-0.0217396579682827
weighted_CPVAE,10,CPVAE7,12h,SI4,-0.03776196017861366
weighted_CPVAE,10,CPVAE7,12h,SI5,-0.013111984357237816
weighted_CPVAE,10,CPVAE7,12h,SI6,-0.0011083579156547785
weighted_CPVAE,10,CPVAE7,12h,SI7,6.248906174732838e-06
weighted_CPVAE,10,CPVAE7,12h,SI8,0.0002067807799903676
weighted_CPVAE,10,CPVAE7,12h,SI9,-0.0036335797049105167
weighted_CPVAE,10,CPVAE7,12h,ce,-0.0006843041046522558
weighted_CPVAE,10,CPVAE7,12h,co,-0.0025056872982531786
weighted_CPVAE,10,CPVAE7,24h,st,0.0029384454246610403
weighted_CPVAE,10,CPVAE7,24h,SI1,-0.0015666316030547023
weighted_CPVAE,10,CPVAE7,24h,SI2,-0.002617746591567993
weighted_CPVAE,10,CPVAE7,24h,SI3,-0.0009362202254123986
weighted_CPVAE,10,CPVAE7,24h,SI4,-0.00162622204516083
weighted_CPVAE,10,CPVAE7,24h,SI5,-0.0005646687350235879
weighted_CPVAE,10,CPVAE7,24h,SI6,-4.77315261377953e-05
weighted_CPVAE,10,CPVAE7,24h,SI7,2.69109676764856e-07
weighted_CPVAE,10,CPVAE7,24h,SI8,8.90503179107327e-06
weighted_CPVAE,10,CPVAE7,24h,SI9,-0.00015648042608518153
weighted_CPVAE,10,CPVAE7,24h,ce,-2.9469614673871547e-05
weighted_CPVAE,10,CPVAE7,24h,co,-0.0001079076319001615
PCA,10,PC8,1h,st,0.04574058902406622
PCA,10,PC8,1h,SI1,0.8674030366898424
PCA,10,PC8,1h,SI2,0.04000213199151747
PCA,10,PC8,1h,SI3,-0.43328459661451757
PCA,10,PC8,1h,SI4,-0.5092211067501076
PCA,10,PC8,1h,SI5,-0.5647279580106193
PCA,10,PC8,1h,SI6,-0.6010112879284798
PCA,10,PC8,1h,SI7,-0.5471278266356329
PCA,10,PC8,1h,SI8,-0.5185991098139433
PCA,10,PC8,1h,SI9,-0.3485566248396561
PCA,10,PC8,1h,ce,0.32745028793821895
PCA,10,PC8,1h,co,0.36622869833301586
PCA,10,PC8,3h,st,-0.06289681584607124
PCA,10,PC8,3h,SI1,0.9307073727692162
PCA,10,PC8,3h,SI2,0.4649953255734224
PCA,10,PC8,3h,SI3,0.9976554034085803
PCA,10,PC8,3h,SI4,1.6009808603446847
PCA,10,PC8,3h,SI5,1.322834110052024
PCA,10,PC8,3h,SI6,0.20857714956748039
PCA,10,PC8,3h,SI7,0.3616911360147604
PCA,10,PC8,3h,SI8,0.12665703493732508
PCA,10,PC8,3h,SI9,-0.13808204989273415
PCA,10,PC8,3h,ce,-0.5590875927880979
PCA,10,PC8,3h,co,-0.6179698852039682
PCA,10,PC8,6h,st,0.5295009736667197
PCA,10,PC8,6h,SI1,0.5369820396360553
PCA,10,PC8,6h,SI2,0.4000328151541386
PCA,10,PC8,6h,SI3,0.60768030335577
PCA,10,PC8,6h,SI4,0.7613034531713687
PCA,10,PC8,6h,SI5,0.45266730260287297
PCA,10,PC8,6h,SI6,-0.4651474263857262
PCA,10,PC8,6h,SI7,-0.5302800588173623
PCA,10,PC8,6h,SI8,-0.4524590247774644
PCA,10,PC8,6h,SI9,-0.5601409016758037
PCA,10,PC8,6h,ce,-0.20956369073203535
PCA,10,PC8,6h,co,-0.3472467886303827
PCA,10,PC8,12h,st,0.1177568182749489
PCA,10,PC8,12h,SI1,0.9319432209292644
PCA,10,PC8,12h,SI2,1.0391319757067157
PCA,10,PC8,12h,SI3,0.8586163062590503
PCA,10,PC8,12h,SI4,0.24743575797356326
PCA,10,PC8,12h,SI5,-0.3513799408634045
PCA,10,PC8,12h,SI6,-0.5928567455473862
PCA,10,PC8,12h,SI7,-0.6595562324386407
PCA,10,PC8,12h,SI8,-0.45279104288654476
PCA,10,PC8,12h,SI9,-0.5340084997558953
PCA,10,PC8,12h,ce,-0.36877974140795855
PCA,10,PC8,12h,co,-0.456544744122527
PCA,10,PC8,24h,st,0.10752795998931652
PCA,10,PC8,24h,SI1,0.16207034209130544
PCA,10,PC8,24h,SI2,-0.06986224910323419
PCA,10,PC8,24h,SI3,-0.1451888227657936
PCA,10,PC8,24h,SI4,-0.35399702523121873
PCA,10,PC8,24h,SI5,-0.39923118931307805
PCA,10,PC8,24h,SI6,-0.4482703039577156
PCA,10,PC8,24h,SI7,-0.4912356995130794
PCA,10,PC8,24h,SI8,-0.5079112379554104
PCA,10,PC8,24h,SI9,-0.3687889325929054
PCA,10,PC8,24h,ce,-0.3957244869423542
PCA,10,PC8,24h,co,-0.3520427657154934
CP,10,CP8,1h,st,0.01691452679352446
CP,10,CP8,1h,SI1,-0.012439913811858393
CP,10,CP8,1h,SI2,0.02083790267241257
CP,10,CP8,1h,SI3,-0.007268843443285664
CP,10,CP8,1h,SI4,-0.007182570114579222
CP,10,CP8,1h,SI5,0.0010595228596855396
CP,10,CP8,1h,SI6,-0.0019527284397138859
CP,10,CP8,1h,SI7,-0.0009677353149069762
CP,10,CP8,1h,SI8,-0.0014183317746683812
CP,10,CP8,1h,SI9,-0.0017591328806972084
CP,10,CP8,1h,ce,-0.0011608987194034774
CP,10,CP8,1h,co,-0.00024402035804515343
CP,10,CP8,3h,st,0.83048122189465
CP,10,CP8,3h,SI1,-0.6107835559840459
CP,10,CP8,3h,SI2,1.02311386445243
CP,10,CP8,3h,SI3,-0.3568907400266056
CP,10,CP8,3h,SI4,-0.35265483202186765
CP,10,CP8,3h,SI5,0.05202119159927228
CP,10,CP8,3h,SI6,-0.09587642151850638
CP,10,CP8,3h,SI7,-0.04751454277173345
CP,10,CP8,3h,SI8,-0.06963824171123426
CP,10,CP8,3h,SI9,-0.08637113187202923
CP,10,CP8,3h,ce,-0.05699861419447046
CP,10,CP8,3h,co,-0.011981081563221323
CP,10,CP8,6h,st,0.10047822181057829
CP,10,CP8,6h,SI1,-0.07389745125893264
CP,10,CP8,6h,SI2,0.12378445062899918
CP,10,CP8,6h,SI3,-0.043179479551295225
CP,10,CP8,6h,SI4,-0.04266698571898645
CP,10,CP8,6h,SI5,0.006293937407082444
CP,10,CP8,6h,SI6,-0.011599891838328687
CP,10,CP8,6h,SI7,-0.005748687197230894
CP,10,CP8,6h,SI8,-0.0084253882119055
CP,10,CP8,6h,SI9,-0.010449866315423271
CP,10,CP8,6h,ce,-0.0068961455707111565
CP,10,CP8,6h,co,-0.0014495665152952659
CP,10,CP8,12h,st,-0.007824292125193666
CP,10,CP8,12h,SI1,0.0057544335034826165
CP,10,CP8,12h,SI2,-0.009639160455125974
CP,10,CP8,12h,SI3,0.003362408845770314
CP,10,CP8,12h,SI4,0.0033225006807561745
CP,10,CP8,12h,SI5,-0.0004901122253490402
CP,10,CP8,12h,SI6,0.0009032896953016954
CP,10,CP8,12h,SI7,0.0004476533039397391
CP,10,CP8,12h,SI8,0.0006560894236602767
CP,10,CP8,12h,SI9,0.0008137366013028398
CP,10,CP8,12h,ce,0.0005370064926589282
CP,10,CP8,12h,co,0.00011287850905593067
CP,10,CP8,24h,st,-0.0034835454830863008
CP,10,CP8,24h,SI1,0.002561999286073585
CP,10,CP8,24h,SI2,-0.004291564441475534
CP,10,CP8,24h,SI3,0.0014970177441684768
CP,10,CP8,24h,SI4,0.0014792497588033053
CP,10,CP8,24h,SI5,-0.00021820865089156738
CP,10,CP8,24h,SI6,0.0004021642709191071
CP,10,CP8,24h,SI7,0.00019930501315342167
CP,10,CP8,24h,SI8,0.0002921053191423218
CP,10,CP8,24h,SI9,0.0003622932805337124
CP,10,CP8,24h,ce,0.00023908700134885662
CP,10,CP8,24h,co,5.02559738398789e-05
VAE,10,VAE8,1h,st,0.010363399982452393
VAE,10,VAE8,1h,SI1,0.04492372274398804
VAE,10,VAE8,1h,SI2,0.01879967749118805
VAE,10,VAE8,1h,SI3,0.010215044021606445
VAE,10,VAE8,1h,SI4,0.018717795610427856
VAE,10,VAE8,1h,SI5,0.022826582193374634
VAE,10,VAE8,1h,SI6,0.0073882341384887695
VAE,10,VAE8,1h,SI7,0.019510269165039062
VAE,10,VAE8,1h,SI8,0.0051757097244262695
VAE,10,VAE8,1h,SI9,0.01350143551826477
VAE,10,VAE8,1h,ce,0.05605947971343994
VAE,10,VAE8,1h,co,0.03875155746936798
VAE,10,VAE8,3h,st,0.010431960225105286
VAE,10,VAE8,3h,SI1,-0.0059928297996521
VAE,10,VAE8,3h,SI2,-0.006787657737731934
VAE,10,VAE8,3h,SI3,0.06470370292663574
VAE,10,VAE8,3h,SI4,0.018083691596984863
VAE,10,VAE8,3h,SI5,0.025543928146362305
VAE,10,VAE8,3h,SI6,-0.009697392582893372
VAE,10,VAE8,3h,SI7,-0.012852951884269714
VAE,10,VAE8,3h,SI8,0.005606353282928467
VAE,10,VAE8,3h,SI9,0.021595120429992676
VAE,10,VAE8,3h,ce,0.004084229469299316
VAE,10,VAE8,3h,co,0.01137879490852356
VAE,10,VAE8,6h,st,0.006975293159484863
VAE,10,VAE8,6h,SI1,-0.004201829433441162
VAE,10,VAE8,6h,SI2,0.0190049409866333
VAE,10,VAE8,6h,SI3,0.037477076053619385
VAE,10,VAE8,6h,SI4,0.013128697872161865
VAE,10,VAE8,6h,SI5,-0.013493821024894714
VAE,10,VAE8,6h,SI6,-0.0367124080657959
VAE,10,VAE8,6h,SI7,-0.026404201984405518
VAE,10,VAE8,6h,SI8,-0.02782994508743286
VAE,10,VAE8,6h,SI9,-0.013062357902526855
VAE,10,VAE8,6h,ce,-0.016805216670036316
VAE,10,VAE8,6h,co,-0.002900838851928711
VAE,10,VAE8,12h,st,0.012633740901947021
VAE,10,VAE8,12h,SI1,0.008104681968688965
VAE,10,VAE8,12h,SI2,0.004288315773010254
VAE,10,VAE8,12h,SI3,0.013599872589111328
VAE,10,VAE8,12h,SI4,-0.003222748637199402
VAE,10,VAE8,12h,SI5,-0.02529841661453247
VAE,10,VAE8,12h,SI6,-0.032530784606933594
VAE,10,VAE8,12h,SI7,-0.018395304679870605
VAE,10,VAE8,12h,SI8,-0.014476180076599121
VAE,10,VAE8,12h,SI9,-0.021877944469451904
VAE,10,VAE8,12h,ce,-0.02666449546813965
VAE,10,VAE8,12h,co,-0.0031584501266479492
VAE,10,VAE8,24h,st,-0.003291286528110504
VAE,10,VAE8,24h,SI1,-0.013418897986412048
VAE,10,VAE8,24h,SI2,-0.02285274863243103
VAE,10,VAE8,24h,SI3,-0.013035953044891357
VAE,10,VAE8,24h,SI4,-0.0214979350566864
VAE,10,VAE8,24h,SI5,-0.029367834329605103
VAE,10,VAE8,24h,SI6,-0.023924797773361206
VAE,10,VAE8,24h,SI7,-0.02285057306289673
VAE,10,VAE8,24h,SI8,-0.02324172854423523
VAE,10,VAE8,24h,SI9,-0.026238292455673218
VAE,10,VAE8,24h,ce,-0.009433120489120483
VAE,10,VAE8,24h,co,-0.023096948862075806
weighted_CPVAE,10,CPVAE8,1h,st,0.040274422615766525
weighted_CPVAE,10,CPVAE8,1h,SI1,0.011916065588593483
weighted_CPVAE,10,CPVAE8,1h,SI2,-0.019784172996878624
weighted_CPVAE,10,CPVAE8,1h,SI3,-0.01237049326300621
weighted_CPVAE,10,CPVAE8,1h,SI4,-0.04906188324093819
weighted_CPVAE,10,CPVAE8,1h,SI5,-0.06298889219760895
weighted_CPVAE,10,CPVAE8,1h,SI6,-0.07733148336410522
weighted_CPVAE,10,CPVAE8,1h,SI7,-0.08155572414398193
weighted_CPVAE,10,CPVAE8,1h,SI8,-0.07842838764190674
weighted_CPVAE,10,CPVAE8,1h,SI9,-0.07196511328220367
weighted_CPVAE,10,CPVAE8,1h,ce,-0.031561002135276794
weighted_CPVAE,10,CPVAE8,1h,co,-0.003794981399551034
weighted_CPVAE,10,CPVAE8,3h,st,0.0014033721527084708
weighted_CPVAE,10,CPVAE8,3h,SI1,0.00041521823732182384
weighted_CPVAE,10,CPVAE8,3h,SI2,-0.0006893844110891223
weighted_CPVAE,10,CPVAE8,3h,SI3,-0.00043105287477374077
weighted_CPVAE,10,CPVAE8,3h,SI4,-0.0017095733201131225
weighted_CPVAE,10,CPVAE8,3h,SI5,-0.0021948632784187794
weighted_CPVAE,10,CPVAE8,3h,SI6,-0.002694634487852454
weighted_CPVAE,10,CPVAE8,3h,SI7,-0.0028418293222784996
weighted_CPVAE,10,CPVAE8,3h,SI8,-0.0027328564319759607
weighted_CPVAE,10,CPVAE8,3h,SI9,-0.0025076421443372965
weighted_CPVAE,10,CPVAE8,3h,ce,-0.0010997508652508259
weighted_CPVAE,10,CPVAE8,3h,co,-0.00013223706628195941
weighted_CPVAE,10,CPVAE8,6h,st,0.01447919849306345
weighted_CPVAE,10,CPVAE8,6h,SI1,0.004283986520022154
weighted_CPVAE,10,CPVAE8,6h,SI2,-0.007112677209079266
weighted_CPVAE,10,CPVAE8,6h,SI3,-0.004447359126061201
weighted_CPVAE,10,CPVAE8,6h,SI4,-0.01763840764760971
weighted_CPVAE,10,CPVAE8,6h,SI5,-0.022645356133580208
weighted_CPVAE,10,CPVAE8,6h,SI6,-0.02780171111226082
weighted_CPVAE,10,CPVAE8,6h,SI7,-0.029320383444428444
weighted_CPVAE,10,CPVAE8,6h,SI8,-0.0281960628926754
weighted_CPVAE,10,CPVAE8,6h,SI9,-0.025872429832816124
weighted_CPVAE,10,CPVAE8,6h,ce,-0.011346605606377125
weighted_CPVAE,10,CPVAE8,6h,co,-0.0013643470592796803
weighted_CPVAE,10,CPVAE8,12h,st,0.0032366965897381306
weighted_CPVAE,10,CPVAE8,12h,SI1,0.0009576472220942378
weighted_CPVAE,10,CPVAE8,12h,SI2,-0.001589976018294692
weighted_CPVAE,10,CPVAE8,12h,SI3,-0.0009941677562892437
weighted_CPVAE,10,CPVAE8,12h,SI4,-0.003942910116165876
weighted_CPVAE,10,CPVAE8,12h,SI5,-0.005062168464064598
weighted_CPVAE,10,CPVAE8,12h,SI6,-0.006214826367795467
weighted_CPVAE,10,CPVAE8,12h,SI7,-0.006554312072694302
weighted_CPVAE,10,CPVAE8,12h,SI8,-0.006302979774773121
weighted_CPVAE,10,CPVAE8,12h,SI9,-0.005783552769571543
weighted_CPVAE,10,CPVAE8,12h,ce,-0.002536433283239603
weighted_CPVAE,10,CPVAE8,12h,co,-0.00030498768319375813
weighted_CPVAE,10,CPVAE8,24h,st,0.013111896812915802
weighted_CPVAE,10,CPVAE8,24h,SI1,0.0038794404827058315
weighted_CPVAE,10,CPVAE8,24h,SI2,-0.006441012024879456
weighted_CPVAE,10,CPVAE8,24h,SI3,-0.004027385730296373
weighted_CPVAE,10,CPVAE8,24h,SI4,-0.01597277633845806
weighted_CPVAE,10,CPVAE8,24h,SI5,-0.020506905391812325
weighted_CPVAE,10,CPVAE8,24h,SI6,-0.025176336988806725
weighted_CPVAE,10,CPVAE8,24h,SI7,-0.02655159682035446
weighted_CPVAE,10,CPVAE8,24h,SI8,-0.025533447042107582
weighted_CPVAE,10,CPVAE8,24h,SI9,-0.02342924103140831
weighted_CPVAE,10,CPVAE8,24h,ce,-0.010275120846927166
weighted_CPVAE,10,CPVAE8,24h,co,-0.0012355088256299496
PCA,10,PC9,1h,st,-0.023185038073536668
PCA,10,PC9,1h,SI1,0.7576363991469013
PCA,10,PC9,1h,SI2,0.05690354514365959
PCA,10,PC9,1h,SI3,-0.418039410945708
PCA,10,PC9,1h,SI4,-0.5131510249015345
PCA,10,PC9,1h,SI5,-0.5546928051941951
PCA,10,PC9,1h,SI6,-0.5891371530215699
PCA,10,PC9,1h,SI7,-0.537696941233216
PCA,10,PC9,1h,SI8,-0.5078786211078725
PCA,10,PC9,1h,SI9,-0.3529591726485476
PCA,10,PC9,1h,ce,0.33892518187855813
PCA,10,PC9,1h,co,0.35852064850298937
PCA,10,PC9,3h,st,-0.15440159659108255
PCA,10,PC9,3h,SI1,1.0812726859882413
PCA,10,PC9,3h,SI2,0.6576973146663583
PCA,10,PC9,3h,SI3,1.7156287968126345
PCA,10,PC9,3h,SI4,0.6208753060649878
PCA,10,PC9,3h,SI5,0.9954614294167722
PCA,10,PC9,3h,SI6,0.17980914601692366
PCA,10,PC9,3h,SI7,0.3882202129036374
PCA,10,PC9,3h,SI8,0.1872712366469622
PCA,10,PC9,3h,SI9,-0.05094657906455301
PCA,10,PC9,3h,ce,-0.5111579479354423
PCA,10,PC9,3h,co,-0.5802054176744668
PCA,10,PC9,6h,st,0.16558020968641923
PCA,10,PC9,6h,SI1,0.8226126742988301
PCA,10,PC9,6h,SI2,0.7981262271622098
PCA,10,PC9,6h,SI3,1.22524485057977
PCA,10,PC9,6h,SI4,0.9998728244682715
PCA,10,PC9,6h,SI5,0.47873438882938657
PCA,10,PC9,6h,SI6,-0.46410235034530867
PCA,10,PC9,6h,SI7,-0.5049400343717206
PCA,10,PC9,6h,SI8,-0.42269648036724977
PCA,10,PC9,6h,SI9,-0.5165095632994726
PCA,10,PC9,6h,ce,-0.17972040059379968
PCA,10,PC9,6h,co,-0.31510361195860864
PCA,10,PC9,12h,st,0.16360509617697358
PCA,10,PC9,12h,SI1,0.4177407581597274
PCA,10,PC9,12h,SI2,0.5721339034403479
PCA,10,PC9,12h,SI3,0.5309525308264447
PCA,10,PC9,12h,SI4,-0.03328333213285417
PCA,10,PC9,12h,SI5,-0.4189394158569214
PCA,10,PC9,12h,SI6,-0.6041662825383435
PCA,10,PC9,12h,SI7,-0.6428347104813641
PCA,10,PC9,12h,SI8,-0.4700624912987594
PCA,10,PC9,12h,SI9,-0.5583248812010364
PCA,10,PC9,12h,ce,-0.3821357253040384
PCA,10,PC9,12h,co,-0.45649239880010567
PCA,10,PC9,24h,st,0.18554900073270772
PCA,10,PC9,24h,SI1,0.1644112703195526
PCA,10,PC9,24h,SI2,-0.03552077985547926
PCA,10,PC9,24h,SI3,-0.09290363850422495
PCA,10,PC9,24h,SI4,-0.30536142666343324
PCA,10,PC9,24h,SI5,-0.34823035319186685
PCA,10,PC9,24h,SI6,-0.3969709835472331
PCA,10,PC9,24h,SI7,-0.4371604194759216
PCA,10,PC9,24h,SI8,-0.45637268266224956
PCA,10,PC9,24h,SI9,-0.3416117242213059
PCA,10,PC9,24h,ce,-0.3587461916423112
PCA,10,PC9,24h,co,-0.3271440511639352
CP,10,CP9,1h,st,0.006171604643168414
CP,10,CP9,1h,SI1,-0.021212456635115423
CP,10,CP9,1h,SI2,-0.023755336513538186
CP,10,CP9,1h,SI3,-0.016481498311044136
CP,10,CP9,1h,SI4,-0.012811728189807255
CP,10,CP9,1h,SI5,-0.002701784680888496
CP,10,CP9,1h,SI6,-0.0015836461373316903
CP,10,CP9,1h,SI7,-0.0014017857748727836
CP,10,CP9,1h,SI8,-0.001967245478086246
CP,10,CP9,1h,SI9,-0.0014409819635135411
CP,10,CP9,1h,ce,-0.002161127568733208
CP,10,CP9,1h,co,-0.0007479418846576093
CP,10,CP9,3h,st,0.13029076456474276
CP,10,CP9,3h,SI1,-0.44782311134349495
CP,10,CP9,3h,SI2,-0.5015066803197977
CP,10,CP9,3h,SI3,-0.34794630250586156
CP,10,CP9,3h,SI4,-0.27047258496919624
CP,10,CP9,3h,SI5,-0.05703826024434884
CP,10,CP9,3h,SI6,-0.03343287166998733
CP,10,CP9,3h,SI7,-0.029593558065377095
CP,10,CP9,3h,SI8,-0.04153116284111193
CP,10,CP9,3h,SI9,-0.030421041626185096
CP,10,CP9,3h,ce,-0.045624271082218386
CP,10,CP9,3h,co,-0.015790045804360723
CP,10,CP9,6h,st,-0.3537841815940958
CP,10,CP9,6h,SI1,1.215993577709441
CP,10,CP9,6h,SI2,1.3617629081664278
CP,10,CP9,6h,SI3,0.9447937333237413
CP,10,CP9,6h,SI4,0.7344259774407715
CP,10,CP9,6h,SI5,0.15487846960995263
CP,10,CP9,6h,SI6,0.09078173101232696
CP,10,CP9,6h,SI7,0.08035667574438307
CP,10,CP9,6h,SI8,0.11277137336232895
CP,10,CP9,6h,SI9,0.08260357785844316
CP,10,CP9,6h,ce,0.12388556824861603
CP,10,CP9,6h,co,0.04287539835145547
CP,10,CP9,12h,st,0.18939871840881786
CP,10,CP9,12h,SI1,-0.6509833881599553
CP,10,CP9,12h,SI2,-0.7290211462289145
CP,10,CP9,12h,SI3,-0.5057962779622065
CP,10,CP9,12h,SI4,-0.3931756876937396
CP,10,CP9,12h,SI5,-0.08291434490109384
CP,10,CP9,12h,SI6,-0.048600091251099924
CP,10,CP9,12h,SI7,-0.04301902739970634
CP,10,CP9,12h,SI8,-0.0603722684597944
CP,10,CP9,12h,SI9,-0.044221908712476
CP,10,CP9,12h,ce,-0.06632226390086739
CP,10,CP9,12h,co,-0.02295338774742078
CP,10,CP9,24h,st,0.015784059755515164
CP,10,CP9,24h,SI1,-0.05425147955006477
CP,10,CP9,24h,SI2,-0.06075496936718246
CP,10,CP9,24h,SI3,-0.04215191497885519
CP,10,CP9,24h,SI4,-0.03276637033825265
CP,10,CP9,24h,SI5,-0.006909893506688738
CP,10,CP9,24h,SI6,-0.004050221410553835
CP,10,CP9,24h,SI7,-0.0035851082035067037
CP,10,CP9,24h,SI8,-0.005031287967263421
CP,10,CP9,24h,SI9,-0.0036853536047378077
CP,10,CP9,24h,ce,-0.005527147096490594
CP,10,CP9,24h,co,-0.0019128832910831975
VAE,10,VAE9,1h,st,-0.04025466740131378
VAE,10,VAE9,1h,SI1,0.00869208574295044
VAE,10,VAE9,1h,SI2,-0.004218883812427521
VAE,10,VAE9,1h,SI3,-0.016663014888763428
VAE,10,VAE9,1h,SI4,-0.008735984563827515
VAE,10,VAE9,1h,SI5,-0.019221514463424683
VAE,10,VAE9,1h,SI6,-0.009633481502532959
VAE,10,VAE9,1h,SI7,-0.01695162057876587
VAE,10,VAE9,1h,SI8,-0.01956886053085327
VAE,10,VAE9,1h,SI9,-0.021610140800476074
VAE,10,VAE9,1h,ce,-0.016521215438842773
VAE,10,VAE9,1h,co,-0.006953492760658264
VAE,10,VAE9,3h,st,-0.02680450677871704
VAE,10,VAE9,3h,SI1,-0.03730255365371704
VAE,10,VAE9,3h,SI2,-0.011101365089416504
VAE,10,VAE9,3h,SI3,0.005611538887023926
VAE,10,VAE9,3h,SI4,0.02922797203063965
VAE,10,VAE9,3h,SI5,0.04078078269958496
VAE,10,VAE9,3h,SI6,0.0208110511302948
VAE,10,VAE9,3h,SI7,0.020293980836868286
VAE,10,VAE9,3h,SI8,0.0013816505670547485
VAE,10,VAE9,3h,SI9,-0.012925110757350922
VAE,10,VAE9,3h,ce,-0.01639777421951294
VAE,10,VAE9,3h,co,-0.021018534898757935
VAE,10,VAE9,6h,st,-0.049310386180877686
VAE,10,VAE9,6h,SI1,-0.025189340114593506
VAE,10,VAE9,6h,SI2,0.014764487743377686
VAE,10,VAE9,6h,SI3,0.03741753101348877
VAE,10,VAE9,6h,SI4,0.03811466693878174
VAE,10,VAE9,6h,SI5,0.03957441449165344
VAE,10,VAE9,6h,SI6,0.023498356342315674
VAE,10,VAE9,6h,SI7,0.014495015144348145
VAE,10,VAE9,6h,SI8,0.012244075536727905
VAE,10,VAE9,6h,SI9,0.006933867931365967
VAE,10,VAE9,6h,ce,0.039577461779117584
VAE,10,VAE9,6h,co,0.0018312633037567139
VAE,10,VAE9,12h,st,-0.03759503364562988
VAE,10,VAE9,12h,SI1,0.012485027313232422
VAE,10,VAE9,12h,SI2,0.01874244213104248
VAE,10,VAE9,12h,SI3,0.015316128730773926
VAE,10,VAE9,12h,SI4,0.028096988797187805
VAE,10,VAE9,12h,SI5,0.01682838797569275
VAE,10,VAE9,12h,SI6,0.015570640563964844
VAE,10,VAE9,12h,SI7,0.013347148895263672
VAE,10,VAE9,12h,SI8,0.02470681071281433
VAE,10,VAE9,12h,SI9,0.0045098960399627686
VAE,10,VAE9,12h,ce,0.017090290784835815
VAE,10,VAE9,12h,co,0.007343590259552002
VAE,10,VAE9,24h,st,0.008307397365570068
VAE,10,VAE9,24h,SI1,0.004679523408412933
VAE,10,VAE9,24h,SI2,-0.013453826308250427
VAE,10,VAE9,24h,SI3,0.0004861801862716675
VAE,10,VAE9,24h,SI4,-0.008327394723892212
VAE,10,VAE9,24h,SI5,-0.005670726299285889
VAE,10,VAE9,24h,SI6,0.001326531171798706
VAE,10,VAE9,24h,SI7,-0.010333508253097534
VAE,10,VAE9,24h,SI8,-0.009716004133224487
VAE,10,VAE9,24h,SI9,-0.005492597818374634
VAE,10,VAE9,24h,ce,-0.010812520980834961
VAE,10,VAE9,24h,co,0.0032385587692260742
weighted_CPVAE,10,CPVAE9,1h,st,0.05898626893758774
weighted_CPVAE,10,CPVAE9,1h,SI1,0.01469806581735611
weighted_CPVAE,10,CPVAE9,1h,SI2,0.0010590477613732219
weighted_CPVAE,10,CPVAE9,1h,SI3,0.005401138216257095
weighted_CPVAE,10,CPVAE9,1h,SI4,-0.018913444131612778
weighted_CPVAE,10,CPVAE9,1h,SI5,-0.025527097284793854
weighted_CPVAE,10,CPVAE9,1h,SI6,-0.019403068348765373
weighted_CPVAE,10,CPVAE9,1h,SI7,-0.017814960330724716
weighted_CPVAE,10,CPVAE9,1h,SI8,-0.016284236684441566
weighted_CPVAE,10,CPVAE9,1h,SI9,-0.012559848837554455
weighted_CPVAE,10,CPVAE9,1h,ce,-0.047301266342401505
weighted_CPVAE,10,CPVAE9,1h,co,-0.009239865466952324
weighted_CPVAE,10,CPVAE9,3h,st,0.026790902018547058
weighted_CPVAE,10,CPVAE9,3h,SI1,0.006675696931779385
weighted_CPVAE,10,CPVAE9,3h,SI2,0.0004810076206922531
weighted_CPVAE,10,CPVAE9,3h,SI3,0.0024531364906579256
weighted_CPVAE,10,CPVAE9,3h,SI4,-0.00859027449041605
weighted_CPVAE,10,CPVAE9,3h,SI5,-0.011594121344387531
weighted_CPVAE,10,CPVAE9,3h,SI6,-0.008812656626105309
weighted_CPVAE,10,CPVAE9,3h,SI7,-0.008091354742646217
weighted_CPVAE,10,CPVAE9,3h,SI8,-0.0073961177840828896
weighted_CPVAE,10,CPVAE9,3h,SI9,-0.005704542621970177
weighted_CPVAE,10,CPVAE9,3h,ce,-0.021483704447746277
weighted_CPVAE,10,CPVAE9,3h,co,-0.004196643363684416
weighted_CPVAE,10,CPVAE9,6h,st,0.14082543551921844
weighted_CPVAE,10,CPVAE9,6h,SI1,0.03509056568145752
weighted_CPVAE,10,CPVAE9,6h,SI2,0.0025283994618803263
weighted_CPVAE,10,CPVAE9,6h,SI3,0.012894825078547001
weighted_CPVAE,10,CPVAE9,6h,SI4,-0.045154474675655365
weighted_CPVAE,10,CPVAE9,6h,SI5,-0.0609440915286541
weighted_CPVAE,10,CPVAE9,6h,SI6,-0.046323418617248535
weighted_CPVAE,10,CPVAE9,6h,SI7,-0.042531922459602356
weighted_CPVAE,10,CPVAE9,6h,SI8,-0.03887743130326271
weighted_CPVAE,10,CPVAE9,6h,SI9,-0.02998572774231434
weighted_CPVAE,10,CPVAE9,6h,ce,-0.11292833834886551
weighted_CPVAE,10,CPVAE9,6h,co,-0.02205950766801834
weighted_CPVAE,10,CPVAE9,12h,st,0.06384491920471191
weighted_CPVAE,10,CPVAE9,12h,SI1,0.015908734872937202
weighted_CPVAE,10,CPVAE9,12h,SI2,0.0011462806724011898
weighted_CPVAE,10,CPVAE9,12h,SI3,0.005846025887876749
weighted_CPVAE,10,CPVAE9,12h,SI4,-0.020471330732107162
weighted_CPVAE,10,CPVAE9,12h,SI5,-0.02762974426150322
weighted_CPVAE,10,CPVAE9,12h,SI6,-0.021001284942030907
weighted_CPVAE,10,CPVAE9,12h,SI7,-0.01928236335515976
weighted_CPVAE,10,CPVAE9,12h,SI8,-0.017625557258725166
weighted_CPVAE,10,CPVAE9,12h,SI9,-0.01359439454972744
weighted_CPVAE,10,CPVAE9,12h,ce,-0.05119743570685387
weighted_CPVAE,10,CPVAE9,12h,co,-0.010000946000218391
weighted_CPVAE,10,CPVAE9,24h,st,-0.014599976129829884
weighted_CPVAE,10,CPVAE9,24h,SI1,-0.0036379892844706774
weighted_CPVAE,10,CPVAE9,24h,SI2,-0.0002621300227474421
weighted_CPVAE,10,CPVAE9,24h,SI3,-0.0013368618674576283
weighted_CPVAE,10,CPVAE9,24h,SI4,0.004681358113884926
weighted_CPVAE,10,CPVAE9,24h,SI5,0.006318335421383381
weighted_CPVAE,10,CPVAE9,24h,SI6,0.00480254739522934
weighted_CPVAE,10,CPVAE9,24h,SI7,0.004409466870129108
weighted_CPVAE,10,CPVAE9,24h,SI8,0.004030590411275625
weighted_CPVAE,10,CPVAE9,24h,SI9,0.003108748933300376
weighted_CPVAE,10,CPVAE9,24h,ce,0.01170776505023241
weighted_CPVAE,10,CPVAE9,24h,co,0.0022870039101690054
PCA,10,PC10,1h,st,-0.003872367890685194
PCA,10,PC10,1h,SI1,0.9494274842114288
PCA,10,PC10,1h,SI2,0.09402792407478201
PCA,10,PC10,1h,SI3,-0.43010002674832987
PCA,10,PC10,1h,SI4,-0.4935541015768927
PCA,10,PC10,1h,SI5,-0.5394783637953602
PCA,10,PC10,1h,SI6,-0.5930532653906497
PCA,10,PC10,1h,SI7,-0.5328639160154437
PCA,10,PC10,1h,SI8,-0.5534636634546526
PCA,10,PC10,1h,SI9,-0.36907662510367195
PCA,10,PC10,1h,ce,0.461218247750139
PCA,10,PC10,1h,co,0.5367472184033089
PCA,10,PC10,3h,st,0.3056698126594196
PCA,10,PC10,3h,SI1,1.0328766667666884
PCA,10,PC10,3h,SI2,0.6839486538784894
PCA,10,PC10,3h,SI3,1.2975166353163754
PCA,10,PC10,3h,SI4,0.3653615811657819
PCA,10,PC10,3h,SI5,1.246077246634979
PCA,10,PC10,3h,SI6,0.3256496724865945
PCA,10,PC10,3h,SI7,0.5020406242005095
PCA,10,PC10,3h,SI8,0.20715748775872792
PCA,10,PC10,3h,SI9,-0.014966706452090844
PCA,10,PC10,3h,ce,-0.5552682410766132
PCA,10,PC10,3h,co,-0.634689455134182
PCA,10,PC10,6h,st,0.7830868842710533
PCA,10,PC10,6h,SI1,0.3701359202394539
PCA,10,PC10,6h,SI2,0.6294965800371838
PCA,10,PC10,6h,SI3,1.0168227977245556
PCA,10,PC10,6h,SI4,1.1197412077333844
PCA,10,PC10,6h,SI5,0.5362422422424374
PCA,10,PC10,6h,SI6,-0.43857779563412236
PCA,10,PC10,6h,SI7,-0.5022263287816668
PCA,10,PC10,6h,SI8,-0.4258543968774685
PCA,10,PC10,6h,SI9,-0.5146679156632935
PCA,10,PC10,6h,ce,0.25810997968972127
PCA,10,PC10,6h,co,-0.31945249811725585
PCA,10,PC10,12h,st,0.019612635861036565
PCA,10,PC10,12h,SI1,1.0547192749038865
PCA,10,PC10,12h,SI2,0.979345286186881
PCA,10,PC10,12h,SI3,0.8586733511175972
PCA,10,PC10,12h,SI4,0.24933921146750684
PCA,10,PC10,12h,SI5,-0.3641828293775947
PCA,10,PC10,12h,SI6,-0.6053028206892411
PCA,10,PC10,12h,SI7,-0.6454296160793621
PCA,10,PC10,12h,SI8,-0.3919520212127018
PCA,10,PC10,12h,SI9,-0.5082801371486323
PCA,10,PC10,12h,ce,-0.30077126176483104
PCA,10,PC10,12h,co,-0.41316945130678095
PCA,10,PC10,24h,st,-0.15665911627617674
PCA,10,PC10,24h,SI1,-0.10998264242685508
PCA,10,PC10,24h,SI2,-0.3083989510298238
PCA,10,PC10,24h,SI3,-0.38829261405961235
PCA,10,PC10,24h,SI4,-0.5493733577600486
PCA,10,PC10,24h,SI5,-0.5775058684706744
PCA,10,PC10,24h,SI6,-0.6165603933753643
PCA,10,PC10,24h,SI7,-0.653170451455723
PCA,10,PC10,24h,SI8,-0.6771102309257717
PCA,10,PC10,24h,SI9,-0.5778542979061164
PCA,10,PC10,24h,ce,-0.5902520173976934
PCA,10,PC10,24h,co,-0.5276308804065414
CP,10,CP10,1h,st,0.04084638493149242
CP,10,CP10,1h,SI1,0.12520019782304112
CP,10,CP10,1h,SI2,-0.020700871363739763
CP,10,CP10,1h,SI3,-0.06133170125740346
CP,10,CP10,1h,SI4,-0.035277633592700294
CP,10,CP10,1h,SI5,-0.01989439790448612
CP,10,CP10,1h,SI6,-0.009047314479035215
CP,10,CP10,1h,SI7,-0.009307497086193602
CP,10,CP10,1h,SI8,-0.009295588186391658
CP,10,CP10,1h,SI9,0.003261264707642057
CP,10,CP10,1h,ce,-0.005591960227252018
CP,10,CP10,1h,co,-0.0027229274605535736
CP,10,CP10,3h,st,-0.7192959537836512
CP,10,CP10,3h,SI1,-2.2047482502568623
CP,10,CP10,3h,SI2,0.36453784188508903
CP,10,CP10,3h,SI3,1.0800379183398672
CP,10,CP10,3h,SI4,0.6212314540160799
CP,10,CP10,3h,SI5,0.35033601969083655
CP,10,CP10,3h,SI6,0.15932124001409145
CP,10,CP10,3h,SI7,0.16390299913152118
CP,10,CP10,3h,SI8,0.16369328599641952
CP,10,CP10,3h,SI9,-0.05743016211492782
CP,10,CP10,3h,ce,0.09847320324497859
CP,10,CP10,3h,co,0.04795016029221503
CP,10,CP10,6h,st,-0.0030273564424488724
CP,10,CP10,6h,SI1,-0.009279294265848958
CP,10,CP10,6h,SI2,0.001534258573737463
CP,10,CP10,6h,SI3,0.004545639014061116
CP,10,CP10,6h,SI4,0.0026146248073197573
CP,10,CP10,6h,SI5,0.001474486267653818
CP,10,CP10,6h,SI6,0.0006705476095597155
CP,10,CP10,6h,SI7,0.0006898312130735922
CP,10,CP10,6h,SI8,0.0006889485772026735
CP,10,CP10,6h,SI9,-0.00024171075946550328
CP,10,CP10,6h,ce,0.00041445177702463385
CP,10,CP10,6h,co,0.00020181154351488952
CP,10,CP10,12h,st,-0.02741627665049004
CP,10,CP10,12h,SI1,-0.08403493395975205
CP,10,CP10,12h,SI2,0.013894517646209727
CP,10,CP10,12h,SI3,0.041166112789133534
CP,10,CP10,12h,SI4,0.023678505791252993
CP,10,CP10,12h,SI5,0.013353209045527944
CP,10,CP10,12h,SI6,0.006072598030822866
CP,10,CP10,12h,SI7,0.00624723376295593
CP,10,CP10,12h,SI8,0.006239240456029976
CP,10,CP10,12h,SI9,-0.002188975489634042
CP,10,CP10,12h,ce,0.003753348769199804
CP,10,CP10,12h,co,0.0018276411164160637
CP,10,CP10,24h,st,0.021175498909555716
CP,10,CP10,24h,SI1,0.0649060291853128
CP,10,CP10,24h,SI2,-0.010731703178259904
CP,10,CP10,24h,SI3,-0.03179545448821417
CP,10,CP10,24h,SI4,-0.018288558288006053
CP,10,CP10,24h,SI5,-0.010313612865355749
CP,10,CP10,24h,SI6,-0.004690290173941667
CP,10,CP10,24h,SI7,-0.004825173506295517
CP,10,CP10,24h,SI8,-0.004818999718940944
CP,10,CP10,24h,SI9,0.001690698145656527
CP,10,CP10,24h,ce,-0.002898972525795261
CP,10,CP10,24h,co,-0.0014116144566638593
VAE,10,VAE10,1h,st,0.14449304342269897
VAE,10,VAE10,1h,SI1,-0.02608051896095276
VAE,10,VAE10,1h,SI2,-0.005869481712579727
VAE,10,VAE10,1h,SI3,0.014869272708892822
VAE,10,VAE10,1h,SI4,0.0030868947505950928
VAE,10,VAE10,1h,SI5,0.00848272442817688
VAE,10,VAE10,1h,SI6,0.0067472755908966064
VAE,10,VAE10,1h,SI7,-0.005305171012878418
VAE,10,VAE10,1h,SI8,0.016558915376663208
VAE,10,VAE10,1h,SI9,0.012314081192016602
VAE,10,VAE10,1h,ce,0.005335450172424316
VAE,10,VAE10,1h,co,0.011879578232765198
VAE,10,VAE10,3h,st,0.2293543815612793
VAE,10,VAE10,3h,SI1,-0.05069547891616821
VAE,10,VAE10,3h,SI2,-0.03354102373123169
VAE,10,VAE10,3h,SI3,0.022606611251831055
VAE,10,VAE10,3h,SI4,-0.0014613866806030273
VAE,10,VAE10,3h,SI5,-0.06656461954116821
VAE,10,VAE10,3h,SI6,-0.07373233139514923
VAE,10,VAE10,3h,SI7,-0.055360957980155945
VAE,10,VAE10,3h,SI8,0.009046405553817749
VAE,10,VAE10,3h,SI9,0.027671456336975098
VAE,10,VAE10,3h,ce,0.03339684009552002
VAE,10,VAE10,3h,co,0.0323123037815094
VAE,10,VAE10,6h,st,0.10005947947502136
VAE,10,VAE10,6h,SI1,0.010967373847961426
VAE,10,VAE10,6h,SI2,-0.01725316047668457
VAE,10,VAE10,6h,SI3,0.0096091628074646
VAE,10,VAE10,6h,SI4,-0.09624075889587402
VAE,10,VAE10,6h,SI5,-0.07074494659900665
VAE,10,VAE10,6h,SI6,-0.03250420093536377
VAE,10,VAE10,6h,SI7,-0.03397694230079651
VAE,10,VAE10,6h,SI8,-0.04565468430519104
VAE,10,VAE10,6h,SI9,-0.015763968229293823
VAE,10,VAE10,6h,ce,-0.06723792850971222
VAE,10,VAE10,6h,co,-0.008204981684684753
VAE,10,VAE10,12h,st,0.1479053646326065
VAE,10,VAE10,12h,SI1,-0.013963103294372559
VAE,10,VAE10,12h,SI2,-0.02051025629043579
VAE,10,VAE10,12h,SI3,-0.012398242950439453
VAE,10,VAE10,12h,SI4,-0.03437581658363342
VAE,10,VAE10,12h,SI5,-0.02245241403579712
VAE,10,VAE10,12h,SI6,-0.02862340211868286
VAE,10,VAE10,12h,SI7,-0.0051656365394592285
VAE,10,VAE10,12h,SI8,-0.017637431621551514
VAE,10,VAE10,12h,SI9,-0.03711393475532532
VAE,10,VAE10,12h,ce,-0.042744264006614685
VAE,10,VAE10,12h,co,0.008756905794143677
VAE,10,VAE10,24h,st,0.024085193872451782
VAE,10,VAE10,24h,SI1,0.01732867956161499
VAE,10,VAE10,24h,SI2,0.004695460200309753
VAE,10,VAE10,24h,SI3,0.025116145610809326
VAE,10,VAE10,24h,SI4,0.01750361919403076
VAE,10,VAE10,24h,SI5,0.007515460252761841
VAE,10,VAE10,24h,SI6,0.0371854305267334
VAE,10,VAE10,24h,SI7,0.03618404269218445
VAE,10,VAE10,24h,SI8,0.03845736384391785
VAE,10,VAE10,24h,SI9,0.02790665626525879
VAE,10,VAE10,24h,ce,0.029881030321121216
VAE,10,VAE10,24h,co,0.01948222517967224
weighted_CPVAE,10,CPVAE10,1h,st,0.010224918834865093
weighted_CPVAE,10,CPVAE10,1h,SI1,-0.043685901910066605
weighted_CPVAE,10,CPVAE10,1h,SI2,0.02212439849972725
weighted_CPVAE,10,CPVAE10,1h,SI3,0.026511752977967262
weighted_CPVAE,10,CPVAE10,1h,SI4,0.01035378873348236
weighted_CPVAE,10,CPVAE10,1h,SI5,0.030414924025535583
weighted_CPVAE,10,CPVAE10,1h,SI6,0.0027560493908822536
weighted_CPVAE,10,CPVAE10,1h,SI7,0.003296766197308898
weighted_CPVAE,10,CPVAE10,1h,SI8,-0.0007463036454282701
weighted_CPVAE,10,CPVAE10,1h,SI9,-0.0064721484668552876
weighted_CPVAE,10,CPVAE10,1h,ce,-0.02186281606554985
weighted_CPVAE,10,CPVAE10,1h,co,-0.012142953462898731
weighted_CPVAE,10,CPVAE10,3h,st,-0.039022818207740784
weighted_CPVAE,10,CPVAE10,3h,SI1,0.16672475636005402
weighted_CPVAE,10,CPVAE10,3h,SI2,-0.08443650603294373
weighted_CPVAE,10,CPVAE10,3h,SI3,-0.10118059068918228
weighted_CPVAE,10,CPVAE10,3h,SI4,-0.03951464593410492
weighted_CPVAE,10,CPVAE10,3h,SI5,-0.11607681959867477
weighted_CPVAE,10,CPVAE10,3h,SI6,-0.010518305003643036
weighted_CPVAE,10,CPVAE10,3h,SI7,-0.012581920251250267
weighted_CPVAE,10,CPVAE10,3h,SI8,0.0028482251800596714
weighted_CPVAE,10,CPVAE10,3h,SI9,0.0247005857527256
weighted_CPVAE,10,CPVAE10,3h,ce,0.0834381952881813
weighted_CPVAE,10,CPVAE10,3h,co,0.0463428869843483
weighted_CPVAE,10,CPVAE10,6h,st,-0.015292946249246597
weighted_CPVAE,10,CPVAE10,6h,SI1,0.06533902138471603
weighted_CPVAE,10,CPVAE10,6h,SI2,-0.03309045732021332
weighted_CPVAE,10,CPVAE10,6h,SI3,-0.039652422070503235
weighted_CPVAE,10,CPVAE10,6h,SI4,-0.015485691837966442
weighted_CPVAE,10,CPVAE10,6h,SI5,-0.045490216463804245
weighted_CPVAE,10,CPVAE10,6h,SI6,-0.004122097510844469
weighted_CPVAE,10,CPVAE10,6h,SI7,-0.00493082357570529
weighted_CPVAE,10,CPVAE10,6h,SI8,0.0011162124574184418
weighted_CPVAE,10,CPVAE10,6h,SI9,0.009680097922682762
weighted_CPVAE,10,CPVAE10,6h,ce,0.03269921988248825
weighted_CPVAE,10,CPVAE10,6h,co,0.01816166378557682
weighted_CPVAE,10,CPVAE10,12h,st,-0.005727036856114864
weighted_CPVAE,10,CPVAE10,12h,SI1,0.02446872927248478
weighted_CPVAE,10,CPVAE10,12h,SI2,-0.012392004020512104
weighted_CPVAE,10,CPVAE10,12h,SI3,-0.014849387109279633
weighted_CPVAE,10,CPVAE10,12h,SI4,-0.005799217615276575
weighted_CPVAE,10,CPVAE10,12h,SI5,-0.017035575583577156
weighted_CPVAE,10,CPVAE10,12h,SI6,-0.0015436792746186256
weighted_CPVAE,10,CPVAE10,12h,SI7,-0.0018465380417183042
weighted_CPVAE,10,CPVAE10,12h,SI8,0.0004180090327281505
weighted_CPVAE,10,CPVAE10,12h,SI9,0.0036250881385058165
weighted_CPVAE,10,CPVAE10,12h,ce,0.01224549114704132
weighted_CPVAE,10,CPVAE10,12h,co,0.006801338866353035
weighted_CPVAE,10,CPVAE10,24h,st,0.0010067139519378543
weighted_CPVAE,10,CPVAE10,24h,SI1,-0.004301179200410843
weighted_CPVAE,10,CPVAE10,24h,SI2,0.0021782999392598867
weighted_CPVAE,10,CPVAE10,24h,SI3,0.0026102655101567507
weighted_CPVAE,10,CPVAE10,24h,SI4,0.0010194021742790937
weighted_CPVAE,10,CPVAE10,24h,SI5,0.002994559472426772
weighted_CPVAE,10,CPVAE10,24h,SI6,0.0002713521244004369
weighted_CPVAE,10,CPVAE10,24h,SI7,0.0003245894331485033
weighted_CPVAE,10,CPVAE10,24h,SI8,-7.347875362029299e-05
weighted_CPVAE,10,CPVAE10,24h,SI9,-0.0006372277857735753
weighted_CPVAE,10,CPVAE10,24h,ce,-0.0021525456104427576
weighted_CPVAE,10,CPVAE10,24h,co,-0.0011955577647313476
