PC1,PC2,PC3,PC4,PC5,PC6,PC7,PC8,PC9,PC10,Gene,Gene_display,mean_fitness,min_fitness,max_fitness,strongest_defect_feature,strongest_defect_time,strongest_defect_space,strongest_positive_feature,strongest_positive_time,strongest_positive_space,dynamic_range
2.262020321602928,2.7392140886208036,0.8643737526530417,-0.6165420635864081,0.33061651579401413,-0.32374421020080724,0.1529709914330587,0.46422226111730414,0.2939978907525758,-0.3198443454054366,N900_RS00015,mnmE,0.6908121666666667,-1.463,3.6738,6h_SI9,6h,SI9,3h_SI7,3h,SI7,5.1368
-0.13595842485937926,1.6097785974579393,-2.284935891080729,0.3720727237827779,-0.07127347579479784,2.8088696730401694,-1.2021016588177875,-0.7069727114429247,0.583244113423269,-0.017673294003416995,N900_RS00025,yidD,0.268908745,-3.1212,3.9865,6h_SI7,6h,SI7,1h_co,1h,co,7.1076999999999995
-4.661771888394779,-1.8875546908466152,-0.4240427790547636,-1.876576856644939,1.1146737333516916,-0.8275281658826881,-1.0957707617168977,-2.020644908643554,0.7530395760629449,-1.141999525688605,N900_RS00040,yxeO,0.1887202166666667,-1.3335,3.6232,12h_SI2,12h,SI2,6h_SI2,6h,SI2,4.9567
-0.22898986510043917,0.8889085950187348,-0.9982957818653799,-0.9570971062759586,2.4024522581634735,3.956860043546209,0.24401991791778077,0.05478498417313693,2.000642777367087,-1.3355197653949822,N900_RS00045,patM,1.7093390000000002,-0.21058,6.3068,1h_SI7,1h,SI7,3h_SI1,3h,SI1,6.51738
1.5765784871881205,0.5106248991269217,-0.16393040367690065,1.2624348331393653,0.22564937855366612,0.045507393196005386,-1.732697854685694,-1.5780874709786505,0.07411564904283968,1.9222781874615664,N900_RS00050,patH,0.8948083666666666,-0.43105,3.6854,1h_st,1h,st,6h_SI4,6h,SI4,4.11645
0.0634896857630225,-0.7415416670740014,-0.6722171065575195,-0.49658047997433163,1.8539702452417735,-1.2992432573800534,1.638051427494128,-0.33591379675625616,0.1517519893852744,1.6199378612659665,N900_RS00065,recF,1.07110085,-0.72163,4.4447,6h_SI1,6h,SI1,6h_st,6h,st,5.16633
1.8851666993261231,0.24712861656087223,-0.697565771407184,1.8380950053585314,-0.18081173874739406,-0.4697423518600039,0.9900943189081359,1.2460078972846311,0.16965950468126145,0.2615616833908925,N900_RS00075,N900_RS00075,1.432234166666667,0.21117,3.9921,1h_SI9,1h,SI9,3h_SI5,3h,SI5,3.78093
-1.8133674333163656,-0.6047105330426061,-0.9938696345969458,0.32072721778022073,-1.6366874455525697,-0.9590426394581881,-1.0198102721148885,2.1089217820488755,1.8153028265694005,-0.5927899191396062,N900_RS00085,ibpA,0.22538154383333336,-2.1899,3.4285,6h_co,6h,co,3h_SI4,3h,SI4,5.6184
-1.5471654223993987,-0.7781854371877133,-1.1376936137079365,-1.4406746903600958,1.4361371601907165,-3.029590944542787,-0.827411795918295,0.8817524555373659,0.9279769673886842,1.3933405017404887,N900_RS00090,avtA,0.7149570666666667,-0.89129,3.5684,12h_SI1,12h,SI1,6h_st,6h,st,4.45969
1.876957676644623,-0.9988497731366854,-0.9702932391297132,1.2260413958677572,0.16113786142622374,1.9088851877091275,0.3770081232191267,1.1636783716180228,-0.8630564980108201,-0.4584106223012712,N900_RS00105,mneA,1.4696406666666666,0.19162,4.2295,1h_SI9,1h,SI9,3h_SI1,3h,SI1,4.0378799999999995
-5.312911451936007,-0.09421553901509211,-0.8474589109993231,-0.9772846282616107,0.28422450323945325,0.6980363576161843,-1.2794843487415433,-1.0885201194047405,1.127698664402395,-1.5978840112790176,N900_RS00110,NADH dehydrogenase subunit II-related protein,-0.02647887833333334,-1.1285,2.2889,6h_SI2,6h,SI2,6h_SI3,6h,SI3,3.4173999999999998
-0.5579216752630001,-0.6605814844263133,1.7913055193962324,2.2762191528585047,1.8228690770746152,-0.0072740007969915865,0.09478700225140879,0.5152284511163938,-1.334439837148187,-1.881566764699062,N900_RS00120,N900_RS00120,0.6445359399999998,-0.96701,3.9194,3h_SI9,3h,SI9,3h_SI1,3h,SI1,4.88641
0.8849048091575042,0.9192614233651302,0.9520185212145816,1.9627263583243608,0.30663468099977126,0.3050928295423594,-1.0742779622432777,-1.2385562036989302,-0.9553143018839635,-0.22716168842294704,N900_RS00125,acuI,1.0485218166666668,-0.080152,3.9734,24h_SI8,24h,SI8,1h_ce,1h,ce,4.053552
2.8703514529101684,0.08564338193173793,-0.4460223347584077,0.143353405930716,0.122991669496236,0.17631940940732505,-0.2522532819905696,0.6107345823774761,-0.9441986619543005,0.36691388325868046,N900_RS00130,ilvA,1.6060143166666667,-0.054921,4.4043,1h_SI3,1h,SI3,12h_st,12h,st,4.459221
1.4963588546096087,0.5536555935836791,-2.1966259314263143,0.46703460012719367,-2.706274081593723,-0.30358684488948184,-0.6176122099587673,0.9232753919692633,0.36971551932833796,-0.5022271247742478,N900_RS00135,ilvD,1.2914153500000003,-0.34542,5.3665,3h_SI7,3h,SI7,12h_st,12h,st,5.71192
0.9015138626333217,0.5458007616809659,-2.7567467734561037,-1.450400389615933,-1.3448525548759003,0.6177896041768098,-0.9375316800029836,-1.912916310827948,1.1892425851155173,0.4278986140683074,N900_RS00140,ilvE,2.0222916816666663,-0.23122,6.337,1h_SI5,1h,SI5,12h_st,12h,st,6.56822
1.8507962831443505,-0.15337757416962,0.5589829429243365,-1.2614220566575116,1.8325573141674667,0.05729547260991341,1.2063161165195289,-1.9161169456099139,-0.5295000457380225,-0.9558569042348521,N900_RS00145,ilvM,1.66385,-0.11262,6.8711,1h_SI3,1h,SI3,1h_st,1h,st,6.98372
2.1557365292499577,0.022478120251866185,-0.6119182707690918,0.19663221515535012,0.5645127893171868,0.9604023474599332,-1.5644356207592243,2.0273966734958515,-0.284226889156601,0.6609191764791109,N900_RS00150,ilvG,1.4846871666666668,0.018497,5.1406,6h_SI8,6h,SI8,6h_SI2,6h,SI2,5.122103
-2.447977120284796,-1.1574276222359001,-1.614988473303021,0.19940798720725406,-1.2026821859856203,0.16858199233307858,2.1899552776434428,-1.8792125803220119,-2.006366014233423,-0.7586186045423343,N900_RS00155,yifb,0.6229813333333334,-0.86017,3.8262,3h_SI3,3h,SI3,3h_SI2,3h,SI2,4.68637
1.9724418829749633,-0.5116966923756099,-1.804191935667021,0.7086186018036975,-0.02170551387784747,1.0878007966737897,-0.10170211605423907,-1.5413729582648978,0.19597274180180313,-0.18577397879943913,N900_RS00160,yihG,1.1543101833333336,-0.43317,4.2116,6h_SI6,6h,SI6,12h_SI1,12h,SI1,4.644769999999999
-0.44842557777170144,1.5866342330990413,0.03902678215018506,3.41518036001989,1.0012639157341505,-0.4106227415974484,-0.7990419943427076,0.5367510932527634,-0.48216491931402394,-1.2977230385839398,N900_RS00165,dsba,0.12588415,-3.4222,3.7881,6h_SI8,6h,SI8,1h_SI1,1h,SI1,7.2103
1.7820906199635633,-2.191260403932112,-0.35034158530706494,1.695428077551898,-0.5439762765959735,0.5450694279951618,0.6516957336293017,0.4804526541716084,-0.5372530487060684,-1.2365256415631116,N900_RS00170,serine/threonine protein kinase,1.3087315166666664,-0.2317,3.81,1h_st,1h,st,3h_SI5,3h,SI5,4.0417
0.4013480075323588,-3.339206341390389,0.4376825415568233,-1.9665403730152846,-2.1553691004821234,-0.7212132624097618,-2.0247415294905835,1.1636787425492454,-0.4575996449402281,0.5807171267822666,N900_RS00175,ccoG,1.7052086000000002,-0.011665,5.0217,6h_SI1,6h,SI1,6h_SI4,6h,SI4,5.033365
-0.7332869798541277,1.0657952556529833,2.153256577588784,0.6616757304343053,-3.0432677705256426,1.8539864479832804,1.49973737782721,2.746506253678023,-0.47902179433574144,-0.17210712889218283,N900_RS00180,yihD,0.6527487766666666,-2.3226,4.8509,6h_SI5,6h,SI5,3h_SI4,3h,SI4,7.173500000000001
1.0542696275949144,2.150241112916045,-3.033788819802089,-2.4860426352729563,1.8343925293533612,1.414375606718569,0.43757974229357866,0.9219767196844875,-0.6195716671624044,0.546668927266349,N900_RS00185,N900_RS00185,1.9537398333333336,-1.9606,9.2447,12h_SI8,12h,SI8,6h_st,6h,st,11.2053
1.8984041547078885,-0.6875783750687188,-0.8907597430618874,-0.34874197392808126,2.499719342895349,-0.7785619770668859,1.8266874215110096,1.4413503619316514,-2.3206236063561616,0.4324809341169529,N900_RS00190,SpoOM-related protein,1.258719116666667,-0.37554,4.6742,3h_SI3,3h,SI3,6h_st,6h,st,5.04974
-0.6442183113325735,-0.1643556151591964,3.053320040883006,0.23059913053913839,-2.2853361443018283,-1.1701906025164952,-0.03518956607829882,0.8696272735779635,-0.045790353538367135,-0.5193057387985226,N900_RS00195,yqfA,1.2816228333333333,-1.3095,4.9413,12h_SI2,12h,SI2,3h_SI4,3h,SI4,6.2508
1.0902272411462448,-1.8519434989445918,1.9024490501522446,-1.6296589336968932,0.775630682855301,0.38200099751297956,0.27162303522759346,-2.405204816083882,-1.7388963047522745,-0.6883919481586172,N900_RS00200,N900_RS00200,1.1777025166666666,-0.17352,4.1804,1h_SI2,1h,SI2,6h_SI4,6h,SI4,4.35392
2.3015444968003225,-0.7914304367711587,-0.9162516106848354,-0.7408312689266789,1.1378887570418879,0.14160899208754318,-0.6092230538686554,1.3004250251632368,1.7693081421633403,2.1801184047102957,N900_RS00205,trkI,1.5978866,-0.43912,5.0215,1h_SI9,1h,SI9,3h_SI3,3h,SI3,5.46062
-0.417293321633859,-3.0801802959854876,0.5231984722293047,0.2911007297766872,0.11195600749125548,-0.9949740160582539,-2.04996032955904,-0.7576205564599165,3.295146997910608,-0.15803599048486683,N900_RS00215,rsmB,1.1058841166666666,-0.54292,4.617,24h_st,24h,st,3h_SI3,3h,SI3,5.15992
-2.078490195570925,-1.7831296020022154,1.675642489289275,-1.2060415970437703,1.9796549247661166,2.566961306669895,2.1370268576489124,0.22701399732933028,1.5337234606543806,0.9240003685253653,N900_RS00225,def1,0.8774843333333333,-1.1415,4.8272,6h_co,6h,co,3h_SI1,3h,SI1,5.9687
0.4690421121819863,-2.0911742533786573,0.706654564155817,0.5363472426657148,2.4773839019500707,0.3035345532051916,0.6410511255304465,1.0213033545105707,1.4516519903180833,1.5411511642466806,N900_RS00230,N900_RS00230,1.1709372333333334,-0.13227,4.6166,6h_SI2,6h,SI2,3h_SI1,3h,SI1,4.74887
1.9876887430360206,0.20008032986528815,1.4683442040153571,-0.07210241041456644,-0.4114182569362774,-0.7038281575980601,0.27949379813330116,0.05619277892202085,-1.855958173971664,1.938214689757778,N900_RS00235,dprA,1.3675271666666662,0.10879,3.8477,1h_SI8,1h,SI8,3h_st,3h,st,3.73891
-2.144357355768262,-1.3937171502603707,1.230375262700942,-0.8383818737675395,2.1568461989578216,3.482427405093903,0.15061468372724196,1.1146905812688344,0.6999130595922537,0.0993050589951372,N900_RS00240,smg,0.8821779666666667,-0.79253,4.6068,6h_SI2,6h,SI2,3h_SI1,3h,SI1,5.39933
3.273101616078396,-0.6014389510809465,-0.5690851461347449,-1.1343883014098488,1.9483280594425305,0.5344447454129726,1.402030839799675,1.121596755422999,0.7217860736734996,1.128020657715374,N900_RS00245,topA_1,1.6392014999999998,-0.94353,6.1237,1h_SI8,1h,SI8,6h_st,6h,st,7.06723
-2.246124894862888,2.1081408929613374,-2.0079307198145835,0.796244925147048,1.9444385541560405,-2.8651885305854403,-1.7642138082381222,-0.49098863228840955,-0.41544690300160303,0.6695876873458348,N900_RS00250,purK,-0.47205640783333336,-2.8608,3.9392,24h_SI5,24h,SI5,6h_SI1,6h,SI1,6.8
-3.46739401655046,4.745833225440771,0.1077547291546608,2.015376407254428,0.8608970188014261,-1.5882241685527765,-0.8641219630697419,0.012061741964205841,-0.05957682382935925,0.08532447423504474,N900_RS00255,purE,-2.029291016666667,-5.0325,3.2053,12h_SI7,12h,SI7,1h_st,1h,st,8.2378
1.356316652762124,0.040995302219500984,2.963954007044018,1.4568499577668548,-1.5091467381834665,0.5313969739329503,-1.52343526441807,-0.3461763600075473,0.20103116203464882,0.13147718889135973,N900_RS00260,tsaC,0.9043148500000001,-0.48726,4.666,6h_st,6h,st,3h_st,3h,st,5.15326
-3.468405466597694,-0.9477800104894658,1.3487088907637355,-1.1164619193418062,2.6637252450016695,-2.6133252162020773,-1.5612291758987815,-1.7431780308695262,1.4429017103072628,-1.6662309466992948,N900_RS00265,hemF,-0.4489359333333333,-2.6648,2.7986,12h_SI4,12h,SI4,6h_SI4,6h,SI4,5.4634
-1.358894678477898,-0.07108597984405157,-0.06642478169402222,3.2289163743291223,-0.5851419596576676,-2.7166010948063386,-0.12594543739797137,-0.016510113833831552,-1.8780901092124185,-0.8239109215762283,N900_RS00270,aroE,-0.4271091333333334,-2.1854,3.4301,24h_SI9,24h,SI9,1h_SI1,1h,SI1,5.6155
3.033372854314046,-0.19714488955553144,0.6507472102250522,0.42178528433082896,0.08865060137203604,0.13503369115669128,-0.012354810499816127,1.1411018612401989,-0.49226472861507087,-0.20011533190885078,N900_RS00275,N900_RS00275,1.4906737333333333,-0.011576,3.6762,1h_SI8,1h,SI8,3h_SI1,3h,SI1,3.687776
1.1355082391580744,-0.4888634057930953,-0.9298985140905025,1.75184779963501,-1.5220365783471743,2.7767110226280964,1.3446168149103053,0.9865271620728209,0.6954935524037017,-0.13611025332057414,N900_RS00280,yrdA,1.496199483333333,-0.36939,4.21,6h_SI4,6h,SI4,3h_SI3,3h,SI3,4.57939
2.9225830036403977,0.44056313199185626,1.3421368737625194,-0.6077828843673765,-0.9938432728655661,-0.2877747304903431,-0.15497593786260122,-0.7558647687560467,-0.6418765808673489,-0.071854013105914,N900_RS00320,crcB,1.7163328333333332,-0.22227,4.6735,1h_SI4,1h,SI4,6h_SI4,6h,SI4,4.89577
1.2686576920943295,0.12564267722113068,-2.8505579922292377,-0.6870891194049671,-0.24632280799343206,1.4883077603792212,-1.8839241554914106,-0.9700089056660632,-0.10745974779721446,-0.3420009220255182,N900_RS00325,thiC,1.7294315,0.21289,5.8496,1h_SI5,1h,SI5,12h_st,12h,st,5.63671
-4.253531174563277,0.47856419537102934,-2.649019278622938,-0.9473527261218568,-0.372511486682389,-0.20857199605375354,-0.5572201599512197,-1.1208508254446539,0.43758069961502777,-0.661542959064887,N900_RS00330,thiE,0.19236300500000006,-1.3637,3.305,3h_SI1,3h,SI1,12h_st,12h,st,4.6687
-2.7698767032400378,-0.1463830006118686,0.6352464692997541,2.4735541697065075,1.0490229154893191,-0.2917532452205607,2.4160368493519204,1.8547133747256994,-0.9088664380610653,-0.1997500148689645,N900_RS00335,thiF,-0.08667852000000001,-1.9753,2.4508,12h_SI1,12h,SI1,3h_SI4,3h,SI4,4.4261
1.3501561288928885,-0.45753080777549193,2.333688586700801,0.45946681385862753,-2.120482870999649,1.4122154434784535,-1.5223465056324896,1.5785706618035646,-0.6911681856221029,1.3055133468579652,N900_RS00340,thiS,1.7268275833333335,-0.037845,4.8625,3h_ce,3h,ce,3h_st,3h,st,4.900345
-0.48058364856304125,1.3979403002474526,-0.4404106635020758,-1.8235014822389037,0.1660683290413845,-0.06073688693869772,-2.821008139337498,-2.0217401059976607,-1.2424885513570114,-0.271979200735188,N900_RS00345,thiG,1.2719991,-0.76005,4.8816,6h_SI5,6h,SI5,6h_SI2,6h,SI2,5.641649999999999
2.714935002079905,-2.345176620058348,-0.9564539444067908,0.4140956590793823,0.31482129222308847,-0.20627014777867725,-0.18579062280739855,0.516909371602155,-0.016623422446151226,0.20101589920398077,N900_RS00350,thiH,1.591140666666667,-0.12643,4.3913,1h_SI9,1h,SI9,6h_SI2,6h,SI2,4.51773
0.6443335542302648,-2.2914340656379775,3.5462438801929443,-1.4207760781141057,-1.0298235278179135,-0.07609814156391881,-1.9691058633974208,-0.3236532845949253,0.5285616286954639,0.8125663127379743,N900_RS00355,aminopeptidase P,1.48602565,-0.048651,4.2556,3h_ce,3h,ce,3h_st,3h,st,4.304251000000001
-0.9090746135000596,-1.3029392152049095,1.2142644361360209,0.4029185798144903,-0.5145228858878365,0.26111311564443573,1.7735030767757824,0.02146529568026137,0.7518179377943519,0.8145614330849207,N900_RS00360,LysR family transcriptional regulator_1,1.0657311433333334,-1.2061,4.6525,6h_SI1,6h,SI1,1h_st,1h,st,5.8586
-0.45348478913463985,-1.621838740292319,-1.0020115955248983,-0.7748155718002505,1.86752188243229,2.3562983378290077,-0.6787892791325618,-1.9473337641436241,-0.13704712239554684,0.9603702623152242,N900_RS00365,mdtL_1,1.440287,0.2639,6.1683,1h_SI7,1h,SI7,6h_ce,6h,ce,5.904400000000001
-3.156575059933434,-3.2017507894369723,2.9218245336439543,-2.8371916904400125,1.9901148174425876,2.8581320821998397,2.6541939361951874,1.301483553326202,1.416875848333585,0.8066863197160763,N900_RS00370,N900_RS00370,0.9191276733333333,-1.2497,5.2072,12h_SI3,12h,SI3,6h_ce,6h,ce,6.4569
-3.6624096187218527,-0.308902975848103,-0.6744636008395886,0.5105046940652564,-3.297074426605258,0.18190705432053011,1.2388226907091338,0.07531902940707919,2.9492924807806378,0.7409554318083107,N900_RS00375,asnC,0.4175280066666666,-0.98202,5.0777,12h_SI4,12h,SI4,3h_SI3,3h,SI3,6.05972
1.3171352285055224,-0.18055954966891408,1.8789120974867815,2.0587934069932916,-0.4334697813556979,-0.3711047318640468,0.41409131813817557,-1.0767541430954886,-0.6502684910999802,-1.277401415456772,N900_RS00380,N900_RS00380,1.3673203333333335,0.04101,4.5015,6h_st,6h,st,3h_SI2,3h,SI2,4.46049
2.4256195789755672,-0.08807444496662176,1.39169038824517,0.8494749883303658,0.15977914940020782,-0.2391788576375029,-1.2298690804279269,0.8832415023801103,-0.7841392164426281,0.7275874192099197,N900_RS00385,rsmJ,0.9234460949999999,-0.61044,3.6809,12h_st,12h,st,3h_SI4,3h,SI4,4.29134
-2.1819408735523806,-0.5469685623096657,-0.08401260362043667,3.167258949808506,-1.020372574084669,0.7413699307190669,0.5738463439533257,-0.7406358951158885,-1.3011957024277714,0.9562999955844884,N900_RS00390,N900_RS00390,-0.039616166666666675,-1.9855,3.2288,6h_SI3,6h,SI3,1h_SI1,1h,SI1,5.2143
0.3507430902994848,1.766210354901673,-2.047077325891655,-0.9376547969340111,-0.6170097273920048,0.15108948523334398,2.1878584912684924,-0.26785375867334654,-0.11526300693830038,2.1820267852332282,N900_RS00395,eamA_2,1.3076575333333333,-0.36745,4.8676,6h_SI4,6h,SI4,6h_st,6h,st,5.23505
-2.539458872751171,-2.882167185664328,-0.42088381436645095,-2.5327343037081165,-1.4218938413007771,2.2711931132600833,2.110770402651858,-0.15539660588101645,-0.9658896348559104,1.2944637215183634,N900_RS00400,uspA_1,0.6777416833333333,-1.0016,6.4547,1h_SI4,1h,SI4,6h_ce,6h,ce,7.4563
-1.9274901905045767,0.46072105305913,-2.7267216070551417,-1.1251965987302,-0.7089835864683238,-0.6090973451461648,-0.2942138712736375,1.6221613457470345,-0.4088126745354449,3.0623299251268428,N900_RS00410,ftnA,0.5691082033333335,-0.83519,3.5502,24h_ce,24h,ce,6h_st,6h,st,4.38539
2.1120002156400144,2.0543101743816123,0.15584284795934072,-2.60823844295804,0.7840512353508922,1.2024611539861318,-0.8567516240129389,-0.7109358288043148,-1.5381891865404156,0.7806680025895467,N900_RS00415,uspB,1.58307705,-0.5983,5.368,1h_SI6,1h,SI6,3h_st,3h,st,5.9663
-2.1275832149264167,0.06995237052883957,0.6394898997703679,1.24456049149331,-0.10940839687520795,-0.01533663059655399,2.719558176555455,0.05462080332766853,0.13263667635216003,2.4747033308667445,N900_RS00420,rdsA_BLAST,0.3981370333333334,-1.4084,3.71,6h_SI1,6h,SI1,1h_SI1,1h,SI1,5.1184
0.24921098133888941,-0.6866794414967059,-2.6275358724174898,-0.6805823030888174,-0.009896409618289276,-2.2741999265506565,-0.128798030027238,-1.677463453384711,1.4587992297945371,1.8203819008414406,N900_RS00425,eamA_1,1.3472523999999997,-0.015277,4.29,3h_st,3h,st,6h_SI3,6h,SI3,4.305277
-0.8280553297023121,0.5629515634764907,-2.0123487413750016,1.8389956830249878,-1.1964522254021543,2.023886229261421,-2.1178732743851825,-1.1313148945154865,1.1368872091050166,1.0674539467838842,N900_RS00430,rmuC,0.5036677166666667,-1.0591,4.7668,24h_SI1,24h,SI1,3h_SI3,3h,SI3,5.8259
0.6210378195445609,-1.9976751878424737,0.4537335517597571,0.7426856713989376,-0.30727363539305397,0.7463816944683581,1.7773592838850762,1.3414860093101997,-2.4068588110015514,-2.2209480672338664,N900_RS00440,ubiJ,1.5304535166666662,-0.060119,4.8463,6h_SI3,6h,SI3,3h_SI5,3h,SI5,4.9064190000000005
-0.8690503376560001,-0.7810774311750084,1.6026333188542365,-1.2068410402010188,0.8740198328122365,-1.7244412155949367,0.34944212662108953,0.6796617275028958,0.36989757634128645,0.8642525328451964,N900_RS00450,tatA,1.3249814333333334,-0.60989,7.068,1h_SI4,1h,SI4,3h_SI5,3h,SI5,7.67789
2.592916881546447,-2.017769188274045,-1.5043885278197946,0.05607122959698496,-0.8547842950557435,0.207172618483488,0.5640062636515355,-0.7283283927732778,-0.7857478031817834,0.8198357481179672,N900_RS00455,tatB,1.6623136333333333,-0.048393,5.0921,24h_SI7,24h,SI7,12h_SI1,12h,SI1,5.140493
1.0504429331039935,-1.4646524552301514,2.3680158779278306,0.4034729283586205,2.2466044761183754,0.09051798944104927,1.7047341959296967,-0.6005839044433983,1.4452610803008645,-1.0332078490772656,N900_RS00460,tatC,1.4558110499999999,-0.33556,6.3457,1h_SI2,1h,SI2,3h_SI1,3h,SI1,6.68126
1.3638779850524223,-2.171166452705641,-1.4853000581334523,0.8516804711504808,-2.2603608771874835,-1.2058429502374075,0.15005125371857886,-0.4888614255921608,-1.3365453901678177,-0.6782751429807843,N900_RS00465,ccp,0.8202505083333335,-0.66306,4.3113,6h_st,6h,st,12h_SI2,12h,SI2,4.97436
1.2811850490225938,-0.15439204884373353,-1.5611859047616614,-0.2702901436760601,2.1712254101876,0.2401854191856463,1.2872739429066569,0.3181225691206102,-1.0402037601787306,1.6078241611381754,N900_RS00470,dinF,0.811699605,-0.80583,3.963,3h_SI7,3h,SI7,6h_st,6h,st,4.76883
-0.3160463111504028,1.733269594824575,-0.9365552213377788,-1.8192696661679957,0.14350201361015777,-1.0538742107913222,0.20064562510086126,0.13037916101565358,2.0572980751836645,-2.9066463741688384,N900_RS00475,class I SAM-dependent methyltransferase_2,1.5607054466666666,-1.2064,5.891,12h_SI4,12h,SI4,6h_SI3,6h,SI3,7.0974
0.06911916929859885,1.4310072315304991,-0.05664114951244877,-1.5738718741853583,1.5792105824657332,-0.9485499993312156,-0.9887660826603708,-1.7527969876541534,0.250057943716434,-2.007756034682596,N900_RS00480,lexA,0.63223435,-2.1795,6.2653,1h_SI4,1h,SI4,6h_SI2,6h,SI2,8.4448
0.01683834690730368,2.395878565286874,-1.529478576732253,-2.24280720204591,-0.6271267776283256,1.7895124927622361,1.099653447188654,-0.23228745386052746,0.9736940285311895,-1.111791915765944,N900_RS00485,plsB,-0.34955572349999997,-2.5303,2.5991,12h_SI5,12h,SI5,12h_st,12h,st,5.1294
2.804954616997679,3.2893129941661083,0.6806792352039887,-0.6380836973568784,0.5861998062615713,-0.6928881310089401,0.1937703484828493,0.8040584419215877,0.699538049586385,-0.8783158857204766,N900_RS00490,ubiA,1.662903361666667,-0.25003,3.8569,6h_SI9,6h,SI9,12h_st,12h,st,4.10693
0.5895018724153487,-2.884702446069699,1.2449551246676083,1.4557346756155365,0.9712316959987263,-0.364135060252714,0.6117336661142576,1.4653466165835518,-1.524567944996364,-1.431952265342729,N900_RS00495,chorismate lyase,1.5326033333333333,0.35757,5.65,1h_SI7,1h,SI7,3h_SI4,3h,SI4,5.29243
-3.2655271190195996,-0.049052017525614056,0.8054240848320537,-0.5826291552302938,-2.5357264424816552,0.4911073045902438,2.066348278147674,-0.41465185737571325,2.417907961209664,1.7368479366751177,N900_RS00505,fliL_2,0.62630315,-1.1791,4.6909,12h_SI1,12h,SI1,6h_ce,6h,ce,5.87
-1.6342421845817625,-0.6757053194657898,-1.560940479297077,0.264602566662699,-2.4359144455486694,0.013366982558837393,-2.0004239901092156,-0.4158564883483667,0.7319684752911388,1.3300456349718874,N900_RS00510,methyl-accepting chemotaxis protein_4,0.5143753383333334,-0.88686,4.4865,6h_SI1,6h,SI1,3h_SI3,3h,SI3,5.37336
2.2220368304499196,-0.8026738476743471,1.8163485767432679,0.5851914818660569,-0.9248823818123154,-0.17768347823634079,-0.06848868304075517,-0.9365544948513722,-0.5990459979032591,-1.117513578784425,N900_RS00515,glpG,1.3559726438333333,-0.029649,4.2055,3h_SI6,3h,SI6,3h_SI2,3h,SI2,4.235149
-1.7547766616942424,0.6900751320495211,-1.7578421187145248,0.05577219128853472,-1.3257112268849442,-1.0909265459144293,-2.5990905628290024,-1.1281867413323587,1.8208976499229856,-1.2105958761413946,N900_RS00520,glpE,0.17198755000000002,-1.8139,3.3697,6h_ce,6h,ce,3h_SI3,3h,SI3,5.1836
-5.701615814379237,-0.3118236386840787,-0.9154152715401009,1.454087296015933,-0.45105229411264347,-0.2953421631208508,-0.9428545879044707,0.4986313406980574,-2.247293567678188,1.5687297636641986,N900_RS00525,N900_RS00525,-0.5902245206666665,-2.5925,3.1908,24h_st,24h,st,1h_SI1,1h,SI1,5.7833
-6.75635542647596,0.31473770826891134,1.1896678108077967,-0.07166545844226735,0.5977388738298115,-0.3767041210517146,0.8604763233522367,0.1598596831292815,0.16729271113652772,0.513660871412672,N900_RS00530,tatd,-0.7705138500000001,-2.6296,2.9959,24h_st,24h,st,3h_SI5,3h,SI5,5.6255
-0.7692913399351236,-0.11661146087649865,-0.9253643341960818,0.9919949645070187,3.8900879754139637,-0.8537562799722114,-0.06972274737008133,-0.43180412414073616,-0.8566212459718306,1.5403808828031609,N900_RS00540,ypeA_1,0.1845046133333334,-1.1433,3.5878,3h_SI3,3h,SI3,1h_SI1,1h,SI1,4.7311
-1.1945529583720014,-2.366075919073349,-0.23153853411420938,-1.04009614101663,-0.23053520322869056,-0.8476885236829403,-1.3343973849303936,-1.1569836480117417,-0.07193413950428651,1.5065510352935416,N900_RS00555,cc4,1.3794895216666665,-0.6652,6.5821,1h_SI5,1h,SI5,6h_SI4,6h,SI4,7.247299999999999
1.954658276637887,1.0147886264989616,0.8716591274900821,0.6606418478969962,-0.5167748618362016,-0.8840639504013388,0.18253986064466104,0.2410976892726311,-1.1198634160033922,1.4748056009454895,N900_RS00560,class I SAM-dependent methyltransferase_4,1.0447400999999998,-0.16738,3.3627,24h_SI9,24h,SI9,3h_SI2,3h,SI2,3.53008
-0.14814505829370317,-1.0647428852834746,1.9131806789199253,-0.6655357912950706,-2.7977108257789363,-0.5886525192947234,0.5766956981908183,-1.4258371216196708,0.16560463383744706,1.114251405259787,N900_RS00565,yihI,1.6190095500000004,-0.56646,5.6083,1h_SI2,1h,SI2,1h_SI1,1h,SI1,6.17476
-1.1016448311226548,4.3716231243806245,0.6289457603395379,-1.8397502390674487,-3.0363455531079184,2.0267618186236653,-1.91526730391182,-0.13605731644369395,-1.0291510038212377,0.8612110778072652,N900_RS00570,N900_RS00570,0.9985721499999999,-1.6564,6.8361,6h_SI5,6h,SI5,3h_st,3h,st,8.4925
1.411775908119151,-2.691269811383953,-0.31434792585773375,-2.970879474968128,0.6416934618228746,0.7208485925336512,1.9267684483190224,0.10624064938250491,0.8910034210561794,3.0038621248206923,N900_RS00575,hemN,2.4805226666666664,0.23374,6.1352,1h_SI1,1h,SI1,6h_ce,6h,ce,5.90146
-4.762079197604011,-1.0941284403074478,-0.2400485918111691,-1.4976338983026671,0.6288665497225016,-0.1308520721299229,-0.3869424809581574,0.0359977962848608,-0.48709667112380595,-1.132833854686016,N900_RS00580,hemy,-0.1706919166666667,-1.6451,2.7528,12h_SI1,12h,SI1,3h_SI6,3h,SI6,4.3979
-0.812914992266069,0.5500984461646721,-0.9157267530204878,-1.7606826880200508,1.4588441282177045,1.4747334364419369,0.4405631603495081,0.8201134943566404,-1.5297565601906342,2.783815975862386,N900_RS00585,HemX,0.8413051166666666,-1.4146,4.5733,6h_SI1,6h,SI1,1h_st,1h,st,5.9879
-4.126117524094471,0.2858659696734211,1.061824710356921,-0.3361201212106373,0.9295268571486995,-0.8181384171229826,0.2911726436814558,0.8832054610983098,0.2383254036772729,0.5482267998855008,N900_RS00600,N900_RS00600,0.11754571833333329,-2.9929,4.2155,12h_SI5,12h,SI5,1h_SI1,1h,SI1,7.208399999999999
2.5975502126846433,3.287427729643902,0.5162138115818637,-1.11561221275465,0.5119081067350126,-0.2537551141867469,0.3830292967286523,0.8235129415187679,0.8071486782260407,-1.2069186103877405,N900_RS00605,class I adenylate cyclase,0.983545725,-0.84265,2.9777,6h_SI9,6h,SI9,12h_st,12h,st,3.82035
2.1653869101394783,2.8420752326138503,0.5820286451077464,-0.7246930849044906,0.4010780808111342,-0.5197544774712881,0.1880949851734568,0.8465121016577191,0.49312279091138056,-0.8725618610153507,N900_RS00610,cyaY,-0.07653811666666667,-2.1613,2.7422,12h_ce,12h,ce,12h_SI3,12h,SI3,4.9035
0.28429938054616466,-1.2751737910455925,-0.11644677907666343,-3.0153674633684107,-1.744002779513425,-0.5030347209292441,-2.18098818908999,-2.6076135974456305,2.0450722612844427,-0.17400398802640415,N900_RS00615,lipoprotein,0.7600619500000002,-1.3587,4.3559,1h_SI1,1h,SI1,6h_SI4,6h,SI4,5.7146
-3.0170244950077447,4.37236482517968,-1.3266363208044083,-0.232526250900992,0.7793612512903516,-0.1344250095326074,-0.7508368802867351,-0.8458281822400493,1.3616256579483421,-1.2515444341524407,N900_RS00620,lysA,-0.6041504833333333,-3.411,5.0984,6h_SI6,6h,SI6,1h_st,1h,st,8.5094
1.8058783853731901,-1.4634285690656115,-0.6035040350913901,1.4160884987699105,0.5391958641948609,-2.0234894946119124,0.2960823567889143,1.1528655638183043,-0.22383220558476025,0.6080035979452456,N900_RS00630,N900_RS00630,0.6924454499999999,-0.96672,3.7161,3h_SI9,3h,SI9,3h_SI4,3h,SI4,4.6828199999999995
-3.727383374737888,-0.23070422483929331,2.0277633416535057,-0.4815554061727716,0.4442777729226387,-1.0949417859952866,0.42696370777220694,0.5077884032310214,0.553956606821047,-0.15221306246828803,N900_RS00635,xerC,-0.7535026816666667,-2.9001,2.0488,6h_co,6h,co,1h_SI1,1h,SI1,4.9489
-0.5107000993103408,-1.3903009668631747,-0.5763257292358174,2.1508886559408564,-0.7747445839429132,2.2654238037487318,-1.765990957464666,1.6688211370841062,0.7075973436885373,0.9217422745056048,N900_RS00640,yigB,0.86147158,-0.89298,3.8617,6h_SI2,6h,SI2,12h_SI2,12h,SI2,4.75468
1.6320158880601179,1.4334631787790424,1.882313144044679,0.564841588514934,-1.0164575579882382,1.7790073001075268,-0.09225705313301624,-0.26002123012871453,-1.097627578190822,-0.5912236063681451,N900_RS00645,cdpA,1.70551305,-0.034254,4.779,1h_SI8,1h,SI8,1h_st,1h,st,4.813254
-1.7433508581143238,-0.67212093782099,-1.449253209144741,0.27269591081964784,0.415140930199034,4.870443670296415,-0.10867082804062023,0.19010967757531677,0.7315887503493201,1.5693780319369355,N900_RS00650,N900_RS00650,0.754079075,-0.87026,4.0816,6h_SI1,6h,SI1,3h_SI1,3h,SI1,4.95186
0.2918677213181953,-0.06122656062271503,-3.0080496139143347,-0.8291879532897983,0.7119173731201534,-2.9296768720119983,-0.06538804905047957,1.2161109269914183,-1.3094690420321897,0.8264239214912097,N900_RS00655,membrane protein_2,0.7059646166666668,-0.90133,4.5236,3h_SI1,3h,SI1,6h_st,6h,st,5.42493
0.39824440371458847,-0.6766514463449456,-0.6517106463654996,2.242196922391252,2.010480132424451,-0.02750727863682767,-0.7802986020371594,0.9398036308562436,0.16693398686270616,0.2510172951769143,N900_RS00660,N900_RS00660,0.7008000883333333,-0.63323,3.0587,3h_st,3h,st,3h_SI4,3h,SI4,3.69193
0.6421424129469813,0.3132689499287196,1.164248620119703,1.397136706219423,1.1759887274051295,1.02439215384381,1.3520290752579702,-0.9911048766087949,-0.6015351954322464,-1.9811982480915078,N900_RS00665,yigL,0.6587722983333334,-0.72221,4.1468,3h_SI5,3h,SI5,3h_SI1,3h,SI1,4.869009999999999
-0.13621108438423768,1.6202900149869066,-2.3405612028772933,-1.3777614408738845,-0.488529616190216,-0.9273848223997274,-1.1527149379474335,0.6450374977444258,0.9783598405257632,-0.4012825900479331,N900_RS00670,ytpA,1.2163169666666667,-0.42223,4.4342,6h_SI4,6h,SI4,12h_st,12h,st,4.85643
1.2972790518027786,-0.4007295919670708,-0.5817042945476549,1.0787977582123736,0.7748010856346562,-0.006863781320366691,2.5367087958532846,0.6555423694641804,1.1205071498482906,1.656497264938636,N900_RS00675,rhtB,1.5416369333333333,0.079106,4.1993,1h_SI7,1h,SI7,6h_st,6h,st,4.120194
0.3604308952188573,-0.9035441921188119,2.5786030534932323,0.9249982243069126,0.16839169669977247,0.9682311159120309,-1.8751915214918309,-0.8784460407622827,-0.4791502712908623,0.85020106604538,N900_RS00680,cdgJ_1,0.6302034833333334,-0.98312,3.9188,3h_co,3h,co,3h_SI1,3h,SI1,4.9019200000000005
-0.044294643388394395,-0.8488247760152645,1.6560857267947824,0.18423588501205312,-2.322429148206328,-2.1526536723414673,0.08760694695394833,-1.1048751820000584,0.22186578603816315,-0.14807372593137036,N900_RS00685,DNA starvation/stationary phase protection protein,1.4176418333333336,-0.58104,4.0655,12h_SI2,12h,SI2,6h_SI4,6h,SI4,4.64654
-4.469433533279924,2.8990022158290936,-2.4078604787375504,0.08382377646631634,0.4602360703085894,0.4089350622035294,-0.3724993090710276,-0.9398760876765269,0.05389951778686364,-0.3826258038479573,N900_RS00690,N900_RS00690,-0.4742885166666667,-2.5567,4.7887,6h_SI6,6h,SI6,1h_ce,1h,ce,7.345400000000001
-0.6567020007111966,-0.4494140328235361,-1.0415940310848377,-1.0738709963900597,-0.21818373629791518,-0.4700677790828456,1.5766801140566575,-3.5678818300640276,-0.5621254820791145,-1.6369544216560246,N900_RS00695,N900_RS00695,1.51118885,-0.13062,5.802,6h_ce,6h,ce,1h_ce,1h,ce,5.93262
-2.7190904169395465,1.636257021803782,-0.043575799925168794,-3.8307431951792728,1.75364367532552,-0.4508098164960952,3.1308228425712388,1.4336659562869274,0.7221496630344985,1.3747163356800065,N900_RS00705,Pseudogene_N900_RS00705,0.6146072500000002,-1.1903,5.5069,12h_SI4,12h,SI4,6h_st,6h,st,6.6972
2.6278216040922446,0.9298060745080988,0.1270465010417754,0.6899091220739213,1.4459611709310065,-1.1084333085647486,-0.09053199976228832,0.7213770681752597,-0.7907015368017717,1.1470390286442986,N900_RS00710,lysoplasmalogenase_1,1.4763866666666665,0.18203,4.2859,6h_ce,6h,ce,6h_st,6h,st,4.10387
0.2677612825315512,-1.7782877811982298,1.0083629802684053,2.348340736241771,-1.0513085323921088,0.873407474903931,-0.045605257495254015,2.2423356477503145,1.3195428362089046,-1.597652311101856,N900_RS00715,N900_RS00715,0.6058417166666668,-0.87444,3.6763,12h_st,12h,st,3h_SI3,3h,SI3,4.55074
-0.7127070570446081,-3.1542800992096867,-0.08869439991868902,0.32016338754037443,1.4847317386425982,2.3135681077409402,-1.340557694183117,1.2822470625667286,-2.2005193231869735,0.2586134831068869,N900_RS00720,rsmD,0.5461251500000001,-1.1989,3.7187,6h_SI1,6h,SI1,12h_SI1,12h,SI1,4.9176
0.1732165196648472,2.5466912853748918,-0.12334253361671288,-1.2552413417339494,2.596426063319858,-0.4670092729887032,5.211085611002515,0.5141335622050556,-0.5456729170414091,1.2144744728451047,N900_RS00730,ftsE,0.008029538233333333,6.3514e-05,0.14335,6h_SI7,6h,SI7,6h_st,6h,st,0.14328648600000002
2.007719141459087,2.9673152082862826,-1.6105511833317252,1.1608101090328637,0.8263723195151217,0.32327139366801316,1.323871796593326,0.39825767430776504,-0.22413454765350305,1.144336234555707,N900_RS00735,ftsX,1.1239662949999998,-0.88995,4.8428,24h_ce,24h,ce,6h_st,6h,st,5.73275
1.410195108679793,-2.01547178279241,1.296981924557514,0.14562031649994056,-0.0464528227494111,1.5939856546565987,0.051768304481031424,-1.3041707781630025,-0.739606620701104,0.44074531098100467,N900_RS00745,sthA,1.1094407333333336,-0.28939,3.4948,3h_co,3h,co,3h_SI5,3h,SI5,3.78419
2.7614887023771457,-0.4679965496578321,1.7913299154327218,-0.481050964185324,-1.2133223003763143,0.5870917043678036,-0.8758678544901506,-1.4240896161077161,-0.6347207583359687,0.03703321461021558,N900_RS00750,fabR,1.2588140316666667,-0.26161,3.877,3h_ce,3h,ce,3h_st,3h,st,4.13861
1.0970016792776587,1.26462397080431,1.057839415755228,-2.0470185873161992,-2.0259838637025687,0.8322493394216874,-0.6331149484096628,0.09234902728885996,-2.4095541333626147,-1.6274018292103265,N900_RS00755,yijd,0.9526409666666666,-0.63701,6.2139,1h_ce,1h,ce,6h_SI1,6h,SI1,6.85091
1.594245524153492,0.19327069778479528,-0.7280953858251896,1.5040076063240542,0.08912914504334968,-1.1031311267484836,1.805708892749965,0.893718472317103,1.5161589594101024,0.6785297619748296,N900_RS00760,trmA,1.3786812833333333,0.015237,4.1149,3h_st,3h,st,3h_SI3,3h,SI3,4.099663
0.25072333983814543,1.414039445536767,2.7419376628820955,0.027348069291243116,0.22354041940999939,-0.9911691997288079,0.7166081584609693,0.16979493181339886,-1.2643833400608013,3.236687568003912,N900_RS00765,btuB,0.8134078183333333,-0.39857,3.9313,24h_SI8,24h,SI8,3h_st,3h,st,4.32987
1.4237224672670417,-0.6626614362995843,-0.07968055220284503,1.0560039897705242,0.09799994287447218,1.410079169452092,-0.760797987250406,0.017323326750504298,0.7619152047476929,1.7138762290716902,N900_RS00770,S8 family peptidase,0.9447001833333333,-0.42231,3.5087,1h_st,1h,st,3h_SI1,3h,SI1,3.93101
0.979399423252949,-1.5311042869063618,3.650238290925841,-0.8241680079712366,0.43092107911852734,0.3024460933549724,0.3553540799287256,-2.4011894056779806,1.235607615070324,0.4687383371241063,N900_RS00780,RNA-binding protein,0.9666030216666667,-0.8883,4.0206,12h_SI1,12h,SI1,3h_st,3h,st,4.9089
-0.27195581199607277,-0.32256270321755587,-0.5499915095510782,1.0668314694704732,2.5345876974230652,1.1217750810675176,1.1452568234517324,-2.0470142308703347,-0.6932207959700706,0.04324892656422852,N900_RS00810,add,0.6931469433333333,-0.74171,4.4996,1h_SI1,1h,SI1,3h_SI1,3h,SI1,5.24131
1.6812731095633335,-0.5372077529352768,-1.5178677974028572,0.4759896909496213,0.24066414379800735,0.28222694964895745,1.9714370251686413,-1.1856747378727153,-0.3320233860987317,0.9390309364409231,N900_RS00815,N900_RS00815,1.4899632666666662,-0.048524,4.7778,1h_st,1h,st,3h_SI2,3h,SI2,4.826324
-1.247357384786737,-2.471050957681737,1.4566816868167498,-0.17666759953890643,1.4262571476874004,0.3019370030999904,1.919181756234248,2.1516156449024755,-0.00730941024410614,-0.9784356355667194,N900_RS00820,ntrC,1.3368653666666666,-0.52513,4.7884,1h_SI8,1h,SI8,1h_co,1h,co,5.31353
1.5392702662334283,0.542647872896497,-2.1794262429466706,0.24004165403126443,1.662433546313174,-0.2784426428947919,0.5318491500703976,-0.5260565503596772,0.6447412520033755,2.0014556181927734,N900_RS00825,ntrB,0.7965356883333333,-0.76746,3.5315,3h_SI4,3h,SI4,6h_st,6h,st,4.29896
0.5772775331079281,0.07531669944190833,1.275439279594426,-0.001029507582500866,-3.485303631752648,-1.2951201462424855,-2.2808396387900434,0.45453002825906397,-1.1082317426888748,0.06127165960795511,N900_RS00830,N900_RS00830,0.5607836883333334,-0.8329,3.6627,3h_SI1,3h,SI1,3h_SI3,3h,SI3,4.4956
-2.5784315321339553,3.8478186544210744,0.14906820874608645,0.8958112063355741,0.9718363596502994,-1.112999439630694,-0.1978138363210994,0.19169004637621184,0.6290762637390998,-0.7340902292963001,N900_RS00835,glnA,0.8209512333333334,-2.1525,4.3908,12h_ce,12h,ce,1h_ce,1h,ce,6.5432999999999995
1.027346318098326,-2.0014734037604165,-0.30530195127026605,-1.1076380185124282,-0.21694685612730222,3.4798342506832762,-0.46985133522726685,2.0758701490940425,1.709045433378332,0.6439085291882773,N900_RS00840,N900_RS00840,1.4161308683333333,-0.877,5.6434,1h_co,1h,co,3h_SI1,3h,SI1,6.5203999999999995
2.485258065211487,-1.5132394030874878,-0.6757412668486391,1.3673316171849232,-0.5214869597450907,0.17613343551809346,-0.21993755169784646,-0.5426640335602595,0.7369921190942713,-0.7667021121407511,N900_RS00845,typA,0.78737738,-0.89425,3.5806,1h_st,1h,st,3h_SI3,3h,SI3,4.47485
0.6054280616784644,-0.7431358707307494,-1.6887492590779174,-0.45670137061164784,-1.053189182776415,-1.464863276123447,0.6377256392823668,2.538706394805716,-1.6696635499704997,-1.0836841752554207,N900_RS00850,ATPase,1.2699065,-0.42999,4.2667,6h_SI3,6h,SI3,3h_SI4,3h,SI4,4.69669
0.741216063829484,0.4771124150572459,-0.9250524406104597,0.6661999691724088,0.829180468145582,-2.137190862407808,0.13635615387683608,0.10085489012354043,0.5064777083748667,-0.7465602471853573,N900_RS00855,VC0395_A2314_BLAST,0.678074905,-0.96636,3.8005,12h_st,12h,st,6h_SI2,6h,SI2,4.76686
1.0372507865953118,-1.214574392131295,-0.018968023160756263,1.2600610511078463,2.4663714167598463,0.14180930876165265,-0.4731580420594861,-0.29561715274476236,-0.5727296688272433,-2.1909415799898726,N900_RS00860,dtd,1.215039201666667,-0.32542,4.8978,3h_SI3,3h,SI3,3h_SI5,3h,SI5,5.22322
1.3833862071236007,0.20983073505857452,-1.0334315535636382,0.5183444968132171,0.054068706344410064,-2.0141543679209484,1.2829968021156477,1.090063025104764,-0.6555311694070679,1.559267177607352,N900_RS00865,GNAT family N-acetyltransferase_2,0.7499508216666666,-0.54857,4.1935,3h_st,3h,st,6h_st,6h,st,4.74207
1.177825048228363,1.0179487017098563,0.6319291781829233,-0.5563421249040117,-1.1129938140376483,-2.312433692504016,-0.22499966320798204,0.0012357760162851061,-1.8770462520953357,0.5208149908887336,N900_RS00870,asma_2,1.1580553666666666,-0.20654,3.6105,12h_st,12h,st,12h_SI1,12h,SI1,3.81704
1.2469492541659521,-2.51027360649065,-0.7578546432869067,-1.7529276808344212,-2.7345099390053944,0.22690117192881676,2.906200406205607,-0.03748595859666515,-0.3512679439182137,0.5814596009803876,N900_RS00875,pckA,1.7890471666666667,-0.21375,5.4573,1h_SI9,1h,SI9,3h_SI2,3h,SI2,5.67105
-0.006372349395359134,3.328282767081264,-1.868713839835476,0.6996628537928933,0.6751627535694578,0.08901660046949467,-0.8223887751450605,0.992732085900589,-1.5328214501272752,1.0519783715887303,N900_RS00880,hslo,-0.5956317333333333,-3.5484,3.2289,6h_SI7,6h,SI7,1h_st,1h,st,6.7773
0.6057843239175709,-0.10096470629496329,1.5353617492644984,-2.90281602467559,0.5709128184493564,-1.2781981944064134,-0.2974994572634072,3.038858446156746,0.3606946224907115,1.0554641570608083,N900_RS00885,hslR,1.586963933333333,-0.24213,6.3869,1h_co,1h,co,3h_SI5,3h,SI5,6.62903
0.3956233677072354,-3.1802475626298676,1.4551320724878458,1.8704925115805038,1.1676595253980604,-0.12170121502897513,-0.5683406169638443,0.21885898988641436,1.7514222206625356,-0.0750548649591819,N900_RS00890,gspC,0.7925288999999999,-0.90995,4.1697,12h_SI1,12h,SI1,3h_SI1,3h,SI1,5.07965
2.9778900042683016,3.132982316921334,0.7309705874732536,-0.7695443339654593,0.5661725593570975,-0.6570961406437088,0.2301564308042942,0.8206549166971535,0.7007751314632016,-0.8744508207112112,N900_RS00895,gspD,1.7179854600000002,-0.15869,3.9483,6h_SI9,6h,SI9,12h_st,12h,st,4.10699
2.948210403601565,3.1801311674373594,0.6910160580107183,-0.8239076698556724,0.5685333050927613,-0.6097666590600634,0.2568687708619954,0.8181897167389374,0.7436853735890192,-0.9421411937188354,N900_RS00900,gspE,1.7992057999999995,-0.10818,4.0041,6h_SI9,6h,SI9,12h_st,12h,st,4.11228
3.1363107999762914,2.7066798446959544,0.7921695128811687,-0.83260146402654,0.48733076028262456,-0.48451143129302476,0.36034330498816436,0.7899821933682531,0.4911808208861702,-0.2933237444590858,N900_RS00905,gspF,1.8910172000000003,-0.065448,4.0416,6h_SI9,6h,SI9,12h_st,12h,st,4.107048
2.284454626245357,3.2600438801395226,0.3327261708437742,-0.3313504144156041,0.48186883112359613,-0.4388416252539662,0.20549264830238367,0.6040878340445495,0.47377932338431766,-0.46167261415029287,N900_RS00910,gspG,1.9260644333333337,-0.067187,5.3857,6h_SI9,6h,SI9,1h_co,1h,co,5.452887
0.942537115966041,0.44712632625154164,-2.1718225898751466,-2.038873023355996,0.6187049173157935,3.784299414560574,-0.14517716615354948,-0.49336552170726117,-0.4855235563750332,-1.3382037189867966,N900_RS00915,epsH,-0.012676316666666698,-4.0234,3.8558,1h_SI6,1h,SI6,12h_SI3,12h,SI3,7.879199999999999
2.9628146312929147,3.1973928468468933,0.7055120646547643,-0.7711196929818358,0.5725250031259977,-0.638913937120317,0.23071552013008978,0.8199089953200107,0.717412069059621,-0.9085744306390358,N900_RS00920,gspI,1.8283991166666667,-0.061413,4.0456,6h_SI9,6h,SI9,12h_st,12h,st,4.107013
-1.0821596393951116,0.23698346982064503,-0.6611518085328973,-2.0253777025288446,1.5343279429698136,-0.6440777849614976,-1.6060480619437347,-2.7834720746255126,-0.09673469334610285,-2.5373337567586765,N900_RS00925,gspJ,0.005504218653333334,-0.00016616,0.31094,12h_ce,12h,ce,6h_SI2,6h,SI2,0.31110616
2.8968284090685694,3.26075863298735,0.5509601476929139,-0.7771736478300433,0.531176768659938,-0.521875168343364,0.26592911717533735,0.761725767759093,0.6942690726190612,-0.9274111454193009,N900_RS00930,epsK,0.9858294983333333,-0.8007,3.0919,12h_SI9,12h,SI9,12h_st,12h,st,3.8926
2.504767160554051,2.8370723429200777,0.4314982361987245,-0.6719088792521828,0.4022948103819276,-0.4080479942040032,0.1829893551692997,0.5253101390069468,0.4296986061550624,-0.6082123823937868,N900_RS00940,epsM,0.7762354333333334,-1.2819,2.7012,12h_SI7,12h,SI7,12h_st,12h,st,3.9831000000000003
2.436061711370792,-1.7646514064312302,0.846651428027638,0.41620496273926966,0.435707103262197,-0.3321880014980174,-1.4080062478380662,-1.0876225651547404,-0.10485217777351385,-1.337397469741636,N900_RS00945,epsN,0.8750885166666665,-0.65876,4.3504,1h_st,1h,st,6h_SI4,6h,SI4,5.00916
-3.4705150035252994,1.1574870838592166,0.40309082500243687,-0.9109949285784159,-3.2314620331512747,-0.3686124846233314,0.8207323809418631,-0.6931765349515617,2.3535729897561426,0.3469613858510294,N900_RS00950,cysQ,0.08073376333333333,-1.6257,2.6415,12h_SI1,12h,SI1,3h_SI3,3h,SI3,4.2672
-0.053117007554114526,-2.243723758743823,-0.6164954827499735,-1.0744908588754936,-2.7627928367276864,0.5427264471491282,-1.3816030024790302,0.4915650379346362,-0.38143881825515,1.1433830961054416,N900_RS00955,nudE,1.54856882,-0.51481,4.6003,6h_SI1,6h,SI1,6h_ce,6h,ce,5.11511
0.6007075358897409,3.046003464027962,1.0935617325792364,-1.1919630031938397,0.9191957301242486,-0.20084210338299813,0.8285428545355944,0.7645071186634029,1.575731049608636,-1.5837685825480157,N900_RS00960,nfua,-1.3659276666666662,-3.6879,0.95215,12h_ce,12h,ce,6h_SI1,6h,SI1,4.6400500000000005
-2.7008724252217853,-0.19429770848805716,-0.973050198372555,1.1461983259967834,-0.7664786145729293,-0.6026144127032704,-1.6286050077663583,-1.5103631774637327,-0.6403023773911446,0.7031109090319361,N900_RS00970,bioH,-0.5623147283333334,-2.94,3.8849,12h_SI8,12h,SI8,6h_SI2,6h,SI2,6.8248999999999995
2.1121058269104056,-0.40752221745516426,-0.057258259389202225,-0.45127729147984375,0.627385504023071,-1.4383073699669047,0.4658538832072729,-1.1579831560771032,1.6639183666260084,1.9305035100798802,N900_RS00975,N900_RS00975,0.98581255,-0.3205,4.1587,12h_st,12h,st,3h_SI3,3h,SI3,4.4792
2.7975366827617005,1.9090284265651216,1.50361108006981,-0.9934598306157976,-0.418634013667565,-1.3280548081484134,-0.4372544122844475,0.9519384830029223,-0.2764061242227571,1.2212524263484237,N900_RS00980,yhgF,1.3155077999999998,-0.32711,4.873,3h_co,3h,co,3h_st,3h,st,5.2001100000000005
1.214001270959523,1.7955706054941318,1.213705133243147,-1.0758791669503118,0.09569424690004374,-1.4998976998385944,1.0389010863806063,-1.8306173444928235,-1.053334496405943,1.4677012562563927,N900_RS00985,greB,1.3064548999999999,0.031384,4.8293,3h_SI4,3h,SI4,3h_SI2,3h,SI2,4.797916
2.767875847742185,0.3942286685362571,1.3458708599210862,-0.32200546043741096,-0.6852907564522795,0.6262582228079482,-0.7575992831401472,-0.15221577284281412,-0.743777900052541,-0.9676527770204604,N900_RS00990,ompR,1.5554377499999998,-0.15497,4.418,1h_SI4,1h,SI4,3h_SI4,3h,SI4,4.57297
1.5015421658496892,-1.4623924812598696,-1.0765997560066054,2.124222887023329,-1.374613561959108,0.7329989750709691,-0.3826283345227979,0.3291406624087452,0.09318420956249818,-0.25856839826975997,N900_RS00995,envZ,1.1194395499999998,-0.43255,3.3601,6h_st,6h,st,3h_SI3,3h,SI3,3.79265
0.9708192627686296,-0.8553823271079275,-0.0901018464948827,1.6572786057507742,-0.24058794660584418,0.5907935729872491,1.5936958484263581,-0.5375451397487903,0.6493742831955915,0.880508077197212,N900_RS01000,xanP_BLAST,1.540607833333333,0.29104,4.2086,3h_st,3h,st,3h_SI2,3h,SI2,3.9175599999999995
0.782924051292758,-1.245156226750752,-0.5974923096259345,1.4863875358203802,0.08206683847208246,1.1176824240147,1.0389323527884338,0.23480548878259974,-0.7112622509012262,-0.06232001916648444,N900_RS01005,recG,0.9813041833333335,-0.74057,4.7796,6h_SI2,6h,SI2,12h_SI2,12h,SI2,5.52017
-1.6900078474630333,-0.9937852697200429,2.0732119229633517,-0.7645317579172564,-0.15119350565505385,-0.889343067916986,0.6141164441660069,3.1527792999729565,-0.3133963916139392,-1.2636051860184272,N900_RS01015,rpoZ,1.6308918333333335,-0.04551,5.209,3h_ce,3h,ce,3h_SI5,3h,SI5,5.25451
0.29612141263112246,0.06510230805485956,0.82417941805327,0.8510168445408262,2.0671755448784452,-1.051779791510819,1.9715019732970753,-0.14551651944722338,1.8593827381999626,1.8318009337328183,N900_RS01025,yhhQ,1.2226435700000002,-0.51245,4.5734,6h_SI3,6h,SI3,1h_SI1,1h,SI1,5.085850000000001
2.413322874522951,-0.07349412382122306,-0.19943264600691563,0.05391903558112254,1.4128102854140216,-0.8836236254037231,-0.3636281878954999,-0.06707049486961181,0.46116354163974727,2.1258726173154736,N900_RS01030,actP,1.3509199833333332,-0.067191,3.7989,3h_ce,3h,ce,6h_st,6h,st,3.866091
-0.9795928094576558,-1.637394745528484,-0.8340259550381479,-1.1366806831490286,-1.710721546924359,-0.8763365578358586,1.1122143736682601,-1.3643687115301208,1.1125898561575553,-0.9247769899569779,N900_RS01035,N900_RS01035,0.4485096366666666,-1.6395,3.4016,6h_SI3,6h,SI3,6h_SI4,6h,SI4,5.0411
1.8508018830784048,-3.6595036086117885,-0.2544394658182274,0.8807802956534978,-0.0970482741189593,1.2253224451099363,-0.4887100889584066,0.216364884496688,0.7288573937584628,0.18710598611853257,N900_RS01040,nhaP2,1.139512368333333,-0.49865,3.465,6h_st,6h,st,6h_SI4,6h,SI4,3.96365
-1.4187589176537414,-2.977059292541295,0.8740994357380052,-3.651065790616067,0.8995186757306975,-0.5879185490090142,1.0068850867603363,0.17836380515526223,1.9464103580230807,-0.5829655540974872,N900_RS01045,narL,1.3651410000000006,-1.2863,4.9004,1h_SI9,1h,SI9,3h_SI5,3h,SI5,6.1867
-0.522074395140184,-0.8773610636752853,0.24400620635685513,0.7658224482791622,0.6972421200918216,-2.4387340239590127,-1.872169566769348,0.9697887647414862,-1.475310054422886,-0.745904920294046,N900_RS01050,dsbd,0.6178930349999999,-1.6209,4.5477,24h_SI5,24h,SI5,3h_SI4,3h,SI4,6.1686
0.7450477393065249,1.2762406874862435,-1.9677384656965007,-1.0493436045987403,0.5679961123853599,1.6483597205982974,-1.1843822319184085,-0.1210020328406406,-0.9989932295077107,0.36469195997103365,N900_RS01065,dcuA,1.1497961333333333,-1.2017,5.2623,6h_SI5,6h,SI5,6h_SI3,6h,SI3,6.4639999999999995
-1.8537534843886567,1.6410925462710797,0.30604188353234424,-0.593224018352829,-0.45479550432226756,0.14526730662800535,-0.2954095337587115,0.4812478765194802,1.122349419785666,0.018330299930744864,N900_RS01070,aspA,-0.3583605450000001,-3.2603,2.2554,6h_co,6h,co,6h_SI1,6h,SI1,5.5157
0.0831163155893071,0.3451438091722531,0.42216748213451133,-0.7738347406201016,0.3002083652294461,0.07223404681481749,-1.4175441153579447,1.9469549059064564,-0.07851179948830567,3.5809069982759,N900_RS01075,N900_RS01075,0.8340658133333334,-0.7754,3.6524,6h_SI1,6h,SI1,6h_st,6h,st,4.4278
0.035882772187858514,-2.70679931073724,-0.6495817177973577,-1.9039705693662192,-1.6878444648077835,-0.7187177142438608,0.0553596171500671,-1.1901545517604346,2.960780028108377,0.47157628373030414,N900_RS01080,fxsA,1.4557199833333334,-0.64076,4.3479,1h_ce,1h,ce,3h_SI3,3h,SI3,4.98866
1.4326749447592766,-1.5612197158538177,1.0503756521992327,-1.3732766548987452,-2.240980748439581,-1.2061081252362609,1.0308062709447412,-1.3645945547411542,1.6589180394021525,-1.87795258136777,N900_RS01085,trmL,1.53203315,0.063819,4.7439,3h_SI5,3h,SI5,3h_SI2,3h,SI2,4.680081
-1.0642316564614154,-1.7502945116967958,-0.7377123208145914,-0.2874292046730491,-0.08205864172970284,-3.1460684294519896,0.924238726541736,0.579308867429343,0.5954202838084335,1.0162030825255783,N900_RS01090,superoxide dismutase,0.7178741116666667,-0.77886,3.6767,12h_SI1,12h,SI1,1h_ce,1h,ce,4.45556
-0.743060266607733,0.15969144846418157,1.6438852708852203,0.9862110481150173,-0.6375834740034759,-1.4349473725533124,-1.4751287413125522,-0.32468856133227336,-2.8442857477786507,-1.5587912528678685,N900_RS01095,cpxA,0.2404347733333333,-1.3497,2.8731,6h_st,6h,st,1h_SI1,1h,SI1,4.222799999999999
-3.2641741440734613,-1.6666545704335878,2.0611624356532996,0.002275299818788712,4.01476962592782,0.9786495323836994,-0.9783140287875418,-0.12545521952242578,2.155409023424074,-2.497130637911721,N900_RS01100,cpxR,0.2803164166666667,-1.7866,3.3916,12h_SI2,12h,SI2,3h_SI1,3h,SI1,5.1782
2.232732254346396,1.4612529526002955,0.5672029932986399,-1.8516242528061229,0.16251296632986384,-0.6953523234018444,-1.6517865644729388,-1.155776746695816,-1.724111930516739,1.2216096466790767,N900_RS01105,cpxp,1.6984868333333332,0.20187,5.296,1h_SI8,1h,SI8,3h_st,3h,st,5.09413
1.703717308604089,-1.5634013941418463,-0.17380413314204915,0.8919616453003636,0.7220808045078578,-1.6955579248794432,0.27575275338805816,1.2447965692054856,-0.9999521816192173,-1.1500983408681895,N900_RS01110,fieF,0.7046117333333334,-0.79582,3.121,3h_st,3h,st,3h_SI4,3h,SI4,3.91682
1.9602101428165595,4.164920439647335,-0.3587156616536437,-2.0713303456879535,0.9455106297163566,-0.8239744304495329,1.2917453136296708,1.2294787561290097,0.3326426789816227,0.3188031083073617,N900_RS01115,pfkA,2.268976666666666,0.11509,10.534,12h_SI6,12h,SI6,12h_st,12h,st,10.41891
-0.019030043595903656,0.2623361362544979,1.055224905651723,0.12895591056925282,-1.0554969088666746,2.1601132312795652,-2.8587943508772016,-1.7260583342207365,-0.31288535963401964,2.335359900239591,N900_RS01120,glpX,0.9094033816666666,-0.39211,4.2111,6h_st,6h,st,3h_st,3h,st,4.60321
-2.9623526525220263,2.0481862445199215,-0.9737745132986755,-0.6037946400260441,0.14125611625841075,-1.0353979211323912,0.08910673606022368,1.9641649460049988,3.0085406364131844,0.6983638340672973,N900_RS01125,zapB,-0.41199565,-2.2644,3.0583,6h_SI9,6h,SI9,3h_SI3,3h,SI3,5.3227
1.530790057066235,0.6833920790611429,-0.8748572978437389,0.7183475907177104,1.3451726791081209,-1.301226984427057,2.1546296224634034,0.8612447415745239,1.5523391722342392,1.24690747922661,N900_RS01130,metF,0.9449273566666668,-0.58923,5.5767,1h_st,1h,st,6h_st,6h,st,6.1659299999999995
1.9084344806741749,0.6023107367662147,-1.1417352468042719,0.3601869012984449,0.08773730231161167,-0.42705308427968625,0.2690197272648421,-0.11358015564976759,-0.012890471340407106,1.8226267787141646,N900_RS01135,metL,1.2615714999999998,-0.06249,3.2244,3h_ce,3h,ce,1h_ce,1h,ce,3.28689
-1.3385704673437695,-0.4114675350872402,2.0107349735025526,-1.8932220841788445,-2.7446504803995415,-0.5609442663339408,-2.3295495609938275,1.561485718877759,1.6716961618018442,-0.23596275030502878,N900_RS01140,metB,0.5978118666666667,-0.9966,3.5194,6h_SI2,6h,SI2,3h_st,3h,st,4.516
-1.3375572918042824,-0.10216402956036025,0.5851962085015755,-2.4348776119365896,1.8399469305907945,-1.4809024530952999,-0.11672660177387384,-0.3628197856829117,1.3421078635473254,-1.3554565066884299,N900_RS01145,metJ,1.2044465833333333,-2.2597,6.1641,12h_SI8,12h,SI8,6h_SI4,6h,SI4,8.4238
0.21786670109592388,0.24908956029448182,-0.3678785330878687,2.8338519073880084,-1.113512031285802,1.7283145029755254,1.5354270057846513,0.5366950845923711,-0.7004816794306449,0.30191248008121363,N900_RS01150,maeB,1.4276850666666665,-0.19026,5.0015,6h_SI1,6h,SI1,1h_ce,1h,ce,5.19176
2.7897030628695303,3.317653793285062,0.6411848017886357,-0.5683520342783168,0.573464666649038,-0.6854327847068864,0.17442583967110692,0.7726355815335197,0.6615616024224932,-0.8184900263725626,N900_RS01155,rpmE,1.1410749000000002,-0.78876,3.3251,6h_SI9,6h,SI9,12h_st,12h,st,4.11386
2.379546945405724,-0.5296439559728147,1.5172681046490595,0.26678622441041977,-1.0092131623896385,1.2979632433035744,-1.257879185326954,-0.311732389922245,0.23261781727872233,-0.13002549155490728,N900_RS01165,cytR,1.2062650966666666,-0.61034,4.0942,1h_SI9,1h,SI9,3h_SI9,3h,SI9,4.70454
1.3534085550471477,-1.9768160679295916,-0.6652937305085347,-0.9609301628627365,-2.2850216031035786,-1.6585059268374134,0.37748928289191275,-2.2959008120663182,1.3974754751471181,0.33591334717253174,N900_RS01175,hslV,1.3820201166666666,-0.065906,4.9458,1h_SI7,1h,SI7,3h_SI3,3h,SI3,5.011706
-3.086187915088991,-3.807522902919717,1.052916673643176,-1.9524362821311276,0.6885743445348088,-1.6069223096308485,-0.6714537982875273,2.499942110950505,-0.8863311698316482,-1.6780690563576792,N900_RS01180,hslU,0.4620350833333333,-1.1661,3.2565,6h_SI3,6h,SI3,3h_SI4,3h,SI4,4.4226
2.7877689799824887,-1.2001402240984234,1.9295255337926633,-1.728469517449436,-0.6289237125832619,0.968637356089649,0.03688718020467763,-0.65617508460365,-0.27936929892214724,-0.9425814800077371,N900_RS01185,menA,2.154915,-0.73883,5.2524,1h_SI5,1h,SI5,3h_st,3h,st,5.99123
-0.6481297684176441,-3.206761638695879,-0.5025141126254357,0.6204647502176339,-1.0077740340301549,0.057691973593520074,0.23829611122007577,-1.3440043335637823,-0.8148638460889027,0.7723614041473874,N900_RS01190,rraA,1.1823383666666665,-0.34668,3.5693,6h_st,6h,st,3h_SI6,3h,SI6,3.9159800000000002
-1.3367907595637032,-1.2559787119829102,-3.2227182252526916,-1.2284547057955058,0.07601354358617896,-0.06099175921710376,-2.3804205061463826,-1.8134653755622414,-1.68023186361996,-0.3086050820551768,N900_RS01195,norM_1,0.6347305333333334,-0.64557,3.7499,24h_SI3,24h,SI3,12h_SI1,12h,SI1,4.3954699999999995
2.9413215324748796,3.201574071168867,0.4720917953662416,-1.0105798750526986,0.48590648886622223,-0.3098181135686715,0.36120005289463947,0.816446618656302,0.727133826538237,-1.0663841301562362,N900_RS01200,tpiA,1.5451854000000003,-0.37273,3.5903,12h_ce,12h,ce,12h_st,12h,st,3.96303
1.4140460052302544,0.5731194778654979,0.006478912540163209,1.4219028331835415,1.439974089666001,0.474895837435922,0.8950491152762697,1.0911706644190213,-1.050142666792167,1.3609442603024948,N900_RS01205,5-carboxymethyl-2-hydroxymuconate Delta-isomerase,0.9432351833333333,-0.30939,3.8912,1h_st,1h,st,3h_SI1,3h,SI1,4.20059
0.15574547414129203,-0.8382999279814547,-0.04865592178553837,1.6552729988294028,-0.6964069025274916,2.1179269915628653,2.5926515431596493,-0.8845148744215994,0.767044839545841,0.37137521222237635,N900_RS01210,N900_RS01210,1.2921297166666668,-0.2177,5.089,6h_SI2,6h,SI2,3h_SI2,3h,SI2,5.3067
2.899726105886776,-2.641163288655106,-0.24366870731663398,-0.5751257777767476,0.21948159072243423,-0.11976946513472542,1.196096093423363,0.24451937887005334,-0.15990398772854386,-0.6961590281626887,N900_RS01215,N900_RS01215,1.5249075,-0.67812,4.9795,1h_ce,1h,ce,3h_SI5,3h,SI5,5.65762
-1.6820299529098486,-1.455778062600196,3.291397596893515,-1.931327145623655,-1.481826072796923,-0.525305775541997,-1.963846399876475,-0.30875078178684384,0.06663951826120729,1.9007641652342986,N900_RS01220,transcriptional regulator_1,1.3818629166666667,-0.27229,5.7235,3h_SI9,3h,SI9,3h_st,3h,st,5.9957899999999995
-0.09925971330315964,-0.7941289837780281,0.3487268786342614,3.4170801459258087,1.1802964770476663,1.3574653944306447,0.2742006958773738,1.2589969706442181,-0.6724709315216305,-1.8868055055719881,N900_RS01235,N900_RS01235,0.6819741,-0.69568,4.122,12h_st,12h,st,3h_SI1,3h,SI1,4.81768
-0.5539016583263621,3.0589989034489253,-1.2558716005826758,-1.0138135064441984,0.25106920632795054,1.1342505356759218,0.8088075582509758,0.298974273947122,0.31893318220580247,-0.33595808029082236,N900_RS01240,epmB,0.4452101,-2.6499,3.3108,6h_SI7,6h,SI7,1h_co,1h,co,5.9607
-0.8231944834381415,3.4458043998869137,-0.8252474010801784,-0.41208475893102947,1.9094511638995937,1.3258904891707097,1.5771759679028954,0.22214826187414843,0.03467406119753791,0.24356082402618484,N900_RS01245,efp,-0.27422691666666665,-2.8885,3.1408,6h_SI7,6h,SI7,3h_SI9,3h,SI9,6.0293
-1.0509695551725708,-2.4340338316511603,2.309334804160035,-1.209028015761918,1.8707693117128867,3.1879170545564772,1.7559082617724568,3.0579526932380015,0.42942243134349245,-0.663761742421593,N900_RS01250,frdD,1.46398275,-0.63528,5.7864,1h_SI5,1h,SI5,3h_SI1,3h,SI1,6.42168
-2.1422609467908456,-3.708272761944856,-0.1983954847043815,-2.511364051898509,-0.2853659981735983,-0.1977486323434885,-0.4395047831511234,1.4433241122343332,-0.5478366028107514,-0.014804305700404807,N900_RS01255,frdC,1.4661603333333335,-0.48517,4.017,1h_SI3,1h,SI3,6h_ce,6h,ce,4.5021700000000004
0.7925038099684545,-1.3525641115570737,0.07789552248949225,-3.192913054632535,1.409801372744625,1.995063178597524,2.8866470374243276,0.29382624177941163,0.8012681405249119,-0.09023773181144223,N900_RS01260,frdB,1.9510957833333333,-1.3096,4.5376,1h_SI5,1h,SI5,3h_SI7,3h,SI7,5.847200000000001
1.3939654189927166,-1.5842669102665123,0.37461161156995954,-1.8843683409878214,-0.05343986790982636,-0.7647934511265568,2.1065050659722533,2.554491951983851,1.3333442217037628,0.23315844709798128,N900_RS01265,frdA,1.546157416666667,-0.69802,4.5877,1h_SI5,1h,SI5,3h_SI4,3h,SI4,5.2857199999999995
-0.25561432346587054,3.492516594126683,-0.7745486579848819,-0.2896950532998428,0.5569298567650643,0.6775892416096969,0.1972577953822961,-0.2364606840317381,0.3388737855906336,-0.6287804709875582,N900_RS01270,epmA,-0.8947543666666667,-3.5814,1.5267,12h_SI8,12h,SI8,3h_SI9,3h,SI9,5.1081
-3.5189500428520217,0.4359330262101859,1.8922323973544868,1.121557354479946,0.8594820938622989,1.1304371025457496,-0.4743692463699165,-2.4065045743845017,-1.6159611794579756,1.2035976769011134,N900_RS01275,yibN,-0.10389638333333337,-2.6806,4.391,24h_SI5,24h,SI5,6h_ce,6h,ce,7.0716
-2.7227774902362945,1.672753547115518,-0.959800893241848,1.3847221917194341,-1.6936653267358102,-0.5869627774365562,1.7154185294971669,-2.0127086479599456,0.5384099082971695,0.02245331557257535,N900_RS01280,secB,-0.13036073833333334,-1.5787,3.3881,6h_SI4,6h,SI4,6h_SI3,6h,SI3,4.9668
2.9811763682943937,3.121399219080063,0.7340216677562209,-0.7938150719515589,0.5699178062462948,-0.6379782259313242,0.2512477655113856,0.8063299823962831,0.712380111653313,-0.8748253331043966,N900_RS01285,gpsA,0.8306441166666667,-1.063,3.039,12h_SI7,12h,SI7,12h_st,12h,st,4.102
2.9913047400730894,2.9598277388980474,0.2142491403498185,-0.9122890322793239,0.23749359344517404,-0.12413459852264119,0.17102115279439778,0.8389532866986091,0.06358994974794063,-0.6602550518675057,N900_RS01290,cysE,1.9786214666666666,-0.060292,6.2797,6h_SI9,6h,SI9,12h_SI1,12h,SI1,6.339992
-1.3492293041156,4.554655709916847,-0.734466270673885,1.6486938980150057,1.5420921257539009,-0.6423438521267633,0.4151966476186838,-0.13428702829976186,1.5972633547739297,1.6621927413362554,N900_RS01295,PadR family transcriptional regulator,-1.0386439,-4.3031,4.736,12h_SI7,12h,SI7,6h_st,6h,st,9.0391
1.0783108949268456,-0.9403656887456417,2.2244118328276534,-0.2848852084252578,0.3335704578126943,0.5803814290497205,-2.1459251106611186,-0.34385920204275694,-2.6680066853374287,-1.138407161672437,N900_RS01300,ppc,1.1711993333333335,-0.36707,4.2879,3h_SI3,3h,SI3,3h_st,3h,st,4.65497
1.0812095782043407,0.13840439410394198,-1.254858029944806,-0.15502446156879257,3.642297105677476,-0.5315786333530033,0.6044749064662625,-1.3362835449874637,-0.6916189403493557,1.028371201681135,N900_RS01305,argE,1.6609314499999999,0.056167,5.2321,24h_SI9,24h,SI9,1h_SI1,1h,SI1,5.175933
0.7473701942971926,0.06509755519816857,-1.1347333111119282,2.1019771505673477,1.5396698894262433,-1.3142033685367949,0.08524172956338105,-0.29801484538299666,0.9585952160264315,1.7067100007340483,N900_RS01310,argC,0.7060048716666666,-0.93551,3.0984,3h_st,3h,st,6h_SI3,6h,SI3,4.03391
1.135673782953817,-0.23715025786390354,0.2976404377214912,3.0462173390833174,0.5709631676131588,1.1488455589008382,0.11869921583378984,-0.2938311653812887,0.6375855888495657,-0.655300162721046,N900_RS01315,argB,1.4612119833333337,-0.018999,5.2771,6h_st,6h,st,3h_SI1,3h,SI1,5.296099
-2.73409034587977,0.20357180186048654,1.5500141367542124,1.592141533840854,0.2911559098979076,-0.1663004767214009,-1.6265369498965911,-0.25251690483013883,1.1450734270736613,1.9811297231525538,N900_RS01320,argG,-0.29624398333333335,-2.1968,3.8365,12h_SI1,12h,SI1,6h_ce,6h,ce,6.0333000000000006
-2.5180843440025393,-0.28331168225470693,0.63531832051668,0.722920373451704,2.2015584852566406,4.881633872979391,0.5021711946174029,0.7091009035768047,-0.5317132657074836,1.1099027358287497,N900_RS01325,argH,0.16767774833333335,-1.637,6.1234,24h_SI1,24h,SI1,3h_SI1,3h,SI1,7.760400000000001
-1.8303506048163016,0.19735062703549155,0.5113342964368334,-1.113179178906983,0.45204764398190106,0.714256604996419,0.9759723270847454,-0.2507952524462877,0.07669395187793104,0.7091901329288208,N900_RS01330,N900_RS01330,0.6613357058333332,-1.4016,3.192,12h_SI8,12h,SI8,1h_co,1h,co,4.5936
2.0806337997372806,1.360470215172514,-1.633282711213779,-0.040850927417326766,1.108144758034199,-0.4367025291341453,1.7391933440147473,-1.633533434317068,0.3416614728086052,0.9177508540929953,N900_RS01335,lpd,1.1815606333333335,-0.11837,4.3782,1h_SI5,1h,SI5,6h_SI2,6h,SI2,4.496569999999999
-0.4177260317619962,-1.8707533734831152,-1.5561401981762877,0.7811211134921967,-1.4707639089893179,-1.7382633207759453,-1.4598282353722263,-2.3976307345359604,0.19084073611032037,0.9715876751781283,N900_RS01340,glutathione peroxidase,1.0858882633333335,-0.40625,4.3226,6h_st,6h,st,3h_SI5,3h,SI5,4.72885
0.8317533818018319,-1.367156380167259,-0.04918137401326101,-1.2890010213533927,-3.1654880631674986,-0.8670536659847865,1.035793078407492,-1.8306810055466631,0.457214154453666,-0.12506273623542385,N900_RS01345,oxyR,1.9078638333333335,0.25175,4.7487,3h_SI1,3h,SI1,3h_SI2,3h,SI2,4.49695
2.6662969988928236,1.3892132943084707,1.6649837044873879,-1.0846728277778424,-0.9792591026071696,-1.029645427165809,-0.01166860060612962,-0.07418724227526619,-0.7864447790644437,0.09257149569584311,N900_RS01355,pilM,1.5490316016666668,-0.097333,4.7508,6h_ce,6h,ce,3h_st,3h,st,4.848133
2.2669374701450433,-1.2993385439855678,-1.6091930146483415,0.6916394559740668,1.2925183784028247,-0.07397522054471661,-0.8990101506806272,0.41800529751476895,0.1483438781456402,0.24051673076070723,N900_RS01360,pilus assembly protein PilN,1.1552278166666663,-0.41744,3.5303,1h_st,1h,st,6h_SI2,6h,SI2,3.94774
0.12540074873782237,-1.2362302237516847,1.2519464936901918,-1.4731783692692018,0.8393161346738561,2.265432121810174,-1.3096275569503169,-0.28333348665912533,-0.7668043888513357,0.9876939149159232,N900_RS01370,PilP,1.2034335666666667,-0.52898,5.2909,6h_SI2,6h,SI2,3h_SI5,3h,SI5,5.8198799999999995
0.4796757140569743,1.2836668064531875,-0.6446317529403852,1.101985398632114,0.05897036391313768,-0.6981953376610126,0.6977061695563481,2.3080292174861463,0.7836437983372686,2.275885717334658,N900_RS01375,fimbrial assembly protein,0.6893013833333335,-0.6847,3.9846,24h_st,24h,st,6h_SI3,6h,SI3,4.6693
0.06035350472323886,3.724486610258862,0.015352340406908922,1.0053843447393533,0.6617746174863479,-0.8416144961054006,-0.13447799133027372,0.09524060645845761,0.027888350588851085,0.06096375521342068,N900_RS01380,aroK,-0.6449199316666665,-3.2323,1.9277,12h_SI7,12h,SI7,1h_co,1h,co,5.16
-1.9904581043571683,1.0846702030716333,-0.02258049821995537,2.135418172081776,-0.16238651911979224,-2.9054762257984423,0.08663673556465823,-2.11233470712099,-0.12549215024722482,-0.753353362210113,N900_RS01385,aroB,-0.1931404333333333,-1.8431,3.6411,24h_SI8,24h,SI8,3h_SI2,3h,SI2,5.4841999999999995
-1.6784869697333664,0.8294305296290296,-2.309356246700224,0.7280749270244042,-0.9422270600900732,-1.4107604306721657,1.753665024114622,-0.10460063528820812,-0.7577773733407506,3.25536517411667,N900_RS01390,damX_1,0.6265573398333334,-0.64991,3.6435,6h_SI5,6h,SI5,1h_SI1,1h,SI1,4.29341
2.4833300747911604,3.2465165030847034,0.5936016116500132,-0.7937608910100871,0.5709714934807857,-0.5149257009182515,0.34443842301413685,0.8164271251162485,0.8017935867608517,-0.8393179358963837,N900_RS01400,ribulose-phosphate 3-epimerase,-0.11540333333333334,-2.2683,1.8892,12h_SI7,12h,SI7,6h_st,6h,st,4.1575
1.819040168849523,-1.906703689582193,-0.09146992000873796,1.5150548107703576,0.37187021159701,-0.5851287455000296,0.07869468883652408,0.030178359633029395,-0.8748297417443646,-1.232224743600856,N900_RS01405,gph,0.8096558,-0.85937,3.4672,12h_st,12h,st,6h_SI1,6h,SI1,4.32657
0.14021739677995537,-1.7552688419371076,-1.8676481433852548,-0.24702743190481868,-1.7071155884057287,-1.04776649643231,0.6542942352463631,-2.7323371346220298,-1.0624546030260928,0.22021119384430565,N900_RS01415,ABC transporter substrate-binding protein_8,0.6515329,-0.98091,3.2782,3h_SI1,3h,SI1,6h_ce,6h,ce,4.25911
1.7869272018401086,-0.416353754327356,-0.4968513319541686,1.1938942753186397,0.9816804659906299,0.9858110062511329,0.882737913808447,-1.1204495190318855,0.02525589633735492,1.1017606917191176,N900_RS01420,xds_1,1.4499489833333332,-0.095118,4.6483,12h_st,12h,st,3h_SI1,3h,SI1,4.743418
-3.258019919610583,0.31467969961531406,-2.2031614234678405,-0.17071148822033178,-0.04117238969146476,0.2332842605796671,-1.2456563364564854,0.5056416822499405,-1.0320395913650455,-0.6318716046043079,N900_RS01425,rimO,-0.1429793083333334,-1.6929,2.9461,6h_SI2,6h,SI2,6h_SI1,6h,SI1,4.639
-0.149091822195623,-0.29465381780056776,0.6285790826955061,1.9798992581274568,-0.5402444793705692,-0.7338150821977039,0.9524486099507168,-1.0357296802336955,2.6898233758191132,-1.2355926546980491,N900_RS01430,trpG_1,0.8003583166666667,-0.49309,3.3509,6h_st,6h,st,3h_SI3,3h,SI3,3.8439900000000002
-0.6854279471723834,-1.3775227306753604,1.8536042998210367,1.376028448665176,0.8928745506902861,1.3294644052165348,-2.9162349996007633,0.6148808238053338,-2.1209648866812905,0.43453766846447617,N900_RS01435,aruC,0.4680254133333333,-1.8054,3.8989,6h_SI3,6h,SI3,3h_SI1,3h,SI1,5.7043
2.5629768018248837,0.049572250952341246,0.9913701461287363,-0.7597773977595625,-0.14942362197936754,-1.1431209735758507,-0.9138750338606652,0.21189266168585655,-1.3208455911846593,1.5869972236637724,N900_RS01440,astA,1.3540975966666668,-0.0155,3.6926,1h_SI8,1h,SI8,3h_st,3h,st,3.7081
1.4179670401613125,-0.5588817149652938,1.5821562035804357,0.18227029736095268,-0.4766339305690937,-1.1575667891150778,0.008537536619790287,0.19921639661870427,-1.3098292900920905,2.0059585253358474,N900_RS01445,astD,0.6391946166666665,-0.90441,3.2763,3h_SI8,3h,SI8,6h_ce,6h,ce,4.18071
-0.716263368921005,0.0019383810571030335,-1.0790327342048138,-0.6582157300105573,0.6334865840701397,2.243008507011397,-0.9262660205015929,-0.46743053163585085,2.946423410174629,-0.26837594694481626,N900_RS01450,N900_RS01450,0.2730950993333333,-1.0232,3.4661,6h_ce,6h,ce,24h_SI1,24h,SI1,4.4893
2.517440320803119,3.47814880732396,0.2858120881664125,-0.6899264301804735,0.5261668978046168,-0.29077146798985387,0.2682960450521819,0.5766559826425557,0.7508859731030549,-1.0014391067021096,N900_RS01455,crp,2.0031703333333333,-0.060826,4.0342,12h_SI7,12h,SI7,12h_st,12h,st,4.095026
0.9670639309681572,-1.7893915587405416,0.3486292975613424,1.9357160791386598,-0.7964727142156226,-1.5007704827408572,0.07945428974063706,2.0587188571666593,-0.43335501966428247,0.40626313745742193,N900_RS01460,cfxP,0.4226522921666666,-0.85141,4.3948,12h_co,12h,co,3h_SI5,3h,SI5,5.24621
-1.447058988426615,0.39819906228251367,0.839657664433932,-0.7915698161008309,-2.090459399307556,-0.4892070954215344,3.086291870907421,0.032781295559604295,1.211117093171473,-0.013264028279939888,N900_RS01465,VC_2612_BLAST,1.404655783333333,-0.44854,5.4891,1h_ce,1h,ce,1h_st,1h,st,5.93764
-1.529538012986664,0.5798950083631147,-2.2990627009983498,1.9496313717127371,-2.6430218688567484,0.020714439377778282,-1.8535667733955135,2.1265766860902406,0.12172128457155784,0.09759183268032279,N900_RS01470,hydrolase,-0.142223,-1.5155,2.7689,24h_st,24h,st,3h_SI3,3h,SI3,4.2844
-1.5879896787405523,-0.05208168626117399,0.5860349396189752,0.4528757638845833,-1.5386322961550378,-1.5381590787721113,-0.7734879097551819,3.2491512477272058,0.24376910523738832,0.8281098269007026,N900_RS01475,N900_RS01475,0.205147665,-1.6491,3.5838,3h_SI8,3h,SI8,1h_st,1h,st,5.2329
0.2230598370527055,-0.9578142720492089,-1.2579704680271715,-0.9944153676879816,-0.8153009361470369,0.614282678491046,-2.271612524143875,-0.44352126670419284,1.190081600109663,0.4936771085396028,N900_RS01480,yheS,1.0682956833333335,-0.69079,4.6208,6h_SI7,6h,SI7,12h_SI2,12h,SI2,5.31159
2.928753586133209,-0.552139217177408,-0.9874090825876576,-0.020111761593618827,1.0456297806466301,-0.5554781243721383,0.7674442183225447,0.0018251138867054761,-0.4134025338401809,-0.055588558342195005,N900_RS01485,kefG,1.690265,-0.37017,4.6892,1h_ce,1h,ce,6h_SI4,6h,SI4,5.0593699999999995
-2.1090502005471685,1.1081720876128225,-2.198820235096631,0.6852803102275558,-0.564891255276377,0.6427960754934349,-1.5546603694590024,0.2655995265408185,-0.37604375657373945,-0.5712691072853284,N900_RS01490,kefB,0.38382953966666666,-1.0072,3.742,3h_SI2,3h,SI2,1h_ce,1h,ce,4.7492
0.17781223560940962,0.015720834738299494,-1.9777541032186141,-2.1172993575786445,-0.36357012043712644,0.6391278785100452,-1.3232362953839083,-0.4241192372065912,1.3211539754714239,-1.8468992461707718,N900_RS01495,metal-binding protein,0.9276407550000001,-2.0213,4.1724,6h_SI6,6h,SI6,12h_SI2,12h,SI2,6.1937
1.5107402176271973,0.48876662908334567,1.4285383857818308,0.4340826537392304,-1.304596040694814,0.9369790499013796,1.9945294445426496,1.7274293081439973,1.0591439642784282,-0.5463629362953789,N900_RS01500,slyD,1.5740337166666665,-0.57385,5.563,1h_SI2,1h,SI2,1h_st,1h,st,6.13685
1.7490807435049804,0.30312941584560876,1.961776030057333,0.49242743791444,-0.11803847579002438,0.7609395439786828,-1.3302284499123744,-0.8212293070212469,-1.4713395894257433,-0.5788575074812944,N900_RS01505,iaaA,0.9606517411666666,-0.39422,4.0355,3h_SI9,3h,SI9,3h_st,3h,st,4.42972
-4.382960404254923,2.468457477788934,-0.26898547025655056,2.065415475907906,-0.4987438302278599,-1.2717719146714388,2.2203513277920663,0.8097188989168633,-2.0184411806529057,0.6562983096955972,N900_RS01515,motX_BLAST,-1.1445433166666668,-3.4328,2.4798,24h_SI1,24h,SI1,3h_SI7,3h,SI7,5.912599999999999
2.199009178116979,-0.4132417787986691,-1.5060829725676976,1.3743881085573801,-1.2438786400254904,0.8179403237448817,0.5202847627155309,-0.12893378407597694,-0.7686504360071814,-0.7921216674799861,N900_RS01520,N900_RS01520,1.2998625183333332,-0.084017,3.9514,3h_st,3h,st,12h_SI1,12h,SI1,4.035417
2.3685316848495193,-2.3353631273964504,-0.7533442894659267,-0.5848615680028664,-0.048748545743546236,-1.0615911659330095,0.06352803569306043,1.0476388215934676,-0.3748615823879301,-0.9110697054126292,N900_RS01525,rnr,1.1761258999999997,-0.88717,5.649,1h_SI7,1h,SI7,3h_SI5,3h,SI5,6.53617
-1.9513091126247484,0.16092604239857328,-0.10330371205188868,-0.4708989234706611,-2.5457361152462785,-0.2910997785633431,4.199512598256245,0.765975254154577,0.6048488468902363,2.7362323740645094,N900_RS01530,rlmB,0.39274771666666664,-2.1073,5.1136,24h_st,24h,st,3h_SI3,3h,SI3,7.2209
-0.8257948213665318,-0.7078852752095117,-0.4973846677859623,-0.489785162382109,-0.9070461411749215,-2.431455414450172,2.5021233823864013,2.1364612167468677,-0.37475640167427426,2.566057061206793,N900_RS01675,N900_RS01675,0.5745979616666667,-1.1414,4.2335,6h_SI1,6h,SI1,6h_st,6h,st,5.3749
-2.3483424097245713,-1.8351690110290724,-0.5902241683064041,-0.5682673809312677,-1.8628994168817374,-1.9173734037083312,2.5060525508439166,-0.9804730312910173,1.6660219405997796,2.1788424603301033,N900_RS01680,fklB,0.3204985916666666,-1.7713,3.0453,6h_SI1,6h,SI1,3h_SI3,3h,SI3,4.8166
-0.5931794150634744,0.04569099775920049,-0.14289818810263905,0.8652020612353457,-3.471521696835842,-0.312660112600436,1.6096703806314356,1.1683693145502565,0.6117867617727305,-1.2683401138590031,N900_RS01685,LysM,0.5728361166666667,-1.5682,3.3574,6h_SI1,6h,SI1,3h_SI3,3h,SI3,4.9256
-2.8363665972848913,2.41649237461596,-2.2324104187613982,0.8385491462610655,-3.129387536443572,1.9046965272263954,1.7454455556538704,-0.1286151943146393,0.5685064243216368,-0.4317061338477155,N900_RS01690,eamA_6,0.1730033466666667,-1.6463,2.727,6h_SI2,6h,SI2,3h_SI3,3h,SI3,4.3733
0.6640230343675273,-1.4078884278544044,-1.1411609852686393,-1.0818789983181292,1.2077317423197849,-0.5785954360478422,-0.6257668528221434,2.075630507041123,2.166037035935884,1.6916954621035447,N900_RS01695,elaA,1.659048833333333,-0.22072,4.8627,3h_SI2,3h,SI2,6h_ce,6h,ce,5.08342
-1.4364858140071892,-0.6217222813186719,1.4873501024567537,0.28949237326305743,-3.2762678249973924,0.3167626895065071,-0.8262919730717131,-1.5158811908964978,-0.5902379990426189,2.7876717695001485,N900_RS01700,dbpA,0.3822100499999999,-1.1716,3.6947,6h_st,6h,st,6h_ce,6h,ce,4.8663
-2.866413539996625,-0.1469036678629892,-1.570529197844754,0.6293078936666694,-0.8186963492721641,-0.027164948816919887,1.6572246868598157,-1.7735451256061985,-0.9285002141615423,-1.5619699128353406,N900_RS01705,Crp/Fnr family transcriptional regulator_1,-0.24528708300000002,-1.8673,2.8387,12h_SI1,12h,SI1,3h_SI2,3h,SI2,4.7059999999999995
0.15066796496919288,-0.5142559603995778,1.1296717162063599,0.3439240726294974,1.1820041337826706,0.9408016083809821,-2.855177773523203,0.834795894639208,-2.8979110929188474,-0.02916644164231208,N900_RS01710,cpdB,0.8495862500000001,-0.86833,4.8285,6h_SI3,6h,SI3,12h_SI1,12h,SI1,5.69683
0.10272528214765897,-2.867433221387958,-1.692315832157807,-2.7120591889155823,0.7045852513517482,-0.7011730116238937,-2.00404622406411,-0.6002828067054709,-1.163934600371284,-0.7468377063819186,N900_RS01715,cobA,0.93742956,-1.1059,4.125,3h_ce,3h,ce,6h_SI3,6h,SI3,5.2309
-1.3079388456486427,1.6488872360828681,-1.5333610628378072,-1.785095136758531,-0.19617886700010975,-1.9142779835401194,-0.03090315302921931,2.8163300409511467,1.5368247195983342,1.0995695422292535,N900_RS01720,cysD,0.9076814383333335,-0.74315,4.4163,6h_SI1,6h,SI1,6h_st,6h,st,5.15945
2.751688653813236,-0.7288828331815114,-0.4542672375576575,-0.635749260999602,0.05266764611503442,1.2347255639242367,0.6835692028687169,-1.7791088273769142,1.8539855911488,0.48599408782705344,N900_RS01725,cysN,1.5308276666666667,-0.024636,4.246,3h_SI4,3h,SI4,6h_SI1,6h,SI1,4.2706360000000005
-3.7607626827030822,-1.8164897603090275,-0.046593701386212,-1.1327181378471356,-0.9692965849842398,-0.10646046494930372,3.47696897830858,0.2659380130868909,-1.6755509834637268,-0.8972853609389518,N900_RS01730,cysC,0.18312529499999994,-1.9734,3.2996,6h_SI3,6h,SI3,3h_SI2,3h,SI2,5.273
0.36216553876217805,-2.724938202581249,-0.8138949972542785,-2.8433358917433327,-0.2022409658576143,-0.4385521099049787,0.7809617606668148,-1.4598291456692625,-1.7332422222849155,-0.6211944350982853,N900_RS01735,N900_RS01735,1.3290745333333334,-0.40895,5.3761,1h_co,1h,co,12h_SI1,12h,SI1,5.78505
-5.764922084354669,-0.35812228416765246,0.031164017210023418,-2.4190340262496215,0.36151100109466977,0.7881449850727229,0.2188035562417413,0.09574812154015053,1.4020822105994015,-2.0772450718456783,N900_RS01740,N900_RS01740,-0.12270337666666667,-1.6046,2.5168,12h_SI2,12h,SI2,24h_SI2,24h,SI2,4.1213999999999995
-0.574489898508804,-0.8136351431158333,0.1335014593992024,-0.5836854068901434,3.474319348409465,-0.7551543316652118,-0.4402856687658274,-0.6356497478015766,3.413835460644024,2.477662492521242,N900_RS01745,ABC transporter permease_2,1.6455948333333337,-0.26204,5.1766,12h_SI3,12h,SI3,3h_SI1,3h,SI1,5.4386399999999995
-1.527015301177718,-1.4759695331712217,-1.1605842945710358,-1.874384517300746,0.10521233032159857,-1.430586198186968,-1.7028767728396639,-1.569796528288796,0.8097985808083658,0.4876844019639379,N900_RS01750,yknY_1,1.3082669249999996,-0.3633,4.4329,12h_SI2,12h,SI2,6h_SI2,6h,SI2,4.7962
-3.0465382211467493,-0.13326629767328507,-1.7998078638020616,-1.9932721904015915,0.6034550189970457,1.2327224779968127,-0.3357016367247747,-2.3429034732913907,-0.5219621482700377,-1.107591096380612,N900_RS01755,N900_RS01755,1.1477850333333335,-1.2466,5.2535,3h_SI6,3h,SI6,6h_SI2,6h,SI2,6.5001
1.4717430497666362,0.6212774295628216,-1.8038927146241726,-1.3306043236061555,-2.4141769495956016,-0.42992136633095956,2.7875493013174113,2.5280957806248328,0.7383072277556293,-0.3926730495627067,N900_RS01760,N900_RS01760,1.2136865099999998,-1.0402,4.1842,6h_SI2,6h,SI2,3h_SI3,3h,SI3,5.224399999999999
-1.2281262847828278,-3.031028895883131,-0.7807782172539053,-1.7651648574735503,1.2915753322887116,0.656462022732039,1.2017078964168175,0.6493745084748412,-0.3282266489533415,2.775399900162629,N900_RS01765,ytfj,0.5881292899999998,-0.62353,3.5889,3h_co,3h,co,6h_ce,6h,ce,4.21243
-0.8542497689982249,0.8109069274815546,3.368342463667511,-1.8270627643960513,0.1957822879821148,0.7515731702629966,2.334408242273065,-0.5024557334426352,0.36590545275792874,1.8039239472533344,N900_RS01770,msrA,0.9963558616666666,-0.73513,4.4062,12h_SI1,12h,SI1,3h_st,3h,st,5.14133
-2.206983531363121,-2.7929319378666,1.8870544138510905,0.988948421792045,-2.0358641248375355,-2.148964775939048,0.3661951155399381,0.22898635578698268,1.7535954065117547,0.6222789136599027,N900_RS01775,outer membrane protein assembly factor,-0.16344024166666665,-1.7044,3.2661,6h_SI2,6h,SI2,6h_SI4,6h,SI4,4.9704999999999995
-2.0248551275196753,-2.39676697671882,1.2378088182741407,1.091356850975401,-2.7730281716699237,-1.8652196692015393,1.5869274661322383,1.0506922912272603,0.9844498530021764,0.3348805088569411,N900_RS01780,tamb,0.0008717000000000086,-1.6244,2.611,6h_SI2,6h,SI2,3h_SI3,3h,SI3,4.2354
2.08488045222556,0.7501659713521911,2.527510020294687,0.5836878053495194,0.07703935306788035,1.492359149558293,-0.4533960515316049,-0.14570358325965388,-1.6426006797736497,-0.9348613557006532,N900_RS01785,ytfP,1.279173,-0.61645,4.9111,12h_st,12h,st,3h_SI1,3h,SI1,5.527550000000001
-1.3883856661905518,1.6641336506893765,-1.0120611415487148,-3.4973254439963943,0.9695555982260134,-0.07597630263945998,1.1263030224216461,1.0403591156399352,-2.2651492377972033,2.3057961954113333,N900_RS01795,fbp,0.7153675499999999,-1.0405,4.9842,1h_SI3,1h,SI3,6h_st,6h,st,6.0247
-2.461053407246185,0.8888987560839046,-2.176624703479009,-1.4141279918154255,-0.2614409834036589,2.4480731844039982,0.2655595935241539,0.39930254404800697,-0.6221782876614607,-0.9700989341794699,N900_RS01800,N900_RS01800,1.1475936666666666,-1.102,5.005,6h_ce,6h,ce,12h_SI2,12h,SI2,6.107
-1.3634975722225218,-1.192298382452686,-2.5920603672135734,-0.2777025552318044,-1.4710766031739602,1.4815137620611885,-1.085729457446009,3.083900708578418,-2.6342539808829835,-1.214733620473922,N900_RS01805,mpl,0.5697061999999999,-0.79351,3.3147,12h_SI8,12h,SI8,12h_SI1,12h,SI1,4.108210000000001
0.40383882068694055,3.828418584949972,0.11159100226964688,-2.6331942366331447,-0.06616780133241182,0.5923211417910185,-2.4654950973960377,-1.6497590795110288,0.4553110112195812,1.7688225423279376,N900_RS01815,thiB,0.2382867166666666,-1.4292,4.6277,3h_SI4,3h,SI4,3h_st,3h,st,6.0569
2.4186656036075096,-1.653518467856132,-1.575370895339624,-1.0964903466413367,1.831806997294114,1.2106777541129257,-0.6495121433907989,-0.2086057370779223,-0.7715845148329706,-1.1120159789986923,N900_RS01820,thiP,0.40782968666666675,-1.1774,3.6386,3h_ce,3h,ce,12h_SI2,12h,SI2,4.816
0.5239481660746028,3.014578533806065,-1.706506037103193,-0.7443167907694206,0.8232360326662093,-1.8131353347296346,1.8706452443074162,-0.7124606646445746,-0.6031206316510022,-1.7214860817277295,N900_RS01825,thiQ,0.07086765,-1.6095,4.3423,6h_SI6,6h,SI6,6h_st,6h,st,5.9517999999999995
0.24851789700994686,2.5511699372043566,-2.0654054505438206,-0.22290515078533568,-0.17357349891777868,1.617249682924955,-0.4388110911851688,0.3236565911841346,-0.9371456158843036,-0.45768216168901354,N900_RS01830,darP,1.1473737,-1.5726,7.2863,6h_SI6,6h,SI6,12h_SI3,12h,SI3,8.8589
-0.6278235720131891,-0.4721863660270965,1.8383255582201716,-1.685078671628988,0.5092901835083791,0.6460846409772211,0.8940614821199456,-3.2586715815923077,-1.0471078184272629,0.21204887455595212,N900_RS01835,pmbA,1.4174213883333335,-0.17424,5.1283,3h_SI4,3h,SI4,6h_ce,6h,ce,5.3025400000000005
1.7243041487142365,0.4000401776330674,-2.511291812606383,-1.9864889762484224,2.075477636512534,1.3615906568932437,0.881853509989933,-0.6809383408191736,-1.4878975637962255,1.3372893682504807,N900_RS01840,mgtE_1,2.059952,0.52181,5.6155,3h_SI5,3h,SI5,6h_st,6h,st,5.09369
2.6527452526127053,0.14786618770518004,1.423102597813696,-1.0562759197555147,0.31215577404246847,0.0721920906979775,-0.3075350804710738,0.18484889253145736,-1.5094802716593905,0.9255961881403092,N900_RS01845,ptsO,1.2661607356666666,-0.36098,5.179,1h_SI5,1h,SI5,1h_st,1h,st,5.53998
-1.0357783487214665,-2.412128131935414,1.7357261020554158,-1.1678675617043046,2.902394073698985,2.0963365435542274,0.050047123249741365,-0.3314719920181031,1.8550166196075817,0.7579363655992664,N900_RS01850,rapZ,1.0061030050000002,-0.9278,5.1428,3h_ce,3h,ce,3h_SI1,3h,SI1,6.070600000000001
1.0323844636067028,2.686098340155766,-0.9837520063618959,-0.2442873824527947,-2.940722724618577,1.262576884707744,-0.3771301901710937,0.808374545567248,1.0448216009939308,0.248158924944744,N900_RS01855,ptsN,1.7225652000000002,-0.22748,6.7157,1h_SI9,1h,SI9,3h_SI3,3h,SI3,6.94318
2.250234931067282,-2.0682532097701807,0.08342807677559468,1.003206186663657,-0.5770122204730576,-0.07567558602112334,0.24921365299082876,1.362378693575404,0.011257626839992207,-0.7790121981621232,N900_RS01860,hpf,0.93839135,-1.1183,4.0473,3h_SI9,3h,SI9,3h_SI5,3h,SI5,5.1655999999999995
-3.5087719878964965,4.881889175551079,-1.6367715087487456,1.0021756606591823,0.9690127900443155,-0.6456434200902399,0.06690834257600997,0.18849921031781977,-0.27084994737585755,1.1004664903444372,N900_RS01865,rpoN,-1.1769380166666665,-4.423,2.6889,12h_SI8,12h,SI8,1h_co,1h,co,7.1119
-1.8942256372864303,0.1569978564961698,-0.23389341455325002,-0.7823493564503785,4.6098471681780975,-0.6860076854221475,0.14496353466845147,0.6246077759077364,0.5125202041762661,3.0395763187065565,N900_RS01885,kdsC,-0.13604569999999996,-1.6525,4.1551,3h_ce,3h,ce,6h_st,6h,st,5.8076
-3.1191986537385965,-0.07567623551923469,0.9840940243682142,0.06274924270271831,1.7735729781390555,1.8413860713331858,-0.5674388795731335,-0.19217797225584377,-1.7721093626952191,4.276715992714846,N900_RS01895,calcium/sodium antiporter,0.15401554966666667,-2.1356,3.1319,6h_SI1,6h,SI1,3h_SI1,3h,SI1,5.2675
-1.9765420870178982,-0.638981569469439,1.3141495935879697,0.3599028952367158,3.424190804215883,1.4210003885498321,-0.5851328241259022,-0.47596622932981175,-0.5743997096286794,0.9734013136504027,N900_RS01900,N900_RS01900,0.24226955000000003,-1.1003,4.18,6h_SI3,6h,SI3,3h_SI1,3h,SI1,5.2802999999999995
-1.5309308407378903,-0.4140614398419977,-1.5906378135594765,-1.4825017720067417,-1.7577765069535944,2.3237516868394676,0.6020795122245715,2.3034072882813166,-1.3388706455256774,0.14644210111535327,N900_RS01905,mlaF,1.3809361333333332,-0.067528,4.254,1h_SI5,1h,SI5,12h_SI2,12h,SI2,4.321528
-0.4045285251281179,0.17781391006126754,-2.34399565553571,-2.7941851733069805,-0.18329527925685338,1.2735547539688143,-0.6013406351870554,-1.7198982612903526,-0.47366579306985945,-0.6074834849920099,N900_RS01910,mlaE,1.182384416666667,-2.5822,5.7088,1h_SI4,1h,SI4,12h_SI3,12h,SI3,8.291
0.7685956146304194,-2.4066330437211443,0.39838183936968175,-1.4813667460503195,0.9074325255598569,0.20550858028002694,0.00819476399976271,-0.0797617441616929,0.4660574047265533,-2.0389531147102087,N900_RS01915,mlaD,1.4501510999999998,-0.70372,4.4196,1h_SI2,1h,SI2,6h_SI2,6h,SI2,5.12332
1.5183418777947866,-1.8877555533081312,-0.5871797509891261,0.1265475573121635,0.7633091055551372,1.1298615449361848,-1.2502766718431992,0.16104401595164952,1.0128978095870487,0.366884191758442,N900_RS01920,mlaC,1.1013689166666665,-1.3332,4.6713,1h_SI2,1h,SI2,6h_SI1,6h,SI1,6.004499999999999
0.10452588989201095,-0.08655109715437281,-0.5689343505778214,-0.7279524170502218,0.5742726567703861,0.7172755655380461,3.338222055614742,0.9499449047359956,0.19503721398426593,1.5204363002820431,N900_RS01925,"anti-sigma B factor antagonist, putative",1.1570719833333334,-1.6651,4.988,1h_SI2,1h,SI2,6h_ce,6h,ce,6.6531
-1.3503677132259448,0.27971756109950796,2.276045067449966,-1.7923152831611673,-2.606725352002894,0.20173134223554912,-1.5159680170138843,0.5431964214459446,0.12096247588358977,0.6481175197369546,N900_RS01930,ibaG,0.7019225083333331,-1.4005,5.089,6h_co,6h,co,3h_st,3h,st,6.4895000000000005
-1.6789277589234604,2.7306026896018274,-1.5151625128044937,0.5052839655875068,0.6151200089848827,-0.6257933613753648,-1.6176930034511685,-1.8457778911049416,-0.04220553295241036,-1.25419050092178,N900_RS01945,rida,-0.6163273966666666,-3.6314,5.0076,6h_SI8,6h,SI8,6h_SI2,6h,SI2,8.639
2.035135461582577,-1.522926650123878,2.488510721761477,-0.4476429137274558,-1.4255103519310095,0.3527333330983595,-1.9536282375045053,0.1440837759128633,-0.9860503942323556,0.578469112145003,N900_RS01950,pyrI,0.9971440000000001,-0.33488,4.0198,6h_st,6h,st,3h_st,3h,st,4.35468
-1.728674163381085,1.7046881674484022,-0.9304535745358922,1.60864851011802,1.812643857348009,1.7973809702820163,-1.0191853808179672,-0.2616867791007977,-0.5801033481112735,0.3421683603832528,N900_RS01955,pyrB,-0.5303257166666667,-4.1342,3.7091,6h_SI6,6h,SI6,3h_SI1,3h,SI1,7.843299999999999
1.4270838232660656,-0.3166365111790902,-0.4083941415774854,1.0799946926811743,0.7599159274469898,-1.1651095886873715,1.7557651483150205,-0.0015412757512875408,1.5692829294006772,2.587496421628746,N900_RS01965,argF,1.4433390599999996,-0.0035264,5.0082,1h_st,1h,st,3h_SI3,3h,SI3,5.011726400000001
3.3070448224628484,-0.1076076656577939,1.9148330347439417,-1.6233359767753066,-0.0024455468176851763,0.04726768591383712,-1.1203707180781568,0.269476901055839,-0.08886332646153583,0.5006910540513014,N900_RS01970,N900_RS01970,1.5914936666666664,-0.40281,5.4728,1h_SI9,1h,SI9,3h_st,3h,st,5.87561
-1.4695402786189846,-0.9799016051436156,-1.9722490265905606,1.3166077319628426,-0.7038036755158825,-1.7255510814516506,-3.056660168315636,1.0123168232665698,-1.0870355101253248,-0.8249400406861138,N900_RS01975,N900_RS01975,0.07140453333333331,-1.5426,3.1839,3h_SI1,3h,SI1,3h_SI4,3h,SI4,4.7265
0.49490373657209785,-2.03480960261983,1.8202615098973318,-1.8518162570156511,-1.267765333425588,0.5591697572265792,-2.7517936735835224,-0.2893177909440386,0.3297097961576762,1.741198061219962,N900_RS01980,rapA,0.9701186666666667,-0.61556,3.9615,3h_SI2,3h,SI2,6h_ce,6h,ce,4.57706
-2.4171231936784983,-1.100202186107824,-1.0768204397530357,0.13413426777796023,-0.9226037361139323,3.1064870576747747,3.1262877489789407,-0.6955176139203243,0.39808753951448134,0.4393983045949581,N900_RS01985,rluA,0.5240912666666666,-0.98107,2.7112,1h_SI1,1h,SI1,12h_SI3,12h,SI3,3.6922699999999997
1.4847358545885925,-2.1982429941944304,0.8788191350782801,-0.3651550720568961,2.3639920615244545,1.072126782407129,-1.2346014655402593,1.351709156074679,-0.20638475987278393,-0.9679043301183342,N900_RS01990,hepA,1.3025929333333333,-1.8449,6.2601,3h_ce,3h,ce,3h_SI1,3h,SI1,8.105
-1.9086364329535432,-0.9224835940652079,-1.7172925399441972,-1.4712406360870711,-0.9121894967799767,0.7442307917625745,-0.10425247682903693,2.9096082192918677,-1.9790175738570022,-1.107374721243494,N900_RS02000,holC,0.77103405,-0.4281,3.3177,3h_SI3,3h,SI3,12h_st,12h,st,3.7458
-2.5992372723266204,2.676625185593058,-0.032989621202007,-1.063682043338523,0.36743622324094294,0.9095674540128638,0.08845130463504558,-0.46755428891430134,0.18361286588589099,-0.27868614101132094,N900_RS02005,pepA,1.0331118333333333,-1.9676,5.7432,6h_SI7,6h,SI7,1h_st,1h,st,7.7108
0.8013337284738511,-0.8014675956012163,-1.3004924053726457,-0.8327874731314713,-0.5338006937800645,1.4570680836115368,-3.0308106865967854,-1.569243467639204,0.2753306311660006,0.2925560597703638,N900_RS02020,N900_RS02020,1.17617945,-0.30998,4.3353,3h_SI4,3h,SI4,6h_SI2,6h,SI2,4.6452800000000005
1.6643604750238916,-2.5521321420451124,-0.4281689696564292,0.000817239928414315,1.064622978545183,-0.3552578526875936,0.031655832001650785,1.729795299359368,0.13291775661389843,1.502980813981124,N900_RS02030,rpfG,1.3049666566666667,-0.52498,4.4573,1h_ce,1h,ce,6h_SI4,6h,SI4,4.98228
-0.31190666140338363,0.017164025974127473,-1.5274741633755013,0.7987979700693364,-0.4426245899765434,2.8950926674194095,0.13766549032017616,-0.49583702249816036,0.61393607538823,5.6576891429127585e-05,N900_RS02070,N900_RS02070,1.0682124419999999,-0.51769,3.7781,6h_SI4,6h,SI4,1h_st,1h,st,4.29579
-0.2878947452667133,-2.948634885521868,-1.7710958543422466,-0.9259242044441321,-0.27453317265010035,-0.2747383438581512,-2.111484032213129,1.061019849431978,-1.3819824479617453,-0.5487365723453745,N900_RS02075,leuD,1.0574804166666667,-0.48628,3.7999,1h_SI5,1h,SI5,6h_SI5,6h,SI5,4.28618
2.5969570137361755,0.15218950744881687,-0.6202721108799231,1.3886766822551406,-0.1730442383339459,-1.179768211843656,0.4204487275010438,0.9181038010476048,0.4756223039868874,-0.11425734148185995,N900_RS02080,leuC,0.9608779999999998,-0.39978,3.8986,1h_st,1h,st,3h_SI4,3h,SI4,4.29838
1.7554744258330865,0.8309371190920851,1.6110375384443887,0.07541447508509425,-2.575261385778098,1.76627078401676,1.0417174201746529,-0.8764157941307238,-0.08083763822399292,-0.7941089171867979,N900_RS02085,leuB,1.316181833333333,-0.26138,4.3857,6h_SI4,6h,SI4,3h_SI2,3h,SI2,4.64708
0.9588046945147255,-1.444792541222375,0.37692502534622196,2.7966246045269427,-0.6164592685645051,0.5527144868610269,1.162847925877277,-0.00916860169922279,0.8201841324645953,0.04163049795098672,N900_RS02090,leuA,0.6835052833333334,-0.87103,3.4224,6h_st,6h,st,3h_SI5,3h,SI5,4.29343
2.62693085301263,-0.9555921460047161,-0.4497852676955632,0.581127986819491,0.4788055768980188,-1.4008759128173143,0.47881495129072427,1.1643707480156966,0.26874950722078444,0.1868133793187995,N900_RS02095,tetr_1,1.2472756166666665,-0.41115,3.5567,3h_co,3h,co,3h_SI4,3h,SI4,3.9678500000000003
1.401426203597011,1.8763940281938827,-0.716025314584235,1.642563439913682,-0.5784496980728256,1.0864442265511767,-0.4215097687749303,-1.5448160541376823,-0.7029323694975486,-0.09445350119430918,N900_RS02100,N900_RS02100,0.3486309,-1.8689,3.7086,24h_ce,24h,ce,6h_SI2,6h,SI2,5.577500000000001
1.8373818159369693,0.25707061272257514,0.9208129126427174,0.04030590828866876,0.21960618643231136,-0.14354151596777642,-1.2385126897860605,-0.03844421810106974,0.2074296691785894,2.7058692440394614,N900_RS02105,glycosyl transferase_1,0.8305785083333335,-0.47114,3.4751,3h_co,3h,co,6h_SI4,6h,SI4,3.94624
-0.5883640666537118,0.542080063903625,-2.6669484256174636,0.45317636271032535,-2.1292731692730342,0.8042588828595102,-1.043302484998663,-0.8321706674204687,-0.1202417766918934,2.468850652089251,N900_RS02110,leuO,0.35195379500000007,-1.7637,3.6181,6h_SI5,6h,SI5,3h_SI3,3h,SI3,5.3818
-0.1861958758526061,1.4767855541396642,-3.676088143483055,-0.07727291059149488,-2.5957955853552153,0.882796227410873,-1.885198529246556,-1.100436685031829,1.4020120636537363,-0.09017086434182253,N900_RS02115,long-chain fatty acid--CoA ligase,0.06106000666666668,-1.2326,4.0658,6h_SI7,6h,SI7,3h_SI3,3h,SI3,5.2984
1.4704602220646326,0.41031304065375596,-0.3404688790673745,0.5941201845841939,1.2522626021932939,-0.3030676764385334,1.6134030950358977,0.8188797623072086,0.7425383333830271,2.9220504047983455,N900_RS02120,ilvI,0.9385266999999998,-0.3811,4.357,3h_st,3h,st,6h_ce,6h,ce,4.7381
2.8248173323751766,-0.11609800168199313,1.8696030967697612,-0.8826289018360165,-0.1977431604347095,0.19426306106588864,0.4007520996956168,0.9998256690051197,-0.8966694121810689,1.5630368120993,N900_RS02125,ilvN,1.3486237000000003,-0.33842,4.3537,3h_ce,3h,ce,3h_st,3h,st,4.69212
1.4672183604878812,-2.2922232777919773,0.022966413104988426,0.9397862063883213,1.4062722604081705,-0.7084502908114991,1.0849616806273026,0.8731273249520599,-1.1614462064378088,1.006815149351163,N900_RS02130,serA,0.9489495466666665,-0.91198,4.2035,12h_st,12h,st,6h_ce,6h,ce,5.11548
3.005779217096256,3.1151811777815466,0.7171377843747032,-0.7725215652087327,0.554875439708283,-0.6440543335695776,0.2207650042304538,0.8322743998911868,0.6747694632504128,-0.8628468262108991,N900_RS02135,rpiA,1.6321321866666667,-0.24819,3.8587,6h_SI9,6h,SI9,12h_st,12h,st,4.10689
0.6774532434629519,1.7226236976314449,-1.242250779571379,-1.3872342319685766,-1.6487515164132804,1.524485706650124,0.7683676292114345,0.5234400211311492,2.486965251009692,0.1087975320133926,N900_RS02140,ygfA,0.8418556666666664,-2.4351,6.0494,1h_SI6,1h,SI6,3h_SI3,3h,SI3,8.4845
-4.845451999799674,-0.00829433079790115,-0.8350250365226056,0.5724416220640345,-1.7408697946577363,1.102693684105507,-0.7661423968423746,0.870645251193356,1.009341315648147,0.7364202368559973,N900_RS02145,zapa,-0.41642767,-2.4987,2.9663,3h_SI7,3h,SI7,1h_SI1,1h,SI1,5.465
0.20989162934767824,1.9824849704803629,3.930668453697042,-2.1948676748881626,-1.6606607562645093,1.7060463251445612,1.0947517345392115,-0.8218864412427123,1.9342884425220483,0.46474336181296794,N900_RS02150,VC0395_A2053_BLAST,1.274627016666667,-0.30823,5.5703,3h_SI5,3h,SI5,3h_st,3h,st,5.87853
-1.2884023605689348,-3.325064906597904,0.1589774190647465,-1.194582564810677,-1.1294869632903013,-0.3186331168779504,-0.12972116890110852,0.13244317823958848,-0.08129471590308501,-0.17027265568663585,N900_RS02175,sdhE,1.0907205833333333,-1.4351,3.9183,1h_SI3,1h,SI3,6h_SI5,6h,SI5,5.3534
-1.0557887275758269,-2.5274527291662396,0.19653953513560696,-1.1200685818647944,-0.22733745742800618,-1.2870000786157711,1.0689372502562875,0.2503455628675316,-0.17574422831686043,-1.9906491969344742,N900_RS02180,cptA,1.3921235833333334,-0.46305,4.8488,12h_SI2,12h,SI2,6h_SI4,6h,SI4,5.31185
3.0406045450783514,0.7372984967590708,1.1212178724092572,-2.5129988347477368,-1.5118874759233913,0.2447013414226371,-0.3451733764485221,0.5010836213326767,0.8561437500468436,-0.7737823687956411,N900_RS02185,nadB,1.772686051666667,-0.16548,4.8443,1h_SI9,1h,SI9,3h_st,3h,st,5.009779999999999
0.9678251304963199,0.0926427248246246,1.088399954167656,-1.8662607243019949,-0.7788695086187765,-2.6489703400739937,-0.2578018164152537,-2.2122359711315562,-0.3501809472736992,1.7617971809081199,N900_RS02190,N900_RS02190,1.3307204833333335,-0.3494,5.2305,3h_SI4,3h,SI4,3h_SI5,3h,SI5,5.5799
2.6567445495394777,3.2550806818885984,0.7019899339271846,-0.6190899099475751,0.5835943964879529,-0.7266873422043254,0.2031849203294429,0.7982487172403692,0.6890761424036744,-0.8571130026695339,N900_RS02200,rsea,0.25826033333333337,-1.646,2.4491,12h_SI7,12h,SI7,12h_st,12h,st,4.0951
2.988381125940908,3.1691950212926687,0.7110879024028202,-0.8346617512828431,0.5699961520636472,-0.6091454097930307,0.2539827592073409,0.8333425765146933,0.7419298108648843,-0.9391395108658918,N900_RS02205,rseB,0.7814803000000001,-1.1255,2.9882,6h_SI9,6h,SI9,12h_st,12h,st,4.1137
-1.4129515731167404,1.4585965843152773,0.6576467065401392,2.8516036720851297,-0.2667605923901086,0.9179597300040487,-1.0723792705260358,0.32225137205478654,1.736906332687571,2.524823030751967,N900_RS02215,lepA,-0.7016565666666666,-2.1226,2.7272,24h_SI5,24h,SI5,3h_SI3,3h,SI3,4.8498
2.700386654869602,3.5951323136700157,0.31761435525842835,-0.8208098095273622,0.5527589835943462,-0.24110493218694606,0.3112479973067939,0.6394613475459014,0.7714613983835306,-1.0450594356825815,N900_RS02225,ribonuclease III,1.9891788333333333,0.07711,4.0351,12h_ce,12h,ce,12h_st,12h,st,3.95799
1.708632658992169,-1.4854163242385046,-0.18276061132888244,-1.321526226575526,-1.019042266277665,-1.4834207034829956,0.8360200578815498,-2.2561112114116333,1.5633867234051235,-0.576611953585846,N900_RS02235,recO,1.6166835666666666,-0.43436,6.617,1h_SI9,1h,SI9,6h_SI2,6h,SI2,7.05136
-1.5509708395802877,3.582683526226333,-0.2407878333180143,-0.9338547227829955,-0.1625025062176621,-0.46554585307892005,2.3966511567429003,-2.551428539195697,-0.0475389259420681,-0.7317046087013552,N900_RS02250,N900_RS02250,0.2341213283333333,-2.4447,5.4044,6h_SI5,6h,SI5,1h_st,1h,st,7.8491
1.652126448265582,-0.4692879955398386,-0.374610199460248,1.1966353589565957,1.7648942978053752,-0.17255299247307998,-0.4187412271651514,1.245283844424678,0.05226876975847017,0.697894356311316,N900_RS02255,N900_RS02255,1.131987,-0.38603,4.1742,3h_st,3h,st,3h_SI1,3h,SI1,4.56023
2.9068232484390837,-0.39494612159850606,-1.3031348833178462,-0.5797131116943086,1.3189942301585278,-0.6006001967851458,0.702662423843204,0.9756256626190956,0.3203025899592329,0.6396018289484584,N900_RS02260,sensor domain-containing diguanylate cyclase_2,1.398483366666667,-0.031391,3.5355,3h_st,3h,st,12h_st,12h,st,3.566891
-4.6587316887425345,0.4643103214027844,-0.39362618822194384,1.0694985247957502,-1.9373199911870407,0.506217912989581,0.07232703289064457,-0.011414031599633723,0.5528398705512885,2.0123045451125883,N900_RS02265,barA,-1.6381796666666668,-3.6656,1.4876,3h_SI9,3h,SI9,1h_co,1h,co,5.1532
0.974923385526659,-0.10672189730279169,-0.9204293831272811,1.0674709579502948,2.678195799193978,-1.0346911192988733,0.0831209425638545,0.6669123818031661,-2.1105505711129933,0.15299277595516514,N900_RS02270,rlmD,0.8649632833333334,-0.59228,3.1999,3h_SI3,3h,SI3,3h_SI1,3h,SI1,3.79218
1.4818944304329609,-1.5838909049946046,-0.02182544026186988,0.6099974116938656,1.710516339519173,0.8569456894178409,1.9815951113465373,-1.2041296167093254,-0.40665561460940247,0.6172625699579302,N900_RS02275,relA,0.20880867868333333,-1.0902,3.3689,1h_SI5,1h,SI5,3h_SI1,3h,SI1,4.4591
0.8518435348584319,0.6007072421944345,1.5333672797894191,0.9652122540447321,-1.623731832720946,1.275143013085636,-1.467058511697023,-1.6911515786872169,-0.16822862376384362,1.3474730461800786,N900_RS02280,mazG,0.8177808166666666,-0.35385,3.8103,24h_SI2,24h,SI2,3h_st,3h,st,4.164149999999999
-0.4810542966265281,0.40868397530413897,1.4490421126496111,0.5846144686421364,-0.9862224854584468,2.3590013610401166,-3.059355859180088,-1.3594265141583335,1.339831823812899,2.058644084825003,N900_RS02295,cca,0.0769111333333333,-1.2119,2.8472,12h_st,12h,st,3h_SI3,3h,SI3,4.0591
0.2397007592507041,-1.3716184361842636,0.4188265226922874,3.0646558427467685,-0.41741622039676973,1.0448526393410658,0.979158977806351,1.1443237170879728,1.1384412506073027,0.37974691921450865,N900_RS02300,exeA,0.8416620833333333,-0.74753,3.8342,6h_SI2,6h,SI2,3h_SI1,3h,SI1,4.58173
-2.231921727477358,-3.2870241388298695,-0.13501849812456845,-1.7130475093311472,-0.17651977611894062,-1.2360552297511354,-1.2207472691588188,-1.0207886015905263,0.6181437203989144,0.9856584271726985,N900_RS02305,gspb,0.6907512066666666,-1.2772,3.5956,6h_SI3,6h,SI3,6h_SI4,6h,SI4,4.8728
-1.4162529530056605,-0.769268015231056,-0.5292981823625693,-0.1260071503076321,2.9535337351302733,-1.5271023368917884,1.003924996738578,1.9649225891095363,-0.6248064323762367,0.2715129453913898,N900_RS02310,N900_RS02310,0.4263480783333333,-1.1426,3.1334,12h_st,12h,st,6h_st,6h,st,4.276
2.5171331480847448,-0.4803968906168382,-1.2668305595384415,-3.4191672713002568,0.415906083331315,0.34406824147104664,0.05138464331370163,1.002550332023825,-0.5891590894288509,-1.5383495360084611,N900_RS02315,inorganic phosphate transporter,2.051332566666667,-0.12066,5.3316,3h_co,3h,co,12h_SI2,12h,SI2,5.45226
-0.43875789821911404,2.8788463737982264,-1.8231311204647207,0.2986875043818342,0.542496332228076,-0.14216744071844056,-0.4287057322401424,1.1890447360475394,-1.972590813755248,1.2243263707017105,N900_RS02320,HI_1603_BLAST,0.2724794666666666,-2.5576,4.0097,6h_SI6,6h,SI6,1h_SI1,1h,SI1,6.5672999999999995
-0.43366743237531,-2.835052632595486,1.0183745824598798,1.577007760791528,-0.48097529854194526,1.9040672885070407,1.5373676126473397,0.05372342640761643,-0.09535747278586482,2.449078762160112,N900_RS02325,ygiF,1.1231903333333335,-0.8944,5.5681,6h_SI2,6h,SI2,6h_ce,6h,ce,6.4625
1.1898175811271665,-0.33073052375809675,1.4732865842347946,1.3248963047181177,-1.13207038625451,-0.17490738473219447,-0.7486601143829823,-1.4854754963236818,1.1064946014593136,0.7254812125104031,N900_RS02330,methyl-accepting chemotaxis protein_15,1.1127130500000002,-0.20544,4.3661,6h_st,6h,st,3h_SI3,3h,SI3,4.571540000000001
3.2238526374591707,-0.8654823932302165,1.5631141954095755,-2.4457953375740966,-0.46444160418019326,0.23168013310020052,-0.966197183063213,1.0092749548647189,-1.1699513897115152,0.3664048748198159,N900_RS02335,glnE,1.601526966666667,-0.82103,5.0347,1h_co,1h,co,3h_st,3h,st,5.85573
2.9888271034493625,3.086379066550396,0.793173274746608,-0.717972114918709,0.5287578286579202,-0.5641559217927732,0.31015055605279035,0.7402139369006173,0.5997622957166294,-0.5381534739174934,N900_RS02340,hldE,-0.5224835666666666,-2.4988,1.6145,6h_SI9,6h,SI9,12h_st,12h,st,4.113300000000001
0.6197256810885974,-0.33993132538232995,-0.07426581304231183,-1.5260828578588044,-0.188141946566715,0.626298504208491,0.47306569364966605,0.21551476657329066,0.23781556290115186,0.11658965106107766,N900_RS02345,tolC,-1.2986958333333334,-3.2375,2.2155,1h_SI7,1h,SI7,3h_SI6,3h,SI6,5.452999999999999
0.45153604463021013,-0.3540910127439608,1.2425114311303544,1.7851634471834092,-1.390036477933849,-0.30398053321254603,-0.8144320031264183,-1.648295900877478,-0.6445821595477482,1.2435718442611654,N900_RS02350,nudF_1,0.7551720666666667,-0.59363,3.3222,24h_SI4,24h,SI4,6h_ce,6h,ce,3.91583
-1.738720689722106,-0.5476048718872426,0.6626634597988746,2.2723668184272805,0.7698707003333213,-1.6345457449277156,0.642184229072017,0.5198805782068313,-1.0372540776917893,-2.1346815602499887,N900_RS02355,N900_RS02355,0.1225420216666667,-1.3757,3.0942,3h_SI8,3h,SI8,3h_SI5,3h,SI5,4.4699
-0.7573447689835868,3.039189739636761,-3.240685140575611,-0.08462704877948335,-0.5001090279260079,1.233152637087963,-1.4451051793032337,-1.0604756380718303,-1.8436089733256318,-0.10144162688977754,N900_RS02360,cpdA,0.29294455166666666,-3.196,4.8381,12h_SI8,12h,SI8,1h_st,1h,st,8.0341
-1.7291661221204369,-0.09817194678487678,0.4829474122394917,1.1459645472470634,3.297263653850746,1.2382856763811323,0.022783150417050924,-1.9337506323306937,-0.433169906390411,-2.315607332671439,N900_RS02365,yqiA,0.3039439833333333,-1.2477,4.1867,12h_SI2,12h,SI2,6h_SI2,6h,SI2,5.4344
1.3174047047505288,-2.094509305415962,-0.9529129526529652,-0.5331149765035861,1.3158600003632934,1.4127130372105836,-1.9121203870425287,1.1659658929296102,-0.2738158235168886,-0.5996166738950156,N900_RS02380,yacG,0.8543945333333334,-0.79763,3.5883,1h_co,1h,co,12h_SI2,12h,SI2,4.38593
-1.4761095236996866,-1.4824864753301428,-1.3913703350345703,0.37050952007267224,-1.9166165348695379,-0.4434581803747206,0.20852545165341158,-1.2105125650213753,-0.07448528984660019,0.0787803514521006,N900_RS02385,zapD,0.17415367333333334,-1.664,3.9214,6h_SI1,6h,SI1,12h_SI2,12h,SI2,5.5854
2.9807576970965117,2.954887340658028,0.757552102008767,-0.8275485936465439,0.543123335287325,-0.6175220808708026,0.23444213762586774,0.8248262980925021,0.6699230087270873,-0.7943149127918585,N900_RS02395,pilD,1.9617752166666669,0.019692,4.1337,6h_SI9,6h,SI9,12h_st,12h,st,4.114008
3.437539210171849,-1.5109446105295112,1.6592426527794495,-0.6599630836624759,-0.9622651237461834,1.225809813274802,-0.6032135735334205,-0.46063656148632065,-0.20406723905535706,-0.4631626586228047,N900_RS02400,pilC,1.3631559500000001,-0.93785,4.2392,1h_SI9,1h,SI9,3h_SI1,3h,SI1,5.17705
-4.014847571770671,-1.4869508033452858,1.5785603626103626,0.11481343318582105,0.9379705319886097,-1.8303600517120686,-1.8378094475534679,1.5169468081905213,-0.6230659719815196,-0.5993775504255827,N900_RS02405,pilB,-0.24595668333333334,-2.153,3.6697,6h_SI1,6h,SI1,1h_SI1,1h,SI1,5.8227
1.4924014582883682,0.34621434697969466,2.58545511210792,-1.5684702855671975,-0.35138257879794277,-1.545449545680826,-1.1923417828873286,-1.472982396031546,-1.1391260861106138,0.9731631349049976,N900_RS02410,pilA,1.8188041999999998,0.031062,5.9095,12h_st,12h,st,3h_st,3h,st,5.878438
0.3506765789974762,-3.193483365359884,-0.7235615393698964,0.08179655202591185,-1.8778055065291086,-1.635660148324534,-0.02853266585461467,-1.2387456146403057,0.6245027016802254,0.6850285824534139,N900_RS02415,nadC_1,1.2608448333333335,-0.45798,4.9102,3h_SI1,3h,SI1,6h_ce,6h,ce,5.36818
-2.9851713228334087,2.6831258432194507,-0.04179298625542625,0.8444883025325627,-2.623530096994136,-0.8042526750240637,1.0745829209344033,-0.4876159647480777,3.122705128008654,0.7267327696902013,N900_RS02420,ampD,-0.5324037999999999,-3.038,4.5367,6h_SI5,6h,SI5,3h_SI3,3h,SI3,7.5747
0.9122315115273132,2.7167376192612154,-0.4970650563448215,-1.1021505591551093,0.7607900372047334,1.006328006198586,1.4943811887042637,1.0539034145904667,-0.083470119976649,2.903287344616529,N900_RS02425,fldB,1.0042336033333334,-0.31231,5.6924,1h_SI6,1h,SI6,6h_st,6h,st,6.00471
0.5612884425262505,2.8593808942453443,0.9376219660418362,-0.3629824476379868,-1.6284969197667891,-0.7827316017024404,-2.148110227822439,0.3237970546946703,0.18735016442784713,-0.5704200191994007,N900_RS02430,xerd,-0.6076984966666666,-3.3481,3.3419,6h_co,6h,co,3h_st,3h,st,6.6899999999999995
-1.3605432563483146,0.2375033951978066,-0.49143309069982505,3.229383315678499,0.9706201936468166,-0.22724482553524417,-2.5633589452726593,0.5352921187616062,-0.7947900842841785,0.5071426432151345,N900_RS02435,dsbC,-0.19421205166666666,-1.9863,3.1401,12h_SI5,12h,SI5,1h_ce,1h,ce,5.1264
-0.8187963290577569,-0.4503039846021041,-3.72097003135881,-0.9638074533040746,-0.9950717082935928,0.25840260864184117,-1.169554323851853,0.9781635915674598,0.4651250108794718,1.4313535946064528,N900_RS02440,recJ,0.5059580100000001,-1.0095,3.1874,3h_st,3h,st,6h_SI3,6h,SI3,4.196899999999999
1.006080871278754,-0.053808150202567184,-2.616675424870298,0.7061027913744158,-2.898510602949372,0.4420041168502749,-0.6326030235940667,-1.0783914071179859,-0.31489460857185825,-1.8135871084842294,N900_RS02445,yfkN,0.6687993166666666,-0.86138,3.6533,6h_SI4,6h,SI4,12h_SI1,12h,SI1,4.51468
-2.0526278329352223,0.7773193665190522,-0.47742337804544316,-0.25530442876655735,-0.2612950257631778,0.8242849559472906,2.5173958937694803,-1.979293045103682,-0.31784579477639674,-1.8834574871304954,N900_RS02450,pdhR,0.4178017833333333,-1.0841,3.8038,6h_SI1,6h,SI1,3h_SI2,3h,SI2,4.8879
1.2879458780684292,4.003922418442982,0.6127054409209445,0.2085483216793298,0.9342781022894655,-1.179125604204451,-0.15302374925686202,0.5521098183488811,0.655393885523188,-0.799912307673511,N900_RS02455,aceE,-0.24065086666666666,-2.4529,1.6094,6h_SI9,6h,SI9,6h_st,6h,st,4.0623000000000005
2.18727684842231,3.2408764584638767,0.3614886211971884,0.10650479968398252,0.5383432931770703,-1.141866240628504,-0.42386524936369696,0.3949979461979938,0.9222435215875828,-0.9276630144309401,N900_RS02460,aceF,0.6435309666666666,-1.6153,5.8766,6h_SI9,6h,SI9,6h_SI3,6h,SI3,7.491899999999999
-0.5745505051623354,-1.275482505356159,1.4325168968721063,-2.366164365492687,-0.45502903911847836,-0.17727819457531835,2.505864855564953,-0.698869388728957,-0.23529013327604897,0.8904277709284623,N900_RS02470,rsmH,0.054217745000000005,-1.8431,3.9442,6h_SI5,6h,SI5,6h_SI4,6h,SI4,5.7873
0.4997418001849687,-0.5381986723560882,-1.6141074835477955,-0.607656907907786,3.151597039358931,0.14172596969309925,-1.2446720353854324,2.5672281141805495,-1.8758089273398926,0.2994782459158276,N900_RS02555,mutT,0.6222407166666666,-0.90613,2.7548,3h_SI3,3h,SI3,3h_SI4,3h,SI4,3.66093
-1.3168088822713073,4.608980740509892,0.14770994272778812,-0.28029368141648225,-1.791275310867697,0.8298431447753623,-1.9835012162857144,-0.7779253825718071,0.49803780376012724,-0.17285943037238438,N900_RS02570,carA,0.2942158166666667,-3.4883,5.916,6h_SI6,6h,SI6,3h_st,3h,st,9.404300000000001
0.09569691444006834,4.5617363265909106,0.47545122154997654,2.017832120817948,-2.0843355820186926,0.7206022041695102,0.3364644300907599,-0.19201257917370468,-0.22994667406252167,-0.7886024661630264,N900_RS02575,carB,0.14906505000000003,-2.9689,4.971,12h_SI8,12h,SI8,3h_SI2,3h,SI2,7.9399
0.3482340425732877,0.8635149994132936,-0.943212060061914,1.2465928062238687,1.959552589696529,-1.532219133902876,0.8397934839517768,-0.6132591982523208,-0.9338772393028733,0.34137930487175305,N900_RS02580,nlpE_2,0.3687141833333334,-0.93155,2.7269,6h_ce,6h,ce,3h_SI2,3h,SI2,3.65845
-3.0072049388128,1.9992386772838422,1.2880135298650266,-3.206457263086342,0.45450509848797244,-0.04707214080795297,0.4750051609211887,0.18113397868106615,0.33553855318700254,-1.7644017160764953,N900_RS02595,Ga0059260_01848_BLAST,0.5530192166666665,-1.4449,6.7286,6h_SI5,6h,SI5,1h_st,1h,st,8.1735
1.2361283138270815,1.558531481694357,-2.622326928369558,-2.019596193242128,-2.0131325941976663,1.4703059728918872,-0.6529575675410688,1.5003640910080471,2.2913753218903303,-2.852493365269453,N900_RS02600,RNA-directed DNA polymerase,1.8726369833333332,0.03912,6.6556,1h_SI6,1h,SI6,6h_SI1,6h,SI1,6.61648
1.3637877504751366,-1.1651667945043258,1.1831340262188506,1.2084651597060971,1.3187232292137334,1.6830326376850993,-1.622474163820536,0.6207084763311242,0.6110704523739854,0.10484818339465696,N900_RS02605,yfcA_1,1.4045607000000002,-0.1282,6.1528,6h_st,6h,st,3h_SI1,3h,SI1,6.281
3.0338163263871154,-2.372703618372203,-0.4026275752893302,-0.7609550366600049,1.0667070852039815,-0.5902703149457917,-0.24306524383239403,-0.1332737087932636,0.051841764797397105,-0.5082465834808869,N900_RS02610,hdfR_1,1.1057664833333332,-0.48644,4.978,1h_co,1h,co,6h_SI2,6h,SI2,5.46444
-2.601802060295931,-1.1072638916082593,0.6085532329483961,-0.5622836012323755,-1.3060308361752209,-1.0185235907915409,1.3482139878458432,-2.173515172683065,-1.516207243128489,0.8756314192136752,N900_RS02615,yadS,0.10923797666666667,-1.8762,2.5,6h_SI2,6h,SI2,6h_SI3,6h,SI3,4.3762
-2.5283152687283326,1.9789962589365409,-0.6304741236139529,0.8684424417305321,-3.177855284015975,-0.06875996326395462,3.100492232929664,-0.6519673797614005,2.6566262459040515,-0.23383244426073546,N900_RS02620,btuF,-0.15022628166666666,-1.6914,3.462,6h_SI8,6h,SI8,3h_SI3,3h,SI3,5.1534
2.3304607921267175,0.3284823024954559,-0.02960190214217128,0.24582344032963865,-0.011839656010809788,-0.41715253997045343,-0.0311561649721368,-0.3601619912025636,-1.018138150557696,1.198684790097756,N900_RS02625,cbiB,1.1721026666666667,-0.2428,3.8502,1h_st,1h,st,6h_SI2,6h,SI2,4.093
1.8737183528884893,2.5879587402228243,0.2876878375932297,-0.36910656965609534,0.4131321075908484,-0.4450630656602317,0.10639356262924826,0.5360230837261974,0.3912946559744723,-0.3615222509482368,N900_RS02630,mtnN,1.8146683366666667,-0.33269,6.2074,12h_SI7,12h,SI7,1h_SI2,1h,SI2,6.54009
-2.480145835209976,-2.567521714718437,-0.9355716551022327,-2.2226788748262654,-0.8179147151961742,1.4590863710299833,0.10902852686797304,1.0868786061350864,-1.1386777154182073,0.09016827385168902,N900_RS02635,N900_RS02635,0.8372748166666667,-0.9009,3.7004,6h_ce,6h,ce,3h_SI5,3h,SI5,4.6013
1.2623814096255357,-2.4426453405561923,-0.7000789845597848,0.3367973082293725,-0.8836284708467067,0.4838059751612497,0.8374635146164615,0.2897516918284897,0.10475073854887812,-1.6231537314101536,N900_RS02640,gltD_1,1.1935399499999997,-0.42694,4.0464,1h_SI8,1h,SI8,6h_SI1,6h,SI1,4.47334
0.46070937339686324,-2.6325108208299457,0.10658249588808169,1.777187312794585,-1.2874995491389756,-0.23617150706383794,0.06780081485371414,-0.0536247477467493,-0.616519068439693,0.5453354131618549,N900_RS02645,gltB_2,1.1388506166666665,-0.36769,4.4592,12h_st,12h,st,12h_SI1,12h,SI1,4.82689
-2.08604172517402,-0.8306247898358134,-1.7993922305692855,-0.5890962955881838,1.5180140776175668,-2.4189955523125137,-1.7459226527384513,-0.4168296645970498,-0.6837208523197454,1.0741592411385261,N900_RS02650,gltD_2,0.3151318083333334,-1.0825,3.8577,3h_SI1,3h,SI1,6h_ce,6h,ce,4.9402
0.9273896793049676,-3.120180106979526,0.041363006441218604,1.9008184738468055,0.0839277136410467,-0.07094306374065984,0.02934673617318262,0.0437304599512138,-1.1122136016736932,-0.9929219910010083,N900_RS02655,gltB_1,0.940928,-0.34789,3.2615,6h_st,6h,st,1h_SI1,1h,SI1,3.60939
0.41165617816891054,0.4903330131231969,-1.1589506793771083,1.2334014039654382,1.9891327395982377,-1.1946016575835126,0.4615794646328699,2.2608776089147513,0.39152955418859126,1.5850802818107665,N900_RS02660,yhcC_BLAST,0.3118726166666667,-1.158,4.0047,12h_st,12h,st,6h_st,6h,st,5.162699999999999
0.5423526356472221,-1.5406626866548367,0.46692844734564004,0.6267321623601116,-2.115940135877501,-1.2182422663956878,0.078678885439176,1.520904586576763,-0.11465228365355229,-0.38011246419492584,N900_RS02665,diguanylate cyclase,0.9164146166666666,-1.1655,4.0246,6h_SI8,6h,SI8,1h_SI1,1h,SI1,5.1901
0.48039645974559475,-0.8629423851981,1.8041998546681832,0.26956936182758495,0.29710048284003754,-2.709993820681391,-1.021347530752082,1.1112331147912335,1.6672336444547975,0.22674880961655797,N900_RS02670,arcB,-0.5207080066666667,-1.9832,1.6841,12h_co,12h,co,1h_SI1,1h,SI1,3.6673
2.4608896444286703,3.186894026519919,0.7512124593418827,-1.1247632083631722,0.5702561599580988,-0.47124300681148656,0.3972704531749142,0.9038513234195744,0.9159210795998523,-1.2145930886086964,N900_RS02675,arcA_2,0.19630907333333333,-1.9573,2.1482,6h_SI9,6h,SI9,12h_st,12h,st,4.1055
2.641705317717724,-1.3700420681507073,1.1700675394666769,-0.14753945895888565,0.947736713656617,-0.5685493925809633,0.07783129499593566,0.428697760316841,0.07953547343338013,1.9719276757293962,N900_RS02680,N900_RS02680,1.7608081333333336,-0.1482,4.8314,3h_co,3h,co,6h_st,6h,st,4.9796000000000005
0.967534094715865,-0.2984945304566028,1.6863520906228715,0.6567962943356589,-1.3474325823386202,0.9759592387995012,-1.3799840273173263,-2.661224216857434,-1.0138994612624517,-0.31474614471694606,N900_RS02685,putative 4-hydroxy-4-methyl-2-oxoglutarate aldolase,1.1068469166666666,-0.39907,3.732,6h_st,6h,st,3h_st,3h,st,4.13107
2.4361292442393134,0.17948872033957344,1.4960692811709697,-0.606955802662906,-0.040353431397677865,0.1728186349428782,-0.869082365254954,0.43561443768804525,-0.9434824034666479,0.8941261659099176,N900_RS02690,N900_RS02690,1.5592867000000001,-0.058638,3.7907,1h_SI8,1h,SI8,3h_st,3h,st,3.8493380000000004
2.471487064272563,-0.08554379583259947,1.2444090419184282,0.1964149850838255,0.8438418894522011,0.27122705340694797,-0.0351713823405716,0.041501086051102115,-0.6865830444228772,0.5964954464902299,N900_RS02695,thrA,1.3559940116666667,-0.31452,4.1366,1h_st,1h,st,3h_SI1,3h,SI1,4.4511199999999995
-2.818912267787668,-1.1197352541815178,-0.6630663619335345,-0.3840022173979958,-0.9448505927446242,0.0006780394508408838,-0.8057425351388039,3.8509468736143195,-1.6507862666490474,-2.4841749250848424,N900_RS02700,thrB,0.06258196666666668,-1.6356,2.7957,6h_SI3,6h,SI3,3h_SI4,3h,SI4,4.4313
-2.2725069380683514,2.810964063711143,4.28131337652946,-0.06390365002005738,0.4269784017714274,3.3389056505180124,-0.23242252102217897,-0.3074498674524601,-0.13525671288557084,1.0904430303397592,N900_RS02705,thrC,0.4134463033333333,-1.1138,6.2625,6h_co,6h,co,3h_st,3h,st,7.3763000000000005
1.6721399786233713,-0.7989337047230982,-1.2340572383436268,1.7712174095615794,0.4875088859944069,-1.0354311750422507,0.5716985911850518,-0.9157758830837759,-0.40663724789689293,-0.6617792657197791,N900_RS02715,nfo,0.823547525,-0.70113,3.5072,1h_st,1h,st,6h_SI2,6h,SI2,4.20833
3.4252087551035917,-1.4741751134537024,-0.9404548498734496,-0.41434052460262993,-0.5108741683444583,-0.19065446584825851,0.8907577902239875,0.9397937441517572,0.23030365414847648,-0.9192310000663528,N900_RS02720,ung,1.6408059,-0.52774,4.5896,1h_SI7,1h,SI7,3h_SI4,3h,SI4,5.1173399999999996
3.137528085813541,-2.1650401547372993,0.021168982537921894,0.7946385074342408,0.7787081348177575,2.6599084657773155,-0.09453769019869984,0.7324179728932239,0.15168431632612206,-0.8742362695365158,N900_RS02725,N900_RS02725,1.4755817000000002,-0.43182,7.1545,1h_SI5,1h,SI5,3h_SI1,3h,SI1,7.58632
-1.3203862608841532,0.06788884471052165,-2.4060061594064504,-2.120626040679748,0.7641448523580685,0.4646100985423867,-1.8423220148241792,-1.6805288557831435,-0.9373785624257539,-1.6553997055765408,N900_RS02730,N900_RS02730,0.6286541333333332,-0.84203,4.2089,24h_st,24h,st,6h_SI1,6h,SI1,5.05093
0.0759377875738001,3.35018748329817,-0.6939733558805693,1.0976711604620064,0.7557850856960217,1.100975087493946,-1.070557877686675,1.1415367761049608,1.989778728539299,-1.9827972134208864,N900_RS02735,alsT_1,0.5586021333333334,-1.888,3.9361,12h_SI8,12h,SI8,1h_st,1h,st,5.8241
-0.1650349165740601,0.3617621026296744,-0.9072831467350516,2.187447214026566,0.2828895311934676,1.132478323154968,-1.4476748038011713,1.4694883615454717,-0.6722031051766387,1.8643795979004654,N900_RS02740,yaaA,0.4730250166666667,-1.0024,3.9122,6h_SI4,6h,SI4,1h_SI1,1h,SI1,4.9146
1.0300934790207377,-1.4375953479416415,-0.10576212358518997,2.037949810050514,-1.950310568959791,-0.2834995294622946,0.6800041874930641,1.1771245258794956,1.0357949117831895,-0.7134621759631065,N900_RS02745,TatD family deoxyribonuclease,0.8458097833333333,-0.49396,3.6932,6h_st,6h,st,3h_SI3,3h,SI3,4.18716
-0.37115793103426453,-3.52127854037023,-0.5956054694221022,-0.23895264619960366,-1.0386240452171085,-1.1573650332060184,-2.386434456636926,0.5540388073385721,-1.3198645216734053,0.07176838487799642,N900_RS02750,nupc,0.6908106116666667,-0.73099,3.1445,3h_co,3h,co,3h_SI5,3h,SI5,3.87549
-1.2759335158989138,-1.1614299740310938,1.5104690229431728,-3.086295414797993,1.4606516250990054,-1.3432112900306241,0.4218434278259168,0.15379520765316199,1.9046890924485567,-0.8452692355357545,N900_RS02755,N900_RS02755,0.9256157500000001,-0.97954,6.0336,6h_SI8,6h,SI8,6h_SI4,6h,SI4,7.01314
0.05373691447503237,-0.98659270178393,-1.256032295298999,-1.3163430932751918,-3.1082361002516428,1.5344071229527625,-0.186702321143273,3.4969879385276785,0.7442993985220655,-1.0577758083899786,N900_RS02760,deoC,0.89201887,-0.67508,4.2044,1h_SI8,1h,SI8,3h_SI3,3h,SI3,4.87948
-0.7754939775107195,0.2928203029721877,2.147260375474095,-1.6637033678386415,-2.2924978115289987,3.12820481530097,-0.4249487579817228,0.2556381592949936,0.06380221912276207,2.2990796940219056,N900_RS02765,deoA,1.6459232499999996,-0.26083,5.9522,6h_SI1,6h,SI1,3h_st,3h,st,6.213030000000001
-3.025046563304167,0.06631590747313726,0.8053748785145912,-0.17264431422047943,1.2926816849835159,2.344169286468034,1.636634362051842,0.20063767210985056,-1.0182893675212012,-0.3587754539619083,N900_RS02770,deoB,0.3531827133333334,-1.3174,3.3184,6h_SI3,6h,SI3,3h_SI6,3h,SI6,4.6358
0.2564586860655753,-3.81358960678333,0.7396953588684977,0.4367093345905042,1.4719218174657436,-0.6577226308814637,-0.27470048510854683,0.8407522058518637,-1.6974792972104935,-1.751598996002754,N900_RS02775,deoD_1,0.9162402883333332,-0.57302,3.3385,3h_SI3,3h,SI3,1h_SI1,1h,SI1,3.91152
0.7853543686260314,-1.3002280852676615,-0.15501017944400078,2.671066184825511,0.12522919532667762,-1.5700960969963638,-0.5280428588383761,-0.756972367252118,0.5833096805910353,0.2396493512328326,N900_RS02780,SMP protein,-0.08477561666666669,-1.5022,2.9988,6h_SI9,6h,SI9,6h_SI4,6h,SI4,4.501
-0.38872373665300586,0.10717322299639362,-1.8662052863720768,0.9660217495896428,0.0749588749611496,1.169157890571676,1.142152632024405,-2.623034411499123,-2.560302156610927,-0.5888742602524001,N900_RS02785,phosphoserine phosphatase,0.4051759,-1.0188,3.6471,6h_co,6h,co,12h_SI2,12h,SI2,4.6659
-4.381852809607891,1.3995640169193149,0.9018365485652109,1.4670820094454422,3.1703638198164765,1.458937445143717,-0.7660443506225509,-1.241898831442684,0.5341472832933705,-0.253926693773616,N900_RS02790,pilz_1,-0.29004536166666667,-2.0458,3.2356,12h_SI3,12h,SI3,3h_SI1,3h,SI1,5.2814
0.6259965792978681,-0.6097228896134614,-1.5369425013534013,-1.3325294727461867,0.04262216166917973,-2.491496190137119,1.0453829795613236,-1.6572167887662246,1.4300888087905284,0.6988875165485204,N900_RS02795,radA,1.1993223766666667,-0.6791,3.9582,12h_SI1,12h,SI1,6h_SI2,6h,SI2,4.6373
-1.3084887988722702,-0.6339266377386336,-0.03409551848820092,1.2240189113801168,1.8232730141034148,1.5736598236050385,-0.17722943631231025,0.6225976915091069,1.486919029723936,3.383730338606722,N900_RS02805,AMP-binding protein,1.1388618,-0.60642,5.6882,12h_SI1,12h,SI1,3h_SI1,3h,SI1,6.29462
-0.1521588267216858,-2.004080230015641,-2.4559156684595007,-3.0311129210702736,0.29248224973959897,0.69053332328302,-1.2340948910605296,-1.7641334222594398,-0.30365851796155463,-0.3790664388778797,N900_RS02810,N900_RS02810,1.37869715,-0.025482,5.2553,1h_SI6,1h,SI6,6h_SI4,6h,SI4,5.280782
1.1378095428038835,0.6583920614390427,-0.8587231747629881,1.2097431920269206,-0.047460546546998904,-2.0959785839153726,-0.5488114608190271,-1.0207864350525102,0.999615016786014,-0.1753293619189773,N900_RS02815,chrA,0.6252994216666666,-0.44421,3.1433,24h_SI8,24h,SI8,6h_SI2,6h,SI2,3.58751
0.40195469505620185,-0.7406330414581841,2.0570127484214553,0.008301596845302406,0.1560161875312419,2.0684391004223412,-2.655704370385963,0.017677056302172173,0.7912390001806553,0.6470261243490552,N900_RS02820,lacZ,1.251741088333333,-0.51654,4.2433,3h_SI2,3h,SI2,3h_SI1,3h,SI1,4.75984
1.0218149548581223,-1.175457059130565,-1.0138294898527707,-1.556479340194188,0.23822930091574054,2.9571782665208994,2.7439087819755406,-1.9993248687433762,-1.1382463356450887,-1.35762219917546,N900_RS02825,galR,1.2336510483333334,-1.1315,4.6091,1h_SI1,1h,SI1,3h_SI2,3h,SI2,5.7406
0.9890068926421183,0.4030686600078334,-1.7476331228773945,-1.5906294872164874,-2.125782516090119,0.7488005757404985,-2.629677872281566,-0.5110342048315084,0.17338731871313695,0.793115239570441,N900_RS02830,ygjH,1.618199233333333,-0.16826,5.5369,3h_SI5,3h,SI5,12h_SI2,12h,SI2,5.70516
-0.48374675147835244,-1.9430875253386284,-0.7687955648866591,0.5491239425936061,0.0028571467168008735,-2.5049433411082975,0.3472404759450628,-0.4108688654919079,-2.014462322925405,-1.6450782232071073,N900_RS02835,gamma-glutamylcyclotransferase,0.32831935000000007,-0.92455,2.8668,6h_ce,6h,ce,3h_SI2,3h,SI2,3.79135
-0.28538193731091166,2.5282128899436116,1.0765407634722008,-1.019491563688533,-0.6495510992936198,-1.9251314446615644,0.6902927590516666,-0.6700586809289846,-0.06744458291408961,1.4835305965733447,N900_RS02840,ZntB,0.4454597178333333,-1.2592,4.7811,6h_co,6h,co,6h_st,6h,st,6.0403
2.8715089706285637,-0.38666434815839856,2.86796926818192,-0.14255881258230052,0.3902542274523767,-0.5315248365460132,-0.059140370489504934,0.7459184848231338,-0.5302443810754617,-0.6266588070516709,N900_RS02845,RimK family alpha-L-glutamate ligase,1.4170708166666666,-0.19774,4.2161,3h_co,3h,co,3h_SI4,3h,SI4,4.4138399999999995
-2.9285698851787325,-0.079034344126446,-0.8856606415446442,-1.1859700543208607,-0.45564024763640437,1.0360666935762672,1.161936179095242,1.827601017101236,-0.2595243589133258,-0.6456887980476299,N900_RS02850,ypeA_2,0.17090523333333335,-1.6028,3.8246,1h_SI1,1h,SI1,6h_ce,6h,ce,5.4274000000000004
0.9630502791003197,3.5919964292408832,0.5838321076279597,-0.024676284632488388,-0.05833006369748465,-1.1604564728676432,0.5124021201346325,-0.5341813538594462,-0.42917380109992176,2.0441161053537966,N900_RS02855,short-chain dehydrogenase,0.6105899499999999,-0.53732,3.6673,6h_co,6h,co,6h_st,6h,st,4.20462
-0.07174559356375765,-0.325729434909222,-0.6084770698453354,-0.016097863794162892,0.5552519507990458,3.0726084651330283,-0.8701873713238881,-0.531566737888699,2.276149350334453,0.30537672008276395,N900_RS02865,2-hydroxyacid dehydrogenase,1.2305892166666665,-0.36088,4.7294,24h_st,24h,st,3h_SI1,3h,SI1,5.09028
-1.394215595633496,-0.7330973125991078,1.167971821734419,1.3090601966478257,2.677030251558939,0.7786628648981785,1.3679783308886924,-2.2390642044166023,0.4864816409037213,0.1462829565744892,N900_RS02870,cysL_1,0.5111499833333333,-0.85326,4.5183,12h_SI2,12h,SI2,6h_SI3,6h,SI3,5.37156
-0.6155457546476164,1.5734739124972925,-0.05523493071026101,-0.4678170964141162,2.116011634234062,-0.08792594668238829,3.091938267377615,-1.9616347878196587,1.0317321505874952,1.243583310903576,N900_RS02875,C4-dicarboxylate ABC transporter,0.9010618459999998,-1.3833,5.3117,24h_st,24h,st,6h_st,6h,st,6.695
2.722326529284121,3.358889486365717,0.3530947211811456,-0.5395540891141433,0.5844374028845084,-0.7472895185125463,0.011584406569370653,0.31260979609939943,0.9007049167887238,-0.9647696602731657,N900_RS02880,recC,0.71830115,-1.2585,3.2783,12h_ce,12h,ce,6h_SI1,6h,SI1,4.5368
2.623268344262234,3.06794202934602,0.9072941143358124,-0.7683849746304536,0.5485363202751503,-0.6901260965699121,0.21878414255277034,0.7997001919429465,0.6125210307953846,-0.6494501408577539,N900_RS02885,recB,0.9415452116666665,-1.1394,3.5793,6h_SI9,6h,SI9,1h_st,1h,st,4.7187
-0.027201809979195524,-0.9307607124012554,4.438175006041351,-0.29528468937303987,1.5797656376167533,0.03893862430259165,0.14003607229716475,-1.4541882552206373,0.2206713542618709,0.7689388231505749,N900_RS02890,recD,0.6011931999999999,-1.8056,4.129,3h_co,3h,co,3h_SI1,3h,SI1,5.9346
-2.8912610404111536,1.0043462768076115,0.2762283521050631,-3.0443736336473335,0.7270524581805554,1.6061239224077415,1.966309462177987,0.6732348371145047,2.3171287283104833,-1.7903357830562825,N900_RS02895,N900_RS02895,0.5324415666666666,-2.4119,2.9091,6h_SI6,6h,SI6,1h_co,1h,co,5.321
0.9478703339705241,-1.421279929975669,3.248358150728055,0.7305723169690799,-1.6195058902411523,-0.6061698623301548,-0.9222915805263301,-1.3277772632533305,-0.35643368420570964,0.6723167017265044,N900_RS02905,argA,0.8955382333333335,-0.68056,4.186,6h_st,6h,st,3h_st,3h,st,4.86656
-2.2375825300250014,0.8889522156495467,0.6908879108300316,-1.5166868900638506,-1.7534987077473958,0.32273852350259746,-1.9577259972229648,-0.9840140768431589,-0.4583496273205613,2.0886515232580187,N900_RS02910,N900_RS02910,0.40408453333333333,-1.6601,3.3947,3h_SI6,3h,SI6,1h_SI1,1h,SI1,5.0548
0.33928339835122756,-1.9301883026095337,-0.38607821055169245,1.782533468216057,0.9408471852511474,1.6140861353551677,0.8801345273446948,-0.11889936832302861,-2.001742289952209,-1.4377656680983213,N900_RS02915,mltA,0.97652185,-0.51174,3.5825,6h_st,6h,st,6h_ce,6h,ce,4.09424
-1.507727525209833,1.0898717005928982,-1.1404423261015497,1.4086482711203696,1.6546141513561086,2.770855702432807,-1.2623975518401114,1.5665130388510045,-0.801162456402232,-2.781430823535092,N900_RS02920,tcdA,0.5016236333333334,-1.0621,4.1174,6h_SI4,6h,SI4,12h_st,12h,st,5.1795
-0.1296095078846382,0.5014409733368086,3.0846681945261443,0.6347371385269747,-0.26846455295561406,-0.16586068262092368,0.5258838936043959,-0.9151403623179075,-0.6640514006182644,2.4028189742168955,N900_RS02925,csdE,0.808715907,-1.2962,4.5695,12h_st,12h,st,3h_st,3h,st,5.8656999999999995
-0.6582510022176522,-0.07802810408318533,-0.6659570534332319,2.888258119637804,-1.0495845456976907,1.7650114255359224,2.4269978988752925,-1.2758554266965367,-0.35200375523287997,1.3601861689120136,N900_RS02930,csdA,0.3501479966666667,-1.2998,4.6318,24h_SI1,24h,SI1,3h_SI2,3h,SI2,5.9316
0.8289872271406309,-1.8510589621695437,0.34084642025861445,3.180910797121733,-0.7650856848545223,0.35057683772207415,0.7434358700105052,0.23320947367524958,-0.05179012985988252,-0.40728745905958,N900_RS02935,4-methyl-5(B-hydroxyethyl)-thiazole monophosphate biosynthesis enzyme,1.0250198833333333,-0.59836,3.6007,6h_st,6h,st,3h_SI2,3h,SI2,4.199059999999999
1.501270246583796,3.3770966860606433,0.9490172128491928,-0.14026578047742166,0.4135719899130961,-1.0218110564117884,-0.10704835686072112,0.6658618048383234,0.47253643247602045,-0.4601473078249925,N900_RS02940,panE,-1.7247886166666666,-4.1245,0.10697,6h_SI9,6h,SI9,3h_st,3h,st,4.23147
1.4754572411139613,2.1506561239178055,1.333932013605823,-0.6155804708355384,0.6484126889664874,-0.8378025938335101,-0.6426359363564542,-0.0888113479435389,-1.736436664434895,1.6815216196952936,N900_RS02945,ompK,0.7524406366666667,-0.52131,4.3981,1h_SI3,1h,SI3,3h_st,3h,st,4.91941
1.204329674456428,-0.856585532482808,0.06808752410028801,2.6772502249481818,-0.8766370652907822,0.879378882389028,2.159540404086866,0.4590544947327177,0.2932509656378388,-1.310851471540611,N900_RS02950,ATP-dependent protease,0.8988467666666666,-0.5411,4.8689,1h_SI9,1h,SI9,3h_SI2,3h,SI2,5.41
0.40144605752366047,2.01977033373614,-1.0409975903911128,-0.8242305211492309,1.432233977700478,-0.9594815809005233,3.716673146917441,0.025385293687552907,-0.7438312357401399,0.216004270095852,N900_RS02955,rpoE_2,0.7581910833333333,-0.94307,5.0489,12h_SI2,12h,SI2,6h_st,6h,st,5.991969999999999
0.7471902263458379,-3.5175706748884816,-1.300616217476614,-2.141758364650048,-0.718645160789608,0.6796276640250042,-1.74500983062802,-0.6648126137049792,0.11098870716371384,-0.14136697862599135,N900_RS02960,chrR,1.3518178166666666,-1.1114,3.8398,3h_ce,3h,ce,6h_SI1,6h,SI1,4.9512
-0.424602559663366,-2.320920124377446,-2.227399849816079,0.13279844731002788,0.6437617977721154,1.5594053713274163,-1.9154830148679836,0.1517165203241837,-1.9112216182704755,0.30079180747013234,N900_RS02965,ampG,0.85857015,-0.56457,3.1332,3h_SI3,3h,SI3,6h_SI3,6h,SI3,3.6977700000000002
-0.08815767854900924,0.573736768766504,1.2850030745256373,-0.30316446888319337,2.0230484736581547,0.8875345724004923,0.3460521863645315,2.756673861316557,1.2370109126929316,2.6173024962896676,N900_RS02970,peptidyl-prolyl cis-trans isomerase,1.1224447666666666,-0.29982,5.7685,1h_co,1h,co,6h_st,6h,st,6.06832
2.548166033346737,-0.4478565071917676,2.11789103902113,-0.39685066353816545,0.9330912977346166,0.6833172003928574,-1.6138505370477148,-0.27982122518151004,0.30328219134765527,0.9580841610116833,N900_RS02975,"lipoprotein, putative",1.38081945,-0.25722,4.7706,1h_SI8,1h,SI8,3h_SI1,3h,SI1,5.02782
1.0320339288401215,-0.9144344541901854,-1.7719421634663828,0.6809715330096919,-2.7607839003448476,-0.819782437747931,0.14979713070026868,0.3501168405199548,-1.4173699193253566,-0.3698485628737337,N900_RS02980,rlmG,1.3515866666666667,-0.18407,4.6271,3h_SI1,3h,SI1,12h_SI1,12h,SI1,4.811170000000001
-2.48723267407073,-1.7823834791287503,1.1218205490556366,1.52002050343552,-0.6027938326249949,-0.5535984087726391,-1.3891744836677222,3.471322145473723,-0.5880579326401761,0.41470749141042007,N900_RS02985,bola,0.19460240000000004,-1.7166,5.0121,6h_SI3,6h,SI3,1h_SI1,1h,SI1,6.7287
1.8468356180210659,3.6582099189925548,0.6756442587117564,-0.0015919401775332798,0.6538343409868057,-0.9747549219757292,0.036293327384605445,0.6596424849359082,0.6125149790793704,-0.7121029164838807,N900_RS02990,Na(+)-translocating NADH-quinone reductase subunit A,0.8913359333333334,-1.0847,2.8734,12h_ce,12h,ce,12h_st,12h,st,3.9581
-0.6396084595594851,2.811870466168315,1.2941966365289161,-0.11028414071949566,0.7322612700689416,-1.1750422325128267,0.1251824327749732,0.669872994573468,0.47157025069981073,-0.34896976668827606,N900_RS02995,nqrB,0.23807983333333327,-2.3117,1.5649,12h_ce,12h,ce,6h_SI7,6h,SI7,3.8766
0.3955378064286412,2.271691438718985,1.0197461318349064,-0.08586973229067563,0.6714690238028451,-1.0059914701455754,0.258345269020914,0.4342435242626418,0.4280523270302512,-0.028207058010400354,N900_RS03000,nqrC,0.7903676999999999,-1.6187,2.6773,12h_co,12h,co,6h_SI5,6h,SI5,4.295999999999999
0.3652337536955983,2.7440166649076962,0.9998999550235833,0.00709791195222742,0.5711647103575749,-0.8101577123589763,0.2519228185917818,0.4149829173943715,0.3563360657880311,0.2480740524599181,N900_RS03005,nqrD,0.3834622,-2.2262,2.2761,6h_SI9,6h,SI9,6h_SI8,6h,SI8,4.5023
0.5648287089969775,2.4090255728717636,1.17351288047516,0.11068321830526728,0.6207446141286775,-1.399719023221695,0.2307108413866263,0.8092147144700441,0.3785237493240362,0.36428027430632914,N900_RS03010,nqrE,1.0912582016666663,-1.4755,5.2286,6h_SI9,6h,SI9,3h_SI5,3h,SI5,6.7041
-0.6411533114127534,3.298470682371301,0.17088225464931103,0.8555744052591887,0.8094852193022779,-0.7390233856688309,-0.08767077530122935,-0.3982068094909614,0.45798561288920214,0.13245284647298095,N900_RS03015,nqrF,0.8921160833333334,-1.8258,2.6262,12h_SI9,12h,SI9,6h_SI3,6h,SI3,4.452
2.9415818766808375,3.2258055373123287,0.6977360619136576,-0.8146746932096982,0.5802586880639978,-0.6126072382113583,0.2478681555707628,0.8289134802620837,0.7482992272359921,-0.957217046686681,N900_RS03020,apbE,1.8395017333333334,-0.062167,4.0449,6h_SI9,6h,SI9,12h_st,12h,st,4.107067
0.26978850164237045,-0.267762581232299,-0.20038188423117234,0.3514992421816441,-1.2996150975462017,-0.28693952857474314,-0.9623722313167651,2.0333671488921885,-0.5887076810307074,0.0732459013862301,N900_RS03025,nqrM_1,-0.18323418333333333,-1.76,3.4997,6h_co,6h,co,12h_SI2,12h,SI2,5.2597
0.6661853827548008,0.43321480251647226,-2.1296521423981893,0.30791337788635476,0.2790530589199051,1.4808658556221914,-0.28500609639305763,-1.412778395996236,-1.571714708489497,-0.7604576936698114,N900_RS03030,dinB,0.36852725,-1.9891,3.2172,6h_SI6,6h,SI6,6h_SI1,6h,SI1,5.206300000000001
2.1127060239863864,1.1350924442160908,0.693859654531959,-1.4237267887066574,-1.3823004553629714,-2.2715357104063676,0.2459868868791401,0.6943952159082978,-1.2355694418332699,0.6741638183015863,N900_RS03035,N900_RS03035,1.8946756666666669,0.10631,4.7565,1h_SI9,1h,SI9,3h_SI4,3h,SI4,4.65019
1.025243961296379,-1.685564256854096,-0.9239496364643924,1.2550244960257246,1.5627197007509754,-1.1714178190713493,-0.578884598322478,-0.26427241093960135,0.646345171646944,1.4479699807566646,N900_RS03055,diguanylate cyclase_4,0.7464228249999999,-0.75771,3.7322,3h_st,3h,st,6h_SI4,6h,SI4,4.48991
2.1941847263593237,-0.6184811343505398,-0.6680218089629142,0.2582085788791555,-0.9634267524236214,-1.8503964241290904,-0.13531033549881344,0.7795369007818371,0.15437216741511334,1.7734407554394391,N900_RS03060,sodium-dependent transporter_2,0.9819248900000002,-0.24917,3.6451,3h_co,3h,co,3h_SI3,3h,SI3,3.8942699999999997
-1.0356230524018897,0.6775493551516065,-2.096959243036351,-0.3508710845920908,-0.4384873460102041,1.9957583486501809,-0.8656010036030919,-0.05995006324580571,-2.172857272903737,0.20694246081666656,N900_RS03065,deacylase,0.022602474999999997,0.003447,0.37188,6h_SI4,6h,SI4,12h_SI1,12h,SI1,0.368433
-0.9753600243178839,-0.3422304598706455,-1.0823240268123209,1.202753906376811,-0.6052123823764052,1.1163780793444527,1.9450164355576594,-0.5050841929746805,-0.5503717791998258,1.4680060316527672,N900_RS03070,rimK,0.6541712866666667,-0.9289,3.8758,6h_SI2,6h,SI2,1h_co,1h,co,4.8046999999999995
1.4363838709943604,1.2773006738568324,1.139750178645759,0.07459001792854192,-0.43712489547185845,-1.7433764144021437,0.6115894077718458,-1.8183700161070113,0.041423087482112764,1.2167792803069502,N900_RS03075,ATP-dependent zinc protease_1,1.0425344,-0.28888,4.1771,1h_st,1h,st,3h_SI2,3h,SI2,4.46598
-0.512733186889426,-1.36185408338112,1.6897017269351509,-1.7075156739703998,-1.4487938706326047,-1.3449373540070324,-2.922009718044885,1.542662574758183,-1.6508046104761815,-0.8012710037574363,N900_RS03080,pepD,1.1336517333333334,-0.34137,4.4745,3h_SI1,3h,SI1,3h_SI4,3h,SI4,4.81587
2.5543797002643016,0.5405745267607751,1.3628291057288286,-1.1151890366581014,0.6179138016841678,-0.7355977607591897,-0.329803051281081,-0.2061088000516635,-1.558712007951908,0.463452249722472,N900_RS03085,adeP,1.40251715,-0.093265,4.0942,1h_SI7,1h,SI7,3h_st,3h,st,4.1874649999999995
1.1399701385126368,1.5776728927110828,-0.3297344464429923,1.393655244619624,1.493890539829895,1.5946941082883328,1.9288164630415603,-0.7758392027682801,-0.18121895960943213,0.40010971601065637,N900_RS03090,gpt,1.6000353333333335,-0.20499,6.5751,1h_SI6,1h,SI6,3h_SI1,3h,SI1,6.7800899999999995
1.0684433312579529,2.362808049562096,-2.17503147662977,-2.011746326130997,1.2064709928088544,1.36471054010842,-0.038452082678784305,-0.16341162922060443,-1.118054669520498,-0.8359214360161337,N900_RS03095,frsA,0.8088615188333333,-2.1608,5.6376,1h_SI5,1h,SI5,1h_st,1h,st,7.7984
-1.565114397393708,3.403831483043343,-2.684636620646411,-0.07305320149381145,1.1680822302339289,1.9743214338614774,0.13821796394484787,1.0488080759243645,2.4692345224817105,0.7413936355664175,N900_RS03100,crl,0.24437211666666664,-1.4711,3.3645,3h_SI6,3h,SI6,6h_st,6h,st,4.8356
1.4099840483875345,-1.298269656545318,1.0876570741977933,-0.12231434291410492,1.2667421535044598,-0.5530525363939798,0.5301607044065879,-1.1331463543701146,-0.5137842966381191,-1.985029099503416,N900_RS03105,proB,1.3488796666666663,-0.0167,4.5122,12h_SI2,12h,SI2,6h_SI3,6h,SI3,4.5289
2.7385969376224315,-0.3696320429803639,-2.0127061307649967,-1.237108186377208,0.2918047911900421,-0.6653230683597573,0.6135110174545281,1.0927664720398633,0.1483924549199725,-0.4456164977960517,N900_RS03110,proA,1.9528545666666666,0.055854,5.0352,1h_SI8,1h,SI8,12h_st,12h,st,4.979346
1.6728232823697216,-1.683245914124197,-1.4113998359648599,1.7183579150731245,-1.2057500986033283,1.2417561307089935,-0.9057412280592996,-0.09163475494100276,-0.7143443526233334,0.902127245081251,N900_RS03115,nrdR,0.6570483666666667,-0.79433,4.3173,1h_st,1h,st,12h_SI1,12h,SI1,5.11163
1.2230376065066935,2.433321696957988,-1.1727829867202262,-0.8546489970484112,-0.34580876674268024,1.097153706455442,0.3523940876873648,0.2023036035452411,-0.5419802211039889,-0.131409155488049,N900_RS03120,ribD,2.0453425,-0.51989,7.2604,1h_SI6,1h,SI6,12h_SI1,12h,SI1,7.78029
1.539811699140297,3.3543105942103577,-0.06553455327275826,-1.0492477375220464,0.3383113783720494,0.323484051725077,0.6527361178237514,0.7069769178870622,0.5700535148390241,-0.7671860205050166,N900_RS03125,ribE_1,2.0474889666666667,-0.2911,4.8374,1h_SI7,1h,SI7,1h_ce,1h,ce,5.1285
1.0005057316501738,-2.5483123273370745,-0.7478020710340535,-0.4968290799982793,-2.8212862615580088,-0.8459042706159219,0.7294080694150558,1.6177907366414142,-1.0365191857920086,-2.105063152932601,N900_RS03130,ribBA,1.2050008666666667,-0.63296,3.936,6h_SI3,6h,SI3,3h_SI4,3h,SI4,4.56896
2.97792546538757,3.2254839923438876,0.7148088716867116,-0.6962762838351324,0.5204351406970008,-0.6652792903717282,0.4053298191108462,0.7157161450600095,0.6566488866498447,-0.9610215159239452,N900_RS03135,ribE_2,1.8595685499999999,-0.056577,4.2276,6h_SI9,6h,SI9,3h_SI2,3h,SI2,4.284177
2.8648439212298182,3.1390000630730093,0.7516728540795553,-0.6375513217375153,0.4843873353338645,-0.5887134980081972,0.3296380192861434,0.7236752428868033,0.7751056841815058,-0.4539801783308022,N900_RS03140,nusB,-0.06079564833333335,-1.9763,2.0323,6h_SI9,6h,SI9,12h_st,12h,st,4.0086
2.9698858071607663,3.160919491232522,0.6950442968922441,-0.6128219559242274,0.5040495017772456,-0.6304486645925036,0.21438247750135725,0.8477397645227451,0.6335484634927827,-0.6972259986396785,N900_RS03145,thiL,-1.3980944666666668,-3.3638,0.74928,6h_SI9,6h,SI9,12h_st,12h,st,4.11308
2.8038973754529426,3.2585856101032977,0.6570636422600789,-0.6097064261990781,0.5836235523313252,-0.7490628947537359,0.14455351489845625,0.7528898219878772,0.6777234069616584,-0.8679482921806166,N900_RS03150,pgpA,1.2966592000000001,-0.6473,3.4647,6h_SI9,6h,SI9,12h_st,12h,st,4.112
3.133990295956268,1.022739688956296,-1.3241695987652244,-0.8109288137504871,0.32596783032201104,-0.2181755599479751,2.1922929050143747,1.292687410591325,-0.012596923161836804,0.14326864485829127,N900_RS03155,VC_2264_BLAST,1.5669515000000003,-1.2715,5.018,1h_SI8,1h,SI8,6h_st,6h,st,6.2895
-0.9002049144264519,2.241353122611507,-1.7943524989832345,1.8915646944608602,-0.06736085564914865,-1.7346187208866306,-2.558416619589722,-0.036747674544880704,0.7723557608056927,-0.9746249217204366,N900_RS03160,glnD,0.25261503333333335,-2.4016,3.4429,6h_SI7,6h,SI7,3h_SI4,3h,SI4,5.8445
-2.2478700291154565,-0.3081612591193267,-0.06867054099815922,0.7521360356504418,4.038700619862062,-0.25540161642696213,-1.1140078396236621,1.2680427559388958,0.44069246255675965,0.8117709451239135,N900_RS03240,rnhB,0.21106356666666667,-1.768,3.0744,12h_SI1,12h,SI1,3h_SI1,3h,SI1,4.8424
-0.46760915851671747,-1.8244214913564938,-1.101163226346073,-2.7863758150893814,0.6746215590473664,-0.3035668148881765,-1.0492068572152145,-1.0449402531994203,1.190735956647301,0.01752340437594857,N900_RS03260,cytochrome c_2,1.4232952333333335,-0.47261,6.4359,1h_SI4,1h,SI4,6h_SI4,6h,SI4,6.90851
0.5548726519973637,-0.31912785920380793,-2.714420673518172,-2.8376896880414435,2.593757152925341,-0.5446575283349002,-0.6322772099617961,-0.7883700512094334,-0.5356357330305389,1.6596449404185185,N900_RS03265,padC,0.6109401133333332,-1.0369,4.9779,1h_SI5,1h,SI5,6h_st,6h,st,6.0148
2.6778011230587904,-0.27445016362902874,1.6148093366395166,-0.5254274614041594,0.47797080382595697,0.355913018060259,-1.50144123032801,0.255056237003988,-0.32583432781309796,0.5082489578490799,N900_RS03270,glnB,1.2820225333333333,-0.37078,4.1463,3h_SI6,3h,SI6,3h_st,3h,st,4.51708
-6.558138194853866,2.696405799563911,-1.2407241338631172,1.2936774030624703,0.4145801227757813,-0.2037500129249552,-0.3046556662309331,-0.22607389169434394,0.765286642093197,-0.29322905504097496,N900_RS03275,VC0395_A1830_BLAST,-0.8288588166666668,-2.8774,2.8362,6h_SI6,6h,SI6,1h_ce,1h,ce,5.7136
0.3689265800267565,-0.5857457573930018,0.8590343237940481,1.6353371592723063,-0.8545257627388345,2.1524181068008037,2.3508512606024854,1.1602270344764056,1.5745740094517187,-0.2794561119958797,N900_RS03280,lysm,1.18212265,-0.46943,4.934,12h_SI4,12h,SI4,3h_SI1,3h,SI1,5.40343
2.4225841863406687,-0.5043485742092899,2.123933327534413,-1.1325687939316251,-1.0151975363817434,-0.8716668591166672,0.41196549970545604,-0.0680031221126488,-0.5979840101291439,1.4806983956909268,N900_RS03285,gloB,1.30892002,-0.27492,4.4042,3h_ce,3h,ce,3h_st,3h,st,4.67912
-3.2115356459539997,2.4252298616623325,-1.4043387311223594,1.367528358066048,0.1344992545032092,-2.1858290852813687,-0.10965578328580705,3.19652801382385,-0.38850692953844146,2.0656532413734263,N900_RS03290,class I SAM-dependent methyltransferase_3,-0.8981651666666667,-2.7032,2.9689,3h_SI6,3h,SI6,6h_st,6h,st,5.6721
1.430416494388945,2.5458776261327207,-1.8082269876644628,-0.4092280027285442,-0.5040423892447579,1.4836335207937195,-0.06668665092975101,0.39525698794089426,-1.0894493423191127,0.1132764391256409,N900_RS03295,rnhA,2.5071670499999996,0.030903,7.4271,1h_SI6,1h,SI6,12h_SI2,12h,SI2,7.396197
-3.072146820704286,-0.0849465663773385,1.1811765768809577,-0.8223588160090602,2.6879760796191676,3.0176361742616815,0.6451150232204562,0.36059203851531196,1.307366003154721,-1.1594254128562569,N900_RS03305,hldE,0.5671162815333333,-1.4957,4.4761,12h_SI4,12h,SI4,3h_SI1,3h,SI1,5.9718
0.7408937303694083,0.7995308651015003,1.8187979133940453,0.6209985934124176,0.6828425719947473,0.6616531232747803,-1.1895025197479683,-1.8234019580258864,-1.9113027723995955,-0.8829553478384998,N900_RS03310,fadE_1,0.59594249045,-0.86754,3.9811,6h_st,6h,st,6h_SI1,6h,SI1,4.84864
3.116073164195323,3.01189325836778,0.7084441760805796,-0.6660522411139258,0.4352617470893656,-0.558388289533859,0.2581165365562602,0.7715503881546995,0.7038041820216099,-0.657839690345978,N900_RS03315,gmhA/lpcA,-1.5608617199999997,-3.4683,0.53981,6h_SI9,6h,SI9,12h_st,12h,st,4.00811
0.8407495969608414,-0.27095878409969365,2.6915215168439137,-1.2263776305556218,-0.594255908358626,1.7806867837496148,0.3483300521491739,-2.1994332860131593,-3.370278152717554,-0.10643357726663505,N900_RS03320,yafJ,1.2761539,-0.89001,5.8195,6h_SI3,6h,SI3,3h_st,3h,st,6.70951
-2.1003436783475338,0.8276677678067772,0.6210720268567071,1.0144648247379164,2.7120840732631684,1.224837626942547,-0.853070945670791,0.20536669724705864,-0.45455804025230295,-0.8569524845502496,N900_RS03325,purN,0.6486622166666666,-1.1523,4.4136,6h_SI3,6h,SI3,3h_SI1,3h,SI1,5.5659
-2.955614674103258,4.244463212535612,0.04861512399552201,1.9204901444721862,1.119392164797735,-2.2879720968769486,1.384127470746991,0.48289037719481126,-0.9244113659361867,1.0381564552734488,N900_RS03330,purM,-0.5873585233333333,-3.6829,4.5548,12h_SI9,12h,SI9,6h_st,6h,st,8.2377
1.6338567812770153,-2.6858487554428327,0.6651091727260252,-1.511567496874714,-0.5577128698337042,1.3822337823128823,-1.2320023185015316,1.540097720514283,0.6231564370302702,1.754849303296515,N900_RS03335,upp,1.4134619516666664,-0.20871,4.8513,3h_SI2,3h,SI2,6h_ce,6h,ce,5.06001
0.5030540697622845,1.0174127454249218,2.02399111445541,0.5563504434523083,-1.7489621881025519,2.5040482320388255,1.0040431535047918,-1.9408867438898298,-1.0522928649122876,0.13521476848786607,N900_RS03340,N900_RS03340,1.12381125,-0.36831,5.0344,6h_SI1,6h,SI1,3h_SI2,3h,SI2,5.40271
-1.1139950534110337,-2.639822977700737,0.2866734216466982,0.2828984100291154,-1.117590560572481,-1.9815747999974462,-2.6035628325315248,0.21483351840099527,1.161190595910525,0.23413026733414988,N900_RS03345,rluF,0.8321339999999999,-0.90122,3.7215,6h_st,6h,st,6h_SI4,6h,SI4,4.62272
2.4640387258327836,0.11387598901093016,2.3855291093255286,-1.3196971034918745,-1.5891219941095769,-0.36091068646616176,-0.5941573986062976,0.15116185419514788,-1.2317554895217744,1.124328045715145,N900_RS03350,smrA,0.8919679699999998,-0.4347,4.9355,3h_SI9,3h,SI9,3h_st,3h,st,5.3702000000000005
-3.307591046985844,-0.7735947327343375,0.26330647720270955,-0.05054251027766132,0.9422926108052139,-1.6360230788408088,0.2592973017827068,1.612269657946544,0.768735028654286,-1.7145572433632594,N900_RS03365,N900_RS03365,0.33697688333333337,-1.5325,4.6465,12h_SI1,12h,SI1,1h_SI1,1h,SI1,6.178999999999999
1.8383090547847631,-0.5392157558612064,-1.6750344509832953,-0.2949609057636777,-1.161492006495382,-2.5413778649481755,1.6059511296024094,0.2747604388488051,0.28881379167206733,-0.9267298343344523,N900_RS03370,chb,1.3144442666666665,-0.049662,4.1063,1h_st,1h,st,3h_SI2,3h,SI2,4.155962
1.0432300937275416,-1.0138346683897979,-0.13196911678020587,0.5507084130185782,0.43155468188487395,-0.12461546999563944,1.446794689878872,0.08165499029824774,-0.6352088942961706,0.9349275285687075,N900_RS03375,N900_RS03375,1.0167689833333333,-0.37887,3.8786,3h_co,3h,co,6h_ce,6h,ce,4.25747
-0.4420185583446776,1.3604824882410567,2.0921042611490583,-1.8595814466598044,0.5294742158884664,-0.18658663228976935,-1.0807871562667142,0.13778539751192193,-0.38199661796279705,3.2393475904085838,N900_RS03380,heavy metal translocating P-type ATPase,1.4021162666666667,-0.047342,5.6903,1h_SI1,1h,SI1,3h_st,3h,st,5.737642
-2.864355649573078,-3.0642817152826214,-1.0949485887763832,-1.5915687264124327,1.4311085901904572,-0.8967364830880971,-2.322893861499768,-2.655458903342568,0.15647155564875265,-0.23902747038551375,N900_RS03390,ompA_1,0.5639117666666666,-0.96167,3.439,12h_SI1,12h,SI1,1h_SI1,1h,SI1,4.40067
-3.3256283684990073,-1.8631088075381315,2.950380701172187,0.17731768887779298,-4.061904685126784,-0.06540319728043686,1.9834449829857608,0.832810501805602,0.12572427049291718,1.3045959530871076,N900_RS03395,Fe3+-citrate ABC transporter substrate-binding protein,0.5749562666666665,-1.6408,3.404,6h_SI2,6h,SI2,6h_ce,6h,ce,5.0448
0.8948200751170017,-0.8198774802248923,1.0602079804839555,2.8783459590161957,-0.03805441590282347,1.1049737764913787,1.0264364975317992,1.3954438983735553,0.30189028178985444,-0.6509823282211666,N900_RS03400,vuuA,0.5488996215,-0.76455,4.4043,3h_SI9,3h,SI9,3h_SI1,3h,SI1,5.16885
1.7843857867727264,-0.6278003151652413,-0.32789936992486884,0.7539133905759776,1.5002779790957945,0.368174828675387,-0.571240296942725,-0.35723790732213584,-0.36339395560102883,-0.04491447093510026,N900_RS03405,vuuB,1.5427878333333334,0.10516,4.9541,1h_SI4,1h,SI4,3h_SI1,3h,SI1,4.848940000000001
2.909479214938454,-0.844946786921507,-0.9712431341259138,0.8210661919185847,-0.4984018238298043,1.10655240924577,1.42858328495444,-0.34522331399817113,0.11096940819588541,-1.268155794574706,N900_RS03410,non-ribosomal peptide synthetase,1.5927311833333337,-0.25233,5.4005,1h_st,1h,st,3h_SI2,3h,SI2,5.65283
-4.670730217638356,0.886544226975333,-0.8594433849222606,0.8887658635559164,0.7179808772292311,0.9298380364930748,0.39951737025499073,-0.19810062196747769,-1.0374871225683822,2.224982526352404,N900_RS03415,flgT,-0.14212526666666667,-2.3232,3.5808,6h_SI6,6h,SI6,1h_co,1h,co,5.904
-4.86459616759072,0.5854653378173426,0.6631495258174257,2.0598412546377016,0.1853834950033743,-1.3225073751012597,-0.642991572257188,0.03674989125848821,-1.1445648457138295,1.416223303338494,N900_RS03420,flgO,-0.7477126166666667,-2.6831,2.936,24h_SI4,24h,SI4,3h_SI6,3h,SI6,5.6190999999999995
-7.357215734081537,1.618537820659929,0.5712048852525419,1.927093192822412,0.21375794897589975,-0.9801109464010351,-0.13493853458691174,-0.4869455506114935,0.020308819128578848,0.7904361453005151,N900_RS03425,flgP,-1.4280121,-3.2313,0.98859,3h_SI6,3h,SI6,1h_co,1h,co,4.21989
-2.4912827826510426,3.2317671057491006,5.2490511032363765,-3.9588114799255427,-2.046733254399298,1.5684365363873338,-1.4741289749772097,-1.000964256942453,-1.2526555459872157,0.28922953116125694,N900_RS03430,flgN,0.0059134508333333335,0.00024007,0.2015,6h_SI3,6h,SI3,3h_st,3h,st,0.20125993
1.4527337281683792,3.9289117847703383,0.5640484443183721,0.08525931314367363,0.6758601912725879,-1.0492117187303316,-0.07128480061314757,0.6187864598975275,0.5402236068592386,-0.8262131622695208,N900_RS03435,flgM,0.4104534,-1.847,2.2662,6h_SI9,6h,SI9,12h_SI1,12h,SI1,4.1132
-5.0746186512895095,-0.2514345318815334,-1.8118707372818337,-1.4644614750538585,1.5409630792765046,-0.745538580779948,-0.0401493945353778,-2.0313277514105876,-0.3134048421039224,1.6150668571500086,N900_RS03440,flgA,0.03399868333333334,-1.7476,2.7586,12h_SI1,12h,SI1,6h_ce,6h,ce,4.5062
1.268070314838588,4.162949687662044,1.1192421081162525,-3.4133393855978973,0.5862636494786799,1.4025907364077022,-0.036087444397134294,0.7401014693904762,-2.0339862208162116,1.376044689229767,N900_RS03445,chev_3,0.012303883288166666,-1.0121e-05,0.12997,1h_SI6,1h,SI6,3h_st,3h,st,0.129980121
4.0336201516516885,1.2005476065763818,0.16857422412739176,-1.9162333014625053,-0.591254345120887,0.7197982294310631,0.29817337200885546,0.38859977550035757,0.09728445348526443,-0.5047291253369707,N900_RS03450,cheR,3.139775,-0.88371,6.9658,1h_SI6,1h,SI6,3h_st,3h,st,7.8495099999999995
-4.913333591301156,-3.6077330495635755,2.019966730718335,-1.98724502860977,-0.8991706438164584,0.474552182335241,1.3215842178519606,1.147913522106061,-0.20592637790200263,1.2931524697063195,N900_RS03455,flgB,0.3184827583333332,-1.8774,3.6052,6h_SI1,6h,SI1,3h_SI5,3h,SI5,5.4826
-4.197674845782169,-2.530095344382162,0.7110677395883256,-0.9671143797374793,-1.381832607889277,1.1392614211781817,0.7268697365873643,1.4039796510557099,-1.3789520309316412,1.0203137519103385,N900_RS03460,flgC,0.33713084666666665,-1.9347,4.3797,12h_SI3,12h,SI3,12h_SI1,12h,SI1,6.3144
-3.883610475613941,3.5282338033833187,-0.15632934429982817,2.1390062010292246,0.40323909846132056,-0.8912548359967636,-0.7429800405627152,-0.42121052800975917,-0.7534717517602322,0.3404458855564054,N900_RS03465,flgD,-1.0865150800000003,-3.1374,2.58,12h_SI5,12h,SI5,1h_co,1h,co,5.7174
-7.535180866856178,-1.7119220341478685,0.246769730461647,-1.3135349690757463,-0.523880956235221,1.2576356499082768,0.9537923197529725,-0.541458583918552,-0.07321904690624004,0.3406368685327734,N900_RS03470,flgE,-0.12460141666666669,-2.4923,2.9026,24h_st,24h,st,3h_SI7,3h,SI7,5.3949
-6.08609109775969,-1.473192928693994,1.3160664842202916,0.049067669882912,-0.2408002908907029,-1.2607787758244804,2.8274456362470604,0.44608489520742,-1.1269830995227021,1.6114021518363868,N900_RS03475,flgF,-0.20289133333333334,-2.8227,2.0858,24h_st,24h,st,3h_SI7,3h,SI7,4.9085
-5.1316966049295605,1.2105440622669656,-1.9171102563787503,-0.11238675596580472,0.34294418757056255,0.8146883743350783,0.2268583261296203,-0.0877584630960268,-2.053545566671443,2.962804247876025,N900_RS03480,flgG,-0.13296024999999997,-2.5197,3.9654,6h_SI5,6h,SI5,6h_ce,6h,ce,6.485099999999999
-7.270851628425484,-1.0284001275327297,0.21765003888748158,0.2089060639519298,-0.48007769497093705,0.7620216442890759,0.5940008430218854,0.6219591810415135,-1.0256676405543024,1.2835903416611865,N900_RS03485,flgH,-0.06573306666666665,-2.2189,3.5089,24h_st,24h,st,1h_co,1h,co,5.7278
-4.920170104388966,-0.5850788718444092,1.456188298695078,-0.6257684980802982,0.49962592685172036,-1.444906398739397,3.2111181325659297,2.139945983392689,-1.369942734188867,2.6066322509455455,N900_RS03490,flgi,0.20428071666666667,-1.3246,2.9299,6h_SI3,6h,SI3,6h_st,6h,st,4.2545
-6.39870585107766,-1.2561506549895523,-1.3651353950710445,0.27266252473818353,-1.6645895081109552,2.1338178839720543,-0.48567151681372245,0.4543606691726063,-2.7193662881176865,1.3426621263129876,N900_RS03495,flgJ,-0.44742275000000004,-2.3395,1.8545,6h_SI3,6h,SI3,1h_co,1h,co,4.194
-7.421552085842495,-0.7822647347989378,0.501658567484202,0.5651520330512918,-1.1192793967510404,0.24360862648799708,0.33503973101292106,1.6405550101000603,-0.6604681169667715,-0.7007012948628211,N900_RS03500,flgK,-0.37965105,-2.7052,2.176,24h_st,24h,st,3h_SI4,3h,SI4,4.8812
-6.052365570124673,0.26024447248782623,-1.1981294658667059,0.2814350031905035,-0.5827513736856876,1.2033350078152065,0.31152712604511484,-0.023373778736422213,-1.5726006591000443,1.2906795227394479,N900_RS03505,flgL,-0.5631657109999999,-3.2202,2.3113,24h_SI3,24h,SI3,12h_SI2,12h,SI2,5.5315
-4.576890576501676,-0.881360869762353,-2.1093463668023062,0.07157150027539916,-1.1241506918203312,1.782591006008415,-0.5635813038433903,0.20985985728320458,-3.365845378249983,1.26120474263356,N900_RS03515,flaA,0.16992531666666666,-2.0482,4.1697,24h_st,24h,st,12h_SI1,12h,SI1,6.2179
-0.3702100417532326,1.8482845849786895,-2.4479107758795453,-1.9983025270715895,-0.11643623644487633,-0.5208776884446398,3.8043183690287625,-0.6377359272966441,0.5946543903528473,2.0451842632149333,N900_RS03520,flaC,0.7919410433333333,-1.0473,5.441,1h_SI1,1h,SI1,6h_st,6h,st,6.4883
1.3344772536050904,2.92554960144189,-1.6497443630324375,-1.2971965500075755,0.13178155677655293,-0.012803782406710651,-0.397201668333669,-0.42389184397067164,0.19415649495670667,1.27595544944022,N900_RS03550,ychF,-0.16723281666666667,-2.8794,5.1424,6h_SI6,6h,SI6,6h_st,6h,st,8.0218
2.907900880632611,3.2958046668497847,0.6782798184288217,-0.6144127956427159,0.6137777460034609,-0.6034428618618215,0.20592936421810404,0.7602780588574127,0.6967878776974343,-0.8551919245119944,N900_RS03585,prmC,1.2679231333333336,-0.52671,3.4364,12h_ce,12h,ce,12h_st,12h,st,3.96311
-0.9668874261691145,0.10182071762183598,0.8569579483734144,-1.9550165435589708,-0.7737222226851876,0.4476006569428953,2.761510070281994,0.6333903010337751,1.2280114102843414,-1.9935717455644533,N900_RS03590,sirB2,0.7311103499999999,-2.5659,5.3479,6h_SI6,6h,SI6,3h_SI5,3h,SI5,7.9138
1.0530310550953184,-2.9913960208510333,0.6537711306559032,1.503545340025116,-0.18957894652903562,0.35812667373109075,-1.0189601679454026,0.47615102516368024,2.246071329184506,1.2805363704680557,N900_RS03595,sirB1,1.1940692,-0.35314,5.0618,3h_co,3h,co,3h_SI3,3h,SI3,5.41494
-0.5661748915469955,-0.23896667528449766,-0.3443712489308577,2.5334754489905906,1.6023657866741299,0.15425003398688786,-2.9205850781908858,1.1914308520355519,-0.6313281266831493,-0.9615949002178122,N900_RS03605,ushA,0.08067279666666669,-1.3692,2.8217,6h_st,6h,st,3h_SI4,3h,SI4,4.1909
-5.118463881661387,-0.24414040120738967,-0.4131892253841533,0.2134125048415907,-2.1038353707226367,-0.35612056672947423,-0.035181816856460824,0.01571918961381724,3.2836306898903085,1.5755222411286829,N900_RS03610,ybaK,0.13777997233333336,-1.2145,3.027,12h_SI2,12h,SI2,3h_SI3,3h,SI3,4.2415
2.361872982093997,0.56024245844562,-1.1868481816957777,-0.19263245996291678,0.5183138021644162,-0.5752489275878383,1.6962129319923813,0.877449532876682,0.13576732186771145,1.445149958458359,N900_RS03615,uracil-xanthine permease,1.3931589866666663,-0.063575,4.4496,1h_SI5,1h,SI5,6h_st,6h,st,4.513175
1.8224411817414143,0.29902039717386353,-1.8076660859382503,0.5640612791522033,-0.15472614868602014,1.062440747657541,-2.268958893093872,0.47648480618320865,1.0328109789761422,-1.1870943208965647,N900_RS03620,N900_RS03620,1.4869252666666668,-1.7158,4.6252,6h_SI5,6h,SI5,3h_SI4,3h,SI4,6.341
-2.771333558789547,-0.6419095399698571,-0.07305618464000604,-2.005666574917915,0.6105137832166821,-1.503710910199366,0.6348256133361407,0.07349167036653706,2.5909453254347192,2.039103721330978,N900_RS03625,N900_RS03625,0.5601088333333333,-1.1414,4.1243,12h_SI3,12h,SI3,3h_SI5,3h,SI5,5.2657
0.6567162905839314,-0.4885437688451021,0.09729569019887092,2.089837283118953,1.8486066170109343,-1.5657645981488515,-1.2992191589426418,-0.27016063959510955,0.8475333712714583,0.9867147335142312,N900_RS03630,wrbA,0.49509816333333334,-0.89623,3.5,3h_st,3h,st,1h_SI1,1h,SI1,4.39623
-2.346152665369667,-0.7796578542077435,0.5789048661950009,-2.073780722625567,0.050705286307548905,1.0132149301530733,1.5957491397108423,-0.6428935171923884,0.4932679168951626,0.7258316833516254,N900_RS03635,arsC,0.7619127000000001,-0.69393,3.4797,6h_SI7,6h,SI7,3h_SI7,3h,SI7,4.17363
0.6103271782687769,-0.38842010860586773,-0.3399015636498853,0.1912262979940662,0.494017238577055,3.9480567846429224,2.6187383697412416,-0.9362723009638607,-1.7092947461459875,-0.23765463523543262,N900_RS03640,bepA_1,0.7092973833333333,-0.73641,4.1162,6h_SI3,6h,SI3,3h_SI1,3h,SI1,4.85261
0.7333758986845882,-1.5914258013823182,-0.21137932477735916,0.12717145072740355,0.6440826461019326,2.518620775793112,1.6302715585846457,-0.45090274544044034,-2.1220017072701585,-0.7255205877470162,N900_RS03645,N900_RS03645,1.008413416666667,-0.60351,3.8867,3h_co,3h,co,3h_SI2,3h,SI2,4.490209999999999
0.5626039581497659,-1.9634766062593183,-0.8864186482374854,1.0945332704769442,-0.10211684783977282,0.5750731678734154,-2.350841129989976,1.0718420470887542,0.8342378934458289,0.07007321979461456,N900_RS03650,perM,0.6932577166666668,-0.69001,3.4298,3h_SI9,3h,SI9,12h_SI1,12h,SI1,4.11981
1.6888597463045745,1.8069823172385822,-0.9800310685113263,-0.3559607735857082,1.4826622990688603,-1.0142283990105738,-0.029559356301324446,0.545857566285069,-2.1084770552046015,-0.7475920384609035,N900_RS03655,mlp24,1.4873711666666665,0.27441,4.4475,3h_SI3,3h,SI3,3h_SI4,3h,SI4,4.17309
-0.17291887959079633,0.744524327421282,-0.43622875673999145,2.7327367838449286,-0.42850898150150524,1.0872226158195344,-1.72292294085874,0.7126427517106595,2.3942685536540873,-0.5224653100481238,N900_RS03660,bcp,0.23147527666666662,-1.7163,4.3787,6h_SI7,6h,SI7,3h_SI3,3h,SI3,6.095000000000001
1.9789029346606464,0.7905592260435512,-2.296762913455385,-2.842817366662263,1.8686768023053537,0.5892577792956868,0.039521591626417996,-0.5669661427572761,1.1793869806567243,0.7535376136133254,N900_RS03665,gcvR,1.7646126666666668,-0.38961,5.8117,1h_SI1,1h,SI1,12h_st,12h,st,6.20131
1.1690719539509589,-1.3136691925013995,1.3368667947330397,-2.936731062661178,-2.0915406976978876,-0.06127810404183898,-2.300052813593588,1.084636398577484,-0.9113141793509311,-0.9703301998966942,N900_RS03675,bamC,0.88281807,-0.67533,3.8229,1h_SI5,1h,SI5,3h_st,3h,st,4.49823
-1.7346254043166884,0.8493942617524081,2.0285594458968514,-1.5253286230354264,-0.26985512360938674,-1.0391129026618144,-3.15979166033185,-3.3166960468890507,1.9667087483965595,0.5776105654712753,N900_RS03680,N900_RS03680,0.55879889,-1.2673,4.5292,12h_SI2,12h,SI2,3h_st,3h,st,5.7965
2.2933702833609306,3.191085045025857,0.21978656641119168,-0.6840848473891015,0.45540226663648964,-0.04763728411013646,0.42663207619104926,0.5221609274558762,0.6062099348861013,-0.5624769286673932,N900_RS03685,M15 family metallopeptidase,1.4966350999999998,-0.5671,3.2515,12h_SI6,12h,SI6,12h_st,12h,st,3.8186
2.0991154126790628,2.1766636242071624,-0.4941496065964495,-1.5025649237523098,0.2944023938856296,0.6496794472349141,0.4628862702875657,-0.3809432030638346,1.2917211803592688,-0.6457834895203632,N900_RS03690,dapE,0.0205343333333333,-2.4693,4.7686,1h_SI6,1h,SI6,6h_SI3,6h,SI3,7.2379
0.5189000593021809,-0.46525786861077156,-2.033694102073419,-1.6125637387952438,1.9108797013178624,-2.7622400509542895,0.8049484175780554,-1.5412195491578775,-1.5797898646997508,0.8661347703893123,N900_RS03695,ArsC family reductase,1.2582872,-0.038061,5.026,3h_SI3,3h,SI3,6h_st,6h,st,5.064061
0.37726399967075475,-0.5616428376443512,-0.5388422954018297,0.24898274947829657,2.5997408775731703,1.6345222518476974,-2.494900082157635,-0.3157996125627141,0.49348741304997035,-1.6331168913034713,N900_RS03700,N900_RS03700,1.0246902466666665,-0.48085,5.02,3h_SI5,3h,SI5,6h_SI2,6h,SI2,5.50085
1.5119972302634874,-1.3297691933940652,-1.7550556983849104,-0.9416056761749346,-0.8186396203160315,-0.6226186132518496,-1.8726640273781168,0.35057119957012767,-0.418621045524462,-0.8926137698916166,N900_RS03705,N900_RS03705,0.9900437666666668,-0.64182,6.3746,3h_co,3h,co,6h_SI3,6h,SI3,7.01642
0.6555213163105091,-0.7468070758341177,-1.0638524422319713,1.5964235981235135,0.4918837369381751,1.5107485866738215,0.3166868748818476,1.0311196637666076,-0.7227837667015712,1.722953791815651,N900_RS03710,N900_RS03710,0.5831419666666666,-0.73314,3.324,12h_st,12h,st,3h_SI1,3h,SI1,4.0571399999999995
0.6897082541248616,-1.379620760048953,-1.5865687515910847,0.32059604338186176,-2.069546715362031,-0.7883552793141915,0.38407658623436636,-2.487645054194995,0.8978864827076027,0.31103220908231033,N900_RS03715,yfeX,0.7683352,-0.67149,4.4085,6h_co,6h,co,3h_SI3,3h,SI3,5.0799900000000004
-2.406619676615195,0.226967753564499,-0.8407643056643493,0.9785628427302866,-1.4591376183920188,3.2634641313267387,-0.5802696375745446,1.5194103668748584,-0.6077628082187402,0.8080605942651475,N900_RS03720,flaE,0.03334885000000003,-2.3773,4.2765,6h_SI5,6h,SI5,12h_SI1,12h,SI1,6.6538
2.4850801125349866,-0.2388192770554648,2.0187575935011366,-1.1181762155789114,-0.6386047482838957,-0.7967242414208371,0.28092595133456205,-0.19702016683951812,0.3506008683924352,0.7498978586658975,N900_RS03725,flaD,2.1296734833333333,-0.053671,4.6878,1h_ce,1h,ce,6h_SI3,6h,SI3,4.741471
-2.093647755046393,-1.4305882996382395,0.9860585571847988,3.285190754304261,0.41586377760610577,-2.00927734224228,-0.6483130487863071,0.17700850770402465,0.37312280679229914,-0.011069875185096167,N900_RS03730,flaB,0.1458025983333333,-1.2065,3.0556,24h_st,24h,st,3h_SI4,3h,SI4,4.2621
-2.830609346255898,-1.2503496278744795,1.2698424805144273,-1.3829452461400988,0.22593984751287996,-0.6600435338635275,0.740754412836744,1.542449837665469,-0.18847340182067174,0.07769048566249415,N900_RS03735,flaG,0.009930654708333335,-5.0105e-06,0.47317,12h_SI9,12h,SI9,3h_SI5,3h,SI5,0.4731750105
-6.802592020819038,0.11832690614012956,0.047093955737030097,-0.043564223635587984,0.2519140496216577,-0.342172839432185,0.9511924087311256,-0.17268425110700725,0.22659616281461886,1.6401505005186567,N900_RS03740,fliD,-0.33881431666666667,-2.6888,3.2234,24h_st,24h,st,1h_ce,1h,ce,5.9122
-6.050270277629441,-1.2170889170739687,-1.2190281360020627,-0.25201924800344755,-1.224621843223247,1.332341143723779,-0.39710159257678557,-0.4111705596110968,-2.6471749774717575,1.7549008217566888,N900_RS03745,flaI,-0.1419128366666667,-2.4906,2.8485,24h_st,24h,st,3h_SI6,3h,SI6,5.3391
-4.677564813401046,2.580667152264192,-1.87332008365788,0.7411395742549782,0.35528140746667625,0.9032702768648376,-0.5050723932280816,-0.6371603882756682,-1.0737126682629476,1.5442821479789781,N900_RS03750,fliS,-0.30167765,-3.0606,3.4384,6h_SI5,6h,SI5,12h_SI1,12h,SI1,6.4990000000000006
-6.2750059308730375,1.498368477551048,-1.4393341607491035,-0.22046073102227082,1.44141601166697,-0.77738755873462,0.3810499196245315,-0.20674832330867055,-0.09455214142818114,1.8352517425611417,N900_RS03755,flrA,-0.5369366733333334,-2.1492,2.6204,24h_SI3,24h,SI3,6h_ce,6h,ce,4.7696000000000005
-8.060483915809789,1.344417043201764,-1.2478052329305267,0.7293611292259183,-0.11704306954739596,0.6895934192829971,-0.23816074151583044,0.24402674309708838,-0.8119712672188281,-0.5027798089177677,N900_RS03760,flrB,-0.9369038299999999,-2.5717,1.645,3h_SI6,3h,SI6,1h_co,1h,co,4.2166999999999994
-6.400881379093275,2.0081781017909246,-2.3539685404722404,1.4744918816572032,0.291315119809825,0.5228693726361726,-1.2294328957493394,-0.960027976397281,-0.7205952740475766,0.15343303138917785,N900_RS03765,flrC,-0.8707446933333334,-2.6561,2.3086,6h_SI7,6h,SI7,1h_co,1h,co,4.964700000000001
-4.219539083782354,1.3488164026718585,-1.9520975612374003,-0.546060268623265,-0.7013502114991828,1.3169985906563764,0.19244851248260447,0.29956060029716114,-1.9920256565708878,1.3376554316235831,N900_RS03770,fliE,0.16610057333333336,-2.4807,3.7417,24h_st,24h,st,1h_st,1h,st,6.2224
-4.917359595115897,0.886577005043242,-1.703578629263149,0.9138545523159789,0.15639229145805164,0.031831869203293284,-1.3641929152844423,-1.5501553621404434,-1.7515681300777861,0.7722970433717715,N900_RS03775,fliF,-0.3808072083333334,-2.6879,3.0299,24h_SI2,24h,SI2,1h_co,1h,co,5.7178
-5.788640327767586,1.9952631836655106,-0.010196010995730934,0.991140061129741,-0.6317437817787009,0.20575792131582937,0.06120365831709551,2.5380634284867223,-0.6415127419624426,-1.070526928099353,N900_RS03780,fliG,-0.6873556220000001,-2.1395,2.8224,6h_SI1,6h,SI1,3h_SI4,3h,SI4,4.9619
-7.431850482619817,0.8863805573313429,-0.9864290992166074,1.6679799878121466,-0.5954523960131064,0.6393987507285466,-0.46599396909705737,-0.30931322812829637,-1.4282871780017934,1.1512134275575727,N900_RS03785,fliH,-0.6827772483333334,-2.7364,2.1816,24h_st,24h,st,1h_ce,1h,ce,4.918
-4.455820169623325,3.771406496118152,-1.4032982265095073,0.7620906172834729,0.9941762397006082,-1.8387442955675262,1.923386313007455,-0.9103828522703106,-0.9735693887758589,1.3866669639820268,N900_RS03790,fliI,-0.7154320333333334,-3.1346,2.4412,6h_SI5,6h,SI5,6h_st,6h,st,5.575799999999999
-6.4094131546497035,1.5372771412515425,-1.0092426779838335,0.4527780558195307,0.04522981285343658,1.8164317775682832,0.4545401308208279,-0.30604258688424607,-1.2082829920022413,1.030130349043728,N900_RS03795,fliJ,-0.5623280166666668,-2.7639,3.963,24h_SI2,24h,SI2,1h_co,1h,co,6.7269000000000005
-5.158985722698757,-2.2761345650654783,0.33114428379673144,-2.528699029499669,-0.34379654060198567,0.7768287851375271,1.3111493523959246,0.7170895002154152,-0.1026351927198298,0.9641697496873642,N900_RS03800,FliK,0.3675888499999999,-1.69,3.1892,12h_SI1,12h,SI1,3h_SI7,3h,SI7,4.8792
1.5434705007054266,-2.48131183018574,-0.156680557596101,0.9427024024451462,-0.06100424756868134,1.5019142713901328,-0.06286965285691504,-0.16775846299459535,0.007294010038887189,0.7567294943791387,N900_RS03805,fliL_1,0.9051686891666666,-0.63146,3.9314,1h_SI6,1h,SI6,3h_SI1,3h,SI1,4.56286
-5.368364710153978,0.6423160869249422,1.9349325276454181,-3.350815531300044,-0.4172451167920984,0.29142982994102984,1.0998973856821619,0.2566120480487295,-0.4948954623160332,2.9061952228494583,N900_RS03810,fliM,0.46106991666666663,-1.3375,3.2413,6h_SI2,6h,SI2,3h_st,3h,st,4.578799999999999
-6.824888700461033,1.3228125857678195,-0.33597379790583637,0.20820528135479233,0.17698763015550584,0.07567516065067748,0.609489228312134,-0.47376089389591397,-0.0606627870369596,-0.1299973286451962,N900_RS03815,fliN,-0.8230109999999999,-2.809,2.6714,24h_SI2,24h,SI2,6h_SI5,6h,SI5,5.4804
-4.202177772207353,1.865269404992123,-2.201423268016966,1.084008391789029,-0.12440527221852574,0.3420188847011232,-1.1035383551604396,-1.0824734472295412,-1.3285228018920732,1.254264853951404,N900_RS03820,fliO,-0.7279040999999999,-2.759,2.3135,6h_SI7,6h,SI7,12h_st,12h,st,5.0725
-4.5944708637169605,3.432114875215669,-2.590375982333748,0.07930988161797359,1.6652958004656189,-0.3746414908399027,0.4372062785318982,0.21355717928289453,-1.1757182880713994,2.428053875355661,N900_RS03825,fliP,-0.9185846999999999,-2.8421,3.1481,24h_st,24h,st,6h_st,6h,st,5.9902
-3.703428175333676,3.1812956363926403,-1.6596936002614282,1.0322851059885854,-0.602492396305135,0.5555466672107342,-0.8493185168890252,-0.27613506254998704,-1.9360136316746903,0.9784918162823304,N900_RS03830,fliQ,-0.3230146333333333,-2.7044,4.4215,24h_SI3,24h,SI3,1h_st,1h,st,7.1259
-4.480910977328135,3.2273657582199786,-1.6235221296034545,0.39425712072722474,2.430269519552932,-1.832830654863994,-0.15530783349972044,0.3048857732735568,-0.01046131504079606,1.3585783587351525,N900_RS03835,fliR,-0.8018761016666667,-3.0632,3.3387,6h_SI5,6h,SI5,6h_st,6h,st,6.4018999999999995
-5.888218661853792,3.3677283779249305,-1.6351175712890105,-0.42938126845578917,0.7305000435723821,-0.24199321331579293,0.4462363697266709,-0.1482682307268942,0.5431828630847209,1.1935702170821278,N900_RS03840,flhB,-0.6510982333333334,-2.2122,1.9887,12h_SI1,12h,SI1,1h_ce,1h,ce,4.2009
-1.5042150731788175,2.128839405885406,-1.4644227984189915,1.0888765939111473,0.40673305614543875,3.1204306465050284,-1.0921510536300054,1.7504124977094275,-1.1901697105270563,-1.0736028314403923,N900_RS03845,smrB,0.13035139999999995,-2.7134,4.6682,6h_SI7,6h,SI7,12h_SI2,12h,SI2,7.3816
1.280844688313758,1.3257873698228102,1.9963198921352674,0.25148545794216126,0.06706696216240188,1.967038603645145,1.0020280645146284,-1.5591880816553176,0.7553766406302678,-0.5353642740068091,N900_RS03850,prmB,0.6431684499999998,-1.3806,4.0404,6h_co,6h,co,3h_SI1,3h,SI1,5.421
-1.8537798796002813,0.30084096453664155,-2.0658767851001216,-1.546364276527397,-0.13122563678015015,-1.3113527258626316,-0.6913991112779778,-0.2501052764634834,2.0346104658590467,1.4067158357789709,N900_RS03855,N900_RS03855,-0.020193416666666665,-1.8639,3.2747,6h_SI9,6h,SI9,6h_SI3,6h,SI3,5.1386
-0.007356142412249689,3.535796871444744,0.3239780654420475,0.6037788246094316,0.7799925397093925,-0.9551462835720195,-0.20520745356222403,0.26009569896541923,0.26461800635799715,-0.4166415259551404,N900_RS03860,aroC,0.22324941166666665,-2.1794,2.8442,12h_SI9,12h,SI9,1h_SI1,1h,SI1,5.0236
-0.8915493566641661,-0.30709682889390943,-0.8059768787482373,-2.3441307869863954,3.2361595128985243,1.1395233424725726,1.2830340896563999,1.4458711265110773,-0.18680087404888135,2.5732834812500727,N900_RS03865,UPF0126 membrane protein HI_1240_BLAST,0.52156715,-0.94416,4.1591,3h_SI8,3h,SI8,6h_st,6h,st,5.10326
2.3756026908765326,-0.7731432359290891,-1.5811607256073084,1.4349161384419964,1.0142317927717905,0.8982077045965858,-0.1593308223649964,1.1618006039180413,-0.19013082718737118,1.106808335698439,N900_RS03870,epmC,0.9525703000000001,-0.49885,4.3038,1h_st,1h,st,3h_SI1,3h,SI1,4.80265
0.4789553178438237,-0.5819921750545748,1.226983130313343,2.520504332488633,0.6021563658420822,0.09834340649857853,1.5202545070879816,-1.321436990462224,0.46596406483292696,-1.6684173429299274,N900_RS03875,yfcl,0.22118402833333337,-1.0038,4.246,6h_SI4,6h,SI4,3h_SI2,3h,SI2,5.2498000000000005
0.521671996836027,0.023995203424849676,1.6508346850277722,1.0436076876227274,1.0942479517467487,1.3909395512080813,1.5148310319423464,1.4199472044010804,1.9227128754359404,0.180844923685486,N900_RS03880,NAD(P)H-dependent oxidoreductase,0.7045831833333335,-1.035,5.6277,6h_ce,6h,ce,3h_SI1,3h,SI1,6.6627
-1.7319513389348267,-2.0701773181075644,-1.79098517764225,-0.6887832640234182,0.8280551299943183,-0.8641597338850155,-2.7403112835282704,-1.5636742335965959,-1.8572558981969967,-0.25807357481597126,N900_RS03885,mnmC,1.0550568333333334,-0.37345,3.9275,3h_SI3,3h,SI3,1h_SI1,1h,SI1,4.30095
1.6761546259284277,3.6965504695159397,0.5535922678625315,-0.22541551810893146,0.7476167908974206,-0.7776944518239828,0.1273124015521676,0.6032480542805665,0.8042470566436037,-0.977301290563937,N900_RS03890,fabB,2.3340735,0.17644,4.1241,12h_SI7,12h,SI7,12h_st,12h,st,3.9476600000000004
-1.0156002628417795,-0.9197136930117693,-2.164528786424231,-2.5630457258676227,0.8245673077925653,-1.045108784440247,0.365209340665289,1.3875843014566773,-2.2442300060197975,2.98693268215769,N900_RS03900,asd2,0.35775623333333334,-1.2085,4.1019,1h_co,1h,co,6h_st,6h,st,5.3104
2.9507496916287304,3.3121573905263206,0.5867777164714946,-1.0482374818574938,0.5858075437197129,-0.4088582927872959,0.3523366191629006,0.8773859414507597,0.8926645299075823,-1.20307897869105,N900_RS03905,fur,1.9332754333333333,-0.05893,4.0533,6h_SI9,6h,SI9,12h_st,12h,st,4.11223
0.6416393120190755,0.12395280979795759,-0.4205056270567827,3.1316579461982617,0.4069114166196096,1.25994266956268,-0.27518356500834107,0.29843560225606547,-0.7530299875930934,-1.8040782359234415,N900_RS03910,N900_RS03910,0.7460684583333334,-0.63054,4.1226,3h_SI5,3h,SI5,1h_SI1,1h,SI1,4.75314
2.561353864823224,-0.15815928682795388,-1.4191417354539013,0.8039899024434694,1.6055772707192388,-0.9150886551993658,1.1584505788853265,0.8807076609007807,-0.5119649148458395,0.10536146684561631,N900_RS03915,gltC,1.3515615,-0.22479,3.753,3h_st,3h,st,6h_st,6h,st,3.97779
0.7780505017850543,-0.3828367686956916,-0.25639378516164846,0.7529417097182991,3.326293594377629,-0.7723819789077435,1.3328196767460272,0.8567249560986929,-1.1874435144108588,0.7995371759945102,N900_RS03920,cida,1.2251636333333333,-0.39789,4.3097,3h_SI3,3h,SI3,3h_SI1,3h,SI1,4.707590000000001
-0.30809250269586297,0.9203131039785719,-2.7320095698749802,0.34590900566451754,-2.3949919675722637,-0.7342986109730345,0.4800311251863444,-2.03952694317272,0.9709975991702244,-0.33087922633364425,N900_RS03925,yohK_1,0.7665800333333334,-0.59014,3.1628,3h_SI1,3h,SI1,6h_SI1,6h,SI1,3.7529399999999997
3.4689877119416748,-1.1579500501850803,-0.6970714330254594,-0.2972844987706882,0.5500269405519462,-0.447487375962754,1.585245276324406,0.9354166281924481,-0.17945100342765075,-0.30068257424222333,N900_RS03935,N900_RS03935,1.293772916666667,-1.1482,4.7259,1h_ce,1h,ce,3h_SI2,3h,SI2,5.8741
-4.9994780133587104,3.7662247895521195,-0.5223677230331619,2.6197101223203942,-1.2090001716389438,-0.7638617934174505,-0.8063734819809865,-0.08814284112491388,1.7792679100668392,0.9739372750070712,N900_RS03940,ybfF,-1.5442316166666665,-3.4541,2.6309,24h_co,24h,co,3h_SI3,3h,SI3,6.085
1.3323503867361568,1.8805433097365074,-1.9253882790349692,-0.7868607752784742,-1.258076923279962,0.1397031132668971,1.4735406782519749,-1.9443524534856163,1.702349604534128,-1.9717767688147032,N900_RS03950,pgm_1,1.6265348166666667,-1.6172,6.4548,1h_SI4,1h,SI4,12h_st,12h,st,8.072
0.3904940658547802,-1.089229416546239,-2.019657927590638,-2.247833304016294,3.146076445832616,-0.3692743145493338,-1.2138712405757508,-0.32455167320202666,-0.8128811369216166,1.4162980276095312,N900_RS03955,N900_RS03955,0.739720865,-0.94092,3.8135,3h_SI4,3h,SI4,6h_SI4,6h,SI4,4.75442
1.1586898022878094,-0.313036379883183,3.250736457435641,1.2966163403336872,-1.3398277853428007,0.6363383221804125,-0.03460835204988488,-0.46053251756977903,-0.5404710818672481,0.7916566108485028,N900_RS03960,Nif3-like dinuclear metal center hexameric protein,0.7029972333333334,-1.0062,4.0297,12h_st,12h,st,3h_st,3h,st,5.0359
0.01941584114199868,-3.2371163322006633,0.3042831298863419,1.6052026556501846,-0.25951085954567926,-1.014702000357259,-0.675639567298401,-0.48526995600076533,-1.6558319681413698,1.1071070769094158,N900_RS03965,gltA,0.6352990666666667,-1.3576,4.6516,24h_SI6,24h,SI6,6h_ce,6h,ce,6.0092
-1.5194432705472845,-1.501344463110054,-2.2751517365981226,-0.26307323206679656,-2.3921389773183463,0.969557023618429,-0.6524471478448648,0.7030990408733562,-0.656856253699171,2.0452955497555703,N900_RS03970,sdhC,0.8414603833333333,-0.87426,4.6181,24h_SI7,24h,SI7,12h_SI2,12h,SI2,5.49236
-1.6791803276846413,-0.18729353549340022,0.7663205097211112,0.24434480978043016,-0.687811623133392,-0.17832989629569784,0.362360228958856,2.799436981548009,-1.0534319881653023,-0.815629985014131,N900_RS03975,sdhD,0.8520120666666666,-1.4547,5.51,3h_SI7,3h,SI7,3h_SI4,3h,SI4,6.9647
-2.0639846064681633,-2.995834532445116,0.44803046376408195,1.007368166512851,0.9950941380536056,0.5890088846730996,-1.0985658365642168,0.19274409942297963,-1.7174874562105602,1.4563150384852095,N900_RS03980,sdhA,1.0102474000000001,-0.89054,4.0854,24h_SI7,24h,SI7,3h_SI5,3h,SI5,4.97594
-1.7371397701556395,-1.9499123350004877,2.0627219483497083,0.5541225776423406,-0.7993825368897154,0.3494253666755439,-0.3166535888903287,1.4797702823998449,1.6883406623898387,0.059423537723797826,N900_RS03985,sdhB,0.7567239000000001,-1.0021,4.473,1h_SI1,1h,SI1,3h_SI3,3h,SI3,5.475099999999999
2.6944541597306433,3.3564878634163073,0.3357665877968865,-0.4952183738984015,0.3922931662153818,-0.28440399397058713,0.18096516161725718,0.5642112620549204,0.5408409257840106,-0.6436820079845412,N900_RS03990,sucA,1.0089264,-0.97663,2.916,12h_SI9,12h,SI9,12h_st,12h,st,3.89263
2.9525517154969263,3.203462341025538,0.8303966209569252,-0.8976983809622844,0.5405547122110117,-0.6007208686000938,0.21900123232316765,0.7947255292063682,0.7120826558521673,-0.9280546933722331,N900_RS03995,odhB,1.2475109833333335,-0.6681,3.4384,6h_SI9,6h,SI9,12h_st,12h,st,4.1065000000000005
-2.667469733225968,-1.4433168953890487,-1.0090109305569617,-2.180095266537588,0.7088773978044677,-0.02719325356955249,-0.6663275159610489,-1.5303891981086863,-1.0711095538484976,-0.9242544397614942,N900_RS04000,sucC,0.7891002266666668,-0.8927,4.916,24h_SI2,24h,SI2,6h_SI2,6h,SI2,5.8087
-2.6002797667127684,-1.3893754118436146,0.6771895870145433,0.6028422088679228,1.197323332879567,2.273078101839645,0.779195569635646,-1.3226671437699598,0.8365290118176032,1.651923316465237,N900_RS04005,sucD,0.2700158666666666,-1.5823,4.5892,24h_co,24h,co,6h_SI3,6h,SI3,6.1715
-0.03649345016723737,2.1799991440769517,-0.8076476542551421,-0.9059658091967083,-1.3486152852792754,3.5638536331116653,-0.595994051685421,0.09524664881469763,1.6869376651000931,-0.5008812488382988,N900_RS04010,znuB,0.8827400376666666,-1.1886,4.1628,1h_SI1,1h,SI1,24h_st,24h,st,5.3514
0.04336051401000107,-0.3493789425318783,-2.1535210852012194,1.5536575568780115,-1.393242936700349,2.178739606450628,-2.224326249896534,1.0315411883381034,-0.6341160976552437,-0.29701771392838916,N900_RS04015,znuC,0.5355939500000001,-0.94398,4.2298,6h_SI4,6h,SI4,12h_SI2,12h,SI2,5.17378
0.34893097688317365,1.2380788952990516,-0.9003605989345763,0.3808394528142749,1.7683971530655604,-1.3568800170554605,0.9986324262508779,0.6641981776523204,0.17204150704505206,1.0617327340319012,N900_RS04020,znuA,0.58623485,-0.88977,4.2981,3h_st,3h,st,1h_st,1h,st,5.18787
1.7363721155195506,-0.36295227927197504,-2.8092654122926173,-0.026571137082286533,-0.03964592352280257,-0.39834695937372167,-1.5613973238164356,1.2737051848406402,0.5498689750766278,-0.3475399432323834,N900_RS04025,AraC family transcriptional regulator_1,1.7363676775666668,4.0654e-05,4.5295,1h_st,1h,st,12h_SI2,12h,SI2,4.529459345999999
0.24892179761007727,-1.6791955292537115,1.7820865094203524,-0.023719881664066023,3.314070465849211,0.5166441323358899,-1.1479452282142153,0.8183564507243664,0.9637121715758552,-1.6034705032895826,N900_RS04030,ferrous iron transport protein A,0.5604295416666666,-2.385,4.8938,1h_SI2,1h,SI2,3h_SI1,3h,SI1,7.2787999999999995
1.0279223919099634,2.5446387725845323,2.0341222552145446,0.5822402709231418,-0.1709086715629545,-0.1694611601692333,-0.4765916934623555,0.1050885583816776,-2.0761193384042915,0.8676655677363623,N900_RS04035,feoB,0.3730543833333334,-0.82919,4.0075,12h_SI6,12h,SI6,3h_st,3h,st,4.83669
1.3869702715192158,-0.42252513616626,-1.3183281927980735,1.3769713827322336,-0.12159901555006744,-1.1891203194282434,-0.6504456619015917,-0.41566225270674434,0.13230320608763968,1.6067439748749301,N900_RS04040,feoc,0.68838115,-0.68518,3.2103,12h_SI7,12h,SI7,6h_SI4,6h,SI4,3.89548
0.37477061287466595,-1.6604359811835698,-1.3248882520416323,-2.8521883286323333,-1.0760389103996562,-0.3390296810026119,-1.1972435134449217,-0.8023306081326844,0.7820823608736476,0.31806483251048046,N900_RS04045,N900_RS04045,1.4359475333333334,-0.6599,5.2083,3h_ce,3h,ce,1h_st,1h,st,5.868200000000001
0.20288676869076117,-0.006634853530010032,-3.1767249934602777,-1.1683347108743014,-1.4228807453033077,0.6596807335929691,-1.9232826785282537,-0.7808418235315824,1.032796068507646,-0.27632926875210906,N900_RS04055,yecM,1.3601655999999998,-0.19484,4.1281,3h_SI2,3h,SI2,1h_ce,1h,ce,4.32294
1.9536625987645895,-0.1356000797569833,0.31277097184509006,0.725883322139802,3.058942167596945e-05,-1.0022246584118748,-0.6985920008553581,0.4206905119835422,-0.18970691570630538,2.3730890314705118,N900_RS04060,"peptidase, insulinase family",0.8679004300000002,-0.48433,3.4367,1h_st,1h,st,3h_SI3,3h,SI3,3.92103
-1.8701484409916516,2.384518053543351,-1.2917971765600609,-2.4872712178344734,0.2602561939797813,2.1752738282717026,1.2527273719494745,0.08268807562836245,1.3084978298407202,-1.9758441270990559,N900_RS04065,sixA,1.249436582666667,-1.8615,2.8508,12h_SI8,12h,SI8,3h_SI9,3h,SI9,4.7123
-4.361581110219236,3.0567306350240404,-2.275764117863845,1.0090681530040624,0.793275431674361,-1.5447403034227865,-0.8928264726728123,0.5197433563869873,-1.4814333616595214,1.9578660674182184,N900_RS04070,flhA,-0.4610293333333333,-2.2731,2.152,24h_st,24h,st,1h_SI1,1h,SI1,4.4251000000000005
-2.9104115707734204,-3.2548333460842493,1.2933469965920337,-3.2837743622609823,1.262132599470791,-0.9913553723281472,0.35303629705866113,-2.468753230355511,0.07449508692583495,-0.6434299449645061,N900_RS04075,flhF,0.9325626566666668,-1.0061,5.0924,24h_st,24h,st,6h_SI2,6h,SI2,6.0985
-0.6445371428800115,2.8148869658134386,0.5563442253010081,-0.7709135144874095,0.30757043270873796,-0.09931069523754577,0.4163253319162029,0.48043237413895756,0.6353974983796362,-1.0426155592762505,N900_RS04080,MinD-related protein,-0.36103495,-2.9293,1.325,6h_SI9,6h,SI9,6h_SI8,6h,SI8,4.2543
-6.949289375010924,-1.8305818306495727,0.8662352912828282,0.31900874319615546,0.7376844581142556,-1.2955425974904466,-0.2682801317754733,0.058321366390126306,-0.3883130968953312,1.6354622526688758,N900_RS04085,flia,-0.14443718333333333,-2.1923,2.7654,12h_SI3,12h,SI3,1h_ce,1h,ce,4.9577
2.655219477992113,2.463033679006032,-0.4125504784577135,0.5885233691809324,-0.8640532857935362,0.8127467519333837,-0.6739367061101817,-0.4491941287523173,-0.2627345631210992,-1.0955233210506956,N900_RS04090,cheY3,0.9764310833333333,-1.7488,4.8326,24h_SI9,24h,SI9,12h_SI1,12h,SI1,6.5814
-0.8273358237949107,-1.6987556579650294,-3.225629975434739,-2.381656904831398,0.22343920460555655,0.5258773607931339,-1.9217366705306167,-2.3938859021240932,0.027295644745446213,-1.8976534496579245,N900_RS04095,cheZ,0.4809716,-1.0067,3.6048,6h_st,6h,st,6h_SI3,6h,SI3,4.6114999999999995
3.725705108772308,0.6271564486729965,-0.36518700823002265,-0.6115054483877513,-0.31280050464114656,0.8967948123731262,0.26984287702529247,-0.314040099796939,-0.18147149194253975,-0.6593696338205781,N900_RS04100,cheA2,2.0485832166666667,-1.0892,6.0597,1h_SI5,1h,SI5,12h_SI1,12h,SI1,7.1489
0.7047816886062499,1.5144239940409703,-1.2450120011905181,-1.7485276913504733,-0.2300944095767021,3.5934815342277395,0.4306513554523543,0.9329633994945936,3.6568324606480886,-1.2786733852808,N900_RS04105,cheB2,0.5166877833333333,-2.4167,5.2651,6h_SI5,6h,SI5,12h_st,12h,st,7.681800000000001
-0.6887076671476202,2.9992937500251506,-2.862221995289533,0.3796989212476869,-0.8800407641994957,0.5224548092599612,-2.031962453916093,-0.5145734892277081,-1.3788985429036278,-1.7721764281799006,N900_RS04110,parP,-0.6725193666666666,-4.7668,4.4181,6h_SI6,6h,SI6,12h_SI1,12h,SI1,9.184899999999999
2.62724645604842,-0.21743881435615575,1.509682793289465,0.3627493859456714,-1.5925313918152602,-0.03289887462933494,-0.6943156297713764,-0.30914815811210933,-0.2914730469865302,-1.0430760545067757,N900_RS04115,parC,0.7414475333333334,-0.91741,3.2208,1h_st,1h,st,3h_st,3h,st,4.13821
3.721898091453247,1.1479636261973218,0.19847024731981194,-1.2716198335470792,-0.6315985276112706,0.6643779062745879,-0.1156889411858355,-0.09268493491810442,-0.16125970833332393,-0.9498621288960356,N900_RS04120,cheW1,1.7180695333333336,-1.5562,5.2856,1h_SI5,1h,SI5,6h_SI1,6h,SI1,6.841799999999999
-5.4496052214040525,-0.28480598345371,-0.28978166695718705,0.6362685085419972,-2.657700300148589,0.8752216245968258,0.09797238939014585,1.8952622645541422,1.5155516350562972,1.1868363113518183,N900_RS04125,N900_RS04125,-0.4668900666666667,-2.8209,2.5978,6h_SI5,6h,SI5,3h_SI3,3h,SI3,5.418699999999999
-1.983303347998117,-0.03690304585746834,-1.6283448975587667,-0.8652466963833003,0.17748842264746958,0.028093550630197583,-0.8964042566462795,-0.9260324557750346,0.26110981712250747,0.7557433744031425,N900_RS04130,ccmA,-0.7289013433333333,-2.5826,3.7387,12h_SI8,12h,SI8,6h_SI3,6h,SI3,6.3213
-0.4853153419081342,0.11344318404378223,-1.6403867971652797,-2.166098288471474,1.298030377960375,-1.9660739342975027,0.5754167414544503,-1.0961166812698175,-1.718552400045747,0.4364172055376456,N900_RS04135,ccmB,0.029472900000000014,-2.4321,4.4948,6h_co,6h,co,6h_SI2,6h,SI2,6.9269
-1.8754153085192968,-3.4547675963262283,2.633518372335947,-1.5346272465503619,-0.07008369969103673,-2.1104239932266697,0.5948273628942169,0.6805327379018533,-0.7331341180901684,-1.0375114205062546,N900_RS04140,ccmC,0.9272210833333333,-1.2739,3.7783,3h_SI9,3h,SI9,6h_SI4,6h,SI4,5.0522
-1.385292308888123,-3.4442435583131927,1.3892116442961024,-2.753500716457939,1.0442591563241876,-1.2579723311257562,-0.588873347221293,-0.6260585529209612,-0.2631992762810724,0.0008114467507669421,N900_RS04145,ccmD,0.5862799666666666,-1.5633,4.4739,1h_SI2,1h,SI2,3h_SI5,3h,SI5,6.0372
1.2777124964510387,-1.3295277312193519,1.2623518083287044,0.46181719726549053,-0.7633894918219462,0.7855019742695011,-0.7911636850767672,-0.516045858448481,1.6523685487281918,2.3698364686556417,N900_RS04150,ccmE_1,1.57692195,-0.49044,6.2301,1h_SI2,1h,SI2,3h_SI3,3h,SI3,6.72054
0.5220706072315466,-2.445286495325098,0.05903804494057077,0.7411203444070864,1.23516612294293,1.311035632849369,-0.08394242404753616,-1.602953002170918,-0.08264893808768248,1.091959525987556,N900_RS04155,ccmf,0.6224349833333331,-1.9232,4.2958,1h_SI2,1h,SI2,3h_SI1,3h,SI1,6.218999999999999
-1.9099329652498558,-2.235974381840958,1.8572211149409958,1.1464994348815858,0.9930717033631812,-0.012101592535651129,-1.026408988333585,0.4029637244187434,2.339111694884721,-0.32106911296936147,N900_RS04160,dsbe,0.11767936166666662,-1.8392,2.8056,1h_SI3,1h,SI3,3h_SI5,3h,SI5,4.6448
0.2678882237352367,-0.3476803741117874,1.3102267773022203,-0.29076576113861385,-2.1173169420096056,-0.03318206357032216,2.427074553668122,-0.36301301576429984,1.3029087226866434,0.8919458932563433,N900_RS04165,CcmH,0.7086998833333334,-2.107,4.9397,12h_co,12h,co,3h_SI3,3h,SI3,7.0467
0.5680782236592137,-1.7956465686333627,0.2081833965310493,0.38595477933069944,-0.21086638569199137,2.2753300944450308,-1.1212114038586178,2.1195205561299417,1.3926633450443904,-0.9595016569724,N900_RS04170,ccmI,1.1990264000000002,-0.77572,4.4827,1h_SI5,1h,SI5,3h_SI4,3h,SI4,5.25842
1.8083591634594374,-1.2359444339768015,-0.8852619490573853,-1.8322331932891922,0.2616614517798617,0.5539377334186388,1.1583677605131006,1.304359591231874,-0.15668622688202394,1.5265498624406162,N900_RS04175,mlaA,1.7644940551666666,-0.60709,4.5445,1h_SI3,1h,SI3,3h_SI5,3h,SI5,5.151590000000001
0.7726588149996978,-0.19276371713318174,-2.0262272008397333,-0.39135182220714904,-4.067503315596792,2.06227803434129,1.6106635138684364,-1.2618278742271876,0.2322364693891446,0.5534627605836115,N900_RS04180,fabG_1,1.1036457166666667,-0.66004,5.6395,1h_SI1,1h,SI1,3h_SI3,3h,SI3,6.29954
-2.234825184068865,0.4654809352061371,0.46923403066502367,2.490422166485014,-0.6460178912139422,2.420158710243113,-0.5283998779477266,2.084569771339531,1.384570125650445,0.5268612834217579,N900_RS04185,N900_RS04185,-0.04826514,-2.7113,3.4978,6h_SI5,6h,SI5,3h_SI1,3h,SI1,6.209099999999999
2.8722696757493544,3.0842250715270154,0.7475587342938617,-0.8293585090980442,0.5642468470832237,-0.6311298337098228,0.25146237048195136,0.8417293178138168,0.6884023530530703,-0.8554164101531453,N900_RS04190,sodB,-0.65113835,-2.6342,1.4708,6h_SI9,6h,SI9,12h_st,12h,st,4.105
-1.3147344030961843,-2.2903093735529314,-1.8267188973382158,-0.4536918453396932,-1.2695199433035238,-0.8259140981334867,-2.1639269719190226,-1.2230498954719753,1.792363143693064,1.256923568332336,N900_RS04195,grxD,0.45910677166666675,-0.67781,3.0856,12h_st,12h,st,12h_SI3,12h,SI3,3.76341
1.5045488123930983,-1.6559650443867506,-1.135307352899892,1.2886658655335448,-2.1230434994111054,-0.030190161576579944,1.265701841691984,-1.119281095732288,1.2989779664455043,-0.612626566818437,N900_RS04200,topB,0.9863347,-0.52674,3.741,6h_st,6h,st,3h_SI2,3h,SI2,4.26774
0.8828079069621575,-1.7055448073128945,1.9987336554271307,1.2963362882586211,-1.600530503535712,0.4731497107905616,0.28761765051657895,-2.075336289264274,0.15622540515065242,0.9650935874025772,N900_RS04205,acuC,1.1421202500000003,-0.30508,3.7771,6h_st,6h,st,3h_SI2,3h,SI2,4.08218
-3.511995085620976,-3.1437842856827163,2.594077098041008,-0.33983468123224014,1.137538381333327,1.263841790992206,0.06674619016764072,1.5059885097131454,2.4750038247270107,1.6612126807761756,N900_RS04225,VC0395_A1625_BLAST,0.82632,-1.7969,4.0939,12h_SI2,12h,SI2,1h_SI1,1h,SI1,5.8908
-0.8442530474430723,-2.8626855821950152,-0.14194951511738682,-0.3424017330700633,0.09207721060199843,-2.373888302870482,1.257199208648676,-2.2120510364415624,-0.643269315004119,-0.25025343922624643,N900_RS04230,yejk,0.7181351666666665,-1.0922,4.2637,3h_SI9,3h,SI9,6h_SI3,6h,SI3,5.3559
0.9544198475802244,0.5196255215331345,1.594073366215425,-1.9780725899359786,-0.9247465932437955,-2.852586991533778,-0.25670854392475784,0.4450458208441839,-0.3535826057284679,2.224511734759295,N900_RS04235,sensor histidine kinase_2,0.7237244583333333,-0.66871,3.8955,3h_SI1,3h,SI1,6h_st,6h,st,4.56421
-0.7103302846103596,-1.266626741731056,-0.5564993322204603,-2.6459543343441005,0.6682439614553015,-0.5973327637801287,-0.39325232637403573,-1.763840276099262,3.5009969169367263,-0.5946594153801632,N900_RS04240,nhaC,0.8757888249999998,-0.81013,4.866,1h_SI7,1h,SI7,6h_SI4,6h,SI4,5.67613
2.121873712919389,2.1330134842518764,1.8030607968575643,0.11268737194766287,-0.8408286400593908,0.21634801862746877,-1.0293781102388282,0.34722380230203725,0.13216062265523199,0.6013785342718942,N900_RS04245,asd1,1.4217143166666668,0.032518,4.7959,12h_st,12h,st,3h_st,3h,st,4.763382
1.5818483183401701,-0.3007285475269218,-1.878141109441876,-0.26289240639604694,-0.8462515457096673,-3.115097542846883,1.0568534796988587,0.33821229561151667,0.23921831965577484,0.23282893513517267,N900_RS04250,ychE_BLAST,0.6742577139999999,-0.82011,3.5925,3h_SI1,3h,SI1,6h_st,6h,st,4.41261
0.36021267641781707,-0.3579648355902323,0.0222272016812572,0.5047820003173231,-1.0316737816894865,1.365764739102752,0.5644753523150652,0.6559855192997222,0.074849029712029,-1.845300628850987,N900_RS04255,adhE,1.1671280299999998,-0.18012,4.4303,1h_ce,1h,ce,12h_SI1,12h,SI1,4.6104199999999995
2.920307542282889,1.0514154191372347,-1.7006363482753784,0.9308403839009425,-0.2968538646516488,-0.8300843879801212,0.10180631021144415,0.5842921516961854,-0.5753895617152774,0.016184802486481242,N900_RS04260,eamA_4,1.1974101499999998,-0.29335,4.1358,6h_SI8,6h,SI8,12h_SI1,12h,SI1,4.42915
-0.49868472573077893,0.7575666982981952,-0.48207274644535053,-0.7182797449004599,-3.300944895981029,0.9685349039080597,3.748621032773121,0.3886420758837774,2.6810098397760176,-2.183105475628177,N900_RS04265,SulP family inorganic anion transporter_1,1.0018395583333335,-1.1449,4.9608,1h_co,1h,co,3h_SI2,3h,SI2,6.1057
1.0448506192823803,4.060891264695966,0.024126686635284597,0.26422887585977906,0.5544530966513651,-0.36314913874316246,0.023970012915785266,0.4363569006855991,0.4134827540988504,-0.7832885532977767,N900_RS04270,rne,-0.3874657000000001,-2.7644,2.7401,12h_SI7,12h,SI7,1h_co,1h,co,5.5045
-4.642006854326032,-3.3479656098381922,1.2682286492160972,-1.9434741356511773,0.5607464855285618,-0.06289301667623737,0.10528276426315986,0.9532542937836073,0.036402944918797586,-0.08862649338160233,N900_RS04275,N900_RS04275,0.09725109500000001,-1.4982,3.0745,1h_SI3,1h,SI3,3h_SI5,3h,SI5,4.5727
0.6987363973055594,1.8305296529316744,-1.6851567166679338,1.5050836663214047,-1.1461453353660238,0.13250577749050652,1.307921810179553,-0.822905858127233,0.6726371252374244,-2.7004247361246136,N900_RS04285,rluC,0.6838108583333333,-1.4156,4.0123,6h_SI5,6h,SI5,3h_SI2,3h,SI2,5.427899999999999
-0.8689118554798161,-0.3442363593311879,-0.0948282265823259,-2.3748851285572066,0.9448959215986071,-0.08578163314678533,-0.5783628981126143,-1.3403720705324693,1.7401927165126807,-1.5212223571404992,N900_RS04290,yceF,0.8220864333333334,-1.2613,4.8896,1h_SI9,1h,SI9,6h_SI1,6h,SI1,6.1509
0.9296333193660917,4.131874689727853,0.04958293605617703,0.03196494977902953,0.3430145230652052,-0.6476704578087265,-0.389846534997786,0.2692583282819053,0.027276175112975753,-0.08691345452455279,N900_RS04295,yceD,-0.6060801666666666,-2.954,3.9139,6h_SI8,6h,SI8,1h_st,1h,st,6.867900000000001
-1.419870645135027,3.36618846620758,0.33997292108449756,0.7147450758209217,0.3415360728510739,-0.9799926564151451,-0.6675317013084732,0.03965103727053801,-0.511037192005089,-0.232420757004554,N900_RS04300,rpmF,-1.092047335,-3.7407,1.6135,6h_SI8,6h,SI8,1h_SI1,1h,SI1,5.3542
2.257610040323195,3.5701195120892475,0.5025740674345831,-0.5691381646719913,0.4805765606988931,-0.3667516912674502,0.00529112449992164,0.6333300853138671,0.6380752341648407,-1.0452993926340146,N900_RS04305,plsX,-1.8184928333333332,-3.9058,0.11802,12h_SI6,12h,SI6,3h_st,3h,st,4.02382
2.5956497160732637,3.7008957207537856,0.7194880875228081,-0.3875584963534251,0.6205063764428128,-0.6684407087604691,0.11165143867992944,0.7239844357213754,0.7384046657823632,-0.8270847866826687,N900_RS04310,fabH1,-1.2989929216666667,-3.4107,0.70024,6h_SI9,6h,SI9,12h_st,12h,st,4.110939999999999
-1.0987479170741155,0.9133600250799677,-2.562389633733252,0.6627762070942556,0.07056875166683602,0.637490266088921,-0.9099202725340061,1.9971055067236474,-0.13829211840283195,-0.21291172239333633,N900_RS04330,fabF,0.39181201666666665,-1.1631,3.2761,6h_SI7,6h,SI7,12h_st,12h,st,4.4392
-0.6151019806387539,1.8082052638665114,1.0308781883443516,-0.5933605788193168,-2.173671322076672,3.262685130325106,-0.7876970978006765,2.672103263438142,0.8505945687216896,-0.9911141551071929,N900_RS04335,pabC,1.04447365,-0.64857,3.576,6h_SI3,6h,SI3,24h_SI1,24h,SI1,4.22457
1.4378443832044283,-0.312268460795437,-1.1898733082684163,1.877926505809334,-0.08054986507892054,-1.397166621139044,-0.4512054037752409,-0.07437595114113071,-0.13310482143583457,0.9398911008165403,N900_RS04340,mltG,0.8940834666666668,-0.82932,3.5148,12h_SI8,12h,SI8,6h_SI3,6h,SI3,4.34412
2.8794291728935892,3.0092905648676727,0.7629483620718763,-0.9752570860428437,0.5417551496752308,-0.5228709414544404,0.3546247201793749,0.7886870917945883,0.7438017024532058,-0.9159397704598392,N900_RS04350,holB,1.5039417666666666,-0.26389,3.6238,12h_SI9,12h,SI9,12h_st,12h,st,3.88769
3.2208728416611887,0.2758788257518203,1.5682053262560534,-0.9563888598089597,-0.5965601918140971,0.25024893003014403,-0.5146649265324099,0.5249534673663842,-0.06737459405233415,0.395942672776477,N900_RS04355,ycfH,1.5982616488333332,-0.44505,4.1663,1h_SI8,1h,SI8,3h_st,3h,st,4.61135
1.7136416193919741,-0.12284191945936485,-1.9816416385131363,-1.5242380966547078,-1.0213314297134348,-1.5500966056621222,-0.34186734565209664,0.699498090069709,0.5766214623224919,1.715735518837066,N900_RS04360,ptsG,0.8305990666666667,-0.24578,3.1431,1h_SI7,1h,SI7,3h_SI3,3h,SI3,3.38888
-2.359328554989461,-0.24799007247182203,0.8198888780536904,1.9062044009922143,2.0464438084865284,0.30418338326784133,-1.6320360710219008,2.4595292927173533,-1.0047929310315302,-2.4499509977920098,N900_RS04365,sodium-dependent transporter_1,0.4352547333333333,-0.81864,5.0967,12h_SI2,12h,SI2,3h_SI4,3h,SI4,5.9153400000000005
-2.0327389109007155,-0.7881930654905127,-0.8398821943374097,-0.0037803742875179847,-0.9495288273343037,0.4365372860850051,2.553876950261108,-1.6674708047983262,-0.49887214717955664,-0.7238730389635314,N900_RS04370,N900_RS04370,0.7801810166666666,-0.32211,3.0334,1h_SI8,1h,SI8,3h_SI2,3h,SI2,3.3555099999999998
-1.352155469655183,-2.1294368665389856,-0.60757198660466,0.348728946779159,1.3331238482319976,1.4941294121987747,-1.2003248982590968,0.3263270122973887,-0.48417889199200614,0.7211406533797899,N900_RS04375,N900_RS04375,0.1998195666666667,-1.4207,3.2426,6h_SI2,6h,SI2,3h_SI5,3h,SI5,4.6633
0.1517485033765711,-3.8020213943470416,0.44020796287664615,0.5161063961490386,1.2125374673376441,-0.038376695011885786,0.238572574593292,-0.9809408354288878,0.1048921649404983,-0.49031181099656085,N900_RS04380,pykA_1,0.8676892666666667,-0.73358,3.9536,12h_st,12h,st,6h_SI4,6h,SI4,4.68718
1.2601465553095919,0.0715901025255366,3.1292351329713752,-0.6704873067363541,-0.9789093429207915,0.5420977123525776,1.3772221953477732,1.516639864456863,0.05828742139720966,1.186854937015836,N900_RS04385,mlc,1.550803733333333,0.075864,4.6925,1h_SI6,1h,SI6,6h_ce,6h,ce,4.616636
1.5588779401645994,0.8795419469941603,2.367645482986667,-0.444391103393875,-2.000061604384528,0.4051347296073098,0.9870210378055233,0.7653780559317505,-0.8665397175538682,2.246252197205796,N900_RS04390,chev_2,1.1857044449999998,-0.073382,4.8473,3h_co,3h,co,3h_st,3h,st,4.920681999999999
-1.4801732836199892,2.813087764222495,1.7047923185441867,1.9810905903766955,0.9700401982403435,1.2493357816749808,-1.9609354457932777,1.3423605721783063,-2.235989458330357,0.03443248570965951,N900_RS04395,N900_RS04395,-0.2642773666666667,-2.3027,3.8164,6h_SI6,6h,SI6,3h_SI1,3h,SI1,6.1190999999999995
3.1633534575888316,-0.02875848689628152,1.4745171360761657,-1.0283187305756298,-0.4625736128214038,-0.2852587928985939,-0.3571693069145183,0.6895745641166353,-0.24476077858306278,0.1540537507872486,N900_RS04400,ChaN family lipoprotein,1.1294992566666666,-0.52411,4.0799,1h_SI9,1h,SI9,3h_st,3h,st,4.604010000000001
0.086754177748261,-2.4936991923837937,2.0932611102181684,0.30231612980145384,2.649270921393735,1.663964111849014,1.3454216174959923,-1.7353040239374493,0.934985856807514,-1.9527648060047054,N900_RS04405,rlmA,1.5722301333333337,-0.63497,6.5373,1h_co,1h,co,3h_SI1,3h,SI1,7.17227
-0.4412117475266295,-0.22262709995210117,-0.5168899284611932,0.5370224362993969,1.8994827812788009,0.7014103995603024,0.9143889991354666,0.44157577228952977,1.1060082067971855,3.4399528389667804,N900_RS04410,N900_RS04410,0.5749896166666665,-0.81818,3.8649,6h_co,6h,co,6h_st,6h,st,4.68308
-0.15547896662209526,-1.1825143480244356,-0.5498658939288712,2.152717051602731,1.135253256926825,1.4798967231142734,-0.6750080560627134,0.48923782994099074,-2.1698483160317896,-0.8781374489255911,N900_RS04415,yeaD,0.8061492166666666,-0.48879,3.4229,12h_st,12h,st,12h_SI1,12h,SI1,3.9116899999999997
2.155494526392191,-1.5293688872758238,1.328455273078935,1.1408802878695954,1.246061529931444,-0.3091551741647016,0.31309974582134087,-0.027406977062051696,0.8841528914686934,-1.3355783754312451,N900_RS04425,msrB_2,1.60119735,-0.7388,5.1093,1h_SI2,1h,SI2,3h_SI1,3h,SI1,5.8481000000000005
0.8285119200524864,-1.82686847262613,-1.4696858460029105,1.10468364011864,-0.2626579257587211,0.781929523093328,-1.9768419784628877,0.2344872747181444,1.0851450470417896,0.06869671019763846,N900_RS04430,N900_RS04430,0.8477246753333334,-0.45619,3.7678,3h_st,3h,st,6h_SI3,6h,SI3,4.22399
1.9593691784192364,0.9691150706481779,2.551982300295364,-0.3539078889510565,0.0728178669554025,-0.1775190724093918,-0.5872956901423441,0.09437888622284579,-0.34978540432247174,2.1138449096092007,N900_RS04435,N900_RS04435,0.9060249766666667,-0.20237,4.3398,1h_SI7,1h,SI7,3h_st,3h,st,4.5421700000000005
0.6841371597948211,-0.38076877367509676,-0.621200883095245,-0.3399492176712844,1.3023603549164309,-2.049583785973985,-0.5132910183598529,1.1850828308008547,0.7033427629685776,1.3834990489882986,N900_RS04440,ansA,-0.05830088333333336,-1.601,3.3182,6h_SI9,6h,SI9,6h_SI4,6h,SI4,4.9192
1.8737576243644583,-3.835096967224699,1.0393948363834873,-0.06522313095540455,0.48910870572925746,0.38392345154520535,-0.11336377725861313,0.13615574800347416,1.9770550305583412,-0.7765010615784559,N900_RS04445,sppA,1.7334983000000002,-0.32443,5.3733,3h_co,3h,co,3h_SI5,3h,SI5,5.69773
2.552521115619471,1.1003049636940911,1.1315715429748254,-0.6380637851024487,1.2104258191515815,-0.3078849286307259,-0.8795567269067035,-0.10874893775220934,-0.671912428015811,2.08716094670861,N900_RS04450,fadH,1.1646299833333333,-0.26653,3.811,24h_SI7,24h,SI7,6h_st,6h,st,4.07753
0.8061312069283626,1.953297540399151,0.5723472185916082,-1.3611103466935788,0.45981857274884036,-0.46847689470692955,-0.13179520830526892,-1.9205914170498397,0.02956241275292182,2.8989706495637524,N900_RS04455,purU,1.226722915,-0.45287,4.5971,3h_SI4,3h,SI4,6h_ce,6h,ce,5.04997
-0.5732316098808403,-2.027475936896329,-0.33711056492688224,0.6593964867137267,1.1709003646282798,-2.5588688445565415,-1.3446387596166887,-0.6098513251831383,-1.743447235748901,-0.6608330395631088,N900_RS04465,ATP-dependent DNA helicase,0.2592178833333333,-1.1638,3.9438,12h_st,12h,st,3h_SI5,3h,SI5,5.1076
0.24558679547533213,0.06056782095243285,3.1413620274307386,-0.15177932126004623,1.0045259444651342,0.6201297875070838,-1.9118290830659965,-0.6736530667833505,-1.75738203949932,-0.7216183859178738,N900_RS04480,starvation lipoprotein Slp,1.4042214166666664,-0.44668,5.0559,12h_st,12h,st,3h_st,3h,st,5.50258
-0.4784389126744588,-0.033887801747276514,-1.655875408134671,1.237937012815065,-0.6011959501813314,2.570068788247718,-1.030575494471824,0.1158381150510589,3.0731797672016605,0.11878975161812211,N900_RS04485,menH_1,0.64059745,-0.76119,4.8051,3h_st,3h,st,3h_SI3,3h,SI3,5.56629
0.6666346890592196,0.7908204075057361,0.0589834468362338,-2.4869906269121005,1.0734329057720144,-1.811061504737653,-1.6565225863022393,-0.7775871124710931,-0.6506952223903316,2.2187505778956993,N900_RS04490,fadD,1.0352465333333334,-1.8554,5.7186,6h_SI6,6h,SI6,6h_st,6h,st,7.574
-1.671070590231007,-1.8020130406711887,-0.14420639119061707,1.109694102233144,0.1877107518212041,-1.7482144760011389,-1.1495317250453763,-2.6234758353386116,1.3833119027290088,0.06842760997474195,N900_RS04495,rnd,0.6019116483333334,-0.79367,3.1278,6h_ce,6h,ce,3h_SI5,3h,SI5,3.9214700000000002
0.26010863538780526,0.10557065335855453,0.048786567649579254,0.8621776785380812,0.1666965393491507,2.561146275910919,-1.6779452633630372,-1.1101540546756314,3.1145109592587312,0.055993291965060754,N900_RS04500,peptidase_1,0.57854435,-0.84669,3.6822,6h_st,6h,st,3h_SI1,3h,SI1,4.52889
2.858696448375266,2.8881711547200877,0.7408246099412544,-0.7582317683969297,0.5331009811531913,-0.6007741794995849,0.2775623149880554,0.7074903180839429,0.6379895670144042,-0.7251007022934062,N900_RS04505,rrtA,1.7917170666666669,-0.16292,3.944,6h_SI9,6h,SI9,12h_st,12h,st,4.10692
-3.404273857645718,0.8899233999241665,-1.6420703337853855,2.5345716978729618,-2.397718164729149,-0.671029909835466,1.6608950108834748,-2.9686448975186175,0.6529272917875195,0.25112643168979343,N900_RS04510,N900_RS04510,-0.4342803933333333,-2.6667,2.8088,24h_st,24h,st,3h_SI2,3h,SI2,5.4755
-0.40081189820235474,-2.699351299174716,-0.19141523299339705,-0.009674479625473964,-1.4827251290821941,-1.1631809273751057,1.1452886780299594,-1.7637846660942473,1.9042603237627533,-0.24325141870937672,N900_RS04515,dgt,0.6020750385000001,-1.3062,3.3757,12h_SI1,12h,SI1,6h_SI4,6h,SI4,4.681900000000001
0.04684377777411086,-0.8184743408649957,-1.4502881103866891,2.3429020991228224,-1.4261406913338357,1.8454900080752443,0.2518140338088549,-0.4775439256900112,-0.3781604208279856,0.13248397221469377,N900_RS04520,yfbR,0.6947756999999999,-0.89075,3.3065,24h_st,24h,st,3h_SI6,3h,SI6,4.19725
-1.787433337900329,0.8957719588388872,-0.38991051968304835,-2.383902961286116,-0.9075554528546896,1.8902222007895146,-0.29813105190421263,0.8222972651179661,-0.8616610669488903,-1.0221032348760566,N900_RS04525,alaA,0.5228394433333333,-2.5115,4.2993,6h_SI5,6h,SI5,12h_SI3,12h,SI3,6.8107999999999995
0.9641640265140037,-2.266476817410223,-0.10741349904859468,0.5883621651062803,-1.2825126702684466,0.7431300639179983,-0.3385408359621632,1.314829768565689,-0.14752101864860834,0.8617796847177672,N900_RS04530,menf,1.0165646000000002,-0.75109,4.9737,6h_SI2,6h,SI2,12h_SI1,12h,SI1,5.7247900000000005
1.2820861034532207,-1.2780162552292103,-0.7272435126131525,2.6105546724732216,-0.10997740936747144,-1.0120338872021066,-0.31772956659945617,-0.28749891058670757,0.11183298367953282,-1.0995570422259215,N900_RS04535,menD,0.7211290600000001,-0.58297,2.9033,3h_st,3h,st,3h_SI4,3h,SI4,3.48627
2.0975898929808174,-0.03097212431757801,-2.1511377173457804,-0.7159614860684205,0.17814076820419067,-1.7970058096220196,0.7731243544137133,0.26388989479870884,0.0306976964593475,-0.1824198692313369,N900_RS04540,menH,1.1148368700000002,-0.34765,4.045,1h_ce,1h,ce,6h_SI2,6h,SI2,4.39265
-2.068352892834669,-0.28155751226619974,-1.0078353297229654,-1.0086750188971085,-0.9834754098894768,0.8980994328593002,-0.41775275436077464,2.0373960021935265,-1.9389539602170816,-0.39034478245605986,N900_RS04545,menB,0.8421762716666668,-0.48483,4.6414,1h_ce,1h,ce,1h_st,1h,st,5.12623
1.6427060125988913,-0.419165328807357,1.0023892285690752,-2.796525955182844,-1.3504403816289987,-2.768350906932761,0.9232326649896221,1.1454327657992247,-0.025480266711634947,0.20892976216392634,N900_RS04550,menC,1.2150816666666668,-0.62857,3.9035,3h_co,3h,co,6h_SI3,6h,SI3,4.53207
0.8805073922745144,0.6527987549066312,1.521171068046035,0.08057339308569533,-0.5731924929091389,-0.7888119222014014,0.8450498486642773,-1.143698207300327,-2.451215357653437,2.1949038568191463,N900_RS04555,menE,0.5112512416666666,-0.7273,3.43,1h_st,1h,st,3h_SI2,3h,SI2,4.1573
-0.20952057649390188,-1.967553399488895,-0.7675815428626737,-0.5550404069693629,0.34916352532989386,-2.20622549550989,0.7400935555534816,-1.6019714774932763,-1.0738474588868892,-3.545814776783174,N900_RS04560,ydcO,0.7088698250000001,-0.90136,4.3337,12h_SI4,12h,SI4,6h_SI2,6h,SI2,5.235060000000001
0.9267978922446125,-3.057144234796007,-0.9050462935247833,-0.012646086772726939,1.2869651994378128,1.088185071984963,-2.042289212510899,1.309753228013359,-1.606032956497696,-0.5972003369544189,N900_RS04565,sutR,1.0106300666666665,-0.47738,4.039,3h_SI3,3h,SI3,6h_SI3,6h,SI3,4.51638
0.008684790827594657,-0.6215187782503606,-1.4861856307476162,-0.9781532110324638,2.290687230661714,1.4026655142463562,-0.3050056756806657,1.9305412004077518,-1.908029405261955,2.4370393127759504,N900_RS04570,methyl-accepting chemotaxis protein_1,1.2244305000000002,-0.58738,4.5969,3h_SI2,3h,SI2,3h_SI1,3h,SI1,5.184279999999999
0.28525708744558465,0.7530846543035887,-0.2444611552687665,-0.47309330133999894,1.2077494918051428,1.2158761858447587,2.8940091503126713,0.6328183960967554,-0.874046989839622,0.7158622287263057,N900_RS04580,lplT,1.0381252150000002,-0.78012,5.0419,12h_SI2,12h,SI2,12h_SI1,12h,SI1,5.82202
-0.009046458878798624,-0.8811423690047833,-0.8613308829271547,0.9176494240146753,-2.7480182638779396,-0.8083541356354624,-1.6362849485259334,1.6299462844069685,1.1360701739424401,0.7049286242445278,N900_RS04585,TetR/AcrR family transcriptional regulator_4,0.7012259550000001,-0.85079,4.345,6h_SI2,6h,SI2,3h_SI3,3h,SI3,5.19579
-1.0622611809491138,-0.879454439589721,0.2448150678965463,2.0262330871436416,0.20637560598756696,1.3475302916388712,0.44570230170647995,-0.3309660932423721,0.3124021282335845,-0.19501284945141573,N900_RS04590,N900_RS04590,0.37042244666666657,-1.6315,3.5261,12h_SI2,12h,SI2,3h_SI5,3h,SI5,5.1576
-0.5644288423113961,0.7896159646402652,-1.307960611903982,-0.09754765187417003,-3.1401381626816076,1.8073555643712385,-0.27299664710141747,0.7873275488353515,1.227305625337277,1.5330794136828632,N900_RS04595,N900_RS04595,0.00378455017,5.1913e-06,0.099076,6h_SI6,6h,SI6,12h_SI1,12h,SI1,0.0990708087
-0.4138159784521278,1.5794686926508907,-2.3619245012567163,-4.0284733751048725,0.6175503045851345,1.2799857981032488,1.5135203006547022,2.2566411976240945,-0.7792528757856457,0.627676765217708,N900_RS04600,nlpE_1,0.8834398833333333,-1.7963,4.5191,1h_SI4,1h,SI4,6h_st,6h,st,6.3154
-3.6393394470310962,4.075340834132589,-0.01299540635704989,2.01456320949833,0.9076797593150432,-0.7528945589068046,-0.6311130444553581,-0.7259994306739799,0.03797242924734001,-0.0722657718623475,N900_RS04605,minE,-2.3172268666666667,-4.7812,1.1327,12h_SI8,12h,SI8,3h_SI9,3h,SI9,5.9139
0.11193947199177856,-0.6584367258007515,-2.290510339055161,-1.5687475694374675,2.658541410147934,-0.1349998379344559,-1.157752481345917,-0.5670145735298666,-1.3072162892654298,2.1017393762137475,N900_RS04610,minD,1.138129163333333,-0.32986,5.0559,3h_SI2,3h,SI2,6h_SI2,6h,SI2,5.38576
-1.096863251007316,0.8798749852573883,1.5845482498924506,1.343611731360844,0.003425810101468252,1.554323477172297,0.939412535410262,-2.4719336301725936,-0.6391944928835923,-0.21093175288495303,N900_RS04615,minC,0.004703166666666665,-1.9069,2.7816,3h_SI9,3h,SI9,3h_SI2,3h,SI2,4.6885
-0.4112293673422456,1.9666862277925974,0.8803287481755175,0.9626059377909866,-3.7730531632255313,0.888473059564805,-0.5630013079298146,0.28859321275640515,-1.660779253279153,1.3996929005625771,N900_RS04620,VC_1957_BLAST,0.3645300616666667,-1.235,3.7382,6h_SI4,6h,SI4,12h_SI1,12h,SI1,4.9732
1.4141738812743299,-1.1520681394094565,-2.070951386356877,-1.6264052357065908,2.0282552814108876,-0.805983478045059,1.8682326610158488,-1.2144541847119128,-1.2891447739279909,0.8079177553594059,N900_RS04625,lytic murein transglycosylase,0.8719859666666666,-0.64967,3.9466,3h_SI3,3h,SI3,6h_SI4,6h,SI4,4.5962700000000005
2.030573814660693,0.08533471027927692,-0.38063056293506936,-0.08922305596198199,0.7515171955157943,-0.3622678383668472,-0.7380303263543269,1.423580510396652,0.909844635258201,0.5406965231547176,N900_RS04630,lysr_2,1.297679783333333,-0.11013,3.5565,1h_SI8,1h,SI8,3h_SI4,3h,SI4,3.66663
0.4192134642907597,-0.9939025602108496,2.860348460636999,1.320169323464607,-0.24122761602870443,0.5238386464272196,-0.8641021627373171,-0.9378059497786879,-0.2880331239254853,0.7719756122603203,N900_RS04635,NupC/NupG family nucleoside CNT transporter,0.9464495333333335,-0.62034,3.9025,6h_st,6h,st,6h_ce,6h,ce,4.5228399999999995
2.8704721451676116,1.273547796033152,0.017733702545580744,0.17373414597882242,-0.12955857444431604,-0.22362441273276112,-0.7097349601932585,-1.2489802586832004,-0.23353954584045988,0.6863014366242826,N900_RS04640,chitinase_2,1.1515031966666667,-0.19687,4.4924,6h_SI9,6h,SI9,6h_SI2,6h,SI2,4.68927
-1.8325007463315113,-2.0194108240566013,0.13023488474179987,0.4458583377007761,0.0321359161403747,-2.003547833840988,-2.1588709721927746,0.016698734851685215,0.46645391686684834,-0.6589422790554151,N900_RS04645,cytochrome c_1,0.49828025000000004,-1.0853,3.0691,12h_SI2,12h,SI2,3h_SI4,3h,SI4,4.1544
2.4393672191730165,1.120826456881282,-0.0683825360683219,0.4060102128412715,-2.4482078459591508,0.008735876542421361,1.322849639051139,-0.1550259899429859,-0.5597825592993347,0.165036932664415,N900_RS04650,torZ,1.07782195,-0.89819,4.8222,1h_SI1,1h,SI1,3h_SI2,3h,SI2,5.72039
-2.5397258560745573,0.4535417002584223,0.204421610645432,0.34385434088720146,1.8141328541893076,0.83532951928109,2.9053285948480747,-1.9189331339058044,1.6479751453577491,-2.3772444401020207,N900_RS04655,pvcA,0.15144129999999997,-1.5386,3.191,12h_SI2,12h,SI2,3h_SI2,3h,SI2,4.7296
-1.0693473973950303,-0.550788514760138,-0.7828603543344997,1.8056084768715976,0.04715801800161251,1.9028519424662595,-1.409359544430157,2.116345589345215,0.70300418807215,-0.6589358488495157,N900_RS04660,LysR family transcriptional regulator_2,0.6419508766666666,-0.90131,3.7648,3h_SI2,3h,SI2,3h_SI7,3h,SI7,4.66611
-0.34303264297754277,0.8166867350134992,-2.19308796846074,-0.10920938895971477,3.6103049173554655,1.3004129931774986,0.6985828346076038,-1.27315309310666,-0.7940859571059641,0.2365942093632154,N900_RS04665,mhpA,0.7812497566666666,-0.86729,3.5221,3h_st,3h,st,3h_SI1,3h,SI1,4.38939
2.235061993731894,0.5325829920345119,0.7372401870185014,1.0069789249028278,0.7847318218787177,-0.30933356849049276,0.588048234187634,1.0754007104509156,1.1346587083726352,0.5798297252554949,N900_RS04670,TauD/TfdA family dioxygenase,0.801869255,-0.37686,3.6492,3h_SI9,3h,SI9,3h_SI4,3h,SI4,4.02606
2.302532680159552,3.752041372219239,0.6244415448254322,-0.8153898029677256,0.5898040820974848,-0.576429407207717,0.3093415040300821,0.8197325886491669,0.6195744056397593,-0.7307792180828472,N900_RS04675,folD,1.3745082166666664,-0.67903,5.781,6h_SI9,6h,SI9,1h_st,1h,st,6.46003
0.5316422845413378,-2.147144760795197,-0.4077657838572955,1.4049306121579015,1.3590951921811836,1.496998890709802,1.0593955853876516,-0.7819672196956711,-1.5672793195207966,-0.004008183170718049,N900_RS04685,opgC,0.9519725333333333,-0.52266,4.2149,1h_st,1h,st,6h_ce,6h,ce,4.73756
1.4896658080772172,3.413054319104664,1.428596873324689,-1.057984759135671,-0.8115714427595003,-0.3312029080570884,1.518401335171115,-0.5399042906957241,0.3031490878458494,1.9174901262177932,N900_RS04690,HAD-IB family hydrolase,1.1778154333333333,-0.44008,5.3179,1h_SI6,1h,SI6,3h_st,3h,st,5.75798
-0.08529568712505453,1.5381872182448413,2.6910119866636815,-0.32822809944048936,1.3207597099498911,0.002257105182004615,0.3825810413134465,-0.30829786520661523,-0.5554033503269075,1.1525578263582188,N900_RS04695,lyse_1,1.168122866666667,-0.37676,4.6363,12h_st,12h,st,3h_SI5,3h,SI5,5.01306
-0.4928821201864473,-2.2984843828000256,0.25545289948896455,-0.8436029518233141,0.1149102711817,-1.8837396004471811,1.9694434677975126,-1.618180674042569,-1.93320571454342,-1.391594010440802,N900_RS04700,acyl-CoA thioesterase,0.9276479166666667,-1.0606,4.9001,3h_SI7,3h,SI7,3h_SI2,3h,SI2,5.9607
1.0948027769754338,1.5131597021380463,0.6976305548751376,0.6783677356044842,0.2572879799434192,-0.199670870388847,1.6448944206538216,2.2421217328111154,-0.12945601234591808,2.722101973957181,N900_RS04705,1-acyl-sn-glycerol-3-phosphate acyltransferase,1.1883821833333335,-0.2152,6.3427,1h_SI9,1h,SI9,6h_st,6h,st,6.5579
-0.10156444246739138,-1.5741849586955605,0.1135188528836879,1.6958739169539068,-0.35127990460764424,1.9532616626701313,1.7350106733923245,-0.4246409771607597,1.2243013282659367,-0.47874853859997907,N900_RS04715,CDP-diacylglycerol--glycerol-3-phosphate 3-phosphatidyltransferase-related protein,0.8265163500000001,-0.45131,4.655,6h_st,6h,st,6h_ce,6h,ce,5.106310000000001
0.021464514017824676,0.4120331054310389,1.1959444404046797,-0.05696361359083757,3.0440259060857704,-0.8508084175217121,1.5663406843784318,-1.183618888740892,-1.3521765119570381,1.1473061110051146,N900_RS04720,bifunctional diguanylate cyclase/phosphodiesterase_2,0.4496517566666667,-1.0782,3.402,12h_co,12h,co,6h_st,6h,st,4.4802
-3.20308732860182,-0.15022495990346257,-0.7444730570749171,-1.7185162773306442,-0.19602441425778214,0.7859435485086514,1.704335222810961,-0.5053188954591452,0.6579587791061544,-0.7836521732739187,N900_RS04725,N900_RS04725,-0.020558449999999992,-2.1178,3.3344,6h_SI5,6h,SI5,6h_SI3,6h,SI3,5.4521999999999995
-0.3387371084079822,-0.003567792553869076,-1.6170649544342985,-0.8750847867293783,3.2980469703306405,1.996081184457761,-1.3339342191800923,-0.3020797424485075,1.1278835957381688,-1.4922004565199962,N900_RS04730,N900_RS04730,0.34117665666666663,-1.0851,2.9704,3h_SI2,3h,SI2,3h_SI1,3h,SI1,4.0555
-1.1001907253817986,-0.8154381867239362,-1.4583350876372971,-0.7904234844377276,-0.11767197056163162,-1.7677328529630425,-3.106127658471257,-2.684355534348589,0.7281946862176265,0.44938370297406016,N900_RS04735,ydiU_BLAST,0.14206296666666668,-1.4016,3.5264,12h_SI4,12h,SI4,6h_SI3,6h,SI3,4.928
0.5446873262174958,-0.3623637142741356,-0.3672850748277856,-0.23896844101451498,-1.0023090629562723,3.4009296474180566,2.8028741693526653,0.8286331651663168,0.5607093415647495,-1.3697478906704164,N900_RS04740,dctp,1.3562256583333332,-0.48524,4.2144,3h_SI5,3h,SI5,6h_ce,6h,ce,4.6996400000000005
-0.9763252761316425,-1.3195048147140764,0.18327949999798707,-0.028397364890267784,2.080431292213311,1.5788365096784156,-0.6145488520564415,2.274823181884934,0.20045829385352582,-1.6174392241915767,N900_RS04745,TRAP transporter small permease,0.47295777833333336,-0.9926,3.0021,12h_SI1,12h,SI1,3h_SI1,3h,SI1,3.9947
0.8802638503294933,-0.7299838066368207,1.8714770095096813,-1.7066841254698808,-0.3992374870916056,2.9778731922198567,-2.796164406620682,-1.420488060754466,-1.3433820035549608,1.3493202105643365,N900_RS04750,dctM_1,1.1430141666666667,-0.69967,5.1172,6h_st,6h,st,3h_st,3h,st,5.816870000000001
1.0926656680988929,1.129660889037968,-0.6883968167237424,1.4682579060468761,0.8997536957198209,-1.739086703726806,0.7063410741137052,0.757743146221068,0.8479113081410383,-0.0475445401423662,N900_RS04755,dctD,0.44922901666666665,-1.6974,3.8993,6h_ce,6h,ce,1h_ce,1h,ce,5.5967
-1.5936048031109045,-1.915359904890483,0.5335865227595907,1.3924018949410226,3.175150758288259,1.7847761384607725,0.13486578639682312,-1.5683010915888642,-0.44446080913564356,-0.8495382726059555,N900_RS04760,dctB,0.59748443,-0.74389,4.242,12h_SI1,12h,SI1,3h_SI1,3h,SI1,4.98589
-0.49978100137331527,-0.8404963449130012,-0.7508147142491242,0.15768832037296576,-0.20367498209883023,-0.894079167058502,-0.7277852145999375,-1.034815454877554,-2.685861000568122,-2.1510840290052657,N900_RS04765,N900_RS04765,0.9600014783333334,-0.71843,5.0535,6h_SI4,6h,SI4,6h_SI1,6h,SI1,5.771929999999999
-0.9760139070964371,-0.5631232712054877,-1.4653030451106812,0.6172289646390929,-2.177991669210248,-0.5173428133785398,-1.5468464417043155,-0.07159341119813878,1.3685801973888427,2.2249594921512843,N900_RS04770,tig,-0.035672316666666634,-1.9277,4.084,6h_SI5,6h,SI5,3h_SI3,3h,SI3,6.011699999999999
1.7367939929187521,3.6402520108381635,0.6924815765302137,1.149472928690345,1.9559715133293558,1.3599721901973543,0.19389604762868567,0.34867114944055183,0.7502069672431798,-0.14572517465712875,N900_RS04775,clpP,0.9659701166666667,-1.2151,6.2538,12h_SI9,12h,SI9,3h_SI1,3h,SI1,7.4689
2.527675041542156,3.5626052015817278,0.5496744201053676,-0.3869907321424022,0.5310556202704747,-0.645245221718266,0.1356511032280131,0.684467022725229,0.6486041807964874,-0.7492572379001022,N900_RS04780,clpx,2.0810109999999997,0.12159,4.2838,6h_SI9,6h,SI9,12h_st,12h,st,4.16221
0.4709317616229889,0.019354732725563872,1.0603226584059844,2.529032659881876,1.0195380599305401,-0.4860056600324272,1.373337611405163,0.11240514886514472,0.08293601383513988,-1.272603836901363,N900_RS04785,lon_1,1.1185565199999996,-0.33776,5.1015,6h_SI9,6h,SI9,1h_ce,1h,ce,5.43926
-3.350006467795231,-0.19551625249701066,0.7697002052091269,1.616294855705474,0.9502473061086107,-2.829373552459374,1.4225930905134652,-3.189725262333769,-0.5284993085653954,-1.2097482668836697,N900_RS04795,ppiD,-0.4451896,-1.8149,3.2382,12h_SI2,12h,SI2,3h_SI2,3h,SI2,5.0531
1.5059864541372452,-1.8132305390848162,-0.4946803320742434,-2.037634186383729,-1.5735271583107038,-0.7292339266578611,-0.7492701052989887,-1.8939188503993678,-1.1195883250075878,0.3341753814592354,N900_RS04800,ComEA family DNA-binding protein,1.4630636166666666,-0.010489,4.0108,3h_SI4,3h,SI4,6h_SI2,6h,SI2,4.0212889999999994
1.7574730039506905,3.9258616151498735,0.26750985455857784,-0.10897725798392988,0.6652274921982196,-0.5858824455404661,0.11065549535688413,0.5374495336910174,0.6842828856438337,-0.8106080148862591,N900_RS04815,ihfB,-1.1307439,-3.3025,0.79774,12h_SI7,12h,SI7,12h_st,12h,st,4.10024
0.5405753975569216,1.064166028497432,-1.0992400775209332,0.5651663364392978,-0.41409177519767226,-0.2564242427030996,-1.413457899863945,0.9273940484661709,-1.6737177347012362,-1.0057963939905175,N900_RS04820,lapa,0.21944670666666663,-2.1475,4.3015,12h_ce,12h,ce,12h_SI1,12h,SI1,6.449
0.33793972203244627,3.0960569105619777,0.9773736858256825,1.5535753646057433,-0.8319864626724178,0.3072815374492113,-0.27603437722161794,-0.7230374870985206,-1.0790612430603708,0.13276583762841376,N900_RS04830,pyrF,-0.02949454999999996,-3.7276,4.5978,6h_SI7,6h,SI7,6h_ce,6h,ce,8.3254
1.0981082033869596,1.1886350512187067,2.084738410181284,0.3156533314704868,0.09097854120401516,0.2841101310757388,-0.3323135284677555,-1.4761270913028723,0.5462735008081934,2.280624038672345,N900_RS04835,MiaE,1.1661746166666664,-0.42889,4.5921,3h_ce,3h,ce,3h_st,3h,st,5.02099
3.9879764181391435,0.7001845392604595,-0.13908418291070604,-2.538636506407228,-0.5330331748364413,0.8081330488288501,0.536248503755162,0.42842758374835155,-0.011487443421561605,-0.17088278233847964,N900_RS04840,motV,2.7984921883333334,-1.4682,6.4085,1h_SI6,1h,SI6,12h_SI1,12h,SI1,7.8767
3.085416887981606,2.760101973154568,0.7955921059779478,-0.8271689825317752,0.428686264299221,-0.5182992065910013,0.25885340730896866,0.8624160060408725,0.4237607395867634,-0.5475315200831865,N900_RS04845,cysB,0.3927544633333333,-1.711,2.4006,6h_SI9,6h,SI9,12h_st,12h,st,4.1116
-4.694375490347413,1.739812986782968,-2.498612738668912,0.1742928018810206,-0.0237459976699188,0.33290590731030856,-1.3824501196862278,-1.2725598509122082,-1.0197213085319228,0.21995402428448507,N900_RS04850,methyltransferase,-0.7035764666666665,-1.9415,2.0266,6h_SI1,6h,SI1,1h_st,1h,st,3.9681
-0.5449103161929276,-1.5845431999821322,-0.7980559495675523,0.34198289999055964,2.063770663076047,3.179104981394674,-1.0851824714721565,-0.6408520302188261,-0.9777025963931004,1.512102410311763,N900_RS04855,ald,1.0358829416666666,-0.56041,5.2295,3h_SI7,3h,SI7,3h_SI1,3h,SI1,5.78991
2.9526474610030844,3.208849433304666,0.7067998477748066,-0.7485526857055003,0.583702260938991,-0.664601003207042,0.2190927841953335,0.80782522993273,0.7119232715518687,-0.8965396446514606,N900_RS04860,lrp_1,1.8453204500000002,-0.056183,4.0561,6h_SI9,6h,SI9,12h_st,12h,st,4.112283
0.31840998756363303,0.3838527803714985,-0.44319936960438416,2.6487833259805846,1.2313578888072059,-1.197413294927574,0.26628489236529485,0.5290184989179314,-0.4440005629871556,0.1184683345719747,N900_RS04870,dsbB,-0.33072121666666665,-2.7609,4.1369,6h_SI9,6h,SI9,1h_SI1,1h,SI1,6.8978
0.11365222327192148,-1.9804110899052136,-0.4673838435234941,-0.6664014536875047,1.0239750830886647,2.029192992707995,1.6549003575015118,-1.9928952048581563,-1.3394836544687903,0.48703054021528236,N900_RS04875,nhaB,1.04811315,-0.54017,4.356,6h_SI1,6h,SI1,6h_SI4,6h,SI4,4.89617
-0.07898447065021053,0.6470491133365202,1.3157678097621979,1.2348234194001138,0.5843359838899369,-3.0162669146665637,0.7517345658664478,0.5190963210399874,-0.268907571317596,-1.374631782248771,N900_RS04880,fadR,1.1680233833333333,-1.5989,4.8608,6h_SI7,6h,SI7,3h_SI2,3h,SI2,6.4597
1.922723295363042,0.1743139437726548,2.1306899802245414,-0.8616933185411211,0.3008477979396459,1.039736535652234,-0.017264457217778917,-2.300775052251982,0.7647624924103792,-0.7706991172446734,N900_RS04885,N900_RS04885,1.4193907666666665,-0.34057,4.4853,6h_ce,6h,ce,3h_SI1,3h,SI1,4.825869999999999
-1.1758090535648076,2.129503556339975,-2.529759360431064,-1.1351873704200468,-0.0483163797650405,0.569935330819721,-1.8176039367764403,-0.8457640936038646,1.718941313675785,-2.473277336411793,N900_RS04890,methyl-accepting chemotaxis protein_3,0.0999043,-2.7012,5.5509,6h_SI5,6h,SI5,6h_SI1,6h,SI1,8.2521
-3.532543897117194,-0.944459569842969,1.08997357182722,-4.8258110158602,0.627698007950741,1.6746332796030245,2.320469212454449,1.0562312268587353,2.284349778532832,-1.5948387917379625,N900_RS04895,hinT,0.5871952666666667,-1.2797,4.2602,6h_SI8,6h,SI8,6h_SI5,6h,SI5,5.5399
0.010493302681309657,-1.560717628071972,-1.6798559194970912,-0.11067331306070027,-2.275744145077815,-0.6096546104626821,1.2334106961273115,-0.8416787164424719,0.530726400491166,0.3928275008881341,N900_RS04900,N900_RS04900,0.8011507333333334,-0.44888,3.1939,3h_SI1,3h,SI1,12h_SI2,12h,SI2,3.64278
1.4059119326987357,0.6695611024141512,0.6578693942742743,-0.4248324325457906,0.20541245889336646,1.125300772212999,-3.2496468139216743,-0.3469775126841736,0.06407144283922761,-0.6713346624634637,N900_RS04905,N900_RS04905,1.0987852999999999,-0.40268,4.1136,6h_SI6,6h,SI6,6h_SI2,6h,SI2,4.51628
-0.3533908759067099,-1.865459240855337,1.266843769407285,-0.29151027635823423,2.608175927736878,0.6702532021496241,-0.9459921593955831,0.2232291051123867,1.122555025932682,-0.937907205563242,N900_RS04910,lpoB,0.5405676666666667,-1.5165,3.918,3h_SI8,3h,SI8,6h_ce,6h,ce,5.4345
0.3106710650349944,-0.8620332213727182,-1.6771534671900392,-1.6173526333374597,0.4315392852803982,-0.48040075613562827,0.3784837516310011,-0.007043927382449133,-2.1090077110474996,0.29889024517766627,N900_RS04915,thiK,0.006151574999999981,-1.0764,4.0298,3h_SI9,3h,SI9,1h_SI1,1h,SI1,5.106199999999999
-0.35133281641356096,-1.139330286345781,-0.47259140052223997,-1.1067606247907047,-0.7380433532202203,0.7487600387966532,-0.45953311789162465,3.058612827592333,-1.450992084030804,-2.267371775228055,N900_RS04920,ycfP,1.2990930166666665,-0.01142,4.645,1h_SI7,1h,SI7,3h_SI4,3h,SI4,4.65642
1.8481130899712737,0.28056918233396333,0.6619910145529918,0.19897738242592666,-0.9753169036587129,-0.3660364611426279,2.3307782770944634,0.9779990398758465,1.2259588706668634,0.6017896598155017,N900_RS04925,ndh,0.7569319833333332,-0.98594,4.2302,1h_SI7,1h,SI7,3h_SI3,3h,SI3,5.21614
-1.6553687509627457,-2.112147045141902,-0.04067321543146849,-0.8118433589525933,-0.2201639411999818,1.7052924431041445,-0.338095297646424,-0.2987342132196364,3.7978566879677467,0.42533621005790145,N900_RS04930,rimL,0.57774305,-0.77205,4.8024,6h_st,6h,st,6h_SI3,6h,SI3,5.57445
0.3236135573045593,-2.884122455765903,-1.0302509648149485,-0.12297459412293676,-0.8081439086239793,-1.064351605241891,-0.10640627973739769,1.056575123429115,-3.158495042404863,-1.3300349529832811,N900_RS04935,hemolysin_2,0.9041604833333333,-0.7179,3.457,1h_ce,1h,ce,12h_SI1,12h,SI1,4.1749
1.91373667015299,3.6176001936061977,0.650823532023096,0.09313707491758638,0.660950502004188,-0.8712712658538826,0.2542626905547975,0.503295118232862,0.5173108763286329,-0.352893223829072,N900_RS04940,N900_RS04940,-0.9503314654999999,-2.9729,1.0611,12h_ce,12h,ce,3h_SI2,3h,SI2,4.034
-4.5904260688935645,2.299096253057953,-1.274547106826274,1.9388315389354513,-2.1214278625741967,0.418533448009745,-0.36711842682524787,-0.9371887553036093,2.2655233525700837,1.4852343049221546,N900_RS04945,mfd,-0.8932257000000001,-3.2265,3.1501,6h_SI5,6h,SI5,3h_SI3,3h,SI3,6.3766
-4.103405386609756,0.5431009767819037,-1.530134515682712,1.4612998349972641,-1.005031512209228,0.38054791906323626,-1.1480898412347356,0.8550746211943308,-2.791096928854559,1.0849240271797138,N900_RS04950,pilz_2,-0.8508710999999999,-3.5076,2.7429,3h_SI7,3h,SI7,1h_co,1h,co,6.250500000000001
-0.9153882943344405,3.824571463098851,-2.520414604168292,0.12343849055382172,0.8000526234197648,-0.6860563098988612,0.8948970992457357,-0.7111744211188296,1.1485974837016357,1.781939665051539,N900_RS04970,N900_RS04970,0.003914749999999987,-2.3189,4.9494,12h_SI6,12h,SI6,6h_st,6h,st,7.2683
0.6764995148756419,-0.9033100482318039,1.6987546775912896,0.47311948119972724,0.4363236361819268,0.829506396285245,0.7681243698959964,-2.2301459122163494,-0.03739510655259293,-0.015531670474795756,N900_RS04975,DNA internalization-related competence protein ComEC/Rec2,0.34371430166666667,-1.3296,3.3754,6h_SI1,6h,SI1,6h_SI2,6h,SI2,4.705
-1.9180670740792318,4.342766251192449,0.14876068007927593,-0.3511999974012896,0.37046289093156487,-0.36316232701789963,0.20300975276165567,0.8542060123472597,1.1855342065439436,-1.6531502404762104,N900_RS04990,VC0395_A1467_BLAST,-1.5325226666666665,-4.6134,0.10543,6h_SI9,6h,SI9,3h_SI7,3h,SI7,4.7188300000000005
0.783304393706914,-1.2153048370923947,-0.048273195889096364,-0.061622880594587315,0.934554937647496,0.6916561630443604,-2.508788079560354,-2.4067463670432416,1.3173881178090667,-0.05143837138330476,N900_RS05000,ycgB_BLAST,0.6673474613333334,-1.0142,4.31,12h_st,12h,st,6h_SI3,6h,SI3,5.324199999999999
1.7746777391191735,-1.5895184691397113,-1.8238391136987593,0.25633796690164745,-0.4954908878513666,0.9963877530988087,-2.2620677056312184,-0.35486104709262706,1.811423570191291,-0.2114886228289422,N900_RS05005,yeah,0.8586386833333333,-0.67557,4.093,1h_SI6,1h,SI6,6h_SI3,6h,SI3,4.76857
-0.5964746777950158,0.9239247517880037,0.03548776005462944,0.6639372960911776,-3.163014576906822,-1.4043487302670559,1.08466699668554,0.8848982071652456,0.24909540546420822,-1.5267571539048086,N900_RS05010,yeaG_BLAST,0.8201259883333333,-0.98471,4.9614,3h_SI1,3h,SI1,1h_st,1h,st,5.94611
-1.034969849793712,0.28975431922034345,2.412418531016073,-2.3765509433205034,-3.016266556968991,0.5974639779063444,1.8586976977931973,-2.901190731497994,0.95600735910492,-1.4858338541900562,N900_RS05015,yfbu,1.0036552116666666,-0.40912,4.0658,12h_SI2,12h,SI2,3h_SI2,3h,SI2,4.47492
-1.4609774933015511,0.24221997499675557,2.195016919863302,1.13465723846436,1.9622585205499716,1.7549687672472976,1.7119884072354317,1.6004956626561115,-0.6294600093573807,0.09211768505634077,N900_RS05020,membrane protein_3,1.2045267166666667,-0.26847,5.6165,1h_SI8,1h,SI8,3h_SI1,3h,SI1,5.88497
-1.4067189888300136,-0.159058704084294,-2.575846156069356,-1.5951122836460512,-1.3431950269510795,2.2057276184644943,1.9282960700459713,-0.8004576545855608,-1.9508339164550272,-0.8988281817849928,N900_RS05025,pflA,0.40198466000000005,-0.93053,4.3825,24h_SI1,24h,SI1,12h_SI2,12h,SI2,5.31303
2.7654268507899493,-1.2042700058233369,-0.10213521244451557,-1.1126896949484273,0.9242748297698743,-0.23684254531064242,2.012788386947597,0.8064301141301053,1.454242965769473,-0.36680293359947136,N900_RS05030,methyl-accepting chemotaxis protein_7,1.1064064333333332,-1.197,4.5076,1h_co,1h,co,3h_SI5,3h,SI5,5.7046
2.4854726484085674,-0.5327670763503994,0.5004651149523285,-1.04699062102969,-0.716822868464119,-0.935711407163301,0.45595975645437326,0.1173385956153413,-1.4798626567351074,0.6563462438778698,N900_RS05035,lpxR,0.9605232000000001,-0.40591,3.731,1h_SI8,1h,SI8,6h_SI4,6h,SI4,4.13691
-0.03656050063269056,2.3234788274595335,3.4060617191095584,-2.128629625202946,0.9970643486970598,3.3467070966619317,0.3939628067753159,0.24078531409086273,0.7193576812313964,-0.9035690921913839,N900_RS05040,pflB,0.5588561116666665,-1.6752,4.7134,6h_SI6,6h,SI6,3h_st,3h,st,6.3886
0.8980749468275522,-1.088486966542295,0.3610105399314551,-1.5629371775168563,0.9308311823160126,-2.34519844262216,1.0907946310433758,-0.8488188997058752,1.0079884141566757,-3.336954606042773,N900_RS05045,N900_RS05045,0.5992606766666666,-1.2144,4.2496,12h_co,12h,co,6h_SI1,6h,SI1,5.464
-1.4717718102249717,-0.6710332166095974,-3.1344418376471963,-1.823327556045956,-0.6253084436145278,1.7708026283713818,-0.6296557932757947,0.02290238572970338,-1.0069310582246653,-0.6104493360470732,N900_RS05050,occP,1.3571637000000003,-0.21443,4.2764,1h_SI7,1h,SI7,3h_SI5,3h,SI5,4.49083
2.929847070682259,1.5953967922985581,1.3509473238552154,-0.07936640379552795,-0.6205430792389417,-0.2417945777092625,-0.055698234871029095,0.13602102677550548,0.26570590382842707,0.06312081407766434,N900_RS05055,argT,1.1644249333333332,-0.35046,3.5794,12h_co,12h,co,1h_SI1,1h,SI1,3.92986
1.0786647261246163,1.0881912965433507,-0.19921151928500075,0.47723142832850973,1.8148028766647284,-1.0370459954943911,1.1931162476684143,0.4316551365269882,0.2844066473029073,0.32564945322609606,N900_RS05060,hisQ,0.6654580666666667,-0.58338,3.5209,12h_SI9,12h,SI9,6h_st,6h,st,4.10428
0.8504055675138065,0.062043600165949064,-1.7260143159063197,-0.2164286726004836,1.6000041022881097,1.7610492211206887,-1.8055541953538035,-0.7691405962875582,-0.8556925349133072,1.8459591505080588,N900_RS05065,hisM,0.8958732666666667,-0.47761,3.7407,3h_SI4,3h,SI4,3h_SI1,3h,SI1,4.21831
1.1351407589919882,-1.0580460075128726,-1.6725419234332841,-0.7010546856431128,-0.5937207775694496,1.5079877490542772,1.2735060199563013,-2.371955850506214,1.6331830413811166,-0.5086943434265786,N900_RS05070,xthA,1.779389166666667,0.12341,4.8797,1h_SI1,1h,SI1,6h_SI3,6h,SI3,4.75629
1.4722061268029085,-0.8548029890860518,0.42798482877804184,0.4284519010818295,-0.870280791300263,0.9228425181043175,-1.1479519113129808,-2.06791611474145,0.0697362894160497,1.478383769062509,N900_RS05075,pctC_1,1.1042378666666666,-0.23737,3.5909,1h_SI4,1h,SI4,12h_SI2,12h,SI2,3.82827
1.2073991082800815,-0.6312579845808648,-0.8678042307613725,1.8391629524519497,1.3517868851275563,1.5306025371912881,-2.49622351850598,0.06311748835520656,1.8524951660834348,-0.5595472952726418,N900_RS05080,rsmS,0.10816503333333331,-1.2773,3.4677,3h_SI5,3h,SI5,3h_SI1,3h,SI1,4.745
-1.9512201832699725,-1.403802792721099,-3.3212968687779885,-2.9551420435422857,-1.0792774546091801,2.7104420160438054,0.06360560944937954,0.1454134780556397,-1.1582005317424655,-0.30911377735957657,N900_RS05085,prepilin peptidase_2,0.26324856166666666,-0.83559,3.9948,3h_SI3,3h,SI3,12h_SI2,12h,SI2,4.83039
-1.6416695480771268,-0.005077789038561542,-0.9691426611140803,2.6176362675021663,2.54875551513264,2.519896487501736,-0.8020753769524893,-2.3998430749802244,-0.9938271378356635,-0.34833279536750944,N900_RS05090,yfcA_2,-0.10433206666666668,-1.2816,3.9033,6h_SI4,6h,SI4,3h_SI1,3h,SI1,5.184900000000001
0.8794824737900129,0.12490703922795887,-1.663327757852871,1.645388392353612,1.9847415362657534,-0.5339109539485254,0.12119368015536403,0.6190720752562746,-2.121354799054792,-0.44361889611584665,N900_RS05095,dinG,0.7030367666666667,-0.75055,3.2753,24h_ce,24h,ce,3h_SI4,3h,SI4,4.02585
1.0312752972918666,-2.195978650711069,-1.046315806650501,1.2204420936505276,-2.460826397018856,-1.653543431187403,-0.12165803284833276,0.8857445298769067,-0.3017452170814521,-0.34656736081069,N900_RS05100,ompT,0.98246435,-0.50573,3.8587,12h_st,12h,st,3h_SI3,3h,SI3,4.36443
-0.40343806510491564,-2.1681287525416835,-0.7707968829925539,-2.1853660980204968,-2.2504518793674415,-0.6293465347394653,2.114816833697379,-1.4168546848867112,2.077719137736892,0.05401924621194265,N900_RS05105,VC_1853_BLAST,0.6540752166666665,-1.2414,3.8658,6h_SI1,6h,SI1,6h_SI4,6h,SI4,5.107200000000001
-0.34441723411853387,-1.6831237119909037,-0.26092956111565496,1.2469980258853748,0.8932698041537536,-0.9929281127935303,1.701085323684094,-1.9666344362358144,-0.4399236336871196,3.2905417191907764,N900_RS05110,VC0395_A1443_BLAST,0.6346777500000002,-1.0232,5.0956,24h_SI1,24h,SI1,6h_ce,6h,ce,6.1188
1.4451081298176867,-1.0711488177841753,-2.3788668653485363,-1.6230996279115766,-1.6336811442561285,-0.2627957483513854,-0.2705226652837526,-1.9394628312426667,0.49162182241064445,-0.6323466330983505,N900_RS05115,cdgJ_2,0.537821,-1.547,3.6109,6h_SI8,6h,SI8,6h_SI2,6h,SI2,5.1579
-1.2863350899695307,0.27641067122839613,1.1795509379781637,1.0698654294824523,-0.7113164086430167,-2.2327635246043593,1.2856251923683768,-1.083102022390016,2.0738641504283555,1.1777581386559874,N900_RS05135,ruvC,-0.106628365,-2.3451,3.1281,12h_SI4,12h,SI4,3h_SI3,3h,SI3,5.4732
-1.0397496269995963,-0.505049762073286,0.6859442721697329,0.8128697958979947,-1.09621015577558,0.5252017432215512,1.6200755889569787,-0.5917131462987109,3.0565003239031094,1.1872073101278375,N900_RS05140,ruvA,-0.05279776666666668,-2.1637,3.4884,12h_co,12h,co,3h_SI3,3h,SI3,5.6521
1.2319331621733394,1.9790848838958226,-1.696141203371811,-2.320324089165977,1.856427617860183,-1.2733484327467428,-0.24344777653398286,-0.08991479818673187,0.36641718296016434,0.024972354380459638,N900_RS05145,ruvB,0.6450091583333334,-1.361,4.8952,6h_SI9,6h,SI9,6h_st,6h,st,6.2562
2.8927799581395384,2.8859622048843185,0.8468640024423953,-1.084119608900294,0.4855240493090372,-0.47018825395110375,0.39956729080998576,0.8015459697000367,0.7256130306117844,-0.8338678926819613,N900_RS05150,cydA,0.7195319666666666,-1.0978,2.7945,6h_co,6h,co,12h_st,12h,st,3.8923000000000005
2.938716509814795,3.012926305107271,0.647334299995243,-1.0772513923030433,0.491747526201562,-0.29041874147126534,0.37789367074340274,0.73006366491021,0.72595909422863,-0.8917908839795294,N900_RS05155,cydB_1,0.7098292166666665,-1.3807,2.7311,6h_SI9,6h,SI9,12h_st,12h,st,4.111800000000001
0.8645622384959575,0.09828212228405664,-0.5417307476226086,-2.9231620680788724,1.1273774777668677,-1.7608604922133186,2.4264248098479584,-0.4155631880259422,-2.1819347662962447,0.9099903911667027,N900_RS05165,ybgE,1.1787482833333334,-0.4938,4.8888,1h_co,1h,co,6h_st,6h,st,5.3826
-0.01166596466263048,-2.707392015629005,-1.9952709590216031,-0.5459165377026249,-1.5540208132998343,-1.1965986269344762,-1.94018321154418,-0.09476169105505994,-0.15899111744505834,-1.2943438639789824,N900_RS05170,ybgC,0.7459370066666666,-0.80087,2.8581,3h_SI1,3h,SI1,12h_SI2,12h,SI2,3.65897
2.837404711325192,2.9519213220668172,0.8105234393975227,-0.7886470249909887,0.5781943433605697,-0.621374720402667,0.26209645394811004,0.805566583892285,0.7301533151986238,-0.7444631919300313,N900_RS05175,tolQ,0.798336155,-1.1942,2.9061,12h_SI7,12h,SI7,12h_st,12h,st,4.1003
2.396502129866481,3.4995401346421264,0.34811918048154344,-0.5091840095272351,0.5028804027613191,-0.291670743038716,0.19943897693534784,0.5101942415678697,0.582506296491337,-0.7107075415805443,N900_RS05180,tolr,-0.7088125000000001,-2.8131,1.7784,6h_SI9,6h,SI9,3h_SI9,3h,SI9,4.5915
0.9413126666479048,1.6824543701634538,0.9764311795422035,-0.14587255018273027,0.8424227323976595,-1.0200884618148471,-0.14920493802247925,0.5655428580468012,0.08545000076057319,0.07976329712318986,N900_RS05185,tolA,-0.07284683333333333,-2.4399,3.8827,12h_ce,12h,ce,1h_SI1,1h,SI1,6.3225999999999996
2.09136218608546,3.056351553661792,-0.08746750879207701,-0.1002669518544348,0.9990166148866807,-1.1548060027508993,-0.8536775147552211,-0.9075734144159888,0.4968670554111414,-1.0473413369798255,N900_RS05190,tolB,-0.026892466666666667,-2.2054,4.3082,12h_ce,12h,ce,6h_SI2,6h,SI2,6.5136
2.7359976156477144,3.452402067893874,0.3096241516736402,-0.6269397110098429,0.49346426766834317,-0.3226297964875211,0.2079320067565047,0.662325532080503,0.5937200887878368,-0.8212577647807998,N900_RS05195,pal_1,1.3740060666666665,-0.61176,3.4948,6h_SI9,6h,SI9,12h_st,12h,st,4.10656
0.04345266025217853,-0.3898186911815147,1.7535274206934734,2.4424626420756246,0.9360386349694766,-0.9703015892760176,0.6244943503825601,0.7293400091487978,-0.13521241981582088,-1.5504910032489638,N900_RS05200,ybgF,0.2541345833333333,-1.6242,4.3142,12h_SI8,12h,SI8,3h_SI5,3h,SI5,5.9384
-1.115914809088125,-2.4548024981353316,0.23040579034239436,0.6125350460778924,-0.03782192735766591,-1.912074124920101,1.206572606818771,-0.6283818197794195,-1.9351055057529614,-0.9053886347227124,N900_RS05205,nadA,0.5824090333333333,-2.0491,3.5819,6h_SI1,6h,SI1,3h_SI2,3h,SI2,5.631
2.2529862067281865,-0.23543149199341562,1.7184359850788329,1.1932650790629018,-0.3295938909221228,0.6083571145594932,-0.11514759306582056,-0.5161618735314677,-0.9065202405822786,0.8969657818455785,N900_RS05210,yeca,1.33919295,0.020125,4.3372,1h_SI8,1h,SI8,3h_SI1,3h,SI1,4.317075
1.5388719711053982,0.03930607585559337,1.7841093959202026,-0.7923730961308149,0.5020687077573446,-0.34641769257395305,0.4205468983479609,-0.08792767813755203,-2.6216176869429497,-0.19780498672130153,N900_RS05215,cqsR,0.8180943,-0.75728,3.3084,3h_SI3,3h,SI3,3h_st,3h,st,4.0656799999999995
-0.15556790452597768,-0.8775499864343419,0.5010003303784059,2.59062352549278,1.2954407916877528,-1.2221446029393461,0.11705161934303487,-1.9726925496631125,0.9926841009812555,-0.7937575700973297,N900_RS05220,alae,0.11534756666666666,-1.642,2.6789,12h_SI8,12h,SI8,1h_SI1,1h,SI1,4.3209
-0.5935962878404046,0.2832484827849746,-2.1708253890238844,0.5845374029907999,-0.859322692065061,-1.2433078825038528,-0.20674248788154137,-2.6827796287040115,0.6371739334313316,-1.4536691365091836,N900_RS05225,manA_2,-0.013051666666666663,-1.3305,3.6735,12h_SI4,12h,SI4,6h_SI1,6h,SI1,5.0040000000000004
1.1435530434784313,1.8048158075046277,-1.7363716625222978,2.0318966654036927,-1.2049251600830186,0.23135150256566095,-0.40746177864351085,1.0274219899219432,0.8173315375023684,-1.29209027336789,N900_RS05230,PTS fructose transporter subunit IIC_1,0.28519082,-1.2882,3.9525,6h_SI4,6h,SI4,6h_SI1,6h,SI1,5.2407
1.5483968861453343,-1.6591080588668559,-0.5424574067348428,1.6540414717039273,-0.002365401727094929,0.21373378777360752,0.9783782597220463,-1.0550854558191707,-0.5747338264258791,-0.3992716071101304,N900_RS05235,rhaR_2,1.1426662336666666,-0.34484,4.3471,6h_SI1,6h,SI1,3h_SI2,3h,SI2,4.69194
0.8633276688858329,-0.9866554653076061,-0.3447970148409928,0.9936746207126608,1.3615852107447408,-0.3797930638468805,-1.67583297303325,-1.0670969143278337,0.8245214387057975,0.815282444515051,N900_RS05240,PTS fructose transporter subunit IIA_2,-0.37278711666666664,-3.3449,2.3735,3h_SI8,3h,SI8,6h_SI4,6h,SI4,5.7184
0.3714830741123052,2.126833353825407,0.033942046561123984,-2.644498745348618,-1.561477573413954,-0.5804137626173778,3.3499408343791,0.3490608205287837,0.07931414447617557,1.9807120811782288,N900_RS05245,manP_1,1.0140252666666665,-0.54062,4.318,6h_SI2,6h,SI2,6h_st,6h,st,4.858619999999999
0.6510768768343294,-1.7568037990539724,0.6815382732058403,2.870219792887811,0.3983519595350694,-0.6482959389981131,0.4421354010584718,-0.9667169898305201,1.0525202209258397,-1.785715742959542,N900_RS05250,PTS fructose transporter subunit IIA_1,0.5363983500000001,-0.82667,3.2566,6h_st,6h,st,6h_SI2,6h,SI2,4.083270000000001
2.075499005471439,-1.0856091727387907,-0.46355325756873816,1.7121445160443396,-0.6983555356805612,-0.23698131177933512,0.41022083051403146,-1.531664691234441,0.967104400003887,-1.0733321960184654,N900_RS05255,PTS fructose transporter subunit IIC_2,1.0628955166666667,-0.44693,4.5239,12h_st,12h,st,3h_SI2,3h,SI2,4.97083
-3.117934221876683,1.4826782055119425,-1.5430186456092831,-0.32007458096890185,0.23943835190671675,0.2674483511406738,-0.3969929711930711,0.27375408722493133,-1.692682513333232,-0.7743950906586461,N900_RS05260,manP_2,-0.6287416833333334,-3.2796,2.6799,3h_SI7,3h,SI7,12h_SI1,12h,SI1,5.9595
2.554219506585466,-0.18756675411123946,0.22870364935979046,0.996861069704122,-0.7407198391138999,0.37806372780502817,-0.2879395155423654,-0.6607264224192735,-1.5706739169585444,-1.411753798400931,N900_RS05265,ald1,1.0136811516666666,-0.49688,4.5058,6h_st,6h,st,6h_SI2,6h,SI2,5.00268
3.53286277690876,1.2261717128740068,1.1421443733891,-0.024917721533701087,-1.0187033209074692,-0.19815433069557287,0.0168285744151363,-0.42016002217472875,0.5708903422001897,-0.3177486269901886,N900_RS05270,acoR,1.0387383,-0.43867,3.705,1h_SI5,1h,SI5,3h_SI3,3h,SI3,4.14367
0.5692215502998894,-0.4592060524360686,-1.303105352489937,1.1829776193345203,-0.18647662800057435,0.1529399043540236,-0.6813351829061263,-3.045275406328305,1.279059734513519,-0.31249006473441127,N900_RS05275,VF_0530_BLAST,0.5501155166666667,-1.0009,3.3786,3h_SI5,3h,SI5,6h_SI2,6h,SI2,4.3795
-0.4426425737743549,0.21936469524276997,0.34575508520712406,0.5246792861480869,-2.855308740301602,0.2795272657903982,0.21596143045041444,2.442861623349433,1.4491435483670592,0.6150549452215184,N900_RS05280,SDR family oxidoreductase,0.6303334123333334,-1.6131,5.2283,6h_co,6h,co,3h_SI3,3h,SI3,6.8414
1.8718634032730703,-2.082848027554888,-0.862093510175674,0.6632802302587559,-1.15085590038043,-0.08880896724291909,1.0400699262180395,-0.06287463573416613,0.9137053601726504,0.23402385682062232,N900_RS05285,cry1,1.1814332500000002,-0.3861,3.8363,1h_SI8,1h,SI8,3h_SI3,3h,SI3,4.2224
0.596631824206443,-0.7058954550581757,1.2254464199174242,1.8034636003495277,0.88006378050976,-1.3173746204100771,-1.0500320010695836,-0.8963141111811963,-1.6994966372516944,-1.4812800010050133,N900_RS05290,N900_RS05290,0.42985096666666667,-0.8797,3.3959,6h_st,6h,st,6h_SI4,6h,SI4,4.2756
0.2742215457055148,-0.5612251901871579,1.6083990204056584,-0.9812125075237211,-0.7242539521308686,1.1932509976556491,-2.399870527785188,1.3242238385288094,-1.5811904782712007,0.36970463998636705,N900_RS05295,N900_RS05295,0.9973708833333332,-0.59103,4.2838,3h_SI2,3h,SI2,3h_SI5,3h,SI5,4.87483
-0.5118962544457104,0.296750604649109,-0.2208396021505934,-4.056310973337583,0.6913246060490748,0.7942613567724571,0.9113046445459785,0.052167224108833316,1.4082548255455531,-3.1760199401354594,N900_RS05300,N900_RS05300,0.5883225166666667,-2.1083,3.4432,6h_SI6,6h,SI6,6h_SI2,6h,SI2,5.5515
1.7390761037846811,0.6632433849652313,0.17924239437057043,-0.08442827276770704,1.8510332027981378,-1.638117230507628,-0.21711557980713936,0.4977662802140791,-0.4958141894826861,1.0741882142232715,N900_RS05305,AlpA family transcriptional regulator_1,0.8732035333333333,-0.61926,3.8888,12h_st,12h,st,6h_st,6h,st,4.5080599999999995
-1.9424810142938147,-0.7066102422000493,-1.3365504635344596,0.44503074895133166,-1.195735285248029,-0.4610778714071664,-0.958451654127741,1.5348037364315823,0.08385508662905039,0.0472916345569816,N900_RS05310,N900_RS05310,0.05666616,-1.1429,3.6727,12h_SI8,12h,SI8,6h_SI4,6h,SI4,4.8156
-4.207733283142798,-0.6197527597249974,-1.8369250776607358,-1.6606878160959442,2.1460176258393067,-2.3938723965097375,-0.8131294244202059,-0.7483884633476685,0.16208045470211951,1.1004834084653552,N900_RS05315,N900_RS05315,-0.10634576666666665,-1.4705,2.7471,3h_SI1,3h,SI1,1h_ce,1h,ce,4.2176
1.5734269770941953,-0.3109685218429308,-2.4826614706033037,-1.1127846524650926,-1.0837461173481515,2.0105720665126343,-2.3076177746652924,-1.5341114048921767,1.911766266786374,0.11593199896812345,N900_RS05320,N900_RS05320,0.6445155499999999,-1.1691,3.8596,1h_SI2,1h,SI2,3h_SI3,3h,SI3,5.0287
2.978354936381958,3.221289656902078,0.6463962599784406,-0.7411144029411314,0.5562557764604136,-0.5876886864572595,0.22707777245465333,0.7718437336690156,0.6896086175632301,-0.8789128492488743,N900_RS05330,N900_RS05330,1.8303856333333333,-0.061552,4.0455,6h_SI9,6h,SI9,12h_st,12h,st,4.1070519999999995
1.9860928409908647,2.027244812434222,0.5021157197027738,-2.5727176738011073,-0.5108227699818597,4.667656271938467,-0.7521544309885475,-0.36802029788981566,0.6483582551463276,-0.17411764344228908,N900_RS05340,IclR family transcriptional regulator,0.09195315,-2.1203,3.9457,1h_SI5,1h,SI5,3h_SI1,3h,SI1,6.066
1.229221647282042,-1.1129320598052688,1.9539692184600106,0.23441327995707928,-2.3792367901672167,-1.3405539180196695,-1.8219218264916097,-0.4028926781018987,-0.9708913971606487,0.06557096106167148,N900_RS05345,marR,0.80952545,-0.6794,4.0923,6h_st,6h,st,3h_st,3h,st,4.7717
-0.02132472385625883,-1.9889599327010847,-0.44563344428748375,1.439005896597521,-1.3667492006141624,-2.4362524007111257,-0.5780813401295266,0.205056095213424,-1.5488762141324948,-1.4806720021386732,N900_RS05350,DDE-type integrase/transposase/recombinase,0.37342490166666664,-0.94342,3.2289,6h_st,6h,st,3h_SI4,3h,SI4,4.17232
0.2764465962653877,3.572222013871393,4.7850887218050495,-2.245868973358129,-0.31092662131175786,1.1944040740392474,-0.7244112668884173,-1.0719499741798137,-2.0878119286794243,0.11784707273881023,N900_RS05355,ATPase AAA,0.009900648,0.00048811,0.15721,1h_SI7,1h,SI7,3h_st,3h,st,0.15672188999999997
-0.26375002077453535,1.2112177247099394,-2.5474064134283187,-0.21871317277789726,2.034130217217633,3.663203141909347,-0.9568594833430208,-1.1359213726982558,-0.08419490647049721,-1.0591515806558163,N900_RS05360,N900_RS05360,0.22612868333333333,-1.301,3.4917,24h_co,24h,co,3h_SI1,3h,SI1,4.7927
1.061975232111922,-1.8894391553801788,1.3900705940495872,1.6288983545249436,0.7649162872326828,-0.6943192239020015,0.21920657176125646,0.7133412088697277,1.7174329483997108,-1.4107505486848104,N900_RS05365,N900_RS05365,1.3667623499999997,-0.75363,4.7078,12h_SI3,12h,SI3,3h_SI4,3h,SI4,5.46143
2.110229488689961,0.06264321871888473,1.0727254197969893,0.2794487792047593,-0.3930404192436189,0.7336150604509452,-0.5214299302399414,-1.3674781152417943,0.565081727355588,1.2737795148562532,N900_RS05370,middle operon regulator,1.2383351,-0.12582,3.3951,1h_SI8,1h,SI8,6h_SI3,6h,SI3,3.52092
2.395650083946162,1.4376958605569294,0.5625784138803905,-1.562517958943978,1.0090229759359381,-0.4029567190704144,0.16098094475096641,0.290814089447447,0.05217421272885692,0.477001722747898,N900_RS05375,transcriptional regulator_2,1.25064307,-0.22889,5.009,1h_SI8,1h,SI8,12h_SI2,12h,SI2,5.23789
1.290929650250594,-2.1587875606708877,-0.7930745250605571,-1.7225228965560628,1.7824118084798577,1.6606076692544538,-1.7936925611423653,-1.1228156651075416,1.991855201600015,-0.650943426560015,N900_RS05380,N900_RS05380,1.0733446166666667,-0.60278,4.6585,1h_co,1h,co,12h_SI2,12h,SI2,5.26128
2.20988447759888,-1.7366137845335738,0.25884545038496637,1.1771821956528217,1.137435385066976,0.8222916136912162,1.037051348045023,-1.080129920653546,0.4907811549527379,-2.0628617367661395,N900_RS05385,N900_RS05385,1.4264952666666668,-0.20862,5.1047,1h_st,1h,st,3h_SI2,3h,SI2,5.31332
2.0022347574294095,-0.4745960771201255,-1.3380802011659994,0.6933597221143089,-0.10261918339885867,-0.08495762187810985,0.4529994618371321,-0.7131226540324596,0.4809133461166334,-0.9765544556633483,N900_RS05390,N900_RS05390,1.3942658333333333,-0.28709,4.3761,3h_st,3h,st,12h_st,12h,st,4.66319
1.7418707433523863,1.5043015915450686,0.8064080248905096,-0.9896881082273877,-2.5474477827357194,3.119619716336556,0.05003856858759148,-1.3717285281895655,0.026043538081664375,1.476799607245533,N900_RS05395,tape measure protein,1.4957915000000004,-0.30252,5.0542,1h_SI9,1h,SI9,3h_st,3h,st,5.35672
-0.02488704487323501,-2.4838759949611413,0.9236705830497995,-2.090281039966672,2.743745587806928,1.0575119778760125,-1.582750354515506,-2.0268048893664496,3.124891072170298,-1.123217243636096,N900_RS05415,radC_2,3.1933400000000005,1.4121,7.1581,1h_co,1h,co,6h_SI2,6h,SI2,5.746
2.456224031051601,-0.4277049790515196,-1.3638356356085968,-0.02017466671801027,0.3944631364780797,-0.8717059877275168,1.6449256760672442,0.9236570161778088,-0.46622999753106653,0.9778934989004333,N900_RS05420,AlpA family transcriptional regulator_2,1.6873482999999998,0.041178,4.5865,1h_SI8,1h,SI8,6h_st,6h,st,4.545322
1.0583024087108717,-0.8272038779010202,0.20341452751355332,1.3593261924349296,1.158076562492189,-0.942785663072145,1.1085641632671148,-0.14383772262828037,1.33994705105176,1.888953169489741,N900_RS05425,sialidase,0.8378160416666667,-0.64229,3.5704,3h_st,3h,st,6h_ce,6h,ce,4.21269
1.8461609219326807,-1.101431358942002,-0.2720562739213881,0.3701296909111016,0.8141673704900125,-0.7854873158543543,0.22642353827081613,0.2722467202824169,0.5309083954869521,0.33437250508102245,N900_RS05430,nagA_2,0.5475090216666666,-0.9519,3.0012,12h_st,12h,st,6h_SI4,6h,SI4,3.9531
1.2707007216613508,-0.5690838828348793,-0.661635126103665,1.04532359084914,-0.6014918854116499,0.5344197027298243,-0.9668353366500004,-1.6047803230811368,-1.8138302628255176,-0.2859598133280835,N900_RS05435,nanK,0.7366270166666666,-0.34553,3.915,6h_st,6h,st,6h_SI2,6h,SI2,4.26053
2.945511583033926,3.151444987040067,0.6861973556197433,-0.8080784960651246,0.5607432410806662,-0.6166915397459787,0.23475451594215113,0.8390753606324195,0.6935601894596934,-0.910584657102521,N900_RS05440,N-acetylmannosamine-6-phosphate 2-epimerase,0.6842123666666668,-1.238,2.8738,6h_SI9,6h,SI9,12h_st,12h,st,4.111800000000001
-1.0708372090728544,-0.1759514473596775,0.49586140727240546,-0.34485558856006593,0.9143750385174438,-2.2272657935020206,-0.43407833072451085,-1.0777907777502336,-1.588221134699328,0.14080556684511203,N900_RS05445,N900_RS05445,0.6905230666666667,-1.4196,5.3843,3h_SI8,3h,SI8,1h_st,1h,st,6.8039
2.0932476490175125,0.5902854681450879,2.048804285626401,-0.40548198110149647,0.27036522176279915,0.6469108149125531,1.1588336479937413,-0.016666155149254624,-1.1996966718717732,1.5032652588522957,N900_RS05450,siaP,1.4123102166666668,-0.39459,4.603,1h_SI3,1h,SI3,12h_st,12h,st,4.99759
-0.34547740658092874,-1.1550514352750185,1.1397781381270145,-0.5626376589896567,4.008178976351548,-1.4908873462539223,1.6893674821730864,-2.398393872563918,1.0595439169032843,0.9239989506510891,N900_RS05455,siaQ,0.8079806500000001,-1.1326,4.7764,12h_SI2,12h,SI2,6h_SI4,6h,SI4,5.909
-3.6652301455125595,0.3880114922681661,-2.052624014033265,0.18190084453937416,-1.1649182729145022,0.18898089913927918,-1.0300913167086978,-0.14350761376994703,0.463162703050128,0.8500514496430245,N900_RS05460,siaM,-0.16962076666666667,-1.8663,3.6921,6h_SI5,6h,SI5,1h_co,1h,co,5.5584
2.215798492979105,-1.4324215124846813,-0.40576817561551526,0.5411705125906834,0.7925683258594913,1.148725103343694,0.23704167696358258,-0.267395952362596,-0.41901746342547586,-0.324622611527737,N900_RS05465,nanA,1.0245334833333333,-0.33739,3.9809,1h_SI1,1h,SI1,6h_SI1,6h,SI1,4.31829
-0.6698175745574502,4.2190995721319045,-0.8005561254644914,0.874934928523857,0.19195961932322064,-0.4433549006897257,-0.5912533446975219,0.7007533296132096,-1.0841531796525627,0.4062885140300505,N900_RS05470,ybbH,-0.8069805000000001,-3.5466,2.5086,6h_SI7,6h,SI7,12h_st,12h,st,6.0552
2.2499644343817566,-1.3719574520019122,3.107066075260175,-0.7181088591911544,-0.9524390412332461,-1.2070318356480345,0.6453230620918654,0.47734241368193064,0.36835153238348806,-0.41833898254026713,N900_RS05475,nanM_1,1.2559163433333334,-0.69143,4.2818,3h_co,3h,co,6h_SI4,6h,SI4,4.973229999999999
-4.195832219062779,-0.7256105467868705,0.21856422948727042,0.46044264922085,0.8997466919083491,-2.2569300966160584,-1.4913517805952623,-1.7732133675375474,-0.5265662716141043,1.399937871950711,N900_RS05480,nanM_2,-0.22444844500000005,-2.0285,2.5945,24h_SI1,24h,SI1,3h_SI5,3h,SI5,4.623
-3.03407147948447,-0.3593523791784663,2.5342572018413945,2.133767869595448,1.9048511171953613,-0.2824476153190687,2.002309994204941,-0.19110339133570448,-0.5877719014030632,-1.4513274397996927,N900_RS05485,YafY family transcriptional regulator,-0.19919461666666663,-1.5953,3.0573,12h_SI9,12h,SI9,1h_SI1,1h,SI1,4.6526
2.7614001094318867,-0.3778195023507199,-0.32987735620152464,0.8607231893313672,0.7799526076025748,-0.4337960104662544,0.6588210321189676,-0.7132937440442688,1.2951958438390072,-1.9198274481840811,N900_RS05490,N900_RS05490,1.1188048650000002,-0.65037,3.9243,12h_SI8,12h,SI8,3h_SI2,3h,SI2,4.57467
0.8847429744292166,-1.841615788477308,-1.6829531770323745,-0.6095762899889068,0.6571601009967996,1.686408362858301,-1.8322850114577662,-1.2794003056246193,1.087300758408504,0.8365912984738957,N900_RS05495,N900_RS05495,1.2176793500000003,-0.26547,4.1682,3h_SI2,3h,SI2,6h_SI2,6h,SI2,4.433669999999999
2.4917679084381437,0.4724120153040118,-2.1996217433500327,0.06674871786877112,0.02157530429934213,0.5199462089163774,0.3938108930624161,1.3154184044863386,0.6885975567886792,0.4211709468347977,N900_RS05500,SAM-dependent DNA methyltransferase,0.9780412333333334,-0.53156,3.6298,1h_SI8,1h,SI8,12h_st,12h,st,4.16136
-0.06198083439418145,0.20442168736609195,0.48822551939737785,0.052100284807234054,0.6194352521821866,1.5216792640875494,-2.337254179581281,1.680028688970264,-2.853292562359535,-0.25873512479286487,N900_RS05505,restriction endonuclease subunit S,0.4764261483333333,-0.89346,3.7628,3h_SI2,3h,SI2,12h_SI1,12h,SI1,4.65626
-4.415465641069,-0.02110753337822674,1.4202149313815116,-0.33275786196386226,-0.8767203130005735,-0.17285258592575237,0.5865476340416577,1.9181215504141318,1.6529944722155898,1.2492230731289486,N900_RS05510,N900_RS05510,0.43867336666666656,-0.80415,6.3422,6h_SI1,6h,SI1,6h_ce,6h,ce,7.14635
2.923743157534175,0.34935962353058836,0.9324129165914974,0.01070612427378359,0.07232143079283077,0.19083383040522983,-0.047609820830692096,-0.5647351406843404,-0.5711289292708394,0.10810950621013116,N900_RS05515,N900_RS05515,1.0418312,-0.29566,3.7044,1h_st,1h,st,6h_SI1,6h,SI1,4.00006
2.5459700966747745,0.19929975201389258,-0.2688153713722321,0.3472943204991399,-0.18939659026627909,0.39045475213679914,-1.6104950685984079,0.340946373575289,0.04657612109002718,-0.02476689680564148,N900_RS05520,type I restriction endonuclease subunit R,1.3436920333333333,-0.14669,3.9066,1h_SI7,1h,SI7,6h_SI4,6h,SI4,4.0532900000000005
1.9547149435530615,0.7318834714175397,2.0901884888133235,-0.675804313849165,-0.5959073889708404,0.8126896239785487,0.36498148988279855,-1.3632630249708675,-0.3413839980163036,-0.2835659424962622,N900_RS05525,ZorA,1.35461179,-0.17831,4.1278,1h_SI4,1h,SI4,3h_st,3h,st,4.306109999999999
-0.9202378964410896,-0.020614648089516407,0.944038795180164,-1.4750490561806413,0.111946147567207,-1.9972070150480694,3.1799818098698918,-0.5871921806149432,-2.6097222557720032,0.5744048902103074,N900_RS05530,MotB,0.7457825166666667,-0.9498,4.9522,12h_SI3,12h,SI3,3h_SI2,3h,SI2,5.902
0.44641149821346415,-1.4713809410546737,-1.5455880384621599,-0.7541765169061487,-2.2035441076591042,-0.7656926265140325,-0.37032926297894875,0.1871944707841436,1.5319677671198155,-0.8794673761482392,N900_RS05535,zorC,1.342458463333333,-0.015462,4.087,3h_SI1,3h,SI1,3h_SI3,3h,SI3,4.102462
-2.558855804923116,0.02494264932707846,1.5863744657908652,-0.8875448550114099,0.10185574560578964,2.573864654683266,-2.143935614159245,-0.8543493185805648,-2.1721614759351944,1.4261243588735801,N900_RS05540,helicase,0.09156693479499999,-1.6726,3.0416,6h_SI2,6h,SI2,3h_st,3h,st,4.7142
-3.8774850310745714,-0.10109747787345008,0.7009269274042436,0.7858720965353547,-1.048737689468246,-0.7772012340040237,2.522566853968658,2.031122082237555,-0.8962777049437199,-1.7363303511542334,N900_RS05545,intA_1,-0.3095441166666667,-2.0942,3.2093,3h_SI6,3h,SI6,3h_SI4,3h,SI4,5.3035
0.9678963268064233,-0.5273410582561604,-1.2428216696375052,0.40994759366636613,2.7207311452296246,-0.7678677006630688,0.2157348304451462,0.24329567344438888,-1.296660771655484,-0.40924709299388823,N900_RS05550,intA_2,0.49721800000000005,-1.0012,3.4145,24h_st,24h,st,6h_SI1,6h,SI1,4.4157
0.2678301451197824,-1.0340516175518628,-0.6349328558987535,1.219418356505197,-1.3250000573690548,0.47999815147601527,1.0332731710561167,-0.6872406289857189,1.5728768126145658,0.34660989808617315,N900_RS05560,vexD,0.21175280000000002,-1.2217,4.5557,12h_SI9,12h,SI9,6h_ce,6h,ce,5.7774
3.019367811539002,-0.2722959806133066,1.2115501638525232,-1.2983551433679026,0.19546777056678757,0.4265731685352159,-1.246571678811408,-0.038492682703919257,-1.837562338689215,-0.5367540667615289,N900_RS05565,vexC,1.2179690166666668,-0.43687,4.1091,1h_SI6,1h,SI6,3h_st,3h,st,4.54597
1.760349695275063,0.037092906893705035,0.102960648072984,0.829300431320628,0.042782750863457675,-1.1058113612487839,0.41555195657260613,1.0731832880942298,-0.6776223740810606,-0.7061828694277312,N900_RS05570,pqic,1.12838816,-0.28906,4.7755,1h_st,1h,st,3h_SI4,3h,SI4,5.06456
1.775606074430657,-0.7102061953944703,-1.268318098569593,1.3024916238437103,1.830733139890098,-0.9331793495161185,-0.450695148227396,0.3548581237543875,-0.47461946519411946,-0.3221636206613226,N900_RS05575,pqiB,0.5611877716666667,-1.1285,4.0344,12h_SI7,12h,SI7,6h_SI4,6h,SI4,5.1629
-0.721025250883967,1.1568601297630663,-0.49635549012916863,-0.4306267636955221,0.3146618163005206,3.3240530098921,-0.2815021878173347,0.40187064249722204,2.3792965761560136,0.4081034409462847,N900_RS05580,pqiA,1.1031466833333334,-0.091994,5.1871,6h_co,6h,co,1h_st,1h,st,5.279094
-0.8530171861730849,1.9153576320041037,2.3960491665354025,1.4213755008693423,-1.1985469763540932,0.7598590220251001,2.2115159632532775,-1.3715455838844213,0.8840572636836268,0.5342778458505482,N900_RS05585,mechanosensitive ion channel protein MscS,0.37348226650000005,-1.0232,4.4858,12h_SI2,12h,SI2,3h_SI2,3h,SI2,5.509
1.3602117464881829,0.3175292654597839,-2.3530189173440594,-1.7949023343008554,-0.6035884233460671,-0.5251732257371537,-1.7541179898094474,1.1216594015945855,-0.31869229346537664,-2.328973020608898,N900_RS05590,N900_RS05590,1.1086025233333332,-0.43008,4.7171,3h_SI6,3h,SI6,6h_SI2,6h,SI2,5.1471800000000005
-0.19067888375827335,-0.9498752757037212,0.3722331424672114,-0.33711685681277603,0.17038421756049335,1.1916280174102118,0.9665364962365264,-0.8477541360454368,1.8799047873399002,0.1349088836260639,N900_RS05595,BamA/TamA family outer membrane protein,0.93692325,-0.74077,4.723,1h_SI2,1h,SI2,1h_st,1h,st,5.46377
0.5880297692176883,0.0050498561117454654,0.5518878005509404,0.8367866484041642,2.7964500698924586,-1.0350393969099942,1.2357880035220365,0.731028437796017,-1.4458032254946116,1.478085845473067,N900_RS05600,N900_RS05600,0.5512599499999999,-1.2309,3.7353,6h_SI1,6h,SI1,6h_st,6h,st,4.966200000000001
2.235825818047519,-1.3049366603561028,-0.5759945493786884,1.5214484985464765,-0.016116752631833264,0.003305767667700521,0.592888888490604,-1.8608843575108407,-0.5311665076453577,-0.6904603837381788,N900_RS05610,breR,0.5076679616666666,-0.88861,3.6377,12h_st,12h,st,3h_SI2,3h,SI2,4.5263100000000005
1.5111978989966994,-0.808078498593048,-1.128953236647313,0.2947768767232555,-1.9226183291605385,-2.5925573941695825,0.7614969076847874,-0.0943712969386567,-0.7857614090575648,0.7648709431851619,N900_RS05615,NAD-dependent succinate-semialdehyde dehydrogenase,0.68964878,-0.78139,3.575,3h_SI1,3h,SI1,3h_SI2,3h,SI2,4.35639
-4.561779102758036,0.19295303140006986,1.0878728638573156,1.2941164908595773,-2.110227428935915,-0.9285819018227364,-0.7828681983950114,1.536597766761109,2.7378822585780616,0.8334228169497038,N900_RS05620,N900_RS05620,-0.9343289833333334,-2.5455,2.9569,6h_ce,6h,ce,3h_SI3,3h,SI3,5.5024
0.45186072394152,0.4600220812618931,0.9408521110953968,2.1454067970484427,-0.8732715275852297,1.9281211047676994,3.0478633737282044,1.0753705813603336,-0.07704440899569831,-0.007736734453934524,N900_RS05625,1-aminocyclopropane-1-carboxylate deaminase/D-cysteine desulfhydrase,0.9335631533333334,-0.8539,5.5624,6h_SI6,6h,SI6,3h_SI2,3h,SI2,6.416300000000001
2.9357779452397974,1.2153500783470386,-0.11052951872907998,-1.6520016889640923,-0.5367262573598401,1.537970085290361,1.022831074414602,-0.9046218448283725,0.7924819148355815,1.1130219110194002,N900_RS05630,TetR/AcrR family transcriptional regulator_2,1.2765062833333336,-0.42314,4.5633,1h_SI1,1h,SI1,3h_SI3,3h,SI3,4.98644
-1.2554891001578186,0.9560252376184548,-2.85228760849344,-1.227074214552951,-2.5150746910286323,1.7051847364191726,0.5112493056199565,2.076914569561406,1.8097478261142044,-0.03685180648369679,N900_RS05635,fadE_2,1.4796755000000001,-1.6797,4.7912,1h_SI9,1h,SI9,6h_SI3,6h,SI3,6.4709
0.4274035059965535,1.525874691247712,-0.17250650877681933,2.601179133008886,0.5618130167876098,-0.6109686844394029,0.7433952445901374,0.40433550052271644,0.38725996982397093,-3.301255981721823,N900_RS05650,bpt,0.11467718833333335,-1.3304,4.3637,3h_SI5,3h,SI5,3h_SI4,3h,SI4,5.6941
1.2611259546118845,-0.7219890626009482,0.10871091915189945,-0.4146939716706757,2.681183063333071,1.0831236423968655,0.8706565430632234,-1.7090352881106419,0.5068637821092392,0.9497080254925867,N900_RS05655,aat,0.9172137100000001,-0.32737,4.396,1h_SI6,1h,SI6,3h_SI1,3h,SI1,4.72337
0.6789238027366018,0.6992910572464381,-1.0188898670118693,-1.8747360470495096,0.5327210931726054,-0.2351882587952494,-0.4195428916787507,-1.5410869523653639,-1.3427333123977059,-1.2186989321894761,N900_RS05660,N900_RS05660,0.9774939,-1.6706,5.7905,6h_co,6h,co,12h_st,12h,st,7.4611
-1.2444883669470077,3.5054027631844544,-0.5434252838848509,1.3105573602870249,1.0683200181971735,-0.9901539118507967,-1.0744169989039039,-0.8542425553160737,0.12002477748221552,-0.6871259767426563,N900_RS05665,aroA,-0.8801770999999998,-2.721,2.9676,6h_ce,6h,ce,6h_SI1,6h,SI1,5.6886
0.31850644057169397,-2.0615465405355944,-0.510340209050452,0.4995629462791742,1.5881168439199858,-1.0598946132434306,-1.372254813101401,2.5547108216562977,0.27714586045146977,0.7857481135015227,N900_RS05670,yciN,0.5632271833333333,-0.88868,3.2856,3h_ce,3h,ce,1h_SI1,1h,SI1,4.17428
-1.5182305382779446,0.5838247247888982,1.339329257361751,-2.561381981003566,-3.484125145963734,2.211964413109443,0.07557099481538598,-0.06672743264670788,2.9220635641834414,0.9713704848103601,N900_RS05680,glgC_1,0.6073159,-0.71219,4.344,1h_SI7,1h,SI7,3h_SI3,3h,SI3,5.05619
1.8505031350669645,-0.8048999949991948,-0.8686919048871199,-0.9015222445035636,2.9755918423943135,0.17205660701904635,-1.001898903818062,1.971085938317034,-0.5193127705967969,-0.5932058473205775,N900_RS05685,glgA,0.6251260166666667,-1.2541,4.6736,1h_SI5,1h,SI5,6h_SI1,6h,SI1,5.927700000000001
1.8025591417535987,-1.4347220245295722,-1.1541995105802958,-0.632823943997624,-0.36293796762075126,2.150347057153441,-0.6765076705259061,0.7983449616575558,1.6739947489187128,0.22644561851955158,N900_RS05690,menH_3,1.443667316666667,-0.35003,4.2084,1h_SI8,1h,SI8,6h_SI3,6h,SI3,4.55843
2.381239952559608,-1.0166714792534868,0.3033606905542828,-2.4534478366990693,3.222585544008299,0.558039398247598,-0.2937329420158571,2.87551980702438,0.6415779389952807,-1.8759275906149258,N900_RS05695,N900_RS05695,1.489815185,-0.58484,5.1739,1h_SI2,1h,SI2,3h_SI1,3h,SI1,5.7587399999999995
2.1597157071327535,0.7908931925621303,1.7117227234586367,-1.147753121727256,-0.1524037738301753,-2.0661531452139643,-1.7619963897829638,-0.34082049123571084,-0.8331143945293537,0.07124790722427432,N900_RS05700,N900_RS05700,0.6437962166666668,-0.71937,3.6429,12h_st,12h,st,6h_SI4,6h,SI4,4.36227
-0.7026992168473596,-3.080539285133349,-0.4882372679564028,-1.351112920322393,-0.06406275599990371,-1.8054592836849395,-0.013818392358115328,0.3523082596627686,-1.9043760990261505,-0.9333212471051856,N900_RS05705,tfoY,0.7767359749999999,-0.65726,3.9442,6h_SI3,6h,SI3,3h_SI5,3h,SI5,4.601459999999999
2.8072470602506927,-1.4883173172250665,-0.8570892340545765,-1.5455615187396359,0.6865608584195004,-0.15385102528085204,1.9255009782434152,0.16075748960166059,0.9455065671029617,-0.4857535805819998,N900_RS05710,purR,0.8874876833333333,-1.3984,3.6322,1h_SI5,1h,SI5,6h_SI1,6h,SI1,5.0306
-2.3763335259335516,1.6749523613022268,-1.5796646191164743,0.23630007696190747,-1.1816588356640572,-0.823961226444649,-0.08849472453245144,2.454509856730963,0.24087733077877427,1.3357800042170578,N900_RS05715,torD,0.2555719895,-0.95296,3.0819,6h_SI6,6h,SI6,1h_st,1h,st,4.03486
1.2220373982318868,1.400250906535603,-0.5019603110360015,-0.6033938296550414,1.3555182994383264,-1.6814072330138652,0.45799815755736056,-0.27759801063711237,-0.8853160867344593,0.8450100358103865,N900_RS05720,torR,1.04572515,-0.52223,4.7229,12h_st,12h,st,6h_SI1,6h,SI1,5.24513
-0.09434044288031185,0.6166007653478016,1.06817296091467,1.7401816086675166,1.3000776894457422,1.6974379722295874,1.5558823082575204,-1.0996170526025881,-0.40091927959925566,0.7867558134397865,N900_RS05725,elyC,-0.5202854,-2.9234,4.3301,6h_co,6h,co,3h_SI1,3h,SI1,7.2535
0.676669182301799,-1.816697953520539,-0.944036852224364,1.239078280269347,-0.7315315307656832,0.17492442214013304,0.3459476898316044,-0.5895092601025613,-0.5098357047844831,0.14414105228590512,N900_RS05730,cmoM,0.7845786999999999,-0.459,4.6263,3h_st,3h,st,12h_SI1,12h,SI1,5.085299999999999
1.2536633045545322,3.634184928569226,-1.068669681532898,-0.18295990116647043,0.23226990565169373,-0.06974695532557107,-0.787137141076927,-0.525816757328152,-0.10770666462750988,-1.1885973367659275,N900_RS05735,mukF,-2.0276826666666663,-4.538,2.5254,6h_SI7,6h,SI7,12h_st,12h,st,7.0634
0.5772222870697488,4.160317207724871,1.3267219332324722,-0.7963424923811324,0.42207571638366004,-0.14761351912966592,0.10175427849021945,0.77159361608928,1.1037739270475884,-1.3687107951854602,N900_RS05740,mukE,-2.2753801666666664,-4.6947,0.5594,6h_SI6,6h,SI6,24h_SI3,24h,SI3,5.2541
0.05052591284996755,5.877222865361476,0.3886601841803397,-1.2815622868133019,-0.018756826422794845,-0.8009218250162788,-0.36154270885684325,-0.16104990236443328,0.7223442992900146,0.6272715900087966,N900_RS05745,mukB,-2.1942355,-4.7923,2.163,6h_SI6,6h,SI6,3h_st,3h,st,6.955299999999999
1.2569217262296606,1.7240869490241397,-0.36234178742822526,1.3542789816352987,0.5645453622369746,0.2692989583451071,1.430082080059933,2.184598116733565,0.029611863444925057,0.3503515143122604,N900_RS05750,lrp_2,1.2007473333333332,-0.18531,3.9356,6h_SI4,6h,SI4,3h_SI1,3h,SI1,4.12091
2.6936850634868197,-1.072488399875078,0.6882643726534988,1.0168336242319467,-0.45091010695957645,0.027226276377281033,0.09530506375566927,-0.003617171713521161,-0.33920782076409883,-0.3365887457003582,N900_RS05755,LysE family translocator_1,1.2093361108333334,-0.25687,3.66,1h_st,1h,st,3h_SI2,3h,SI2,3.9168700000000003
-0.6614004420367867,-2.483409744348549,-0.14080405641649096,0.21898663912433625,-1.2122878804092323,-1.7442354121693762,0.04334977797724138,-2.707984666203685,0.8981614663710376,0.7209603911174842,N900_RS05760,VC_1711_BLAST,0.3070039500000001,-1.0657,3.3551,12h_st,12h,st,6h_ce,6h,ce,4.4208
-0.3304179192964405,0.04510106135447811,0.5498910500678702,2.0800896822538992,0.01363562200366691,0.11779905392100154,-0.6657384376993201,1.9354651968620467,0.3239014744401749,-0.6092961771497217,N900_RS05765,N900_RS05765,0.64749701,-0.58537,3.4424,6h_st,6h,st,1h_st,1h,st,4.02777
0.4720913016986876,-0.9358761034435816,-0.7797648938713271,2.961297399682536,-0.6084153275595232,1.47901776756601,-0.8972663875840479,1.0728521623143492,0.00021282717146620111,0.9262045914099479,N900_RS05770,"zinc protease, insulinase family",0.5245967833333334,-0.98908,3.5283,24h_co,24h,co,3h_SI1,3h,SI1,4.51738
-0.022906722908092814,0.1678026824454636,2.1749131363879157,-0.25517750832856834,-3.955200910321757,0.4618393922986762,1.1296826055281426,2.254697652274619,-1.4657797576525722,-0.5471690510813088,N900_RS05775,N900_RS05775,0.8143961166666664,-0.77835,6.0086,6h_SI2,6h,SI2,3h_SI4,3h,SI4,6.78695
-2.5233292009070514,-2.679384726672767,0.262017555320383,-1.1857615325194477,0.7321997670763156,-1.3234675606835151,-1.0015834824319505,-1.0008845739829701,0.5177632645192171,1.7071256652288345,N900_RS05780,N900_RS05780,1.1074448916666666,-1.1077,5.1733,24h_st,24h,st,6h_ce,6h,ce,6.281000000000001
0.9133462410451791,-0.5940781979144668,-0.865221546805591,-2.056040770252854,-0.17862860993481225,-0.2912762110878051,1.0499591594011624,-3.0190494562270107,-0.5034575094332051,-2.3944590208211967,N900_RS05785,metR,0.9204015000000001,-0.83336,5.3147,1h_SI1,1h,SI1,6h_SI2,6h,SI2,6.14806
-0.9735079938479712,0.1336818007319343,1.4362245839120502,-1.717571371658744,1.4759070096146818,-3.5124229180199555,-2.3178988681015076,1.6173454482235226,-1.1224040962392903,-0.060219391661000765,N900_RS05790,metE,0.40654108000000005,-1.3461,3.9769,3h_SI9,3h,SI9,3h_SI4,3h,SI4,5.323
1.2279626137067385,-2.3323243231300355,-0.8979304647919697,-2.18377013561049,0.5602380953544172,0.977842509516993,-1.315628937164273,-1.347000246073085,2.3440973904430393,0.12763078231164948,N900_RS05795,N900_RS05795,0.9473481833333334,-1.5741,4.0236,1h_SI4,1h,SI4,6h_SI4,6h,SI4,5.5977
-3.9228662282697986,0.16687924776131258,2.3167608973563105,1.5906983526157576,2.9285983585604107,2.029409044385595,0.3540008306576809,1.5003403757979452,0.7874058304344451,0.003706563205763236,N900_RS05800,ycii,-0.19724176666666665,-2.495,4.8932,6h_SI5,6h,SI5,3h_SI1,3h,SI1,7.3882
-1.4529156880348113,-0.9756413486543731,-1.0184190945767349,-1.2424532914574837,1.617282102146033,0.9536335360300308,-1.2843427014726356,-0.6522593488971093,-0.36923392729716653,-1.7529629256372399,N900_RS05805,yciA_1,0.31494208833333326,-1.0869,3.7849,6h_SI3,6h,SI3,6h_SI2,6h,SI2,4.8718
1.0215636843066953,-1.2983781490624406,-0.2359789638616509,2.7532073464046976,-0.9710720099416231,-0.6990629773022561,0.45312130687446694,0.5263281195532494,0.39218022543024833,-0.5373714191883704,N900_RS05810,yciB,1.0449707683333334,-0.21984,3.7696,3h_st,3h,st,3h_SI4,3h,SI4,3.98944
-2.236396656646313,0.1937669179130318,-0.45082854979570497,-0.3857121311576188,-1.1686532109788954,0.32755588040356964,2.9747069750603474,-2.72576094122317,-2.27709787115444,-1.202262864984696,N900_RS05815,N900_RS05815,-0.04247970166666664,-1.1022,3.5485,6h_SI1,6h,SI1,3h_SI2,3h,SI2,4.6507000000000005
-1.9881689399800053,-3.509359515271679,-1.0066568404759177,-1.2445469455582563,-0.9899666463380726,-0.6928398803716993,-2.3325258028709053,-0.2333648978903617,0.07415246995639668,0.7353855729405658,N900_RS05820,ydcf,-0.12795770333333334,-1.8573,2.7716,6h_st,6h,st,6h_SI4,6h,SI4,4.6289
0.5842752917412506,-2.9821418481567097,0.7203718836205931,0.5359586218697197,1.464940683978631,0.9404147757318738,1.4000776483614152,-1.3311751315029288,1.439787761425972,0.1980062166409955,N900_RS05825,yeeZ,1.0266075133333332,-0.64169,4.3243,3h_ce,3h,ce,3h_SI1,3h,SI1,4.96599
1.6055393192295293,-1.9010874696069746,-2.2652543580028093,-2.001343734887879,-1.2966876929717404,-2.0033794762253043,1.3841408188804987,0.5983057778312326,0.6157191051914851,0.08572343990272857,N900_RS05830,DNA-binding protein inhibitor Id-2-related protein,0.9703058916666666,-0.50861,2.8377,3h_SI1,3h,SI1,6h_st,6h,st,3.34631
0.41894300651107885,0.7873761482024222,-0.6896108014858977,1.156561858051869,1.46213147493392,0.3990024915921516,-1.274032745607867,-0.45439894015444554,1.7007307591617025,-1.0586690345378453,N900_RS05835,focA_1,0.37486334666666665,-0.92932,2.8902,6h_st,6h,st,1h_st,1h,st,3.8195200000000002
1.3349147990213783,-0.7689754466187124,1.0657865482085602,1.5104218096308375,0.7734971935316163,-0.5872620983131669,0.5139822199003481,-2.650633350402768,0.7499112575105754,0.39336373072152253,N900_RS05840,N900_RS05840,0.8170477166666665,-0.64383,4.6861,24h_co,24h,co,3h_SI2,3h,SI2,5.32993
2.2598367480641235,-0.537801288815796,-1.4547247357060193,0.4263027121305911,0.32842356467645184,-0.687346384385545,1.4753033471096355,0.1584797730662921,0.6866960005810439,1.3196775680175816,N900_RS05845,torE,1.2039759966666668,-0.27026,3.5288,1h_SI6,1h,SI6,6h_SI3,6h,SI3,3.79906
-0.6298617176145642,0.4206238272664581,-1.5011341411189303,0.304633233231689,1.353704854208426,3.697959268849548,1.3680886207388605,-1.3744398044558623,-1.3308805683719291,0.4981364032293998,N900_RS05850,torC,1.0276815166666666,-0.79525,4.1319,12h_SI8,12h,SI8,3h_SI1,3h,SI1,4.92715
0.775736032193052,-0.48046244510682745,-0.3206352448231047,-0.34517233318037266,0.4782449241290218,1.2668409961556057,1.720820049166324,-1.9049839472313799,-0.05063538125537825,-0.8647908186169324,N900_RS05855,torA,1.2798256483333335,-0.32536,5.7638,1h_SI8,1h,SI8,12h_SI1,12h,SI1,6.08916
1.513996458621257,0.8217330916443079,-0.003948170984162232,1.0667909531404978,-1.2546270936032784,-0.43437853919270464,0.15171981449225247,-0.01955608524464697,1.2410721294882805,-0.9003699398948999,N900_RS05860,alpha-galactosidase,0.7244041733333333,-0.98298,4.4041,3h_SI6,3h,SI6,6h_SI1,6h,SI1,5.387079999999999
0.24031325819732574,-1.3544512460309013,-1.6849946043095112,-0.190546996688578,-1.3289594297284146,-0.3836842915335186,0.25411087085413175,-2.0143221894438677,-0.08147634694463901,-1.0236645113474325,N900_RS05865,N900_RS05865,1.0707480983333333,-0.30003,3.4813,6h_co,6h,co,6h_SI1,6h,SI1,3.78133
-2.1139887579315566,0.19725781745308046,0.9621797787230089,2.537432017485574,2.680845156826421,-0.09162582908546146,-0.6393841828439049,-0.33661680032301805,0.5274467016127306,-1.7468180156421038,N900_RS05870,N900_RS05870,-0.17895541666666667,-1.929,2.4462,24h_SI1,24h,SI1,3h_SI1,3h,SI1,4.3752
1.5009125881751206,-0.32183881197449693,-1.436046547503361,-0.2353763934918489,0.5365440142386566,-2.0988263205782536,1.194963962159006,0.45001597208302047,-0.22366929673038993,0.3138674834531743,N900_RS05875,ppaC,1.3158249833333335,-0.12533,3.5107,3h_st,3h,st,6h_ce,6h,ce,3.63603
1.939596551905864,0.0630090860121511,1.8603214161705777,-0.9030645904441127,-1.8534118751306679,0.24588374072148111,-2.0131172722684934,-0.9552037051928626,-1.2869915664399425,0.24783649952789122,N900_RS05880,N900_RS05880,1.1245002833333333,-0.17929,5.4803,1h_SI6,1h,SI6,3h_st,3h,st,5.65959
1.6745207715615633,0.04093593850131788,-1.0059083750955184,-1.3061883098037017,1.9784662170384586,-0.8230686373956915,1.7398689865765324,-1.2384593923936145,2.7923861723812076,0.7646527619083097,N900_RS05885,N900_RS05885,0.9249959016666666,-0.64677,4.8737,1h_SI1,1h,SI1,6h_SI1,6h,SI1,5.52047
-1.3854451081036712,0.2842444727170295,3.350004090486133,-1.8242061959146443,1.327758944442946,-3.193296999219298,-2.321327824708219,0.8235523753065699,0.4159440220854028,-2.3947758418295866,N900_RS05890,sapF,0.1893208716666667,-2.0789,3.2929,3h_SI9,3h,SI9,6h_SI4,6h,SI4,5.3718
1.2175517454858955,3.844940526442967,0.5712608033547816,0.7242339881551292,1.4698369618447258,0.14347493352741336,0.080372994021506,0.355997455193745,0.6673140380201048,-0.3488631780934385,N900_RS05895,gsiA,-0.1353688,-2.3871,2.9428,12h_SI9,12h,SI9,3h_SI1,3h,SI1,5.3299
1.9886066406768714,3.4336574173273315,0.6617324971582055,0.006279864124781431,0.739250930024701,-0.9881279955488904,0.014994484666913332,0.47648998756606087,0.540755322088448,-0.664248932500294,N900_RS05900,sapC,-0.337086685,-2.2692,1.7118,12h_SI6,12h,SI6,6h_SI5,6h,SI5,3.981
0.6410570157275033,3.1862244237590778,0.6946314497703846,0.9417992487414888,0.9309362708996883,-1.4213843585820012,-0.4038107663452435,0.3019273501802212,0.3006108493454838,-0.11989379530655397,N900_RS05905,sapB,-0.6053285166666668,-3.0472,2.9948,12h_SI9,12h,SI9,1h_SI1,1h,SI1,6.042
-0.5416893531161042,-1.2980603034954388,1.8279244403885238,2.086276684155769,1.9599001386754449,-0.6426651310589528,1.5016714710548933,0.6405218070086889,1.0020280574233655,-2.425839686414821,N900_RS05910,ABC transporter substrate-binding protein_2,0.412854125,-1.0914,3.5603,12h_co,12h,co,3h_SI4,3h,SI4,4.6517
2.6524353699092105,-0.3645121347981154,-0.14354998386694087,-0.9583068248469904,0.7374432432875001,-0.14974007875921314,0.5082334689611789,-0.1619075306147177,-1.3718929977897898,0.24651391401816136,N900_RS05915,pspF,1.40198918,-0.20303,4.6438,1h_SI6,1h,SI6,6h_SI4,6h,SI4,4.84683
0.017708042265434987,-2.1406369786124793,1.2745636888265208,1.5519683606140484,1.3289748951977554,-0.6687939707526538,1.2570212721059475,2.0570835246178376,-1.50321394442014,-0.7745017907192819,N900_RS05920,pspA,0.20942451999999998,-1.4078,3.3456,3h_SI9,3h,SI9,3h_SI5,3h,SI5,4.7534
-2.140745962548107,1.2902297897557151,3.3467671987684455,-0.4468412692580057,0.11316756876746589,2.1504974946536257,1.5232699996845485,-0.665566523705138,-0.8619367811643043,-1.5325342047792276,N900_RS05925,pspB,0.38443006666666674,-1.4103,3.9275,6h_SI3,6h,SI3,3h_st,3h,st,5.3378000000000005
2.211237176824132,0.9563746617311314,-1.20610395554855,-0.16293278994099936,-0.7793602999871286,-2.227800720559059,-0.11175845268389406,-0.35949781627219307,-0.8613161160580353,0.7624337753832868,N900_RS05930,pspC,0.8177053933333335,-0.5877,3.8033,1h_st,1h,st,6h_SI2,6h,SI2,4.391
0.5119134353274828,-2.2274916315712354,0.601782719734574,1.422900480386927,1.9491041883036482,0.6732928035125498,0.29912894247818667,-1.996728884226138,-0.9861384070680667,-0.5447093874123802,N900_RS05935,ttgG,1.1422450666666668,-0.74901,4.8566,12h_st,12h,st,1h_SI1,1h,SI1,5.60561
1.1130589662701436,-1.1351151023285537,-1.8172167261249947,-0.584710717939654,-1.8320480754339958,-0.7897852948201347,-0.46490398325635196,0.5177186341460458,-0.7862438115398008,-1.25024056775566,N900_RS05940,efflux RND transporter periplasmic adaptor subunit,1.093318625,-0.48484,4.5306,1h_SI7,1h,SI7,6h_SI1,6h,SI1,5.01544
2.0083371869702704,-0.12002370978002569,-1.217143078592909,0.9772038866760204,-0.4841779463131824,0.34106285572061,-0.6323853290026833,0.5928014757054425,1.0707123712747417,-0.6404045165425991,N900_RS05945,vexK,1.0636074000000002,-0.6323,3.2934,1h_st,1h,st,24h_SI1,24h,SI1,3.9257
2.2573817542827816,-2.4902747989498892,0.38847335048132464,-0.3704360258140136,1.2994792022030766,-0.8342533298029424,1.1123036787908196,0.7048367248434544,0.9530246752402302,1.3827595786582585,N900_RS05950,tag,0.89595235,-0.50414,3.4815,3h_st,3h,st,6h_SI4,6h,SI4,3.98564
1.4619172741519044,-1.6069892348563195,0.8197394043593721,1.844955795169147,-0.7732716343873338,0.22645816080206593,-1.3268666096641162,-1.6777861221997183,-0.42485035788670455,0.399085074222864,N900_RS05955,metC,0.6725494999999999,-0.6194,2.7035,6h_st,6h,st,3h_SI3,3h,SI3,3.3228999999999997
-0.37445384065936516,-1.3672241676240626,-0.5910099084990023,-0.7538112311024443,-0.7003818364421762,-1.3619409182261712,-0.13908394895643528,2.402943976937631,0.08864259519478468,2.5129829495120504,N900_RS05960,clsA,0.4968134999999999,-1.2903,3.3304,3h_ce,3h,ce,6h_SI4,6h,SI4,4.6207
0.852282511709157,1.0398868666105807,0.16736798065662012,0.4914159030162235,-1.38513520111744,0.3883259082018661,-0.14415812589736698,-2.7967074158159972,1.117605532183834,0.6266315413538206,N900_RS05965,sodium-dependent transporter_3,0.6845231826666667,-0.74027,3.142,6h_st,6h,st,1h_st,1h,st,3.88227
1.6984167549823939,0.13869950933445202,0.2117776060240815,0.8680763267000184,-0.696426921007424,-0.6429020654453199,-0.49827900569356576,-0.5430854747638807,-1.1757109764952065,-0.7844634566129779,N900_RS05970,TIGR01621 family pseudouridine synthase,0.4516478333333334,-0.99179,3.3791,6h_SI9,6h,SI9,12h_st,12h,st,4.37089
-0.7612535302235384,-0.46259888835633645,-0.8140498269644333,0.8810365697155702,1.6219093647892475,-0.031157397027251954,-0.4113637870988145,1.889570183373578,0.7655787669643749,3.5609097033251267,N900_RS05975,ynjF,0.5720633216666667,-0.72954,3.5696,3h_SI2,3h,SI2,6h_ce,6h,ce,4.2991399999999995
3.1598560191110865,-0.559083266315465,2.474648313348722,-1.0754150024805487,-1.3518048839958599,0.6108258312719383,-0.4948734727749786,-0.008651862996661874,-0.49658876495577353,-0.4808039420617065,N900_RS05980,malK_1,1.3904797083333333,-0.33479,4.5215,1h_SI7,1h,SI7,3h_st,3h,st,4.8562899999999996
-2.0265844601559304,-0.32720823325233084,-1.3754212052408024,2.1506212560776135,-0.5419767623858861,3.081909692501043,-1.7933013274933345,1.8892973318067234,-1.0769166203614224,-0.031138179260206456,N900_RS05985,ABC transporter permease subunit_1,0.007286983333333362,-1.6819,3.4687,6h_SI3,6h,SI3,1h_SI1,1h,SI1,5.1506
0.5878129099070564,-0.700139012674122,1.6630383940180566,-0.7885006547269784,-2.05249576341009,0.3740350457470625,0.19776708960307732,-1.8548030231837391,-1.7245568587595796,1.1581219847786133,N900_RS05990,ynjB,0.7727300358833333,-0.71241,4.009,1h_co,1h,co,3h_st,3h,st,4.7214100000000006
-1.010897678619365,1.6622732449471063,-0.31101973803302885,0.09617773725618228,0.8224629934419229,2.1646668025284415,-1.6288759740379237,-1.1241384980815465,-1.9325607301296857,0.9112905401956686,N900_RS05995,hslJ,0.9157164216666664,-0.51588,3.4316,24h_SI1,24h,SI1,3h_SI1,3h,SI1,3.94748
0.8227312845815815,2.303401077051724,2.142719137797349,1.1298219949637383,-1.1689359803337251,1.1270530771622842,1.3464786166426972,-0.5042042247652792,2.5834966752974142,-1.6927519431360731,N900_RS06000,N900_RS06000,0.9870071166666665,-0.71271,5.7034,6h_SI4,6h,SI4,3h_SI3,3h,SI3,6.41611
-1.8533868466318513,1.4935812639946628,0.6045176528939731,-1.1722324054372266,2.555097963287871,-0.5697804429706212,-0.09719983042015601,-0.6498750845803225,2.5531887078384705,-1.131097473530149,N900_RS06005,N900_RS06005,-0.12930091666666665,-1.6707,2.9953,12h_SI4,12h,SI4,1h_co,1h,co,4.666
-1.2051159047552102,1.576556383310002,-2.399234397176364,-0.664208322633236,1.7750132898171787,-1.5991662209514725,-0.8104039293694847,2.2557408150783367,-1.7903408807557804,-0.23001967447021932,N900_RS06010,ybhS,0.7514581333333332,-0.70059,4.3725,6h_SI4,6h,SI4,6h_st,6h,st,5.07309
1.4684413726415464,-0.16998834117054074,2.807547453476632,0.35612535765625886,-0.6416236360228653,0.19632008781390542,-1.1338918355829029,-1.0857415999477074,-1.3090247043154863,0.2590057339954923,N900_RS06015,ybhF,1.3757755999999999,-0.016912,5.0984,1h_SI5,1h,SI5,3h_st,3h,st,5.115311999999999
0.5707451624867153,-2.647859488305238,-0.4813943146366813,1.0172185569580727,-0.9432232157241873,-0.42154128268952507,-0.5170418757594186,-0.09216827023223229,1.1250254389129293,0.14376708204549948,N900_RS06020,HlyD family efflux transporter periplasmic adaptor subunit,0.6956734433333334,-0.6512,3.5562,1h_st,1h,st,6h_SI1,6h,SI1,4.2074
2.3987075591294778,0.6524074008945236,-0.059199595255381064,-2.5793757434848423,-1.8793645428345083,-0.3616507119684418,-2.0086301836468223,1.37762021025633,0.8327249002318392,-1.1248373808401304,N900_RS06025,sdaC,1.45522935,-0.25703,4.9774,1h_SI5,1h,SI5,3h_SI3,3h,SI3,5.234430000000001
2.98642213288222,0.12487578413680486,2.394910007620113,-0.5883035950144166,0.2039580714251072,-0.03945343967101422,-0.40586733783436313,-0.7324473034127736,-0.2663146243616674,-1.200320990687772,N900_RS06030,eamA_5,1.5007903333333332,-0.87426,4.8653,1h_co,1h,co,6h_SI3,6h,SI3,5.739560000000001
3.1387057213760334,-2.259915438731078,-0.4784924414140273,0.10908555605717729,0.2250730325239935,0.24351830472304792,0.2699576137262472,1.2569137484954247,0.49834425775534347,-0.17486528615589458,N900_RS06035,mgtE_2,1.1067607683333334,-1.2991,3.8558,1h_SI7,1h,SI7,3h_SI4,3h,SI4,5.1549
-0.8344934254314218,3.410337667784164,-2.100486706236296,-0.05732918118280028,-0.8645250283415047,1.4628815968568953,-0.2744594804666223,1.7763387728514421,-1.4666770400339186,-1.4434767835720064,N900_RS06040,rcsC_2,0.005152595000000019,-3.9309,4.1768,12h_SI8,12h,SI8,12h_SI1,12h,SI1,8.1077
2.1268911169437823,-0.8931787806920473,-0.2670156600154222,1.3330199853995,1.3395877736483517,-0.9094532792358483,0.38809425242993223,1.1703943076432655,0.3663623706029842,0.9286434709823372,N900_RS06045,vieA,1.2064602833333333,-0.24332,3.6892,3h_co,3h,co,3h_SI5,3h,SI5,3.9325200000000002
2.469856767897477,-1.6555572725590464,-0.4029859824366202,1.4935296887585285,-0.23716637568367407,-0.3435628772363015,-1.7665700176229044,0.6688781281445612,0.7549381799205086,-1.3377711013944742,N900_RS06050,response regulator_1,0.810921135,-0.45239,3.88,6h_st,6h,st,3h_SI4,3h,SI4,4.33239
2.353397379587088,0.7324340101940221,-1.0211879192779016,0.17177364702938025,0.8462623974743242,-0.1997508252048421,2.6625526268637456,0.8048937457918395,0.5762455849816333,1.4976199557469554,N900_RS06055,Pseudogene_N900_RS06055,0.9697463166666668,-0.17048,3.9766,1h_SI7,1h,SI7,6h_st,6h,st,4.14708
0.9714032923412086,-0.6219597324686506,-0.058930227529116426,2.851990857169694,0.4015257203882079,-0.0941977113394552,-0.2978283450786464,0.5426584297495061,0.43398690758319713,-0.6948056888353836,N900_RS06060,vesC,0.7519662216666666,-0.56573,3.2696,3h_st,3h,st,3h_SI1,3h,SI1,3.83533
-0.20534039422965877,2.239000957138364,2.4120744786355752,1.2721464742061355,0.0372999269865601,1.1398832345793795,0.33361891614263717,0.44342585368703924,-2.0255043451785077,-0.3749817752169255,N900_RS06065,sgrR_1,0.5030440516666667,-0.72733,4.3474,6h_co,6h,co,3h_st,3h,st,5.074730000000001
0.7661064220613718,-0.7311869277173675,1.7393992236861833,1.7517584909720965,-0.7053453389752624,0.27132493993347495,-1.3869387330167349,-0.759918309139531,-0.7270681205949895,1.0922822530877179,N900_RS06070,N900_RS06070,0.5034216666666667,-0.98654,3.8765,12h_st,12h,st,1h_SI1,1h,SI1,4.86304
0.08592023911776403,-1.2537213611912508,-0.7161925483545869,2.007239025694663,-1.033780822170986,1.801236262459052,-0.3533756695879071,-0.30589584355894545,0.862541718079352,-0.3583096469382037,N900_RS06080,N900_RS06080,0.8360154400000002,-0.92041,3.9426,6h_SI1,6h,SI1,1h_SI1,1h,SI1,4.86301
-0.4795513212423228,-0.3683313317715041,-1.4197690870939825,-0.6099675383379435,-1.6589085567950421,-0.94391484369444,-1.3881571692780719,-1.508542373412731,2.6496131375530996,1.3455678275770657,N900_RS06085,methyl-accepting chemotaxis protein_8,1.1758768,-0.37777,4.4244,1h_SI8,1h,SI8,3h_SI3,3h,SI3,4.80217
1.4732619287414064,0.5556937096053525,1.120048915377049,-0.8439174722666916,-0.29233066781946204,0.2153941863573724,0.90064841915664,-2.2512665074914713,-0.34812607657227,2.284960390562027,N900_RS06090,N900_RS06090,0.8432739333333333,-0.53219,3.2107,3h_SI4,3h,SI4,3h_st,3h,st,3.74289
0.9262178293057017,-0.2354581441326321,-0.5965052773651816,1.674936412338619,0.9793277161757259,0.7867949290005378,-2.474201567916346,-0.058042760880347266,1.1022184220724718,-0.8561740005394743,N900_RS06095,N900_RS06095,1.2943055833333335,0.036525,4.5253,6h_SI4,6h,SI4,6h_SI1,6h,SI1,4.4887749999999995
1.8149069383521068,0.08329485607551118,-1.7459928678258736,-0.949616313482001,1.0456170502142876,0.7729434646235188,2.211415533192524,-0.5818734286460878,-1.4143873697861578,0.8504953425105357,N900_RS06100,bluF,0.6029154,-1.0979,4.6549,3h_SI8,3h,SI8,12h_SI1,12h,SI1,5.7528
2.0233013052701088,1.2080544740421693,0.047907902489437895,1.8124199572868878,-0.8388009418623465,-0.42217052896844476,-0.33754749575552156,-0.05330670746233651,0.5906379347515607,0.37322627527161334,N900_RS06110,sensor histidine kinase_1,-0.64541843,-3.1373,3.8074,1h_SI4,1h,SI4,3h_SI3,3h,SI3,6.9447
0.8405953584147356,0.3351300592058328,-2.385637099832885,-0.9443789636365141,-1.4472930813099953,0.8991967490742571,-0.7929793322099898,-0.009585765965874404,-1.8792958919542846,1.3599061059467152,N900_RS06120,membrane protein_6,0.3729076166666667,-1.8226,4.2007,24h_SI3,24h,SI3,12h_SI1,12h,SI1,6.023300000000001
-0.050782994013781835,0.07678102508933216,-0.6855913444429111,2.047420053280647,0.9213821799199923,0.8671345121670765,-1.9329383771463495,1.6317884910796272,-1.1872230499878538,-0.5840569937943991,N900_RS06125,radD,-0.32587666666666665,-1.9544,3.3816,12h_SI8,12h,SI8,6h_SI3,6h,SI3,5.336
1.621704921938215,-0.618995296418153,-1.2027257131117486,0.02701732781591515,-0.03939127016786372,-1.644625608477106,0.9723328533806816,-1.2698336742070544,1.7597065925513236,2.122532679635172,N900_RS06130,rsuA,0.8846858233333335,-0.66437,4.6079,3h_SI4,3h,SI4,3h_SI3,3h,SI3,5.27227
1.5956436706651145,0.5809547517798119,1.1555443198153734,1.5616835466940944,1.790137790024971,-1.5191783772351477,0.034365926234316335,-0.20409006254194406,0.23168798060641915,0.9000341644352088,N900_RS06135,bcr_1,0.43592040000000004,-1.01,3.8872,12h_SI6,12h,SI6,1h_SI1,1h,SI1,4.8972
1.104236966268612,-1.0494318675347671,-1.3256490378608836,-0.6977153976472406,-0.4819099805626155,3.013529952455639,-0.8308184878409792,-0.3458224409258151,2.1348172147937183,1.242579050835275,N900_RS06140,N900_RS06140,0.75492093,-0.91515,3.7215,1h_ce,1h,ce,3h_SI3,3h,SI3,4.6366499999999995
3.009737775776138,0.07564933040266852,0.47569288279722666,0.05222135498147695,-0.2331131681928809,0.5029128881522151,0.06279463844160638,-0.10708986092638573,0.22543627667347538,-0.3165714745873483,N900_RS06145,Putative NAD(P)-binding protein YbjT_BLAST,1.2660860333333332,-0.30178,4.3368,1h_SI6,1h,SI6,6h_SI4,6h,SI4,4.63858
-1.5733647386065308,0.3832941915984892,-0.7452812287871026,1.0535514380263749,0.7528715203264436,-0.24598828794473415,-2.0395194736938818,-2.226121935289345,2.796333554780414,0.6449924717376976,N900_RS06150,norM_2,-0.47219985000000003,-2.6746,4.6055,3h_SI6,3h,SI6,6h_SI3,6h,SI3,7.2801
-0.6841403203060215,-1.4971087025402778,-2.2095649276688785,-1.4292509147141368,-1.869489498692117,0.5106693536819815,-1.2728923070636147,-0.6001295988701221,2.171238703423354,-0.5091814737292272,N900_RS06155,lolD_2,0.9367486833333332,-0.79434,3.64,1h_SI2,1h,SI2,3h_SI3,3h,SI3,4.434340000000001
2.898612988124448,-1.378234107700416,1.5525516327490874,-0.471574502692399,-1.2058305396822684,0.29348274596825263,-0.15688087347284185,0.15138639470335827,-0.6114194434814274,0.3670921456304894,N900_RS06160,ABC transporter permease_1,1.3019424733333333,-0.24903,3.2485,3h_co,3h,co,6h_SI4,6h,SI4,3.49753
2.0072530408506557,-1.4470155918469358,-0.7172915078807287,0.6048573680770746,-0.4208499487011941,0.2509197521806551,0.5358106459210212,-1.4227847747615276,-0.37578682262752716,-1.0861369513649843,N900_RS06165,attH,1.1844797733333334,-0.42195,3.9753,6h_st,6h,st,3h_SI2,3h,SI2,4.39725
0.9398704084932232,0.45762199424917227,2.553154009423377,0.1139931276535966,-2.243549239811896,0.061080956115987295,1.1644378151827564,-0.7278179912504283,0.17498384378971743,0.13718775051819387,N900_RS06170,nhaA,1.1565925333333336,-0.68908,4.7214,6h_co,6h,co,3h_SI2,3h,SI2,5.41048
0.49536197734889287,-1.0702446040253906,-1.315311972328172,-2.091243445138603,-1.1182898508118935,0.7461385271076926,-1.1297547414972513,0.1467002560489689,2.0442640259011515,-0.23196601879695267,N900_RS06175,argD,0.9509754166666666,-2.0934,4.965,1h_SI2,1h,SI2,12h_SI2,12h,SI2,7.0584
0.2972657458116599,1.3044319170762915,2.401699876559725,-2.083029114018948,-0.6975121749151401,0.8213757754212052,-2.8955878316703423,-1.0762408312923735,-0.9149118293990227,1.11362839723445,N900_RS06180,VC_1624_BLAST,1.0404717166666666,-0.56893,6.0349,1h_SI4,1h,SI4,3h_st,3h,st,6.60383
-0.12227744726013379,0.5883555551275241,0.30275660380650804,2.5696541567318594,0.4412611413558055,0.3518005772312064,0.5669285612449129,2.0414058538577793,0.8644501906883617,0.09897386090378202,N900_RS06185,nspC,0.6152272833333333,-0.80671,3.1965,6h_SI9,6h,SI9,3h_SI4,3h,SI4,4.00321
-4.015350240942247,-2.5759649575983343,0.49328628848768374,-2.57448331609436,1.1255825445060614,1.3923216390789224,0.21103950049726145,0.8635448508808317,1.2477111260346943,-1.5202508808531103,N900_RS06190,oprF,0.6862034933333333,-0.50035,3.268,6h_SI2,6h,SI2,3h_SI6,3h,SI6,3.76835
1.5291672253172752,0.4897483624274317,-0.1900823956568072,0.5207811424982012,2.4448001429773196,0.8617495613814435,2.1275365825497037,0.3885542424244244,-1.1050005669182825,0.13308829238906472,N900_RS06195,bepC,1.4891323166666666,0.052564,5.2696,1h_SI8,1h,SI8,3h_SI1,3h,SI1,5.217035999999999
2.392705277547517,-0.032586567631239904,-0.7719723551307371,-0.13145842192644785,0.5243743918496052,-0.8600554194624583,0.7054724595628066,2.4420435960785536,0.9275151609940391,0.6942525747305044,N900_RS06200,Pseudogene_N900_RS06200,0.9270737666666664,-0.45709,3.7651,1h_SI6,1h,SI6,6h_st,6h,st,4.222189999999999
2.399776882823339,-0.2139979420379282,-0.11803191018385711,1.6454294296406076,0.6851756924315486,-0.8279301424743088,0.2383018407447185,-0.5525239789174525,-0.18037665116973223,-0.6409222051347323,N900_RS06210,N900_RS06210,0.8064984333333333,-0.51619,4.4575,6h_SI7,6h,SI7,3h_SI5,3h,SI5,4.9736899999999995
-0.548932350668013,3.0279693233053555,3.4371711498050517,-0.8042128095277128,-0.7949318294335085,1.9828147338282907,2.427717956186514,-0.5543789072057708,0.7993684714903828,0.09947063019706237,N900_RS06215,N900_RS06215,0.31736758000000004,-1.2355,3.5411,6h_SI4,6h,SI4,3h_st,3h,st,4.7766
2.3440910066110856,0.5297941264331123,-2.595389777831727,0.25493345175449234,0.881328363994154,-0.7205757784168676,0.1668906051247817,-1.129751496665404,-0.0060104818101168744,0.7829144323421873,N900_RS06220,ynfM,0.8763427666666668,-0.55502,3.4905,1h_st,1h,st,6h_SI4,6h,SI4,4.04552
-0.16134704491373109,2.9716280764225997,1.4541312068121273,-0.5536224390494389,-0.186520833451727,4.566734567197561,-0.7970481040673769,-0.7198297368835882,-1.1969021044044061,0.5662959343688407,N900_RS06225,LysR family transcriptional regulator_5,0.931498155,-1.7134,6.8158,1h_SI9,1h,SI9,3h_st,3h,st,8.5292
1.1238246096974098,0.7361115343686615,-0.4327856056806256,-0.24333314566646624,0.5347129613634836,-1.1735726877632038,-1.470636057878781,0.6378376053537105,-0.7877936788677172,-1.961771252234372,N900_RS06230,"glutaredoxin, putative",0.13049939999999996,-1.8429,4.9277,1h_SI2,1h,SI2,6h_SI1,6h,SI1,6.7706
1.1065326422822164,-2.5655581726878247,0.7519508744352702,0.7422496143575006,1.7360052066063898,0.7815263662552524,1.6394148038074845,-1.3272256653163177,-1.020237065382147,-2.0062849530723126,N900_RS06235,ygjP,1.10176135,-0.63341,4.6717,1h_co,1h,co,3h_SI2,3h,SI2,5.305110000000001
0.038859553538846736,-1.651082641156192,3.3593397080203924,-1.714256478634573,-2.3165058549292064,-1.7761405186566508,-1.0362056618537976,-0.8452969470010159,-1.2071683857207836,-0.8388638622114875,N900_RS06240,rlmF,0.5804932050000001,-0.82616,4.1722,12h_st,12h,st,3h_st,3h,st,4.99836
-6.233648753673424,0.630283090516931,1.0354225451724963,-0.5853529030857989,-0.505582888749144,1.1304458329657454,0.8765087005717414,0.6267077769017169,0.5964492295277832,-0.34341643135507066,N900_RS06245,N900_RS06245,-1.1752615149999999,-3.4124,2.9078,6h_SI5,6h,SI5,3h_SI6,3h,SI6,6.3202
-0.1866694412354799,-0.7866865894349186,-2.6518458613812363,-1.508229123995984,-3.084138173259655,1.4075858981405833,-0.049432638452796884,2.3166323649657277,0.14494600304362082,0.34776371245357995,N900_RS06250,pilW,1.0629094,-0.28585,3.7715,1h_SI8,1h,SI8,3h_SI3,3h,SI3,4.0573500000000005
0.35960944887173696,-0.1232252054053044,-1.7478101042380363,0.13534999660394043,-1.9404297176517926,-0.9680677797888941,0.20299730727824833,-0.39314569844792163,-0.5150742591744583,-1.4445008725762953,N900_RS06255,metA,1.2950797666666667,-0.11409,5.1939,3h_SI1,3h,SI1,6h_SI2,6h,SI2,5.30799
-0.06453452908499147,1.714917445463788,1.0850426597099518,-1.6263796047578631,0.29054029645916474,1.7323013990848732,2.29957202886085,-0.9066514816708633,-1.6398724943079657,2.2352090262113045,N900_RS06260,ATP-binding protein_1,1.1520138611666666,-0.34633,4.6917,6h_SI4,6h,SI4,6h_st,6h,st,5.03803
-0.6050013506998404,-0.8835464585818493,-0.35430681061974323,-1.5258021846066319,1.001655903366205,4.685305208796842,1.3598612589801276,1.2159579037675863,-0.6152389015384226,-0.014601218165889662,N900_RS06265,ABC transporter permease_4,0.34822705000000004,-2.6924,4.9633,1h_SI4,1h,SI4,3h_SI1,3h,SI1,7.6557
-1.4106083589594824,0.7163243811038172,-0.038851968350424336,-0.5653822434497306,-3.368557829607082,1.1091155270324309,2.5769068852019643,-1.1679817269744406,1.506507941851997,0.32324679333088135,N900_RS06270,ABC transporter permease_3,-0.515561175,-2.5446,2.7036,1h_SI3,1h,SI3,3h_SI3,3h,SI3,5.2482
-0.32360327407990574,2.712570634699306,-1.8665037482736082,-0.12543155044996523,-2.5507545502569164,1.0618157127426513,-0.07543850503290295,-0.6031752208110934,1.7468321290901163,0.11706083782689558,N900_RS06275,HlyD family secretion protein,-0.7448976499999999,-2.495,3.4803,1h_SI4,1h,SI4,3h_SI3,3h,SI3,5.975300000000001
-0.16744901484327057,2.475258475662498,-3.419561324819652,-0.25754726087624835,-1.7567706846994042,2.5918621013325156,-0.47376942813138356,0.208493737792538,-0.7158261213146385,0.02615049157756255,N900_RS06280,N900_RS06280,-1.3573059500000002,-5.3348,3.6508,6h_SI6,6h,SI6,12h_SI1,12h,SI1,8.9856
-0.446938884713858,2.2826523382070567,0.8649641160435981,1.077238737442943,-1.3921118519826876,-0.9943329497826368,2.7480400018119706,-0.0031964241208315425,0.945871505171092,-0.5236503034150637,N900_RS06285,N900_RS06285,0.1098667781666667,-2.7977,5.2848,12h_SI8,12h,SI8,3h_SI2,3h,SI2,8.0825
1.0422865453012573,0.17145788967359685,-1.650477017379722,1.8913022755070532,-0.895887514718754,1.0982795652082367,0.26994714237112244,0.24674005772243113,0.21017300304544517,0.02099042321626121,N900_RS06290,dpiB,0.6342087499999999,-0.88658,4.136,3h_SI7,3h,SI7,6h_ce,6h,ce,5.0225800000000005
-0.02189703742178306,-0.7794291179843527,-0.478408395470209,1.6062612042874105,0.11549353979127241,-0.23351106897846208,-0.47100988494128937,0.002863619508775117,0.5765713922704775,1.333143505735937,N900_RS06295,citT,0.6784158483333333,-0.58417,3.4302,3h_st,3h,st,12h_st,12h,st,4.01437
0.9927071554650571,2.2637389096656007,-1.348765147075664,-3.4226044040628025,-1.4336342636102044,1.4937944012165807,-0.7181162157858119,0.22708847437199645,-1.2345871120983758,2.1599606327389855,N900_RS06300,amino acid ABC transporter substrate-binding protein,1.67125445,-0.16746,5.6876,1h_SI4,1h,SI4,12h_SI1,12h,SI1,5.85506
2.9933743850135315,-0.4324096483040354,-1.9562320644976288,-0.20776341835099088,-0.16508618584225573,0.4755011955254822,1.2624135827471386,-1.0213814046363074,-0.3088935599929905,-0.43770351769985877,N900_RS06305,chev_1,1.4909893333333335,-0.30907,5.2178,1h_SI9,1h,SI9,12h_SI2,12h,SI2,5.526870000000001
0.19821529437282903,0.2506361644848901,0.2759593883457771,-1.6767494845186781,-1.3502430611453307,-0.32374395214427,0.09784168901452428,-2.633363220775284,-0.9579594690597687,-0.6118165841366249,N900_RS06310,N900_RS06310,0.8199282166666669,-0.46333,4.6233,6h_st,6h,st,6h_SI1,6h,SI1,5.08663
-0.1712546233286747,-0.3036714629624875,-3.0480150430707713,-1.9941336133671939,-0.5093250519186117,1.2779803146418776,-1.3565097873820824,-1.665259418543818,-0.1914454280630017,-1.6395820270429258,N900_RS06315,N900_RS06315,0.9638124833333332,-0.5038,3.618,1h_SI9,1h,SI9,6h_SI3,6h,SI3,4.1218
-0.9873026794326871,-2.0184511118702213,1.004106625768347,2.062500789275941,-0.03909758818506507,0.46246175867376793,-1.5106636466707493,1.4150493188401623,2.6410196393386594,1.2841181963995243,N900_RS06320,sensor domain-containing diguanylate cyclase_3,-0.23166758333333334,-1.9308,3.4321,24h_st,24h,st,3h_SI3,3h,SI3,5.3629
0.10683223862681723,0.03770484567314514,1.5745918584340062,-0.03464136511641036,-1.1090009944626271,1.716431322734791,1.3394019303682985,2.6021183522660976,-0.4032279161053315,2.272910901319939,N900_RS06335,ABC transporter substrate-binding protein_7,0.8131936833333334,-1.2873,3.6511,6h_SI3,6h,SI3,3h_SI3,3h,SI3,4.9384
1.3369968859855819,1.7112120254080139,-1.1995260952137248,0.8022739476598759,1.2673068753476835,0.19614931528477675,0.18404772645881723,-0.36703070901415574,2.032912192598277,2.0386049168506437,N900_RS06340,bmr3_1,0.35335963333333337,-1.0647,3.7852,3h_SI4,3h,SI4,3h_SI3,3h,SI3,4.8499
1.1250740408252131,0.2814180091205126,-1.1412375549150071,1.9545326203315776,2.090714717558832,0.15450604849673588,-0.9959192202790486,-0.8256022110160093,-0.7070973821815495,-1.440221695492842,N900_RS06345,galT,-0.6258904,-2.3352,2.3864,12h_SI5,12h,SI5,6h_SI3,6h,SI3,4.7216000000000005
0.286889950812681,-0.39257040407815635,-1.9114501748017658,-1.580533500626578,0.8723238680330799,-1.732482803187171,-0.9424815840593788,-0.2405662672103181,0.8590332926254476,2.6192877628431823,N900_RS06350,galK,-0.24927028333333334,-1.8776,3.0163,6h_SI8,6h,SI8,6h_st,6h,st,4.8939
1.165308378500952,-1.30650622736674,0.5743178384183795,2.923957434556379,0.10886605847018715,-0.878370026151529,-0.23457279288473265,-0.9340414063305118,0.5574778004905452,-0.8887542393081466,N900_RS06355,galM,0.4891164,-0.82597,3.1706,6h_st,6h,st,1h_SI1,1h,SI1,3.9965699999999997
-0.8329608791576035,0.3598324287274768,0.9960491647090947,0.8080440701116176,1.234443620856085,0.6173634921945645,-1.5681381112603512,-0.12102152535918864,4.576749181873204,-0.4724450931968599,N900_RS06360,N900_RS06360,0.6562077416666667,-0.81418,3.6856,3h_SI5,3h,SI5,6h_SI1,6h,SI1,4.49978
-0.11318765565820899,2.3715112600628534,1.0201104208998644,-1.7867687336965268,0.4083831074081943,1.7992146622038088,-1.5969320920758097,-2.3895071079216588,0.4198957838882116,-1.218909948084724,N900_RS06365,N900_RS06365,1.4543584666666665,-0.32706,6.1828,1h_SI8,1h,SI8,12h_st,12h,st,6.509860000000001
1.9938993129792433,0.6420219536819101,0.45092371023513433,-0.359486656074564,0.34943033965622655,0.3656051158032404,0.1557971841330682,2.12011829028512,-0.359015523421623,1.9648745127814184,N900_RS06370,fabG_3,1.22217805,-0.34277,4.5641,1h_SI6,1h,SI6,1h_st,1h,st,4.90687
-0.628460256417863,-2.052747313309774,0.644988490738164,0.8454928648828157,-1.4941068596205378,-0.8894413063655446,2.2322160410540395,0.42726493810628974,-0.4496249662019388,1.1994074157209196,N900_RS06375,alsS,0.9845323333333333,-0.69278,4.6147,6h_SI2,6h,SI2,3h_SI2,3h,SI2,5.30748
-1.8101660638693218,-0.35906032477775374,0.3119655092836887,2.018800252782379,1.5585360744766823,-1.6141763743432103,2.3303470778002953,0.36062629712863925,-2.1875715686125945,-0.15805468437891212,N900_RS06385,LysR family transcriptional regulator_6,0.11316683666666666,-1.4342,3.4431,24h_SI1,24h,SI1,3h_SI2,3h,SI2,4.8773
0.015842215328231823,0.5749552222957558,-1.669774486384826,1.3178517353732957,-0.7040068241332772,-1.4349835634507406,-0.29568435865683196,-0.7394597003054089,-2.843516369818,-1.8389696242451126,N900_RS06390,ykgB,-0.13443480000000002,-1.6314,3.1552,12h_SI8,12h,SI8,12h_SI1,12h,SI1,4.7866
-0.8060812789168907,1.0320550059113152,3.145669880353073,-2.8604797963068966,-1.0730268437648984,2.8482649083941682,-1.9327320192949855,-0.48455526268992727,-1.2693508169887613,-0.46649961348354485,N900_RS06395,katB,0.02655542499999999,-2.2213,5.4507,6h_ce,6h,ce,3h_st,3h,st,7.672000000000001
0.3306622807404289,-0.1619369228032052,-1.5830906649633207,0.3235224213732053,2.1029476159123224,-1.1619220223422628,-0.12120003669630852,-0.65344596622425,0.3810884514833135,2.695457757764398,N900_RS06400,ankB protein,0.4228683833333333,-0.94908,3.7949,1h_st,1h,st,6h_st,6h,st,4.7439800000000005
-0.8484508195840177,-0.7236878990340525,-1.1726367873193597,0.40264395310657575,-2.3237059545662047,-1.5640360043653039,0.10286252570515486,-1.218781191056267,0.9699618821726677,-2.120270660428404,N900_RS06405,sodC,0.053715962833333325,-1.3075,3.0308,3h_SI1,3h,SI1,6h_SI2,6h,SI2,4.3383
-1.804859035554973,0.48246070187261103,-1.0357409238052597,0.10593447914412302,-1.5908441277456942,-0.8667571610671732,-0.26605116835304154,-1.6875877787210765,-0.5347549720971988,0.6083928130710197,N900_RS06410,dabA_BLAST,0.05664059999999997,-1.3993,3.2424,6h_SI1,6h,SI1,1h_st,1h,st,4.6417
2.323539576766372,-1.027828534663736,-0.6374385333801915,-0.35959906466061553,2.8794705618923766,-0.2867524558453498,1.1525771937850526,0.5939463802088916,-1.0619587530656611,-0.173627698450601,N900_RS06415,dabB,1.09186875,-0.38913,4.0292,12h_st,12h,st,3h_SI1,3h,SI1,4.41833
0.49554840035144165,2.2420754541171783,-0.5646170756268583,2.7973996106197108,-1.2739493523221581,1.22492745367516,0.7903279962555936,-1.0924368833472144,0.5838005247085691,-1.0891954081731439,N900_RS06420,LysR family transcriptional regulator_3,-0.0040467333333333595,-1.4142,3.0185,6h_SI4,6h,SI4,3h_SI2,3h,SI2,4.4327
0.6335568026425142,-1.1620610578557058,-1.2459298556404856,0.08578785752945284,-2.1383253474315067,-1.7284609415499297,-2.2447556355933793,1.037200494411499,1.3618319539438488,-0.22087676114832466,N900_RS06425,almE,0.9466902666666666,-0.61522,4.662,24h_SI1,24h,SI1,3h_SI3,3h,SI3,5.27722
-5.494297276667359,-0.6985694777529081,1.1921172844045895,1.3014060938778491,-0.4088238736141031,-0.47762789461389743,2.898373274635288,-0.7494707290534328,-1.3571478459828255,-0.45012767036779716,N900_RS06430,almF,-0.6555937166666668,-2.6337,4.2177,12h_SI1,12h,SI1,1h_SI1,1h,SI1,6.8514
-0.10162560485732364,2.1340376793749796,0.6822521506884501,-0.3092330013392133,1.5429630462519517,0.057445888008791246,3.0275796250452496,-2.7683591287820977,0.5091677887772554,-1.4979183683933592,N900_RS06435,almG,1.47984925,-0.054004,6.0282,1h_SI4,1h,SI4,3h_SI2,3h,SI2,6.082204
-7.166056857510693,-0.06866480386590385,1.729604884655826,-1.8439323238670609,0.24293146099376112,0.6449300833884197,1.177435686141444,0.2729439440632728,1.500737263590067,-0.5682408755211189,N900_RS06440,VCM66_1516_BLAST,-0.6578911000000001,-3.3508,1.5046,3h_SI9,3h,SI9,3h_SI7,3h,SI7,4.8553999999999995
2.3182093413577096,0.697302683712136,-0.46695387272220085,0.612168882238461,1.1692164863512589,-0.19556817756228817,1.348147875728267,0.15414462771754617,-0.029242819294651334,-0.08935145861051041,N900_RS06445,N900_RS06445,0.5991164516666667,-0.64961,3.0447,6h_co,6h,co,3h_SI5,3h,SI5,3.69431
-1.455368014315881,-0.36423277835832524,-1.6558526423842739,-1.0480834371559307,-0.46199936420675597,0.6871366461497892,1.7596725570055949,-2.828104910904725,-2.5337158217235647,0.6285266101338098,N900_RS06450,membrane protein_7,0.2462347666666667,-1.6661,5.0831,24h_st,24h,st,6h_ce,6h,ce,6.7492
0.8585252624129196,0.8505439339336807,-0.9946570748211758,0.49188731131576624,1.6139644377178748,0.9522904923067684,1.697153937577354,-2.0131065727886766,0.7094352562300856,2.449827974442221,N900_RS06455,fumC,0.5373946833333333,-1.5278,4.5736,24h_st,24h,st,3h_SI1,3h,SI1,6.1014
-3.811521120412485,0.508129825633996,1.66644281131138,2.1596091393303807,-0.2619808981285217,-1.9686188707041672,-0.8665101553929593,2.3522608312889446,0.032593745868834345,-1.220678134694527,N900_RS06460,N900_RS06460,-1.0119508333333331,-2.5012,4.4822,24h_st,24h,st,3h_SI4,3h,SI4,6.9834
0.9635266775111972,-0.15013168340569394,-1.1772615272067715,0.9540147423721788,-1.426341705950763,1.275001740584396,0.8046978376280381,1.884417066498557,-0.1982766349594407,-0.04396644256429072,N900_RS06465,appC,1.1330999333333334,-0.66141,3.943,6h_SI6,6h,SI6,12h_SI1,12h,SI1,4.60441
-2.261350408675498,-2.1770766646150226,1.0879999191398608,-1.5042751180656428,-2.3178873519060685,2.13868249598199,0.4244725607554196,1.966855487758085,1.3124510925904445,1.3201671711302987,N900_RS06470,appB,0.2744866666666666,-1.8986,3.9833,6h_SI1,6h,SI1,6h_ce,6h,ce,5.8819
-1.6871408862497264,1.959603456208432,-0.5856157234996678,-0.239332461152157,-0.5175665296906559,-0.9236003474435142,-1.2611244695046266,-0.35218975306343864,0.12830538251211504,1.2266743994809717,N900_RS06475,yknY_2,0.29667531666666663,-2.0392,4.9901,6h_SI5,6h,SI5,1h_st,1h,st,7.0293
0.7726372474080301,-1.7101155739860263,-1.2566139485118109,-1.3521572188248818,-0.7154407277909984,-2.1250974808314558,1.9307954133309255,1.2782548677585877,1.2119812257506584,1.3285118767252435,N900_RS06480,macB_1,0.9848011000000002,-0.48826,3.2274,1h_st,1h,st,6h_SI3,6h,SI3,3.7156599999999997
2.499184089706592,0.38064235480553854,0.5444224976489069,-0.24317388026804432,-0.42581289831811187,0.35741775407354703,-0.32943652569699045,-0.14836366753653607,-0.016528211657092395,1.6454666257221497,N900_RS06485,macB_2,1.370453883333333,-0.44865,4.1236,1h_SI9,1h,SI9,6h_ce,6h,ce,4.5722499999999995
-1.0764852198306483,1.9848061824880532,-0.29333632922687747,-0.6195154434772798,-0.23977698267776895,0.9535032131683486,0.6131562712447048,0.3185289004073508,0.4428779604133063,-0.38860425185389297,N900_RS06490,tolc,0.3882127616666667,-2.6967,3.4288,6h_SI7,6h,SI7,12h_co,12h,co,6.1255
2.4027392802405476,0.014923291869721522,-0.9958040961460981,1.0187145651771772,0.4025412554441076,0.2089422471955935,-0.08616412873779511,-0.5468672163065433,-1.0656696227778957,-1.00224419049877,N900_RS06495,macA,1.1646526600000002,-0.10084,4.6484,1h_SI7,1h,SI7,12h_SI1,12h,SI1,4.7492399999999995
-4.135566491209052,2.5669614720553593,-0.5417657147563607,0.058575840268712875,0.9142101206442251,0.18524758446398226,-0.30208177638632305,-0.20169142708409066,0.7927185933701698,-1.052220679700258,N900_RS06500,varG,-0.80341435,-3.7278,1.9281,12h_SI8,12h,SI8,24h_SI2,24h,SI2,5.6559
1.3076954119061472,-0.23990384022070432,2.672050320462694,-0.46072882415982774,-1.3231937550493784,1.9493653446313308,0.652033618900657,-1.8463943310163733,0.31480015159823616,1.613596556881846,N900_RS06505,lysr_3,1.3686262649999998,-0.17954,5.1172,3h_SI4,3h,SI4,3h_st,3h,st,5.296740000000001
-0.43371873729560484,-0.2955651976319448,-1.3703340545743632,-0.8508776275118959,1.6595270013716361,4.55816533265385,0.11469784322107202,0.6134874450279006,1.0643286136558743,-0.8720767035998954,N900_RS06510,katG,1.6284244,-0.15532,6.1199,1h_SI7,1h,SI7,3h_SI1,3h,SI1,6.27522
-2.1311396578824473,-0.40026570971671593,0.3855333468607031,2.743477341670073,-3.0180476355029353,-1.0023194225289214,1.8468277007508016,2.9361466308189375,-1.5761929834458792,-0.8110012548059816,N900_RS06515,bglA,0.3514252833333334,-1.2127,4.6944,6h_SI2,6h,SI2,3h_SI4,3h,SI4,5.9071
2.5838805165375227,0.5875031263798755,1.8560544365155571,0.24225161222754643,-0.9277924990459497,0.30085210634902126,-1.7479993564155938,-0.0645900097023821,-0.019044841153012304,0.08726950750367002,N900_RS06520,LacI family DNA-binding transcriptional regulator,0.21405076666666664,-1.4059,3.5196,12h_SI7,12h,SI7,3h_st,3h,st,4.9254999999999995
-3.2027690659525225,0.31350972424061097,0.7236516626272775,-1.3998612006255253,0.7297666653646907,1.0229302020914077,1.1162369812284503,0.4065359719283531,0.5599729750334432,-0.4653863416474852,N900_RS06525,rutC,0.8426624833333332,-1.0713,3.4002,6h_SI5,6h,SI5,3h_SI5,3h,SI5,4.4715
1.8850401627836098,-1.6391916662788644,-0.808535182463082,1.2057566780531546,-0.9245821623347676,-0.419302621050631,-0.28858542445092517,0.7133547045003314,0.35459752285164076,-1.0844035414050393,N900_RS06530,Toxin-antitoxin biofilm protein TabA homolog_BLAST,0.7889990166666667,-0.54007,3.4739,3h_st,3h,st,6h_SI1,6h,SI1,4.0139700000000005
-2.2029652170367227,1.3049350870923164,-1.5776608321229892,2.6837441318596884,-0.42030066329328314,0.5493246421830051,-1.4031884428017076,-0.14051207157329232,-0.11929549025854136,1.9586312827290342,N900_RS06535,glpQ_1,-0.6283875833333333,-3.2997,3.3835,24h_ce,24h,ce,1h_SI1,1h,SI1,6.6832
0.08648330468759324,-0.05556053855291365,-1.1072886147206455,2.1454467959585406,0.5180440772629294,0.8764906076813823,-0.18022117605721,-2.4394202598392476,0.5220266355333828,-0.82224764021924,N900_RS06540,glpR_1,0.15112328500000005,-1.2938,3.3732,3h_SI6,3h,SI6,6h_SI2,6h,SI2,4.667
-1.2179947324067941,-0.3538790580850142,3.575868527012607,-0.9624025299402285,-1.698877306665434,-0.957290929735584,1.3299646465134374,-2.805805262894977,-0.08412798375217478,1.536162568842314,N900_RS06545,ugpc,-0.01677286666666663,-1.8148,5.9263,12h_SI7,12h,SI7,6h_ce,6h,ce,7.7411
-2.591103130954018,0.3782515496300567,-0.01648625180417765,2.4134364479977277,-0.7618498295418109,-2.245995413299843,-0.09760024272995094,-1.5982952018480243,1.452041717043031,0.7432633599484055,N900_RS06550,ugpE,-0.31219335,-2.0951,4.3218,24h_SI3,24h,SI3,3h_SI5,3h,SI5,6.4169
1.1024839017210661,-1.65737455557217,1.3919528176677938,0.8635910736069237,0.0677159128158258,0.7262521853913125,-2.341138293058231,0.5045688605269961,-0.61923964732782,0.637363211243908,N900_RS06555,ugpA,0.9400644333333333,-0.67973,4.0264,12h_SI7,12h,SI7,3h_SI5,3h,SI5,4.70613
1.4591703424650362,0.3558328475601775,-1.559309652529867,0.8105655854288205,1.7273090832078162,-0.049740898987032045,-0.07267588698101268,-1.8243380884922165,1.650828849665222,-0.41108018222782833,N900_RS06560,ugpB,0.19030280083333334,-2.3256,3.2723,6h_SI7,6h,SI7,6h_SI1,6h,SI1,5.5979
2.263939573392646,0.5715513830413104,2.749997093812136,-0.09750648137054085,-2.074868835240787,0.16134028186778626,-0.7089887025444519,-1.1063840351285181,-0.5100780754767339,0.21390584370627375,N900_RS06565,tonB,0.9359012466666665,-0.50393,6.0376,6h_co,6h,co,3h_st,3h,st,6.54153
1.3664351945354545,-0.9103682619663449,-0.7863826099001779,0.7829013065296713,-2.237445158904092,-2.005695559333659,-0.45427402681725537,-1.482345072799249,-0.7123417008219054,-0.9315519195255566,N900_RS06570,mota,0.6697279516666667,-0.84504,3.8276,3h_SI1,3h,SI1,3h_SI2,3h,SI2,4.6726399999999995
2.266846303391268,-1.72530005385617,-0.9977326586473099,1.5827877406331163,0.03719058934372358,0.9212240901265872,-0.5305748730131374,0.4857390857978514,-0.4711649808470474,0.4351026888877223,N900_RS06575,tolQ_3,1.0613484833333333,-0.39571,4.9052,1h_st,1h,st,12h_SI1,12h,SI1,5.30091
1.3249109189042985,-2.855889589932772,0.5488047524921832,0.002877782815892349,-1.3996155768275529,-0.01886308452602692,1.085417634814768,-0.42729080260288793,2.0074958856732206,-0.10401378939274186,N900_RS06580,exbd,0.913149545,-0.577,4.6941,1h_ce,1h,ce,6h_ce,6h,ce,5.2711
2.967810342607815,1.579534908030101,1.0205286659149102,-1.8623139637453603,0.8581334148738359,0.3903606352104011,-0.030025367795371682,1.2219431791877935,-0.6318862121897012,1.5954650447471745,N900_RS06585,TonB_1,0.7636807999999998,-0.84175,4.443,6h_SI7,6h,SI7,6h_st,6h,st,5.28475
0.8550347999639425,0.24277921694228066,-1.6111181552734675,0.06670670230078679,0.0011559967724802112,1.7652003526828648,0.5593087222463048,-0.49488457321733864,1.7037997464959167,1.5587812869173316,N900_RS06590,N900_RS06590,1.0068560766666665,-0.67461,4.6176,1h_ce,1h,ce,3h_SI3,3h,SI3,5.292210000000001
1.5839343378004287,-0.8632417449376268,-1.0551561292895342,2.298177485830095,-0.5652435404269804,0.5253862704456682,0.6481528031722367,-0.9542886519380152,1.5627156681382175,0.5415595326469975,N900_RS06595,ligA_1,0.7796801688333332,-0.67142,3.8058,1h_st,1h,st,3h_SI3,3h,SI3,4.47722
0.49486103263538794,2.7436614903342527,-1.3819908611902856,-1.0205238260979073,0.43472085779703107,-0.8619248976599847,0.7096858367596756,-0.3951424464240239,1.4633741276336392,2.6995158188868045,N900_RS06600,N900_RS06600,0.4151725,-1.1839,4.3176,12h_ce,12h,ce,6h_st,6h,st,5.5015
-1.3593232068659933,-2.1496669354093974,-0.9074374031936403,-0.23453651848769197,-0.5453820756577844,0.08438861780038631,1.7951882848975185,-1.507996376283221,-1.9478912377901016,0.3991371180325025,N900_RS06605,vcmA,1.1191887350000003,-0.74045,5.9166,6h_co,6h,co,6h_ce,6h,ce,6.65705
0.7880307606910524,0.2721174988399925,-1.3164065239236935,-4.387876848570722,-0.920691839268068,3.1139508962876525,1.0520100131038295,1.4630430783919195,-0.5572890231505189,-1.1712330989292652,N900_RS06610,CPXCG motif-containing cysteine-rich protein,1.3797458,-1.7883,6.0201,6h_SI7,6h,SI7,12h_SI1,12h,SI1,7.808400000000001
-2.0527038506482853,-1.6484760272497638,0.7269631684989567,1.8673435958015405,1.831018802112067,2.7225420155877504,-0.49212782698752133,2.341588359852276,-1.8937726612414898,1.6297190232894325,N900_RS06615,VC_1539_BLAST,0.0373588783333333,-1.4805,4.4597,6h_SI3,6h,SI3,3h_SI1,3h,SI1,5.9402
2.2712336736291396,-0.062188446682501286,3.1326655490050497,-0.2657987368784638,0.6576812125504304,-1.5645454901024598,0.1989289192662536,-0.02592157419866803,-0.2727195898228614,0.691724847354267,N900_RS06620,N900_RS06620,1.3867726166666665,-0.51522,4.4114,12h_st,12h,st,3h_st,3h,st,4.926620000000001
0.8985111651746638,-0.07299811325330857,1.858030478517648,1.6373158959022671,0.0682631916216675,-0.258761827502052,-1.2866979992710177,0.1003792396370349,-1.5767362473820912,0.4762022644999713,N900_RS06625,NlpC,0.5121922000000001,-1.0626,2.9137,12h_st,12h,st,6h_SI1,6h,SI1,3.9763
2.0783042781025003,1.946966099185294,-2.38702465063786,-0.7921250329124954,1.7245010730796722,0.6686997898732354,2.30090947556417,0.5791810054580718,-0.5848472860990211,-0.017862489354231292,N900_RS06630,methyl-accepting chemotaxis protein_2,1.513814866666667,-0.23704,6.0849,1h_SI8,1h,SI8,6h_st,6h,st,6.321940000000001
-0.9756231733562339,0.8942782431173437,-0.831974420411778,1.0123718770067698,-2.669900211589197,-0.4663687888596506,-0.40346509812810183,1.2289762762617744,2.1956674229895135,-0.04007915096211723,N900_RS06635,N900_RS06635,0.21786024666666665,-1.5181,4.7797,12h_SI2,12h,SI2,3h_SI3,3h,SI3,6.2978000000000005
0.874880796736865,-0.7675572719671946,-1.338700330570669,-0.5173704249565647,-0.7206207066712468,-2.362146011339731,-0.6812122478685267,1.0006712339580512,-0.24623994802418814,0.9879462076464391,N900_RS06640,tRNA-uridine aminocarboxypropyltransferase_BLAST,0.7705398183333333,-0.9013,3.0311,3h_SI1,3h,SI1,1h_SI1,1h,SI1,3.9324
2.729147503121829,2.5129246545709893,-0.0371301040569637,-1.1260564085478448,-1.1387990259744591,0.18500709567542195,0.4843756309759994,-0.7250348063120009,-0.29546644035160907,1.0458077558743823,N900_RS06645,nagK,1.1228472183333336,-1.0026,4.1936,1h_SI4,1h,SI4,12h_st,12h,st,5.1962
-2.268944613517501,3.3874892511446006,5.1521945887068545,-3.975794941561399,-2.0476440627444323,1.5875625331603134,-1.4437897001317175,-0.9613116244458013,-1.298359208405663,0.2601334770415251,N900_RS06650,N900_RS06650,0.009954808333333332,0.00012735,0.43711,1h_SI7,1h,SI7,3h_st,3h,st,0.43698265
-1.0618858752047173,0.14795429408722796,0.9854586034319911,0.26469554456182065,2.485295241282373,2.580092462086155,-0.039046295953367616,1.5696089041477606,1.2629108570373009,-3.399926559324707,N900_RS06655,N900_RS06655,1.0726542133333334,-0.36556,5.5148,12h_SI4,12h,SI4,3h_SI1,3h,SI1,5.8803600000000005
-1.7293744094638108,1.393785679640556,2.112662877709754,-2.910303006194818,3.477054919210019,0.06378948748796931,0.5823493223013428,0.4679814285773124,0.06788429878951718,1.6638744326842974,N900_RS06660,N900_RS06660,-0.15241848333333333,-1.9089,4.2832,3h_SI6,3h,SI6,6h_st,6h,st,6.1921
0.7237638640920889,0.17733990105720415,1.6908282558940488,-1.1904457042833054,-0.0758051352061431,1.8788465216284225,-0.880622832481285,1.8032058515182008,-0.6422742872413679,1.9251340974783975,N900_RS06665,amino acid ABC transporter,1.0942079999999998,-0.47723,3.9824,3h_co,3h,co,3h_SI1,3h,SI1,4.45963
1.391501624679023,-0.7939661391121884,-0.01906426714716035,-0.282780730361035,2.848772411661107,0.3273753855957764,1.7728684763940783,-2.1427425457634053,-0.5002662924442022,0.13116419538841817,N900_RS06670,MoeA,1.494521666666667,0.15517,5.0099,1h_SI3,1h,SI3,3h_SI1,3h,SI1,4.85473
0.871658529421524,-0.5757030707147803,-2.1929397050451658,-1.3666362244298047,-0.9108455063530623,-0.44365459878458413,1.116258385099381,-2.8965784906795435,0.13530594061680906,-0.9408714500264875,N900_RS06675,mobA,0.551868075,-0.77618,4.4296,24h_st,24h,st,12h_SI2,12h,SI2,5.20578
0.7689392689319554,2.4182150775897044,-3.3445737126263055,0.6010808994273318,0.3638246056185613,2.3670890892875,0.869095785164698,-1.4969424353200937,-0.45523423500239846,0.36057635068498883,N900_RS06680,btuD_1,0.7745641216666667,-1.003,4.0921,24h_SI9,24h,SI9,12h_st,12h,st,5.0951
-1.9525838856634616,-0.8770438721795792,-1.2920273100382695,-2.1113158711141518,-0.2831598653102879,0.5438227840374474,2.5379373968611265,-0.5723666284443358,-0.286623862637296,-2.761612608874155,N900_RS06685,tupB,1.2047893056666663,-0.47567,4.8594,1h_ce,1h,ce,6h_SI1,6h,SI1,5.33507
-1.2217691678920541,1.2235166722411497,-0.43575634354543075,0.21504871492940758,3.1839110729696842,1.2748743237679705,0.31672679711873514,0.9460193860320643,-0.9092061160071913,3.2974628628532914,N900_RS06690,tungsten ABC transporter substrate-binding protein,-0.013690531166666664,-1.834,4.7097,24h_st,24h,st,3h_SI1,3h,SI1,6.543699999999999
1.4080803296097484,1.1483982712689615,-1.8153452043793552,0.7887028957800797,0.9668090640108519,-0.48170677171443055,0.505310279876172,0.12030354046934544,0.40862690140363933,0.28838654745347014,N900_RS06695,atoC_2,0.6521600499999999,-0.99036,4.9041,3h_st,3h,st,12h_st,12h,st,5.89446
1.0526577858504114,-0.9863164040521166,-0.33879968800823596,2.8855595195160264,-0.22576919979672613,-0.4410305976584159,-0.35162231195145766,0.46302417583578637,0.767634850498337,-0.8374383328585958,N900_RS06700,sasA_2,0.48825141666666666,-0.65069,2.7977,1h_st,1h,st,6h_SI1,6h,SI1,3.44839
1.1662707211348637,1.4167431394476502,2.1266273492810104,-2.364726304121733,-0.648475756131967,1.739082793048025,-2.049884225908883,0.34693508861803846,-1.3462615640848843,-1.2590010071481186,N900_RS06705,ybiT,1.2500275000000003,-0.51878,6.5922,1h_SI1,1h,SI1,3h_st,3h,st,7.11098
0.055836972625336934,-0.2973628271062363,-0.36735933992451875,1.7643899721920597,1.2433181396615027,2.384381927851712,1.387239180456288,-1.594008774957187,-2.425365887483227,0.06703984062515833,N900_RS06710,fdhD,0.8535228,-0.93791,5.0436,6h_co,6h,co,3h_SI1,3h,SI1,5.98151
-2.4106927582225612,-1.9398415680652037,-1.1334075771924348,-0.9439971655602775,-1.7090278308376745,0.5010808734575332,-0.0966254677541949,-0.30991382066726186,1.017488389499936,1.8072830198832792,N900_RS06715,N900_RS06715,0.5641505666666667,-1.1735,5.2824,1h_SI1,1h,SI1,3h_SI5,3h,SI5,6.4559
0.7156994593885062,0.5857682864964158,0.5141268742698439,2.1758641295264605,0.259009469640835,-0.14499876196849537,-0.8860164136541424,-0.6639630960384715,-1.6253452493058074,0.17583536605825745,N900_RS06720,N900_RS06720,0.24696005000000001,-0.92208,2.9459,6h_SI8,6h,SI8,12h_st,12h,st,3.86798
1.187081972342395,0.5929837632954917,1.6541148924872362,-0.979226488259759,-0.14329873591002593,-0.37484438345476545,-0.8910101655681859,-1.025191283810655,-0.09512949934528392,2.506430544259664,N900_RS06725,napF_1,0.8388170416666666,-0.54609,4.4715,12h_st,12h,st,3h_st,3h,st,5.01759
0.34943357525333996,-0.6793620520508066,-2.1328555833004628,-2.7792362276748994,0.7638656718864058,-1.0351241330160816,-2.168451227279502,-1.7036588289759353,1.2168971661292107,-1.5622085939272814,N900_RS06730,molecular chaperone,0.6710938366666667,-0.71991,4.3707,1h_co,1h,co,6h_SI2,6h,SI2,5.09061
-3.0960713291846864,-0.3788827995928461,-0.048031960821685156,-0.02790811921188996,-0.7636473229484465,-1.4461695833320074,-1.7073009182844034,-1.5439922323887052,2.008925129107131,-0.040422270579367536,N900_RS06735,transcriptional initiation protein Tat,-0.43034179666666666,-2.0082,4.6355,24h_SI2,24h,SI2,6h_SI2,6h,SI2,6.643700000000001
0.9253056263226309,-0.0523597020542545,-0.5407224229766271,1.8893921645393088,-0.3789449694883181,-0.8484901209496825,-0.5563497148234533,1.0458073330487736,0.5776274484318403,-0.5700400809299451,N900_RS06740,napA_1,0.6587827950000001,-0.77882,3.7293,6h_SI4,6h,SI4,3h_SI4,3h,SI4,4.50812
-1.256997102265562,-1.7450109752792566,-0.5791092850746559,1.3907955113230663,-0.5924607954019788,-2.0030358693281975,-0.5468282308351653,-2.413417804514674,-0.6749666368098489,0.7319568896039421,N900_RS06745,fdhB1,0.20078578333333333,-0.97867,3.5238,6h_st,6h,st,1h_SI1,1h,SI1,4.50247
-0.25898724049759636,-1.8332749963238202,1.1330329740949983,1.3471122600246246,-1.2903298511716763,-3.0795520761992923,0.15818395521403428,0.6881847209463225,1.2951866507567003,-0.33258120490283116,N900_RS06750,formate dehydrogenase subunit gamma,0.396028855,-1.4337,4.3571,12h_SI2,12h,SI2,3h_SI5,3h,SI5,5.7908
-0.05307800949305497,-1.7217301505157465,-0.4300427450704846,-0.31773371382746785,-2.3650131312130678,-0.947064474312675,-1.369660293797928,-0.363275618660524,-0.22014037298246603,0.06475910923810602,N900_RS06755,N900_RS06755,0.3686837583333333,-0.83096,2.5263,1h_ce,1h,ce,1h_co,1h,co,3.35726
1.5291634042577735,1.0488064215362414,0.19256259225460567,-1.150187060279864,-0.9866694161273976,2.294697724431302,-2.3697413362495494,-1.4861279547162982,0.5559549974786434,1.1689595367526657,N900_RS06760,cobB,1.0480848666666664,-0.46096,4.1241,1h_SI9,1h,SI9,3h_st,3h,st,4.58506
-2.3488886403502356,2.7065597424478507,0.1977546631522124,-0.032855817034647794,-1.3268660219584794,0.10329391352070239,3.6895198119545674,-1.1100130071538084,-0.057954132180185636,-2.063010233199611,N900_RS06765,VC0395_A1115_BLAST,0.5598267833333334,-2.4472,5.517,6h_ce,6h,ce,3h_SI2,3h,SI2,7.9642
0.04086020942306634,-1.0110310586552878,0.7611495532746854,-1.187276298313604,1.0550106668429797,0.5877402518313142,-3.549988888061084,-1.5344629335874642,-1.8228648013527118,0.3425268107560613,N900_RS06770,aroH,-0.0747758,-1.3166,2.9544,3h_SI2,3h,SI2,12h_SI2,12h,SI2,4.271
1.2861842675123167,-0.7672163155323335,-1.0276285083537564,1.6063541590437014,0.9415170884973472,-0.9836042505206131,-1.0940245414724463,-0.8222552146621749,-0.6995101993549159,-3.05970492077505,N900_RS06775,N900_RS06775,0.6013934333333335,-0.74408,3.7176,6h_st,6h,st,6h_SI2,6h,SI2,4.46168
0.27763162246694373,1.3385133757229486,2.4952321402827597,-0.7986126872099575,1.5782065420807219,-0.43761379730807715,1.3759719560796695,1.1241876579198145,-1.7033138409342095,1.2464538412401598,N900_RS06780,N900_RS06780,0.9178522108333333,-0.66707,4.6613,6h_SI2,6h,SI2,6h_st,6h,st,5.32837
-3.868124212053027,-1.904005005339723,1.7857990080392523,0.6232058498363275,0.7350305593765523,0.9507287626116135,2.0898932974174897,-0.421881100014525,-0.692322823543473,-1.1203337983820973,N900_RS06785,cvfB,-0.0924345,-2.5392,3.3421,3h_SI9,3h,SI9,1h_SI1,1h,SI1,5.8812999999999995
2.1653579311454783,0.5719372410749162,1.1781708768235397,1.12436820928415,-1.5954196003228527,-0.40358539822754125,-1.6310827126402743,-1.3031452740253664,0.6800613689937652,-0.6118420036924335,N900_RS06790,rsmF,0.667166275,-0.95031,3.9896,6h_SI6,6h,SI6,3h_SI3,3h,SI3,4.939909999999999
2.8283415160408296,-1.2001470230742772,2.516749639774721,-1.2472919809345133,0.8801443095962014,0.1336790617273642,0.6301966275257788,-0.1189136450699323,-0.5590839753987545,-0.433035705374489,N900_RS06795,yebT,0.8016523616666668,-0.4925,3.4809,1h_st,1h,st,3h_SI1,3h,SI1,3.9734000000000003
2.012127690973206,0.300396534962879,2.230705199570328,-1.0354292894257597,-0.7818583495072795,0.10362199684521456,-1.0274603402752007,-2.012589232407663,0.7510842156739036,-1.5416045311473865,N900_RS06800,paraquat-inducible protein A,0.9318864416666667,-0.8312,4.4398,1h_SI1,1h,SI1,3h_st,3h,st,5.271
-0.7270010043593156,0.9115263857818098,-0.41612501360500204,0.02991678280428256,0.40341916516142656,-3.1746221535396564,-3.0704162159075956,-1.0141133728947278,2.258011268372955,-1.258810932656081,N900_RS06805,ABC transporter ATP-binding protein_2,0.32236509999999996,-1.5613,4.7015,12h_SI4,12h,SI4,6h_SI1,6h,SI1,6.2628
2.00721236340675,-1.9942774354812198,-0.09397242926185853,2.160914727329885,-1.4246700469288835,-0.14754510869730209,-0.1705035479560636,0.630833771531435,1.133093638094231,0.17062104444400106,N900_RS06810,msrC_BLAST,0.8131330200000001,-0.61003,4.5476,1h_st,1h,st,3h_SI3,3h,SI3,5.15763
-0.5978919644903402,-3.206405147950983,1.3728216273014846,-1.424511093245468,1.3598898426666841,0.8824967399302553,-0.5196598485047699,1.590996874372534,-0.4475139687068813,-1.892459633184525,N900_RS06815,proQ,0.07405420000000001,-1.8077,2.8845,1h_ce,1h,ce,3h_SI4,3h,SI4,4.6922
-0.16289233878366227,0.8284750600953092,-0.03915465623073428,2.497859435569186,1.5060296515337663,-0.7402798714535419,-0.0032656465071985163,0.41476299760501173,-1.3910168325678467,0.31783612035175035,N900_RS06820,prc,-0.35085686666666666,-2.2908,3.5145,6h_SI1,6h,SI1,12h_SI1,12h,SI1,5.8053
1.403159035416408,-1.4413916672268945,-0.41011725832076834,2.034157480537232,-0.5313816987665124,0.21920647079637723,1.1310274068838098,-0.5921585168923904,0.7193906603391023,-0.12117677543578365,N900_RS06825,N900_RS06825,0.45651191666666674,-0.90656,2.7194,3h_st,3h,st,3h_SI2,3h,SI2,3.62596
-3.69372179049509,0.3382586409069239,-1.8198332922644564,0.13679795203644396,0.8159179761033415,-1.5409151338292002,-2.192260284991594,-2.3894740346796435,0.595567857463627,-1.771346253928054,N900_RS06830,pepN,-0.14506495433333338,-1.5789,3.8089,12h_SI2,12h,SI2,6h_SI2,6h,SI2,5.3878
-3.3161231489095253,0.07384672466514325,-2.1663423507695385,0.36822689352189153,-1.6532352085882915,1.5070222886094924,1.5485238001826942,-0.17385788878904207,-3.080891837853245,-0.43394857398950515,N900_RS06835,N900_RS06835,-0.10428771166666667,-1.3903,2.9967,3h_ce,3h,ce,12h_SI2,12h,SI2,4.3870000000000005
-1.341711465557559,-0.8178398086469174,-1.6030529655901922,-2.7996193033381704,-1.6141316247097932,1.9342559450152927,1.0887913798919784,1.1774994887773291,2.485041470803675,0.37621940679198285,N900_RS06840,gdhB,0.8288471233333333,-1.7366,4.025,3h_SI7,3h,SI7,12h_SI2,12h,SI2,5.7616000000000005
-1.8962060756043955,2.45757179860509,-2.3369796413727304,0.7052494073874178,1.19686890703104,-1.6599767384052617,-1.6022947199233977,-0.18356900693558204,-1.5308720974259398,0.6153471667758184,N900_RS06845,pyrD,-0.7524003833333333,-4.032,3.3738,12h_SI8,12h,SI8,12h_st,12h,st,7.4058
-2.4919389745547376,2.519367796992199,-1.4921819397889164,0.4558438495210497,2.8562606053484556,0.8742369858881585,-0.04690129898486439,-0.3155850572441969,-0.20424646800487667,1.2538483151897915,N900_RS06850,zapc,-0.9523734166666667,-3.5584,2.9152,6h_ce,6h,ce,6h_st,6h,st,6.473599999999999
-0.5623103410972279,0.8177591739424592,-0.7454130297281326,1.158589136022559,-0.8354065965885428,-2.335154447882212,1.2142321982483995,1.3877996773191488,-0.4035848915815001,2.13775166375978,N900_RS06855,rlmKL,0.47590435000000014,-0.76432,4.4731,24h_SI3,24h,SI3,6h_st,6h,st,5.237419999999999
-4.23671710226043,2.6955203413698903,0.27425541545112936,0.39075214791414314,0.061540870748754535,-1.578202105941144,-0.12281985538997375,0.5035466033636649,2.4295082103743297,-0.8196452881102091,N900_RS06860,N900_RS06860,-1.4198218499999997,-4.1062,3.2189,6h_ce,6h,ce,1h_ce,1h,ce,7.325100000000001
-4.771352775974772,-1.327434860715242,1.9019293518026494,1.301320202372847,1.2124803703131042,3.4340534923364148,3.9230007224770747,-0.39574838405685014,-0.0725212823691086,-0.5041414987759599,N900_RS06865,uup,0.19111726666666665,-1.7814,3.3423,6h_SI2,6h,SI2,3h_SI1,3h,SI1,5.1236999999999995
1.2337832603734862,-1.408342673588836,1.685969821393004,-2.3886727411616056,-0.4320408243744506,1.7345419282389778,2.059422499554265,-0.529789925708088,-2.831159437841502,-0.4591088935253585,N900_RS06875,rmf,1.46844075,-0.24621,5.1127,1h_SI6,1h,SI6,3h_SI2,3h,SI2,5.35891
2.924606291278404,3.208890201268436,0.6887991815300298,-0.760088338121464,0.5673679506354342,-0.6218807248342446,0.2324593836534068,0.7980036139059501,0.7159160768314974,-0.8928878081227709,N900_RS06880,fabA,1.8441144333333335,-0.062449,4.0446,6h_SI9,6h,SI9,12h_st,12h,st,4.107049
2.8037966135269885,0.1400887515226969,-0.35782121057308125,-1.039598643252511,0.6930467740238694,0.46348399993167944,2.388530360104104,-1.267486056501592,-0.5188927528636494,-1.9795017481112283,N900_RS06885,ATP-dependent protease LA-related protein,0.7964509666666668,-0.78672,4.6291,1h_SI9,1h,SI9,3h_SI2,3h,SI2,5.41582
-2.110168144933686,-1.219013241206939,0.6166348669958825,-2.0106138797667774,-0.40150315403867,-0.10528324388056065,0.2507540408412108,0.7321749558858895,2.551574671050045,-0.16946884567094478,N900_RS06890,matP,-0.1578106561666666,-2.9662,3.2171,1h_SI2,1h,SI2,3h_SI7,3h,SI7,6.1833
-0.1574721629788831,0.6692501068350938,-2.2548429051853573,-1.4699902552577706,-0.3384567050114564,-1.3585104120828189,-0.10563596801644592,0.70241294403276,1.5098885453869113,1.947219997525112,N900_RS06895,N900_RS06895,0.4865406500000001,-1.0144,4.3278,3h_SI6,3h,SI6,6h_st,6h,st,5.3422
1.8792285496049352,1.433930265724825,1.690580577910475,-1.6108138763549906,-0.8645897348009841,1.2809069935757798,0.044486317834994016,-2.5284052420592817,-0.6099438578018833,-0.8342035532929737,N900_RS06900,N900_RS06900,1.2459248366666666,-0.24,5.2914,3h_SI4,3h,SI4,12h_st,12h,st,5.5314000000000005
-1.4187347967115698,0.7757158025181836,0.3171855911235773,-3.1381392960901398,0.010159849483754944,1.358580133521958,1.419680331422913,0.44190349676852925,1.580636451892866,-2.3739160757480056,N900_RS06945,N900_RS06945,0.013707350000000005,-2.0858,2.8167,3h_SI6,3h,SI6,3h_SI7,3h,SI7,4.9025
2.02183188796902,1.1126825922356625,-1.8547714833578322,1.044937980638621,-1.2160696789480685,2.6001042402948134,0.4378587570604773,-1.1323442198669684,0.5269196546809612,-1.381401031461667,N900_RS06955,DNA replication protein_1,1.5418287666666664,-0.76994,4.6859,6h_SI4,6h,SI4,3h_SI3,3h,SI3,5.45584
1.5480537419676228,-0.1483647017654025,0.9472253827618754,1.4909596530369393,-0.3826050795559963,0.9953237717618882,-2.0158765211607337,-0.29097608928515734,-0.13507361475069046,-0.6124611406351306,N900_RS06980,DNA-binding protein,0.5111554333333335,-0.8985,2.9149,6h_st,6h,st,12h_SI1,12h,SI1,3.8133999999999997
-4.120848986722316,-2.204539474410214,0.3546215435094579,-2.9636212446510806,0.027606924799061704,0.5991905741130998,0.9284120717384572,0.6458363338823991,0.5475245114529365,-0.9804428523255081,N900_RS07000,rstc,-0.13306151666666663,-2.4485,2.4297,12h_SI3,12h,SI3,3h_SI7,3h,SI7,4.8782
1.2135137562015599,0.43965143023867254,-2.0835306071815425,-0.10424998389585571,0.6342720515239647,-0.7649468418856844,1.7746535595138488,-1.270733965596613,0.07433064261100036,1.6868574072674585,N900_RS07020,colonization factor,0.2810398333333333,-1.2568,3.7478,3h_SI6,3h,SI6,3h_SI2,3h,SI2,5.0046
-0.6349507827174774,-2.4971846641940734,-0.17786618080768044,1.3207798845121963,0.6938931228401971,1.3164826628046804,1.1091625472367244,-0.45380013665926294,-2.237060694197811,1.067986145863813,N900_RS07025,VC_1460_BLAST,0.18067133333333332,-1.0853,3.8395,3h_SI3,3h,SI3,6h_ce,6h,ce,4.9248
0.5948052308850493,-1.4421519710230888,-1.3054520509212932,0.008498408873963248,0.946163512878843,0.8924351757051707,-1.6093300650006694,0.14504861980820394,-0.14922458161056895,1.423220935336967,N900_RS07030,ace,0.4396666166666667,-0.94895,2.8272,6h_SI9,6h,SI9,12h_SI1,12h,SI1,3.77615
0.9566366641598307,1.7137440331536855,-0.8638970450371335,1.5514178792446982,-2.5874661410704793,2.26450259760231,1.1583217372947054,-0.0919709790246751,-0.9805201594366263,0.3011430907108781,N900_RS07035,zot,0.8242189833333332,-0.85338,4.197,6h_SI4,6h,SI4,12h_SI1,12h,SI1,5.0503800000000005
1.9082555075325267,0.8931717161991467,0.496933683796815,-0.6826372473401654,-2.405034015144366,-1.6739405553495694,-0.7490496005680634,0.7795893775833227,0.47808212366345787,-2.066088580000935,N900_RS07040,ctxA,1.6031479666666668,-0.28437,5.9364,1h_SI5,1h,SI5,3h_SI4,3h,SI4,6.22077
1.0030946238365699,-1.4899677137517682,-2.1368530559604566,-1.1796726313120525,-0.4547699452308058,0.23954561203031055,-1.7834754151318963,0.8598389603791916,-2.3335592889217796,-1.0697401717403165,N900_RS07045,ctxB,1.2130298333333334,-0.24055,4.3415,1h_SI7,1h,SI7,12h_SI3,12h,SI3,4.58205
-2.9991451356068124,-0.9221964424809364,0.5891327380741566,-0.05650969626916247,0.8415794163849445,-2.208687678484451,-2.7184597956236702,-0.9642767802848458,-1.2273572854567014,0.3875034499147332,N900_RS07050,rtxA,-0.30215816666666667,-1.6921,2.9957,3h_SI9,3h,SI9,1h_SI1,1h,SI1,4.687799999999999
0.11855778361724134,-1.4366966873833433,-0.36605852102635306,-0.02142525120667549,-1.046046019721371,-0.5270628047129056,1.3393065741027628,1.5998075264688205,-2.1374162302956035,-1.8780086070903843,N900_RS07055,toxin-activating lysine-acyltransferase,0.6039549883333334,-1.2957,4.1859,3h_ce,3h,ce,3h_SI5,3h,SI5,5.4816
-2.9683223779806025,-1.0224110849575305,1.344947999097336,-0.9557066895232118,0.8995859528890767,-2.285914964786467,0.24616081527750572,-0.4985067995563492,0.6198348159035241,1.4208851271776977,N900_RS07060,N900_RS07060,-0.5776163333333334,-3.6267,4.6598,6h_co,6h,co,3h_SI5,3h,SI5,8.2865
-5.040039431614677,-0.04943227567436065,1.6413811698834475,0.6484346765588431,0.06684311393163497,-1.5058309032757662,0.1413616974919446,2.488986728991096,0.20407355542590938,-1.4086290776321828,N900_RS07065,peptidase domain-containing ABC transporter,-0.7304131366666665,-3.5673,3.2553,3h_SI9,3h,SI9,3h_SI7,3h,SI7,6.8225999999999996
1.3272600382123185,-0.40380263812433814,0.6207675085044941,1.5762141392172757,0.8458357207360299,-0.326229240043461,-0.12270038855095533,-1.2259579035168235,1.7192117033412417,-0.16189708216063592,N900_RS07070,HlyD family type I secretion periplasmic adaptor subunit_1,0.9266006583333334,-0.70436,5.2161,12h_SI1,12h,SI1,6h_SI3,6h,SI3,5.92046
1.163425247401519,-1.0915689082208735,1.4105261135165172,1.1590984223139849,0.5202803360760359,0.5290871860205177,-0.6876937071162323,1.5500949836473041,0.9442916437042069,0.14986116356702628,N900_RS07075,hlyB,0.9821974,-0.38911,4.9351,1h_SI8,1h,SI8,3h_SI4,3h,SI4,5.32421
-0.3767429304482359,0.6977436424608205,-0.9992229991041304,-3.146128246593067,3.51010143357149,-3.3109578168860057,-0.43803923664482114,0.533178311680555,1.4164141443004663,0.14666454991569888,N900_RS07080,rcsC_3,0.3931739,-0.8092,5.5141,3h_SI9,3h,SI9,6h_st,6h,st,6.3233
0.8498986551277423,-2.5327326789268727,1.8228533091617607,1.9889735753254971,0.744004109882246,-0.5392156895783169,1.185254587002865,-0.5697006460187313,0.7174846436721247,-0.7105284207497153,N900_RS07085,histidine kinase,0.4138719250000001,-1.1388,3.9106,6h_SI1,6h,SI1,6h_SI4,6h,SI4,5.0494
-1.5433125969542525,-1.1559488105041622,0.3851302193018146,1.541425903695639,2.9430123865284337,1.8329734073447619,-1.1206880139405468,1.3658063531571054,1.0229780326428108,-0.8441733554199256,N900_RS07090,N900_RS07090,0.11450885666666667,-1.2717,3.9674,6h_SI2,6h,SI2,3h_SI1,3h,SI1,5.2391000000000005
0.9931254710970725,-1.593741162065715,0.45564290852106343,-0.13571962381065594,1.6168344259694616,0.8605902116218388,-1.333646581949908,-1.3815974381384668,2.8099383829522346,0.37159558992084674,N900_RS07095,ccoN,1.1136141833333335,-1.5456,5.1277,1h_SI2,1h,SI2,3h_SI1,3h,SI1,6.6733
-2.725752117299755,0.424372564165084,0.5986760165080827,-1.6493680008980203,0.016870364399787882,0.3872823083249731,1.0421666764504771,0.7316544902469795,0.5123206240654724,-0.9101720092967833,N900_RS07100,ccoO,0.29917746333333334,-1.9615,3.3158,12h_SI9,12h,SI9,3h_SI5,3h,SI5,5.2773
-0.5981283589749076,-0.5148371152031471,-0.4546513525505377,-1.3477215632177586,0.4647315951282922,-0.3029964594320762,-0.5458503613111301,-0.7087038606778315,-1.476431176214268,0.4581280337819187,N900_RS07110,ccoP,-0.03789021999999998,-1.9196,4.028,6h_SI7,6h,SI7,6h_SI2,6h,SI2,5.9475999999999996
0.8119421943111553,-2.0052083731296833,0.4338133362384454,-0.8352807577346166,-0.30599890035302413,-1.3353292557536451,0.9720253568365297,0.7570369167729145,-2.3084185203493495,-2.308275084465338,N900_RS07115,ccoH,1.1404945333333336,-0.62065,4.7388,1h_co,1h,co,6h_SI2,6h,SI2,5.359450000000001
1.9520792485865668,-3.141200462377495,-0.7546096328845237,-1.188802233169366,-1.8162725617217002,-0.6150706227496012,0.045258902566793546,-1.1201700651672255,-0.0390434766936959,0.6447875145290882,N900_RS07120,cadA,1.4978633,-0.50784,4.8596,1h_SI3,1h,SI3,3h_SI3,3h,SI3,5.36744
0.2184568962680542,0.29816397467447386,-0.14306670189482915,-1.2923207835713135,-1.0279883124478204,0.7318847588930195,2.9826696177213723,-0.13817762602759964,-1.177619575245246,-1.031401853277699,N900_RS07125,ccoS,0.14297800000000002,-2.0442,3.958,1h_SI3,1h,SI3,3h_SI2,3h,SI2,6.0022
-1.6617322158865022,0.8066077979253343,0.6461367439400229,0.28599395448412723,0.5471336081621987,-3.1318282282579584,1.5023614105724126,-1.0447796832918874,1.0703930194251279,2.5843121403897467,N900_RS07130,N900_RS07130,0.47849058166666664,-2.2824,4.8374,12h_SI3,12h,SI3,6h_st,6h,st,7.1198
-0.2693930372449236,0.6991918499288206,-2.5561672086594434,-1.0357001901125162,-2.6392139296226786,1.9466411722164148,-0.08903393094794398,-0.6153958979028895,3.3725518319378867,0.0781137140517304,N900_RS07140,uspE,0.8504629316666666,-0.59315,5.3884,12h_SI4,12h,SI4,3h_SI3,3h,SI3,5.9815499999999995
-2.4669450615051027,1.0223565220334427,3.3084823004041275,0.3100836407632457,-0.11094851730971159,1.7058054775520617,-1.5747592106236292,-1.2285903077055822,1.023911780737388,3.0086952958211217,N900_RS07145,ttcA,0.29876317666666663,-1.6475,5.0304,6h_SI1,6h,SI1,3h_st,3h,st,6.6779
1.045668237439795,-2.4873812126294097,-0.6853854776781662,0.609816389718715,1.1414268258487714,0.13664251856587317,-0.29161746873176353,-2.4278227504962846,0.07629782053159051,-0.3378947191728759,N900_RS07150,N900_RS07150,0.8882288666666668,-0.58219,4.1202,3h_st,3h,st,6h_SI4,6h,SI4,4.702389999999999
0.38897745552613694,1.0728887434328969,2.4095628125205653,1.8273744468131494,-0.40949645858437816,1.6853983035498539,-0.8024679029149198,-0.459155514430091,0.21906502427244984,-0.7416590962893173,N900_RS07155,glucosaminidase,0.4029179333333333,-1.0964,4.0105,6h_SI4,6h,SI4,3h_SI1,3h,SI1,5.1069
3.267642989823517,-0.7009634121995196,-0.36800382200744963,-0.9201411574334145,-0.04003186518906977,-0.7876011457072145,0.3616118107555832,1.2775965605889519,0.012235732612594918,-0.8126105235851101,N900_RS07160,N900_RS07160,0.5299203166666666,-1.3428,3.5137,12h_SI7,12h,SI7,3h_SI4,3h,SI4,4.8565000000000005
-1.7940370909443366,0.1823969243508031,-0.21667053342617804,-0.230345376562886,0.9084168270245679,-1.4240248299969296,1.1542655369011117,-0.9373671734573088,-0.21514849017099769,-0.9142099859866337,N900_RS07165,potA,-0.6177545166666666,-2.1897,2.5308,12h_ce,12h,ce,24h_st,24h,st,4.7205
0.2266814997995632,0.050029490763285,-0.6142171250736344,-0.9519654671540073,0.3047025639917612,-1.8968024094170444,2.850658082421168,1.109756471529871,-2.3861664415459307,0.40165329411629225,N900_RS07170,potB,0.4825185833333333,-0.87231,4.4464,1h_SI5,1h,SI5,6h_st,6h,st,5.318709999999999
-0.4118619225205977,-1.4829682977910106,-0.20117554522694264,-3.93361163447939,0.5663398875086072,-0.2767681846663339,0.1550827310207994,1.4013797188331991,0.3771433514073414,-1.0104052225144076,N900_RS07175,potC,0.6767962166666668,-2.0585,4.1782,3h_SI6,3h,SI6,6h_SI4,6h,SI4,6.236700000000001
-0.10662863157826274,0.00756511970687368,-1.813127344061425,-0.09063221416740941,1.6281981013567304,2.475288891832412,0.07983781781614419,-3.1401542460834775,-0.08228190735778196,-1.5260656183006924,N900_RS07180,potD_1,1.2015599666666665,-1.0826,5.0131,6h_SI7,6h,SI7,6h_SI3,6h,SI3,6.0957
-0.29460394430002745,-1.0987795812612888,-0.476312124656504,-2.965874591755336,-0.6646001056818434,-0.3637150586011102,-0.5304220925634573,0.4280544954402308,-0.39287082461674394,-1.425152402164196,N900_RS07185,potD_2,0.5776087,-1.3399,4.0568,1h_ce,1h,ce,12h_st,12h,st,5.3967
-1.2993896507930773,-0.5692402601321013,-0.9265032087034052,1.855766091741558,-0.7034227193970309,-3.2965711796478305,-1.144518032934245,-0.2926580424223601,0.3639534461714555,0.031256401967444836,N900_RS07190,chromosome segregation ATPase_1,0.33410280000000003,-1.3384,3.4822,24h_SI2,24h,SI2,3h_SI4,3h,SI4,4.820600000000001
1.0682123079540995,-2.4199317312836772,-0.5345806305910186,0.3984793395755659,1.7645717315992187,-1.2596038354399424,-0.5891489101399949,-0.7921729102559805,-0.7302528237751699,-1.8011771780075971,N900_RS07195,N900_RS07195,0.7000432833333333,-0.80146,3.5485,3h_st,3h,st,6h_SI4,6h,SI4,4.34996
0.842866561515303,0.3004845248322517,-1.2888050097589285,0.06168020094972615,2.629158905130111,-1.1445273233554465,1.417303836655326,-0.20541996661955447,-1.8051391073780434,-0.3072557301685894,N900_RS07200,alsT_2,1.08547655,-0.49983,4.5313,3h_SI3,3h,SI3,6h_st,6h,st,5.03113
2.8992134364739828,0.15532704355061555,-1.4144914484605942,-0.4994122349742349,0.5022247291873243,1.0981423137942787,-0.07403969230264773,0.4405554623704074,0.2565595095788084,-1.3072717839296644,N900_RS07205,rhtB_3,1.3693533308333334,-0.60225,4.9237,1h_co,1h,co,12h_st,12h,st,5.52595
-0.3571463576227498,1.792408681060554,0.10447036848023342,-0.47156478614421693,2.0540269505178457,-3.33150406317108,2.5446008120033525,1.919245662585818,-1.6503855390682136,-0.27514981781067094,N900_RS07210,N900_RS07210,-0.15206748333333334,-2.3909,5.0833,6h_ce,6h,ce,6h_st,6h,st,7.4742
0.32582441893291536,1.2927791303230647,1.843074514068772,2.035886525489408,-0.7171926412039438,-0.23466601134317666,-0.1879448772462028,-0.3577581524410292,1.3032196336708404,-1.6499397955769521,N900_RS07215,tsiV1,0.16211520500000004,-1.5735,4.2449,12h_SI5,12h,SI5,6h_SI2,6h,SI2,5.8184000000000005
0.1741461204535084,0.594111828398141,-0.7017752718765262,0.5124863571210674,-1.8170429494040945,-0.08864545424504588,1.1638752026347055,1.0724473771844316,0.6167697189374964,-0.09285083282252882,N900_RS07220,tseL,0.7280727166666667,-0.87123,4.6377,6h_SI1,6h,SI1,12h_st,12h,st,5.508929999999999
-1.9967869902544833,-0.7733945098610142,-0.1414372214961965,0.48394056836657295,-1.0224692124585923,-1.3943519254069563,-0.4663301243950957,-0.04137781305125049,0.21646904036162107,0.7573513323188326,N900_RS07225,N900_RS07225,0.26196571333333335,-1.257,3.5878,12h_SI8,12h,SI8,6h_ce,6h,ce,4.8448
-2.714339771336033,-2.116141970956234,-0.9420831163054277,1.0580075746582414,-2.191301339042939,-0.4814676261303359,-1.6824292945962889,2.382019115488446,-1.2150393011310152,1.3688248729943757,N900_RS07230,tssI_1,-0.7208860366666665,-2.1697,2.0946,6h_SI1,6h,SI1,12h_SI2,12h,SI2,4.2643
0.7919439320098296,0.4028032539234908,-1.2023457810017637,-0.20933497356222963,-1.2584347400926374,0.07419988898791774,-1.2318205776605722,1.0735874511910046,0.8432723333935546,-1.612943717086322,N900_RS07235,hcp-2_D1,1.4869275666666664,-0.89732,5.7181,6h_SI5,6h,SI5,3h_SI4,3h,SI4,6.615419999999999
2.552309836908843,0.8665525042602633,1.7126544390427776,0.8885912097058175,-0.15990435088718855,-0.5649224757128308,-1.3674472336089323,-0.30324520386468007,-0.5488632189835282,-1.0640901354083763,N900_RS07240,carboxypeptidase M32,0.82394318,-0.41973,3.9068,12h_SI7,12h,SI7,3h_SI4,3h,SI4,4.32653
-0.5480096659571707,-1.2935705659394108,-0.35227014490206043,2.793486761573879,-0.04774272402316245,0.24644359715289077,0.18838904555841773,-1.6090694328958581,-0.47616335441807334,1.394017139219965,N900_RS07245,methyl-accepting chemotaxis protein_9,-0.032054583333333365,-1.3867,3.9365,6h_st,6h,st,6h_ce,6h,ce,5.3232
1.4430116229912153,-1.7025654942399635,-1.9692115646958213,0.746643657195984,0.02354680493529241,0.25588289261001296,0.37068883492914734,-1.8550401310199287,-1.9344793610548359,0.5187273274291311,N900_RS07250,vceB,0.7054589583333332,-0.8033,3.7177,12h_st,12h,st,12h_SI1,12h,SI1,4.521
1.273526213031257,-1.073869056572759,-0.28307196910450844,2.091639598988972,-0.9168815330824155,-1.2873759822980753,0.5935482655644944,-1.260379216609995,0.9870536165454029,-1.4430419339573368,N900_RS07255,vceA,0.48418877,-0.74287,3.3961,6h_st,6h,st,3h_SI2,3h,SI2,4.1389700000000005
2.379382610733246,0.05214266388250227,1.000993631997902,-2.0697191689894034,-1.911558544470179,-1.3729394224690101,-0.5880802204044919,0.9147204601788479,-0.5618479748525459,0.5199838968063473,N900_RS07260,vceC,0.6589191299999999,-0.83511,3.5694,12h_st,12h,st,3h_st,3h,st,4.40451
0.7566885642617374,-1.1276906466403565,1.0193343322539157,-0.3937834522825996,0.18715251681688205,1.7894945374903954,1.217474379156812,-0.13629773746012103,1.2687983780992202,1.4637040582549712,N900_RS07265,vceR,0.5964662500000001,-2.3098,4.1965,1h_SI5,1h,SI5,3h_SI1,3h,SI1,6.5063
2.4632161971890483,-0.531077481971419,-0.5230465246435022,1.9123185896745323,0.39982819000409264,0.08605011062091183,1.0716721016801616,-0.24339090749870068,0.7064176550746235,-0.20814061907788128,N900_RS07270,rhlE_1,0.62821655,-0.8934,3.5773,6h_ce,6h,ce,3h_SI2,3h,SI2,4.4707
0.9140609820156396,-1.3443185476298933,-1.500122500482974,0.7668455034360107,-0.10464630583350037,0.10656898552109273,0.4553319323223861,0.2324803467444876,-2.9180266954700613,-2.531797243615584,N900_RS07275,PAS domain S-box protein_1,1.333461103,-0.16479,5.1171,1h_SI7,1h,SI7,12h_SI2,12h,SI2,5.28189
-3.122543917659503,-1.682804740234912,0.12301532605408616,-0.06483479430749761,0.12115148566986611,-0.7853218497735772,-1.2642711650659901,0.13626870418149123,-1.1744984587101244,0.4597203247785431,N900_RS07280,mlp16,0.50991453,-0.78416,3.9606,6h_SI1,6h,SI1,6h_ce,6h,ce,4.744759999999999
2.349072479186547,1.906068843450572,2.361802731744643,-0.11137668258590838,0.9614052803099736,-0.7820292985562685,0.6605892951440298,-0.24218279875468635,-0.581072553694861,-0.035592900025848584,N900_RS07285,mlp14,0.673507205,-0.52864,3.7456,1h_SI9,1h,SI9,3h_SI2,3h,SI2,4.27424
2.1143992081804814,-1.1332730063218328,-0.5300172684901232,0.37508845831482907,-0.17715312703253655,0.9750603077281911,1.605611026667991,1.1115074810768086,-1.3603128319287765,-1.6028781397714031,N900_RS07290,cheW,1.3193963033333336,-0.62733,4.8388,1h_co,1h,co,12h_SI2,12h,SI2,5.46613
-0.9798568904169329,0.6771977091628194,-0.7185707278303464,-1.5721865728527247,1.7243544409755687,2.9686475182182597,0.015070878493660955,-0.04033510739859858,1.4997101447277892,-2.425410089301044,N900_RS07295,cheB1,-0.06628589333333335,-2.331,3.9986,12h_SI5,12h,SI5,12h_SI3,12h,SI3,6.3296
1.0660548768281526,-0.9641041526442127,-1.4410903352781896,-2.7686444562595867,1.0860093150985122,-1.8521505768978632,-1.0211441026312236,1.3627684917850167,-1.0894833078751032,0.052546039640148035,N900_RS07300,N900_RS07300,1.172540076666667,-0.35308,4.298,1h_SI9,1h,SI9,6h_SI3,6h,SI3,4.65108
1.9475712829129321,-1.8429417103028447,0.27704077813775896,0.7961763768330061,1.1512741660971237,-0.7497903238612587,-0.08960532329717952,0.17637196472220384,0.87202791786312,-1.6239999946118937,N900_RS07305,cheR1,1.1930420166666669,-0.31754,3.8772,1h_SI8,1h,SI8,6h_SI2,6h,SI2,4.19474
-1.6591542620429203,-0.4749356345316563,-0.2880318148217643,-0.37071816311843686,0.6739720422375827,0.08234454166137728,0.07743817427285482,2.5936709507471343,1.9440063128556777,2.7116808143425484,N900_RS07310,cheY2,0.26305344666666663,-1.2478,3.4935,6h_SI2,6h,SI2,6h_SI4,6h,SI4,4.7413
-0.39253402205295407,-0.10537564645756292,-2.800777973245194,-2.3910802474181514,-0.05213931895666905,0.7634508030091831,-1.345919363408883,-0.32825259370070875,-0.7097381578701502,-1.7312373373115464,N900_RS07315,CheA1,0.3294812833333333,-1.2485,5.3207,6h_SI3,6h,SI3,12h_st,12h,st,6.5692
-1.4550886739295403,-0.6199765976124871,-1.8749402293476698,0.41427175104782155,-3.0283751554802754,0.7170967006247506,-1.0330241970080967,0.5633454337107958,2.2108819344772277,1.2406085903147972,N900_RS07320,N900_RS07320,0.6558127833333334,-0.97232,4.2164,6h_SI6,6h,SI6,3h_SI3,3h,SI3,5.18872
-2.8839578309395963,-0.11849205493882875,0.20129146620307897,0.2912868690136099,-1.1704046569617932,-0.9855583239179435,-0.08950970602395825,2.550679518007518,2.8404294794095954,-1.2594031586336296,N900_RS07325,cheY1,0.028452466666666707,-2.5006,3.369,6h_SI6,6h,SI6,3h_SI4,3h,SI4,5.8696
1.4444469667010464,1.8385607593105526,0.08375066047422754,-1.9652096749485202,-0.5141906958144242,-0.04652653085626113,-2.622724351384038,0.2286422683171327,-0.7391001696665084,0.08199762412769107,N900_RS07330,mlp13,-0.04807821666666666,-1.8006,3.4207,6h_ce,6h,ce,3h_st,3h,st,5.2213
0.5209692073678474,-3.14576326772866,0.1658138849628755,1.1650425071498032,-0.4973316922602479,-0.11740690674380216,0.3412135386490825,0.025641373270765433,-0.7429699697314266,1.6423169077833022,N900_RS07335,gdx,0.8789779936666666,-0.58326,4.2955,6h_SI1,6h,SI1,3h_SI5,3h,SI5,4.87876
-0.3867096345929286,0.3807733047463524,1.0472581602943838,-1.2707239749048231,-3.2252790797063904,-0.3138031266308443,1.262946657636303,-3.8920322789095274,1.1319502286446232,-0.44216633970035557,N900_RS07340,cry2,0.36383461,-1.1041,4.7492,3h_SI1,3h,SI1,6h_SI3,6h,SI3,5.8533
-0.37345280018727633,1.5262442583567686,-1.456110533761421,1.1682254411104123,2.546937428294169,0.03583620443215574,-1.1914782987017276,2.813082552112742,-0.7808020582475509,0.8406163343445348,N900_RS07345,bmr3_2,0.17659431666666667,-1.3251,3.1656,3h_SI2,3h,SI2,1h_ce,1h,ce,4.4907
0.7324657581751675,-2.512411073586449,0.5985404581066625,-0.5790098607628069,1.453643153987792,0.7709226973840393,-1.2044962557305188,2.4048625338959524,1.9075520740467486,-2.556338337552983,N900_RS07350,lysr_1,1.0364287333333335,-1.1594,4.2595,1h_ce,1h,ce,1h_SI1,1h,SI1,5.4189
0.1583318777741498,-1.9154204449334427,-1.0348879965206597,-2.193441715396572,-1.537550444448172,-0.3229841736649497,-3.174142289600595,-2.1553173442306948,0.052941983144147886,1.0180212455291646,N900_RS07360,lplA,0.87655342,-0.62312,3.1356,3h_SI1,3h,SI1,6h_SI1,6h,SI1,3.7587200000000003
2.683549004898606,0.5880367150513612,0.39934319141756014,0.22238268326485278,-0.7663259892112776,1.1779303943787713,-0.1935709696843343,-2.14289608291127,-0.19722413923422377,0.5309237022526372,N900_RS07365,yegD,1.1373953833333335,-0.34514,3.4958,1h_SI6,1h,SI6,3h_SI2,3h,SI2,3.84094
-3.6606547882529052,1.6607448068058945,-1.262102805575214,2.3853909045467354,-0.7128064276511554,2.897436950054607,-0.5955722255207274,1.8999467581798637,0.12493915765229074,0.5045337129584473,N900_RS07370,membrane protein_5,-0.7474851166666667,-2.5035,2.7885,6h_SI3,6h,SI3,12h_SI2,12h,SI2,5.292
0.16311127811727388,-1.9268034414075386,-2.2758299619886513,-1.29544394789386,-0.5780707398986031,0.5024181458217218,0.8758904031669028,-2.2898456535834892,-2.539436506218653,-1.0686556368130482,N900_RS07375,hrpA,0.61788525,-0.39461,3.8312,6h_SI4,6h,SI4,6h_SI2,6h,SI2,4.22581
-3.0639070896571963,0.3829318862571203,-0.5470590419779582,-0.14345774231465902,-1.5032045980136246,1.3644993342585878,0.2949316632059209,2.863616422708678,-0.9902100207895442,-1.0205994646960097,N900_RS07380,N900_RS07380,-0.04969873333333329,-2.4301,4.3813,6h_SI5,6h,SI5,3h_SI4,3h,SI4,6.811400000000001
3.1081323309876767,-0.6360448956289381,-1.7886900499267995,-0.3283700866558792,0.4140634874555074,-0.3504547299169809,-0.5172047865842768,-0.2026039088133333,0.2674751318993447,-0.6311647576125093,N900_RS07385,N900_RS07385,0.8699623183333335,-0.49244,3.4955,1h_SI6,1h,SI6,6h_SI3,6h,SI3,3.98794
-1.238269096418013,-2.102643108566207,0.4787509587279055,-1.7581844292740898,0.9973878457665043,-1.2682822990283142,-1.3170556768530939,-0.7462674611080289,0.2141168603738467,-1.4441228330281763,N900_RS07390,N900_RS07390,0.8143681849999999,-1.0453,5.6245,6h_SI8,6h,SI8,12h_SI4,12h,SI4,6.6698
0.961972130152354,1.6327231588020261,-0.6424431651048327,-0.5625530388144546,-1.590314513737921,0.3172424464828697,-1.9620749037479441,1.2687410223031754,-1.655708486001195,-1.3312087604082006,N900_RS07400,exonuclease,0.2485654883333333,-1.4776,4.443,12h_SI5,12h,SI5,3h_SI4,3h,SI4,5.920599999999999
1.7229114172682847,-0.9954912826261719,-2.299441329762313,1.2273293232753266,-0.6806051969801796,0.5765936903506962,-0.6223103782607182,-2.2091926659758916,1.1964751073967852,-1.191307983936326,N900_RS07405,diguanylate cyclase_2,1.2027841499999998,-0.56204,3.7918,3h_SI5,3h,SI5,6h_SI2,6h,SI2,4.35384
1.4284306599655494,0.8747407408358373,-2.0092152746425658,0.8361133033633976,-1.1178968080842566,0.3149275678528898,0.3966170871313069,-0.7538056452327573,0.6941378395198444,-1.421699755586987,N900_RS07410,N900_RS07410,0.7705606666666668,-0.78513,4.7887,6h_SI7,6h,SI7,12h_st,12h,st,5.57383
0.6599996240892194,1.5731172226489956,1.7873800292732525,0.4573123081325381,-0.6617881307057433,-0.5144494046264183,1.4160323889367636,1.3081911333085785,-1.0779369736305213,2.419219922826411,N900_RS07415,hscA_1,0.8367553500000001,-0.93096,3.6667,6h_SI3,6h,SI3,1h_st,1h,st,4.59766
1.6442640763576941,-1.7346358282812844,-0.6588955080647443,0.475888792115303,0.3440839458017905,0.9111612691471203,1.011341222173235,-1.641027201394221,-2.8003623186732005,-1.3918339284220882,N900_RS07420,molecular chaperone DnaK,1.3096287299999998,-0.60889,5.463,1h_ce,1h,ce,3h_SI2,3h,SI2,6.07189
-0.5407926728037773,-1.702041130432633,-0.3051923930890227,-1.272798998512779,2.5096872306423896,1.8065233815065869,-0.8337798704103447,-0.9944900982394391,-0.14162749358502125,0.00020470796874783037,N900_RS07425,N900_RS07425,0.5428017333333334,-0.57425,5.0231,3h_SI4,3h,SI4,6h_ce,6h,ce,5.5973500000000005
-0.7780040430622166,2.706077320142376,2.3812098476847123,0.35437819305531226,0.6112893624379543,-0.589709154882488,-0.7944630962816008,-0.8373151678310782,-2.0976991780940595,0.340921100670567,N900_RS07430,N900_RS07430,0.0429573183333333,-1.5152,3.9413,12h_SI7,12h,SI7,3h_st,3h,st,5.4565
0.3744107844436737,-1.7474717011204062,0.24635324533935363,0.2700938760708964,1.6437280956423352,2.9034042582122934,-0.9942849110890664,-0.5143878651310916,0.637965183654492,0.40921824428989617,N900_RS07435,diguanylate cyclase_3,1.149382016666667,-0.84738,5.3236,1h_SI9,1h,SI9,3h_SI1,3h,SI1,6.17098
2.2450139570970133,-0.9249108866431766,-0.9243945021681406,0.5336190332626769,0.7678961412839943,0.26343784399398906,0.29596605035314383,-0.06722218530280155,0.3458399241846126,-2.27983042318351,N900_RS07440,ABC transporter substrate-binding protein_5,1.116281,-0.5149,4.5792,12h_SI8,12h,SI8,6h_SI1,6h,SI1,5.0941
-0.797597670304945,-2.5444990718422846,-0.885051672491683,-2.5226408661917916,-0.935422066579583,-0.8253485504684244,-1.7810670092794962,-0.8231805807644219,1.8746918873619252,-0.9222892015617488,N900_RS07445,N900_RS07445,1.1338224666666668,-0.45706,4.0211,6h_SI3,6h,SI3,6h_SI1,6h,SI1,4.47816
0.8185898653051491,-0.04453528746252344,1.427102620246941,2.3663405583437305,1.3097096499103813,2.0896137471819536,1.0638096037356117,0.5854959631371359,1.802293209533628,-1.5781452378255492,N900_RS07450,N900_RS07450,1.17188171,-0.32062,7.274,6h_SI5,6h,SI5,3h_SI1,3h,SI1,7.59462
-0.003913953585524155,1.5100329189698203,3.1851238277069966,-1.2864544723236024,-2.6825836710230524,-1.204127295030128,-0.48430213629836216,-1.0645559541919756,0.7240406308397225,0.41737091518481995,N900_RS07455,queC,0.4992305333333333,-1.4742,4.9309,12h_SI2,12h,SI2,3h_st,3h,st,6.4051
-1.6134751239245209,0.8497907045199273,1.737600303827185,-1.6003022428007356,-1.5486487701455003,0.09640309845041561,-2.1785525908178816,-2.228255549406441,-0.6176590620141239,0.9285500365856718,N900_RS07460,queE,0.9523363749999999,-0.46318,5.3729,12h_SI8,12h,SI8,3h_st,3h,st,5.83608
-4.955642059014883,0.7875363662300677,-0.29753164040587665,0.27553984550617816,-1.0847326042761036,-0.12634856902920544,2.690444046593546,-0.892162069923367,-1.689640713668489,-0.9239143939924919,N900_RS07465,yidA,-0.7318412166666666,-2.3481,1.908,6h_SI3,6h,SI3,3h_SI2,3h,SI2,4.2561
-0.3557280748588978,-1.6376517484757274,1.443717462218696,1.3283124324851099,0.9952277437471828,0.5729787457510553,0.6873974375793593,-1.2413259839687398,0.6728434692149546,1.4329573514417902,N900_RS07470,cysG_2,0.6594637083333335,-0.71594,3.4143,12h_st,12h,st,3h_SI1,3h,SI1,4.13024
-1.9078726172828322,1.3882872614994302,-2.2521934535312127,1.1732183087867427,-0.4677791771916138,-0.5601037763308825,0.5390089483854574,-1.8163131626151217,-2.2083498204594956,-0.7095847539164586,N900_RS07475,aapJ,-0.11556552000000002,-1.5799,2.9019,24h_SI1,24h,SI1,1h_SI1,1h,SI1,4.4818
0.9268806823783913,0.7094748595483713,-1.8519614751771487,1.1224787422582283,-1.6850899444487057,-2.3085634769816146,1.2105766375339388,-0.03506220658213016,-0.5793728407277513,0.9086789664381492,N900_RS07480,ABC transporter permease subunit_2,0.33760463333333335,-1.0894,3.5051,12h_SI9,12h,SI9,3h_SI2,3h,SI2,4.5945
0.8816939488283579,-0.6321265033451658,0.9512406445052016,-0.1259221065722229,1.2678833672936947,1.8071030892229243,-1.9193290495445214,-2.346440760841828,2.4395416978990947,1.0352982345901784,N900_RS07485,yhdY,1.0569526500000002,-0.38934,5.428,6h_st,6h,st,3h_SI1,3h,SI1,5.81734
-3.683145757224109,-1.577258752641244,0.5115509021467113,-3.1967774135328186,1.131984466000558,-0.9983030022686568,0.09679938406545108,-0.9684746721291975,2.477520728460522,0.03788478517693927,N900_RS07490,glnQ,0.38661958499999993,-0.99566,5.0144,12h_SI1,12h,SI1,6h_SI4,6h,SI4,6.01006
1.0560686112187074,3.069781676381957,0.869140526330478,1.7238484407203178,-0.1699492752721715,1.6355254826336443,-0.12707857085344054,-0.12359196663781119,1.150802732449265,-1.920330025285407,N900_RS07495,ycca,-0.09286800000000002,-2.1462,3.9383,3h_SI7,3h,SI7,3h_SI1,3h,SI1,6.0845
1.4996344602943124,-1.2761512458629403,1.9760976415153144,2.3591309033990804,-1.0317245294011115,-0.18354273885596295,-0.072219424936102,-0.9492000755578303,0.4626713337488117,0.5735764664355181,N900_RS07505,acyP,0.6522378500000001,-0.76187,3.5309,6h_st,6h,st,3h_SI3,3h,SI3,4.29277
1.6696275826307545,0.15052371955783506,2.551538643748184,-0.36994805550035337,-1.0998538243214664,0.7857989511971268,-2.1661325663808624,-1.3246685660534128,-1.3505092002738,0.2283709130256042,N900_RS07510,rlmI,1.097762916666667,-0.41012,4.9631,6h_st,6h,st,3h_st,3h,st,5.37322
1.572577036902203,-0.7580182440839836,-0.6451633546094139,0.8971196377195807,-0.9003852648820033,1.5898752928914535,-0.396972544902908,-2.7146934336831685,-0.4515236854110184,1.3893032244641799,N900_RS07515,diguanylate cyclase_1,0.9015788783333333,-0.54242,3.3394,6h_st,6h,st,12h_SI2,12h,SI2,3.88182
-2.5184347432761545,-0.4471174631071112,-0.9061465718576923,-0.9578579358048389,2.16724704104284,-1.795288012316718,-1.585265582672854,-0.6718509633103238,0.245797555802572,-1.66908671917253,N900_RS07520,N900_RS07520,-0.04554677499999999,-2.0553,2.6255,12h_ce,12h,ce,1h_ce,1h,ce,4.6808
-2.609799625858807,-2.0879907927869437,2.081863868679476,0.978033193222311,0.5071965996907488,-2.507727240047436,2.2955897143934534,-0.6464835488183382,-0.16009472284176296,0.010876775113093373,N900_RS07525,PGdx_2,0.7137049000000001,-1.3348,5.399,24h_SI4,24h,SI4,1h_SI1,1h,SI1,6.7338000000000005
1.5976424302331838,-0.7481861381520638,1.5970279877518208,1.3412508918170913,-0.15192029040469318,-0.11612531754747835,-0.05041246329608151,1.173967614088032,-0.5039481263285229,0.7361566693122237,N900_RS07530,rcsC_4,0.5091011999999999,-1.0122,2.8,12h_st,12h,st,3h_SI1,3h,SI1,3.8122
-0.1025164543723398,2.007509528022368,2.1857105370681773,-0.7899003451338231,-1.4262394637282927,1.5636930316003128,0.3795483445290668,1.3046527121811844,-1.8635367253935402,-2.5928421491870295,N900_RS07535,two-component system response regulator,1.2444750666666666,-1.7614,5.9603,6h_SI5,6h,SI5,3h_SI4,3h,SI4,7.7217
2.3238138255203866,0.3512510990008995,-0.03743230348723226,0.9082991571981816,1.00731897120441,0.9355696908293448,0.3009535143821642,-0.2917569053125773,-1.9684622414460224,-1.9458036016505271,N900_RS07540,maiA,0.7580234766666666,-0.62416,4.0553,6h_SI7,6h,SI7,3h_SI2,3h,SI2,4.67946
0.9675092586027292,-1.1700527712691335,-0.2508497387530937,2.7787785757485537,0.8557809490860998,0.565686361960756,-0.6217352526430138,0.7625391061747758,-1.6127206676748918,-0.6720128950803979,N900_RS07545,N900_RS07545,0.18894519833333337,-1.3451,3.2819,24h_SI7,24h,SI7,1h_SI1,1h,SI1,4.627
1.7624141960159392,-0.16131026954328243,-1.1735894277670884,0.372993934199231,-1.3135079758340862,-2.7630272635966113,0.23141578484778202,-0.19335249951826378,-0.9355760957472977,1.3577973781862365,N900_RS07550,hmgA,0.5414908816666667,-1.0035,3.227,24h_SI7,24h,SI7,3h_SI2,3h,SI2,4.2305
3.4306754831054915,-0.7166758467172185,-0.46164471515516353,-1.3569744723848576,0.47264160599278654,-0.21680513559046166,0.7992536010774902,0.8702457487552386,-0.3884559829932366,1.0816645708612054,N900_RS07555,hppD,1.3406445166666667,-0.52765,3.6785,1h_SI6,1h,SI6,6h_SI4,6h,SI4,4.20615
-0.41719988310501055,-0.6603920625996166,-0.8232552048240643,2.5903683194425025,0.8389170685610359,-0.9321785152701878,0.10573452850246301,-1.256901344186159,-2.0394553745194655,-1.450799667640994,N900_RS07560,pepT_1,-0.27431439999999996,-1.5977,2.5905,3h_SI3,3h,SI3,3h_SI2,3h,SI2,4.1882
2.754644493630063,-0.8025111042002464,-1.2771024777593112,-0.8404372341439399,1.5861945289181063,-1.1274442670158553,0.6189820554353116,1.2001745996415407,-0.21536658784298557,-0.6405787321351916,N900_RS07565,N900_RS07565,1.1533720500000002,-0.55004,4.0807,1h_st,1h,st,6h_st,6h,st,4.63074
-0.009343892079119342,0.7840294449937957,-0.04109274788337098,-2.261676409513143,1.0306780776286288,0.6563449982192411,-0.4946409334533295,2.605536875805079,-2.6835066923730473,-0.3046690951148614,N900_RS07570,GNAT family N-acetyltransferase_4,1.0860157333333331,-0.20517,3.4991,1h_SI7,1h,SI7,6h_st,6h,st,3.7042699999999997
1.289429086654751,-1.459924891809847,2.1644441237495946,0.8531668541290567,0.2373018974923225,0.04684422222862439,0.036184764941851966,-0.9044442632550231,-0.6500167855274338,-1.2164225705050526,N900_RS07575,acsA,0.5122754716666668,-1.1204,2.6573,12h_st,12h,st,3h_SI2,3h,SI2,3.7777000000000003
0.1160538932213182,-0.22242706388619649,0.08633996528122898,1.359555962681922,-0.1418494906996072,-0.13669169857868635,1.0252436508520242,0.7183743165104564,-1.7892059933419295,-2.086964657927126,N900_RS07580,prpF,-0.04815200833333333,-1.3034,2.8489,6h_SI2,6h,SI2,6h_SI1,6h,SI1,4.1523
2.9843117688084773,0.3209818776163789,0.030793116525254818,0.9012321400677026,0.025441532902613348,-0.37123024461805354,-0.21933010285197085,-0.38722989540863434,-0.7607943901868007,-1.0909998188411039,N900_RS07585,acnD,0.5594032243333333,-0.82837,3.2134,6h_SI7,6h,SI7,6h_SI2,6h,SI2,4.04177
0.5927313818408342,-0.1674913511549314,3.4925714824095047,-1.2984642044042833,-0.48330402732401007,1.7924343482737215,0.9319952672056724,-0.8881288027902321,0.8756912766348686,1.744091340506121,N900_RS07590,prpC,0.8396426166666665,-1.2524,4.536,6h_SI2,6h,SI2,3h_st,3h,st,5.788399999999999
2.498613798107151,0.4587758605699713,0.978051663424701,-0.7492379410328833,1.3964562385966315,-0.5481968848601888,0.8510924695050073,-0.8762550781587044,1.2610088897038882,0.3989229669756853,N900_RS07595,prpB,1.7590006833333331,-0.032254,4.8087,1h_SI6,1h,SI6,6h_SI1,6h,SI1,4.840954
2.253301761694102,0.5375208758924965,-2.7700380321896194,-1.9983660578079532,1.628549932422115,0.9652416178411367,-1.072043346032192,1.0004591947997943,0.9080025617072087,0.17599604328162533,N900_RS07600,gntR_1,1.6637734116666671,-0.33891,5.1514,3h_SI2,3h,SI2,6h_SI2,6h,SI2,5.49031
0.5978994036911516,-2.170311677817457,0.5248702688526314,0.20481615794773012,-1.2440184267434902,1.402143052897713,0.21493769266207213,-1.0285766881485758,-0.03557648401521707,1.1890097509152764,N900_RS07605,tripartite tricarboxylate transporter substrate binding protein,1.1144969466666668,-0.55553,4.0774,6h_st,6h,st,12h_SI1,12h,SI1,4.63293
2.489878954201913,-2.053681532113116,-0.932315630592947,0.5073105386431145,-0.3941347673130819,-0.5253867483596664,-0.6653949849796119,-0.31680932336356665,0.6809258854015995,-1.4247442425330117,N900_RS07610,N900_RS07610,0.8893498,-0.51932,4.58,3h_st,3h,st,6h_SI1,6h,SI1,5.0993200000000005
1.230143624978978,2.136058747319825,0.060835349415290285,1.0536586537185237,-0.034546021191379596,1.5657749818520879,1.722045287999791,1.158367260697177,0.9838450146513081,-0.8080341734806207,N900_RS07615,tripartite tricarboxylate transporter permease,2.165230733333333,-0.61013,6.3623,1h_SI4,1h,SI4,6h_SI1,6h,SI1,6.97243
-3.097095351909303,-0.25264797219367796,0.4482071790825649,2.1211361354149663,-2.3946075493213312,-1.488928287500121,1.51783848785175,0.7847438642227575,1.0116302222730607,0.5042949093760436,N900_RS07620,N900_RS07620,-0.6398527833333334,-2.3501,2.0696,12h_SI8,12h,SI8,3h_SI3,3h,SI3,4.4197
-2.2698972051734705,1.2082818405622202,0.8066268642820986,-1.3632691844431402,-0.10737931811967102,0.8987776594889612,0.9554011942419498,-0.2042589278878168,0.6249225078971571,0.8612305384049239,N900_RS07625,outer membrane beta-barrel protein,0.4002137333333333,-1.4947,2.7615,1h_SI2,1h,SI2,12h_ce,12h,ce,4.2562
2.0636188650554725,-0.848309433833931,-0.5473382871723538,-0.8538639879680567,-0.35151796572509036,-2.8271886435853064,0.9962979736112221,0.302766044521662,0.8285130999837356,0.6873192830865218,N900_RS07630,mglC,1.5462742133333334,-0.15215,4.9607,1h_SI5,1h,SI5,3h_SI3,3h,SI3,5.11285
-0.5460337406226348,3.5027457265326,1.580480647539974,0.023312167197076406,-0.0678677027598813,2.6338388526758685,0.6087216443512932,-2.3118488872643743,-2.3495507085087923,-0.1502739738305866,N900_RS07635,mglA,0.0869153,-1.7836,3.8766,24h_st,24h,st,3h_st,3h,st,5.6602
-0.680731528182764,-2.208591913469961,0.883357101264277,0.5233710464255612,-2.167201793245008,-1.3636748742137117,-0.3345744525859573,1.1474905750281086,1.9421131022983866,0.23899447671852814,N900_RS07645,mglB,0.6793211833333334,-1.1867,4.3166,6h_SI2,6h,SI2,1h_SI1,1h,SI1,5.5033
0.21906098188390288,-1.4833949684112988,0.12089977733921412,0.5237048348605797,-0.09589707000947867,0.7041570789628186,-3.135653104337772,0.24229399863075166,-0.6798894576941205,-0.8982406413255482,N900_RS07655,N900_RS07655,0.8835439166666667,-0.56363,3.7421,6h_SI4,6h,SI4,1h_SI1,1h,SI1,4.3057300000000005
1.6362293303646922,1.502846239688413,0.4112713294942019,0.4696024987502896,-0.023873390763150877,-1.8210228862630045,-0.8192817228968667,-0.2646347892265792,-0.5034491850312252,0.4810999466552206,N900_RS07660,nqrM_2,0.8110142483333331,-0.54344,3.5526,6h_ce,6h,ce,6h_SI1,6h,SI1,4.09604
0.42008965704781875,1.2885530486998813,-0.6276038500515869,2.7502160905671245,-0.07805653538381194,0.26116701155096844,1.2632772574204987,1.2546634912860817,0.24379332332047537,1.2442464950848808,N900_RS07665,penicillin-binding protein,0.38521566333333335,-0.83472,3.4414,24h_ce,24h,ce,1h_ce,1h,ce,4.27612
1.169289593297834,0.5337163545973874,0.7918212034848505,-1.079727648035475,2.559984000519889,0.6000862796711712,0.25599208510476,-2.8834432167805017,1.198686242381513,-0.5291714319667844,N900_RS07670,carR,0.5253872,-1.0488,4.6037,12h_SI3,12h,SI3,6h_SI2,6h,SI2,5.6525
1.2139980130431498,-0.019920897121825598,1.9226627637372855,1.645939188953201,0.45207214459031353,-0.7634412084060298,-1.283392571883313,0.9378251486992879,-0.6174833209881688,-0.6938100904438401,N900_RS07675,carS,0.41785548,-0.9289,3.7915,12h_co,12h,co,1h_SI1,1h,SI1,4.7204
-0.1966150460169902,0.4467257398711687,0.7786079818380728,0.16253413610958845,3.0417487621668275,-2.3128848524730836,0.8657898894536271,2.4389102841035544,0.059247887903002505,0.9521022299686586,N900_RS07680,ompv,0.02054336666666668,-1.4986,4.0299,3h_SI9,3h,SI9,6h_st,6h,st,5.528499999999999
-5.247698862086906,0.6681783923005062,1.3154112658669654,1.6569185134124211,0.3302623800730997,-2.4678855857553343,1.6043248354009658,-0.798078756937004,-0.17895666632016338,-2.5618696687333697,N900_RS07685,N900_RS07685,-0.6147460666666668,-2.633,2.5028,12h_SI1,12h,SI1,3h_SI2,3h,SI2,5.1358
3.002407229774799,-0.43791289200805383,-1.65039549920796,-0.8896540734866784,-0.7819375266054788,1.9400907221570305,0.7230505371340183,-0.2814758094204622,0.9050491142704303,-1.1470669269549796,N900_RS07690,hupR1_1,1.3089684500000005,-1.5737,4.3363,1h_SI9,1h,SI9,6h_SI2,6h,SI2,5.91
1.5443215842377143,2.2408744415750412,1.2731008156271095,0.4848198705877955,0.24613955924277414,0.5568081991131941,-1.448270571672812,0.5949840594362388,0.1867551255770487,1.326529924577575,N900_RS07695,sasA_4,1.09872925,-0.19896,3.9719,12h_co,12h,co,3h_SI1,3h,SI1,4.17086
0.8152297009314835,0.169015054246323,-2.103736026884965,0.10675651275604658,-2.074592676209394,-2.089502472650615,1.8297826511520154,0.7283994419750548,0.7502801813196438,-0.4006996204823936,N900_RS07700,SLC13 family permease_1,0.38306825,-0.99186,2.9921,3h_SI1,3h,SI1,6h_SI3,6h,SI3,3.98396
-0.6713749550513297,-0.7817361180359859,0.3657570993328518,-1.5451024822047221,4.370407672304604,1.5844334897301846,2.308842299973841,-1.3252838623306278,0.7706140123476504,1.1957923029547415,N900_RS07705,methyl-accepting chemotaxis protein_14,0.42721209999999993,-1.2518,4.2859,6h_SI1,6h,SI1,3h_SI1,3h,SI1,5.5377
2.1038731949289264,-0.9497401618104495,-0.22613550353026896,1.982482141734399,0.4689512551935129,-0.22732605356522417,0.8977700164398494,-0.49677124190440464,0.5819479810058914,-1.4022971852331039,N900_RS07710,bsrV,0.3564268333333334,-1.1237,3.6824,12h_SI6,12h,SI6,3h_SI2,3h,SI2,4.8061
-0.5101644609805454,-1.1556781267435308,-1.1647582848263187,1.6472982964163538,0.9790647174222873,-0.40939325669659943,-2.9058838248673142,-1.7899402070967014,1.1424372429762866,1.0064137389871344,N900_RS07715,eamA_3,-0.05206324999999999,-1.4107,3.0596,3h_SI8,3h,SI8,1h_SI1,1h,SI1,4.4703
1.1532739946444517,1.35139856309237,-1.595415122408561,1.490296706548654,0.7649897019166196,-0.26862776461593807,0.626434958394382,0.6088805521922354,-1.0371994229237909,-0.867457545862775,N900_RS07720,N900_RS07720,0.6436412833333335,-0.82199,3.7604,6h_SI4,6h,SI4,3h_SI4,3h,SI4,4.58239
-2.3701406949282373,1.29868946056724,2.877249975331258,0.32791619677140815,-1.1649308961259133,0.18954904250395344,0.34112535302229213,-0.010107339856471775,-2.0451934774231746,-0.9462690057354407,N900_RS07725,rimJ,0.2097655016666667,-1.5308,4.3497,6h_SI2,6h,SI2,1h_ce,1h,ce,5.8805000000000005
-0.3667272967304158,-0.2065319791721445,0.2772507409044283,0.7019720922878592,-0.7967284527225894,-0.13077911889642935,0.5404872681136085,-2.784440970828127,-0.5148305942928261,1.440255413671825,N900_RS07730,tyrR,-0.006961833333333337,-1.6368,2.4556,6h_SI1,6h,SI1,6h_SI2,6h,SI2,4.0924
1.0895088369760906,0.6778172277469613,-0.8954313803370045,0.9378562421204868,0.834277908357995,-1.8648626868418923,0.819557788036348,-0.3637758246981669,0.04867224380735957,0.7654948772891426,N900_RS07735,VP1870_BLAST,0.4509385999999999,-0.93959,3.252,3h_st,3h,st,6h_SI1,6h,SI1,4.19159
0.101802658234734,-2.247109406003794,-0.4572800747771726,1.0073367158848652,-0.4364089068788094,-1.17445322811307,-2.854046664634178,0.8853087612487704,2.025721772612322,-0.7585440454675402,N900_RS07740,ycjx,0.44725967999999994,-0.97049,3.1576,12h_st,12h,st,3h_SI3,3h,SI3,4.12809
0.9559001916220371,-1.0603202962071996,-0.7321149748251186,-1.5516056378243663,-0.23436417185939032,-0.16256244176295276,1.13450150228371,0.3146031522974444,-1.1458445924609744,-3.9035101648956267,N900_RS07745,N900_RS07745,0.08899200000000002,-3.086,4.0135,1h_SI2,1h,SI2,12h_SI2,12h,SI2,7.099499999999999
-3.7320607621494113,-0.9164004409526092,0.8155578264035902,-0.058327586802201514,0.08368840988956092,-0.765703535191625,1.3144338973322138,-0.7748612884118569,-1.0722838045363816,1.362479905650863,N900_RS07750,fumB,-0.3102420666666667,-2.237,3.4738,1h_SI3,1h,SI3,3h_SI6,3h,SI6,5.710800000000001
-0.5824941287891741,1.7471933549646954,2.872274200250476,0.7317712177659716,1.3754887994056806,-0.22557169206511207,-3.4381778395600318,-1.6475947229991197,0.09874111828457521,-0.4741709289313919,N900_RS07755,pabB,-0.3831248333333333,-2.2118,4.0613,24h_SI9,24h,SI9,3h_st,3h,st,6.2731
2.4255062585565996,-1.560737510775448,-0.016211071040222957,1.3329334819009167,-0.6335509224922664,-0.2050945063565104,-0.4248255928691269,0.680429774462676,1.2884211142523556,-0.4314301266016086,N900_RS07760,nudL,0.7911077,-0.4541,3.4145,3h_ce,3h,ce,3h_SI3,3h,SI3,3.8686
2.2842023547485057,-0.5202805966083239,0.034372181757377815,-1.0862139845376886,-1.1355691078425425,-3.0157434808638763,0.663035048178306,-0.5081374633887219,0.9629331899916873,0.6125490039673867,N900_RS07765,sdaC_2,1.31297405,-0.12973,4.4926,1h_st,1h,st,3h_SI3,3h,SI3,4.622330000000001
0.4205819701749034,1.3748875721493325,0.9102474068441581,3.372084983978514,-0.7795544962086449,0.6996250818977974,0.6553622647010825,-0.08042489504041789,-1.4355341030271802,-0.08730272247701598,N900_RS07770,sdaA_1,-0.23991559999999998,-1.7701,3.6309,12h_SI9,12h,SI9,3h_SI2,3h,SI2,5.401
-0.10560869099357673,1.0560307669245408,1.079639931887705,1.4976740038392822,0.40579801248697583,0.4322654768341513,1.2846426597016602,-1.9867278789135019,-0.08763863836438346,-0.5323077854593932,N900_RS07775,queD,0.4059112,-1.0443,2.9556,6h_SI4,6h,SI4,6h_SI2,6h,SI2,3.9999000000000002
-0.11250196713237592,-0.6401583628292231,1.49002670061528,-1.5182295201207328,-1.6244613880555798,-2.548940533452023,-0.7376260274554767,-0.205686383450437,2.462467181197164,-0.9167619131050955,N900_RS07780,methyl-accepting chemotaxis protein_13,0.9406937333333333,-0.62339,4.1889,3h_SI1,3h,SI1,6h_SI4,6h,SI4,4.81229
0.14966088679070033,-1.5972465697934919,0.11886797710362768,1.730368785998691,0.7446651845448119,-0.97627366417946,1.1693992928097772,0.6496150369325122,-0.4198493897428487,2.258035063297557,N900_RS07790,thiD,0.7363055500000002,-0.91134,3.4851,6h_SI2,6h,SI2,6h_SI4,6h,SI4,4.39644
0.5480594182877416,1.5237788326198096,-2.043213725187796,-2.6629102775425677,0.18446255616670212,-0.7114670715252396,3.6745544757187094,-0.15995807589100336,0.8973454952045408,0.5037514143102451,N900_RS07795,VC_1295_BLAST,1.115486435,-0.40884,5.0928,3h_SI6,3h,SI6,6h_st,6h,st,5.50164
0.421414006693817,0.8725254810479538,-1.5852321384829986,-0.3498262673081829,2.679511874754006,0.22365327861493034,1.666149827318776,2.3299623598761516,-1.9497168197446775,-0.5777283565185917,N900_RS07800,N900_RS07800,0.39623748333333336,-1.1928,3.1142,3h_SI3,3h,SI3,6h_st,6h,st,4.307
0.18955772942543758,-2.5188626605981077,-1.3461174711569177,-0.23793704617462197,-1.2455934057411122,-1.6816047494876964,-2.6182176550679888,-0.05267450754001346,0.7885359330265973,0.745352464646722,N900_RS07805,aspC,-0.02344593333333333,-1.3936,2.7221,1h_co,1h,co,3h_SI3,3h,SI3,4.1157
1.5400019119779707,0.044694907793597916,0.7088956727009891,-0.6824839363638711,2.089008702072368,0.8314085619258526,1.2767237481258655,-0.41441982317926757,-1.8936911035657227,-1.1974835856323849,N900_RS07810,N900_RS07810,0.7776716116666668,-0.84111,3.7476,3h_SI3,3h,SI3,3h_SI2,3h,SI2,4.58871
1.49822729846092,-0.8231765944493028,-0.8356565865563814,1.7481593617687126,-0.8659862124119136,0.6255909810566772,0.17821065577011652,-0.48352817402769493,0.49395052654410565,0.6195535317681677,N900_RS07815,polC_1,0.2592381,-1.4404,3.6986,3h_SI7,3h,SI7,3h_SI3,3h,SI3,5.138999999999999
1.8960880199457915,-2.2095313932762575,-0.3335732299900911,1.0516904563288376,-0.3963135881641421,1.6297477546647063,-0.0042299661422028345,0.7337557965715558,1.3287497779427118,-0.04176560264412288,N900_RS07820,methyl-accepting chemotaxis protein_6,1.1976554216666666,-0.40374,3.9972,12h_st,12h,st,3h_SI3,3h,SI3,4.40094
-5.473027131324452,-1.6187678361845823,0.54061726737548,-0.4931982729508686,-0.5563399750677962,0.13579221971621336,0.718396880099145,0.0866985527190858,-0.4518916818706139,2.404417545254976,N900_RS07825,mdoG,-0.4006700966666667,-2.806,4.2332,24h_SI1,24h,SI1,6h_ce,6h,ce,7.0392
2.0717095117719273,-1.0034802881612015,-1.8312013270867986,0.04865815909325133,-0.6935774316163078,-0.5131868365112728,0.12033936697783754,0.5159545129882032,-0.7539639304591753,1.1444183288244205,N900_RS07830,mdoH,1.0436566333333335,-0.38321,4.4463,12h_st,12h,st,12h_SI1,12h,SI1,4.82951
2.0142479734654444,-2.2330016658383522,-1.0607351843560446,-0.48134446178894796,-1.2220096210390696,-0.40226816357820994,0.0007970844377628294,-0.9001191636022996,-0.03314687422097795,-0.0949549292233477,N900_RS07835,laci_1,1.2769471166666666,-0.34501,4.3803,1h_SI5,1h,SI5,6h_SI2,6h,SI2,4.72531
-2.2117353744351784,-1.4675013177839893,-0.10788388447120206,0.02693530068832506,1.8307937723849563,3.8740235682033606,0.7514232750971905,-0.5735611536647984,-0.5305288844568402,2.9411229543674358,N900_RS07840,chbG,0.42840743333333337,-0.98467,6.5211,6h_SI1,6h,SI1,6h_ce,6h,ce,7.50577
1.8241117751128355,-2.6830584723771147,-0.13497885587688033,0.8881033147944213,-0.8311872197676394,0.7169881985256172,0.7358941079577294,0.541380672614435,0.5659220058289595,0.1432347875721035,N900_RS07845,licH,1.2876851933333329,-0.11429,4.4205,6h_SI8,6h,SI8,3h_SI5,3h,SI5,4.534789999999999
-1.0463608457709208,-0.059647164112455964,-2.6095241616149774,-1.0611798954328717,-0.8253357325328301,0.7538144577142966,-0.3755252319385016,-0.26482575946598436,-0.35824839838756284,0.4505706082762735,N900_RS07850,chbA,0.9988693166666667,-0.069135,5.3257,1h_SI6,1h,SI6,12h_st,12h,st,5.3948350000000005
0.25675450497620567,2.2558630861112574,2.063386982902676,0.36065024990764494,-2.2138130746785523,-2.4030392183065774,-0.6840445199773146,-0.7241135341500595,-0.6312327580353659,-0.34189473986582686,N900_RS07855,licC,0.47576205000000005,-1.0301,4.1243,24h_SI2,24h,SI2,3h_st,3h,st,5.1544
-1.4037147044867881,-1.2426596122064786,-0.21003093442317344,-0.17905669784628886,-1.4233282481208198,-0.4947725847440001,-0.9271013718569159,0.08110385482383375,1.097382733815155,2.0266541765958443,N900_RS07860,ccmE_2,0.381503475,-1.5445,4.5501,6h_SI7,6h,SI7,3h_SI5,3h,SI5,6.0946
-2.1360896649685412,-0.45029333369706037,-0.7306804563684937,-2.3344569168335316,0.9342633657351643,-0.2436521318650413,-0.9141289248385549,-1.2291471912866243,-0.24014497617163444,-2.2479647329125703,N900_RS07865,cod,0.5750998033333334,-0.84279,4.2379,1h_SI9,1h,SI9,6h_SI2,6h,SI2,5.08069
1.566373923760632,2.0808904610013785,0.5533424894734714,-0.3291253611843401,0.8639702714898444,-0.953869636963181,-0.448445989937603,0.25949294399209605,-0.9610887692317057,1.04686150696673,N900_RS07870,VP1905_BLAST,0.6169574616666665,-0.62781,2.663,12h_SI7,12h,SI7,12h_st,12h,st,3.2908099999999996
-2.1415511474712807,-0.018785567401001846,-0.9381981374514115,-0.6124150450267261,1.0381299346529502,-0.11186352943062894,-0.9073830979559125,-1.3251244428656457,0.20201537509001766,-0.10795438445211991,N900_RS07875,sarZ_1,1.0538639,-0.5498,3.8071,1h_SI5,1h,SI5,3h_SI5,3h,SI5,4.3569
2.8758525955083423,-0.7038726107371516,-0.9450724831863296,0.8770161962688459,0.860508096585762,-0.11377879755430431,1.5094705641309059,-0.1324206379388539,1.0722687159237758,0.39621786910758017,N900_RS07880,DNA-binding response regulator_1,0.7648298166666668,-0.91705,3.3324,1h_st,1h,st,3h_SI2,3h,SI2,4.2494499999999995
0.28379918947686633,-1.7019248344907063,0.8348905329412497,1.6194813235701537,0.2955114131977467,-1.5693085946244474,1.6937513822980483,-0.31252196067733035,0.19421323641803862,-1.0024741356728797,N900_RS07885,nreB,0.34763375,-0.67085,3.5324,1h_SI4,1h,SI4,3h_SI2,3h,SI2,4.20325
2.769002446572448,0.9666278865368482,1.506854846197228,0.15036063083281093,-0.5960756858992173,-1.0310513910526122,-1.3167539207748091,0.26829389493850736,0.6203842745910619,0.7052459750091591,N900_RS07890,dctM_2,0.578338605,-0.85087,3.569,6h_SI7,6h,SI7,3h_SI3,3h,SI3,4.4198699999999995
-0.6788243810936145,0.3234618409226397,0.31422574851597085,1.3902669090801383,0.23149411643008094,0.8046002823352972,1.5178676313137993,-0.19516448949642662,1.0686091539564646,0.7308821483495387,N900_RS07900,ABC transporter substrate-binding protein_3,0.4713469166666666,-1.2679,3.6544,6h_SI3,6h,SI3,3h_SI3,3h,SI3,4.9223
2.3590902462749845,-0.6794479080776843,0.6699687417671975,0.2597870556672137,1.0658518989739572,0.7439346518835308,0.613432399203339,0.6315170933966291,1.5088270026599706,0.2758960003696964,N900_RS07905,N900_RS07905,1.4109102999999998,-0.44161,5.0693,1h_SI9,1h,SI9,3h_SI1,3h,SI1,5.51091
2.114799396110687,-1.2535137708162492,-0.026420447680776803,0.6060548460150943,0.2728126428306328,0.17920185909696595,1.821010464866979,1.0389456048559353,-0.8242156085119,1.5422797953787473,N900_RS07910,N900_RS07910,1.250454533333333,-0.39349,4.278,1h_SI7,1h,SI7,3h_SI2,3h,SI2,4.6714899999999995
-4.550516371212083,-0.7959971887595765,0.9273039607996678,-0.6760246735160393,0.5847183228795721,0.8077384645942765,0.4118143117183691,-0.19845622294048643,-0.11253211541479657,0.3927136057913261,N900_RS07915,gloC,0.15950206,-2.1452,2.6433,1h_SI9,1h,SI9,6h_SI5,6h,SI5,4.7885
-4.057972192547619,0.7549103182796536,0.07497814494390656,0.5014378219267521,0.5676611415606458,0.2893409008802428,0.44579762356096136,0.029268517655468312,-0.9700187074789829,2.342855601272082,N900_RS07920,"Peptidoglycan L,D-endopeptidase MepK_BLAST",-0.8491850666666667,-3.4032,2.4546,6h_SI8,6h,SI8,3h_SI8,3h,SI8,5.8578
-1.5739497815496668,-0.009450455648174594,1.1480432605779565,1.4143093592816993,-1.7443394636467358,-0.03529888644513135,2.6340632987564145,-1.2434974269802377,2.3762166867391024,-1.1110992230365802,N900_RS07925,ycbB,0.49579451666666674,-1.0471,3.9059,12h_SI2,12h,SI2,3h_SI2,3h,SI2,4.952999999999999
1.778501948550577,-0.6205984936538188,0.9954788482186007,0.8613160353763378,-1.3497585464296897,0.3334376934732419,0.589843690935127,0.071566466745211,-1.363432002519993,-0.6853678572142723,N900_RS07930,N900_RS07930,0.7327269333333334,-0.7231,3.9735,6h_st,6h,st,3h_SI5,3h,SI5,4.6966
1.7636506203765814,-0.2537098943503996,-0.24233635632162964,-0.8662501664550948,-2.051184515734779,-2.385171989259247,-0.64176941960214,1.8457687328666315,-0.4233162633833695,0.9110408795789307,N900_RS07935,iron-regulated protein A,0.7166446316666667,-0.71719,3.298,3h_SI1,3h,SI1,3h_SI4,3h,SI4,4.0151900000000005
1.3197381403956845,0.988492258421851,-0.092351120086652,-0.7524667421669851,-0.6915865154017944,-2.0363308706153536,-0.9552492642532766,1.0643469870301823,-1.1123348884567212,1.2328590881714645,N900_RS07940,c-type cytochrome,1.2955336666666668,-0.37222,5.0784,1h_SI8,1h,SI8,12h_SI1,12h,SI1,5.450620000000001
1.5213321390205747,-0.40736930410909933,-0.6919361946512704,1.0459466675418798,0.4603062259550907,0.7402647645747136,0.44107122447689284,0.620374730049223,0.6391259249286235,1.2127415721064254,N900_RS07945,peptidase_2,0.9119383116666667,-0.48316,3.3304,3h_st,3h,st,3h_SI1,3h,SI1,3.81356
2.24864279410672,2.555663937493355,-0.4828478023499178,-2.2628975688836257,0.2673993841084374,1.1865551483886372,0.7967504400821773,0.585276186776991,0.4700725343532252,-1.5126151089525155,N900_RS07950,ribA,1.9820138333333335,-0.52413,4.5176,1h_SI5,1h,SI5,24h_SI2,24h,SI2,5.041729999999999
-0.19330693483126504,0.37774302420095274,2.9064105972492813,-0.8735375306049413,-0.8437883509886326,1.1448023982960256,-2.6112545677456884,-0.3599854465975498,1.6877557347467418,-0.4618657806897988,N900_RS07955,N900_RS07955,1.1621305333333334,-0.45338,5.6762,6h_SI4,6h,SI4,3h_st,3h,st,6.12958
0.35317223261424013,0.8070973928425174,-3.2679919220996836,-0.90082893234487,0.2183342423642011,-1.2549793906062252,0.6848384300490911,-0.7857312981794122,-0.9177424516173011,1.8810336957209748,N900_RS07960,setA,1.0041554,-0.9206,4.313,24h_st,24h,st,6h_st,6h,st,5.2336
0.5554046393054728,-1.066904015608068,0.7702069153695367,2.800760595915172,0.4265060514049561,1.4880633639607888,1.9641587120265718,0.39808751124893305,-1.04397153043689,-0.42408834393556505,N900_RS07965,arac,0.4461010766666667,-0.77739,4.0377,24h_st,24h,st,3h_SI1,3h,SI1,4.81509
-0.02934163675777146,-2.7060295199472533,0.45605007979357626,1.6863283119647834,0.21290312701454528,0.1350969277477586,0.8817701244920382,-1.1750482192670184,-1.2956821626021529,0.5152735848669814,N900_RS07970,rhodanese-related sulfurtransferase,0.9706993500000001,-1.319,4.2987,6h_SI1,6h,SI1,6h_SI2,6h,SI2,5.6177
-0.17462230270727597,1.2507383791429536,0.16077563430272943,2.166752263078248,-0.14081573981680365,1.5128000899623677,2.456652886665955,-1.546119919429014,0.7776028174321797,-0.47249628640492547,N900_RS07995,(Fe-S)-binding protein,-0.08261983333333332,-2.9296,5.2445,12h_SI8,12h,SI8,3h_SI2,3h,SI2,8.174100000000001
1.2906562548299414,0.3775476034349486,-0.3882401892740457,1.1371165982136717,1.4246244945747728,-2.7217422998309395,-0.2073960601621666,1.0381148366715423,-0.41282988048865366,1.192146042797649,N900_RS08005,pncC_1,0.5603832333333333,-0.78795,3.7591,12h_st,12h,st,3h_SI5,3h,SI5,4.5470500000000005
-1.8838424816062649,-2.705745750074668,-1.1741476753019306,-0.32052458265304873,0.915778923287331,-1.8066005464571888,-2.7588846881467406,-0.8258187978953764,-1.2522385834224892,-0.6811208442604789,N900_RS08010,N900_RS08010,0.7961138433333333,-0.72745,3.6007,24h_st,24h,st,3h_SI5,3h,SI5,4.32815
1.2348940708979104,0.1356592548325084,1.3814537951205703,0.11804175933926331,-2.7861517920523027,-1.732626600155526,-1.0088445657917349,-1.089525788182896,-0.5375130646350933,-0.2551374481578511,N900_RS08015,glycine cleavage system protein R,0.7186213133333333,-0.39997,3.6933,12h_SI6,12h,SI6,6h_SI1,6h,SI1,4.0932699999999995
0.6908231062700536,-1.9787355751223883,-1.168988737875418,0.7319970611975366,-1.7844759922608193,-1.9102262863748853,-0.19398391257168968,0.05419767523803523,0.29909998127864174,-1.1924274013201739,N900_RS08020,mcpP_1,0.5777437683333333,-0.81876,3.764,12h_st,12h,st,12h_SI4,12h,SI4,4.5827599999999995
1.2175577636455168,-2.1654751629249764,-0.6908282655370122,0.031914711740267165,0.2479248531199845,1.1665424802210558,0.5618383464704281,-2.4200649443392637,1.516707173354237,-0.22004379729190782,N900_RS08025,N900_RS08025,1.226556795,-0.094683,3.9013,1h_st,1h,st,6h_SI2,6h,SI2,3.995983
1.3516457210059603,-1.1392653148700649,-2.587134984318931,-0.9444657646974398,-1.6173625448891256,-0.686588689951759,-1.992919981146333,0.8022415823164073,1.3049350710250627,-0.5039440464928753,N900_RS08035,btuD,1.4050578166666667,-0.7945,4.8771,1h_SI8,1h,SI8,3h_SI3,3h,SI3,5.671600000000001
1.8661635868613562,1.5766726399546964,2.235882819888621,0.904084961213381,-1.385679251974234,-0.4768385765709324,0.35581118852279603,-0.2886317239247705,-0.8486407426872332,0.9815998534883432,N900_RS08040,btuC,0.7169738681666668,-0.368,3.9508,12h_SI6,12h,SI6,3h_st,3h,st,4.3188
2.5443127878180922,-1.7453012376654748,-0.7966886293830301,0.9156951189099516,-0.3419037303457808,0.3460354270236602,-0.5807121481546345,0.0986321578745297,-0.07124063065715747,-1.4269798075669535,N900_RS08045,astE,0.8444706985,-0.73355,3.8073,3h_co,3h,co,6h_SI4,6h,SI4,4.54085
0.21964585138991,-1.7846127581115723,-1.920321242341455,-0.9805024992274408,-2.404051977263524,0.634078956474569,-0.9587649224344277,2.712020215561634,-0.41251152652728795,-0.2734423796812858,N900_RS08050,alpha-ribazole-5'-phosphate phosphatase,1.0708913000000002,-0.52668,4.2858,1h_SI9,1h,SI9,12h_SI1,12h,SI1,4.81248
0.5639736171783176,-0.7268350457004984,1.04359081669184,0.43848663429442514,-2.5222931465541634,-2.324221685810795,-0.5624809696840751,-1.6101757091615863,-0.5251943607370958,-0.6253059093075592,N900_RS08055,cobU,0.5905539833333333,-1.0332,3.4685,3h_SI1,3h,SI1,3h_SI2,3h,SI2,4.5017
-0.7384895827895921,-1.1244137631153874,-1.0471001068560815,0.7013788449984188,-1.1515505328426943,3.0799659614172445,-1.0066065329764387,0.7420723497186019,0.4640131167462238,1.917715934437392,N900_RS08060,cobS_1,0.4071855666666667,-1.3873,3.0367,6h_SI2,6h,SI2,12h_SI1,12h,SI1,4.424
1.1321482278774813,-0.08549541102271763,0.33099960159727415,0.8576479702948139,1.6019523306533103,0.6479666741978363,1.128139773353712,1.4524636698303663,-1.4014820355415405,-3.390636939099654,N900_RS08065,cobT,0.3133879616666667,-1.3549,3.0054,6h_SI3,6h,SI3,3h_SI2,3h,SI2,4.3603
0.7860706653082321,1.5620723705930712,2.4882360521976863,-0.04314775329871212,0.26206072342067127,2.7635824613886943,0.7602730050536455,-3.0789051246166954,-1.381563069332758,-1.0600698213034698,N900_RS08070,msrB_1,0.8287195166666668,-0.70542,4.5732,6h_SI4,6h,SI4,3h_st,3h,st,5.27862
2.4094854114384097,-0.34534326209546995,2.042426794081896,-1.2915749507464687,-2.0189939521842266,-0.04097130623245537,-1.1082087759426558,-1.8178931700388505,0.11386005119977138,-0.08721530215443696,N900_RS08075,L-cystine transporter,0.9592798333333333,-0.81472,4.9757,1h_SI6,1h,SI6,3h_st,3h,st,5.79042
2.0769906249623187,0.997217457642171,2.310125695581524,-1.1965428739261783,-0.2500541639738846,-0.39594468769815006,0.39369546050828497,1.08767639497809,0.42668810339920304,1.6584193362559978,N900_RS08080,sbcB,0.12967521666666665,-1.9636,3.7547,3h_ce,3h,ce,3h_st,3h,st,5.7183
-4.181302791411058,-1.1694813858285509,-0.45242432883891703,-0.2510148207227112,0.534244237958125,0.271991433297592,-0.8904909412457671,0.447883631073843,-1.8740763863958372,-0.2436782241756963,N900_RS08085,VC0395_A0854_BLAST,0.023085983333333317,-2.2165,4.4172,6h_SI5,6h,SI5,1h_SI1,1h,SI1,6.6337
2.017713466353502,-0.19220161976791095,-0.5323510530519806,0.0868603381127675,0.8221224089840443,0.9404910653972052,2.009133424582055,1.8329921655383312,-0.5754923219511984,0.6544730520542341,N900_RS08090,yohK_2,1.3397971666666668,-0.4488,4.5205,6h_SI3,6h,SI3,12h_SI1,12h,SI1,4.9693000000000005
-2.51444056488994,-0.37522574146756993,-1.3342365916628158,-1.5809811800896174,0.13173636942789235,0.10587176892009009,-1.0809295608048468,-2.836162897888565,-0.3848739145137974,-1.2490682531540362,N900_RS08095,cdd,0.92044975,-0.98501,5.4696,3h_SI9,3h,SI9,6h_SI2,6h,SI2,6.45461
-0.8999276601644595,0.635526276419317,-1.6694333149822824,1.5802869779903572,-1.3167497214517985,0.4747017180755215,-1.4616169063552673,1.6568498056791405,1.1720572370116722,0.9057875325292337,N900_RS08100,AEC family transporter_1,0.5312292766666669,-0.80901,4.4799,6h_SI4,6h,SI4,1h_SI1,1h,SI1,5.28891
2.7034814281743023,0.9461526117551263,1.5436861064126952,0.011128676742131693,-1.281098489393838,0.6125848091530399,-0.3942678127311525,-0.362890930262803,0.05240297976932007,-0.8417056718918844,N900_RS08105,purT,1.2393204,-0.25998,4.5228,1h_SI5,1h,SI5,12h_st,12h,st,4.78278
-0.6472796982356996,1.9278607879691123,0.649616684732726,-1.9056787046441916,0.4392513658393743,0.08767151142297536,1.0613491374234418,0.9451306387665497,0.9257193595614259,-1.5259815335072457,N900_RS08110,N900_RS08110,0.3066408166666667,-2.7477,4.1089,6h_SI7,6h,SI7,3h_SI5,3h,SI5,6.8566
1.6729921312842135,1.7923109813227263,0.8723729267795102,-0.2658574609186448,0.4344118626654219,-0.9356799698802909,0.5677713536457236,-0.34674747480763385,-1.3860669166166457,0.9553073582446869,N900_RS08115,tpm,0.9527164016666666,-0.3915,4.1309,6h_ce,6h,ce,1h_ce,1h,ce,4.522399999999999
-0.03806654359106387,-2.111852344405192,-1.242247657416487,-0.9415102601129578,-0.32885773775025673,-1.1404558607241126,-2.3133048649087575,0.605719098705951,0.043209106807694964,0.10246210443880976,N900_RS08120,relV,1.2156765500000002,-0.6273,5.0132,3h_SI2,3h,SI2,6h_ce,6h,ce,5.6405
-4.885106143147118,-0.09059599676367847,0.7717802319860316,-1.1456852559991297,1.716582023399916,-1.6413331247523915,-0.3239672881542217,0.7241864508522473,1.1343555898812738,-1.6452880980347029,N900_RS08125,N900_RS08125,-0.5578300700000001,-1.9154,2.7612,12h_SI7,12h,SI7,3h_SI5,3h,SI5,4.6766000000000005
1.761785791287096,3.628730796495397,0.34931436348272343,0.15493180952263952,0.48657488385182546,-0.6587432673216409,-0.0017627831047754006,0.49651989606628855,0.12620294963623624,-0.039291522828587055,N900_RS08130,ihfA,-0.9957416666666667,-3.1868,1.0413,6h_SI9,6h,SI9,12h_SI2,12h,SI2,4.2280999999999995
1.6717679448680816,0.4895943397256943,-1.98281398246391,0.029553704326143126,2.937363170635212,-0.22410040550847898,1.1943085219541545,-1.0503237485475683,-0.9731819052486815,0.1733715700380286,N900_RS08145,GNAT family N-acetyltransferase_3,0.8532645333333334,-0.88556,3.9044,1h_SI8,1h,SI8,6h_st,6h,st,4.78996
-1.6464913842027362,3.3542139606160766,4.7729791519969496,-3.814838587554003,-1.7474075914880127,1.181304914989401,-2.10712163803968,-1.6735202408793837,-1.3350867375355673,0.07529202863461815,N900_RS08150,N900_RS08150,0.005595575500000001,0.00033236,0.16587,12h_SI2,12h,SI2,3h_st,3h,st,0.16553763999999999
2.915920152145193,3.3136816405144334,0.6053325898564758,-0.7846966697477273,0.5529724879950848,-0.5520299632837808,0.23725529243850518,0.792293989658972,0.7174215569625937,-0.9762623700371169,N900_RS08175,pgsA,1.9096746333333336,0.093918,4.139,12h_ce,12h,ce,12h_st,12h,st,4.045082
1.7548684472730294,-1.5209920813745346,0.1636259138736392,-0.21659651392844248,1.7784495608706032,0.3370528081832107,-1.3130824373132106,1.3407068042069095,2.409289628424697,0.463459514898495,N900_RS08180,uvrC,0.7368369233333334,-0.76786,3.7973,12h_co,12h,co,3h_SI1,3h,SI1,4.56516
-1.474331490404255,3.117706686642649,0.8160935419474472,0.9792726334078523,0.5156979921800329,-1.2427542734677157,-0.05535412365225212,0.20872218647261248,0.429805766478898,-0.042575807503650864,N900_RS08185,uvrY,-2.0337761666666667,-4.3419,0.92733,12h_co,12h,co,1h_ce,1h,ce,5.26923
0.33748001069043765,0.7126428777351371,0.3990697728824735,-2.307955282791088,-0.774989253094221,-0.3663654538412455,-2.1323535211185254,-2.883557919745276,0.29901522254030916,-0.09238029877727194,N900_RS08190,polB,0.7779145800000001,-1.2555,4.4792,6h_co,6h,co,6h_SI1,6h,SI1,5.7347
1.7140719463983656,0.28495506176063495,0.5350153420086029,-1.33701292066168,-3.3359873094657044,0.03208140676736859,0.5251573957683515,-1.7558705671572972,-0.6149289055862851,0.6762607830218141,N900_RS08195,N900_RS08195,1.2475586333333335,0.081734,5.0147,1h_SI8,1h,SI8,12h_SI1,12h,SI1,4.932966
0.9652183726814725,-2.158308598639799,-0.35730590282800706,0.4604921848866508,2.5976879006254245,0.9404725763377212,-2.5813259875195618,0.4382828770432239,-1.108380234262674,-0.5517207331611762,N900_RS08200,nucleotidyltransferase,0.9407429166666668,-0.26924,4.3861,3h_SI3,3h,SI3,6h_SI1,6h,SI1,4.65534
-0.05469450526981001,0.03346874952273682,1.0547773226817132,-0.16485841548154156,-1.241820963859459,-2.3729836845205456,1.1554110773414894,0.621953738594671,-0.02906413659736118,-1.4926772178108823,N900_RS08205,yeiP,1.0932602333333332,-0.57685,4.7675,12h_SI4,12h,SI4,1h_st,1h,st,5.34435
1.9469723676882777,1.921654058711443,1.5976276999009211,-0.7386675435047685,0.4593572033276527,0.44296162388081456,-1.919228102338933,0.15128805902759979,0.3566225071592322,2.3346180931708513,N900_RS08210,VC0395_A0828_BLAST,0.6092177545,-1.2521,5.1297,3h_SI7,3h,SI7,3h_st,3h,st,6.3818
-1.856767388893745,1.5387901965811106,-0.9098469081038484,0.8137499437450222,2.094056957472455,-0.040839313934275756,0.16281747659782392,1.3087464151631165,2.1990858009802166,1.3178278086142663,N900_RS08215,N900_RS08215,0.23704948166666656,-1.4109,4.1066,12h_SI1,12h,SI1,6h_SI1,6h,SI1,5.5175
1.3191554270997736,0.9667371574913499,-3.104005012445983,-1.2446912336122955,-0.9454400392880475,-0.06479195097448431,-2.1850457239225944,-1.9849228831618724,2.2429842549619594,-0.8906917470830343,N900_RS08220,hutC,0.8880298333333333,-1.3759,5.3486,12h_SI8,12h,SI8,6h_SI3,6h,SI3,6.7245
-3.6105212578784043,1.2003013629047574,0.8204182970208947,-0.05325439776334062,-0.751118405449841,-0.27602096092760564,-2.721633859719214,0.4983502425797919,-2.6356476818045347,-1.9255606927075906,N900_RS08225,hutI,0.012860981666666655,-1.2371,2.366,6h_SI3,6h,SI3,6h_SI2,6h,SI2,3.6031000000000004
0.8643528203594859,-3.6374167754123925,-0.18908250186618702,0.8671599794678877,-0.39757594230963755,-0.5913211058270189,1.180427799333144,-1.2376632039668012,-1.5071646356108408,-0.16825431814024872,N900_RS08230,hutG,0.64989609,-0.8809,3.5459,6h_st,6h,st,3h_SI2,3h,SI2,4.4268
-2.570474508187212,0.9935867546153179,-0.99191184577581,-2.2821060805274884,2.8130189892429764,-2.589167355144123,-0.6560152052771391,-0.8217582037461155,0.6280471320763004,0.1043254036444724,N900_RS08235,hutU,0.10112349999999998,-1.2477,3.2081,3h_SI3,3h,SI3,1h_SI1,1h,SI1,4.4558
2.6440718317876044,1.3380124521820993,-0.004929815955986357,-0.4039558888058694,-0.24860743895646112,-0.33507128378058004,0.7019099672704776,2.029416821520648,0.9182974995348204,-0.7694755951303396,N900_RS08240,hutH,1.3871163833333333,-0.67711,5.8738,1h_ce,1h,ce,3h_SI4,3h,SI4,6.55091
0.3156603504223261,0.1713546326267569,0.15697607580419257,-0.08319174687515707,-0.7399575778078238,-2.6541081169974348,1.177646557780908,-0.27714258868384284,-0.10318286038814306,-1.5501257585173334,N900_RS08245,N900_RS08245,0.6419036783333332,-0.66524,4.5196,3h_SI1,3h,SI1,1h_st,1h,st,5.1848399999999994
1.0776872505816595,1.8847941715673893,-1.8441681418462694,0.9579489034283948,1.0431032053558686,-1.8003991578052383,0.8601205519588505,0.25273349108784643,0.4693868816900944,1.978002349282258,N900_RS08250,vesB,0.4382439166666666,-1.0366,4.159,3h_st,3h,st,6h_st,6h,st,5.1956
1.9645111939568238,-0.6115117603698766,-1.2816604344857858,0.3063235886628637,0.3293089517964572,-1.2996023552484357,2.1833609123906106,-0.8862581872907089,1.2834270909728178,0.00434236924052811,N900_RS08255,N900_RS08255,0.8918825349999999,-0.51569,3.7589,6h_ce,6h,ce,3h_SI2,3h,SI2,4.27459
2.9116001778451626,-1.6513596924883627,0.008659447995358067,-0.248647337973523,0.5023587007128187,-0.5795050178164627,1.5116264576897822,1.468745369799825,0.12547047546572837,1.5486936211877607,N900_RS08260,ydiJ_BLAST,1.0087345483333334,-0.57066,3.5887,1h_SI2,1h,SI2,3h_SI5,3h,SI5,4.1593599999999995
0.3593761749925499,-2.7748472700351763,0.44821591403519356,0.5291518737455303,1.7659225820223174,0.8062140063729399,1.1734843129985462,-2.561980486725344,-1.1147143649033202,-0.6071324784124875,N900_RS08265,N900_RS08265,0.7398509833333335,-0.71186,3.5893,1h_co,1h,co,3h_SI5,3h,SI5,4.30116
2.714229380078896,-3.308010838523496,0.4497644457555524,-0.7156446411386796,-0.25530000586396945,0.4361220988359309,1.0320779159403055,-0.20166210545111085,-0.4874857298483609,-0.661626220073329,N900_RS08270,N900_RS08270,0.9932927833333333,-1.4364,4.3582,1h_SI5,1h,SI5,3h_SI2,3h,SI2,5.7946
-0.5368892586366201,-1.468900881295379,-2.6677339150790904,-1.6803389784247733,0.4069306709282764,2.5765118666006455,-1.7772576636508115,-0.4369279611723815,-0.19700702734965803,-1.5465741255049483,N900_RS08275,yiaD,0.9983787883333334,-0.57913,4.8011,3h_SI2,3h,SI2,6h_SI1,6h,SI1,5.38023
-1.9251142108414925,1.6668526076465815,-1.1425772212958423,0.26253889656574403,-0.9434751155788403,0.8762305661342643,2.878091217210555,-0.5157582113718715,-1.3135035319619335,-0.8543190253241424,N900_RS08280,molecular chaperone DnaJ,-0.8678183333333335,-2.7877,2.6396,6h_SI6,6h,SI6,3h_SI2,3h,SI2,5.427300000000001
1.9971418384332225,-2.206059324700928,-0.10126666601841533,1.3725610965998047,-0.6836848586736456,1.1768505465630366,-0.1363906987084057,1.015014853056202,0.1492516164221167,0.416949399662478,N900_RS08285,N900_RS08285,1.1318526666666666,-0.41803,5.0817,3h_SI6,3h,SI6,12h_SI1,12h,SI1,5.49973
-1.1934330685790768,-1.5129144555746061,-0.3549127656969242,1.967137120071114,0.5667137364680463,-0.8136600180925888,0.31267827278986127,-3.2256596349764792,0.3094419429733709,1.1212179085100291,N900_RS08290,N900_RS08290,0.12254079999999999,-0.99094,3.1197,3h_SI4,3h,SI4,6h_SI2,6h,SI2,4.11064
0.07111467975484098,3.7845483395913706,-0.08080695689425421,0.7773801207634907,0.6415996287026206,-0.8027400386528836,-0.22207356679452395,0.3363137959440223,0.26450489421266493,-0.47535880657884283,N900_RS08295,purC,-1.0655877166666667,-3.5147,4.0098,12h_SI7,12h,SI7,1h_ce,1h,ce,7.5245
0.20930640125408617,-1.1820588455250196,-1.3756224337787673,-2.8020544693212845,-0.9518401284227914,1.576765132308291,0.4238504602974877,3.8789470940138924,-2.164576822056011,-2.5068497377693277,N900_RS08300,N900_RS08300,0.9797685949999999,-1.0699,4.6016,1h_co,1h,co,3h_SI4,3h,SI4,5.6715
0.03565494972376104,1.4136348954218376,-1.237484612126589,-0.015224866885043209,-1.5097337000573143,-1.4663794601816384,-1.5095093451096615,1.4783538615520584,-0.5627430013289448,-0.19128541226592155,N900_RS08305,maeA,-0.4048924666666667,-1.9675,4.2564,24h_SI4,24h,SI4,12h_SI1,12h,SI1,6.2239
-4.286318862345673,1.6079881993721097,-0.8068918449897602,0.5860521981327413,-0.2560577202048612,0.8004272112709094,-1.5617194464090074,0.044016516705961906,-1.7648750314832733,-0.3622257641034962,N900_RS08310,N900_RS08310,-0.6930444166666666,-2.1072,3.3199,6h_SI8,6h,SI8,1h_SI1,1h,SI1,5.4271
2.2098834848787243,-1.1209514883060627,0.5911351605714864,-0.017987669565529885,0.7967743196303599,0.5695609057807485,1.4218528745227448,1.98944610327134,2.7760440365192895,1.0603239398363313,N900_RS08315,vancomycin high temperature exclusion protein,0.7663898999999998,-0.81014,4.2345,3h_SI9,3h,SI9,3h_SI1,3h,SI1,5.044639999999999
-0.6489309776051155,2.2441126747789877,-2.018480064129777,1.5662508854832744,-1.029502038383451,-0.11636284994586155,0.4543140773257246,-2.0178715615669396,0.5679796938763667,-1.6561102338092066,N900_RS08320,Pseudogene_N900_RS08320,-0.11642185,-2.8364,4.1509,3h_SI6,3h,SI6,1h_SI1,1h,SI1,6.987299999999999
-0.22717454558884853,2.2330441494841042,1.1332126516675318,-2.281165067242041,-0.2219454086040337,-0.060134742960095466,-1.102288170913593,-2.789118149770905,-1.40943618518153,-1.5340043720185532,N900_RS08325,sufS_2,0.9886626833333333,-0.43461,5.3232,1h_SI8,1h,SI8,3h_st,3h,st,5.75781
1.562726566788962,0.07079893316173791,-0.02491716457211745,1.989305701974442,0.2835163140052862,-0.3953735437281112,-0.060343534262186416,0.2918457966134655,0.18172024179262025,-0.837831270390183,N900_RS08330,agglutination protein,0.6307771166666666,-1.5471,3.9207,6h_co,6h,co,1h_SI1,1h,SI1,5.4678
0.3351235079399304,-0.27522264600174173,-1.7354289674383345,-2.458880824381395,1.5048637581713684,-0.7275182528002269,-2.225489196614319,-0.8112084725023372,0.3656566357923223,-2.9253812873244724,N900_RS08335,trxB,0.059201285000000006,-2.3284,3.0184,3h_SI6,3h,SI6,6h_SI2,6h,SI2,5.3468
-0.7590103817579297,0.3045959953609999,-1.5541007254173915,-0.48576750165553784,-0.38636028481710777,1.1046316797959357,0.0052311014669180755,0.10239586078910404,-1.5622644429996622,0.9393857703302759,N900_RS08350,rluB,-0.24933823166666666,-1.9076,2.8938,1h_SI5,1h,SI5,1h_ce,1h,ce,4.8014
-1.0358290094852092,-0.4128744053254667,-0.08241383684189962,2.000678987342651,0.634510275662568,0.8042497418052568,-1.5240251964471863,0.9471719776382965,0.9359959784585106,-0.26125268751951225,N900_RS08355,yciO,1.092501158333333,-0.34357,5.071,6h_SI4,6h,SI4,1h_SI1,1h,SI1,5.414569999999999
0.6225204507663404,0.9219918685211018,-0.8094982863983474,0.6143709199886733,-0.5166108614771608,-0.5234359419738372,0.6342135942351141,-3.2715192792078933,0.2274580443005076,1.064031665879028,N900_RS08360,yciV,0.5423122833333331,-0.77398,4.008,3h_SI4,3h,SI4,6h_SI3,6h,SI3,4.78198
-4.000237971030594,-1.3002670776224652,-0.8695996950345627,0.6732782274085829,0.3202670432828635,-0.3988021175022822,-1.6635044532335372,-0.7093347320248766,-1.9490086562717277,0.11545825873964988,N900_RS08365,N900_RS08365,-0.05110904,-1.5609,3.9462,6h_SI1,6h,SI1,1h_SI1,1h,SI1,5.5071
0.24971402935906672,1.373987314270109,-2.3474255727626177,-0.11102137055186434,0.09266228764460134,-1.0201649770745986,1.7460117708355765,-0.9035945738401272,1.6159788419049534,0.8908014265958304,N900_RS08370,trpE,0.25509840666666667,-1.3532,2.9777,12h_SI1,12h,SI1,6h_SI3,6h,SI3,4.3309
1.0987017570729094,0.03357062733138616,0.03157178599455067,1.358918739977132,1.0059506267704894,-1.0662863017811945,0.2020317893084661,0.6163554508719707,0.9644706181903211,0.45489339273113494,N900_RS08375,trpG_2,0.31859641666666677,-1.1211,3.2824,3h_co,3h,co,3h_SI5,3h,SI5,4.4035
3.1977528404299314,0.08680001896837927,1.7302121817582043,-2.412139635787151,-0.4428683792066285,-1.404721779323686,0.4937406169153163,0.6763599312530325,0.23374036775284113,-0.538195733533955,N900_RS08380,trpD,1.642995016666667,-0.75924,4.9603,1h_SI7,1h,SI7,3h_st,3h,st,5.71954
0.6610459356126466,0.8606499259202226,2.0855049492120186,2.5047292750674055,-0.6896896337754956,2.1504419636812777,0.390747643494061,1.3745935766307427,2.0984827051107824,-0.8984163545828415,N900_RS08385,trpCF,0.46154173333333337,-1.0333,4.3453,3h_SI9,3h,SI9,3h_SI1,3h,SI1,5.3786000000000005
-0.0009411709276547775,-1.8670123814867559,1.4408179547980082,1.691341101331906,-1.302716133211184,1.3373313535807068,2.4843301131064903,2.7963317896131956,-0.4528400701409564,-0.03428270657111321,N900_RS08390,trpB,1.0133360166666665,-0.67254,3.7182,6h_SI1,6h,SI1,3h_SI5,3h,SI5,4.39074
1.4050549117314635,-0.15422565311489533,-0.14560893902479338,0.026984753818522833,2.7144995125549243,1.0378276977865504,1.1276252800395827,0.38221244468517324,-0.5146826208240397,1.5814780148073064,N900_RS08395,trpA,1.05240295,-0.39372,4.541,12h_st,12h,st,3h_SI1,3h,SI1,4.93472
0.8331964400744285,-0.4926546514867376,-1.3151826316454656,1.1881943009086418,-0.06619265709367325,1.2044989412947442,-0.2837985398998074,-2.570220358687165,0.672734936796087,0.7040557119264941,N900_RS08400,dicarboxylate/amino acid:cation symporter,0.8385874833333332,-0.47013,4.1371,6h_st,6h,st,6h_SI3,6h,SI3,4.60723
-1.0878959331100342,1.3511178910429955,-0.09598267972417199,0.39617763275954854,0.27542569044053,0.030410606516064198,-0.327890403136495,0.9851380730702166,-0.12747654345127757,2.1357395387997675,N900_RS08405,tdk,0.24745970166666667,-1.4536,3.1849,6h_SI1,6h,SI1,6h_st,6h,st,4.6385
1.3346074656443196,-0.04508000031583964,-1.2512671276871226,0.16458007062437296,1.8988465219182593,0.14437335726645062,1.1283279076047141,0.3396698564966881,0.02804110986620889,1.6550169253807827,N900_RS08415,UPF0759 protein YecE_BLAST,0.8086361965000002,-0.65873,3.31,3h_st,3h,st,12h_SI2,12h,SI2,3.96873
1.8724367853698665,1.5340595361800018,1.1787833570702844,1.441609726859693,-0.2465977777155788,0.052986910391890185,-0.5091084692439838,0.00533813999215188,-0.676034822953211,-0.2726457171020359,N900_RS08420,cmoA,0.31891053333333325,-1.7111,3.0389,12h_SI7,12h,SI7,3h_SI1,3h,SI1,4.75
1.6100484595853084,0.14888354513671717,1.2833519754476899,0.14211845832144343,-0.8113879882884146,-0.8222617175264479,-1.3016658646359494,0.05708364271290428,0.08047851941229028,-0.5068306220550223,N900_RS08425,cmoB,0.7933500966666666,-0.32086,3.5199,24h_st,24h,st,3h_SI4,3h,SI4,3.84076
0.950891904946845,2.986477367411907,-1.7022286016418995,1.0093418165730341,1.2999108378235609,0.8066106567060166,0.8962924473402665,-0.7981488571846089,0.554997343781433,1.367718418451452,N900_RS08430,ATP-dependent Zn protease,0.0415046,-2.5977,3.986,6h_SI5,6h,SI5,6h_st,6h,st,6.5837
-2.8564013819536633,0.8436505903027717,-0.23358861464285008,2.6528443984895302,2.605160124684088,0.9269553294054281,-1.885934514234134,-1.461550978192598,0.3321109455761958,0.35543780430791694,N900_RS08435,gonadoliberin III,-0.3288796,-1.9545,3.6517,24h_SI5,24h,SI5,1h_SI1,1h,SI1,5.606199999999999
-1.3453693833776723,2.751523440707195,-1.5553561827507791,2.2101724307176083,-0.09246942866899763,1.711642429349932,0.23694307427209998,-2.1311834759371586,0.6703481212471969,0.5741945356627718,N900_RS08440,alpha-L-glutamate ligase-like protein,-0.11738144999999997,-3.7,4.3574,6h_SI6,6h,SI6,6h_SI3,6h,SI3,8.057400000000001
-0.6230098812781693,-0.21941273334329636,3.048288600574758,1.4003507897045644,-1.997556239778178,1.3927024898837495,-0.6688363528303949,1.1862617577749863,-0.9128132609677581,0.2768557368813218,N900_RS08450,N900_RS08450,0.5241945116666666,-1.4596,3.6065,6h_SI1,6h,SI1,3h_SI3,3h,SI3,5.0661000000000005
1.2065823865277903,-0.4790593137941157,1.6947928097818767,0.968831517886807,-1.4558896673231523,0.151844068081729,-1.3084565451119556,-0.17707841871329,-1.0733514527512305,1.0327332864644558,N900_RS08455,sasA_5,0.7129816333333333,-0.75991,3.6754,12h_SI6,12h,SI6,6h_ce,6h,ce,4.435309999999999
-0.987491240126273,-0.9841847443662222,0.0690530682982675,-0.5548297191379088,0.14785277818616804,-2.0017191359541124,2.2584090529065826,-3.323206118014676,0.6191461295639338,-1.6823314974328882,N900_RS08460,response regulator_3,1.0572139166666665,-0.23901,5.8166,12h_SI2,12h,SI2,3h_SI2,3h,SI2,6.055610000000001
-5.06089492525593,3.118195625188083,-0.4565984508176902,1.6922001314019806,0.5295603395413179,-1.131003027076091,-0.5273936592492212,-0.5512914196125434,0.12593304552770423,-0.15692446876081856,N900_RS08465,N900_RS08465,-1.9702411166666667,-5.149,2.1107,12h_SI5,12h,SI5,1h_co,1h,co,7.2597000000000005
1.182128019445157,1.8160552978082873,-3.340898522123597,-1.6060372402612741,-0.5784525763280244,-0.1109262019931887,-1.0923437240449005,-0.7119365614384419,1.038768483075688,1.5533202900399996,N900_RS08470,DNA transformation protein,1.2574838166666666,-1.4547,5.8525,6h_SI5,6h,SI5,12h_SI1,12h,SI1,7.3072
1.5913628300739466,0.7979869870209721,1.257813971068762,-0.9393269237717206,-1.702275590357973,-0.25147206439081016,0.48844433136820375,-0.14100177610927916,-0.32555371062780614,1.4364215767879218,N900_RS08475,N900_RS08475,1.5533004333333333,0.033246,5.1738,1h_SI3,1h,SI3,6h_ce,6h,ce,5.140554
0.7349112973209397,-1.5886457067088047,-1.9714686276828202,0.08884193041532296,-1.584273872905744,-1.451846767666503,-0.2846439817028621,-0.547352706831362,-0.1271907328616929,-1.7000897993273631,N900_RS08480,lyso,1.3188634166666668,-0.29356,3.6736,3h_SI1,3h,SI1,3h_SI6,3h,SI6,3.96716
0.4897744531032351,0.14683534292917533,-1.3754915963311132,1.7261418674008886,0.24537640574083652,2.367154488327621,-1.0455808772294364,-1.3531853615459528,2.018791716881658,0.2191790376203242,N900_RS08485,N900_RS08485,0.5791421658333333,-0.87926,4.1673,6h_SI4,6h,SI4,3h_SI1,3h,SI1,5.04656
-1.214407526768465,-2.3174014409363854,0.5415829894923296,-0.8955999757506299,-0.9048346256964019,-0.5745706450867019,-0.6821827521601618,1.4431466592216013,1.6397418645439958,-0.14649847286635254,N900_RS08495,hexR,1.4443123333333332,-0.27678,4.4943,3h_co,3h,co,6h_SI3,6h,SI3,4.7710799999999995
2.3862335208066856,-0.6496893269180425,-0.5335675767793285,0.3193578019191561,2.3137296337209534,0.5489585358858236,0.5985523397302956,1.1386015981509454,1.2312003285388733,1.4907322848813676,N900_RS08500,iron-containing alcohol dehydrogenase_1,1.3094348000000005,-0.1859,5.4874,3h_st,3h,st,3h_SI1,3h,SI1,5.6733
-4.165989911005288,3.351859554546133,0.20861423308017185,2.086139394644816,0.8874381426098389,-0.8086834781079932,-0.663333330306999,-0.680943529283109,-0.03879865810680083,0.2661731942419632,N900_RS08505,grxa,-2.188486333333333,-5.3571,2.7597,12h_SI9,12h,SI9,3h_SI9,3h,SI9,8.1168
0.4073680472115462,1.4760789815424702,0.08011238947187886,-2.2187795145105045,-0.7747175445826427,-1.6168899501022471,-2.4433286280299376,-0.4961317654649871,-0.6193076991081469,2.6175287617526086,N900_RS08510,aspT,0.4992382333333333,-1.3198,3.9205,6h_SI8,6h,SI8,3h_st,3h,st,5.2403
-0.3169185011177804,3.075200858682257,-0.843486995261077,-0.08862330580458222,-0.7602556729390828,-0.152032829904307,2.336301191556319,1.269759890812339,-0.6920183998580457,0.06935168120214286,N900_RS08515,clpA,1.6179085333333334,-1.8674,4.8621,12h_SI8,12h,SI8,6h_st,6h,st,6.7295
0.2706437765770038,-1.1967570243461965,1.6079215620170464,2.4238851479829346,0.9600071214176508,-0.09679641261014416,1.2055070712993357,0.7442311008787053,1.0211741941802497,-0.9138562465685045,N900_RS08520,clpS,0.9048247966666667,-0.66578,4.461,6h_SI3,6h,SI3,3h_SI1,3h,SI1,5.12678
-2.7061325064929442,-1.8810368094787049,-0.9841936244256326,-2.9769778136533107,-0.6525451760051597,2.34211035650923,0.10770365401055715,0.491265668541492,-0.6519860910650727,0.25311843082899466,N900_RS08525,cspD,0.8700467099999999,-2.1267,4.163,1h_SI2,1h,SI2,3h_SI6,3h,SI6,6.2897
1.9339071190111996,-1.9338833769777777,-0.7924869368369574,-0.2838302413831322,0.23196078486673025,-0.10781007588181213,-2.5274881428325546,0.78310435904057,1.068032146680539,-0.9275660410181569,N900_RS08535,rluE,0.83661715,-0.80434,4.8172,1h_ce,1h,ce,6h_SI2,6h,SI2,5.6215399999999995
1.1360890786111577,0.10483080441165327,-1.3116408459449544,1.427073902302459,2.072233578753842,0.26433658241684366,-1.5556983348289004,1.3498861740951764,1.5011841383954794,1.9646358273721047,N900_RS08540,hisI,0.42766559503333335,-1.0594,3.761,3h_st,3h,st,3h_SI1,3h,SI1,4.8204
2.280336003737358,-0.3152168806201501,-0.7704996585760778,0.780222024840624,2.414436553707277,-0.10389290539433849,0.1109133067521193,1.079945370449712,1.3460459277823962,-0.5002149428459255,N900_RS08545,hisF,1.2253002,-0.47355,4.1565,3h_st,3h,st,3h_SI1,3h,SI1,4.630050000000001
0.559276986707383,-1.6515074162082983,-0.9926457142801965,-0.37728355398357105,-1.7387078795257036,-0.1915381384856889,-1.665044499695387,1.6417456530004406,0.22473047269187496,-0.7298006087473233,N900_RS08550,hisA,0.6957334300000001,-1.0794,4.6908,1h_ce,1h,ce,6h_SI1,6h,SI1,5.7702
1.6675489272505226,-0.8668730437067464,0.44507643845684103,1.0115220200480648,-0.4585213159087097,-0.963778341127719,-0.46960353831139723,0.07653668417192871,0.5030889668523942,-1.0276984636655973,N900_RS08555,hisH,0.97660172,-0.49426,4.7676,12h_SI7,12h,SI7,1h_st,1h,st,5.2618599999999995
1.0277296005679935,-1.954017692422683,-0.613972537392704,0.9363482191545649,0.11209935800945028,-0.10429456861420139,-0.746850349335489,-0.4772468884346381,-0.3881884929726567,1.1299022052684762,N900_RS08560,hisB,0.7740042166666666,-0.66384,3.4869,3h_co,3h,co,3h_SI5,3h,SI5,4.15074
-3.3587601345144504,1.9541387243114947,-1.7578982399216605,-0.6063522755256037,2.9342591206397266,-2.9086738656665765,-0.45591372195024893,-1.0560817799186895,0.40390621407755267,1.6785575318203507,N900_RS08565,hisC,-0.3522668833333333,-1.9267,3.5987,24h_st,24h,st,6h_st,6h,st,5.5254
0.43448390225752886,0.5926725762347897,-2.7319561911149086,-0.6420405879202451,-0.44886117977966766,2.4603437315275283,-0.965800228042976,-0.06214519818727515,2.8496159127712555,-0.03282268036067104,N900_RS08570,hisD,0.5520636383333333,-1.1033,3.3883,6h_SI4,6h,SI4,3h_SI3,3h,SI3,4.4916
1.8213244198708605,1.457098353950618,-1.5775742634058758,-2.074585235353884,2.018097925945372,1.3292425355733697,0.7099474127890293,0.699596148934808,0.11365885524209013,0.033370684345609414,N900_RS08575,hisG,1.6174646866666664,-0.55355,5.9015,1h_SI1,1h,SI1,6h_SI1,6h,SI1,6.45505
-2.894194063820713,-0.22151040274029976,-1.5778956148523209,-2.676073716968872,0.13663125418542607,0.7286756059755012,0.030312806977995654,-0.052316917369214955,-0.7314990051410067,-1.7281564346022493,N900_RS08580,tet(35),0.3331553333333333,-1.4398,2.7369,6h_SI3,6h,SI3,1h_st,1h,st,4.1767
-0.652063773024401,2.0296472096525218,-1.7204345606226294,-2.53387355763807,0.7888742262789975,2.37846882936155,0.5734767370028693,0.4561275804815947,0.30494663317704546,-1.4448162195192449,N900_RS08590,gsk_1,1.0311558833333332,-3.0612,6.2748,1h_SI4,1h,SI4,1h_co,1h,co,9.336
-1.5107514532208055,-0.10243470281916023,-0.17475041421850343,2.017002858573991,0.696476059015842,0.23445756774120752,-1.1491047194255541,-0.323633000515751,1.0018607015168073,-1.729341504392609,N900_RS08610,N900_RS08610,0.5251890981666667,-0.93827,3.928,3h_SI6,3h,SI6,6h_SI2,6h,SI2,4.86627
0.6659022707129223,0.5786491869274983,-2.6798905681477665,0.9022441859208006,-0.20130908834598527,-0.05413668386090742,-0.47347961471255995,-0.3434483497359239,-1.831990127876045,-2.585563451711972,N900_RS08615,N900_RS08615,0.46701745,-1.1203,3.847,6h_SI6,6h,SI6,12h_SI2,12h,SI2,4.9673
1.0572509669118348,1.8620012736431086,0.8869888952174522,-0.16328306486277233,-0.4933237970909106,1.7333382989503163,1.028914951226168,-0.25573242884314756,0.44897819620007273,2.797782466895688,N900_RS08620,N900_RS08620,1.0733547216666666,-0.57299,4.8788,6h_SI4,6h,SI4,3h_SI3,3h,SI3,5.45179
1.2781628125266824,-1.4602064389711682,3.0515242030521432,1.1574705569659365,0.1933507649504247,0.04059854495029791,0.6278047940441641,-0.542873304743096,-0.9098549941470885,0.13497788250713516,N900_RS08625,class I SAM-dependent methyltransferase_1,0.9919900333333335,-0.86239,4.48,3h_SI8,3h,SI8,6h_ce,6h,ce,5.34239
1.1137960805388154,1.0151247635642275,-1.2415534216357942,-0.1667006516746501,-1.8742906604382448,-1.0404786172224658,2.957346812379541,1.069566475146421,-0.1808579193681653,0.1793090781824458,N900_RS08630,N900_RS08630,1.297681215,-0.84446,5.7995,1h_SI8,1h,SI8,3h_SI2,3h,SI2,6.64396
1.3398575101831653,0.9410870335667723,-0.9497385940235434,2.3732855125842764,-0.24316642296974475,1.0841465481938637,-0.49582948096360924,-0.8147334551728496,0.5767024838016007,-0.2495523724790032,N900_RS08635,FAD-dependent oxidoreductase_1,0.4225324414999999,-0.98426,3.3999,6h_SI8,6h,SI8,3h_SI1,3h,SI1,4.3841600000000005
1.1666270130328593,-0.5804070184927616,-0.6836022205106839,0.39152829736150174,0.4192232025883154,1.1340417937801313,2.1364885785795087,-1.7848841969841416,0.18585386181283187,-0.7309567188592332,N900_RS08640,SDR family NAD(P)-dependent oxidoreductase,1.4508881666666664,-0.56398,5.1177,1h_SI7,1h,SI7,3h_SI2,3h,SI2,5.68168
0.7131264705848657,0.17176954933677557,0.0365219244985356,3.449637860246302,-0.6116423837842931,1.6424031923037918,0.8097483441519437,1.3117801718506183,-0.2366795128358683,-0.991983505841608,N900_RS08645,"transcriptional regulator, putative",1.08680825,-0.36545,5.0672,6h_SI4,6h,SI4,3h_SI4,3h,SI4,5.43265
-1.6740484928614057,-0.10197447869481552,0.08120908048624947,0.44931817236216043,2.786254291944075,2.7963866870747505,-1.7506947497962095,-0.7652910613986159,-0.7283729755658347,-0.15398300580377688,N900_RS08650,htpX,-0.04661170000000001,-1.5751,3.5908,6h_SI3,6h,SI3,3h_SI1,3h,SI1,5.165900000000001
-4.986671799639801,-0.46442902494368465,0.8438689417729355,0.5052168216751496,-0.0686366408184299,-1.1064283638041772,0.22005729292823767,0.5078732584457095,-1.0423758117557322,1.4017279675654837,N900_RS08655,N900_RS08655,-0.5600426833333334,-3.7242,2.6727,3h_SI8,3h,SI8,1h_co,1h,co,6.3969000000000005
2.502523091346032,0.3958927274680462,0.5422500916062868,1.2284588253739726,0.6917023975153407,-0.38545252728099433,-0.4748790528738962,0.6414357734509305,0.094771776748238,0.9527362309417902,N900_RS08660,bioD,0.89199252,-1.4831,4.018,12h_SI8,12h,SI8,12h_SI1,12h,SI1,5.5011
0.2655388967962309,0.4257297446916456,-0.9792443166837228,3.234591480590546,0.5547296621573148,0.06007428532710968,-0.9867777454557358,-0.1954532737514078,-1.3220707724652674,-0.7868726821876756,N900_RS08665,bioC,0.23052880000000003,-1.7296,3.9964,12h_SI6,12h,SI6,3h_SI4,3h,SI4,5.726
2.2932173671241634,2.9539978713753055,-1.3351856647161156,0.5022893764429486,0.18952173387436863,0.8758843688717033,-0.0627854890730567,-0.028977451452619096,0.3965135419295128,0.33536730882336774,N900_RS08670,bioF,0.5268480466666667,-2.2195,3.2526,12h_SI8,12h,SI8,3h_SI1,3h,SI1,5.4721
-1.0965635411870542,0.8285160321717635,-0.5922281688724361,2.4646674717416754,0.22150979371626214,-0.6833237001970816,-0.6118553679868504,-1.457145441932527,-0.13166948937964684,0.4741431647362768,N900_RS08675,biob,-0.16050855,-2.4018,3.4029,12h_SI8,12h,SI8,1h_SI1,1h,SI1,5.8047
0.35579621237621506,2.3718648532922915,0.17519036379233233,1.3603405029819409,-1.157973052238135,1.2188013526805705,-0.44664891888502245,0.11511676463211507,-0.21727722002643068,-0.9681591981117044,N900_RS08680,bioA,0.9218643500000001,-1.27,4.5701,12h_SI6,12h,SI6,6h_SI1,6h,SI1,5.8401
-0.5580544021993141,1.695030364703226,-1.4668999293085903,0.31226039089319446,-0.873522433530728,-1.269460006722435,0.22368245583446,2.2198049511236166,0.7325038748738687,1.912305678503752,N900_RS08690,rarA,1.0070750083333333,-3.3054,6.0708,12h_SI8,12h,SI8,6h_st,6h,st,9.3762
-0.19105535348252056,-2.3768965208698107,-0.5938592815549958,2.2425370087808263,-0.6430489014180077,-0.47366971874676445,-0.8102211302691456,1.1785850832102862,-1.5330477019997644,-0.692680647688575,N900_RS08700,prepilin peptidase_1,0.7370876483333332,-0.73322,4.3153,6h_st,6h,st,3h_SI4,3h,SI4,5.04852
0.8287787359943359,0.6664300349654634,-0.3268014263230356,3.410989135519663,0.6737514422309352,-0.03269348806546857,0.1711903216217453,-0.4272858481001794,0.7478599166211267,0.17383388545027922,N900_RS08705,dusC,0.24892846166666663,-0.96694,2.9386,12h_st,12h,st,3h_SI1,3h,SI1,3.9055400000000002
0.30978990471101886,-0.26542476507939794,-2.173899908420211,-0.11679259042810974,1.4139932819930716,2.7068785774833906,-0.003854342100219288,-1.0079507045345573,-1.4263012355301847,-0.8665125829593542,N900_RS08710,sensor domain-containing diguanylate cyclase_1,1.65044495,-0.12974,4.6678,1h_SI6,1h,SI6,12h_SI1,12h,SI1,4.79754
0.5076986102866035,0.4967223739489237,-3.2413459828525757,-1.445141116445724,-0.07393165591817219,1.5997900430737344,-0.5795212891313506,0.2388572645462219,0.004918092941647578,2.0777084908349313,N900_RS08715,lktB_1,1.1510659383333333,-0.2782,4.7053,3h_SI2,3h,SI2,12h_SI2,12h,SI2,4.9835
1.3719852222387612,-0.7559415615686851,-0.2095204564140068,1.2938912970929808,-0.16714890590803896,1.0961505922821595,-0.011245380867931476,-0.5309334217013262,-1.2231310970409992,-0.03645875265773535,N900_RS08720,ABC transporter permease_5,1.5711428166666666,-0.035407,4.5644,1h_SI6,1h,SI6,6h_ce,6h,ce,4.599807
-0.7754300569801078,-1.6988574147070192,0.06524517729489096,-0.3439531585125153,1.5968888621359194,1.962145087098847,-0.25315166353903107,0.8164447172040936,-0.09102613543833238,0.49561981204886085,N900_RS08725,ABC transporter substrate-binding protein_6,1.2451296333333335,-0.41939,5.1008,6h_SI2,6h,SI2,6h_ce,6h,ce,5.5201899999999995
-1.4952125054385592,-0.22708457615937994,-1.2136440326851363,1.568062609980398,1.5794358367679429,0.3092717944887098,-2.7770589561901735,-1.6603630771959361,-1.9637937278191,0.1086241813154527,N900_RS08730,DNA-binding protein VF530,0.23526835000000007,-1.1728,3.7665,24h_st,24h,st,1h_SI1,1h,SI1,4.9393
0.6399519538510452,-2.1144091375345972,-0.9766195947717649,-3.7468860152964445,0.9108999458295229,-1.3948920517706296,1.6265396156073584,-1.477237063824429,-0.6658556691495924,-0.27028327998783197,N900_RS08735,VC_1099_BLAST,1.4695768333333334,-0.11238,4.8665,1h_SI8,1h,SI8,6h_SI2,6h,SI2,4.97888
-0.010181111368922746,3.669559581102157,-0.13753149976327184,1.1621525484670898,1.6253058831976452,1.7694108397895296,0.30033705248040177,0.21779265565650735,0.2242990659823007,0.3691833825567099,N900_RS08740,ackA_1,-0.7045559833333335,-3.0813,3.8427,6h_SI6,6h,SI6,1h_co,1h,co,6.9239999999999995
2.3960476553368837,3.101472326690745,0.16740305186227203,-0.5006948349044373,0.37515087784147383,-0.2684371883176426,0.2681575514773228,0.48122255091221755,0.4649156515561119,-0.5226819911275061,N900_RS08745,pta,0.24079031666666667,-1.8472,2.6947,6h_SI9,6h,SI9,3h_SI8,3h,SI8,4.5419
1.6276909393497085,0.03790455322192221,-1.833215925618406,-1.4647401878459663,-0.36841290565946067,-2.3076450622527926,0.2753951690857596,-1.9441682768982702,-0.6201234102261474,1.1890481367007235,N900_RS08750,yqjG,0.5168482116666666,-0.75341,2.8985,3h_SI4,3h,SI4,6h_SI2,6h,SI2,3.65191
1.3455460106621402,0.8261394359489327,-0.4055012735078161,1.018845174890024,0.48288437555211905,-0.5956636651647098,1.2421728913054353,0.7453155602667445,-1.1800903427278646,2.347035536632613,N900_RS08755,oppF_BLAST,1.2299719333333337,-0.32968,4.0274,6h_SI7,6h,SI7,12h_SI1,12h,SI1,4.35708
-1.5345276877796836,3.060931061522037,1.9903054244854326,0.9050230171386526,-1.0915193890985975,3.1576407447367036,-1.635227320375188,-0.8048475557274786,1.5102171373277677,0.5377162866894201,N900_RS08760,oppD_1,0.2910643383333334,-2.0246,5.3231,24h_SI9,24h,SI9,3h_st,3h,st,7.3477
-0.7018390443236533,-2.8491777520476327,0.8628527976496084,1.5924114237058977,1.1124668171458973,0.5840964403588396,-0.06719405964407577,-1.9007564494503402,-0.06804246847520568,1.5821244515222566,N900_RS08765,oppC,0.5122310366666667,-1.4689,4.2893,3h_SI9,3h,SI9,6h_ce,6h,ce,5.7582
0.6957012568776824,-0.7513703193462233,0.9225611333060907,0.8878047038257089,0.4206047187311696,-1.8194386261430324,1.8591110699929105,0.7693864151744232,1.4811877648010667,1.359612874918142,N900_RS08770,oppB,1.3456791666666668,-0.29756,4.8719,3h_ce,3h,ce,6h_st,6h,st,5.16946
3.570903174739679,0.5582582846574775,0.2538581822845279,-1.6254250656564708,-0.30103052282102744,0.8326042293265021,0.30213145693213017,-0.09141970616732553,-0.28804781211719666,0.7093444240910183,N900_RS08775,oppA,2.95284145,-0.10759,7.5892,1h_SI6,1h,SI6,12h_st,12h,st,7.69679
1.3690785745804641,1.8581804138041025,0.4257707374027181,0.9735949370744783,1.2465965836861626,-1.7628817038448634,0.6750463466092191,2.020658079686734,1.0096320765097142,1.3483088955597464,N900_RS08780,ptxB,0.66256585,-0.63502,4.0334,6h_ce,6h,ce,6h_st,6h,st,4.66842
1.6329241716186838,0.8289008558638125,-3.0714155999681423,-0.314821057566516,0.03071835601819217,1.418433372630188,-0.6818900769647147,1.5736896284936692,1.077868757732688,1.992928353943172,N900_RS08785,rcsC_5,0.6281418616666664,-0.85655,4.3508,6h_ce,6h,ce,12h_SI1,12h,SI1,5.20735
-0.09724375086277437,0.3214272602727478,-0.9171149757074222,-0.2620942311001666,-2.9999193464910077,1.230071763015594,-0.12614535927464587,3.363879704887178,0.5231794804888618,-1.0992084497803412,N900_RS08790,rcsC_6,1.4449898666666667,0.074042,5.074,6h_co,6h,co,3h_SI4,3h,SI4,4.9999579999999995
-2.8402535131991553,0.9810738508772014,-1.0306414060093798,0.2260045405031108,-0.49431800340046356,-0.6195072364057665,2.5992555657953327,-2.8314724948811194,-0.781702970182708,-0.7871929191141137,N900_RS08795,rssB_2,-0.047727433333333354,-1.3163,4.3454,24h_st,24h,st,1h_ce,1h,ce,5.6617
1.641502278015813,0.6237537655658909,-2.0182590368056914,1.986920351851797,-0.7272668892539176,-0.08871210623172865,-0.43064707303151106,-0.30835136048277506,0.2675098252859827,-2.5498165037345126,N900_RS08800,sasA_6,0.5828041483333333,-1.0086,3.84,3h_SI5,3h,SI5,3h_SI4,3h,SI4,4.848599999999999
0.31078365060349356,-0.6667352929522261,-2.0098780490676336,-0.9473070769359357,-3.2637086568512643,1.5611231953651536,-0.26458325535804195,1.3024131707183415,1.637007447438108,1.0724045772456507,N900_RS08805,sasA_7,1.4949027333333333,-0.2666,6.6033,1h_SI9,1h,SI9,3h_SI3,3h,SI3,6.8699
-1.711815657725975,0.6684262401175584,-0.9466605011920926,-1.8891403392002983,-1.7972960136587768,1.3686411148724145,2.129249613769818,-0.07622114729190171,-0.5090991972918529,0.03982679874361128,N900_RS08810,CheC,0.45725183916666673,-1.4652,4.5253,6h_SI3,6h,SI3,6h_ce,6h,ce,5.9905
0.967526819554287,-0.23260791461439068,-0.7782780635377746,2.3294797127243303,-1.609920722312434,1.5080350011573427,1.3311410251272395,0.4977105743062943,0.5397154833215504,-0.46999211554086134,N900_RS08815,cheY_4,1.28340545,-0.46735,5.1319,1h_SI4,1h,SI4,1h_ce,1h,ce,5.59925
0.6191734954599997,-2.2198226191987547,1.7349884915743656,1.2146207128440616,-2.0115782639748923,0.059243194966971724,-0.4492286891011912,0.7339794805177668,-1.22015201755302,0.4040873892795269,N900_RS08820,response regulator,1.4910591166666667,-0.13847,4.7419,1h_SI6,1h,SI6,3h_SI4,3h,SI4,4.88037
0.35520460141880106,-0.7749538569457888,2.7617363216159383,2.015850463780011,0.8041417526216732,1.5926947006686785,3.030324965869122,0.36767051744848206,1.3370447292853687,-0.5121015700555489,N900_RS08825,sensor histidine kinase_3,1.2548462616666667,-0.54419,7.1778,1h_SI2,1h,SI2,3h_SI1,3h,SI1,7.72199
0.16945716814411238,0.044967113365113165,-1.1293516070615774,1.442020767004875,-1.7548580965420633,-0.6114418242345903,-1.2654386647839295,2.3565757116692465,-1.0207819162053697,-0.6536665364899646,N900_RS08830,ywlC,-0.23810058333333334,-1.4664,3.9415,24h_co,24h,co,3h_SI4,3h,SI4,5.4079
-3.027285659040445,-1.8407129134467337,-0.17869687163587586,-0.6927605784125783,-1.7984887304911237,-0.5473431980423664,2.0955038322720143,-0.1604895363602068,0.06620638830802361,0.9845573293341772,N900_RS08840,N900_RS08840,0.5207524566666668,-1.1767,4.0777,6h_SI3,6h,SI3,1h_ce,1h,ce,5.2544
0.3920852560491377,-2.723469252684825,-0.595333852407881,-1.326408881912398,3.2253027461326815,1.4005038689912248,-1.4507818864279527,-0.6967042504178005,0.5661478586296087,-0.6873865423002393,N900_RS08845,araC_1,1.0818495788333335,-0.52706,4.3304,3h_st,3h,st,3h_SI1,3h,SI1,4.85746
0.9097662870079479,2.100734356558296,-1.484141800936887,0.8839631292923147,1.2741929489603654,0.07425324269492184,-0.13149952800167852,-0.8958710497776481,-1.7225412850540809,-1.5646970729736769,N900_RS08850,YbhB/YbcL family Raf kinase inhibitor-like protein,0.4314512166666667,-1.1824,4.1588,3h_SI7,3h,SI7,1h_st,1h,st,5.341200000000001
0.4257947978121912,0.1722016227797783,0.3702409366875493,-0.26259709973405454,-1.30421859221317,-0.4665554398361593,0.6434911484087608,-1.5431921734098035,-1.8225233943922818,0.2829893367632037,N900_RS08855,CPBP family intramembrane metalloprotease,0.846539735,-0.70561,3.7285,6h_SI1,6h,SI1,1h_st,1h,st,4.4341099999999996
-0.4090869414431779,-1.0015297987804628,2.057458753306974,1.3628283962751784,-0.6484650478810564,2.042120178582982,0.6929341973159506,-0.1125822705872696,0.3414057371544994,0.14854503231197502,N900_RS08860,chitinase_1,0.8096727650000002,-0.78026,4.6694,6h_st,6h,st,6h_ce,6h,ce,5.449660000000001
0.7721085567732495,0.10635651077837788,-1.1739011676277835,-0.4049795913686782,0.14881753596944602,-1.8739525213111552,0.9089444486039517,1.0778055057862657,0.7232079257997294,2.010555668185269,N900_RS08865,arsJ,0.6608099164999999,-0.65336,3.0948,12h_st,12h,st,6h_st,6h,st,3.7481600000000004
2.3860356062165904,1.0031669863102848,1.8681235783543084,-1.3827862522739287,0.4132099929716625,0.14253225488214027,-1.5734307686241944,0.7630956325300557,-0.5002763965596838,1.4476001151501652,N900_RS08870,phosphatase,1.4516373000000005,-0.38347,5.7003,1h_SI8,1h,SI8,3h_st,3h,st,6.08377
0.8679057878925831,-0.3320734651303642,-0.9262870188281571,1.2272276639058672,-0.8467010084159361,-1.7260078303660142,0.14921504027853627,0.053051648786191924,-0.9901885972301311,-0.528119192317019,N900_RS08875,gap3,1.1607522616666661,-0.054313,3.5114,3h_st,3h,st,1h_st,1h,st,3.565713
-0.5786096945309835,-1.2639458085053283,0.469806230175611,2.2343091483979434,1.5255866554852928,-0.597552813091504,-0.9335590434370815,-3.1019340079769084,1.8775877778830434,-0.3042099610161464,N900_RS08880,arsR1,0.29857039999999996,-1.0162,3.9122,3h_SI4,3h,SI4,1h_SI1,1h,SI1,4.9284
-1.2977132789062091,2.5606747035148487,1.4197921932402966,-1.2775567473054101,0.023052220169222506,1.9761434044586306,-1.4670911733663108,-1.081054337228746,-2.8593343711545116,-0.04815592317185535,N900_RS08885,N900_RS08885,0.7759775166666666,-0.76891,4.2883,6h_SI4,6h,SI4,12h_SI1,12h,SI1,5.0572099999999995
1.7391934995566238,1.067636320094387,1.3972179160518363,-1.1838842017231506,1.523230002989571,0.3036309203439571,0.39765820917174133,-2.3758003067175615,-0.46240925474097117,2.5038938019543453,N900_RS08890,N900_RS08890,0.42982405833333337,-1.2194,3.4851,1h_SI5,1h,SI5,3h_st,3h,st,4.7045
0.5416050209186811,1.7820133380318133,2.0750751146203803,0.4690857170252998,-1.0297724165977034,2.3447500153214795,-1.018665185220346,1.657595365356402,0.6129776776707425,1.348627444061033,N900_RS08895,A79_1377_BLAST,1.25720785,-0.35034,4.8847,6h_SI4,6h,SI4,3h_SI3,3h,SI3,5.23504
-0.7377954502943607,-2.0064712325304237,-0.9848192356234873,0.34535785338919345,-1.2922309281698106,0.4408133650501548,-2.1282179056652106,-1.2202128020192098,0.4434668013761852,2.5410696135796496,N900_RS08900,lipoprotein-related protein,0.16803560999999997,-1.522,2.7288,6h_SI1,6h,SI1,3h_SI3,3h,SI3,4.2508
1.5655066684743222,-1.6632366687773645,-0.030417957928066668,1.5090119689315293,-1.6095016473946568,0.8132183901455965,0.6303178047577469,0.09999333733240798,-0.19125515157280515,0.21463895986049808,N900_RS08905,tesB,0.871353565,-0.44181,3.7339,3h_co,3h,co,3h_SI3,3h,SI3,4.1757100000000005
0.4842197792355254,1.1987286327838933,0.4694917439290391,-0.659007546502427,-1.6470349828001174,1.4928903544838994,0.3763133661436491,-1.8703960306500453,-0.21757830823722468,1.2766507291839069,N900_RS08910,decR,0.8326714250000001,-0.56016,3.9665,1h_co,1h,co,12h_st,12h,st,4.52666
0.24626333206949846,0.5156649261535504,-1.3741964199479109,1.670620102832975,-1.7733196257821962,-1.4080215400695635,0.6281968289427092,0.08360806091581702,-1.0345606770620441,-0.8388420348626984,N900_RS08915,sbnA,0.6374782833333332,-1.1821,3.7851,12h_SI8,12h,SI8,3h_SI2,3h,SI2,4.9672
1.9769686091897745,0.701160645469882,0.03800378357034017,-0.18717406090348554,1.2998555260343916,0.19309508617190263,-0.41591027677421955,0.28594256624601583,-0.9613586215788353,0.4625350000060886,N900_RS08920,sohB,1.35045755,-0.28364,4.8988,1h_st,1h,st,6h_SI2,6h,SI2,5.18244
-0.23099300228062036,-0.727879798823978,-0.10228530526345064,0.018202024273490602,-0.08140783264253323,-1.314761615849707,0.9026804188828432,0.7382157970759722,-3.0443522227652324,-1.0579456054495744,N900_RS08925,ycik,0.7956472499999999,-0.69664,4.4472,6h_SI1,6h,SI1,12h_SI1,12h,SI1,5.14384
-1.026141672056816,1.5132383404065057,4.200721852053328,0.3293376604194038,-0.6041300278396755,1.1198488027827778,0.5668781421201873,-1.2757905910591025,-1.162064508010514,-0.7217988795776227,N900_RS08935,ykgj,0.10174170000000003,-1.4447,4.9711,6h_SI2,6h,SI2,3h_st,3h,st,6.4158
0.4674824873053103,2.067045808101498,1.8268462134896155,-1.0591711120236922,-1.1434778699328085,1.0669160519448562,2.469570851088114,1.2162356420536546,-1.9029764035497228,1.5841435082693496,N900_RS08940,recR,0.8771481383333336,-1.1928,4.18,6h_co,6h,co,3h_st,3h,st,5.3728
0.5296769127390908,-1.1534406318435233,0.3282353908924325,-0.1758944456264404,0.7983357186391299,1.7612213784343491,2.917231146499936,-1.9600341071699037,-0.21803453047803545,-0.8977049501733904,N900_RS08945,ybab,1.1653916,-0.31074,5.2253,3h_co,3h,co,3h_SI2,3h,SI2,5.53604
0.15019548028821594,0.737728264938841,-2.4781698135711823,-1.198117650037859,0.6316333241680889,-1.9518383994855881,0.6193847337397753,0.4723534843756245,-1.689057064658002,0.19588172830649997,N900_RS08955,apt,0.73947355,-0.41297,4.6686,3h_SI3,3h,SI3,12h_st,12h,st,5.081569999999999
0.9617189040758785,0.6066263431305938,-2.6326385652125763,-1.097932467944975,-0.90473386320222,1.1204748005212801,1.4673551625714858,-2.328895447279613,-2.1000467691616875,-1.0113830808395599,N900_RS08960,ybaN,1.7940748166666667,-0.60866,5.8689,1h_SI7,1h,SI7,3h_SI2,3h,SI2,6.47756
2.672140109723844,-0.0512972755451786,-1.0223491081605132,-1.4811396278910103,-1.4501949470349684,0.9280656091189443,1.8825511093997427,-0.6626541779139612,1.2514191802831691,-0.6636860012006094,N900_RS08970,response regulator_2,1.5642444166666667,-0.41724,4.9494,1h_SI5,1h,SI5,3h_SI2,3h,SI2,5.366639999999999
0.20682203416319167,2.7441528028703233,-0.053047275921810945,1.0514157376030888,-0.06311825071380364,-0.9555248298523593,-0.8660420236324609,-1.0302021609712666,1.3213296425193715,0.49588733685331565,N900_RS08975,LysR family transcriptional regulator_4,0.012193816666666642,-3.8853,5.0748,6h_SI8,6h,SI8,1h_st,1h,st,8.9601
1.4770054827488535,0.8071047642350511,0.24641835017782127,1.6233077538122678,-0.6093635090978455,0.6410329300046043,1.555764862238409,0.7167232699680395,-0.48430181857828536,-1.3429278376929334,N900_RS08980,ydjA,1.1543330666666667,-0.50706,4.5639,6h_SI4,6h,SI4,12h_SI1,12h,SI1,5.07096
2.041167287059592,1.6033665863636273,1.344149915847347,-1.2722846036586999,-0.6647304892519219,-1.1068620953426667,-0.7753035560191652,0.3116661399723975,-0.20070860280130254,1.80829080913415,N900_RS08985,fadJ,0.7636433116666667,-0.67914,3.6194,24h_SI7,24h,SI7,3h_st,3h,st,4.29854
2.9522744253780946,-0.9362558410212432,-1.492101241418688,-0.7000600115753177,1.0986645941241309,-1.6104511946035505,0.48137470483063527,-0.5077170753641558,0.5339536613880245,0.3467955551814066,N900_RS08990,fadI,1.1746548833333335,-0.34112,4.055,1h_SI4,1h,SI4,6h_SI2,6h,SI2,4.39612
-0.48561380469752224,1.4103305680628635,-0.0818388173573095,-2.9941734304981424,1.1741343208654489,0.6618715695235096,0.13930724015526486,0.427704171184634,1.579701657576503,-2.8550635850900443,N900_RS08995,Pseudogene_N900_RS08995,0.2619878233333333,-1.9625,4.6057,3h_SI7,3h,SI7,6h_SI1,6h,SI1,6.568199999999999
1.612498468461295,0.9664736587257701,-1.4135426580829105,1.251849462922935,0.8901822382428647,0.46664824437002045,-1.0319786992840512,1.9196121319601376,0.19010327540120736,0.7381054015486774,N900_RS09000,RNA polymerase sigma factor,0.2922076666666667,-1.3094,3.0257,6h_SI7,6h,SI7,1h_st,1h,st,4.3351
0.5837164897932379,-0.6192797351468101,0.9479796086906477,-0.30193780426328676,-1.6484445247649768,-1.6084451090808973,-3.266919758483689,0.3555316768670057,-1.3756248567870037,0.5663460509624332,N900_RS09005,N900_RS09005,1.1906282166666668,-0.76654,4.7378,12h_SI4,12h,SI4,3h_SI5,3h,SI5,5.50434
1.5633501547245618,-1.2445544124398802,0.10700898640231746,-0.270665558257535,-0.889950958685304,0.8494591370227258,-0.6756925231338926,-0.9763933873757438,-0.5092785058070849,0.9137316458904368,N900_RS09010,fadL,0.8474407583333334,-0.88769,2.9122,12h_co,12h,co,12h_SI3,12h,SI3,3.79989
1.9408559971162624,1.8413721341000795,-0.2288414085599746,-2.0621693070307896,0.18533007363538936,-0.5738928276647368,0.5295355323496672,1.8382854485267768,-1.9140636000196665,2.1851606214634725,N900_RS09015,aromatic hydrocarbon degradation protein,1.217763183333333,-0.16396,5.5034,1h_SI9,1h,SI9,6h_st,6h,st,5.66736
-0.2553774455583473,-1.0357365271003922,1.4329993335745086,1.960780246594585,-0.683170865806396,0.8777944806239162,1.3893549360041564,0.24337143560273103,1.0015539058783325,1.5123863874651666,N900_RS09020,low molecular weight phosphotyrosine protein phosphatase_2,1.0771236283333334,-0.82125,4.5852,6h_SI1,6h,SI1,1h_ce,1h,ce,5.40645
1.3419210443072531,0.5333103094890199,-3.223068576564149,-1.13962637838359,0.10338548718285034,-2.0551623155600547,1.0014171371392984,-1.0438591566310698,0.3294243980892946,0.3089480723992992,N900_RS09025,cobO,0.8866571166666667,-0.62091,3.7663,3h_st,3h,st,6h_st,6h,st,4.3872100000000005
0.6346467615704303,0.036904648353616676,-1.780420066826554,-2.531432979316373,0.22032552698118754,-2.157711930185431,-0.5951534243309646,-0.7127488488470846,2.8978699708865276,1.9823595010246688,N900_RS09030,asma_1,0.21952596666666668,-1.3077,4.4124,12h_SI1,12h,SI1,6h_st,6h,st,5.7201
1.043773301432469,0.22146656442648383,0.866912192618132,-3.789872848451395,-0.4394647139156448,-0.5993725787859807,1.487889976893913,-0.7648034259337799,-0.57561323200634,1.6382821001981915,N900_RS09035,udk,-0.137756565,-1.9188,3.0021,1h_SI6,1h,SI6,6h_st,6h,st,4.9209
-0.11406763153873145,-1.5887819269260488,-0.7756708560687222,0.00012650975255934505,-1.3890055578357443,-1.464552660786521,-2.112370025743453,0.444159594553602,-0.5830567022866545,1.0354832190799401,N900_RS09040,N900_RS09040,-0.004128316666666676,-1.428,4.5552,6h_SI9,6h,SI9,12h_SI1,12h,SI1,5.9832
0.6741646122648972,3.0140551661143316,0.9083226099711809,-3.835465026258958,-0.6050098221731965,-0.7617288961955382,-1.5388731327815008,-0.5851543312076304,4.628075867318948e-06,0.6633714745723409,N900_RS09045,apbC,0.8032064833333333,-0.52816,4.7821,6h_ce,6h,ce,3h_st,3h,st,5.3102599999999995
1.1114723109303863,-0.3093367644726729,-3.03116858428204,0.2259547927702128,-2.198720757569914,-0.7087272089492798,0.2707544767021014,-1.4641412768338729,-0.49863046674856937,-1.7667135017349596,N900_RS09055,N900_RS09055,0.6217690166666666,-0.63272,3.2282,6h_co,6h,co,6h_SI2,6h,SI2,3.86092
0.38427792286248996,-0.14409940371961694,-2.1112454466354014,-1.1211259239004256,0.8541409551947546,3.532576136941016,0.07553630832244673,-1.4583616759420495,-0.9405158022950574,0.2520227281955487,N900_RS09060,udp_1,1.1635346733333334,-1.1134,4.9521,1h_SI7,1h,SI7,12h_SI3,12h,SI3,6.0655
0.6821588905661087,-0.6068174045314627,0.07073747098411905,1.9794523549457472,0.9502608132461567,-0.5588961359950713,-0.5935374295543823,0.5610319903687453,-0.28043384190249765,-0.8444634644362851,N900_RS09065,zntA,4.28393,1.3231,6.9478,24h_co,24h,co,3h_SI1,3h,SI1,5.6247
-2.755788548736368,-2.302354498431261,-0.1671474117465479,0.3748130325194703,-1.9096968804513508,0.07571647230873169,1.2144681575392708,1.8681917670182504,-0.15647087960540274,0.807829506045008,N900_RS09070,N900_RS09070,0.04431866666666666,-1.5316,2.9836,6h_SI1,6h,SI1,6h_ce,6h,ce,4.5152
-0.6589409245550844,1.7339923015214436,1.3146309848493316,-1.6458799851644506,-3.824622246049179,0.9299262891751054,-0.3138448127427612,-1.224304410331637,-1.057060294080392,-0.041065812290845605,N900_RS09075,inosine monophosphate dehydrogenase-related protein,1.2868885666666663,-0.28471,6.1714,3h_SI1,3h,SI1,3h_st,3h,st,6.456110000000001
-2.7946101450219283,-1.7427356924319062,-0.383280728982752,0.32362630563760497,-1.5713428298997294,-0.18213693603058823,3.3492111160198217,-1.3133948613581221,-2.0225647759224294,-0.5782558522476464,N900_RS09080,N900_RS09080,0.1564438301666667,-1.6176,4.073,6h_SI2,6h,SI2,3h_SI2,3h,SI2,5.6906
0.6753894997696732,2.7111426947443245,-0.08733129842103304,-0.37259371800198804,0.9195890497333302,-0.8096938698956466,-0.4083933802811861,-0.36407020161691234,0.5731858215564368,0.41658506312470056,N900_RS09085,moaE,0.46292403333333326,-1.2041,4.2027,6h_SI4,6h,SI4,6h_SI2,6h,SI2,5.4068000000000005
0.287671697812133,-0.5459917767412203,-3.4259664415344213,-1.0187432705373187,-0.18576792988176224,-1.0295377066456164,0.3155359791479984,-2.2613399464242807,-1.0849161180898639,1.8360533870254232,N900_RS09090,moaD,0.05229599999999999,-1.4129,2.6728,1h_SI3,1h,SI3,12h_SI1,12h,SI1,4.0857
-1.1502684736146371,1.4678465130619969,-0.7414677456942315,-2.4664675246850813,0.08102493231034857,1.7677438164494446,0.9854173138856522,0.26894323327048303,1.2223412825552828,-1.7196929453414662,N900_RS09095,moaC,1.8227353833333337,-1.3039,6.0757,1h_SI5,1h,SI5,24h_st,24h,st,7.3796
-0.6848492041522762,-0.7877609792761464,-1.3968682214140438,-2.456768578883512,1.5054831765888157,4.747154048828866,0.09705615189800065,0.9513897488637963,-0.29814897995489764,-0.5215735636348018,N900_RS09100,moaB,0.8524573751666666,-0.92419,3.5174,1h_SI2,1h,SI2,3h_SI1,3h,SI1,4.44159
2.5133780126265988,0.8634058270498883,-2.3820855038858917,-0.9659883823387182,1.4682591275708983,0.3294206260168333,-0.23492591081899017,1.9884722773035433,0.807271130728215,1.5594999888572751,N900_RS09105,moaA,1.4470726866666666,-0.07555,6.465,1h_SI4,1h,SI4,6h_st,6h,st,6.54055
0.35251752660728863,-0.7872040375441507,1.1347051388375697,1.5259371033694404,2.1132600357779676,-1.0003415886861022,2.3695341265442247,0.986156579436509,-1.3336901934698973,-1.4661452512123159,N900_RS09110,ybhK,1.0236163666666667,-0.76015,5.5315,12h_SI1,12h,SI1,3h_SI2,3h,SI2,6.291650000000001
-1.1561299430042764,2.283555946392937,-1.003372494116953,0.20052289112814892,0.3936405518603068,-0.46898315890296693,-1.1966035624873153,-1.8035475759292312,-0.6477562557088866,-0.9637785298061947,N900_RS09115,luxu,-0.18171271333333333,-3.8606,5.0892,12h_SI8,12h,SI8,6h_SI2,6h,SI2,8.9498
-3.2621962022736057,3.9811622953645696,-1.0465572776706233,0.6055675205381466,0.4854696014352859,0.4260461575064186,-0.05716029911601128,0.03594190271127673,0.6226132685792705,-1.4711368179653643,N900_RS09120,luxO_BLAST,-1.3439629666666666,-4.6955,0.11287,12h_SI8,12h,SI8,3h_SI9,3h,SI9,4.80837
-3.1165398706507563,-1.3910527533958734,0.7638561414117361,-1.2593267520682465,-1.4016545159380909,-1.3430447817262676,-1.8753925312487005,-0.6410960186406498,1.235307572101377,1.6059220143884974,N900_RS09125,N900_RS09125,-0.3868947466666666,-3.0679,2.634,3h_SI9,3h,SI9,3h_SI3,3h,SI3,5.7019
1.540416438634968,0.3152215142827642,0.7137248166213516,0.5489536914594497,-2.0739558262844575,-0.4778202495004267,-0.5770721841143445,-1.4598612843902645,-0.7515133028087116,0.8490363036729747,N900_RS09130,uvrB,0.5743209,-1.2042,3.4819,3h_co,3h,co,3h_st,3h,st,4.6861
-0.9029636517285913,-0.8740576278222316,0.615673604566715,2.301353605575878,0.14615904097404112,2.1952837795677436,2.470227880009191,-1.5875518465279017,1.518074619610145,1.4008412696805321,N900_RS09170,nth,0.27437863333333323,-1.2229,4.2198,6h_SI1,6h,SI1,3h_SI1,3h,SI1,5.4427
-2.7327832499255176,0.07597098943045211,0.21813003956219795,1.5228014839188768,2.5315443110247524,0.4653705950890232,-1.3275825889292692,-1.4726265778931664,1.30753834272442,-0.6748620752866303,N900_RS09175,gloA,-0.10882193333333334,-1.6775,3.5179,12h_SI1,12h,SI1,6h_SI3,6h,SI3,5.1954
-0.6167399354064438,1.4838151294932809,-2.1024292673782474,0.5335621610258534,0.6464879324687629,-1.9374900833979276,-1.2655066705594187,0.7286850328301939,1.1438698795604663,2.5654087467986093,N900_RS09180,VP2110_BLAST,-0.04069886666666666,-1.365,3.3617,3h_SI2,3h,SI2,1h_ce,1h,ce,4.7267
-7.851774785897297,-0.9698957053576098,0.3499748007538364,0.7837968685665717,-0.16162749090780973,0.23652513835204536,0.032195206092669904,0.39413963669625257,-0.5786177979208288,0.8158173805495688,N900_RS09185,motY,-0.6503969499999999,-2.4553,2.6154,24h_SI1,24h,SI1,3h_SI7,3h,SI7,5.0707
-2.2362718513899145,-1.238263638251082,1.2159244590661749,0.07751152074136347,2.1380422812973685,4.209013993881904,0.5890490842491024,0.6199186587271415,-0.09231767744426422,1.1917534313787759,N900_RS09195,ribonuclease T,0.5439541,-2.0486,5.2082,1h_SI2,1h,SI2,3h_SI1,3h,SI1,7.2568
2.988441580035685,1.2097455031068933,0.19616925613028674,-0.671432606585505,0.4108584147348558,-1.5405627441561278,0.2076614223844978,0.3581081190462314,0.044747025755431546,0.33909125804497675,N900_RS09200,yuiF,2.063312333333333,0.60393,5.3073,6h_co,6h,co,6h_SI4,6h,SI4,4.70337
-3.6576183312496005,4.765394382819014,1.077537848151489,1.8800119194007228,0.46214817761730403,-1.4118126550475267,-1.2055773824926188,-0.2607019080105289,-0.4930037519304894,0.4963548981461874,N900_RS09205,purF,-2.03226245,-5.1351,2.6569,12h_SI6,12h,SI6,1h_st,1h,st,7.792
-4.196899485214134,4.5347217994260145,1.3751963952695576,1.6222295023865247,-0.317273280122584,-0.784806541715406,-1.4027629090049103,-0.47434377178354065,-0.9862459008383163,0.6213930907724312,N900_RS09210,cvpA,-2.3630791666666666,-5.6924,2.1232,12h_SI6,12h,SI6,3h_st,3h,st,7.8156
-0.9923086286939555,-0.9553295389856873,0.22891184704421685,1.2192901760653068,-2.1750956419514336,-0.028528854842550744,1.5821105741311787,2.0251158894753365,-3.421883215327804,-1.0528881041849958,N900_RS09215,dedD,-0.24032725,-2.9229,4.6611,3h_SI9,3h,SI9,3h_SI2,3h,SI2,7.584
3.1091204138242396,2.185869993236823,0.6775641431625116,-0.5710664840504367,0.49301947121257,-0.7818825109168566,-0.06664589594276638,0.8654263145220278,-0.3744809765212729,1.2390980384035053,N900_RS09230,truA,1.0683384833333336,-0.54901,4.9614,6h_SI6,6h,SI6,6h_st,6h,st,5.51041
2.420481191500097,0.20156224631158737,-1.11478144209991,0.08854618858194319,-1.8804952479944137,2.295228200345707,1.8719255732892832,0.7355276289314228,0.3578245251555727,-1.0702048166480793,N900_RS09235,Pseudogene_N900_RS09235,1.5587530166666668,-1.072,5.6288,6h_SI7,6h,SI7,12h_SI1,12h,SI1,6.7008
1.03941834669671,0.8926447461882195,1.2566465525689472,-0.9535209324263549,1.3244284972045188,1.4187001426923447,-2.4218646562738178,-1.1546883460829398,-0.9106883189594391,0.33394972791652844,N900_RS09245,nagE,0.9901876266666666,-0.44432,4.3375,12h_st,12h,st,6h_SI1,6h,SI1,4.781820000000001
-3.8253869001690104,-1.803436996885356,0.23457446387414743,-4.216314789081939,1.1915237233610947,0.5707780535523068,1.7613864221353928,-0.04251701147824538,2.468865285751653,-1.3262292836668141,N900_RS09250,nagA_1,0.3435591,-1.212,3.4747,1h_SI1,1h,SI1,6h_SI4,6h,SI4,4.6867
0.22834621371582564,-0.6165805687664526,-1.3389389510259175,0.20435876483126325,-0.27311897254971484,1.8423290109487858,0.8216835045987859,2.446870359610951,-2.0910027053725826,-0.7251340333916482,N900_RS09255,nagC,1.25382715,-0.71136,5.7062,1h_SI5,1h,SI5,3h_SI4,3h,SI4,6.41756
0.5874278949257041,-1.3831678254945758,-0.21735328250912678,1.371598766828161,1.0754008449181005,2.763745109404928,1.1034176708331938,0.004308328478819068,-2.9086607630428394,-1.1782938999557075,N900_RS09260,ybaL,1.2450766500000001,-0.28419,5.2044,6h_SI4,6h,SI4,3h_SI1,3h,SI1,5.488589999999999
0.5592342393070986,-0.8816152256372471,-0.2623542093005205,1.1156775094226279,1.2854247183306562,0.11814211831153076,-0.022565764472448513,-0.053171836306086184,-2.399233101761868,-1.6193004412218417,N900_RS09265,asnB,0.6980691485166667,-0.7822,3.1926,3h_SI3,3h,SI3,12h_st,12h,st,3.9748
-1.4291204036826286,0.5252146864179406,1.7748004836395732,0.28772700391446504,-0.7868712568409002,-2.902959348512268,-3.3232262644731776,-0.010400423270916281,0.5414316065030952,-0.001624735948983158,N900_RS09270,rfaH,-0.7288724383333334,-4.1108,2.231,3h_SI9,3h,SI9,6h_SI4,6h,SI4,6.3418
-0.5711252828975284,-0.38810334818609604,1.406312153772317,1.777217369470398,-0.5881747021417707,1.0456057005200112,0.6312507881019275,-1.2170982008724591,-0.2987490051438093,1.9911796168620384,N900_RS09275,dtpA,0.3915716333333334,-1.3379,3.0471,6h_SI2,6h,SI2,1h_st,1h,st,4.385
2.0063911278884685,2.2647163174355134,0.7187223871333445,-0.36282938594365244,2.533730325161739,-0.24835895610776015,-0.8299626682916337,0.9201745794354399,-0.47843131814110296,0.7165616427070514,N900_RS09290,htpG,1.522672166666667,-0.047813,5.2158,6h_SI7,6h,SI7,6h_st,6h,st,5.263612999999999
-2.0985991217182165,4.523371908015111,-0.22612684853479303,2.3049006571531967,0.2027768289727106,-1.0616968572497194,-0.8625292784231946,1.3216911646457452,-0.46696669117343015,-1.1406094035442595,N900_RS09295,toxR_BLAST,-1.2760801616666668,-3.7391,2.7871,12h_SI7,12h,SI7,3h_SI4,3h,SI4,6.5262
-2.2375741818622368,1.9758468893534944,-1.0150240239849724,1.6276501469510571,-0.3682593690526243,0.0715926927528705,-1.0403907638271934,0.9578270726930989,-2.464667605548101,0.9306590266990915,N900_RS09300,toxS,-1.2785576833333334,-4.4588,2.8561,12h_SI8,12h,SI8,3h_SI5,3h,SI5,7.3149
1.6113366706102177,0.06755486926702664,1.0833828550190456,-0.04564531625366475,-0.23996033454139357,1.0613482444006634,-3.5908543448199293,-0.46810487592910194,-0.2798645673905509,0.46864094813187074,N900_RS09305,selenoprotein W-related protein,1.12137295,-0.48067,4.2561,3h_SI2,3h,SI2,6h_SI2,6h,SI2,4.73677
0.02340256501728133,0.6950128870623887,1.2599721887577902,0.5927838908265475,-1.3176190906142708,0.8310150468713539,-1.3973088471465422,-0.9000274162937996,0.4725296773543615,0.09882050609357051,N900_RS09310,phosphodiesterase,1.0588239531666668,-0.51408,3.5248,6h_st,6h,st,12h_st,12h,st,4.03888
-2.154359287789065,-0.9581756533444381,-0.4936333152624201,-0.5419947150856017,0.03240302669587608,-0.916560830606562,-1.419224490779026,-0.30260891823377517,-1.4496497540043451,1.6279141874095455,N900_RS09315,yfcH,0.796196615,-0.64839,4.5972,3h_ce,3h,ce,1h_ce,1h,ce,5.24559
3.0936389843737953,0.39661884653368024,0.9622996223333004,-1.364083221243383,-0.1790604479062274,-1.0052971325618438,-0.5565233042573368,-0.17766268511908556,-0.7544316325821759,0.529244827298962,N900_RS09320,ybbO,1.4145935333333335,-0.21163,4.0732,1h_SI8,1h,SI8,6h_SI4,6h,SI4,4.28483
-2.15319719200138,1.7649213630893261,0.5959894706219105,-2.625675727830965,0.5587281033527662,0.939435686093637,1.3665326469840546,0.1923082775499378,1.459772907987679,-1.6523905834671135,N900_RS09325,YbbN,0.17200786666666668,-2.3619,2.1761,12h_SI8,12h,SI8,1h_ce,1h,ce,4.538
-1.8841949924979091,-0.14905223935104378,0.2625176892520165,-0.8996192349206906,0.8779953210423842,-2.276311175300258,1.9395497110427387,0.8511490747789441,-1.614967284649358,-1.2939725839687812,N900_RS09330,qmcA,0.617607355,-0.69117,3.6309,6h_SI3,6h,SI3,6h_SI1,6h,SI1,4.32207
-1.8469645797818757,-0.03338388183593555,-0.34907050089352504,-2.850395975974432,1.206343730637083,-1.0264682361315056,1.464128994804383,-1.315297757655991,2.22368715176341,-2.5050320891610696,N900_RS09335,ybbJ,0.13872095,-2.6107,3.365,6h_SI5,6h,SI5,6h_SI4,6h,SI4,5.9757
-6.091917826607385,1.8902238010225973,-0.8373341654259706,0.18843284551098716,-0.5741884249655473,0.6977077685612636,0.41310496798835256,0.35322390641585655,-0.08121741118549541,-0.6765405233681481,N900_RS09340,cueR,-0.9154054500000001,-2.4373,2.6155,3h_SI6,3h,SI6,12h_SI3,12h,SI3,5.0527999999999995
-2.1409522334024453,-3.025129094570048,0.5602850682103029,0.35433508819467807,1.045995937711883,-0.002865662367927291,-1.771404932265993,-1.1935376834254887,1.70375428924556,1.686052988068868,N900_RS09345,N900_RS09345,0.17682144999999996,-1.1808,3.3853,24h_st,24h,st,1h_SI1,1h,SI1,4.5661000000000005
-0.06325648002987672,-0.20712122328972815,3.769416446088573,0.4086913068713054,0.44315190993042675,1.0000138422379923,0.2778579208145997,-1.3267452543296734,1.547868468885459,0.5742710232330246,N900_RS09350,chiP,0.8542988833333333,-1.0059,4.6052,12h_SI1,12h,SI1,3h_SI1,3h,SI1,5.6111
1.840743585405824,1.4375800545411934,2.38481385367805,-0.2966953487428148,-1.8679454664206483,0.4255996249652525,-0.29842344639382035,-2.448779264366249,0.22824281380085915,0.818568285762417,N900_RS09365,cysZ,0.807691875,-0.47829,4.5662,6h_SI8,6h,SI8,3h_st,3h,st,5.044490000000001
2.3643380264044813,-1.8637645656384865,0.08213530778513421,1.54389242540059,-1.6756454024765255,0.7157038681669042,0.8194951831794628,1.7223885290786694,0.7491894517437978,-0.5156492346386858,N900_RS09370,cysK,1.571828383333333,-0.26076,5.7621,1h_SI6,1h,SI6,3h_SI4,3h,SI4,6.0228600000000005
0.9052025957228262,0.34150505663547226,-0.28749791604010827,-0.8250235414842118,-0.5128894485399813,-0.8775822252167782,1.3706708479799734,2.3818731073590875,-0.37290064888842933,-2.6960953617077914,N900_RS09375,N900_RS09375,0.4836263499999999,-2.184,4.0573,1h_SI2,1h,SI2,3h_SI4,3h,SI4,6.2413
1.0489909516927627,2.464649011188378,-0.6147787985018114,-0.23834166543883195,0.48943662460857057,-0.7486541197907999,-0.5415209407150763,-0.060128954546337654,-0.01214614412270243,-0.0551624682408135,N900_RS09380,ptsH,0.5671032,-1.2857,3.9768,6h_ce,6h,ce,12h_SI2,12h,SI2,5.2625
1.1485675706625775,-0.790060291066498,-0.1315933180676316,-1.0676878954910354,0.21169404360118205,-0.1383709951347436,-0.13466538771863779,0.49996249169575857,-1.0001561565609491,1.0720215678388179,N900_RS09385,ptsI,0.24533666666666665,-1.7399,4.4994,1h_SI4,1h,SI4,6h_ce,6h,ce,6.2393
0.27912936687143386,2.2162804980212183,-1.0115494644827816,-0.11447480251824427,0.7110765958918831,-0.4176853988797966,0.055346037644954826,-2.157544079771702,-0.38046599110829793,-0.869068884118536,N900_RS09390,crr,0.4001859166666667,-2.5399,7.5507,1h_SI6,1h,SI6,6h_SI2,6h,SI2,10.0906
0.13996875535592146,2.1963654358786355,1.874294674817967,-1.7476367470042111,1.3653632398449185,3.1965507715199735,1.5442464793962534,-0.6386329306248613,-1.8092061680454306,1.0973254887433905,N900_RS09400,miaB,0.8828023166666665,-0.60496,4.8641,6h_SI4,6h,SI4,3h_st,3h,st,5.46906
0.05234072929036282,2.8846476722125964,-1.4562093702189471,-0.8249393410065147,-0.04401476868550735,1.3815618109633983,0.4736098398316073,0.3305798479602669,0.07889904185785124,-0.6574304994305129,N900_RS09405,ybeZ,-0.2893976666666667,-2.9766,4.9254,1h_SI5,1h,SI5,3h_SI8,3h,SI8,7.901999999999999
2.9329711312764966,3.2007192671585383,0.7511825725954943,-0.7961919161394262,0.5692959527414773,-0.6631724243380039,0.23622597451309035,0.8317053849587999,0.6988727476228624,-0.8701308337278197,N900_RS09410,ybeY,1.8224785333333335,-0.061048,4.1454,6h_SI9,6h,SI9,1h_st,1h,st,4.206448000000001
-1.041589582443974,1.2212234550592704,0.7311300464210341,2.736171878643148,0.5620779889979676,0.4535140273762649,-0.9488876940415574,1.8482666218331096,2.058774648059855,0.6258186068456808,N900_RS09415,corc,0.22945046666666663,-3.4408,4.4363,12h_SI7,12h,SI7,3h_SI1,3h,SI1,7.8771
2.9047286178473746,3.23706258813465,0.5948269274509737,-0.8038632298480954,0.5483844573382833,-0.546440250745686,0.27977256255019084,0.7674465862942541,0.6193851098828755,-0.8806718335810213,N900_RS09420,lnt,0.6562306666666665,-1.2185,2.8033,12h_SI7,12h,SI7,12h_st,12h,st,4.0218
-4.877101724159845,-0.9013816402946335,0.5228901472434418,-0.6925386434296328,1.1064109664893298,-1.745985629235777,-0.885056515695678,-0.5845359894764899,-0.22415141015462314,0.011868736265484237,N900_RS09425,zinc ribbon-containing protein,-0.33234371666666657,-2.0581,2.5462,12h_SI4,12h,SI4,3h_SI5,3h,SI5,4.6043
0.231842764422447,-0.9580888655369117,-0.03542954001493167,-0.15229256594587692,-3.306742652487142,-0.2724265190763917,1.844710917148465,0.8140383709675192,3.7427902697914166,-0.10807184661667024,N900_RS09445,rsfS,0.7061118816666665,-0.9473,6.2056,1h_SI7,1h,SI7,3h_SI3,3h,SI3,7.1529
0.9699477084024775,1.1993773461100363,-1.5952917586586164,0.9842254167361957,-0.19179717086749806,3.1355483129936617,0.9342366934148487,2.170666214127389,-2.174236696197883,-1.957664002671335,N900_RS09450,rlmH,1.1452897250000003,-0.34231,4.5065,12h_SI8,12h,SI8,3h_SI4,3h,SI4,4.84881
-0.9681273803268935,1.4903785232045563,0.05053076541316617,-0.7321193146066625,-0.43283784272961123,-0.19684922758817658,0.1523400264873619,1.3532164693276416,1.201011632816324,-1.8074158810975445,N900_RS09465,rlpa,-0.9739270666666666,-4.0064,4.2509,12h_SI8,12h,SI8,6h_SI3,6h,SI3,8.2573
2.0962626722088586,3.011176949970769,0.7804656925527904,-0.5968172044656919,0.5585594625644099,-0.752644437051065,0.27147759845285,0.942813076154889,0.5816165508238871,-0.7767833055572382,N900_RS09470,dacA_1,-1.9758055,-4.2491,0.42674,12h_SI7,12h,SI7,3h_SI5,3h,SI5,4.67584
1.9894024669089632,2.8102791319720226,0.08308015336469118,-0.9321387747095361,0.4685714675287291,0.27526022428292807,0.44759084930152226,0.5683296133033184,0.6383173811163898,-0.7828524900655878,N900_RS09500,glyA,-0.81926715,-2.8917,4.2451,12h_ce,12h,ce,3h_SI8,3h,SI8,7.1368
0.427707995347399,-0.9160271397783633,-0.11495929736161176,-0.6922097683603223,2.8797259992930218,3.7163551499466796,0.07809409317905291,-0.5075964615634343,0.5837584245252146,0.22540513796601425,N900_RS09505,yitt,0.5896746166666667,-1.555,5.8246,6h_co,6h,co,3h_SI1,3h,SI1,7.3796
2.18620351308543,0.9094225583117815,-3.1537193566845803,-2.8064473546172835,-0.3574513685341632,-0.08319977591096728,-0.3098893497502141,-0.18383644187499626,1.946057552691534,0.9905206506395636,N900_RS09510,vpsQ,2.0536241166666667,0.054217,6.1916,1h_SI8,1h,SI8,3h_SI3,3h,SI3,6.137383
-0.37062558172825666,-2.4663856793362156,-0.15305049564732223,0.8340036110396043,0.10112613260938061,-2.5263331100701,-0.08429939741934267,-1.3032866965089065,-1.7452155087513828,-1.321098288394258,N900_RS09515,vpsP,0.4806321666666667,-0.8371,3.4899,3h_SI8,3h,SI8,6h_SI3,6h,SI3,4.327
2.4249456670770453,0.897077203598527,0.987484885220706,0.6666235710950157,-1.0992638720419923,1.0424658814576826,-1.6366678325979176,-1.369124619686324,-1.3240831503711497,-0.7165601785820676,N900_RS09520,vpsO,1.0523468666666667,-0.83125,4.4351,6h_SI7,6h,SI7,3h_st,3h,st,5.26635
-0.23599471053903587,0.7121170937932118,-1.6238546728021355,-1.9252052025519468,0.9069154310276951,-2.8744273469973187,1.9325019724971055,-1.2048868011954903,1.8822351908015023,1.8779069833637092,N900_RS09525,vpsN,0.753820375,-0.83838,5.4475,12h_SI2,12h,SI2,6h_st,6h,st,6.28588
0.37060947011952283,0.07241742810797669,-1.9599160645401725,1.0060479832737816,0.5671370603680324,-0.32222935984919854,0.2889761202840898,1.0778359426387167,-1.4993395254004263,0.9901047144339794,N900_RS09530,vpsM,0.61811593,-0.50002,4.128,3h_st,3h,st,6h_SI3,6h,SI3,4.62802
1.678812551848413,-0.9379688874343188,-0.3029924065226008,1.8188793132380896,1.0759290633804317,-0.49507592419406543,0.8829031588327032,0.7164710038337874,-0.6102575360410495,0.7457341438906571,N900_RS09535,vpsL,0.8755159166666667,-0.67382,4.1038,3h_co,3h,co,3h_SI4,3h,SI4,4.77762
0.019151641222803217,-0.9366217076636945,-0.5057952853655839,0.30871176266467737,-1.0911206944884142,-1.2844632699494984,1.3379979648969993,-0.7172258719398823,-2.7248117202169135,0.43117115280958385,N900_RS09540,N900_RS09540,0.44002341666666667,-0.75523,4.1657,24h_ce,24h,ce,6h_ce,6h,ce,4.92093
-1.5985257578090881,4.737178484646542,-1.216880975487843,0.12869067847950477,-2.1680945213185248,0.4744903904735127,0.06248926892929263,-0.3130328378934007,0.38330436553247704,0.8524532316143612,N900_RS09545,N900_RS09545,-0.49554998333333333,-2.8916,4.6892,6h_SI5,6h,SI5,1h_st,1h,st,7.5808
0.1900924367206005,-1.1450852555467026,-1.1666087574514072,2.623340655737258,-0.40639707671340825,-0.36358135913396805,-1.9367908831338851,0.48570861169699675,0.6297023400021724,0.08780046612833259,N900_RS09550,hemolysin_1,0.4984524699999999,-0.85796,2.4637,3h_st,3h,st,3h_SI3,3h,SI3,3.3216599999999996
-0.3191544336218315,-1.542951216192761,0.33025986497740206,1.507956841939348,-0.7002735024879498,-3.3153183733253138,0.1625078772534006,-1.9645167696730514,0.6083643043970914,-0.799464158404956,N900_RS09555,N900_RS09555,0.9551864175499998,-0.46094,4.4575,24h_SI2,24h,SI2,6h_SI3,6h,SI3,4.9184399999999995
-3.2391636035876266,1.3402534935682433,-3.231126839720268,-0.8293170670464203,-0.5714066258432201,2.2853354266124626,-0.2668769153592001,-1.0977683047270077,0.27104470200284275,-0.5135893373927238,N900_RS09560,N900_RS09560,0.10116264999999997,-1.4121,2.7998,6h_SI7,6h,SI7,1h_co,1h,co,4.2119
-0.2253615858905711,-1.1924759763885684,-1.1744708275970082,1.0061649025873232,0.3358909027264089,-0.8476759123472604,-2.778133124316402,-0.7085042502020058,2.557256022999186,-0.9685273155799279,N900_RS09565,glycosyltransferase,0.73439475,-0.72149,4.1181,3h_SI2,3h,SI2,6h_SI3,6h,SI3,4.83959
2.62961720146792,0.9123685985233143,2.7737839426738446,-0.5273703158087355,-0.476084047970219,1.5536731273890139,-0.3609963178450373,-0.2721127921992768,0.25231565734517925,0.3077033266217244,N900_RS09570,vpsJ,1.3260645899999999,-0.4824,5.9209,1h_ce,1h,ce,3h_st,3h,st,6.4033
0.850751556910355,-0.02760776233670048,0.16885256825503517,-1.0138820979331267,2.8703857383810805,-0.648054689172725,2.6472506631208246,1.7930078134498204,-0.7562627748092398,-0.626498041323871,N900_RS09575,glycosyltransferase family 1 protein,1.4685779833333334,-0.25353,5.3436,12h_SI1,12h,SI1,6h_st,6h,st,5.59713
0.15692049734327185,1.1982660746459415,0.47975907526272327,-1.252365471634738,1.3089248719287574,3.3124862677192675,-1.8150132259857357,-0.42368880016085936,-1.322964142371101,0.3896733329982711,N900_RS09580,vpsH,1.3230130333333332,-0.48033,5.5732,6h_SI5,6h,SI5,3h_SI1,3h,SI1,6.05353
1.541073646443393,1.3266997575834334,1.3482068589066605,1.0719382246070377,0.04845719584119136,-0.5447092060331271,-1.8558747623493865,-0.7014506308745232,-0.9921486894850043,1.6949190036140143,N900_RS09585,vpsG,0.87275198,-0.76066,3.7253,24h_co,24h,co,3h_st,3h,st,4.4859599999999995
-0.5907905882234052,0.8484241929074535,-0.11790265150290102,0.3815425148342544,2.706424787654857,-0.7531425917252861,2.0246376196699583,-0.7066438922710092,1.0161198502508824,2.504422081554549,N900_RS09590,vpsF,0.3738667166666667,-0.90026,3.4854,12h_SI3,12h,SI3,6h_st,6h,st,4.38566
2.0054743124298726,0.9767417397037002,-0.27364592846363694,0.9603282595659115,1.0182684640394217,-1.8884708806201669,0.7647591803943884,1.1749242111784937,0.28994815345381975,0.29159783204522993,N900_RS09595,vpsE,1.3014730333333333,-0.014657,4.6924,1h_SI6,1h,SI6,1h_st,1h,st,4.707057
1.3610461073024736,-1.7063684795929235,0.24642221495384162,1.9620740676033317,-0.6506116385963713,0.41634458812855446,0.5981320811073082,0.6722993598382081,1.0464025126178274,-1.4399072540083235,N900_RS09600,vpsD,0.5765796950000001,-0.82075,3.7296,3h_co,3h,co,3h_SI4,3h,SI4,4.55035
-2.6721820069456372,1.343544730976694,-0.6992069320342753,0.5349629525801864,-3.0007016574761938,-0.044400130888030076,3.0621478376611933,-0.4437677498829355,2.166630540286971,-2.000558182144807,N900_RS09605,vpsC,-0.06380356666666667,-1.9378,3.5258,6h_ce,6h,ce,12h_st,12h,st,5.4636
-0.32139765379445784,-0.2735186460331026,1.4863940161551763,0.7123056284571891,1.249867160957869,1.2791430339624792,0.4110871121236509,-1.7816587937638093,-0.22838925282977485,0.7305869916661432,N900_RS09610,wecC,0.7462644549999998,-0.59348,4.1402,3h_SI4,3h,SI4,1h_st,1h,st,4.73368
1.5656805831777456,-0.7871905117472058,-1.7000886001916364,1.6745633104727777,0.6376194361276599,-0.7488894702857865,-0.49981674045505375,0.0666072987215851,0.015252781733589127,-1.1009221168754366,N900_RS09615,vpsA,0.23403115833333332,-1.2404,3.1778,1h_st,1h,st,6h_SI1,6h,SI1,4.4182
-2.740962262487023,0.08994465360596735,-2.9566472815858087,0.1523059542373435,-0.3364496675976953,1.2512034307954092,-2.158201876308377,-0.5947878975159169,-3.105583122585906,-0.571218704278517,N900_RS09620,low molecular weight phosphotyrosine protein phosphatase_1,-0.25759546666666666,-1.7217,3.3038,6h_SI4,6h,SI4,12h_SI2,12h,SI2,5.0255
0.9982646874801677,-1.698918945775917,1.1221600367530962,0.23427487072393793,-2.187413933763848,-1.7283761161260358,1.3153257521540702,-1.4780314767175549,0.8931571766985593,-0.40542782382398934,N900_RS09625,vexH,0.9679584833333333,-0.39739,4.3069,6h_st,6h,st,3h_SI2,3h,SI2,4.704289999999999
1.2448123229150498,1.978548455419532,0.12743881828633016,0.743359198773736,0.45569146051827414,-0.1192011747506283,1.2172732033660578,0.2990997031419111,-1.4639124068950071,-1.7953955580391328,N900_RS09630,vexG,1.048455385,-0.50316,5.0539,6h_SI4,6h,SI4,12h_st,12h,st,5.55706
-0.044751910838934705,2.8363534709893456,-0.2654843386416128,-0.9443806980815573,0.7177648113513025,-0.9545310509389604,3.845655380906271,-1.32038861727439,0.4950482861124621,1.156342535343459,N900_RS09650,treC,-0.3267625666666667,-2.5639,4.896,12h_SI5,12h,SI5,3h_SI2,3h,SI2,7.459899999999999
-0.5172377173659957,-1.064930888698514,-1.9508553004840492,-0.47551796040535144,-1.7760516654818852,-0.47680748527479033,1.0925308194959122,-2.9667733532544918,-1.1295772224317822,-0.1479454991673842,N900_RS09655,treB,0.17075635999999997,-1.3385,3.1479,1h_SI1,1h,SI1,12h_SI1,12h,SI1,4.4864
1.8516534491010743,0.2860082618165089,1.7688056770175316,0.8727540240636555,0.1533038199390446,0.6942885476257179,-0.712802141434911,-0.001605761044581655,-0.254909385088788,1.9171341368348165,N900_RS09660,treR,1.0499563283333333,-0.341,4.379,1h_SI4,1h,SI4,3h_SI1,3h,SI1,4.72
2.898421329833382,3.328685068488976,0.6058788859643023,-0.7397115088732877,0.5496946472398428,-0.5568673304056859,0.2155793594763175,0.7506265639803896,0.6756884494532865,-0.9104926532350863,N900_RS09665,gmhB,0.44115017366666665,-1.5378,2.5642,12h_SI7,12h,SI7,12h_st,12h,st,4.102
-0.9839779690960992,-2.9865315725107564,1.1832171660682185,-2.009070391595208,-0.7046738126080367,-1.3950260538097843,-0.30941323528837184,0.42388278672189206,2.500119237984723,0.7779974927592452,N900_RS09670,metN,0.8956259949999997,-0.8644,4.2205,6h_co,6h,co,6h_SI4,6h,SI4,5.0849
0.7502203476551488,1.5736652869337004,1.7567132440256388,1.1238546519933403,-0.6547204555074991,0.9337472891516585,-1.4133966640411864,-2.223891149460564,-0.5472731017267248,0.9694604469830841,N900_RS09675,metI,0.66312978,-0.70339,4.0732,6h_SI8,6h,SI8,3h_st,3h,st,4.77659
1.8366946418605385,-1.203807814702234,-0.9062774342116299,1.6664059779889446,-0.8925750990315383,-0.865825963426232,-0.183155377564299,-0.5903419659019709,0.1584188263869069,-1.0256709376400523,N900_RS09680,metq,1.3567389333333333,-0.027598,3.7875,1h_st,1h,st,6h_SI2,6h,SI2,3.815098
1.8763935362649935,-1.4076493679936508,-0.20418469245451307,0.6225213591354843,2.0642865994769735,1.3376200871893786,0.5335963482339828,-0.3334789991220483,-0.2775705534099605,1.799707522746888,N900_RS09685,N900_RS09685,1.28851735,-0.54312,6.0967,1h_SI8,1h,SI8,3h_SI1,3h,SI1,6.63982
-1.0920343181376049,-1.5203083478675996,-1.1432647075510245,-0.4680492844152102,-1.8885206958696366,-0.9325089444774624,1.1346278184879568,-2.2081574393342964,1.7227609010196199,1.334377494886079,N900_RS09690,SecY-interacting protein,0.976250178333333,-0.44318,4.0839,3h_SI4,3h,SI4,1h_ce,1h,ce,4.52708
-0.39276233836584185,-0.8542797391333607,0.6584089388120805,2.2635029184464335,0.9313080660009263,1.2107541823248569,-1.3473812391926991,3.470813255078267,-0.011328619414344265,-1.1324799529552574,N900_RS09695,queF,0.40873805833333327,-0.67576,3.79,6h_SI3,6h,SI3,3h_SI4,3h,SI4,4.46576
0.05912632691575315,1.25354619585038,-1.1407546241509599,-3.061399121683595,1.4329574444267121,-0.07191515441936924,-1.6836374598997288,-0.17084851463209672,-1.9156393394824929,2.129317301485103,N900_RS09700,tetratricopeptide repeat protein_2,0.8577340766666667,-0.89103,4.7344,3h_SI3,3h,SI3,6h_st,6h,st,5.62543
2.2857426718372285,-1.2600268482918555,1.2397065261375382,-2.2991605553300785,-2.028183830682081,1.5191901683451277,-1.637466595092447,-0.7035818341022082,-0.8417847380004103,0.7722395452675954,N900_RS09705,N900_RS09705,1.1162479500000004,-0.4692,4.265,6h_st,6h,st,12h_SI1,12h,SI1,4.7341999999999995
0.04231901347702216,-0.006354663699710161,0.4155075342257308,-0.6821365614719668,1.4192272557426877,0.43520215779724686,1.363483371333792,-1.322574025107541,-2.2513205601635344,2.8609098436162963,N900_RS09710,ppnN_BLAST,0.74193055,-1.1005,3.2516,1h_SI5,1h,SI5,12h_SI1,12h,SI1,4.3521
1.8432499597385608,1.0837549975450047,0.281013747669587,-0.8483642156628575,-2.3697942189690377,-0.5041697068274684,0.41771704244288105,-0.9443891790580405,-0.8110972269015023,-1.278109739022518,N900_RS09715,xni,0.8651689833333334,-0.81353,5.0527,6h_SI6,6h,SI6,12h_SI2,12h,SI2,5.86623
0.9611529381442177,-2.259213488681739,-0.33490167602522364,1.4929994210402495,1.1325264648267181,0.7259302438250574,0.792805067772042,-0.6594603137445807,-1.749251958389058,-1.5534279200158974,N900_RS09720,UPF0382 membrane protein SAB0533_BLAST,0.7154458376666668,-0.86039,3.1601,12h_st,12h,st,3h_SI2,3h,SI2,4.02049
0.6825878418771034,-0.3603059983509652,-2.1248322127678896,0.5304580358041293,-1.1428942864391551,-2.0578719993691426,0.33011591782108135,1.2424937441555188,-2.8699137116147972,-0.08240649470434513,N900_RS09725,lysR,-0.06401438333333334,-1.3765,3.0713,3h_SI1,3h,SI1,3h_SI4,3h,SI4,4.4478
1.4332338435861702,2.728695482647179,-0.5642472357355268,-1.2945402551922012,0.04311703817556624,1.4502261946805517,0.6616929220799597,0.3299742879870826,0.4245947205166562,-0.5228241775407586,N900_RS09735,thiI,1.9904512166666666,-0.66714,4.5002,1h_SI6,1h,SI6,1h_co,1h,co,5.16734
-7.422886770716859,0.07358769926432046,0.9271119513817575,1.513025771800856,0.020700974669663644,-0.9466612954180997,-0.3913046190316092,-0.2994378630007665,-0.8810822499193504,0.35198846400812744,N900_RS09740,motb,-1.347178383333333,-3.6124,0.51511,24h_SI4,24h,SI4,3h_SI7,3h,SI7,4.12751
-7.723419097848779,1.6006287765153226,1.246225252743652,0.6359484017580503,0.9871766164674997,-0.6692339279715833,-0.11069832240407451,0.32583804464942245,0.8050418769136727,-0.05622234043645269,N900_RS09745,pomA,-1.32040805,-3.2211,1.8577,24h_SI2,24h,SI2,1h_SI1,1h,SI1,5.078799999999999
-0.8696946678261086,-0.3159038114696223,-0.2734700903243487,-1.0766327755366996,-2.4573803935319414,0.4290043113468225,-1.4589199363120342,0.1503785099386326,1.1210540043129484,0.3093720123577801,N900_RS09750,xseB,0.7615611972666667,-0.4148,5.1177,12h_ce,12h,ce,6h_SI1,6h,SI1,5.5325
2.451006991092691,-1.0306656651714374,-0.4305199945949748,1.1205421315751662,-1.2151527341605686,0.9999906392874985,0.8001871991577547,0.24988524937161166,1.820846242556363,-1.4877775510123015,N900_RS09765,truC,1.0008887833333333,-0.55522,4.878,3h_SI5,3h,SI5,3h_SI3,3h,SI3,5.43322
-3.1592561024939743,3.5727122999309966,-3.011637449784051,0.0024071767976265868,2.201526232597157,-1.5476777265970498,-1.0008489968226861,-0.6668789015988359,0.7844411424290167,0.019968674998619984,N900_RS09770,yqcC,-0.6568258666666668,-2.2874,3.6543,3h_SI6,3h,SI6,6h_SI1,6h,SI1,5.9417
-0.5140152509065881,-0.40426124041401157,-0.11688771327157974,-0.2643110237316424,0.682349745218019,-1.8358496652518657,0.5629738720572245,0.6621640839048124,-0.6036509957470703,-4.396427788493585,N900_RS09775,N900_RS09775,0.7278684333333333,-0.60604,3.9951,3h_SI3,3h,SI3,1h_SI1,1h,SI1,4.60114
-3.266826449534176,1.6065466981330307,1.676153693511316,0.7621699908581978,1.2534018170756882,-2.7194711778346727,-1.4949182896502087,0.8399610258262613,-0.6657827307995291,-0.9349738591587391,N900_RS09780,N900_RS09780,-0.9735595,-3.4517,4.1385,3h_SI7,3h,SI7,1h_st,1h,st,7.590199999999999
1.1439261249250814,0.9837105028503953,-1.9834070514490136,-1.2024526710907057,2.7625137892661003,-0.2238063254135958,-1.4171617274652675,0.4833044103666425,-0.9462541099951988,-0.5996205721338884,N900_RS09785,N-acetyltransferase_1,1.332696923333333,-0.37698,4.7178,3h_SI3,3h,SI3,3h_SI5,3h,SI5,5.09478
-5.117606160399617,-2.05473786887908,-0.463527553643376,-1.9596334337037535,-0.7746753059426681,1.4413908671726812,0.8995999741530756,-0.20014659523345296,0.4864435925802268,0.16281487828169683,N900_RS09790,kfrA_2,0.42086465,-1.0575,3.0034,12h_SI4,12h,SI4,6h_SI3,6h,SI3,4.0609
-3.083548048968855,-0.6092518169129714,-1.716066964590563,-0.2899707133820171,1.0717553717892927,-0.9258010033483302,-1.9592789509479378,-2.7671887399572817,-0.026906759617143172,-0.3021878168417398,N900_RS09795,VC_0881_BLAST,0.0009123000000000066,-1.7995,3.1849,24h_st,24h,st,1h_SI1,1h,SI1,4.9844
1.2704278585347595,-0.7630655799241872,1.6882331301112548,0.33876554293706684,-1.1735247473457884,1.873663391116904,-2.419692896946562,0.7652080169355695,0.24310240266707261,1.1486956652994598,N900_RS09800,mtrF,1.01814806,-0.34777,3.988,6h_ce,6h,ce,3h_SI3,3h,SI3,4.33577
0.009107079713492894,1.7118213104086908,4.029438689282333,-1.3505398743442045,-2.8467107633533746,-0.00870993969943612,0.39106136234824856,0.5086318187258818,-0.23294302851225035,-0.32776118037922924,N900_RS09810,rpmE2,1.510024345,-0.41295,8.2299,1h_ce,1h,ce,3h_st,3h,st,8.642850000000001
-2.443396923009233,0.13645628834415502,2.3206994328062054,0.042804418426724444,-1.62949426013566,-1.6763926914094571,1.1410681033890648,0.06750126737085074,-3.276716933512141,1.3436496775957807,N900_RS09815,tsaA,-0.3122503333333334,-2.0363,2.7022,24h_st,24h,st,3h_st,3h,st,4.7385
1.8553802376747885,-0.5735107722643272,1.5691891131992735,0.7469996211270815,-0.2198847624000507,1.6830034924924175,-1.8537842400520377,1.5405184933295117,1.0141131036828293,0.2092667213912549,N900_RS09830,terB,1.415808983333333,-0.20847,5.1177,1h_SI9,1h,SI9,3h_SI1,3h,SI1,5.32617
-3.6473599175635707,-0.6840114080583912,2.1365119685929903,0.14276234610169825,-0.42511436183816786,-0.9935409729308255,0.21727470044339137,3.6005145765667734,0.23703255192109024,-1.9182369465705422,N900_RS09835,VC_0872_BLAST,-0.27440475000000003,-1.5902,3.6997,12h_SI3,12h,SI3,3h_SI4,3h,SI4,5.2899
-1.8824430550275264,0.9772495126590391,-1.0730310823463427,1.6128721194811844,-0.566562782413724,-0.00641616293532099,-1.4601968904852651,1.4959681664583966,-1.7696939124345001,-1.0385420512893206,N900_RS09840,N900_RS09840,-0.14999045000000005,-2.7114,4.5322,24h_co,24h,co,3h_SI5,3h,SI5,7.243599999999999
-3.23196918128318,4.243629124537382,-0.9079928661622714,1.6595524884117605,0.5803215022070896,-0.6020109602721675,-0.3939425675696946,-0.6031393628978452,-0.012425978682668037,-0.07938229974360522,N900_RS09850,purL,-1.7779450999999997,-4.8236,4.7371,12h_SI7,12h,SI7,1h_ce,1h,ce,9.5607
-2.552812121133456,2.304574649298881,0.4048884146584844,3.157772943187748,0.11139862973496495,0.8145566888408442,1.8104612074295714,0.8080482294751739,-0.8735003069209889,-1.6511534986394678,N900_RS09860,mltF,-0.8599122216666667,-3.8311,2.6324,6h_SI7,6h,SI7,3h_SI2,3h,SI2,6.4635
2.8401398473734822,2.745741087298389,0.6340495557875255,-0.7614284574271415,0.47559034012232354,-0.2574158473500954,0.4280784224510076,0.5736957909264395,0.51006431296264,-0.1228645902286657,N900_RS09870,tadA,2.01246095,-0.073251,4.0338,6h_SI9,6h,SI9,12h_st,12h,st,4.107051
-0.1395079803370911,-0.8866270502978892,-2.3733183799911184,0.48369761220984353,-1.3089166472015026,-0.6397381038828209,-2.981435861108382,1.206094501017464,0.6395568093984141,-1.8484564665095473,N900_RS09875,abgT_2,0.6168178333333333,-0.82415,4.01,3h_SI5,3h,SI5,3h_SI4,3h,SI4,4.83415
2.722390857584095,0.6015492861089158,0.9472354066872505,-1.1086971633055036,-0.2562917185798869,1.468081919233494,0.33847205247054507,0.3172409153505174,1.0361456429254687,-0.9575365725900604,N900_RS09880,N900_RS09880,1.7027718833333334,-0.45476,4.744,1h_SI1,1h,SI1,24h_st,24h,st,5.19876
0.9288882798301241,-0.6719856203756798,-1.5630900473665736,0.6837023555318842,0.7402088073399964,-0.3153697326655005,-2.2986460596957157,1.0489588680965523,0.8801236332979376,0.7174473543598707,N900_RS09885,pilV,0.5686602999999999,-1.7772,4.182,1h_SI2,1h,SI2,6h_SI1,6h,SI1,5.9592
2.699450225328662,-1.2152624009768234,1.6103139753909566,-1.4533959732631272,-1.053433179045225,-0.1915611672538986,-0.30684385751843024,-0.2004291286430005,-0.07882504696007753,-0.20531387394978673,N900_RS09890,pilX,1.2406471433333335,-0.524,4.5042,1h_SI8,1h,SI8,12h_SI2,12h,SI2,5.0282
2.4043030730016017,0.11592668928550268,0.8042788571137081,-0.9409116310372329,-0.03037810842918045,1.572263796917847,0.774044071022725,0.3090411430086885,-2.522946308805577,-1.1233145750706481,N900_RS09895,PilW,1.5432023450000003,-0.25193,5.4273,1h_SI8,1h,SI8,12h_SI1,12h,SI1,5.67923
0.9238562136408959,0.06895637901080887,-1.6773808477637242,-0.13795041375562844,2.167134839551584,-1.2674904569625305,0.5790314974363209,0.35915431229506406,-2.2783925315568507,0.12061425718369145,N900_RS09900,"type IV pilin, putative",0.8063051783333334,-0.88846,3.6,3h_SI3,3h,SI3,6h_st,6h,st,4.48846
0.8011052082670136,-2.357183527090064,-0.9003388900415125,0.5181086358282996,-2.255681174091122,-2.2076946839594727,0.25161052738101997,-0.1429701632710068,1.252070135596765,-0.6691535931798498,N900_RS09905,type IV pilin protein,1.4143810333333335,-0.17937,4.4726,3h_SI1,3h,SI1,3h_SI3,3h,SI3,4.6519699999999995
-1.0755605316976398,1.8384520578243784,-1.3039401248708178,3.6217687200320583,0.0065033862569200684,0.45777837808394434,0.37053371411928726,-0.5722479361776005,-0.6306193142553503,-2.3459920301647204,N900_RS09930,recN,-0.30863290000000004,-1.9175,2.5027,6h_ce,6h,ce,3h_SI2,3h,SI2,4.4201999999999995
0.45185273824682604,-2.3849917909015756,1.334304763935897,-0.678543502615498,0.004864347112433831,-1.995854849283428,1.0898882205334417,0.7429721730560805,-0.4157273222195198,-1.980847813702881,N900_RS09935,bamE,0.11239936666666667,-2.6046,3.5908,6h_ce,6h,ce,6h_SI4,6h,SI4,6.1954
2.6289131592159,1.670211189049911,2.1363373262946888,-1.755549636413447,-0.6254157642858038,1.479136157657301,-0.8639088499030847,-0.23338885553434735,0.0505464853418125,0.6382684346512493,N900_RS09950,smpB,0.8094961333333333,-1.7584,5.2157,1h_SI4,1h,SI4,3h_st,3h,st,6.9741
-1.4513338113229435,1.2035161841393434,1.379301785618769,1.955685320984983,0.3526936522219119,0.9266579715545605,0.7858007836533419,-0.3488669003932276,-2.6789172950096387,-2.042482705015113,N900_RS09955,intA_3,0.21375174833333332,-1.15,3.0928,12h_SI1,12h,SI1,3h_SI2,3h,SI2,4.2428
0.14012899513536503,1.196788548420615,-0.9982117030938547,-0.6862831800159643,-2.208189607129745,-0.9956109678720892,-1.0628609769655126,2.6186818924508084,0.32677861015453336,-0.8932965635131467,N900_RS09965,acfd,0.4379049333333333,-0.86546,4.2622,3h_SI1,3h,SI1,1h_st,1h,st,5.12766
-3.1472955681949863,3.740401820700441,-2.043827000364623,1.5262166925308733,-1.353078621937944,-0.4624114456762849,-1.6462004154001344,0.5751225206184335,1.4116486028820656,-2.101888999236734,N900_RS09970,acfa,-1.0684260666666667,-2.9294,1.7891,6h_ce,6h,ce,3h_SI3,3h,SI3,4.7185
-0.671987482158245,1.778244008126372,-1.4374032398438241,-0.9658864564305827,2.474788811528402,-1.80961717642412,0.7400737499254937,-0.4171373038449628,-0.41885619614485414,0.3543743347535433,N900_RS09975,M23 family peptidase,0.747536035,-2.2553,5.8018,6h_SI6,6h,SI6,6h_st,6h,st,8.0571
-2.4005910899856064,0.872283097350466,-0.7564843377717745,-0.5844790923457825,0.6794743527267153,-1.4027546979761731,-0.532940336173525,1.0032485300658374,1.6854847517078873,-1.8122348742554966,N900_RS09980,N900_RS09980,0.56283865,-1.0553,4.4292,12h_SI5,12h,SI5,6h_SI3,6h,SI3,5.4845
-1.2640932000490845,2.4530531955396464,-2.5267790290497314,-1.003708649974485,1.7732661737188273,-1.8437729868649568,-1.482142476206999,-0.6272451219090593,-1.5168850047296885,1.656929791555403,N900_RS09985,acfC,0.5852106399999999,-1.1974,4.3299,24h_SI2,24h,SI2,6h_st,6h,st,5.5273
-1.5900948730704274,2.1163195170943734,-0.8512622585077444,-1.0359545944630404,0.877907631171047,0.6104164582772394,-0.11157907417979906,-1.2383550976496331,0.7765565195640041,-1.911553929547279,N900_RS09990,Pseudogene_N900_RS09990,0.7508161999999999,-2.5347,4.0233,6h_SI6,6h,SI6,3h_SI7,3h,SI7,6.558
-4.201243674996683,4.4545293434662465,-0.5655780586701497,2.591493134872044,0.6963508739375225,-1.3552424761565613,-0.8888873008248201,-0.2529159565955575,-0.21865662814470133,-0.011100393358916771,N900_RS09995,tcpJ,-2.3957258,-5.3424,1.6028,12h_SI6,12h,SI6,1h_ce,1h,ce,6.9452
-1.7907327577722072,4.780649797278892,1.7503368915015574,0.7257885585742399,-1.144670114468778,-0.5612655026053521,-1.9777320569418129,-1.3094852892119193,1.2420814014465424,0.15417695153485345,N900_RS10000,toxT,-1.90126865,-4.5366,5.4509,12h_SI6,12h,SI6,3h_st,3h,st,9.9875
-2.3466411677457555,4.427905287921444,-0.6494309775132434,2.5666795062761976,-0.505839329404981,-0.8868119694968086,-0.8940750216481776,-0.19971346502450393,1.2102494158764454,0.3615498852311032,N900_RS10005,tcpF,-1.1926756833333334,-4.1516,2.9029,12h_SI7,12h,SI7,3h_SI3,3h,SI3,7.0545
-2.8991239435786924,4.067038202826779,-0.3039391973782362,2.6835787292148616,-0.8427740892058851,-1.186303381499397,-1.2049788753111002,-0.4633021382238059,2.047242697995825,0.5789357145750897,N900_RS10010,tcpE,-1.4925149333333334,-4.2571,4.007,6h_SI7,6h,SI7,3h_SI3,3h,SI3,8.2641
-3.175572949459228,4.693914365363428,-0.4231929659541222,1.1152623816952953,0.7787771615767213,-0.9403866249842716,-0.37306577308875943,0.0627343018270291,0.019234677667898548,0.007380866108853024,N900_RS10015,tcpT,-0.8828706666666668,-4.081,4.4176,12h_SI9,12h,SI9,1h_st,1h,st,8.4986
-3.2443539593156947,5.104683534067787,0.9800797347742268,1.0178061259019429,0.15959132793676534,-0.9052715111887266,-1.0169034255794593,-0.9456020254515869,0.14515728659731592,0.34833616992033223,N900_RS10020,tcpS,-1.7026167883333334,-4.7837,2.9108,12h_SI5,12h,SI5,3h_st,3h,st,7.6945
0.655071035808025,0.9757536413662091,0.9171722718582576,2.6169528879565354,0.8841740932709864,-0.9677285164373641,-0.5298741042789095,0.16664106213996635,0.6954408737553202,-0.3224203742266387,N900_RS10025,tcpD,-1.010262035,-4.7999,3.6369,6h_SI8,6h,SI8,3h_SI1,3h,SI1,8.4368
-3.561646008705824,2.6804948889720097,0.3703655689244358,2.8135261213278513,0.5771598553328977,-1.769841105096864,-1.1351025964887822,1.320504938644124,-0.3328486232418436,-0.5766510075627312,N900_RS10035,tcpC,-0.9827866,-3.9376,4.404,6h_SI6,6h,SI6,1h_SI1,1h,SI1,8.3416
-2.7361437519383105,3.766604640629973,0.1214088481255006,2.0902951625006887,0.013841910760386676,-1.4591160642631413,-0.45467738605051666,1.8458570401279029,-0.45930783201598346,-1.0194366983564185,N900_RS10040,tcpQ,-1.8950163000000002,-4.8122,2.9601,12h_SI9,12h,SI9,3h_SI4,3h,SI4,7.7722999999999995
-4.71237164446943,4.006022263143137,0.03404465187621991,2.8027030481694046,0.970046699654697,-1.293281558081083,-1.1725462524419763,-0.1052888264081317,0.0692412186341328,-0.16003580474866075,N900_RS10045,tcpB,-2.552958083333333,-5.5097,2.9322,12h_SI7,12h,SI7,1h_SI1,1h,SI1,8.4419
-3.805995302022635,2.2752188070314254,0.47697099997564935,2.3767517789496075,0.601435525334502,-1.1052062531735034,-0.8560946251491603,2.9585414092614215,-0.6677124090346803,-1.6870831946094669,N900_RS10050,tcpA,-0.8561711899999999,-3.4617,4.0052,12h_SI7,12h,SI7,1h_SI1,1h,SI1,7.466900000000001
-2.2482089110133425,3.6664498410813664,1.010209630862522,1.9139620954021757,2.3391830787359327,0.6573584995800101,-0.0588401596690582,0.7513962896441629,1.2243493852746186,-0.8217546495982844,N900_RS10055,tcpH,-1.4907641500000002,-4.6173,3.7387,6h_SI9,6h,SI9,3h_SI1,3h,SI1,8.356
-3.5436623073483773,4.670922666157356,-0.4130358503421253,1.263370724912571,0.637363367833755,-1.066219147043942,-0.7499652749289714,0.48568546646839417,0.7790085163003928,-0.9489420530497557,N900_RS10060,tcpP,-2.09559695,-5.2195,0.57672,12h_SI6,12h,SI6,1h_SI3,1h,SI3,5.79622
2.033078193479107,-1.089985108484327,2.1671138340667375,-0.6578516806843349,-1.0080015452030804,-0.09915046115919335,-0.9090811473146085,-1.7785030119273018,-1.2581663749372138,-1.837439854699984,N900_RS10065,tcpI,0.9045537753499999,-0.82336,3.4943,6h_st,6h,st,3h_st,3h,st,4.31766
-0.9505639602335361,-0.9147958673345937,3.3787790868024676,-3.139010232283241,-0.036859835433903525,-1.3853715439209018,-0.3558671147762058,-1.8266790323694047,-0.2222494782839951,-1.0674740506011937,N900_RS10075,N900_RS10075,0.9983363833333334,-0.55561,4.8773,3h_SI8,3h,SI8,3h_st,3h,st,5.43291
-2.2953547136115153,0.6663553137126068,-2.510419577905026,1.1504439065267116,-3.238815621040675,0.7104915384150056,1.055154795631041,-1.4969686534802948,0.48506669918750267,0.4266458386704943,N900_RS10080,membrane protein_1,-0.20051415,-1.7273,2.919,24h_SI1,24h,SI1,6h_SI3,6h,SI3,4.6463
1.510021651800467,2.9322038660828156,0.00432592827108115,-1.1455065683001515,0.9698439441597511,1.4488626062605818,-0.9507435850643642,-1.137071721661169,-0.32197955984423465,2.3712333508298444,N900_RS10085,Pseudogene_N900_RS10085,1.2374072200000001,-0.3157,4.4545,3h_SI4,3h,SI4,3h_SI1,3h,SI1,4.7702
1.3509790533034591,1.4532086038825964,-2.207242356914952,-0.7534068289903328,-1.0532467394713156,-0.9097110966194231,1.9136853019948168,-1.5082903051638215,1.3851151511421596,-0.3016658589439368,N900_RS10090,adh,1.5575618166666663,-0.46136,5.7042,6h_SI6,6h,SI6,3h_SI2,3h,SI2,6.16556
-0.19342250911500436,1.0410638990193761,-2.082897159610159,-1.1576415787257295,0.5209720715683764,-1.5186230724126966,1.2960804675518158,1.3900413377620249,-2.8051994524698576,-0.3952023362546931,N900_RS10105,IS481-like element ISVch1 family transposase,0.9596680333333334,-0.67947,3.7565,3h_SI3,3h,SI3,12h_SI2,12h,SI2,4.43597
0.21996806365491306,3.0256391386939927,-0.20348093224987132,-0.9934679852373804,1.2593094246032026,-0.0737653575282815,-0.18550020335946982,0.2827685009627934,1.1858922391451128,-1.5333323368402874,N900_RS10110,N900_RS10110,0.6793568183333333,-2.1993,6.3783,6h_SI8,6h,SI8,6h_SI1,6h,SI1,8.5776
2.7375004179479507,-1.6452950896748495,-0.7877313948051651,-0.8408901422228281,-0.23665251042037164,2.0418401592176894,1.4924722551863967,-0.6349505573840519,1.5617505979257749,0.09659764190009057,N900_RS10115,type II toxin-antitoxin system HipA family toxin,1.9682257,-0.085998,5.5043,1h_SI8,1h,SI8,6h_SI4,6h,SI4,5.590298
1.8841651140414335,0.1629685074919421,1.813219404312954,0.8355063934350713,-1.072039183659004,0.9181749438596261,-0.5151479020007399,-0.6137990870661467,-1.3453124257912727,0.4747814335149283,N900_RS10125,class I SAM-dependent methyltransferase_5,0.9989914833333333,-0.57546,3.7989,12h_ce,12h,ce,3h_st,3h,st,4.37436
3.01874608790047,-0.5762183291502613,-0.7828987852212712,0.6701559382315638,0.4306895928337093,-1.2368642272881814,0.28566336685935584,0.46010940684287727,0.07355095646514487,0.8185636682552955,N900_RS10130,uvrB_2,1.5001344000000003,0.076314,4.4841,1h_SI8,1h,SI8,6h_SI4,6h,SI4,4.407786
-3.806343891159025,0.10054166570657855,0.0022607298786258556,-1.7533356023761235,0.07258639009151563,0.9007198138547771,1.9258781555605409,-0.05257997099723427,0.47040317123934317,0.6845076809770356,N900_RS10135,N900_RS10135,0.8423600166666666,-0.56276,3.1146,1h_ce,1h,ce,6h_co,6h,co,3.6773599999999997
2.688089471956128,-2.090492117051796,-1.0637068766122124,-0.585650925269404,-0.5038897530473891,-0.27378439917801467,-0.23266383987226502,1.1894496003910602,0.1854216573993231,0.09650827669019324,N900_RS10140,N900_RS10140,1.3133116333333335,-0.8951,3.9297,1h_SI4,1h,SI4,12h_SI2,12h,SI2,4.8248
0.510885762731903,1.0340149207535563,-0.11989877800366477,1.1953734769245492,0.3181986098689122,-0.07753295795992377,0.894904946142393,-0.40604607038699786,-2.471340317466606,-0.46803064781594117,N900_RS10145,N900_RS10145,0.8870409566666667,-0.32543,3.3585,24h_co,24h,co,3h_SI2,3h,SI2,3.6839299999999997
1.015973773931786,-1.772947208979085,-0.4253436784611354,1.4682666349690008,0.4854513517984166,0.4576018381310884,0.2168804177361094,0.021328434793490503,-2.973525934541902,-1.9634031631888413,N900_RS10150,N900_RS10150,0.7804892600000002,-0.61802,3.9305,3h_SI3,3h,SI3,6h_SI2,6h,SI2,4.54852
1.7718039059481425,1.929071670139637,0.659528751625538,0.1946447133018343,-1.225079842122314,2.5977415451142907,-0.5867734995533069,-0.13227507984101167,-0.674355413441943,-0.1497389273022256,N900_RS10155,MFS transporter_1,1.210107171666667,-0.49048,3.8305,6h_SI4,6h,SI4,3h_st,3h,st,4.32098
0.28238579459175916,-2.8031333828191056,-0.6088955810311395,-1.2402278687291246,1.2813473596863192,-0.16550284924793068,0.34072667009245217,-0.02508607555998288,-0.331711893019642,-1.6337853534650566,N900_RS10160,NAD(P)/FAD-dependent oxidoreductase,0.9769456566666668,-0.64433,4.2472,3h_st,3h,st,6h_ce,6h,ce,4.89153
-0.3479208860374374,-0.3657497996232647,-1.2125455700884356,-0.10397238564140698,2.5857712478691464,-2.2296125904103055,-0.15297105387602228,-1.9424952495469594,0.0883322929631522,1.4854101152921781,N900_RS10165,Ferredoxin 1_BLAST,0.5862844666666667,-0.71856,3.7083,24h_SI4,24h,SI4,3h_SI5,3h,SI5,4.42686
-0.49394337731006477,-0.05721044975471262,-0.23174745093545518,-2.7021026151093968,-1.0741837984356488,1.671960164240328,-0.8262544291110734,0.7431628626926651,-2.0983757668396215,2.011052780684331,N900_RS10170,RNA methyltransferase,0.7491630416666666,-1.3601,5.002,6h_SI2,6h,SI2,12h_SI1,12h,SI1,6.3621
2.415601103884409,2.329232486671036,-0.03976073007578967,-1.265243405748984,-0.6013495662438528,0.3633271708446586,1.0285387743956007,-2.269512164651214,-0.9118658574484314,0.1405478429975462,N900_RS10175,N900_RS10175,0.9844565000000001,-1.039,5.3296,6h_SI6,6h,SI6,6h_SI3,6h,SI3,6.3686
-2.430307593834123,-2.5590613569786993,1.7559691601394452,-2.211002008540234,0.6492734405803908,-1.482965438920365,0.9705399468420045,-0.25706465261248185,-0.3978429293502037,-1.2352532897727395,N900_RS10180,citG,1.1104298,-0.90375,5.2199,1h_co,1h,co,3h_SI5,3h,SI5,6.12365
2.0440791478486657,2.366172594987797,-0.04840232787315551,-2.139740344224276,-0.11896654389712233,0.6294713309430534,-1.0596609451732968,-0.8196216571457438,-0.7944700515361777,1.7022738472692691,N900_RS10185,citX,1.7653130833333335,0.067906,5.9009,1h_SI6,1h,SI6,12h_st,12h,st,5.832994
1.1950369420450233,-0.629804341058747,0.45869763282812054,-1.1712044594473867,-0.5990625497482182,-1.5941897786569292,-1.8986623270906156,-1.0830808685258018,-2.338043881084426,-1.909714746959904,N900_RS10190,citF,0.9292020116666665,-0.2178,3.9796,1h_st,1h,st,6h_SI2,6h,SI2,4.1974
-1.787131626298435,3.275975287511491,5.034624785896005,-3.633983735879215,-2.8807791287817786,1.580333496372048,-1.552952720811697,-0.7948911725565395,-0.2681005426513775,0.7151732318946016,N900_RS10195,citE,0.003811014930833333,-9.0514e-06,0.1667,1h_SI5,1h,SI5,3h_st,3h,st,0.16670905139999997
-1.8438055953079717,-0.30610989133667643,-0.5037295642203232,1.0988639813797674,-1.8847266453871223,-0.5813978038433849,1.1615362197497563,0.7356391867612488,-0.664293142720196,2.0157140231506334,N900_RS10200,citD,0.7445614516666665,-0.88296,4.6647,12h_st,12h,st,6h_ce,6h,ce,5.54766
-3.1536122794933013,0.7486661772128169,-0.031247452850725797,0.8206572883117711,0.26903542895329463,-1.7292347032176711,2.045932544023627,-3.38484559861186,-0.14768144626236146,-1.4741218567115415,N900_RS10205,citC,-0.24613621666666669,-1.6077,3.4178,6h_SI1,6h,SI1,6h_SI3,6h,SI3,5.0255
0.10557395758731847,-0.9192718946479721,-1.0835919337819022,1.0752295983196132,-0.14701751641780356,0.051797418787674965,-0.19025892047540782,-2.5513237901418515,0.6096218885205772,1.4458701253616673,N900_RS10210,citS,0.48332815500000004,-0.98223,3.7122,3h_SI4,3h,SI4,1h_co,1h,co,4.6944300000000005
2.0854134270371034,-2.893205069526011,-0.4791651554963346,0.8465391034561622,-0.4138859556634363,1.520698024798189,0.8452160415460552,0.2787994713842773,-0.42608590463587726,-0.411681844641199,N900_RS10215,sodium pump decarboxylase,1.00029385,-0.59927,3.4684,6h_st,6h,st,6h_ce,6h,ce,4.06767
1.4530935629615636,-0.4842003415486922,-0.93700956973446,0.22338579327247743,0.4922960413081169,-2.3934162235477525,-0.1088689155653424,1.0480135691536356,-0.10200706225097178,1.2561847823271728,N900_RS10220,oadA_1,0.7096458478333333,-0.50265,3.7897,3h_st,3h,st,3h_SI5,3h,SI5,4.29235
1.112751082045663,-1.312062405470169,1.3821991106122211,1.791489263391779,-0.7843488124796454,-1.2931710183219969,1.1441484371093475,0.441987294847907,-1.1695384700211,0.45906119460993144,N900_RS10225,oadB,0.6906882616666667,-0.57554,3.6876,1h_st,1h,st,3h_SI2,3h,SI2,4.26314
0.2530947354179971,-0.08795326319556829,0.7355028611264468,0.6189227641502195,0.9912529410452886,-1.044097453291508,1.2478750698330163,1.6698855854135117,2.102538641912605,1.2651138262007675,N900_RS10230,citA,1.5451176666666666,-0.60655,4.5883,12h_SI1,12h,SI1,1h_ce,1h,ce,5.194850000000001
2.628153788949663,-1.190188349262024,2.5970381845069825,-1.2465209948111506,0.5156025978405412,0.9775149971855549,-0.29927357201765503,0.3229478347359681,-0.4054758277368655,1.1970376668037976,N900_RS10235,dpiA,1.2230958033333335,-1.0556,4.9234,1h_co,1h,co,3h_SI1,3h,SI1,5.979
0.9684503379495704,-1.9133013797511533,-0.12977181053024095,-0.42587451747257354,-1.1963851940167525,0.599172324135492,-3.0947586916865806,0.3931348532348684,1.2337840097160968,0.11848711361022557,N900_RS10245,"DOPA 4,5-dioxygenase",0.56065045,-1.0115,2.8397,3h_ce,3h,ce,6h_SI3,6h,SI3,3.8512000000000004
0.8884271082583974,-0.8547371278464306,0.4468758419079555,1.0082011056722284,-0.48355854575213303,-0.706691776241742,-1.309059025248859,-1.6449031285773503,1.5495682692124697,-0.7335897570331754,N900_RS10250,dsdC_1,0.7503687666666666,-0.5787,2.9453,6h_st,6h,st,6h_SI3,6h,SI3,3.524
0.622077860534513,0.2601306230745275,-1.8082202538378171,-0.1631953978383458,-2.59303274286932,-0.41253655303100323,1.3206677930822304,-0.17211958256836501,1.529630477014597,-1.4954171326208936,N900_RS10255,dadA1,1.2735596233333333,-0.54835,6.0066,3h_SI5,3h,SI5,12h_st,12h,st,6.55495
-2.013918765476074,-0.3100556904211934,1.2665786505394898,-0.4769918310788479,0.674620187727984,0.47172301442910186,-2.511108679045983,-1.4768721581399595,-2.195276429054282,1.362352643208404,N900_RS10260,acp,0.5481384933333333,-0.95632,4.2385,6h_SI1,6h,SI1,1h_SI1,1h,SI1,5.19482
2.2499887261832,-2.0215163620931924,-0.27967216655323834,1.8591428801158707,0.4041853749516053,0.1959086896577722,1.1199473374627664,-0.6446952036232845,0.15384371962236298,0.4408986846264722,N900_RS10265,yjcS,0.855433515,-0.62998,3.6278,3h_ce,3h,ce,3h_SI2,3h,SI2,4.25778
1.7624828164124837,-2.5034863931080347,-0.3243857163812448,0.278770608999904,0.8748073538785134,0.3248472789929193,-0.3025179204076863,0.5732303964099512,1.3401114555737994,1.4282961195380677,N900_RS10270,leuO_2,1.05003905,-0.69579,3.4211,3h_ce,3h,ce,3h_SI3,3h,SI3,4.11689
0.062132064611237325,-2.421292684073314,-0.07088021128237346,1.655595694740617,-0.03952944204751343,1.404715492715715,1.0574367190107674,-1.223102427692442,-0.6976225924017337,1.0549386549364392,N900_RS10275,vibriobactin biosynthesis 4\'-phosphopantetheinyl transferase VibD,0.8554394166666667,-0.8837,3.8415,6h_SI1,6h,SI1,3h_SI5,3h,SI5,4.7252
-2.7610075127434,-0.23081460611050753,-1.5264746836733296,-1.2428448209480762,-0.41838467820212155,1.1160755978598977,0.24351891364156864,0.9629126877020282,-0.7983843771886004,0.4514173754020874,N900_RS10280,fepC,0.21298124999999998,-2.4939,4.2221,6h_SI5,6h,SI5,12h_SI3,12h,SI3,6.716
0.9120386382019379,1.1561720647499907,0.4519611868810219,1.0235649913087972,-0.9363423761098065,-1.4690263523976923,-0.23866612266214648,-0.9150299211566668,-0.4625306162848971,1.534389724239934,N900_RS10285,fepG,0.5868479583333333,-0.76997,2.9517,1h_st,1h,st,1h_ce,1h,ce,3.7216700000000005
2.5528639390317656,-0.6195437018492838,-0.8784689578332877,-0.05873270188116786,0.21764872093764598,0.2684216334150499,-0.8935427460797896,-0.9392492806411155,1.0253924738817046,-1.1524053641448526,N900_RS10290,yfiZ,1.7708784166666667,-0.041706,5.573,1h_SI5,1h,SI5,6h_SI2,6h,SI2,5.614706
1.5521800444603393,1.5997391767435196,0.8456473269401173,-2.4248605789827606,-0.42216462064981264,0.3232707889084463,-0.4518978605769559,-0.47065059238879686,-0.6698634374048081,1.8200687930391501,N900_RS10295,fepB,0.7231161448333333,-0.55209,4.3645,12h_SI7,12h,SI7,3h_st,3h,st,4.916589999999999
1.1696573147210625,-0.23171089223832164,-3.040647720726972,-2.3511011213942647,0.053708568476670146,-1.6928665715649172,0.3307394659419241,-1.3162642411083587,1.1591727363961835,0.7839479043151698,N900_RS10300,vibH,1.49211425,0.051757,4.5359,1h_SI6,1h,SI6,6h_SI4,6h,SI4,4.4841429999999995
1.7774682083454625,-1.3939384725381454,-0.5313374936784746,-0.1203370845267655,1.491989637031873,0.20263360558644705,1.8589547480077067,1.492643781522633,-0.14943554212270505,2.6816509318394646,N900_RS10305,dhbA,1.6468398833333333,0.059113,5.3491,1h_SI5,1h,SI5,6h_ce,6h,ce,5.289987
-0.37840566474596526,-0.9572965366313635,-0.7316911356052808,1.034574997937562,-1.9216306707990323,3.137697501534253,-0.1312492525919543,3.2607478945052186,0.2205154360579279,0.5062376187831406,N900_RS10315,dhbE,0.7311756350000002,-1.3366,4.6188,6h_SI2,6h,SI2,3h_SI4,3h,SI4,5.9554
-1.3593834941054923,-0.9862216179070986,-2.148739433532903,-1.5897168877213486,-0.9972646099748254,1.7571169736352106,-0.8723343693844581,-0.01646858540489171,-2.1194283819677286,1.2878063419052632,N900_RS10320,vibB,0.5342403033333334,-1.0229,4.3948,24h_SI2,24h,SI2,12h_SI1,12h,SI1,5.4177
0.5176752540138767,0.6260695251380464,1.4054950457348732,-0.32531948717074033,1.955498451966591,-0.12345093539106422,0.5371356896095592,1.5763128690463364,-1.5656670562291493,0.8377150142987402,N900_RS10325,satP,0.43157298333333327,-0.63783,2.842,3h_SI6,3h,SI6,6h_st,6h,st,3.47983
1.5875649003632901,0.19820942628776037,-1.783533396333699,1.4290011688099926,-0.027117787572940345,-1.3597871946685811,0.8479731074845449,0.810783909195566,-0.42243026977868603,1.3318379502353281,N900_RS10330,carbohydrate-binding protein,1.0459800333333333,-0.17328,3.6814,3h_st,3h,st,6h_st,6h,st,3.85468
-2.379095495687702,4.433450287177312,0.1745790737636325,2.1921613766040524,0.8513285061386926,-1.86449149376441,-0.4971336520338059,0.3719143338633313,-0.021578734001639233,-0.49686476978829497,N900_RS10335,guaA,-2.461274333333334,-5.1525,0.92829,12h_ce,12h,ce,1h_ce,1h,ce,6.0807899999999995
-1.7540235352537943,4.0463921082525305,0.31673039498364386,2.2399043408539967,0.598875388872883,-1.8085707714094408,-0.8937751031289016,0.47124395884714426,0.302621245680782,-0.2170432049008072,N900_RS10340,guaB,-2.5002714999999993,-5.2413,0.43624,12h_ce,12h,ce,1h_SI2,1h,SI2,5.67754
1.3116103126253167,1.500867144974502,-1.6419898677431033,0.7131629984422614,-0.9359137060926853,-2.4606088312098624,-0.3566841250104651,0.3916684934019359,-0.8709792776816888,0.41233079616045476,N900_RS10345,xseA,0.7193732866666667,-1.1213,3.7351,24h_co,24h,co,6h_st,6h,st,4.8564
1.4002604209488663,-0.1717645182846993,-0.580944280358335,1.4274185033433744,1.5652743207604467,-0.45049808400139346,1.1220216575024264,0.7235187427549391,0.47103384625927036,1.8991491875379636,N900_RS10350,N900_RS10350,0.5711706716666665,-0.93289,3.7913,1h_co,1h,co,6h_ce,6h,ce,4.72419
1.4912045069489572,0.20622518054362254,1.51467661824431,-0.10067282396890476,-1.8643036215827355,1.5220995241412814,-0.4168980826663995,-1.8582855502004494,0.13783238535234033,0.8461804139450688,N900_RS10355,alanyl-tRNA editing protein,1.7071510000000003,0.20931,5.0487,3h_ce,3h,ce,3h_SI3,3h,SI3,4.83939
-0.9834375564254141,-0.507475850189717,0.2611297439446302,0.1430284781133997,0.553804435550928,2.485761813368152,1.3703426556433878,0.17888407172007492,0.4896280598049999,1.049343561221916,N900_RS10370,membrane protein_4,0.12622306666666663,-1.79,4.5876,1h_co,1h,co,12h_st,12h,st,6.3776
2.8699429607800413,3.2035705963486563,0.6326615567609751,-0.8249745233179586,0.5585693674397821,-0.5658967094298393,0.2731625005389249,0.780048401823106,0.7487710401990769,-0.9470758476750109,N900_RS10385,rodZ,1.8684183000000003,-0.052042,4.043,12h_SI7,12h,SI7,12h_st,12h,st,4.095042
-1.7544140626944107,0.7264846954523807,-2.2744523808688277,-1.953730018595896,-0.16169402616400802,-0.6974231568699534,-0.8679637637050228,0.17036788804065073,-1.1223675811429712,2.1895407888404756,N900_RS10390,rlmn,0.46516365,-1.0145,3.7412,12h_st,12h,st,1h_st,1h,st,4.7557
-1.7318862459700999,1.040017329778569,1.1634148826377861,0.6058686194313738,-1.9837265877228552,-0.3168979880682714,-1.7477512806491549,0.1866787122648138,-0.9747850963716495,0.8969390072821064,N900_RS10395,ndk,0.9319866666666666,-2.1215,5.3758,24h_SI3,24h,SI3,3h_st,3h,st,7.4973
2.3111674434537965,-0.2056185925502103,1.882707075598687,0.5146360334651368,-0.5864678477809427,-0.6584200071542885,0.3435034009173543,-0.515979244592863,0.40658022780411396,-0.8262570643508049,N900_RS10400,pepB,0.8261458500000001,-0.60498,3.4387,3h_co,3h,co,3h_SI2,3h,SI2,4.04368
-1.3394426875501706,-3.4634438591541334,1.307603141082723,-3.611772664421882,-0.4715751544777957,-0.3053140613822056,3.139879989835478,0.2981490894867978,-0.21151423227409716,-1.041922941878168,N900_RS10405,iscX,0.9174147883333336,-1.2759,4.0155,3h_ce,3h,ce,3h_SI5,3h,SI5,5.2914
1.760782926334577,-0.5782955643328885,2.1927894329405238,1.2131822080542083,-0.21140220414875555,0.10521067348023816,-0.18559592912254663,1.1669164567632613,1.1920122343533528,-1.6436729494114504,N900_RS10440,iscR,0.33505437166666663,-1.9974,3.3333,3h_co,3h,co,3h_SI4,3h,SI4,5.3307
0.25139165769950544,-1.6434594623957606,2.4210323210223677,1.1014578726927238,0.035814058038667086,-0.6950360220547622,0.07234917222951276,-1.9248448896641512,1.462656304968223,0.16332003280472818,N900_RS10445,trmJ,0.6605657666666666,-0.90209,4.3351,12h_SI3,12h,SI3,6h_ce,6h,ce,5.23719
0.5626769054678791,-1.9147290987924763,0.6411070264740444,0.9683698174685524,0.10985315857865632,0.5799017955640173,-1.4194718460765057,0.7108977010482309,-1.0031206150313214,1.651748356856239,N900_RS10455,secF_1,0.6843437333333334,-0.71,3.9036,6h_st,6h,st,6h_ce,6h,ce,4.6136
-1.1118445582516012,-1.0223979632440698,-1.155022986869148,-0.1474976316002361,-1.3972849411808859,0.8240315927661774,2.3392132931250544,1.905444973866055,-3.030208304665542,-2.034112260367004,N900_RS10460,secD_1,0.7243008999999999,-0.73449,3.6085,6h_SI2,6h,SI2,3h_SI5,3h,SI5,4.3429899999999995
1.3233210889348168,0.3978715695744364,0.45952827638005656,0.08593555189917623,-1.6278438331854779,0.5294620646577881,-2.496766606890308,0.2776463753499864,0.6429294507725256,-0.8972803904859742,N900_RS10465,yajC,0.7856455733333333,-0.56123,3.3773,6h_st,6h,st,3h_SI4,3h,SI4,3.93853
-1.213167307961523,-0.24226653420557032,-1.9413849160239656,0.7714927218899299,-0.11049635815897682,-1.463685848020658,-0.6428122534728173,-2.0650989467809184,-2.3853637683510223,-0.3470142548367699,N900_RS10470,tgt,-0.6090895666666666,-2.1984,1.6215,3h_SI6,3h,SI6,6h_SI2,6h,SI2,3.8198999999999996
-1.6031644073409592,1.244058254320837,-1.3296426495233664,1.6303535979434227,1.1968225878760568,2.640563805543503,-1.2260462562248216,-0.4954879482203089,-1.9762750582736146,1.0123808224605564,N900_RS10475,N900_RS10475,-0.3738963333333334,-2.4991,3.7558,6h_SI5,6h,SI5,12h_SI1,12h,SI1,6.254899999999999
0.5787060159281157,-1.6407384275871195,-0.21289587906886787,0.8436167607543168,1.195879552178952,1.388436329722594,0.6654259213678281,-2.433253155381095,-0.9306396525001169,1.2892351715775032,N900_RS10480,queA,1.0673871283333332,-0.45188,3.864,3h_SI4,3h,SI4,3h_SI1,3h,SI1,4.31588
-3.4979080485071625,-2.1632764617947204,1.3423564176461957,-1.425093447557313,-1.164461639896298,-0.24004053884562304,3.7522237464125388,-0.7713313558494148,0.16313617044573658,-0.6055796670581948,N900_RS10485,"acetoin utilization protein AcuB, putative",0.6086582933333334,-1.6829,4.3271,12h_SI1,12h,SI1,3h_SI5,3h,SI5,6.01
0.14897050832865677,0.7020844443664889,0.26690207776125585,1.3137794097487037,1.3235604285210463,1.277724633977846,-2.606292881236042,-0.24161993235947493,2.1876113331800293,-0.7028740407783896,N900_RS10490,aceA,0.7124579333333333,-0.80089,4.0048,3h_SI2,3h,SI2,3h_SI1,3h,SI1,4.80569
0.767034203830133,-3.0033651326114477,-0.5603821003360387,1.0092393394597199,1.2183297698991824,2.2959727207041327,0.44294232198469874,-0.045224931702809834,0.1544712918767303,1.3830499574670208,N900_RS10495,malate synthase A,0.8153005333333333,-0.72766,4.1538,12h_st,12h,st,3h_SI1,3h,SI1,4.881460000000001
-1.944296551332939,1.5490962220349649,1.280573862825431,-2.265142675166902,1.7417146576073694,0.48535222769049313,-1.0429291741202278,-1.03368998159489,-1.851269982360543,1.3889329231260181,N900_RS10500,oxyR_2,0.6349551666666667,-0.60333,5.3903,6h_SI4,6h,SI4,6h_SI2,6h,SI2,5.99363
1.3344203026830117,-0.34099459581668,-0.6786186991162165,-1.3427531240917556,-2.168580380921922,0.10617118098706946,2.1501991932478464,0.05087032902759897,0.40879655944646487,-1.730974575174159,N900_RS10505,ahpC,1.4291768500000002,-1.364,5.3442,6h_co,6h,co,3h_SI2,3h,SI2,6.7082
-0.24954142473738772,1.425837570234302,-2.027851705654546,0.29303936198339553,-2.0773721377971404,-1.382233522491806,2.3127551200603267,0.672841982152063,1.0936679682890758,0.9218549651783348,N900_RS10510,cutc,0.25129931833333335,-2.1171,3.5805,6h_SI6,6h,SI6,3h_SI3,3h,SI3,5.6975999999999996
-0.04932175628769553,-0.00945622916570632,-1.9109412628861127,-0.8114649038885928,-1.0606855764441638,-1.2479933153589613,1.1893162691359598,2.449594765088691,-1.4231868739964768,2.7283285353496103,N900_RS10515,ppk2,0.7086226166666667,-1.0966,4.6843,6h_SI1,6h,SI1,6h_st,6h,st,5.780900000000001
1.6877922265889564,3.1015073915383478,0.04163144110303218,-0.09209068180690827,0.16623290533232238,-0.28281464811273316,0.044463253340419784,0.6111274635273227,-0.24264583387566285,-0.23071804403898677,N900_RS10520,phoU,0.5506144333333333,-1.8346,3.6372,12h_ce,12h,ce,12h_SI1,12h,SI1,5.4718
1.7437345191422438,3.3823527666558393,0.0730785615813119,0.18235946641148892,0.3020879585544904,-0.4151661636096404,0.04277200453288599,0.3382253714471466,-0.04454188363807443,0.06276798981661591,N900_RS10525,pstB,0.1757820833333333,-1.8783,2.3586,6h_SI8,6h,SI8,1h_co,1h,co,4.2369
-0.591396090174674,2.9237995909934136,-1.0021474063457028,-0.041186178314684074,0.34746768772827724,-0.033367450179897507,-0.05106649834935295,-0.956355731498175,1.2417071091369307,-0.46682090429513945,N900_RS10530,pstA_1,-0.602148235,-2.6707,3.5502,6h_SI7,6h,SI7,6h_SI3,6h,SI3,6.2209
-0.10891564401142562,0.997888249281335,-0.632355460794527,-0.3491328088089831,-0.09427614845544513,2.5468867225405933,0.4929617761748155,1.8152706661170213,1.007287406509602,-0.4149781760299902,N900_RS10535,ABC transporter permease subunit,0.8301080166666668,-1.2529,3.6158,6h_SI6,6h,SI6,12h_SI2,12h,SI2,4.8687000000000005
1.5752203294419393,-2.029012036996616,0.9085411584408434,0.4347663237085193,-0.6803375698885986,1.7355604619816707,-2.9311063669905764,0.46694212805231755,-0.14972037940304428,0.7591969748805465,N900_RS10540,ppk,0.9519073166666665,-0.59506,3.3621,12h_st,12h,st,3h_SI1,3h,SI1,3.95716
-4.66432442396591,1.5238922364184253,-1.037711615061148,2.7874043178063763,-0.6523850020428347,-1.4145319055394512,-1.902833305153868,0.5514211694281341,0.6793837765707678,0.3241669042399471,N900_RS10545,ppx,-0.7627546066666666,-2.6007,2.5628,6h_SI5,6h,SI5,1h_ce,1h,ce,5.1635
1.3287544787355152,-1.7790991823794124,-1.2380048257904719,0.7183158569486898,0.5384085074216491,0.7841976765679216,-2.6971941101810453,1.4059740743110445,-0.28786232895965,-1.2246281825325134,N900_RS10550,pstS_1,0.136041615,-1.5951,3.1004,1h_st,1h,st,3h_SI4,3h,SI4,4.6955
-1.3926980896517958,3.912060819035301,-0.41103642317337286,1.9984596071468048,1.9658303588059718,-0.16790973680671217,2.318655782898574,0.3492775019830151,-1.0180998084008062,1.8258625987816706,N900_RS10555,phoR,-0.37751305,-2.7717,5.157,12h_SI8,12h,SI8,6h_st,6h,st,7.9287
-3.2003285992690143,3.385460852598497,0.46432036718517106,2.9684034104472863,0.957542204042362,-1.1609189773917183,-1.034945354050361,1.3647186790606793,1.1888994675334223,-0.3863844143936378,N900_RS10560,phoB,-1.8571527500000002,-5.4058,3.2188,12h_SI6,12h,SI6,3h_SI4,3h,SI4,8.624600000000001
0.7406371574447799,-2.817117699697368,-0.1694497276749033,0.7333525740326952,-1.727028478365859,-2.148993071714727,0.4940989676769594,-0.23833684263968108,-0.8316400705521664,-1.1447094193093483,N900_RS10565,rdgC,1.1877280799999999,-0.16884,4.4638,6h_st,6h,st,3h_SI2,3h,SI2,4.63264
1.513207442778465,1.4126313060133464,1.2725056542182906,0.13857877082377978,0.6669185309254679,-0.27647502090243314,0.7056329808892826,-2.3991137374619225,-0.15105582815686602,2.4310141761599855,N900_RS10570,rlhA,1.2561173116666668,-0.24587,4.5197,3h_SI4,3h,SI4,3h_SI2,3h,SI2,4.76557
-0.35613927190681816,-0.6279512679914456,-1.1849949686265946,-0.4712993955390281,0.41481073436869736,-1.587235384635679,-2.5293911183039324,-0.2545259077813394,-0.9406803709258295,-2.0920896388994423,N900_RS10575,yfhl,1.246023183333333,-0.57348,6.3936,24h_SI1,24h,SI1,6h_SI2,6h,SI2,6.96708
2.6921720957303146,-1.3600462071743205,1.4309273476062072,0.5849071841487063,-0.14056442344800207,0.8560036207409768,0.03505925404921606,-0.01359316991645515,-0.7157045635954556,-0.7997181676555697,N900_RS10580,nfsA,1.6759806666666668,0.13171,4.5403,1h_SI6,1h,SI6,3h_SI1,3h,SI1,4.40859
0.7497025770927426,-0.6317647092257005,2.7787030864188154,0.5044174639171612,0.1569640926644634,-0.05465978447001585,-1.7845612846028531,-1.414989647449313,-0.9795179527819439,0.4154031424855962,N900_RS10585,N900_RS10585,0.8594733166666667,-0.5367,3.1927,12h_st,12h,st,3h_st,3h,st,3.7294
-1.1536668267691788,-1.2567827646041632,-1.1700266859208326,0.7068150471396359,-1.5882794769241446,-0.8641941915179885,1.85694389184607,0.5282597077502103,-1.9156602955695083,-0.8392133559830256,N900_RS10615,clpB,0.39848543333333336,-1.4682,4.0205,12h_st,12h,st,3h_SI2,3h,SI2,5.4887
-1.2314267152300316,2.184838791138284,4.165798746284179,-2.3143696047635323,-1.843360643575993,0.3047956999949277,-2.3003071835130626,-0.3049003768901947,-2.027129700410674,0.24534390467973233,N900_RS10620,pgeF,0.010234400833333332,0.00081172,0.15932,6h_st,6h,st,3h_st,3h,st,0.15850828
0.2228525404453574,0.7567449079802171,-3.0991559617502196,-0.2985000816148282,-1.3621582155174254,1.8101834945693978,-1.5587766374791465,-0.8799906618268318,-1.0554993597924471,0.4045183800781462,N900_RS10625,rluD,-0.10167664999999998,-1.9778,4.9014,6h_SI6,6h,SI6,12h_SI2,12h,SI2,6.8792
-0.7576773759227957,-0.7065606744221558,0.4232283459529736,-3.8716133635738474,2.9919045975858634,-1.7499493810979656,1.262629425129969,3.078974380463129,0.4924680839321536,0.7396235075478712,N900_RS10635,raiA,0.9942305166666665,-1.1243,6.038,1h_SI2,1h,SI2,6h_st,6h,st,7.1623
-0.5336353202818627,-0.9266095899594664,-1.6980136297343957,0.3712311732834097,-1.5916460261924898,0.13457127637734356,-2.0308888729898698,1.6732175645785967,-1.4802772021981232,-0.3535629118069813,N900_RS10640,pheA,0.65419355,-0.98323,4.5567,6h_SI3,6h,SI3,12h_SI1,12h,SI1,5.53993
1.4941612889363025,-1.385655056293092,1.0319566212643307,1.711843190799038,0.49411951260731934,-0.22134241948033195,1.9573089210322157,0.4990903872017787,0.8074219184920701,-0.048910778516943476,N900_RS10645,spuD,0.9756478036666666,-0.41492,3.874,3h_st,3h,st,3h_SI2,3h,SI2,4.28892
3.1151399809800253,-6.788512885974596e-05,2.166273794601333,-0.8124332215992971,0.3259459574838887,-0.21275180113072234,-0.3750395910774964,0.27139345688983185,-0.9009674069587174,0.05929552193148446,N900_RS10650,mbaA,1.4215278516666667,-0.20788,4.767,1h_SI9,1h,SI9,3h_st,3h,st,4.974880000000001
1.9396182641976027,-0.6489591109319013,-0.2203455239325356,0.8935791313456183,1.8323967390383167,-1.0202734500698385,0.3186616333232153,1.400001888132855,-0.6695235354994996,0.16518362229917338,N900_RS10655,yjjX,1.2749081666666666,-0.18479,4.2971,3h_st,3h,st,3h_SI4,3h,SI4,4.48189
-0.4311801496967078,0.4844122097998118,-1.987633553838151,-2.806550352327952,1.2748243452878096,-0.27188785073470045,-1.9885169673604322,-2.45098223066542,0.7843432854413157,-2.789712799342963,N900_RS10660,trpR,0.81690325,-0.46735,5.6671,1h_SI5,1h,SI5,6h_SI2,6h,SI2,6.134449999999999
2.079257549816843,-1.9360052986085825,0.4065434247741224,2.1202788131613524,-0.7728668277326345,-0.21362930734982455,0.735064870590928,0.3626774358524167,1.29728852006165,-0.8170636289839551,N900_RS10665,sltY,1.2524905166666664,-0.26201,4.4344,1h_st,1h,st,3h_SI3,3h,SI3,4.69641
-2.438077814453407,0.5355604197855399,0.5670384787692689,-0.48512131305213035,1.1579795316337946,-1.9261808236838593,-0.5530078451070704,0.6610212832317868,-1.65699645724703,2.8012541177957218,N900_RS10670,ettA,-0.15026375000000003,-1.9512,2.8951,12h_SI2,12h,SI2,6h_st,6h,st,4.846299999999999
1.723716451557645,-1.501540833376022,-0.7399346832434079,1.592147023292966,1.6648360317999882,-0.5465977211532047,0.16407741296652462,-0.7630270718543277,-0.7895538984600766,-0.413883413729555,N900_RS10675,N900_RS10675,1.0039942966666666,-0.4473,3.4993,3h_st,3h,st,6h_SI2,6h,SI2,3.9465999999999997
1.8321907104070423,1.75585839844152,0.8779940508759108,-0.35529528910771035,-1.372570575046638,0.3968732721301721,-0.06380478981152171,1.111334972324394,-0.2229317284257477,0.061352438571634194,N900_RS10680,tyrA,1.0379978183333334,-1.1386,4.8395,1h_SI1,1h,SI1,1h_st,1h,st,5.9781
1.1106100321532901,-2.9182394769069853,0.37725614899543963,1.1493765409869527,2.060718813232471,0.47574857692822875,-0.13289807116013652,-0.899582685074378,-0.9987405747829129,-1.537361102701143,N900_RS10685,aroF,1.2231554433333331,-0.30978,4.4271,12h_st,12h,st,3h_SI1,3h,SI1,4.73688
2.820427823638874,1.0810710753231654,-1.7853936680549893,-0.9027159079942798,1.6896509319027828,-0.7887464575350489,0.8402626762958509,-0.024957368620018572,0.8501703695140441,0.01976902997825658,N900_RS10690,btsS,1.9919808333333333,0.082042,5.3537,1h_SI7,1h,SI7,6h_st,6h,st,5.2716579999999995
-2.5478601886098975,0.43206751721596415,-0.166756477304997,-0.4251791085442769,-1.5444282449846343,-0.43054047237871407,-0.5424070686898617,4.208351052857656,1.89825675421132,-2.866223458460417,N900_RS10695,yehT_1,0.48096748333333333,-1.0424,3.3784,6h_ce,6h,ce,3h_SI4,3h,SI4,4.4208
-1.2003660831267704,-0.2588623561145096,-0.6886419224309086,2.2221289285645645,-2.1183298618961834,-1.4064646190371883,-0.022161743158553793,-0.08736565008524472,-1.7468967028885998,-0.17586525090652383,N900_RS10700,nagZ,0.09677443333333334,-1.5042,3.0174,6h_SI1,6h,SI1,1h_SI1,1h,SI1,4.521599999999999
0.4094876935129217,-3.968832361802121,0.6264316379077497,1.79448478973891,-0.35979430209690594,0.17711862597561123,-0.6151087950206655,0.6361267481336821,-0.10210860627972185,-0.05254900752517022,N900_RS10705,anmK,0.8871709581666667,-0.79866,3.4368,6h_st,6h,st,1h_SI1,1h,SI1,4.23546
0.45621197817768433,-2.7478234192389945,0.8045335268947843,1.4746366353080815,-2.4160701869882035,0.5558836199581394,2.411392236933432,2.1555982249012575,-0.31492033809210007,0.3814187278761476,N900_RS10710,murQ_1,1.3019681,-0.69452,4.5835,6h_SI2,6h,SI2,3h_SI2,3h,SI2,5.27802
1.3804888109807312,-0.4201407376926549,1.0647331262833566,-2.219736494892977,-0.24463709066029218,0.31920701649941075,-0.5386845888817076,-3.1676917854636066,-2.2324223910230527,-1.2234224788653103,N900_RS10715,nhaP2_2,1.5082248333333332,-0.14598,4.9172,1h_SI7,1h,SI7,6h_SI1,6h,SI1,5.06318
2.6511011805358393,-1.5040948990742498,1.1443620691241974,-2.280957200826194,-1.1571967652782598,-0.10439414027203475,-0.10416930733557273,1.4948844953257194,-1.898352181137986,-0.02306337750301546,N900_RS10720,N900_RS10720,1.461934133333333,-0.79743,4.4822,1h_ce,1h,ce,12h_SI1,12h,SI1,5.27963
1.0573818880072121,-0.1201539752176719,-1.4667279466920755,0.4997045278985377,-1.9071218471637899,-1.6761741026237584,-0.10880989524081675,-0.6183155364457358,-0.09256669662902184,-0.6702064931519449,N900_RS10725,carbon starvation protein A,1.2142237999999999,-0.12666,4.0181,3h_SI1,3h,SI1,1h_st,1h,st,4.14476
0.5728914663054852,0.4814778656628311,1.2882442951276436,-0.6118413405756893,-3.398259986680433,-0.16635880601387165,1.5466603584547696,1.3686590289461127,-1.394492151097404,-1.3400809377019174,N900_RS10735,fkpB,1.2847738666666666,-0.17285,4.504,1h_SI3,1h,SI3,3h_SI2,3h,SI2,4.67685
-2.15247638812151,-1.4479682444186515,0.35575669897696044,1.4091200759624107,-1.4250939570106813,0.16726970049152323,2.0646615093068896,-0.07701305824902333,0.019352831896505163,1.6979776866157266,N900_RS10765,winged helix-turn-helix transcriptional regulator,0.21679090166666662,-1.551,3.4278,6h_SI2,6h,SI2,6h_SI4,6h,SI4,4.9788
0.06705934566470173,-1.0469869337198192,1.4211847492139746,-0.46368146410066324,-1.040435868840973,0.6296954047467496,-2.3673098424053176,-0.4188411556530008,-0.9571230068596436,0.9073000267699416,N900_RS10770,nhaR,0.8342503000000001,-0.72356,3.5447,3h_co,3h,co,3h_st,3h,st,4.26826
0.39111029309014533,-0.781578587780869,-2.002866714367033,0.023013660407032566,-1.0231001525388186,0.6409388304859466,-1.9156551657071577,0.06770582807011397,0.5799346201029218,0.5100011032617051,N900_RS10775,nptA protein,0.8653220833333334,-0.59151,4.5301,6h_SI1,6h,SI1,6h_SI4,6h,SI4,5.12161
1.946843357342014,-1.805275280236673,-1.7981032325974116,-0.38855365739399894,-0.5167151469366951,0.9170136346235257,-1.4510467623422734,1.3493557255917177,0.23025285276898616,1.0721171535530458,N900_RS10790,Probable membrane transporter protein HI_0902_BLAST,2.112597333333333,0.48427,4.8625,1h_SI7,1h,SI7,12h_SI3,12h,SI3,4.37823
3.1697216254751863,-0.901177205158114,-0.389100761663053,0.6631142681709239,0.9121111408430981,0.10363638437780531,1.4703381103263666,0.6534035453746039,1.3252019600287541,-0.30008756137870085,N900_RS10795,ptsP,1.174593205,-0.58965,4.3913,1h_st,1h,st,3h_SI1,3h,SI1,4.98095
-1.3175592111257275,-1.3152035889209832,0.3543093390288036,0.07308361424442777,-2.448039122362614,-0.3407437826219126,2.1047429493033727,0.5657734205453073,0.1505527027924653,1.2067401608052293,N900_RS10800,rppH,-0.37369985000000006,-2.3278,2.4212,3h_SI9,3h,SI9,3h_SI5,3h,SI5,4.749
2.9063015520425717,2.0497410736629966,0.7191071305850641,-1.6782639353117186,1.2953505191953953,-0.6233009798216291,0.4285141121248284,0.2269800848838893,-1.2914661289110416,1.3599589503285958,N900_RS10810,mutH,0.7047311666666667,-0.77214,4.4458,3h_ce,3h,ce,6h_st,6h,st,5.2179400000000005
-2.656119509350142,-0.11315396873220102,0.6303648604283018,1.274962809398239,1.5535678198752867,-1.3292718583132652,3.5156712108990114,1.4049801550758383,-1.5169568255943582,1.3700783662428828,N900_RS10815,NADP(H)-dependent aldo-keto reductase,-0.012081716666666641,-1.7543,3.1029,6h_SI2,6h,SI2,3h_SI2,3h,SI2,4.8572
-1.1601387918079813,1.0761533081625267,-2.883844116560052,0.7829139757983556,-1.102403350932695,1.1820105313076112,0.8937294799743742,1.5846862571840854,-0.7372575735181212,2.416590684144656,N900_RS10820,N900_RS10820,0.28918889833333333,-1.0898,3.9031,6h_SI4,6h,SI4,12h_SI1,12h,SI1,4.9929
2.6534960041165663,0.006820336587181619,-0.8403853176285903,1.503295706976664,0.6468206055864847,0.35255463232683615,0.20600239424711597,-0.07378044616886714,0.026667707344315894,0.3544861696866053,N900_RS10825,vpsR,1.4516895,0.13202,4.0584,1h_SI7,1h,SI7,3h_SI1,3h,SI1,3.92638
-1.783971612146417,0.9473117903966878,-1.583111810270012,0.3267879452625593,-2.7279178392974144,1.5778784654894435,0.09517244647699896,2.0874103797062933,2.1032108385526023,0.8045117066533165,N900_RS10840,brnQ,0.6420281783333333,-1.4047,4.9276,6h_SI2,6h,SI2,1h_co,1h,co,6.3323
-1.1728983992410877,-0.3377471506538837,-0.8761480317084078,0.2352143593619056,-2.3909581514759553,2.604694595258249,3.392779002481597,-0.5987688242054214,0.11641153599386517,0.2255265182593411,N900_RS10845,tRNA1(Val) (adenine(37)-N6)-methyltransferase,0.9199837166666668,-0.6749,3.8528,6h_SI4,6h,SI4,12h_SI3,12h,SI3,4.527699999999999
0.010069263014733654,2.797545223880385,-1.928721517840921,-1.778771744593888,-0.9589248956145275,2.2701183003737553,1.5111920937271777,-0.04775474654220463,-1.4669523053546127,-0.1339343646183685,N900_RS10850,srmB,0.9298115916666668,-1.6446,6.8322,3h_SI6,3h,SI6,1h_st,1h,st,8.4768
2.607078369955281,-2.1438011963554002,-1.440082579423191,-2.8906844324839978,-0.6220136225663928,1.5849880554757654,1.3951701979282831,1.4725315268748196,0.5591435274081514,0.5299925943773609,N900_RS10855,prfC,1.3836478166666666,-0.62836,3.5572,1h_SI4,1h,SI4,12h_SI1,12h,SI1,4.18556
2.4660479647917057,1.1884257817276236,1.0389375227045738,-1.511923283784525,0.7261540205087754,-0.9416458857778403,0.06340269930947862,0.46084368455571467,0.7813820973729615,-0.29158464734629586,N900_RS10880,N900_RS10880,-0.6263952333333334,-2.7087,3.6446,1h_SI7,1h,SI7,6h_SI4,6h,SI4,6.3533
-1.1203620646017658,-4.156398702033664,0.7969051200053262,-0.17915495111929336,1.8073399053729557,0.9218027627809147,0.7819684679851653,-1.1268156517552828,-0.9514439982375223,-0.6256197774810199,N900_RS10885,flhD,0.7052683333333333,-1.2331,2.7638,3h_SI9,3h,SI9,3h_SI5,3h,SI5,3.9969
-2.994914310446808,-2.809738453833978,-0.8454172291073966,-0.8944769708262609,-2.299371305850674,0.6589466351591371,-0.36321303688339257,0.7936569132264277,-0.20074460470405453,2.3320304015787565,N900_RS10890,flhC,0.35851321666666663,-1.0228,4.4179,6h_SI2,6h,SI2,3h_SI6,3h,SI6,5.4407000000000005
-2.691594232489969,0.09089092781747563,1.841860289769945,-0.9590221273290617,-1.7791769255397252,0.02215038274584047,-1.3671651999326062,3.7411843317012403,-2.792424303778178,-1.1025701744350753,N900_RS10895,eexS,0.06437866666666668,-1.6187,3.1684,6h_SI3,6h,SI3,3h_SI5,3h,SI5,4.787100000000001
-1.4088990729233533,-1.4554568495070048,2.7035291190316926,1.6617992515209727,-0.45216721248671266,1.5856815763888175,-1.7402763210672687,2.2150252194090783,2.170579975233339,1.008875551188128,N900_RS10900,trag,0.3459135199999999,-1.6503,3.6511,12h_SI1,12h,SI1,3h_SI1,3h,SI1,5.3014
-7.3210381347735485,1.1098124917171481,-0.4438901834375491,0.5987835570812061,-0.4062648532211045,1.1151370792817867,0.4809867078052533,-0.049090450683037135,-0.7492722533699564,0.7819480327848198,N900_RS10905,trah,-0.6339289333333334,-2.5796,1.8534,6h_SI5,6h,SI5,1h_co,1h,co,4.433
-6.515089593712562,-2.4964684244691755,1.7472794927653594,-2.11332474606644,0.5880496370646837,-0.1939119816454411,0.782629169977376,0.45392360115115,1.2793308384498454,-0.6043467517672613,N900_RS10910,N900_RS10910,-0.5319431,-2.2409,2.2927,12h_SI1,12h,SI1,3h_SI5,3h,SI5,4.5336
2.6438038992838937,-1.9755662243649748,0.5394271614550936,0.6707815449668866,-1.2662858301412017,-0.01061430202493463,0.38716758328776124,-0.47204096561650016,-0.04713738515515353,-1.3580575126707122,N900_RS10915,xerC_2,0.8439150166666667,-1.1346,4.1703,3h_ce,3h,ce,3h_SI2,3h,SI2,5.3049
-2.8784898203287153,-0.23289944105362825,1.6980592910171866,2.638984160767369,1.604628598207417,0.2942231342036449,-1.1535340467519821,1.5537279266965969,2.885499589874293,-1.059309262782346,N900_RS10920,dfrA1,-0.07302023,-2.8517,3.1601,3h_SI9,3h,SI9,3h_SI1,3h,SI1,6.0118
-2.1813986503529756,-2.1212798207260324,0.6908792855727202,-2.3379111574756055,1.6332683857219865,-2.3997374691714803,-1.25965701097198,-0.8071196923345809,2.5153174992223124,-3.072520734300279,N900_RS10925,N900_RS10925,0.5767669666666667,-1.5297,3.4293,3h_SI9,3h,SI9,6h_SI2,6h,SI2,4.959
-1.2212961897915715,-3.863193418927225,1.8332083043995708,0.3310864907725981,1.6475718111351418,0.13430925973774643,1.23534532479938,-0.12990372152026047,-1.6509376387899697,-1.4506239680783166,N900_RS10930,XRE family transcriptional regulator_7,0.4640263666666666,-1.5717,2.7051,6h_SI3,6h,SI3,6h_SI2,6h,SI2,4.2768
2.1566612837255743,-1.2891671825895354,2.304736563026821,-0.775228888968176,-0.8791124013245285,-0.46523236988077943,-1.0576036759821923,-0.8522492567934903,-0.7216981382883741,-1.0635525773619083,N900_RS10935,N900_RS10935,1.2922906666666665,-0.55182,4.4046,3h_SI9,3h,SI9,3h_st,3h,st,4.9564200000000005
1.036237253492402,-3.3052576163486,1.0335491149750953,0.38865833471991573,1.4940324477878637,0.4742979533008207,-2.050091892367856,1.06160214982016,1.2906430302734981,-0.48652993478381357,N900_RS10940,AraC family transcriptional regulator_3,1.0575942833333334,-1.0202,4.7962,3h_SI9,3h,SI9,3h_SI1,3h,SI1,5.8164
-0.15437317362607095,-3.541251657685259,-0.981511540686707,-1.4608126127259913,-1.7665354243067186,-0.4622453539652174,-1.6688710339122743,1.3478469028836269,0.35450813921644686,-0.27856576760917184,N900_RS10950,N900_RS10950,1.07201229,-1.2305,4.1432,3h_SI9,3h,SI9,12h_SI3,12h,SI3,5.3737
-0.9239229578421733,-3.4348146433553364,0.21638272001808945,0.35947223959161967,-0.6049672706067347,-3.022718397164978,0.4714519087965483,-1.0441460181244637,-2.156605737543626,-2.0008259238852064,N900_RS10955,primase,0.19470681666666667,-1.3159,2.75,6h_st,6h,st,3h_SI2,3h,SI2,4.0659
-4.205955930757981,-0.7506253174378832,0.055724847640508446,2.6440442198591354,2.051875637168373,1.8557939589638346,-1.091540542430021,0.08388317075767662,-0.3994889541413361,1.0759882833537413,N900_RS10960,N900_RS10960,-0.44036805833333337,-1.7118,2.7622,24h_SI8,24h,SI8,3h_SI1,3h,SI1,4.474
1.3393518042870038,-3.1101180334826584,0.8839965027238329,0.49339729273988864,1.2877820720166115,-0.8721848249570849,0.028656084733026055,0.3358491603725512,0.8056535335157089,0.41577507782780465,N900_RS10965,radC_1,1.139460383333333,-1.3263,4.0753,3h_SI9,3h,SI9,6h_ce,6h,ce,5.4016
1.3719399956535394,-2.0781060763847234,1.0327021797088978,0.2863486480592683,2.3975094760952933,-0.07370622318698739,0.1563936255338385,0.6408123361029539,0.8594069950308766,1.563417749821823,N900_RS10970,N900_RS10970,1.1032199833333334,-0.88132,4.4139,3h_ce,3h,ce,3h_SI1,3h,SI1,5.29522
-2.057098084885454,0.108049547941313,2.286144378586596,2.4862356720398573,-0.5262934008346067,0.9062384280580018,2.116074513458721,2.2442826111577747,-0.7302901941295542,0.04638349690897281,N900_RS10975,N900_RS10975,0.18297694666666672,-1.8268,3.721,6h_SI3,6h,SI3,1h_st,1h,st,5.5478000000000005
2.3771304054521663,-2.1272707121916463,2.805352411078577,-1.0909751416810374,0.22203395697544465,0.21300711247876158,0.49795902034213246,0.19249900935533382,-0.22801567270447076,0.983287193232927,N900_RS10980,N900_RS10980,1.1212998833333332,-0.7815,3.3966,3h_SI9,3h,SI9,3h_SI1,3h,SI1,4.1781
0.36741765259471215,-0.8635164982400416,0.3357255739827432,1.1098146086640015,2.796679823662372,-1.855227989769697,-0.2384034126398411,1.5230581326825752,-2.2830075022305896,0.19402297286084025,N900_RS10985,N900_RS10985,0.1310744666666667,-1.4431,3.467,6h_SI3,6h,SI3,6h_SI4,6h,SI4,4.9101
1.023563120382975,-3.9095564963533103,1.0692606644649716,0.4095580916011765,1.3293986062191847,-0.3602369537434136,0.4061393014176542,-0.18780605020859037,-1.4737642074516795,-0.9647236335473419,N900_RS10990,cobS,0.8855663333333333,-0.85332,3.7089,3h_SI9,3h,SI9,3h_SI5,3h,SI5,4.56222
0.5060955718098494,-3.2700145439491766,1.477941126166998,0.8668756577859167,0.08427445516290236,-0.06529690335015192,0.9586704989634205,-1.3029982828983582,-0.10688393135816088,1.1564435570475928,N900_RS10995,endonuclease,1.0048477166666667,-0.70668,3.9797,6h_SI1,6h,SI1,3h_SI2,3h,SI2,4.68638
-0.27665272314409384,-3.222611001264747,1.806782665450133,2.2007391890794397,-0.0821960392809088,0.5672263177024892,0.27459113715566763,2.22423840757933,-1.786864594281913,-0.892919561317454,N900_RS11000,bet,0.6475419501666668,-1.7325,4.0806,6h_SI3,6h,SI3,3h_SI4,3h,SI4,5.8130999999999995
-2.1432506730638696,-2.40688884065453,0.7708895336015278,-1.7120366641450817,1.0937528234920788,-2.1972657130782416,1.1379453479876722,-2.0205839515436614,-0.9349091424647088,-1.3359946311683002,N900_RS11005,ssb_2,0.08018663333333334,-2.0332,3.4911,1h_SI2,1h,SI2,6h_SI4,6h,SI4,5.5243
-3.27153828133338,0.16244298527372447,3.4703233959397446,-0.4843342456719366,0.22629068604178618,-2.2518456194963785,1.4375114359206083,-2.328355643634882,-0.5282086893231227,-1.225227830755736,N900_RS11010,N900_RS11010,0.5432875566666666,-2.7821,5.2416,3h_SI8,3h,SI8,3h_SI2,3h,SI2,8.0237
-0.6670047521352678,-1.3811178035818743,-0.6036181865484148,-1.6046276706754845,1.3982917075809473,-1.842592502744922,-0.8574419020932229,1.989635404744905,-0.8963226776804544,-1.2287672049800653,N900_RS11015,N900_RS11015,0.19938179499999997,-1.9778,4.4795,3h_SI9,3h,SI9,3h_SI5,3h,SI5,6.4573
2.090896919427622,-0.11347622997742973,1.6938293000019489,-1.88549510462471,-1.1500870637894791,-1.068146178436041,-0.893359132164296,0.23908878030741076,0.19416612130423577,1.7081989607105206,N900_RS11020,endA,0.9598541333333331,-0.81182,3.7629,3h_SI9,3h,SI9,3h_st,3h,st,4.57472
-1.274569289994483,-2.0114014105375655,0.9849107695433906,1.190890561070113,-1.5273161690757477,-1.7120945852745928,1.5439600154228459,2.035932409122165,-1.567367000645962,-1.1534349666959032,N900_RS11025,AAA family ATPase,0.17454761000000002,-2.0406,3.4274,3h_SI8,3h,SI8,3h_SI2,3h,SI2,5.468
-0.8270794449339913,-3.4618074141146686,-0.2012241239477046,0.5399082972685729,0.29931309386343835,-2.003543773895433,-1.4588667397468307,1.7123671740795707,-0.16569980311716792,0.932165153993322,N900_RS11030,IS21 family transposase,0.4945107233333333,-1.0302,3.2558,12h_st,12h,st,3h_SI5,3h,SI5,4.286
-5.024334046463629,-1.5512547960068108,-0.37957404813101847,-0.5452118035588487,-0.386264268699013,0.12291519083278268,-0.5725634746760486,0.7888870682709357,-2.8662793531590256,1.116747830551901,N900_RS11035,istB,-0.022486900000000008,-2.0466,3.2871,6h_SI3,6h,SI3,3h_SI5,3h,SI5,5.3337
-1.014981408940458,-0.6802906967695215,2.6377629565180545,-0.3892470956851337,1.5564769248511132,-1.2884544050878985,-1.599677372299187,1.5084158135582024,0.4200420577956464,2.6979308273774727,N900_RS11040,N900_RS11040,0.42484191333333327,-1.1224,3.3014,3h_SI9,3h,SI9,6h_ce,6h,ce,4.4238
0.18219436151481894,-2.170351184086089,0.5282734424962173,0.27346981754357413,1.3245420278440887,-2.1771262436406245,0.5605951481663662,0.7533441265880769,0.731448825976798,2.2773346550733926,N900_RS11045,tran,0.3703949,-1.9857,3.2819,3h_SI9,3h,SI9,6h_ce,6h,ce,5.2676
-2.426295042989772,-4.145911769079321,1.3525613843669586,-2.0468860149612715,0.6124551745728974,-1.278899905685079,1.0160639175257102,-1.0263981590066644,-0.23393842906533902,-0.6761679510956121,N900_RS11050,trau,0.7993716833333334,-0.82268,3.9177,6h_SI1,6h,SI1,1h_SI1,1h,SI1,4.74038
0.13954510539031295,-3.2374888903692502,-0.38385446784218435,0.32154762182187335,-1.4321571168676852,0.020086208646442505,0.16659148706189258,0.6809432884405139,-0.9438689789613298,-0.2416596950020904,N900_RS11055,N900_RS11055,0.8947435733333333,-0.61072,3.7938,6h_st,6h,st,24h_st,24h,st,4.40452
-1.0896923313032736,-2.711939686392047,-0.6155445404600086,1.2171769632035012,-1.9796850087753337,-2.6561628318927153,-0.6194663701913168,-0.47814507120173916,0.48317315935656324,-0.012096461363433786,N900_RS11060,TrhF,0.385116995,-1.4562,2.8308,3h_SI9,3h,SI9,6h_SI3,6h,SI3,4.287
1.3089723784964171,-2.6186318963279103,-1.099584453989656,-0.25429855557313474,-0.6570510708783299,-1.3958914167465148,-1.1723090910457203,1.354815493638969,-0.007586834538328646,-1.8019183795051457,N900_RS11065,N900_RS11065,0.7568316549999999,-1.0457,3.0839,3h_SI9,3h,SI9,3h_SI4,3h,SI4,4.1296
-3.7562642114249596,-0.8533854204673628,1.7072066609748573,-1.3179768136992238,-1.2836762760813911,-0.05700698058318221,3.9678594560248577,0.11227929363218189,1.958347849913395,0.09879883219916596,N900_RS11070,traC,0.24507970000000004,-2.6144,5.676,3h_SI9,3h,SI9,6h_ce,6h,ce,8.2904
0.7138583224705908,-2.728237257025451,0.9130288880479223,-0.12131880361941816,0.7918838600959522,0.38346473746208676,-1.67055386360981,1.570764272963879,-2.238518528152725,-1.1035380080752577,N900_RS11075,dsbC_2,0.9409200166666666,-0.9583,3.3689,3h_SI9,3h,SI9,3h_SI4,3h,SI4,4.3272
-1.4700305863146463,-2.368092145062851,0.6900528221694309,-0.30221134974368136,3.076841119786683,0.5779365007035691,-1.145190546474414,-1.1058386370178657,0.9493398566686505,0.47948387252879243,N900_RS11080,N900_RS11080,0.7017724350000002,-1.4597,4.8093,12h_SI2,12h,SI2,1h_ce,1h,ce,6.269
2.395832258686317,-2.7641493313655,0.20426691291991064,-0.37992203487258513,1.8654290681015497,-0.4517034222178675,1.1221921286399101,0.7006072874727888,-0.16050209430686446,1.5763846670103596,N900_RS11090,N900_RS11090,1.3756047500000002,-0.80117,4.1443,1h_co,1h,co,3h_SI1,3h,SI1,4.94547
-0.1224412744902259,-1.6845300803829306,0.5367712822832317,1.6038793470465906,1.585264559209896,0.10127701906075648,-0.6351589596013798,0.14402943388132958,0.4342272218351616,1.081492299416629,N900_RS11095,traV,0.3562886783333334,-1.4982,3.2809,6h_SI3,6h,SI3,3h_SI1,3h,SI1,4.7791
-1.2921608980048376,-0.5480263028575416,-0.777658358654491,-1.0962097593388809,-0.8563137313174226,-2.1416404547356933,1.7293497085391638,0.8767399983251041,0.8489389944560009,1.8204361857359868,N900_RS11100,TraB,0.41557065600000004,-3.1115,3.3778,3h_SI9,3h,SI9,3h_SI3,3h,SI3,6.4893
2.443921134025736,-1.2247660345898415,2.9160206482679167,0.11543875896762046,-0.3031143851850292,0.3044258322503267,-0.039090067604871104,-0.4582531508893492,-1.1546947361433326,-1.0489872024621913,N900_RS11105,trak,1.0047967166666667,-0.46432,3.9571,1h_st,1h,st,3h_SI2,3h,SI2,4.42142
-3.181813534841977,-0.6599410548457544,0.15275329351602362,0.03291390911888703,-0.7392759340297311,-2.5723878058329475,-2.205136936990036,-1.1292223526796321,4.479403403595446,-0.07345403331237266,N900_RS11110,traE,-0.36308444999999995,-2.1007,3.417,12h_SI1,12h,SI1,3h_SI3,3h,SI3,5.5177
-3.0633322649715793,-1.4061146508399702,0.55016205663652,-0.6983614860448355,-1.3150497655199502,1.1390047404108168,3.290653529263671,-1.4599463883614825,-2.525055098008829,0.557912347121426,N900_RS11115,traL,0.23853293333333328,-1.6225,4.8892,6h_SI3,6h,SI3,6h_ce,6h,ce,6.511699999999999
1.3336029075914366,-2.9125180379788462,1.2593733824338809,-1.0046039454557425,-0.6482851834585901,-1.7178594789828767,1.6103827154931074,0.721346857573181,-2.1741775051407566,-1.6067668798133896,N900_RS11120,N900_RS11120,1.1509855166666667,-0.7858,5.6872,3h_co,3h,co,3h_SI2,3h,SI2,6.473
-0.18439204346015226,-1.8815827758003252,-0.506215603287611,1.6413114195804854,-1.12861353709892,0.13793960816598883,-1.456184024342735,1.8454465719800057,1.6427517715562785,0.17954810813207245,N900_RS11125,N900_RS11125,0.2970816966666667,-1.0939,3.7787,3h_st,3h,st,1h_ce,1h,ce,4.8726
-0.6394519293783323,-1.540495959722925,0.8149755992661222,0.3448448847668888,-0.3653662232900214,-3.0103100441465274,-0.16086358867897488,1.453883455324625,-0.7336707233895602,0.8556525165247519,N900_RS11130,N900_RS11130,-0.008475850000000033,-4.1588,3.8228,3h_SI9,3h,SI9,6h_SI4,6h,SI4,7.9816
1.4507059378733773,-2.9834160545902537,0.8723481913124482,1.5222531274100204,1.1978134557617723,0.23367066218512778,-1.5741091224235821,1.5552109437760335,0.6244086848778537,-0.7793682520067117,N900_RS11135,N900_RS11135,1.0205553333333333,-0.90248,4.2675,3h_SI9,3h,SI9,3h_SI1,3h,SI1,5.16998
-0.47293035909147063,-2.531283125378946,1.1289307107125213,1.3586922037155937,-1.4290943304522532,-0.8903844555475058,0.12823818816944277,0.9842435721002938,0.46295336996188274,0.4382004021280539,N900_RS11140,traD,1.00224515,-0.90695,4.1156,3h_ce,3h,ce,6h_ce,6h,ce,5.02255
-4.286239389724443,-0.5521018370508327,-0.24225582209109858,-0.5394639790700053,0.18000875318615012,-0.7331256950295442,-0.7750872907679365,0.4244888303198355,-1.113760424715236,-0.6687262317262312,N900_RS11145,phosphohydrolase,-0.8691008833333332,-3.2622,3.1585,3h_SI9,3h,SI9,3h_SI5,3h,SI5,6.4207
-0.8106015446072914,-3.105313787192365,-1.2906894124072683,-3.5183685486981844,1.2429408999912446,-0.64651103999582,-1.80361003006683,-1.3491143320323278,0.5445470112907692,-1.9093500142837847,N900_RS11150,abortive infection protein,0.7563212999999999,-1.1273,3.7936,12h_co,12h,co,6h_SI4,6h,SI4,4.9209
-2.7054016572446202,-3.3099533123369462,-0.15205147218752452,-1.517280169184744,-1.333252987171112,0.8304924729239243,0.12130989860487962,3.115763039594591,-2.8291215887873014,-0.5436621866757981,N900_RS11155,N900_RS11155,0.5272332949999999,-1.118,3.2175,3h_SI9,3h,SI9,3h_SI5,3h,SI5,4.3355
0.36025275880238317,-4.1683764663562926,1.1654877863979802,-0.2475241245475508,2.3408560583631424,1.1989070344015835,-1.8993420185127234,0.07561049717111645,0.4293679784076301,-0.1482162003783405,N900_RS11160,brxL,0.7628808399999998,-1.1955,3.9882,3h_co,3h,co,3h_SI1,3h,SI1,5.1837
-5.131650379827512,-2.282832252992224,-0.08284973694688275,-2.2509036019505304,0.7997578795219167,-0.17155631736236754,-0.544653587140999,-1.506187892898361,1.1957040437663269,-1.8719439962181763,N900_RS11165,pglz,0.16353048333333334,-3.2612,2.3061,3h_SI9,3h,SI9,6h_SI2,6h,SI2,5.5672999999999995
-3.420882799785982,-2.52585731945068,0.3481723812426389,-0.24248842249231028,0.612304798481526,-2.1434232789651726,-0.9833501681460062,1.1976601114456977,-0.5322637401803413,0.644337353401603,N900_RS11170,pglX,-0.25527858333333336,-2.1189,2.5951,3h_SI9,3h,SI9,6h_ce,6h,ce,4.714
-0.5590890448881352,-2.435798519587651,0.5489492389813186,0.7708723377123596,-2.4176634032043514,-2.5122065311535917,0.4066013791685698,1.531417010453178,1.7941384536061191,-1.0205219592416424,N900_RS11175,brxC,0.37765960000000004,-1.2262,3.1377,6h_SI2,6h,SI2,3h_SI3,3h,SI3,4.3639
0.8006785238392551,-1.6461269972852959,0.23175997509523985,-0.20376204612953175,0.47139932334753293,0.3694885793070527,-0.4856106100906663,1.438218630516844,-0.36206385335749036,-0.5733688622805826,N900_RS11180,N900_RS11180,0.9306839333333333,-0.52056,5.0676,1h_SI9,1h,SI9,12h_st,12h,st,5.588159999999999
-1.337876321936083,0.7152902723715613,-0.49780725903616524,-2.972229273927958,1.2724148570826024,0.23042389226803417,-0.06147765423391316,-0.1337534566904735,1.0729826565941027,-3.014146217894308,N900_RS11185,N900_RS11185,0.6719444333333332,-2.247,3.8821,3h_SI7,3h,SI7,6h_SI2,6h,SI2,6.129099999999999
-1.7939248223497348,-0.3047373990126606,-1.2207594000388986,-1.0023682405927856,0.5570373388061127,0.18155663198093253,-2.0305489258401197,-0.6333402163833619,-2.0390414509198695,-1.2863546504649497,N900_RS11190,N900_RS11190,0.1757264333333333,-2.5133,5.013,6h_ce,6h,ce,6h_SI2,6h,SI2,7.5263
2.3952354616935834,-0.9028677263727414,-1.964090622983531,-2.3795369473544916,0.0302150988108028,-0.05829148764801595,-1.6241861550277175,-0.036288502689704016,-0.5683807522743699,-1.8475498427114652,N900_RS11195,N900_RS11195,0.8564669166666666,-2.1391,5.4384,3h_SI7,3h,SI7,6h_SI3,6h,SI3,7.5775
-2.7903080708846355,-2.4483193262904708,1.2747043174441464,-0.5053439707813498,2.805578593133251,0.5741138550934943,-0.6550419308232638,0.13478815526143384,-0.09201127463562697,1.2094184952576412,N900_RS11200,dinG_2,0.390201,-1.4555,4.286,6h_SI3,6h,SI3,6h_ce,6h,ce,5.741499999999999
-0.4274212838483673,-0.1129308928101499,1.3016243796144775,0.48444085558745087,0.8730767880418795,-0.5374761239199339,-2.475385814962676,0.3156966963046847,-2.580404542469347,-0.2092782718927092,N900_RS11205,N900_RS11205,-0.017124316666666643,-1.696,3.8289,12h_co,12h,co,1h_SI1,1h,SI1,5.5249
-0.8824507313195484,-0.8353493869326956,3.0369544972268003,-0.1362064293284282,1.372626229975108,1.4739542155488388,-2.106239416470234,0.5000638069298406,-1.474012662174729,-0.4733593382664967,N900_RS11210,umuD,0.3218716666666666,-1.5265,3.3618,6h_SI9,6h,SI9,3h_SI1,3h,SI1,4.8883
-2.316579868429654,-1.2043840568251465,1.600207606034364,-0.2143693713870196,-0.045481322923773236,-1.6479428701218377,3.126531632401959,0.19110118422001876,-0.6738412037143876,-0.01993203269948074,N900_RS11215,umuC_1,0.5680259333333333,-2.2915,5.7718,3h_SI9,3h,SI9,3h_SI5,3h,SI5,8.0633
-4.599534934590711,-2.7164967596466862,-0.04978570901851647,-0.8753666048190438,0.6609578675786181,-0.8108905834349989,-1.200769349976658,-2.514560761055132,0.028070912254135938,0.2014046430405778,N900_RS11220,Pseudogene_N900_RS11220,0.0058024916666666515,-1.7917,3.5259,12h_SI1,12h,SI1,6h_ce,6h,ce,5.3176000000000005
-3.730791173981265,-1.7844611526198602,2.1760004777052244,-1.915164277973217,1.517450175397052,-1.7291161311426122,-0.026951247888003294,0.9664201921226294,1.1688603324030544,-0.6214385226491039,N900_RS11240,sul2,0.3587276316666666,-2.8474,5.2731,3h_SI9,3h,SI9,6h_SI4,6h,SI4,8.1205
-1.0950324031160703,-1.3297447806202307,1.9859710859523254,-1.811502437864836,-0.8273383899833161,-0.7568736471565032,2.276362091338145,0.5946658072948222,0.10494104928042486,-0.9429640929300969,N900_RS11245,aph(3'')-Ib,0.9340811833333335,-2.5152,5.3371,3h_co,3h,co,6h_SI5,6h,SI5,7.8523000000000005
-2.060341335632827,-1.578566154528522,1.288747413045851,-2.380520889539576,1.5173770395324162,-1.0572216723408911,-0.5820856545953133,-0.8007481847899789,0.42039392911527873,-1.9509585892762822,N900_RS11250,aph(6)-Id,0.23845505000000003,-2.2441,3.2135,3h_SI9,3h,SI9,6h_SI2,6h,SI2,5.457599999999999
-0.36074495635506487,-0.1915316442475955,-0.5174738901376883,-2.02100252508018,0.22707883840033416,-0.4390748484540439,-0.5580299237017905,0.11674879910974753,0.5977874425642616,-1.694541263140386,N900_RS11255,IS91 family transposase_2,0.7403684833333333,-3.4393,5.9474,6h_SI9,6h,SI9,6h_SI1,6h,SI1,9.3867
-0.9107892150127666,-2.005472513881388,-1.7436883713472913,-2.174200673777399,0.2826364184567435,-0.9061222762806393,-1.4380233033314849,-1.3275150994975782,-0.8914996393338855,0.042780609796513214,N900_RS11260,hdfR_2,0.7174962166666667,-1.5459,3.6684,3h_SI9,3h,SI9,6h_SI2,6h,SI2,5.2143
0.9680596970045432,-3.491451367861336,0.09098428555064417,-1.0539241758375724,-1.8398438855971528,-1.4716526189780437,0.6925899032042325,-1.2268511232066777,1.1697158041760696,-0.13269781453742546,N900_RS11265,floR,1.250525785,-0.82962,4.0416,3h_ce,3h,ce,6h_SI4,6h,SI4,4.87122
0.09669737895870467,-3.618603952204323,0.4753092648912225,-1.299340070403277,0.5358664386910172,1.7458649043443426,2.057470925850871,-0.9354841631330963,-1.0144075674716815,1.0905921011132989,N900_RS11270,N900_RS11270,0.6969896833333333,-1.5257,5.4293,1h_ce,1h,ce,6h_ce,6h,ce,6.955
-2.9330052551662416,-0.9730485376652351,0.08199775597674959,1.275443914538855,-3.015332462384969,0.5047739373779339,1.2309358325777802,1.2458729450824093,-1.1065020049727932,1.179415955796331,N900_RS11275,IS91 family transposase_1,-0.5008872333333334,-3.0995,3.0019,6h_SI3,6h,SI3,3h_SI6,3h,SI6,6.1014
0.44022060729245727,-3.379059778462832,-0.2905019564231237,-3.3110168170253234,0.6577753963626335,-1.0531213722261663,-1.1154838542064518,1.2256780924323505,0.10557274586514975,-2.445574217201259,N900_RS11280,N900_RS11280,0.7756658333333332,-2.7059,3.7369,1h_SI2,1h,SI2,6h_SI3,6h,SI3,6.4428
-1.9632357457393113,1.40254011698875,3.462302908373951,-1.488751826562513,-0.5503568988680433,-2.6279045494388633,-0.37137867660664825,2.2074021135941435,-3.6027142972502326,-0.16907309023211836,N900_RS11290,Pseudogene_N900_RS11290,-0.13219623333333338,-2.2336,3.5675,6h_SI3,6h,SI3,3h_st,3h,st,5.8011
-0.3766001880639771,-1.6545550142053431,0.2597182755777036,-3.3330654793799566,3.005232323188563,-3.5570612113354927,-0.2117092287097655,-0.06965194224013954,0.8989269845867305,1.2618941341515184,N900_RS11295,umuC,0.9131930833333332,-1.6022,5.423,3h_SI9,3h,SI9,6h_SI4,6h,SI4,7.0252
-1.6121750653440245,-0.7771828633207996,2.9395780407927896,-1.5104593940316473,1.8529290596554442,-0.2180960857785217,1.070538187161688,3.0503686050056213,3.129216550394181,0.9473274062178167,N900_RS11300,mobI,0.7857823283333333,-1.8584,5.2343,12h_SI2,12h,SI2,1h_st,1h,st,7.092700000000001
-3.781263604435981,0.06280783275994484,3.9516886306008994,-1.098286959075197,0.3030953274351312,-1.6840416360222683,-1.2382722300787512,0.850642000647067,0.18055276165151446,-2.09881299606882,N900_RS11305,stba,-0.11495016166666666,-2.6781,3.8477,12h_SI3,12h,SI3,3h_SI4,3h,SI4,6.5258
-4.70470324762427,-1.9362271981779369,2.088045618688849,-1.2308969096165447,-0.8871782083577269,-1.3960966921981282,0.5601870512880222,1.7196634533759863,3.091872205724652,-1.5957400627368235,N900_RS11310,N900_RS11310,-0.21236947999999997,-3.1601,2.5978,12h_SI3,12h,SI3,3h_SI3,3h,SI3,5.757899999999999
-3.7003153804649997,-2.690841193808245,2.5397855295226677,-2.2667486563638395,0.4812189946756964,-1.5341888568699549,0.3589805329389232,3.0813771351413313,0.9703501618082557,-1.9726405969998488,N900_RS11315,intS,0.7595861166666665,-2.2363,4.8359,3h_SI8,3h,SI8,3h_SI4,3h,SI4,7.0722
-3.8406606590186403,-1.8083866540140376,1.8216945279192882,0.2994599279125745,2.5115810519376223,1.4686229580820531,-0.435673612117647,1.2492190197209077,0.4581924345210884,-0.8228476836321855,N900_RS11320,DNA mismatch repair protein,-0.2628999,-2.3588,2.6514,3h_SI9,3h,SI9,3h_SI1,3h,SI1,5.0102
-1.5947706314057701,-0.880364152471623,1.2741981869070231,-4.587157333577724,0.10128943935325799,1.821624923978646,1.6006438492514241,0.32893953077741395,1.2337734249524397,-1.5373757060655486,N900_RS11325,N900_RS11325,0.8329015333333334,-1.8112,3.0855,1h_SI3,1h,SI3,12h_ce,12h,ce,4.8967
2.0628662300319647,-0.2771262386287646,-1.1538971245238823,0.9476119298929659,2.0150568948706926,-0.6854923550624805,0.5584036024444846,1.2916858579130068,-0.08272421666446028,0.7704937834780083,N900_RS11335,rimI,0.7165899666666669,-0.92957,3.7404,12h_SI7,12h,SI7,6h_st,6h,st,4.66997
1.2576133388230453,-0.60462145865376,-1.5494355034377585,2.014923912606224,1.288280447207175,-1.4591277581492483,-0.10316921534604506,-0.28156143545661644,0.2229973043667952,1.6925208043500517,N900_RS11345,N-acetyltransferase_2,0.6777983716666667,-0.76552,2.5645,3h_st,3h,st,6h_st,6h,st,3.3300199999999998
1.8333319228391138,-0.7905299496376947,-1.7147016817990646,1.526212452494247,-0.6479170328137513,0.20078697101369458,0.2897395109654621,-1.5460072982670063,-0.7545059184705486,-1.1850261522120151,N900_RS11350,ubiT,0.7682211333333334,-0.79351,4.3221,24h_ce,24h,ce,12h_SI2,12h,SI2,5.11561
-0.024760082179734688,-2.51683216573519,0.6090427631998642,1.157774055874555,0.9272404970689132,0.6206864037684628,0.7279617753502321,-2.11425193939763,2.272652569195319,1.2563739363245376,N900_RS11355,bifunctional diguanylate cyclase/phosphodiesterase_1,1.0255627166666668,-1.0724,4.7961,12h_SI1,12h,SI1,6h_ce,6h,ce,5.8685
-0.4992270858260852,-2.044562094759651,0.019992609645545896,0.023652356161206978,3.37437684606058,1.1864838510669231,-1.8781229138703976,-0.6650727165574473,0.22163496487050088,-0.36736221581866446,N900_RS11360,ubiU,1.3526538499999998,-0.17479,5.0211,3h_SI7,3h,SI7,3h_SI1,3h,SI1,5.1958899999999995
-1.1321408106206006,0.22289637414587304,-2.80960354905721,0.18945058654285152,-1.8548080373907487,-0.09780532332316927,-0.7826584890514718,-1.6456941784691728,-0.6952361932305694,-0.03541117278839756,N900_RS11365,ubiV,0.5041685383333333,-0.6813,3.3282,24h_SI9,24h,SI9,12h_st,12h,st,4.0095
0.9734658671263627,-0.9480398010421027,0.9592487942233983,1.8818631111778559,-1.155243036569702,-0.6299404050504493,-0.07318568751799737,-0.6541570945034201,-0.35270315254433593,-0.7092403978449958,N900_RS11370,vcrM,0.5481061,-0.82664,3.5557,6h_st,6h,st,1h_SI1,1h,SI1,4.38234
-2.9681703263751626,-0.09288549332925322,-1.0114750312953893,0.4674022355109586,-0.7755462096846557,-0.30372627067789737,0.12436260874514349,0.08811803333685028,-2.956692528334898,0.8574451626168724,N900_RS11375,MarR family transcriptional regulator,0.18604213333333333,-1.167,3.8233,6h_SI2,6h,SI2,1h_st,1h,st,4.9903
2.8797019363507497,-1.2114155723040967,-1.1322906595258888,0.35229592036900836,-1.1200091772589436,-0.40616042820679543,0.644160623053331,1.6013913185034343,1.2583641245063093,-0.5521464436320838,N900_RS11380,nlpI,1.488447673333333,0.0061314,4.8711,1h_st,1h,st,3h_SI3,3h,SI3,4.8649686
2.89021293177892,3.0647046449727164,0.8206926623707578,-0.8619126116457776,0.5567814662668386,-0.6192391501884806,0.2838065048177044,0.820971820656565,0.7135463808068616,-0.8567684782215828,N900_RS11385,pnp,-0.14163663333333334,-2.1293,1.9821,6h_SI9,6h,SI9,12h_st,12h,st,4.1114
-2.109657119859501,0.9209742258829297,-0.8513369613923808,0.9024970622247399,2.7272751964651136,1.2561251296863314,-1.0701871135892662,-0.5286652182438445,-0.6199406444048526,-0.6594184649644895,N900_RS11395,truB,0.04667620000000002,-1.7416,3.19,24h_st,24h,st,3h_SI5,3h,SI5,4.9315999999999995
2.8613483170080656,3.262355445515203,0.6979708278985786,-0.6540557953256254,0.5855003433916968,-0.70917003307708,0.1976654507796537,0.7966907003250043,0.6941000362033806,-0.8730277076572499,N900_RS11430,secG,1.2341169166666668,-0.6641,3.4362,12h_SI7,12h,SI7,12h_st,12h,st,4.1003
-0.18921865255523995,2.7531952380187064,3.186958236660076,0.6345696909279273,-2.0712578207026806,1.3923925733630054,0.7662446240478412,-0.5728159424760031,-0.2265615126948427,0.9465895827258368,N900_RS11435,N900_RS11435,0.32805064999999994,-2.0322,6.2006,12h_SI8,12h,SI8,3h_st,3h,st,8.2328
-3.389836088516164,-2.865448644727889,1.6441950587172498,-1.7855920486732046,-0.7435932646158834,0.6457919935421627,0.7246080739161282,2.6539378364683013,-0.5306341650776069,-1.1468950779538907,N900_RS11445,folP,0.7216085,-1.9575,4.5381,3h_ce,3h,ce,3h_SI7,3h,SI7,6.4956
1.9700891734113908,-0.712897751834001,-1.6649590555522171,-1.1304969772686548,-2.3080257115689,0.08819421034200436,-0.8180095553699878,0.7152230744145437,1.7745200223040043,0.06549003896531669,N900_RS11455,rlmE,1.9470026833333336,-0.38865,6.8332,1h_SI9,1h,SI9,3h_SI3,3h,SI3,7.22185
0.35481804065522926,-1.3969150492304812,-0.35453185765776607,-0.3770789413998541,3.837159540331063,1.471664388282399,-1.6337550792227493,-0.6672829443328474,-0.25329945253286845,0.776827569392537,N900_RS11460,yhbY,0.73854215,-1.0584,4.8511,24h_st,24h,st,3h_SI1,3h,SI1,5.9094999999999995
-0.9837581456363571,1.9696046299658316,1.0591335863660813,1.3810648143935436,-2.6807627511130265,-0.6336894122160757,-0.9499556121048163,-1.725814295630032,-1.4149286493056636,0.5433963855919537,N900_RS11465,greA,-0.6119901666666666,-2.6665,3.2793,6h_SI6,6h,SI6,3h_st,3h,st,5.9458
-1.232181332830965,-1.0507302953326205,0.7772319264152089,-0.8280780386838793,-0.7618593227395662,1.0969314358757654,2.1932004801239424,-0.6157891296496487,-1.2929216176102005,2.065871315955796,N900_RS11470,ompU,0.24356096666666663,-1.8703,5.7852,6h_SI7,6h,SI7,6h_ce,6h,ce,7.6555
-0.8843273243695111,2.8920323918706794,0.5805257871702887,0.9525606281194712,-1.8017250127017792,1.0538988407888747,-1.4567563238089283,-2.534460085983246,-0.48479819429447646,0.6194895054061591,N900_RS11475,dacB,0.1873114583333333,-1.2632,3.9761,6h_SI4,6h,SI4,3h_st,3h,st,5.2393
-2.461699538243744,0.5249852456210367,2.1327658733787973,2.921834837924065,0.6295426654573247,-0.014447345270255374,1.258695556087105,1.0741567279516502,0.6965540644134941,0.8759817799319571,N900_RS11485,mepM_1,0.43393998333333333,-1.7377,4.0216,12h_SI3,12h,SI3,3h_SI1,3h,SI1,5.7593000000000005
1.673427531280435,-1.6096141970839801,-0.6790721469694722,0.7190491214010875,1.0167162122823274,-0.8500662733105688,1.295409420640326,-1.930860146235294,0.6360851652704123,2.4380584987810447,N900_RS11490,vexF,0.8748146966666667,-0.27457,3.6229,3h_ce,3h,ce,6h_SI4,6h,SI4,3.89747
1.0329025590384253,-0.8183668139241265,-0.9165261261043497,1.2671075905917828,1.6296990606921666,-0.6385789323190934,0.24193683974967145,0.4789122393813833,1.0565812006846709,-0.23084720351462773,N900_RS11495,vexE,0.5318065166666667,-1.437,3.0889,6h_ce,6h,ce,6h_SI1,6h,SI1,4.5259
0.8359166848280659,0.3940000734824112,3.980468412596934,-1.5429270254435354,-2.4399131129580947,-2.1241275213957125,-0.13762049272546684,-0.4283355813250102,0.9841215944937598,-0.5673418011115896,N900_RS11520,ydiK,1.4365480666666668,-0.26938,6.1358,12h_co,12h,co,3h_st,3h,st,6.40518
-0.7442766366398033,1.1670747860739659,-0.6009591061042407,0.13448669471437658,0.03360941117874002,-2.7328179495761886,1.0051833922708815,-0.7089225671767527,1.6540352841426529,1.0548393692666145,N900_RS11525,rsmC,0.540483875,-1.1305,3.4687,12h_SI2,12h,SI2,6h_st,6h,st,4.5992
2.849691440944219,1.0988525422560596,2.142365866676111,-1.8130901454890067,-0.28036910794108977,1.0728122570686078,-1.1775249721719816,0.5522577008279759,-1.5277496481189452,0.488646198715297,N900_RS11530,chiS,1.7821418833333333,-0.28694,6.967,1h_SI9,1h,SI9,3h_st,3h,st,7.25394
1.9871201016001763,-1.8694337553705074,1.8773433802166484,-0.011994131796358998,1.0201601646924194,-0.7590547063065978,1.2361359194887496,1.2508146756780096,1.5140300469595376,-2.0672263042999255,N900_RS11540,ABC transporter substrate-binding protein_1,1.7118004216666667,-0.070524,5.0378,1h_SI4,1h,SI4,3h_SI4,3h,SI4,5.108324
0.9847571091057858,0.7496738035216525,0.5735172831225069,-0.7342342400963042,0.30595584972960016,-2.5572656717166953,-1.4578718422392936,0.058915970940556645,-1.185967818667622,1.8594703955116885,N900_RS11545,dppB_1,0.9301993283333335,-0.29071,4.0113,24h_ce,24h,ce,1h_SI1,1h,SI1,4.30201
2.041567200777055,-0.014931480620397675,2.172345994977431,0.25505547005347173,-1.5406013211738405,0.3320026905087651,-0.2574658054147083,0.8751850472000524,0.8424245287830698,0.537436465052409,N900_RS11550,dppC_1,1.141398065,-0.14489,4.136,1h_st,1h,st,3h_SI3,3h,SI3,4.28089
1.4823437783138242,1.014431115901079,-0.17255449437754772,0.5163578930690358,-0.541204528993377,1.359055140226603,-0.47645489148807885,0.13575134426420066,-0.4792048296644563,0.8794490780930908,N900_RS11555,oppD_2,0.729604515,-1.2926,3.4128,6h_SI1,6h,SI1,6h_SI2,6h,SI2,4.7054
2.040581842576983,-0.7162695929399896,-1.2125838920823764,0.8657533764944167,1.360847893366229,0.5777995998525627,0.5368550198124045,-1.1672993038294759,-0.6611862376209513,-0.37289719946410943,N900_RS11560,oppF_2,1.0883238000000002,-0.51393,3.626,3h_st,3h,st,6h_ce,6h,ce,4.13993
0.6810373176212776,-0.1964617448090561,-2.3136674926663363,-0.2744929478053375,-0.14463455371215575,-0.4909847919145722,-1.7028080366582425,1.3690014898128935,-0.37255087205303694,2.6785228912391323,N900_RS11565,endoglucanase-related protein,1.0442921216666667,-0.35636,4.08,3h_SI2,3h,SI2,12h_SI1,12h,SI1,4.4363600000000005
-0.49866322795292195,1.7166578493112725,-1.8384527521213225,-0.7167357210325782,-0.24743802887829028,-1.6720067714851372,-0.649399895541017,2.2926372209269013,1.2646869184928562,1.6195530755886904,N900_RS11570,N-acetylglucosamine kinase,0.5660081333333333,-0.80606,3.7502,6h_SI2,6h,SI2,12h_SI2,12h,SI2,4.55626
0.971689363405936,0.026148099115666068,-1.0839612454333816,1.0945429174698056,0.35028928352866634,-1.1269125605534027,2.0467813222418663,-0.48004545689877337,-1.5768702002311832,1.023454235976194,N900_RS11575,exoI,1.1304218678333335,-0.55596,4.2149,6h_SI1,6h,SI1,3h_SI2,3h,SI2,4.77086
0.5542606451565963,-1.9340524097740306,-0.11038324533461258,1.9915907765206127,0.9982322915557013,1.0342778748767119,0.6121217544284626,-1.5323362205207136,-0.7023329450936241,-0.5891755278647367,N900_RS11580,chbP,1.3268606500000002,0.016635,4.1511,1h_st,1h,st,3h_SI1,3h,SI1,4.134465
-0.883195189991012,1.863547875593042,-2.677820568218811,-0.717465616349741,-1.1289588450697645,-0.9243588610005458,-0.2561721278727216,3.3381932120621394,0.9574469755651098,1.4938073070201356,N900_RS11585,pgm_2,0.4473405000000001,-1.023,3.6459,6h_SI2,6h,SI2,6h_st,6h,st,4.6689
-0.5926853494568181,-1.89571064136517,-0.48505097659710966,0.4263379498334001,-1.6590925244445633,-1.9690985516586954,-2.10161314914222,1.6534183731475165,1.5789489525353817,-0.717818111936782,N900_RS11590,phnT,0.4768266499999999,-0.89281,3.835,1h_SI3,1h,SI3,3h_SI4,3h,SI4,4.72781
-0.24177132770579446,0.9761620639229683,-1.1006387671448166,-0.1781244549177432,-1.771949616636988,-0.7223940072459178,0.8394617986512465,-1.9831153709938916,0.7071193831132705,-1.3806341769578547,N900_RS11595,iron ABC transporter permease,1.1794793333333333,-0.4946,5.6789,6h_SI4,6h,SI4,6h_SI2,6h,SI2,6.1735
1.010421345277698,-1.5833482184368433,1.0550752600380087,1.1266985328488182,-2.3812184485602335,0.013418772591976325,0.33645822160035643,0.037764908080412524,-0.04017407184996913,0.9173171184994886,N900_RS11600,futA1,1.7091546666666666,-0.30385,4.5864,6h_SI2,6h,SI2,6h_SI3,6h,SI3,4.89025
-0.4665764198240505,-1.167175384633065,-2.6282418303490838,-4.083636105916355,2.749335936010046,-1.9331572358565943,-0.7964143578896965,-0.12735908130835932,-0.9487832184840289,0.9588322721165656,N900_RS11605,amtB,0.7412594666666664,-0.90026,4.4851,1h_co,1h,co,6h_st,6h,st,5.38536
-2.7699559975502153,-3.3862411522651596,1.041699590207602,-1.164142189806609,1.5210662209731136,1.9449392904401235,0.41240695688046614,1.3749548551348274,-0.5964008886211539,0.6494300905470254,N900_RS11610,glnK,0.5776848833333332,-1.415,3.4206,6h_SI3,6h,SI3,6h_SI4,6h,SI4,4.8355999999999995
-2.1583980188922447,0.6448602729508744,-0.7155213120132579,-2.8278610019779293,0.747689233543671,0.42068480219128257,0.12847842461828174,0.7731598371758606,-0.2578934956107367,-1.3281891406022701,N900_RS11615,VC_0605_BLAST,1.4353772,-0.14216,4.7614,1h_SI6,1h,SI6,1h_st,1h,st,4.90356
-3.3056925861906135,-0.42075136176888117,-0.38165792613538,-3.785211335235074,1.2179705571823156,4.638024592261565,1.3162031414308046,0.6147542939476864,2.0492154340453235,-2.523032893862508,N900_RS11625,N900_RS11625,0.50280315,-1.4968,2.8463,1h_SI1,1h,SI1,12h_SI4,12h,SI4,4.3431
-1.9903534453021048,0.16140054365405124,-1.5530275648974736,-0.45717435648833793,-0.8774339860486647,1.7255009939055093,2.1705462939994717,-0.8261389230956715,-2.1230223540044486,0.42223141875743875,N900_RS11630,mrcB,0.8189544150000002,-0.90433,6.8745,12h_SI5,12h,SI5,6h_ce,6h,ce,7.77883
-0.3651866660034888,2.5899745246374075,0.6944473039849729,-1.7695131766437238,1.8045937689708806,-1.8728495858530216,1.6518911377405359,0.2984332404602788,-0.8399881335030003,-0.9856130361562522,N900_RS11635,hrpB,0.8737626166666667,-0.77577,4.1637,12h_SI1,12h,SI1,6h_st,6h,st,4.93947
1.2717745834508092,-1.503176616432957,-1.6492613565097118,-1.1968143545629797,1.1117271601014145,1.340381015711011,1.9319646710133327,-0.8939695181549563,-1.6663384619121753,2.731950707358429,N900_RS11640,alpha/beta fold hydrolase,1.3907387333333332,-0.095477,4.0934,1h_SI4,1h,SI4,6h_ce,6h,ce,4.188877
1.6072138932418447,-2.173222821380205,2.029102205922585,0.1486737120310737,-1.5541392754836492,1.3666700368060847,1.4296207508509808,-0.5294241542756453,-0.6544016897559423,0.3998428853420699,N900_RS11645,sfsA,1.6287509999999998,-0.0844,4.7543,6h_SI1,6h,SI1,3h_SI2,3h,SI2,4.838699999999999
-0.3543603980939567,2.773866347487177,1.7632272504198139,2.3090312629225336,1.9248494416553124,-0.4544794097166107,0.29334076928077485,1.7163454446221358,0.25882803165245993,-0.5488107617484477,N900_RS11650,dksA,-0.6837417666666668,-3.3345,4.4346,12h_SI7,12h,SI7,3h_SI1,3h,SI1,7.7691
0.05817392678236688,-3.62765987921973,0.10885482286818404,0.40511805318402416,0.044127231935560084,-1.7651413007139496,0.7521464314609017,-1.0865290898647608,-0.5918955077324562,1.6919058790137582,N900_RS11655,gluQ,0.35454593333333334,-1.4418,3.3399,3h_ce,3h,ce,6h_SI4,6h,SI4,4.7817
-4.6490447895158855,1.0600920676839862,0.5645651538618081,1.412689683082006,0.22046823152018363,-0.6370010589475406,-0.0824241040663376,0.1398289942798181,-0.6890056098402023,0.7906367443312547,N900_RS11660,pcnB,-0.4751530666666667,-1.9861,3.5733,6h_SI9,6h,SI9,1h_SI1,1h,SI1,5.5594
2.9428628765137113,3.2088881143295556,0.7024834776042946,-0.8091346057819209,0.5779151235187817,-0.6183284155012758,0.24483480541664426,0.8278019905153637,0.7409520305861411,-0.9449150429004591,N900_RS11670,panB,1.5657910245000002,-0.33155,3.7753,6h_SI9,6h,SI9,12h_st,12h,st,4.10685
1.6317530333097778,0.868675334306409,-1.415713228094655,-0.16874280426164168,0.7350448874874995,-1.272263148809666,-0.4221383153504783,0.7345278130731419,0.48974364182888686,-0.07537639567061616,N900_RS11680,yadH,1.3435966833333337,-0.18037,5.3269,3h_st,3h,st,1h_st,1h,st,5.50727
-0.46616306537211516,1.2087073785681133,-2.1731251421328883,0.031824386340728816,0.17317076419346386,-1.2922472259990943,-0.6761096207117259,-2.574509065884966,-1.8430338808538957,-0.47856826495836463,N900_RS11685,yadG,0.14431200000000002,-2.3245,4.4436,24h_co,24h,co,1h_st,1h,st,6.7681000000000004
0.8467824596551634,-1.310569756133674,1.8271181594511094,0.1392703040911969,-1.513662759578157,-0.5728170957246503,-0.6770510966938412,-0.7484015175409977,-0.8119731037049686,-0.12368808649912122,N900_RS11690,bicA,1.1506193333333334,-0.56165,4.503,3h_co,3h,co,6h_SI3,6h,SI3,5.06465
0.8592772352298241,-0.5035133183624493,-2.040902332369347,-1.9761515240876923,1.160817744984806,-1.0294693371299901,-2.6643015086196993,-2.313119235749502,-1.2077046323515965,-0.9747062327471651,N900_RS11695,can,1.3775162499999998,-0.06242,7.6722,1h_SI5,1h,SI5,6h_SI2,6h,SI2,7.7346200000000005
-1.4545949389144819,-1.4829369732131747,1.0100439071037672,-0.907064739589896,0.31967020359031356,-0.5887602197140938,2.394142800396059,-0.9940510656247377,-0.47860517346787523,-1.4907505760045643,N900_RS11700,hpt,1.5229344333333332,-0.86048,6.4038,1h_SI9,1h,SI9,3h_SI5,3h,SI5,7.26428
1.4682965510589527,-2.1828979411380445,2.805675993792486,-1.7663338169961142,-1.0254894065258688,1.0865682636289091,-0.369367052386798,0.01877152896361947,0.6812982423673348,0.5066937794723618,N900_RS11705,luxR_2,0.39888312666666664,-1.8961,2.5471,3h_co,3h,co,3h_st,3h,st,4.4432
-1.8235689690676464,-1.1553921268492973,-1.4357079561645818,-4.55698291382361,-1.8988123873620122,3.4551463906821644,1.341261093310014,1.476306002218194,-0.16329108177950813,-2.2138492771127067,N900_RS11710,rsmI,1.0247642666666663,-1.9176,4.733,1h_SI2,1h,SI2,12h_SI2,12h,SI2,6.6506
0.528009473606315,-2.2829756902662703,-0.5627866592033044,1.4513411057268382,0.8664478660850241,0.7385297112290985,-0.24551052952336383,0.5764777156278305,-2.011229922113745,-0.9897786788748396,N900_RS11720,VC_0580_BLAST,0.6018302149999999,-0.72479,3.6509,3h_ce,3h,ce,3h_SI5,3h,SI5,4.3756900000000005
-2.8819514163783007,-1.8166151892509839,-0.46009198367455956,-0.22952552284628425,-1.1324135615610755,0.09059426683496574,2.02731743843904,-0.46707795560034054,-2.064858303473873,-0.3079025818850313,N900_RS11730,"hemolysin, putative",0.34773906666666665,-1.3334,3.485,12h_SI3,12h,SI3,12h_SI1,12h,SI1,4.8184
-2.004234219855782,3.159334473021821,5.318645699554295,-3.804429778690089,-2.1868892127648887,1.4612239956392412,-1.4825696916006985,-0.42816943692341886,-1.4674362770812013,-0.0009506942541454011,N900_RS11735,sspB,0.004116381,0.00015513,0.1701,6h_SI4,6h,SI4,3h_st,3h,st,0.16994487
2.577566244803739,3.3517869133216736,0.5706542385465101,-0.52643629739624,0.4987643582194957,-0.5702543861910858,0.1990935376981346,0.6852631218220777,0.5560942980103959,-0.7750892638374937,N900_RS11740,sspA,-0.18932468333333333,-2.2321,1.8793,6h_SI9,6h,SI9,12h_st,12h,st,4.1114
-0.7934647487065769,-0.6936409965041908,2.0700399630427095,1.2695441382683081,1.1212369021366329,0.9520921408063574,2.804324640420786,-0.7755100928598131,-0.125519161393437,0.0534760318063513,N900_RS11745,petC,0.5367015500000001,-1.3614,4.7894,12h_SI4,12h,SI4,3h_SI5,3h,SI5,6.150799999999999
0.1269095450907276,0.11346213246466516,1.369170289445515,1.8176052127408546,0.3549006119323967,2.8269587999574037,3.1563927176923263,-0.6143608255727702,-1.8407840325924902,0.15210763146581385,N900_RS11750,petB,0.6059557166666667,-0.77517,5.8614,3h_ce,3h,ce,3h_SI2,3h,SI2,6.63657
1.9426938709820183,-1.6512520917780054,0.6187448827804432,0.4686628769247405,-0.6068912129646359,-0.46748953869078136,0.6454553596634638,0.09984631245157405,1.438854321778029,0.9688299696213105,N900_RS11755,petA,1.9104570000000003,-0.21143,6.4559,1h_ce,1h,ce,3h_SI3,3h,SI3,6.66733
-0.3613297434007019,-0.47259560963373537,2.819087701757514,-1.1845585123985436,1.0084726405100803,1.866284717235088,-2.2498830092850515,-0.2908995634185591,-1.3924528295786929,0.2642223425080086,N900_RS11775,zape,1.3833771116666667,-0.17811,4.9922,6h_SI1,6h,SI1,3h_SI6,3h,SI6,5.170310000000001
-2.2482312354398273,-2.5187275307291235,3.0893891727152964,-1.012728519009186,0.3656540774378423,0.8378616997539855,0.9192709550388116,2.878370103983799,3.3209325128835534,-1.556177628166461,N900_RS11780,yhcB,1.2422961466666669,-0.8034,4.7086,12h_SI3,12h,SI3,3h_SI5,3h,SI5,5.512
2.305954033500724,1.716911717072877,1.3546408596633617,-2.9144864555140186,-2.345502081240549,-0.8436171121145755,0.2229151337446555,0.9398818329221095,-0.9902741516337007,0.9754313732772777,N900_RS11785,degq,1.0294063833333333,-0.6589,4.9388,1h_SI8,1h,SI8,3h_st,3h,st,5.5977
-0.5830313345273788,-0.7636592767917363,-2.1879911027254084,-1.7558344861110236,-0.10209278558401991,1.014140564526911,-0.9815666086371972,-1.057440406770468,-2.349591194847589,0.06540086392813205,N900_RS11820,ypjd,1.3904863333333333,0.12162,5.9161,1h_SI3,1h,SI3,6h_SI2,6h,SI2,5.79448
2.426822551804058,0.02487213996295007,1.7500665706780567,-1.121143511467309,-1.1139916386324846,-0.755100216998936,0.3547027964905542,-1.0425015920266327,-0.6679692925189685,0.5084469090160566,N900_RS11825,yfjD,1.4441245,0.10797,4.3258,6h_SI9,6h,SI9,3h_st,3h,st,4.21783
1.7177814335013872,-2.895631896191995,0.8250822177847971,1.1643360709865274,0.6911789098303295,0.6682757398782633,1.0337327586831528,0.04626437334726072,-0.6674110552356473,-0.9313654338414424,N900_RS11830,luxS,1.0175730666666667,-0.44166,3.6241,3h_ce,3h,ce,3h_SI2,3h,SI2,4.06576
1.5178149639164102,3.2752669913930634,-0.7552636602143374,0.45849017837897543,-0.9387414148729705,-0.7101271908359745,-0.6926789624540926,1.1779535020356326,1.226400800255588,-1.5716691268344027,N900_RS11835,gshA,-0.44144265833333335,-2.825,2.9004,12h_SI5,12h,SI5,3h_SI4,3h,SI4,5.7254000000000005
-0.12488860489835174,0.5226517371392001,-0.9746141600274003,1.2045201170873594,1.993850977475834,2.793155509394091,-1.5389442541157023,-1.423619343127673,-0.07442948628399515,0.9925937528987181,N900_RS11840,"protease, insulinase family/protease, insulinase family",0.6065100966666667,-1.5355,5.5726,24h_st,24h,st,3h_SI1,3h,SI1,7.1081
-1.2818414365925008,0.00013858611192707482,-0.12412305244356081,0.7614733186400002,-3.1634944470331194,1.0868697838778518,-0.11626858448178667,3.345818327773394,0.7957324803382585,0.5643861881073253,N900_RS11845,yqaA,0.9750936166666666,-0.66597,4.653,6h_SI1,6h,SI1,3h_SI3,3h,SI3,5.318969999999999
1.9039960869542094,0.8602301533625415,1.1030766148254516,1.651465166022163,-0.5862104445254145,-0.34404140602424005,-1.4599924096976051,-0.5940377315766556,-0.3305474459280856,-0.33279254059008073,N900_RS11850,qorA,0.8281166333333333,-0.76929,3.9372,6h_SI9,6h,SI9,1h_SI1,1h,SI1,4.70649
1.8499754968439017,2.4178996982243537,-0.09806707676069715,-1.9016826792308634,-3.22792668375782,0.6354091414535632,0.30621113209991013,-2.2256992960973787,-0.6628825078441986,-0.7628150513936454,N900_RS11855,gcdB,0.8656984216666668,-0.72505,4.5453,1h_ce,1h,ce,3h_SI2,3h,SI2,5.2703500000000005
-0.058550700322485216,1.7588185638369669,-1.0126354891021818,-0.3727235172929011,0.019690341616392458,-0.4873380340443394,0.9066179347633573,-1.5066712148954502,-2.9421676234841483,0.763751903631539,N900_RS11860,oadA_2,0.8026132004999998,-0.71938,4.3263,12h_SI8,12h,SI8,12h_SI3,12h,SI3,5.04568
-0.11682125176999625,1.7132148537121237,-0.17087385597305677,1.4889514470186143,-1.482810939632153,-1.8866446766813834,-1.7506143735135813,0.9093500478169199,2.5503870791459606,-0.35824478514902114,N900_RS11865,oadG_2,-0.5637307500000001,-3.0349,5.9671,6h_co,6h,co,3h_SI3,3h,SI3,9.002
-1.8594546439635717,-1.820614789618297,1.4307000367303389,0.6240778021500346,2.0132565756570013,2.767245420831447,0.19786425960817694,2.8757989423963775,0.21770812531335176,-1.254760469319652,N900_RS11870,N900_RS11870,1.4324745166666668,-0.030792,5.8391,1h_SI3,1h,SI3,3h_SI1,3h,SI1,5.869892
2.887253786782277,3.245822748796421,0.562562366502944,-0.8047365813061456,0.5466379793599825,-0.4794391024598055,0.31390119573536834,0.7103618019608746,0.716327205839253,-0.8196805318739141,N900_RS11915,csrA,1.956721738333333,-0.0069357,4.0951,12h_SI7,12h,SI7,12h_st,12h,st,4.1020357
2.642861518451201,2.349007137520134,0.7209535833364833,-1.504265782341884,0.015575452592893453,0.01796286103343736,0.5816197378499233,1.012143231903666,1.5639829468632311,-0.996878189652036,N900_RS11920,aspartate kinase,-1.4220750666666668,-3.7267,1.6337,12h_SI7,12h,SI7,24h_SI3,24h,SI3,5.3604
-0.36509779433328315,2.2626200640146026,-1.3466851942086993,-1.0083769767736614,-0.48250765882157015,-1.454245685466002,-2.320180555395905,2.653622426452752,-1.679914754904174,0.0380203307048117,N900_RS11930,recX,0.15693010666666668,-1.5016,3.2047,3h_SI1,3h,SI1,1h_st,1h,st,4.7063
0.40062324246666137,-1.1774798727068374,-0.7431867551717162,0.42976646459194834,1.6937736401608612,0.7761482798647154,-0.5086407120010004,-2.4233938886554354,-1.4214494879829735,-0.7675151368141973,N900_RS11940,pncC,1.0401374295,-0.5807,4.2121,6h_st,6h,st,1h_SI1,1h,SI1,4.792800000000001
-1.438657321870094,2.392123833904815,0.22940179504105362,-1.390367923936358,-0.12799008929854788,-0.9388062740260508,2.4447507212290622,0.6162324729550916,1.1108710711598921,-4.185943528693167,N900_RS11945,cysA,0.027563633333333348,-2.9321,3.6994,3h_SI7,3h,SI7,24h_SI1,24h,SI1,6.6315
-0.11970133129802374,-0.5669197796800206,-0.3614182549455446,2.18555098791974,0.4992440685128635,-1.1433913325038296,-1.061273218997219,0.9103975754671894,-1.0579401457781863,-0.8787508575553062,N900_RS11950,cysW,0.6169745999999999,-1.1588,3.6159,24h_st,24h,st,3h_SI5,3h,SI5,4.7747
2.862315786416195,-2.2109293034792366,-0.6826908492000627,0.37252166920645724,-0.24596563272355995,0.9613770633143113,0.4350718188621102,0.5482998185805286,0.25080649560930035,-1.4745257087358226,N900_RS11955,cysT,1.2042910166666665,-0.78788,3.8831,1h_SI8,1h,SI8,3h_SI4,3h,SI4,4.67098
2.4561668024435948,-0.5324149547215614,-2.2346662932661943,-0.270873108786309,-1.0164628588514815,0.5238800949264515,-0.3683487948477078,1.0256794738605246,0.21364540016000266,-0.7174378380726512,N900_RS11960,cysP,1.090019283333333,-0.80178,4.1512,1h_SI9,1h,SI9,12h_SI1,12h,SI1,4.95298
1.471083596636526,-0.8170731954102242,0.9175546307709741,1.8701111253084086,-0.325753525611093,-0.8628941165050634,-0.30233550378392915,-1.5131708435188533,-0.7628239953617054,-0.5436805429885792,N900_RS11965,cysM,1.3077583333333331,-0.2429,4.0691,6h_st,6h,st,3h_SI2,3h,SI2,4.311999999999999
0.16773657349278404,0.5191718655925671,-1.3411446298137786,2.1071136475512398,1.4934910205059453,2.180383636357953,0.6625246430119692,-2.4209174792797263,-0.6608402212567067,-1.9825930863728276,N900_RS11970,mutS,0.27195773333333334,-1.1665,4.0083,6h_SI4,6h,SI4,6h_SI1,6h,SI1,5.1748
0.8452673901515073,1.391686669045484,-2.68389524140326,0.2746880448288147,-1.575455052861951,0.793787745481906,-1.5471759633569813,0.17578155789171307,1.311689067270875,-1.0164200386459372,N900_RS11975,rpoS,0.007977199536666665,8.9212e-06,0.074347,6h_SI7,6h,SI7,12h_SI2,12h,SI2,0.0743380788
1.5139657991436808,0.06420727955360589,1.5454968353968879,1.7149506663038818,-0.47650145969984065,-0.08042119180963025,-1.1293172373929192,-0.11740602189991395,-0.8001535343885956,-1.0905107940637604,N900_RS11980,nlpD,0.054612666666666684,-2.3101,3.1143,6h_co,6h,co,6h_SI2,6h,SI2,5.4244
0.517550137696789,0.3388400190387533,-1.6010472658932733,0.7977891437537927,-0.6463551294175499,1.6064204791276404,0.13615862877602591,-0.5589287304484893,0.23856022657973952,1.3562932872365112,N900_RS11985,pcm,1.1428209216666663,-0.36892,5.0451,1h_SI8,1h,SI8,12h_SI1,12h,SI1,5.41402
-0.8111526217905434,-1.168444582438184,1.0136956415033707,1.2747627910656911,-1.514368872160364,0.3969048191360596,1.5003186731643954,1.0336085981385361,0.935941661531599,-0.18290797376425694,N900_RS11990,SurE,1.1178273833333336,-0.48004,4.2969,6h_SI2,6h,SI2,3h_SI5,3h,SI5,4.77694
2.0700415675788433,-0.46591428634747245,-1.76509594772496,0.09549027630277784,0.8319905061252004,0.3145223482545949,0.03860188697683253,-1.186176223506116,0.034949177446340185,2.0179693601375384,N900_RS11995,truD,1.164935333333333,-0.26635,5.0866,3h_SI4,3h,SI4,12h_SI1,12h,SI1,5.35295
2.3576833863905593,-0.11499660937952949,1.5223136026832982,-1.070131451402716,0.1446260182531032,0.6816847248911833,-1.3129053679764233,-0.12448902087080932,-1.3990828559629436,1.5367572413482573,N900_RS12015,uppP,1.5813912833333332,-0.24729,5.3994,1h_SI5,1h,SI5,3h_st,3h,st,5.6466899999999995
0.011023836748957905,2.4784054970289358,1.2202332079562026,-0.5931214069746602,0.03676586287229868,1.2055702856506112,-0.7826147742511993,-3.4981457431094425,-2.483558273258855,0.008911253505312966,N900_RS12020,folK_1,1.362576411666667,-0.4071,5.3709,24h_SI3,24h,SI3,3h_st,3h,st,5.778
0.26353004271788283,0.3088082812444229,1.006441161802567,0.261500973214535,-0.45689094048140905,-0.3461091860445371,-3.8247952118080413,-2.028092346262024,1.511355708152474,0.2769852743700565,N900_RS12030,plsY,0.6914786216666667,-0.44504,4.1084,3h_SI2,3h,SI2,6h_SI2,6h,SI2,4.553439999999999
-1.4698595080846746,1.8130604677961484,0.2465703180607301,0.6710853175519031,1.1814126665259486,1.5892910587339282,-0.20759194853123852,0.18932382542463944,2.3963301926525555,0.14384192154606967,N900_RS12035,catD,0.38159421666666665,-1.7352,4.0573,3h_SI6,3h,SI6,12h_st,12h,st,5.7924999999999995
-3.9321134792108223,-3.2485397951955965,2.718711119202459,0.8683535782910226,2.1760732252454917,1.0089475191085129,-0.22990724449996702,2.5042158389102314,0.13244059858363638,-0.15299375657892345,N900_RS12070,intA_4,0.24608109999999994,-2.2371,3.379,6h_SI3,6h,SI3,3h_SI1,3h,SI1,5.616099999999999
1.6024113402493585,-0.2855412912689832,1.4123932349032848,-1.875762915920184,-2.095855359407196,-2.8420081986605106,0.5107163552548666,0.2215424698797766,0.31786607051660837,0.9230161402164221,N900_RS12080,pctB_2,1.1769728666666668,-0.6379,4.0597,1h_co,1h,co,3h_SI3,3h,SI3,4.6976
-2.8695514440703196,1.769177372751675,1.7115955319284764,2.0432051311951804,1.6777130927753363,2.125924683505068,2.7069200093141434,-0.5147285385797999,0.06239475611470857,-1.2798997182277714,N900_RS12085,AraC family transcriptional regulator_2,-0.2663631473333333,-3.6079,3.9562,6h_co,6h,co,3h_SI1,3h,SI1,7.5641
-1.2307909585066752,-3.6766363837359033,2.359499259589295,1.826095988412194,-0.6922194050480506,0.02480217858629541,1.977332599707337,0.9209116374047543,-0.29867318104874496,0.4180000301068265,N900_RS12100,N900_RS12100,0.4585875716666667,-2.2633,3.3344,6h_SI3,6h,SI3,3h_SI2,3h,SI2,5.5977
-0.8009021523861932,-1.6093022078064276,0.4607511738915591,1.2550086369071414,-1.2729261813840795,-1.2591773990072266,1.3648197942116034,0.3888884638235189,-3.2186045210622796,-1.186365764265572,N900_RS12105,marr_1,0.4016765016666666,-2.5465,5.0937,3h_SI9,3h,SI9,3h_SI2,3h,SI2,7.6402
-1.8316144690448946,-0.7908836325769912,2.8615147344287832,2.9075700557589013,0.8055988806096985,0.059089339180739775,1.949759787310633,-0.27386102916712,1.2864297786780763,-1.0456317876750383,N900_RS12110,N900_RS12110,0.6395312166666667,-1.4431,3.9451,12h_SI1,12h,SI1,3h_SI2,3h,SI2,5.3882
-3.516812972615857,-0.4303326866864675,0.987751311722533,-2.6604649685395634,1.4200349094290887,-0.5485819431874213,-0.09879363668601893,-0.9818482708272438,0.7916850806574212,-2.141496347204849,N900_RS12115,N900_RS12115,0.4655182413333333,-1.8074,4.0393,3h_SI8,3h,SI8,6h_SI2,6h,SI2,5.8467
0.8844911971082876,-2.571128307755594,1.2156504565737938,0.11840876777179021,0.6579520121603347,-1.3745374969445923,0.914943489587364,-1.9312734498764252,1.4202133640013093,-0.0005178992373943148,N900_RS12120,N900_RS12120,0.6790785166666666,-1.4711,4.7625,3h_SI9,3h,SI9,6h_SI2,6h,SI2,6.2336
0.7312486845165838,-0.23648285672207559,0.4881544620012722,1.1144564503354801,0.8498625692700164,2.0354605542345148,-2.563043010521671,1.0145191383170724,-0.27156647091056507,0.3850938593306932,N900_RS12125,GNAT family N-acetyltransferase_1,1.0189325233333333,-0.54972,4.5153,3h_SI2,3h,SI2,3h_SI1,3h,SI1,5.06502
1.1250215593725121,1.1296729045947922,1.1188469554752303,0.679128283237354,-0.8102766216218087,0.26635916352926214,-1.6204123560056203,-1.7661901236364035,-1.6889725483395455,-0.2642598835248984,N900_RS12130,ABC transporter substrate-binding protein_4,0.652749545,-0.80722,3.8322,6h_SI6,6h,SI6,3h_st,3h,st,4.639419999999999
2.0724113801959136,2.791562113829476,0.1443718170534439,-1.7837435724850748,0.5501439081067687,0.4858877320622597,0.6260871928749727,0.8283019406530401,1.171391903408015,-1.7103139110941685,N900_RS12135,glmS,1.9236674999999999,-0.38225,4.3466,1h_SI5,1h,SI5,24h_SI1,24h,SI1,4.7288499999999996
-0.04758805821903467,-2.3421335783995434,-1.8815212706663391,-1.706538306205976,0.836409138616386,-2.786008905222514,-0.8670331843054049,-1.1486881984388626,-0.7204838068925262,0.9985322625124873,N900_RS12140,DeoR/GlpR transcriptional regulator,0.8222112833333335,-0.76753,4.1596,3h_SI1,3h,SI1,6h_SI2,6h,SI2,4.92713
2.4903157580695776,2.8345414180842017,-0.27277055672394357,-0.5533985644663713,0.22566278215134244,-0.03687918517258715,0.13078990528362444,0.7358194816181478,-0.04123224163545991,-0.28115845133292283,N900_RS12145,pykF,0.74978065,-1.1644,4.8546,12h_SI7,12h,SI7,12h_SI2,12h,SI2,6.019
-1.1100957977914971,1.6052384870714385,1.3076096454902888,-0.5772464931133012,-3.544969184762021,-0.30672621175404835,-2.7993204067685706,0.8826273105480069,-0.12656995848115538,1.071948639711299,N900_RS12150,oxidative stress defense protein,0.8405812616666667,-0.82748,4.5271,6h_SI2,6h,SI2,3h_st,3h,st,5.35458
2.4879268739234384,-0.9033897021397681,1.5369629123330484,-0.17061427540270357,-1.088227913654011,0.2597005790559529,-0.486942778399327,-0.0642591495712923,-0.953257599043659,0.8624576175565091,N900_RS12155,argp,1.0092669199999997,-0.31481,3.2016,1h_st,1h,st,3h_st,3h,st,3.51641
2.7923314607518135,-2.260657254066243,-0.3305764649942425,-0.15325378087039176,0.6415955226541726,-1.0588366224206047,0.49464014144779395,0.5005653478051932,1.095768628076582,0.06569764776582065,N900_RS12160,argO,1.53956565,-0.24221,4.3574,1h_st,1h,st,6h_SI3,6h,SI3,4.59961
1.193887534271406,-0.7642748538208186,-1.520860451623026,0.25177393541226367,-1.3131191824312447,1.698018414261062,0.26349476304484215,-1.1072555194676224,1.8191862644754555,0.7713231049247096,N900_RS12165,mscS_1,0.6642715,-1.5732,4.6295,6h_co,6h,co,6h_SI3,6h,SI3,6.2027
-2.238566481327445,4.131477942747631,2.067505080626526,-0.21030913812886842,-1.4632068724931995,0.14024292981308706,-1.6043180853276346,0.5381108972940309,-0.5798011356426879,-1.0123831548478313,N900_RS12185,epd,-0.6802761333333333,-2.8585,4.4514,6h_SI5,6h,SI5,3h_st,3h,st,7.309899999999999
0.21647319558857614,-0.8824390807634357,-1.3456846762529846,2.654757088322829,-1.2627893489808542,-0.6316375707104,-0.7241308116137057,-0.13033990323855316,-0.17292396304032742,-1.1689409611336257,N900_RS12190,cirA,0.687292125,-0.75437,2.9222,6h_st,6h,st,3h_SI5,3h,SI5,3.67657
1.9640922571204236,-0.5114706599985905,0.26815314669015156,-1.1532401587410281,2.1341357177666906,-0.6222780822655045,-1.3356176117305862,1.5095034079188063,0.08489965782726777,0.5443295961139352,N900_RS12195,irgB,1.7818820666666662,-0.053536,4.656,1h_SI6,1h,SI6,6h_st,6h,st,4.709536
-0.7529924297221386,1.9828558452191856,-1.8976112286004578,0.21855117983122962,-1.8297306051641755,-0.39047495908274366,-2.114192184457125,-0.8594612943922073,1.031413873652318,1.2803449411582746,N900_RS12200,Pseudogene_N900_RS12200,-0.24520380000000006,-3.9505,3.8975,6h_SI7,6h,SI7,3h_SI3,3h,SI3,7.848
-2.0659609017023106,-1.3561597591172718,1.1390573472943613,-0.7752295506199205,0.9058077886579762,-1.7993001808646536,1.1690539189497064,0.3217794118501468,-0.11778699619227662,-3.6275466774498275,N900_RS12215,sprt,1.193258966666667,-0.74465,4.6072,12h_SI3,12h,SI3,6h_SI2,6h,SI2,5.35185
2.852117827201794,0.3697549471212379,-0.5306833370730224,0.21765289381797404,1.3280293415659048,-1.1893336337628448,0.8210001440061393,1.3600028389072547,0.1545386713892588,-0.3051356324117678,N900_RS12220,xds_2,2.2866675,0.2404,5.9964,1h_ce,1h,ce,3h_SI4,3h,SI4,5.756
2.91957064757025,0.060363151971108475,0.23097714589958332,0.3784615073131232,0.16311165437765457,-0.5471175797871877,-0.6507935343511018,0.6958445298862109,-0.4426037307754499,0.051775658657917445,N900_RS12225,rsmE,1.0057010160000002,-0.35504,3.3369,12h_SI7,12h,SI7,12h_SI2,12h,SI2,3.6919399999999998
1.028984171874768,0.8652398550400561,-0.16520203158747387,1.1145236773085232,-0.06771406390612045,0.1804164094551527,-2.2109630522762354,1.2624980842083264,1.2672361112857966,-1.7422237454375376,N900_RS12230,gshB,-0.3211530633333333,-2.057,3.4829,6h_SI7,6h,SI7,3h_SI4,3h,SI4,5.539899999999999
2.149259059409994,-2.3958628938331956,-0.30877024103747697,-0.1050342046528272,0.7128149258558331,0.7895336991040084,-1.7816230919137939,1.8216611866283332,1.8693366942715,-1.0007365995619002,N900_RS12235,VC_0467_BLAST,1.4714087166666667,-0.35877,4.8944,3h_SI9,3h,SI9,6h_SI4,6h,SI4,5.25317
1.0347519755922079,0.023087015229663888,-0.7986408945537239,0.9931193462135082,1.5771972035880173,-1.3244936464821975,1.4093377044330233,0.4638170709564531,-1.4688592049419582,1.1675579744943965,N900_RS12245,tyrS,0.9097579533333333,-0.35307,3.2646,3h_st,3h,st,6h_st,6h,st,3.6176700000000004
0.9754490524388792,1.05950016442145,-1.4936847362903263,-0.9572281529753174,0.3326888891142097,-2.65250247475173,1.0497676567276828,-1.5047113807286863,1.7453726162879568,1.8383909583063238,N900_RS12250,luxR_1,1.0244690333333333,-0.47275,4.1515,3h_SI4,3h,SI4,6h_st,6h,st,4.62425
0.7825376909843076,-0.9786690890972076,-1.516366559025683,1.466754256468639,-0.19898396007139746,0.8941143961047971,-2.317532364766471,0.8437877549283792,0.4777525013385707,-0.39638423662438577,N900_RS12255,pilT_1,1.3544023866666668,-0.026827,4.1113,3h_SI2,3h,SI2,12h_SI1,12h,SI1,4.138127
-4.035594678452426,-0.5192488784414272,-1.2009962432170496,-1.1057701983141404,-0.46841031162688235,-0.5975215885162695,-1.1190232755954332,-2.446804919680199,3.9820941009604858,-1.1034731928455956,N900_RS12260,pilT_2,0.2565712333333333,-1.4659,3.4509,12h_SI4,12h,SI4,6h_SI3,6h,SI3,4.9168
1.5187102443081093,-0.001228447804709043,2.2681149006741212,0.251293509550905,0.11810145886857415,-1.4404121086870334,-0.8688431831794352,0.013829241733869402,-0.5401086424394513,2.3155108050685236,N900_RS12265,yggs,1.0870463883333334,-0.039687,4.0291,3h_SI8,3h,SI8,3h_st,3h,st,4.0687869999999995
-1.2064645965468377,-0.555231522824995,-2.3714023679914495,-2.270462393359793,-0.2015381701679924,1.4143691684064423,-0.4026883307780891,-0.5449448774075911,0.4930056026754863,-0.8208254646440563,N900_RS12270,proC,1.3030324349999998,-0.37789,6.167,1h_SI9,1h,SI9,6h_SI3,6h,SI3,6.54489
0.758605505220801,-0.4524941070341104,0.6717796336858121,0.9895730069044992,-0.5956100830702215,1.1774668973989113,-2.7045752863666035,2.0227615497220754,-1.269965732602917,-0.3465947249166446,N900_RS12275,yggt,0.8389598166666665,-0.621,5.2255,6h_st,6h,st,3h_SI4,3h,SI4,5.846500000000001
-1.4423496135753926,-0.5138993632042134,0.12394740878476532,3.416357281506153,-0.49139261712274657,-0.5015548695254992,0.19682045628838352,-0.7793195222796787,-0.3134711045425693,1.4571207083527542,N900_RS12280,VC_0458_BLAST,-0.10090591666666665,-1.8121,2.9802,6h_SI1,6h,SI1,6h_ce,6h,ce,4.7923
-2.259329706671095,3.463698765263663,4.970509824890255,-3.882329426729692,-1.9757706130525468,1.6542399769330105,-1.5120996403658415,-1.1177453029246387,-1.2444671549152075,0.18609054080474718,N900_RS12285,N900_RS12285,0.0027146426351666664,-8.333e-06,0.11933,12h_SI8,12h,SI8,3h_st,3h,st,0.119338333
3.344169990310844,-1.496654888988697,1.1773433210351274,-3.151597469409937,-0.7434469441515049,0.03771144836961704,-1.0135528109620835,0.22608792623687626,-0.7487494737164729,-0.979609780729159,N900_RS12290,rdgB,1.2281360000000001,-1.4592,4.3124,1h_SI6,1h,SI6,3h_st,3h,st,5.7716
-3.060266526203101,1.880699985656871,-0.630828268782618,0.20564137074782574,-0.7779311251353913,-0.12365079325452766,2.952352085295325,-1.5780292657847037,-0.3662956026948446,-1.5181103023894182,N900_RS12295,hemW,-0.054961828333333365,-1.7602,4.1977,12h_SI2,12h,SI2,3h_SI2,3h,SI2,5.9579
-2.949132517860249,-3.343970918011603,0.37733232052714943,-0.36288803976643336,-1.3543148863880445,-1.5063106599488263,-1.6304976912172113,0.5717262340906508,1.4034780950730206,1.3267769740369066,N900_RS12300,glsA2,0.12857324999999997,-2.71,3.1653,3h_SI9,3h,SI9,3h_SI5,3h,SI5,5.875299999999999
0.848923296061594,-1.3038235000731337,1.4445561814961205,-0.45256392203932516,0.45163857260901763,0.00920909138765913,-2.26825191380427,0.06722030149845351,2.1089004295981613,-1.0968288201821523,N900_RS12305,trmB,1.2589885333333333,-0.12662,5.4469,1h_SI5,1h,SI5,6h_SI2,6h,SI2,5.57352
-0.516720850915998,-0.9889989077840815,-0.10265888961289801,0.017888350663713082,-1.3364998909678192,1.103385684199818,0.7838152262895468,-3.0906885872855003,-0.07022193308465718,-0.20785594664067253,N900_RS12310,mutY,0.9734832,-0.51149,4.339,3h_SI4,3h,SI4,1h_ce,1h,ce,4.850490000000001
-0.2248085534113593,-0.19847452108141883,0.1345494797940349,-3.8408889545084977,-0.5756796951988983,1.6902254963615682,1.5198796003563475,1.4394247341525992,0.023341831832100923,-1.519917296031245,N900_RS12315,yggX,0.3632811,-1.9722,3.7623,6h_co,6h,co,12h_st,12h,st,5.734500000000001
-5.189860076108286,-1.1686357836168193,-0.8787587452155365,0.42683366477740403,-0.7933821676536541,0.6283974885208028,-0.793554340013569,1.2077995068717062,-1.8738169051293347,0.30486621693206195,N900_RS12320,mltC,-0.6058199908333334,-2.6945,1.9164,6h_SI2,6h,SI2,12h_SI3,12h,SI3,4.6109
2.699773980649126,0.31647792457917207,2.621003943070657,-0.12540920908374664,-0.11104144857018722,-0.13070951605405523,-0.8223129194002519,0.4818091601539727,-1.2928658594307705,-0.7514118170643562,N900_RS12345,mcpP_2,1.5108900166666666,-0.066869,4.2303,3h_co,3h,co,3h_SI4,3h,SI4,4.297168999999999
-1.6488808905280539,0.48377502611658785,1.9616862044546197,-0.3568521905812059,-3.5177554519664556,0.4370337007070535,0.73938240722689,-0.8934182409767479,-0.32000426903555523,1.1443366784085656,N900_RS12365,djlA,0.5443349666666665,-1.1718,3.8828,6h_SI1,6h,SI1,3h_st,3h,st,5.0546
1.5363045544090381,2.7348830449929755,-0.5623744532764964,0.28627004582464854,-0.27464085360999413,0.07753038497176246,-0.2809950691283295,0.58846860138114,-0.5678014312009195,-0.05787108065529123,N900_RS12385,rsmA,-0.2606076666666667,-2.5123,3.7107,12h_SI7,12h,SI7,12h_SI3,12h,SI3,6.223000000000001
0.6955778816526355,1.3875660946292445,-1.8261529546477921,1.1697470676252406,-0.6264667831694704,3.341866341241174,1.1110059296536445,-1.2036758951708302,1.4705747827491704,0.1429585471270266,N900_RS12390,apaG,1.8158829500000002,-0.064464,5.9155,1h_SI9,1h,SI9,6h_SI1,6h,SI1,5.979964
-1.762493020803184,0.05622036540323122,0.20064836494366206,-1.6656815428399938,-0.7884426012921906,1.336771578820431,0.4532684818982533,1.0462703914022164,-0.9778499329523233,-0.3052373874178429,N900_RS12395,apaH,0.5097322,-1.9641,3.7598,6h_ce,6h,ce,3h_SI5,3h,SI5,5.7238999999999995
0.11346174499987871,-2.2316571357304364,-0.49977354202102414,0.4697527784907809,1.2287208533429252,-0.31849314778538673,1.7926819238477847,-0.7486289274437397,-0.4673203578878439,2.756236445447393,N900_RS12400,folA,0.6763601633333333,-0.71006,2.9171,3h_SI4,3h,SI4,1h_SI1,1h,SI1,3.62716
1.2909160889709081,0.381737157104348,-0.033111467156206574,1.8144738611945317,-1.0247065790911614,0.010186475639702208,1.8146619713219483,0.49774056250981924,-0.8706281837376316,0.11274842911428462,N900_RS12405,yjjB_BLAST,1.3634694666666667,-0.27374,5.0767,1h_SI8,1h,SI8,3h_SI2,3h,SI2,5.35044
1.5265860555986412,-0.848803405688183,-1.308300699341735,-0.14398695397861005,-2.13036841388883,-2.0460337718655084,-0.3819010376960892,0.5565103115752104,0.12583747001831097,-1.6266340336247551,N900_RS12410,Probable succinate transporter subunit YjjP_BLAST,1.4781493333333335,-0.32817,4.7218,3h_SI1,3h,SI1,3h_SI4,3h,SI4,5.04997
1.6140352946955394,1.1949027307029443,0.6200290628120142,1.0739276276976004,-0.9242879135777952,0.5880181815389542,-0.614416323250607,-0.58430994300397,-0.43334073126132233,-0.5165885286389293,N900_RS12435,Pseudogene_N900_RS12435,1.4613994166666666,0.059225,4.1261,1h_SI4,1h,SI4,12h_SI1,12h,SI1,4.0668750000000005
1.7814869892125644,-3.440532173817067,0.6025824227585944,-1.1503261248219936,0.3560548933121374,1.0409123540092202,1.7048195622900248,0.818903537364768,-0.28402919951113326,0.7644117244361652,N900_RS12445,mdh,1.0148447833333332,-1.5427,4.2508,1h_SI2,1h,SI2,6h_ce,6h,ce,5.7935
0.42058472795174673,-0.390874733168484,-1.646047296711897,0.6349262813419827,1.0850652348247591,0.3488185512431261,-1.9564932906563681,0.641634807723403,-0.8869130983490606,-0.9781631756229564,N900_RS12450,argR,1.1811901333333332,-0.94403,5.6317,6h_SI6,6h,SI6,6h_SI3,6h,SI3,6.57573
1.1552352486444404,-0.7501183574909387,-2.2860062712305953,0.046397946448059946,-1.5055022411776078,-0.7741741530683968,-2.28881251058482,1.0157023863275647,1.1062652190043663,-1.1592298514688346,N900_RS12455,C4-dicarboxylate ABC transporter substrate-binding protein_1,1.7782863333333334,0.22817,5.1035,3h_SI5,3h,SI5,6h_SI1,6h,SI1,4.87533
-0.183099422417079,-0.22055997365753666,-1.857235238908244,-0.6868967611321783,-2.7826076104677835,-0.03877491101225117,1.8397650603996982,-0.49412945488242227,-1.3222054989451602,0.11603558731336094,N900_RS12460,dctM_1,1.02494075,-0.76844,4.3549,6h_SI2,6h,SI2,12h_SI1,12h,SI1,5.12334
0.23276293925631464,-1.3754866180691865,1.2460229781901329,-3.113059533265637,-0.4665373979194944,-0.2560812078487631,-2.890801422221746,-1.5225047281453992,-1.9877044691485155,-0.10032677565957737,N900_RS12465,uspF,1.3782087166666668,-0.47727,4.6599,1h_ce,1h,ce,3h_st,3h,st,5.13717
-3.1629146948215237,0.4905002493170279,-0.8171289917764694,0.8431409197692927,1.4926235659450882,1.7803828630971086,-0.08407028609833034,0.6319887521329612,0.7531721821517672,-1.3219575317184797,N900_RS12470,N900_RS12470,1.0900017999999998,-0.32104,4.2663,12h_SI1,12h,SI1,6h_SI3,6h,SI3,4.58734
2.422249365196927,1.3976915057449708,1.5016119060580855,-0.7217703348389195,-0.6288456811100349,-0.7696575335582854,-0.026921315220454933,1.0382245111535824,-2.1981909617805444,1.629969107693589,N900_RS12475,N900_RS12475,0.7616366166666667,-0.55865,4.1727,12h_SI7,12h,SI7,3h_st,3h,st,4.73135
0.49514103575552904,2.3095588177123085,-3.7495188901518275,-2.984735384447334,1.2730317341151347,0.7211458445711099,0.17534706805235173,-0.464901324002956,-0.5846390036975736,1.2611326728966203,N900_RS12480,rraB,-0.45777685,-2.0647,3.6876,6h_SI5,6h,SI5,6h_st,6h,st,5.7523
1.6071969691901034,2.512093721407924,1.7396069381182686,-1.9813097617102702,1.614919724651306,-0.2981510185645382,-1.5270067596965078,-2.0175516955572386,-0.1787476822549744,0.703566609417958,N900_RS12485,arcA_1,0.7896804666666668,-0.28927,4.4112,3h_ce,3h,ce,6h_SI2,6h,SI2,4.70047
0.4802041343015562,-1.6453397075189227,-2.3118543531856135,-0.8599187611419581,-0.15058152481544776,-0.8449514170026766,-2.7076928975898884,0.8496906970689957,-2.009516949691121,-1.9910647608320085,N900_RS12490,tldD,1.4758316333333332,0.052138,4.5198,1h_SI9,1h,SI9,3h_SI4,3h,SI4,4.467662
0.6314779044117511,1.5748230090413384,-2.468410650258089,-0.8203388937922207,0.26869769172298147,-1.4212262867748704,1.4721284874611928,-0.3788753266125325,0.3332902896264174,1.3060027444746731,N900_RS12495,nit1,1.1008344866666666,-0.37815,5.2266,6h_SI8,6h,SI8,6h_SI4,6h,SI4,5.60475
-0.6493342566301896,-1.3676749928574263,1.106406655865793,3.53869013983197,0.7472335814966328,-0.22627477196185186,0.3142181616813924,-0.4381309388017682,-0.9708931242581685,-0.405693950705454,N900_RS12500,N900_RS12500,0.21488250000000003,-1.334,3.0902,24h_SI4,24h,SI4,3h_SI1,3h,SI1,4.4242
-1.8788859593908567,1.8649278369316933,-0.8043046452457555,1.0232303895468524,-0.3633736254945704,-0.21672231267318764,-0.7220909227455456,1.8906822529617358,-0.5969416395703259,-1.5347361705030331,N900_RS12505,rng,0.4674650383333334,-2.0299,4.0433,6h_SI5,6h,SI5,3h_SI4,3h,SI4,6.0732
1.6533568251499933,-0.21037525760663545,2.30711141038661,1.2932582231971437,-0.7274134199640315,2.3975961434435034,-0.706930617925887,-0.5584854873769773,0.350498229169996,-0.11484814504618235,N900_RS12510,Maf,1.7080964,0.042484,6.1533,6h_st,6h,st,3h_SI1,3h,SI1,6.110816
1.441668931683032,2.385320300983991,1.3652165566194674,-0.3038481628582925,0.27174002401881564,0.02795588874559829,-0.23360148302662143,1.071342514908725,-1.0017958593017715,1.1498741815832851,N900_RS12530,mshQ,1.316181166666667,-0.109,4.2723,1h_SI8,1h,SI8,3h_st,3h,st,4.3813
0.5834877979606841,1.966687200222353,1.997187902054757,-3.7862975604492277,0.7431986168260308,3.622438461305486,-0.023685024843972724,-0.06077620451398119,0.2074955995765087,-2.082678269159145,N900_RS12535,mshP,1.7246605516666667,-0.21597,6.7449,12h_ce,12h,ce,3h_st,3h,st,6.96087
2.7606412688619173,0.653305087263313,1.4613762155177423,-0.07989692891318168,-0.3674432183607549,-0.2282378743405109,-0.9654606000896464,0.4956941615153682,-1.2600498961294195,0.16956761352946614,N900_RS12540,mshO,0.7352822450000001,-0.817,3.9229,24h_st,24h,st,3h_st,3h,st,4.7399
-0.9705284463917105,-0.060063697450843834,-2.3547589265642075,0.16263448628339638,-1.0728025429763601,2.6402713816641006,-1.863877842441955,-0.7446257344839518,0.3569891623676744,0.15256746673688404,N900_RS12545,type II secretion system protein,-0.05810344999999999,-1.5505,2.6873,1h_co,1h,co,12h_SI1,12h,SI1,4.2378
-1.4423125114004365,-2.1172978813460013,0.6620572485416362,-0.2794900350607179,-0.8471938828647946,2.5816866289229665,3.792344387662915,-0.2750259949897052,2.024241629358444,-0.7809908614867704,N900_RS12550,mshC,0.69469595,-0.83286,3.1906,6h_SI1,6h,SI1,3h_SI2,3h,SI2,4.02346
1.0554070777393179,-1.5605964332732956,-1.3695669142177154,0.8994969046849373,-1.1464717905232173,-0.5528375335133666,0.7314424542188165,-1.3548332442703845,0.43691542337868383,1.0281978311951039,N900_RS12555,mshA,0.6931828,-0.7533,3.457,3h_st,3h,st,6h_ce,6h,ce,4.2103
0.7503090508445074,0.4446840309298362,3.3306433173786703,0.9903357293401722,-1.2427011752349129,1.104064601826539,-1.2119219534983476,-0.7056753139676935,-0.23282538435418176,1.2418607885490347,N900_RS12560,MSHA pilin protein MshB,0.7387401233333332,-0.76376,4.0753,6h_st,6h,st,3h_st,3h,st,4.83906
-1.7586986278221093,1.155100462609186,-0.8411270935245625,-0.338311517361481,0.8996546683864045,-2.2697020116971784,0.534179359086566,-2.3483812406169116,0.5983047171803738,-2.1893941712138254,N900_RS12565,mshf,-0.04357255000000004,-1.6819,5.2905,6h_SI8,6h,SI8,6h_SI1,6h,SI1,6.9723999999999995
1.77018838174331,-1.2904125657285266,-1.334948560860166,1.9500318639063212,-0.5032790842599455,-0.8526677487403824,-0.5630877758204369,0.10969881910050017,0.6555140383758605,-0.5357203364435373,N900_RS12570,mshG,0.48793916833333334,-0.92882,2.9193,3h_st,3h,st,3h_SI3,3h,SI3,3.8481199999999998
0.26974352077729735,-0.22431279460061682,2.487266691452624,-0.8373334176496832,-2.433185548123536,-2.2197552963595837,-1.3783876981435126,-0.4802596431543888,-0.3913958219585011,-0.485482313154856,N900_RS12575,mshE,1.292669433333333,-0.36679,4.7736,3h_ce,3h,ce,3h_st,3h,st,5.14039
1.8418785847141548,0.2654154735275325,-0.9237623588120493,-0.4816836960702955,1.224240409740405,-0.20548279082621446,0.33503542191347996,-2.162112855758074,0.45411648437838337,1.1581650501364347,N900_RS12580,MSHA biogenesis protein MshN,1.1088379333333331,-0.40777,3.6304,3h_SI4,3h,SI4,12h_SI2,12h,SI2,4.03817
1.7130464217458012,-0.30743584870436924,-0.18826182902234648,1.1544748024433176,0.8313097153041938,-1.9334670678853056,0.6241575504944179,-0.4994465389889519,-0.2653406889861968,-0.8874991678081965,N900_RS12585,mshM,0.7181125333333334,-0.41131,3.545,3h_st,3h,st,6h_SI2,6h,SI2,3.9563099999999998
2.4087393572592593,2.12856133725068,0.9580430748588241,-0.12904892372369847,0.6085788358399292,-0.7969577164993513,0.6880604741296015,-0.058539239752275596,-0.1710151033737266,0.884033176336795,N900_RS12590,mshL,1.317562651666667,-0.061664,4.5314,24h_ce,24h,ce,6h_st,6h,st,4.593064
-1.2017527573605835,-1.1353419871234263,-1.3382510210526155,-0.6586683548540171,-1.2343458337444961,0.34795910930582696,1.9833779090257837,-1.3027321993419987,-1.0399383687449464,-0.6808646111590035,N900_RS12595,mshk,0.8878436150000001,-0.55761,4.7472,1h_SI2,1h,SI2,3h_SI6,3h,SI6,5.304810000000001
-1.3695359690503641,-2.739206013133565,1.438682106908823,-0.3084429044471648,2.1823055623538394,2.677932613096466,1.4782772463429625,0.7675327670929972,0.2918236116266619,-1.4437625946685224,N900_RS12600,pilO_1,0.5456657,-1.2665,4.2082,6h_SI3,6h,SI3,3h_SI1,3h,SI1,5.4746999999999995
0.3312232976453653,-0.15635401004807759,0.22126642420333337,1.405913568251179,1.7943367634132608,-2.771724713179199,0.6261325714322373,0.36349221584941166,0.5312364811743185,0.9692875314770071,N900_RS12605,mshi,1.2237318666666668,-0.2944,4.5466,3h_st,3h,st,1h_SI1,1h,SI1,4.840999999999999
1.2977017795107315,0.8516736246555277,-2.0173714405637098,2.1272051278920845,-0.16991216146599286,1.2993793608005904,-1.0764898805591692,-0.7732971311497863,-0.15195759981360457,-0.6269260283272484,N900_RS12610,csrD,0.7159272133333333,-1.464,3.7535,6h_SI7,6h,SI7,12h_SI1,12h,SI1,5.217499999999999
-1.2110332388537757,-1.564192780618894,0.2831171065848162,1.1475425537298674,-1.7110719111886443,-2.804779813199263,0.5157349485809055,-0.1686056586893815,1.52483588404283,-0.23580350777001235,N900_RS12620,malT_1,0.1526436399999999,-1.6942,3.8863,12h_SI1,12h,SI1,6h_SI4,6h,SI4,5.5805
0.054600282864864624,4.393062535596249,0.2704464330624001,0.8236159696556751,0.4240588376889186,-0.9975574159727043,0.573188081810134,0.18408787902493867,0.04258967177586992,-0.7206475638320745,N900_RS12625,galU,-1.5646340833333332,-4.0293,3.9681,6h_SI9,6h,SI9,1h_st,1h,st,7.997400000000001
-3.442789954676834,2.827805227634033,-1.0570182103430052,0.9469261857695273,-0.9043485394494029,-0.5478693032089876,-0.036701733320188445,-1.4452017838185476,1.8738856092550158,-0.6148821556008517,N900_RS12630,uvrA,-0.7717346883333333,-3.1232,1.9936,6h_SI6,6h,SI6,1h_ce,1h,ce,5.1168000000000005
1.6300435939113909,1.3796429294908075,0.6497461615543247,1.7382909629828212,0.7627594236702838,-0.40243764346505073,0.4764317368735727,-1.499163311123463,1.8703310165360776,0.47726539683941493,N900_RS12635,ligase,0.4180067833333333,-1.54,4.4568,3h_SI7,3h,SI7,3h_SI1,3h,SI1,5.9968
1.0025832346917163,-0.6948849400922612,-1.6258671667163422,-0.8305236929132007,-0.6118505585978025,-2.443080203751255,2.530306635551031,-0.1310483470862976,-1.2984101245286617,1.146498122291956,N900_RS12640,pucG,1.0562856166666668,-0.6092,4.2455,6h_SI1,6h,SI1,3h_SI2,3h,SI2,4.854699999999999
1.5868167486360747,-1.0289404702355032,-1.4336372802104438,1.5983809278998447,-0.5096411518909856,0.6646746211678667,-0.7861360599505318,0.09285890250012416,-0.7685120012912453,-0.37258103801901316,N900_RS12645,lysC,1.6377304666666668,0.059838,4.7726,1h_st,1h,st,6h_SI2,6h,SI2,4.712762
1.4824804590358358,1.3266414305391048,-0.3979106614123929,0.48999642241085395,1.5469767091280342,-2.0027885740762112,1.0333343610723227,0.8183444714969927,2.1394881747839314,0.36313755179633045,N900_RS12650,metH,1.3040351666666665,-0.43238,4.3936,3h_SI8,3h,SI8,6h_st,6h,st,4.82598
0.5172332729997513,-3.2522857593784993,1.5076554401401985,0.8754765763125452,2.5233064737626756,1.9267661673447347,1.1395014069607563,-0.5309723008698783,-0.9197748716158746,-1.8926068317424167,N900_RS12655,nhaP,0.9546724166666667,-0.46725,5.0835,12h_st,12h,st,3h_SI1,3h,SI1,5.55075
-0.870939085094177,-0.5300846188247307,1.5976794851457792,-2.58144133338321,2.571603290144222,-0.9308816094526629,-1.2287682194637395,-0.3924459259919471,-0.36301819337107566,1.64791422019496,N900_RS12690,cysH,0.9142912333333334,-1.2429,4.4672,3h_SI9,3h,SI9,3h_SI5,3h,SI5,5.7101
3.349994278746564,-1.041513037089449,1.0407532017525218,-0.02096310066921947,-0.37138899015353577,1.2156771689426842,-0.567792608147369,0.45005948029287846,0.13030563389218652,-1.3937998780537026,N900_RS12695,cysI,2.093656466666667,-0.2971,5.5103,1h_SI7,1h,SI7,3h_SI1,3h,SI1,5.8074
-2.568869687629058,2.2110126375804535,4.888795214966678,-2.1237670640110773,-0.9686451603975338,-0.19390384780350156,-1.8109184793228195,-1.0337715653901032,-1.4226565231430532,0.5651971352266656,N900_RS12700,assimilatory sulfite reductase (NADPH) flavoprotein subunit,0.0073533885,0.00017099,0.16681,6h_SI2,6h,SI2,3h_st,3h,st,0.16663901
-0.7360022117918561,-2.0961054443171148,-1.333036407704568,-1.9510055829396937,0.5595254640623543,-0.92186009806525,2.167209341437683,0.6292092801142861,-2.4734479949397143,2.924818316169448,N900_RS12705,N900_RS12705,1.4809763333333335,0.10052,5.6072,3h_SI1,3h,SI1,6h_ce,6h,ce,5.506679999999999
-2.8287398094874745,-0.6641386295895777,2.0939665693345835,2.6160084951275744,1.2489944064816008,-0.0468129156948871,2.304061649132088,0.9527861903602053,-0.07669521960282866,-1.3684621830599992,N900_RS12710,N900_RS12710,0.4305392983333334,-1.258,4.6316,12h_SI4,12h,SI4,1h_SI1,1h,SI1,5.8896
-3.615108976373894,-2.756431514518195,-0.6684007025389762,-2.8343696834196663,-2.193524742697677,2.76808052425394,1.2585903326688035,2.3846085932529553,-2.755562462786954,0.2000258912370716,N900_RS12715,TIGR04219 family outer membrane beta-barrel protein,0.5248700333333334,-1.2729,2.5214,6h_SI1,6h,SI1,12h_SI1,12h,SI1,3.7943
-2.260944298491345,4.545796168204429,-0.5822310910141575,0.7493454000749193,0.6760332415243129,0.06500786954526772,0.19796976403625632,-0.2577263400602274,0.6619493497474784,-0.6121810219210903,N900_RS12720,pspG,-1.259453105,-4.0321,0.86394,12h_SI8,12h,SI8,24h_SI3,24h,SI3,4.89604
-0.3629374743616114,-0.5383302066590157,-0.7068587790520677,-0.4826453245773068,-0.841842755158939,-1.3565039890646133,-3.631411607209584,-2.3025413912773525,0.35420730889891905,0.12199013888940602,N900_RS12725,dusA,0.5047400633333333,-0.83419,4.1267,6h_SI7,6h,SI7,6h_SI1,6h,SI1,4.960889999999999
-1.608225023732842,-0.5381226276970433,2.272300612886801,-1.501947870475264,-0.5508663546945682,-0.4628220397463587,4.003213523992234,-0.8424733490311038,0.045951831005465515,-1.8683516651284482,N900_RS12730,zur,0.4913899666666667,-1.6891,6.1614,3h_SI8,3h,SI8,3h_SI2,3h,SI2,7.8505
-0.8410765140708585,0.449432725480696,0.7681289155429312,-3.0382522982195406,0.40353787165900185,0.44047606689297025,0.5300836834689786,1.1216314504616178,1.236062740323901,3.6523555277668773,N900_RS12735,chex,1.6161628333333335,-0.14432,5.0178,6h_SI2,6h,SI2,6h_st,6h,st,5.16212
-0.19215035020235494,0.1373992044015089,2.7682962955071275,-0.2590151665954479,0.9088771769657921,1.0677554577182888,-3.288160361093235,0.44215003516902485,-1.4998101544504028,-0.35279862873186807,N900_RS12740,MBL fold metallo-hydrolase_2,0.7976073316666665,-0.74001,4.2104,6h_st,6h,st,3h_st,3h,st,4.95041
1.8199462643849804,1.2232946715157094,-1.9919962491409469,-1.7837282434565558,-1.6521898482427284,0.7606353920996708,1.2036978662815807,2.4173673255943906,0.5093791558437041,0.26126648688736465,N900_RS12745,pgi,3.2446388099999997,-0.0046614,7.0696,1h_SI4,1h,SI4,6h_st,6h,st,7.0742614
-0.3508585059828211,-1.117367362364684,-1.3175866437075623,0.6300060744790574,-0.4182971969128498,3.138260535078533,1.3761599791269186,-0.4858904228439698,-2.197962710006741,-1.6928272736391188,N900_RS12750,yjbQ_BLAST,1.599599933333333,-0.040289,4.6777,6h_st,6h,st,3h_SI9,3h,SI9,4.717988999999999
0.8037169269674322,-2.029998672648967,-1.0045235831072705,1.5652689173968577,1.3732475642408584,0.42158817745709276,-0.5745317444173101,-0.47489141060026124,-2.6317379975296755,-0.7243048569963907,N900_RS12765,N900_RS12765,0.877642515,-0.69665,3.7281,3h_SI3,3h,SI3,12h_SI1,12h,SI1,4.4247499999999995
0.9291942923462582,-1.2711745519154438,-0.11064115032521746,-0.5765238150251839,1.8726675802811112,0.6582601087400946,0.6645096382148633,-2.342453735666057,-1.1192412663553308,-1.0259449055441585,N900_RS12790,bfr,1.8485671000000001,-0.086294,6.2173,1h_SI7,1h,SI7,6h_SI2,6h,SI2,6.3035939999999995
-1.7912498581354626,0.6228073273936365,-1.5359304635687572,-0.23830335106147005,-0.9867437764484813,1.8151867870458163,-0.06965095612548289,1.6608946147266936,-1.9556179251439514,0.3930160689584852,N900_RS12795,bfd,0.5156289833333334,-1.4162,6.7633,24h_SI4,24h,SI4,6h_ce,6h,ce,8.1795
-0.4953683726025164,-1.7678156817351938,-2.523354134361954,-1.0081352135087656,-1.6233849034534342,0.872228958705059,-1.6596349146990985,-0.5121217826974656,1.8289532964075645,0.6723140824573419,N900_RS12835,dauR,1.3802057333333335,-0.027761,4.5959,3h_SI9,3h,SI9,1h_ce,1h,ce,4.623661
-2.5798456070008173,0.21405782818403873,-1.198294436056807,1.8988260505933097,-3.5786067601277587,1.1201736647038625,-0.9937849705693265,3.508718058423156,0.0004596506948614243,0.19041252404274367,N900_RS12840,fkpA,0.27229338333333336,-1.4642,4.1054,6h_SI5,6h,SI5,3h_SI3,3h,SI3,5.5696
0.11008283745174285,-1.2304143729749037,-0.3780950520642519,0.9304763827406828,-0.3000126326540058,1.7207460276838804,2.0946846963105576,-0.1743752972070688,0.47838229808965754,3.350475338008118,N900_RS12845,N900_RS12845,1.0837371,-0.48885,4.4175,6h_SI1,6h,SI1,3h_SI1,3h,SI1,4.906350000000001
1.305664650379894,-2.4849005290225366,0.16149941527407338,-2.4138079330174143,-1.865342828163155,-0.5567337884963195,-2.319887825701435,2.109987646102609,-0.9491211643264686,0.12732117668778598,N900_RS12850,slyx,1.668280666666667,-0.18194,4.3376,3h_ce,3h,ce,12h_SI1,12h,SI1,4.51954
0.8658470577588218,1.463703609603195,0.9432663446991787,-1.387150255568154,-1.0550076330725524,-2.0654497456965113,-2.11134192087379,1.7323920854861317,0.7854774771058942,0.8676131836803935,N900_RS12855,N900_RS12855,1.0164178333333334,-0.58677,3.9184,3h_ce,3h,ce,3h_SI4,3h,SI4,4.50517
-1.054415027904764,1.162210105584426,-1.9995248718385317,-0.2699044248071669,-1.1088953195276252,0.5580929834794088,2.2658292022982645,-1.2010536520514115,-1.4196066414237287,0.3512915638790961,N900_RS12860,hflC,-0.36028904999999994,-3.0727,3.3032,12h_SI8,12h,SI8,12h_SI2,12h,SI2,6.3759
-1.2566738300064098,-0.3284929140720869,-2.0587634861132815,-0.0023446442671437584,0.8280663639475476,-0.7362731562942313,-2.6049650677191627,-2.0579095835907317,-0.345793081837786,-1.4343728943013516,N900_RS12865,hflK,-0.47743868333333334,-1.7344,2.693,24h_SI3,24h,SI3,6h_SI1,6h,SI1,4.4274000000000004
-0.2150036310656933,-0.2413308507270815,-0.5724924168117471,0.9927394048160831,0.5099727222768049,-3.51393161450507,0.8959947034730903,-1.335287642459246,-0.6393296369561835,0.03761818171738307,N900_RS12870,hflX,0.5955676499999999,-1.0186,4.41,24h_SI1,24h,SI1,3h_SI2,3h,SI2,5.4286
0.3956278236970143,4.536357823796919,0.25456257753073924,-0.024219584603939026,0.6563723459835088,-0.49753795941218404,0.03950439044736298,0.3327175374078643,0.37250126182716214,-0.5070463344807133,N900_RS12875,hfq,1.8103941499999998,-0.30901,7.7919,12h_SI6,12h,SI6,1h_st,1h,st,8.10091
0.7229571661488672,3.677637673877787,-0.12686847380159744,1.4517290586070954,-0.5956078054742847,-1.4292953620131366,-1.0885994113754598,0.9529827820478165,1.4722427162948692,-1.3246556821610942,N900_RS12880,miaA,-0.16324365000000005,-2.6161,4.233,12h_SI8,12h,SI8,3h_SI3,3h,SI3,6.8491
-0.8724937236345234,-0.7955537674127391,-1.3166533393632383,-0.42902085424440606,2.2440115521879784,1.2559887685000928,0.01224155116619241,0.07914095493787507,-1.9376968210977799,3.049316735515763,N900_RS12885,mutL,0.89435647,-0.90305,5.9972,6h_SI2,6h,SI2,12h_SI1,12h,SI1,6.900250000000001
1.451603601847034,3.175515502570232,0.6644355986705074,0.06971477401434045,0.6468184876972972,-0.9646795710274414,0.04481221456806106,0.5912232783051037,0.5131012547828959,-0.557891819249335,N900_RS12890,N-acetylmuramoyl-L-alanine amidase,-1.6338058333333332,-3.6803,2.0006,12h_SI9,12h,SI9,1h_SI7,1h,SI7,5.680899999999999
1.9926173777008467,-1.0447378525374167,-2.030651943219428,-0.5349790633711904,0.6159860040205423,-1.3012313663235076,-0.5309996247683577,0.39751869689215735,0.34719905763687325,1.5359016510165395,N900_RS12900,queG,1.462207366666667,-0.11861,4.6731,1h_st,1h,st,6h_st,6h,st,4.79171
2.9709236225211955,2.737345056555175,0.6946414573788924,-0.1759835393073821,-0.09233966127879847,-0.5710596195846822,2.0758361331079143,-0.15677725486385574,-0.1536154854371159,-1.0293244153441503,N900_RS12950,rsgA,2.011903183333333,-0.061,7.5889,12h_SI7,12h,SI7,3h_SI2,3h,SI2,7.6499
1.9665803127505388,1.2912267505257329,2.620513841844024,0.15363704367198228,-0.8488833644837173,0.3740538557514129,-0.38513228411856093,0.11983915411051449,0.16411032305326306,-0.9879252097287602,N900_RS12960,SLC13 family permease_2,1.6997658333333332,0.21242,6.0667,1h_SI7,1h,SI7,1h_st,1h,st,5.85428
1.5321127735363147,-1.0625244712570807,-0.7420528541218433,1.6183046708170914,-0.7764787674259334,0.16274814998526965,0.3678184527893902,0.3550886579428392,1.0039250216043691,-0.8190331549563875,N900_RS12965,DMT family transporter_1,0.9164141666666665,-0.77188,4.5976,1h_st,1h,st,3h_SI5,3h,SI5,5.36948
0.6342453798647139,1.2767924870148506,0.38742629118162336,-0.43571659273007857,0.9224820131083729,3.772274892541259,-2.188613838467024,-1.5110370887058526,0.48199464454991536,-0.1906990444661193,N900_RS12975,envc,1.3966725,-0.12388,5.565,6h_SI4,6h,SI4,3h_SI1,3h,SI1,5.68888
-0.040211720638411386,-1.2406984432634987,0.9464158570715843,2.1439442254442147,0.5934669083085204,-0.951156305885031,1.3689769909589722,-0.9542205198094995,0.23446297700041746,-0.1274960638516871,N900_RS12980,N900_RS12980,1.1697171166666667,-0.34839,4.2305,3h_co,3h,co,3h_SI2,3h,SI2,4.57889
-2.309188565770582,-3.7968766462362997,1.8053074892518057,1.1201824844175583,0.9378339806264547,0.8550106368611442,0.6892515915793764,2.0383931903743497,-1.578012708483712,1.039552177928055,N900_RS12985,TetR/AcrR family transcriptional regulator_1,0.8306927333333333,-1.1978,4.4814,6h_SI2,6h,SI2,6h_ce,6h,ce,5.6792
3.377214506427748,-0.1404771650286345,0.4619837516659711,-0.13797675602204196,0.37538451265098616,-0.31987688748999754,0.02895931106318439,0.6631767037372288,-0.37233189575581616,0.11463549454549737,N900_RS12995,nudC,1.1268217166666668,-0.24359,3.297,3h_SI9,3h,SI9,12h_SI1,12h,SI1,3.5405900000000003
0.8950663149922082,0.6461696964459442,-0.6922351061708216,0.4528702177455859,2.7142428514143875,-0.937809022531539,-1.9251262604225283,1.0371055662639155,-1.5233735368536627,0.07452956593607829,N900_RS13000,rsd,1.3064196166666668,-0.56993,5.3643,24h_st,24h,st,6h_SI2,6h,SI2,5.93423
2.204357817796655,-0.7967528115313067,1.9853695022754883,0.10586703194323466,-1.3651566365998795,1.1687696607276667,-0.13858621866648868,0.8358667795060433,-0.024305003676551196,1.1165990087334112,N900_RS13085,N-acetyltransferase_3,1.4367633499999999,0.021109,5.4439,1h_SI3,1h,SI3,6h_ce,6h,ce,5.422791
-0.442756770667907,0.992076948994796,-0.7855103636520443,-2.4493524245976683,-1.7305252098925838,0.7917583439152663,0.5949979925738318,2.4048160819055693,1.9439731599604455,-1.4079012997382336,N900_RS13130,fre,0.6112078000000001,-0.81241,4.7798,1h_SI1,1h,SI1,1h_st,1h,st,5.59221
2.9070693583369502,0.14506457888761365,-1.2200838582904303,1.3299817749238994,0.3583354007738425,0.0159945455387962,-0.733973884333484,0.6473599318607192,0.11673199039908205,0.5229249720664362,N900_RS13135,paaE,1.2817756833333331,-0.14881,3.8272,1h_SI3,1h,SI3,3h_SI3,3h,SI3,3.97601
-0.6451236520370549,-0.19410937986515986,-0.773610542237315,2.0785454758081565,-1.837074344797762,3.6186116060390976,1.7910807130374806,-0.20854830249152823,0.20095238955823924,0.7480378536180414,N900_RS13145,N900_RS13145,0.32362654416666664,-1.2169,3.3406,6h_SI1,6h,SI1,3h_SI1,3h,SI1,4.5575
0.5346683426577519,3.2579957552069576,-0.33352529934727493,0.20984348994137036,0.3075770557966092,0.20260166743553842,0.2778338654603348,0.05976708935748881,0.13807476616083936,0.03150899886954517,N900_RS13155,trxA,1.0850716833333334,-1.2025,6.0391,12h_SI9,12h,SI9,1h_ce,1h,ce,7.2416
-4.525895594879709,1.7523834609766882,-0.06128317827333538,1.2724195572077601,-1.086393083323535,-0.8618650556344027,-1.035474256192998,-0.5027182045363026,2.028272481814051,0.1747934364753858,N900_RS13160,rhlB,-0.8167030666666667,-3.0285,4.0023,24h_SI4,24h,SI4,6h_SI1,6h,SI1,7.0308
1.8501594738756655,-0.5570725392712281,0.5896919663627954,-2.3293606102775346,0.5559275298992022,0.4512226393866778,-2.190702066412908,0.4754107693962687,-2.342170227314209,0.429779499336149,N900_RS13165,gppA,1.8092021666666667,0.32035,4.809,3h_co,3h,co,3h_st,3h,st,4.48865
0.823408282197279,-0.8253081243648934,1.0847402842243794,-0.3420518512974131,1.4355024636771436,-0.4432966895302759,0.04410259877592615,0.9768326081902163,-0.1857133796158208,3.110337899632029,N900_RS13170,rcsC_8,1.0258499999999997,-0.3493,3.9025,12h_st,12h,st,6h_st,6h,st,4.2518
1.6469898430598677,-0.055617675183581794,0.33231959814236284,1.3362842083251385,2.074296392740432,0.179831407746197,-0.2335298373553497,2.1815602957783673,0.31156983322861365,0.9164836459862853,N900_RS13175,hcaT,0.8186612450000001,-0.72692,5.1402,12h_st,12h,st,3h_SI1,3h,SI1,5.86712
1.5293432709621673,0.7995271352407244,0.5058536771595028,-0.3124842968623369,1.7723191183947202,-3.115177726846738,-0.8822085064321059,0.9734039355876429,-0.2108515282608192,-0.6073313279369669,N900_RS13180,N900_RS13180,0.782608515,-1.0068,4.4226,12h_st,12h,st,6h_SI1,6h,SI1,5.4294
1.8084552957348565,-1.768943833326932,0.3124281997007165,-0.4151044932626393,0.21723693169153255,1.341235314143957,0.021967299356802417,-1.4820130709222963,-0.5932464408454557,-0.007606952889547269,N900_RS13185,N900_RS13185,1.4562315,-0.25438,4.8994,6h_st,6h,st,6h_ce,6h,ce,5.15378
-1.4822896140250408,-3.1003020756394526,1.2186999114522987,-2.2237435450540657,-1.2603840223818719,-0.08455390591718892,3.7111311796068076,1.908364034682714,-1.8384416741779699,-1.7969094705178852,N900_RS13190,polC_2,1.0870655166666665,-0.9077,4.2593,6h_SI3,6h,SI3,3h_SI2,3h,SI2,5.167
0.9256946074721442,-1.4780760103335655,-0.033804912897485336,3.262145681898753,-0.30775036318797244,-0.7482499097680901,-0.27156917493443744,-0.38132931645533824,-1.2679982795731228,-0.5467669629199363,N900_RS13195,acs_1,0.6116551833333334,-0.79391,3.4818,6h_st,6h,st,3h_SI2,3h,SI2,4.27571
-1.1210283811197095,4.482809413864144,0.8207700309913564,1.0949191291939102,0.11547438775991273,-0.8889814899859769,-1.3146539104174453,0.18758080444942643,-0.7910098301307266,0.11596696967944309,N900_RS13200,aroQ,-0.83595025,-3.6077,3.0399,12h_SI7,12h,SI7,3h_st,3h,st,6.6476
1.3457492650154927,0.1799854947990158,-2.2914314500793487,-1.1913711317881108,-1.3220445798405722,-2.24892536354677,1.8975130625150716,0.19754289931363278,0.16741003567671386,1.5003497877620953,N900_RS13215,prmA,1.0481497666666668,-0.50529,4.0589,3h_SI1,3h,SI1,6h_st,6h,st,4.56419
-2.1802489340449305,0.8786722197211452,-0.863353723801069,-1.94210626485285,-0.058971186396816845,-0.01196135103368201,0.40155689782203435,-1.8811275393238136,-2.475926733906855,0.13266009989255734,N900_RS13220,dusB,0.4549487166666667,-1.2812,4.1227,6h_SI1,6h,SI1,6h_SI2,6h,SI2,5.4039
-1.2466770756992085,-0.9201230802511293,-0.7719291710869197,-2.739565097286244,-0.41154833061360524,1.2375384933132059,-0.09733117157194782,1.7024546997529875,-0.8217506795712243,-1.0755280022724718,N900_RS13225,fis,0.10979456666666665,-2.3052,4.9695,6h_SI9,6h,SI9,12h_SI2,12h,SI2,7.2747
0.15137883503620264,3.452215683836816,-1.1717475237397514,0.16121556874756982,0.0016143915011237256,0.1643961132501226,-0.4040702843925321,1.14682050963303,-0.6112752729518501,-0.704035695214256,N900_RS13230,gntR_2,2.453101366666667,-0.43414,6.8865,12h_SI7,12h,SI7,12h_SI2,12h,SI2,7.32064
-0.6181622269039182,-0.11926247108618881,-1.3467152048807471,0.6434286904004187,-3.082723605971305,0.17103178646905548,2.3343561425777177,0.10575551208423958,-0.3814204824756322,0.7443079849110716,N900_RS13235,edd,1.50105165,-0.022397,4.7539,1h_SI9,1h,SI9,3h_SI2,3h,SI2,4.776297
-3.0328243829549666,-1.5585597305613694,2.4159933433503267,1.053176779830244,-1.4883354503500108,-2.6281558168748624,1.035789735662767,1.1037029727888439,3.2293221671185326,-1.1099911757503005,N900_RS13240,gntK,0.38319506950000004,-1.5574,3.2703,12h_SI2,12h,SI2,3h_SI4,3h,SI4,4.8277
-0.5090923001904435,-0.5774556027664641,0.1960173009860204,-1.34230899547903,-1.127628366690535,-0.7923917756704761,-0.7558609706906114,-3.5489267806006572,-2.75809187544907,0.10522362375725869,N900_RS13245,ygbN,0.9140086016666668,-0.68369,3.6722,3h_SI4,3h,SI4,6h_SI4,6h,SI4,4.3558900000000005
1.0285200638988314,-1.6597412916748366,0.06695369283176641,1.4110538995177175,1.02924686970707,0.905143163912029,-0.7516520208495594,0.12814203906232097,0.9714318520468235,-0.4412723800677526,N900_RS13250,eda,0.5336595616666666,-0.88994,3.4088,12h_st,12h,st,3h_SI1,3h,SI1,4.29874
1.2283594756053189,0.4547172407084127,2.2572511156272457,1.5829446290086504,-0.36274591242114823,-0.36741022618910923,-1.5233101909252944,-1.5633776637181154,-1.2889533033930478,-0.09094501957821244,N900_RS13255,cntO,0.9140758333333333,-0.64454,3.9124,6h_st,6h,st,3h_st,3h,st,4.55694
-0.3060809001564375,-0.3069003329776546,1.450073132272729,0.08396837067157903,1.3949466554322685,-0.04597200689187997,2.3552353910519335,0.9380827678221935,0.7937775582008662,-2.3982024494532768,N900_RS13260,TonB-dependent receptor_1,0.6463606666666665,-1.5036,3.9305,1h_SI1,1h,SI1,3h_SI4,3h,SI4,5.4341
0.018831962368464072,-2.6785887448767727,-2.1255569287469016,-1.0762216070433008,-0.8249547940726581,-1.4813524351984029,-3.0955245715757034,-1.1582509146886324,0.672272870138012,-0.7413008198155389,N900_RS13265,peptidase_3,0.9794817666666666,-0.43693,4.2,3h_SI1,3h,SI1,6h_SI4,6h,SI4,4.63693
-2.7686610532191414,-3.1781511537704223,1.2946201995464808,0.027245224970398718,-1.3939903088396572,-1.6715411431002014,1.8579664157661961,-0.039201320059631284,1.513497735199834,0.46347513229993353,N900_RS13270,methyl-accepting chemotaxis protein_12,0.6166785999999999,-1.2795,3.9013,12h_SI1,12h,SI1,6h_SI4,6h,SI4,5.1808
1.4094863633866908,-0.6439945126462758,-1.858695678762062,0.4547439421603796,0.06884625562314389,-0.41169541403896126,1.1360456790811653,-0.7541640692508769,1.2757862721927076,2.4506455675064593,N900_RS13275,cada,1.5417896666666664,0.17593,4.6927,3h_st,3h,st,3h_SI3,3h,SI3,4.51677
0.4539102583439836,1.678160965294232,2.0491649043652695,0.29712231853654325,1.6461782633927509,-0.43301883790784523,-0.6625094012080781,0.5128508524135611,-2.1874156196506287,0.03522753566135528,N900_RS13280,cadB,0.7475937666666667,-0.71471,3.1564,12h_st,12h,st,3h_st,3h,st,3.87111
-2.2741951428024567,-0.5492427600255684,-0.3156431453643813,2.6663789544698355,-2.642667881874467,-1.4540937509710412,0.30092280549293265,0.8459745641123788,-0.8124362942680617,1.1434922570572874,N900_RS13285,cadc,-0.05290516666666668,-2.0541,3.5423,6h_SI3,6h,SI3,3h_SI3,3h,SI3,5.5964
-4.3043138068379445,1.3533846571104553,1.3100736445271224,1.8610471284889072,-1.0075596169118277,-2.0027166746808787,0.9498420175172213,-1.1365806080522871,2.145569727666412,-0.05150923206973623,N900_RS13295,N900_RS13295,-0.7866732000000002,-2.8358,3.5119,12h_SI4,12h,SI4,3h_SI3,3h,SI3,6.3477
-2.4054528247413876,5.2421353413553735,1.1278214954255439,1.2911912245006336,0.4100938024589378,-1.1587413779544877,-1.2009094458256202,-0.2113409308228954,-0.46602138565654505,0.08450795438924097,N900_RS13300,purH,-1.4036716999999999,-4.2012,3.4987,12h_SI9,12h,SI9,1h_st,1h,st,7.6998999999999995
-4.004929376643779,3.1629421101728483,-0.14585335143751674,3.12407584639823,0.1113777106717029,-1.5904793463916564,-1.2406233266952427,-0.4678834259043216,0.39451250832126306,1.0605110812924614,N900_RS13305,purD,-1.9242205666666667,-5.3124,3.3529,12h_SI7,12h,SI7,1h_SI1,1h,SI1,8.6653
1.058490527118228,-1.8539136372306961,-0.3444464544909571,2.6163442042141423,-1.4000131787678487,0.3084854923780136,0.062264897951820664,-0.7243811594809055,0.30373782559375406,0.5373051723843565,N900_RS13310,N900_RS13310,0.439226475,-1.1918,3.122,6h_st,6h,st,3h_SI3,3h,SI3,4.3138
-2.699957386040408,-0.6915635625085228,-1.6269870352223808,-1.53587242912621,0.9761419257780342,-0.9255092722394336,-0.9392980292061355,-1.3296387013157986,0.36825555210620164,-1.3938688553568364,N900_RS13315,hupA,0.03839737666666665,-1.4145,2.6171,1h_co,1h,co,6h_SI2,6h,SI2,4.0316
2.4737579156757796,0.5053969790353071,1.0838628077117536,-0.40866705697628736,-1.3478970515856683,-0.6484454703077025,-0.4740359843805846,-0.6745654888533663,-0.14763292419340013,1.1909011392516498,N900_RS13325,HlyC/CorC family transporter_1,0.6092019666666667,-0.79984,3.5151,1h_st,1h,st,3h_SI3,3h,SI3,4.31494
-2.971309247759049,1.0369552401503106,0.4407871203010719,1.0645983951915787,1.1324715398146377,2.85402907415435,-0.6758143630151159,0.6043468808544309,-1.398637417130094,2.8958770166493712,N900_RS13330,fructokinase,0.0024974700000000107,-1.5754,3.4263,6h_SI2,6h,SI2,3h_SI1,3h,SI1,5.0017
0.6906990964097015,0.1516225269338709,-1.0790829016241614,-0.5221126699150223,-0.779099694232429,0.25926532792280754,1.1803077690524197,-0.2530976593914121,-2.833353215169905,0.8075595413924348,N900_RS13335,manA,0.1571763,-1.8066,6.0578,24h_SI3,24h,SI3,12h_SI1,12h,SI1,7.8644
-2.063198476530695,-1.922785214170359,1.3112330960520475,-0.629960623248381,1.978592672393549,4.680425568819357,0.9269309135895687,0.8046304787007237,0.3539266511881323,0.2621693519536836,N900_RS13340,VC_0268,0.8718629,-0.69016,6.0471,12h_SI1,12h,SI1,3h_SI1,3h,SI1,6.73726
-1.4371659433494612,-1.1732478838743834,-1.0541914253991236,1.4573397418680898,-0.6827462685900916,1.9575613324889696,-1.5204826396981723,2.9736741458499245,-0.9259312025226959,0.7297209875925641,N900_RS13345,VC_0267,0.6435394999999998,-0.95627,3.2452,6h_SI3,6h,SI3,1h_SI1,1h,SI1,4.2014700000000005
0.08143377976190447,0.640128339215116,-1.507380256375093,0.46173259553226975,-0.6923187655940695,2.6019463989951603,1.3621547585166192,-1.9523929928164792,0.020300153836506407,-0.9635087855723552,N900_RS13350,VC_0266,1.1347738333333335,-0.47225,3.6972,6h_SI4,6h,SI4,12h_st,12h,st,4.16945
-0.05759032166665934,-1.70689264995689,-1.2477555225671735,-0.7099412433298529,0.24654653632413706,-2.0070686713509964,1.9067732505585446,-0.11138410091487383,-2.9126832380536953,0.7468345905979878,N900_RS13355,VC_0265,0.8346260033333334,-0.49904,3.5221,3h_SI3,3h,SI3,3h_SI2,3h,SI2,4.02114
0.40134400413715143,-2.1060201827947855,2.5029168066027196,0.3420338890880341,1.6312819895623898,0.045267369116892,-1.0664447997789526,-2.346603436290631,-1.926004106283254,-0.09273197033074454,N900_RS13360,rjg,1.1376497833333332,-0.50269,4.0166,12h_st,12h,st,6h_SI4,6h,SI4,4.519290000000001
1.7263914007809653,3.7864342899240238,0.8747885870881338,0.3120976556279471,0.6312544704830163,-1.1062147587875524,-0.020361874506488964,0.6400865796149481,0.4397068031001989,-0.5588665794062339,N900_RS13365,wbeW,-2.508584333333333,-4.6311,-0.64464,12h_ce,12h,ce,3h_SI2,3h,SI2,3.98646
-0.34963928352147056,-2.046274407834909,1.0592499017161996,2.4092244300807497,-1.0569638894544622,1.8463061754849028,0.583499733184265,1.2554197380562147,0.5383893490368182,1.7448807382268263,N900_RS13370,galE,1.0748581166666669,-1.3077,4.2426,6h_SI1,6h,SI1,3h_SI1,3h,SI1,5.5503
1.6133644945041787,3.888078010971577,0.6077570438228647,0.1931125647227021,0.7196383839655338,-1.0753961283122857,-0.01324182219977832,0.630837118902096,0.6007612486214344,-0.5718203356916697,N900_RS13375,wbeV,-0.9897135666666668,-3.0407,0.94208,12h_SI7,12h,SI7,12h_st,12h,st,3.98278
1.3650241335117288,3.655901962311546,1.0022513383532519,0.3529515310253646,0.49526182418533893,-1.3087997771385775,-0.17165110270558548,0.9024370794253296,0.46715166232234195,-0.40479064801853837,N900_RS13380,wbeU,-2.9383036666666658,-4.9696,-0.96388,12h_SI7,12h,SI7,3h_st,3h,st,4.00572
-1.9670259114025401,1.4791141801618537,-1.6834046780341296,1.0265938539636092,-2.1434384094987267,0.41656299428625154,-1.2203217838009222,0.5252299615543605,0.18470578607493643,0.9566864919250568,N900_RS13385,wbeT,-0.24073883333333337,-3.1617,4.593,12h_SI8,12h,SI8,3h_SI3,3h,SI3,7.7547
1.3620801796254245,3.7970973794173286,1.1980703726979682,0.5538265897549395,0.4189341831380495,-1.2830345275480481,-0.24264384005811024,0.732102523732588,0.580512447448102,-0.43056517199450717,N900_RS13400,wbeO,-2.7120946666666668,-4.8062,-0.5641,12h_SI9,12h,SI9,3h_st,3h,st,4.2421
-1.1768531873385373,2.2278065985648405,1.817306409394542,2.3544266375979213,2.1903406659247002,-1.4906433710158509,-1.1968485133813773,0.07982780841688755,0.425431624010283,0.7588377928007521,N900_RS13405,wbeN,-3.3459535,-5.3127,2.5039,6h_SI9,6h,SI9,1h_SI1,1h,SI1,7.8166
-1.471806375065412,4.562061084098303,1.051528361450891,1.225486477201291,0.7572201280250184,-1.6771855613858926,-0.5993415779357225,0.4769382931267463,0.1231015304791972,-0.17076074721722379,N900_RS13410,wbeM,-2.982940833333333,-5.7015,2.3756,12h_SI7,12h,SI7,1h_st,1h,st,8.0771
-0.08483408145254812,3.2104289466331952,1.010411602785549,1.6056926759553254,1.4164695049711447,-1.139377276832386,-1.109148759778087,0.7698581027814921,0.05993777636685094,-1.9072342202074586,N900_RS13415,wbeL,-2.8704656666666666,-5.6369,2.8601,12h_SI7,12h,SI7,6h_SI2,6h,SI2,8.497
-1.371122927060571,2.927392186212523,1.517369287341386,3.330656452036891,0.062219649601852334,-0.42572673550104834,-0.5777829374903034,0.8096097032956107,2.003373509930734,1.4651087133700285,N900_RS13420,wbeK,-2.5773265000000003,-5.442,4.5768,6h_SI9,6h,SI9,3h_SI3,3h,SI3,10.0188
2.979914717009952,3.170461678263848,0.7145365090255539,-0.7771373623541913,0.5662154186442315,-0.6403346071445923,0.23376349710094935,0.8174546165507155,0.7080342439401163,-0.8986106164280193,N900_RS13425,wzt,0.6918762166666667,-1.1952,2.9109,6h_SI9,6h,SI9,12h_st,12h,st,4.1061
2.9840139779236257,3.215055521783893,0.5950964578248199,-0.737572646658974,0.5349953411138594,-0.5391267689240207,0.22462185931519052,0.751258148790021,0.6622902550856943,-0.8632257784317356,N900_RS13430,wzm,1.0132459500000002,-0.88559,3.2263,6h_SI9,6h,SI9,12h_st,12h,st,4.11189
1.4356111399600548,3.7506139690309563,0.7705075827325746,0.26777163770586476,0.7093847808142573,-1.2037525634479542,-0.05414761216734232,0.7776767203292136,0.5512992540211437,-0.6354575157921649,N900_RS13435,wbeG,-1.9749488833333333,-4.2216,-0.051843,6h_SI9,6h,SI9,6h_st,6h,st,4.169757
0.010676626788955534,4.26987871088432,2.106016259853232,0.5156167914198129,0.20286234277225754,-0.567685760392874,-0.9018008946952996,0.20579789223555955,-0.30897826909464177,-0.3064096582144781,N900_RS13440,wbeE,-3.0111183333333327,-5.4353,2.1526,12h_ce,12h,ce,3h_st,3h,st,7.587899999999999
-1.3137142016106185,4.063087650238501,1.0727482860141186,0.953193805521718,0.7273874872942913,-1.6890911594226332,-0.5581020337000069,0.329403341814221,0.18343184733564943,-0.22829827629024357,N900_RS13445,gmd,-3.0468003666666665,-5.5772,3.4367,12h_SI7,12h,SI7,1h_st,1h,st,9.0139
-1.3514638593155996,3.3332904102523098,0.29409809302344797,1.9231144328785117,-0.5925672199472484,-0.5351363536201339,-0.6519828653422894,0.5358619447011957,-1.3081316693373148,0.5195026253077399,N900_RS13450,manB,-4.000066333333334,-6.6305,0.07236,12h_ce,12h,ce,12h_SI3,12h,SI3,6.702859999999999
-1.205751518020547,4.2812966740975,1.3146643064663386,1.5861978855923993,0.6547418105307166,-1.704246119107406,-0.528794482320176,0.6000342142208088,0.2000505074854908,-0.10193232522529228,N900_RS13455,manC,-3.6541778333333332,-6.1014,0.69433,12h_ce,12h,ce,1h_st,1h,st,6.79573
2.816062173178689,3.0176761228682856,0.73664424818156,-0.5244065469996841,0.43604328877124743,-0.6516444888840744,0.21207259511604382,0.8025532476269379,0.5979113706538989,-0.5143554622099722,N900_RS13460,hldD,-1.9650113500000002,-4.0009,0.11205,6h_SI9,6h,SI9,12h_st,12h,st,4.11295
2.8293737672789625,3.3369168518528993,0.5830871394735069,-0.42151302073781216,0.5076066505802924,-0.4283190684416043,0.2403752582026044,0.6732504227079743,0.5652843975560007,-0.6709339074843663,N900_RS13465,wavL,-1.9648646666666665,-3.9136,0.11049,6h_SI9,6h,SI9,3h_SI1,3h,SI1,4.02409
2.407729086566997,-1.1760414357174838,2.498202786888588,0.031091572209943852,1.1535365239639819,-0.4519512406318602,-1.9234677883519475,-0.5274908509334475,-0.7608249302829685,-1.9858365553474566,N900_RS13470,wavK,0.9188825166666666,-0.46241,4.8291,6h_SI9,6h,SI9,6h_SI2,6h,SI2,5.291510000000001
2.5368058790353594,3.1145185195811322,0.47125251047165134,-0.46383392954101543,0.492411165863833,-0.4906916653055515,0.23996170557317292,0.6700533634270668,0.5088856208789051,-0.4983496888657696,N900_RS13475,waaL,-1.3633785500000002,-3.3852,1.1643,6h_SI9,6h,SI9,1h_co,1h,co,4.5495
2.942668929824448,3.1724573017996263,0.6887030287842605,-0.8123786978435708,0.5757845179206478,-0.5626336615284737,0.2930303223124174,0.7767886759678475,0.7248294749517652,-0.8163281465769091,N900_RS13480,waaF,1.9071714666666668,0.091034,4.0541,12h_ce,12h,ce,12h_st,12h,st,3.963066
1.3151406511179253,-1.43401884449398,-1.9470622181749722,-0.222595293086715,2.535186709880258,1.4405242048441016,-2.0900212735450943,0.5234941574961537,-1.2931895902707717,0.09283712900999119,N900_RS13485,wavJ,1.6937460833333333,0.064504,4.5865,3h_SI2,3h,SI2,3h_SI1,3h,SI1,4.521996
2.0459888144914427,1.3236388184739152,-2.342438796209735,0.558210322394598,0.438904638797979,0.26387278080651566,0.3190669388048748,-1.9379090415937565,-0.3664559067486811,0.34283122138850874,N900_RS13490,wavI,1.2794988166666668,-0.12819,4.0571,6h_ce,6h,ce,6h_SI3,6h,SI3,4.18529
2.2243962699259017,-0.9769089524199057,-0.7024912891539216,2.3192365774670147,0.16779538334531385,1.2007283978140324,0.192050257294617,-0.5034518052592856,-0.5123696287844236,-0.8527960418594442,N900_RS13500,wavH,1.5190682666666668,-0.063664,5.2419,6h_st,6h,st,3h_SI1,3h,SI1,5.305564
2.0614711517326736,-1.6522067712799031,-0.6679311043496868,0.8248284673048443,-0.13087632770048063,-0.029796573878967947,0.8045654787146677,-1.198575659538938,-0.10316374646774196,-1.4721969706847224,N900_RS13505,wavG,1.8312406666666667,-0.11385,5.362,1h_SI8,1h,SI8,3h_SI2,3h,SI2,5.47585
0.9804357844663087,-1.0515032255659613,1.187394528018281,0.4100845695911306,-0.9078378444527587,-0.33534170446222755,-2.570818606976852,-0.24374543246721309,-0.6954684779711106,0.32124385695863644,N900_RS13510,wavF,0.8563987666666667,-0.74888,3.4956,3h_SI9,3h,SI9,1h_ce,1h,ce,4.24448
-2.195623469225415,-2.710967003794666,-1.6856631644433835,-0.37077718022642325,-1.3780007607693217,-0.8930396675281507,-0.8755984997543191,-1.6423632148962048,-0.10649224607606522,0.7945679876937339,N900_RS13515,wavE,0.9671690551666665,-0.82605,3.3349,6h_SI1,6h,SI1,1h_SI1,1h,SI1,4.16095
-0.23671959006812981,1.2155137495880308,-0.5989134376613734,0.5799428162341527,-0.23661226067904376,1.772171619120161,-0.8735322012868358,0.9871288076488798,-0.26729213669096274,-0.3525371753435051,N900_RS13520,wavD,0.31474595,-1.1492,4.3506,1h_ce,1h,ce,12h_SI1,12h,SI1,5.4998000000000005
3.0386280246534865,3.0938076964422128,0.7007665111369282,-0.9619875612772311,0.5385042545950629,-0.4925879454303741,0.34706885121685516,0.8518453941573254,0.8520335196776674,-0.9581477969488859,N900_RS13530,waaC,-0.7372904999999998,-2.6179,1.4041,12h_SI7,12h,SI7,12h_st,12h,st,4.022
2.490432524290121,3.522145492117398,0.41535891771884476,-0.4728577155788438,0.5591110585569955,-0.5496509430347167,0.09289329508721744,0.5459497390494721,0.5643933210091794,-0.890852299386262,N900_RS13535,wavB,0.8346073950000001,-1.1964,2.9097,6h_SI9,6h,SI9,12h_st,12h,st,4.1061
2.9817633360693225,3.131822116478045,0.7312507791151367,-0.7733859924158926,0.5670871216452585,-0.6570125643945153,0.23099106675314057,0.8194514907466262,0.7014417032541247,-0.8740888465218472,N900_RS13540,wavA,0.6049005,-1.2763,2.8374,6h_SI9,6h,SI9,12h_st,12h,st,4.1137
0.5450702675945336,-1.7029851376540894,-0.5087151620105215,0.5393588192801801,1.8803064232759688,-0.793522387102773,0.4306023487218925,-0.009981885551581193,-1.0803809278384757,0.2717324542003281,N900_RS13550,mutM,0.9275039166666665,-0.66165,3.542,12h_st,12h,st,3h_SI5,3h,SI5,4.20365
-1.8815158471358449,0.361727010434478,0.9257327138469116,3.0260183349182688,0.12899059043891667,1.14767914469387,0.4106498099044481,0.2537689075188511,-0.0969369718862213,0.32021097448273306,N900_RS13555,N900_RS13555,0.4422515766666667,-1.4544,3.5515,6h_SI1,6h,SI1,3h_SI1,3h,SI1,5.0059
-3.9029741404572924,-1.4170832235666118,1.9077962737992056,1.2359839702253943,1.5198813449470683,-1.0078806545163848,1.367969004590171,-1.1582155219236532,0.0018728746890955827,0.5767047147901971,N900_RS13570,VC0395_A2597_BLAST,-0.30100998333333334,-2.0492,2.6107,24h_SI1,24h,SI1,6h_SI4,6h,SI4,4.6599
-2.094592253916851,-1.602650197972041,1.9131357686602952,1.9888927840985242,0.07818205313963333,0.8597145061012462,-0.06627713447314953,2.957682268418674,1.881197915034932,0.37634578631339455,N900_RS13575,methyl-accepting chemotaxis protein_10,0.4989637033333334,-1.3613,4.3723,6h_SI5,6h,SI5,3h_SI4,3h,SI4,5.7336
-4.794293085475347,-1.9040700307420146,0.1956823117847031,-2.1207698108468436,-0.8072504880920647,1.4823662065749992,1.3055851587403917,0.9091811085642032,-0.6847310895804889,0.19125686748117188,N900_RS13585,slmA,-0.9162402166666667,-2.8701,2.0753,6h_co,6h,co,12h_SI2,12h,SI2,4.945399999999999
-2.857971313393101,2.4988109236638487,-0.36688600287373485,1.1684253460007867,0.9619702925223421,0.4995643887331815,1.5978629668523245,-1.7647054759009613,0.14566832973281674,-1.187348026690752,N900_RS13595,lpxN,-0.2667497483333333,-2.0432,2.5435,12h_SI9,12h,SI9,1h_ce,1h,ce,4.5867
0.29738263102844975,2.8393860027272573,-0.7972466640584464,2.843795586988028,-0.6491307039146915,0.1951225415701605,-0.44433288664314396,-0.19836238205951529,-0.7198620784370143,-1.8019553790009741,N900_RS13600,pyrE,0.1254596166666667,-3.2286,3.3121,6h_SI7,6h,SI7,3h_SI2,3h,SI2,6.5407
-0.8690374568228747,-2.4566342428584087,1.189398605987374,-2.0362536503978883,0.15852955311683042,-1.4593777445991494,2.505897321278088,-1.793083694670653,1.3376532146243716,-0.5712583456250017,N900_RS13605,rph,0.9659568850000001,-1.2992,6.2184,3h_SI8,3h,SI8,6h_SI3,6h,SI3,7.5176
-0.9087985647585493,-0.9224690677538183,-1.5015045178534479,-0.20049176548032932,-0.8671764141643576,-0.726196416827138,-2.198703357052147,0.8021700841081034,1.0848244024789815,-1.4595277588820719,N900_RS13610,yicc,-0.15596675000000004,-2.5024,2.8169,6h_SI8,6h,SI8,1h_SI1,1h,SI1,5.3193
-0.8375313806513205,1.1048413855895962,-1.0364068845087395,2.9955077998160897,0.38667948755734155,0.7394086886611699,0.29913038543615694,-2.865660483081412,0.2239737623703172,0.4285481779434859,N900_RS13615,VC0395_A2587_BLAST,-0.08262953333333331,-1.5074,2.6238,24h_ce,24h,ce,3h_SI1,3h,SI1,4.1312
0.9488152893528561,-0.39746553909127424,0.054302545695357876,-1.7647358964935407,-2.992020117002019,-0.05088931731974844,-2.574999541360927,-0.39176904512618344,0.23472071236315384,-0.42611569614985156,N900_RS13620,murP,1.5936159666666667,-0.43165,4.4736,6h_st,6h,st,12h_SI2,12h,SI2,4.9052500000000006
-3.1096017065325396,-0.30278145024862146,-1.4301116700205891,-0.37092912864876904,1.3126873002453385,-1.6967501125268836,-0.918821450645438,0.8596309242878335,-1.4587099833332546,2.704026348002084,N900_RS13625,murQ_2,-0.002268183333333363,-1.1954,4.8644,3h_SI2,3h,SI2,1h_ce,1h,ce,6.0598
1.012793644241131,-0.42770208285679023,1.892234689945581,0.050049112442740684,1.2011294152967358,0.055643682031640274,-1.7736518086942852,-0.6632109694827755,-1.3958394709682507,-2.4775179406810723,N900_RS13635,murr,0.8977721333333334,-0.59486,3.9229,3h_SI3,3h,SI3,3h_SI4,3h,SI4,4.51776
2.614719469444405,-0.7099264687308358,-1.0065450479184104,1.2699826537175145,-0.23971990066429363,0.4337309771336216,-1.8833050381534286,0.11335469722058938,-0.06852426304201764,-0.4695851611942027,N900_RS13640,fhuB,1.4736744166666667,0.010116,4.3813,1h_SI8,1h,SI8,12h_SI1,12h,SI1,4.371184
-2.1205128712184864,-0.993440436083233,1.1236119027301148,-0.6750644285065519,-1.7515090541685934,0.8051957165182074,2.5678419699197343,0.9372224937867297,-2.925119096237329,0.29147677129992156,N900_RS13645,fhuD,1.056607975,-0.90501,5.7558,6h_SI1,6h,SI1,1h_st,1h,st,6.66081
2.9319297981686168,-1.0162580600536513,-1.0604028708153141,-0.2938056395486335,1.0303813772801516,-0.4823351486779406,0.7999663304761839,0.9810578630459801,0.17281575943816874,1.202093575188454,N900_RS13650,fhuC,1.3391671833333334,-0.472,3.9063,1h_SI6,1h,SI6,6h_SI4,6h,SI4,4.378299999999999
0.24062008875907592,-1.3033424428796305,0.6442534367788092,0.7403563536651134,0.7126361073506374,-0.3315528146734392,-0.8078673054020407,-1.8583169578226475,-0.04047359747674495,1.6035267614882927,N900_RS13655,TonB-dependent siderophore receptor,1.1440190083333335,-0.35491,4.0015,12h_st,12h,st,6h_SI3,6h,SI3,4.35641
0.7104332997921605,-0.43525976731844385,-1.235901852609149,0.8021604653860206,1.4765043504801414,-1.2613743230139294,-0.022238222713010125,-0.41159728655212474,2.101225840513852,1.1240854942534508,N900_RS13660,ABC transporter ATP-binding protein_1,0.5573293500000002,-0.94227,2.9569,3h_st,3h,st,6h_SI4,6h,SI4,3.8991700000000002
-0.42162856148173233,0.23078840415720447,2.5006706536208356,-2.720359913064193,-0.8841655618359057,-0.5650711336175913,1.701295673241451,-2.8925332896027762,-0.9625746250329991,-1.0138099948687762,N900_RS13665,N900_RS13665,1.6182075499999997,-0.044267,5.3648,1h_co,1h,co,3h_SI2,3h,SI2,5.409066999999999
2.7938714033946246,0.22480031867736233,-1.068426070684069,-0.545597307455729,1.6349499508432213,-0.12438347181814935,1.41968213938301,-0.9592184664670145,1.3028739515514483,0.061266115019753875,N900_RS13670,gene 3 protein-related protein,1.2588427150000001,-0.54236,5.1644,6h_co,6h,co,6h_SI2,6h,SI2,5.706759999999999
1.6524526226244278,-0.490414469183183,2.002420154144459,1.7626274006381992,-1.2618255456245482,0.6434576654259883,0.3426178714624709,-0.9340862454840602,1.171683601791668,0.0025304990787121673,N900_RS13675,recQ,0.610150245,-0.82932,3.6314,6h_ce,6h,ce,3h_SI3,3h,SI3,4.46072
-0.23773430474733726,-1.5555441491324336,-0.570252048512844,0.6970179099664588,0.5037063009937055,1.5439510532047258,-2.4035353212206942,-1.9643175792553966,-0.2796228360984707,0.41531538358402975,N900_RS13680,rarD,0.6831550666666665,-1.0584,3.3903,6h_st,6h,st,12h_SI2,12h,SI2,4.4487
0.5514447915738985,0.05290910856165176,-0.09896158721130871,-1.079617598817786,-1.5840115859370585,-2.3932185854876633,-1.5030243847572196,3.0416397729553295,0.8151941221844573,1.2966482228465892,N900_RS13685,ggt,0.8709455399999999,-0.53061,4.3628,3h_SI1,3h,SI1,3h_SI3,3h,SI3,4.89341
1.8448597649912006,-2.0427123461123977,-0.925917583027589,1.0137805075896025,-0.6910019388283647,0.5546620960969464,-0.3854446788995458,0.6061967324893296,0.31028966588859397,-1.0200386816378084,N900_RS13690,rhaS_2,1.3383161166666668,-0.081784,3.945,1h_SI1,1h,SI1,3h_SI4,3h,SI4,4.026784
0.9826856394313435,-1.7047211515125182,1.7063781397117397,0.9311895723160646,-0.3571524310392083,-0.36971675200042964,-0.5991013819229372,-0.4928376076539365,-2.0167839776944434,0.08426972971883095,N900_RS13695,rhtC,1.5411963166666665,0.075599,4.5505,12h_st,12h,st,6h_ce,6h,ce,4.474901
2.432324485835185,0.422327113819131,0.7037545644997542,0.31527141394205094,1.9441756001807518,0.28437567085469473,1.4962148201531345,1.481351861551952,0.6982835986899466,-2.236435971981054,N900_RS13700,uvrD,-0.15990124999999997,-2.1119,3.4907,6h_SI7,6h,SI7,3h_SI1,3h,SI1,5.6026
0.9407025877739201,-0.9126448758125978,-0.8964556287479375,1.2965690441772213,-0.4044246845347498,0.9820933024194839,1.629059444876234,-1.4981568504835727,0.7256170762681624,-0.05017356232857151,N900_RS13705,prlC,0.6384195333333333,-0.89667,4.1254,6h_SI2,6h,SI2,3h_SI2,3h,SI2,5.02207
-0.1114728725546077,2.080995406638504,1.2470177873029913,-0.2845143963883974,2.8663833504942433,-0.12110507155757477,1.1105051666766343,-2.1216790276513833,0.054506252783869114,1.0718126736387603,N900_RS13710,rlmj,0.39350267666666666,-0.94093,3.945,12h_ce,12h,ce,1h_ce,1h,ce,4.88593
-1.0537823520616776,0.8066904889138451,0.37695584456076286,1.0405962290658444,-3.432595905464522,1.6582774077509579,1.350047058160798,-0.4988352204109459,-1.3811985474382347,1.3569324343053515,N900_RS13715,gorA,0.20930418333333337,-1.5688,3.9834,3h_SI8,3h,SI8,12h_SI2,12h,SI2,5.5522
-1.1508242483405349,-2.1234701231029804,0.8140435551821835,-2.1382686350923095,-2.5607216728566504,0.6677494421084483,-1.4048538243414639,-0.10907678697926554,0.9257757961362549,0.8059647958760556,N900_RS13720,site-specific integrase,0.9551668966666664,-0.90028,3.9172,3h_ce,3h,ce,3h_SI3,3h,SI3,4.81748
-3.041267834722695,1.052515247881248,4.217201718403101,-1.3623576009949736,-0.5059459509500589,-2.0290872459082716,-1.9405606744979542,0.6281372141214,-1.1749284888097136,-0.22897566537033298,N900_RS13725,N900_RS13725,-0.012123638333333294,-3.2666,5.2063,3h_SI9,3h,SI9,3h_st,3h,st,8.4729
0.9794519982823928,-3.413321555974866,1.0374678800056436,2.484797118816002,0.5791889435659904,0.4414147878001436,0.15525653123832345,0.3929456099319615,0.15985120118683688,0.25524157375873124,N900_RS13730,N900_RS13730,0.6004542133333335,-1.0513,3.8104,12h_st,12h,st,3h_SI1,3h,SI1,4.8617
-0.48935375728594677,-2.353014463180254,2.182638148502141,0.5626452790463299,2.488489342232352,-0.23992597466790788,-0.7924944344425375,1.6033656692487386,-0.5203189367148807,-0.0716003869150923,N900_RS13735,kfrA_1,1.3156960666666668,-0.90994,4.9703,3h_ce,3h,ce,6h_SI4,6h,SI4,5.88024
-7.976760341300588,-0.7149442670236794,0.5088505130616959,-0.8674403305343417,-0.3332840095590915,0.5210440858105302,0.20973718142925674,1.407194636587312,-0.5450150975675817,-0.5814453899763089,N900_RS13740,cap3_BLAST,-0.36628865000000005,-2.266,1.6321,6h_SI3,6h,SI3,3h_SI5,3h,SI5,3.8981000000000003
-1.9983659935275735,-1.2064460185552734,-0.682840346923173,-0.024747112497202517,-0.6693729562015713,-3.096915006442885,1.7240887940771275,2.7491487045809246,-0.47073683966745083,2.6841154115941164,N900_RS13745,cap2_BLAST,0.11527100000000004,-1.5725,2.6307,3h_SI1,3h,SI1,6h_st,6h,st,4.2032
-2.8555079819194056,-3.790929681019963,1.2655049562781697,-1.8205409158902037,-1.5489709329420163,-0.14452485817023253,0.5983660650932126,1.4690518530115426,1.440586151729714,0.014221134677456337,N900_RS13750,dncV,0.8405079333333334,-1.1486,6.1476,6h_SI2,6h,SI2,3h_SI5,3h,SI5,7.2962
-2.134605377119935,-2.7597704979749507,3.5018890858522775,0.287338509061974,0.9273239316912725,-1.5384904050566703,0.5100515186871577,0.7890670066987981,-0.7552759151999217,-1.7486435102069846,N900_RS13755,capV,0.39281071666666667,-1.267,2.6241,12h_st,12h,st,3h_SI5,3h,SI5,3.8911
-7.381959872382984,-1.8509679474162324,2.1559726248646296,-0.37641316077938813,0.9891696859653574,-1.7264367624293415,0.20947759957980977,-0.032073236234525404,0.5447694730898266,-0.22991229668566804,N900_RS13765,vspR,-0.28234970000000004,-2.5439,3.4677,12h_SI2,12h,SI2,1h_SI1,1h,SI1,6.0116
2.9852041010000274,-2.1637491359896726,-0.19029619992516747,-0.8168137358048793,0.908934646457607,0.25547833968265343,0.03277754083720752,0.03144867429123491,2.50800156333427,-0.28434318796489044,N900_RS13770,XRE family transcriptional regulator_8,1.3509474383333335,-0.62392,4.5366,1h_SI2,1h,SI2,3h_SI3,3h,SI3,5.16052
-0.23431465722372025,-0.6802879161605087,3.774712527753112,-0.9737308615337233,-0.14897616406107278,2.5219919698544864,-1.1054717454837173,0.9174254049656587,0.6231064526649692,-0.032336571257834956,N900_RS13780,tadA_2,1.1965509150000004,-2.5128,5.2304,3h_SI9,3h,SI9,3h_SI1,3h,SI1,7.7432
-1.7984200527113978,-1.124168476867615,-0.5327189206938377,0.3260289582178446,0.6496402397544445,-2.419216852445409,-0.026018212937949925,-3.037657131237261,-0.8587833319243982,-1.8559523808264735,N900_RS13785,sporulation protein,0.33894844999999996,-1.413,3.9865,12h_SI1,12h,SI1,6h_SI1,6h,SI1,5.3995
0.0925170854544266,1.5760543220504108,-0.31635665248838407,-3.3218695556610944,0.19611939465972075,-2.0204481437952624,-2.1553108863362738,-0.5878944605852097,-0.7728217467385238,2.4187875830376484,N900_RS13790,dppC_2,0.6997656166666667,-0.77184,3.6663,3h_SI1,3h,SI1,6h_SI4,6h,SI4,4.43814
1.498434345142222,2.3265521132823777,-0.30664693973659357,-1.3826319522379358,-0.06052111799161732,-0.2230235361581887,-0.7199127902412426,-2.397681766722169,-0.6530576704013155,1.48090412767264,N900_RS13795,dppB_2,1.1110482033333333,-0.34943,3.9019,3h_SI4,3h,SI4,3h_st,3h,st,4.25133
-0.047081213056995974,-1.9289759351493059,0.3387748928439169,2.199493750204846,2.3182163297752063,1.0073316056383665,-2.7273957881857633,1.5950344679115813,0.9161072382253819,-1.1790367814035618,N900_RS13800,dppA,0.6043597154999999,-1.1705,4.5057,3h_SI2,3h,SI2,3h_SI1,3h,SI1,5.6762
2.0698212381316194,2.5283594045783886,1.0558834114909337,0.5888033463650202,0.4522289267749212,-0.8206807604083952,0.8775982494999583,-0.7678961941999356,-0.22098140198723015,1.545408905475728,N900_RS13805,nikE,0.7105366,-0.71176,4.2195,12h_SI6,12h,SI6,6h_st,6h,st,4.93126
-0.5185606394051208,-2.7033089407177218,-1.8996006270454282,-1.9204859396502025,-1.776430421978186,0.4791522442808898,-1.0344765048858455,-0.6053700333238634,1.4738260685868503,1.678602549887117,N900_RS13810,N900_RS13810,1.507156,-0.47938,4.8121,12h_co,12h,co,3h_SI3,3h,SI3,5.29148
-2.7325284343578344,-1.5470222523202066,0.13429441216375906,-1.8440805236933393,1.4305064180516607,-1.7488492721995428,-0.37665879370819666,-0.387767619924491,1.666620530418954,-0.22086215334511328,N900_RS13815,N900_RS13815,0.8224652833333335,-1.0476,4.8728,1h_SI2,1h,SI2,1h_ce,1h,ce,5.9204
2.233801583388562,-2.0849893507589385,-0.7784581395967949,-0.3211395244152244,1.1316115805946578,0.842028554331985,-0.02269036994724749,0.40189672942085813,0.8479695540005759,0.2965214388211004,N900_RS13845,cytochrome c5,0.8224930666666666,-0.71261,3.8675,3h_SI9,3h,SI9,6h_SI3,6h,SI3,4.58011
-0.8708723248649894,-0.849817532200299,-2.323392701789483,-2.376367690120237,-0.707629827590171,1.938469460067442,-0.610404260734076,-0.09746849232785204,-1.2631723424918762,-0.4521164965241674,N900_RS13855,TetR/AcrR family transcriptional regulator_3,1.7889829999999998,-0.3134,7.6653,1h_SI9,1h,SI9,12h_SI1,12h,SI1,7.9787
1.7119785193282375,-1.1835215264870094,0.13752997436730657,0.9175740057708408,-2.568196037947178,-0.38227132241836514,-0.12356357729940814,-0.033109242964404206,1.9362896391312154,-0.5865205218483056,N900_RS13860,vexA,0.42610364833333336,-1.029,4.4229,12h_co,12h,co,3h_SI3,3h,SI3,5.4519
0.9587705389990653,-1.8328001129558924,0.1505119377219606,1.465268819838189,-0.21878045352343964,-0.21453133578172867,-0.4684288486595358,0.6322944685091374,1.1694406212627495,-1.4383573858294205,N900_RS13865,vexB,0.32584065,-1.3903,2.5249,12h_co,12h,co,3h_SI4,3h,SI4,3.9152000000000005
-3.174479508205405,-1.086129001658108,1.1795682280550974,0.031634401277309765,1.082148024629372,-2.071506380512909,-0.3032803317100955,-0.11329978311606576,-0.12880044035740978,1.148823185350939,N900_RS13870,ubik,0.29924676999999994,-1.6261,3.0796,24h_SI4,24h,SI4,6h_SI4,6h,SI4,4.7057
-2.3582641769177477,-1.8630439494964954,-1.388650813805148,-0.8304474851058985,-2.0166543291437415,1.0250489554594637,-1.2448629859511242,-0.7784197122930725,0.9830260403098035,1.0084010936767882,N900_RS13875,ilvC,0.5447198899999999,-1.2646,3.183,6h_SI1,6h,SI1,3h_SI3,3h,SI3,4.4475999999999996
-1.256016742743663,-1.2359751251578532,-0.20483936429421992,-1.607138850372923,3.3892778925370077,-0.0005122076369979967,0.08270133830876003,0.4719264729949514,1.04688874181817,1.1545825408190908,N900_RS13880,ilvY,1.4249721666666668,-0.45434,4.9543,12h_SI1,12h,SI1,12h_SI2,12h,SI2,5.40864
-1.696481908714197,0.11873182078981928,1.707372907760131,-1.8364739448941545,-1.1068330316699153,-0.24341609066461722,-0.14285999108055703,-3.9892434852747694,-2.411963800318906,-0.157140901827716,N900_RS13930,trkh,0.7487742666666668,-0.61164,4.2678,3h_SI1,3h,SI1,6h_ce,6h,ce,4.879440000000001
1.75961172391262,1.3887207029364954,-0.665610446439444,0.6377010050855492,0.8017507330809925,-0.7589909764573068,1.2029117354845522,-0.22257502698746373,1.892831270776377,0.2366974312699166,N900_RS13935,yigz,1.08656755,-0.23302,4.1182,12h_SI6,12h,SI6,6h_SI1,6h,SI1,4.35122
2.804207322369966,-0.22089864520182523,0.9318457673740214,-0.5152224448332456,-1.5367768103052515,0.346628110914342,-0.803035266410496,0.13879915621161332,-0.6283334094620477,0.22107188416042,N900_RS13940,fadB,1.3395911833333334,-0.20328,5.0256,1h_SI5,1h,SI5,12h_SI3,12h,SI3,5.22888
2.0592945384590937,-1.3099404192052972,-1.4506127287672588,-0.49606787494410387,-0.929707349093857,-1.2895491357043354,0.05029419904949939,0.4742234460358109,1.1669668640281081,-1.0486754795764992,N900_RS13945,fadA,1.1787979433333333,-0.73823,4.1966,1h_SI9,1h,SI9,3h_SI3,3h,SI3,4.93483
2.0292292280796795,-0.4010402533381805,-0.5878300956274038,1.771602592113131,1.1155395414094103,-0.8598782000627534,0.35725097932064703,1.9649810548694848,-0.8472451018895434,0.5340152024626135,N900_RS13950,lysr_4,0.9707766833333334,-0.46812,3.2365,6h_SI9,6h,SI9,3h_SI4,3h,SI4,3.70462
-2.676421272916342,0.6251616195277556,-0.6065575830514773,0.782347918848612,-2.5606479767004036,0.060305639893014296,1.862045364713445,-2.0636977352393338,0.1978741266297473,1.3540834762905452,N900_RS13955,ydhC_1,0.5400709666666667,-1.3602,3.7433,6h_SI1,6h,SI1,1h_st,1h,st,5.1035
2.9925854290842144,3.1253759251364657,0.7300829989210075,-0.7813168185654988,0.5666829928481101,-0.6456556038156642,0.2445340280749873,0.8090349373597983,0.7025637858995105,-0.873841639630041,N900_RS13970,atpD,1.8269213333333334,-0.049386,4.0457,12h_SI7,12h,SI7,12h_st,12h,st,4.095086
2.9185893389122395,3.22353910725547,0.6981337493866121,-0.8405145660705595,0.58913974579054,-0.6102184271854068,0.2567806113652813,0.8509869505181975,0.7799477100189159,-1.0047366770499444,N900_RS13985,atpH,1.852862533333333,-0.063004,4.044,6h_SI9,6h,SI9,12h_st,12h,st,4.107004
2.6692665717418924,3.378909731299867,0.670630855130831,-0.6524463913133538,0.6015136753986637,-0.6863057540077881,0.18721462654535614,0.8005832315907899,0.7196472659920964,-0.9396638951903681,N900_RS14005,F0F1 ATP synthase subunit I,1.5145904899999998,-0.40903,3.6977,6h_SI9,6h,SI9,12h_st,12h,st,4.106730000000001
0.052939464392422586,2.928032598694934,1.8919235534847776,-0.23573767653692834,-0.686464942811186,0.5554040257714012,-0.6581147879338205,-3.148655635449799,0.869370783537998,-1.5316392895146451,N900_RS14010,parb,0.30547388333333336,-1.2964,3.6641,1h_SI1,1h,SI1,3h_st,3h,st,4.9605
-0.3888131726741255,1.727278389865443,-2.874172867396452,1.0478916079839822,-2.414258072470931,0.5160435795529047,0.0101369209079204,-2.4743825209319263,-0.6345177473576772,-0.4529701294780864,N900_RS14015,soj_2,0.43645506666666667,-1.4499,3.359,6h_ce,6h,ce,6h_SI3,6h,SI3,4.8088999999999995
0.8495053182554164,4.105459066946688,0.8223512560949945,0.5531155955641629,-0.3590179294283322,0.23458687023718316,-1.1442656483668727,-0.6272440568370168,-2.1250863244887697,0.6174133739388759,N900_RS14020,rsmG,0.8653707,-1.0019,5.144,6h_SI5,6h,SI5,3h_st,3h,st,6.1459
1.8710267808211292,3.5800953163007168,-0.11030102776302883,-0.051738548943703,0.4565906482530894,-0.4023441831385517,0.10003600845313332,0.44008727569814393,0.3680946198777667,-0.4609978143294437,N900_RS14025,mnmG,0.914949145,-1.1281,3.4867,12h_SI7,12h,SI7,1h_co,1h,co,4.6148
-0.518502175235867,-0.8489682453334466,-2.147137599696794,-1.8823210651497235,-1.7929693086240284,3.4114039088457853,-0.026304577850373434,0.8697890844487062,-2.8379695539268797,1.081970822953865,N900_RS14040,N900_RS14040,1.121831533333333,-1.4421,5.3405,3h_SI7,3h,SI7,12h_SI1,12h,SI1,6.7825999999999995
1.7226210192668416,-2.152838216432419,-1.2996185583654132,-2.0008574539226154,-0.684525443436557,0.6187573983421473,0.9995449487186863,0.6435235241483956,-0.6187524411734205,-2.5105698934175864,N900_RS14045,N900_RS14045,1.3447848000000002,-0.72047,3.5925,1h_SI1,1h,SI1,12h_SI2,12h,SI2,4.31297
0.37328074529476885,-0.31574598505833973,-1.206160921531933,-0.04246856708517899,-3.0551241939634237,1.2203347294561573,0.743873174101545,2.46359648032616,-0.5107818873221502,-1.3378954391449924,N900_RS14050,N900_RS14050,1.1295556666666668,-0.42688,4.652,1h_SI5,1h,SI5,3h_SI4,3h,SI4,5.07888
-1.9955399952798438,3.6398258128288457,0.06758448137700988,1.974538483299821,0.876305140281997,2.455151828348198,-1.1238607120575863,-0.195302397853916,1.566875484637266,1.2138040884502932,N900_RS14055,yeeN,-0.21328253333333333,-2.0037,3.8804,12h_SI6,12h,SI6,3h_SI1,3h,SI1,5.8841
0.7840303012377303,-0.06315868336687736,3.5333454273398974,1.6945665635536202,-0.572232068348645,-0.25127922202457387,0.2387093656614876,-0.8661793322049429,0.22661556810132089,0.2919256700649018,N900_RS14060,garR,0.83350775,-0.46205,4.0271,24h_SI6,24h,SI6,3h_SI2,3h,SI2,4.4891499999999995
0.37473948119133826,-0.7346221329369058,-0.11144926347311465,0.7306275166795371,3.2989937431118355,0.2228573824083362,-1.2846687764380695,2.4571001986191345,-1.558526530741787,0.3822694313247592,N900_RS14065,pctC_2,0.8414530233333333,-0.45933,4.2575,3h_SI3,3h,SI3,3h_SI1,3h,SI1,4.71683
-0.42126937017482025,0.913669605325804,-2.2161047866339003,0.8695036383971311,0.4680540527685986,2.690061220430998,1.7976686783889635,-2.026640792206408,-1.9090642144713152,0.18476509326533597,N900_RS14070,N900_RS14070,0.75824424,-0.59925,3.5981,24h_ce,24h,ce,12h_st,12h,st,4.19735
-0.8232509627415419,0.799460840411629,-2.3558436652140484,-0.4461761126407866,0.40749427098460866,0.5799380791556057,-1.5736802720044152,-0.3010001924583244,-2.123792071325636,-0.7638226206447438,N900_RS14075,yibl,1.0080855,-1.1669,5.9055,6h_SI5,6h,SI5,1h_SI1,1h,SI1,7.0724
0.9807138783873999,-0.8375773885187516,-0.7504337301273735,3.002690249521394,0.4522377582303281,1.401317694926067,-0.35794644353794336,0.5853701686695869,0.23577914861807037,-0.38923093707189704,N900_RS14080,malT,0.2650877533333333,-1.1062,3.4638,1h_st,1h,st,3h_SI1,3h,SI1,4.57
1.6174988195354665,-2.3149698434775217,-0.3107046601550794,-1.4590173873252072,-0.9965419882960663,3.016758757833014,2.959248999466822,-0.6670111954777023,0.5237183828378346,-0.07707497178881306,N900_RS14085,glgP,0.6286433583333334,-1.4369,4.3218,1h_SI1,1h,SI1,12h_SI2,12h,SI2,5.758699999999999
1.4667801210013431,-0.38553676083101573,-0.17806654114100912,-2.5049107413766754,-0.05598170887226019,-0.20441246734032226,0.012718671728038089,3.191230395194782,-0.35285407447417805,-2.3894118868564584,N900_RS14090,malQ,0.04984814999999995,-2.6767,3.5834,3h_ce,3h,ce,3h_SI4,3h,SI4,6.2600999999999996
1.631512455952925,0.7148953469077293,-1.6906955896811418,1.1943800147673036,0.7595096087592825,0.7956527601111487,-0.8559144962767462,-1.2768500865085164,-0.8476848866447771,1.2430196902944124,N900_RS14095,glgB,0.15731536666666665,-1.5922,3.868,12h_SI8,12h,SI8,12h_SI1,12h,SI1,5.4602
0.31293674668520266,-1.2695608840912223,1.2857617983125016,-0.3382173248534883,2.6221494710467623,1.4322919102882627,2.298726529827459,-0.06485442619011123,1.670001046906918,-4.002083195467817,N900_RS14100,hcp-2_D2,1.4068073783333332,-0.68918,5.9445,1h_ce,1h,ce,3h_SI1,3h,SI1,6.63368
-2.641822687998203,-0.05385743252643688,2.573889496079509,-1.7615829828673206,-0.8287951067875992,-0.4613037616333435,-0.8871479660937998,0.9421736189712484,-1.5471552788067666,-0.8643755374018286,N900_RS14105,tssI_3,0.7351923199999999,-0.7347,3.9088,12h_SI3,12h,SI3,6h_SI5,6h,SI5,4.6434999999999995
-2.284018582068746,-0.9292739419713696,-2.5510847195849022,-0.2830192025309317,-2.8281564651053084,1.268491740836307,-1.114086500877075,0.20466420963314422,1.9942387537584927,0.7685388329168368,N900_RS14110,vasW,0.36201496666666666,-1.1282,3.8115,6h_SI2,6h,SI2,3h_SI3,3h,SI3,4.9397
1.7233509986437214,0.5909967722732794,1.7895510249950526,1.105948539035127,-1.6022893661371829,1.0748022620055866,-0.23752197256749508,-0.8420369965462089,-1.2655819517673161,0.5094229111375759,N900_RS14115,vasX,1.2359959883333334,-0.1635,4.3322,6h_SI6,6h,SI6,3h_st,3h,st,4.4957
-0.17824531110049247,1.5107841066864183,-1.765992698587145,-0.6663854164233314,0.5520950530846834,3.381867568999925,0.38774552829872205,-0.5073779637493365,0.17224150052162968,-0.34419600492357855,N900_RS14120,tsiV2,4.096882,0.11084,8.2591,1h_SI6,1h,SI6,3h_SI1,3h,SI1,8.14826
0.4904450826659099,0.8507416701311414,-0.14961730362574494,1.194230028250911,-0.24582403807642036,-0.7133453223894766,-0.7044609222146472,-0.790719135980072,0.9921875290044535,-0.5107359478487672,N900_RS14125,yecN,1.00577391,-0.30655,4.4348,12h_SI6,12h,SI6,12h_st,12h,st,4.74135
3.3743037233668076,-0.47449902825755963,1.4226142997011852,-1.0335051666298933,-0.4585727118112179,0.08445776980485586,0.8071543562025613,0.18265401046110885,-1.2695621682194447,0.8542701557335026,N900_RS14130,acyltransferase_2,1.3314903550000001,-0.2348,4.4552,1h_SI7,1h,SI7,6h_SI4,6h,SI4,4.6899999999999995
-0.7292748539591334,-2.1641867930184984,0.35998310213064844,0.3587453243608465,-0.7832403935437658,-2.7202074659582216,1.0917216415648094,-2.7405281454049284,2.2333896283561447,-0.22644195857921,N900_RS14135,AEC family transporter_2,0.9350201166666668,-0.34522,4.4249,3h_SI4,3h,SI4,6h_SI4,6h,SI4,4.77012
0.4209218468362015,-0.011998496614019694,-1.0631622448730693,0.2374894359500468,-1.7026086955152246,-1.8316035692847303,1.2885507836771493,-0.6964351031685989,0.5314955118798608,-1.1608884737772567,N900_RS14140,nadC_2,1.1104935833333334,-0.50588,4.9344,1h_co,1h,co,1h_ce,1h,ce,5.4402800000000004
-0.36993455548935206,0.3133265071699648,-1.3401952948120128,0.9421955868708132,1.92247241746164,-1.5052883473583591,0.8152446992256384,0.9083686314855277,-2.305884096731796,0.7954386791817467,N900_RS14145,VC_A0026_BLAST,0.04201380000000001,-1.2912,3.3699,3h_SI3,3h,SI3,1h_ce,1h,ce,4.661099999999999
-0.13208665467443215,-1.099931083364744,-1.2908080071816812,-4.07297012204425,0.8998429045160776,0.5867864342666023,-1.6102762914896214,-2.1642179172886133,0.5901741907730961,-1.8111261083376582,N900_RS14150,chiA,1.3953386833333332,-2.0236,6.5227,1h_SI9,1h,SI9,6h_SI2,6h,SI2,8.5463
-1.2379925781446361,-1.5654243736098434,0.16698269026425352,-1.2177027702753973,0.555518842834582,-1.3825200831670195,-0.7198863991380315,3.3524197426414926,0.41058405357416183,-2.96114133501687,N900_RS14155,N900_RS14155,1.2130304,-1.4635,5.5767,3h_SI9,3h,SI9,3h_SI4,3h,SI4,7.0402
-0.24145566356887915,0.6828485430128605,0.8546811673096528,1.323393804935753,-1.478222333719092,-0.05801691252130514,1.6034053984453793,2.55126415366727,0.7250130384409663,-1.0124272571145072,N900_RS14160,allR,0.5613676083333332,-0.77726,3.9757,6h_SI4,6h,SI4,1h_st,1h,st,4.75296
1.855029290486657,-0.3844921423774842,2.49814243183869,0.19195643573549637,-0.881767898941924,0.4504872402296522,-1.4495428341147576,-1.0340648396746541,-1.011971789788547,-0.1474715466358053,N900_RS14165,arginase,1.130003333333333,-0.44062,4.7192,6h_st,6h,st,3h_st,3h,st,5.15982
1.118412832751292,0.2854380401967196,-2.2607467495748637,-0.12786144309164071,0.9087710704553972,2.4977486017166415,-1.8551148838944609,-1.1473169812899324,1.190370656161312,-0.8731644909373037,N900_RS14170,methyl-accepting chemotaxis protein_28,1.5216250500000001,-0.26404,5.5516,3h_SI5,3h,SI5,6h_SI2,6h,SI2,5.815639999999999
3.3598059253851646,-1.5691021641201888,-1.3405424624534685,-1.6363898334141762,0.9378289604737121,-0.06418120420385076,0.5201066447507553,1.5038042777149887,0.3408585109622003,-0.21670466629153196,N900_RS14175,N900_RS14175,1.3930639833333334,-1.0548,4.3846,1h_SI6,1h,SI6,6h_st,6h,st,5.4394
-0.09300919882709069,-2.1987291614704625,-1.8867651441659035,0.822103765176216,-2.969208853963003,-0.6928203964917297,0.27409256260541714,-0.17249850205932316,-0.9137922828507955,-0.17564209470369874,N900_RS14180,PhoX family phosphatase,0.8199696833333333,-1.3546,3.0712,6h_SI1,6h,SI1,6h_SI3,6h,SI3,4.425800000000001
2.1280547685657822,-1.2030653634968713,-0.1822007403407242,0.8472744300188486,1.0752019028006843,0.21636573834410777,0.04960784859892364,-0.8885650687092996,-0.7374094085884751,-1.0705679761780216,N900_RS14185,N900_RS14185,1.4348491833333332,-0.4149,4.1307,1h_SI9,1h,SI9,6h_SI4,6h,SI4,4.5456
-1.4354686395068077,-0.3515280450079491,-0.8259347852458302,0.40545810959930284,3.773296693475658,-0.34163282669750306,-2.2303959393869395,-0.9498496768195968,0.13195753287638817,0.6312811059045944,N900_RS14190,"phosphatidylglycerophosphatase B, putative",0.2620648016666667,-1.1722,4.4664,6h_SI9,6h,SI9,1h_SI1,1h,SI1,5.6386
0.9668854524179231,-1.2580644395871934,1.4674845863561952,0.8323700619029935,-0.5405858877442388,0.5621535473470954,0.009707828192471957,-0.45183254475535567,1.198765777491351,0.4562321190244871,N900_RS14195,sstT,1.32177243,-0.44535,5.042,1h_SI3,1h,SI3,1h_SI1,1h,SI1,5.48735
0.4795742777182843,-0.9226985113198112,3.150323075117411,0.008495299515592025,-0.9288086679514576,0.9209675944475342,-0.979248582519257,0.682177781288473,1.3448601969121996,2.0412007818979525,N900_RS14200,copper chaperone PCu(A)C,1.1888663833333335,-0.38079,4.8714,12h_SI3,12h,SI3,3h_SI5,3h,SI5,5.252190000000001
-0.6340470576832611,-2.0988086536560395,-1.211218623677282,-0.6696557659365847,-0.8965857063625,0.300334780629533,1.6830626077948487,-1.4298878687814063,-3.0502421083429563,-0.6767037811583368,N900_RS14205,Sco1-related protein,0.76688455,-1.2568,4.83,24h_SI1,24h,SI1,3h_SI2,3h,SI2,6.0868
-1.099851655966327,-3.3098550143094325,3.8077344282802663,-0.6854592223871978,0.7387418746954595,1.3568096282656155,1.320242307311027,2.774430138623782,2.553834902374369,0.754038922985991,N900_RS14210,N900_RS14210,1.1871019333333335,-1.7846,6.4076,3h_SI9,3h,SI9,3h_SI1,3h,SI1,8.1922
-0.6101775007925307,3.736982542319296,-1.6384727758608033,1.1291488645298933,0.33392203627778966,-0.386199971271483,-0.9564087204273892,-0.11695944163568589,-0.9916803324171651,-0.0856701562596045,N900_RS14215,VC_A0040_BLAST,-0.48501354499999993,-3.2327,4.0344,12h_SI9,12h,SI9,1h_co,1h,co,7.267099999999999
-1.5919047730857658,1.3554569092660307,-0.7215638439916726,0.9361996721510812,-1.0175902789026097,-1.1228495110940506,1.4962218156857436,-2.6947129503585745,2.796903325579738,-1.4987459964743366,N900_RS14220,gltS,0.662897855,-1.1081,5.2975,12h_SI5,12h,SI5,6h_SI1,6h,SI1,6.405600000000001
-0.27642600218562485,-1.1870556376979058,-0.6324265621653458,0.2978831090620009,1.428413828194515,1.1378640279916157,-1.812171632024716,-2.4382559269601654,2.411896338465575,-0.030679558386199623,N900_RS14225,VC_A0042_BLAST,1.1228020749999998,-0.20752,4.2799,3h_SI4,3h,SI4,6h_SI2,6h,SI2,4.487419999999999
-0.3401199711969136,3.1151795086456926,0.9855110521911132,0.06794073259120248,-3.1091118080416025,0.718084287120959,-0.2897796080085753,-1.7601177922016082,-2.1434939200792726,0.47550769204722987,N900_RS14230,N-acetyltransferase_7,-0.3235655166666666,-2.6091,5.0117,3h_SI7,3h,SI7,3h_st,3h,st,7.620800000000001
-1.024958701604291,-1.0942988695952727,-1.847462594652609,-1.1865703894645554,2.445957611611585,-0.45217069929261133,-1.8382562333421728,-1.3285937273052004,-0.6114212141911869,0.21933872002471544,N900_RS14235,tolB_2,0.6310261366666664,-0.67938,3.6592,3h_SI4,3h,SI4,12h_st,12h,st,4.338579999999999
1.5607043854612037,0.5475191615170983,0.21530979697014743,1.9400800677528593,0.25908885552058103,1.4779208691534296,-0.7627682025315004,-1.2469779947760289,-1.6863605532311468,-0.7374283276103945,N900_RS14240,yiaV,1.1827708500000003,-0.61662,4.5218,24h_SI9,24h,SI9,3h_SI1,3h,SI1,5.13842
0.3755907998820751,-0.1779725433815479,-0.8421796695803023,2.390547503906051,0.6508876632157056,0.42590825091112805,-2.269063951268464,1.8619967740289662,0.5222025546313706,-0.6255559148562161,N900_RS14245,yiaW,0.22807693333333334,-1.5059,3.7472,6h_SI8,6h,SI8,3h_SI4,3h,SI4,5.2531
-0.011284424822356698,-2.3877418446166656,-1.9825872415808061,-2.332372049730997,-2.379005366745945,1.260114881309578,-0.7745354911335747,-0.31611403237678287,0.36300673773855896,0.9293336255570921,N900_RS14250,N900_RS14250,1.0387749216666666,-0.70972,4.0651,1h_SI1,1h,SI1,3h_SI3,3h,SI3,4.77482
0.9990545622255098,-0.7407894038577991,0.8301106397003658,0.4064933936256607,-1.4498874957560595,1.1035002203503037,1.0173978164935273,-1.0881203633814827,1.3711987269845258,1.0964740803684994,N900_RS14255,N900_RS14255,0.9176737833333332,-0.40458,4.1073,3h_SI4,3h,SI4,3h_SI3,3h,SI3,4.511880000000001
-2.936564813934342,-0.08503212579107755,-0.401633268530014,-1.5282377817996255,4.122255448046739,-1.3190047166409022,0.48752325853877676,-0.2072611081897205,0.3190446278394898,2.979553665842425,N900_RS14260,N900_RS14260,-0.04916328333333332,-1.5291,4.0534,12h_SI5,12h,SI5,6h_st,6h,st,5.5825
2.5958861496311227,-0.09140674196425791,2.138166964073074,0.36887179510454793,-0.5722465245780582,0.35906771739223553,-0.7882147688913543,-0.4664439207261995,-0.02555950051496836,0.7031438889020816,N900_RS14265,deoD_2,1.0826106466666665,-0.30296,3.7815,12h_SI7,12h,SI7,3h_st,3h,st,4.08446
-1.0934188362636692,-1.2910476392104628,0.7813411569675918,-3.0959205267485483,1.4067599883225372,-1.1323689924089697,-0.31170600942752,0.0765440769979025,1.9699627979305219,-1.860158388853596,N900_RS14270,N900_RS14270,1.1842070666666666,-1.9137,6.0111,1h_SI7,1h,SI7,6h_SI4,6h,SI4,7.924799999999999
1.5317847468567614,2.0231389609914534,0.719841695417589,0.23697215912515057,-0.4113153487868996,-1.1130388669342413,1.1148532920044256,0.5226688210181607,0.28724682685178965,1.426143385307501,N900_RS14275,N900_RS14275,0.5589891283333334,-1.2648,4.0015,6h_SI9,6h,SI9,6h_st,6h,st,5.2663
-0.6339108247862741,-0.8134423856529296,-0.798065268353308,0.9506986069415433,0.7494858597427441,0.5792503005746542,-1.676045113095338,-0.9076797392945439,0.9808689024567426,1.2862964048341186,N900_RS14280,merr,0.29712685000000005,-1.2586,3.4417,24h_SI3,24h,SI3,12h_SI3,12h,SI3,4.7003
-0.35380238337991265,-1.1022760935584448,0.7743755338570019,2.905956341167262,-0.8881693991660273,1.179181105987678,0.5767628373285488,1.6316876232413102,1.3375935261253364,-1.1617011175461307,N900_RS14285,phrB_2,0.23136890000000002,-1.3958,3.3095,6h_st,6h,st,3h_SI3,3h,SI3,4.705299999999999
-2.52898564046899,1.5058287355300646,-1.3831846542304693,-1.221159282785953,-0.3646165810912009,-1.3315370621912357,1.0813229190188678,0.9601103117143737,1.9436603016377796,2.457431551293822,N900_RS14290,ycfS,-0.4082848666666667,-2.0012,3.5802,12h_SI2,12h,SI2,6h_st,6h,st,5.5814
-1.4234672395243335,-0.2994568108211708,-0.26509992714837516,-1.433115985470614,-2.213784136194801,1.258828827152407,0.3109504729456718,0.5754976618307546,3.999099806435193,0.06691813016609471,N900_RS14295,lpp,0.6728104166666665,-1.6127,4.9548,6h_SI5,6h,SI5,3h_SI3,3h,SI3,6.5675
3.2932995043753293,-0.9464224316446794,1.4985063284869997,-0.38746973257390915,-0.6676374928325725,0.5499434695525215,0.3150883887760924,-0.13717580349903613,0.7941491531849281,0.4538066586503706,N900_RS14310,ptrB,1.43388195,-0.054054,4.0928,3h_co,3h,co,3h_SI3,3h,SI3,4.146854
1.2339488668757017,-1.9586574953594456,-0.09829254079504882,2.439135080364201,-0.957490382614408,-0.6180662430710828,-0.18685433396960294,0.015479041269229388,0.6731019729410717,-0.32940037299011155,N900_RS14315,tonb,0.9279087500000001,-0.55172,4.0346,6h_st,6h,st,1h_SI1,1h,SI1,4.586320000000001
0.608194440019183,-0.895023251891021,0.7519868121834969,1.4817903967466104,-0.1846337440783121,-0.13182732660954888,0.6728726125490295,-0.5747697362679687,-2.599508524620734,-2.509866391434828,N900_RS14320,N900_RS14320,0.8257651666666667,-0.64958,4.1765,6h_SI4,6h,SI4,3h_SI2,3h,SI2,4.82608
1.7350151127006157,-1.1900692768861747,-0.16046643142005387,2.1008083073069623,-0.1815516440478732,0.9029773408056626,0.7382469511064218,0.10964489826020368,-0.38386372095374577,-0.6453611525356203,N900_RS14325,N900_RS14325,0.9193572166666666,-0.51322,4.2215,24h_st,24h,st,3h_SI1,3h,SI1,4.734719999999999
1.2270638869554817,-0.07636982242540952,-0.7956238396266913,2.035982918210459,-0.7853137393586398,0.5524455222928746,1.222136439618541,-1.170375597582764,1.056560712055321,-0.5278400460937066,N900_RS14330,hutR,0.8032932199999999,-0.50336,3.8902,1h_st,1h,st,12h_st,12h,st,4.39356
0.3535685002877944,-0.40111029556543354,-2.57245940684665,-0.7476066537867385,-1.756055395204535,-0.5480057143008146,-2.5058034561777385,-0.8100757988923919,1.9065131012175387,-0.5128498561055057,N900_RS14335,methyl-accepting chemotaxis protein_26,0.10606090166666667,-1.3379,3.6943,3h_SI8,3h,SI8,3h_SI3,3h,SI3,5.0322000000000005
1.0168644073118678,1.279263684695675,1.1273991959506258,0.671434027912365,1.1825765228905667,-1.5828500173582136,0.7501306503408669,-1.0680303832240918,-0.14056709670159073,2.277785034614099,N900_RS14340,pstS1_1,-0.09736410000000004,-2.3482,3.7203,3h_SI7,3h,SI7,3h_SI5,3h,SI5,6.0685
-0.1749053489575716,0.9173350339510018,1.747840165415534,1.6719310642702472,-0.043568135453180855,1.2074390283682328,-1.231304438505245,-2.5986199262662626,-1.3803323332354203,2.120927043729105,N900_RS14345,pstC,0.6769671666666668,-1.5202,4.96,24h_co,24h,co,3h_st,3h,st,6.4802
-5.604571135677083,0.5775960629686958,0.07682658702533819,1.7664178411431997,1.245880794103557,-2.6674913103947495,-0.24367323856921175,0.5020175685487605,-0.7329887652718002,2.1435605787046352,N900_RS14350,pstA_2,-0.7363195333333333,-2.9854,3.1507,24h_st,24h,st,1h_ce,1h,ce,6.1361
-2.3863250873318482,0.7700799353077086,3.5943590693829615,-0.14840177835098944,1.8087752663635734,2.075309999713182,-1.5555509688884979,-0.08021822294599673,-0.7329574447042587,-0.0006163531674361344,N900_RS14355,phosphate ABC transporter ATP-binding protein,-0.12751176666666664,-2.0726,4.0821,12h_SI5,12h,SI5,3h_SI1,3h,SI1,6.1547
0.032964937251363846,1.6695478326346627,2.110486176924005,1.3971464473671347,-1.8125322527058303,-0.32583894834616145,-0.8518872914672064,-1.0669233476088689,-0.035956808930348916,-0.19646594846696408,N900_RS14360,N900_RS14360,0.35831196166666673,-1.311,3.3667,12h_st,12h,st,3h_st,3h,st,4.6777
3.560556045897041,-0.7490969083344914,-1.0007728414506778,-0.39822566913440416,-0.4119865734036139,0.2730599048690513,0.7504508384773282,1.008603036857929,0.7282998877189273,-1.5123339367472481,N900_RS14365,molybdopterin-dependent oxidoreductase,1.2177329350000001,-0.37293,4.0644,1h_SI7,1h,SI7,3h_SI4,3h,SI4,4.43733
0.7216829474315656,2.6046813255974666,2.4874166856081237,0.45075292504851694,1.274005652406096,-0.9324382814388634,0.4206273744196466,0.646936541416044,-1.6983499193575375,0.31900414571603486,N900_RS14370,N900_RS14370,0.39747275000000004,-1.4551,3.6045,6h_SI3,6h,SI3,3h_st,3h,st,5.0596
1.8424732123108196,-1.2531974618109891,-0.5027867897311248,0.8285299351704651,0.7494806273736074,-0.21426327371212062,0.7458313938778967,0.2813148946215114,-2.151065989526228,0.3454979615661251,N900_RS14375,dauA,1.0196664816666667,-0.18046,3.7145,1h_st,1h,st,12h_SI1,12h,SI1,3.89496
-1.3980341029649037,0.34018481213895696,-2.2474227246714924,-0.6227646319364653,-0.3052833321970374,-0.4967536368639176,-1.3244546893061881,1.4934206487076163,-1.9582657922410824,-1.514921675383609,N900_RS14380,"1,4-alpha-glucan-branching protein",0.25979,-0.94289,2.7666,12h_SI9,12h,SI9,3h_SI5,3h,SI5,3.7094899999999997
-1.3743164848749823,-0.46546283197447147,-0.4888658791247607,1.9611161048581303,-0.7017374863491102,-2.8425418641468685,-1.7889213904669765,-0.6252256058148349,1.9077674833890734,-0.1939091930186625,N900_RS14385,shyA_BLAST,0.4839061516666667,-1.3066,3.7838,12h_SI3,12h,SI3,3h_SI3,3h,SI3,5.0904
-1.8016113769991855,-1.6529734519129937,-0.4944285482107857,0.2544927853953878,0.03808257955878415,-2.9946482492085478,-1.9726903680122636,2.9226267080666233,-0.24900359281176165,-0.02133787332154935,N900_RS14390,N900_RS14390,-0.2869692833333333,-1.5642,2.4019,12h_st,12h,st,3h_SI4,3h,SI4,3.9661
1.949434934246117,-0.34351933113865163,0.12274682588213784,0.9152467026093403,-1.3328547283328658,-0.9351449310966522,-1.1522704756534237,-1.33826991836846,-0.5177472605999377,-0.9029624750988475,N900_RS14395,pgrR,1.13096449,-0.32257,4.5955,6h_st,6h,st,6h_SI2,6h,SI2,4.91807
2.395102385000386,0.7786931960374481,1.2800086670227613,-0.011395546277851665,-1.1368674909836498,-0.14735833728286196,0.7279013027607579,-0.062233027655165085,-0.23764389864374091,0.1497816697534572,N900_RS14400,mdtL_2,1.4233319000000002,-0.099051,4.2219,1h_SI8,1h,SI8,24h_SI1,24h,SI1,4.320951
-2.925446236136878,-0.15861553008311985,2.2276069172622637,-0.5573054889511273,-0.4776433451508371,-0.5955950898278319,4.935282883483913,-0.7975878770562954,-0.6094983563815516,-0.9772783139455165,N900_RS14405,soxR,0.8360000499999999,-0.96073,5.2109,1h_SI6,1h,SI6,3h_SI2,3h,SI2,6.1716299999999995
0.8658809906266765,1.944925338375597,1.986281042336507,-0.47834378654031195,-0.48242275935632667,0.24091616396611648,-0.16517208602211297,-1.5328539110756148,-0.5405506909876149,2.309209172485142,N900_RS14410,MFS transporter_3,0.5032763766666668,-1.0009,4.284,3h_ce,3h,ce,3h_st,3h,st,5.2848999999999995
1.9576622491467788,1.2000732340381042,-2.2165238695838236,0.3020590723386767,0.7643009954351879,-1.144602068276229,0.8109019840936217,-1.556161040067576,0.44540213515433136,0.3909428069242298,N900_RS14415,N900_RS14415,1.1584876999999998,-1.0697,3.9942,3h_SI5,3h,SI5,6h_st,6h,st,5.0639
1.0901195526502114,0.8796700816140003,-1.5615799476321275,-1.9792664189606999,0.5865208034757037,-1.9815669163368868,1.3601858356420617,-0.7836273548183665,-0.44956430067709785,2.5448485621825387,N900_RS14425,gltP_2,1.0929080166666665,-0.17046,5.5217,1h_SI7,1h,SI7,6h_st,6h,st,5.69216
1.5387749555798091,-0.18761607776797196,1.2280373593685883,0.197742086898252,0.15443313128309913,-1.240377096394302,-1.1044676392609212,-0.01403689103435718,0.05426817732589351,2.678845703865539,N900_RS14430,eamA_9,1.0731716316666668,-0.079083,4.1533,24h_SI6,24h,SI6,6h_SI4,6h,SI4,4.232383
-1.7287794599457056,0.8143003001367517,2.6841158092701214,0.8194829546170284,-3.003042491816322,-1.803011870060803,-1.6714117842616416,-1.0654705104916378,-0.9560438591652748,0.9618913445464254,N900_RS14435,VC_A0091_BLAST,-0.10999609166666666,-1.416,4.011,3h_SI1,3h,SI1,3h_st,3h,st,5.427
0.7075164926424788,-1.0137101490849754,-0.9635523994845465,-0.5987758690863965,-0.6374487633066908,-2.260058922496756,1.8678465854348643,0.5252206627413402,-0.6100129016113162,1.4804052860043868,N900_RS14440,triacylglycerol lipase,0.9176072800000001,-0.55092,4.0328,3h_SI1,3h,SI1,6h_ce,6h,ce,4.58372
2.447779307510868,0.9050686687443588,-1.4921207665384288,0.007605067788552411,1.7756627604275963,-0.7801467815468099,0.6174841196411386,-0.22030606055732205,-0.8566491550473404,-0.6504341400469882,N900_RS14455,N900_RS14455,1.1364730583333331,-0.32517,4.2464,1h_SI6,1h,SI6,6h_SI2,6h,SI2,4.57157
2.9336424507935597,0.807146252032007,1.1700144969802853,-0.5113817737637376,0.7205603721894906,0.1682980053300689,-0.04990627814228643,-0.08681157480241491,-0.8880000279080514,0.5125990761655501,N900_RS14460,N900_RS14460,1.63304785,-0.055464,4.5747,1h_SI6,1h,SI6,3h_SI1,3h,SI1,4.630164
-0.9807698174208528,-0.28451455525172775,0.8479774516497494,1.7600012462112553,-0.8307946619411959,0.6751189751723115,-1.059398703266524,0.8723650136849836,1.4927118517137299,1.407778706514381,N900_RS14465,NUDIX hydrolase_1,0.07432992333333334,-1.4637,3.5777,24h_SI4,24h,SI4,3h_SI6,3h,SI6,5.0414
-0.8853585521508509,-1.9936538251474873,1.2803867080593536,-1.3918904461759518,-2.1085427756081367,-1.0147879659693706,-0.6166175501825646,-0.9662394060844439,1.5219388819771578,1.3295284330085464,N900_RS14470,pncB,0.7233546166666667,-1.042,3.6516,1h_co,1h,co,1h_SI1,1h,SI1,4.6936
1.4226179171536346,-2.246537871603019,-0.3758815424726718,2.226708460599707,-1.2246068906879959,-0.8470590143530952,-0.179733009328218,-0.2724626373162747,0.7386727272982677,-0.10492522494553813,N900_RS14475,ydgJ,0.7585031666666667,-0.89777,3.7676,6h_st,6h,st,3h_SI3,3h,SI3,4.665369999999999
2.8422423592550645,-2.1663619010528925,-0.6624384146426298,0.16717902519356276,-0.04206340516019518,0.561244500563971,1.0953402845811562,0.3458381958055669,-0.6692326336619193,-0.9625658340368858,N900_RS14480,phage shock protein E,1.328314295,-0.16801,5.0278,1h_SI8,1h,SI8,12h_SI2,12h,SI2,5.19581
2.9385476496654865,-1.1441567464543512,-1.7292728041338543,-0.7812259957015582,-0.06111206544765362,-0.5750548421904149,-0.002976179087790576,0.8373419488387279,-0.67207076063128,-1.552567850851002,N900_RS14485,N900_RS14485,1.3514239333333333,-0.12221,4.0661,1h_SI6,1h,SI6,12h_SI1,12h,SI1,4.1883099999999995
-1.3392791966724134,1.2954178926671354,2.0847519610109098,-1.6567284748659548,-1.1084077471253055,-0.9475408041346836,-0.2326556463733147,-2.0433530435596583,-2.541521774847503,-1.1560351453168558,N900_RS14490,HAD family phosphatase,0.6066659499999999,-1.021,4.004,6h_SI3,6h,SI3,3h_st,3h,st,5.0249999999999995
-0.6167190575657076,-0.6084798787446438,-1.8038390342590516,-1.394200214617995,0.20683315864674023,-1.6457905555136638,0.7201568026222748,3.2965265838929114,-1.30284453180712,0.08828480786711423,N900_RS14495,SulP family inorganic anion transporter_2,0.6758324533333334,-0.631,3.4462,6h_co,6h,co,6h_st,6h,st,4.0772
0.4091557178473022,1.5507544208419155,-2.6203219076161366,-0.7309353277723492,1.2097578470321697,-0.709880341033108,1.0529411025883686,0.25766243361624674,-2.3247541416854527,0.5704813817538625,N900_RS14500,RluA family pseudouridine synthase,0.7282484348333333,-0.81402,2.9619,3h_SI3,3h,SI3,6h_st,6h,st,3.77592
0.7315769492454574,-1.814486355766633,0.04871679249321818,1.3236838417419863,-0.10580991993751737,0.16181063540635787,0.7929529022665772,-0.9506454019471664,1.3228665994722795,-1.4290989750329521,N900_RS14505,type VI secretion system PAAR protein_2,0.8331022499999997,-0.51853,3.3498,3h_st,3h,st,3h_SI2,3h,SI2,3.8683300000000003
-0.05867249689060339,-0.2786278511316901,0.2621299220781968,-1.4739571944265626,3.455971743604692,-0.9432650203456341,2.242725478611724,-1.2067482062431245,-0.21014364056322976,2.089990657013997,N900_RS14510,N900_RS14510,1.0286589099999999,-0.45981,4.7643,3h_SI3,3h,SI3,6h_st,6h,st,5.2241100000000005
-5.2223577832905015,-0.6794865080563244,0.03516651667790151,-0.8718788623965685,0.954544631873932,-0.6468625841652946,0.0295721637429176,-1.2407292062323594,0.878572376080564,-0.042300307639236534,N900_RS14515,tssB,-0.06134811666666665,-1.6234,2.6234,12h_SI2,12h,SI2,6h_SI3,6h,SI3,4.2468
-0.13223584201852567,-0.8805915764172079,0.13724559804780817,1.1225664989947726,1.7520731329349646,0.5388473648800022,1.4324007302646304,-2.5438527505702,-1.3251583994494731,-0.23597227801990373,N900_RS14520,tssC,1.0157486166666667,-0.40848,4.101,3h_SI3,3h,SI3,3h_SI2,3h,SI2,4.50948
-2.4244861342142183,0.7180905855765214,-0.1768419494374787,0.9945418285686634,0.3212948157616225,3.1118929174462178,0.19309112463551859,-0.015522490848709047,0.9396119127289073,2.4911932297324615,N900_RS14525,tssE,0.7856473333333334,-1.6346,6.3144,3h_SI6,3h,SI6,6h_ce,6h,ce,7.949
0.4514263854457594,3.1309163520992724,-2.569822662465167,-0.7746012792774937,-0.02538279041620311,-0.8994882116856704,1.0388388206442465,1.525809839999308,1.6384149371974472,0.15733287438224886,N900_RS14530,tssF,0.6000147499999999,-0.90889,5.7526,6h_SI7,6h,SI7,6h_st,6h,st,6.661490000000001
1.167023009628469,-0.9099418788283566,0.05367733069575652,1.0310956868909904,1.1545015405334067,-1.5866347490111394,1.451469236136103,0.07045306900676798,1.5008984651753625,-1.2597557327794848,N900_RS14535,tssG,0.8065484500000001,-0.7013,4.1828,6h_ce,6h,ce,6h_SI3,6h,SI3,4.8841
2.2915163516843835,0.3991403966266131,0.6526449211482601,1.139938260328536,-0.9906964611697539,-0.3431803473098769,0.9792459777607365,-0.5549543637348684,-0.04930234005626044,1.07955806393132,N900_RS14540,tagH,0.8445806916666666,-0.33497,3.9672,24h_ce,24h,ce,3h_SI2,3h,SI2,4.30217
0.944074831072327,-3.369554624289604,-0.3335146602191812,-1.1693225940302343,-1.7526565911059864,-1.2220739216425747,-0.9183356727482692,-0.30294376165049014,0.30130822173715316,-0.49550422431318225,N900_RS14545,tssJ,1.53965285,-0.58724,4.3562,3h_SI9,3h,SI9,3h_SI6,3h,SI6,4.943440000000001
-1.204180832376622,0.7856264922668825,1.820060011456626,0.4984722740082206,-0.3383023024450542,0.09814493073850372,-2.1299385992404014,1.4110532146540915,0.21134592061016827,-0.5524448785352306,N900_RS14550,tssK,0.6180601833333335,-1.1407,4.016,6h_st,6h,st,1h_SI1,1h,SI1,5.1567
-1.397122903431953,-0.018037937297442574,-0.9622276635095239,-0.9501583049456417,-0.16248826701542707,-1.4034513911379363,-2.807899973208678,-1.7991115495300558,0.28410267788362953,0.8975002143678548,N900_RS14555,vasF,0.3530161666666667,-1.4007,4.1331,12h_SI2,12h,SI2,6h_SI2,6h,SI2,5.533799999999999
1.0892666324612348,0.1615302733164518,2.4873319251837027,1.9105676576833228,0.18691390849923098,-0.1779171685885621,-1.0018584272533921,-0.5370533421740398,-0.6528840985769934,-0.5286943931169625,N900_RS14560,tssH,0.9200113366666667,-0.3958,3.6136,6h_st,6h,st,3h_SI5,3h,SI5,4.0094
1.4751106153583624,-0.3821426692034573,-1.612658406298686,-0.4435913133520055,0.18419784631777156,1.7326620743052517,-2.008708416320264,-1.659574512146254,3.273035935742208,-0.5227805890377881,N900_RS14565,vasH,0.6813372166666667,-0.62938,3.8638,3h_SI5,3h,SI5,3h_SI3,3h,SI3,4.49318
1.122337171025837,-2.1667271144864015,0.1243839705482705,2.360021183451792,-0.4412906536445052,-0.5339774496224257,-0.19796727321186636,-0.4527441419702232,-0.19191180194271207,-0.11520089875988737,N900_RS14570,tagO,1.0331540333333333,-0.47112,3.5782,12h_st,12h,st,3h_SI5,3h,SI5,4.04932
1.353399030775729,-1.356015005281504,-0.40697788866470364,2.9216479570637244,-1.312162152012957,0.8178405934173387,0.7285650381305511,-0.132549408111739,0.1851141042671537,-0.10397248263575098,N900_RS14575,tssA,0.6942221333333334,-1.1237,3.5923,6h_st,6h,st,3h_SI2,3h,SI2,4.715999999999999
-0.25686440658084875,-1.6968739787496645,0.036746107199686136,2.1581963322922917,-1.410875826744433,-2.4392277907354876,-0.4753488145965412,0.037160284724135434,-1.2678700239357537,-1.1611015793840476,N900_RS14580,tssM,0.7569246966666667,-0.77626,4.4856,6h_st,6h,st,3h_SI4,3h,SI4,5.2618599999999995
1.2248669547548445,0.23505688355101212,-0.9480170089923837,-0.6184928851055111,-2.8267395027526376,-1.3287083852494623,-0.11518575384413865,0.4175623223807232,-1.1299697056689357,0.9575864798902818,N900_RS14585,vasL,1.0723734999999999,-0.64779,3.6615,3h_SI1,3h,SI1,12h_SI2,12h,SI2,4.30929
1.6566416491698552,-0.8460730911174774,0.22381694827243453,-0.35261284374193336,0.35217500168052185,1.3931918767711675,1.2644507133900977,-0.9503181611877758,-0.270375205274334,-0.48683507974387946,N900_RS14590,N900_RS14590,1.5880306666666668,-0.23061,5.43,1h_ce,1h,ce,1h_st,1h,st,5.66061
-5.239104576780999,-0.3529498453487795,0.983798822204022,1.5088929915758236,0.3727506588829712,2.3380984457944196,0.5598510118018768,1.4179707966564061,2.2528818553683787,0.834204694876453,N900_RS14595,tssI_2,-0.4572842166666667,-2.1247,2.1407,6h_SI3,6h,SI3,3h_SI1,3h,SI1,4.2654
0.5508933911584615,1.2508894742749392,-2.1786948736554606,-1.0667302827732426,-0.07448199196408928,0.9637162721835327,0.4682747449331292,-2.436138818897883,-0.4845061701826002,-1.975940333617,N900_RS14600,tsiV3,2.4871110000000005,-0.72289,7.6174,1h_SI6,1h,SI6,6h_SI2,6h,SI2,8.34029
0.37084406605621734,-2.621337130806498,3.308169341817327,-1.6980077430683136,1.9200075063862998,0.24715617146825797,0.8658781392126789,-1.1193076431093214,-0.6615336315640349,-2.585121235161518,N900_RS14605,N900_RS14605,0.8576984833333332,-0.71698,3.9082,3h_co,3h,co,6h_SI2,6h,SI2,4.62518
1.4558734923167806,1.916990327916205,-0.9735499641474823,-1.4789652761161092,-0.0614048215430106,-1.8229330100258632,-0.6757438461655374,-0.06788443882561002,-0.29073516959456314,-0.8878098755438717,N900_RS14615,rbsD,0.7879328500000001,-0.92322,5.5236,12h_SI8,12h,SI8,6h_SI1,6h,SI1,6.44682
-0.3728139052624009,-1.2855395858733247,-2.175262152588275,-3.5842812824296213,2.0601292187381905,-1.6532736993120105,-0.7359803269318088,-0.6523800783838023,0.8681410083247862,0.2652806883209897,N900_RS14620,rbsA,1.08865304,-0.7503,4.4801,12h_st,12h,st,6h_SI3,6h,SI3,5.2304
0.23170883818162435,0.2643870773788418,-1.8155952163600657,1.1301007244378454,0.7383764634402573,0.11199082730725096,-2.599905222002276,-2.094076880004523,1.3186894054701428,0.4525184905701487,N900_RS14625,rbsC,0.6735404050000001,-1.0134,4.7812,12h_SI5,12h,SI5,6h_SI2,6h,SI2,5.7946
1.3404557012755625,-1.9553805372764521,-1.2533943869813577,-2.859566431933305,-0.12358907797149984,0.07319365049273363,-1.0707461515813985,0.19800379757587716,1.227292745599497,-0.8349089052273814,N900_RS14630,rbsB,1.2846966666666666,-0.88694,5.4425,1h_SI9,1h,SI9,6h_SI4,6h,SI4,6.32944
1.2277892838440057,0.9149509615655359,-1.7700514226545006,-0.636111108381235,1.976199202347431,0.5704920940906051,2.256351125997536,-1.168938982719019,-1.1133659871448334,1.480109023384119,N900_RS14635,rbsK,1.1860945200000004,-0.15649,5.0401,1h_SI8,1h,SI8,6h_st,6h,st,5.19659
-0.5217868952519384,0.7290616343524355,-1.0909605575932004,-0.6566521041693567,-0.9774633671491558,0.4769525574577603,-0.18936639961887525,2.339063045739655,-0.9509743642505809,-1.2544109496742208,N900_RS14640,laci_2,0.16181638333333334,-3.3489,3.8229,6h_SI8,6h,SI8,3h_SI4,3h,SI4,7.1718
1.1940206913406195,-1.1142441527826867,-0.4278781369316117,1.4787202203940653,1.950653490345924,-1.6214391320014387,-0.21488717552581227,-0.008068135189460757,-0.8579067173939469,1.2292082761233691,N900_RS14645,pnuC,0.5002800000000001,-0.88914,3.6043,3h_st,3h,st,6h_SI2,6h,SI2,4.49344
3.7351872591994857,1.0591350962215853,1.7445607858642078,-2.8491339739893804,-0.26229718477355835,0.8664246890283666,0.9033714041499963,1.2353508777673423,0.28009192869494515,-0.5912214957376113,N900_RS14650,Nicotinamide riboside transporter PnuC_BLAST,1.5683465833333334,-2.2388,5.8015,1h_SI5,1h,SI5,3h_st,3h,st,8.0403
0.8057680420401252,-0.17792212756475323,1.8368833028082086,-1.575256506303943,0.6287153818206237,1.2890587548626655,-0.6420884912899332,0.6061828919158587,-1.398837415627304,0.15955834274697744,N900_RS14655,udp_2,1.0243475499999999,-0.73228,3.5275,6h_SI2,6h,SI2,3h_st,3h,st,4.25978
-1.046230053078574,-2.5883255907282696,0.8294584198094234,2.24068749201877,0.835091502081282,0.2709826678393733,1.0403109706446256,0.9168981917353247,-3.0246795095824273,-0.13014760862272456,N900_RS14660,Crp/Fnr family transcriptional regulator_2,0.24560546000000003,-1.7513,2.8914,6h_SI3,6h,SI3,12h_SI1,12h,SI1,4.6427
2.4372127541203508,-1.0781857244486404,-0.669031886341956,0.5019499877835396,0.477102773231868,-1.422807104017314,0.9896732546135889,-0.06008471308248747,1.0757651378713464,0.1198573637787198,N900_RS14665,glpQ,1.2012939833333336,-0.33113,3.4352,3h_st,3h,st,3h_SI3,3h,SI3,3.76633
1.9309821261802727,-0.5265852448664614,-1.7303385919437944,-0.39810230952565173,0.5640670160061145,1.356621958523974,0.7563911693574938,-0.09339540834104054,-1.53515291437229,0.23445155069074142,N900_RS14670,glpT,1.7716666833333337,-0.2352,5.2169,1h_SI9,1h,SI9,24h_SI1,24h,SI1,5.4521
0.5442945790086946,-0.40680255198642257,1.149101926872735,-1.624704978845895,4.526460753198716,-0.660066685888695,-0.8393258129365015,1.7908616012947676,0.5607262335164439,0.6385279049969945,N900_RS14675,N900_RS14675,1.179211736666667,-0.31504,5.1778,3h_co,3h,co,6h_st,6h,st,5.49284
-0.09579683391938065,-1.2906972162454107,-1.968513302701019,-0.35483059066025713,-2.666850460064892,-0.9072256210078402,0.7345952440187417,-1.0689846104251184,1.1563464237518408,0.7883688856121431,N900_RS14680,spindolin,1.0198445999999999,-0.4481,3.6802,3h_SI1,3h,SI1,3h_SI3,3h,SI3,4.1283
0.5507821570345959,-1.8584978556177352,-1.321526379961146,1.6188817819436108,-1.4604181924312358,0.7535753654988815,-0.6880745492684897,1.1913702241707294,-0.7017774327541754,0.10734472850343169,N900_RS14685,sensor histidine kinase_4,0.8288762466666667,-1.1174,4.2843,6h_SI1,6h,SI1,12h_SI3,12h,SI3,5.4017
1.6879215713633569,-0.9815630210673141,-0.19080622571729425,2.6556373333235674,-2.0615625971624363,0.1734912102536269,1.2246994215282745,-0.8142168567370043,2.3926767828885933,-0.06318135473705533,N900_RS14690,dctD_2,0.5789646349999998,-0.85378,5.0611,6h_st,6h,st,3h_SI3,3h,SI3,5.91488
1.3296034588420946,-0.021998713616411036,-0.5714223755568354,0.97544754114324,1.873541848155757,-1.714674273838411,1.0125813444518066,1.2631629509017193,-2.0579714070047816,-0.4478611316435065,N900_RS14700,C4-dicarboxylate ABC transporter substrate-binding protein_2,0.41813456666666676,-0.89993,4.8013,1h_st,1h,st,3h_SI4,3h,SI4,5.701230000000001
-0.9409143507181521,-1.1847077018416352,-0.29827219806572375,0.7123817357244921,-0.15596488854652343,-2.5317134977004963,1.5236299824611224,-0.4687102369464365,-1.5560963611223406,-3.388981921341543,N900_RS14705,dctM_2,0.2464661833333333,-1.0563,4.0435,24h_st,24h,st,3h_SI2,3h,SI2,5.0998
-1.2943639246416792,-1.4709887471343126,0.9686168355061376,2.475043833175036,-0.7908742914489638,-0.7646869646845631,1.2764881706430153,-0.24025045775586445,1.9361379398690954,0.08515048372434952,N900_RS14710,lhgO,0.9118612683333336,-0.65955,4.2693,6h_SI1,6h,SI1,3h_SI3,3h,SI3,4.928850000000001
-0.9124868596393627,-1.1780063018921505,-1.9718724950386326,1.5319244601082076,-1.1231158940153676,-1.240237739230683,-0.24975978710097235,-1.1569440100401318,-3.1041127050848947,-1.1870516533462,N900_RS14715,peptidase M66,0.29567737833333335,-1.1244,3.2812,3h_SI1,3h,SI1,12h_SI1,12h,SI1,4.4056
2.2853206359150846,0.9752430608740087,2.095584399854903,-1.3143077489021633,-0.6637706980405309,0.8591891106057701,-0.8243009358553841,-2.7401963487796697,0.4044677617337664,0.13304616108237244,N900_RS14720,def2,1.5265720500000002,-0.42556,5.3288,1h_SI8,1h,SI8,3h_st,3h,st,5.75436
2.3210762879339377,-1.7789557597641057,-0.7168085457964339,1.6480918333144587,0.2971294223555662,0.04309034087883812,1.2247847534541987,-0.2395005438411048,0.45008858435864346,-0.31766586690909243,N900_RS14725,oxidoreductase,1.153730326666667,-0.45255,3.6931,1h_st,1h,st,3h_SI2,3h,SI2,4.14565
2.7222158616986025,1.5328135858234126,-0.86716060256741,1.136442365548723,0.1864094135002576,0.49937024886168435,0.3595486404885019,-0.14361232697137727,1.4293894950038804,-1.75215456495502,N900_RS14730,mrpG,1.275571816666667,-0.39763,4.2197,1h_SI7,1h,SI7,3h_SI1,3h,SI1,4.61733
-0.8884291572802918,-0.9746954805894972,-1.3336252481945539,0.2655117655960093,-1.1620974503284,0.5677550889849062,-0.7821960460282051,1.2600185148701128,0.5035724198042646,-0.10641228962393268,N900_RS14735,cation:proton antiporter,0.7567654833333334,-0.54218,5.244,24h_SI3,24h,SI3,6h_SI3,6h,SI3,5.78618
-5.267867387036095,-0.9801774020352627,-0.6706243812141933,-2.053618919842876,-0.8401769073285729,2.4641069478881645,0.26437116376304465,1.3310044717825102,-0.21921521937187338,-1.0890816077278347,N900_RS14740,mrpE,-0.32300234999999994,-1.8152,2.1712,3h_SI6,3h,SI6,12h_SI3,12h,SI3,3.9863999999999997
-0.5854913806149673,-1.0032953999852292,-1.094678666561423,1.8653396880528277,0.029915928491010137,0.16904555008169586,0.5220473320190178,0.5762096907500612,-2.1225749808818906,-1.4564150190699645,N900_RS14745,mnhD,0.36043955833333335,-0.86445,3.0292,24h_SI1,24h,SI1,3h_SI4,3h,SI4,3.89365
-1.2992850466788621,-0.1721561022456236,-3.113967643023564,-0.8288904730500186,1.3043351401057408,-1.5931761271596767,-1.8288615825597974,0.7385042369789622,-2.1799121334885405,0.5688365954061765,N900_RS14750,mrpC,0.6532479050000001,-1.0686,3.7601,3h_SI2,3h,SI2,1h_ce,1h,ce,4.8286999999999995
1.4949179980728795,-1.2738444997573861,-0.2579537646235092,1.1112407249624154,2.0486027601595103,-0.9625921579788521,0.4555546142224424,-0.3412055868211236,-0.09502521109079654,0.9615148474166222,N900_RS14755,mrpA,0.7008406166666667,-0.50543,3.3469,1h_st,1h,st,3h_SI1,3h,SI1,3.8523300000000003
-5.918116143411025,2.4983631170691827,-0.6103486755203112,-0.25411232419823904,-0.0037978855591464245,0.47095165172414705,-0.05354091768685254,0.5672336549787278,0.7675632413275846,-2.060062526953928,N900_RS14760,N900_RS14760,-1.2850110999999997,-4.6618,1.5573,6h_SI6,6h,SI6,12h_SI3,12h,SI3,6.2191
2.5437796960442958,0.16790138350359315,-1.7802743935218546,-1.1327396964282892,1.892819929709621,-0.1318794394501881,-1.3444483737176574,0.7539818715047248,1.748704450331834,0.819045931999528,N900_RS14765,uspA_2,0.7727559999999999,-1.0223,4.457,6h_ce,6h,ce,6h_st,6h,st,5.4793
1.4478900187170716,-2.575294723952655,1.3698520549769926,1.8835087122980587,-0.17701890887830718,0.572555446172069,0.4555446184628472,1.0431687279144675,-1.291994600671798,-1.0704635233355488,N900_RS14770,tryptophan-specific transporter,1.1096724500000001,-0.29149,3.7705,12h_st,12h,st,3h_SI4,3h,SI4,4.06199
-0.5371143620151635,-2.0823617667753327,-0.44551889784130716,-1.9546297997352975,1.7729526355217404,1.6476861877153133,-0.8434222339675577,1.8429742513464955,-0.062142764043385146,-1.8407428744501848,N900_RS14775,tnaA,0.6650317283333333,-1.2507,3.6123,3h_SI8,3h,SI8,3h_SI5,3h,SI5,4.8629999999999995
-1.8408487675134115,0.042979800229306475,0.6120431538225746,0.9406383298862635,2.7945583808652947,2.564302161503315,-0.06851649062548093,-0.45349651747146796,0.2640018078616134,-0.6708421272007147,N900_RS14785,ypeB_BLAST,0.24818010000000001,-1.3015,4.0371,3h_SI8,3h,SI8,3h_SI1,3h,SI1,5.3386
2.5269700243262623,1.0868393340295848,0.3178985160385866,-1.7557431376581354,-0.581867130504397,-0.20712319536932955,-1.4114590898962616,1.2312841804546057,-0.6834761371850021,1.0526027200485737,N900_RS14795,N900_RS14795,0.9819790816666666,-0.39845,3.5246,1h_SI7,1h,SI7,3h_st,3h,st,3.92305
-4.158249294347906,-2.7744088263198057,0.840021988749317,-1.6552033248742466,0.49026021491696237,-0.13488100496322408,-0.2347487030333445,0.8327080724744882,-0.09453813855125837,-0.8473866926951313,N900_RS14800,cspV_1,0.6819019683333334,-1.1909,4.1774,1h_co,1h,co,6h_SI5,6h,SI5,5.3683
2.2247034881280223,-1.0767219567564654,0.10994956146427229,1.864633013393993,0.7429374594437468,0.8397127674279171,0.47545635218500604,-0.15456199333975618,0.01946142275565721,-0.5161741562897612,N900_RS14805,N900_RS14805,0.9900946616666666,-0.49914,4.3301,12h_SI6,12h,SI6,3h_SI1,3h,SI1,4.8292399999999995
1.5939122391201046,-2.429808046900696,0.6587331123378355,0.1615632262058555,0.6100312149266779,0.419478369161846,2.0465260464534385,0.7019274169500873,0.7943431460221873,0.6396076814806197,N900_RS14810,batD,1.0372278024500001,-0.36439,3.484,3h_co,3h,co,3h_SI1,3h,SI1,3.84839
-1.6176467304782096,-1.0806088364108202,1.3967806937311606,1.3678214926813488,-2.6611304626224364,-1.6923557881567892,0.12636514016750433,-0.8717528322420869,-0.38595407448985275,0.40582307046660704,N900_RS14815,N900_RS14815,0.33510036666666665,-1.5612,2.8791,6h_SI1,6h,SI1,3h_SI5,3h,SI5,4.440300000000001
1.2770420040046915,0.3609250271709739,-1.137192280261544,1.5511257815639428,0.9666440975895366,-0.14988447141381234,0.5270291974478836,0.7659766903917484,0.599120388669598,1.8639485867706382,N900_RS14820,N900_RS14820,1.0241935116666665,-0.4809,3.887,1h_st,1h,st,3h_SI1,3h,SI1,4.3679
-1.8393098645898227,0.6689091012132511,-1.4305340273331593,0.5334319480742917,2.891819116035673,-0.061842967272762506,-1.2203705179607274,-0.4857292030058484,-0.13623421426965876,1.6735902727312386,N900_RS14825,N900_RS14825,0.010192378333333318,-1.641,4.3978,24h_SI1,24h,SI1,6h_SI1,6h,SI1,6.0388
1.9874633283978111,-0.11231125519426843,-0.5821787390476086,0.524978272796111,-1.05328593359057,0.3699388118817454,1.2393347229046352,0.40519063358832874,0.20579014198056894,-1.094582425098747,N900_RS14830,N900_RS14830,1.3133903625,-0.15197,4.2133,1h_SI9,1h,SI9,1h_st,1h,st,4.365270000000001
-0.3520670243119368,-0.7438264530871614,-1.6379886208963492,0.6626832351056944,0.07019209198202712,1.4181441527767675,-1.9736712052127217,-1.1809284313374329,0.19215739466152598,0.6495420810746682,N900_RS14835,MoxR family ATPase,0.7368048383333334,-0.75366,3.204,6h_st,6h,st,12h_SI4,12h,SI4,3.95766
3.3622490037367267,-0.34790046514705797,-2.2699444305394127,-0.52724678219254,0.3401488838611831,-0.10028554303226955,0.12598346305247687,-0.015507722712793104,0.48035242264064537,-0.23330764879927257,N900_RS14840,methyl-accepting chemotaxis protein_20,1.6516783833333337,-0.30857,5.037,1h_SI6,1h,SI6,6h_SI1,6h,SI1,5.34557
-0.7833830184502175,-0.7359067966168376,-2.732530853341094,-1.2883821782457456,-0.3396532166446404,-2.2678920108311953,-0.6832386224658056,2.4383467975161452,-0.698093868229226,1.7844848616198685,N900_RS14845,chromosome segregation ATPase_2,0.44671156666666667,-1.1859,2.9725,3h_SI1,3h,SI1,6h_st,6h,st,4.1584
3.190784043312317,-0.9912862334400983,1.4314271694524732,-0.8301664675434852,-0.8966844398860572,0.4894579169744399,-0.8817816439695854,0.2771600918296271,0.7325318960871654,0.2520797581035916,N900_RS14850,frnE protein,1.1155926266666667,-0.75901,4.4755,1h_SI4,1h,SI4,3h_SI3,3h,SI3,5.23451
0.612442489195451,-3.397267901292313,-0.5471914808581059,-0.2171310829951878,1.299834526228337,1.703271934437137,-1.7124061902778773,0.134362533706529,0.26983650150140465,0.585125314613766,N900_RS14855,psuT,0.4617115500000001,-0.9648,3.3837,1h_ce,1h,ce,6h_SI4,6h,SI4,4.3485000000000005
-0.5741451669593856,-4.0984582815918635,0.8082045988422069,0.6687381164240445,1.7618303350687228,0.42998840434061697,-1.9284341099118676,0.25861603626144686,1.2193245426429282,0.8612854481042829,N900_RS14860,pepT,0.9717282,-0.9055,3.5006,12h_st,12h,st,3h_SI5,3h,SI5,4.4061
2.0054435292943777,-0.15906237719554034,2.4975449406445214,-0.8728868622258572,-1.7877330901748103,-1.6116305626387009,0.7268118845768241,-0.6296318173110018,-0.36160082771256163,0.26783416568600305,N900_RS14865,mscS_2,1.0473618333333332,-0.12769,3.9044,12h_st,12h,st,3h_SI2,3h,SI2,4.03209
0.11654357660973469,-0.9874416607113823,-0.09085666021100616,1.865046903020223,-0.06736640335713803,0.16177177716482194,-0.2516513587320224,0.1173109030578291,0.8086554608720679,-0.21892843758774172,N900_RS14870,norR,0.9653880666666667,-0.82117,3.6888,1h_ce,1h,ce,12h_st,12h,st,4.50997
2.4421834413351506,0.3519563170448538,-1.0308640597425949,1.1123391029862346,0.5595249340696031,-0.3894956168609425,1.544840853238258,0.4238714269042886,-0.1442374247356787,0.5569247688839916,N900_RS14875,hmpA,0.8405361766666667,-0.64206,3.6934,1h_st,1h,st,3h_SI2,3h,SI2,4.33546
-1.9836672466185907,-0.30664178201626,4.45815453987844,-0.18975840762951512,1.8390857002359753,1.8337297444532101,0.1966505567811196,-1.0614355651159144,0.5832076976531937,-0.1413035930983927,N900_RS14885,arfA,0.8576631833333335,-1.2438,5.3348,12h_SI1,12h,SI1,3h_SI1,3h,SI1,6.578600000000001
-0.8068806921679932,-0.6257272544247048,-2.50348812057025,-1.3727151866468064,-0.13993566838956825,0.8320200364132181,-1.8936857564879028,-0.6497331238322901,-1.6008343587389762,-0.27288350829659425,N900_RS14890,N900_RS14890,0.8366531266666667,-1.8851,4.7062,6h_SI7,6h,SI7,12h_SI1,12h,SI1,6.5913
2.1352006672481734,2.283761414105988,0.6253294355401218,-0.7063255986185788,-0.6692335562788401,-0.8857702420027425,0.32021240324594097,0.06294900420790539,-0.4910697799713245,-0.5181709064522778,N900_RS14895,N900_RS14895,1.0556755666666666,-0.48375,4.7246,1h_SI6,1h,SI6,3h_st,3h,st,5.208349999999999
3.4297728764796025,0.3358237476705971,0.43824309920240645,-0.6244278182225373,0.30137883939610055,-1.0984736425335915,0.35062924144300167,0.7534756270783377,-0.5825648319994278,0.22108726649517307,N900_RS14900,rcsC_9,1.5730232666666668,-0.30345,4.2218,1h_SI6,1h,SI6,6h_st,6h,st,4.52525
-1.9572141828580785,0.8886921967428792,-0.635935246713482,0.47785938799602024,2.6525163282736677,-2.8051260457953067,-0.6123073640744188,2.211109655338377,-0.05445076139224192,1.2879535698656743,N900_RS14905,N900_RS14905,0.22359617349999997,-1.5333,4.7713,12h_SI2,12h,SI2,6h_st,6h,st,6.304600000000001
0.9632534983314835,-0.5492051145873915,0.8573640356060869,1.9504127782653096,-2.0518146220424893,0.24624738857207695,-0.879226216547975,-1.3719896200415695,0.1906197551189246,0.8550563191621943,N900_RS14910,NAD(P)H-hydrate dehydratase,0.30185363333333337,-1.202,3.0418,6h_st,6h,st,3h_SI3,3h,SI3,4.2438
-1.719573807658854,-0.9404647154980021,0.7102446372008477,1.5688917532567737,-1.4717503643864842,-2.5535770901029142,0.47941016195826175,0.9040755704995189,-1.668312317956946,-0.8181214239325357,N900_RS14915,ldhA,0.1350595366666667,-1.7158,2.8087,6h_SI3,6h,SI3,3h_SI4,3h,SI4,4.5245
1.6265134150082492,-0.5017127885071424,-0.014382043807715378,1.9041868652950713,1.3762044005703422,-1.645290351159951,0.6488069698070797,0.11443519921321813,0.4696715028970069,0.49733852839146464,N900_RS14920,"Na+/H+ antiporter, putative",0.8517912416666668,-0.54341,3.7246,1h_st,1h,st,3h_SI5,3h,SI5,4.26801
-0.6701690123497928,0.8180361809999184,-0.9585066450504676,0.41722684765684903,2.6539451541677823,0.0807472341834038,2.5494385071244787,-2.1327901178398148,-0.3200445123593878,1.142039843435282,N900_RS14925,potassium channel protein,0.379093905,-1.029,3.0126,3h_SI4,3h,SI4,3h_SI5,3h,SI5,4.0416
2.503946344852336,-1.8795289356764258,0.07241402749568643,1.1330711297811251,0.9107146925040495,-0.5498847577355293,0.8282422886201992,0.9915687944239373,0.7806187738575603,-0.5440988652343088,N900_RS14930,N900_RS14930,0.523956045,-1.0733,3.1352,3h_SI9,3h,SI9,3h_SI1,3h,SI1,4.2085
-3.5513202185549937,-0.4702717943938589,2.3162989803823897,1.2300716260868465,0.7042973140001689,-2.2987504040317672,-0.47813108516117375,2.321822204313789,0.1898350546080626,-1.3868899043286436,N900_RS14935,N900_RS14935,-0.5307166666666666,-3.3628,3.168,6h_co,6h,co,3h_SI5,3h,SI5,6.5308
-2.438567159098133,-1.2807817943702369,-0.41691916890869424,1.4714731250120892,2.7115255285880107,0.8468526705650075,-2.047401620684222,0.631205888501791,-0.7001636553207832,-1.934327198141427,N900_RS14940,guaC,0.6495650883333333,-0.93003,3.6756,12h_SI1,12h,SI1,6h_SI2,6h,SI2,4.605630000000001
-2.9830905729507835,3.8179925216041624,0.6219311015915066,1.78370539926521,0.2569338675277882,-1.9370209995909455,-0.8618760726609507,0.9402405605955892,-0.0873570847116607,-0.28918141111681817,N900_RS14945,DNA cytosine methyltransferase,-2.1396211666666667,-5.1845,2.9562,12h_SI5,12h,SI5,1h_st,1h,st,8.140699999999999
-1.6970723579030513,2.6640690555708395,0.133500041551641,1.7547845795405714,1.8693390549734656,2.4800660813768767,1.9552958627017707,-2.2446904231137776,-0.21592481376763206,-0.9559136765468823,N900_RS14950,N900_RS14950,-0.8942275,-4.3659,4.1423,6h_SI6,6h,SI6,3h_SI1,3h,SI1,8.508199999999999
-1.026770982301318,-0.4023950569385232,-1.3710551349601847,0.254056666903296,1.292013453922806,-2.059932329962357,-3.0783382651856117,0.025138981459646187,-0.4463113444454324,-3.285039959419664,N900_RS14955,N900_RS14955,-0.06139515166666667,-1.4675,4.1407,3h_SI3,3h,SI3,6h_SI2,6h,SI2,5.6082
-2.4104360015992654,0.4761247260112571,-0.43023546098254206,1.1303137126748233,-0.32479143482511375,-1.1559751819890645,1.4021072762811704,0.09931650883341464,-0.752448480793212,-1.4354132515454654,N900_RS14960,N900_RS14960,0.08170961666666665,-1.6726,2.876,6h_SI2,6h,SI2,1h_co,1h,co,4.5486
1.0077325897426563,-3.125572088232456,0.02821263184415937,-1.1660660024014458,0.9296606425460529,-0.9380876727029981,-0.7909979208874129,1.304588135934185,-0.8251771979037216,-2.3286210202464757,N900_RS14970,rhlE_2,1.1808766166666667,-0.97576,4.5797,1h_ce,1h,ce,3h_SI4,3h,SI4,5.55546
-0.2125981086362505,2.381526796185959,-0.04340186722279404,-1.4691344465741674,0.11587394364111028,0.9182242381568076,0.4776772579914287,0.05980153883637668,0.2393221484568177,-0.7323850416614847,N900_RS14975,dcuB,0.3334191766666666,-2.0604,2.4524,6h_SI7,6h,SI7,12h_SI6,12h,SI6,4.5128
0.0233821583021121,1.4486508455439318,1.3989264776998507,-2.6584383754021483,-1.5483528927933514,0.22760547555556587,2.654633224135451,-0.43766766498639326,-3.4491288132515288,1.4613865252251934,N900_RS14990,N900_RS14990,0.9902463833333335,-0.60214,5.6177,1h_SI9,1h,SI9,3h_st,3h,st,6.2198400000000005
1.1393442950509503,-0.20711936677139908,-0.47296662791781013,0.002334556835614343,-2.1612562734851735,-1.1071803435879808,-0.8139834941427426,-1.5487605072489445,-1.9803648950624924,-1.5823982253600493,N900_RS14995,VC_A0210_BLAST,0.40954651000000003,-0.98993,2.8931,6h_st,6h,st,6h_SI1,6h,SI1,3.8830299999999998
1.3589086383915143,1.3060065687329225,3.17470262022215,-0.12577556914447685,-1.552535829904594,0.6900383308408237,-1.1007033920711031,-0.10259885464254859,0.6772426107895917,-1.4265957388363042,N900_RS15000,rcsC_10,0.7052033833333333,-0.84796,4.9472,1h_st,1h,st,3h_st,3h,st,5.795159999999999
1.4980555365427142,-0.08717467447420935,-0.5534176500682376,0.45403238913951505,1.0613043924089751,0.2678136468157566,0.3887298474474045,-0.9617233040644475,-0.4699702592155267,1.7272735045952652,N900_RS15005,N900_RS15005,1.1144842833333333,-0.34995,5.0488,24h_SI1,24h,SI1,6h_ce,6h,ce,5.39875
-0.41383815380859046,0.5055783184659104,2.5641649406774545,1.5679246534976619,-0.12739656618977474,-0.27734416500066295,-0.17559969815240506,-0.7393356645439979,1.1967576597706469,0.4530256955369749,N900_RS15010,N900_RS15010,0.7431707499999999,-0.86416,3.8855,3h_SI6,3h,SI6,6h_SI4,6h,SI4,4.74966
1.4015114284579218,-1.4236123736951114,-0.35230879431830553,1.2907281335783223,0.21969242314726284,0.35944743478566465,0.7777414970071321,1.2295249849165237,-0.37783654504617015,0.4825801928819944,N900_RS15015,emrD,0.8942745999999999,-0.55942,4.462,1h_st,1h,st,3h_SI6,3h,SI6,5.02142
-0.23525362873860267,-0.10243487530209827,-1.8807154602271718,-1.1978340529483478,-1.635325416206632,-0.5010074149575161,-0.6902737078103975,-3.0099395799187554,1.9062391103790897,-0.3133518659027308,N900_RS15025,N900_RS15025,1.0033579666666665,-0.20967,4.2054,3h_SI1,3h,SI1,6h_SI2,6h,SI2,4.41507
-1.0189104398367586,1.7282550526717988,-2.1441934108348306,-2.1391465278935557,1.2260292162905604,-1.8254977998259654,-0.3669428747925436,-1.6078624791527654,-1.4968512393353168,1.9414809778528797,N900_RS15030,N900_RS15030,0.3646084898333334,-1.0564,4.1407,3h_SI5,3h,SI5,6h_st,6h,st,5.1971
1.122402961001117,-1.8571172243342806,-0.7248558506673493,0.45454714548344555,0.9316180149167232,1.9927995231433753,1.0461942774977484,-1.1964996716927376,-1.5102437877833155,-0.5953888546099924,N900_RS15035,thermolabile hemolysin,1.46969425,-0.45456,4.43,1h_ce,1h,ce,12h_SI1,12h,SI1,4.88456
0.7623755287814595,0.8817427075612422,-1.7573675266336786,-0.9236914399660199,1.233975777097224,0.8557364254400233,0.022486698518244363,3.580176054791036,0.3957897352388761,0.3355288656942008,N900_RS15040,hlyA,0.94812045,-0.67228,4.5662,6h_SI4,6h,SI4,6h_st,6h,st,5.23848
-0.34895718551162425,-1.244524115536908,1.1368718415622965,2.70557180404286,-1.0397751782829519,-0.6704895820379295,-0.30944701631303007,0.7662819642596297,0.4628214295568836,1.5501446216385049,N900_RS15045,hlyB_BLAST,0.24304066333333332,-1.0391,3.5212,6h_st,6h,st,3h_SI3,3h,SI3,4.5603
-1.198487519665317,-0.1649375967386747,-1.0111996580319036,-0.454998326722464,0.9524525915312334,-1.8027060837038333,-2.7787921796059534,0.33460827309397606,-1.4721847994800545,-2.183483948753369,N900_RS15050,hlyC,0.6261434833333335,-0.49801,4.6274,6h_SI3,6h,SI3,6h_SI2,6h,SI2,5.12541
0.7019906600248422,-0.5588455064042687,-1.8225974477991598,-0.1570235000438278,1.5950324508340872,-0.9125717665949755,1.6769679662928025,-2.036971056807914,0.5294094665291481,1.2763173434532693,N900_RS15055,lifO,0.5302599833333334,-0.99257,3.1125,3h_SI4,3h,SI4,3h_SI2,3h,SI2,4.1050699999999996
0.8794255939439717,2.497955508959295,1.7267954140600954,-0.3562393433772115,1.5337614896815392,-2.424608913987644,-1.2717155889583958,-1.5036546442894834,-0.84664505710566,0.6792445195119179,N900_RS15060,prtV,0.5370706666666667,-0.96685,3.9736,24h_ce,24h,ce,3h_st,3h,st,4.94045
0.28400164831163055,-0.12170849615546203,0.039463609595182046,1.606869560557179,1.7722595486570645,1.6849979483442836,1.2130482024293103,-1.771612696761354,-1.226119931625123,-1.1373352356572968,N900_RS15065,N900_RS15065,0.9889784333333332,-0.71438,5.6224,6h_SI4,6h,SI4,1h_SI1,1h,SI1,6.33678
3.1205145187989833,-0.2899012794973149,-0.8872820024800688,-1.1130959247019514,2.58215606458879,-0.343771329492802,0.31698853199397237,0.440774286152,0.341080611468506,-1.063043377931537,N900_RS15070,egtC,1.0660218333333333,-0.78944,3.8858,1h_ce,1h,ce,6h_SI1,6h,SI1,4.6752400000000005
-1.879144249419559,-0.7116648768517417,-1.3816488160666456,0.029545712535239854,-0.08470629698330959,-2.520740272820072,-0.41313083670298534,2.770249875678462,0.2627889641747114,1.7814227112896173,N900_RS15075,siderophore ABC transporter substrate-binding protein,0.33299563333333343,-1.4311,3.297,6h_SI2,6h,SI2,6h_st,6h,st,4.7281
0.8687386931855685,-0.4129272118128642,-1.3956981083460496,-1.2611007817904356,0.2555798562160125,-1.0737294009328795,-0.15190698680570935,-2.689526297701258,-1.1206762941479234,-2.9034122268571148,N900_RS15080,vctD,0.2486776683333333,-1.1851,3.4882,3h_SI5,3h,SI5,6h_SI2,6h,SI2,4.6733
2.2187074390306565,1.0303402029828244,-1.156784165542599,1.1057966661533456,1.3725110897630406,-1.3374572503348312,0.5837767792145081,1.6260307719469695,-0.6294254566568002,-0.12917372531523097,N900_RS15085,vctG,0.71983425,-0.34436,3.1235,12h_SI6,12h,SI6,3h_SI4,3h,SI4,3.46786
0.5224391213636879,0.24197946118763636,-0.6996525610624091,-0.38286032878128085,-0.3213537967512391,1.2602773037559776,0.4343364479751343,3.5299583072510203,1.064629200865956,2.2758971733107565,N900_RS15090,vctC,1.1217792000000002,-0.47369,4.4879,1h_SI8,1h,SI8,3h_SI3,3h,SI3,4.96159
1.7858199813866644,-0.4244775935694687,-0.6456910325177284,1.6006478275058194,0.4465999063236555,-0.7271895772910082,-0.14248358764191404,1.3851618870819258,0.33713690461411383,-0.6325010316290282,N900_RS15095,AraC family transcriptional regulator_5,1.0933262616666668,-0.28185,3.8769,3h_st,3h,st,3h_SI4,3h,SI4,4.15875
1.0328414804758417,-1.3384397523701568,-0.4315198532502605,0.7396436343961441,0.6224622177211929,0.8498248055346481,-0.014489914642929258,-2.504080250282139,1.1588553638447383,0.7313067148428052,N900_RS15100,vctA,0.9684768956666667,-0.41411,3.3032,3h_SI4,3h,SI4,3h_SI1,3h,SI1,3.71731
-0.4217195494224284,-0.540376388421798,1.3575560819762325,1.4473720113149313,-0.20082466881914868,1.5901907568157942,1.4779101264046637,0.4180619452547729,2.0922327752624064,1.154234136582904,N900_RS15105,N900_RS15105,0.12243378166666667,-1.2059,3.9365,6h_SI3,6h,SI3,3h_SI3,3h,SI3,5.1424
1.4382248124369275,-0.5522236562594818,-0.9387092141231482,0.5667916234807433,1.9869330022178235,0.029886507981629507,0.5570177989320937,0.6054912471729491,-0.12499095997808518,1.6888989588761005,N900_RS15110,ackA_2,1.2857613333333333,-0.26012,4.284,1h_st,1h,st,3h_SI1,3h,SI1,4.5441199999999995
-1.9052302544795288,-1.099410615478181,2.474680839659447,0.48161593208247844,-2.338732295842292,-2.064869020131755,2.8256627993861603,0.5284352994228179,3.233475967510662,-0.2344200555309639,N900_RS15115,N900_RS15115,0.42282386666666666,-1.7495,4.7083,12h_SI2,12h,SI2,3h_SI3,3h,SI3,6.457800000000001
0.1113747942838943,-1.8709838316476723,0.8577654832981665,1.7905317032436305,2.1013303984558136,-0.9875752762435108,-0.6522162970473329,-2.6920673725366995,1.4537822965037863,0.05705618236833088,N900_RS15120,phosphoribosyl-AMP cyclohydrolase,0.4060095799999999,-1.2686,3.7771,12h_st,12h,st,6h_SI1,6h,SI1,5.0457
2.021684131313428,-1.934736214880679,-1.9029561857581065,-0.463786098989426,-1.1506029782755496,0.674049659582862,-0.433517887433327,0.5226156159045653,0.20909205384296753,-2.2500751945308552,N900_RS15125,sensor histidine kinase_5,1.5056493650000002,-0.12445,3.993,6h_st,6h,st,6h_SI1,6h,SI1,4.11745
-2.2220044031157395,-1.4055970985792858,-1.228463539639826,0.8077959392820513,-2.648840296498517,0.3005654782436594,-1.1302018441178474,3.2551808388017167,1.5204574291209052,-0.9272095842738127,N900_RS15130,ctrA,0.20937345,-1.2849,2.8929,6h_SI4,6h,SI4,3h_SI3,3h,SI3,4.1777999999999995
-1.0988195668642056,0.38240242096417537,-2.134350649067846,-0.5907263618646885,-2.8899484516674754,2.5368714081373165,-0.13345111746501925,0.7501951679903877,1.6985513961526286,1.1437035182136526,N900_RS15135,N900_RS15135,0.9399089799999999,-1.4703,5.0791,6h_SI6,6h,SI6,3h_SI3,3h,SI3,6.5494
-2.1917168271468888,-2.5623681933106908,1.0629703495215068,-2.8340690485950333,2.7340814606905064,-1.8385702141872615,-1.5499194116867245,-1.8663366387182523,1.5248401076383338,-2.1479154686011395,N900_RS15140,ulaE,0.5355299066666667,-1.6675,4.6927,12h_SI3,12h,SI3,6h_SI1,6h,SI1,6.360200000000001
0.08636918308551911,1.408262013083091,-1.0982550012157986,1.1678392231541168,-0.08794594610009782,1.106341537401252,1.6065786812695042,-0.5961080846783997,-1.360688169482736,-1.4638025056965662,N900_RS15145,sgbH,-0.1887050833333333,-1.9101,5.0409,12h_SI7,12h,SI7,6h_SI1,6h,SI1,6.951
-0.14718180398585767,-0.5526976895926661,1.8445634194219986,1.367229513892998,-3.4912956160781308,-1.8962340121916195,1.4589281109726775,-1.3720475850817309,0.8860470100357312,-0.639491527623896,N900_RS15150,ybhA,0.5236248816666668,-0.93284,4.8388,6h_st,6h,st,3h_SI2,3h,SI2,5.77164
-2.0956739503527233,-2.344946643469635,0.8176662223996957,1.309330488461745,2.4671402658690327,0.9818598657734084,-1.1271137932153308,0.3559604649770535,0.09589874716636432,-0.06905822948874119,N900_RS15155,ulaF,0.1941852,-1.437,3.3342,6h_st,6h,st,6h_ce,6h,ce,4.7712
1.682411392971809,-1.6476986864678027,1.3231295488539143,-0.7190772661530855,0.1128761792598238,0.7953686971539745,-3.1378050358520237,-0.5815274623331945,1.695589941227725,0.2766828735142055,N900_RS15160,ulaC,0.53455084,-0.975,3.0857,3h_SI2,3h,SI2,6h_SI4,6h,SI4,4.0607
-0.9975838350990403,-1.8270397550034376,-1.7177783507652096,0.04355538728381192,-0.08675313510978439,-0.9675047503711551,-2.7303310476919718,1.557944443626539,-2.265557244226789,-1.5667298611717784,N900_RS15165,PTS ascorbate-specific subunit IIBC,-0.024426440000000015,-1.3397,2.8439,6h_SI7,6h,SI7,12h_SI3,12h,SI3,4.1836
-0.3503654837703687,1.0242834602705173,-0.29160089628948616,2.6544946788702193,0.3958776753003176,0.012264577442205993,-1.6643135059908192,0.5694560165520591,1.9217946796407421,-0.024324678666784783,N900_RS15170,ulaR,-0.3687401,-3.54,3.6143,6h_SI6,6h,SI6,6h_SI1,6h,SI1,7.1543
-0.8384399105467542,1.3356597238323067,1.6605785613421307,0.4754841359448947,0.5452898683546523,3.1351091325364187,-2.397088256702082,-0.7553294926797762,0.26211024298462043,-0.504713759772702,N900_RS15175,ulaG,0.48174983283333345,-0.97042,3.9615,12h_SI1,12h,SI1,3h_SI1,3h,SI1,4.93192
-1.422528366255313,-0.12619339509610178,-1.2495741704398902,1.0085994433229515,-1.1927913089803999,0.9047942693164552,-1.8888038733979606,2.5522665535521925,0.522556537251094,-0.3515590566737155,N900_RS15180,yceJ_1,0.37490658333333327,-1.1594,3.1461,3h_SI2,3h,SI2,6h_SI2,6h,SI2,4.3055
1.7899871268950571,-1.3579511760006355,0.839172473371388,-0.5578013260671542,0.1857028529699504,-1.5597894656857267,-1.280024973291469,0.12737531167490931,0.21378274741011888,2.328881698390788,N900_RS15185,tam,1.07174385,-0.24468,3.6396,3h_co,3h,co,6h_ce,6h,ce,3.8842800000000004
-1.0411833001046582,-1.5896019567601838,2.2054207308007685,1.5813341990909482,-0.280399669413662,0.9923376572705094,0.5246330165159183,-0.5349344132422076,-3.1734018822372603,1.0750479001036368,N900_RS15190,antibiotic acetyltransferase_1,0.82074985,-1.3726,4.0007,6h_SI1,6h,SI1,6h_ce,6h,ce,5.3733
-0.21879595526435258,0.5670394032979176,-1.7071230215157258,-3.915370009075646,2.7600099346186227,-1.416979304482295,0.5863998840083905,0.13103510655358047,0.8614136336671512,1.0758553636026573,N900_RS15195,N900_RS15195,1.1030312500000001,-0.80786,6.4407,12h_SI4,12h,SI4,6h_st,6h,st,7.2485599999999994
0.9834528969167762,1.3399741915647043,-2.0221151906410895,2.378988872005902,0.12219798928850645,0.3695654135062485,-0.4001908401066596,-0.4920942776691926,-0.007589145184094703,-2.058923868035361,N900_RS15200,N900_RS15200,0.14544948333333335,-1.5861,2.6528,3h_SI5,3h,SI5,6h_SI2,6h,SI2,4.2389
-0.2927168874078183,1.659054440098845,1.2649291834927525,-0.1791170021263111,-1.358435934998872,2.6938134793486204,-1.1863681979810927,1.8871049458699451,1.1430760249582086,-1.00100846424259,N900_RS15205,N900_RS15205,1.2638085666666667,-0.96438,4.8584,6h_SI5,6h,SI5,3h_SI3,3h,SI3,5.82278
2.5968375245563484,0.12323459501882925,1.8931460513720273,-0.5917410610493956,0.09945492970985424,0.8397010652374729,-1.1165225584138694,0.8032931308830269,-0.6861222559577557,0.7097210635501114,N900_RS15210,DNA-binding response regulator_2,1.5251856666666663,-0.30618,4.4879,1h_SI9,1h,SI9,3h_st,3h,st,4.79408
-0.8443253488753304,-2.0991883025242313,-1.2904458605922964,0.3509775463458542,-1.1195287519367347,-0.7217507255608298,-2.196398413306283,0.4129670595465943,-0.03707000089131873,1.160872281655482,N900_RS15215,sensor histidine kinase,0.9964218833333334,-0.43941,3.5627,3h_SI2,3h,SI2,6h_ce,6h,ce,4.00211
0.5284669919809128,1.4995134928035339,-0.1611013212931279,2.356885164740815,0.7017336378575811,-0.10258862975450622,-0.05439255898506545,1.0103994303740504,-0.4032052183696826,-0.293587469472093,N900_RS15220,N900_RS15220,0.1237858166666667,-1.5259,3.0541,6h_SI4,6h,SI4,3h_SI5,3h,SI5,4.58
0.24895690462564168,1.8324890242281469,-1.8609506900330894,0.6127840380735292,-0.35719905465228025,1.610732823184121,-2.336243428388366,0.3326737128614047,-0.3886273520286043,-0.8831727425152749,N900_RS15225,copI_BLAST,0.5662038000000001,-0.98204,4.1643,3h_SI5,3h,SI5,12h_SI1,12h,SI1,5.14634
0.08145297998728873,-2.446198410781778,-0.4040155030853893,-0.21903165654009293,-2.1184323292255858,-1.2454206137995683,1.8138733357866217,-2.1964037445911857,-0.2987595509540879,0.1568108817031445,N900_RS15230,N900_RS15230,1.0048469166666667,-0.38323,4.4115,6h_ce,6h,ce,3h_SI2,3h,SI2,4.79473
-0.628377846694252,-0.20281736185973276,-0.395320520217537,0.17477679634631293,-0.5730099555320282,-1.2444176092944086,2.3807569772453427,-1.4992527772384994,-1.46728369798184,-1.7317387496917105,N900_RS15235,N-acetyltransferase_4,1.1782344166666665,-0.40424,5.3531,24h_st,24h,st,3h_SI2,3h,SI2,5.75734
1.1591115755813428,-0.19729614722536348,-0.7462441533489241,1.852402637976449,-0.6036399595327355,1.3615579414940124,1.6380673692712084,0.13262802231856366,-1.4180352627770585,-2.836692466135723,N900_RS15240,yfiC_2,0.8241683916666667,-0.935,5.1353,1h_co,1h,co,3h_SI2,3h,SI2,6.0703
0.06441978464066622,2.083900941326317,-3.1034697671626312,-1.6659702049266358,1.4667919438611121,-0.4239279101948352,-0.15584061788094405,2.833882212385886,-1.2390286758620843,-0.3934853884578156,N900_RS15245,N900_RS15245,0.5160328316666667,-2.2942,5.5445,6h_SI5,6h,SI5,6h_st,6h,st,7.8387
-2.614199158509986,-0.4639325944665944,1.751207374389498,2.1972866649194476,-0.19442095634016465,0.8409998141230405,2.9471479607460793,-0.8340977240421648,2.6547038019713693,0.8770898696039564,N900_RS15250,nimR_1,-0.34364031166666664,-2.3476,2.5358,12h_SI3,12h,SI3,3h_SI2,3h,SI2,4.8834
2.0905915116088476,-1.7877519875731545,-0.7728988605341761,1.7853714455084893,0.8635408027145143,0.11231781132800034,-0.13749234752638617,0.24261839522978082,-0.5137466314359384,0.971343123674361,N900_RS15255,emrD3,0.759544055,-0.64658,3.2808,12h_st,12h,st,3h_SI1,3h,SI1,3.9273800000000003
2.120814936794944,0.9933460274211832,1.1788696495679762,0.35222711395499706,-1.5108723071971017,-0.8795498741176435,-1.415547360122954,0.35649475403254816,-0.24113583069730915,0.8347046239678855,N900_RS15260,methyl-accepting chemotaxis protein_21,0.8945622049999999,-0.44324,3.6011,6h_SI7,6h,SI7,3h_SI3,3h,SI3,4.04434
1.961925569273098,0.5739250928963167,1.4867003202635833,1.1175066598321846,-0.75071805298495,0.9434321484854186,-0.5068164933059167,-0.7806577502506218,-1.747023996380547,-0.4427121214107303,N900_RS15265,hdc,1.2264972166666666,-0.21638,4.3689,6h_st,6h,st,3h_st,3h,st,4.58528
-0.05875312727120141,-0.5532961069034821,2.98994007891567,-0.17005267551628234,-3.0159602417427807,1.7358682338798883,-0.30273431783832405,1.4165357236542673,-0.630009601644261,1.1047243712709782,N900_RS15270,dacA_2,1.0704898333333333,-0.66035,4.8619,6h_SI2,6h,SI2,3h_st,3h,st,5.5222500000000005
2.791136324917775,-0.7417773173132374,-0.3973680549029116,-0.3758434480919832,1.3545664471431762,0.7793071504045205,-0.7976193150940694,1.6477051596375294,-0.29332267409848534,-0.06673724781352353,N900_RS15275,XRE family transcriptional regulator_9,1.1953142916666668,-0.34569,3.9772,1h_SI8,1h,SI8,3h_SI1,3h,SI1,4.32289
1.3688222792285787,0.7113300338789859,1.8404752835349427,-0.5057635807359284,-1.0827525384673116,0.9106343710332161,0.5950605133332726,-1.7416551378343346,-1.3706607911519564,0.5928092759272412,N900_RS15280,N900_RS15280,1.3351747766666664,-0.16862,5.831,1h_SI6,1h,SI6,3h_st,3h,st,5.99962
2.4964514200108088,-1.496155368958006,-0.4648769572328742,0.41740044673152576,-0.3648682545587045,-0.9430152295580532,0.47873029682303425,0.23519419974247802,1.2884541616532206,-1.1128336357689914,N900_RS15285,cah,0.6753901833333333,-1.0445,3.7177,12h_SI8,12h,SI8,3h_SI3,3h,SI3,4.7622
-4.139543423385975,0.1565482553045801,-0.20928161810054124,0.5086300693208323,2.4819058638523215,0.5162957030265618,-0.7339181293971893,-1.6386988761116772,0.8794526726856129,0.10804649716437498,N900_RS15295,gcvP,-0.11339373333333332,-1.7545,4.0519,12h_SI4,12h,SI4,1h_ce,1h,ce,5.8064
-1.6782977011366274,-2.034361129184334,0.31615162415696546,-2.3221264123109235,0.9743907200368697,-1.0543426867330414,-0.6688470267426059,-0.31160337048898296,0.4977510694614824,-0.04060612955287635,N900_RS15300,gcvH,0.9777325116666666,-0.26305,4.0428,1h_SI9,1h,SI9,1h_SI1,1h,SI1,4.3058499999999995
1.963098772543649,-0.467484363319584,1.5022987631111453,1.6929537012258895,-0.2624278004529644,0.41656519112408397,-0.15124352952044218,-1.0500857331190605,0.03397689701004536,-0.44671789161175646,N900_RS15305,glyA2,0.8324931016666667,-0.72686,3.7585,12h_st,12h,st,3h_SI1,3h,SI1,4.48536
3.142284314072275,-0.16288659307648096,1.319712651678333,-0.6075300619312498,0.40316365951212846,0.42238118939085256,0.41926191126087997,1.6381321504050532,-0.829934123286772,1.4858120114372475,N900_RS15315,gcvT,1.2607193500000002,-0.33547,3.8181,1h_SI8,1h,SI8,3h_SI1,3h,SI1,4.15357
-0.1844872095100598,2.235970779170513,1.9015849542230556,2.357200263794706,-1.5083663654940884,0.3070009146271574,0.45561214402252365,-0.04966693845023329,-1.838160561051354,-0.43949744565997595,N900_RS15320,"integrase, putative",-0.123182,-2.0723,4.0216,12h_SI8,12h,SI8,12h_SI1,12h,SI1,6.0939
1.0139971127605074,1.2115799241238832,-1.5954573717791964,2.121605945739425,-1.4375585219674545,2.0117179401870873,0.6158191851944416,0.6448501838324092,0.7962979371928943,0.6839971342072322,N900_RS15330,Pseudogene_N900_RS15330,0.5921912999999999,-1.7218,4.5487,12h_SI8,12h,SI8,12h_SI1,12h,SI1,6.2705
-0.9610372807261425,2.866796861862912,4.693915768881472,-3.2737516280128727,-2.340876618976148,0.9222371570321277,-1.3021892890116238,-1.9087357571527936,-1.7787071687168643,0.2690723053147013,N900_RS15335,type VI secretion system PAAR protein_1,0.008635900833333333,0.00062908,0.17791,12h_SI8,12h,SI8,3h_st,3h,st,0.17728092
2.810254672786474,-0.33794020477968545,-0.6351366857068871,-0.17760533779247778,2.046006195885414,-0.4811344086529188,0.8254861852920524,1.6667073444050986,0.34328074596160707,0.3069915348484331,N900_RS15340,N900_RS15340,0.48318176333333335,-1.2482,3.1903,12h_SI8,12h,SI8,3h_SI1,3h,SI1,4.4385
0.4174940164485341,-2.461871209771104,-0.2299658245215938,-1.2206032815101504,2.785276495562876,2.374381352471862,-0.9400550919451727,-0.027742049783659628,-0.19555669607779624,0.48738347576583263,N900_RS15370,intIA,1.1291216333333332,-0.080779,4.8476,12h_st,12h,st,6h_SI4,6h,SI4,4.928379
-3.2042571228980674,-1.5090859651213673,1.3139372150199293,0.5850414936525148,-1.7055505295488749,-2.1612821235639674,1.7520566233566681,-1.215861572093203,2.783584554982186,0.2836415379232764,N900_RS15375,N900_RS15375,-0.02289043333333335,-2.5247,3.0604,3h_SI9,3h,SI9,3h_SI3,3h,SI3,5.585100000000001
-2.193441930985429,-2.19076887191839,0.327457100022729,1.276530206603025,-0.7938997935548769,-2.3918351633163004,0.7830353989461537,-0.22582609309913348,-2.7040737829501564,-0.45122629642908807,N900_RS15390,N900_RS15390,0.09903674999999998,-1.908,3.3005,6h_SI1,6h,SI1,3h_SI5,3h,SI5,5.2085
-0.7664232139396652,-2.3916814212394044,3.620920014782961,1.1917527826104446,2.749747875651581,0.28207748756110285,-0.16923234778558938,-0.6319603881761917,-0.06024135710165213,-0.7504293695420258,N900_RS15395,catB9,0.6441362833333333,-0.90251,4.5952,3h_SI9,3h,SI9,3h_SI1,3h,SI1,5.4977100000000005
-1.628751351515222,-2.0578218191488276,1.7739817601771906,-2.0845079944046097,3.5458275112280226,-0.22014068620680582,-2.5964637999224474,-1.477780819267354,1.263376907441415,-1.313004397626726,N900_RS15400,ygfF,0.10089349999999998,-1.485,2.4851,3h_SI2,3h,SI2,6h_SI4,6h,SI4,3.9701000000000004
-3.504659739261757,2.2534213983611266,-1.5808874067397378,2.5823365782938215,-0.236442476617048,0.32931094809694694,-2.2943397310186207,-0.18225836370117293,-0.054344767114492876,-0.0925503069108049,N900_RS15415,N900_RS15415,-1.0176916666666667,-2.9248,3.0967,24h_co,24h,co,1h_SI1,1h,SI1,6.0215
-4.06558793172104,-1.1656258067890266,2.162612728269162,0.9243572705617424,2.814861500943095,0.13484824279079344,-0.33742663447211685,1.3704969354705516,0.3523500438445174,-1.182147537888543,N900_RS15430,HNH endonuclease_2,-0.2589045766666666,-2.7473,2.7622,3h_SI9,3h,SI9,3h_SI1,3h,SI1,5.5095
-3.8856479830000765,-0.6070397686804208,1.3166498461193936,1.698684286129661,-0.6151582092935934,-2.966641922184183,1.283200423362699,-0.7023132179245881,0.5960010672583711,-1.9591276635941577,N900_RS15435,VC_A0308_BLAST,-0.29818726666666673,-2.0245,2.4114,6h_SI3,6h,SI3,1h_ce,1h,ce,4.4359
-2.8376350219479365,-1.3813542572611621,2.3631811765112753,0.38767364198364396,3.3921904888692165,-1.5418711267877252,1.8622073573766358,-2.089580960405798,1.8553818374355533,-1.7523834347287877,N900_RS15440,HNH endonuclease_1,-0.10880488866666663,-2.5043,2.4738,12h_SI4,12h,SI4,3h_SI2,3h,SI2,4.9781
-2.4409426241227443,-0.11175317973844345,1.3310194382031422,-3.956266883750358,2.4036932309880097,-2.007817688263035,2.327899108995665,2.500825034132582,1.1507979660879537,0.9443283484782414,N900_RS15445,N900_RS15445,0.4796739833333334,-2.0096,6.7351,3h_SI9,3h,SI9,6h_st,6h,st,8.7447
-4.519534219287955,0.04325865004847296,-1.1717457953357033,1.0630523295668461,-0.5245290924844082,0.5238089063833962,-0.7000220462298734,0.28057760437144935,-2.117993575517547,1.5948818943290368,N900_RS15460,rppH_2,-0.5848261983333334,-2.4371,3.5886,24h_SI5,24h,SI5,12h_SI2,12h,SI2,6.0257000000000005
-3.2002128237321625,-2.5008054534431126,1.9546419723240431,-1.8406405968874804,-0.23895629180968023,-0.8361263704054651,0.15795050603459698,4.690562900730824,-0.7992368657305847,-2.1015863888104294,N900_RS15480,blc_1,0.5499585166666666,-1.9887,4.5659,3h_ce,3h,ce,3h_SI4,3h,SI4,6.5546
-2.007091265699482,3.0155170614963405,5.773580115459733,-2.5468016770708815,-0.936920564397372,2.1333604395351022,-1.4175338564472135,-0.23416656592466295,-1.1410223686832115,0.15879427804121782,N900_RS15500,N900_RS15500,0.015586116666666669,0.00036696,0.37722,12h_ce,12h,ce,3h_st,3h,st,0.37685304
3.3261494876299373,-1.3346572487155506,1.7295847040817218,-1.5958331329307922,0.10767923286692033,0.04032780401942859,-0.46499347875913033,0.6817257350051631,1.108669865063804,0.5672677589615946,N900_RS15510,type II toxin-antitoxin system YafQ family toxin,1.0779460799999998,-0.81156,4.2607,3h_co,3h,co,3h_SI3,3h,SI3,5.07226
-1.4155101488705137,0.286345996068576,4.263783135782185,0.17909622884885001,0.5010252199993706,0.21058204576820305,0.4849794326863527,-3.3479974754875514,-1.212683208914905,1.1554751970523391,N900_RS15545,OsmC family peroxiredoxin,0.2921222333333333,-1.1124,4.471,6h_SI1,6h,SI1,3h_st,3h,st,5.5834
-1.1396863229853431,1.6825702484672165,1.7487315076015884,0.7843008639013234,2.352843507568076,0.6264363463197368,0.2991172625730457,0.4208013797325164,1.4069978124214728,-0.33922680176994335,N900_RS15550,N900_RS15550,-0.5928113049999999,-3.6856,4.0015,12h_ce,12h,ce,3h_SI1,3h,SI1,7.6871
-3.772197546793853,3.5740451627820105,-0.3342837323838389,1.4543935661109333,1.1285995578785508,-2.4420842717699074,0.43469125261745256,-2.088533573989265,0.33711202595751466,-2.008283176629694,N900_RS15555,toxin,-1.616501666666667,-4.4485,3.3211,12h_SI4,12h,SI4,1h_ce,1h,ce,7.7696000000000005
-2.160860336029261,-1.844363919404565,2.838001969005397,1.0283975050317014,1.165157223880418,1.6267034408821601,0.502584008719261,1.198418385371361,2.0135648795021637,2.043110062931305,N900_RS15565,N900_RS15565,0.10139413849999998,-1.7154,4.1808,12h_co,12h,co,3h_SI1,3h,SI1,5.896199999999999
0.22791771895382107,1.841388638214929,-1.3215733303005188,0.13672536428126092,-0.7120800925940572,-0.8973657529088173,-1.0479584029920344,-2.065637648590718,1.9251122129292928,-0.5614986206644637,N900_RS15575,mccF_1,0.5240731466666667,-1.008,3.7444,12h_ce,12h,ce,3h_SI3,3h,SI3,4.7524
-0.8080193317605744,-1.3621699284548738,-0.8763491149009691,1.012769723159927,-2.3240167790495128,-1.2454223639226885,0.8631384744695684,-0.19457678113489962,-0.0017290647702026263,0.7752654917399548,N900_RS15580,N900_RS15580,0.9157978166666667,-0.73239,4.5594,3h_SI1,3h,SI1,6h_ce,6h,ce,5.29179
-1.5354787966450172,-2.438761243307621,-1.0222530552705025,-3.2074432651693114,0.9828108411859244,-0.09159446595775145,-1.0132859518503938,-0.2756673357502745,1.2024862873739015,-1.2438701027355248,N900_RS15585,N900_RS15585,1.0459315,-0.4069,4.5137,6h_SI2,6h,SI2,6h_SI1,6h,SI1,4.9206
0.7708372421851077,-1.5107475068529588,2.3025117737625758,-0.4708984589302674,-2.6358194587845456,-2.101995726353872,-0.2668200995961808,-0.7034346397777969,-0.9379588384001863,-0.32727089744011645,N900_RS15590,N900_RS15590,0.6976235666666665,-0.81897,3.5136,3h_SI9,3h,SI9,3h_SI2,3h,SI2,4.33257
-0.9376311098056687,-0.417807385288391,-1.0522001933637641,0.3583704494349602,-1.0699903399167774,0.3327014397933781,-0.5373013303251355,3.461867509652038,-0.9735660821779194,0.9748288746054301,N900_RS15600,N900_RS15600,0.744442383333333,-1.2245,6.496,3h_SI7,3h,SI7,1h_SI1,1h,SI1,7.7205
-1.6608410463875511,0.9578621046579218,0.8169575183894404,0.2616301019131453,2.2279937097695823,-0.300618547341726,-0.5766800537210437,0.26506920572171416,1.2260930468077338,-0.33156670103469826,N900_RS15615,N900_RS15615,-0.18069857398333336,-3.3841,5.1227,3h_ce,3h,ce,1h_SI1,1h,SI1,8.5068
1.550051314783719,-2.200208782025339,1.648837948913623,-0.6276010518805528,1.3047558887776713,-1.1158950916794161,0.5480540296806523,0.3361482853628319,0.6078111121493104,0.9693540723108602,N900_RS15620,H-REV 107-related protein,0.40601613000000003,-1.7008,2.7432,1h_co,1h,co,1h_SI1,1h,SI1,4.444
0.31262413872533834,-1.2361182893116747,1.8568438024765361,1.548443820762091,1.1992837194451433,-0.15290351931617363,0.3210756810712813,-1.9519198798084287,3.1668952036144304,-0.3677778266706291,N900_RS15645,N900_RS15645,0.2910924333333334,-1.3887,4.0608,12h_SI4,12h,SI4,3h_SI1,3h,SI1,5.4495000000000005
-4.133230253348211,0.8431210974064568,0.5393839490251068,-1.0855149514263829,0.5067015676559743,0.040996709641293094,0.14157084927504415,1.4502639284737524,-0.244114268169353,-0.6474111490442852,N900_RS15655,VC_A0354_BLAST_1,-0.0617070866666667,-2.0752,3.9739,3h_SI7,3h,SI7,1h_SI1,1h,SI1,6.0491
1.3191835487880548,0.8812145474743912,-0.5697895169154054,1.2628158953380066,-0.5753075844433152,0.9040656219575738,-1.0989475745562851,1.1379373722023307,-1.2184516716567413,-1.5378818146448179,N900_RS15660,lyse_2,0.45431371833333334,-1.8926,4.0107,12h_SI8,12h,SI8,12h_SI1,12h,SI1,5.9033
-2.789516281316913,-0.9963721852181153,0.017941748288735074,-2.04259152731073,1.5063805650263036,-1.3646020500817881,-1.1239734910629973,-0.7451019144227908,0.7243386675255292,-1.5744764266055706,N900_RS15665,N900_RS15665,0.3368162,-1.6863,3.2249,12h_SI8,12h,SI8,12h_SI3,12h,SI3,4.9112
-1.727508109873943,-2.5913589341120233,-0.2562838688547176,-3.736730122853615,-0.043182979094080344,1.5091504846424524,0.3407397395509871,0.013741492119650367,-0.8122832285366798,-0.09350948739633602,N900_RS15670,N900_RS15670,0.7935126333333334,-1.8185,5.5816,1h_SI2,1h,SI2,6h_ce,6h,ce,7.4001
1.470818265953973,-0.17267536447874976,0.015006145027323704,-0.20919026458695655,-0.46570461486382747,0.4307678316338498,-1.9171454545981448,1.4830639562246652,-1.3297452118518849,-1.0756683219242917,N900_RS15675,N900_RS15675,1.4342892833333336,-0.02206,5.8562,1h_SI7,1h,SI7,1h_st,1h,st,5.87826
-0.9955945925173855,2.2433218295362556,-1.609691903246535,-1.1143865970943314,0.3620890702207101,1.6223755762875598,0.1468969516623605,-1.0354106193786348,0.07223238648193164,-1.1447830700944799,N900_RS15680,N900_RS15680,0.8108804999999999,-0.97713,2.9599,1h_SI5,1h,SI5,6h_SI2,6h,SI2,3.93703
-2.463625477757715,4.674305057693507,-1.8035370003493523,-1.0423555383113334,1.077503773107308,-0.07707226168055104,2.2926712696423595,0.7424875108758875,0.013746771089096277,0.10626928712597405,N900_RS15685,parE1,-0.27652061666666666,-2.5997,2.9226,3h_SI7,3h,SI7,6h_st,6h,st,5.5222999999999995
-1.932138463794091,1.4858524675116458,-2.00985902953606,-1.0290743157889914,1.0621632301955835,-0.3060624898569777,-1.4439067322692012,-2.5641125770839004,0.7780601240332519,-2.341348919134324,N900_RS15695,N900_RS15695,0.014873133333333354,-2.3999,4.8696,12h_SI8,12h,SI8,6h_SI2,6h,SI2,7.269500000000001
-4.298793387714209,1.1436197712783336,0.842948837503148,-0.6108603965170802,1.4550713477836112,-2.1114599591166328,0.8760420955579542,1.8461508404015543,1.4546743315699524,-0.7405188037375666,N900_RS15705,N900_RS15705,-0.6610291666666667,-3.7302,2.0155,12h_SI8,12h,SI8,1h_ce,1h,ce,5.745699999999999
0.8490503932546312,4.954197627389668,0.2529559346283281,0.3716676576523201,-1.1022459722884488,0.09823953124253859,0.8623197232957108,1.2876965108062437,-0.4548107723314735,-0.1832725711121338,N900_RS15715,N900_RS15715,0.6084107999999999,-1.9319,3.6415,12h_SI8,12h,SI8,12h_SI1,12h,SI1,5.5734
-1.9219956530486946,3.681672029282932,0.06294341991976835,-0.9213287335206999,2.113740988867912,-1.3579501154179918,3.5426630650738087,-0.13628534379004925,0.5795785684115363,0.6061694063587124,N900_RS15720,restriction endonuclease,-0.06581955833333335,-3.2697,5.1328,12h_SI8,12h,SI8,6h_st,6h,st,8.4025
0.06407679587340631,-0.16255207139816163,2.1072710276974784,-0.29023092651181015,-2.9269972026584674,-1.1667522321436947,0.3389062732266822,-0.8910299599171958,0.0780592048463764,0.4607076930243217,N900_RS15725,N900_RS15725,0.9024296500000001,-1.168,4.4002,12h_SI8,12h,SI8,3h_SI3,3h,SI3,5.5682
0.021080426036779176,2.3639209122213054,1.9567690915817164,-0.12204158644197571,0.15315336256421017,-2.01029684844531,-0.31013939639293553,0.04376969119780835,-0.11227193380900713,1.219258176601883,N900_RS15730,N900_RS15730,-0.09565884999999999,-2.6452,3.2745,12h_SI8,12h,SI8,3h_st,3h,st,5.919700000000001
-2.885464321956598,-1.7264006750107934,-0.653462111141466,-0.46670199219057906,0.5461203850065687,-0.6071728572007555,-1.0640707775057239,0.7764760646550231,-1.4828992670422374,0.3659018761611117,N900_RS15750,N900_RS15750,0.29219312000000003,-1.7125,3.7138,12h_SI8,12h,SI8,3h_SI5,3h,SI5,5.4262999999999995
-1.3515961378336876,1.1117909333486016,-0.7979043781847183,-2.7061328494870462,0.21108673914737303,2.2828427705735077,1.1282104266825246,0.3083177734193226,0.9326595301196076,-1.9510807294255192,N900_RS15755,N900_RS15755,1.1407781666666668,-1.9899,4.7497,12h_SI5,12h,SI5,24h_SI2,24h,SI2,6.739599999999999
-2.922162263153359,-0.8640031534859731,1.7023796137092841,0.4425498334719893,1.118453872067098,-2.866947856695474,0.8077972844507108,-2.3360971575678424,-0.32190616781491954,-0.0650477661600466,N900_RS15770,nitrate reductase,-0.2980817166666666,-2.4418,3.8504,12h_co,12h,co,1h_SI1,1h,SI1,6.2922
-6.504742997736459,-0.3869815690788776,0.9390464213925569,-0.48631316011900894,1.5397914383805902,2.4752105408771197,0.8151358801177613,0.20500171501004946,1.3252356180704323,-1.1241910979690548,N900_RS15780,N900_RS15780,-0.06943324166666669,-2.2288,2.6148,12h_SI4,12h,SI4,6h_SI5,6h,SI5,4.8436
-1.7219160711875428,-0.5915697453697923,-1.180039139058914,0.6059482969884766,-0.8846868297432168,-0.544856742205035,2.2750625521445222,-0.12188904532915684,-3.1023465800500287,-0.5003018916927886,N900_RS15785,yiaC,0.26372938333333334,-1.2312,4.4723,3h_SI3,3h,SI3,3h_SI2,3h,SI2,5.7035
1.1723778105472373,-0.832273193658905,1.8081928871115165,1.4468485591006761,0.6382458833810424,-1.478833176514439,0.23740397751889264,1.1559048660395712,0.026027530997840942,1.6058018501620233,N900_RS15790,N900_RS15790,0.47454532333333327,-1.0494,2.7348,12h_st,12h,st,3h_SI5,3h,SI5,3.7842000000000002
-2.9357519430463137,-1.6542711073873786,0.5899657722884872,1.9153642406783509,2.925399494990487,1.015728369543032,-1.6621647771017753,-1.3446024853588303,-0.9091957004126151,0.7861378418637266,N900_RS15805,bar,-0.33701500000000006,-1.8827,3.3995,6h_SI1,6h,SI1,1h_SI1,1h,SI1,5.2822000000000005
-3.6891504367709675,0.3372296139216755,0.7186844241353059,1.0489939210070562,1.3065649094398832,-2.4598170458586783,-1.0009773619863953,0.3480265924279103,0.09945923963965281,-2.7644596519632834,N900_RS15810,N900_RS15810,-0.4595319666666666,-2.2171,2.8061,12h_ce,12h,ce,6h_SI2,6h,SI2,5.023199999999999
-0.14133512187578345,-0.047468329359200034,-1.9549768330008928,-0.7056098444441239,-2.1565949632777297,1.34844879761599,-1.2364436415767002,-0.45763481041944426,2.4358667216533627,-0.48915311170381565,N900_RS15820,Pseudogene_N900_RS15820,0.6822516666666666,-1.106,5.3254,6h_co,6h,co,6h_SI1,6h,SI1,6.4314
0.4550285845374269,-2.2460162852172494,0.7973883682022447,1.094528365414483,0.5423179967097752,0.1856083218898118,-1.447435020859005,0.7905403135026345,2.8225716737551183,-0.03453513518071205,N900_RS15825,higB-1_BLAST,0.85594051,-0.38423,4.5064,3h_st,3h,st,3h_SI3,3h,SI3,4.89063
-0.9878737786089693,0.5966408127425769,-0.04334698543451387,-0.535244972499588,-1.670978116683405,-1.0682578902659348,-1.7349282943439481,1.509281430511628,0.5130451010704985,0.20316938647730298,N900_RS15845,Pseudogene_N900_RS15845,0.27438604166666664,-2.4057,3.5597,12h_SI8,12h,SI8,6h_SI3,6h,SI3,5.9654
-4.189138987803606,2.825885281848951,0.6628598968831978,1.3101129689456625,1.384236954800794,-0.9577791511168718,-0.5698543775736582,1.1643951481101888,1.027531363273298,-2.094974712145451,N900_RS15850,N900_RS15850,-1.3771251333333334,-4.2724,1.1127,12h_SI8,12h,SI8,1h_ce,1h,ce,5.3851
-2.1886332419181533,0.5363881585885515,-2.128086627285741,-0.7038131047494496,1.825764853824426,0.3744861573880879,-1.683091619122049,-1.2480396408215542,-0.3110038875360205,-1.2145401429208371,N900_RS15855,GNAT family N-acetyltransferase_9,-0.02234839999999998,-2.6979,3.4007,12h_SI8,12h,SI8,6h_SI1,6h,SI1,6.0986
0.8118564331595306,2.7131387857504157,1.6709848722007223,0.593924744628024,-1.6652515435300972,1.120273206532557,-0.6297742304144436,-1.4639560649518126,-0.5134183607355015,0.2311476952715501,N900_RS15865,relE_1,0.7884220115000001,-1.5627,5.4474,12h_SI8,12h,SI8,3h_st,3h,st,7.0100999999999996
-1.2015728561431351,-2.1052466472767737,0.37568147933904217,-0.8993465937580502,-0.3843914238408334,-1.455840334465416,-1.4970577303560584,-1.1829809045752546,2.1813633933312064,0.8470730960019113,N900_RS15880,hemagglutinin,0.78077633,-0.78249,4.0803,12h_SI2,12h,SI2,6h_SI2,6h,SI2,4.86279
1.3420366464994977,-1.5932524967788484,0.8873113112177293,0.6141476527671021,1.1134558113331485,-0.011703752651029964,1.0825071982075747,-2.384524833120278,3.218300566715831,-0.5355221924982132,N900_RS15885,site-specific DNA-methyltransferase,0.8774892099999999,-0.25326,4.1696,12h_SI8,12h,SI8,6h_SI4,6h,SI4,4.42286
1.3568165223426094,0.09289333022602914,0.8250585556746255,1.5485262597045257,0.9680249054764135,-0.962362493810482,2.3028317693914975,0.19716188012005048,0.5127042608518732,0.9651548050044194,N900_RS15900,N900_RS15900,0.9284137716666667,-0.67835,4.5869,12h_SI8,12h,SI8,3h_SI2,3h,SI2,5.26525
-0.5896531848192099,-0.5761781067975881,-1.2132639975141897,0.5534623123281524,-2.040190105758212,-1.2879485150242247,0.6133503556602273,-1.1596251040633867,1.2997142594561097,-2.306396224507984,N900_RS15905,N900_RS15905,0.060548686666666685,-1.7624,2.9516,12h_SI8,12h,SI8,6h_SI2,6h,SI2,4.714
-0.3720762265173443,1.5768856960702786,-0.4994084767271892,-0.6499466146088031,3.9314875794126003,-0.44758592744709524,-0.05902629610883181,0.9895370404532897,0.8448919777377377,-0.6765355771504892,N900_RS15910,N900_RS15910,0.30484123166666677,-2.8453,3.7503,12h_SI8,12h,SI8,6h_st,6h,st,6.5956
-0.1304864571303277,4.07295580019678,-0.5967094309738697,0.37433052966717595,0.1361723395234106,-0.03149613315134436,-0.30002127020751923,0.5648867022676571,-0.10483701166758286,-0.7341289287786084,N900_RS15915,N900_RS15915,-1.11123354,-3.606,1.6034,12h_SI8,12h,SI8,12h_SI2,12h,SI2,5.2094
-3.2729094370409864,2.7736921181396155,0.14945630873167912,1.4992200070723531,1.0972047759188217,-1.9366124494561388,0.4370150797055753,-1.6520908421033713,0.04806891721456452,-0.9455669252486635,N900_RS15920,Pseudogene_N900_RS15920,-1.1846782000000002,-4.1939,1.5896,12h_SI8,12h,SI8,1h_SI1,1h,SI1,5.7835
-0.7530006673980796,0.2665244760070261,0.15281205265974956,1.4948518133364583,-1.7360009315725917,-2.5291876440118166,-0.2443796689102422,-0.9364691764949642,0.7350437071006115,-0.47252994781049934,N900_RS15925,N900_RS15925,0.35380017766666666,-1.4129,4.0138,12h_SI8,12h,SI8,3h_SI3,3h,SI3,5.4267
-2.4050100865680237,1.3347006343767123,-0.19769573425805145,-2.1214810103563604,1.4223642762020574,-0.511540052301013,-0.29101851469829265,-0.7832077457013094,2.0321517490154686,-1.9524495956999572,N900_RS15930,N900_RS15930,0.0012084333333333326,-2.496,2.3043,12h_SI8,12h,SI8,6h_SI4,6h,SI4,4.8003
-2.3127570612481994,-0.2230595656075307,1.1629622599845564,-0.6549472051967478,3.33613102592427,0.6522150408950949,-0.49055551093652916,0.6366622511979214,1.8420788133055743,-0.19219166546980593,N900_RS15935,N900_RS15935,0.20808993333333337,-1.4397,3.2808,12h_SI6,12h,SI6,1h_SI1,1h,SI1,4.7205
0.48324121229781625,-0.4512673985837715,0.2534783731512267,2.2603427729830887,0.25899358970838227,-1.5807323222631364,-0.5993596701434101,-0.4327507350720092,1.1922809258935945,-1.3692088987389865,N900_RS15940,N900_RS15940,0.5237680916666666,-1.1836,3.4909,12h_SI8,12h,SI8,3h_SI4,3h,SI4,4.6745
-4.272702919245508,-1.2637781851680039,0.5561947365755606,-0.5221096943227412,0.4600319289011409,-0.7751612888748227,0.0294900444062145,3.111635207085215,0.22564371786744902,-3.0730550753970034,N900_RS15950,N900_RS15950,0.25335393333333334,-1.7327,2.7027,12h_SI8,12h,SI8,3h_SI4,3h,SI4,4.4354
1.5277483179235878,-0.746812433794753,0.32734891368259006,1.7479277700992992,0.40563545972603804,0.2950601610652456,-0.7275099595883985,-0.8628861980710489,0.7560529101783305,-0.14769889672570158,N900_RS15970,N900_RS15970,1.1528555000000003,-0.46373,4.1108,6h_st,6h,st,3h_SI1,3h,SI1,4.57453
1.8941101941772152,-1.3629990762325548,0.6680628145549105,0.15617116269822118,0.11562444845096051,0.3032038983108266,1.3729918488617838,-0.6588109360405994,1.7722144646383664,-0.44062935835838324,N900_RS15990,ypeA_3,1.3665728833333333,-0.24499,4.4678,1h_SI4,1h,SI4,12h_SI1,12h,SI1,4.71279
1.4103788682909872,1.364098963747607,-0.5787345590947814,0.6100411450901255,0.41737211906402744,1.3574342335254683,-0.069990781152109,-0.7352305313765757,1.081838845914682,-2.0790697397525726,N900_RS16000,tnp_D2,0.4684770203333333,-1.8435,3.3309,12h_ce,12h,ce,12h_st,12h,st,5.1744
0.37853107556822474,-1.23691149205479,-0.0007770646889434657,1.6781606858652398,2.3229987706339714,0.9152852357893809,0.1358040106698618,-0.11424565937774284,-1.2450093295891347,-0.6241456187651633,N900_RS16005,antibiotic acetyltransferase_2,0.5293890099999998,-0.97174,3.3843,12h_SI8,12h,SI8,3h_SI1,3h,SI1,4.35604
1.1145343296798247,-0.9510204270197542,1.3071394433798933,1.8278759903689603,-0.3265147974642189,0.8543212218035797,-0.8814909691686315,-1.998247384408811,0.4986213658077189,0.4507239394806777,N900_RS16010,GNAT family N-acetyltransferase_6,0.94166235,-0.39445,4.0712,6h_st,6h,st,6h_SI2,6h,SI2,4.46565
2.5122652350897106,1.2889123124685506,2.945746475288756,-2.0380038702361065,-0.35001380851820957,-1.2237123061779909,-0.13235519223036185,1.643656993286787,-1.47172684629229,-0.9980942117661892,N900_RS16015,type II toxin-antitoxin system death-on-curing family toxin,1.2191837666666667,-0.75081,6.003,1h_SI9,1h,SI9,3h_st,3h,st,6.75381
2.849391470172451,3.255153778717029,0.4128515923742596,-0.6664117718480722,0.4979715049493672,-0.33075143600831636,0.25657467599257877,0.588191487041676,0.5958059898631942,-0.714901676644686,N900_RS16025,type II toxin-antitoxin system Phd/YefM family antitoxin_1,1.89653865,-0.065557,4.0415,6h_SI9,6h,SI9,12h_st,12h,st,4.107057
3.04234955672485,0.6428616211027499,-1.199068708168757,0.6025163022113733,0.716993784668669,-0.6261526554562109,0.5818174211704044,1.182660713462812,0.8454083056465171,-0.7226617039697747,N900_RS16030,rele,0.78793155,-0.85249,3.0446,12h_SI7,12h,SI7,12h_SI2,12h,SI2,3.89709
0.5879765239472952,1.4552372670896112,-1.1756922862808492,1.1556351412158672,-1.059735762539815,2.0398571796314293,1.8414470864158285,0.07531781493644776,1.5726379558291588,-1.687788471724538,N900_RS16035,GNAT family N-acetyltransferase_10,1.353005896666667,-0.85716,3.8368,1h_SI4,1h,SI4,12h_SI3,12h,SI3,4.693960000000001
0.967121432694042,0.504320579579266,-0.24596185199011428,1.8202873549159477,-1.9114043280810202,0.8547705599979959,1.1796487647122018,0.8244799004704877,1.0305877698849382,-1.1090841252742247,N900_RS16060,N900_RS16060,0.41023964499999993,-1.4017,4.6616,1h_SI1,1h,SI1,3h_SI3,3h,SI3,6.0633
1.6281437995704326,1.920797187251165,-0.6589475346235616,0.20856433812202457,-0.8067535201714725,0.594123289297041,0.1530080602653478,0.21528124734732473,1.3831880159633685,-0.6637059593702762,N900_RS16065,nucleotide pyrophosphohydrolase,0.61454285,-1.5085,3.934,12h_SI8,12h,SI8,12h_st,12h,st,5.4425
-5.021179446242361,1.3930535086803968,0.25722611700330283,-0.4158142207977997,0.17081096582614294,0.17642937040964046,0.7162985278647298,0.743055212047163,-0.1514721794724534,1.2260499218450158,N900_RS16075,N-acetyltransferase_5,-1.1530386083333333,-4.8092,4.4884,12h_SI8,12h,SI8,6h_ce,6h,ce,9.2976
-2.2053930775187625,0.41187828337659566,-0.18865492246542823,0.271187187809129,1.175935751864686,2.202588107886689,-0.20196798669634297,3.0714260528051964,-0.8456332060629083,-1.2219293644272642,N900_RS16085,relE1,0.36557308333333344,-1.8135,3.6081,12h_SI8,12h,SI8,12h_SI3,12h,SI3,5.4216
-1.4513816294176354,-0.2308402543739979,1.2630908876374576,1.572922804804906,2.630910090016333,-0.14319337012899913,0.17804506419018418,1.816156143051526,0.23818851789677564,-2.042783256448617,N900_RS16090,Pseudogene_N900_RS16090,0.2754633435,-1.6928,3.3191,12h_SI8,12h,SI8,3h_SI4,3h,SI4,5.011900000000001
1.7916285241552456,2.103542889400307,1.5491854244967462,0.4530789106321613,0.386906146816676,-0.606860253854399,-0.81829694571225,-0.5135358261426377,-0.8421511682942225,0.5370512062539994,N900_RS16095,N900_RS16095,0.4014964,-1.1377,3.7977,12h_SI8,12h,SI8,3h_st,3h,st,4.9354
1.0927977273938962,1.472032028576347,-1.7918640055593196,0.15791829781700395,-1.673923012787627,-1.1661868939516808,1.2522213432204508,1.3547316555059363,0.0010879712289094678,-0.5842795568132546,N900_RS16100,N900_RS16100,1.1757148166666664,-0.87859,4.3896,1h_SI4,1h,SI4,3h_SI3,3h,SI3,5.26819
1.532705870028634,0.7166067720413193,-0.877107422084099,1.0313657131798832,1.6664746933139116,-0.263785075857496,-0.23089735298918113,1.4331160906266305,1.8221516587625266,1.7002164306416427,N900_RS16110,GNAT family N-acetyltransferase_11,0.48535761666666666,-0.83151,3.3449,12h_st,12h,st,3h_SI1,3h,SI1,4.17641
2.0050016079862,-0.06644402601553073,-0.9903829819057186,-1.1931205289275733,1.191307031205969,-0.4610338765729851,1.0827458269516739,0.3253009682533068,1.9371261530727337,-0.602329124590279,N900_RS16115,N900_RS16115,0.8299785816666666,-0.95318,4.7341,12h_SI8,12h,SI8,24h_SI1,24h,SI1,5.6872799999999994
0.6822761509960378,1.0994188317690574,2.4194622626009763,0.288286954876642,0.008696805119142021,0.7631531586761653,-3.767003838004383,-0.34571388007615617,-0.9604232367059068,0.027564552354893523,N900_RS16120,glutathione S-transferase,0.49457436666666665,-0.78823,4.5828,6h_st,6h,st,3h_st,3h,st,5.371029999999999
-0.829543735702631,4.118623651774986,-1.7066687505600282,-1.5734936856688246,1.3416430270705646,0.5333869820690305,0.3497935880222525,1.125144716144118,0.35264528428310843,0.9219179860755244,N900_RS16125,N900_RS16125,0.12232466666666668,-1.2766,4.5738,24h_st,24h,st,1h_st,1h,st,5.8504000000000005
1.199915438481744,0.7603969049106586,1.515048568970489,-0.7635304778495255,-0.7976858206827909,2.185421837085932,0.2914353234433067,-2.26043163051805,-1.288343821719113,1.406649085048411,N900_RS16150,N-acetyltransferase_6,1.55959365,-0.21222,4.621,6h_SI1,6h,SI1,3h_st,3h,st,4.833220000000001
-0.31750071297886917,0.8847535709881227,-1.2774648815460325,0.3763325997160054,-1.2419173174201708,-0.3183505222234966,0.153509230997407,-2.798019231396716,-0.89796585578495,-1.0836172482629642,N900_RS16170,nucleotide pyrophosphatase,0.307905055,-1.3162,3.8144,12h_SI9,12h,SI9,12h_st,12h,st,5.1306
-0.6957481018514393,-0.06182123361416175,-0.5919428682703721,-1.5010388061640416,0.307307541239778,-0.5421649644901854,-0.9837979331556561,2.157414589776098,-1.1118526879029016,-2.674924433906292,N900_RS16175,nrdD,1.3280423333333335,-0.23253,5.631,6h_SI4,6h,SI4,3h_SI5,3h,SI5,5.86353
1.8874247822023653,0.35788505329389186,2.151247055022111,-0.09067903983361392,-0.8635244531240053,-0.24256191666857263,-0.3859925471486907,0.5947948226449,0.02485519809897807,2.3832985553785893,N900_RS16185,tyrB,0.5090231166666668,-1.2054,4.277,12h_SI7,12h,SI7,3h_st,3h,st,5.4824
-3.808580682581461,2.5061455720579735,-0.021646064221951207,0.33363755959765484,0.9639112099320538,-1.4299608682970844,-0.6676116505841401,-0.2039918895382607,-0.5935967018542386,-0.5359245232342871,N900_RS16190,ATP-dependent zinc protease_2,-0.70523565,-2.7457,4.6147,12h_SI9,12h,SI9,1h_st,1h,st,7.3604
-4.565021239845768,-0.5213217367487114,-0.2529938151119702,1.4295465089804384,-0.02322719454486489,-0.7402723766500676,-1.037379176800588,1.112678023228032,-0.9827302616871257,-0.672656294754043,N900_RS16195,fruA,-0.4272863333333333,-2.2982,2.4705,6h_SI6,6h,SI6,6h_SI5,6h,SI5,4.7687
-0.25036536456605063,0.08276468105914242,-0.9222200573445823,1.1838940269303015,1.216599028996107,3.008244875010217,-0.5628581711831007,0.6714013895236521,-0.9897567497789957,1.2227008892724236,N900_RS16200,pfkB,0.5286702000000001,-1.4725,5.1807,24h_SI3,24h,SI3,3h_SI1,3h,SI1,6.6532
1.5237860157518686,-0.9872666012096469,0.1570207756102721,0.7575525504744376,0.20752707495927597,-0.567212483971103,1.439800010870239,0.13086614818625222,-0.10932474778494161,2.565088890453527,N900_RS16205,fruB,1.04708575,-0.42619,2.9851,1h_st,1h,st,6h_SI3,6h,SI3,3.41129
2.111760570221355,1.0171714171376172,-1.57980039353866,0.22501332217832504,-0.970346194256089,0.37844699988301267,2.687655554551501,-0.10467939888353889,-0.49403312461090654,1.1616316549030976,N900_RS16210,cra,0.43432115,-1.8357,4.7512,1h_SI2,1h,SI2,3h_SI2,3h,SI2,6.5869
2.200002729753159,1.587817590448464,-0.5413750076055097,0.8317889552475672,-0.5223101879080927,-0.09740615653471263,-1.2731949676735124,-1.0633789613809088,0.2933278851308227,-0.1104372527883497,N900_RS16215,sbcD,1.0111105,-0.5054,4.1219,24h_SI9,24h,SI9,1h_st,1h,st,4.6273
-3.3078950005567704,0.14954756286336843,1.2490199535129427,-3.696892017707396,0.16357577465569612,-0.0659046289178431,2.232625817837134,-0.42612387976723615,1.7681025403885409,-0.6318430616663823,N900_RS16220,sbcC_BLAST,-0.5289355433333333,-2.7417,3.5752,12h_SI4,12h,SI4,6h_SI3,6h,SI3,6.3169
-0.862427405845597,-2.1577019613889075,-0.9447817428656317,-1.0566514248221655,-0.8724988256717836,-0.750417788093052,-2.328320654631267,1.2043219254697881,-0.8959806574558199,-0.23894565678091628,N900_RS16225,cqsS_BLAST,0.16180714999999998,-1.6981,2.344,6h_SI3,6h,SI3,6h_SI2,6h,SI2,4.0421
1.5063809319126449,0.8093498212789422,2.606776905392673,-1.2229038994464623,0.7870266699148698,-0.4711707577092852,0.43017832539489115,1.3635532808111641,1.3910332095305291,1.6599423101557298,N900_RS16230,cqsA,0.82504815,-0.76438,4.1417,12h_SI7,12h,SI7,6h_st,6h,st,4.90608
-2.547316909606895,-1.5060409607765894,2.362766662391057,1.7961083963384166,0.713329396617874,-1.1426058619342,-1.3528269431373212,1.5018118763522654,1.3114758621672027,0.8010512308962061,N900_RS16235,tellurium resistance protein,-0.054176333333333306,-1.9902,3.3807,6h_SI3,6h,SI3,1h_SI1,1h,SI1,5.3709
-1.2044995143058943,-1.68988855478286,-1.0062293646801745,-3.0743450261767302,2.045291779635583,-0.7298039415117188,0.9521838727169036,1.9282234680225323,-1.7623248954541184,2.7315224097836186,N900_RS16240,clcA,0.23447485000000004,-1.4546,4.9832,1h_SI3,1h,SI3,6h_st,6h,st,6.4378
0.7464286626572716,-0.4689501709234686,-1.7261967654175105,-1.0241152039046404,-0.26501314694637507,-1.8635605682685066,-1.1909665572916035,3.5331977840527036,-1.3391648338001292,0.7195352179106098,N900_RS16245,cobW,0.48308819300000005,-0.75494,4.2107,3h_SI1,3h,SI1,3h_SI4,3h,SI4,4.9656400000000005
-1.1477705369842592,-1.2956684230528037,0.9103079598255923,0.13867239701203626,-3.116781531918241,-0.9162142529723392,-1.3948297318108847,2.6636572732200854,0.20471376019717036,-0.07185130525321681,N900_RS16255,kup,0.19566618666666669,-1.4853,3.2925,6h_SI2,6h,SI2,3h_SI4,3h,SI4,4.7778
1.6665637593986897,0.5835248584303903,0.38794439361531424,-0.2545075522345146,0.1933128958924002,0.7879824193483803,3.1885673918423443,2.1364513462116306,1.0569336076157334,0.5841710758678671,N900_RS16260,nifJ,1.428935468333333,-0.15473,4.7175,6h_SI4,6h,SI4,6h_st,6h,st,4.87223
0.3775612687317813,-1.9026609475774499,-0.31255538784991926,0.46242562317782987,3.1286319029668577,0.5668303561054192,0.09052972652946878,0.4040006509506705,-0.9800131943605567,-0.6138499100790488,N900_RS16265,kdpd,0.27659245,-1.3421,3.2312,3h_SI3,3h,SI3,3h_SI1,3h,SI1,4.5733
1.3159052240356743,0.8436618515556304,1.3747627401698916,0.6600109977061259,-0.20073399417666438,-1.2392553838195624,0.040703067932938874,-0.23580837584251563,-0.603335044707198,2.39676266585452,N900_RS16270,kdpE,0.5579111333333334,-0.62043,3.1405,24h_ce,24h,ce,1h_ce,1h,ce,3.76093
-4.479712866291607,1.0604347343161513,5.505100882708694,-3.515897061604703,-1.4818252259708158,0.6490110171955518,0.32024841049523384,-0.030703036181037147,-0.349557602351913,0.4365733253263837,N900_RS16275,tata,-0.03548136366666666,-1.813,5.3506,12h_SI4,12h,SI4,3h_st,3h,st,7.1636
1.0188921134823525,-1.8507925475724214,-0.6693536148619207,-0.02657978995728505,0.2535010496696072,-1.1160378479781703,-0.2350554398493676,-0.737604308448538,1.033738643245997,-0.7682565331712147,N900_RS16280,deda,1.4849051666666668,0.11019,5.1224,1h_SI6,1h,SI6,3h_SI5,3h,SI5,5.01221
1.3531903024672571,-0.147584211281039,0.25529560888196845,0.5732798729803368,-0.04833366828045995,-1.0654699796680611,1.9478489796378746,0.995866908683487,-0.22411788986950476,-1.5225327831498283,N900_RS16285,N900_RS16285,0.6993026666666667,-1.1264,4.0597,12h_SI8,12h,SI8,3h_SI2,3h,SI2,5.186100000000001
-5.784371728504157,-2.1933080496011566,1.3222527001383493,-1.9019560664927222,1.3041883449609866,0.5239299830786804,1.242360929881866,1.0734982120499994,0.6714502675041558,-1.0299813897798658,N900_RS16290,N900_RS16290,0.28817805,-1.0636,3.3057,6h_SI3,6h,SI3,3h_SI5,3h,SI5,4.3693
-3.5970656634242038,-0.3049714058268427,-1.8007771261488577,-2.6313320615637514,0.7347807015990996,2.08410140031999,0.8545696273729588,0.7913743240025437,0.3972140008622228,-1.2174269159111417,N900_RS16295,N900_RS16295,0.8043542833333334,-2.806,4.3904,12h_SI8,12h,SI8,12h_SI2,12h,SI2,7.1964
2.2109372615014964,0.31459919073908005,-0.6319393999382553,1.3238007575815263,1.745873900882011,0.03029565245419208,0.41689313126330396,1.5566856207823823,0.24734442796983874,0.48290975912153167,N900_RS16300,yceJ_2,1.1525435166666667,-0.27511,4.7883,3h_st,3h,st,3h_SI1,3h,SI1,5.063409999999999
-1.499749730339619,2.040877622422557,-0.14792274450665308,1.7656159923763521,-1.5356403795938964,-0.7676171119541495,1.916253780100043,-1.363683663029433,0.10605475798953062,0.6898586619021541,N900_RS16305,ycei,-1.2561630666666668,-3.946,4.2605,6h_SI6,6h,SI6,3h_SI2,3h,SI2,8.2065
2.1963874681152102,2.4637690549479974,1.3675974183463873,-0.8261259722848944,-0.08191864589556744,0.4884554101979913,1.0588584849417633,-1.6140370448507568,-0.190920719473609,1.0893924441199632,N900_RS16310,focA_2,1.7257819333333337,-0.51131,6.0769,1h_SI8,1h,SI8,3h_SI2,3h,SI2,6.58821
0.9335119153952585,-1.9322416899370989,-1.7344102950424352,-1.1165004817549127,-1.230175085571444,-0.5443042393976945,-1.6836251945912506,0.35178448349586794,1.7126044778833909,-0.39519384971105725,N900_RS16315,argP_2,1.3540184666666666,-0.14788,4.7143,1h_SI7,1h,SI7,6h_SI1,6h,SI1,4.8621799999999995
0.4691045026949694,3.713787571347885,-0.1451086162167762,-0.07757680410037149,-1.2222897734690592,0.10783127482346011,3.3176130204742655,-1.4200463566724786,0.4219467880557922,-1.5504702908005474,N900_RS16320,Inner membrane protein YcdZ_BLAST,-0.013156353333333284,-2.3482,6.182,12h_SI8,12h,SI8,3h_SI2,3h,SI2,8.5302
1.8944627768728788,0.3884558055472347,2.460888019191435,-1.3157181316553714,-0.13279524913360316,-0.07609489925910706,0.7299128390000171,-0.4305870949821778,1.083396824872819,2.2761810053829343,N900_RS16325,ATP-dependent endonuclease,1.1322736983333335,-0.46993,4.3465,1h_SI5,1h,SI5,3h_st,3h,st,4.8164299999999995
-0.9227576808188203,-1.0174896561861688,0.13898911021328503,-1.5794299342123723,0.5040144781224183,-1.9735476459964842,2.9012536216289,1.3657488656921017,-1.8506666554718358,0.2645989556607309,N900_RS16330,bifunctional metallophosphatase/5'-nucleotidase,0.41608813333333333,-1.5387,4.0579,6h_SI3,6h,SI3,12h_st,12h,st,5.5966000000000005
-5.672154732743559,-1.9411048151241412,-0.216243677221312,-0.34299757398153186,-2.0064853594555827,0.8257800034601428,0.22415752563314773,1.9775306923528042,-0.2881588859818607,0.9863318191446122,N900_RS16335,terc,-0.46193062333333335,-2.2663,1.8984,6h_SI3,6h,SI3,3h_SI5,3h,SI5,4.1647
-0.42491876220937597,-1.5881190701030938,0.1255416975497676,1.590491174845527,-0.7058818606411852,0.5911077042608958,1.6913675612476171,-1.4742973831947779,1.945124442691728,0.9812280488192215,N900_RS16345,alkylphosphonate utilization protein,1.0216163666666664,-0.55201,4.916,6h_SI2,6h,SI2,6h_SI3,6h,SI3,5.4680100000000005
0.5541498799349851,0.18266438639801416,4.310291479961677,-2.1434386504595713,-0.4274380061953631,1.2513507267090342,-2.1674484138145926,-2.025162393346344,2.1018956257110517,0.5453234587734137,N900_RS16350,N900_RS16350,0.8716396166666667,-0.9189,5.8887,12h_SI2,12h,SI2,3h_st,3h,st,6.8076
-1.7887625098944202,-0.9474971549984152,-0.6792156334991644,1.1901842029052307,2.39556374671849,-0.006121171077229648,-2.1716428097902423,-1.579623240762587,-0.3303306018212093,0.37721736330154565,N900_RS16355,N900_RS16355,-0.4701530666666666,-1.7787,2.4695,3h_SI6,3h,SI6,6h_SI2,6h,SI2,4.2482
-0.38265628186819134,0.6785202515346014,-1.6130234135206278,-1.160783337575118,2.0970890393153407,1.1433667215572278,0.8760312128763189,2.4681413334574094,0.06539224691537882,3.1428096105291763,N900_RS16360,fatty acid cis/trans isomerase,0.8629464283333335,-0.61524,4.8039,6h_SI2,6h,SI2,6h_st,6h,st,5.41914
3.076725574665959,1.4862616846909857,1.68672832861475,-1.0450043449957398,1.3376096617594102,-1.0604958486099914,0.0026214504277148887,0.4580939536623896,-1.0215641228463457,-0.2821674948141789,N900_RS16370,yhjX,1.2307894166666666,-0.41223,4.0883,1h_SI2,1h,SI2,3h_SI4,3h,SI4,4.50053
0.03468967478642204,-2.375184560826556,0.8387386712837893,1.6433673341509456,2.3579445103960803,1.0829926401532204,0.14223760912908645,-0.43643319634243644,-0.6403404743502975,-0.6539995930536961,N900_RS16375,N900_RS16375,0.362556495,-0.89203,3.8498,3h_SI3,3h,SI3,3h_SI1,3h,SI1,4.74183
-0.9198003019405867,-0.551020425280762,1.0650228329941485,2.1010735111766516,0.5189937954926576,0.9005068613241987,-2.4324437035701676,-1.4152506875017739,2.3152461123375154,2.254240884562577,N900_RS16380,sensor domain-containing diguanylate cyclase_4,0.2058518,-1.1011,3.6963,12h_co,12h,co,3h_SI1,3h,SI1,4.7974
1.3606970682793191,0.7614341792386352,2.231451492705724,0.05731539624497839,0.893127836175888,-1.2502276639057328,-1.066060189510189,-0.5632893925171856,0.4385155265123646,1.8229958884903381,N900_RS16390,hpxW,0.8557798833333334,-0.81315,4.2742,12h_st,12h,st,1h_SI1,1h,SI1,5.087350000000001
-2.6443004433643047,1.312151932245564,-1.8937590058644684,-2.7573629381648628,2.020124542002112,-1.6422794652309531,1.185402064401285,0.7797712666228607,0.41124656192980624,2.393204757696301,N900_RS16395,Solitary outer membrane autotransporter beta-barrel domain,0.6571251446666666,-0.50736,4.7118,3h_st,3h,st,6h_st,6h,st,5.2191600000000005
0.27820380078369844,-0.22829269841787891,-2.1014370267384614,0.33703370982998493,-0.6756138239144376,2.625102633956205,1.700562653581,-1.3379558794840143,-1.2429139157562306,0.43978903873673025,N900_RS16400,N900_RS16400,0.08820191666666664,-1.8666,4.4851,1h_SI1,1h,SI1,12h_SI1,12h,SI1,6.3517
-0.43158845115836275,-1.4510464664748957,-0.4210574685743614,-2.412586699826438,1.3656739331051317,-1.2826816369997092,-1.7980038613354148,-1.9298252438732668,-0.8507988047801697,-0.8862224069095574,N900_RS16405,N900_RS16405,1.0443953,-0.2683,5.368,3h_SI9,3h,SI9,6h_SI2,6h,SI2,5.6363
-0.24800888515174702,-2.3657095110773,1.2443699249499787,-0.08497111049975659,2.297342675280664,1.6045602754785138,-0.9371299452186417,1.353163072482896,0.2649581214768996,-1.8885834288740084,N900_RS16410,transcriptional regulator_4,0.5308673333333334,-1.4586,4.77,1h_ce,1h,ce,3h_SI5,3h,SI5,6.228599999999999
-0.5604573914500541,-2.1551386105371977,-0.5338799776897936,-0.1302081514552793,1.338681741747805,-0.8885533311938232,0.2612465157448693,1.9348608192710008,-1.4412820056292004,1.591499493583396,N900_RS16415,pntA,0.38819996666666673,-1.0715,4.5501,12h_st,12h,st,6h_ce,6h,ce,5.621599999999999
2.5260838906045864,-0.7291189427726528,1.9844864821871475,0.8507003919237195,-0.8291393319596762,0.4753842199696933,-1.3076278927221654,-0.5584345729209124,-0.922622503980221,-0.6461813969407755,N900_RS16420,pntB,1.030544705,-0.22161,3.5925,1h_SI7,1h,SI7,6h_SI2,6h,SI2,3.81411
0.0252933771871815,1.9853420963138093,-2.0058633911417516,-1.8766954615280884,-0.3384037932744248,0.26950973819323987,-0.5947030720295954,0.6531429716346542,-0.7536806253744749,-2.9435703803658395,N900_RS16425,vxrA_BLAST,0.16898825,-1.5679,4.1622,12h_ce,12h,ce,12h_SI2,12h,SI2,5.7301
-5.466662916071814,0.4542057816675617,2.0208633420424897,1.5771571424476085,0.43065439950530837,-1.8700019331913826,-0.01851365269655636,3.079928321341946,-0.01518272445857749,-1.4997546231197032,N900_RS16430,vxrB,-0.39432785333333337,-1.9981,3.8539,12h_SI4,12h,SI4,3h_SI4,3h,SI4,5.852
-1.2349364597125208,-0.3016770533761659,-2.0712137375186517,0.1654856519514678,0.5969950277314023,-2.413415452494428,-2.13025764250808,0.300087183094972,-0.13148778005460848,0.7176245040716691,N900_RS16435,N900_RS16435,0.2824604333333333,-1.5569,3.2511,3h_SI5,3h,SI5,6h_SI4,6h,SI4,4.808
2.0090283006889322,-1.1977903355748698,-0.6721799997197254,-0.4311326816395351,1.9067061900390831,-0.5695561496024977,0.43065145048715836,2.2826711903526102,1.548056129301186,1.2462577003129967,N900_RS16440,TraF,1.3596824000000003,-0.19428,4.7884,1h_SI9,1h,SI9,6h_st,6h,st,4.98268
-2.5947326748172035,-3.9115355147188136,-0.15611117233295113,-2.5967788104908336,0.6174826418006584,-0.8679096256678156,-0.5681688615012148,0.1263689000434344,0.17085235137165872,0.7712794415456199,N900_RS16445,VC0395_0503_BLAST,0.6296410833333334,-0.78978,3.9846,12h_SI1,12h,SI1,6h_SI4,6h,SI4,4.77438
0.9453215382585274,1.557998339842402,-1.5014685845323614,1.6477789427952887,-0.8456665390878573,2.253099158690973,-0.9703320625119365,1.2837007332936465,-0.477328687279048,-0.059882123329418224,N900_RS16450,yciH,0.6811218833333333,-3.0652,4.6597,6h_SI6,6h,SI6,12h_SI1,12h,SI1,7.7249
-6.316749096015801,0.07369180809621528,0.49559064587984875,-2.2052210961180423,-0.9288232765934044,0.9174684228954945,1.756349555283603,0.6454259137198785,4.037844355622277,0.11000995584309536,N900_RS16455,N900_RS16455,1.4157422000000002,-0.36415,4.071,12h_SI3,12h,SI3,3h_SI8,3h,SI8,4.43515
-0.7971491277553633,1.2427131725599951,0.7139382239906495,2.5523767966935313,2.390356841278131,4.205906408313109,2.300753678885128,-0.43934936831982946,-0.7697728980323352,0.12599902189601098,N900_RS16465,DamX-related protein,0.025303263333333333,0.0031775,0.28123,6h_SI3,6h,SI3,3h_SI1,3h,SI1,0.2780525
2.2787790003526966,-2.2902531368320562,-0.5888641617578042,-0.02318987908674197,0.01399015071463269,-0.9455931133952169,1.9963712825155835,0.3987379252727078,-0.24983935099811405,1.7847856799803148,N900_RS16470,patZ,1.8208001666666662,0.16572,5.0938,1h_SI7,1h,SI7,3h_SI2,3h,SI2,4.92808
0.6313596061935294,-2.3756984883606727,0.6159709064066067,0.256623609965823,-0.25518263915808204,-2.297335754318665,1.724200415048804,0.4572250561797272,-0.044500992984593646,2.162456549474099,N900_RS16475,yhaJ,0.6793553333333333,-0.65275,2.8348,3h_ce,3h,ce,3h_SI2,3h,SI2,3.48755
2.989363018748948,-1.1614487827193658,-1.0849395896671543,0.31696946408961146,1.0376856874851106,0.21183141197633737,0.756430288243709,0.15373529870814218,0.940423168147193,0.2266678217917717,N900_RS16480,TonB-dependent hemoglobin/transferrin/lactoferrin family receptor,0.43546566666666664,-1.2188,2.8525,1h_SI7,1h,SI7,3h_SI1,3h,SI1,4.0713
-0.03637400436495142,1.3180050845876576,-1.178964713758072,0.32206358624645226,2.542923438165026,-1.1840588168401909,-0.4352149558851519,-0.10056824667343067,1.9009876232246299,3.0312893938666816,N900_RS16485,sgrr,-0.008940116666666654,-1.8054,5.2491,6h_SI9,6h,SI9,6h_st,6h,st,7.0545
0.9012784726127583,1.2362577926261502,-1.3339739921491605,-1.4305874877778584,-0.47710501789715526,-1.1645876715812271,0.42348768920831714,-2.1666295512185147,0.27404145609646435,-1.1558957831464283,N900_RS16490,N900_RS16490,1.271662465,-0.024411,5.4643,1h_SI6,1h,SI6,1h_st,1h,st,5.4887109999999995
1.4684560501384425,-0.474084488466199,-1.4383390219605996,0.6496406759631266,-0.6337840381816737,3.0359590709700055,0.8945347805826412,-1.7328050202375145,-0.7159012765146436,0.31056902488964555,N900_RS16495,hotdog fold thioesterase,0.5805348833333334,-0.81619,3.7856,1h_SI5,1h,SI5,12h_SI3,12h,SI3,4.60179
1.7139267536521565,-2.3753601430996962,-0.34721558485552917,1.458441646769197,-1.292813468457842,0.4353342034336065,-0.4100332894043288,1.324712702538394,0.7535275200385192,0.04280008254984968,N900_RS16500,bepA_3,0.5826428999999999,-1.0895,3.4383,6h_st,6h,st,3h_SI3,3h,SI3,4.5278
1.1355478865797588,-2.0974313463313035,-0.19501750367990364,1.7647501791702664,-0.34705722674072464,-0.46751688517574763,1.489406754467336,-2.076986626095502,-0.4782194050168117,-1.1054144172070344,N900_RS16505,N900_RS16505,0.6978886499999999,-0.7216,4.636,6h_st,6h,st,3h_SI2,3h,SI2,5.3576
0.4979230446490446,-0.294173301022158,-1.815129961830386,0.9922397165272274,-0.8950363672774623,0.5653407785288098,-0.7363818771424351,-0.7690459572628028,-0.1465512520275598,-0.2586937825807719,N900_RS16510,ABC transporter substrate-binding protein_12,0.7960186649999998,-0.59381,3.588,12h_SI5,12h,SI5,1h_ce,1h,ce,4.1818100000000005
2.3524756938058013,-0.5816340153145999,1.7177328921858193,0.3222288388113266,0.2137737171664887,-1.1361969215420262,1.1857020766719917,-0.28810763015198976,-0.02640067898271581,1.1886951451483159,N900_RS16515,yfcG,0.7316388833333335,-0.97261,4.1316,12h_st,12h,st,3h_SI2,3h,SI2,5.10421
0.10006174586768735,2.164880172400999,-0.834618838882945,-0.31970630206498774,-2.2799747369742747,-1.1639776069801715,-2.8241316871002544,0.24249632471953214,0.34490865372719554,0.058046127365851685,N900_RS16520,dcmA,0.39965361666666666,-1.145,4.2186,3h_SI6,3h,SI6,1h_st,1h,st,5.3636
1.6594439987749459,-1.5609226328367347,-0.3222936965532339,0.6682242781926946,-0.6071744872030328,-0.4999049564058049,-0.6068853759087462,-0.21329731423869958,0.5328774658982337,-0.7587106654759508,N900_RS16525,comR_1,0.9737587833333333,-0.72512,3.5824,1h_co,1h,co,6h_SI3,6h,SI3,4.30752
1.283967248751023,1.6584472749052637,1.4430110059733876,0.04671693961877521,-1.0484403397871545,2.0894766902051023,-0.2205377921586409,-0.9420351542574463,-0.9351415894719209,-0.7385277883097705,N900_RS16530,DNA-binding protein_3,1.5552757166666669,-0.3605,4.783,1h_SI4,1h,SI4,3h_st,3h,st,5.1435
1.3086287628732807,-1.212029537437667,-1.6066092898993183,-0.23960979622575174,2.5980931384837356,-0.08656481285705331,-1.4196577285525984,1.2069308465914153,0.7849146869005967,1.5305832581764938,N900_RS16535,yejF,1.1135857333333334,-0.5661,4.5749,3h_SI2,3h,SI2,6h_SI3,6h,SI3,5.141
-0.11316801843304924,1.5094975464285065,-1.311556292985589,-0.40291839330947177,1.420196244311015,-0.15738348304239835,-1.2556484600423508,-0.5889363726165588,2.1297161120245676,2.1730568320730494,N900_RS16540,yejE,0.4146025700000001,-1.0681,3.2232,3h_SI4,3h,SI4,6h_st,6h,st,4.2913
0.7846235528224899,1.0503225620636065,1.4008732486103752,1.5547756730537428,-1.2984608106139182,-1.3757392425392827,-0.8316149001413777,-1.3384792357381625,-0.42993122664419525,-0.17808824580928195,N900_RS16545,yejb,0.21903570499999991,-1.0042,3.6234,24h_ce,24h,ce,6h_SI3,6h,SI3,4.6276
-0.5105723629576033,0.24912491596296954,-1.295297527146256,1.2113965418422001,1.6267756008913064,1.0148556220252374,1.8858994082033869,-2.433212262879244,-1.6558447064643387,0.35902798306956485,N900_RS16550,ABC transporter substrate-binding protein_9,0.48865226333333334,-1.0121,3.7353,3h_SI3,3h,SI3,3h_SI2,3h,SI2,4.7474
-0.42358297819297297,-1.8318844162076031,-0.12501270069264134,1.6547391410918593,-0.18748473844256594,0.43360959132583055,-0.8466785288175829,-0.7128549393599568,2.047947522730463,1.1442418324106245,N900_RS16555,N900_RS16555,0.5484673666666666,-1.034,4.9983,12h_st,12h,st,6h_ce,6h,ce,6.0323
-1.6420365260264465,-1.9531290931371381,-0.12839517448308957,-1.734596114025005,-1.6823577589001646,0.18183028672711798,0.3097611780524969,0.7781324693986624,1.5506949207734118,1.5463202763759811,N900_RS16560,exopolyphosphatase,1.2908359999999999,0.1454,4.6135,1h_SI9,1h,SI9,3h_SI5,3h,SI5,4.4681
1.6115360607481009,-0.6692253466885902,-0.94202885823873,-1.0009758050414992,1.1743888576274617,-1.3554742260958572,-0.0061531654658739665,1.3377661177816673,-0.14874370169344575,1.4956653999387692,N900_RS16565,hemolysin,0.819966314,-0.58294,4.7613,1h_SI1,1h,SI1,3h_SI5,3h,SI5,5.34424
1.1449700794724338,-2.2818034802817713,-0.7658423904603368,0.5535610128758686,-1.0951547285395533,-2.2488702046190685,0.3580828223009994,-1.0626506761543928,-0.9405040234460836,-0.18387644284522964,N900_RS16570,N900_RS16570,0.9372962450000001,-0.6031,4.0709,12h_st,12h,st,3h_SI2,3h,SI2,4.6739999999999995
-1.0561751675831341,2.3968472345036504,-0.9348660491960176,-0.2422866769068055,-0.0016894348553323849,-2.659441413756519,1.5186337797277019,-0.48070596550201533,0.28850073903064927,1.642330340387826,N900_RS16575,peptide MFS transporter,-0.018656399999999986,-1.4443,3.534,12h_SI7,12h,SI7,1h_SI1,1h,SI1,4.9783
2.899192932999135,-0.7364060233279854,-0.9212690197455383,0.05166483669693056,0.6636892059272325,-0.6540711654163003,0.36165551333547497,0.535690372355555,0.6189187846486826,-1.1270177275460165,N900_RS16580,eamA_7,0.45859916666666667,-1.0791,3.8888,1h_st,1h,st,6h_SI1,6h,SI1,4.9679
0.23634902358095644,0.5860031372130783,0.15078754173564826,3.201322739012972,-0.6522788475532503,-0.45329455027628596,0.03917360340618681,0.267861129947763,1.1661886030858102,-0.666862561181249,N900_RS16585,phnR,-0.3292854233333334,-2.9731,2.9314,12h_SI8,12h,SI8,3h_SI3,3h,SI3,5.9045000000000005
-1.0440955300223282,0.7561678142068469,-0.60286640966023,2.5412789474340505,1.458882067624761,1.3667206224327146,-1.252541342408937,-2.068895559386227,1.8939349232268672,-0.9025337779322911,N900_RS16590,putative 2-aminoethylphosphonate ABC transporter permease subunit,-0.09800021499999997,-1.6796,3.5755,6h_ce,6h,ce,3h_SI1,3h,SI1,5.2551
0.0205261417355449,0.28379354067087914,1.7868725555682259,0.6808272842479628,-0.1818527303486655,-1.335463491448242,-3.3145251535415508,-0.9211087597234346,-0.9299659166127195,-0.5595839690577893,N900_RS16595,putative 2-aminoethylphosphonate ABC transporter ATP-binding protein,0.1405283,-1.2897,2.2662,6h_st,6h,st,3h_st,3h,st,3.5559000000000003
0.7268783594061761,-1.290255325582212,-0.1348073740717282,0.7365632484282987,-0.015428144693090111,1.068414622727219,-2.077824897819071,-0.013547196515109605,0.6598732130388425,1.7436909156659703,N900_RS16600,putative 2-aminoethylphosphonate ABC transporter substrate-binding protein,0.738933845,-0.60612,3.9444,3h_SI2,3h,SI2,12h_SI1,12h,SI1,4.55052
-2.7814529837900865,-1.271166902667149,-0.20396980180845947,-0.22625646021533807,-1.972990596643391,-1.1212574549221088,1.5262404536522425,-1.5927340629714908,2.889708171326071,1.682104419444934,N900_RS16605,phnW,0.19786830000000002,-1.1237,3.5522,12h_SI4,12h,SI4,6h_ce,6h,ce,4.6759
1.2959036950004545,-0.051044014652626646,0.4411984592233141,1.4492981824791729,0.7661630980038717,0.028588697476095604,0.2937715106379494,0.21267479173111697,-0.7605507779124311,-1.5907053548353858,N900_RS16610,pbfA_BLAST,0.4936471499999999,-1.1432,3.8206,6h_SI3,6h,SI3,6h_SI1,6h,SI1,4.9638
-2.568792561200375,-0.5426483021548941,-0.1348661446735135,-0.07776346117498201,0.8890509140890556,-1.932747806688278,0.5976313622134495,-2.9709865577942596,-1.4998614302770399,-0.7902811431092326,N900_RS16615,phnX,-0.1578717666666667,-1.6794,2.8874,12h_SI2,12h,SI2,6h_SI5,6h,SI5,4.5668
-0.06667935812117243,2.432819623330555,4.875585211461445,-2.9448284852412696,-1.7126778577254105,0.050177097594777176,-0.2351260625915479,-2.364987843331753,-1.582049232696272,-0.4927364853546694,N900_RS16620,rnk,0.006918493833333332,0.00037715,0.11786,6h_SI7,6h,SI7,3h_st,3h,st,0.11748285
-2.2404648491014,-0.23574629516072765,-2.5747076915811014,0.4901613881249225,-0.08376889184394903,-0.9313460219214666,-1.9842301064968428,-0.5662000086620804,-1.5262161917156187,0.60168348193012,N900_RS16625,yjjG,-0.6775068333333334,-2.2165,2.0253,6h_ce,6h,ce,6h_SI4,6h,SI4,4.2418
-5.270412385816806,1.7014340762054059,0.29604334821198636,1.259658912754516,0.65378107173693,-1.5216142625473963,-0.7625471318970383,-1.2137389863597816,0.6309473234330326,0.7804095596845069,N900_RS16630,N900_RS16630,-1.6399974166666664,-4.2154,2.6879,3h_SI7,3h,SI7,6h_SI3,6h,SI3,6.9033
0.9219181384823845,-2.0705256723832335,-0.5154197437083874,-0.22199045761374658,0.8284651800018794,-0.21776537951606478,1.9993671442636145,-2.594754999868812,-1.5661791198634933,1.553926367290374,N900_RS16635,elbB,0.7170730741666667,-0.63514,3.8834,3h_SI4,3h,SI4,3h_SI2,3h,SI2,4.51854
2.224580048643455,1.2770163486995108,0.12061013569748583,-0.5324773945746704,0.594944824176895,0.9464691942760344,-1.6737241615710536,0.940177588266289,-0.7543135663224899,0.8220535627522925,N900_RS16640,mscL,1.314688,0.04768,4.8727,1h_SI7,1h,SI7,6h_SI2,6h,SI2,4.82502
0.4875034391985751,0.3856438706346708,2.937275978067076,0.3009178696624568,-0.13372173302501117,-1.8545903055410915,-1.3233013935584408,-0.28235588139910045,-1.2333589155157112,1.069988203957505,N900_RS16645,fhs,0.6325850383333333,-0.62978,3.4248,24h_co,24h,co,3h_st,3h,st,4.05458
3.1505244444219302,1.0200936882612428,0.7926410991082733,-0.4967247977425293,0.5696414130100038,-0.2537909964961089,0.6094021409360832,0.2156527543533227,-0.11995595438952189,1.2459260215882486,N900_RS16650,msrB_3,1.3835076666666666,-0.4214,3.6788,1h_SI4,1h,SI4,6h_st,6h,st,4.1002
-4.138083063860817,-2.543687029047066,0.5879842711201818,-2.3840866508896497,1.6985174716864688,-1.926910069310575,-1.1948166549375805,-1.9525950346560037,2.0018327492603025,-0.37836588809428173,N900_RS16660,moeA,0.061813798333333336,-1.7186,4.2825,12h_SI2,12h,SI2,6h_SI4,6h,SI4,6.001099999999999
-2.2644952875211675,0.6481264080848543,-2.0129157647225697,-0.3592582589689439,-2.5122509695249997,1.4925395283487546,-0.49684856496239393,0.9527384303675817,1.5564083556956128,0.20097251131098992,N900_RS16665,moeB,0.32829596666666666,-1.3326,3.7118,24h_st,24h,st,3h_SI3,3h,SI3,5.0444
-0.505602933340056,-1.3049839740210794,1.6968874568205008,-2.7273180091972864,0.5234298654850725,-1.1387665005854632,-2.86159457161045,-0.5326023617906674,-0.516038582179792,-1.9405104148887744,N900_RS16670,glyoxalase_2,0.9080446181666667,-1.4735,4.4467,12h_SI2,12h,SI2,1h_SI1,1h,SI1,5.9201999999999995
-1.4575127888642565,2.6911043010399336,-0.9770611649319978,-1.9141386694398588,0.9617111531962286,-0.8816907767267077,4.104961256851799,1.3950339784458048,-0.9206783194550358,0.08318947396463738,N900_RS16675,sseA,1.0527538636666667,-0.77447,6.1141,6h_SI7,6h,SI7,6h_st,6h,st,6.88857
-3.287198411980453,-2.519831840648961,1.337477880344529,0.03228742614415192,3.073753982914066,0.003974111813554337,-1.0873058737126469,-0.5158162008617293,1.517639360975978,0.043292047363939434,N900_RS16680,lsrR,0.22555716666666664,-1.5663,3.759,12h_SI1,12h,SI1,1h_SI1,1h,SI1,5.3253
-4.733025458767046,1.9218006168811346,-1.3104875865958825,0.9872034906292582,0.39926886354876934,0.20012152527733462,-0.6470451598070783,-0.6486050438693469,0.15782750733790607,0.07331793381626472,N900_RS16690,tal,0.42097917833333326,-0.97776,5.6023,24h_SI5,24h,SI5,1h_SI1,1h,SI1,6.58006
-1.1108427875771338,1.2917719950897748,-1.999307153392107,0.8917895343199871,-2.5317528161820917,0.25716803340687766,0.7461831664115709,-1.4462480930729267,-0.573013950361413,0.6851330506245952,N900_RS16700,TonB-dependent receptor_2,0.6705106366666667,-1.0499,3.8867,6h_SI4,6h,SI4,1h_st,1h,st,4.9366
-0.510478509263641,2.177446220136159,-2.1515197027691344,-0.16089459623598112,-2.3448110340606547,1.4670315683288018,-1.3644701821676757,1.863592136307925,-2.073380450391921,-1.3945771359844175,N900_RS16705,spoU,-0.32401194333333333,-2.6695,5.3864,6h_SI6,6h,SI6,12h_SI1,12h,SI1,8.055900000000001
-3.6994564547303708,0.0470413011179564,3.6131379576632088,-0.741301229650996,-1.1952672641305204,-1.727638961712871,-1.6483626236087352,1.1111487586224602,1.1524794750023335,-0.6378051820016029,N900_RS16710,prepilin peptidase_3,-0.090432,-1.4352,2.0475,12h_SI3,12h,SI3,3h_SI5,3h,SI5,3.4827
-0.09083739572317873,-2.0216533326841497,0.8266081441681737,0.28879945159336495,1.0952048846455944,-1.7722973681350225,-2.3852964980270723,-0.3826639256423187,3.235439779677449,-0.9109201455066495,N900_RS16715,abrb,0.7142754149999999,-0.80685,4.4587,12h_st,12h,st,6h_SI3,6h,SI3,5.26555
0.9228628162111341,1.4496642376880002,-0.6464318204125329,-0.6297322604826001,1.8445852709985069,0.4693420677691057,1.1964417725521002,-0.683828882231968,0.1705117497075878,3.516608910587874,N900_RS16720,gyaR,0.8166828250000001,-0.78383,4.2747,3h_SI4,3h,SI4,6h_st,6h,st,5.05853
2.7173926844721716,0.8816924977084987,1.57995458164399,0.24741842814870907,0.36187766233679786,1.1446031585921368,-0.4121837723702122,-0.8574065363951864,0.17731837279094748,1.1954285131052138,N900_RS16725,GNAT family acetyltransferase,1.179908833333333,-0.16635,4.7237,6h_co,6h,co,3h_SI1,3h,SI1,4.8900500000000005
1.9391844142086772,1.5701622133339423,-1.1634861997313233,2.0278422300549273,0.6534588543944523,-0.8088256473831916,0.4956058958540946,0.04005257533335488,1.1236688466745768,0.4742378672792207,N900_RS16730,nudG,0.7322727166666666,-0.66487,3.3135,3h_st,3h,st,3h_SI3,3h,SI3,3.97837
2.6620491360003706,-1.037802133486664,-0.7342094768142111,1.1975489063914524,0.5034890215933903,0.8992549097071699,-0.6104861444492033,-1.168118411495156,0.1788071748348119,-1.5128255110702806,N900_RS16735,glpm,0.6334879999999999,-0.9542,4.6787,1h_SI3,1h,SI3,6h_SI2,6h,SI2,5.6329
2.4413640652633664,1.1097202109948525,-1.9088715426195817,-2.7255005412127575,1.145724376014265,1.3597648261129645,2.4674338972603653,-0.881315023115802,0.07652370297291888,-0.23393284856009477,N900_RS16740,tRNA (adenine-N(1))-methyltransferase,1.1292991166666666,-0.90748,4.1526,1h_SI1,1h,SI1,3h_SI2,3h,SI2,5.060079999999999
1.7392703886491576,0.8743157403983649,0.8091371654404081,-1.46709075988267,-2.2094185676532567,-2.236641245718955,0.581846845685562,1.5789792688404785,-0.31843773648675155,0.7406417800703917,N900_RS16745,dmlR_5,0.8317429999999999,-0.46262,3.8421,3h_SI1,3h,SI1,3h_SI4,3h,SI4,4.30472
-0.7274997782501647,1.3424804850458434,-1.5702612411567625,-0.7146192304089862,1.4487001186075885,4.285161646709401,0.2891183311899758,0.8540171095394289,0.6807199897087314,-1.4486701679987761,N900_RS16750,antibiotic biosynthesis monooxygenase,0.6518676713333333,-3.1135,4.3596,6h_SI6,6h,SI6,3h_SI1,3h,SI1,7.4731000000000005
-2.926852325241263,0.6433751178648877,-0.17715645806851238,-0.9779357424471231,-0.5288151787491383,1.5856968187990668,0.9294348332022534,0.12367872910601319,0.10977030399964838,-0.06300959237414028,N900_RS16755,nfsB,1.2619842833333335,-1.2308,6.7662,12h_SI8,12h,SI8,3h_SI6,3h,SI6,7.997
0.1473843273254163,-2.4084744439813526,0.9541532790117843,2.2464322386201836,-0.3833469914390294,0.4732247579407344,1.7786233734533055,-0.43322264275989936,0.4223955782875012,0.23707734814635528,N900_RS16760,efflux RND transporter permease subunit,0.5394908916666666,-1.5423,3.3694,6h_SI1,6h,SI1,3h_SI2,3h,SI2,4.9117
1.3470524770954633,-0.5014062274878706,0.17076229869284887,0.2503035083891261,0.4380017021396514,-1.750056465728977,-1.0384857865672803,0.25308881251011134,0.7399358139390763,2.1656792941566945,N900_RS16765,mdtA,0.6354592599999999,-0.62619,3.7275,12h_st,12h,st,3h_SI3,3h,SI3,4.35369
-0.3133422421881278,1.2208357516461872,-2.6190922380651633,-0.21694140783233684,-2.8020448520679064,1.305674997377053,2.539493689074064,-0.5318601325352275,-0.5984272345357483,-0.4081839657350629,N900_RS16770,Probable transporter PD_1893_BLAST,-0.239255285,-2.8898,3.4182,6h_SI7,6h,SI7,3h_SI2,3h,SI2,6.308
-1.9343702803078755,3.384152459577547,4.819676724232368,-3.939929003131521,-2.2169856726292068,1.852234947972574,-1.5713850141406376,-0.9403003532832621,-1.7180150675253647,0.4098390774639913,N900_RS16775,Probable transporter XF_0766_BLAST,0.0026558358566666665,6.9364e-06,0.11476,6h_SI5,6h,SI5,3h_st,3h,st,0.1147530636
0.7304047146734476,-0.23701530480302568,0.3482485434736214,1.7002042874236305,-1.4124340904436852,0.6808387500084195,1.7528272962275218,0.5178166790718963,0.729488807563022,1.1744680315487932,N900_RS16780,arsR,0.9171819416666668,-0.48954,3.9739,6h_SI2,6h,SI2,1h_st,1h,st,4.46344
0.5933863833801376,-1.5884540981949455,-0.020932947803946562,1.066465936090545,1.8657942787821455,1.2952289429616504,0.5748889522702709,-2.379584600308556,-0.9241834286369776,-0.11327374139047475,N900_RS16785,N900_RS16785,0.25095937500000004,-1.2511,3.946,1h_SI2,1h,SI2,3h_SI1,3h,SI1,5.197100000000001
0.36237041660434066,0.9657032173414329,1.9387120005201413,0.34258965472509484,-0.5903828855609181,0.7234273482098793,-4.036283504232635,-0.7017775554727004,-0.7632847836826521,-0.2027905409981241,N900_RS16790,cdr,0.20182668333333323,-1.1618,4.6773,12h_st,12h,st,3h_st,3h,st,5.8391
0.7961573826336164,-1.971950799579107,-1.4546357919368824,0.8704714824029605,-0.8990907689366862,-0.41813744102791595,-1.0205927454133923,-2.4500222569558296,0.9119800855713354,0.4018763411619912,N900_RS16795,N900_RS16795,0.819769475,-0.41445,3.6613,6h_st,6h,st,6h_SI3,6h,SI3,4.07575
1.1295356139655084,-0.7184518953281349,2.821868783511466,0.6991746986586751,-1.0879693819494156,0.5775554359180483,-0.5980344674366564,-0.6742497976772577,-1.4127719484191816,0.948681857893876,N900_RS16800,GNAT family N-acetyltransferase_5,1.3204412333333335,-0.26047,4.9415,6h_st,6h,st,3h_st,3h,st,5.201969999999999
-4.584862914973349,-0.48221422571427064,-2.054556614874715,0.5143130845524491,-2.1187275117068634,0.895662877616377,-0.724757727972037,0.009170602542291906,1.1651126390369142,1.3637460520100364,N900_RS16805,N900_RS16805,-0.147759885,-1.9441,2.725,24h_st,24h,st,12h_SI2,12h,SI2,4.6691
1.0629552853033353,-0.6979598657400443,0.1578974991954543,2.688807605694305,-0.018406209938068165,0.6571734607415101,0.03464545414980735,0.057572436681800676,0.722153472428736,-1.2202338514410094,N900_RS16810,N900_RS16810,0.7120209083333332,-0.91403,3.9278,6h_SI4,6h,SI4,1h_SI1,1h,SI1,4.84183
1.4035224724053705,0.5146105166870736,-1.7852352420002806,-0.34912040404824696,-1.0353562386590587,2.051341023865935,2.522947178984408,0.46525386292112386,-0.9264266382680088,1.4457835348545347,N900_RS16815,N900_RS16815,1.0493633000000002,-0.74401,6.0943,1h_SI1,1h,SI1,12h_SI1,12h,SI1,6.83831
-0.24876669355902825,-0.91836043088965,-2.8946020868026774,-1.9384306186869602,1.0093617037257074,-1.6325502044956752,-1.199797567232849,1.1601282884611557,-1.251114359866571,0.40178756789866354,N900_RS16820,N900_RS16820,0.5145647466666666,-0.84706,3.4173,3h_st,3h,st,6h_SI4,6h,SI4,4.26436
0.08819562302838069,-0.10056853011691697,3.1333998425083887,-1.4113862379814988,2.719280195436572,0.6606170085459694,-1.6001276649338008,-0.8226366920856554,0.06556089475783955,-0.4934246493085933,N900_RS16825,N900_RS16825,1.01404875,-0.66336,5.424,12h_SI4,12h,SI4,3h_SI5,3h,SI5,6.08736
3.114860400218439,-1.628542888370456,2.571978337361011,-1.7729168699870888,-0.3235769729709196,0.018386921297959824,0.2459156594076337,0.5574081286405201,-0.16264136830871034,0.6519227684118718,N900_RS16830,N900_RS16830,1.1980699833333333,-0.94019,3.9891,1h_SI9,1h,SI9,3h_st,3h,st,4.92929
1.5111015045199352,-2.305671152107529,-0.12952035342592141,0.44752359470644754,-2.244517727439749,-2.020832421005935,0.4928974820696434,0.22343897247601513,-0.03135616357524551,-1.5059362049281528,N900_RS16835,treP,0.7296224666666666,-0.61527,4.1667,1h_st,1h,st,6h_SI1,6h,SI1,4.781969999999999
-1.6806362216954063,-0.20532876140932532,-0.06612063581704167,2.1062975898560112,-0.9665359876211322,0.4912296542668677,-0.5434696504064476,1.4084665797924418,1.6565649354894103,1.1273020349718414,N900_RS16840,ccpA,-0.06123888333333335,-1.5799,3.9485,1h_SI1,1h,SI1,3h_SI3,3h,SI3,5.5284
-0.03387372536486888,0.183078621282431,-1.4232048645774722,0.7696192340834207,-1.650087814394449,-1.9496549805200925,1.0254259616341581,-2.709956183935572,0.13076624394964803,-0.38110949769785435,N900_RS16845,scrB,-0.251349886,-1.5466,3.8156,3h_SI1,3h,SI1,3h_SI2,3h,SI2,5.3622
-0.34109052786043126,1.322430316275446,2.719675851399917,0.6790205990811939,-0.37900231453543876,1.1040236731530815,-3.465542277804788,0.002244883662815278,1.1220579971789824,-0.2327916030098368,N900_RS16850,aminoimidazole riboside kinase,0.13354021666666666,-1.1207,3.2724,3h_SI5,3h,SI5,3h_st,3h,st,4.3931000000000004
-0.26102787454786336,1.3583368294253817,1.8675962348839714,0.23466289552133102,-1.2662650524981411,2.0150186450810628,-0.967233076692561,2.201981876582434,1.7481243647294447,0.21459876688362356,N900_RS16855,glpD,0.6496473833333333,-0.79936,3.3945,6h_SI2,6h,SI2,3h_SI3,3h,SI3,4.19386
0.6149648179137275,0.2365344915023319,1.2741517359221946,-0.6317336439544528,-1.4262010462647357,-1.9493222882383279,-0.2623231110894416,-1.703102191898011,-1.227652925731916,-0.5082553454098726,N900_RS16860,aer_1,1.1111448666666663,-0.68545,5.2558,3h_SI1,3h,SI1,6h_SI1,6h,SI1,5.94125
-0.953143521000976,-1.168669709187335,-0.8153297966497886,-0.8327661809054858,-0.5633687369663661,-1.9486768778634835,-0.1336730276144028,-1.6405502555975766,3.087236418340435,-0.8895866447725829,N900_RS16865,pal_2,0.8230022889999999,-0.77208,4.4384,12h_SI1,12h,SI1,6h_SI1,6h,SI1,5.21048
1.9616214543631916,0.691453250812062,1.2041948254422856,0.020241940791869695,0.18379035649611525,-0.18645814919958048,0.04856469148400344,-0.07612055973800669,-1.6720597909970003,1.739208805564399,N900_RS16870,fkpA_2,0.95234514,-0.55698,3.956,6h_SI8,6h,SI8,1h_ce,1h,ce,4.51298
0.5591636390714547,-2.92162561392207,-0.7215854705955146,1.3596492747948328,0.67224106293593,-0.70509236715106,-0.5696415737745211,0.7069870644575416,-1.1667878853604536,-0.45429161079355523,N900_RS16875,beta-phosphoglucomutase family hydrolase,0.43112399516666666,-1.1501,2.9659,12h_st,12h,st,3h_SI4,3h,SI4,4.116
1.768018921875524,-0.9268693137779882,-1.5829092298683773,-3.1409580750395776,0.6096733735055647,-1.3571203189093972,-0.5253512561485063,-1.2503421997985376,-1.7556723558648226,0.6184480782572701,N900_RS16880,methyl-accepting chemotaxis protein_23,0.8277599333333333,-1.0161,3.6504,1h_ce,1h,ce,6h_SI2,6h,SI2,4.6665
-0.29341844411151907,-1.5647816381043065,0.838801882409207,1.1867253152084074,-0.1390330656530598,0.9215899462908652,-1.1509699870091916,2.8226994425078784,2.911862636066879,-0.904995377983114,N900_RS16885,N900_RS16885,0.11723854,-1.4426,4.5481,6h_SI2,6h,SI2,3h_SI4,3h,SI4,5.9907
2.6515233274167302,-1.0799921659530953,-1.641645452177715,-0.6610730567796577,-0.6864303667576742,-0.6326351537024564,0.5495081184309196,0.32970787466281515,-0.4095185805602817,-0.07296174703385472,N900_RS16890,dcuC,1.5143455833333335,-0.22815,4.5966,1h_SI8,1h,SI8,12h_SI1,12h,SI1,4.82475
-0.06710474262971866,0.9539237114423841,-0.41795902097654253,0.9089253124240626,-0.7049290755800497,2.722319548098787,-1.6985512724028917,0.09607587398335501,0.4891162218121313,0.7344649673697405,N900_RS16895,L-serine ammonia-lyase,0.47370339999999994,-1.0394,3.4005,6h_SI1,6h,SI1,3h_SI1,3h,SI1,4.4399
2.5606229304220873,1.4651540906379803,0.7714620127534136,0.07480547579243657,-0.45083433401832634,0.12852846762738235,-1.320427837841473,0.1087776473349252,-0.6381026570775826,-0.8613624007851625,N900_RS16900,sglT,1.1976677166666667,-0.33342,5.1654,1h_SI4,1h,SI4,6h_SI1,6h,SI1,5.49882
1.0285414171881717,3.5240400731906614,1.0803151889769627,-1.5428296645848616,-0.21963834584381361,0.17681710283615404,0.614413632529829,-1.5299442150356717,-1.313996017565084,2.395339554939836,N900_RS16905,yjhB,0.36280053333333334,-1.3162,4.9664,24h_ce,24h,ce,3h_st,3h,st,6.2826
-3.1606112598282428,-1.5462325513370492,0.672367513009883,-1.8522107787989637,1.281252853003182,-2.6421803664047925,3.512351288365969,-1.2714088342560599,0.6291289307041807,-0.5644618113945481,N900_RS16915,N900_RS16915,0.09244401666666667,-1.7849,2.8359,6h_SI1,6h,SI1,3h_SI2,3h,SI2,4.6208
1.336962952888003,0.8497116415690144,-1.4252982679012356,-0.5907300652519916,0.6185211225409567,2.1692796506204193,3.056093539937324,-1.3141236378851113,0.9383689734498692,1.1731375908250286,N900_RS16925,vraR,1.3537463500000004,-0.88984,4.7591,12h_SI8,12h,SI8,3h_SI2,3h,SI2,5.64894
1.6826771037050534,-2.0419843122467087,-1.4877094646011335,-1.144196177990536,-1.9616327390377137,-0.24669518249784383,-0.1564046420962053,0.697014946980214,-0.7672335161426914,-1.133267347725492,N900_RS16930,narQ,1.5310223133333334,-0.69866,6.2865,1h_SI8,1h,SI8,12h_SI1,12h,SI1,6.9851600000000005
0.21628956377410447,2.4657614051078456,-0.22644706767977163,0.1261793820715833,1.9934563427851464,-0.6993005791441762,3.3686857405766313,2.0940855034142065,0.858451672432829,1.4761459316983718,N900_RS16935,napF,-0.027393087333333337,-1.6836,5.0861,24h_st,24h,st,6h_st,6h,st,6.7697
0.14786018254119426,-0.17266877332642439,1.1440460257040521,-1.0798456868894133,0.5432513445781455,2.9597941531908782,-2.1999046081558973,-0.9751483747609335,-0.2877706660609849,1.444213283545298,N900_RS16940,mycothiol reductase,0.7413755,-0.79871,4.1751,6h_SI1,6h,SI1,3h_SI1,3h,SI1,4.973809999999999
1.241168077174681,1.269525406081784,-0.8724187513010083,0.8464005678207429,0.9620442653603846,0.4830310372834379,0.5647948976837399,-2.437070650405332,0.7476602356379953,0.03711353389607097,N900_RS16945,napA,1.442234565,-0.0011471,4.6641,3h_SI4,3h,SI4,1h_st,1h,st,4.6652471
-3.4298286877899553,3.3228376591671607,-1.9678698690950371,1.2312030334682724,-0.9471572195491882,0.4747128745723607,-0.3121202336536364,1.7683176512742549,-1.3949312053206775,-1.223631337535529,N900_RS16950,nitrate reductase cytochrome c-type subunit,-0.6916463233333334,-3.2206,2.5105,3h_SI7,3h,SI7,1h_ce,1h,ce,5.7311
-2.5808480431011067,1.4112265485958493,-0.7252074168120909,0.31457456512621906,-1.320990368762395,0.48055118537937536,1.3914917805080553,-0.4317770181734078,-2.6884190497036986,0.1718129877916904,N900_RS16960,N900_RS16960,-0.4783887333333333,-2.6155,3.4112,12h_SI6,12h,SI6,12h_SI1,12h,SI1,6.0267
0.8620955696629147,-0.7263749044664476,0.8012049830017394,1.4528182571853612,0.12246522773932966,1.1471890255590467,-3.556195841036698,1.0632790114743493,-0.3255507828597133,0.025117187570420474,N900_RS16965,VC_A0681_BLAST,0.6569156833333333,-0.92262,3.1571,6h_st,6h,st,3h_SI1,3h,SI1,4.07972
0.3796078689418172,1.5216857465150524,3.7190425495000823,1.048909889802704,-1.6253809321971495,0.36168414134739013,0.5690572662113332,0.05305760431955814,1.053080477195317,-0.8078171152599944,N900_RS16970,uhpA,0.33793890000000004,-1.2807,4.6478,6h_SI7,6h,SI7,3h_st,3h,st,5.9285
0.1625935982818052,-0.6975372364795795,-1.1296686681839487,-0.37974615657181254,1.4388736040756642,2.331830222809727,1.7202369301428981,-1.8609060504807842,-0.46440947972396673,-1.1982761498226615,N900_RS16975,uhpB,1.428461016666667,-0.27163,5.0125,6h_SI4,6h,SI4,6h_SI1,6h,SI1,5.28413
2.5481410431913982,-1.8711332006894912,-0.10724499646118707,0.6063401339375685,0.29074278251224567,-0.1679609857271005,0.1575868729343316,-0.30160550102286027,1.3892381029612162,-0.9080110050745662,N900_RS16980,uhpT,0.9171101400000001,-0.67358,3.9435,3h_st,3h,st,6h_SI4,6h,SI4,4.61708
-2.659435770039871,0.21829820944861297,-1.839867424008992,1.0412163218897263,-2.7652631551442988,0.33896670597451684,-1.1156948366293833,3.3019599880917605,-0.5508244232985223,-0.21424287250325036,N900_RS16985,HI_0131_BLAST,0.08490835000000001,-1.3763,3.2174,3h_SI1,3h,SI1,1h_ce,1h,ce,4.5937
1.0754868420910242,-0.4477401130271995,-1.1870152743704734,-1.1754784891020909,-1.2196751418687843,-1.9036174910991357,-2.216376169110724,0.6097284126304606,1.9202302319657036,-0.6582367161221363,N900_RS16990,fbpB,1.1150698999999997,-0.26583,4.2786,3h_SI1,3h,SI1,6h_SI3,6h,SI3,4.54443
1.0696049489190234,-1.3114002668183682,-0.77257072716693,0.19516011422159218,0.2350783847283314,-1.4586184599021053,2.137893315648813,0.182818970804056,1.5068046376824018,1.5117670363850129,N900_RS16995,fbpc,0.7874967783333333,-0.71548,3.3391,3h_st,3h,st,6h_ce,6h,ce,4.0545800000000005
1.3046891890942227,-1.3815679589379994,0.5547038945369138,0.24416357176574266,-1.8754058411490553,-1.9218632440424055,-0.15483581711002037,-0.6899233449438924,-0.26917177435088924,-1.7384273474794614,N900_RS17000,phaC,0.7301350666666667,-0.6329,3.0825,1h_st,1h,st,3h_SI2,3h,SI2,3.7154
-3.2472676175336237,2.2322410686389857,0.09789560196228088,0.11435061744525354,-0.8148485385418984,-0.05639770797934518,3.878476832530568,-1.213482804706723,-0.42200992421929495,-1.5411615690441542,N900_RS17005,N900_RS17005,-0.2128434833333333,-1.9184,3.7991,12h_ce,12h,ce,3h_SI2,3h,SI2,5.7175
0.8386865223114923,2.410149571919567,1.0595640410577187,-0.7175390444254466,0.11835366806655806,-2.37558362768581,-0.3741666948948925,-0.014412635687166164,-1.1604829601772804,-0.31675325861657255,N900_RS17010,phaA,0.9555229716666667,-0.30916,4.1748,6h_SI9,6h,SI9,1h_SI1,1h,SI1,4.483960000000001
0.006694983586100545,1.0983505383547447,0.6823945057902955,-1.5624814503146147,-1.6004747820722918,0.043111675721252296,1.7217800148219649,-0.5642283232663738,-1.247556078640573,-1.7804175787963743,N900_RS17015,fabG_2,1.4564766366666668,-0.99982,4.9421,1h_SI2,1h,SI2,6h_SI3,6h,SI3,5.94192
0.49584043337092965,0.9857925011532348,-2.3722803121523084,0.9617218198214554,-2.11011144775956,2.9041704570839504,-1.7722688285973833,-0.03360467700893377,-0.26066214575231716,0.5447888406635972,N900_RS17020,secF_2,0.4510270333333334,-1.3879,5.2361,6h_ce,6h,ce,12h_SI1,12h,SI1,6.6240000000000006
0.600416861828474,-1.9658038762047898,-0.38901977099124907,0.8454393524492425,-1.9208107304895687,-2.5759646217221546,0.26578811900523774,0.7892708737815786,0.9620606788621786,0.8129054252528143,N900_RS17025,secD_2,0.38863711666666667,-1.1773,3.8037,12h_st,12h,st,3h_SI3,3h,SI3,4.981
-4.28184223975823,-0.5028601763805044,0.9618519327514268,-1.1075640498337371,-2.111515066792762,0.3048857820124009,0.979083917082074,2.7827647882433695,3.5711391002196775,-1.0459565832641111,N900_RS17030,N900_RS17030,0.007091439999999995,-1.8932,3.5699,12h_SI3,12h,SI3,24h_st,24h,st,5.4631
0.8994458781761354,-1.316349791243298,-1.4110491086119994,-1.2063891390323283,-1.729196344023679,-0.9704788960706812,-2.2347285708189446,-1.2053884412533609,-1.7724969660980543,-1.2112115402849197,N900_RS17035,N900_RS17035,0.8191599833333333,-0.80078,3.4977,3h_SI1,3h,SI1,6h_SI2,6h,SI2,4.29848
1.8026010227955611,-1.4842095459713696,-0.5035319976511756,0.15127952048717042,-2.19349678769454,-1.8636798632928224,0.2997979433385223,0.13737418569120122,1.2046023462650104,-0.681242180962291,N900_RS17040,diguanylate cyclase_5,1.2453789833333333,-0.3071,5.1603,1h_SI6,1h,SI6,3h_SI3,3h,SI3,5.4674000000000005
0.8113757298385602,0.14181274242527464,-1.309332435943325,1.8167605156023638,-0.09625851095216528,0.2998425421189824,-1.0967547810533622,-1.0646724402087553,0.10578514763115998,0.12121132785040567,N900_RS17045,glgC_2,0.9113801733333333,-0.85677,4.0223,6h_st,6h,st,12h_st,12h,st,4.8790700000000005
0.6821429157935452,0.55207660972114,1.9557541846711437,1.1654925552845525,-0.5085663384430423,0.589635114378003,-0.8489856671617266,-1.1259600470668065,-1.2106640877538974,-1.0254897875402333,N900_RS17050,endo I_2,0.7258463333333333,-0.69464,3.6224,12h_st,12h,st,3h_st,3h,st,4.3170399999999995
2.063711614296177,-1.8021328050294563,-0.9079289504816298,0.9422406133997754,-0.031323511254794954,0.41262453562632795,0.07622487431469116,-1.0705649451740114,-0.9262128025231852,0.01403608302250181,N900_RS17055,yqhD,1.3934193333333331,-0.12136,5.1667,1h_SI7,1h,SI7,6h_ce,6h,ce,5.28806
-2.4787680700583596,0.11941746334224518,-1.5013381756979807,0.6976265281493652,-0.19226825743071105,-0.4659315431607922,-1.8529276739936222,1.234919078269825,-1.4028987666593618,-1.8773223905129814,N900_RS17060,lysoplasmalogenase_2,-0.4242432066666667,-2.0285,2.2069,6h_ce,6h,ce,24h_SI3,24h,SI3,4.2354
-0.9028889455144666,-1.5022691659156,-0.5620657771960447,2.1410036339833907,-0.6313185147665513,2.7618505540306026,-1.2745246973232276,3.059697160401862,-0.12735214894946245,0.7748447855143223,N900_RS17065,sigma-54-dependent Fis family transcriptional regulator,0.15059276666666666,-1.2004,2.7267,12h_st,12h,st,3h_SI1,3h,SI1,3.9271000000000003
0.8291037651193776,0.801954479950043,-0.9655581088179006,0.8481353674911207,-1.2169798588815397,-0.13938864319143107,-1.948699414676409,1.4946596129302219,0.8478329408597023,-1.045505586227646,N900_RS17070,sasA_10,0.849038285,-0.66803,3.9104,6h_SI4,6h,SI4,3h_SI4,3h,SI4,4.57843
-0.24577150939067804,0.3922264248945837,-0.15784462918347356,0.8086924386466867,0.3879968132637691,1.2528431784733591,-2.6337860429749096,-0.18843339722241487,0.22464738776233006,0.8459244999428146,N900_RS17075,ABC transporter substrate-binding protein_11,0.053395615000000014,-1.7783,2.5907,6h_SI1,6h,SI1,6h_SI3,6h,SI3,4.369
3.2597468261491267,1.555984288828203,1.5380827122864382,-0.5261117864136755,-0.6939320420371158,-0.2932715817496372,0.09030832673275468,0.5006363864298492,-0.47731160454121324,-0.4227681239764162,N900_RS17080,uhpC_2,0.7357802000000001,-1.1174,3.8125,6h_ce,6h,ce,3h_st,3h,st,4.9299
1.723064238257784,1.5131901255025377,-0.25166501268546315,-1.8226873742045242,0.2923519761410697,-1.9971707332748068,-1.1473878168363276,0.9849236828233807,-0.8588561533350153,1.8549704658685553,N900_RS17085,pykA_2,0.9199283349999999,-0.3013,4.3186,3h_co,3h,co,6h_st,6h,st,4.6199
-0.9409204395514403,0.25794950161659824,-0.9006907852630162,0.4729342497839397,-2.0628772466603524,-1.0163027651101058,0.29396369051530064,-1.2083937704003778,-2.14675708609901,-0.5480112031732465,N900_RS17090,torS,0.18125172333333334,-1.4573,2.6676,6h_SI1,6h,SI1,6h_SI3,6h,SI3,4.1249
1.4195019143192926,-1.2931086711106707,-0.1817633280816898,0.6618438801890014,0.3617310818586897,-0.519022610834901,-2.528658838924942,1.111723445758561,2.2926768276631213,-0.6816422965129527,N900_RS17095,torT,0.9537390833333333,-0.15005,4.4348,3h_SI9,3h,SI9,6h_SI1,6h,SI1,4.58485
1.8174872487821583,-0.594633944838329,0.12559662218319295,0.4919385593869072,0.8799163234126763,-1.371139864753308,0.719646057794642,0.7453126849800168,0.105863556372915,1.1004845090241475,N900_RS17100,mgsA,0.7573752716666668,-0.9919,3.4278,3h_SI9,3h,SI9,6h_st,6h,st,4.4197
2.4412389763106184,0.8448468535518721,1.2523365345865995,-1.149439747920807,0.11895332247473753,-0.53674422754259,-1.42520371445742,1.0018791315272468,-0.6205222789603234,-0.7431910754579248,N900_RS17105,pncA,0.0048669499999999906,-2.0468,2.9062,3h_SI8,3h,SI8,6h_SI1,6h,SI1,4.953
-0.3469256938901557,-0.14956630091399853,-0.3334492671391729,2.1369427916898998,-1.7303409333214366,0.34786552798963377,0.6046634255257317,0.38857017031197627,0.4831992996396915,-0.1628747689275486,N900_RS17110,dgkA,0.05298613333333333,-1.2894,3.6196,6h_st,6h,st,3h_SI5,3h,SI5,4.909000000000001
0.31299143809678975,-1.285696925811432,0.07968948572536821,0.5758188243278881,0.9139715486437089,-0.48265223743846897,2.1564703216892083,-2.4533092150031934,1.786730837476651,0.8684149238275995,N900_RS17115,cytochrome b_2,1.335402983333333,-0.50459,4.2721,12h_SI2,12h,SI2,3h_SI2,3h,SI2,4.77669
1.5966066810832968,0.19113379463702893,2.3406265278265592,0.09562477910288125,-0.27311903473760024,1.021620124277237,-1.6641293074914694,-2.4423461580637444,0.4647024043290993,0.7944860751897258,N900_RS17120,cytochrome b_1,0.8508257406666666,-0.44336,4.2295,3h_SI4,3h,SI4,3h_st,3h,st,4.67286
3.2436080347991743,-0.6611510725010964,-0.2980515799263841,-1.5486798124352732,1.8373202665254187,-0.09560996170299929,0.9069403527598173,0.7158282224965891,0.744472045750608,-0.7984230673988696,N900_RS17125,helD,1.08539545,-1.8971,4.327,1h_SI7,1h,SI7,24h_st,24h,st,6.2241
-4.368159382636384,-0.44613982330790647,3.5888457850912014,-1.6120125626729376,0.7382996272210133,1.0075417356335405,-0.46089967157552647,-0.5314110581251827,-0.23885291735743952,1.0565352394632486,N900_RS17130,yccS,0.07926474999999995,-1.669,4.4391,12h_SI3,12h,SI3,6h_ce,6h,ce,6.1081
-1.0461249205883858,-1.3371405103314895,-1.442666733325218,-0.5196145222988575,0.07424023290226175,-0.45275654619331274,0.6710509550211043,-2.4450636108609864,-0.9964874275170174,-2.11877002999251,N900_RS17135,zraS,0.36174102499999994,-0.77758,3.2494,6h_st,6h,st,12h_SI2,12h,SI2,4.02698
-2.8662920705507604,1.2364676496805385,-0.9943516218907089,-0.11189091630342052,-1.3348038517749305,0.685431455727768,-2.270379452931203,-0.9541439381840182,-2.8412834916616254,0.9808211516128538,N900_RS17140,guanylate cyclase,-0.3868595,-1.5386,2.2391,24h_co,24h,co,6h_SI3,6h,SI3,3.7777000000000003
2.577808456515779,-1.4371102464367864,-1.2767854324827828,-2.7148232612930765,-1.612194240211739,-0.17869740388114574,1.4100877958479758,1.7034516535519244,1.395488904384122,-0.5158690530383221,N900_RS17145,N900_RS17145,0.7030250333333334,-2.609,4.1445,1h_SI3,1h,SI3,24h_SI1,24h,SI1,6.7535
-5.065035170178017,-0.4183231279197004,1.4822142841601718,-0.31267843591188194,1.5279032330090014,-0.761862928122998,-0.4661263173342438,-0.2017227485090632,0.8962984159909684,-0.6572383841197136,N900_RS17150,N900_RS17150,-0.7846704,-2.6707,2.5988,12h_SI4,12h,SI4,1h_SI1,1h,SI1,5.269500000000001
2.20923935423738,-2.021181615731796,-1.3435685365823673,-0.8747117075091839,-2.1808824665965436,-0.49648294149619754,-1.2685977031626399,0.9505113850996971,-0.7718309741296797,-1.794379319638543,N900_RS17155,hydroxymethylglutaryl-CoA reductase,1.2817511833333335,-0.33346,4.9465,1h_SI8,1h,SI8,3h_SI4,3h,SI4,5.27996
1.210760273393423,-1.5954662718926433,2.117914036277465,1.650954211179363,1.1342642028499879,-0.8071113749404202,1.0599101827614807,-0.41915249339006294,1.4854246534488036,-2.398243255797901,N900_RS17160,modC,0.29395718,-1.5682,3.5798,3h_SI9,3h,SI9,3h_SI2,3h,SI2,5.148
0.8923798220871486,-0.020603265702211937,0.16895830804044193,1.4668594563600603,1.3502720021935186,-0.27226069911822237,1.1862079948350894,-0.9200024042303043,0.6898003478871484,2.5322690097873286,N900_RS17165,modB,0.4785044333333335,-0.83515,3.6116,24h_SI9,24h,SI9,3h_SI1,3h,SI1,4.44675
2.35031245657449,1.943843135308505,1.0630441469049239,-1.7945104275027255,0.5773670967229685,2.1201803008821996,-1.401776723512963,-0.16557246355860478,-0.3010235052390441,0.6901968880026297,N900_RS17170,modA,1.083801783333333,-0.47467,4.7104,12h_SI6,12h,SI6,3h_SI1,3h,SI1,5.18507
1.1751056077657722,0.0870945880093717,0.06869673506922072,0.9709532956805762,-0.8651328770212094,2.0386870784036226,1.3745115867662068,0.1355306327276024,1.052852027720636,1.1686181210186997,N900_RS17175,cobQ,0.9838760250000002,-1.1049,4.5436,6h_SI2,6h,SI2,3h_SI1,3h,SI1,5.648499999999999
-0.3189602488707841,-2.2078422507213435,1.2450060083363748,2.2153839683893617,0.9908037891875736,-1.9479421469817324,0.6455028811635337,-0.9731286968765664,1.6642075260266354,-0.8328110363902936,N900_RS17180,DNA recombination protein RecF,0.40117316666666664,-1.2621,2.8585,3h_SI9,3h,SI9,3h_SI2,3h,SI2,4.1206
-2.302280631276065,-2.2093756557674427,1.524401834958672,0.38261407454239693,2.647924417384607,-0.09103419445385486,-1.3068888972122448,1.9621117990923942,0.7720535441345585,-1.834127401913071,N900_RS17185,N900_RS17185,0.5620081033333334,-1.7638,4.0633,3h_SI9,3h,SI9,1h_ce,1h,ce,5.8271
-0.39726980765456155,-0.6084806179628864,1.927010282766867,2.4753687671886384,-0.4859083735852741,0.32481162661714,1.3977920221793785,0.7231566741993711,3.0320281273624636,-0.21883712976548675,N900_RS17190,N900_RS17190,0.3306763333333333,-2.9532,5.0123,3h_SI9,3h,SI9,3h_SI3,3h,SI3,7.9655
-1.489185599061663,1.0523657955051298,-0.5486307876601877,0.3545426096595494,-2.648339277870891,0.8812406514256742,0.14264900913388867,3.13222171354287,1.4996664930093588,-0.7353889566909152,N900_RS17195,N900_RS17195,1.0411199666666664,-0.055506,4.76,1h_SI8,1h,SI8,3h_SI4,3h,SI4,4.815506
2.2989436673047345,-0.8881376203559599,-0.8696219373933336,-0.06880550741089175,1.046413000919275,0.05715245296352334,0.36924950902080417,1.6330415997196979,0.3475422512039271,0.9582295888125876,N900_RS17200,NirD/YgiW/YdeI family stress tolerance protein,1.1170059,-0.37917,3.2817,12h_st,12h,st,3h_SI1,3h,SI1,3.66087
-0.48087954083172546,0.6325086235643442,1.0707662102769722,-0.844918887512105,0.890050474700827,2.8434806643523443,1.1339678818218537,0.2873384313548309,5.1294248738690635,-0.48890615635854945,N900_RS17205,N900_RS17205,0.8893727666666664,-2.313,6.1177,12h_SI8,12h,SI8,3h_SI1,3h,SI1,8.4307
2.066798865621262,-2.624500928587385,0.06371007327394604,1.4268640271070008,-0.058237396896528494,0.10651869019863947,0.19067816776062035,-2.1446366948711066,0.7583843688318341,-0.6368342971418831,N900_RS17210,N900_RS17210,1.2762096333333335,-0.15081,4.5136,1h_ce,1h,ce,6h_SI2,6h,SI2,4.66441
-5.195965448309556,-8.91844552441956e-05,-0.5948079175546068,-1.3365730111569118,0.3455371850337777,-0.18359217004713124,0.28917681178482424,-1.2539812921753908,-0.09941977516851008,-0.6730725940257423,N900_RS17215,flagellar brake protein,-0.21507065,-2.5255,4.5015,12h_SI4,12h,SI4,1h_ce,1h,ce,7.027
1.137008797217213,-0.11777015821128256,-2.5049588288369127,-1.8419322993429241,-0.2362649383130668,-0.525921068897607,-0.062188167609702694,0.5592085698605045,-0.9917325171487169,0.5473367054862863,N900_RS17220,luxQ,1.182231666666667,-0.56745,4.5966,24h_SI9,24h,SI9,12h_SI2,12h,SI2,5.16405
1.765946092759802,-3.1423491367328125,1.1085940025053178,-1.5789519266033332,1.4695131003204451,-1.296384843518961,1.2758125372222544,1.1398162985183184,0.6527969791155901,0.9288591922941367,N900_RS17225,luxp,0.7303537966666667,-1.1726,3.9362,1h_SI5,1h,SI5,6h_ce,6h,ce,5.1088000000000005
1.9641330635405199,-1.4429866219724263,-1.6733225901891162,0.6055873707227724,0.42261646356217536,-0.11555300733826024,0.2876034068080476,0.2001110847652554,-1.5557024453671287,-1.7892686706206822,N900_RS17230,traf,0.7390442776666668,-0.69807,2.8957,1h_st,1h,st,3h_SI4,3h,SI4,3.59377
0.7262848792908052,1.0123635095847343,1.3412201077656343,-0.14844873402729508,-2.2480083657300747,-2.5884047550195004,-0.24384010191345917,-2.2682290801688487,1.0156854254737568,-1.331595931604186,N900_RS17235,VC_A0740_BLAST,1.0040837166666667,-0.51741,4.1299,3h_SI1,3h,SI1,3h_SI2,3h,SI2,4.64731
-4.839842054149152,0.6606259953329593,-0.29876304923633007,-0.0013120385148699398,1.468830204328731,-1.764318852935864,-0.9141635530452086,-2.2742676658213172,0.12966396068426922,-2.138828737838911,N900_RS17240,N900_RS17240,-0.77394005,-2.5171,3.0223,12h_SI4,12h,SI4,6h_SI2,6h,SI2,5.5394000000000005
0.6451702780544837,-1.400101203853661,-1.4456180378284156,-0.8617862824240525,-1.8118540316952705,-0.8848760952280779,1.5416802372920126,1.647981852963409,0.17619065357511837,0.9855507233436347,N900_RS17245,tmaR_BLAST,0.7025685183333331,-0.8223,3.5791,1h_ce,1h,ce,6h_SI1,6h,SI1,4.4014
1.3448357461354599,-1.7275689436584782,-0.1335304272736142,1.5692125393455085,-1.3043434104172364,0.2372229339075992,0.8780993045644663,0.6253478624586519,0.7938334472008444,0.49727480677805924,N900_RS17250,N900_RS17250,1.2560773666666667,-0.47987,4.4691,3h_co,3h,co,3h_SI5,3h,SI5,4.94897
0.8930330033517975,0.8095524980918587,-1.4738157057558747,-0.15033281528125797,-0.003727285678688415,0.036570433913534095,0.6468124445764282,-0.7002054353463314,-0.6460436158167407,-2.1587521899966955,N900_RS17255,membrane protein_8,0.052410633333333324,-1.5,2.9245,3h_SI5,3h,SI5,1h_st,1h,st,4.4245
1.7607896833946564,1.446401407180018,2.636842592249802,0.6314169242242884,-0.5564508309488446,-0.9423028246481104,-1.5157288529457629,0.5056319159997644,-0.3765477644024474,1.27704398985015,N900_RS17260,glpK,0.6003520166666666,-1.1748,4.5069,12h_SI7,12h,SI7,3h_st,3h,st,5.6817
0.5309869410104384,2.229203308824928,-1.3318130819156824,1.5560793579543488,-2.5327979005820245,0.7994417955619694,0.9498606091656825,0.8349307825099086,-0.612429990710904,-0.39920518691941625,N900_RS17265,glpF,0.6165837333333333,-2.6402,5.4468,12h_SI8,12h,SI8,12h_SI1,12h,SI1,8.087
-0.4695031868119459,0.06851058688493378,-0.7483112495347358,1.669345231802513,-0.016951138528491394,2.806875280647155,2.0927635450207847,1.5100019550375408,-1.9759013810111,-0.7974948746546315,N900_RS17275,glpA,-0.3773540166666666,-2.0955,2.7264,1h_SI1,1h,SI1,3h_SI1,3h,SI1,4.821899999999999
0.45412392087409525,-0.8131629567160947,-1.645824380708761,0.35636701899802503,-2.6268866691870194,-0.28672048058195254,-1.1440140658435518,1.9829002867943817,0.1396568054918198,1.1099161203785601,N900_RS17280,glpB,0.11840099999999999,-1.1294,3.446,24h_SI9,24h,SI9,3h_SI3,3h,SI3,4.5754
-1.9475636246172563,-1.5899733514812282,-0.01607089926540403,-0.5412632099544645,-1.7871420737820514,-0.6958399316551915,1.0137026003246163,-2.812556501381851,-2.6776389370497573,0.022371074211791853,N900_RS17285,glpC,-0.6903858499999999,-2.0003,2.173,6h_st,6h,st,3h_SI2,3h,SI2,4.1733
1.442099189582648,-0.6361096183284808,-0.33736513824719316,1.5721478124492902,0.9714823652479544,-0.18893329569248096,0.12486864293252864,1.2119163511158604,-0.42659511673792183,1.4059473082472873,N900_RS17290,fabH2,0.7739016166666669,-0.77547,4.1364,3h_co,3h,co,1h_SI1,1h,SI1,4.91187
2.8754522493018984,-0.46633475799916047,0.33859473232289167,-0.7278591420089806,0.5426962216697571,-0.9287879972342026,1.003220585554139,1.519711823762274,0.5826021987513291,-1.2636352577717536,N900_RS17295,trxC,1.2598175171666666,-0.99765,5.2795,1h_co,1h,co,1h_st,1h,st,6.27715
0.7171816791997907,-1.2199049311167511,-1.1676452189145312,-1.3991692152149307,1.6879637477306584,-1.391599601652581,0.34864200917376104,1.2219326024285508,-1.3424800950502873,1.5901139205245702,N900_RS17300,ycaD,1.206657616666667,-0.51427,4.1052,12h_st,12h,st,6h_SI4,6h,SI4,4.61947
-1.7445112150691557,0.3350366570470844,-0.36458676715181987,-1.6715752873322316,1.8485582277025454,2.087897455911802,1.6529767628088161,4.2526860295637325,-1.6780900387395055,0.9573946505380595,N900_RS17305,lipase,0.5709671833333335,-0.98955,3.6409,6h_co,6h,co,6h_st,6h,st,4.63045
0.06571654761822154,1.1529029260493937,2.8349059975772612,0.7138118921537537,0.3715989941283273,0.29880689029050245,-0.8727094288050499,-3.43800040950012,-0.25774746428797124,-0.32938829033591116,N900_RS17320,N900_RS17320,0.3061075650000001,-0.98749,3.5751,6h_st,6h,st,3h_st,3h,st,4.56259
0.8442003872117883,-1.1115824966471266,-0.18325705745616086,-0.40916459133058924,-3.301031172826663,-0.28978441840475333,-1.723060542416517,1.6536669330162375,0.36812750392565985,0.49393581931204356,N900_RS17325,lysr_5,1.30877688,-0.1414,5.1719,1h_SI5,1h,SI5,3h_SI3,3h,SI3,5.3133
-0.3055249796022257,1.4012569756331859,0.44473375920039365,1.1732967322484233,-1.1611852579304405,-1.112659279215685,2.407681915410187,2.268141761878115,0.9098906125048085,0.5108577311534066,N900_RS17330,artM,0.3925796,-1.2675,3.824,6h_SI2,6h,SI2,3h_SI4,3h,SI4,5.0915
3.111316682461002,-2.905424740336406,-0.25629480858043907,-0.8219315293349421,-0.34147253884128254,-0.06561876277526757,0.8720036563507655,1.0980279511449111,0.309422647979333,-0.22264960053607696,N900_RS17335,artQ,1.0318918499999998,-0.92565,3.8465,1h_co,1h,co,3h_SI4,3h,SI4,4.77215
-5.348608483607807,-2.074667565394791,1.9142675728473382,-0.04518066293052847,-1.6824754239983541,-0.4805883741926462,0.9600082886222487,2.1848078215421225,1.5476816666261195,0.6725823431435776,N900_RS17340,artI_1,-0.046667466666666664,-1.9376,3.2309,24h_st,24h,st,3h_SI7,3h,SI7,5.1685
-3.1995831587925068,-1.681017344700921,-0.6412774944224918,-1.23894578970731,0.3966033109877246,-0.8858284845763413,-0.7902562531244128,0.10356561604455514,-0.33485250180217985,0.957223022528422,N900_RS17345,artP,0.36941128333333334,-1.241,3.3108,6h_SI2,6h,SI2,3h_SI8,3h,SI8,4.5518
2.2557321763630505,-1.952929910755464,1.9711670585313614,-0.9505407740131827,-2.148945704104782,0.07465011855838222,1.1354789338989837,0.19632415275226334,-0.8540839616180748,1.1638371064051196,N900_RS17355,viaA,1.4686574166666666,-0.95074,4.6164,1h_SI9,1h,SI9,3h_SI2,3h,SI2,5.567139999999999
0.7005683841480219,-2.7580946588502724,0.8764160070206624,-1.159315428404438,-1.4204640522020702,-0.43150136577198794,1.5481512342931913,-0.9448275039944651,0.9029607919253589,-0.5510018398313465,N900_RS17360,ravA,1.2431717499999997,-0.23129,4.2184,6h_st,6h,st,3h_SI5,3h,SI5,4.44969
-0.03444044778306221,0.0945960909877975,-0.6254228285576028,-1.4004829077181318,1.0602459433865032,-1.5570752859046917,0.7905011423459054,-3.2159059074694656,-0.7104589603655419,-1.5449859896211604,N900_RS17365,NUDIX hydrolase_2,0.6811701166666667,-0.78218,4.8826,6h_SI5,6h,SI5,6h_SI2,6h,SI2,5.66478
-0.722105390736322,1.2873420739389743,-0.01422676910386498,2.228104659718336,0.7460220026478112,0.4063823459577577,1.433279307768024,-0.15356592111539735,-0.8880670814248529,-2.8810920676799574,N900_RS17370,ltaE,-0.055477656666666646,-1.4579,2.8178,6h_st,6h,st,3h_SI2,3h,SI2,4.2757000000000005
0.9058867145094425,-0.9710390268097158,0.056489868639579936,1.9646922780922313,0.9462914905200305,-1.490440642176742,0.6635821016453619,-0.18367506600322553,1.2297644376127204,0.8495276031405274,N900_RS17375,cytochrome c_3,0.2012271,-1.1163,2.4199,12h_st,12h,st,3h_SI3,3h,SI3,3.5362
0.9852503332668174,-0.40775849821197874,-0.9406002562709965,0.3392075516589097,3.0315415366992027,-0.6110218726766592,0.5864434994354152,0.5390931751286133,-1.8120091270664567,-0.30579167223603954,N900_RS17380,ttgR,1.4613392499999998,-0.59587,4.4839,3h_SI3,3h,SI3,6h_SI1,6h,SI1,5.07977
-0.6225977801097735,-0.45640258573375625,-1.87728595425092,0.9995340225211407,-0.09870124879290251,-0.30249735627135754,-0.8560376139173524,1.7280526478992846,-0.9744999810928684,2.379808244207595,N900_RS17385,rhlE_4,0.18723543333333337,-1.2224,3.6755,6h_SI2,6h,SI2,12h_SI1,12h,SI1,4.8979
0.09004609040492806,0.37040697337536216,-2.153121120046614,0.07978019217948029,-0.15909866165677505,3.4034897898386327,-1.1140800486919247,0.5255495296071091,1.5158143459377325,-0.015955406449122744,N900_RS17390,acpH,0.8077470708333334,-1.426,4.4622,1h_ce,1h,ce,1h_SI1,1h,SI1,5.8882
-1.0227192398581586,-1.1616156552800314,-0.7813994799705388,-0.3258790912298166,-1.2134571947306632,0.3873614460341128,2.4836324714084346,0.8577461718963906,-2.992642240839014,-1.3711654577531294,N900_RS17400,tyrP,1.1570838300000001,-0.52762,3.5995,1h_SI2,1h,SI2,3h_SI5,3h,SI5,4.12712
-1.68169710816966,0.10820833600246685,-0.8950658529071216,-1.317438465029689,2.150706923038861,-1.927144488044343,-2.2518692696620075,-2.889109933486465,0.8485063722682094,-2.0114307278155454,N900_RS17405,pctC_3,-0.032300850000000006,-1.2325,4.2403,12h_SI8,12h,SI8,6h_SI2,6h,SI2,5.4728
-1.0559074312569647,3.471113038190594,-2.2821352410971154,-0.28452915275431345,-2.0524503601696167,1.6310334044324772,-0.31733920097004886,-0.7302338783793998,0.43995639624148064,1.0032870922541661,N900_RS17410,galE,-0.7105207866666666,-4.5677,4.4086,12h_SI8,12h,SI8,1h_st,1h,st,8.9763
-1.5042883854132136,-2.032235392377685,0.08307563761221826,0.027193300027762213,-0.6973244470721115,-1.6732497786391685,1.1654905801074926,0.17532554032874625,-0.7413858195345618,-0.4482078841962426,N900_RS17415,N900_RS17415,0.20791063333333334,-1.3735,3.7645,6h_SI1,6h,SI1,6h_SI4,6h,SI4,5.138
-1.2927008396376494,2.754522363627209,-1.2870326259642768,-1.008767847008777,-0.7206487032946807,0.5048041981102052,1.8617570006147803,-0.02433091139998539,0.1693351276837981,-2.636194787814312,N900_RS17420,pxpA3,0.004307596833333332,7.921e-05,0.097573,6h_SI5,6h,SI5,12h_st,12h,st,0.09749379
0.9945826108850948,2.043070255018874,-0.27807146161529767,1.7812591358590812,-1.181586510761305,0.9986935567784987,-0.27605585621756656,-0.7866554479257766,0.6190469869834904,-1.349021603995503,N900_RS17425,pxpB,0.6027269683333334,-1.0463,5.068,6h_SI4,6h,SI4,6h_SI2,6h,SI2,6.1143
1.587314589195997,1.2594545820671865,-2.324619526683159,0.2028274538928847,1.6081425825841384,0.2136927867492715,-1.230800826537655,1.4923190340998604,1.3689648473082998,0.36009725893833533,N900_RS17430,pxpC,0.4106913500000001,-0.91513,3.4087,6h_SI6,6h,SI6,12h_st,12h,st,4.32383
2.173707298165052,0.0378919860629055,-0.9022253104340083,0.45658158155896356,0.392451249266745,-1.2693456579941547,1.4265722607248943,0.5682666363390418,-0.3409134861869566,0.9501803881881636,N900_RS17435,FAD-dependent oxidoreductase_2,1.2542238333333335,-0.080534,3.8774,3h_co,3h,co,3h_SI2,3h,SI2,3.9579340000000003
1.4593121958568949,-0.8441466169862681,-0.4042036891224278,0.20007905377323665,-1.8285763499436667,-1.662537478824626,-0.2532653414092706,-0.26588457708510765,-1.1926382002788523,-1.43274306766056,N900_RS17440,ugd,1.2105370000000002,-0.26174,4.7864,6h_st,6h,st,3h_SI6,3h,SI6,5.04814
1.5850642001927628,-0.2896397863003045,1.1502804659358683,-0.22785953926968094,-2.71096393654056,-0.20837203325164189,-1.1195905180621795,-1.563379935628046,-0.10075119943962008,-0.09108114169960513,N900_RS17445,ABC transporter permease_7,0.6328677866666665,-0.72178,3.5048,6h_st,6h,st,3h_st,3h,st,4.22658
2.061339404168204,-0.7807523148467266,0.9573386153706008,0.17988617263940965,0.1681611029265294,-1.386969456677631,1.571156403640183,-0.5148812524606394,-2.1344211065833063,0.82553796951665,N900_RS17450,lolD_2,0.6380340696666668,-1.0085,4.294,1h_st,1h,st,3h_SI2,3h,SI2,5.302499999999999
-0.9322741151578504,1.4717530850834044,0.23163281453715226,0.41939417708573545,1.7415980675450107,-2.752157794548177,2.045918289698802,-0.7620473641987728,-0.4210995377487653,0.021999703519355873,N900_RS17455,tesA,0.7459913016666666,-1.1253,4.4167,3h_SI7,3h,SI7,3h_SI2,3h,SI2,5.542
0.6954034608302369,-1.000140347442808,-2.497237068172971,-0.10688403769805066,0.5609817963374416,0.6959781351002479,-2.1244382992566138,-1.126127320222515,0.02428172392066108,1.944119083591872,N900_RS17460,fabV_2,0.691949085,-0.67547,3.5099,3h_SI4,3h,SI4,12h_SI1,12h,SI1,4.18537
0.05742806267901335,1.8622417589668152,-0.46331126816036267,-0.17686289309070546,-2.919155379527955,-1.0965403300546361,0.2017663404388363,1.5773952210906952,-1.6850529051630643,-0.5828718985382159,N900_RS17465,sensor domain-containing phosphodiesterase,0.5769836766666666,-1.372,3.7345,6h_SI3,6h,SI3,12h_st,12h,st,5.1065000000000005
-2.166289247917366,1.2455042385765505,-0.8617034251458564,-0.3611116696137071,-1.9488457373731685,1.9913840328107097,3.4818089583399976,-1.1655347698178737,-1.8983480332540852,-1.2199597167437548,N900_RS17480,dnaj,0.16117439000000008,-2.0454,3.834,1h_SI2,1h,SI2,3h_SI2,3h,SI2,5.8794
0.8220209381629537,-1.3705778615654565,-0.648711883870926,-1.2921399636246425,2.348170116362422,-0.9477215760886588,-0.8317816949261918,2.145708807921033,0.5105778635309077,1.462657294457444,N900_RS17485,yjdF,1.0515363500000001,-0.65726,4.6891,6h_SI3,6h,SI3,6h_st,6h,st,5.34636
1.4789376269135444,-2.101717626993216,-0.172832522915164,1.7211656301891711,-0.7286778152645842,0.17466524068500366,0.0955187607229192,-0.6355598480578588,1.1461903754920963,-0.43198606343302925,N900_RS17490,N900_RS17490,1.3283790166666667,-0.35622,4.4181,12h_st,12h,st,3h_SI3,3h,SI3,4.7743199999999995
2.061354634921196,0.18277380567038176,-0.04996825827268233,-0.3678166223109165,0.5778443674647357,1.7723995366903456,0.4926887523937582,-0.5631106022376535,0.6995484083168787,-1.6699903458609757,N900_RS17505,Rha family transcriptional regulator,1.4790825833333332,-0.3036,4.9395,3h_SI5,3h,SI5,6h_SI2,6h,SI2,5.2431
-1.0665924881518105,2.4299830505225217,0.6148198936783309,-1.0616391629844588,-0.9505568312794183,-0.9172494256729298,1.2938027750064287,-2.6419848842337084,-1.2334314870239607,-1.4235776417612351,N900_RS17510,N900_RS17510,0.5240943333333333,-2.0492,4.2201,1h_SI2,1h,SI2,3h_SI2,3h,SI2,6.2693
2.9882278747624307,0.6658969982120813,-0.5825881328412519,0.9352996752736891,-1.5112109220601282,0.3616159755531293,0.27833152114569415,-0.8476277375585082,-1.6016283129005604,-0.8099193998330378,N900_RS17515,"resolvase, putative",1.0423008999999999,-0.41253,4.9603,6h_SI7,6h,SI7,3h_SI2,3h,SI2,5.37283
-2.755831253778028,0.2975113979971324,-0.30212747367520393,-2.6465527157396225,-0.33235984058449874,1.6196286002758682,1.2567350673638291,0.48448565560969215,0.17602317101893,-0.1414048849719337,N900_RS17520,transcription initiation factor TFIIIB,0.23671706666666667,-2.1166,3.1143,3h_SI7,3h,SI7,3h_SI8,3h,SI8,5.2309
1.6904216688911626,-0.09778387144747702,-1.579379673106665,1.1386112831125512,-0.4156090356004627,0.9369589042994014,0.40135779680819944,0.5887662279637536,1.0130355497977237,-2.683940242136547,N900_RS17525,yieH,0.9582375816666666,-0.90131,4.0662,1h_SI7,1h,SI7,3h_SI4,3h,SI4,4.96751
0.36517169120350834,-1.387752949286587,-2.671291633934101,-1.5852741439641085,-2.485365049384475,0.2895342948294104,0.9945435436099372,-1.5764615228479792,1.29479897772112,-1.4984960788306285,N900_RS17530,N900_RS17530,0.7696543350000001,-0.60461,3.6619,3h_SI1,3h,SI1,6h_SI3,6h,SI3,4.26651
0.2042478732986881,-1.3457787757821331,-1.8017589307297535,0.1901920085253388,1.5011762189885896,0.7971324235795374,-2.4847303510985217,-0.1064653938087286,-1.070462179604403,-1.4439028620987142,N900_RS17535,creA,1.0667885000000001,-0.60431,4.2276,1h_co,1h,co,12h_SI3,12h,SI3,4.83191
-0.3269293372617432,1.2037514469720967,-2.182723828549232,-1.7135174973927891,-0.45855125379956324,0.13849500989979868,0.42006615619859083,3.481496875494206,0.7999025347736258,1.406879875476385,N900_RS17540,gsk_2,1.33893285,-0.45943,5.9925,6h_ce,6h,ce,6h_st,6h,st,6.45193
1.8815450754341239,-0.4695901207985761,1.8118304532204594,1.0308458407322796,-1.2363367135893215,0.2790285419843276,-0.15279132054831557,0.13179658436280442,-0.31854821809837197,-0.6532174190427272,N900_RS17545,mdoB,1.4922828733333333,-0.056656,4.2972,6h_st,6h,st,3h_SI5,3h,SI5,4.353856
1.3356992641887588,-1.0877654931616778,-0.8391914448659394,-0.550797994526897,2.2344424445440025,1.0782050016945144,1.554692588986601,1.990537257552807,-2.2254139738657424,-0.5928192344138443,N900_RS17550,vesA,1.496616616666667,-1.1355,4.5367,6h_SI3,6h,SI3,12h_SI1,12h,SI1,5.6722
1.000877710166126,1.498253010498184,-0.8458130185609946,-1.412687546506049,-1.9514262907296227,1.1330534958082685,1.3757110761191038,-1.4364851227435822,0.7026245434898752,0.037501193871106286,N900_RS17555,DEAD/DEAH box family ATP-dependent RNA helicase,1.063649216666667,-2.4282,6.1077,1h_SI5,1h,SI5,3h_SI3,3h,SI3,8.5359
-0.8451728282586775,-1.1733089299791934,-0.8665321103417263,-0.029093909671078944,-1.9788920895080597,0.8075544772413056,1.1002108142777132,1.6690723255385513,-2.9725582285223195,-0.031531649593769306,N900_RS17560,rnb,-0.2808966833333333,-1.9472,3.3967,1h_SI1,1h,SI1,3h_SI4,3h,SI4,5.3439
-1.7670842711817976,1.2146877395355409,1.9290633631286767,-1.0908133505406536,-1.1823523627036452,-0.8376010491167849,-0.713771707346349,2.4546541843801744,3.222789906010354,-2.133424620671775,N900_RS17565,N900_RS17565,0.759357,-1.7469,5.3842,6h_ce,6h,ce,1h_st,1h,st,7.1311
2.3018313008789173,-0.09977285407522707,-1.1946255526032887,-0.4274440083568267,1.985248889775189,1.2060217924125451,0.2823483991888458,2.633605156357964,0.6220766429132478,-0.7333270494971289,N900_RS17570,pstS_2,1.1868148250000001,-0.63667,4.5699,1h_SI7,1h,SI7,3h_SI1,3h,SI1,5.206569999999999
0.5564592387807483,2.0410456241523436,-2.5796130615906177,1.065011224008789,0.15356624422664547,1.2503056826398085,0.6044676776227574,0.15386407861898654,0.9326978139511617,-0.5338773784086364,N900_RS17575,MaoC family dehydratase,0.5215651666666667,-2.7246,2.8798,6h_SI5,6h,SI5,12h_SI2,12h,SI2,5.6044
1.3998405030805658,-2.4308156800000504,0.09738441244970256,1.8056390866565635,0.6943178366055778,1.3615194669943156,-0.27052033886245386,-0.5751663694106599,0.15892303077055225,-0.34968554853122635,N900_RS17580,phrB_1,0.9998710000000001,-0.26857,4.1433,1h_SI5,1h,SI5,3h_SI1,3h,SI1,4.41187
0.5044928347384667,-0.6445850088564736,-1.6240364570424948,-0.1794929732903605,-0.6210717865413654,0.2530150681006622,-1.782596137219796,1.9206559852181542,-1.9783779854579873,-2.1538044538166266,N900_RS17585,gbpA,1.4135446666666667,-0.76527,4.8885,6h_SI6,6h,SI6,3h_SI4,3h,SI4,5.65377
1.8972772176480106,0.5980414721851821,-0.3411839860378734,1.1181651599109288,-0.5870751238876272,1.3898890144733849,-0.7289117408248191,-1.5900651780152175,-0.14085804418204007,0.9767706025792946,N900_RS17590,peptidase_4,1.3174229849999997,-0.13686,4.6615,1h_SI8,1h,SI8,1h_SI1,1h,SI1,4.798360000000001
-0.6412751674143546,-0.6940117571560205,-0.5133492041246265,0.8284998281409219,-2.7403099784880083,-0.07234859661879822,2.7044904672866057,2.2631339482089166,-2.317840770673028,-1.6011682567361651,N900_RS17595,Bacterial leucyl aminopeptidase_BLAST,0.49667377833333326,-1.0556,4.4349,6h_SI3,6h,SI3,3h_SI2,3h,SI2,5.4905
-1.3160408767687675,0.5411939794206284,-2.0285310168037203,0.3303172700135919,-0.808577456869005,1.0310382843158923,-0.11581262450022423,-0.922857506770874,1.4727153054698623,-0.6524264696381095,N900_RS17600,speB,0.4268282466666667,-0.97639,3.9475,6h_SI2,6h,SI2,6h_SI1,6h,SI1,4.92389
-1.5372335092394018,-0.27871206000446336,-0.4201594834795252,2.7348923745271643,-2.619445677717538,-1.7792324559926018,-0.6745567795453442,-0.259918791771572,0.6823771984320081,0.9908290330566387,N900_RS17605,speA,-0.34985630984999994,-2.0291,3.8426,24h_st,24h,st,3h_SI3,3h,SI3,5.871700000000001
0.550325676836898,0.3554821194738756,-0.08615197858806786,2.1186811937871086,0.7948148945655245,-1.2187414950175661,1.5328513717317196,1.1898812456159136,-0.7921151662750309,1.2179066755113876,N900_RS17610,mechanosensitive ion channel protein,0.4576205666666667,-0.7909,3.4929,24h_SI8,24h,SI8,3h_SI4,3h,SI4,4.2838
-2.594486155407854,-1.0756897473249383,0.6419250246712481,1.4527058431720317,2.1094704630288423,1.763877844951559,-0.9334861048064489,0.3605175729921548,-1.4169186807934775,0.21528679847879761,N900_RS17615,mgtE_3,-0.5498134666666668,-3.4771,3.567,6h_co,6h,co,3h_SI1,3h,SI1,7.0441
0.7906675547295783,-2.5007942694378773,-0.769075645902491,1.5499894952546827,-1.1115129493765918,-0.9676127343331753,-0.4007400773905241,-0.48186676885798224,-0.6015076437556229,0.4042486994143699,N900_RS17620,groS_2,0.9049580516666667,-0.47564,4.331,6h_st,6h,st,6h_ce,6h,ce,4.806640000000001
2.4230413992914723,-2.5658554029090004,-0.4008483740826426,-0.5931892588681786,-0.14497337677808697,0.3834546933464177,1.384482668338065,-0.06126779064334564,1.4463135108495244,0.44096264725776324,N900_RS17625,groL_2,1.4953056316666666,-0.10164,4.8186,1h_SI6,1h,SI6,6h_ce,6h,ce,4.92024
2.1083746775054415,-1.3890536416674106,1.9285023572256157,-0.3607300291429534,1.5046340357167967,0.7745430235404351,-0.6536083279843823,-0.9614444805955453,-1.564744857804758,-1.5773312110557391,N900_RS17630,N900_RS17630,1.4592262833333332,-0.081803,4.7336,1h_SI8,1h,SI8,3h_SI1,3h,SI1,4.815403
-0.495107274999655,0.5010848473121454,-0.7192504584915507,1.8622720828453372,-1.4068688088734764,-2.414645819728736,0.3602092640227622,-0.6855968839174591,-0.11524150562387359,-1.7725883619010698,N900_RS17635,ask,0.6735434166666666,-0.77302,3.4215,6h_st,6h,st,3h_SI2,3h,SI2,4.19452
2.9058326523448628,0.9886626392264439,-0.046868322753337154,-0.358732723894307,-0.58433367387606,-0.8208697425398563,-0.6902869267291589,-0.03537111436268181,-0.6229565334506849,-0.1356686776054986,N900_RS17640,ectC,1.6218537166666671,-0.078765,4.1303,1h_SI8,1h,SI8,6h_SI1,6h,SI1,4.209065
0.9995393374307673,0.7049478464347738,-0.8172818106045254,1.4283735537225595,0.3667407839352885,-0.8700670693483603,1.0812835226546949,0.616044015715184,-0.06414292281021461,1.540815050829161,N900_RS17645,ectB,0.7576948916666667,-1.3876,3.0141,6h_SI1,6h,SI1,3h_SI5,3h,SI5,4.4017
0.7642705575393949,0.7214277962920774,1.1978470036429145,2.1681075708190587,0.9917033094983196,1.981247307514572,-1.9975006436614773,-0.8769616872982677,-1.0760444539284801,-0.6275071374532696,N900_RS17650,"L-2,4-diaminobutyric acid acetyltransferase",0.7623175500000001,-0.53422,4.391,6h_st,6h,st,3h_SI1,3h,SI1,4.92522
0.15853851631943305,-1.910586617964917,-1.3951224723925564,0.991707496258035,-0.39948024775299973,1.1315828679796747,-2.352324042140183,1.5171328049499921,-0.9994826130833921,0.9854186633692181,N900_RS17655,4a-hydroxytetrahydrobiopterin dehydratase,0.5276329499999999,-0.83213,3.726,3h_SI2,3h,SI2,12h_SI1,12h,SI1,4.55813
2.358667159891957,-1.4835823803369101,-1.0629100712723676,0.5386676143244826,0.06809572792276,0.7100856993419822,0.007391565110474785,0.33362268381352866,0.5991603491618015,-0.11551680164415279,N900_RS17660,phhA,1.1503851666666665,-0.66631,4.0398,1h_SI4,1h,SI4,1h_SI1,1h,SI1,4.70611
1.4658706747892598,-0.9692490989330258,-1.5566059558634973,0.8644125744467885,0.5901574191191024,-1.819422385481381,0.3366060257018197,-1.3933760941447644,-1.072254112127771,0.09155166616692345,N900_RS17665,acs_2,0.13063101166666674,-1.1944,3.6812,1h_st,1h,st,6h_SI4,6h,SI4,4.8756
-1.133426491543533,-1.5953416590690461,3.0255666015744875,-1.9543654429644481,-0.6824535010132143,3.9423091651485747,-1.6276900104224474,-0.8246543267932727,-1.0878394680050651,1.3582313933013161,N900_RS17670,LysR family transcriptional regulator_7,0.30127895,-1.4317,3.4564,3h_SI9,3h,SI9,3h_st,3h,st,4.8881
-4.432453741970637,-2.652534020045453,2.0475473577214673,0.4292278106873204,0.37301697848976245,-1.9551352364477252,1.6055421630560753,-1.9655874474294175,-0.23788542889627184,-1.7589611851038276,N900_RS17675,N900_RS17675,-0.4158403833333334,-3.3317,2.7904,24h_st,24h,st,3h_SI2,3h,SI2,6.1221
-1.742369972176102,-1.5526411188033313,-0.6409834919656265,-1.1587845543978958,-1.365065683607367,-0.9601735076080233,-0.6228087483341584,3.1990822335739537,0.6726084813222322,-1.41462127913374,N900_RS17680,"methyltransferase, putative",0.5584226166666667,-0.85781,3.3543,1h_co,1h,co,12h_SI2,12h,SI2,4.21211
1.4164919128319422,-0.9394303022914594,-0.7586348504021835,1.1380109432789203,1.481803627883264,0.8951814505050973,0.5740268138500315,-0.027102659471497814,-0.7516523453266856,0.16949322255965804,N900_RS17685,LysR family transcriptional regulator_10,0.7621853891666667,-0.61091,3.8667,1h_st,1h,st,3h_SI1,3h,SI1,4.477609999999999
3.160738242624971,-2.0308624432053834,-0.09343915461183896,-0.015917016545198726,-0.6147196185077364,0.7367471657206569,0.351669471587641,1.2674665321980934,1.9043659990509827,-0.9353140639208604,N900_RS17690,cation diffusion facilitator family transporter,1.5427311000000001,-0.36098,4.9598,1h_SI6,1h,SI6,3h_SI3,3h,SI3,5.32078
0.0475126220575528,-1.9790424262059791,1.1888612421748528,0.7617435601569813,2.546037240470873,-0.3342808951087428,0.18395337289258484,1.279654646881567,2.117571874300413,1.1717312862694258,N900_RS17695,drug/metabolite DMT transporter permease,0.954021885,-1.1723,4.6289,12h_SI1,12h,SI1,3h_SI1,3h,SI1,5.8012
-0.7356920584327566,-1.6617182864879951,1.7349866847469104,1.9316897114677856,2.1468888652517037,-0.38223257550259615,1.6104728434379894,-0.8049937070756459,0.19913025468371953,-2.292674906619233,N900_RS17700,maa,0.7351503833333333,-1.5109,3.6839,12h_SI2,12h,SI2,3h_SI2,3h,SI2,5.1948
-0.5190210997675488,1.102984130908895,-0.9389083073146177,0.9346628727335555,3.109846768728268,0.3223113505545703,-0.6883974067580143,1.0576123145238294,0.9530056145555715,1.642330579565156,N900_RS17705,HlyC/CorC family transporter_2,-0.20554770666666664,-1.5843,3.4504,6h_SI7,6h,SI7,6h_st,6h,st,5.0347
1.3940787244208908,-2.525617893586042,-0.2285777272815831,-0.15630305029385716,-1.440865001520572,-2.4283405245194416,0.2034139235300188,0.055796773704254926,0.4295326599264695,-1.4983946723090373,N900_RS17710,yhfA,0.700194125,-0.62308,3.7182,1h_st,1h,st,3h_SI5,3h,SI5,4.34128
2.525724296443636,1.8543833966359913,0.9172756695176298,-0.43221069707502346,0.5101106315454116,-1.0314584100338544,-0.8145554557949777,0.652130223712964,0.5703572006871558,-1.0763592414628627,N900_RS17715,luxG,-1.306354505,-3.8313,1.8028,6h_SI7,6h,SI7,1h_SI1,1h,SI1,5.6341
0.06008177452301977,-1.484579944348825,0.7470286727885969,1.3973046228561419,1.7478231130842226,0.1830943542717106,-2.3892734050818447,-0.5202378079782806,2.810219563709476,-0.016323007930171718,N900_RS17725,glyceraldehyde-3-phosphate dehydrogenase,0.24004623333333333,-1.5275,3.5723,12h_SI2,12h,SI2,3h_SI1,3h,SI1,5.0998
-1.8769683413488678,-1.1072430495866088,1.295245128639313,-1.2246004278754639,1.238610326613058,-2.8103774814226967,-1.2775090541139413,0.12320974866678008,0.42774195056136144,-2.102238510538921,N900_RS17730,N900_RS17730,0.8011355935000001,-1.0411,4.1358,12h_SI2,12h,SI2,1h_st,1h,st,5.1769
-3.2521935556736676,-0.2235022398736728,-1.3390063610430514,-0.654902286084748,1.1351200780325124,-2.0910104002026295,-0.5094716530124697,3.350038769385782,-1.6395288027937611,0.8370149505887619,N900_RS17735,lyse_3,0.14081270666666665,-1.612,3.2614,6h_SI2,6h,SI2,1h_SI1,1h,SI1,4.8734
2.698948089403836,-1.106740971344252,-1.4767927051439063,-0.7618262999966985,0.23244527572534943,-1.3398194897046283,-0.9860076099225772,0.8882625859158413,1.3650423482373144,0.34875946275514025,N900_RS17740,yjeH,0.92849155,-0.41966,3.6,3h_st,3h,st,6h_SI4,6h,SI4,4.01966
0.6582076852888381,-0.553687261011459,-2.181873532458474,-1.5857340804011226,-1.6335224549241707,2.430683763024562,1.7797637970434579,0.05934561553908774,-2.8875865594397356,-1.021214361182156,N900_RS17745,N900_RS17745,1.3741408833333333,-1.0848,5.4835,1h_SI7,1h,SI7,12h_SI2,12h,SI2,6.568300000000001
-1.9878602942432362,0.18355343313149033,2.28516610394188,0.06264495997105346,1.0496893409336976,1.5235700224897857,-1.8614097880907299,1.5731988598827953,-1.82453698230182,-2.0978416864721865,N900_RS17750,retention module-containing protein,0.49378368333333333,-1.1553,3.6959,6h_SI1,6h,SI1,3h_SI4,3h,SI4,4.8512
-0.6373341710106937,-0.9356468122315507,-1.6290446935564413,0.7385642486383657,-2.474255745773475,-0.5541525712075686,-0.34361446376746885,1.577340981727733,-0.6576463671808123,-0.3485427705028748,N900_RS17755,yehT_2,0.35794543333333334,-1.2383,3.5378,6h_SI2,6h,SI2,12h_SI3,12h,SI3,4.7761
-1.5850197702948088,-1.853221716562698,-2.2670128230819837,-2.4840433378511,1.8825430009334285,-1.1639038740973273,-1.2199355963688907,-1.1371197916410896,-0.8940361942002558,1.0058098232736716,N900_RS17760,sensor histidine kinase_6,0.5569221499999999,-0.97553,2.8625,3h_SI3,3h,SI3,6h_SI3,6h,SI3,3.83803
0.5806722095832848,-0.5343729670676898,3.025962486462875,0.6074269646647354,0.19785661375552238,0.7797431218044459,0.6755096896939624,-2.0732396805365068,-1.5605709300910782,-1.1925424391605954,N900_RS17765,N900_RS17765,0.8629468266666667,-0.53067,4.1785,6h_st,6h,st,3h_SI2,3h,SI2,4.709169999999999
0.6674212970632403,0.4521998603699174,0.5163861408032876,1.5816114294610761,-0.583182478332496,-0.4717245105821193,-0.801844242669147,0.5621537332400763,-1.67673407409493,-0.7603008178672378,N900_RS17770,outer membrane lipoprotein-sorting protein,0.5922057333333334,-0.46081,3.0373,3h_co,3h,co,1h_st,1h,st,3.49811
2.6070668999986317,-1.5586607056556572,-1.0481316666529672,-0.6961265080321415,0.01918272304765747,-0.17108802926484468,0.6188419150061749,0.8265224816513965,0.39823819041981906,-0.06146454229866671,N900_RS17775,lolE_2,1.0645190333333334,-0.56493,3.4473,3h_st,3h,st,3h_SI5,3h,SI5,4.01223
1.6253352282028901,-0.9807910488152811,0.5876450938407394,-0.14366570180472094,2.943465987044045,0.28448207875897413,2.0976170147213353,-0.3752632289757802,-1.3602517494888122,-0.3100313415255467,N900_RS17780,lolD_3,1.3669511666666665,-0.38928,4.4167,3h_SI3,3h,SI3,3h_SI1,3h,SI1,4.80598
1.6038191361807979,-2.391392123090767,0.6347849649453572,1.949526282366035,0.5085530932315556,-0.47247802238141623,0.6901915736608113,-0.397300023508886,0.720257542160966,-0.053836419042004424,N900_RS17785,N900_RS17785,0.8527246999999999,-0.40066,3.4378,1h_st,1h,st,6h_SI1,6h,SI1,3.8384600000000004
1.0512547800329965,2.4792571295440116,2.7251710434467844,-0.5746590386016444,-1.011339781444996,-0.4070165675790982,1.5446198117111702,0.736163920955802,-0.927001945022799,1.1199759286389226,N900_RS17790,N900_RS17790,1.4219452666666668,-0.12715,5.4594,1h_SI7,1h,SI7,3h_st,3h,st,5.58655
-0.8621147658048787,0.08367487430961973,-0.22376349753819796,2.703347687106132,0.86005392525532,3.0602548924756183,-0.949407910287213,1.264804650924358,1.8152385842873469,0.18532235807008868,N900_RS17795,ydhF,0.38520606500000004,-1.1017,4.6654,6h_SI4,6h,SI4,3h_SI1,3h,SI1,5.7671
-0.06846689300746478,-3.3111567895276526,0.39221665889413865,-0.5864306333581542,0.9304630477719709,2.158193326580085,0.6629179288054635,-0.4271577817704613,2.114023747435395,-0.42509463971403,N900_RS17800,malS,1.09767355,-0.28286,3.6249,3h_SI4,3h,SI4,3h_SI1,3h,SI1,3.9077599999999997
-4.549203863208168,1.910268770124433,0.6939411608933428,1.268308432538162,0.03621102156909213,-1.3571668285823701,-0.755864942579211,1.541936030582738,-0.04386134717279455,-1.299647043415705,N900_RS17815,long-chain fatty acid outer membrane transporter,-0.4012900166666667,-1.962,3.9317,24h_SI2,24h,SI2,1h_st,1h,st,5.8937
-1.0670824833001324,-0.5244616175922013,3.6074457541591847,1.7923018485651458,2.1227715683982336,-0.07097866932080832,1.35293345809199,0.3250415270272651,-0.8328581149306579,-1.9488675244666485,N900_RS17820,vola,0.8906992933333334,-0.68514,4.6668,12h_SI4,12h,SI4,3h_SI1,3h,SI1,5.35194
1.8437800508846323,1.7601969271004316,2.93674490924965,-0.6068398033272968,1.4918623502654023,-0.4189131814295335,2.1285092166748,0.08618608527171134,0.910093277034371,1.2627850109221,N900_RS17825,bdlA_2,1.4348054000000003,0.037057,4.7942,1h_SI2,1h,SI2,3h_SI1,3h,SI1,4.757143
1.1314220693358958,-3.721027106244264,0.10599053454941562,0.7176049993516158,-1.0789435650985704,-0.3622984602391981,0.698655696467935,0.43861386399542845,-0.10631092410880882,0.42535958653390127,N900_RS17830,hapA,0.6224483216666667,-0.88243,3.2309,12h_st,12h,st,6h_ce,6h,ce,4.11333
-1.4688155290031535,-1.8179153375300978,-1.2843446234196956,0.5532319410045208,-1.891216836543304,-0.7421520891327611,-0.367392211216478,-0.9731186858838872,-0.39221907300652026,0.9018989260555366,N900_RS17840,ompW,0.3254082,-1.0355,2.6567,6h_st,6h,st,12h_SI3,12h,SI3,3.6921999999999997
-3.03673450447161,3.549345985063082,-0.5515487087650213,0.7108778744284328,-1.7776261472366313,0.13070074471277937,0.08476183858753883,0.9925289706287928,3.4088264546764115,-0.9322530932885656,N900_RS17845,N900_RS17845,-0.533469925,-2.7048,3.6179,6h_ce,6h,ce,3h_SI3,3h,SI3,6.3227
-0.29638092055847176,-0.9198216450410557,-0.7672495069548773,1.720206650384518,0.4333485406555276,0.38650874839163385,0.6578209990845956,-3.2218899148393687,-0.750842416874563,0.326508767987604,N900_RS17850,pbpG,0.17313374833333334,-1.4575,2.7416,6h_SI1,6h,SI1,3h_SI2,3h,SI2,4.1991
-2.6603651188015403,2.503690482313834,-0.7345591822939158,1.9845159960211447,-0.4529279881278162,-1.6956766703374333,0.7433689441773922,-3.0052958102867455,0.9991934218917746,-1.5349678350266918,N900_RS17855,norG,-0.6166551666666665,-2.2659,3.147,24h_co,24h,co,6h_SI2,6h,SI2,5.4129
-1.6082523203455663,-1.0851578705721445,-1.8944601530520198,0.33225271149874835,-1.0097946360849899,2.4181956254935173,-0.7613761299564599,0.08244784652261083,-0.1880404532034291,1.1722237428670452,N900_RS17860,cytochrome bd oxidase subunit I,0.41083646666666673,-0.97197,3.0272,6h_SI1,6h,SI1,12h_SI1,12h,SI1,3.9991700000000003
-0.16808445694824403,1.4182431133276363,1.7600255158167135,0.5867189692602288,-1.531137948498305,-1.6741032650113037,-1.6631749312616873,0.43595968259196893,-1.231454940788335,-2.5147179416591694,N900_RS17865,cydB_2,-0.02769535000000001,-1.9781,3.0917,6h_ce,6h,ce,1h_SI1,1h,SI1,5.0698
-5.253372548935692,2.218924187700183,0.29655641458683574,0.7255706707379792,0.5766191262233066,-0.7895229132565298,-0.12213901620244061,-1.1602061587852774,0.18683853448098736,-0.28659746564654953,N900_RS17870,N900_RS17870,-1.5055861333333334,-4.3519,1.4846,12h_SI5,12h,SI5,1h_ce,1h,ce,5.836499999999999
2.2490469074715325,-0.04821711154730701,-0.23856569713651937,-0.7689072294553125,0.17264825697904368,-0.8402719285438665,0.2643427627730026,0.8994336333312862,-0.7447130704980168,1.9949338891866655,N900_RS17875,dsdA,1.0261612333333334,-0.42687,4.2889,1h_st,1h,st,6h_st,6h,st,4.71577
1.7784382352762833,-0.45899064293170233,0.8450806088919389,-0.7407593464213289,1.745119369213848,-0.6596553503753055,-0.3820441857490553,1.5994203449831417,1.6897399993785358,-0.5750314223108763,N900_RS17880,dsdC,0.6709139283333333,-1.2727,4.065,12h_ce,12h,ce,3h_SI5,3h,SI5,5.3377
1.732517475053223,-0.6436066719993896,-0.5416831439441319,0.4057710617519672,1.4138782396100533,-2.3006596509189965,1.2259908018618222,0.3832564529225651,0.9396105885918635,1.4869032737142638,N900_RS17885,linear amide C-N hydrolase,1.1072185750000003,-0.43913,3.925,3h_st,3h,st,6h_st,6h,st,4.364129999999999
1.2720311956750914,0.2632411319159598,-1.445100865934814,2.5812793617105996,-0.8232689288747375,0.5363587696144527,-1.0360667421537615,-0.1834496097776257,-0.026985152992453743,-0.9990801079441063,N900_RS17890,integrase,0.0007545166666666584,-1.5645,3.2641,24h_SI6,24h,SI6,3h_SI3,3h,SI3,4.8286
-1.8861339629907907,-1.361819642042061,1.1161334201518855,1.3513926380162116,2.9813456674295447,1.4475929913628611,-1.1905060748166254,1.5411127586777922,0.06140644851741295,-1.787356917670561,N900_RS17900,N900_RS17900,0.011968033333333345,-1.4617,3.3066,6h_SI3,6h,SI3,3h_SI1,3h,SI1,4.7683
-1.942726084217035,1.4496326015997831,1.1809463847121393,2.5500014370863173,0.10568140731396036,-0.6179894340713676,1.4568821230378997,1.151079747122107,-1.1684352148157071,-1.61956508190335,N900_RS17905,N900_RS17905,-0.03120291666666668,-1.821,3.9765,12h_SI8,12h,SI8,3h_SI4,3h,SI4,5.7975
3.534569937909798,-0.5853412924062678,1.9010113139297007,-1.2166078404356124,0.13791473347298333,0.020117700291748974,0.3430165371713562,0.8002087764004437,0.12541483070233594,-0.04665891154733781,N900_RS17910,N900_RS17910,1.0309760833333332,-1.0913,3.6959,1h_SI6,1h,SI6,3h_SI1,3h,SI1,4.7872
0.0808843496518219,0.5567753622371123,3.0095037278483,0.47756138477900656,-0.4069866375237013,0.9662079213253971,-1.4520979520976944,-0.28416989364514494,-2.550167806210509,1.1952646313836486,N900_RS17915,N900_RS17915,0.8386454833333334,-0.36403,5.4963,6h_ce,6h,ce,3h_st,3h,st,5.860329999999999
1.6843478764870312,-2.5742820666688284,-0.8153126289986242,1.0313543625256392,-0.5740517359674461,1.02716268220612,-0.319885885100876,0.3702793564382603,0.9406294172649876,-0.6143032866278383,N900_RS17920,N900_RS17920,0.6208377166666667,-0.80626,2.8757,6h_st,6h,st,3h_SI3,3h,SI3,3.68196
2.0918801008271792,-0.09857938478297895,1.3030645811462276,-0.8144503225710198,0.34559944775643237,-2.027120157748307,-0.07237303679156626,0.4343056576456607,-0.5933932157212444,2.2370504602041477,N900_RS17925,tdh,0.9334647683333333,-0.43156,4.4048,1h_st,1h,st,6h_st,6h,st,4.83636
-0.5717942756089003,-0.12775621803039566,2.2761103972222854,-0.4770733457468723,-1.935476147814342,-2.268783246390615,-2.7388790760490984,-0.28859970456148815,0.14091039599587096,-1.037334965615403,N900_RS17930,kbl,0.18403121,-1.5271,3.4499,12h_SI1,12h,SI1,3h_st,3h,st,4.977
1.3961469145930652,1.4293382308333547,1.7506622279237494,-1.5562280462179907,-2.0140926521587765,-0.8613071412407105,-0.9627921874964231,-1.1686960699480469,-2.558847682895773,-1.4205394961023292,N900_RS17945,LuxR family transcriptional regulator,0.8631686500000002,-0.30209,4.3911,1h_SI8,1h,SI8,3h_st,3h,st,4.6931899999999995
-0.648919259601739,-2.0795389943141345,0.8815449170677127,2.2072609448587386,1.3116131516423226,1.023399979533107,-1.4495477525067602,1.8693881405546526,1.640576420273454,0.4990806915731858,N900_RS17950,dmlR_6,1.0615937466666665,-0.15927,4.4544,3h_st,3h,st,3h_SI1,3h,SI1,4.61367
1.031395024806872,0.6940737834165676,0.20463211152606228,-0.855990163865274,0.12499079976605518,-0.6897045412622878,-2.5983502839920023,0.7888883855924052,-0.29329089045316126,1.5885344757496618,N900_RS17955,yaeR_BLAST,0.8868132999999998,-0.511,3.6052,3h_SI2,3h,SI2,6h_SI1,6h,SI1,4.1162
1.8192850544815364,-0.8160933050070927,-1.993384639875008,-0.03431656484649159,0.7203198557229342,1.6037535833644414,-0.2164967657174246,-2.48863957200153,-0.32759237822731635,0.11727781829381467,N900_RS17960,N900_RS17960,1.1752430333333335,-0.18497,4.7196,3h_SI4,3h,SI4,6h_SI3,6h,SI3,4.90457
0.05602879697238761,-2.0247481472529314,-0.8671379868154566,-1.7502663717055154,-2.1583610828059383,-0.4069786609496375,2.1507005931472905,-1.1994174528141068,2.3326191525459135,0.5741673758969741,N900_RS17965,N900_RS17965,1.2321221333333334,-0.16676,4.9585,6h_SI2,6h,SI2,6h_SI3,6h,SI3,5.12526
2.455883010059372,-1.8018442350148658,-0.31482904706879433,0.5477419494009328,0.9570874895320111,0.1775909390992615,0.7368024333967382,0.36428496031648205,-1.7829911385737898,-1.3536893106758292,N900_RS17970,N900_RS17970,1.02237215,-0.35522,4.2143,3h_ce,3h,ce,6h_SI3,6h,SI3,4.56952
-2.547956159140751,-1.464664107722326,0.031063346354736135,0.8848244234467408,0.18490377563032884,1.5488660266367194,-1.1182841313395153,0.6283242508142599,2.0395002850641264,2.0200532869129724,N900_RS17975,ycdX,0.28069838333333325,-1.317,3.0485,6h_SI3,6h,SI3,3h_SI3,3h,SI3,4.3655
0.24049346976614983,-0.8444806114326973,-0.08194503886746946,-0.10745794271496423,0.2051912530631683,-2.6091068697916713,1.5152425142818118,-1.5940238553862494,-0.5141741291467464,-2.941805454268132,N900_RS17980,metal-dependent phosphohydrolase,1.0287126,-0.84668,5.386,12h_SI3,12h,SI3,3h_SI2,3h,SI2,6.23268
-2.4674095862657794,-0.5411207863773426,-0.010872382458109911,0.16494245399562857,0.39163932485323816,-2.3340634602305035,0.904382217314774,-1.651947141464022,-2.014217679712614,-1.4134078602899203,N900_RS17985,zwf,-0.5297414500000001,-2.6284,2.2209,3h_SI9,3h,SI9,3h_SI2,3h,SI2,4.8492999999999995
2.9989592598140877,-1.3084760625501943,-1.4203189499487474,-0.5360430334058492,-0.5740302359097652,-0.003836262143937841,-0.4842119703431491,0.049462875288862646,0.183079881323699,-0.567774172457757,N900_RS17990,pgl,1.2024730000000001,-0.73588,4.5236,3h_SI9,3h,SI9,6h_SI2,6h,SI2,5.25948
1.6195885161703316,2.2832455182541027,-1.3486363986170415,0.2594036470164953,0.013567014189930619,0.2250024790168963,0.5550424014076578,-1.3241294446199647,0.9725766391496611,-0.09758561649423259,N900_RS17995,gnd,-0.12414838500000001,-2.1542,4.5935,6h_ce,6h,ce,12h_st,12h,st,6.7477
-1.7639481224396913,2.1921914577035064,-0.5788677828787446,-0.5377919054545262,-0.6037495968615223,-0.5284697151896869,3.145425447046078,-1.5898758005176032,0.6338947130383186,-1.7408592346558671,N900_RS18000,N900_RS18000,-0.11332974999999998,-2.2521,3.9767,6h_SI5,6h,SI5,3h_SI2,3h,SI2,6.2288
3.0265077998728325,0.4521739012745467,0.518229308770187,-0.12816792894016693,-0.5716736172430786,1.0014627533078648,-1.4980840865325533,0.21209259046262913,-0.030238122350932595,-0.07269206247603965,N900_RS18005,MBL fold metallo-hydrolase_3,1.3484987,-0.26845,3.951,1h_SI8,1h,SI8,6h_SI2,6h,SI2,4.21945
0.971571881548206,0.09943606148617862,-1.5672676986891585,0.029408703995016827,-0.5825331449244462,-1.1466843834427771,2.0633914187322944,0.8898434971507925,-0.9038744258762158,1.9395921405161214,N900_RS18010,N900_RS18010,0.7688102765,-0.57853,3.3851,3h_st,3h,st,6h_ce,6h,ce,3.96363
0.651555659755092,-0.4196726977159576,0.45737391691204765,1.3825885366518098,-0.8090652437166038,0.7986965384479768,1.1918733532115375,0.3820043153664409,1.2722553622413177,-1.6673870245691442,N900_RS18015,N900_RS18015,1.29595885,-0.39959,4.5339,6h_SI4,6h,SI4,3h_SI5,3h,SI5,4.93349
1.4605052067247204,0.12441769779946055,1.1257447449370974,0.10856823814241845,-0.5988119737450563,-0.3724485877557311,0.40191996334786206,-0.49875895685803645,-0.7556227670159209,2.8377409832193408,N900_RS18020,Pseudogene_N900_RS18020,0.6119588516666669,-0.61296,3.5909,12h_SI6,12h,SI6,6h_ce,6h,ce,4.20386
2.5644962903617907,0.15253682442638888,-2.2285830606678187,-0.3297343110174775,-0.3955257593468186,-0.2621717434846129,0.4569760704746275,-0.25129095771962445,-0.32310329966926266,-0.6775978240208935,N900_RS18025,dsdX,1.0326274999999998,-0.64951,5.0488,1h_SI1,1h,SI1,12h_st,12h,st,5.69831
-0.6638872412923313,-2.4456969284624006,0.4581098934787285,0.13072976343639686,1.3137871532876868,0.38938507594376837,0.6861373895122064,-2.348851724444192,-1.039390704202292,-0.5498907238264746,N900_RS18030,cdar,0.9397330333333334,-0.64353,5.6322,3h_SI3,3h,SI3,6h_ce,6h,ce,6.27573
-1.2263625520285382,0.4136234358201244,-0.5461164660281753,1.8177915400091256,2.0509626264686647,2.181010577972091,1.8616086093340474,-1.6777501448128445,-0.3682140835383626,-0.7423980700322163,N900_RS18035,methyl-accepting chemotaxis protein_24,0.47953151333333327,-0.99292,3.8988,6h_SI4,6h,SI4,3h_SI1,3h,SI1,4.89172
0.36967746596196793,3.635162485531253,1.2096265244150282,-3.5230540620775233,-1.5122504836980393,-0.026489493465637337,0.33640839177908577,0.39468114031444573,0.6779659157899853,0.0967343433084491,N900_RS18040,hutZ,0.8886057166666668,-0.87025,5.2244,6h_SI4,6h,SI4,3h_st,3h,st,6.09465
-0.8975178305026894,0.4158281433909249,-1.0195974317104666,0.10330518219133777,1.4103652041127552,-0.4636250691144088,0.2045469250885727,2.5105942853634775,0.8799905105547878,2.583752794298107,N900_RS18045,hutX,0.4391003733333333,-0.92772,4.1017,12h_st,12h,st,6h_st,6h,st,5.02942
-0.36321125930682685,-2.304573424110573,-0.3936817058684117,-0.24749262031300967,-1.0143235644091877,-2.2322989038740224,-0.117967298642077,-2.694993799330405,1.2192876316284442,-1.1634622792119627,N900_RS18050,chuw,0.3849274,-1.2398,2.7233,12h_st,12h,st,3h_SI5,3h,SI5,3.9631
-0.3412608263408501,-0.14689523284928113,-1.6124842023222028,-4.509459107923424,0.7872171009813085,1.6417734361710528,0.8460627046777476,-1.7599794862662776,1.9980959789117074,-2.3291888892145023,N900_RS18055,TonB_2,0.81090335,-1.2465,4.5803,1h_SI9,1h,SI9,6h_SI3,6h,SI3,5.8268
1.8086343798453504,-1.9131771048758437,-1.1163804413678906,-1.2709506209373331,-0.7601708861786571,-1.217360666892207,1.125979101451547,-1.4986701976959877,-0.06730008289814704,-1.9877670242722119,N900_RS18060,exbB1,1.5818295,-0.61895,5.692,1h_SI6,1h,SI6,3h_SI5,3h,SI5,6.31095
1.314383900219326,-2.6147898175397866,-0.7421392423421324,0.506207132440843,1.0353293601204758,-1.5752668345856353,-0.028358384809105353,0.3425119113032312,-0.7677368080746009,0.0899874576969738,N900_RS18065,exbD1,0.2369785333333333,-1.234,3.4798,3h_st,3h,st,6h_SI4,6h,SI4,4.7138
0.15174073937181864,1.6092277126342096,-2.6372032768560336,-1.0118764076000413,-0.7402387607646695,-0.06242066378250366,-2.5936163025989574,-1.32937984641627,0.9945322047222924,-0.8931002301970293,N900_RS18070,hmuT,-0.4551140333333334,-2.2574,3.4826,6h_SI5,6h,SI5,6h_SI1,6h,SI1,5.74
1.6891156479520593,-0.3029665515015211,0.44825431752225775,-0.8370640009185997,2.924281158805746,0.9061454951496778,-2.0402040771190393,-0.9668758600552407,0.9748926373905802,-2.1093928161979676,N900_RS18075,hmuU,0.9301478333333334,-0.77474,5.5756,1h_SI6,1h,SI6,6h_SI1,6h,SI1,6.350339999999999
2.0513685958455454,-0.8324817239555102,-1.8853360814206623,-0.3097195173624121,-0.3187085032646336,1.3017054807902857,1.501908885391309,-0.031551159500200876,-0.58153833636034,-0.6376651899133207,N900_RS18080,hmuV,0.84955604,-0.71774,3.5689,1h_SI7,1h,SI7,6h_SI3,6h,SI3,4.28664
0.6307480097620068,-0.5211655236769683,-2.8708730254958543,-0.49911249118405965,-2.4871980264876714,-0.3959015979196574,-0.09622488307955457,-2.750680876951658,0.8491178457873712,-1.1573330984698158,N900_RS18085,TetR/AcrR family transcriptional regulator_5,-0.008948498333333322,-1.6294,3.2636,3h_SI1,3h,SI1,6h_SI2,6h,SI2,4.893
-2.427269161787257,3.925771134862714,-0.7100226507722912,-0.21654313047987706,1.0364963992858816,-0.46740852689737555,-1.0227182136399182,-1.0643955115414787,-0.09469792197043692,-1.6850506429300296,N900_RS18090,N900_RS18090,-0.6179167000000001,-4.2886,4.1179,6h_SI7,6h,SI7,6h_SI2,6h,SI2,8.4065
-2.1766781764607392,-1.3098285679456514,0.7793850955042358,1.1841904439450355,1.017711321680192,-2.802878226677528,0.3913482078409512,-1.2879167984215014,-0.5441654275158164,-2.0155672440690635,N900_RS18095,N900_RS18095,0.2249694783333333,-2.0225,4.2927,12h_SI2,12h,SI2,1h_SI1,1h,SI1,6.3152
-0.748552320008169,1.2449797629048736,-1.4683806772811447,-0.1460837259912553,1.9890405686686443,1.6796604155046932,-0.9004209412892863,-2.383209897244928,3.2847268746016147,-0.27306727434389644,N900_RS18105,araC_2,0.04424243333333331,-2.0993,3.8951,1h_SI1,1h,SI1,6h_SI1,6h,SI1,5.9944
2.4211152670432394,1.7519044237402601,2.039263436044222,-0.6811432043502568,-0.7042544868586857,-0.4410659813071498,-0.5777683295191793,0.3066708637842544,-0.4241092639899209,0.5308860338851913,N900_RS18110,mlp37,1.395917148333333,-0.21069,5.3295,1h_SI8,1h,SI8,3h_st,3h,st,5.54019
1.8911400842467483,-0.44161371827764295,-0.0958352978510863,1.4885638810677477,-0.7548578787924851,0.7732716020237582,0.30780143462840237,0.6135528186251036,-0.08649556402350456,0.029252357733181245,N900_RS18115,hmp_2,1.50623445,-0.18888,4.5887,1h_SI6,1h,SI6,1h_ce,1h,ce,4.77758
0.8450209258958998,2.8729436587474426,1.244323448440108,1.2839835560770534,-0.17209518686198702,-0.45762586493432633,-1.3548337467189884,-0.7495091984150162,-0.8269590390560543,-0.7085412164111411,N900_RS18120,pyrC,-0.5920751333333334,-3.3609,2.9625,12h_SI7,12h,SI7,1h_st,1h,st,6.3233999999999995
-1.5446688970594005,0.8209411429703737,1.9295029993596617,-0.28255021171710304,-4.397305287290312,1.1819778607332012,1.3331684579632777,0.5637073253893936,-0.8742816544234081,1.2402319740673697,N900_RS18125,AraC family transcriptional regulator_4,0.48270094166666666,-1.3638,4.4377,6h_SI2,6h,SI2,6h_ce,6h,ce,5.801500000000001
0.8332212211026744,-1.0642073009941198,2.911101585096735,-0.3445275434264454,0.8559759120526313,-0.005321115642618834,-3.5825669110688363,-0.8707195434751942,0.843975518294593,0.01727332145357452,N900_RS18130,yhaI,0.5284481166666667,-1.3799,3.5116,3h_SI9,3h,SI9,3h_st,3h,st,4.8915
1.5176425121897514,-1.1620005675172274,-0.8444703244197221,2.610646077833244,-0.5660192558752898,0.2609510033676823,0.605074145412912,-0.7541317234389875,-0.34905320485209645,-0.8521764288363186,N900_RS18135,N900_RS18135,0.8181215166666668,-0.78645,3.9496,1h_st,1h,st,3h_SI2,3h,SI2,4.7360500000000005
-0.3467967799042162,0.07307246604606776,-0.7900675410932673,-0.8082511211763164,-3.527085527549313,1.5376357686357485,2.5053538157815423,2.0753681015686025,0.14250215257988869,-1.0596361322113683,N900_RS18140,rlmC,1.4098274999999998,-0.10234,4.0469,1h_SI6,1h,SI6,3h_SI3,3h,SI3,4.14924
1.3261134169163018,-1.5946259954728221,1.71114108478261,-0.02830384772835015,-1.4528719552106808,2.507496151236637,-0.6555871714822514,0.21375687088476142,-0.17458867554351343,1.4846152696602977,N900_RS18145,yedI,1.2079101883333332,-0.35389,3.896,6h_st,6h,st,6h_ce,6h,ce,4.24989
0.7657937173626155,-2.9397746534564937,-1.4232829962392024,-0.8763727440237175,-1.133825887667233,-1.2304948645523006,0.18611504221558783,-1.86483838176089,0.10866867390744556,-0.29481461165606637,N900_RS18150,VC_A0931_BLAST,1.0859591833333333,-0.85723,4.7621,1h_co,1h,co,6h_SI4,6h,SI4,5.619330000000001
0.003262502144321555,0.9246354185500286,-1.0723717674822177,1.3824438510013102,-1.2822595334964038,4.039350253381588,0.3651086463215764,1.2281498992333149,0.40952195682032655,1.4680606733493817,N900_RS18155,cspV_3,0.7596669666666667,-0.83059,5.2356,24h_SI2,24h,SI2,3h_SI1,3h,SI1,6.06619
0.149212170188886,-0.6015225914150053,-0.83066583043615,-2.0852441697900628,1.984618239173698,2.2026043913102455,0.6978843563616763,-0.19120425865524898,2.2021766688842166,1.5179964474823515,N900_RS18160,N900_RS18160,1.0457559066666666,-1.0574,5.2573,1h_co,1h,co,6h_SI3,6h,SI3,6.3147
2.6750184789696796,-0.7913888044021071,0.4009929398523869,0.254636750527367,-0.29809522521125237,-1.092094410385244,0.3176741649618694,-1.1595927943849376,1.1422397122300176,-0.07085648338086026,N900_RS18165,M14 family metallocarboxypeptidase,1.0212869166666667,-0.50094,3.5822,1h_st,1h,st,3h_SI3,3h,SI3,4.08314
0.08140279521592131,-2.162641243999032,1.017963680300644,2.38246837353422,0.4889150917751964,0.40198597655804424,1.101913359275084,-0.27049368656822054,-0.26469578044599207,0.2328779232168925,N900_RS18170,AraC family transcriptional regulator_6,0.6175306833333334,-1.1021,3.7207,6h_st,6h,st,6h_ce,6h,ce,4.8228
0.756197805063807,1.865227659328401,-1.54432114650154,1.4567284256241146,-0.9252580160597949,0.8384294607168514,0.3242374963938365,-1.5563972574050993,0.10598651940845488,0.2333216636304971,N900_RS18175,eamA_8,1.0682493333333332,-0.95688,5.1571,24h_SI9,24h,SI9,1h_SI1,1h,SI1,6.11398
0.3686242214643696,-1.1606005645403141,-2.493762979274706,-1.4773618648330364,-0.8056724793994258,-0.6007165833457131,-1.0019558357285645,0.9862619792435434,-0.28814742078348765,0.14412842432992068,N900_RS18180,VC0395_0300_BLAST,1.1578570499999998,-0.60448,4.9425,1h_ce,1h,ce,6h_SI3,6h,SI3,5.54698
1.4827266393252287,0.7349585120493198,2.360126167007556,0.32860064422259416,-1.7732026198884536,0.8280873230500241,-1.3015085686221732,-1.0531041289270873,0.71120067442354,1.2009691480463942,N900_RS18190,yciA_2,1.0799188716666666,-0.34301,4.4195,6h_st,6h,st,3h_st,3h,st,4.76251
2.0636685460517663,-2.720002087583316,0.2971473487166195,0.30233957610713835,0.9242792046198057,0.42886956028462686,0.3610419374249466,1.2534526756568742,0.08365942512880375,1.1529993990213736,N900_RS18195,N900_RS18195,0.9048698233333334,-0.65127,3.9226,3h_co,3h,co,12h_SI2,12h,SI2,4.57387
1.9004140168548211,0.8837489587229972,1.9989237899826038,1.5048654294804478,-1.189176412825964,1.093556610523977,0.021293781660010613,-0.05917154671617392,-0.9868990513641683,0.22471192909488602,N900_RS18200,malG,1.5428225,0.23595,4.8215,24h_ce,24h,ce,3h_SI1,3h,SI1,4.5855500000000005
-2.089814269147736,-0.28330198951023255,-0.624843324500167,-1.148070425741848,-2.504956980867204,0.29285478400086495,-0.17768009048894873,0.7082883167442271,1.9057640452025533,0.8987054134119132,N900_RS18205,malF,0.16582731666666672,-1.3919,4.6687,3h_co,3h,co,3h_SI3,3h,SI3,6.0606
0.519813881633794,0.4534519145409628,1.9127668874008066,2.394721060479368,-0.45494665869407414,-0.5670510071693236,-2.312264600427584,-0.9206270211822045,-1.0779694658377021,-0.2694530805379959,N900_RS18210,malE,0.18086401500000002,-1.0174,3.42,6h_st,6h,st,6h_SI2,6h,SI2,4.4374
2.5534515211931472,0.974071109610927,1.2442929332957529,-1.5902377810220572,-0.929284077377873,1.8394496157954627,-0.7707253586466258,1.2800373830017409,-0.4004121382781768,0.14742662682529073,N900_RS18215,malK,1.6420375766666666,-0.075905,5.2683,1h_SI7,1h,SI7,12h_st,12h,st,5.344205
-3.8184789237451175,-0.6156504324989764,-1.1745000021300749,0.23369385631495776,0.7630129735440087,0.45433584378031744,-1.1403587044933094,-0.7174227760878409,0.5613550996003789,0.7712497012844668,N900_RS18220,speG,-0.6083415000000001,-1.887,2.9196,6h_SI2,6h,SI2,6h_SI3,6h,SI3,4.8065999999999995
0.03243536074998232,-1.884823430992272,2.215750305433918,1.15110953680423,-1.3238195705028348,0.870631821472308,1.4127202439403341,-0.6510880002326387,2.058881447751061,0.5876110538654944,N900_RS18225,N900_RS18225,1.0218731166666666,-0.58247,3.9622,12h_SI1,12h,SI1,6h_ce,6h,ce,4.54467
0.677405211548785,-0.021675104286848823,-1.1127931709082044,-1.2176961887990854,-0.9269414132579492,-1.9509585808286913,0.1492261521804632,-1.1160721977869144,-1.0425059713915061,2.358996283374263,N900_RS18230,SM-20,0.7878321116666669,-0.62538,3.4996,3h_SI1,3h,SI1,3h_SI6,3h,SI6,4.12498
-2.525202044448411,-1.8066964203704656,1.4978084016353286,-1.424155156656671,2.675682654601327,3.538194764653601,0.9982392407597092,0.22865678452306892,2.3940557540201497,-1.4646849861708904,N900_RS18235,VCM66_A0911_BLAST,0.7831024866666667,-1.1646,4.4179,1h_SI9,1h,SI9,3h_SI1,3h,SI1,5.5825000000000005
0.337643477947732,-0.24181148656153673,-2.4394195701705716,-1.0582199729709931,-0.3140778432043566,-2.063630258219883,-1.5898997724772366,0.956885691069681,0.31175675070635,0.7349428543079595,N900_RS18240,vpsT,0.7171934466666665,-0.67154,4.1504,3h_SI1,3h,SI1,6h_SI2,6h,SI2,4.821940000000001
-0.10893568552176003,-0.7761717210460197,-1.4439147948508175,0.8423022242993996,-1.457224304132312,-0.9887980979755895,-3.0811587357060928,0.6715369472068874,-0.5505260812059284,0.04489759566748974,N900_RS18245,ppiC,1.120754318333333,-0.34956,4.3295,3h_SI2,3h,SI2,12h_SI1,12h,SI1,4.679060000000001
1.8559289409273463,-1.8385651473158773,0.3862880568721039,2.317746039091528,0.12258162178456644,0.29395803726004355,0.7316726316402993,0.021859755842563444,0.4108491824161352,-1.1270439902766398,N900_RS18250,CheV,0.5409919933333334,-0.75718,3.3254,3h_ce,3h,ce,3h_SI1,3h,SI1,4.08258
0.0666005499334017,-3.052415865818198,0.5630493931385404,1.3263671281762353,1.972466001634459,-0.9504233722582938,-0.13630873621087425,-0.7074920030031924,-0.06496568746047837,-0.17184868946330523,N900_RS18255,marr_2,0.713241845,-0.91848,3.4133,12h_st,12h,st,6h_SI4,6h,SI4,4.33178
0.3937758302966219,0.6493001734561015,-1.7110910372659502,-0.8892823800336795,1.581654245976119,-0.0711807181506019,-0.18932760202211263,2.4173674640518965,-0.956500081698589,2.3595499406124816,N900_RS18260,vdcA,0.7629141199999999,-0.67459,4.8018,6h_SI1,6h,SI1,6h_st,6h,st,5.47639
-2.1715900759939837,-0.7043870910283285,-0.3157056417412801,-1.3695958932460692,-1.6316582822251702,-0.3116656109539837,-0.6796160679436136,0.607010281165636,2.9141099181345274,0.3400134071811891,N900_RS18265,malate synthase,0.7379522666666667,-1.0315,4.393,6h_ce,6h,ce,3h_SI3,3h,SI3,5.4245
2.991397233088094,0.6693334278244816,1.3953927659718248,-0.4343832937170484,-0.7229487690823495,-0.1677138348912499,-0.03714680876826959,0.6161290308213045,-0.4274836643375374,1.5036959214594938,N900_RS18270,N900_RS18270,1.5079524999999998,0.03813,4.6884,1h_SI9,1h,SI9,3h_st,3h,st,4.65027
0.9379042840581828,0.054735852245223315,-1.1757865051135648,2.3405117608210206,-1.2784965570282767,0.14516736745904668,0.3237094403929336,-0.08756646964274878,0.8119035839782899,-0.07196461133204679,N900_RS18280,sensor domain-containing diguanylate cyclase_5,0.5460500599999999,-0.79078,3.9373,1h_st,1h,st,12h_st,12h,st,4.72808
-1.1652349885316615,-2.5004302964123393,-1.009890787291826,-0.9960291502484155,-1.8190610979629747,0.6285941546625076,2.053748385586495,-0.5667297514947882,-2.413244430345897,0.9483701363400434,N900_RS18285,AlkB,0.7554539366666666,-0.68823,4.9356,1h_SI1,1h,SI1,3h_SI6,3h,SI6,5.62383
1.1660719646810085,0.19437251021670002,1.9764526831267395,0.6136496634459441,-0.8025376465313263,-0.7316365887377592,-1.730481677600136,-0.4684790922846443,1.0288557678835941,0.7499991715813163,N900_RS18290,N900_RS18290,0.3900006549999999,-1.0555,2.8775,6h_SI6,6h,SI6,3h_SI3,3h,SI3,3.933
1.4677635473680626,1.7484849512136351,-1.314535992082954,0.7928034768883756,-0.22177080646646433,-0.8888583645960437,-0.10064037252731406,-0.9932796885828208,-0.2546337641655342,1.6422832036267556,N900_RS18295,DMT family transporter_2,2.4100283333333334,1.0156,4.9017,1h_st,1h,st,1h_ce,1h,ce,3.8861
1.5094810404627745,-0.09233898257022505,-1.0383399491204792,-1.412309780342388,0.3159932980852312,1.1715119789619435,-1.7197523786078464,-1.0888732001353638,0.8054938996632589,3.09702224835275,N900_RS18300,gcvA_2,2.2346368333333326,0.59281,4.9998,1h_SI8,1h,SI8,12h_SI1,12h,SI1,4.4069899999999995
-1.3392875514805764,-0.62433983160584,-0.5660585992431798,-1.3804943145757687,-1.8698636425485755,0.2094655235026469,0.8909399106737561,2.071882378754005,3.0141308351286247,-0.0018373878233198804,N900_RS18305,diguanylate cyclase_6,0.7194414166666668,-0.94836,3.8222,12h_SI8,12h,SI8,3h_SI3,3h,SI3,4.77056
-0.30691635807239903,-0.7565892622139825,-3.0576593074204927,-0.07876050429149939,-2.6541942924123183,0.34524444200031346,-2.0283499163952676,-1.0741241276247584,1.0257984499214121,0.9743022344126302,N900_RS18310,N900_RS18310,0.4221418283333333,-0.78188,4.1463,12h_st,12h,st,3h_SI3,3h,SI3,4.92818
-3.7660620067519455,2.5582872525470854,-0.928715548480734,1.227162725968713,-0.16005266659673226,-0.441996090996144,1.765459828817127,-1.2824380251924299,0.09560775218089534,-1.6393880561010747,N900_RS18315,VC_A0969_BLAST,-0.9442511333333332,-3.2332,2.4104,3h_SI7,3h,SI7,6h_SI3,6h,SI3,5.6436
1.5464293650291339,1.8596081312466124,0.14554051140482588,0.30896749369658716,-1.960994297705108,0.7845692641807178,-1.7205189621813612,-0.7674314035327112,-0.25429971448661537,0.012897604310984412,N900_RS18320,pyrimidine/purine nucleoside phosphorylase,0.657977575,-1.2115,4.8168,12h_SI6,12h,SI6,12h_st,12h,st,6.0283
-1.7998510394091585,-0.7388115663917019,1.2089301750687416,1.289491135889405,0.8485343681975422,1.891929321075414,-0.24998212966282196,0.6793441341432691,2.9318172567523733,0.8944204095142754,N900_RS18325,N900_RS18325,0.17817867333333332,-1.2495,4.2406,6h_SI3,6h,SI3,3h_SI1,3h,SI1,5.4901
-1.8711167879786745,-0.36447625423975205,1.3051329301506998,2.606589063614207,-0.8887896906426052,2.5529352367936995,3.841151731538444,-1.4947604777578543,1.5245058959290314,0.45631869987418283,N900_RS18330,MFS transporter_2,0.35881348333333335,-0.8963,4.4611,6h_SI1,6h,SI1,3h_SI2,3h,SI2,5.3574
-0.003181050857422818,-2.4194728599863917,-0.9081709713681088,1.2594788918761197,1.1383677661855582,1.863502436768493,-2.8694094836046267,-1.1661425057683164,1.6442798807067747,1.064308091895145,N900_RS18340,methyl-accepting chemotaxis protein_25,0.6147865899999999,-0.93278,3.7644,3h_SI2,3h,SI2,3h_SI1,3h,SI1,4.69718
-2.186938618260357,-0.2060404978886533,-0.34137029959322057,0.8605703705804051,-0.8618710784903135,-1.4991334646145007,1.9141856473552767,-0.3716040841976323,-1.762497988063811,-2.944859838013672,N900_RS18345,ATP-binding protein_2,-0.09152692666666669,-1.6205,3.2502,6h_SI1,6h,SI1,3h_SI2,3h,SI2,4.8707
-0.439945741020086,0.7217415352176304,-2.1797567759718857,-0.9087111312719839,-0.10998060817196789,-0.07493657223292205,-0.09859508469722522,4.260336414493963,-3.0103643686520303,0.3955853420003599,N900_RS18350,N900_RS18350,0.64672878,-1.0007,4.4513,3h_SI7,3h,SI7,6h_st,6h,st,5.452
-0.5150434882517381,0.4762194892123278,-0.46966775320492454,-2.1436325914062415,-0.3721830324385974,0.3130712927164073,2.2006670817547898,-1.1389481363280232,0.039470143930949164,-3.6409621348247763,N900_RS18355,lktB_2,1.519740105,-0.60883,5.4278,1h_SI1,1h,SI1,6h_SI3,6h,SI3,6.036630000000001
1.6697819236673723,0.747631573106859,0.6021470518052566,1.0993331572383842,0.45037510683558524,-1.0691105307943356,0.6785760226030821,0.8792883312301454,-1.1250455170284104,1.8177902271244728,N900_RS18360,artI_2,0.7587857,-0.80842,3.6524,1h_st,1h,st,6h_st,6h,st,4.46082
1.3605029033823852,-3.6094398001948744,0.47648926427583266,0.24070047534042072,-0.5532337894154095,1.179702116289749,0.6647788613155595,0.23100803367745526,1.1999250181145102,0.34867383684046205,N900_RS18365,mcpQ,1.0476492,-0.46607,4.335,3h_co,3h,co,3h_SI5,3h,SI5,4.80107
-1.2326562869372935,-1.449743869159182,-1.631896322831251,-4.082841446014946,0.06590534537526353,2.138583648242802,0.14368571678284392,0.7552970733199978,-0.9754898547711465,-0.02234396189866017,N900_RS18370,N900_RS18370,0.99271789,-0.92994,5.7143,1h_SI2,1h,SI2,12h_SI2,12h,SI2,6.64424
1.1814326355871891,0.6255739301904072,0.3368413888195528,-1.8822934399690807,0.5931548854978117,1.136526139264295,-0.9273352107531461,-0.13944143461176534,0.6738547557156724,4.2450143132700076,N900_RS18375,ABC transporter,1.1957825616666669,-0.29617,4.516,6h_SI7,6h,SI7,6h_st,6h,st,4.81217
1.9240230125902444,-1.2125696515164952,-0.22753230492784066,1.519071481451999,2.3656031492834493,0.6393217997458863,0.04409145695013783,0.5171376073471431,0.281926953011104,0.852300345565036,N900_RS18380,dmlR,0.8241887983333334,-0.67422,4.6473,12h_st,12h,st,3h_SI1,3h,SI1,5.3215200000000005
0.05712326164280679,-0.6528648006774572,-0.15985276347347321,0.20667501960152812,2.2443652106080103,2.427581776887651,-0.8882564261278159,-1.6270868396741425,4.227207312164588,-0.3204458278584206,N900_RS18385,L-lactate permease,0.8027006000000001,-0.58001,5.3968,12h_SI1,12h,SI1,3h_SI1,3h,SI1,5.9768099999999995
0.3686233040905762,-1.0283950617275839,-1.8283767856865394,0.942180816372304,-1.899668974048595,-1.788402413750739,0.08640812250776742,0.5073558053970575,-1.7917649929036603,0.03898267191224569,N900_RS18390,lldd,0.26480408333333333,-1.3526,2.618,3h_SI6,3h,SI6,12h_SI1,12h,SI1,3.9706
-3.4080343851559025,2.4395443432070443,-2.4815026171706545,0.916287790317063,-0.0030991307579440186,0.2650658016981796,-1.3871048641905472,-1.694197730044365,-0.3136403204043319,-0.6603488380142842,N900_RS18395,FAD-binding oxidoreductase,-1.0004502333333334,-3.0886,3.2639,24h_co,24h,co,6h_SI1,6h,SI1,6.3525
1.682834005997507,-0.3768170416935501,-0.016357393915711796,2.0670337608080303,-0.9376983242706793,-1.8173341616875298,-0.03772663179768376,0.04094584540697138,0.5090208050164978,-0.7456842591069104,N900_RS18400,ppsR,0.7752115616666668,-0.24286,3.2293,3h_st,3h,st,3h_SI4,3h,SI4,3.4721599999999997
2.253225916051374,-0.2662386168387739,-1.536320868420036,-0.19342592719378482,1.0286507297468184,-1.03224318134537,1.6945854703845853,1.2615424394931605,0.7883317449025649,1.7516834320454826,N900_RS18405,ppsA,1.2964013166666666,-0.27773,5.2183,3h_st,3h,st,6h_st,6h,st,5.49603
-0.7830709752803524,-3.5786678838831962,0.31205683090572506,-1.5674689611108712,1.1183518402301995,-2.372896726431232,-2.281930391167359,1.3763719843548041,-0.39996433806187437,-2.3362501251955647,N900_RS18410,aer_2,0.9651875166666667,-1.4096,4.8851,1h_co,1h,co,3h_SI4,3h,SI4,6.294700000000001
0.3685199617539259,0.21495274051093793,-0.8600475564642458,0.4205600487574528,-1.7120904944369917,-1.7989682261686974,-1.485167051566209,1.2765762879182039,2.099212831394139,-2.369402836539283,N900_RS18415,norM_3,0.7381811283333335,-0.52887,4.2499,6h_st,6h,st,3h_SI4,3h,SI4,4.77877
0.5240040531990844,-0.10971806562452718,0.9073914266065587,-1.4368210235960892,0.670084809786765,-0.2427721008954975,-1.6375990325149534,0.7725462708196027,-0.9790374323614351,2.9212082061489095,N900_RS18420,ATP-dependent helicase_2,1.0005302166666665,-0.36488,3.9666,3h_SI2,3h,SI2,6h_ce,6h,ce,4.33148
1.3705893158628424,-0.5366791835446976,-1.1490607126184855,0.46532445239268316,0.47745083237153346,-0.45065567792733896,0.4913680140168004,0.1396685583432286,-1.8696512347959482,-1.4584835062336023,N900_RS18425,dmlR_8,0.9454146333333333,-0.53089,4.2217,1h_st,1h,st,12h_st,12h,st,4.7525900000000005
-2.601600285425907,0.48472903718848726,3.891582350550323,2.374710649141364,0.18770692146247805,2.908558670136612,1.4212076513924923,1.0350148070900471,2.054448285645713,0.5850413316039129,N900_RS18430,grxB,0.7697200833333332,-1.0326,6.0039,12h_SI2,12h,SI2,3h_SI1,3h,SI1,7.0365
3.249240312429886,0.9521702882263643,1.0957051438887546,-0.5405470171291877,-0.21505532628109683,-0.15340414580982942,0.21346187923438253,-0.8459928905100433,-0.04475857214828194,0.20417555603997517,N900_RS18435,nemA_1,1.0526019883333333,-0.49052,3.63,1h_SI5,1h,SI5,3h_SI2,3h,SI2,4.12052
3.1391841928713493,-0.6089814347426269,-2.041354030396218,-0.9375104336893951,-0.14182651686346429,-0.050527644793517124,1.5994539313480716,1.5418180822222833,-0.8118554904847582,-0.2444452577535665,N900_RS18440,amidinotransferase,1.5820203166666669,-0.19961,4.4343,1h_SI8,1h,SI8,12h_SI2,12h,SI2,4.63391
-0.8836629766599744,3.0709998405879615,5.611297981441148,-2.1845635841136923,-1.5071309064921052,2.3548030930184085,-1.2229723318820527,0.10717462462159574,-1.0447656702510701,0.01958968524733007,N900_RS18445,vcaM,0.006609450833333333,0.00019262,0.17305,6h_SI7,6h,SI7,3h_st,3h,st,0.17285738
3.502026795662017,0.2902989089967099,0.978427269754374,-1.5188274528030323,-0.1494884257128556,0.2058308798789864,-0.4303871673209434,-0.9954022624004599,-0.08222022161494924,-0.950620232579961,N900_RS18450,N900_RS18450,1.5210640666666668,-1.2297,6.4454,1h_SI9,1h,SI9,6h_SI3,6h,SI3,7.6751000000000005
1.5724805000373747,0.3484631569189349,0.09276560606918342,1.3321803787115925,1.1961558165442172,-1.0116916475568543,1.756248889627154,0.6536772955973509,1.9055954366886407,-0.28612478070589487,N900_RS18455,nemA_2,1.2277445000000002,-0.5137,3.9551,1h_st,1h,st,3h_SI1,3h,SI1,4.4688
2.8017561996747764,-0.0013105136279910612,-1.393076865962808,0.35968867230494306,-1.6433738220493654,2.435605461137674,1.6816288788921137,0.5283679650041666,0.1966052513620435,0.23905343875143625,N900_RS18460,tetr_2,1.0664707666666668,-0.9266,4.6922,1h_SI5,1h,SI5,12h_SI1,12h,SI1,5.618799999999999
-0.2907033307566391,-0.5924983659288496,-1.173474930080759,0.7019445322560158,-0.8422808205495017,0.6640546947839343,-1.0058675148183145,1.5435604671710745,1.2356408668558072,1.6562338748660455,N900_RS18465,LysE family translocator_2,0.9449693833333336,-0.73313,4.7676,3h_SI2,3h,SI2,6h_ce,6h,ce,5.50073
-1.298593645670356,0.29900723036228505,-0.12570852419717085,-0.8364966782334584,2.671446067370222,0.57714725591081,-1.588493118015857,-1.069687674501534,0.12138546923414856,-1.4516866568193625,N900_RS18470,rhaS_4,0.93171164,-1.7867,5.3963,6h_SI5,6h,SI5,6h_SI2,6h,SI2,7.183
1.3002867743993214,0.3868278003118479,2.846715585478049,1.1854799104212779,-1.7239860852849018,-1.129318223044109,-0.7966826667920788,-1.548037889835107,0.6440824590983789,-0.01699051392639528,N900_RS18475,ygaZ,1.0294073499999998,-0.16483,3.9897,6h_st,6h,st,3h_SI3,3h,SI3,4.15453
0.19182103808492768,1.8775239871179992,-2.3472340752416843,-0.9095292918543015,-2.0160309137005568,-0.732879724517103,1.2966177177427278,-0.11116575452810035,0.9625970803674873,1.4371115248688702,N900_RS18480,N900_RS18480,1.0644122500000002,-0.6124,4.3871,1h_SI4,1h,SI4,3h_SI3,3h,SI3,4.9995
-0.9205160774980561,-0.2766286869279013,-1.398933031215249,2.119600444712293,-0.07844672291977614,-1.561237936025392,0.06258506905277061,-0.6576300338500791,-1.9533912909717186,0.6794757018602844,N900_RS18485,ycgM,0.2317670416666667,-1.0364,3.1133,12h_st,12h,st,1h_SI1,1h,SI1,4.1497
-0.03000482134867788,-3.204796462367847,-1.0000863364842032,-1.035683693484999,-1.5391155296465528,-0.7784397978410091,1.0674386720769262,-1.7708020911749938,-0.22424051076377305,-0.29364270044805085,N900_RS18490,sarZ_2,1.4996949,-0.13114,3.8497,6h_SI1,6h,SI1,6h_SI2,6h,SI2,3.9808399999999997
-1.7502354288303081,1.2099637450839844,-1.576379074726547,0.08353571055112141,-1.2821163402305327,1.161926455145536,-0.2850628534185312,2.618393596131859,-1.0550130916348306,-1.936477174106662,N900_RS18495,organic hydroperoxide resistance protein,0.7048468666666667,-0.51228,5.0489,3h_SI7,3h,SI7,3h_SI4,3h,SI4,5.561179999999999
2.9629208436263728,1.1733543965415034,1.6838271127899012,-1.1343677318583831,0.2940032940029892,0.4050999624225542,-1.0596625127358856,-1.0444334814553053,-0.34717327953471655,-0.058898175173154876,N900_RS18500,porin,1.9403371,-0.22876,6.144,1h_SI6,1h,SI6,3h_st,3h,st,6.37276
2.357033813888333,-0.13531392046046192,2.9562972930020357,-0.7134616333862269,-0.2536882409247115,-0.10738594499063958,-0.1328690198747,-0.31550928174234466,0.11877525336001943,1.0847877884455326,N900_RS18505,ribN_BLAST,1.7100765966666664,-0.20179,5.2301,1h_SI8,1h,SI8,3h_st,3h,st,5.43189
0.6672222665797647,-0.0009701320800740154,0.6445374806630476,0.8079126122401612,0.14210608767968055,1.0588702560481518,-0.26424689512047916,0.06844411477056903,-3.834719422165137,-0.9215369202585693,N900_RS18510,glutaredoxin,1.3478461550000003,-0.002698,4.421,12h_ce,12h,ce,6h_SI2,6h,SI2,4.423698
1.2724831390375133,-0.7852724466061973,-0.6031149958378278,1.9076112523121784,-1.7912910093030427,-0.3675623051687458,0.7804699634718344,0.3114466833665969,-0.44393969040414294,-0.945415901736326,N900_RS18515,yjiG,0.7193569433333333,-0.59136,3.7821,6h_SI7,6h,SI7,3h_SI2,3h,SI2,4.37346
0.5737644537943241,-1.9688552059569724,1.4850011792790696,2.285943722701261,0.47132327005428565,-0.024947994465131074,0.5988350495781117,1.3112809032161736,1.4205035506575914,-0.29784544558329495,N900_RS18520,N900_RS18520,0.8471733166666665,-0.59808,3.6638,12h_st,12h,st,3h_SI1,3h,SI1,4.26188
-2.316065851136158,-0.9600873516315631,-1.8690695713077954,-0.1702485792017101,-0.7706704631388589,0.7505412285854627,-1.4526777570199128,2.847204326406705,-2.9761434080643445,-1.4718838980185178,N900_RS18525,nhad,0.4258148978333333,-1.0779,3.8994,6h_SI3,6h,SI3,12h_SI1,12h,SI1,4.9773
1.0571384345985049,0.4297999938312206,0.21464767371145688,-0.4516614766015141,1.2838643628211777,-1.5636882233127976,3.150244048042512,0.9439357072734089,2.2497650759283427,-0.19391318315602724,N900_RS18530,N900_RS18530,1.49939915,-0.2296,5.4337,1h_SI7,1h,SI7,6h_st,6h,st,5.6633
-2.3235402709748607,-0.6064158916682211,-0.29979544491817006,1.0793777915918072,0.9578464203597231,-1.9704382506770877,-0.7542522125361621,-0.6791737502306463,-0.35735183294659867,-2.389415017783699,N900_RS18535,ogt,0.8451131166666666,-0.57455,5.4107,12h_st,12h,st,1h_SI1,1h,SI1,5.985250000000001
-1.0822243296026937,-2.6425929281122995,-1.2179290213076728,-0.011339186017067737,-1.137719327460364,-1.8829771549659613,0.021014913596441698,-2.1822753636062457,1.4392084044986126,0.26283248425988126,N900_RS18540,alkA,0.36567683333333334,-1.0677,2.7152,12h_st,12h,st,6h_SI4,6h,SI4,3.7828999999999997
0.010606718548451521,0.5049999392768314,-3.1414110989410085,-0.7020398683548152,-1.8726871087410035,-0.7419563291131441,-0.16584571833919026,2.665323380456331,0.6909134263011303,2.54482724016155,N900_RS18545,mhqP,1.2606789466666664,-0.16519,4.8455,1h_SI6,1h,SI6,3h_SI3,3h,SI3,5.01069
0.8038606192034443,-0.6059742015624525,-2.8658854669800577,0.0575115106935975,-2.000665540633818,0.052327879674643474,-0.45255340503855157,-2.075982157231234,-0.0753140984129208,-1.5275624173688118,N900_RS18550,LysR family transcriptional regulator_9,-0.1270354,-1.5769,2.6388,1h_st,1h,st,6h_SI1,6h,SI1,4.2157
-1.847654172154515,-0.8815121902924838,-0.5717648621131766,0.9626594401290496,0.7678991410030072,2.8593339745782385,-0.007542448421209658,2.0572811450585458,-1.5677006196115055,-0.7854708698929482,N900_RS18555,N900_RS18555,-0.6938512,-2.1712,2.8427,1h_SI1,1h,SI1,3h_SI5,3h,SI5,5.0139
-1.0378269876037796,0.8913698482190503,-1.8297284451515308,-2.7256677854208458,1.01616371688442,0.7430593875998783,3.5829125664911468,0.24110834041948567,-1.4865761265764514,0.30224462660579654,N900_RS18560,flavohemoglobin expression-modulating QEGLA motif protein,0.9325072333333334,-0.74441,4.0046,6h_SI1,6h,SI1,6h_st,6h,st,4.74901
0.5899835510847851,-0.06214008591578202,3.6542381766922527,-0.7459070601076521,-0.033607931175605225,0.8142830183821377,-2.3981553760555494,-1.3405081782470674,1.5398092403142027,1.1369683385100167,N900_RS18565,N900_RS18565,1.3080396666666665,-0.34214,6.2048,6h_co,6h,co,3h_st,3h,st,6.546939999999999
-0.3636755727104317,3.191207634374255,-1.4137689941758083,1.5230834408540952,-0.9285227264883492,0.18595767125156337,-0.6636412342219016,-0.33198404348573834,0.6336291525680794,0.6511619567008764,N900_RS18570,nagB,-1.0700565,-3.6157,2.4464,6h_SI6,6h,SI6,12h_SI3,12h,SI3,6.0621
2.3206044880573815,-1.4873946604558081,-0.38301811343924524,1.9696535528843002,-0.8400753279388674,0.22002858802061698,0.9516628234743444,-0.1599949947816443,0.9266710337071086,-0.5305157828917632,N900_RS18575,N900_RS18575,1.1693778750000001,-0.28541,4.5197,6h_st,6h,st,3h_SI2,3h,SI2,4.80511
0.827008699413915,2.1041407860806602,-1.0461583686163152,2.5494358522478873,0.8542392209106231,-0.6479009814851004,1.0759280890127831,0.29386277518752335,-0.4338084895470614,0.10424898096682567,N900_RS18580,maltose operon protein,0.2818717,-1.1755,2.8385,6h_SI7,6h,SI7,3h_SI2,3h,SI2,4.013999999999999
0.6913953482544501,1.019799477764954,1.340228317822316,1.0583225952006385,-2.682211576477308,1.039821160322436,0.10633354014206986,1.240753250032909,-2.0399542194763307,-0.8676166155465505,N900_RS18585,maltoporin,0.8266585999999999,-0.75052,3.6507,6h_st,6h,st,12h_SI3,12h,SI3,4.40122
1.797941803037455,-1.0145824368447431,0.2897498207614237,0.4405375328041301,-1.9602596862290318,0.9598011377782029,2.0044912489020503,1.9915941046564496,-0.2245379179021405,-1.427073432623228,N900_RS18590,glgX,1.1282764616666665,-1.1667,5.1463,1h_SI1,1h,SI1,3h_SI4,3h,SI4,6.313000000000001
0.4896450759446611,-2.686510198460212,0.7125290290384032,1.3609705806997567,0.5909718097652051,2.176592652396948,1.4253498517692202,0.06536305030820228,-1.4947800923021943,-0.7380204624893494,N900_RS18595,N900_RS18595,1.0050185333333335,-0.97709,4.4732,6h_SI1,6h,SI1,3h_SI1,3h,SI1,5.450290000000001
-4.874732460201525,0.03600979830786594,-0.7409638842485927,-0.836182487923669,0.38189697272450623,-1.0655190146650202,-0.05821618244161164,0.37567873438752997,-0.164010956324681,0.8166688641954263,N900_RS18600,methyl-accepting chemotaxis protein_27,-0.41803977166666667,-2.4343,3.4934,3h_SI8,3h,SI8,6h_SI4,6h,SI4,5.9277
-0.30821961759002825,0.7350869767777393,-2.211438994092871,-3.715147093175336,-0.36241100773736284,1.4404921389345904,1.7419387492095737,1.9360238157152643,0.21354246052463827,2.082434144943024,N900_RS18605,N900_RS18605,0.71950405,-0.9177,4.9879,1h_SI1,1h,SI1,6h_st,6h,st,5.9056
2.369680258250895,0.33603865425817747,-0.1538794999559079,0.6703646914563954,-0.1044146086198077,-0.22504020774009637,-1.3362855750078548,-0.31311324652192846,-0.9871657306316816,-1.5590981390651901,N900_RS18610,carbohydrate ABC transporter substrate-binding protein,1.0021422703333334,-0.54845,3.7851,12h_st,12h,st,6h_SI1,6h,SI1,4.33355
0.9148212442303025,2.8916926328267687,0.8247950514763724,-1.911476814119629,-1.4658152982455444,-0.9996241344652947,-0.9810073036227294,-0.26154298068817167,-1.4532546551041294,0.16938471057923132,N900_RS18615,methyl-accepting chemotaxis protein_19,1.0326468033333334,-0.63255,5.1683,6h_SI7,6h,SI7,3h_st,3h,st,5.8008500000000005
-2.7794763175174015,-0.18314801165149142,-3.3934184703124983,-1.9166571114858262,-0.9865658586985996,2.0396825609642706,-0.5601509766832726,-1.1436653019701437,-2.3568459424779378,-0.7155113289616473,N900_RS18620,N900_RS18620,0.33199108016666673,-1.3442,2.6237,6h_SI1,6h,SI1,12h_SI1,12h,SI1,3.9679
0.9089097288997219,-1.8686689520000552,-1.1749481733614628,-1.0557773184143775,0.3127491986138888,3.0550105655560906,-0.2886482836556854,0.5455943457508659,1.8663545179163776,0.774922390146964,N900_RS18625,aroG,1.4493935666666666,-0.073246,4.3744,1h_SI7,1h,SI7,3h_SI1,3h,SI1,4.447646
-3.048865215158673,-1.2562854016916754,0.519568078675638,1.3485845824808451,-0.9983706062866001,-2.0440563499974855,-1.9805992220331816,1.1289674146130075,1.2971723132320117,0.19101255288805397,N900_RS18630,glnQ_2,0.08422083333333338,-2.2495,3.9345,6h_SI5,6h,SI5,3h_SI4,3h,SI4,6.183999999999999
2.3006986463614307,-0.001254125371473791,1.0764616048791062,0.2696511582357144,-1.5322832822817292,0.09963842250239896,-1.1335104730649534,-0.013213116041880135,-1.4935351245201947,0.20005578719642902,N900_RS18635,amino acid ABC transporter permease,1.072856908333333,-0.28575,3.27,6h_SI8,6h,SI8,12h_SI2,12h,SI2,3.55575
0.31067457380053076,-1.2186772027260535,1.1674558073896115,-0.28666517071989617,1.5279284694141329,1.266058615083704,-2.4114128082067543,0.9063902071201126,-1.6391406634817125,-0.3264989051105094,N900_RS18640,fliY,0.7207417300000001,-1.001,3.84,6h_SI1,6h,SI1,12h_SI2,12h,SI2,4.840999999999999
3.1546023142624655,0.3690724750785247,-0.1283814010956706,-1.3847443084080926,-0.4497806740515838,0.2216793075419763,0.07337800350318613,-0.10689421300540569,-0.8169910895463172,0.7200470782798478,N900_RS18645,glnP,1.5760528999999999,-0.22421,4.0485,1h_SI6,1h,SI6,3h_SI5,3h,SI5,4.27271
-0.49175383320387267,-0.88796210986457,-0.09187824087433796,1.749713081321047,0.7571380110075165,-0.8161674874154163,0.014598638937865949,-3.020599463228222,1.7739277595255998,-0.7178308299842676,N900_RS18650,pgcA,0.22527911666666667,-1.4033,3.2432,12h_st,12h,st,12h_SI3,12h,SI3,4.6465
-0.700481022311783,2.868958433403478,-1.4713231675923961,-0.05127908618486088,2.3780324289540564,2.5741234921968017,-1.3122182124381314,-1.3478181384275307,0.043718623986113925,-1.1224640126805712,N900_RS18655,polymer-forming cytoskeletal protein,1.1176325383333332,-1.9145,5.9214,6h_SI5,6h,SI5,6h_SI1,6h,SI1,7.8359000000000005
0.8003350121825785,0.5103734039859864,-2.4981543466894514,-0.8567850930512657,1.14208161589812,2.9198395063302742,-1.311564511750183,-0.0033452246760839466,-1.6116342785381814,-1.1223747755432043,N900_RS18660,Pseudogene_N900_RS18660,1.6897767333333331,-1.2083,5.5671,6h_SI5,6h,SI5,6h_SI2,6h,SI2,6.775399999999999
1.1476552751430695,-1.1830166426615307,0.222674148779312,1.5277490038013326,-0.6454514494018134,0.981811984187055,1.0577774943521916,0.7850054689118564,1.2159961411774978,-0.594613767121205,N900_RS18670,mtlA,1.1918607166666668,-0.52701,4.7672,6h_SI2,6h,SI2,12h_st,12h,st,5.29421
0.8548950214655795,-0.14017420464467728,0.04173456234914161,0.6208257674010165,-0.3227879843862263,1.5184462408608397,-0.05525878619012059,-0.9409968503996751,-0.8531351426362329,0.2453096404321864,N900_RS18675,mtlD,1.0711142666666666,-0.43937,3.9872,6h_st,6h,st,1h_st,1h,st,4.42657
1.0816048148977213,-2.430982880498153,-1.45851912418713,0.5844586231711046,-1.1966011825883682,-1.556092711661781,-1.0198323665897822,0.8786582363657289,-0.5069272317996248,-0.33754412083405927,N900_RS18680,MltR family transcriptional regulator,0.5647306150000001,-0.84684,3.3964,1h_st,1h,st,6h_SI4,6h,SI4,4.24324
2.4218578448422567,-0.4592616653870065,-1.9083568931382155,0.45378673377315915,0.3126961344592072,-1.0480255095204787,1.1541477399978204,0.34156826044215716,-0.7002506623172203,0.8477099518366398,N900_RS18685,yceM,0.9835249633333333,-0.36835,3.719,1h_st,1h,st,3h_SI2,3h,SI2,4.08735
2.551126025225262,-1.6038035938473394,-0.9291796518572712,0.6553769076124301,-0.3695534859618826,-0.02322553195757182,0.38169452719722696,1.2322013572786505,0.5478360432969379,0.6199803617558914,N900_RS18690,MBL fold metallo-hydrolase_4,0.9261431949999998,-0.80376,3.7828,12h_SI8,12h,SI8,3h_SI3,3h,SI3,4.58656
-0.05601202619945811,-0.7765156841822778,-3.5162662479089244,-0.9936329524786722,-1.1344821873986068,-0.8132035034217755,-2.172774053472569,-0.5493450397703752,1.0218230478314458,2.389983817209978,N900_RS18695,N900_RS18695,0.5465653333333332,-0.76862,3.6284,3h_SI2,3h,SI2,3h_SI3,3h,SI3,4.39702
-0.14688868894257423,1.8238937068322905,-2.0191259150072813,-0.8251651178229547,-0.4071175857877105,-2.0045950687562084,-1.2179852959586652,2.238586063034411,-0.17544680750411523,0.12832876715427932,N900_RS18700,yccf,0.21158631666666666,-1.4743,4.2033,3h_SI1,3h,SI1,6h_SI2,6h,SI2,5.6776
-0.5065249121846822,-0.08064742117445117,-1.4082052139003318,-3.7857536871133943,4.20573118650037,-2.015100666602638,0.4831474083948869,-1.115027279237223,2.1963007472747536,-1.0155279797753327,N900_RS18705,N900_RS18705,0.9998879000000002,-0.59522,4.745,3h_SI3,3h,SI3,6h_st,6h,st,5.34022
2.965327255284733,-1.677432714689139,-0.6162965072137064,0.9164130013852163,0.34058257550217963,0.6935536871672249,-0.17639824733432097,-0.7952177081004714,1.1270305107664178,-0.3184404094637434,N900_RS18710,N900_RS18710,1.4617749166666667,-0.026851,4.8523,1h_SI8,1h,SI8,6h_SI1,6h,SI1,4.879150999999999
1.6778030758668727,0.2275901930105716,-1.1394425965447084,2.0921187796092084,-0.2192350752476844,0.7787115233272048,-0.25494154543347813,-0.6937178793997287,-0.13642411281464362,-1.2927805947825388,N900_RS18715,NAD(P)-dependent oxidoreductase,0.9146017116666666,-0.83762,3.422,3h_SI5,3h,SI5,12h_SI1,12h,SI1,4.25962
1.6131535741221459,-0.22426074335434165,0.35213799705932497,0.9442464102490136,-0.022155074781157573,0.7296019752536499,1.4070217085332333,-2.3576682628179095,2.581687557179627,-0.21156592799810958,N900_RS18720,LysR family transcriptional regulator_8,1.3987238833333335,-0.10966,5.071,12h_SI2,12h,SI2,3h_SI3,3h,SI3,5.18066
0.9144347419572587,2.560067838561128,1.4505284594439605,-0.06533635465494658,-0.9744435801558665,-1.9112498507425615,0.47571641272385123,0.5855593359309683,-0.7548322750756716,1.4371769667586085,N900_RS18725,methyl-accepting chemotaxis protein_17,0.4715738966666667,-0.95276,3.2707,6h_SI7,6h,SI7,3h_st,3h,st,4.22346
0.037187635003383956,-2.7577148387015433,0.5466758258086568,1.0604822168441963,1.5238179815920627,1.1989482311821744,0.9033054887805352,-1.6581165961476432,0.4521958092632507,2.4942484936517975,N900_RS18730,ydfG,0.47951441666666667,-1.1667,3.6548,1h_co,1h,co,3h_SI1,3h,SI1,4.8215
2.2407967523796692,0.556021463458185,-1.384922888337543,1.00741372281569,0.3010773032549023,-1.0395136304848351,0.8800227085392871,0.8559844901104514,0.17647770789652478,0.6902144540897996,N900_RS18735,dmlR_10,0.9155226263333334,-0.5259,3.2905,3h_st,3h,st,6h_SI4,6h,SI4,3.8164000000000002
2.1160166996574823,2.1104363649295994,-1.3341085701365085,1.243265677455986,1.1155911883929672,-0.4839690500107019,1.0737831398481374,0.5624158405800492,0.042807227381931656,-0.011458296102248022,N900_RS18740,trmY,0.6014891000000001,-0.82817,3.118,6h_SI7,6h,SI7,12h_SI2,12h,SI2,3.94617
-7.54882539766876,-1.778113903743693,1.5660073089877455,-0.8070623636264402,-0.19290506577548538,0.08480205031275001,1.1690421658552832,0.0817026344454494,0.3788181897701671,1.035455745583271,N900_RS18745,ribB,-0.8135009983333332,-2.4245,2.5383,12h_SI2,12h,SI2,3h_SI7,3h,SI7,4.9628
1.5796786067324176,0.32328249152576005,0.9935977979964749,-1.2354241820070766,0.5491507175713007,-0.2252624778398924,-0.7903491180396482,0.14010973237525995,0.49309994121404205,3.243485845653373,N900_RS18750,potE,1.24695305,-0.20207,4.1402,1h_SI5,1h,SI5,6h_st,6h,st,4.34227
0.11817081404136642,-1.6155648816379877,0.8225902993754068,-0.5607123659988174,-1.1582732666787015,2.268794086503413,-0.594856038763846,1.1747317266293196,1.8327543227570189,2.399553195108484,N900_RS18755,speF,1.4818714999999998,-0.13187,6.9006,3h_SI2,3h,SI2,6h_ce,6h,ce,7.03247
-3.3407056209582837,0.6182427613439625,-1.6328299733211191,1.3718886232145215,-2.4882277947735134,0.2555739428341892,-1.3483543859995486,-0.16487431064747426,2.1285558381044134,0.8364851129480766,N900_RS18760,N900_RS18760,-0.3224656000000001,-2.4669,3.5017,6h_ce,6h,ce,3h_SI3,3h,SI3,5.9686
1.0610771112474708,-0.6807525993807657,-0.13499614887801173,2.426642007144821,-1.5839298676358629,0.984956984756372,0.20853883521195005,1.4194166529554713,1.289547793860221,0.34188184590071424,N900_RS18765,calB,1.239738383333333,-0.70846,5.4858,6h_SI2,6h,SI2,3h_SI3,3h,SI3,6.19426
0.5349128115431494,2.128984049034746,4.439204634554847,-0.6802349122775102,-3.1196376766408256,1.8503907612343258,-0.5056886231229611,0.07680852748207811,1.713059040759259,1.4555875656815773,N900_RS18770,lrp_3,0.011676482833333333,0.00036118,0.14905,6h_SI1,6h,SI1,3h_st,3h,st,0.14868882
0.8498089615483599,-0.8890658081853333,2.0403591286788703,-0.07263604078915842,-2.795963241613314,-1.660295203383332,-1.0488556183278532,-0.26101275662482465,-1.0017687029606201,-0.08793473504111837,N900_RS18775,methyl-accepting chemotaxis protein_22,0.9547120899999998,-0.4274,4.3884,6h_st,6h,st,3h_st,3h,st,4.815799999999999
-2.8831778740237795,-1.8025058342960976,1.0096793557182042,-0.7961789275652613,2.000008808777856,-2.5407187362111308,-1.5691454022459859,0.4047210531492934,0.7116721131985547,-0.46234773355275227,N900_RS18780,N900_RS18780,0.34242248333333336,-1.3008,4.4145,3h_SI8,3h,SI8,6h_SI1,6h,SI1,5.7153
0.6067454205565297,-2.6542297108083237,0.9099423990133119,1.4058404596561336,-1.1194380152388033,-0.8504924181572231,-0.09459788242718725,-0.36280411453943234,-0.6459586776995231,1.2361767893040494,N900_RS18785,putP,1.0645062,-0.53207,4.1169,12h_st,12h,st,6h_ce,6h,ce,4.64897
0.7824248642686484,-0.3010090188151596,-2.9189058634440275,-0.25768249541011734,-2.695019572824874,0.03182686689570924,-0.2248415117475946,-0.7349924296521193,1.3527025439664617,-1.1294887233109143,N900_RS18790,1-pyrroline-5-carboxylate dehydrogenase,0.9777369233333333,-0.95406,4.1516,3h_SI5,3h,SI5,12h_st,12h,st,5.10566
2.8316021245931378,1.675466696501944,-1.6214152958358614,-1.27845388951748,-0.13214925397336752,-0.964803457852591,0.3711055689721348,0.31472293211592745,-1.6959197031404964,1.0946404844670055,N900_RS18795,putA,1.266033616666667,0.025051,4.1137,1h_SI7,1h,SI7,6h_st,6h,st,4.088648999999999
1.5971905517207103,0.3250536490712516,-0.20195002018730007,1.6671043197531605,1.7821869758707813,0.6623146880811615,-0.4565009937519917,0.9435203815234898,0.4835644469695014,-0.9407333139209159,N900_RS18800,rhaS_5,0.7279784499999999,-0.5858,3.9629,12h_SI6,12h,SI6,3h_SI1,3h,SI1,4.5487
3.3847951242347953,-1.158199829279519,-0.31784876120124556,-0.7018676091818057,0.5818272363750839,-0.55762296847751,0.8994170888409747,1.143303285033577,0.1298406332657262,0.294385882155102,N900_RS18805,N900_RS18805,1.9354384,-0.62737,4.5897,1h_SI6,1h,SI6,6h_SI4,6h,SI4,5.21707
3.064973099706857,-0.031003246487265268,0.9125664413153597,0.00891133223893581,0.6678124004335968,-0.40390218508201925,-0.4718613053794325,0.5596294721547355,0.18698580814252957,1.0165834196090116,N900_RS18810,egtb,1.2666449666666668,-0.01942,3.735,6h_SI8,6h,SI8,3h_SI1,3h,SI1,3.75442
-1.6491274558734972,-0.5421210079111067,1.599893480249087,0.06030317881291403,-2.2190165069437446,-0.3770108915392394,3.842777927090154,-1.399887274791124,2.462275457992466,-0.15892778976751698,N900_RS18815,PAS domain S-box protein_2,0.8348014500000002,-1.344,5.4392,1h_SI7,1h,SI7,3h_SI2,3h,SI2,6.7832
-1.649120422926451,1.1822500564078653,-2.0930076499684263,-0.8639307596828278,-0.26148414145373833,-1.5391735657338175,0.1501717192459917,-1.348983053580725,1.4242790344322476,1.5623504079817343,N900_RS18825,HlyD family type I secretion periplasmic adaptor subunit_2,0.09607926666666668,-1.5946,3.5016,3h_SI5,3h,SI5,6h_SI2,6h,SI2,5.0962
-1.7273229763740843,-1.8039680703460443,0.17241045333289265,1.410195645322061,0.9952232488637185,0.8467503960231003,-1.3583723661997762,3.3808027520119652,-1.9217846139644914,-0.6909424262238605,N900_RS18830,transglutaminase-like cysteine peptidase,-0.20041221333333334,-1.9425,3.2645,6h_SI3,6h,SI3,3h_SI4,3h,SI4,5.207
1.6098932252103735,-1.2556990809984452,-1.2410473834584854,1.9007058641602694,0.054114129613650044,0.3496347250330746,-1.070682154191315,2.138849714232415,1.1280946062731283,0.055383236101538946,N900_RS18835,N900_RS18835,1.0041141266666667,-0.42856,4.1135,1h_st,1h,st,3h_SI4,3h,SI4,4.54206
1.429659591068206,-1.5746764836111402,-0.2516458004664845,1.0523086403547683,1.0633642946629773,-1.3403855939377398,-0.8217741084906292,-0.522907216232676,-0.14764314252956412,-0.999916032861606,N900_RS18840,apxIB_2,1.206739333333333,-0.4738,4.2533,12h_st,12h,st,6h_SI4,6h,SI4,4.7271
-0.24985669246307785,-0.36698795991761024,-0.7366280862119647,0.927921061820459,0.6637233155275478,2.365498089633476,-0.11199102660377558,-0.5176269753656881,1.2068986543629752,-0.3070313412216139,N900_RS18845,N900_RS18845,1.5350430666666666,-0.18975,4.6407,6h_SI4,6h,SI4,3h_SI1,3h,SI1,4.83045
1.3000382020141679,-1.6203709391609429,-1.4712190202628377,2.249376866126272,-1.2729504661763726,1.0489658306235095,-1.073451622630977,-0.028812286949666976,-0.07390486732596147,0.48684329608211296,N900_RS18850,rcsC_11,0.8952227116666667,-0.78276,4.2681,6h_st,6h,st,12h_SI2,12h,SI2,5.050859999999999
1.493687390738188,-0.7942935790962455,-2.074734482080294,-2.1600972103212768,1.028800227343105,-2.19369259393995,0.6433047812808534,1.5108594577142493,-1.3718611812048231,-0.7328337161314659,N900_RS18855,btrV,1.662775,0.12121,5.0798,3h_st,3h,st,6h_SI4,6h,SI4,4.95859
0.6215370531457203,-0.040930790676322604,-1.6567291359092304,1.4122843656861277,-0.10265802029378077,-1.3153871498533416,0.061064174941358074,-2.5313617214299535,0.39463896204712545,0.025550792995906013,N900_RS18860,mlp44,0.5871718995000001,-1.0693,3.1319,24h_co,24h,co,6h_SI4,6h,SI4,4.2012
1.2535595562002557,-0.08354261538811547,-1.518602585411781,-0.19538382656168163,0.8459887871748459,-1.6346233420123841,1.71036708759566,1.3543682416841163,-0.9280074355520128,-1.1485445140061987,N900_RS18865,cheB3,0.8492775333333333,-0.39527,3.4663,1h_st,1h,st,3h_SI4,3h,SI4,3.86157
-0.1577415020283457,1.076872524532548,1.532388414901721,-0.08506911972444597,-1.2820236113348291,0.7693767436495808,0.18363833174141259,-0.14197183960591364,-3.2078517812255285,-0.6552068473677461,N900_RS18870,cheD,1.0823069116666666,-0.53131,4.0413,6h_SI4,6h,SI4,3h_st,3h,st,4.572609999999999
2.2758650465554613,1.8790243105066244,1.2362830241698108,0.4227631241444132,-0.7493420212396336,-1.2900723099328708,-0.005516005210089103,-0.7881494686528827,-0.6131741930763915,1.1371638577295438,N900_RS18880,mlp5,0.8994405666666665,-0.58353,3.9609,6h_SI6,6h,SI6,6h_SI3,6h,SI3,4.54443
1.6839262807493345,0.6522108682774207,-2.0338653304347027,-0.017749797840526993,1.050046503158721,0.14067630256778607,2.2367712793497905,-1.9345175464289384,-0.2681009016452065,1.0923276352926454,N900_RS18885,cheW2,0.9482326999999999,-0.433,4.2704,3h_SI4,3h,SI4,3h_SI2,3h,SI2,4.7034
-1.711532975557666,-1.6820048380759318,-2.31483375127684,-2.28069941268949,-1.7512990717015824,0.577313636902961,-0.05858255642907795,-0.2689524362206605,2.1561941343663023,1.1427974867991468,N900_RS18900,cheA3,1.336020415,-0.26262,4.1818,3h_SI5,3h,SI5,6h_SI4,6h,SI4,4.44442
1.9498488923127164,1.4247083396829896,-1.3230205816170406,1.064045233192434,0.7181946520586766,1.4489384486642778,2.424388240192867,-1.4474924234198645,0.7734488290504373,-0.04041260750386522,N900_RS18905,cheY4,0.8643763833333332,-0.60459,4.9693,6h_SI4,6h,SI4,3h_SI2,3h,SI2,5.57389
2.8335397610634017,-0.9979217317662468,-0.6625288797738407,0.7568040695146792,0.5661211954865608,-0.6015081530365163,-0.4102263048158963,0.11256731224220182,-0.50473782973185,-0.7504154278138827,N900_RS18910,N900_RS18910,1.1945625649999998,-0.21988,4.4357,12h_st,12h,st,12h_SI2,12h,SI2,4.65558
0.9572086934054109,-1.2866352540391606,-1.6107718754440534,1.345472760341087,0.07827963779378971,2.067474087222329,-1.2995637137221694,-0.997435457506785,0.41536064442810683,0.8993204752333877,N900_RS18915,ABC transporter substrate-binding protein_10,1.2910365666666668,-0.11376,4.3028,1h_st,1h,st,3h_SI1,3h,SI1,4.4165600000000005
-0.7640910150881903,0.44607695705787653,0.7674890159118511,-0.2002856275535596,-0.4751490765384006,-2.262241899438033,0.9938937196068998,-0.5257306782829798,-3.580658519060743,0.8459106687030384,N900_RS18920,Pseudogene_N900_RS18920,0.666760275,-0.61423,3.5676,12h_st,12h,st,1h_ce,1h,ce,4.18183
1.8155945872270642,0.41052655365558244,-1.2714205513488288,1.3052465476087702,0.8790587221533586,-1.6755907921744515,0.03254358315908834,0.46549772750802165,1.1300355323074363,-0.07416548345500662,N900_RS18925,ABC transporter permease_8,0.4313264833333334,-0.77128,3.1159,12h_SI6,12h,SI6,6h_SI3,6h,SI3,3.88718
-0.48757213021448775,0.6309979211321817,1.6059382138131753,0.3104759252308682,-3.5846109240798545,-0.9825806931748744,-0.9441625389648591,-0.5796418937451697,-1.9388537850032974,0.27495345592551423,N900_RS18930,ABC transporter ATP-binding protein_4,0.3748486666666667,-1.0482,3.6535,6h_SI3,6h,SI3,3h_st,3h,st,4.701700000000001
-1.650739564965418,1.6816940314215665,-0.8836477500540375,-2.434352421290136,0.33798930823832574,0.44976924009718683,0.00248394031071153,-1.681765179391465,1.725476030941135,-1.3060325002137287,N900_RS18935,eptA,0.3800042383333333,-1.2481,5.1878,24h_SI1,24h,SI1,6h_SI3,6h,SI3,6.4359
1.3969123813390292,-0.01229639974300406,-1.0176509823109923,-2.2745993518605703,-1.2314576900082819,-1.2163988938583716,-0.586979600989926,-2.0574129885732946,-0.4262991565572821,0.8246939167925231,N900_RS18940,qseC,1.4404868666666668,-0.20378,5.0351,3h_SI4,3h,SI4,6h_SI2,6h,SI2,5.23888
0.9977772227671036,-1.383046455338325,-1.1028321804452206,-0.48116154051414495,0.8501819062251359,1.3698338614324914,-1.6620241613847637,0.031574933372779695,1.7573597038260735,0.8319970538074493,N900_RS18945,qseB,1.0182728833333334,-0.48682,4.5706,3h_SI2,3h,SI2,6h_SI4,6h,SI4,5.05742
1.972374462500472,-0.9838660796129053,-0.0455946887162283,0.947941393354879,1.117189231169213,-1.7240961530634582,2.0611144159132935,0.8752294341622524,0.3320898848684142,-0.6646047723134674,N900_RS18950,tetratricopeptide repeat protein,1.0551659833333333,-0.24445,4.1259,1h_st,1h,st,3h_SI2,3h,SI2,4.370349999999999
1.3623529117827609,-1.0934355508181712,-0.770927021397896,0.007108373617782382,1.3697340487541718,1.0077869228807257,0.06125195228826685,1.2129673780454964,-0.9036776484746639,2.7402145148580725,N900_RS18955,fabG_4,1.2404096866666667,0.0072952,4.1383,1h_SI8,1h,SI8,12h_SI1,12h,SI1,4.1310048
1.8357042465323135,1.3457777020349715,1.9495939141662963,-1.35825060038913,-0.6377843056523317,-0.04640486540445299,-1.0244560745050044,-0.3701521658746367,-1.609898427924723,1.118658857111142,N900_RS18960,biliverdin-producing heme oxygenase,1.2439317333333335,-0.017864,5.5579,6h_co,6h,co,3h_st,3h,st,5.575764
1.3640072971142958,1.2732748398995462,-0.30103133030268814,1.4099182503537264,1.1352924039875805,1.3158925461447815,-0.19027319712586188,-1.135292968383894,-0.12180586137049332,-1.9944108544251744,N900_RS18965,menE_2,0.8766251666666667,-0.55971,4.1059,1h_st,1h,st,6h_SI2,6h,SI2,4.66561
-0.23640873718185595,4.018792099303019,2.588309650055928,0.5110355677755072,-0.2945002845958558,0.8295449186810668,0.4473674624758578,-1.9646775479267207,-0.72210078307891,-1.8154458071394535,N900_RS18970,thermostable hemolysin,0.6617365916666668,-0.87803,5.648,6h_SI4,6h,SI4,3h_st,3h,st,6.5260299999999996
-2.023366814630461,-0.58302028841476,-0.37025384880858214,-0.12032513386850718,2.0296606277386897,2.604595292835823,-0.5096480786239272,-0.7327453430305089,-1.0619294251735707,0.8045487937059552,N900_RS18975,tmca,0.40691330833333333,-0.98742,3.6598,24h_SI1,24h,SI1,3h_SI1,3h,SI1,4.64722
-0.33028240272071985,-1.045104083800003,-0.9659863027904576,0.22651638405196417,0.851903315115357,0.004837076607829616,-2.160278498219724,-0.6001203142242584,0.700442894560181,1.057693924398418,N900_RS18980,potD_3,0.39548110166666667,-1.2312,3.4366,6h_SI6,6h,SI6,1h_st,1h,st,4.6678
-0.2849248670468705,0.7572148319094845,-1.5407372994133404,-1.573158791550797,0.6495005144677506,-0.543572536726846,-0.8287006279831859,-1.2796620525198095,1.1440038825883216,-0.8704194232418765,N900_RS18995,N900_RS18995,0.27199573183333337,-2.5202,4.0255,6h_ce,6h,ce,6h_SI3,6h,SI3,6.5457
-1.6312765627953991,-0.5504450267459678,0.2557226759804887,-1.1940731877766448,-0.7450958993899659,0.1027192360373359,-0.1286583213530662,2.7620758694055234,-0.6869509160569524,-1.9047741679159074,N900_RS19010,SOS-response transcriptional repressor,1.1765317166666667,-1.6076,5.9136,3h_SI7,3h,SI7,3h_SI4,3h,SI4,7.521199999999999
1.612512740574017,-2.8098174534985683,-1.8528771312082608,-1.2159749267698892,-1.751979531943662,-0.5783844806171721,-2.1362770111723135,0.7657110626101375,-0.024913685068643,-0.44324967686866223,N900_RS19020,N900_RS19020,1.7268872,0.045592,4.9692,1h_SI8,1h,SI8,12h_SI1,12h,SI1,4.923608
1.2514516180778674,-0.6861029937493874,2.113127387030345,0.09244368105000245,1.3744686231434948,1.0874446239875863,-0.9558288062351552,-0.19288816269035675,-1.4531739533541401,-0.7973181786696919,N900_RS19025,ComF-related protein,1.2275533666666665,-0.11332,4.4211,3h_SI3,3h,SI3,3h_SI1,3h,SI1,4.53442
-0.048965941707574956,-0.3205446777562634,1.3002525241829772,-0.6269391942656966,-2.6969938384252337,-0.8138080833662387,-4.21189267553746,-0.9594789275634918,-0.4993213680641718,0.15369967186612554,N900_RS19030,N900_RS19030,0.8875784616666667,-0.99249,5.0069,6h_st,6h,st,3h_st,3h,st,5.99939
0.24236492122233155,-0.8041449853468592,-0.15074381624289906,0.40559958768186144,-1.0125328909363944,-0.8492292883404353,1.038838833441548,2.204814621467826,-1.5688372999488922,-2.9741278525830808,N900_RS19045,N900_RS19045,0.5969716999999999,-0.88005,4.799,3h_SI9,3h,SI9,3h_SI4,3h,SI4,5.67905
1.3608810873213155,-0.6800260649739398,0.5401171006388633,-0.15609552676874427,2.7689716760376752,0.06294200986337206,0.2910671848060493,-0.10357354634448696,-2.125672143030597,1.9384077296834297,N900_RS19050,N900_RS19050,1.0928131166666668,-0.4165,4.4512,1h_SI9,1h,SI9,3h_SI1,3h,SI1,4.8677
-1.1379289182964683,0.19659880908585214,2.064504636819446,-0.7787183374369331,0.624930403062847,-0.7589880595560996,-0.969650146478968,-3.4032030490463807,1.5078051929244678,0.12397915527760639,N900_RS19060,N900_RS19060,1.5561965,-0.3213,4.6582,12h_SI2,12h,SI2,6h_SI2,6h,SI2,4.9795
-4.358539594374731,1.9712491847157672,-0.838336852424324,2.064002778943221,-2.2668978576677117,0.06501270302732254,-0.7287227874526581,0.18789257402715454,1.6561319281436555,1.5046495299439757,N900_RS19070,Pseudogene_N900_RS19070,-0.9638598666666667,-2.9196,3.2641,6h_co,6h,co,3h_SI3,3h,SI3,6.1837
-1.0415428017566728,-2.7498350143257713,1.0327567203932266,0.7014857887961594,-0.6269553897115503,-1.0247356318867482,1.2569177623662342,-2.1093961782363357,1.7205467149530684,0.774086353972447,N900_RS19085,N900_RS19085,0.7718213333333334,-0.85168,4.4833,6h_SI1,6h,SI1,3h_SI3,3h,SI3,5.33498
-0.24976063152723116,1.1769022386923842,-1.4550499255271587,-0.06226832650055658,1.3919417500543294,-0.16632240053695146,0.22045550360136862,-1.6906087934188185,0.7146872500325462,1.9529016172172275,N900_RS19090,N900_RS19090,0.8405993683333333,-1.0034,3.9017,3h_SI5,3h,SI5,1h_ce,1h,ce,4.9051
1.4623652122670343,2.4351618778022974,1.383365236039212,1.130000255781932,-1.3770111511109846,0.8037685498662469,-1.8167605790901578,-0.9054384582555914,0.18831374750585445,-0.6222339444080359,N900_RS19095,N900_RS19095,0.6751480666666666,-1.071,5.195,24h_SI2,24h,SI2,3h_st,3h,st,6.266
-1.5872643674415978,-1.189152788146854,-1.0938999348600438,-1.0765703520862884,-2.7673785187323774,-0.015417967775365748,2.8639071478047073,-1.8884000364333502,2.8325124476828734,0.6060213453797794,N900_RS19100,N900_RS19100,0.39675566666666673,-1.1659,2.9559,12h_SI3,12h,SI3,3h_SI3,3h,SI3,4.1218
-1.3414868895562237,0.1052522623168275,-0.12540606296559148,1.0425932622912697,-1.8065608925496235,-0.8476114595170259,-1.6480113480196026,2.5108727222178833,0.18647039041513486,0.48757632440091103,N900_RS19120,N900_RS19120,-0.3189117,-2.1347,3.2628,6h_SI9,6h,SI9,1h_st,1h,st,5.3975
2.729248489479983,-0.36233613170943046,-1.463185731731395,0.7714192745557136,1.2501274116172822,-0.16289601764792416,0.9751139401276114,0.6562941471133854,-0.2371080584064571,-0.31169846130924606,N900_RS19130,N900_RS19130,1.39417925,-0.32196,4.2361,3h_st,3h,st,6h_SI4,6h,SI4,4.55806
-1.7338792680488317,0.7947907168395076,-2.659678325418648,-1.3551192817336886,-1.0918996930949663,2.1143516963968585,-0.39185548381671764,-0.25034044580359543,-0.8093433693480033,-0.6685974944773634,N900_RS19135,N900_RS19135,0.79851795,-0.49636,4.9405,3h_SI5,3h,SI5,12h_st,12h,st,5.43686
-0.7054319292610947,1.613000699384933,-0.7408987784187119,-0.18057150936647592,-0.6514331030328421,-0.18660350182367247,-0.007079263661752155,1.911949955346265,-2.5352164900445437,-2.3608885032867803,N900_RS19140,N900_RS19140,0.4870630333333334,-2.291,4.8271,6h_SI5,6h,SI5,1h_st,1h,st,7.1181
1.6699194235559904,-0.15606584130698875,1.091910306449903,0.3638560001988784,0.056402983134772426,-0.05819992728294243,1.570144180442052,1.6413923340221264,-0.22481153206535742,1.704724380686551,N900_RS19145,N900_RS19145,0.9613657666666668,-0.80677,3.8452,6h_SI2,6h,SI2,12h_SI2,12h,SI2,4.65197
-0.8798132219259536,2.030954924591329,0.5363766061658087,-0.33253405699664307,-1.6293060073082641,-0.11675821963933086,0.14318456592656637,1.2634317871363496,3.32115537184081,-0.31885545672706966,N900_RS19150,N900_RS19150,-0.7047133666666666,-3.6909,4.8574,1h_SI4,1h,SI4,3h_SI3,3h,SI3,8.548300000000001
1.5152575539771975,0.24822079522432186,1.068644045650515,1.1593966357878136,-1.4971678688416943,0.8774638735548018,0.1702061168146004,-1.0003503856570535,0.8152937866303982,-0.15865228264322073,N900_RS19155,N900_RS19155,0.7856338933333334,-0.63434,3.7738,6h_st,6h,st,12h_st,12h,st,4.40814
-1.9534198280411574,1.8133463108300478,-1.7827254025448678,1.2831595666664737,-2.4465568136740212,0.6510675933210859,-0.465680277534849,2.6968955408176223,-0.5890702178399371,-0.07849124383017891,N900_RS19160,Pseudogene_N900_RS19160,-0.14417741666666667,-1.8063,4.766,24h_SI1,24h,SI1,12h_st,12h,st,6.5723
0.9738507400116925,-3.9378362746292415,0.10988718758961236,1.6118298114907135,-1.0869654400733613,-0.14512996322552407,0.05513547309928446,-0.11763684017246501,-0.4139594675252273,0.33263783792290336,N900_RS19185,N900_RS19185,0.9914399666666667,-0.78349,3.2763,6h_st,6h,st,12h_SI3,12h,SI3,4.05979
3.403349229772328,-1.9061530201972898,-0.28977144300007546,-0.7782196910528367,-0.5711961101440552,1.1073569223251756,0.5219621958022319,0.5922891431126946,0.6195422979823944,-1.369228138192721,N900_RS19190,N900_RS19190,0.7942224833333332,-2.593,4.4671,6h_ce,6h,ce,12h_SI4,12h,SI4,7.0601
-0.3469617203834905,-0.3465219560462264,1.86733121652985,1.1601333942241525,2.482931354927558,1.385186554728228,-0.04973961034902652,0.34083808875682964,0.06314800248464025,1.664183425746032,N900_RS19215,N900_RS19215,-0.07439825000000003,-3.0425,6.114,12h_co,12h,co,3h_SI1,3h,SI1,9.1565
-0.07003187230170616,-1.0704747399281052,-0.6296708333262524,-1.2583408307504373,-0.3775910793293101,-1.2712246854176366,-1.5282736011445504,-0.053531886473600465,0.9605498670058946,1.2752472903978471,N900_RS19220,N900_RS19220,0.8045636816666668,-0.94268,4.8103,6h_SI3,6h,SI3,3h_SI3,3h,SI3,5.75298
-3.258650327609771,3.348322098074101,2.084859102939504,-0.3621937137001232,-0.7750308107052425,0.29162239848975025,-0.6048701635418197,0.12218572391470767,-1.5697827724987943,0.7672376531369394,N900_RS19225,N900_RS19225,-0.5183564533333335,-4.3153,5.4498,6h_SI6,6h,SI6,3h_st,3h,st,9.7651
-2.255202870745121,-0.5551930090416668,0.9177469589956773,0.856078826216017,2.8163761087315122,0.24248362890537578,-1.4317511176186455,0.08910423409843088,2.0919430746955756,-1.4361476879906947,N900_RS19235,N900_RS19235,0.11295031666666669,-1.5956,3.0325,12h_SI2,12h,SI2,6h_SI3,6h,SI3,4.6281
-3.895055176900108,3.6958140362343515,-1.4572544229803839,0.7585264063459287,0.09216863169310821,-0.31495101103847856,-0.5730801750919017,-0.7767994592826535,0.776032858435995,-0.9451477543943445,N900_RS19240,N900_RS19240,-1.866004035,-5.3914,2.4952,12h_SI6,12h,SI6,3h_SI8,3h,SI8,7.8866
-4.05680759141795,4.1795524184329,-0.8555037503467214,0.6090475153896588,0.8402245902564464,-0.21064234730697273,-0.2106186960640115,0.2799253924802882,0.5131681468001584,-1.860767092150594,N900_RS19250,N900_RS19250,-1.74580165,-5.0202,0.58568,6h_SI6,6h,SI6,1h_SI9,1h,SI9,5.60588
-2.044336394289333,1.6678508999526316,0.1422632530072792,1.1553849891927297,0.08953027315816288,-0.6358652732952887,-0.48165542101496683,1.3786748861848777,0.47772080083554236,-1.8123474418048477,N900_RS19265,preprotein translocase,0.0265239,-3.0771,5.5382,6h_SI6,6h,SI6,3h_SI4,3h,SI4,8.6153
-2.8524153543245063,4.759282505534735,-0.5702212811682705,1.635759460825453,0.4784796237969621,-0.7782369882922906,-0.31273181080210144,-0.1748788572355014,0.21720760970527375,-0.6585031027586096,N900_RS19270,tcpR,-1.3743090999999998,-4.4813,3.4633,6h_SI9,6h,SI9,1h_ce,1h,ce,7.944599999999999
1.596555550461213,0.8353618151260394,1.2451839310391553,0.8653757364285743,-1.0948782992100847,1.7357924075663584,-2.9590972593376206,1.389275366880845,-0.020170153677767755,-0.2428472420850587,N900_RS19280,Pseudogene_N900_RS19280,1.2378576166666666,-0.25947,4.3294,6h_st,6h,st,3h_SI4,3h,SI4,4.58887
-0.46826677534712413,-0.848128773913591,-1.0498247083146865,0.2823647193054861,-0.799112729212979,-2.3652193945210573,1.7694879435284698,0.2310525576822547,-2.1171016688978677,0.8208236874714372,N900_RS19285,glyoxalase_1,0.424185555,-0.97094,3.3281,1h_co,1h,co,3h_SI2,3h,SI2,4.29904
-1.8952486410562202,2.394684692351749,0.5769224328627619,-3.5419198365334585,0.609313413184242,1.2216982722095437,1.616851437873354,0.997287874219019,2.4198714571007134,-2.7164247929606145,N900_RS19305,N900_RS19305,0.5931774500000001,-2.2999,2.668,12h_SI8,12h,SI8,24h_SI1,24h,SI1,4.9679
0.8988015258235702,-2.651685905692057,1.5092818642904162,0.7205373887990283,1.2063763683774957,1.379084172741535,2.0026763213968355,0.6309248754417935,-1.9366360955638346,-1.3808150573100344,N900_RS19310,N900_RS19310,1.5416178333333335,-0.63866,4.8374,3h_co,3h,co,3h_SI2,3h,SI2,5.4760599999999995
-3.2052666859140433,0.25478285779486803,-0.2817318404326819,2.711800202426387,0.5120246146584292,2.02297182411591,-0.7302220033420352,2.1860033504074634,-0.25259127670937687,0.9436084403526457,N900_RS19320,Pseudogene_N900_RS19320,-0.13045778333333335,-1.4613,3.2321,12h_SI8,12h,SI8,3h_SI6,3h,SI6,4.6934000000000005
-0.2786355214503047,1.8135213492256053,0.5621431894306602,-1.8697769061707172,-0.9830488930159474,0.6569319537541913,1.114223066947942,-2.4074071831265673,-2.1023630155895363,-0.7721051991635166,N900_RS19325,N900_RS19325,0.6875885833333334,-2.3017,5.1545,3h_SI9,3h,SI9,12h_SI1,12h,SI1,7.456199999999999
-2.703558598675499,1.462170568306296,2.0908735724401653,0.711214704580625,2.378128021713699,1.8101494716804152,0.6210893884151343,0.8785640030829491,1.4901885199515932,-0.2566868910096278,N900_RS19335,N900_RS19335,-0.7545068333333335,-3.5548,4.7813,12h_SI5,12h,SI5,3h_SI1,3h,SI1,8.3361
-1.379888962639924,-0.7329947397970193,0.49351044369146735,-1.9688685388991798,1.6440779335936413,-2.5035632344614753,-1.5176195155311312,1.765871061131466,-2.20744653162123,0.8017368428791125,N900_RS19340,N900_RS19340,1.1350272,-0.67857,4.9105,6h_SI3,6h,SI3,6h_st,6h,st,5.5890699999999995
-1.3024084366373685,0.5223787186012017,-1.6661746111391693,-0.10439752922021972,-1.011517757722731,-1.7479283328369495,2.486031537654678,-0.1736229682325719,-0.0754471934918175,3.9477831554345615,N900_RS19350,transcriptional regulator_3,0.24445375383333331,-1.2815,3.9992,3h_SI1,3h,SI1,6h_st,6h,st,5.2807
2.0683695663068633,-1.106362647680003,2.450865924029082,0.5712231116080382,-2.075037960911067,0.4835309522105572,-0.4644563183900121,-0.16590031729080207,-0.45944482543569076,0.177837377743153,N900_RS19355,N900_RS19355,1.182726665,-0.33647,4.0984,6h_st,6h,st,3h_st,3h,st,4.43487
-1.5831187239896916,-2.229975734120613,0.21044424986950755,-0.5215847353126362,-0.8795533130817239,-2.3576837326037645,2.001873005078487,-2.331054531299898,2.0785159444094794,-1.3374842338376856,N900_RS19370,HNH endonuclease_3,0.6752302550000001,-0.7669,3.5822,12h_SI1,12h,SI1,3h_SI2,3h,SI2,4.3491
-1.887728177794343,-1.9509306011712164,1.0527658760645489,0.650201081644139,0.3642751388502191,-3.0067994668069202,1.0103832328520344,0.38315306577804686,-1.5748511032556887,-2.756632946293427,N900_RS19380,N900_RS19380,0.29095489179999995,-1.8964,3.3509,12h_SI2,12h,SI2,3h_SI4,3h,SI4,5.2473
-3.974129708003427,-1.6568709378746764,2.767348154656167,-3.104542509187472,-0.6444482736375826,-0.5127423998034655,-0.4687287616089604,-0.233814198981601,-0.5973870610685955,1.3638255733516822,N900_RS19385,Pseudogene_N900_RS19385,0.29282859666666655,-1.1169,3.8089,12h_SI1,12h,SI1,3h_SI5,3h,SI5,4.9258
-3.947193551804107,-1.1679554901371338,0.01893146378051474,1.2906625286768985,-1.6118005313324282,-1.7320090477867947,-1.7016357167469904,0.008586898705933821,1.128131297982426,1.3648559218925806,N900_RS19390,N900_RS19390,-0.4743237166666667,-2.2235,2.8673,6h_SI3,6h,SI3,3h_SI3,3h,SI3,5.0908
-1.6857284345801387,-0.3421832110498487,4.3747431121453815,-2.729422689857365,-0.7966919658106132,-0.9682448037444449,-1.7366972956163054,-0.8118782308386698,-0.27829900351394266,0.8046290457343963,N900_RS19395,N900_RS19395,0.3690650033333333,-2.0834,6.3661,3h_ce,3h,ce,3h_st,3h,st,8.4495
-1.414998415197564,-1.3914378383564143,2.7788221561381867,-3.6131210553472517,-2.763152231263689,0.8681831481177785,-0.4503190248658113,1.3085664939818376,1.4739864608474833,1.6120079416275728,N900_RS19410,N900_RS19410,0.5549897883333333,-2.8271,4.0582,3h_SI9,3h,SI9,3h_SI3,3h,SI3,6.885300000000001
-2.742805856102195,-3.4366825631728948,2.3449820750780845,-4.985717687701125,0.8682545803745737,-1.1098820858640615,0.772824035449696,0.426571135557812,1.3870023578780277,-0.6650636300278845,N900_RS19435,N900_RS19435,0.6266744000000002,-1.4137,4.7133,12h_SI3,12h,SI3,6h_SI4,6h,SI4,6.127000000000001
-0.7889418238751364,-1.343054702496586,0.35409279981853015,2.7568446816054184,1.1893587703447657,0.31592402008532317,0.684132007399979,-2.9409105065957,1.3001766540386122,0.3833773866989383,N900_RS19450,N900_RS19450,0.3092875,-1.0423,3.3653,3h_SI4,3h,SI4,3h_SI1,3h,SI1,4.4076
0.14823020442695656,1.9690439449650061,-1.2459166135513369,-2.5710184183029874,0.16341696634393757,0.9704855730706685,0.5325251711258256,-0.07489607950128868,2.1185564851569922,-2.183991760686861,N900_RS19500,Pseudogene_N900_RS19500,0.6971312333333334,-2.6958,6.5149,6h_SI7,6h,SI7,6h_SI3,6h,SI3,9.2107
-0.44668480493395935,1.2939896606852606,-2.2547081776417497,-1.894471617903669,-2.2938912560338314,1.3703267021259606,0.4028408003379895,-0.1906706683370079,2.969774164845561,0.4172051612771077,N900_RS19530,N900_RS19530,1.3374502833333333,-2.1727,5.427,12h_SI8,12h,SI8,3h_SI3,3h,SI3,7.5996999999999995
0.7701805217829905,-1.009429664135912,0.05638164737513062,0.1817362410829899,0.9737528026564666,-1.0246635307527985,-1.601841043488972,1.6672603522952631,1.4686586828326806,-0.05014739870452034,N900_RS19540,N900_RS19540,0.5793712000000001,-0.74749,3.1471,12h_SI9,12h,SI9,3h_SI5,3h,SI5,3.89459
0.5798731369221088,-0.402077098264495,0.18497439702121238,-1.5256224181574365,1.3195922300074752,-2.9699240004192333,-0.3869397409690727,3.756042325378523,-1.5648474624539848,0.010593416039706427,N900_RS19565,N900_RS19565,0.2912597768333333,-1.5395,5.5196,3h_ce,3h,ce,3h_SI4,3h,SI4,7.0591
-1.8908402071916022,0.6455889256994187,0.8949966596837936,0.3015437031632118,-0.6100786927803025,-1.2220932301395813,1.8056301873021305,2.489380327848964,-1.4159153791855106,-2.4376670278789714,N900_RS19580,N900_RS19580,0.34183881666666666,-1.2329,4.9515,12h_ce,12h,ce,3h_SI5,3h,SI5,6.1844
-3.8218555646305212,1.7194045249592105,-0.5853183814345394,0.35260881802257815,-1.4762565314438014,0.5102251042869064,3.173363331278863,-1.327876272443096,-1.7498371764244598,-0.12220868311040012,N900_RS19610,Pseudogene_N900_RS19610,-0.7533917166666666,-2.3125,3.2709,6h_SI2,6h,SI2,3h_SI2,3h,SI2,5.5834
0.28554653693910925,1.966626660928022,1.3539673013692919,-0.09757031304257113,-1.5270065456746882,-2.2913815032237603,-0.4222830274756908,-0.6598917556010797,-0.056930889223885006,-2.131780660664252,N900_RS19620,N900_RS19620,0.10920721000000005,-2.3954,2.8726,12h_SI8,12h,SI8,12h_st,12h,st,5.268
-1.1292621965105332,1.6776557342961833,-1.4002138955612953,-1.1992584346863433,1.2455760458091159,3.945314098043553,0.8580565203793707,1.4593968993667232,0.9579896116311173,-1.2298025612512473,N900_RS19685,N900_RS19685,0.7309666833333334,-1.6662,6.5626,3h_SI6,3h,SI6,12h_SI2,12h,SI2,8.2288
-4.255392147432559,2.729952467024463,0.33778168464258446,0.6533950553524908,0.510573865738867,-0.8548311938865674,-0.09060587471869186,0.08769612552564199,0.6451662755087701,-0.7266910429764338,N900_RS19690,N900_RS19690,-0.9842373999999999,-3.7344,1.3911,3h_ce,3h,ce,3h_SI6,3h,SI6,5.1255
-0.08935383712741674,-0.14095010270200325,2.799283873363307,1.5317209868160768,-2.2019850408241926,0.9862756221999438,0.5312908410186652,0.1661573079524905,-0.3342585793533023,0.9352379724351818,N900_RS19700,Pseudogene_N900_RS19700,-0.24301330166666665,-2.1433,2.3352,6h_SI1,6h,SI1,3h_st,3h,st,4.4785
-1.5773470459443348,1.3820711832306065,-0.5893817854293306,-1.6876262216741498,-1.205184394944952,0.49113341823011536,1.5883947284331477,1.8686707675925114,-0.8581951836321474,-2.9865662326720486,N900_RS19705,N900_RS19705,0.7437038666666667,-0.49035,4.3178,1h_co,1h,co,1h_st,1h,st,4.80815
-1.2751676181050304,-2.1700955336718626,-0.5857770524341135,-2.9710971733742326,1.3157306625748322,-0.4368316670012202,-0.9262561493835932,-0.6985097171212094,-0.5160844510788126,-0.7671254258372989,N900_RS19725,N900_RS19725,0.8345137499999999,-0.99552,4.638,1h_co,1h,co,6h_SI2,6h,SI2,5.63352
2.1039952765261933,1.1086733309930286,-0.6491479655037845,-1.5734154434327767,1.910683875528338,-1.1627411812186033,-1.1662700608240526,2.0975400903711665,0.38330667131327073,-0.4882350234001677,N900_RS19740,N900_RS19740,1.0400265666666666,-0.30652,3.8261,3h_SI8,3h,SI8,6h_st,6h,st,4.13262
2.428717868826963,1.068681379685359,-0.42563376359307015,1.316111853774458,-0.20792990384501597,-1.225465515666051,0.771416858099382,-0.06580720481967278,0.742849732008497,-0.8330290263441454,N900_RS19745,hchA,0.2967788,-1.1169,3.0097,6h_SI9,6h,SI9,3h_SI2,3h,SI2,4.1266
0.04737320523234434,2.7978206194732853,0.37442558410927734,-0.09085214569202482,-1.3215515677479672,-0.06021183211398051,0.29156000664337595,0.41942807146508265,3.3443077647030757,0.1716537635394314,N900_RS19750,N900_RS19750,0.13747727833333334,-2.547,6.2085,12h_SI8,12h,SI8,3h_SI3,3h,SI3,8.7555
1.62189610486901,-1.1857775270066198,-1.6400762834800502,0.3346823304296067,0.7812369985696136,1.8247629653473716,-2.0353390512274725,1.0052305833684005,-0.20755645753216823,0.33187439696436516,N900_RS19755,N900_RS19755,0.8752621833333334,-0.48561,4.3606,3h_SI2,3h,SI2,12h_SI1,12h,SI1,4.84621
-5.784816727444953,2.080544941589217,-0.8241080913244331,-0.5128154675029746,-0.5322500516933907,0.8799936308179473,0.9106299675113567,-0.25749362273860826,0.26372613833431824,-0.3595551158234572,N900_RS19760,N900_RS19760,-0.3414832833333333,-2.8773,5.0551,24h_SI4,24h,SI4,1h_ce,1h,ce,7.9324
-0.39333605263694427,1.315448542678527,-0.3306494280796708,0.7184130229652133,2.0411726831630825,0.010661845516261148,3.0437124515447724,-0.1308685395613574,-0.03827156868552095,0.4715386223010063,N900_RS19775,pulA,0.550950085,-1.3495,4.0581,6h_SI2,6h,SI2,3h_SI2,3h,SI2,5.4075999999999995
-0.04178087931592156,-0.9907043394101884,3.1061942239819875,-0.8564263251787454,-0.33854959801415513,-0.36626298839953564,-0.8501866881359221,-0.37918651114495733,-3.516288015550789,-1.1365876643508266,N900_RS19785,Pseudogene_N900_RS19785,1.444219,-0.67903,5.4157,6h_SI3,6h,SI3,3h_st,3h,st,6.09473
-2.9334286269928147,2.4032578727341796,0.04191721287899376,0.8251364901266967,-0.44449284190856414,-1.249413727130721,-0.422217418057077,-0.6199411171947926,3.2008005492144846,-0.4213700494878494,N900_RS19805,N900_RS19805,-0.6832834666666666,-3.6478,3.9711,12h_SI8,12h,SI8,6h_SI1,6h,SI1,7.6189
-0.3179473126016865,-0.5168782295642946,0.6569708675872272,1.8480730016095213,-0.10449192898742513,0.06114511022355251,2.0640576027848487,0.8331681894051151,-2.8514975930580544,-2.266459615808021,N900_RS19810,Pseudogene_N900_RS19810,0.46380936666666667,-0.88858,4.578,6h_SI4,6h,SI4,3h_SI2,3h,SI2,5.46658
-1.1754891396542964,-0.735857915161823,-1.332342179233103,0.31237627038466265,2.8737226481979863,2.9563061674464937,-1.323399944281254,-0.8472909241028717,-1.053988053809615,-0.18948634162818334,N900_RS19820,budA,0.67486095,-0.74622,3.662,3h_SI3,3h,SI3,3h_SI1,3h,SI1,4.40822
-2.281354371565018,1.8998169513979946,1.175095612704585,1.9606377264372599,-0.6750435558706576,-0.8909309720694414,-0.9079421997137826,2.8897527988076246,0.2488946219841181,-1.9722737033291504,N900_RS19830,N900_RS19830,-0.6373700499999998,-2.8686,4.8019,3h_SI8,3h,SI8,3h_SI4,3h,SI4,7.6705
-0.9488189733017762,-0.6850184522396914,-0.1563372399645095,0.8863318166958138,2.826140727888639,1.0496685238630865,-1.0819148368973035,-1.1185066056248836,-0.5732375071908941,0.9697418844123704,N900_RS19840,TRAP transporter small permease subunit,0.10599490000000002,-1.7999,3.8455,6h_SI1,6h,SI1,3h_SI1,3h,SI1,5.6454
-0.25373322810483945,-0.9843830057754446,0.3387135416600233,1.6462662168121587,1.413824310745583,2.242820517054273,2.0816628836066773,-0.9292618311303278,-1.053787058342928,-1.9872804704408464,N900_RS19855,Pseudogene_N900_RS19855,0.3846718333333333,-0.99423,4.0739,6h_SI1,6h,SI1,3h_SI1,3h,SI1,5.06813
-2.2918735970989457,1.9805701460511218,-1.5950358344503461,-1.65636413192419,1.901141733447184,-3.2593082658925563,2.818944703475567,-0.9550587374156647,-1.5714061635145917,0.37802548303605765,N900_RS19860,N900_RS19860,0.09501618666666665,-1.7518,3.6211,6h_SI3,6h,SI3,6h_st,6h,st,5.3729000000000005
-0.5709005550146782,0.10508828823782237,3.244387203776882,-3.401745277037933,0.2008329545164393,1.2666812359503943,0.5131125267270435,3.3054814799045023,-1.325052966764488,1.5973420735939674,N900_RS19875,N900_RS19875,1.4409729,-0.42974,5.376,1h_SI1,1h,SI1,3h_st,3h,st,5.80574
-3.540142212380355,-1.167625286349148,-0.5147539550570157,-1.104009340706877,-0.6387092134760767,1.1448564011089806,0.441479805224508,1.5974706650134807,-1.877310123382272,0.5039140114767062,N900_RS19880,Pseudogene_N900_RS19880,0.6957200666666665,-0.72799,5.5986,24h_st,24h,st,3h_SI5,3h,SI5,6.32659
-4.18442559961175,-1.3584670169676594,1.4041223996447532,-2.1296028826879367,0.5024943241182462,-1.5007306161393243,-1.740998586254759,-0.6741155616736361,-1.189702565013301,0.8638264628123828,N900_RS19890,N900_RS19890,-0.40479478500000005,-2.1235,2.5498,6h_SI3,6h,SI3,6h_SI4,6h,SI4,4.673299999999999
-4.121929006285464,-2.411594836363858,2.329225187907391,-1.7043044256292377,0.4434695757602235,-0.7437736777091009,0.6721435912487213,3.1014553603120363,-0.13921626631569228,-1.6133934106253893,N900_RS19895,iron transporter,0.36978909166666657,-1.8913,3.8822,6h_co,6h,co,1h_SI1,1h,SI1,5.7735
0.16079193250205526,-1.7351261008584373,0.5607239874518086,1.194265202879361,-1.9647254233373683,-0.20594829103872225,-1.1446166173691563,-2.1808804856773016,-0.07592357491796087,2.3084163396445403,N900_RS19930,Pseudogene_N900_RS19930,0.02085743333333334,-1.7555,3.5745,6h_st,6h,st,3h_SI3,3h,SI3,5.33
-3.3486328263402823,2.490045472175841,-2.513475468431948,-0.5426523378615626,0.2301854171716131,1.333572395403405,-0.9622485400325491,-0.24876186910500225,-0.37136719814198094,-1.6052305587025195,N900_RS19940,Pseudogene_N900_RS19940,-0.6051595500000001,-4.0534,3.9278,12h_SI8,12h,SI8,6h_SI1,6h,SI1,7.981199999999999
-2.759906707302683,1.858949384669816,-1.1557457302313954,3.425117891722131,-0.31452130019641367,2.2987831251420316,1.186701651354669,-1.144745386792379,-0.7874257775445986,1.0206928802141264,N900_RS19965,Pseudogene_N900_RS19965,-0.6027234333333332,-2.5225,2.1317,24h_st,24h,st,3h_SI1,3h,SI1,4.6541999999999994
-2.318320251969783,-0.5485754124130746,0.03046293818310191,-3.938822056866628,0.5684984336439672,0.9261352357577557,0.5450847750360015,2.962932231012074,1.325054838145458,-4.477537051863587,N900_RS20000,Pseudogene_N900_RS20000,0.2557845166666667,-2.277,3.6734,6h_SI5,6h,SI5,24h_st,24h,st,5.9504
0.37808305241111295,1.0632793511886907,-2.6286996014971655,-0.5988752928805523,0.546308043693795,2.5815232655107243,-1.154851774447251,0.5204595498248843,-0.405428354217533,-3.057898933368813,N900_RS20005,Pseudogene_N900_RS20005,0.8060594833333334,-2.1334,4.912,6h_SI5,6h,SI5,6h_SI2,6h,SI2,7.0454
-2.104338342080286,1.6211242414507376,-2.4204669042791545,0.18137633219979366,-2.8321710687957826,1.7634154752935187,-0.503805002134651,0.793537619581846,0.8956011384658742,0.874701141991896,N900_RS20035,VC_A0354_BLAST_2,-0.5434814699999999,-3.6749,3.3432,6h_SI6,6h,SI6,3h_SI3,3h,SI3,7.0181000000000004
-0.28524585806075065,-1.1599020494338261,1.9178672454674934,-1.725214189452482,3.5645256470586864,0.5192140718926128,-0.13986926327311222,0.2735339130922634,1.5156732562548476,-1.1860997333048116,N900_RS20040,N900_RS20040,0.47122331,-1.9741,4.293,3h_SI8,3h,SI8,3h_SI1,3h,SI1,6.2671
1.0020125586881186,0.7808103548204435,1.2425756692735537,-0.09625728321436466,-0.9887206225393917,0.6526430566874498,-3.128970114350275,0.8965121392361084,0.04286217511345869,0.32814821746592227,N900_RS20090,Pseudogene_N900_RS20090,1.4395306333333335,-0.22183,4.7631,3h_SI2,3h,SI2,3h_st,3h,st,4.984929999999999
-4.749496192674868,0.2690958919205455,2.34601851339479,-1.1812287342286338,0.6110690236604976,-1.1831655094010842,-0.5817662525276783,3.2355748029473177,-0.11734215312763108,-2.6226142846307594,N900_RS20095,N900_RS20095,-0.11485559999999996,-1.7737,2.4829,12h_SI2,12h,SI2,6h_SI1,6h,SI1,4.2566
-0.40045950421945964,-3.179047989352615,1.2472732465569294,-0.7303301089251863,2.084234888903576,1.2736601281581015,-0.9706819030807587,-0.3093643511513537,2.8403778286391246,0.41846508693541384,N900_RS20100,Pseudogene_N900_RS20100,1.2166835666666667,-0.5303,4.804,1h_ce,1h,ce,3h_SI1,3h,SI1,5.334300000000001
