TensorComp1,TensorComp2,TensorComp3,TensorComp4,TensorComp5,Gene,Gene_display,mean_fitness,min_fitness,max_fitness,strongest_defect_feature,strongest_defect_time,strongest_defect_space,strongest_positive_feature,strongest_positive_time,strongest_positive_space,dynamic_range
5.518604870954326,2.5949471013029135,-0.875653279180774,-0.5525118099400743,-0.711651530159719,N900_RS00015,mnmE,0.6908121666666667,-1.463,3.6738,6h_SI9,6h,SI9,3h_SI7,3h,SI7,5.1368
4.58314839425107,1.3508867905248687,-2.0597364082802656,-1.0357865597407754,-1.411331732920556,N900_RS00025,yidD,0.268908745,-3.1212,3.9865,6h_SI7,6h,SI7,1h_co,1h,co,7.1076999999999995
0.4503720119558347,1.2574254999206722,-2.1570042210529583,-1.2316504986506094,-1.374365468971647,N900_RS00040,yxeO,0.1887202166666667,-1.3335,3.6232,12h_SI2,12h,SI2,6h_SI2,6h,SI2,4.9567
3.8772908269437534,0.7195510719827461,-1.7140324506354758,0.6459661227665254,-1.1008308663994286,N900_RS00045,patM,1.7093390000000002,-0.21058,6.3068,1h_SI7,1h,SI7,3h_SI1,3h,SI1,6.51738
6.9854732300049935,3.4080534087049847,-3.147208538096125,-2.0613120406724965,-2.3665902870516042,N900_RS00050,patH,0.8948083666666666,-0.43105,3.6854,1h_st,1h,st,6h_SI4,6h,SI4,4.11645
4.541647093419911,2.3079122649506734,-2.963705019108926,-1.2104882448240089,-1.8572305538071632,N900_RS00065,recF,1.07110085,-0.72163,4.4447,6h_SI1,6h,SI1,6h_st,6h,st,5.16633
5.395443689830659,3.9349616110363317,-2.290182258500278,-1.6473449507848952,-1.490836615073339,N900_RS00075,N900_RS00075,1.432234166666667,0.21117,3.9921,1h_SI9,1h,SI9,3h_SI5,3h,SI5,3.78093
1.919469999231214,1.947959852139162,-1.5484896391612615,-1.3008079501209668,-1.1113996102507295,N900_RS00085,ibpA,0.22538154383333336,-2.1899,3.4285,6h_co,6h,co,3h_SI4,3h,SI4,5.6184
2.3545888584767494,2.0570055288294333,-1.7976658726172023,-1.1047048518269391,-0.9047296311878256,N900_RS00090,avtA,0.7149570666666667,-0.89129,3.5684,12h_SI1,12h,SI1,6h_st,6h,st,4.45969
5.13422725597219,3.9748912450775133,-2.9392069311639566,-0.8924303434558096,-2.0194465231892607,N900_RS00105,mneA,1.4696406666666666,0.19162,4.2295,1h_SI9,1h,SI9,3h_SI1,3h,SI1,4.0378799999999995
0.07711227022968743,0.3350532545800194,-0.8979195828057365,-1.560872659233504,-0.5659087752302893,N900_RS00110,NADH dehydrogenase subunit II-related protein,-0.02647887833333334,-1.1285,2.2889,6h_SI2,6h,SI2,6h_SI3,6h,SI3,3.4173999999999998
4.466055871701906,2.865298629544346,-2.3787358323492214,-2.0535652998221394,-1.806825461645631,N900_RS00120,N900_RS00120,0.6445359399999998,-0.96701,3.9194,3h_SI9,3h,SI9,3h_SI1,3h,SI1,4.88641
6.179875098056729,3.7201554398289542,-2.6113952668428566,-2.6027996300180387,-2.1076476636232577,N900_RS00125,acuI,1.0485218166666668,-0.080152,3.9734,24h_SI8,24h,SI8,1h_ce,1h,ce,4.053552
6.275295010069667,3.7884833685015242,-2.4878537270323666,-0.7585210398653354,-1.7154298879242955,N900_RS00130,ilvA,1.6060143166666667,-0.054921,4.4043,1h_SI3,1h,SI3,12h_st,12h,st,4.459221
4.720775797072565,2.7213470519285226,-1.710430313874649,-0.7030890472794642,-1.170766335208825,N900_RS00135,ilvD,1.2914153500000003,-0.34542,5.3665,3h_SI7,3h,SI7,12h_st,12h,st,5.71192
4.225998025389101,2.333195934672137,-1.951959713349813,0.0990799913319645,-1.3017584563441775,N900_RS00140,ilvE,2.0222916816666663,-0.23122,6.337,1h_SI5,1h,SI5,12h_st,12h,st,6.56822
5.225010444291836,2.5038254165755514,-2.5659170312619075,-0.09250581297563618,-1.7945431923980704,N900_RS00145,ilvM,1.66385,-0.11262,6.8711,1h_SI3,1h,SI3,1h_st,1h,st,6.98372
5.196074397776213,3.2032521356560917,-2.2479786884283426,-0.48376003451782223,-1.5408375171331965,N900_RS00150,ilvG,1.4846871666666668,0.018497,5.1406,6h_SI8,6h,SI8,6h_SI2,6h,SI2,5.122103
2.7114519732516684,2.5307139273703583,-2.299284769733954,-1.7369137853931456,-1.5541256006790711,N900_RS00155,yifb,0.6229813333333334,-0.86017,3.8262,3h_SI3,3h,SI3,3h_SI2,3h,SI2,4.68637
6.171021395998557,3.3434334977044435,-3.0368223170906754,-0.6673921722219606,-2.0275710612089806,N900_RS00160,yihG,1.1543101833333336,-0.43317,4.2116,6h_SI6,6h,SI6,12h_SI1,12h,SI1,4.644769999999999
4.561568997740465,2.402579645281242,-1.7187958111562884,-2.7515263413792184,-1.188483124118075,N900_RS00165,dsba,0.12588415,-3.4222,3.7881,6h_SI8,6h,SI8,1h_SI1,1h,SI1,7.2103
5.116286992352003,4.616530136868594,-3.0537130493798417,-0.7948501399914544,-2.182227124851149,N900_RS00170,serine/threonine protein kinase,1.3087315166666664,-0.2317,3.81,1h_st,1h,st,3h_SI5,3h,SI5,4.0417
3.313535554412684,3.8852539709339697,-2.479483386447327,0.00454358051371069,-2.0021624158597024,N900_RS00175,ccoG,1.7052086000000002,-0.011665,5.0217,6h_SI1,6h,SI1,6h_SI4,6h,SI4,5.033365
1.1472465937128105,1.753599212355282,0.8511728320489932,-0.6095725437034072,0.132805144821062,N900_RS00180,yihD,0.6527487766666666,-2.3226,4.8509,6h_SI5,6h,SI5,3h_SI4,3h,SI4,7.173500000000001
3.9105676104307423,0.6588782491019571,-1.1193571570248435,0.8595766039122457,-0.3937787362404624,N900_RS00185,N900_RS00185,1.9537398333333336,-1.9606,9.2447,12h_SI8,12h,SI8,6h_st,6h,st,11.2053
5.169767469049534,3.0725110054723728,-2.8463886507807192,-0.30154530240571836,-1.6502363547476455,N900_RS00190,SpoOM-related protein,1.258719116666667,-0.37554,4.6742,3h_SI3,3h,SI3,6h_st,6h,st,5.04974
2.399868437148679,3.0418701420837033,-0.509125894504471,-1.4840732957743694,-0.8666245148591052,N900_RS00195,yqfA,1.2816228333333333,-1.3095,4.9413,12h_SI2,12h,SI2,3h_SI4,3h,SI4,6.2508
5.334772597063494,2.87972613695033,-3.113802290677225,-0.10184382797456616,-2.5770955670800957,N900_RS00200,N900_RS00200,1.1777025166666666,-0.17352,4.1804,1h_SI2,1h,SI2,6h_SI4,6h,SI4,4.35392
5.025515141482339,3.4789945444323838,-2.4604096539994624,0.005998683557069432,-1.494049702722525,N900_RS00205,trkI,1.5978866,-0.43912,5.0215,1h_SI9,1h,SI9,3h_SI3,3h,SI3,5.46062
3.197849930365961,4.008767673700386,-2.8921489464892423,-1.029979607406419,-2.1231590041536035,N900_RS00215,rsmB,1.1058841166666666,-0.54292,4.617,24h_st,24h,st,3h_SI3,3h,SI3,5.15992
1.2989756574429678,2.000518712911797,-1.6650770496760947,-0.0810375243547831,-1.1923810430312762,N900_RS00225,def1,0.8774843333333333,-1.1415,4.8272,6h_co,6h,co,3h_SI1,3h,SI1,5.9687
4.320399653105096,3.52438395132535,-2.912124495527738,-0.8475226344291444,-1.9291296716255375,N900_RS00230,N900_RS00230,1.1709372333333334,-0.13227,4.6166,6h_SI2,6h,SI2,3h_SI1,3h,SI1,4.74887
5.683582644163099,3.559403708463798,-2.126739971565444,-1.2156645137251176,-1.801336115214814,N900_RS00235,dprA,1.3675271666666662,0.10879,3.8477,1h_SI8,1h,SI8,3h_st,3h,st,3.73891
1.2752982643797866,1.3225579363492566,-1.300077887051579,-0.5485279185700104,-0.8753469926549546,N900_RS00240,smg,0.8821779666666667,-0.79253,4.6068,6h_SI2,6h,SI2,3h_SI1,3h,SI1,5.39933
5.873021758712489,3.1027268385927695,-2.831329498205097,0.7485012859457096,-1.806411996243325,N900_RS00245,topA_1,1.6392014999999998,-0.94353,6.1237,1h_SI8,1h,SI8,6h_st,6h,st,7.06723
3.2503157766102833,1.5323371502533525,-1.7657189029445475,-3.11228455920565,-0.8681600450409634,N900_RS00250,purK,-0.47205640783333336,-2.8608,3.9392,24h_SI5,24h,SI5,6h_SI1,6h,SI1,6.8
2.6312552155456532,0.24545109577163274,-0.022044612148474692,-4.049334815251978,0.043752662828467,N900_RS00255,purE,-2.029291016666667,-5.0325,3.2053,12h_SI7,12h,SI7,1h_st,1h,st,8.2378
4.853531384692346,3.701676988661187,-1.4863080200462606,-1.5876251039043205,-1.699806683995564,N900_RS00260,tsaC,0.9043148500000001,-0.48726,4.666,6h_st,6h,st,3h_st,3h,st,5.15326
1.4361809091164053,0.870815465200069,-1.3976221904694475,-1.5979180486463131,-0.9234174029172568,N900_RS00265,hemF,-0.4489359333333333,-2.6648,2.7986,12h_SI4,12h,SI4,6h_SI4,6h,SI4,5.4634
4.001627412471043,3.3306313026140115,-2.271217828290707,-3.70256659759992,-1.6138036182201154,N900_RS00270,aroE,-0.4271091333333334,-2.1854,3.4301,24h_SI9,24h,SI9,1h_SI1,1h,SI1,5.6155
6.018964459881565,3.9507126663299266,-2.2735100079333317,-0.7299468720639545,-1.7174837745718254,N900_RS00275,N900_RS00275,1.4906737333333333,-0.011576,3.6762,1h_SI8,1h,SI8,3h_SI1,3h,SI1,3.687776
4.389445256494729,3.2081383138578308,-1.8835038867782967,-0.42944423156047534,-1.412378300034628,N900_RS00280,yrdA,1.496199483333333,-0.36939,4.21,6h_SI4,6h,SI4,3h_SI3,3h,SI3,4.57939
5.511809713702612,3.556129043671524,-1.6527679619619156,-0.35444207179682274,-1.4671556328165745,N900_RS00320,crcB,1.7163328333333332,-0.22227,4.6735,1h_SI4,1h,SI4,6h_SI4,6h,SI4,4.89577
5.781371246835508,2.421795865505858,-2.795907075572042,-0.49793997906539456,-1.7754415394813579,N900_RS00325,thiC,1.7294315,0.21289,5.8496,1h_SI5,1h,SI5,12h_st,12h,st,5.63671
1.7195188641213575,0.6348832162489205,-1.2571355493913028,-1.774956091141724,-0.5484730433354869,N900_RS00330,thiE,0.19236300500000006,-1.3637,3.305,3h_SI1,3h,SI1,12h_st,12h,st,4.6687
1.5258729016100503,2.0472241455676405,-1.3421894816041953,-2.7973847680935098,-0.8859458045585774,N900_RS00335,thiF,-0.08667852000000001,-1.9753,2.4508,12h_SI1,12h,SI1,3h_SI4,3h,SI4,4.4261
4.612778087560197,3.793287510849798,-1.5384503219006762,-1.2442895770563756,-1.671446674025652,N900_RS00340,thiS,1.7268275833333335,-0.037845,4.8625,3h_ce,3h,ce,3h_st,3h,st,4.900345
4.084835454946582,1.8790924343642303,-1.4199417913372567,-0.9843537507831083,-1.0835006771611244,N900_RS00345,thiG,1.2719991,-0.76005,4.8816,6h_SI5,6h,SI5,6h_SI2,6h,SI2,5.641649999999999
6.032521479928598,4.292872990811678,-3.6710004711306685,-0.2765776882722874,-2.5092275289999124,N900_RS00350,thiH,1.591140666666667,-0.12643,4.3913,1h_SI9,1h,SI9,6h_SI2,6h,SI2,4.51773
3.4548015474765617,3.5947958852627555,-1.610629902331469,-0.11124216878827908,-1.7418617327771144,N900_RS00355,aminopeptidase P,1.48602565,-0.048651,4.2556,3h_ce,3h,ce,3h_st,3h,st,4.304251000000001
2.4414505541296836,3.4522665763106235,-1.8159543052996574,-1.4936471394074324,-1.3852846084188328,N900_RS00360,LysR family transcriptional regulator_1,1.0657311433333334,-1.2061,4.6525,6h_SI1,6h,SI1,1h_st,1h,st,5.8586
4.601556764749316,1.9709744278689902,-3.272274535791737,-0.2268356098588928,-2.2435735304701896,N900_RS00365,mdtL_1,1.440287,0.2639,6.1683,1h_SI7,1h,SI7,6h_ce,6h,ce,5.904400000000001
-0.6851544066069997,1.0619843324748408,-0.672011772498008,1.1712837539202652,-0.5928467925170624,N900_RS00370,N900_RS00370,0.9191276733333333,-1.2497,5.2072,12h_SI3,12h,SI3,6h_ce,6h,ce,6.4569
-0.06310866318216665,1.7631810810067727,-0.2339965494699009,-1.5328920976386038,-0.3088846319089936,N900_RS00375,asnC,0.4175280066666666,-0.98202,5.0777,12h_SI4,12h,SI4,3h_SI3,3h,SI3,6.05972
4.977432501983783,4.085766005604412,-2.1289345908308874,-1.792194946113637,-1.835957143961987,N900_RS00380,N900_RS00380,1.3673203333333335,0.04101,4.5015,6h_st,6h,st,3h_SI2,3h,SI2,4.46049
6.096223002439624,4.198057262714228,-2.64288140515981,-1.4751590019342424,-2.1455633139252743,N900_RS00385,rsmJ,0.9234460949999999,-0.61044,3.6809,12h_st,12h,st,3h_SI4,3h,SI4,4.29134
3.3899117769012457,2.2181285736855534,-1.9954923866127319,-3.017507193272463,-1.5336185602452461,N900_RS00390,N900_RS00390,-0.039616166666666675,-1.9855,3.2288,6h_SI3,6h,SI3,1h_SI1,1h,SI1,5.2143
4.2452487538474655,1.731083500399315,-1.2342516358648763,-0.7461476715507207,-0.6170618580154497,N900_RS00395,eamA_2,1.3076575333333333,-0.36745,4.8676,6h_SI4,6h,SI4,6h_st,6h,st,5.23505
0.36284003533368164,1.309343968366683,-1.1758543016266418,0.840591909352514,-0.8847202932539358,N900_RS00400,uspA_1,0.6777416833333333,-1.0016,6.4547,1h_SI4,1h,SI4,6h_ce,6h,ce,7.4563
2.5020082949690985,1.603280773633239,-1.4421390948989325,-1.6376089371114457,-0.671243708820429,N900_RS00410,ftnA,0.5691082033333335,-0.83519,3.5502,24h_ce,24h,ce,6h_st,6h,st,4.38539
5.593407847295375,2.008049812128423,-1.451849226905313,0.23994908907667234,-1.2122466225923922,N900_RS00415,uspB,1.58307705,-0.5983,5.368,1h_SI6,1h,SI6,3h_st,3h,st,5.9663
1.982680998423167,2.1951904786035406,-0.8182176254240463,-2.2225378747756777,-0.5532374464745521,N900_RS00420,rdsA_BLAST,0.3981370333333334,-1.4084,3.71,6h_SI1,6h,SI1,1h_SI1,1h,SI1,5.1184
4.982652008769725,3.1467033711674666,-3.2577590006202004,-1.2446079778759935,-2.0219513093143564,N900_RS00425,eamA_1,1.3472523999999997,-0.015277,4.29,3h_st,3h,st,6h_SI3,6h,SI3,4.305277
4.572835174819425,2.053519253358042,-2.3780538329756418,-2.0727604412406153,-1.7268058592992395,N900_RS00430,rmuC,0.5036677166666667,-1.0591,4.7668,24h_SI1,24h,SI1,3h_SI3,3h,SI3,5.8259
3.270267124860845,3.4102912154723866,-1.9169649914332634,-0.37111909288117134,-1.4651879044998337,N900_RS00440,ubiJ,1.5304535166666662,-0.060119,4.8463,6h_SI3,6h,SI3,3h_SI5,3h,SI5,4.9064190000000005
2.1058504470739736,2.86375915012808,-1.131348885003118,-0.9276339914233155,-0.7557806771799217,N900_RS00450,tatA,1.3249814333333334,-0.60989,7.068,1h_SI4,1h,SI4,3h_SI5,3h,SI5,7.67789
6.008394570559107,3.842259242641354,-3.621141762887053,-0.3001589770606393,-2.572206720515762,N900_RS00455,tatB,1.6623136333333333,-0.048393,5.0921,24h_SI7,24h,SI7,12h_SI1,12h,SI1,5.140493
3.952649633921787,2.8235917093543317,-2.3141850267663804,-0.23982527107695142,-1.7467285147958367,N900_RS00460,tatC,1.4558110499999999,-0.33556,6.3457,1h_SI2,1h,SI2,3h_SI1,3h,SI1,6.68126
4.7907332682444865,4.303272195481534,-3.1090156833401794,-1.0547575987842803,-2.2336337610754375,N900_RS00465,ccp,0.8202505083333335,-0.66306,4.3113,6h_st,6h,st,12h_SI2,12h,SI2,4.97436
5.395429882429909,1.8147591967613115,-2.8983470395776716,-0.3652014371952641,-1.7914453134116286,N900_RS00470,dinF,0.811699605,-0.80583,3.963,3h_SI7,3h,SI7,6h_st,6h,st,4.76883
2.5557498857220056,0.8779847301321523,-0.6548312799516671,0.2574611785640159,-0.2930989607281459,N900_RS00475,class I SAM-dependent methyltransferase_2,1.5607054466666666,-1.2064,5.891,12h_SI4,12h,SI4,6h_SI3,6h,SI3,7.0974
3.0979792719292347,1.1771093537276192,-0.8164661598555577,-0.087223161756444,-0.5027884893055073,N900_RS00480,lexA,0.63223435,-2.1795,6.2653,1h_SI4,1h,SI4,6h_SI2,6h,SI2,8.4448
2.2102501339884673,0.7072781900110469,0.04177252406167757,0.8705543319906685,0.17574906851774805,N900_RS00485,plsB,-0.34955572349999997,-2.5303,2.5991,12h_SI5,12h,SI5,12h_st,12h,st,5.1294
5.925347871798683,2.1235280718046003,-0.8797503695502773,-0.3278369387581748,-0.683558990541697,N900_RS00490,ubiA,1.662903361666667,-0.25003,3.8569,6h_SI9,6h,SI9,12h_st,12h,st,4.10693
3.7799675734451457,4.267332697987741,-2.8313195731933525,-1.220417607412762,-2.0766869918008295,N900_RS00495,chorismate lyase,1.5326033333333333,0.35757,5.65,1h_SI7,1h,SI7,3h_SI4,3h,SI4,5.29243
-0.2227738049365273,1.0642458550148852,0.13236965733606745,-0.97170911895136,-0.17213149761545818,N900_RS00505,fliL_2,0.62630315,-1.1791,4.6909,12h_SI1,12h,SI1,6h_ce,6h,ce,5.87
2.8614372338299496,2.744441417753367,-1.9207541154497922,-2.065613535754235,-1.3630071431368636,N900_RS00510,methyl-accepting chemotaxis protein_4,0.5143753383333334,-0.88686,4.4865,6h_SI1,6h,SI1,3h_SI3,3h,SI3,5.37336
5.8252441238116885,3.7506411812989207,-2.3939817172701723,-0.6681541610186995,-2.1084727263475767,N900_RS00515,glpG,1.3559726438333333,-0.029649,4.2055,3h_SI6,3h,SI6,3h_SI2,3h,SI2,4.235149
3.0017151860224405,2.1873270230629265,-1.3077850257336794,-1.7869390531229559,-0.866931530737461,N900_RS00520,glpE,0.17198755000000002,-1.8139,3.3697,6h_ce,6h,ce,3h_SI3,3h,SI3,5.1836
1.041150336742995,1.3829025750696569,-1.672046949897124,-3.678443928311133,-1.0782637090573433,N900_RS00525,N900_RS00525,-0.5902245206666665,-2.5925,3.1908,24h_st,24h,st,1h_SI1,1h,SI1,5.7833
-2.412823961246745,-0.10130766320485082,0.4115525956561101,-2.45542425907984,0.36695825041863245,N900_RS00530,tatd,-0.7705138500000001,-2.6296,2.9959,24h_st,24h,st,3h_SI5,3h,SI5,5.6255
5.707287679916283,2.082207473029447,-3.628937353548973,-2.4632922882911212,-2.25028099550622,N900_RS00540,ypeA_1,0.1845046133333334,-1.1433,3.5878,3h_SI3,3h,SI3,1h_SI1,1h,SI1,4.7311
3.08556193013561,3.051393102610739,-2.692898888406108,-1.3781968951232477,-1.9670555671749823,N900_RS00555,cc4,1.3794895216666665,-0.6652,6.5821,1h_SI5,1h,SI5,6h_SI4,6h,SI4,7.247299999999999
5.766275037165028,3.475855294094921,-1.8967312547079882,-1.5859157942549766,-1.5428671822231492,N900_RS00560,class I SAM-dependent methyltransferase_4,1.0447400999999998,-0.16738,3.3627,24h_SI9,24h,SI9,3h_SI2,3h,SI2,3.53008
3.081717418349225,3.219508102045944,-1.3747775941467402,-0.7919844146568633,-1.430209976789051,N900_RS00565,yihI,1.6190095500000004,-0.56646,5.6083,1h_SI2,1h,SI2,1h_SI1,1h,SI1,6.17476
2.186149167431618,-0.08796606895232706,1.6622636684087648,-0.7325973858026774,0.6700800615864457,N900_RS00570,N900_RS00570,0.9985721499999999,-1.6564,6.8361,6h_SI5,6h,SI5,3h_st,3h,st,8.4925
3.654442198920318,2.812408855601871,-2.498701115400407,1.348990270902907,-1.6412165858220435,N900_RS00575,hemN,2.4805226666666664,0.23374,6.1352,1h_SI1,1h,SI1,6h_ce,6h,ce,5.90146
-0.5857858695067859,1.043328267070659,-0.8713342872859678,-1.4132648813232063,-0.4858182547043651,N900_RS00580,hemy,-0.1706919166666667,-1.6451,2.7528,12h_SI1,12h,SI1,3h_SI6,3h,SI6,4.3979
2.6285220619966756,1.5715768176401042,-1.3333370551188024,-0.8484422284655412,-0.6789825151800801,N900_RS00585,HemX,0.8413051166666666,-1.4146,4.5733,6h_SI1,6h,SI1,1h_st,1h,st,5.9879
-0.2566011894819944,0.4415138472343674,0.15592939677191206,-1.4505106886912524,0.18330546413856147,N900_RS00600,N900_RS00600,0.11754571833333329,-2.9929,4.2155,12h_SI5,12h,SI5,1h_SI1,1h,SI1,7.208399999999999
5.132076579878875,1.7233189560014168,-0.5046819201715359,0.2047254204106012,-0.41449632180427437,N900_RS00605,class I adenylate cyclase,0.983545725,-0.84265,2.9777,6h_SI9,6h,SI9,12h_st,12h,st,3.82035
5.527330273417419,1.8847508862411637,-0.9692200370453576,-0.40516496225708515,-0.7353064761609609,N900_RS00610,cyaY,-0.07653811666666667,-2.1613,2.7422,12h_ce,12h,ce,12h_SI3,12h,SI3,4.9035
2.9440158287425824,2.2139540613472,-1.7693233257826189,0.6517580527851702,-1.592395128686798,N900_RS00615,lipoprotein,0.7600619500000002,-1.3587,4.3559,1h_SI1,1h,SI1,6h_SI4,6h,SI4,5.7146
1.2354477305895528,-0.06302594873730955,0.3701901850832637,-2.0997432751488088,0.4294633504545353,N900_RS00620,lysA,-0.6041504833333333,-3.411,5.0984,6h_SI6,6h,SI6,1h_st,1h,st,8.5094
5.758817353857238,3.880964028569381,-3.372909468819756,-1.4629474398799958,-2.209041832365791,N900_RS00630,N900_RS00630,0.6924454499999999,-0.96672,3.7161,3h_SI9,3h,SI9,3h_SI4,3h,SI4,4.6828199999999995
0.8224843429886864,1.0187690858425724,-0.2118220334832746,-1.9485050839126608,-0.21367253474146802,N900_RS00635,xerC,-0.7535026816666667,-2.9001,2.0488,6h_co,6h,co,1h_SI1,1h,SI1,4.9489
3.6517008318591,3.5162120723106143,-2.542712050376166,-2.0131681020454555,-1.8877962469552816,N900_RS00640,yigB,0.86147158,-0.89298,3.8617,6h_SI2,6h,SI2,12h_SI2,12h,SI2,4.75468
4.437744583262042,3.0070969020672393,-0.6439190493902262,-1.093543591230076,-0.8846192287156791,N900_RS00645,cdpA,1.70551305,-0.034254,4.779,1h_SI8,1h,SI8,1h_st,1h,st,4.813254
3.2302314172620417,1.2817808560415727,-2.033169113530039,-0.6782665768703454,-1.396811003233822,N900_RS00650,N900_RS00650,0.754079075,-0.87026,4.0816,6h_SI1,6h,SI1,3h_SI1,3h,SI1,4.95186
4.416803416927067,2.6940573688164045,-2.5652834183801683,-1.24116017140671,-1.2943610702004644,N900_RS00655,membrane protein_2,0.7059646166666668,-0.90133,4.5236,3h_SI1,3h,SI1,6h_st,6h,st,5.42493
5.268052726159302,3.559861028688155,-3.056992891017553,-2.062806433611511,-2.0085507154341484,N900_RS00660,N900_RS00660,0.7008000883333333,-0.63323,3.0587,3h_st,3h,st,3h_SI4,3h,SI4,3.69193
3.8251543709388476,2.553476941403275,-1.817331392081339,-0.7579489885373277,-1.4462125146561209,N900_RS00665,yigL,0.6587722983333334,-0.72221,4.1468,3h_SI5,3h,SI5,3h_SI1,3h,SI1,4.869009999999999
3.2266469367571786,1.8799631035850324,-0.8754312269145982,-0.40900573270473467,-0.30108361332803285,N900_RS00670,ytpA,1.2163169666666667,-0.42223,4.4342,6h_SI4,6h,SI4,12h_st,12h,st,4.85643
4.342077725079368,3.58601496041633,-2.3618200629475474,-0.9333255782210192,-1.474353867338689,N900_RS00675,rhtB,1.5416369333333333,0.079106,4.1993,1h_SI7,1h,SI7,6h_st,6h,st,4.120194
4.741241111205507,3.7474635141404113,-2.319580680182067,-2.0457823651370566,-2.0899181528315403,N900_RS00680,cdgJ_1,0.6302034833333334,-0.98312,3.9188,3h_co,3h,co,3h_SI1,3h,SI1,4.9019200000000005
3.797867646714599,3.612007316783543,-1.741000945237959,-1.2459663211264385,-1.5968250536813662,N900_RS00685,DNA starvation/stationary phase protection protein,1.4176418333333336,-0.58104,4.0655,12h_SI2,12h,SI2,6h_SI4,6h,SI4,4.64654
1.143000812724086,-0.006218175362795117,-0.7826663005516518,-2.2706610008572725,-0.36371374343157353,N900_RS00690,N900_RS00690,-0.4742885166666667,-2.5567,4.7887,6h_SI6,6h,SI6,1h_ce,1h,ce,7.345400000000001
3.249141804142158,2.040709976314935,-2.4639738047854145,-0.3761505315246568,-1.7482473033308428,N900_RS00695,N900_RS00695,1.51118885,-0.13062,5.802,6h_ce,6h,ce,1h_ce,1h,ce,5.93262
-1.3318744155079845,-0.32300681837153267,1.3816366756033933,1.1588871496406916,1.3286623566395341,N900_RS00705,Pseudogene_N900_RS00705,0.6146072500000002,-1.1903,5.5069,12h_SI4,12h,SI4,6h_st,6h,st,6.6972
6.420026287625656,3.386245642173297,-2.5258329663750656,-1.4756607611309867,-1.749956792425622,N900_RS00710,lysoplasmalogenase_1,1.4763866666666665,0.18203,4.2859,6h_ce,6h,ce,6h_st,6h,st,4.10387
3.332891372111727,3.6697634663026863,-1.6999479764239116,-1.162914233305044,-1.4081597459529154,N900_RS00715,N900_RS00715,0.6058417166666668,-0.87444,3.6763,12h_st,12h,st,3h_SI3,3h,SI3,4.55074
3.4032648160125953,3.3982252200664744,-3.169114747175048,-0.961220525007189,-2.215643597104068,N900_RS00720,rsmD,0.5461251500000001,-1.1989,3.7187,6h_SI1,6h,SI1,12h_SI1,12h,SI1,4.9176
2.550395101306147,0.21330925109779536,-0.09684935030348325,0.2014763458258466,0.26020146122504634,N900_RS00730,ftsE,0.008029538233333333,6.3514e-05,0.14335,6h_SI7,6h,SI7,6h_st,6h,st,0.14328648600000002
5.57105515352382,2.2610569011656625,-1.5129014523500786,-1.4536955563761866,-0.8430339975009855,N900_RS00735,ftsX,1.1239662949999998,-0.88995,4.8428,24h_ce,24h,ce,6h_st,6h,st,5.73275
5.845295074158659,3.8682734333573103,-3.310046974706073,-0.7674616859529191,-2.677811695834403,N900_RS00745,sthA,1.1094407333333336,-0.28939,3.4948,3h_co,3h,co,3h_SI5,3h,SI5,3.78419
5.892281185051472,3.7698411355823525,-2.405997707026815,-0.37595237878692567,-2.2123565503256355,N900_RS00750,fabR,1.2588140316666667,-0.26161,3.877,3h_ce,3h,ce,3h_st,3h,st,4.13861
3.5089802520882647,1.8071770981332813,-0.09065392526624799,0.3980350879398437,-0.47277561282451486,N900_RS00755,yijd,0.9526409666666666,-0.63701,6.2139,1h_ce,1h,ce,6h_SI1,6h,SI1,6.85091
5.142404448465026,3.6170143113134627,-2.4331425974541996,-1.3805126348673946,-1.5657774102982602,N900_RS00760,trmA,1.3786812833333333,0.015237,4.1149,3h_st,3h,st,3h_SI3,3h,SI3,4.099663
3.8966721733069023,2.5803672741745998,-0.5895636838926525,-1.6490984210877566,-0.6865989438915235,N900_RS00765,btuB,0.8134078183333333,-0.39857,3.9313,24h_SI8,24h,SI8,3h_st,3h,st,4.32987
5.399506401236295,3.739033705443858,-2.551134519246845,-1.1665251518803925,-1.8629892358459048,N900_RS00770,S8 family peptidase,0.9447001833333333,-0.42231,3.5087,1h_st,1h,st,3h_SI1,3h,SI1,3.93101
4.553707292823119,3.030458324067488,-2.111386688591213,-0.4332041075023107,-2.0487994486171908,N900_RS00780,RNA-binding protein,0.9666030216666667,-0.8883,4.0206,12h_SI1,12h,SI1,3h_st,3h,st,4.9089
4.902186770516984,2.5991086527184253,-3.248973014663358,-1.8284835540053535,-2.1961334109656856,N900_RS00810,add,0.6931469433333333,-0.74171,4.4996,1h_SI1,1h,SI1,3h_SI1,3h,SI1,5.24131
5.7584367662211084,3.429980180589712,-2.866170363690893,-0.8584748957216779,-1.8382075048018187,N900_RS00815,N900_RS00815,1.4899632666666662,-0.048524,4.7778,1h_st,1h,st,3h_SI2,3h,SI2,4.826324
1.7696243847751847,2.7069579657247087,-1.9561981727610094,-0.3877000431971489,-1.4063257641779354,N900_RS00820,ntrC,1.3368653666666666,-0.52513,4.7884,1h_SI8,1h,SI8,1h_co,1h,co,5.31353
6.20850005377911,2.8657955521751273,-3.1699081657492534,-1.3710734695850089,-1.8994772484895772,N900_RS00825,ntrB,0.7965356883333333,-0.76746,3.5315,3h_SI4,3h,SI4,6h_st,6h,st,4.29896
4.241408652821093,3.2657632301308315,-1.2683227199837004,-1.675365869826287,-1.4242969847315363,N900_RS00830,N900_RS00830,0.5607836883333334,-0.8329,3.6627,3h_SI1,3h,SI1,3h_SI3,3h,SI3,4.4956
2.3973974462291103,0.10318679484606443,-0.03413936374762323,-2.5648562194131124,0.05864619081430871,N900_RS00835,glnA,0.8209512333333334,-2.1525,4.3908,12h_ce,12h,ce,1h_ce,1h,ce,6.5432999999999995
3.8575142800749154,2.323014332656065,-2.194465071965544,0.851026507373106,-1.627764700047358,N900_RS00840,N900_RS00840,1.4161308683333333,-0.877,5.6434,1h_co,1h,co,3h_SI1,3h,SI1,6.5203999999999995
6.173921812197695,4.301342530836177,-3.283046874137516,-0.7102325462515726,-2.3243491692015232,N900_RS00845,typA,0.78737738,-0.89425,3.5806,1h_st,1h,st,3h_SI3,3h,SI3,4.47485
3.6556117607167344,2.8120768865593284,-1.7008535634869688,-0.48084943962228993,-1.0175975351055215,N900_RS00850,ATPase,1.2699065,-0.42999,4.2667,6h_SI3,6h,SI3,3h_SI4,3h,SI4,4.69669
4.665805868161233,2.6745481768623027,-2.1823673995530433,-1.3486091786998413,-1.3612369890229392,N900_RS00855,VC0395_A2314_BLAST,0.678074905,-0.96636,3.8005,12h_st,12h,st,6h_SI2,6h,SI2,4.76686
4.869871578687746,3.633145821602418,-3.177319806618095,-1.0710396340414905,-2.1619980671242494,N900_RS00860,dtd,1.215039201666667,-0.32542,4.8978,3h_SI3,3h,SI3,3h_SI5,3h,SI5,5.22322
5.118629117457768,3.160885896194696,-2.2932480781684084,-1.5052992278539936,-1.354969420649435,N900_RS00865,GNAT family N-acetyltransferase_2,0.7499508216666666,-0.54857,4.1935,3h_st,3h,st,6h_st,6h,st,4.74207
4.725610062650386,3.152302273995721,-1.4027621053893142,-1.3676215724144007,-1.2249816111591152,N900_RS00870,asma_2,1.1580553666666666,-0.20654,3.6105,12h_st,12h,st,12h_SI1,12h,SI1,3.81704
3.236857071194975,3.1094881115579476,-1.9087275542029132,0.9230655283886987,-1.4161197455218073,N900_RS00875,pckA,1.7890471666666667,-0.21375,5.4573,1h_SI9,1h,SI9,3h_SI2,3h,SI2,5.67105
4.142900274887598,1.5184174853246393,-1.093745727547382,-2.191030890563887,-0.5645944908995804,N900_RS00880,hslo,-0.5956317333333333,-3.5484,3.2289,6h_SI7,6h,SI7,1h_st,1h,st,6.7773
2.8024113142133773,1.914672857331098,-0.4817374600612851,0.6493228753667936,-0.3486874362192516,N900_RS00885,hslR,1.586963933333333,-0.24213,6.3869,1h_co,1h,co,3h_SI5,3h,SI5,6.62903
4.49621183236818,4.257529596403171,-3.4964280420539557,-1.4311697741846396,-2.598791392046315,N900_RS00890,gspC,0.7925288999999999,-0.90995,4.1697,12h_SI1,12h,SI1,3h_SI1,3h,SI1,5.07965
5.9646303069707844,2.1872360014544525,-0.8966550005394047,-0.18052608208784374,-0.6993016591479408,N900_RS00895,gspD,1.7179854600000002,-0.15869,3.9483,6h_SI9,6h,SI9,12h_st,12h,st,4.10699
5.877962416486346,2.1529139677783005,-0.8414606941895767,-0.13280188635839363,-0.6571511631751232,N900_RS00900,gspE,1.7992057999999995,-0.10818,4.0041,6h_SI9,6h,SI9,12h_st,12h,st,4.11228
6.1062696566237324,2.326778343718891,-1.0938178357009274,-0.05702507512051329,-0.8539044651842476,N900_RS00905,gspF,1.8910172000000003,-0.065448,4.0416,6h_SI9,6h,SI9,12h_st,12h,st,4.107048
5.7371246679495815,2.3299559322607233,-1.0186035157849547,-0.7439732286857295,-0.7798639432249803,N900_RS00910,gspG,1.9260644333333337,-0.067187,5.3857,6h_SI9,6h,SI9,1h_co,1h,co,5.452887
3.0007064843283766,1.770242607038812,-1.227578269749362,1.3976920110108424,-0.8101347439060838,N900_RS00915,epsH,-0.012676316666666698,-4.0234,3.8558,1h_SI6,1h,SI6,12h_SI3,12h,SI3,7.879199999999999
5.91180099433844,2.1460311534381526,-0.8515131530608683,-0.1549818482731963,-0.6654695798067863,N900_RS00920,gspI,1.8283991166666667,-0.061413,4.0456,6h_SI9,6h,SI9,12h_st,12h,st,4.107013
2.657027016590223,0.9839274114349998,-1.6124100071506573,-0.117332685714289,-1.0603759189325388,N900_RS00925,gspJ,0.005504218653333334,-0.00016616,0.31094,12h_ce,12h,ce,6h_SI2,6h,SI2,0.31110616
5.834179864508143,2.208061117037841,-0.8464843837807329,-0.17902622191403963,-0.6558563261922987,N900_RS00930,epsK,0.9858294983333333,-0.8007,3.0919,12h_SI9,12h,SI9,12h_st,12h,st,3.8926
5.658220232015421,2.1813927071274812,-0.8529113431155977,-0.29220559195511564,-0.6559742102338804,N900_RS00940,epsM,0.7762354333333334,-1.2819,2.7012,12h_SI7,12h,SI7,12h_st,12h,st,3.9831000000000003
6.235765496369283,4.091281430958131,-3.433116206809832,-0.7255260990383684,-2.6749108819034912,N900_RS00945,epsN,0.8750885166666665,-0.65876,4.3504,1h_st,1h,st,6h_SI4,6h,SI4,5.00916
0.872270387236558,1.2141930132002976,0.13661116847123822,-1.867652886387068,-0.10432566596109356,N900_RS00950,cysQ,0.08073376333333333,-1.6257,2.6415,12h_SI1,12h,SI1,3h_SI3,3h,SI3,4.2672
2.8339817418385156,3.4271151004451306,-1.8824810909219885,-0.21637165949112747,-1.4575438352488055,N900_RS00955,nudE,1.54856882,-0.51481,4.6003,6h_SI1,6h,SI1,6h_ce,6h,ce,5.11511
2.987194755529828,0.6260171628632212,0.21871333939614987,0.3583705792301904,0.12133110955080209,N900_RS00960,nfua,-1.3659276666666662,-3.6879,0.95215,12h_ce,12h,ce,6h_SI1,6h,SI1,4.6400500000000005
2.162968301157709,2.341610870773809,-1.6577586786101786,-2.682553256237821,-1.1481241581142194,N900_RS00970,bioH,-0.5623147283333334,-2.94,3.8849,12h_SI8,12h,SI8,6h_SI2,6h,SI2,6.8248999999999995
5.8010726597646665,3.0810306443648448,-2.707052289468365,-0.587715300268244,-1.8874834704135854,N900_RS00975,N900_RS00975,0.98581255,-0.3205,4.1587,12h_st,12h,st,3h_SI3,3h,SI3,4.4792
5.604995643730124,2.662336039368352,-1.2362532553688736,-0.6016846207647689,-1.1350779775040272,N900_RS00980,yhgF,1.3155077999999998,-0.32711,4.873,3h_co,3h,co,3h_st,3h,st,5.2001100000000005
4.995406835221522,2.38302073479664,-1.2086950294661,-1.0004058310392034,-1.0662751455769306,N900_RS00985,greB,1.3064548999999999,0.031384,4.8293,3h_SI4,3h,SI4,3h_SI2,3h,SI2,4.797916
5.655812849717549,3.340058833819795,-1.779414114356134,-0.09294197404700295,-1.617821145682267,N900_RS00990,ompR,1.5554377499999998,-0.15497,4.418,1h_SI4,1h,SI4,3h_SI4,3h,SI4,4.57297
5.850948445683222,4.169035481508286,-3.2804291785499844,-1.5698336413519054,-2.361277893006564,N900_RS00995,envZ,1.1194395499999998,-0.43255,3.3601,6h_st,6h,st,3h_SI3,3h,SI3,3.79265
4.948952854636907,3.794014483088749,-2.7001432420440663,-1.4653229009331645,-1.9898498790399035,N900_RS01000,xanP_BLAST,1.540607833333333,0.29104,4.2086,3h_st,3h,st,3h_SI2,3h,SI2,3.9175599999999995
5.012473919722215,3.6523975145486296,-3.1687252376506154,-1.502398878297345,-2.2703230305522726,N900_RS01005,recG,0.9813041833333335,-0.74057,4.7796,6h_SI2,6h,SI2,12h_SI2,12h,SI2,5.52017
0.4508775871931274,2.0024041819588265,-0.0033390741907070812,-0.5718107770975375,-0.037964814781983214,N900_RS01015,rpoZ,1.6308918333333335,-0.04551,5.209,3h_ce,3h,ce,3h_SI5,3h,SI5,5.25451
4.187881310157904,2.4773639680539103,-1.8295568739657555,-1.331459890198957,-1.2042631089406557,N900_RS01025,yhhQ,1.2226435700000002,-0.51245,4.5734,6h_SI3,6h,SI3,1h_SI1,1h,SI1,5.085850000000001
6.151502449641433,3.4086171018029043,-2.985703116018379,-1.065409844479374,-2.036176689333437,N900_RS01030,actP,1.3509199833333332,-0.067191,3.7989,3h_ce,3h,ce,6h_st,6h,st,3.866091
2.382222932780074,1.7395843789160956,-1.8775553572967678,-0.21072385677914407,-1.4438060654334641,N900_RS01035,N900_RS01035,0.4485096366666666,-1.6395,3.4016,6h_SI3,6h,SI3,6h_SI4,6h,SI4,5.0411
5.657073539806104,4.509269778520326,-4.088056616368178,-0.3355037034817335,-2.982148022435365,N900_RS01040,nhaP2,1.139512368333333,-0.49865,3.465,6h_st,6h,st,6h_SI4,6h,SI4,3.96365
2.0178000966224148,1.7507675315118738,-2.0966131701280393,1.2293737419796151,-1.4267230123375434,N900_RS01045,narL,1.3651410000000006,-1.2863,4.9004,1h_SI9,1h,SI9,3h_SI5,3h,SI5,6.1867
3.4518194223676693,3.521995252520709,-2.15917642837916,-2.0351965728610133,-1.4737873944338378,N900_RS01050,dsbd,0.6178930349999999,-1.6209,4.5477,24h_SI5,24h,SI5,3h_SI4,3h,SI4,6.1686
5.084663259914661,1.8227608489581077,-2.3472869886241816,-0.7089550672372126,-1.5601848407869514,N900_RS01065,dcuA,1.1497961333333333,-1.2017,5.2623,6h_SI5,6h,SI5,6h_SI3,6h,SI3,6.4639999999999995
1.8191362164735168,0.24869524645832078,-0.018217134020058527,-0.878946055191495,-0.058638925016187705,N900_RS01070,aspA,-0.3583605450000001,-3.2603,2.2554,6h_co,6h,co,6h_SI1,6h,SI1,5.5157
4.024106117376849,2.4627266995359585,-1.5235809644148435,-1.5542496100920329,-1.0630001747524325,N900_RS01075,N900_RS01075,0.8340658133333334,-0.7754,3.6524,6h_SI1,6h,SI1,6h_st,6h,st,4.4278
2.8934611590921397,3.1632729930499175,-2.1874874122831174,0.29836364603565924,-1.5630872427532918,N900_RS01080,fxsA,1.4557199833333334,-0.64076,4.3479,1h_ce,1h,ce,3h_SI3,3h,SI3,4.98866
3.7009261551511767,3.1084018035588454,-1.7169332960509511,0.5929120987155982,-1.5975826442353689,N900_RS01085,trmL,1.53203315,0.063819,4.7439,3h_SI5,3h,SI5,3h_SI2,3h,SI2,4.680081
3.05217114001874,3.473470738106484,-2.712575882956266,-1.594701049615114,-1.7175847221058536,N900_RS01090,superoxide dismutase,0.7178741116666667,-0.77886,3.6767,12h_SI1,12h,SI1,1h_ce,1h,ce,4.45556
4.238278992350671,2.8775993783636546,-1.896898235559651,-2.4270613339079716,-1.668362462533889,N900_RS01095,cpxA,0.2404347733333333,-1.3497,2.8731,6h_st,6h,st,1h_SI1,1h,SI1,4.222799999999999
1.2954377733694198,1.4619924743066763,-1.7576050590077341,-1.0135512709203756,-1.199731176380795,N900_RS01100,cpxR,0.2803164166666667,-1.7866,3.3916,12h_SI2,12h,SI2,3h_SI1,3h,SI1,5.1782
5.853202643736209,2.781201494820583,-1.7688219703155683,-0.79053975530481,-1.409042825555609,N900_RS01105,cpxp,1.6984868333333332,0.20187,5.296,1h_SI8,1h,SI8,3h_st,3h,st,5.09413
5.344199993985212,3.9817074392204375,-3.0291470624203614,-1.3304299335114371,-1.9814217105209606,N900_RS01110,fieF,0.7046117333333334,-0.79582,3.121,3h_st,3h,st,3h_SI4,3h,SI4,3.91682
4.634620180543774,0.9394807844134193,0.05416504075519589,0.2391178838224354,0.2453112621751195,N900_RS01115,pfkA,2.268976666666666,0.11509,10.534,12h_SI6,12h,SI6,12h_st,12h,st,10.41891
5.07022519723012,2.8748295648469444,-2.166778386835415,-1.7075775962358164,-2.0575084196721023,N900_RS01120,glpX,0.9094033816666666,-0.39211,4.2111,6h_st,6h,st,3h_st,3h,st,4.60321
1.0762687456493008,-0.07791014246847208,0.37585628219469164,-1.2722559623480436,0.4985102106666249,N900_RS01125,zapB,-0.41199565,-2.2644,3.0583,6h_SI9,6h,SI9,3h_SI3,3h,SI3,5.3227
4.674195802914045,2.936355875449093,-1.9889385985933978,-0.9550033473517201,-1.1517273019644088,N900_RS01130,metF,0.9449273566666668,-0.58923,5.5767,1h_st,1h,st,6h_st,6h,st,6.1659299999999995
6.076945007496617,3.655478201571248,-2.637065563994708,-1.4599467225775238,-1.772074909346465,N900_RS01135,metL,1.2615714999999998,-0.06249,3.2244,3h_ce,3h,ce,1h_ce,1h,ce,3.28689
1.9361789991580325,2.371361464477859,-0.2690138503295566,-0.667755104186692,-0.6746135961864744,N900_RS01140,metB,0.5978118666666667,-0.9966,3.5194,6h_SI2,6h,SI2,3h_st,3h,st,4.516
2.5025145104031625,1.2351818994609465,-1.6837272585745309,-0.06909765290520956,-1.1664567163677277,N900_RS01145,metJ,1.2044465833333333,-2.2597,6.1641,12h_SI8,12h,SI8,6h_SI4,6h,SI4,8.4238
4.169984577190204,3.639943511609151,-1.9974701503396823,-2.282694113848416,-1.4686225555839187,N900_RS01150,maeB,1.4276850666666665,-0.19026,5.0015,6h_SI1,6h,SI1,1h_ce,1h,ce,5.19176
5.916639600707643,2.1807878405229926,-0.8696124193793957,-0.3930049305495216,-0.671197355500245,N900_RS01155,rpmE,1.1410749000000002,-0.78876,3.3251,6h_SI9,6h,SI9,12h_st,12h,st,4.11386
5.505026571351597,3.923945825749588,-2.229773050989481,-0.6511445074305545,-2.068538685422485,N900_RS01165,cytR,1.2062650966666666,-0.61034,4.0942,1h_SI9,1h,SI9,3h_SI9,3h,SI9,4.70454
4.658561697783408,3.6895208663061636,-2.662386435745308,-0.29070727561319504,-1.9528717848732446,N900_RS01175,hslV,1.3820201166666666,-0.065906,4.9458,1h_SI7,1h,SI7,3h_SI3,3h,SI3,5.011706
-0.25796847343584633,2.5459168798171725,-1.5538371458529545,-0.31338292674757173,-1.072520055481999,N900_RS01180,hslU,0.4620350833333333,-1.1661,3.2565,6h_SI3,6h,SI3,3h_SI4,3h,SI4,4.4226
5.151216117144036,3.907925332659547,-2.1991606828321126,0.8607900435141491,-2.013774285418457,N900_RS01185,menA,2.154915,-0.73883,5.2524,1h_SI5,1h,SI5,3h_st,3h,st,5.99123
3.4781797868366158,3.952905944708792,-2.9608661853354756,-1.2282159576100908,-2.1106065154313187,N900_RS01190,rraA,1.1823383666666665,-0.34668,3.5693,6h_st,6h,st,3h_SI6,3h,SI6,3.9159800000000002
3.729809430900211,2.50397461564072,-3.156633438781162,-1.2218701364627538,-1.9758033158649833,N900_RS01195,norM_1,0.6347305333333334,-0.64557,3.7499,24h_SI3,24h,SI3,12h_SI1,12h,SI1,4.3954699999999995
5.4551448669093,2.1355956620805827,-0.6616351955012109,0.1518627394381667,-0.5201220670883339,N900_RS01200,tpiA,1.5451854000000003,-0.37273,3.5903,12h_ce,12h,ce,12h_st,12h,st,3.96303
5.757231950989826,2.7028491584925085,-2.239399449621728,-1.2951197817728854,-1.5455559601556021,N900_RS01205,5-carboxymethyl-2-hydroxymuconate Delta-isomerase,0.9432351833333333,-0.30939,3.8912,1h_st,1h,st,3h_SI1,3h,SI1,4.20059
4.1339942673194345,3.0687609102803712,-2.3944625825176993,-1.0863663806961212,-1.8203414202723471,N900_RS01210,N900_RS01210,1.2921297166666668,-0.2177,5.089,6h_SI2,6h,SI2,3h_SI2,3h,SI2,5.3067
5.9719897511759985,3.9823182190920052,-3.496169551752921,0.40705893292309975,-2.4388008823522656,N900_RS01215,N900_RS01215,1.5249075,-0.67812,4.9795,1h_ce,1h,ce,3h_SI5,3h,SI5,5.65762
2.6495397503079277,2.38455285880611,-1.0530616045994425,-0.7866280709776104,-1.3137386793006731,N900_RS01220,transcriptional regulator_1,1.3818629166666667,-0.27229,5.7235,3h_SI9,3h,SI9,3h_st,3h,st,5.9957899999999995
4.26378893455856,3.180316367616876,-2.5409856372350195,-1.9885145152888408,-1.8688907106557877,N900_RS01235,N900_RS01235,0.6819741,-0.69568,4.122,12h_st,12h,st,3h_SI1,3h,SI1,4.81768
2.444634517772965,1.5208807830992748,-0.24214945337872304,-0.608049341786745,-0.0653902533192518,N900_RS01240,epmB,0.4452101,-2.6499,3.3108,6h_SI7,6h,SI7,1h_co,1h,co,5.9607
1.9664625462116174,1.0687372820823564,0.2494211980219524,-0.6811831222583397,0.33919675950940703,N900_RS01245,efp,-0.27422691666666665,-2.8885,3.1408,6h_SI7,6h,SI7,3h_SI9,3h,SI9,6.0293
0.4709714231363982,2.2062390834772585,-0.7059217902030664,1.1929974382533133,-0.5662054493650457,N900_RS01250,frdD,1.46398275,-0.63528,5.7864,1h_SI5,1h,SI5,3h_SI1,3h,SI1,6.42168
0.6724923540706694,2.8900371144977552,-1.964942781918468,0.22349082950892799,-1.2937247087596415,N900_RS01255,frdC,1.4661603333333335,-0.48517,4.017,1h_SI3,1h,SI3,6h_ce,6h,ce,4.5021700000000004
2.888211097814189,2.1981949515706454,-1.6530523393220913,1.9769678595593234,-1.0423746203756472,N900_RS01260,frdB,1.9510957833333333,-1.3096,4.5376,1h_SI5,1h,SI5,3h_SI7,3h,SI7,5.847200000000001
2.2866063732676154,2.9662875613053807,-1.06714218313914,1.2234563712131092,-0.6784535857776713,N900_RS01265,frdA,1.546157416666667,-0.69802,4.5877,1h_SI5,1h,SI5,3h_SI4,3h,SI4,5.2857199999999995
2.484705462868408,1.265048811780349,0.19466323918708664,-0.5898521772741994,0.21185617859029945,N900_RS01270,epmA,-0.8947543666666667,-3.5814,1.5267,12h_SI8,12h,SI8,3h_SI9,3h,SI9,5.1081
1.5139699186314282,1.1821834366255466,-0.7418897604126867,-2.4817585148135173,-0.8273711048354232,N900_RS01275,yibN,-0.10389638333333337,-2.6806,4.391,24h_SI5,24h,SI5,6h_ce,6h,ce,7.0716
2.08565592521586,1.4865809481668653,-0.6924688615217272,-2.6925611476528153,-0.39383659505704227,N900_RS01280,secB,-0.13036073833333334,-1.5787,3.3881,6h_SI4,6h,SI4,6h_SI3,6h,SI3,4.9668
5.954840127832021,2.199548551063523,-0.9016676206052011,-0.15204314159971682,-0.7053742415810653,N900_RS01285,gpsA,0.8306441166666667,-1.063,3.039,12h_SI7,12h,SI7,12h_st,12h,st,4.102
5.721009455152012,1.9958827328662472,-0.7973870807307218,0.129568012907848,-0.6014260968551602,N900_RS01290,cysE,1.9786214666666666,-0.060292,6.2797,6h_SI9,6h,SI9,12h_SI1,12h,SI1,6.339992
3.3163180934810144,0.5474180091770952,-0.4028783687780185,-2.6920016180408526,-0.11349754533809668,N900_RS01295,PadR family transcriptional regulator,-1.0386439,-4.3031,4.736,12h_SI7,12h,SI7,6h_st,6h,st,9.0391
5.221906789937878,3.5192002159951747,-2.5356979357265628,-1.0461905753665801,-2.2426854119609834,N900_RS01300,ppc,1.1711993333333335,-0.36707,4.2879,3h_SI3,3h,SI3,3h_st,3h,st,4.65497
6.139700609640328,2.7351191718248,-3.523312138411534,-1.3764230252676948,-2.1553674034255503,N900_RS01305,argE,1.6609314499999999,0.056167,5.2321,24h_SI9,24h,SI9,1h_SI1,1h,SI1,5.175933
5.584155368141533,3.9303192055912928,-3.139475704365983,-2.43278203954414,-1.9485888349146474,N900_RS01310,argC,0.7060048716666666,-0.93551,3.0984,3h_st,3h,st,6h_SI3,6h,SI3,4.03391
5.201033290006383,4.027963788360633,-2.672990109408724,-2.05521786671425,-1.973982550225441,N900_RS01315,argB,1.4612119833333337,-0.018999,5.2771,6h_st,6h,st,3h_SI1,3h,SI1,5.296099
3.0228427618198235,2.135577261554802,-1.9737504235707533,-2.9631185936260978,-1.6572886008187955,N900_RS01320,argG,-0.29624398333333335,-2.1968,3.8365,12h_SI1,12h,SI1,6h_ce,6h,ce,6.0333000000000006
1.6435551127789516,1.0484532362837207,-1.2348358323079738,-1.205581530733563,-0.9249812252762313,N900_RS01325,argH,0.16767774833333335,-1.637,6.1234,24h_SI1,24h,SI1,3h_SI1,3h,SI1,7.760400000000001
1.0708171602074938,1.199780811357807,-0.41478314945294553,-0.4088113149833892,-0.3183594423020082,N900_RS01330,N900_RS01330,0.6613357058333332,-1.4016,3.192,12h_SI8,12h,SI8,1h_co,1h,co,4.5936
5.66782713981306,2.7083403790365876,-2.194189693328592,-0.8173319412230863,-1.2584841601252146,N900_RS01335,lpd,1.1815606333333335,-0.11837,4.3782,1h_SI5,1h,SI5,6h_SI2,6h,SI2,4.496569999999999
5.232467537224143,3.808060403869675,-3.799041805706848,-2.290174787922938,-2.686337548116418,N900_RS01340,glutathione peroxidase,1.0858882633333335,-0.40625,4.3226,6h_st,6h,st,3h_SI5,3h,SI5,4.72885
4.599759180136454,2.908534733356606,-2.2089579653741813,-0.1123713392417786,-1.8602617644852633,N900_RS01345,oxyR,1.9078638333333335,0.25175,4.7487,3h_SI1,3h,SI1,3h_SI2,3h,SI2,4.49695
5.564383476457134,2.9418249764069127,-1.0992723854147377,-0.39555453374767646,-1.083708960932811,N900_RS01355,pilM,1.5490316016666668,-0.097333,4.7508,6h_ce,6h,ce,3h_st,3h,st,4.848133
6.542430120260881,3.8086689803620444,-3.818249014069653,-0.8191272508957056,-2.530099172465315,N900_RS01360,pilus assembly protein PilN,1.1552278166666663,-0.41744,3.5303,1h_st,1h,st,6h_SI2,6h,SI2,3.94774
4.019079400745713,2.2453455226492567,-2.1779754435326213,-0.07911930159963089,-1.7521893626597758,N900_RS01370,PilP,1.2034335666666667,-0.52898,5.2909,6h_SI2,6h,SI2,3h_SI5,3h,SI5,5.8198799999999995
3.776954442800951,2.5384742861577596,-1.425140409674381,-1.6597729543707238,-0.8082818289464673,N900_RS01375,fimbrial assembly protein,0.6893013833333335,-0.6847,3.9846,24h_st,24h,st,6h_SI3,6h,SI3,4.6693
4.525315767263215,1.8036001372307224,-0.5784162534915217,-2.217458120602063,-0.3632173082661263,N900_RS01380,aroK,-0.6449199316666665,-3.2323,1.9277,12h_SI7,12h,SI7,1h_co,1h,co,5.16
3.3793988609287857,2.2885243849039565,-1.4319571144615644,-3.2384664817808666,-0.9977710412710528,N900_RS01385,aroB,-0.1931404333333333,-1.8431,3.6411,24h_SI8,24h,SI8,3h_SI2,3h,SI2,5.4841999999999995
3.154629523602868,2.217395260122804,-1.6728266538744185,-2.315639323345083,-0.8921200444221975,N900_RS01390,damX_1,0.6265573398333334,-0.64991,3.6435,6h_SI5,6h,SI5,1h_SI1,1h,SI1,4.29341
5.43931738577408,2.0424601689711728,-0.7403246187779631,-0.2618745554034017,-0.5767405593865077,N900_RS01400,ribulose-phosphate 3-epimerase,-0.11540333333333334,-2.2683,1.8892,12h_SI7,12h,SI7,6h_st,6h,st,4.1575
5.565267485604631,4.440051662211758,-3.4644820583810563,-1.3840574799179353,-2.4747938274181136,N900_RS01405,gph,0.8096558,-0.85937,3.4672,12h_st,12h,st,6h_SI1,6h,SI1,4.32657
5.014124084168381,2.9944775626965825,-3.297372308324731,-1.07833613474695,-2.293039950177386,N900_RS01415,ABC transporter substrate-binding protein_8,0.6515329,-0.98091,3.2782,3h_SI1,3h,SI1,6h_ce,6h,ce,4.25911
5.676005866350543,3.2755745704936867,-2.955946190760688,-1.0806166925608518,-2.060302620447734,N900_RS01420,xds_1,1.4499489833333332,-0.095118,4.6483,12h_st,12h,st,3h_SI1,3h,SI1,4.743418
2.332095743176945,0.8566358264328867,-1.3160893307800594,-1.8419108029461044,-0.6289715108518473,N900_RS01425,rimO,-0.1429793083333334,-1.6929,2.9461,6h_SI2,6h,SI2,6h_SI1,6h,SI1,4.639
3.132069533685038,3.7396474851142787,-1.878397948800768,-1.946960953212782,-1.4491785026229644,N900_RS01430,trpG_1,0.8003583166666667,-0.49309,3.3509,6h_st,6h,st,3h_SI3,3h,SI3,3.8439900000000002
3.7219660682119606,3.4819865010625053,-2.2410067530913853,-2.1480349522428446,-1.9270785221010704,N900_RS01435,aruC,0.4680254133333333,-1.8054,3.8989,6h_SI3,6h,SI3,3h_SI1,3h,SI1,5.7043
6.007266525792502,3.8136853224521263,-2.4572511278131772,-0.8956941036220805,-1.9587805481555383,N900_RS01440,astA,1.3540975966666668,-0.0155,3.6926,1h_SI8,1h,SI8,3h_st,3h,st,3.7081
5.605849459219264,3.2406309841896457,-2.39690634438432,-1.1135059056430883,-1.985539967528461,N900_RS01445,astD,0.6391946166666665,-0.90441,3.2763,3h_SI8,3h,SI8,6h_ce,6h,ce,4.18071
2.965528333819196,1.0927518215284497,-1.9657655020813434,-0.028739008520328502,-1.4249575626149151,N900_RS01450,N900_RS01450,0.2730950993333333,-1.0232,3.4661,6h_ce,6h,ce,24h_SI1,24h,SI1,4.4893
5.341898364580037,2.0016339789540005,-0.6126633749527867,-0.21106526687564617,-0.478951232773262,N900_RS01455,crp,2.0031703333333333,-0.060826,4.0342,12h_SI7,12h,SI7,12h_st,12h,st,4.095026
4.495433227204647,4.063578622300539,-2.5661137090596196,-1.7661746806824776,-1.8510085511359875,N900_RS01460,cfxP,0.4226522921666666,-0.85141,4.3948,12h_co,12h,co,3h_SI5,3h,SI5,5.24621
0.8514256391449819,1.9843974988240491,0.4221025987829727,-0.6845897150461904,0.19265203212859777,N900_RS01465,VC_2612_BLAST,1.404655783333333,-0.44854,5.4891,1h_ce,1h,ce,1h_st,1h,st,5.93764
2.670525494152699,2.522095229976041,-1.5424792897794226,-2.255788759821313,-1.042109390206725,N900_RS01470,hydrolase,-0.142223,-1.5155,2.7689,24h_st,24h,st,3h_SI3,3h,SI3,4.2844
1.9499599525398281,1.911123801485287,-0.7501337322129498,-1.7909953520923196,-0.6362711460979426,N900_RS01475,N900_RS01475,0.205147665,-1.6491,3.5838,3h_SI8,3h,SI8,1h_st,1h,st,5.2329
3.9951883148486846,3.095852768054044,-2.4279355511303993,-0.9989436843085844,-1.7149430841393665,N900_RS01480,yheS,1.0682956833333335,-0.69079,4.6208,6h_SI7,6h,SI7,12h_SI2,12h,SI2,5.31159
6.250687595435848,3.363085025085145,-3.1820499098946464,-0.2640091062222103,-2.1450601901747177,N900_RS01485,kefG,1.690265,-0.37017,4.6892,1h_ce,1h,ce,6h_SI4,6h,SI4,5.0593699999999995
2.388624914583018,2.200400222585657,-1.4683998863470584,-2.2574031602135576,-0.813565820853657,N900_RS01490,kefB,0.38382953966666666,-1.0072,3.742,3h_SI2,3h,SI2,1h_ce,1h,ce,4.7492
3.6538091579620393,1.3691994879439997,-1.590311691529638,0.7401547068372589,-0.970570007281297,N900_RS01495,metal-binding protein,0.9276407550000001,-2.0213,4.1724,6h_SI6,6h,SI6,12h_SI2,12h,SI2,6.1937
2.8213598612158184,3.0879326897455996,-0.5106396767261784,-0.1946026903868847,-0.6121136183320436,N900_RS01500,slyD,1.5740337166666665,-0.57385,5.563,1h_SI2,1h,SI2,1h_st,1h,st,6.13685
5.8881065225104186,3.4407511309693644,-1.992173603853783,-1.254913803322515,-1.8075434423186885,N900_RS01505,iaaA,0.9606517411666666,-0.39422,4.0355,3h_SI9,3h,SI9,3h_st,3h,st,4.42972
0.08229150294820498,0.695568852169749,0.38092490248890387,-3.2904605632678336,0.4123008074564747,N900_RS01515,motX_BLAST,-1.1445433166666668,-3.4328,2.4798,24h_SI1,24h,SI1,3h_SI7,3h,SI7,5.912599999999999
5.381385293929387,3.9923355524891826,-2.7669690136975618,-0.9994724420727398,-1.9213537609529567,N900_RS01520,N900_RS01520,1.2998625183333332,-0.084017,3.9514,3h_st,3h,st,12h_SI1,12h,SI1,4.035417
5.537128558684467,4.356616837564197,-3.3818384882655397,-0.02237874735488861,-2.300963710168085,N900_RS01525,rnr,1.1761258999999997,-0.88717,5.649,1h_SI7,1h,SI7,3h_SI5,3h,SI5,6.53617
0.1593351813087023,1.6511778667719996,0.4819097367217795,-0.6302183172335057,0.33890950947860304,N900_RS01530,rlmB,0.39274771666666664,-2.1073,5.1136,24h_st,24h,st,3h_SI3,3h,SI3,7.2209
2.179049233320555,2.6616655386931245,-1.2135814376663099,-1.0969516009261584,-0.6031040177401212,N900_RS01675,N900_RS01675,0.5745979616666667,-1.1414,4.2335,6h_SI1,6h,SI1,6h_st,6h,st,5.3749
1.5894005676400649,2.4131343767578692,-1.8745800930383372,-1.4194485679983018,-1.272208014038073,N900_RS01680,fklB,0.3204985916666666,-1.7713,3.0453,6h_SI1,6h,SI1,3h_SI3,3h,SI3,4.8166
2.2124925215560927,2.747944969558397,-0.6887196548958703,-1.0165408250513497,-0.646775259969366,N900_RS01685,LysM,0.5728361166666667,-1.5682,3.3574,6h_SI1,6h,SI1,3h_SI3,3h,SI3,4.9256
0.7294000134892138,0.40786599654322037,0.7132046008343895,-1.289830387404521,0.48196168833122666,N900_RS01690,eamA_6,0.1730033466666667,-1.6463,2.727,6h_SI2,6h,SI2,3h_SI3,3h,SI3,4.3733
4.148106864255198,2.8669097303175395,-2.3466226837880058,-0.032400664705107184,-1.366457225122515,N900_RS01695,elaA,1.659048833333333,-0.22072,4.8627,3h_SI2,3h,SI2,6h_ce,6h,ce,5.08342
3.1953546948318072,2.7448061597455786,-1.39276482090204,-2.009889559227087,-1.5340656421632461,N900_RS01700,dbpA,0.3822100499999999,-1.1716,3.6947,6h_st,6h,st,6h_ce,6h,ce,4.8663
2.5000170073204147,1.3723142854241677,-2.084514658947178,-1.9558892731936823,-1.4261931643365333,N900_RS01705,Crp/Fnr family transcriptional regulator_1,-0.24528708300000002,-1.8673,2.8387,12h_SI1,12h,SI1,3h_SI2,3h,SI2,4.7059999999999995
4.951910084993524,2.7184604400028656,-2.4668523885736158,-1.6025513223957302,-1.9866667097690818,N900_RS01710,cpdB,0.8495862500000001,-0.86833,4.8285,6h_SI3,6h,SI3,12h_SI1,12h,SI1,5.69683
5.198375049292158,2.258850455571399,-4.0136289569421395,0.1501230333129044,-2.7051395695150804,N900_RS01715,cobA,0.93742956,-1.1059,4.125,3h_ce,3h,ce,6h_SI3,6h,SI3,5.2309
0.9335621135689058,1.4010949523607055,0.03337309488008974,-0.8316478578710899,0.344328169193,N900_RS01720,cysD,0.9076814383333335,-0.74315,4.4163,6h_SI1,6h,SI1,6h_st,6h,st,5.15945
5.9623277986558385,3.390942931526557,-2.847237831918187,0.2234998244755437,-2.065871835655419,N900_RS01725,cysN,1.5308276666666667,-0.024636,4.246,3h_SI4,3h,SI4,6h_SI1,6h,SI1,4.2706360000000005
0.09741270012353674,1.2763894042663328,-0.9826486792575406,-0.8994644738660087,-0.6940297788421045,N900_RS01730,cysC,0.18312529499999994,-1.9734,3.2996,6h_SI3,6h,SI3,3h_SI2,3h,SI2,5.273
3.697534339314159,2.4859971682932187,-2.804043263478725,0.8121079163824462,-1.8977630645137689,N900_RS01735,N900_RS01735,1.3290745333333334,-0.40895,5.3761,1h_co,1h,co,12h_SI1,12h,SI1,5.78505
-2.064298609130681,-0.6533276363519528,0.6375798804532276,-0.32948471706018767,0.514862302470431,N900_RS01740,N900_RS01740,-0.12270337666666667,-1.6046,2.5168,12h_SI2,12h,SI2,24h_SI2,24h,SI2,4.1213999999999995
4.137193813239929,2.3009319473012706,-2.629002923515463,-0.9906494604002192,-1.6087843939959772,N900_RS01745,ABC transporter permease_2,1.6455948333333337,-0.26204,5.1766,12h_SI3,12h,SI3,3h_SI1,3h,SI1,5.4386399999999995
2.9195595851177267,2.490682467820088,-2.488101738036998,-0.9897981051670103,-1.545961432333466,N900_RS01750,yknY_1,1.3082669249999996,-0.3633,4.4329,12h_SI2,12h,SI2,6h_SI2,6h,SI2,4.7962
0.8147366377532202,0.5601013050286366,-1.3134642342726306,-0.3659894110669864,-0.8317974062944195,N900_RS01755,N900_RS01755,1.1477850333333335,-1.2466,5.2535,3h_SI6,3h,SI6,6h_SI2,6h,SI2,6.5001
3.443482773239491,1.7705161993828875,-0.7241588091993778,0.9601665288750016,-0.36414173928813626,N900_RS01760,N900_RS01760,1.2136865099999998,-1.0402,4.1842,6h_SI2,6h,SI2,3h_SI3,3h,SI3,5.224399999999999
2.742080278756676,2.600848318370369,-2.6368510554386746,-0.13203837910821686,-1.6291724192550612,N900_RS01765,ytfj,0.5881292899999998,-0.62353,3.5889,3h_co,3h,co,6h_ce,6h,ce,4.21243
1.6370270481985236,1.903750913473827,0.42093838141409495,-0.22950474918745442,-0.10762323175108793,N900_RS01770,msrA,0.9963558616666666,-0.73513,4.4062,12h_SI1,12h,SI1,3h_st,3h,st,5.14133
1.7725878090370217,3.051683566658486,-1.9150524151941186,-1.929746884491036,-1.6430494976054075,N900_RS01775,outer membrane protein assembly factor,-0.16344024166666665,-1.7044,3.2661,6h_SI2,6h,SI2,6h_SI4,6h,SI4,4.9704999999999995
1.5839599710573922,3.3535972580482123,-1.5389275636587767,-1.7943603828315848,-1.2844887918712213,N900_RS01780,tamb,0.0008717000000000086,-1.6244,2.611,6h_SI2,6h,SI2,3h_SI3,3h,SI3,4.2354
5.72439035503476,3.1145347141749884,-1.857855497148817,-0.8641031163916666,-1.8525124796587082,N900_RS01785,ytfP,1.279173,-0.61645,4.9111,12h_st,12h,st,3h_SI1,3h,SI1,5.527550000000001
1.3559488397123896,0.6914930008018481,-0.21863904194806924,-0.2653727075714275,0.11937059421147164,N900_RS01795,fbp,0.7153675499999999,-1.0405,4.9842,1h_SI3,1h,SI3,6h_st,6h,st,6.0247
1.21959222305733,0.6531844880354827,-0.6942095513343953,-0.46763048965453446,-0.4243297833064345,N900_RS01800,N900_RS01800,1.1475936666666666,-1.102,5.005,6h_ce,6h,ce,12h_SI2,12h,SI2,6.107
2.592725714121142,2.26597603625625,-2.032853710287932,-0.7728635877208121,-1.2893114579497766,N900_RS01805,mpl,0.5697061999999999,-0.79351,3.3147,12h_SI8,12h,SI8,12h_SI1,12h,SI1,4.108210000000001
4.49352885621275,0.48553937766289196,-0.4498756074196465,-0.6540957250506918,-0.5318333524211745,N900_RS01815,thiB,0.2382867166666666,-1.4292,4.6277,3h_SI4,3h,SI4,3h_st,3h,st,6.0569
6.381840364836395,2.3509273195192737,-3.5953501139975055,0.5542967941860365,-2.3650337988371835,N900_RS01820,thiP,0.40782968666666675,-1.1774,3.6386,3h_ce,3h,ce,12h_SI2,12h,SI2,4.816
3.461596845038048,0.9897608211133136,-0.5954667325382791,-0.6275745890698095,-0.15432808084675775,N900_RS01825,thiQ,0.07086765,-1.6095,4.3423,6h_SI6,6h,SI6,6h_st,6h,st,5.9517999999999995
4.178403714396146,1.2869409646566208,-1.3318117017847855,-0.7377329499957551,-0.8487746891115948,N900_RS01830,darP,1.1473737,-1.5726,7.2863,6h_SI6,6h,SI6,12h_SI3,12h,SI3,8.8589
3.9284891927640686,1.8481204975372696,-1.642726750537352,-0.3852665284647461,-1.444624972092532,N900_RS01835,pmbA,1.4174213883333335,-0.17424,5.1283,3h_SI4,3h,SI4,6h_ce,6h,ce,5.3025400000000005
5.448567565843793,1.4368342847924649,-2.7409104112071496,0.48250536223181895,-1.641381295900822,N900_RS01840,mgtE_1,2.059952,0.52181,5.6155,3h_SI5,3h,SI5,6h_st,6h,st,5.09369
5.779172068919091,3.0205972501602414,-2.048429382955477,-0.2915353254445744,-1.6742171816672906,N900_RS01845,ptsO,1.2661607356666666,-0.36098,5.179,1h_SI5,1h,SI5,1h_st,1h,st,5.53998
3.4841044091424034,1.4966870973458972,-2.842623559189949,0.1363302965270721,-2.0871225574871266,N900_RS01850,rapZ,1.0061030050000002,-0.9278,5.1428,3h_ce,3h,ce,3h_SI1,3h,SI1,6.070600000000001
3.70307921736253,1.918791812332216,-0.32869795048297457,-0.5310001294001568,-0.4237435672988625,N900_RS01855,ptsN,1.7225652000000002,-0.22748,6.7157,1h_SI9,1h,SI9,3h_SI3,3h,SI3,6.94318
5.7451363333445915,3.771315392145699,-3.2582102790029404,-0.4089029230040791,-2.3962129712962716,N900_RS01860,hpf,0.93839135,-1.1183,4.0473,3h_SI9,3h,SI9,3h_SI5,3h,SI5,5.1655999999999995
1.692420582069633,0.06424295634339575,0.3001489563186587,-3.0766556366943023,0.4494939316821653,N900_RS01865,rpoN,-1.1769380166666665,-4.423,2.6889,12h_SI8,12h,SI8,1h_co,1h,co,7.1119
3.301263984569636,1.1245776324630927,-2.302359915950863,-1.6836414359994691,-1.2422585221145948,N900_RS01885,kdsC,-0.13604569999999996,-1.6525,4.1551,3h_ce,3h,ce,6h_st,6h,st,5.8076
2.6984777816811714,1.2043997321645163,-2.067330229301614,-2.4484459939319048,-1.5747573223548073,N900_RS01895,calcium/sodium antiporter,0.15401554966666667,-2.1356,3.1319,6h_SI1,6h,SI1,3h_SI1,3h,SI1,5.2675
3.0789220806249267,1.643171783477303,-2.349741717506786,-2.118888337441466,-1.633342051716905,N900_RS01900,N900_RS01900,0.24226955000000003,-1.1003,4.18,6h_SI3,6h,SI3,3h_SI1,3h,SI1,5.2802999999999995
0.7130253165266542,2.2547732152141458,-0.5365479927452362,-0.02777042031373202,-0.32351090734438176,N900_RS01905,mlaF,1.3809361333333332,-0.067528,4.254,1h_SI5,1h,SI5,12h_SI2,12h,SI2,4.321528
3.1539102392392864,1.4695335301262578,-2.148791964781304,0.5963334011318225,-1.3913326867053335,N900_RS01910,mlaE,1.182384416666667,-2.5822,5.7088,1h_SI4,1h,SI4,12h_SI3,12h,SI3,8.291
3.0005891410226355,3.8030445626144442,-2.4197686835959678,0.6017237070509746,-1.6963126181646755,N900_RS01915,mlaD,1.4501510999999998,-0.70372,4.4196,1h_SI2,1h,SI2,6h_SI2,6h,SI2,5.12332
5.011469693426312,3.130524385142818,-3.0163520367048324,-0.1594298493324834,-2.106107916201156,N900_RS01920,mlaC,1.1013689166666665,-1.3332,4.6713,1h_SI2,1h,SI2,6h_SI1,6h,SI1,6.004499999999999
2.9773045517854,2.1113125345550383,-1.5421813953170314,0.23395010034049848,-0.8780012638152267,N900_RS01925,"anti-sigma B factor antagonist, putative",1.1570719833333334,-1.6651,4.988,1h_SI2,1h,SI2,6h_ce,6h,ce,6.6531
1.4096479790754721,2.0942949451767343,-0.24430506767395468,-0.7452749823722191,-0.7931622300869211,N900_RS01930,ibaG,0.7019225083333331,-1.4005,5.089,6h_co,6h,co,3h_st,3h,st,6.4895000000000005
3.0460363858691806,0.8023944089674765,-1.1189448729427056,-2.1731059362149288,-0.674891567890816,N900_RS01945,rida,-0.6163273966666666,-3.6314,5.0076,6h_SI8,6h,SI8,6h_SI2,6h,SI2,8.639
5.754051700081384,3.6790062689190917,-2.316915198734613,-0.4205490961355679,-2.2104603052031604,N900_RS01950,pyrI,0.9971440000000001,-0.33488,4.0198,6h_st,6h,st,3h_st,3h,st,4.35468
3.6766016925372282,1.235057305629442,-1.671142787463705,-2.2783518682913773,-1.1090141336224326,N900_RS01955,pyrB,-0.5303257166666667,-4.1342,3.7091,6h_SI6,6h,SI6,3h_SI1,3h,SI1,7.843299999999999
5.164932056332953,3.411094342340276,-2.54265553936857,-1.1973844100717392,-1.6278949009883295,N900_RS01965,argF,1.4433390599999996,-0.0035264,5.0082,1h_st,1h,st,3h_SI3,3h,SI3,5.011726400000001
5.835553535229212,3.563401408142627,-1.9003654969378998,0.34133737454832913,-1.7125682795158526,N900_RS01970,N900_RS01970,1.5914936666666664,-0.40281,5.4728,1h_SI9,1h,SI9,3h_st,3h,st,5.87561
3.8706167063058126,3.07653011966247,-2.813167345797803,-2.5242273337830223,-1.8807739104646526,N900_RS01975,N900_RS01975,0.07140453333333331,-1.5426,3.1839,3h_SI1,3h,SI1,3h_SI4,3h,SI4,4.7265
3.8802299303795387,3.3482336049683075,-2.161100223137941,-0.2956441814169253,-1.9610317932455217,N900_RS01980,rapA,0.9701186666666667,-0.61556,3.9615,3h_SI2,3h,SI2,6h_ce,6h,ce,4.57706
1.4627071814858619,1.7848114065039944,-1.802974306285515,-0.717078783332538,-1.2792644828931836,N900_RS01985,rluA,0.5240912666666666,-0.98107,2.7112,1h_SI1,1h,SI1,12h_SI3,12h,SI3,3.6922699999999997
4.889929576431847,2.8253582301303526,-3.220982804486633,0.08023997606531691,-2.287300460099873,N900_RS01990,hepA,1.3025929333333333,-1.8449,6.2601,3h_ce,3h,ce,3h_SI1,3h,SI1,8.105
1.1990363632941665,2.1410349174547862,-0.9821704097048362,-0.3171436160096093,-0.5041796076684515,N900_RS02000,holC,0.77103405,-0.4281,3.3177,3h_SI3,3h,SI3,12h_st,12h,st,3.7458
0.7181724783668626,0.5682459019951689,0.4966080714939167,-1.113344279126077,0.3553454837774402,N900_RS02005,pepA,1.0331118333333333,-1.9676,5.7432,6h_SI7,6h,SI7,1h_st,1h,st,7.7108
5.6552063398318,2.9080951715633843,-3.0183702557156935,-0.6398452025630108,-2.2839953314852757,N900_RS02020,N900_RS02020,1.17617945,-0.30998,4.3353,3h_SI4,3h,SI4,6h_SI2,6h,SI2,4.6452800000000005
4.92417435775314,3.9403989584191077,-3.2902695468152077,-0.5056691851811027,-2.179332601934037,N900_RS02030,rpfG,1.3049666566666667,-0.52498,4.4573,1h_ce,1h,ce,6h_SI4,6h,SI4,4.98228
3.8330862808866826,2.3768614465007984,-1.8445293973111803,-1.1718622675849972,-1.262968698074549,N900_RS02070,N900_RS02070,1.0682124419999999,-0.51769,3.7781,6h_SI4,6h,SI4,1h_st,1h,st,4.29579
4.106857903334345,2.958455197091153,-3.232268970648414,-0.651065932911188,-2.205823582498459,N900_RS02075,leuD,1.0574804166666667,-0.48628,3.7999,1h_SI5,1h,SI5,6h_SI5,6h,SI5,4.28618
5.898291537011488,3.507405827338322,-2.3837998412509034,-0.9654101318699987,-1.579637528527263,N900_RS02080,leuC,0.9608779999999998,-0.39978,3.8986,1h_st,1h,st,3h_SI4,3h,SI4,4.29838
4.269312341386239,2.995826050401971,-0.4154681569755945,-0.19869493806981803,-0.7525283142865469,N900_RS02085,leuB,1.316181833333333,-0.26138,4.3857,6h_SI4,6h,SI4,3h_SI2,3h,SI2,4.64708
4.378674580062872,4.167392432211056,-2.366518061523104,-1.536330870014277,-1.7419531572195825,N900_RS02090,leuA,0.6835052833333334,-0.87103,3.4224,6h_st,6h,st,3h_SI5,3h,SI5,4.29343
6.05741079350826,4.048034345125258,-2.957526239285808,-0.8450807219679033,-1.9317867192327836,N900_RS02095,tetr_1,1.2472756166666665,-0.41115,3.5567,3h_co,3h,co,3h_SI4,3h,SI4,3.9678500000000003
6.31019624158937,2.440394543012002,-2.2124108973664915,-1.8241751762833935,-1.7190353763333082,N900_RS02100,N900_RS02100,0.3486309,-1.8689,3.7086,24h_ce,24h,ce,6h_SI2,6h,SI2,5.577500000000001
6.208108947419054,3.3256631681761513,-2.6220079632496307,-1.312107451084512,-2.043319980738407,N900_RS02105,glycosyl transferase_1,0.8305785083333335,-0.47114,3.4751,3h_co,3h,co,6h_SI4,6h,SI4,3.94624
3.807686425488564,2.4431596362297983,-2.093589098347349,-1.7757315784327392,-1.4232341814395366,N900_RS02110,leuO,0.35195379500000007,-1.7637,3.6181,6h_SI5,6h,SI5,3h_SI3,3h,SI3,5.3818
4.016236127464016,1.5722967137224468,-1.5463701949377229,-0.8249345283136915,-0.9614347947361596,N900_RS02115,long-chain fatty acid--CoA ligase,0.06106000666666668,-1.2326,4.0658,6h_SI7,6h,SI7,3h_SI3,3h,SI3,5.2984
4.628984045871684,2.6944279850234985,-1.906493456043365,-1.0555397110436022,-1.1552972881820307,N900_RS02120,ilvI,0.9385266999999998,-0.3811,4.357,3h_st,3h,st,6h_ce,6h,ce,4.7381
5.545258556868388,3.367563202073924,-1.7619126343058833,-0.13626551636983858,-1.559637785938845,N900_RS02125,ilvN,1.3486237000000003,-0.33842,4.3537,3h_ce,3h,ce,3h_st,3h,st,4.69212
5.186491056749075,3.636890431022315,-3.317609789523091,-0.8430335722922324,-2.224888518588564,N900_RS02130,serA,0.9489495466666665,-0.91198,4.2035,12h_st,12h,st,6h_ce,6h,ce,5.11548
5.99392976634806,2.2015050543216907,-0.9205865404536567,-0.17846364466960854,-0.7164426792359595,N900_RS02135,rpiA,1.6321321866666667,-0.24819,3.8587,6h_SI9,6h,SI9,12h_st,12h,st,4.10689
2.67274859724661,1.6837688049057418,-0.2750402020734872,0.7453462877396987,-0.2597853456615438,N900_RS02140,ygfA,0.8418556666666664,-2.4351,6.0494,1h_SI6,1h,SI6,3h_SI3,3h,SI3,8.4845
-0.09767635531043675,0.30756639041700956,-0.5155237048064609,-2.158796666802951,-0.49544307807247856,N900_RS02145,zapa,-0.41642767,-2.4987,2.9663,3h_SI7,3h,SI7,1h_SI1,1h,SI1,5.465
2.209339081099967,0.5634976628004831,0.928184530947228,0.49960110850359624,-0.09721413429372061,N900_RS02150,VC0395_A2053_BLAST,1.274627016666667,-0.30823,5.5703,3h_SI5,3h,SI5,3h_st,3h,st,5.87853
1.7432557644331463,3.173355426059879,-2.374680118318725,-0.15978863470610677,-1.7990494429944242,N900_RS02175,sdhE,1.0907205833333333,-1.4351,3.9183,1h_SI3,1h,SI3,6h_SI5,6h,SI5,5.3534
2.342572608489625,2.668115414116339,-2.557692840589054,-0.050450185065401755,-1.8039134172627087,N900_RS02180,cptA,1.3921235833333334,-0.46305,4.8488,12h_SI2,12h,SI2,6h_SI4,6h,SI4,5.31185
5.036758744486478,2.754706005268163,-0.9757358544299982,1.0758775220213257,-1.0315213208560094,N900_RS02185,nadB,1.772686051666667,-0.16548,4.8443,1h_SI9,1h,SI9,3h_st,3h,st,5.009779999999999
5.218735122405364,2.9359846346458713,-2.210895410577924,-0.9825966331060781,-1.81266775159444,N900_RS02190,N900_RS02190,1.3307204833333335,-0.3494,5.2305,3h_SI4,3h,SI4,3h_SI5,3h,SI5,5.5799
5.830227281288626,2.1099064014644386,-0.8849092413933388,-0.37735193469515854,-0.686681257740983,N900_RS02200,rsea,0.25826033333333337,-1.646,2.4491,12h_SI7,12h,SI7,12h_st,12h,st,4.0951
5.8649278003017296,2.1257031394072663,-0.8253158761987212,-0.09860655769270558,-0.6433323926080313,N900_RS02205,rseB,0.7814803000000001,-1.1255,2.9882,6h_SI9,6h,SI9,12h_st,12h,st,4.1137
3.542572767222265,2.2825594800425844,-1.1915673780482023,-3.20647169704714,-1.007596151524615,N900_RS02215,lepA,-0.7016565666666666,-2.1226,2.7272,24h_SI5,24h,SI5,3h_SI3,3h,SI3,4.8498
5.271034557872989,1.9391713372896946,-0.50015435332807,0.017974010197138308,-0.39290993663760854,N900_RS02225,ribonuclease III,1.9891788333333333,0.07711,4.0351,12h_ce,12h,ce,12h_st,12h,st,3.95799
4.755615586739762,3.245744342207691,-2.63805305779507,0.05792554432578176,-1.9339991228147475,N900_RS02235,recO,1.6166835666666666,-0.43436,6.617,1h_SI9,1h,SI9,6h_SI2,6h,SI2,7.05136
1.5439339574345219,0.7140992740754742,0.4164788476111759,-1.1111181044271892,0.38008906504454215,N900_RS02250,N900_RS02250,0.2341213283333333,-2.4447,5.4044,6h_SI5,6h,SI5,1h_st,1h,st,7.8491
5.305675428053071,3.7966823692097815,-2.7295994051970593,-1.640966858891463,-1.7379197457920221,N900_RS02255,N900_RS02255,1.131987,-0.38603,4.1742,3h_st,3h,st,3h_SI1,3h,SI1,4.56023
6.004010825654367,3.305612978190884,-2.7129974670165526,-0.0469957521964622,-1.568096930330011,N900_RS02260,sensor domain-containing diguanylate cyclase_2,1.398483366666667,-0.031391,3.5355,3h_st,3h,st,12h_st,12h,st,3.566891
0.2413898080906109,1.5179643511856136,-0.5199619270849184,-2.9008865544756213,-0.468155513868652,N900_RS02265,barA,-1.6381796666666668,-3.6656,1.4876,3h_SI9,3h,SI9,1h_co,1h,co,5.1532
5.451089098566706,3.303084284687644,-3.001457128149262,-1.9536877976242557,-1.7566333683165167,N900_RS02270,rlmD,0.8649632833333334,-0.59228,3.1999,3h_SI3,3h,SI3,3h_SI1,3h,SI1,3.79218
5.430446620774474,3.8974218686097646,-3.467149850390541,-0.8997792604215384,-2.384982103238884,N900_RS02275,relA,0.20880867868333333,-1.0902,3.3689,1h_SI5,1h,SI5,3h_SI1,3h,SI1,4.4591
5.2100697089805745,3.5225664494369955,-1.7989687239487517,-1.8291847171612774,-1.733274978726392,N900_RS02280,mazG,0.8177808166666666,-0.35385,3.8103,24h_SI2,24h,SI2,3h_st,3h,st,4.164149999999999
4.487857668096331,2.2825705299206955,-1.93283021468263,-1.7067247505073646,-1.9210869196475238,N900_RS02295,cca,0.0769111333333333,-1.2119,2.8472,12h_st,12h,st,3h_SI3,3h,SI3,4.0591
4.434287768028352,3.9762303058363213,-2.676685417034012,-2.0930702431658714,-2.0138216726903413,N900_RS02300,exeA,0.8416620833333333,-0.74753,3.8342,6h_SI2,6h,SI2,3h_SI1,3h,SI1,4.58173
2.1083729566524543,2.7740094023418345,-2.4170104085795048,-0.7912302112147389,-1.7030730237480411,N900_RS02305,gspb,0.6907512066666666,-1.2772,3.5956,6h_SI3,6h,SI3,6h_SI4,6h,SI4,4.8728
2.8971151625954508,2.2237075707218765,-2.147598542208217,-1.387750769706953,-1.1101902551024205,N900_RS02310,N900_RS02310,0.4263480783333333,-1.1426,3.1334,12h_st,12h,st,6h_st,6h,st,4.276
5.087912757116408,2.0436777528739842,-2.5677138499867356,1.4067983640648325,-1.7089232536285839,N900_RS02315,inorganic phosphate transporter,2.051332566666667,-0.12066,5.3316,3h_co,3h,co,12h_SI2,12h,SI2,5.45226
3.9791063845889174,0.829722056904213,-0.8503732589927319,-1.7511769649571056,-0.3542170318929696,N900_RS02320,HI_1603_BLAST,0.2724794666666666,-2.5576,4.0097,6h_SI6,6h,SI6,1h_SI1,1h,SI1,6.5672999999999995
3.692835686624829,3.452728163941308,-2.7776976880550777,-1.4221385619402127,-2.152454044702223,N900_RS02325,ygiF,1.1231903333333335,-0.8944,5.5681,6h_SI2,6h,SI2,6h_ce,6h,ce,6.4625
5.443191771728081,4.027144880580243,-2.5003153240077602,-1.9215028777089511,-2.1394413599461704,N900_RS02330,methyl-accepting chemotaxis protein_15,1.1127130500000002,-0.20544,4.3661,6h_st,6h,st,3h_SI3,3h,SI3,4.571540000000001
5.163427403107834,3.269042225952652,-1.7597846813858151,0.9191908932258449,-1.5483298913626682,N900_RS02335,glnE,1.601526966666667,-0.82103,5.0347,1h_co,1h,co,3h_st,3h,st,5.85573
5.932043098037722,2.2112710505829183,-0.8535487841051166,-0.08571957712276806,-0.6813250731008988,N900_RS02340,hldE,-0.5224835666666666,-2.4988,1.6145,6h_SI9,6h,SI9,12h_st,12h,st,4.113300000000001
4.42939074537999,2.7614570903192255,-2.0836889694572927,-0.16414304577083222,-1.5077154281785137,N900_RS02345,tolC,-1.2986958333333334,-3.2375,2.2155,1h_SI7,1h,SI7,3h_SI6,3h,SI6,5.452999999999999
5.411620817814386,3.7823496402326744,-2.3803878849064364,-2.273345268728013,-2.0462517292669014,N900_RS02350,nudF_1,0.7551720666666667,-0.59363,3.3222,24h_SI4,24h,SI4,6h_ce,6h,ce,3.91583
2.866277933580839,2.910319132570845,-1.7983390138449373,-2.656912358988436,-1.179448684335666,N900_RS02355,N900_RS02355,0.1225420216666667,-1.3757,3.0942,3h_SI8,3h,SI8,3h_SI5,3h,SI5,4.4699
4.010253842308763,1.0341562747852728,-1.5268837048408002,-1.8691248691696936,-0.9045272594085744,N900_RS02360,cpdA,0.29294455166666666,-3.196,4.8381,12h_SI8,12h,SI8,1h_st,1h,st,8.0341
3.3471740822816587,1.3729283181050393,-1.9451641803933832,-1.312538840677629,-1.3046367328880581,N900_RS02365,yqiA,0.3039439833333333,-1.2477,4.1867,12h_SI2,12h,SI2,6h_SI2,6h,SI2,5.4344
4.805354735023902,2.8606895715068705,-3.1820918630103487,0.01681084085626024,-2.2040404797667676,N900_RS02380,yacG,0.8543945333333334,-0.79763,3.5883,1h_co,1h,co,12h_SI2,12h,SI2,4.38593
3.8134556556042525,2.4387008283144938,-2.854889963505685,-1.7881497050016069,-2.0428265592047907,N900_RS02385,zapD,0.17415367333333334,-1.664,3.9214,6h_SI1,6h,SI1,12h_SI2,12h,SI2,5.5854
5.8583165245668365,2.2944639863249683,-0.8666032398755583,-0.11573504583832576,-0.6721571278175653,N900_RS02395,pilD,1.9617752166666669,0.019692,4.1337,6h_SI9,6h,SI9,12h_st,12h,st,4.114008
6.096188998812987,3.9961732400720695,-2.6218646306470372,0.5628742665177191,-2.327892370830132,N900_RS02400,pilC,1.3631559500000001,-0.93785,4.2392,1h_SI9,1h,SI9,3h_SI1,3h,SI1,5.17705
1.152489392454266,1.8668261046073538,-1.5600156045387266,-2.588409675839924,-1.1356325156697706,N900_RS02405,pilB,-0.24595668333333334,-2.153,3.6697,6h_SI1,6h,SI1,1h_SI1,1h,SI1,5.8227
4.924966475615868,3.2889980880198526,-1.496280618437319,-0.9543883537016628,-1.4793624702514052,N900_RS02410,pilA,1.8188041999999998,0.031062,5.9095,12h_st,12h,st,3h_st,3h,st,5.878438
4.254197924459244,4.05285743734939,-3.1849781880836106,-0.7730964520077245,-2.313524532063124,N900_RS02415,nadC_1,1.2608448333333335,-0.45798,4.9102,3h_SI1,3h,SI1,6h_ce,6h,ce,5.36818
0.5054906903068639,1.0239585595338592,0.7565291842793403,-2.1645966853925627,0.5270734737778148,N900_RS02420,ampD,-0.5324037999999999,-3.038,4.5367,6h_SI5,6h,SI5,3h_SI3,3h,SI3,7.5747
3.901404433435453,1.6260776159578743,-0.4668784699435616,-0.7045997864540466,-0.17673404009797017,N900_RS02425,fldB,1.0042336033333334,-0.31231,5.6924,1h_SI6,1h,SI6,6h_st,6h,st,6.00471
4.2343983396000615,1.6306583825411913,-0.7071443502087821,-1.4235210390817694,-0.8592100865000454,N900_RS02430,xerd,-0.6076984966666666,-3.3481,3.3419,6h_co,6h,co,3h_st,3h,st,6.6899999999999995
4.421029264536206,3.1027964832849717,-2.6595300783282,-3.4787317567360603,-1.8117373970852177,N900_RS02435,dsbC,-0.19421205166666666,-1.9863,3.1401,12h_SI5,12h,SI5,1h_ce,1h,ce,5.1264
3.448455329555935,1.994496182056819,-2.183302888657175,-0.7464239728241545,-1.1959730279436476,N900_RS02440,recJ,0.5059580100000001,-1.0095,3.1874,3h_st,3h,st,6h_SI3,6h,SI3,4.196899999999999
4.76349474671429,2.5983907940921886,-2.061014479767246,-0.6793865839137915,-1.4890718567307295,N900_RS02445,yfkN,0.6687993166666666,-0.86138,3.6533,6h_SI4,6h,SI4,12h_SI1,12h,SI1,4.51468
1.9786655459324858,1.5050213762456521,-1.0718270404642094,-1.3944399735019364,-0.7450410842582617,N900_RS02450,pdhR,0.4178017833333333,-1.0841,3.8038,6h_SI1,6h,SI1,3h_SI2,3h,SI2,4.8879
5.250125193175567,1.1246966572927597,-0.6036288896630327,-1.3150787941442033,-0.43102779969553257,N900_RS02455,aceE,-0.24065086666666666,-2.4529,1.6094,6h_SI9,6h,SI9,6h_st,6h,st,4.0623000000000005
5.814132752829997,2.2085729185393883,-1.2335529527360476,-0.9619383396203363,-0.8933083264880082,N900_RS02460,aceF,0.6435309666666666,-1.6153,5.8766,6h_SI9,6h,SI9,6h_SI3,6h,SI3,7.491899999999999
1.0896176641448885,1.8492558701690678,-0.4089468192364941,0.5915486418019674,-0.3565135418695225,N900_RS02470,rsmH,0.054217745000000005,-1.8431,3.9442,6h_SI5,6h,SI5,6h_SI4,6h,SI4,5.7873
4.494909424309333,2.677680586641253,-2.928173997683211,-0.9880621800164406,-1.6687209059371864,N900_RS02555,mutT,0.6222407166666666,-0.90613,2.7548,3h_SI3,3h,SI3,3h_SI4,3h,SI4,3.66093
3.170606618287258,0.6338043131784787,0.5049782561580963,-1.7256343191353651,-0.013585394857628004,N900_RS02570,carA,0.2942158166666667,-3.4883,5.916,6h_SI6,6h,SI6,3h_st,3h,st,9.404300000000001
4.08795583071506,1.3327297925517263,0.37050955635276267,-1.992818783296537,-0.049731659283670716,N900_RS02575,carB,0.14906505000000003,-2.9689,4.971,12h_SI8,12h,SI8,3h_SI2,3h,SI2,7.9399
5.193330033879583,2.8940178548099773,-2.673792312755154,-2.349778597134542,-1.615473241680691,N900_RS02580,nlpE_2,0.3687141833333334,-0.93155,2.7269,6h_ce,6h,ce,3h_SI2,3h,SI2,3.65845
-0.6317735159624596,-0.3442139429387514,1.2213547916051608,-0.052789232707347485,0.8892915075672513,N900_RS02595,Ga0059260_01848_BLAST,0.5530192166666665,-1.4449,6.7286,6h_SI5,6h,SI5,1h_st,1h,st,8.1735
3.234611431374745,1.1125631282219755,-0.5480124436303444,1.2620885009235683,-0.3047328946772034,N900_RS02600,RNA-directed DNA polymerase,1.8726369833333332,0.03912,6.6556,1h_SI6,1h,SI6,6h_SI1,6h,SI1,6.61648
4.949821374249485,3.8029469815990216,-2.5540025361516787,-1.1216122633489616,-1.9342890579428749,N900_RS02605,yfcA_1,1.4045607000000002,-0.1282,6.1528,6h_st,6h,st,3h_SI1,3h,SI1,6.281
5.9870992377378665,3.902871804241794,-3.593998419893403,0.480949106172512,-2.4696603153544285,N900_RS02610,hdfR_1,1.1057664833333332,-0.48644,4.978,1h_co,1h,co,6h_SI2,6h,SI2,5.46444
2.8859486825379186,2.408126998124715,-2.100584821725976,-1.8677310325127112,-1.6332616501069246,N900_RS02615,yadS,0.10923797666666667,-1.8762,2.5,6h_SI2,6h,SI2,6h_SI3,6h,SI3,4.3762
0.7707587869109295,1.0105552501508768,0.3376772780024802,-1.4880603897846916,0.1791685292818627,N900_RS02620,btuF,-0.15022628166666666,-1.6914,3.462,6h_SI8,6h,SI8,3h_SI3,3h,SI3,5.1534
5.959867338333845,3.8111477175045403,-2.4921531794710554,-1.1054983866635095,-1.837193928513528,N900_RS02625,cbiB,1.1721026666666667,-0.2428,3.8502,1h_st,1h,st,6h_SI2,6h,SI2,4.093
5.430660223473106,2.2911576875357174,-1.0091301753044362,-0.8269528682743448,-0.7380577172535492,N900_RS02630,mtnN,1.8146683366666667,-0.33269,6.2074,12h_SI7,12h,SI7,1h_SI2,1h,SI2,6.54009
1.0360750517256578,1.8379169902023185,-1.6671947536961524,0.12059727894173329,-1.082502563425664,N900_RS02635,N900_RS02635,0.8372748166666667,-0.9009,3.7004,6h_ce,6h,ce,3h_SI5,3h,SI5,4.6013
4.620720466399463,3.923448432008251,-2.9654903754989745,-0.24709410989336453,-2.1159399506022214,N900_RS02640,gltD_1,1.1935399499999997,-0.42694,4.0464,1h_SI8,1h,SI8,6h_SI1,6h,SI1,4.47334
4.399940993213328,4.135586587319178,-3.004143081383521,-1.4918134242167786,-2.2849701593649114,N900_RS02645,gltB_2,1.1388506166666665,-0.36769,4.4592,12h_st,12h,st,12h_SI1,12h,SI1,4.82689
3.531869144384726,2.3739858603132657,-2.8209844201189824,-2.1127668361493925,-1.6651099175336685,N900_RS02650,gltD_2,0.3151318083333334,-1.0825,3.8577,3h_SI1,3h,SI1,6h_ce,6h,ce,4.9402
5.243859488241691,4.690541830302208,-3.7258130353198875,-1.469744913035946,-2.667380270654805,N900_RS02655,gltB_1,0.940928,-0.34789,3.2615,6h_st,6h,st,1h_SI1,1h,SI1,3.60939
4.671941416836489,3.0160723655984634,-2.614982949129697,-2.036352684130325,-1.5517751762568712,N900_RS02660,yhcC_BLAST,0.3118726166666667,-1.158,4.0047,12h_st,12h,st,6h_st,6h,st,5.162699999999999
3.3938771862233645,3.919794146688868,-1.4772205139326466,-1.0587660989880485,-1.2060224286303407,N900_RS02665,diguanylate cyclase,0.9164146166666666,-1.1655,4.0246,6h_SI8,6h,SI8,1h_SI1,1h,SI1,5.1901
4.265418380873072,3.274112881803028,-1.909930527518245,-1.2700344185962644,-1.4629948746732988,N900_RS02670,arcB,-0.5207080066666667,-1.9832,1.6841,12h_co,12h,co,1h_SI1,1h,SI1,3.6673
5.091948552574282,1.7308279849509198,-0.502377443060134,0.07361827747283789,-0.40918411089845996,N900_RS02675,arcA_2,0.19630907333333333,-1.9573,2.1482,6h_SI9,6h,SI9,12h_st,12h,st,4.1055
6.007774207308069,3.5987685966779863,-2.6998389247442565,-0.4150198469638311,-2.0212353376327274,N900_RS02680,N900_RS02680,1.7608081333333336,-0.1482,4.8314,3h_co,3h,co,6h_st,6h,st,4.9796000000000005
5.2654312735728945,3.7878889175765615,-2.221331400049815,-1.4260745488097077,-2.144109412239695,N900_RS02685,putative 4-hydroxy-4-methyl-2-oxoglutarate aldolase,1.1068469166666666,-0.39907,3.732,6h_st,6h,st,3h_st,3h,st,4.13107
6.138600527079043,3.4893497334021557,-2.2368260405854485,-0.8067135764894416,-1.9017371075356764,N900_RS02690,N900_RS02690,1.5592867000000001,-0.058638,3.7907,1h_SI8,1h,SI8,3h_st,3h,st,3.8493380000000004
6.404897473787871,3.487310372577662,-2.4005168522739253,-0.6302680130132706,-1.8721822163202224,N900_RS02695,thrA,1.3559940116666667,-0.31452,4.1366,1h_st,1h,st,3h_SI1,3h,SI1,4.4511199999999995
1.0105270162910438,1.117644002735651,-0.7198967823474445,-0.9414493299258925,-0.44027031533219524,N900_RS02700,thrB,0.06258196666666668,-1.6356,2.7957,6h_SI3,6h,SI3,3h_SI4,3h,SI4,4.4313
1.3789203559295162,0.5893157942498355,0.930303464594546,-1.505578072231538,-0.024241537517455447,N900_RS02705,thrC,0.4134463033333333,-1.1138,6.2625,6h_co,6h,co,3h_st,3h,st,7.3763000000000005
6.047232435867998,4.097941891068044,-3.2699705572445383,-1.6505214613176755,-2.165913981614881,N900_RS02715,nfo,0.823547525,-0.70113,3.5072,1h_st,1h,st,6h_SI2,6h,SI2,4.20833
5.984130207697312,4.012592056318867,-3.0496533061802142,0.5164199036707415,-2.107230005262994,N900_RS02720,ung,1.6408059,-0.52774,4.5896,1h_SI7,1h,SI7,3h_SI4,3h,SI4,5.1173399999999996
5.982412318702075,3.8020552817097397,-3.3616169242701353,0.36145346712334175,-2.4837032895327136,N900_RS02725,N900_RS02725,1.4755817000000002,-0.43182,7.1545,1h_SI5,1h,SI5,3h_SI1,3h,SI1,7.58632
2.8260547714418354,0.5478222172809067,-1.6911524678632979,0.028777246340288953,-1.0130388839216815,N900_RS02730,N900_RS02730,0.6286541333333332,-0.84203,4.2089,24h_st,24h,st,6h_SI1,6h,SI1,5.05093
3.943575143819558,1.26442225066309,-0.5703699447140439,-1.5365009558346459,-0.38255707578303855,N900_RS02735,alsT_1,0.5586021333333334,-1.888,3.9361,12h_SI8,12h,SI8,1h_st,1h,st,5.8241
4.759037065748655,2.8081869801998316,-2.246094917801141,-2.3485915963194275,-1.5586996696942113,N900_RS02740,yaaA,0.4730250166666667,-1.0024,3.9122,6h_SI4,6h,SI4,1h_SI1,1h,SI1,4.9146
4.164016928131161,3.9890975356048273,-2.156491045742781,-1.2598577215791,-1.6520857507403879,N900_RS02745,TatD family deoxyribonuclease,0.8458097833333333,-0.49396,3.6932,6h_st,6h,st,3h_SI3,3h,SI3,4.18716
3.8716418328308584,4.132758260427891,-3.1908419852859335,-1.3080380024944782,-2.2818025441448384,N900_RS02750,nupc,0.6908106116666667,-0.73099,3.1445,3h_co,3h,co,3h_SI5,3h,SI5,3.87549
1.8374026517983626,0.8120648446981689,-1.2400048765445697,0.8318922600005287,-0.9243562636118025,N900_RS02755,N900_RS02755,0.9256157500000001,-0.97954,6.0336,6h_SI8,6h,SI8,6h_SI4,6h,SI4,7.01314
1.461638600624304,1.7844075559498611,-0.11309822694837582,1.235128746517407,-0.17040294384690063,N900_RS02760,deoC,0.89201887,-0.67508,4.2044,1h_SI8,1h,SI8,3h_SI3,3h,SI3,4.87948
2.5219020480039,1.9589490791660493,-0.2905823399761852,-0.06184289264128928,-0.7633324604864987,N900_RS02765,deoA,1.6459232499999996,-0.26083,5.9522,6h_SI1,6h,SI1,3h_st,3h,st,6.213030000000001
0.29535701126343367,1.5190452467417255,-0.35060958381739676,-1.4151611217325355,-0.2040374912076212,N900_RS02770,deoB,0.3531827133333334,-1.3174,3.3184,6h_SI3,6h,SI3,3h_SI6,3h,SI6,4.6358
4.6210340723392305,4.059553347665047,-3.7067172912935438,-0.862076160273401,-2.633792376770082,N900_RS02775,deoD_1,0.9162402883333332,-0.57302,3.3385,3h_SI3,3h,SI3,1h_SI1,1h,SI1,3.91152
6.052043016594155,4.203093131649403,-3.739125961850064,-2.685642031292661,-2.6715729316146954,N900_RS02780,SMP protein,-0.08477561666666669,-1.5022,2.9988,6h_SI9,6h,SI9,6h_SI4,6h,SI4,4.501
4.544903482370802,2.559336032469608,-2.7901634780870466,-1.7648930444719666,-1.9138603230824114,N900_RS02785,phosphoserine phosphatase,0.4051759,-1.0188,3.6471,6h_co,6h,co,12h_SI2,12h,SI2,4.6659
1.1274250375096413,1.197860522801124,-1.1035634400861347,-3.2135275774636436,-0.6689756812404527,N900_RS02790,pilz_1,-0.29004536166666667,-2.0458,3.2356,12h_SI3,12h,SI3,3h_SI1,3h,SI1,5.2814
4.1860403414645155,2.968679905612133,-2.353146923019242,-0.6353541816564864,-1.4336047810518355,N900_RS02795,radA,1.1993223766666667,-0.6791,3.9582,12h_SI1,12h,SI1,6h_SI2,6h,SI2,4.6373
3.1975722963287314,2.7440015929979094,-2.2632573943253926,-2.1111144565564066,-1.4877351006400235,N900_RS02805,AMP-binding protein,1.1388618,-0.60642,5.6882,12h_SI1,12h,SI1,3h_SI1,3h,SI1,6.29462
4.006350454839312,1.8053781541410718,-3.5575639629538296,0.5147387634905887,-2.41386054384865,N900_RS02810,N900_RS02810,1.37869715,-0.025482,5.2553,1h_SI6,1h,SI6,6h_SI4,6h,SI4,5.280782
5.66307025196484,3.6133039706307915,-2.4872836057057195,-2.1454690261843923,-1.6326063556136055,N900_RS02815,chrA,0.6252994216666666,-0.44421,3.1433,24h_SI8,24h,SI8,6h_SI2,6h,SI2,3.58751
4.428796415003506,3.254259781129538,-1.9726655029389772,-0.7340738399592207,-1.8179972356426273,N900_RS02820,lacZ,1.251741088333333,-0.51654,4.2433,3h_SI2,3h,SI2,3h_SI1,3h,SI1,4.75984
3.8754387198270015,1.512549875506982,-2.3338089947854055,1.2271978149421703,-1.646848536809512,N900_RS02825,galR,1.2336510483333334,-1.1315,4.6091,1h_SI1,1h,SI1,3h_SI2,3h,SI2,5.7406
4.680345828091806,2.3391562182398955,-1.9395140566606217,-0.2521071776097192,-1.605197553599742,N900_RS02830,ygjH,1.618199233333333,-0.16826,5.5369,3h_SI5,3h,SI5,12h_SI2,12h,SI2,5.70516
4.209525363958452,3.4671722639297484,-3.0086870639009384,-1.7477604371476314,-2.0228350181343635,N900_RS02835,gamma-glutamylcyclotransferase,0.32831935000000007,-0.92455,2.8668,6h_ce,6h,ce,3h_SI2,3h,SI2,3.79135
3.6988482319595444,1.334706136906415,-0.06486827616724641,-1.3470575714148072,-0.21717767353284717,N900_RS02840,ZntB,0.4454597178333333,-1.2592,4.7811,6h_co,6h,co,6h_st,6h,st,6.0403
5.620538308384817,3.8549446476949543,-1.962163422112623,-0.5367586750824002,-1.7538365069362967,N900_RS02845,RimK family alpha-L-glutamate ligase,1.4170708166666666,-0.19774,4.2161,3h_co,3h,co,3h_SI4,3h,SI4,4.4138399999999995
0.05999694656820448,1.1349043230807532,-0.3498106191888245,-0.207870682989586,-0.10243448981861844,N900_RS02850,ypeA_2,0.17090523333333335,-1.6028,3.8246,1h_SI1,1h,SI1,6h_ce,6h,ce,5.4274000000000004
4.750503031554077,2.120353034153758,-0.6640761333398011,-1.9823878524976537,-0.5607665113890449,N900_RS02855,short-chain dehydrogenase,0.6105899499999999,-0.53732,3.6673,6h_co,6h,co,6h_st,6h,st,4.20462
3.317531257023028,2.414497490744945,-1.7540274741512618,-0.5311129120396847,-1.1841391099024177,N900_RS02865,2-hydroxyacid dehydrogenase,1.2305892166666665,-0.36088,4.7294,24h_st,24h,st,3h_SI1,3h,SI1,5.09028
3.5055308871158894,2.374871662739827,-2.5477031301278155,-1.566751776694934,-1.7596241122063052,N900_RS02870,cysL_1,0.5111499833333333,-0.85326,4.5183,12h_SI2,12h,SI2,6h_SI3,6h,SI3,5.37156
2.4507810621221036,1.5806639266838658,-0.868370491878883,-0.8322430565711141,-0.3824075358505217,N900_RS02875,C4-dicarboxylate ABC transporter,0.9010618459999998,-1.3833,5.3117,24h_st,24h,st,6h_st,6h,st,6.695
5.801120051313972,2.066425595620339,-0.8929309951930846,-0.382497104629278,-0.66140336438278,N900_RS02880,recC,0.71830115,-1.2585,3.2783,12h_ce,12h,ce,6h_SI1,6h,SI1,4.5368
5.310196792238615,2.130161978114494,-0.5551595986907648,-0.38040673012566284,-0.42814721663873256,N900_RS02885,recB,0.9415452116666665,-1.1394,3.5793,6h_SI9,6h,SI9,1h_st,1h,st,4.7187
4.337296044731102,2.556388128327983,-1.734700730724768,-1.1945030438136188,-1.702698019317426,N900_RS02890,recD,0.6011931999999999,-1.8056,4.129,3h_co,3h,co,3h_SI1,3h,SI1,5.9346
-0.6818407651609295,-0.6917885972171803,0.919048050339983,1.5306806660342054,0.7036061214454071,N900_RS02895,N900_RS02895,0.5324415666666666,-2.4119,2.9091,6h_SI6,6h,SI6,1h_co,1h,co,5.321
4.368771140795143,4.001923318220933,-1.8508527560037136,-1.2751683569286838,-1.8963151123221273,N900_RS02905,argA,0.8955382333333335,-0.68056,4.186,6h_st,6h,st,3h_st,3h,st,4.86656
3.069647965212984,1.1847261729577396,-0.9927902180378585,-1.2600780600253394,-1.0801706564403142,N900_RS02910,N900_RS02910,0.40408453333333333,-1.6601,3.3947,3h_SI6,3h,SI6,1h_SI1,1h,SI1,5.0548
4.69065519032379,3.27752806313885,-3.257909567275203,-1.0748961640918466,-2.3067452070179,N900_RS02915,mltA,0.97652185,-0.51174,3.5825,6h_st,6h,st,6h_ce,6h,ce,4.09424
2.8706355448843404,1.2878049714816122,-1.2553871293066219,-1.1613946002088966,-0.7099177781204645,N900_RS02920,tcdA,0.5016236333333334,-1.0621,4.1174,6h_SI4,6h,SI4,12h_st,12h,st,5.1795
4.091776413685836,2.996892403083598,-1.4219716816883814,-1.8916162045654967,-1.5579505741614394,N900_RS02925,csdE,0.808715907,-1.2962,4.5695,12h_st,12h,st,3h_st,3h,st,5.8656999999999995
4.163641187882025,2.8281877688495545,-2.2399570451049424,-2.4813956082791795,-1.6742988229447604,N900_RS02930,csdA,0.3501479966666667,-1.2998,4.6318,24h_SI1,24h,SI1,3h_SI2,3h,SI2,5.9316
4.6932066849148795,4.5465185560736305,-2.709638173876661,-1.950343304754398,-2.013249266359797,N900_RS02935,4-methyl-5(B-hydroxyethyl)-thiazole monophosphate biosynthesis enzyme,1.0250198833333333,-0.59836,3.6007,6h_st,6h,st,3h_SI2,3h,SI2,4.199059999999999
5.1232428680631985,1.7321813504631447,-0.6141269877946548,-0.9162400938140149,-0.5282154601081721,N900_RS02940,panE,-1.7247886166666666,-4.1245,0.10697,6h_SI9,6h,SI9,3h_st,3h,st,4.23147
5.866458220239165,2.2022579694337368,-1.5178060105021474,-1.2870139846929896,-1.3073496312382025,N900_RS02945,ompK,0.7524406366666667,-0.52131,4.3981,1h_SI3,1h,SI3,3h_st,3h,st,4.91941
4.819744092325288,3.852942254114483,-2.328948376474022,-1.2179913686058605,-1.761871427222511,N900_RS02950,ATP-dependent protease,0.8988467666666666,-0.5411,4.8689,1h_SI9,1h,SI9,3h_SI2,3h,SI2,5.41
3.2175971630993443,1.176533920900893,-1.0547429250823228,-0.22767731589983672,-0.46701985211361574,N900_RS02955,rpoE_2,0.7581910833333333,-0.94307,5.0489,12h_SI2,12h,SI2,6h_st,6h,st,5.991969999999999
4.072239498159931,3.5400517536260026,-3.197332029373802,0.5594662399817842,-2.2980687687601358,N900_RS02960,chrR,1.3518178166666666,-1.1114,3.8398,3h_ce,3h,ce,6h_SI1,6h,SI1,4.9512
4.878648112380128,3.386351698426306,-3.9204686146157934,-1.2831349007100634,-2.570245245947374,N900_RS02965,ampG,0.85857015,-0.56457,3.1332,3h_SI3,3h,SI3,6h_SI3,6h,SI3,3.6977700000000002
3.1154021400393552,1.8929525318213873,-0.9234481312039821,-0.6532875566665192,-0.5680793169618034,N900_RS02970,peptidyl-prolyl cis-trans isomerase,1.1224447666666666,-0.29982,5.7685,1h_co,1h,co,6h_st,6h,st,6.06832
6.48914122988549,3.5777887989745927,-2.8694206018445643,-0.5821880201874675,-2.450712446052084,N900_RS02975,"lipoprotein, putative",1.38081945,-0.25722,4.7706,1h_SI8,1h,SI8,3h_SI1,3h,SI1,5.02782
4.667717383287072,3.783345867429961,-2.7695599408816487,-1.362143994162633,-1.9992291554986148,N900_RS02980,rlmG,1.3515866666666667,-0.18407,4.6271,3h_SI1,3h,SI1,12h_SI1,12h,SI1,4.811170000000001
1.2722489976624982,2.6574097849596887,-1.1780619185949366,-2.0480070295060937,-0.9407540523769261,N900_RS02985,bola,0.19460240000000004,-1.7166,5.0121,6h_SI3,6h,SI3,1h_SI1,1h,SI1,6.7287
5.570704809824508,1.7011444207752138,-0.7697615373125286,-1.0133800919458986,-0.5842499558698121,N900_RS02990,Na(+)-translocating NADH-quinone reductase subunit A,0.8913359333333334,-1.0847,2.8734,12h_ce,12h,ce,12h_st,12h,st,3.9581
3.1364082122278574,0.6351091336701128,-0.2508665053002623,-1.452909907712206,-0.22333940487811865,N900_RS02995,nqrB,0.23807983333333327,-2.3117,1.5649,12h_ce,12h,ce,6h_SI7,6h,SI7,3.8766
4.37883689540085,1.818678578218854,-1.014658735847633,-1.5511199666222704,-0.7920623180386993,N900_RS03000,nqrC,0.7903676999999999,-1.6187,2.6773,12h_co,12h,co,6h_SI5,6h,SI5,4.295999999999999
4.307305120750362,0.9894368741541208,-0.6630505180767875,-1.2453572885336464,-0.5160878696840802,N900_RS03005,nqrD,0.3834622,-2.2262,2.2761,6h_SI9,6h,SI9,6h_SI8,6h,SI8,4.5023
4.335014444709483,1.7683168252578505,-0.6719738533742461,-1.3629323012693175,-0.4756124483863409,N900_RS03010,nqrE,1.0912582016666663,-1.4755,5.2286,6h_SI9,6h,SI9,3h_SI5,3h,SI5,6.7041
4.090144646093376,1.4499216560929542,-0.9373784301408618,-2.1967590248252336,-0.6729391776856618,N900_RS03015,nqrF,0.8921160833333334,-1.8258,2.6262,12h_SI9,12h,SI9,6h_SI3,6h,SI3,4.452
5.856289703078916,2.1096075242809413,-0.8192240336681833,-0.11425033429488275,-0.641472560880738,N900_RS03020,apbE,1.8395017333333334,-0.062167,4.0449,6h_SI9,6h,SI9,12h_st,12h,st,4.107067
4.041404331865804,2.943256551595486,-1.55153981583849,-1.333647412067574,-1.1511417304232674,N900_RS03025,nqrM_1,-0.18323418333333333,-1.76,3.4997,6h_co,6h,co,12h_SI2,12h,SI2,5.2597
5.5095682804718775,2.628393087913664,-2.776474593609454,-1.388833848576859,-1.8577188246347383,N900_RS03030,dinB,0.36852725,-1.9891,3.2172,6h_SI6,6h,SI6,6h_SI1,6h,SI1,5.206300000000001
4.769972244149191,3.228064357430625,-1.0554672087791686,-0.41376364136703225,-0.9048039205653685,N900_RS03035,N900_RS03035,1.8946756666666669,0.10631,4.7565,1h_SI9,1h,SI9,3h_SI4,3h,SI4,4.65019
6.094600524829252,4.047883799914987,-4.105800201979098,-2.0170715364664225,-2.738835810204359,N900_RS03055,diguanylate cyclase_4,0.7464228249999999,-0.75771,3.7322,3h_st,3h,st,6h_SI4,6h,SI4,4.48991
5.962144683589417,3.958873921702633,-2.76101857024164,-1.2121273924044547,-1.9415192486092314,N900_RS03060,sodium-dependent transporter_2,0.9819248900000002,-0.24917,3.6451,3h_co,3h,co,3h_SI3,3h,SI3,3.8942699999999997
3.0335549540194053,1.0979150552822072,-1.3792408098837041,-0.6528529841396024,-0.9015362456605202,N900_RS03065,deacylase,0.022602474999999997,0.003447,0.37188,6h_SI4,6h,SI4,12h_SI1,12h,SI1,0.368433
3.1880498649639963,2.840077160130283,-1.9449462190710434,-1.8317030069519165,-1.3297364703772334,N900_RS03070,rimK,0.6541712866666667,-0.9289,3.8758,6h_SI2,6h,SI2,1h_co,1h,co,4.8046999999999995
5.257244528147376,3.1200945821483876,-1.478649804498614,-1.2493622806373477,-1.252112239736712,N900_RS03075,ATP-dependent zinc protease_1,1.0425344,-0.28888,4.1771,1h_st,1h,st,3h_SI2,3h,SI2,4.46598
2.6047056631373073,3.24266832308198,-1.3758811418771255,-0.8787049162468002,-1.3167129690394253,N900_RS03080,pepD,1.1336517333333334,-0.34137,4.4745,3h_SI1,3h,SI1,3h_SI4,3h,SI4,4.81587
6.13698371119169,3.1521988414482065,-2.2493885980010604,-0.3654857625742242,-1.8669516891157976,N900_RS03085,adeP,1.40251715,-0.093265,4.0942,1h_SI7,1h,SI7,3h_st,3h,st,4.1874649999999995
4.743296195608075,2.296088356329799,-1.4459697309810076,-1.24954153756307,-0.9162029252561015,N900_RS03090,gpt,1.6000353333333335,-0.20499,6.5751,1h_SI6,1h,SI6,3h_SI1,3h,SI1,6.7800899999999995
3.5328111912448685,1.3563392239950687,-0.9790638272591452,0.2679652713276071,-0.47475385513963664,N900_RS03095,frsA,0.8088615188333333,-2.1608,5.6376,1h_SI5,1h,SI5,1h_st,1h,st,7.7984
2.3975576107575227,0.02335244255990606,-0.33703413861734055,-0.9944066825903641,0.04537270669465531,N900_RS03100,crl,0.24437211666666664,-1.4711,3.3645,3h_SI6,3h,SI6,6h_st,6h,st,4.8356
4.658544215924804,3.588946917528818,-2.8370927132870274,-0.3100938248851444,-2.092233106181238,N900_RS03105,proB,1.3488796666666663,-0.0167,4.5122,12h_SI2,12h,SI2,6h_SI3,6h,SI3,4.5289
5.802421295797328,3.0741646875401343,-2.590719543481925,0.43633078002190373,-1.5626864296919905,N900_RS03110,proA,1.9528545666666666,0.055854,5.0352,1h_SI8,1h,SI8,12h_st,12h,st,4.979346
5.863029491161658,4.264580949013351,-3.5717334014639635,-1.4862823914592405,-2.5924790365192747,N900_RS03115,nrdR,0.6570483666666667,-0.79433,4.3173,1h_st,1h,st,12h_SI1,12h,SI1,5.11163
4.369670637739517,1.8254337940984888,-0.7613665694559539,0.05431498814429328,-0.5286369340290421,N900_RS03120,ribD,2.0453425,-0.51989,7.2604,1h_SI6,1h,SI6,12h_SI1,12h,SI1,7.78029
4.5344337543934925,1.6945291790397645,-0.6128061922931655,0.005286741680449202,-0.48554797142762735,N900_RS03125,ribE_1,2.0474889666666667,-0.2911,4.8374,1h_SI7,1h,SI7,1h_ce,1h,ce,5.1285
3.108758391785064,3.6076082413888435,-1.718746931041707,0.28942291686728006,-1.2767304158355894,N900_RS03130,ribBA,1.2050008666666667,-0.63296,3.936,6h_SI3,6h,SI3,3h_SI4,3h,SI4,4.56896
5.919653518311775,2.156837314115375,-0.8330557076939376,-0.15554917171692664,-0.6570154523430339,N900_RS03135,ribE_2,1.8595685499999999,-0.056577,4.2276,6h_SI9,6h,SI9,3h_SI2,3h,SI2,4.284177
5.856870794154036,2.1047837678808046,-0.8152926141055519,-0.17700521225316304,-0.6495666450311767,N900_RS03140,nusB,-0.06079564833333335,-1.9763,2.0323,6h_SI9,6h,SI9,12h_st,12h,st,4.0086
5.9058262715095715,2.279498389952566,-0.8762868405248947,-0.2544677272672223,-0.6847527454339858,N900_RS03145,thiL,-1.3980944666666668,-3.3638,0.74928,6h_SI9,6h,SI9,12h_st,12h,st,4.11308
5.9819698596581325,2.092715063234092,-0.8849418819647847,-0.3659028247581311,-0.6843076860378662,N900_RS03150,pgpA,1.2966592000000001,-0.6473,3.4647,6h_SI9,6h,SI9,12h_st,12h,st,4.112
5.254098743554562,2.7131302657400482,-1.7381204565998145,0.36060406121972627,-0.992352260791907,N900_RS03155,VC_2264_BLAST,1.5669515000000003,-1.2715,5.018,1h_SI8,1h,SI8,6h_st,6h,st,6.2895
4.083361044911868,2.1865273800388554,-1.7961981026043972,-2.917039364524458,-1.1398011031609463,N900_RS03160,glnD,0.25261503333333335,-2.4016,3.4429,6h_SI7,6h,SI7,3h_SI4,3h,SI4,5.8445
3.4703646581770955,2.260251361967247,-2.7720588313430614,-2.7354073816566644,-1.6505789184853794,N900_RS03240,rnhB,0.21106356666666667,-1.768,3.0744,12h_SI1,12h,SI1,3h_SI1,3h,SI1,4.8424
3.682160616072662,1.7301398383335944,-2.910371723842368,0.2669251493475593,-1.9736303562867024,N900_RS03260,cytochrome c_2,1.4232952333333335,-0.47261,6.4359,1h_SI4,1h,SI4,6h_SI4,6h,SI4,6.90851
4.861736118938846,2.111413592982528,-2.9658035680768253,-0.1494311776417263,-1.5843768510097558,N900_RS03265,padC,0.6109401133333332,-1.0369,4.9779,1h_SI5,1h,SI5,6h_st,6h,st,6.0148
6.508602130483236,3.436121258749185,-2.6774447444180525,-0.31284904042563777,-2.249349872103827,N900_RS03270,glnB,1.2820225333333333,-0.37078,4.1463,3h_SI6,3h,SI6,3h_st,3h,st,4.51708
-0.4982953939233288,-0.35779940792825937,-0.142390637086955,-3.512484930230768,0.051876239806031746,N900_RS03275,VC0395_A1830_BLAST,-0.8288588166666668,-2.8774,2.8362,6h_SI6,6h,SI6,1h_ce,1h,ce,5.7136
2.920198210113911,2.931173576332894,-1.2051148143385324,-0.4458045180740097,-1.0174936124447065,N900_RS03280,lysm,1.18212265,-0.46943,4.934,12h_SI4,12h,SI4,3h_SI1,3h,SI1,5.40343
5.4593934487893545,3.5542943222904952,-1.9386885286500004,-0.15255865229364315,-1.8133777524730847,N900_RS03285,gloB,1.30892002,-0.27492,4.4042,3h_ce,3h,ce,3h_st,3h,st,4.67912
1.593219368357817,1.0620384321658312,-0.42964058397245464,-3.0848436491666527,0.03774221816412391,N900_RS03290,class I SAM-dependent methyltransferase_3,-0.8981651666666667,-2.7032,2.9689,3h_SI6,3h,SI6,6h_st,6h,st,5.6721
4.652939138672742,2.316516926403844,-1.0687744272260489,-0.5401538965183524,-0.7429892086492907,N900_RS03295,rnhA,2.5071670499999996,0.030903,7.4271,1h_SI6,1h,SI6,12h_SI2,12h,SI2,7.396197
0.8147013080377968,-0.01787617360191986,-0.2556748610681863,-0.1581143458311795,-0.20664168329714483,N900_RS03305,hldE,0.5671162815333333,-1.4957,4.4761,12h_SI4,12h,SI4,3h_SI1,3h,SI1,5.9718
5.690689067159881,2.7051105260119206,-1.9961362615639722,-1.607933227215549,-1.7638980633324957,N900_RS03310,fadE_1,0.59594249045,-0.86754,3.9811,6h_st,6h,st,6h_SI1,6h,SI1,4.84864
5.896176909331405,2.3655683101500347,-0.8678701617583344,-0.11289754584008017,-0.6833944298618294,N900_RS03315,gmhA/lpcA,-1.5608617199999997,-3.4683,0.53981,6h_SI9,6h,SI9,12h_st,12h,st,4.00811
4.493265724597222,2.472404995854072,-1.2779782164940587,-0.31273357338426716,-1.5015589505018356,N900_RS03320,yafJ,1.2761539,-0.89001,5.8195,6h_SI3,6h,SI3,3h_st,3h,st,6.70951
2.4049156533490876,1.4220892636189386,-1.2576661285946051,-1.8243999317689408,-0.8307533024096905,N900_RS03325,purN,0.6486622166666666,-1.1523,4.4136,6h_SI3,6h,SI3,3h_SI1,3h,SI1,5.5659
1.755903547756554,1.035742273467307,0.36629938717126415,-3.645921862481291,0.47447567536252483,N900_RS03330,purM,-0.5873585233333333,-3.6829,4.5548,12h_SI9,12h,SI9,6h_st,6h,st,8.2377
4.625873029607656,3.624352270315745,-2.562272819732617,0.5600883287068805,-1.9840486054552775,N900_RS03335,upp,1.4134619516666664,-0.20871,4.8513,3h_SI2,3h,SI2,6h_ce,6h,ce,5.06001
4.17848119509021,1.9147457719764773,-0.848163741501646,-0.8462742671492526,-1.2120859568580444,N900_RS03340,N900_RS03340,1.12381125,-0.36831,5.0344,6h_SI1,6h,SI1,3h_SI2,3h,SI2,5.40271
3.0559750594749597,3.814234182737949,-2.8177825555566716,-1.8618317322235538,-2.0908946614583988,N900_RS03345,rluF,0.8321339999999999,-0.90122,3.7215,6h_st,6h,st,6h_SI4,6h,SI4,4.62272
5.411610383074872,3.160483621091867,-1.5171763079728589,-0.23033613939534867,-1.5734982104238924,N900_RS03350,smrA,0.8919679699999998,-0.4347,4.9355,3h_SI9,3h,SI9,3h_st,3h,st,5.3702000000000005
1.980161546464627,1.6596048882456615,-1.7453053079814302,-1.6028491018888211,-1.1213036983804974,N900_RS03365,N900_RS03365,0.33697688333333337,-1.5325,4.6465,12h_SI1,12h,SI1,1h_SI1,1h,SI1,6.178999999999999
4.616547099781347,3.520293728264201,-2.1123919802278808,-0.3302126812119535,-1.2601220713596244,N900_RS03370,chb,1.3144442666666665,-0.049662,4.1063,1h_st,1h,st,3h_SI2,3h,SI2,4.155962
4.724834440602148,3.648899845812125,-2.5306492925261272,-1.0993527580209923,-1.6682006527978015,N900_RS03375,N900_RS03375,1.0167689833333333,-0.37887,3.8786,3h_co,3h,co,6h_ce,6h,ce,4.25747
3.4993934687131754,2.0552948751709317,-0.9906956637066724,-1.3496789073624689,-0.9718653501740697,N900_RS03380,heavy metal translocating P-type ATPase,1.4021162666666667,-0.047342,5.6903,1h_SI1,1h,SI1,3h_st,3h,st,5.737642
3.209521794847654,2.4009460815619326,-3.738201632933702,-1.3580212547505686,-2.5593004752576727,N900_RS03390,ompA_1,0.5639117666666666,-0.96167,3.439,12h_SI1,12h,SI1,1h_SI1,1h,SI1,4.40067
-0.4534956972544931,2.587760447662716,0.066585087254909,-1.299062066123567,-0.5443071674217909,N900_RS03395,Fe3+-citrate ABC transporter substrate-binding protein,0.5749562666666665,-1.6408,3.404,6h_SI2,6h,SI2,6h_ce,6h,ce,5.0448
4.663762923585686,3.3186775033636953,-2.110905856217479,-1.653222160403873,-1.6116855895887088,N900_RS03400,vuuA,0.5488996215,-0.76455,4.4043,3h_SI9,3h,SI9,3h_SI1,3h,SI1,5.16885
5.662425352942184,3.9052194494144623,-3.0328355254463863,-1.1976434177155522,-2.016399520593138,N900_RS03405,vuuB,1.5427878333333334,0.10516,4.9541,1h_SI4,1h,SI4,3h_SI1,3h,SI1,4.848940000000001
5.771934059916569,3.8066067688085226,-2.73264994727339,-0.058565334131839515,-1.9663920371154404,N900_RS03410,non-ribosomal peptide synthetase,1.5927311833333337,-0.25233,5.4005,1h_st,1h,st,3h_SI2,3h,SI2,5.65283
0.7020392825115797,1.0440040869993368,-0.8812167908195907,-2.951285782540103,-0.5143800447568878,N900_RS03415,flgT,-0.14212526666666667,-2.3232,3.5808,6h_SI6,6h,SI6,1h_co,1h,co,5.904
0.9780578580147177,1.628973501596567,-0.7118015137333522,-4.0292880335376005,-0.42256268713160017,N900_RS03420,flgO,-0.7477126166666667,-2.6831,2.936,24h_SI4,24h,SI4,3h_SI6,3h,SI6,5.6190999999999995
-1.0581525064591732,-0.21299239808692702,0.10311916641166968,-4.146381556050617,0.03654623482354531,N900_RS03425,flgP,-1.4280121,-3.2313,0.98859,3h_SI6,3h,SI6,1h_co,1h,co,4.21989
0.31122251422518427,-0.6391827785273361,2.3570161159115006,0.11076254362542515,0.6437093745062591,N900_RS03430,flgN,0.0059134508333333335,0.00024007,0.2015,6h_SI3,6h,SI3,3h_st,3h,st,0.20125993
5.174929065064621,1.2933165293212092,-0.550453254756638,-1.0822221626349184,-0.4108989810347319,N900_RS03435,flgM,0.4104534,-1.847,2.2662,6h_SI9,6h,SI9,12h_SI1,12h,SI1,4.1132
0.21514060812940045,1.0969049277223433,-1.4084188240588162,-1.858615527082551,-0.6094963792024106,N900_RS03440,flgA,0.03399868333333334,-1.7476,2.7586,12h_SI1,12h,SI1,6h_ce,6h,ce,4.5062
3.835817656393608,-0.15521311570425628,0.834714455364116,0.7268754568494569,0.3423785827000052,N900_RS03445,chev_3,0.012303883288166666,-1.0121e-05,0.12997,1h_SI6,1h,SI6,3h_st,3h,st,0.129980121
5.894213730360224,2.9964016103067617,-1.335001294147306,1.0390797254588848,-1.1110231857749409,N900_RS03450,cheR,3.139775,-0.88371,6.9658,1h_SI6,1h,SI6,3h_st,3h,st,7.8495099999999995
-1.7559299767400878,2.267875255600461,-0.7287213855421332,-0.8096440518858932,-0.6821204839572255,N900_RS03455,flgB,0.3184827583333332,-1.8774,3.6052,6h_SI1,6h,SI1,3h_SI5,3h,SI5,5.4826
-0.8812060345848148,2.1315422520761116,-0.646500552865647,-0.7428223382978931,-0.5639382328720218,N900_RS03460,flgC,0.33713084666666665,-1.9347,4.3797,12h_SI3,12h,SI3,12h_SI1,12h,SI1,6.3144
2.163643312898527,0.3048016248687616,-0.23540506096674807,-3.867120687576453,-0.1407646867555485,N900_RS03465,flgD,-1.0865150800000003,-3.1374,2.58,12h_SI5,12h,SI5,1h_co,1h,co,5.7174
-3.55439887437875,0.518007582312657,0.05588545334621531,-1.5846813479818638,-0.01762424532271223,N900_RS03470,flgE,-0.12460141666666669,-2.4923,2.9026,24h_st,24h,st,3h_SI7,3h,SI7,5.3949
-1.9437371280996598,1.352840497288335,-0.14602502544996734,-2.3265364282100944,-0.06908382607221245,N900_RS03475,flgF,-0.20289133333333334,-2.8227,2.0858,24h_st,24h,st,3h_SI7,3h,SI7,4.9085
0.14658824649968322,0.21417005481384818,-0.31565497870783954,-2.3297360277286514,0.0530400116296177,N900_RS03480,flgG,-0.13296024999999997,-2.5197,3.9654,6h_SI5,6h,SI5,6h_ce,6h,ce,6.485099999999999
-2.128583999995236,1.161531365838248,-0.356279149268178,-2.871835124346701,-0.2787191116025829,N900_RS03485,flgH,-0.06573306666666665,-2.2189,3.5089,24h_st,24h,st,1h_co,1h,co,5.7278
-1.322524903961864,1.3435619712440994,0.24599527714464917,-1.9297669906500885,0.25549190727098303,N900_RS03490,flgi,0.20428071666666667,-1.3246,2.9299,6h_SI3,6h,SI3,6h_st,6h,st,4.2545
-1.0013911697422906,0.7193879430691208,-0.7738692589819952,-2.4904983079246312,-0.5963337178965956,N900_RS03495,flgJ,-0.44742275000000004,-2.3395,1.8545,6h_SI3,6h,SI3,1h_co,1h,co,4.194
-3.362314665983142,0.5757993353939316,0.6312729901211218,-2.4462647043341303,0.4228230013907695,N900_RS03500,flgK,-0.37965105,-2.7052,2.176,24h_st,24h,st,3h_SI4,3h,SI4,4.8812
-1.1760442820377488,0.6817147178095116,-0.14215931744139573,-2.599007641219841,0.006527942370431728,N900_RS03505,flgL,-0.5631657109999999,-3.2202,2.3113,24h_SI3,24h,SI3,12h_SI2,12h,SI2,5.5315
0.5162250272798885,1.0893701905084805,-1.1483325089716954,-1.869089834214265,-0.6964191667287774,N900_RS03515,flaA,0.16992531666666666,-2.0482,4.1697,24h_st,24h,st,12h_SI1,12h,SI1,6.2179
2.2751048257141644,0.8739405812318742,-0.7261219609738933,-0.05925303340652182,-0.20820928867744978,N900_RS03520,flaC,0.7919410433333333,-1.0473,5.441,1h_SI1,1h,SI1,6h_st,6h,st,6.4883
4.4485223943283865,1.8095837810364874,-0.8952500266564196,-0.3489576503373957,-0.49981280363780367,N900_RS03550,ychF,-0.16723281666666667,-2.8794,5.1424,6h_SI6,6h,SI6,6h_st,6h,st,8.0218
5.938267335268755,2.1448776448598017,-0.832051859825478,-0.268630858874539,-0.6466792097490908,N900_RS03585,prmC,1.2679231333333336,-0.52671,3.4364,12h_ce,12h,ce,12h_st,12h,st,3.96311
-0.016124862788835955,1.243333313798594,0.4769882139577625,1.1539178959190528,0.26013995343319224,N900_RS03590,sirB2,0.7311103499999999,-2.5659,5.3479,6h_SI6,6h,SI6,3h_SI5,3h,SI5,7.9138
4.807921078545123,4.099165772709491,-3.2455060874968495,-1.1287885878286066,-2.4660345952568705,N900_RS03595,sirB1,1.1940692,-0.35314,5.0618,3h_co,3h,co,3h_SI3,3h,SI3,5.41494
5.053329755761878,3.3907984655618946,-3.0456817924766466,-2.871445220525959,-2.0817849284784278,N900_RS03605,ushA,0.08067279666666669,-1.3692,2.8217,6h_st,6h,st,3h_SI4,3h,SI4,4.1909
-0.22304506322166467,1.472895855436923,-0.27008463931476406,-2.154780922877068,-0.14405673043083458,N900_RS03610,ybaK,0.13777997233333336,-1.2145,3.027,12h_SI2,12h,SI2,3h_SI3,3h,SI3,4.2415
5.161513257932327,3.117134862988712,-1.9885235719266172,-0.48508339824727975,-1.1175187014937886,N900_RS03615,uracil-xanthine permease,1.3931589866666663,-0.063575,4.4496,1h_SI5,1h,SI5,6h_st,6h,st,4.513175
5.351351609422245,2.84823272085324,-2.4707204752754244,-0.33102317645607754,-1.6971945414048057,N900_RS03620,N900_RS03620,1.4869252666666668,-1.7158,4.6252,6h_SI5,6h,SI5,3h_SI4,3h,SI4,6.341
0.8307284023195,2.101848170513212,-1.0153380361168198,-0.8751729905415292,-0.49981306384001517,N900_RS03625,N900_RS03625,0.5601088333333333,-1.1414,4.1243,12h_SI3,12h,SI3,3h_SI5,3h,SI5,5.2657
5.75605155765829,3.7645193499815623,-3.229976424652553,-2.5709062766944832,-2.157249352970076,N900_RS03630,wrbA,0.49509816333333334,-0.89623,3.5,3h_st,3h,st,1h_SI1,1h,SI1,4.39623
0.20309245710176224,1.6072538222581654,-0.20105205907090237,0.09898743112583926,-0.14037385000985858,N900_RS03635,arsC,0.7619127000000001,-0.69393,3.4797,6h_SI7,6h,SI7,3h_SI7,3h,SI7,4.17363
3.9822135588018264,1.9434596009768457,-1.714137427725119,0.00979475432971782,-1.2495086238855266,N900_RS03640,bepA_1,0.7092973833333333,-0.73641,4.1162,6h_SI3,6h,SI3,3h_SI1,3h,SI1,4.85261
4.260660626895389,2.2689443998199454,-2.4626836412940944,-0.039364198276576376,-1.8070400662268038,N900_RS03645,N900_RS03645,1.008413416666667,-0.60351,3.8867,3h_co,3h,co,3h_SI2,3h,SI2,4.490209999999999
5.194022248064341,3.724833332971144,-3.223539439783396,-1.300409102238427,-2.237996114747703,N900_RS03650,perM,0.6932577166666668,-0.69001,3.4298,3h_SI9,3h,SI9,12h_SI1,12h,SI1,4.11981
5.166197482491295,2.74107195197894,-1.84090948345051,-1.1893696417755135,-1.0805144375133355,N900_RS03655,mlp24,1.4873711666666665,0.27441,4.4475,3h_SI3,3h,SI3,3h_SI4,3h,SI4,4.17309
3.5776277170026383,2.7883688138931175,-1.4862733137018929,-2.041497695766811,-1.1119998994007811,N900_RS03660,bcp,0.23147527666666662,-1.7163,4.3787,6h_SI7,6h,SI7,3h_SI3,3h,SI3,6.095000000000001
5.116301883696605,1.649211887146002,-2.2138287006825985,0.8868355411618839,-1.175087095989879,N900_RS03665,gcvR,1.7646126666666668,-0.38961,5.8117,1h_SI1,1h,SI1,12h_st,12h,st,6.20131
3.2957494155187073,3.181767462299213,-1.103835695544627,0.7026279888064043,-1.1900312037387173,N900_RS03675,bamC,0.88281807,-0.67533,3.8229,1h_SI5,1h,SI5,3h_st,3h,st,4.49823
3.543118806432425,1.7264407957126566,-1.5382176637230043,-1.6889856913795775,-1.6086976512083984,N900_RS03680,N900_RS03680,0.55879889,-1.2673,4.5292,12h_SI2,12h,SI2,3h_st,3h,st,5.7965
5.201181016260552,2.1134658255910392,-0.6206656515311746,-0.1423417570412083,-0.4666364884489601,N900_RS03685,M15 family metallopeptidase,1.4966350999999998,-0.5671,3.2515,12h_SI6,12h,SI6,12h_st,12h,st,3.8186
4.661275205516916,2.207301923585332,-1.1076191895559429,0.6391435707523412,-0.7598107332961553,N900_RS03690,dapE,0.0205343333333333,-2.4693,4.7686,1h_SI6,1h,SI6,6h_SI3,6h,SI3,7.2379
5.238350458733915,2.6392239704133265,-3.2758885008986423,-0.8725051885496127,-1.9124085287237298,N900_RS03695,ArsC family reductase,1.2582872,-0.038061,5.026,3h_SI3,3h,SI3,6h_st,6h,st,5.064061
4.846411226702724,2.0961961763223957,-2.6147074268135153,-0.6280475241348195,-1.822652951929714,N900_RS03700,N900_RS03700,1.0246902466666665,-0.48085,5.02,3h_SI5,3h,SI5,6h_SI2,6h,SI2,5.50085
5.240921817502309,3.449568643124686,-3.2222382306103903,-0.23884697898787405,-2.206415428422274,N900_RS03705,N900_RS03705,0.9900437666666668,-0.64182,6.3746,3h_co,3h,co,6h_SI3,6h,SI3,7.01642
5.081858509665245,3.008493773839844,-2.6228758318812115,-1.5145064620913504,-1.7144489035590769,N900_RS03710,N900_RS03710,0.5831419666666666,-0.73314,3.324,12h_st,12h,st,3h_SI1,3h,SI1,4.0571399999999995
4.9476894791329356,3.748738573044765,-3.3074101909431777,-1.4346628118990796,-2.441837648491574,N900_RS03715,yfeX,0.7683352,-0.67149,4.4085,6h_co,6h,co,3h_SI3,3h,SI3,5.0799900000000004
1.3458059749716103,0.9392237525892555,-0.3086739360329726,-1.251054668425992,-0.26518994505331267,N900_RS03720,flaE,0.03334885000000003,-2.3773,4.2765,6h_SI5,6h,SI5,12h_SI1,12h,SI1,6.6538
4.526539505105794,3.723652933632291,-1.3533753097376444,-0.15631027102303727,-1.2268438467887361,N900_RS03725,flaD,2.1296734833333333,-0.053671,4.6878,1h_ce,1h,ce,6h_SI3,6h,SI3,4.741471
2.7999240769360947,3.790642446862391,-2.332719124557768,-3.2920737141018317,-1.655413377452475,N900_RS03730,flaB,0.1458025983333333,-1.2065,3.0556,24h_st,24h,st,3h_SI4,3h,SI4,4.2621
0.18681411934462755,2.042066195264371,-0.5079771979695547,-0.6797638217176505,-0.27399169821951486,N900_RS03735,flaG,0.009930654708333335,-5.0105e-06,0.47317,12h_SI9,12h,SI9,3h_SI5,3h,SI5,0.4731750105
-1.65912137874427,0.9199651778166656,-0.10218103359888182,-2.8336089174170573,0.13163294673552306,N900_RS03740,fliD,-0.33881431666666667,-2.6888,3.2234,24h_st,24h,st,1h_ce,1h,ce,5.9122
-0.9513089997217083,0.8988502326306119,-0.886575010879659,-2.528741771375131,-0.5903048861272916,N900_RS03745,flaI,-0.1419128366666667,-2.4906,2.8485,24h_st,24h,st,3h_SI6,3h,SI6,5.3391
0.6844806904043291,0.3406021659235048,-0.12681608966516264,-2.6824020535450885,0.15972005386066407,N900_RS03750,fliS,-0.30167765,-3.0606,3.4384,6h_SI5,6h,SI5,12h_SI1,12h,SI1,6.4990000000000006
-0.7432466528825895,-0.37846367400079844,-0.0723406446559404,-2.722493668128749,0.27345682227988394,N900_RS03755,flrA,-0.5369366733333334,-2.1492,2.6204,24h_SI3,24h,SI3,6h_ce,6h,ce,4.7696000000000005
-1.749190231577661,-1.18186546692913,-0.10017289343481862,-3.2072049343073963,-0.01734535238716217,N900_RS03760,flrB,-0.9369038299999999,-2.5717,1.645,3h_SI6,3h,SI6,1h_co,1h,co,4.2166999999999994
0.5532763512485575,-0.1664493716190377,-0.9575463756282331,-3.6446829661274847,-0.50187729375868,N900_RS03765,flrC,-0.8707446933333334,-2.6561,2.3086,6h_SI7,6h,SI7,1h_co,1h,co,4.964700000000001
0.14922514643745613,0.6958868185197493,-0.07064117547762555,-1.8229649139734794,0.1720104740583394,N900_RS03770,fliE,0.16610057333333336,-2.4807,3.7417,24h_st,24h,st,1h_st,1h,st,6.2224
1.263233286907079,1.2806304438133975,-1.3599366543942397,-3.1623864502125536,-0.8223666150811477,N900_RS03775,fliF,-0.3808072083333334,-2.6879,3.0299,24h_SI2,24h,SI2,1h_co,1h,co,5.7178
-1.7470746081218624,0.21776472059600294,0.9781203134859862,-2.799944593540423,0.7350262102012248,N900_RS03780,fliG,-0.6873556220000001,-2.1395,2.8224,6h_SI1,6h,SI1,3h_SI4,3h,SI4,4.9619
-1.2607168790061276,0.17499503605129024,-0.34559154558200456,-3.8838550358550683,-0.19834203299021685,N900_RS03785,fliH,-0.6827772483333334,-2.7364,2.1816,24h_st,24h,st,1h_ce,1h,ce,4.918
0.4773627984101102,0.13774555852030243,0.1938507982694019,-3.2339009731279793,0.535095974249327,N900_RS03790,fliI,-0.7154320333333334,-3.1346,2.4412,6h_SI5,6h,SI5,6h_st,6h,st,5.575799999999999
-1.560585282783329,-0.07435812607210836,0.12666155407513244,-2.5950804234383944,0.15883516364759356,N900_RS03795,fliJ,-0.5623280166666668,-2.7639,3.963,24h_SI2,24h,SI2,1h_co,1h,co,6.7269000000000005
-1.367891917664867,1.7041507883127118,-0.6362771997500284,-0.7978452889400208,-0.34914632735802437,N900_RS03800,FliK,0.3675888499999999,-1.69,3.1892,12h_SI1,12h,SI1,3h_SI7,3h,SI7,4.8792
5.841325426202249,3.8387416559180023,-3.4738107051894405,-0.6345488042751746,-2.5393512020026106,N900_RS03805,fliL_1,0.9051686891666666,-0.63146,3.9314,1h_SI6,1h,SI6,3h_SI1,3h,SI1,4.56286
-1.9726333384937667,0.34067939711492745,1.1650445268327023,-0.923500010227187,0.6609810191394377,N900_RS03810,fliM,0.46106991666666663,-1.3375,3.2413,6h_SI2,6h,SI2,3h_st,3h,st,4.578799999999999
-1.3766272540864923,-0.332782069170775,0.18448944451043353,-2.858859859256547,0.24558559189761087,N900_RS03815,fliN,-0.8230109999999999,-2.809,2.6714,24h_SI2,24h,SI2,6h_SI5,6h,SI5,5.4804
2.0689541802403286,0.8909089185225366,-1.3244804080877017,-3.1893068899416357,-0.7515380688488805,N900_RS03820,fliO,-0.7279040999999999,-2.759,2.3135,6h_SI7,6h,SI7,12h_st,12h,st,5.0725
1.2838922634294025,-0.4726170325932073,-0.5881424247368101,-2.965738422367371,0.00872739045146602,N900_RS03825,fliP,-0.9185846999999999,-2.8421,3.1481,24h_st,24h,st,6h_st,6h,st,5.9902
1.583387771403149,0.23579278955070587,-0.14933292080568106,-3.077074895532696,-0.04667717406077013,N900_RS03830,fliQ,-0.3230146333333333,-2.7044,4.4215,24h_SI3,24h,SI3,1h_st,1h,st,7.1259
1.084970162512327,0.07468722069449471,-0.21721974990789647,-2.9540300107246162,0.3289969541986291,N900_RS03835,fliR,-0.8018761016666667,-3.0632,3.3387,6h_SI5,6h,SI5,6h_st,6h,st,6.4018999999999995
-0.42029104162854525,-0.47391035202310855,0.48571527360580363,-2.739963526872892,0.6668307100313907,N900_RS03840,flhB,-0.6510982333333334,-2.2122,1.9887,12h_SI1,12h,SI1,1h_ce,1h,ce,4.2009
2.143715828635872,0.8455142596967188,-0.4267587527711608,-1.461323534820485,-0.26230026087403335,N900_RS03845,smrB,0.13035139999999995,-2.7134,4.6682,6h_SI7,6h,SI7,12h_SI2,12h,SI2,7.3816
4.866377769199401,1.8505330143868126,-1.2129666641080485,-0.29956486774892216,-1.2910204340016542,N900_RS03850,prmB,0.6431684499999998,-1.3806,4.0404,6h_co,6h,co,3h_SI1,3h,SI1,5.421
2.5399223267744957,1.4173395913922369,-1.395394605776262,-0.9871968848760739,-0.6369144202486784,N900_RS03855,N900_RS03855,-0.020193416666666665,-1.8639,3.2747,6h_SI9,6h,SI9,6h_SI3,6h,SI3,5.1386
4.059036222447686,1.7007983870142735,-0.35163373253927627,-1.9081713180766664,-0.2071072438106346,N900_RS03860,aroC,0.22324941166666665,-2.1794,2.8442,12h_SI9,12h,SI9,1h_SI1,1h,SI1,5.0236
2.546108884239259,0.7582153683330852,-1.6729882260834135,0.33124331367056126,-0.7737026332598514,N900_RS03865,UPF0126 membrane protein HI_1240_BLAST,0.52156715,-0.94416,4.1591,3h_SI8,3h,SI8,6h_st,6h,st,5.10326
6.202220496238521,3.7870837025423687,-3.583375127315193,-1.106392116736622,-2.39078011349178,N900_RS03870,epmC,0.9525703000000001,-0.49885,4.3038,1h_st,1h,st,3h_SI1,3h,SI1,4.80265
4.2675015282725965,3.3030264724859917,-2.0975342572636464,-1.580869554363514,-1.6326141739167745,N900_RS03875,yfcl,0.22118402833333337,-1.0038,4.246,6h_SI4,6h,SI4,3h_SI2,3h,SI2,5.2498000000000005
3.706574532428561,2.1560205668084294,-1.182013401303713,-0.5606993462747807,-0.9509918524555677,N900_RS03880,NAD(P)H-dependent oxidoreductase,0.7045831833333335,-1.035,5.6277,6h_ce,6h,ce,3h_SI1,3h,SI1,6.6627
4.177020385803719,3.0399278243274774,-3.5876827304046954,-1.9578394011435343,-2.3565230968461175,N900_RS03885,mnmC,1.0550568333333334,-0.37345,3.9275,3h_SI3,3h,SI3,1h_SI1,1h,SI1,4.30095
5.178826137700603,1.4211274762576567,-0.5426434515450931,-0.7683149418068417,-0.41355345259709386,N900_RS03890,fabB,2.3340735,0.17644,4.1241,12h_SI7,12h,SI7,12h_st,12h,st,3.9476600000000004
2.9687446042258534,1.6942714767680653,-2.3057141881979475,-0.506486919284056,-1.220176771319109,N900_RS03900,asd2,0.35775623333333334,-1.2085,4.1019,1h_co,1h,co,6h_st,6h,st,5.3104
5.592008828669672,1.9270906732729964,-0.651744077776991,0.17829902941474796,-0.5121681667132679,N900_RS03905,fur,1.9332754333333333,-0.05893,4.0533,6h_SI9,6h,SI9,12h_st,12h,st,4.11223
5.042692995462804,3.1016188789037247,-2.3871104102706373,-1.9614766503500598,-1.7543853294370635,N900_RS03910,N900_RS03910,0.7460684583333334,-0.63054,4.1226,3h_SI5,3h,SI5,1h_SI1,1h,SI1,4.75314
6.47851414922895,3.5085320389686023,-3.2295446520747255,-0.9587904830204185,-2.001619881068378,N900_RS03915,gltC,1.3515615,-0.22479,3.753,3h_st,3h,st,6h_st,6h,st,3.97779
5.482866520903876,3.07894053942107,-3.074718307519545,-1.5730215447646267,-1.840027324520198,N900_RS03920,cida,1.2251636333333333,-0.39789,4.3097,3h_SI3,3h,SI3,3h_SI1,3h,SI1,4.707590000000001
4.12946078271721,2.6352171272515537,-1.8649351733841582,-1.498730273833994,-1.2270846379254459,N900_RS03925,yohK_1,0.7665800333333334,-0.59014,3.1628,3h_SI1,3h,SI1,6h_SI1,6h,SI1,3.7529399999999997
6.06783286301233,3.5797360484417395,-2.928116021658995,0.4771368304102477,-1.9553342720776474,N900_RS03935,N900_RS03935,1.293772916666667,-1.1482,4.7259,1h_ce,1h,ce,3h_SI2,3h,SI2,5.8741
0.24343487659673824,0.02749224057010574,0.5765263047240923,-3.986173109420553,0.3866989637072894,N900_RS03940,ybfF,-1.5442316166666665,-3.4541,2.6309,24h_co,24h,co,3h_SI3,3h,SI3,6.085
4.617536271067566,1.6977227420352923,-1.1075770389190058,0.3518691824244989,-0.7013985641170535,N900_RS03950,pgm_1,1.6265348166666667,-1.6172,6.4548,1h_SI4,1h,SI4,12h_st,12h,st,8.072
4.765861575126476,2.174413441340699,-3.284933020553603,-0.34311392574295163,-1.9194375943089514,N900_RS03955,N900_RS03955,0.739720865,-0.94092,3.8135,3h_SI4,3h,SI4,6h_SI4,6h,SI4,4.75442
4.954671647291232,3.3030747803585183,-1.727702401454501,-1.2365875900951344,-1.8799824718996436,N900_RS03960,Nif3-like dinuclear metal center hexameric protein,0.7029972333333334,-1.0062,4.0297,12h_st,12h,st,3h_st,3h,st,5.0359
4.738374898269028,4.2033788568831945,-3.7691321196602257,-1.882872695243048,-2.7595965775211795,N900_RS03965,gltA,0.6352990666666667,-1.3576,4.6516,24h_SI6,24h,SI6,6h_ce,6h,ce,6.0092
3.17264826035539,2.3709497078245496,-2.3086071233620493,-1.450925072306354,-1.5746564400299945,N900_RS03970,sdhC,0.8414603833333333,-0.87426,4.6181,24h_SI7,24h,SI7,12h_SI2,12h,SI2,5.49236
1.1216182751657273,1.8485387566189373,-0.5574240474821343,-1.1321184196459064,-0.5436411118564084,N900_RS03975,sdhD,0.8520120666666666,-1.4547,5.51,3h_SI7,3h,SI7,3h_SI4,3h,SI4,6.9647
2.6984929488416705,3.629388478823223,-3.0983732499009835,-2.2406901440816664,-2.202536813387723,N900_RS03980,sdhA,1.0102474000000001,-0.89054,4.0854,24h_SI7,24h,SI7,3h_SI5,3h,SI5,4.97594
0.6229430959144538,2.9634839252330427,-0.6039577776003036,-0.9379186351398036,-0.6106545156460272,N900_RS03985,sdhB,0.7567239000000001,-1.0021,4.473,1h_SI1,1h,SI1,3h_SI3,3h,SI3,5.475099999999999
5.411475928619456,2.279442510881737,-0.6587865844036099,-0.29976265574149835,-0.5142545430467761,N900_RS03990,sucA,1.0089264,-0.97663,2.916,12h_SI9,12h,SI9,12h_st,12h,st,3.89263
5.876799286726568,2.13264621514824,-0.7918488423380087,-0.07714700785794289,-0.6444254990207161,N900_RS03995,odhB,1.2475109833333335,-0.6681,3.4384,6h_SI9,6h,SI9,12h_st,12h,st,4.1065000000000005
1.5251825490002302,1.2412350652806612,-1.618514514865964,-0.44493847891482535,-1.0455438699416169,N900_RS04000,sucC,0.7891002266666668,-0.8927,4.916,24h_SI2,24h,SI2,6h_SI2,6h,SI2,5.8087
1.3855063780462609,2.5100273063067085,-1.854878290072707,-1.4156433664070167,-1.3510422669817979,N900_RS04005,sucD,0.2700158666666666,-1.5823,4.5892,24h_co,24h,co,6h_SI3,6h,SI3,6.1715
2.5177662222223987,1.299598873822093,0.04119572283167718,0.2825242854884101,-0.13736125190768253,N900_RS04010,znuB,0.8827400376666666,-1.1886,4.1628,1h_SI1,1h,SI1,24h_st,24h,st,5.3514
4.447113557307778,2.6962155677070494,-2.346466478894295,-1.4016132074286392,-1.617330674793272,N900_RS04015,znuC,0.5355939500000001,-0.94398,4.2298,6h_SI4,6h,SI4,12h_SI2,12h,SI2,5.17378
4.111793477484165,2.7006180263023665,-1.7615254151955413,-1.8663207454028714,-0.8994888875518774,N900_RS04020,znuA,0.58623485,-0.88977,4.2981,3h_st,3h,st,1h_st,1h,st,5.18787
5.599381348318019,3.5249690134459146,-2.8271840068545497,-0.6857523382216834,-1.7157107412502564,N900_RS04025,AraC family transcriptional regulator_1,1.7363676775666668,4.0654e-05,4.5295,1h_st,1h,st,12h_SI2,12h,SI2,4.529459345999999
3.2526701567235135,2.9353064866850413,-2.3254628780664914,-0.2096563690938818,-1.6619549354710212,N900_RS04030,ferrous iron transport protein A,0.5604295416666666,-2.385,4.8938,1h_SI2,1h,SI2,3h_SI1,3h,SI1,7.2787999999999995
4.908320176612571,2.9190443458086954,-0.8918669781647521,-2.055282290274234,-1.0362368248425153,N900_RS04035,feoB,0.3730543833333334,-0.82919,4.0075,12h_SI6,12h,SI6,3h_st,3h,st,4.83669
6.073663069376068,4.08814226555424,-3.384697830189894,-2.2822631289709325,-2.238407002384633,N900_RS04040,feoc,0.68838115,-0.68518,3.2103,12h_SI7,12h,SI7,6h_SI4,6h,SI4,3.89548
3.6082734720785825,2.582503993225341,-2.413017611258932,0.25820761723624125,-1.613395903772575,N900_RS04045,N900_RS04045,1.4359475333333334,-0.6599,5.2083,3h_ce,3h,ce,1h_st,1h,st,5.868200000000001
4.362635390606613,2.710450568854937,-2.324742796776247,-0.3733124777702153,-1.4760069057564915,N900_RS04055,yecM,1.3601655999999998,-0.19484,4.1281,3h_SI2,3h,SI2,1h_ce,1h,ce,4.32294
6.092978189541956,3.8735143834127768,-2.843571016264025,-1.6001824933580917,-2.133865680664185,N900_RS04060,"peptidase, insulinase family",0.8679004300000002,-0.48433,3.4367,1h_st,1h,st,3h_SI3,3h,SI3,3.92103
0.2474499401918968,0.21672574242714415,0.6683636470089069,1.0789699420967676,0.5624677343705805,N900_RS04065,sixA,1.249436582666667,-1.8615,2.8508,12h_SI8,12h,SI8,3h_SI9,3h,SI9,4.7123
1.3393319677737718,0.856225589488747,-0.5763860275181845,-3.843905590872024,0.010882086232786614,N900_RS04070,flhA,-0.4610293333333333,-2.2731,2.152,24h_st,24h,st,1h_SI1,1h,SI1,4.4251000000000005
0.06488824700020121,1.4679677977806163,-1.8534839799131058,0.3441970590038169,-1.3839574065930094,N900_RS04075,flhF,0.9325626566666668,-1.0061,5.0924,24h_st,24h,st,6h_SI2,6h,SI2,6.0985
2.29620361196063,0.3332780637367976,0.13776783252992203,-0.432757698308107,0.06874920651810108,N900_RS04080,MinD-related protein,-0.36103495,-2.9293,1.325,6h_SI9,6h,SI9,6h_SI8,6h,SI8,4.2543
-1.0455218915164415,1.4102935118494742,-1.264830042581185,-3.2721461259918656,-0.8783824715442408,N900_RS04085,flia,-0.14443718333333333,-2.1923,2.7654,12h_SI3,12h,SI3,1h_ce,1h,ce,4.9577
6.270787112592986,2.574885729965505,-1.3989593623134553,-0.8340296494661903,-1.169917022232777,N900_RS04090,cheY3,0.9764310833333333,-1.7488,4.8326,24h_SI9,24h,SI9,12h_SI1,12h,SI1,6.5814
3.6376899826887246,2.3383783467094634,-2.9798712236864677,0.18543835532850678,-1.8351829508588282,N900_RS04095,cheZ,0.4809716,-1.0067,3.6048,6h_st,6h,st,6h_SI3,6h,SI3,4.6114999999999995
6.708963990645823,3.082782559111043,-2.1399312239673542,0.5132823765596691,-1.6247460771034317,N900_RS04100,cheA2,2.0485832166666667,-1.0892,6.0597,1h_SI5,1h,SI5,12h_SI1,12h,SI1,7.1489
2.758606381160299,0.4263098420237548,-0.07143513861606904,1.7610833258426593,0.04763728976536342,N900_RS04105,cheB2,0.5166877833333333,-2.4167,5.2651,6h_SI5,6h,SI5,12h_st,12h,st,7.681800000000001
3.7688266096357945,0.7017462012766176,-0.9198050225976563,-1.5231743281245176,-0.5174485600036824,N900_RS04110,parP,-0.6725193666666666,-4.7668,4.4181,6h_SI6,6h,SI6,12h_SI1,12h,SI1,9.184899999999999
6.27180393066381,3.607485678652371,-2.1665453409649627,-0.5808814484581497,-1.930065580291707,N900_RS04115,parC,0.7414475333333334,-0.91741,3.2208,1h_st,1h,st,3h_st,3h,st,4.13821
5.7442124660421525,3.1134392519407026,-1.5489421265408316,0.5567782410191363,-1.2613096021083934,N900_RS04120,cheW1,1.7180695333333336,-1.5562,5.2856,1h_SI5,1h,SI5,6h_SI1,6h,SI1,6.841799999999999
-1.5434805190285235,1.2022351204051798,0.26554191950974226,-2.3747387365242374,0.11536688652945,N900_RS04125,N900_RS04125,-0.4668900666666667,-2.8209,2.5978,6h_SI5,6h,SI5,3h_SI3,3h,SI3,5.418699999999999
3.0662295687256824,1.5856992422784515,-2.6888786231662523,-1.4389689627292401,-1.7694397293985793,N900_RS04130,ccmA,-0.7289013433333333,-2.5826,3.7387,12h_SI8,12h,SI8,6h_SI3,6h,SI3,6.3213
3.5905430589746947,1.2373756732347547,-2.0781201541870553,-0.450259923157625,-1.12396082211876,N900_RS04135,ccmB,0.029472900000000014,-2.4321,4.4948,6h_co,6h,co,6h_SI2,6h,SI2,6.9269
1.381627247101421,2.9592745413606156,-1.7802907830673629,-0.607255012423845,-1.452740159634084,N900_RS04140,ccmC,0.9272210833333333,-1.2739,3.7783,3h_SI9,3h,SI9,6h_SI4,6h,SI4,5.0522
1.619468559347452,2.60475269889941,-1.966173150414292,0.211328956273239,-1.40560187696367,N900_RS04145,ccmD,0.5862799666666666,-1.5633,4.4739,1h_SI2,1h,SI2,3h_SI5,3h,SI5,6.0372
4.758543457205914,4.067161576949058,-2.530465924471102,-0.9011787770563712,-2.0707749792583505,N900_RS04150,ccmE_1,1.57692195,-0.49044,6.2301,1h_SI2,1h,SI2,3h_SI3,3h,SI3,6.72054
4.858774417706842,3.9282627551733627,-3.770587229470371,-1.2691958548865159,-2.725412414596138,N900_RS04155,ccmf,0.6224349833333331,-1.9232,4.2958,1h_SI2,1h,SI2,3h_SI1,3h,SI1,6.218999999999999
2.1061648829143635,3.524647785364397,-1.9841888968720367,-1.8742732406042788,-1.5167793930181739,N900_RS04160,dsbe,0.11767936166666662,-1.8392,2.8056,1h_SI3,1h,SI3,3h_SI5,3h,SI5,4.6448
2.389985623081532,2.380304643187857,-0.4688738592979244,-0.31256883227271604,-0.5639999707389481,N900_RS04165,CcmH,0.7086998833333334,-2.107,4.9397,12h_co,12h,co,3h_SI3,3h,SI3,7.0467
2.671036466139101,3.6123740298036724,-1.7520001790060646,-0.0770433534182002,-1.3544874081649856,N900_RS04170,ccmI,1.1990264000000002,-0.77572,4.4827,1h_SI5,1h,SI5,3h_SI4,3h,SI4,5.25842
4.056172664969729,3.51673829482865,-2.3045291846749874,0.3574173097972841,-1.429362311120945,N900_RS04175,mlaA,1.7644940551666666,-0.60709,4.5445,1h_SI3,1h,SI3,3h_SI5,3h,SI5,5.151590000000001
3.4437797697944292,2.0032154744157515,-1.321671232709469,0.12223991280474684,-1.1278903013549872,N900_RS04180,fabG_1,1.1036457166666667,-0.66004,5.6395,1h_SI1,1h,SI1,3h_SI3,3h,SI3,6.29954
0.7380380477865478,2.162284783164719,-0.27758727680917555,-1.856782948590705,-0.31469681214592227,N900_RS04185,N900_RS04185,-0.04826514,-2.7113,3.4978,6h_SI5,6h,SI5,3h_SI1,3h,SI1,6.209099999999999
5.985265017148936,2.1502285406992727,-0.953970029601645,-0.15068204010534192,-0.7431273742810828,N900_RS04190,sodB,-0.65113835,-2.6342,1.4708,6h_SI9,6h,SI9,12h_st,12h,st,4.105
3.27932954174683,3.413832991558785,-3.2569150832283436,-1.390018173459483,-2.271767491759861,N900_RS04195,grxD,0.45910677166666675,-0.67781,3.0856,12h_st,12h,st,12h_SI3,12h,SI3,3.76341
5.057772929792314,4.27395295732484,-2.9079707094452485,-0.8265213580503971,-2.099407421236884,N900_RS04200,topB,0.9863347,-0.52674,3.741,6h_st,6h,st,3h_SI2,3h,SI2,4.26774
5.148045685516963,4.056784982840701,-2.673833281206486,-1.330077124184692,-2.4510006787041685,N900_RS04205,acuC,1.1421202500000003,-0.30508,3.7771,6h_st,6h,st,3h_SI2,3h,SI2,4.08218
0.4262099937967116,1.8215407870398566,-1.2610650166880828,-0.8771131528263985,-1.0049427939526034,N900_RS04225,VC0395_A1625_BLAST,0.82632,-1.7969,4.0939,12h_SI2,12h,SI2,1h_SI1,1h,SI1,5.8908
4.3058567511719295,3.1266857389709948,-3.7959504435888634,-1.2393827300859537,-2.647240950068065,N900_RS04230,yejk,0.7181351666666665,-1.0922,4.2637,3h_SI9,3h,SI9,6h_SI3,6h,SI3,5.3559
3.515805777328833,2.8496060679326787,-0.5778059776461225,-0.5654797412476559,-0.5689037811314818,N900_RS04235,sensor histidine kinase_2,0.7237244583333333,-0.66871,3.8955,3h_SI1,3h,SI1,6h_st,6h,st,4.56421
2.6776683676708433,1.870317478080411,-2.318540961524368,0.4969234497222343,-1.6060912737705557,N900_RS04240,nhaC,0.8757888249999998,-0.81013,4.866,1h_SI7,1h,SI7,6h_SI4,6h,SI4,5.67613
4.613085893975393,2.9825627848985454,-0.8121065300663646,-1.0544259702477623,-0.9530218139783067,N900_RS04245,asd1,1.4217143166666668,0.032518,4.7959,12h_st,12h,st,3h_st,3h,st,4.763382
4.976756669131366,3.1444775009674006,-2.5281426600486876,-0.8573529287045921,-1.5504066214382377,N900_RS04250,ychE_BLAST,0.6742577139999999,-0.82011,3.5925,3h_SI1,3h,SI1,6h_st,6h,st,4.41261
2.4182996749258003,2.755513960812705,-0.6028806020125913,-0.198334054040998,-0.47217337042520713,N900_RS04255,adhE,1.1671280299999998,-0.18012,4.4303,1h_ce,1h,ce,12h_SI1,12h,SI1,4.6104199999999995
6.300431312617036,3.6210865737810156,-2.5804047338914287,-1.1312697857873777,-1.6690048523503986,N900_RS04260,eamA_4,1.1974101499999998,-0.29335,4.1358,6h_SI8,6h,SI8,12h_SI1,12h,SI1,4.42915
0.6566055901775301,1.4493676916428904,0.5518987616596486,1.068546220790745,0.31734688116326754,N900_RS04265,SulP family inorganic anion transporter_1,1.0018395583333335,-1.1449,4.9608,1h_co,1h,co,3h_SI2,3h,SI2,6.1057
5.035618078304183,1.5571571438291594,-0.7345383313912744,-1.3640687617418752,-0.5472408603124093,N900_RS04270,rne,-0.3874657000000001,-2.7644,2.7401,12h_SI7,12h,SI7,1h_co,1h,co,5.5045
-0.9607384021880749,1.8725138618325534,-0.9593624459051356,-0.6374220562190082,-0.6806787330246734,N900_RS04275,N900_RS04275,0.09725109500000001,-1.4982,3.0745,1h_SI3,1h,SI3,3h_SI5,3h,SI5,4.5727
4.170125853717492,2.409209933122857,-1.1485609562875216,-0.9231474978702806,-0.705893017003544,N900_RS04285,rluC,0.6838108583333333,-1.4156,4.0123,6h_SI5,6h,SI5,3h_SI2,3h,SI2,5.427899999999999
2.1187912621912486,1.2603689621961944,-1.153603622660894,0.5730591558019572,-0.7685952854045329,N900_RS04290,yceF,0.8220864333333334,-1.2613,4.8896,1h_SI9,1h,SI9,6h_SI1,6h,SI1,6.1509
4.916602436833268,1.6000779864717245,-0.6664400873742871,-1.6895021221467885,-0.4651065475927644,N900_RS04295,yceD,-0.6060801666666666,-2.954,3.9139,6h_SI8,6h,SI8,1h_st,1h,st,6.867900000000001
2.780017302984223,0.9111994709204725,-0.10636050782026607,-2.1277649399266485,-0.12486384998114021,N900_RS04300,rpmF,-1.092047335,-3.7407,1.6135,6h_SI8,6h,SI8,1h_SI1,1h,SI1,5.3542
5.5013782607155655,1.9515289898943995,-0.6201335989054642,-0.3969378039731811,-0.5167730897529794,N900_RS04305,plsX,-1.8184928333333332,-3.9058,0.11802,12h_SI6,12h,SI6,3h_st,3h,st,4.02382
5.719255337880235,1.835713633696867,-0.6193398785357118,-0.4400719724713695,-0.49718404645793646,N900_RS04310,fabH1,-1.2989929216666667,-3.4107,0.70024,6h_SI9,6h,SI9,12h_st,12h,st,4.110939999999999
3.8356167364671063,2.101762637286405,-1.8452751741648223,-1.7522112652483133,-1.0295550827218467,N900_RS04330,fabF,0.39181201666666665,-1.1631,3.2761,6h_SI7,6h,SI7,12h_st,12h,st,4.4392
1.4945619560140553,0.9033247919098629,1.0710663599033132,0.44362409399401864,0.2893645412391528,N900_RS04335,pabC,1.04447365,-0.64857,3.576,6h_SI3,6h,SI3,24h_SI1,24h,SI1,4.22457
6.135482995075663,3.961696432215208,-3.166382457402959,-2.0172376866372037,-2.1275655236031112,N900_RS04340,mltG,0.8940834666666668,-0.82932,3.5148,12h_SI8,12h,SI8,6h_SI3,6h,SI3,4.34412
5.66970271174727,2.0489317738450747,-0.7857223240142982,0.03000740410345999,-0.6226234242796324,N900_RS04350,holB,1.5039417666666666,-0.26389,3.6238,12h_SI9,12h,SI9,12h_st,12h,st,3.88769
5.9892548266032435,3.4706669363305425,-1.6836642296172903,0.015322434877526162,-1.4899022348683033,N900_RS04355,ycfH,1.5982616488333332,-0.44505,4.1663,1h_SI8,1h,SI8,3h_st,3h,st,4.61135
5.134606971812972,3.173651715928706,-2.2135716826212617,-0.3538950619000872,-1.3036974681772804,N900_RS04360,ptsG,0.8305990666666667,-0.24578,3.1431,1h_SI7,1h,SI7,3h_SI3,3h,SI3,3.38888
1.861214493893342,2.115613366365709,-1.3782335972320747,-2.0811470794633764,-0.9345333215799182,N900_RS04365,sodium-dependent transporter_1,0.4352547333333333,-0.81864,5.0967,12h_SI2,12h,SI2,3h_SI4,3h,SI4,5.9153400000000005
2.296389595887469,2.1205210775468415,-1.961141801264381,-1.1251076377220253,-1.3921316820770158,N900_RS04370,N900_RS04370,0.7801810166666666,-0.32211,3.0334,1h_SI8,1h,SI8,3h_SI2,3h,SI2,3.3555099999999998
3.8585838464448794,2.675060190822311,-3.217648149996857,-1.596173112102522,-2.2011250614304236,N900_RS04375,N900_RS04375,0.1998195666666667,-1.4207,3.2426,6h_SI2,6h,SI2,3h_SI5,3h,SI5,4.6633
4.534429881062959,4.506097838474371,-3.925083392937684,-1.0989902559830986,-2.7914764874586777,N900_RS04380,pykA_1,0.8676892666666667,-0.73358,3.9536,12h_st,12h,st,6h_SI4,6h,SI4,4.68718
3.488700834114403,2.8531505432027284,-0.34817372378904793,-0.09260986508480203,-0.6500121175410087,N900_RS04385,mlc,1.550803733333333,0.075864,4.6925,1h_SI6,1h,SI6,6h_ce,6h,ce,4.616636
4.105906908403947,2.7153673593646332,-0.3283847257056883,-0.43081516833071853,-0.7230930982529747,N900_RS04390,chev_2,1.1857044449999998,-0.073382,4.8473,3h_co,3h,co,3h_st,3h,st,4.920681999999999
3.3966057153168308,1.3701156632122697,-0.5051251949340542,-3.0829012046549544,-0.5840583763862807,N900_RS04395,N900_RS04395,-0.2642773666666667,-2.3027,3.8164,6h_SI6,6h,SI6,3h_SI1,3h,SI1,6.1190999999999995
5.72537754560973,3.495559368910452,-1.8679270139680106,0.17943334297374827,-1.6361197141827275,N900_RS04400,ChaN family lipoprotein,1.1294992566666666,-0.52411,4.0799,1h_SI9,1h,SI9,3h_st,3h,st,4.604010000000001
3.6699390033762525,2.8279534925737484,-2.7464780609022745,-0.06325096630193877,-2.1187468793480693,N900_RS04405,rlmA,1.5722301333333337,-0.63497,6.5373,1h_co,1h,co,3h_SI1,3h,SI1,7.17227
4.082874866659047,2.4161104454923947,-2.509857336879032,-1.5271509884212093,-1.5345254712541425,N900_RS04410,N900_RS04410,0.5749896166666665,-0.81818,3.8649,6h_co,6h,co,6h_st,6h,st,4.68308
4.490258286065984,3.630008373252788,-3.005168092388329,-2.1031206273034675,-2.061181081821299,N900_RS04415,yeaD,0.8061492166666666,-0.48879,3.4229,12h_st,12h,st,12h_SI1,12h,SI1,3.9116899999999997
5.27787228236587,3.97616734550912,-2.916146412021015,-0.7948771172592155,-2.12785209809408,N900_RS04425,msrB_2,1.60119735,-0.7388,5.1093,1h_SI2,1h,SI2,3h_SI1,3h,SI1,5.8481000000000005
5.484687222438061,4.140319139921192,-3.7958389218207764,-1.4222615788671322,-2.6711270087656587,N900_RS04430,N900_RS04430,0.8477246753333334,-0.45619,3.7678,3h_st,3h,st,6h_SI3,6h,SI3,4.22399
5.437507092379304,3.1738450422088182,-1.4450267183798273,-1.0244846763697095,-1.420084164219841,N900_RS04435,N900_RS04435,0.9060249766666667,-0.20237,4.3398,1h_SI7,1h,SI7,3h_st,3h,st,4.5421700000000005
4.535818025667096,3.0372931562046244,-2.7637533062030597,-1.47945637099441,-1.6687166901944415,N900_RS04440,ansA,-0.05830088333333336,-1.601,3.3182,6h_SI9,6h,SI9,6h_SI4,6h,SI4,4.9192
4.530641520219556,4.54312059252303,-3.46547071772631,0.3218187199686268,-2.5847634183857107,N900_RS04445,sppA,1.7334983000000002,-0.32443,5.3733,3h_co,3h,co,3h_SI5,3h,SI5,5.69773
6.446762681743956,3.142524185549721,-2.039892404039969,-1.0199347818382007,-1.5659700507589212,N900_RS04450,fadH,1.1646299833333333,-0.26653,3.811,24h_SI7,24h,SI7,6h_st,6h,st,4.07753
5.098904503957322,2.092794416629325,-1.3047658967734959,-1.1569892723187027,-1.0063863940971143,N900_RS04455,purU,1.226722915,-0.45287,4.5971,3h_SI4,3h,SI4,6h_ce,6h,ce,5.04997
4.75451823030258,3.7899246398610047,-3.6937807712115704,-2.300753861786597,-2.4886301250215137,N900_RS04465,ATP-dependent DNA helicase,0.2592178833333333,-1.1638,3.9438,12h_st,12h,st,3h_SI5,3h,SI5,5.1076
4.6138433042329146,3.209165610330536,-1.8781692811616244,-1.5736950600277724,-1.8153505310672218,N900_RS04480,starvation lipoprotein Slp,1.4042214166666664,-0.44668,5.0559,12h_st,12h,st,3h_st,3h,st,5.50258
4.258789243762445,2.2237334248291485,-2.1432018564458994,-1.1759724716345863,-1.5244727476447593,N900_RS04485,menH_1,0.64059745,-0.76119,4.8051,3h_st,3h,st,3h_SI3,3h,SI3,5.56629
5.086345582049687,2.290030785029173,-1.9360451605751425,-0.8671251574551033,-1.3269891441873842,N900_RS04490,fadD,1.0352465333333334,-1.8554,5.7186,6h_SI6,6h,SI6,6h_st,6h,st,7.574
3.537859908036526,3.659715393427803,-2.9173543270639994,-2.5647407337492636,-2.0924629238056855,N900_RS04495,rnd,0.6019116483333334,-0.79367,3.1278,6h_ce,6h,ce,3h_SI5,3h,SI5,3.9214700000000002
4.297956753262493,2.818478444630174,-1.9381954105480799,-1.0138266697244989,-1.4721430044050816,N900_RS04500,peptidase_1,0.57854435,-0.84669,3.6822,6h_st,6h,st,3h_SI1,3h,SI1,4.52889
5.8625771989571644,2.4312148097952373,-0.9191610228643523,-0.1961733200115464,-0.7013082978197711,N900_RS04505,rrtA,1.7917170666666669,-0.16292,3.944,6h_SI9,6h,SI9,12h_st,12h,st,4.10692
2.1332635468232306,1.5834663213880933,-1.4556092647137222,-3.024260891250744,-1.042164165413138,N900_RS04510,N900_RS04510,-0.4342803933333333,-2.6667,2.8088,24h_st,24h,st,3h_SI2,3h,SI2,5.4755
3.617047804083589,3.1562632112092275,-2.999775088891965,-0.7353983919646088,-2.259592304037004,N900_RS04515,dgt,0.6020750385000001,-1.3062,3.3757,12h_SI1,12h,SI1,6h_SI4,6h,SI4,4.681900000000001
4.419445914236804,3.4189589303909442,-2.466842082134403,-1.8074698980819155,-1.8086223406817157,N900_RS04520,yfbR,0.6947756999999999,-0.89075,3.3065,24h_st,24h,st,3h_SI6,3h,SI6,4.19725
0.7896517023876393,0.9561485984172539,0.2979065333242313,0.2799795794559781,0.16448351223396984,N900_RS04525,alaA,0.5228394433333333,-2.5115,4.2993,6h_SI5,6h,SI5,12h_SI3,12h,SI3,6.8107999999999995
3.93831433934571,3.839631653960265,-2.3678690452342006,-0.5632826979514368,-1.7527437632287532,N900_RS04530,menf,1.0165646000000002,-0.75109,4.9737,6h_SI2,6h,SI2,12h_SI1,12h,SI1,5.7247900000000005
5.4843043569265895,4.535550185436847,-3.24616238092488,-1.801638882630502,-2.2625621225967825,N900_RS04535,menD,0.7211290600000001,-0.58297,2.9033,3h_st,3h,st,3h_SI4,3h,SI4,3.48627
4.936705712717798,3.2498474996009774,-2.1345435063456386,-0.17007680006135725,-1.1378820807960295,N900_RS04540,menH,1.1148368700000002,-0.34765,4.045,1h_ce,1h,ce,6h_SI2,6h,SI2,4.39265
1.307506259965446,1.8703843281507195,-0.9496529366169337,-0.9360920999125986,-0.5838008312289196,N900_RS04545,menB,0.8421762716666668,-0.48483,4.6414,1h_ce,1h,ce,1h_st,1h,st,5.12623
4.182838043012181,2.623216405923364,-1.492333087014119,0.5859827687424676,-1.2191144122225366,N900_RS04550,menC,1.2150816666666668,-0.62857,3.9035,3h_co,3h,co,6h_SI3,6h,SI3,4.53207
5.0521660541097955,2.9794956176761973,-1.5571962695785084,-1.4276245050714216,-1.3938952411976344,N900_RS04555,menE,0.5112512416666666,-0.7273,3.43,1h_st,1h,st,3h_SI2,3h,SI2,4.1573
3.222582636546589,3.2148933736026843,-2.49705687966693,-0.49527563513801603,-1.5945873306253768,N900_RS04560,ydcO,0.7088698250000001,-0.90136,4.3337,12h_SI4,12h,SI4,6h_SI2,6h,SI2,5.235060000000001
5.484301981234542,3.836455418953325,-4.242654215923553,-0.6788601291773332,-2.920874882700084,N900_RS04565,sutR,1.0106300666666665,-0.47738,4.039,3h_SI3,3h,SI3,6h_SI3,6h,SI3,4.51638
4.102484519214155,2.20724726362284,-2.909710865108773,-1.0233832370398672,-1.7210366840042541,N900_RS04570,methyl-accepting chemotaxis protein_1,1.2244305000000002,-0.58738,4.5969,3h_SI2,3h,SI2,3h_SI1,3h,SI1,5.184279999999999
3.4769541938889486,1.4293674821206555,-1.2398416652899666,-0.053202732504233685,-0.7274728191691578,N900_RS04580,lplT,1.0381252150000002,-0.78012,5.0419,12h_SI2,12h,SI2,12h_SI1,12h,SI1,5.82202
3.484007482562616,3.2584171220714677,-1.8309047557494524,-1.4004456104845133,-1.4139342485816868,N900_RS04585,TetR/AcrR family transcriptional regulator_4,0.7012259550000001,-0.85079,4.345,6h_SI2,6h,SI2,3h_SI3,3h,SI3,5.19579
3.231914105329436,3.2789466443878448,-1.9095893829964012,-1.8305751988097974,-1.3368330251099447,N900_RS04590,N900_RS04590,0.37042244666666657,-1.6315,3.5261,12h_SI2,12h,SI2,3h_SI5,3h,SI5,5.1576
2.1574948418073228,1.043985906698297,-0.24933237805973996,-0.1776417429180316,-0.3072152814319439,N900_RS04595,N900_RS04595,0.00378455017,5.1913e-06,0.099076,6h_SI6,6h,SI6,12h_SI1,12h,SI1,0.0990708087
1.6482855976678283,-0.7629879788833535,0.0576730830414755,1.6373706564461796,0.429479473636805,N900_RS04600,nlpE_1,0.8834398833333333,-1.7963,4.5191,1h_SI4,1h,SI4,6h_st,6h,st,6.3154
1.7384343876685031,0.785263747120303,0.019923864314919566,-3.6561861168896277,0.02196443140188302,N900_RS04605,minE,-2.3172268666666667,-4.7812,1.1327,12h_SI8,12h,SI8,3h_SI9,3h,SI9,5.9139
5.568016282876611,2.106116678582904,-3.891907914464949,-1.051622531843826,-2.4097125822737095,N900_RS04610,minD,1.138129163333333,-0.32986,5.0559,3h_SI2,3h,SI2,6h_SI2,6h,SI2,5.38576
4.026932021430628,1.6790057724488696,-1.6049288697462578,-1.9965150900034287,-1.4928487306311675,N900_RS04615,minC,0.004703166666666665,-1.9069,2.7816,3h_SI9,3h,SI9,3h_SI2,3h,SI2,4.6885
3.58893353908195,2.4597808761090723,-0.3503735270706875,-2.1746347359026985,-0.7196688874393904,N900_RS04620,VC_1957_BLAST,0.3645300616666667,-1.235,3.7382,6h_SI4,6h,SI4,12h_SI1,12h,SI1,4.9732
5.950414629560588,2.5312617268400497,-3.8243173429341,-0.16839809626088734,-2.307789364809478,N900_RS04625,lytic murein transglycosylase,0.8719859666666666,-0.64967,3.9466,3h_SI3,3h,SI3,6h_SI4,6h,SI4,4.5962700000000005
5.106408403418916,3.7188586845019365,-2.2672167445772247,-0.9348096821986774,-1.4763985357466418,N900_RS04630,lysr_2,1.297679783333333,-0.11013,3.5565,1h_SI8,1h,SI8,3h_SI4,3h,SI4,3.66663
4.776735308260701,3.6243127083459514,-2.248036432589999,-1.608182296747695,-2.1103504752187012,N900_RS04635,NupC/NupG family nucleoside CNT transporter,0.9464495333333335,-0.62034,3.9025,6h_st,6h,st,6h_ce,6h,ce,4.5228399999999995
6.616717755528871,3.2639829671128417,-2.1782333083055465,-0.822758813354749,-1.7127960866139118,N900_RS04640,chitinase_2,1.1515031966666667,-0.19687,4.4924,6h_SI9,6h,SI9,6h_SI2,6h,SI2,4.68927
2.1752677812416037,3.7306248994497704,-2.38672573111258,-1.860165679345616,-1.7185095800784016,N900_RS04645,cytochrome c_1,0.49828025000000004,-1.0853,3.0691,12h_SI2,12h,SI2,3h_SI4,3h,SI4,4.1544
4.717852454032098,3.356053546466302,-1.308051256604091,-0.6943552657089328,-1.1886169527042934,N900_RS04650,torZ,1.07782195,-0.89819,4.8222,1h_SI1,1h,SI1,3h_SI2,3h,SI2,5.72039
2.4313668150244943,0.8349589924464997,-1.7339147482597435,-1.009961330980657,-1.2088459622137668,N900_RS04655,pvcA,0.15144129999999997,-1.5386,3.191,12h_SI2,12h,SI2,3h_SI2,3h,SI2,4.7296
3.208887772945855,3.00128156163559,-1.7143522043457096,-1.6201177832706133,-1.0778560068251426,N900_RS04660,LysR family transcriptional regulator_2,0.6419508766666666,-0.90131,3.7648,3h_SI2,3h,SI2,3h_SI7,3h,SI7,4.66611
4.627750095800599,1.3688938372457278,-2.3926210673429864,-0.7710949756220378,-1.2346429099679996,N900_RS04665,mhpA,0.7812497566666666,-0.86729,3.5221,3h_st,3h,st,3h_SI1,3h,SI1,4.38939
5.560425635136841,3.4551270327128174,-1.9948759190829615,-0.9393791830208141,-1.415962500374448,N900_RS04670,TauD/TfdA family dioxygenase,0.801869255,-0.37686,3.6492,3h_SI9,3h,SI9,3h_SI4,3h,SI4,4.02606
5.260031930852119,1.8234306330273815,-0.4944270763142799,-0.4643106621891811,-0.38382505098161873,N900_RS04675,folD,1.3745082166666664,-0.67903,5.781,6h_SI9,6h,SI9,1h_st,1h,st,6.46003
5.285141866894834,3.6198940565659834,-3.5421866258020764,-1.0814281528705543,-2.4498534202501876,N900_RS04685,opgC,0.9519725333333333,-0.52266,4.2149,1h_st,1h,st,6h_ce,6h,ce,4.73756
4.385149550276204,1.912678978787117,-0.2068559669436458,-0.84383305969656,-0.3959090563979417,N900_RS04690,HAD-IB family hydrolase,1.1778154333333333,-0.44008,5.3179,1h_SI6,1h,SI6,3h_st,3h,st,5.75798
4.063268479857711,2.8120219984619363,-1.0410019221091018,-1.6842186101054384,-1.048828238424923,N900_RS04695,lyse_1,1.168122866666667,-0.37676,4.6363,12h_st,12h,st,3h_SI5,3h,SI5,5.01306
3.5251288336392657,2.5158130612669796,-2.5638199213466075,-0.7112376116988749,-1.866678032530256,N900_RS04700,acyl-CoA thioesterase,0.9276479166666667,-1.0606,4.9001,3h_SI7,3h,SI7,3h_SI2,3h,SI2,5.9607
4.2098477879129526,2.3877807660535533,-0.8244551243882332,-1.2304682713164714,-0.6196289107639084,N900_RS04705,1-acyl-sn-glycerol-3-phosphate acyltransferase,1.1883821833333335,-0.2152,6.3427,1h_SI9,1h,SI9,6h_st,6h,st,6.5579
3.0396736034369494,3.082488713247437,-1.964724704154849,-0.6346064464510707,-1.5203305051927516,N900_RS04715,CDP-diacylglycerol--glycerol-3-phosphate 3-phosphatidyltransferase-related protein,0.8265163500000001,-0.45131,4.655,6h_st,6h,st,6h_ce,6h,ce,5.106310000000001
4.74971548289771,2.1533550499799827,-2.34914688986326,-1.5937938787055657,-1.6809996992640595,N900_RS04720,bifunctional diguanylate cyclase/phosphodiesterase_2,0.4496517566666667,-1.0782,3.402,12h_co,12h,co,6h_st,6h,st,4.4802
0.002692054384172124,0.8671094230277269,-0.5259986241599527,-0.145671057679364,-0.19092798195580477,N900_RS04725,N900_RS04725,-0.020558449999999992,-2.1178,3.3344,6h_SI5,6h,SI5,6h_SI3,6h,SI3,5.4521999999999995
4.283335787452809,1.7368856417364755,-2.540706213221733,-0.4955324250971606,-1.4835336606297451,N900_RS04730,N900_RS04730,0.34117665666666663,-1.0851,2.9704,3h_SI2,3h,SI2,3h_SI1,3h,SI1,4.0555
4.504496744251805,2.5280042766118056,-3.0079127383232365,-1.5650170218409702,-2.040622062641444,N900_RS04735,ydiU_BLAST,0.14206296666666668,-1.4016,3.5264,12h_SI4,12h,SI4,6h_SI3,6h,SI3,4.928
2.621846776072217,1.5463472612013134,-0.9141101889783301,1.1625752359654846,-0.8077194643119404,N900_RS04740,dctp,1.3562256583333332,-0.48524,4.2144,3h_SI5,3h,SI5,6h_ce,6h,ce,4.6996400000000005
2.909219114579533,2.45079251217775,-2.091999415869207,-0.6383886856925071,-1.3021779957811395,N900_RS04745,TRAP transporter small permease,0.47295777833333336,-0.9926,3.0021,12h_SI1,12h,SI1,3h_SI1,3h,SI1,3.9947
5.346664373454455,2.3295521434272515,-2.189488625393659,-0.08261345450669853,-2.1000038651113626,N900_RS04750,dctM_1,1.1430141666666667,-0.69967,5.1172,6h_st,6h,st,3h_st,3h,st,5.816870000000001
5.225778688584138,2.819168333536166,-2.3065817948397247,-1.843419753359935,-1.5015327031157066,N900_RS04755,dctD,0.44922901666666665,-1.6974,3.8993,6h_ce,6h,ce,1h_ce,1h,ce,5.5967
3.932368202205782,2.9146842048153916,-3.269444970101383,-1.8816359725871754,-2.282438933106527,N900_RS04760,dctB,0.59748443,-0.74389,4.242,12h_SI1,12h,SI1,3h_SI1,3h,SI1,4.98589
4.187381558127575,3.071471376918977,-2.22905346250968,-1.5326015596382097,-1.5810679762108741,N900_RS04765,N900_RS04765,0.9600014783333334,-0.71843,5.0535,6h_SI4,6h,SI4,6h_SI1,6h,SI1,5.771929999999999
2.9610628786185864,2.984835198215283,-1.8206014716890915,-1.7194285098882602,-1.2896579905340193,N900_RS04770,tig,-0.035672316666666634,-1.9277,4.084,6h_SI5,6h,SI5,3h_SI3,3h,SI3,6.011699999999999
5.535881343532512,2.0552173665657048,-1.0231238859632081,-1.2418663543393427,-0.7844073708662984,N900_RS04775,clpP,0.9659701166666667,-1.2151,6.2538,12h_SI9,12h,SI9,3h_SI1,3h,SI1,7.4689
5.620106201654836,1.939915302081938,-0.669013486287458,-0.4416597445922755,-0.5184576203111347,N900_RS04780,clpx,2.0810109999999997,0.12159,4.2838,6h_SI9,6h,SI9,12h_st,12h,st,4.16221
4.636969371528379,3.7830798678973068,-2.3988177931155086,-2.1331387311037235,-1.7523097270263128,N900_RS04785,lon_1,1.1185565199999996,-0.33776,5.1015,6h_SI9,6h,SI9,1h_ce,1h,ce,5.43926
2.2305600526379297,2.5345139722442798,-1.8515361313361005,-3.2004587741157287,-1.3044362568930432,N900_RS04795,ppiD,-0.4451896,-1.8149,3.2382,12h_SI2,12h,SI2,3h_SI2,3h,SI2,5.0531
5.300629419099506,3.4394890443178476,-2.8195976554741473,0.08659076951580721,-2.1917841779290135,N900_RS04800,ComEA family DNA-binding protein,1.4630636166666666,-0.010489,4.0108,3h_SI4,3h,SI4,6h_SI2,6h,SI2,4.0212889999999994
5.053907955990199,1.9192509936048057,-0.5826964233674639,-0.8216041898535371,-0.43280283468301967,N900_RS04815,ihfB,-1.1307439,-3.3025,0.79774,12h_SI7,12h,SI7,12h_st,12h,st,4.10024
4.699022030644638,2.0671002125322495,-1.7800917914584655,-1.4129179826526603,-1.1877863482567272,N900_RS04820,lapa,0.21944670666666663,-2.1475,4.3015,12h_ce,12h,ce,12h_SI1,12h,SI1,6.449
4.861080432639538,1.9766987395578222,-0.7531628356520773,-2.1455297902013197,-0.8603436861979415,N900_RS04830,pyrF,-0.02949454999999996,-3.7276,4.5978,6h_SI7,6h,SI7,6h_ce,6h,ce,8.3254
5.401436986189963,2.8060154094450387,-1.5358115594686346,-1.7080210640092925,-1.4361190166758198,N900_RS04835,MiaE,1.1661746166666664,-0.42889,4.5921,3h_ce,3h,ce,3h_st,3h,st,5.02099
5.8773993634059405,2.7830903721972025,-1.495765267182393,1.5089090630031952,-1.1658646433949698,N900_RS04840,motV,2.7984921883333334,-1.4682,6.4085,1h_SI6,1h,SI6,12h_SI1,12h,SI1,7.8767
5.787316161042017,2.2362996937780717,-0.8691715795361082,-0.020703283664970262,-0.6872231802545005,N900_RS04845,cysB,0.3927544633333333,-1.711,2.4006,6h_SI9,6h,SI9,12h_st,12h,st,4.1116
1.573399497704201,0.34884712134958384,-1.494855650997169,-3.1054520324046866,-0.8615584209363631,N900_RS04850,methyltransferase,-0.7035764666666665,-1.9415,2.0266,6h_SI1,6h,SI1,1h_st,1h,st,3.9681
4.824293569892886,2.176655954402122,-3.449227126197558,-1.1950246424672815,-2.4621346551107717,N900_RS04855,ald,1.0358829416666666,-0.56041,5.2295,3h_SI7,3h,SI7,3h_SI1,3h,SI1,5.78991
5.921452709154494,2.159676308702948,-0.8539769041096416,-0.17081153442511918,-0.6644866088530482,N900_RS04860,lrp_1,1.8453204500000002,-0.056183,4.0561,6h_SI9,6h,SI9,12h_st,12h,st,4.112283
5.965545205852149,2.9733462175682233,-3.0697869403796996,-2.6312056202483705,-2.0574930815583548,N900_RS04870,dsbB,-0.33072121666666665,-2.7609,4.1369,6h_SI9,6h,SI9,1h_SI1,1h,SI1,6.8978
4.5387900886956425,2.2136366056294414,-3.546869312150277,-0.05900198507950592,-2.610900485811148,N900_RS04875,nhaB,1.04811315,-0.54017,4.356,6h_SI1,6h,SI1,6h_SI4,6h,SI4,4.89617
4.195862835317155,2.7365548368309827,-1.6689835627292056,-2.0178178182703532,-1.2027984895135304,N900_RS04880,fadR,1.1680233833333333,-1.5989,4.8608,6h_SI7,6h,SI7,3h_SI2,3h,SI2,6.4597
5.6014761420889,3.0954524619554054,-1.9132885828716724,-0.14344019243044695,-1.7674800957240864,N900_RS04885,N900_RS04885,1.4193907666666665,-0.34057,4.4853,6h_ce,6h,ce,3h_SI1,3h,SI1,4.825869999999999
2.1497564566181686,0.6080396155194165,-0.41998679705429454,-0.3669657707516973,-0.1883268229913325,N900_RS04890,methyl-accepting chemotaxis protein_3,0.0999043,-2.7012,5.5509,6h_SI5,6h,SI5,6h_SI1,6h,SI1,8.2521
-1.4343512473107451,-0.8156997297677454,0.46703428205236347,2.137084866017099,0.24006351095129363,N900_RS04895,hinT,0.5871952666666667,-1.2797,4.2602,6h_SI8,6h,SI8,6h_SI5,6h,SI5,5.5399
4.0948526251246244,3.175345027460368,-2.5721268445187238,-0.7748677912808085,-1.7943499845659228,N900_RS04900,N900_RS04900,0.8011507333333334,-0.44888,3.1939,3h_SI1,3h,SI1,12h_SI2,12h,SI2,3.64278
5.7434867121893625,3.0365965175488774,-2.2163868157825566,-0.9479093719727879,-1.9090268707199725,N900_RS04905,N900_RS04905,1.0987852999999999,-0.40268,4.1136,6h_SI6,6h,SI6,6h_SI2,6h,SI2,4.51628
3.5951633150094273,2.1747462250413747,-2.5485306611630465,-0.1958970835400293,-1.8350376217510151,N900_RS04910,lpoB,0.5405676666666667,-1.5165,3.918,3h_SI8,3h,SI8,6h_ce,6h,ce,5.4345
4.7300857832591054,1.667397826155307,-2.6398951040294025,-0.1480047874382421,-1.6773033789414007,N900_RS04915,thiK,0.006151574999999981,-1.0764,4.0298,3h_SI9,3h,SI9,1h_SI1,1h,SI1,5.106199999999999
2.404422519803837,1.712053622428811,-1.2411840926265412,0.274499726355705,-0.9317608771642403,N900_RS04920,ycfP,1.2990930166666665,-0.01142,4.645,1h_SI7,1h,SI7,3h_SI4,3h,SI4,4.65642
3.6998508456168806,3.2959380363011035,-1.1188832316421318,-0.33677002744589135,-0.9282374879735839,N900_RS04925,ndh,0.7569319833333332,-0.98594,4.2302,1h_SI7,1h,SI7,3h_SI3,3h,SI3,5.21614
2.3261452331003496,2.3363321572322846,-2.144916890717957,-0.2575443003108275,-1.5492861083233957,N900_RS04930,rimL,0.57774305,-0.77205,4.8024,6h_st,6h,st,6h_SI3,6h,SI3,5.57445
3.968501342035205,3.584360346010794,-2.9243738650984783,-0.7325593245663764,-2.0113802126013995,N900_RS04935,hemolysin_2,0.9041604833333333,-0.7179,3.457,1h_ce,1h,ce,12h_SI1,12h,SI1,4.1749
5.562985012773624,1.7472822130800234,-0.7506145141308831,-0.9722610718793376,-0.5728332000722801,N900_RS04940,N900_RS04940,-0.9503314654999999,-2.9729,1.0611,12h_ce,12h,ce,3h_SI2,3h,SI2,4.034
0.2559472429439696,1.021167380143472,-0.06390847685473347,-2.999970824246886,-0.06752819697112133,N900_RS04945,mfd,-0.8932257000000001,-3.2265,3.1501,6h_SI5,6h,SI5,3h_SI3,3h,SI3,6.3766
1.7157603892179307,1.3339601979930835,-1.4808762653562142,-3.4824781575146946,-0.9733458049696666,N900_RS04950,pilz_2,-0.8508710999999999,-3.5076,2.7429,3h_SI7,3h,SI7,1h_co,1h,co,6.250500000000001
3.9626554927369515,0.7983958802906401,-0.8826297716335397,-1.7449411406676893,-0.2139253550957425,N900_RS04970,N900_RS04970,0.003914749999999987,-2.3189,4.9494,12h_SI6,12h,SI6,6h_st,6h,st,7.2683
5.425942159515189,2.7013568274770163,-2.8184560664022698,-1.0830312574134235,-2.3628225791554534,N900_RS04975,DNA internalization-related competence protein ComEC/Rec2,0.34371430166666667,-1.3296,3.3754,6h_SI1,6h,SI1,6h_SI2,6h,SI2,4.705
2.1085446560507592,-0.3109595343408983,0.6602948049236038,-1.1548097670113537,0.5189796098551687,N900_RS04990,VC0395_A1467_BLAST,-1.5325226666666665,-4.6134,0.10543,6h_SI9,6h,SI9,3h_SI7,3h,SI7,4.7188300000000005
5.991632998212533,3.404820814116148,-3.65925695116869,-1.0525280942152786,-2.748611467508812,N900_RS05000,ycgB_BLAST,0.6673474613333334,-1.0142,4.31,12h_st,12h,st,6h_SI3,6h,SI3,5.324199999999999
5.535437594264035,3.4855738392543514,-3.301713133936961,-0.012560440820239521,-2.3147770987633347,N900_RS05005,yeah,0.8586386833333333,-0.67557,4.093,1h_SI6,1h,SI6,6h_SI3,6h,SI3,4.76857
1.8348565258980745,2.6264213518614907,0.001442100849874907,-1.389232086750735,-0.14752302089806305,N900_RS05010,yeaG_BLAST,0.8201259883333333,-0.98471,4.9614,3h_SI1,3h,SI1,1h_st,1h,st,5.94611
1.2108962810405677,1.3285626799430685,0.3993776566255771,0.5413761021769066,-0.35330174987249185,N900_RS05015,yfbu,1.0036552116666666,-0.40912,4.0658,12h_SI2,12h,SI2,3h_SI2,3h,SI2,4.47492
1.8434570218676805,2.165809937385763,-0.7389132174152212,-1.4708447797850617,-0.5640611315489952,N900_RS05020,membrane protein_3,1.2045267166666667,-0.26847,5.6165,1h_SI8,1h,SI8,3h_SI1,3h,SI1,5.88497
2.273752426996749,1.2459143881555215,-1.4418094327195021,-0.1838192081280194,-0.9286111554121264,N900_RS05025,pflA,0.40198466000000005,-0.93053,4.3825,24h_SI1,24h,SI1,12h_SI2,12h,SI2,5.31303
5.070657740933745,2.8296713572112293,-2.3529545920469115,1.0791238681332822,-1.5467222384685457,N900_RS05030,methyl-accepting chemotaxis protein_7,1.1064064333333332,-1.197,4.5076,1h_co,1h,co,3h_SI5,3h,SI5,5.7046
5.36847791961749,3.13375921919427,-2.153797495419324,-0.025127862000102683,-1.758552238111987,N900_RS05035,lpxR,0.9605232000000001,-0.40591,3.731,1h_SI8,1h,SI8,6h_SI4,6h,SI4,4.13691
1.8618949540518455,0.5085770886340981,0.995448934639451,0.7574841767371384,0.2294968023979518,N900_RS05040,pflB,0.5588561116666665,-1.6752,4.7134,6h_SI6,6h,SI6,3h_st,3h,st,6.3886
3.5078594469491478,2.8400424584005197,-2.0559912786795143,0.34856004508965505,-1.407329594514703,N900_RS05045,N900_RS05045,0.5992606766666666,-1.2144,4.2496,12h_co,12h,co,6h_SI1,6h,SI1,5.464
2.7696793289772463,2.0693117601785906,-1.807656105214015,-0.18922146960401343,-0.9937758833008541,N900_RS05050,occP,1.3571637000000003,-0.21443,4.2764,1h_SI7,1h,SI7,3h_SI5,3h,SI5,4.49083
6.1505626942696345,3.3013518535670814,-1.4334011888666012,-0.7789448015956434,-1.271358409034786,N900_RS05055,argT,1.1644249333333332,-0.35046,3.5794,12h_co,12h,co,1h_SI1,1h,SI1,3.92986
4.7752982192078095,2.7790400067641143,-1.9498411472589865,-1.4901832122359755,-1.1700780409512914,N900_RS05060,hisQ,0.6654580666666667,-0.58338,3.5209,12h_SI9,12h,SI9,6h_st,6h,st,4.10428
6.127403579066489,2.7147396460084017,-3.1582186191016817,-1.1731926234355456,-2.0501866074374577,N900_RS05065,hisM,0.8958732666666667,-0.47761,3.7407,3h_SI4,3h,SI4,3h_SI1,3h,SI1,4.21831
4.081439616104283,2.8602583455711,-2.3311398033147723,0.4167017874968676,-1.6198027396079817,N900_RS05070,xthA,1.779389166666667,0.12341,4.8797,1h_SI1,1h,SI1,6h_SI3,6h,SI3,4.75629
6.171931989714119,3.8903322234943234,-3.0319369882287237,-1.4544118089263878,-2.440404600397957,N900_RS05075,pctC_1,1.1042378666666666,-0.23737,3.5909,1h_SI4,1h,SI4,12h_SI2,12h,SI2,3.82827
6.19740010022022,3.0331604901301907,-3.7833485696068516,-1.4358471286335577,-2.7112873847761563,N900_RS05080,rsmS,0.10816503333333331,-1.2773,3.4677,3h_SI5,3h,SI5,3h_SI1,3h,SI1,4.745
2.026955938633428,0.8662996080727399,-2.181450761460602,0.6048661144650213,-1.3663163583834725,N900_RS05085,prepilin peptidase_2,0.26324856166666666,-0.83559,3.9948,3h_SI3,3h,SI3,12h_SI2,12h,SI2,4.83039
4.488149829716969,2.380247013813096,-3.0548366978406825,-2.756787925438316,-2.075644551659605,N900_RS05090,yfcA_2,-0.10433206666666668,-1.2816,3.9033,6h_SI4,6h,SI4,3h_SI1,3h,SI1,5.184900000000001
5.59598046983984,3.393323829534882,-3.123851644098183,-1.9027576941554374,-1.9064454408582514,N900_RS05095,dinG,0.7030367666666667,-0.75055,3.2753,24h_ce,24h,ce,3h_SI4,3h,SI4,4.02585
4.648461678488383,4.336049379118093,-2.9515196553543235,-1.3943032285024235,-2.1673462489935007,N900_RS05100,ompT,0.98246435,-0.50573,3.8587,12h_st,12h,st,3h_SI3,3h,SI3,4.36443
2.3914595653635953,2.5874279742597586,-2.2022450671720226,0.5753575142007503,-1.6138327505258103,N900_RS05105,VC_1853_BLAST,0.6540752166666665,-1.2414,3.8658,6h_SI1,6h,SI1,6h_SI4,6h,SI4,5.107200000000001
4.980229497176727,3.2926189897089175,-3.5321132727323614,-2.1013028664181634,-2.4282577171326682,N900_RS05110,VC0395_A1443_BLAST,0.6346777500000002,-1.0232,5.0956,24h_SI1,24h,SI1,6h_ce,6h,ce,6.1188
4.836194661810575,2.66383068890585,-2.8488003088890226,0.22251338663281395,-1.9853765413005877,N900_RS05115,cdgJ_2,0.537821,-1.547,3.6109,6h_SI8,6h,SI8,6h_SI2,6h,SI2,5.1579
2.7230244245094046,2.310932934098663,-1.0100810294289155,-2.0343277437529044,-0.8900988498567066,N900_RS05135,ruvC,-0.106628365,-2.3451,3.1281,12h_SI4,12h,SI4,3h_SI3,3h,SI3,5.4732
2.9488515775275785,2.637564174588875,-1.6671575633910305,-1.4832310158778859,-1.341087520298284,N900_RS05140,ruvA,-0.05279776666666668,-2.1637,3.4884,12h_co,12h,co,3h_SI3,3h,SI3,5.6521
5.248974704428953,0.9473002650130066,-1.8719917527812144,-0.20792831632980593,-1.0087123583692401,N900_RS05145,ruvB,0.6450091583333334,-1.361,4.8952,6h_SI9,6h,SI9,6h_st,6h,st,6.2562
5.38845352934236,2.02144617739551,-0.6347284186125557,0.09899054639471547,-0.5171058947038305,N900_RS05150,cydA,0.7195319666666666,-1.0978,2.7945,6h_co,6h,co,12h_st,12h,st,3.8923000000000005
5.332403845288675,2.221882555818973,-0.6640621393391649,0.07127363221460807,-0.5400023319263538,N900_RS05155,cydB_1,0.7098292166666665,-1.3807,2.7311,6h_SI9,6h,SI9,12h_st,12h,st,4.111800000000001
3.547129587374577,1.5320043113531678,-1.4938479010794508,0.26970637626223093,-0.7740908090784409,N900_RS05165,ybgE,1.1787482833333334,-0.4938,4.8888,1h_co,1h,co,6h_st,6h,st,5.3826
4.289704881537945,3.730009915178664,-3.400084047162887,-0.9674052025556426,-2.3875813282551728,N900_RS05170,ybgC,0.7459370066666666,-0.80087,2.8581,3h_SI1,3h,SI1,12h_SI2,12h,SI2,3.65897
5.652781153529084,2.2978777582746126,-0.7893382679091243,-0.188556416774474,-0.6106522771720524,N900_RS05175,tolQ,0.798336155,-1.1942,2.9061,12h_SI7,12h,SI7,12h_st,12h,st,4.1003
5.403469375465878,2.1373761573650727,-0.6878787857012365,-0.48275275056418754,-0.5488625896318854,N900_RS05180,tolr,-0.7088125000000001,-2.8131,1.7784,6h_SI9,6h,SI9,3h_SI9,3h,SI9,4.5915
5.17129487867803,2.182707127797523,-1.5038456554394497,-1.0506251660462615,-1.1422985938987618,N900_RS05185,tolA,-0.07284683333333333,-2.4399,3.8827,12h_ce,12h,ce,1h_SI1,1h,SI1,6.3225999999999996
6.05521915852964,2.383843691013628,-1.4705700052612167,-1.014585251286764,-1.0203799081910345,N900_RS05190,tolB,-0.026892466666666667,-2.2054,4.3082,12h_ce,12h,ce,6h_SI2,6h,SI2,6.5136
5.556235685806524,2.190700619151654,-0.7525866806549544,-0.27082530044300235,-0.5775053902469763,N900_RS05195,pal_1,1.3740060666666665,-0.61176,3.4948,6h_SI9,6h,SI9,12h_st,12h,st,4.10656
4.101453500649243,3.3697386894619763,-1.9496792204576459,-2.3151621459135314,-1.4486847500016378,N900_RS05200,ybgF,0.2541345833333333,-1.6242,4.3142,12h_SI8,12h,SI8,3h_SI5,3h,SI5,5.9384
3.2429486795199374,3.778191322520463,-3.1027790504585235,-1.8040712261076268,-2.206860398374425,N900_RS05205,nadA,0.5824090333333333,-2.0491,3.5819,6h_SI1,6h,SI1,3h_SI2,3h,SI2,5.631
5.602806132579003,3.974183997394618,-2.445557760215784,-1.3714843079173344,-2.058986080326362,N900_RS05210,yeca,1.33919295,0.020125,4.3372,1h_SI8,1h,SI8,3h_SI1,3h,SI1,4.317075
5.353216203161395,3.237665074294376,-2.0385859491097915,-0.7154374527265297,-1.7234439248235065,N900_RS05215,cqsR,0.8180943,-0.75728,3.3084,3h_SI3,3h,SI3,3h_st,3h,st,4.0656799999999995
5.226624140539686,3.598136071163462,-3.1028674470013096,-2.4078925000174864,-2.1801949274370354,N900_RS05220,alae,0.11534756666666666,-1.642,2.6789,12h_SI8,12h,SI8,1h_SI1,1h,SI1,4.3209
4.386903983407259,2.1553856937662785,-2.129028283534854,-1.340803930808526,-1.3756470459446972,N900_RS05225,manA_2,-0.013051666666666663,-1.3305,3.6735,12h_SI4,12h,SI4,6h_SI1,6h,SI1,5.0040000000000004
4.502540361548657,2.7356313365633054,-1.1297645461600259,-1.5497619483509029,-0.6824321885918448,N900_RS05230,PTS fructose transporter subunit IIC_1,0.28519082,-1.2882,3.9525,6h_SI4,6h,SI4,6h_SI1,6h,SI1,5.2407
6.0045278415228065,4.0351086100785665,-3.7111797293516746,-1.3504269224381662,-2.6610079081447573,N900_RS05235,rhaR_2,1.1426662336666666,-0.34484,4.3471,6h_SI1,6h,SI1,3h_SI2,3h,SI2,4.69194
6.386670597146465,3.0417048390699146,-3.7515424901007397,-1.6739363084942105,-2.588615633520253,N900_RS05240,PTS fructose transporter subunit IIA_2,-0.37278711666666664,-3.3449,2.3735,3h_SI8,3h,SI8,6h_SI4,6h,SI4,5.7184
2.242108751396779,1.0592941165295346,0.6045697855150393,0.40125363511651946,0.4974089104389081,N900_RS05245,manP_1,1.0140252666666665,-0.54062,4.318,6h_SI2,6h,SI2,6h_st,6h,st,4.858619999999999
4.817995772989139,4.268152513513539,-3.2025981031776722,-1.8923425394503472,-2.3645955936609435,N900_RS05250,PTS fructose transporter subunit IIA_1,0.5363983500000001,-0.82667,3.2566,6h_st,6h,st,6h_SI2,6h,SI2,4.083270000000001
5.710171777193635,4.313544405116459,-3.2361732210368643,-1.1601561813404644,-2.4168702811568354,N900_RS05255,PTS fructose transporter subunit IIC_2,1.0628955166666667,-0.44693,4.5239,12h_st,12h,st,3h_SI2,3h,SI2,4.97083
1.1525558060627104,0.5083848221188183,-0.6453838641178838,-1.5395602044458332,-0.33528580559843674,N900_RS05260,manP_2,-0.6287416833333334,-3.2796,2.6799,3h_SI7,3h,SI7,12h_SI1,12h,SI1,5.9595
5.7698431241997,3.8980624972952835,-2.6673305765627062,-1.0178404296376111,-2.1443687226800905,N900_RS05265,ald1,1.0136811516666666,-0.49688,4.5058,6h_st,6h,st,6h_SI2,6h,SI2,5.00268
6.306681413726077,3.491750573209103,-1.7165537614558661,-0.3187241105433072,-1.530567472300383,N900_RS05270,acoR,1.0387383,-0.43867,3.705,1h_SI5,1h,SI5,3h_SI3,3h,SI3,4.14367
5.485243407684379,2.9813309497400073,-3.316303284142038,-1.857232866919816,-2.4085751449794026,N900_RS05275,VF_0530_BLAST,0.5501155166666667,-1.0009,3.3786,3h_SI5,3h,SI5,6h_SI2,6h,SI2,4.3795
2.2925508619269896,2.247073294374936,-0.2413193269904372,-0.8555293539965378,-0.3001916522770937,N900_RS05280,SDR family oxidoreductase,0.6303334123333334,-1.6131,5.2283,6h_co,6h,co,3h_SI3,3h,SI3,6.8414
5.420189290202339,4.272135551516626,-3.015973352156988,-0.4050681332610994,-2.126461361634959,N900_RS05285,cry1,1.1814332500000002,-0.3861,3.8363,1h_SI8,1h,SI8,3h_SI3,3h,SI3,4.2224
5.625702480894711,4.065033626975672,-3.3236831064612677,-2.401556406070205,-2.5718603079054847,N900_RS05290,N900_RS05290,0.42985096666666667,-0.8797,3.3959,6h_st,6h,st,6h_SI4,6h,SI4,4.2756
3.874795499261174,3.3348917212301257,-1.546631676295774,-0.9313105915417864,-1.3829112506805714,N900_RS05295,N900_RS05295,0.9973708833333332,-0.59103,4.2838,3h_SI2,3h,SI2,3h_SI5,3h,SI5,4.87483
0.7202654081762713,0.5240545378420703,0.22722696846122664,1.9874238358204144,0.23576588680059438,N900_RS05300,N900_RS05300,0.5883225166666667,-2.1083,3.4432,6h_SI6,6h,SI6,6h_SI2,6h,SI2,5.5515
5.242848357984485,3.4153229776886764,-2.31869920212482,-1.3835762720261413,-1.5031431499741492,N900_RS05305,AlpA family transcriptional regulator_1,0.8732035333333333,-0.61926,3.8888,12h_st,12h,st,6h_st,6h,st,4.5080599999999995
2.270368923340769,2.1784816170380514,-1.887776911174756,-1.6009304591820248,-1.297639698964203,N900_RS05310,N900_RS05310,0.05666616,-1.1429,3.6727,12h_SI8,12h,SI8,6h_SI4,6h,SI4,4.8156
1.7091886322512895,1.3807153517174349,-2.255456039906674,-2.26358631898294,-1.123577202664476,N900_RS05315,N900_RS05315,-0.10634576666666665,-1.4705,2.7471,3h_SI1,3h,SI1,1h_ce,1h,ce,4.2176
5.2288994381187885,2.2707940836690046,-2.92244998286391,0.3338955225484926,-2.1424448543592542,N900_RS05320,N900_RS05320,0.6445155499999999,-1.1691,3.8596,1h_SI2,1h,SI2,3h_SI3,3h,SI3,5.0287
5.905361817399197,2.2073077692116847,-0.8592189023052037,-0.18886182018278472,-0.67293203279898,N900_RS05330,N900_RS05330,1.8303856333333333,-0.061552,4.0455,6h_SI9,6h,SI9,12h_st,12h,st,4.1070519999999995
3.849610288296874,0.9547133491597677,-0.3578564687724363,1.4138348794027151,-0.6536784863578181,N900_RS05340,IclR family transcriptional regulator,0.09195315,-2.1203,3.9457,1h_SI5,1h,SI5,3h_SI1,3h,SI1,6.066
5.184279346499956,4.168149390788221,-2.4444888991560436,-1.549423249054365,-2.282784407774777,N900_RS05345,marR,0.80952545,-0.6794,4.0923,6h_st,6h,st,3h_st,3h,st,4.7717
4.0030239930973055,4.199561450686662,-2.678202064203091,-1.838792922158713,-1.890801334963193,N900_RS05350,DDE-type integrase/transposase/recombinase,0.37342490166666664,-0.94342,3.2289,6h_st,6h,st,3h_SI4,3h,SI4,4.17232
3.0018359157268875,0.5716020597194554,1.1407728541774158,-0.26798542867437736,-0.013068421296776489,N900_RS05355,ATPase AAA,0.009900648,0.00048811,0.15721,1h_SI7,1h,SI7,3h_st,3h,st,0.15672188999999997
4.641730617420387,1.1459874550206426,-2.4782350882609805,-0.6010984139215955,-1.5580088133332046,N900_RS05360,N900_RS05360,0.22612868333333333,-1.301,3.4917,24h_co,24h,co,3h_SI1,3h,SI1,4.7927
4.295039128984711,4.064806431740932,-2.581525843174569,-1.1734698980683997,-1.9318544279299017,N900_RS05365,N900_RS05365,1.3667623499999997,-0.75363,4.7078,12h_SI3,12h,SI3,3h_SI4,3h,SI4,5.46143
6.0065155919691025,3.640103161940739,-2.3769364253037644,-0.9739923165680584,-1.9230133530360307,N900_RS05370,middle operon regulator,1.2383351,-0.12582,3.3951,1h_SI8,1h,SI8,6h_SI3,6h,SI3,3.52092
4.899531341719528,2.6609501250365843,-1.4327193865713153,-0.1630552255069287,-1.0525686196902888,N900_RS05375,transcriptional regulator_2,1.25064307,-0.22889,5.009,1h_SI8,1h,SI8,12h_SI2,12h,SI2,5.23789
4.667277971601323,2.7801400242407452,-3.300484817267728,0.8293544129541127,-2.2610475104340924,N900_RS05380,N900_RS05380,1.0733446166666667,-0.60278,4.6585,1h_co,1h,co,12h_SI2,12h,SI2,5.26128
5.771450359598718,4.02511193260263,-3.4423922971982295,-0.48475641660354407,-2.5469688779805604,N900_RS05385,N900_RS05385,1.4264952666666668,-0.20862,5.1047,1h_st,1h,st,3h_SI2,3h,SI2,5.31332
5.9673100242195325,3.3848168146721664,-2.9274494342827357,-0.8206176576570344,-1.9025088971340143,N900_RS05390,N900_RS05390,1.3942658333333333,-0.28709,4.3761,3h_st,3h,st,12h_st,12h,st,4.66319
4.716141636247386,2.1339013944758936,-1.0771232254953196,-0.10465639873751242,-1.3243093924318676,N900_RS05395,tape measure protein,1.4957915000000004,-0.30252,5.0542,1h_SI9,1h,SI9,3h_st,3h,st,5.35672
3.459896015476848,1.9709690031984732,-2.928384220721108,0.6738934829449379,-2.137166127622625,N900_RS05415,radC_2,3.1933400000000005,1.4121,7.1581,1h_co,1h,co,6h_SI2,6h,SI2,5.746
5.157323802709839,3.745720779466883,-2.3740291340572286,-0.20695500322361632,-1.3972725826646726,N900_RS05420,AlpA family transcriptional regulator_2,1.6873482999999998,0.041178,4.5865,1h_SI8,1h,SI8,6h_st,6h,st,4.545322
5.5489262014155685,3.6763261483504888,-3.07767506342208,-1.5736684183538225,-2.0414865739138937,N900_RS05425,sialidase,0.8378160416666667,-0.64229,3.5704,3h_st,3h,st,6h_ce,6h,ce,4.21269
5.607840284026845,3.758003968990214,-3.257346055723753,-0.9720912789560078,-2.2271111936359183,N900_RS05430,nagA_2,0.5475090216666666,-0.9519,3.0012,12h_st,12h,st,6h_SI4,6h,SI4,3.9531
5.940558391664737,3.670156506195615,-2.9763666403599784,-1.4208053921996762,-2.2706474706227966,N900_RS05435,nanK,0.7366270166666666,-0.34553,3.915,6h_st,6h,st,6h_SI2,6h,SI2,4.26053
5.914337379023461,2.144372948644736,-0.8698458251614889,-0.14442501021262263,-0.680117791245886,N900_RS05440,N-acetylmannosamine-6-phosphate 2-epimerase,0.6842123666666668,-1.238,2.8738,6h_SI9,6h,SI9,12h_st,12h,st,4.111800000000001
3.8186617297225967,2.152601364531462,-2.1882540824983594,-1.9948679822964448,-1.4996593381665515,N900_RS05445,N900_RS05445,0.6905230666666667,-1.4196,5.3843,3h_SI8,3h,SI8,1h_st,1h,st,6.8039
5.308460754742098,2.5663821977992276,-1.316628588681106,-0.044292534071546,-1.1835528355217853,N900_RS05450,siaP,1.4123102166666668,-0.39459,4.603,1h_SI3,1h,SI3,12h_st,12h,st,4.99759
3.932302263947298,2.4669261314751227,-2.8279135210701245,-0.7637076286650196,-1.7775193793542405,N900_RS05455,siaQ,0.8079806500000001,-1.1326,4.7764,12h_SI2,12h,SI2,6h_SI4,6h,SI4,5.909
1.4786005503486435,1.853816182046209,-1.34810341232989,-2.3832875243638534,-0.8146206033061444,N900_RS05460,siaM,-0.16962076666666667,-1.8663,3.6921,6h_SI5,6h,SI5,1h_co,1h,co,5.5584
5.501429828328231,3.331049201353789,-2.9982435566704178,-0.03935377698723594,-2.07010363041419,N900_RS05465,nanA,1.0245334833333333,-0.33739,3.9809,1h_SI1,1h,SI1,6h_SI1,6h,SI1,4.31829
4.3177376871428566,0.5058686652164984,-0.49704042480390975,-2.331894991508773,-0.2604229445336162,N900_RS05470,ybbH,-0.8069805000000001,-3.5466,2.5086,6h_SI7,6h,SI7,12h_st,12h,st,6.0552
4.864412713320841,3.800779016911333,-1.9604338903020078,-0.004652311085378082,-1.8575795349867565,N900_RS05475,nanM_1,1.2559163433333334,-0.69143,4.2818,3h_co,3h,co,6h_SI4,6h,SI4,4.973229999999999
1.7157633075438654,2.3959944951612506,-2.1858682857403324,-3.457984818795594,-1.4013772274510903,N900_RS05480,nanM_2,-0.22444844500000005,-2.0285,2.5945,24h_SI1,24h,SI1,3h_SI5,3h,SI5,4.623
1.9791438503180456,2.3501421403289537,-1.4062134333149412,-2.582863646151511,-1.1320165099374202,N900_RS05485,YafY family transcriptional regulator,-0.19919461666666663,-1.5953,3.0573,12h_SI9,12h,SI9,1h_SI1,1h,SI1,4.6526
6.383370313170202,3.8343300140737937,-3.0867954780414837,-0.5168769910275159,-2.1290188311475813,N900_RS05490,N900_RS05490,1.1188048650000002,-0.65037,3.9243,12h_SI8,12h,SI8,3h_SI2,3h,SI2,4.57467
5.703539951119936,3.292393073286507,-3.8936119439793337,-0.5175359967881745,-2.666587142958222,N900_RS05495,N900_RS05495,1.2176793500000003,-0.26547,4.1682,3h_SI2,3h,SI2,6h_SI2,6h,SI2,4.433669999999999
5.632546186509928,3.004442711284526,-2.2328015626130697,-0.2410761408713276,-1.32442397633954,N900_RS05500,SAM-dependent DNA methyltransferase,0.9780412333333334,-0.53156,3.6298,1h_SI8,1h,SI8,12h_st,12h,st,4.16136
3.9410737138081133,2.6976439261403606,-1.5752158627281743,-1.525922367394405,-1.1753839611917134,N900_RS05505,restriction endonuclease subunit S,0.4764261483333333,-0.89346,3.7628,3h_SI2,3h,SI2,12h_SI1,12h,SI1,4.65626
-1.5114221050975325,0.9604491641578357,0.8031251583242944,-1.3546420751913824,0.5307788931015652,N900_RS05510,N900_RS05510,0.43867336666666656,-0.80415,6.3422,6h_SI1,6h,SI1,6h_ce,6h,ce,7.14635
5.853498855367588,3.6186251804623653,-2.191500666983249,-0.5414957649147779,-1.8566913579093995,N900_RS05515,N900_RS05515,1.0418312,-0.29566,3.7044,1h_st,1h,st,6h_SI1,6h,SI1,4.00006
5.591951010007506,3.668923620099866,-2.386585623764043,-0.9663851013766984,-1.7672425415684507,N900_RS05520,type I restriction endonuclease subunit R,1.3436920333333333,-0.14669,3.9066,1h_SI7,1h,SI7,6h_SI4,6h,SI4,4.0532900000000005
4.9819028781933365,3.121826886899077,-1.4649185756863172,-0.2917319921627451,-1.5036688732055417,N900_RS05525,ZorA,1.35461179,-0.17831,4.1278,1h_SI4,1h,SI4,3h_st,3h,st,4.306109999999999
1.883983953837327,2.1958655534420792,-0.7298720316610837,-0.8209527372858707,-0.4944222473619509,N900_RS05530,MotB,0.7457825166666667,-0.9498,4.9522,12h_SI3,12h,SI3,3h_SI2,3h,SI2,5.902
3.7828213072236823,3.4642925338077917,-2.056280328523221,-0.22551199695421925,-1.4417599153487692,N900_RS05535,zorC,1.342458463333333,-0.015462,4.087,3h_SI1,3h,SI1,3h_SI3,3h,SI3,4.102462
3.127209199523827,1.6403436206235276,-1.6580094071853737,-1.8540256699063178,-1.6404470821185149,N900_RS05540,helicase,0.09156693479499999,-1.6726,3.0416,6h_SI2,6h,SI2,3h_st,3h,st,4.7142
-0.36616315470890015,1.6041212251055297,-0.008039476854074664,-1.5559488951522393,-0.0134116570497799,N900_RS05545,intA_1,-0.3095441166666667,-2.0942,3.2093,3h_SI6,3h,SI6,3h_SI4,3h,SI4,5.3035
5.098333854226478,3.073715252879506,-3.1164615736841585,-0.995625974620801,-1.9079682693390079,N900_RS05550,intA_2,0.49721800000000005,-1.0012,3.4145,24h_st,24h,st,6h_SI1,6h,SI1,4.4157
3.738828715611024,3.2705519544083868,-2.3880989423044614,-0.8900110290220422,-1.800708814725047,N900_RS05560,vexD,0.21175280000000002,-1.2217,4.5557,12h_SI9,12h,SI9,6h_ce,6h,ce,5.7774
6.224113612212386,3.37439083402905,-2.5832248618158453,0.034966247309317154,-2.154007281533988,N900_RS05565,vexC,1.2179690166666668,-0.43687,4.1091,1h_SI6,1h,SI6,3h_st,3h,st,4.54597
4.713310444009112,3.75920518488219,-1.949895893083498,-0.966528046532148,-1.3853929780516712,N900_RS05570,pqic,1.12838816,-0.28906,4.7755,1h_st,1h,st,3h_SI4,3h,SI4,5.06456
6.669416534504826,3.8319920938198213,-3.994999598823897,-1.6594370182830382,-2.656356932091062,N900_RS05575,pqiB,0.5611877716666667,-1.1285,4.0344,12h_SI7,12h,SI7,6h_SI4,6h,SI4,5.1629
1.9218153816133192,1.4660528723349884,-0.39855330336754585,-0.680644437503195,-0.2876886226275266,N900_RS05580,pqiA,1.1031466833333334,-0.091994,5.1871,6h_co,6h,co,1h_st,1h,st,5.279094
2.9277009509577665,2.023825774254984,-0.32256261386616275,-1.9660593380602198,-0.6582987654800222,N900_RS05585,mechanosensitive ion channel protein MscS,0.37348226650000005,-1.0232,4.4858,12h_SI2,12h,SI2,3h_SI2,3h,SI2,5.509
4.207736885406536,2.3351709239008507,-1.9672803801582803,0.2092312564282123,-1.1717610068628996,N900_RS05590,N900_RS05590,1.1086025233333332,-0.43008,4.7171,3h_SI6,3h,SI6,6h_SI2,6h,SI2,5.1471800000000005
2.833104152574674,3.0092931808002192,-1.9494988856393447,-0.7462096417834789,-1.4133770806416617,N900_RS05595,BamA/TamA family outer membrane protein,0.93692325,-0.74077,4.723,1h_SI2,1h,SI2,1h_st,1h,st,5.46377
4.842830225721711,3.1300634699125585,-2.683586790804637,-1.9167989931032419,-1.7433711297433545,N900_RS05600,N900_RS05600,0.5512599499999999,-1.2309,3.7353,6h_SI1,6h,SI1,6h_st,6h,st,4.966200000000001
6.28681402406264,4.18478045916158,-3.6937481580198863,-1.2812876657497188,-2.6794611218390783,N900_RS05610,breR,0.5076679616666666,-0.88861,3.6377,12h_st,12h,st,3h_SI2,3h,SI2,4.5263100000000005
5.48158737996152,3.7859425457952782,-2.897467120649887,-1.2317566994064368,-2.0327973426541615,N900_RS05615,NAD-dependent succinate-semialdehyde dehydrogenase,0.68964878,-0.78139,3.575,3h_SI1,3h,SI1,3h_SI2,3h,SI2,4.35639
-0.08131986120481655,1.3232206316693114,0.16953452589003526,-2.8562939225195665,-0.04042679140045834,N900_RS05620,N900_RS05620,-0.9343289833333334,-2.5455,2.9569,6h_ce,6h,ce,3h_SI3,3h,SI3,5.5024
3.090016621871333,2.7631629282080805,-0.9527139923642308,-1.2504342285657692,-0.8266332168029474,N900_RS05625,1-aminocyclopropane-1-carboxylate deaminase/D-cysteine desulfhydrase,0.9335631533333334,-0.8539,5.5624,6h_SI6,6h,SI6,3h_SI2,3h,SI2,6.416300000000001
5.611542079215667,2.28173357540426,-1.4938501103104944,0.51212361735488,-1.2388137134503696,N900_RS05630,TetR/AcrR family transcriptional regulator_2,1.2765062833333336,-0.42314,4.5633,1h_SI1,1h,SI1,3h_SI3,3h,SI3,4.98644
0.8650600319139651,1.283930946007647,-0.10954536425097988,0.12939061417113545,0.06832683936066311,N900_RS05635,fadE_2,1.4796755000000001,-1.6797,4.7912,1h_SI9,1h,SI9,6h_SI3,6h,SI3,6.4709
4.2041869394912625,2.2678298265501673,-1.4728604695324155,-1.6444438537490942,-1.0348180407601626,N900_RS05650,bpt,0.11467718833333335,-1.3304,4.3637,3h_SI5,3h,SI5,3h_SI4,3h,SI4,5.6941
5.02409314008541,2.982907841225133,-2.762754450314771,-0.6095070476557809,-1.7721400115829244,N900_RS05655,aat,0.9172137100000001,-0.32737,4.396,1h_SI6,1h,SI6,3h_SI1,3h,SI1,4.72337
4.832414758264774,1.4654601627610375,-1.9326606098062111,0.03654254381746174,-1.3161816702734852,N900_RS05660,N900_RS05660,0.9774939,-1.6706,5.7905,6h_co,6h,co,12h_st,12h,st,7.4611
3.4595439285118093,1.6274715917285187,-0.4129692762670223,-2.6816354408067142,-0.1936033748850866,N900_RS05665,aroA,-0.8801770999999998,-2.721,2.9676,6h_ce,6h,ce,6h_SI1,6h,SI1,5.6886
4.69333425500161,3.765917890475999,-3.1673717966966413,-1.3807729862890834,-2.027071172162953,N900_RS05670,yciN,0.5632271833333333,-0.88868,3.2856,3h_ce,3h,ce,1h_SI1,1h,SI1,4.17428
1.2962030266745832,1.4132428056594644,0.26936055550589316,0.3480990424895487,-0.38291642606670356,N900_RS05680,glgC_1,0.6073159,-0.71219,4.344,1h_SI7,1h,SI7,3h_SI3,3h,SI3,5.05619
5.370978181804169,2.963414597823062,-3.040261151481456,0.10765295170040728,-1.9128027543921737,N900_RS05685,glgA,0.6251260166666667,-1.2541,4.6736,1h_SI5,1h,SI5,6h_SI1,6h,SI1,5.927700000000001
4.212349778555678,3.4418684195842824,-2.329870288442259,0.47802861599013863,-1.5591478065802253,N900_RS05690,menH_3,1.443667316666667,-0.35003,4.2084,1h_SI8,1h,SI8,6h_SI3,6h,SI3,4.55843
4.541013589402586,2.040755477514324,-2.204009651758945,1.6655007706797438,-1.398183070982694,N900_RS05695,N900_RS05695,1.489815185,-0.58484,5.1739,1h_SI2,1h,SI2,3h_SI1,3h,SI1,5.7587399999999995
5.702407576760436,3.163375232960663,-1.8838499760013756,-1.0031212798553704,-1.651888362768564,N900_RS05700,N900_RS05700,0.6437962166666668,-0.71937,3.6429,12h_st,12h,st,6h_SI4,6h,SI4,4.36227
3.3405593148816792,3.2985614068119915,-2.8968723248952255,-0.5878520297708306,-1.9473945629998302,N900_RS05705,tfoY,0.7767359749999999,-0.65726,3.9442,6h_SI3,6h,SI3,3h_SI5,3h,SI5,4.601459999999999
5.186311213711497,3.3380213853486236,-2.7053729252820284,1.1224833233052698,-1.7960364216477456,N900_RS05710,purR,0.8874876833333333,-1.3984,3.6322,1h_SI5,1h,SI5,6h_SI1,6h,SI1,5.0306
1.5831433055965847,0.9999479524106936,-0.43662713605820686,-1.9941952759403587,-0.1467437344161173,N900_RS05715,torD,0.2555719895,-0.95296,3.0819,6h_SI6,6h,SI6,1h_st,1h,st,4.03486
4.641869813930821,2.446708554709651,-1.7859717552530168,-1.0845047173862559,-1.1257514524104337,N900_RS05720,torR,1.04572515,-0.52223,4.7229,12h_st,12h,st,6h_SI1,6h,SI1,5.24513
4.740830836197067,2.2763684407670683,-2.3360562088581345,-1.9907201080930672,-1.8115323001367325,N900_RS05725,elyC,-0.5202854,-2.9234,4.3301,6h_co,6h,co,3h_SI1,3h,SI1,7.2535
4.617432513180365,4.0528952802315965,-3.011948156341137,-1.2917041181683118,-2.13947560120073,N900_RS05730,cmoM,0.7845786999999999,-0.459,4.6263,3h_st,3h,st,12h_SI1,12h,SI1,5.085299999999999
5.0389080723133,1.5595109130559,-0.8325767495755911,-0.8820514939358515,-0.5003319137806215,N900_RS05735,mukF,-2.0276826666666663,-4.538,2.5254,6h_SI7,6h,SI7,12h_st,12h,st,7.0634
3.981903258898047,0.6226135714106941,0.3204826044472724,-0.7032214718189778,0.07472866445804727,N900_RS05740,mukE,-2.2753801666666664,-4.6947,0.5594,6h_SI6,6h,SI6,24h_SI3,24h,SI3,5.2541
3.7620159431164906,0.30220423883618186,0.6095538557725252,-1.4514939156576099,0.33881816062708475,N900_RS05745,mukB,-2.1942355,-4.7923,2.163,6h_SI6,6h,SI6,3h_st,3h,st,6.955299999999999
4.332906189618106,2.704656055009316,-0.9927644740569896,-1.391220355865789,-0.5248885661657872,N900_RS05750,lrp_2,1.2007473333333332,-0.18531,3.9356,6h_SI4,6h,SI4,3h_SI1,3h,SI1,4.12091
6.16545319811982,4.102224993067293,-2.6902501106215118,-0.615288638542274,-2.069776528727394,N900_RS05755,LysE family translocator_1,1.2093361108333334,-0.25687,3.66,1h_st,1h,st,3h_SI2,3h,SI2,3.9168700000000003
4.063900090976995,3.374317343093741,-2.8828637262761383,-1.2689388964861068,-2.159104379092784,N900_RS05760,VC_1711_BLAST,0.3070039500000001,-1.0657,3.3551,12h_st,12h,st,6h_ce,6h,ce,4.4208
3.2151147658243997,3.412865239465298,-1.3929426775562501,-2.1509924749387395,-0.9948500006691763,N900_RS05765,N900_RS05765,0.64749701,-0.58537,3.4424,6h_st,6h,st,1h_st,1h,st,4.02777
4.912433654814733,4.047568865402747,-3.0127717753388192,-2.321872917456695,-2.15566374933888,N900_RS05770,"zinc protease, insulinase family",0.5245967833333334,-0.98908,3.5283,24h_co,24h,co,3h_SI1,3h,SI1,4.51738
2.212503789071406,2.528193050202284,-0.05166430742722817,-0.4563052177475774,-0.59702050953206,N900_RS05775,N900_RS05775,0.8143961166666664,-0.77835,6.0086,6h_SI2,6h,SI2,3h_SI4,3h,SI4,6.78695
2.4667161153335546,2.434201476055752,-2.490855600757013,-1.0889629689380345,-1.6916797941957942,N900_RS05780,N900_RS05780,1.1074448916666666,-1.1077,5.1733,24h_st,24h,st,6h_ce,6h,ce,6.281000000000001
3.8898363586605904,2.4945632299152662,-1.9445895319855244,0.5696766571392061,-1.3449622400004706,N900_RS05785,metR,0.9204015000000001,-0.83336,5.3147,1h_SI1,1h,SI1,6h_SI2,6h,SI2,6.14806
3.471622140308043,2.299268910415259,-1.5512652376473415,-1.4589799100321559,-1.0850780814314698,N900_RS05790,metE,0.40654108000000005,-1.3461,3.9769,3h_SI9,3h,SI9,3h_SI4,3h,SI4,5.323
4.077182322031788,3.11795642424423,-2.8468852051523807,0.8288474554346204,-1.956327129827501,N900_RS05795,N900_RS05795,0.9473481833333334,-1.5741,4.0236,1h_SI4,1h,SI4,6h_SI4,6h,SI4,5.5977
0.43421970872240895,1.1247403342577889,-0.7745673977056344,-2.2877294817675438,-0.6003724072020581,N900_RS05800,ycii,-0.19724176666666665,-2.495,4.8932,6h_SI5,6h,SI5,3h_SI1,3h,SI1,7.3882
3.083595878150423,1.8384557753010298,-1.9304439912240328,-0.793506392541654,-1.1886902488033948,N900_RS05805,yciA_1,0.31494208833333326,-1.0869,3.7849,6h_SI3,6h,SI3,6h_SI2,6h,SI2,4.8718
4.819015018735642,4.449536279473803,-2.7295300878688726,-1.7981244869671837,-1.9873320743346596,N900_RS05810,yciB,1.0449707683333334,-0.21984,3.7696,3h_st,3h,st,3h_SI4,3h,SI4,3.98944
1.4191420885896162,1.0784607465496194,-0.831724207097348,-1.047517639006653,-0.6802687385278917,N900_RS05815,N900_RS05815,-0.04247970166666664,-1.1022,3.5485,6h_SI1,6h,SI1,3h_SI2,3h,SI2,4.6507000000000005
2.8646523485748063,2.7021056853411376,-3.1367095989819047,-0.9811116227004314,-2.168433897366381,N900_RS05820,ydcf,-0.12795770333333334,-1.8573,2.7716,6h_st,6h,st,6h_SI4,6h,SI4,4.6289
4.911773113120875,3.78464632267371,-3.551819092235982,-0.5416036781048562,-2.5816956138779332,N900_RS05825,yeeZ,1.0266075133333332,-0.64169,4.3243,3h_ce,3h,ce,3h_SI1,3h,SI1,4.96599
3.7793276286001163,3.243360735933031,-2.647304177439449,0.6063836388638799,-1.6342670657433613,N900_RS05830,DNA-binding protein inhibitor Id-2-related protein,0.9703058916666666,-0.50861,2.8377,3h_SI1,3h,SI1,6h_st,6h,st,3.34631
5.14363635096943,2.825083548554432,-2.513794206935826,-1.8044071856348274,-1.6535354297222673,N900_RS05835,focA_1,0.37486334666666665,-0.92932,2.8902,6h_st,6h,st,1h_st,1h,st,3.8195200000000002
5.2149460740123645,3.925511621964973,-2.842819906892361,-1.7834234866671546,-2.1294916644579183,N900_RS05840,N900_RS05840,0.8170477166666665,-0.64383,4.6861,24h_co,24h,co,3h_SI2,3h,SI2,5.32993
5.495148053447451,3.796506336341874,-2.830679158184844,-0.43551360777431586,-1.7584013706178758,N900_RS05845,torE,1.2039759966666668,-0.27026,3.5288,1h_SI6,1h,SI6,6h_SI3,6h,SI3,3.79906
4.201025643717125,1.6365685104130705,-2.562673357375691,-0.9742977045328665,-1.7355615236760131,N900_RS05850,torC,1.0276815166666666,-0.79525,4.1319,12h_SI8,12h,SI8,3h_SI1,3h,SI1,4.92715
4.465496750125726,2.731804229065674,-2.1174422917449456,-0.1281243650756356,-1.504221315268819,N900_RS05855,torA,1.2798256483333335,-0.32536,5.7638,1h_SI8,1h,SI8,12h_SI1,12h,SI1,6.08916
5.4066305942974955,3.058992333223873,-1.8847730784759535,-1.2217694489567101,-1.4389528117518189,N900_RS05860,alpha-galactosidase,0.7244041733333333,-0.98298,4.4041,3h_SI6,3h,SI6,6h_SI1,6h,SI1,5.387079999999999
4.484041125304129,2.9886838404263694,-2.6114744549029116,-0.7549561409052978,-1.7926706448379488,N900_RS05865,N900_RS05865,1.0707480983333333,-0.30003,3.4813,6h_co,6h,co,6h_SI1,6h,SI1,3.78133
3.058888719508167,2.709794553447738,-2.029813537699953,-3.0004804008957504,-1.3962361116444244,N900_RS05870,N900_RS05870,-0.17895541666666667,-1.929,2.4462,24h_SI1,24h,SI1,3h_SI1,3h,SI1,4.3752
5.133254641438221,3.424819198320228,-2.4882445885380844,-0.8442177377763701,-1.4704428834793175,N900_RS05875,ppaC,1.3158249833333335,-0.12533,3.5107,3h_st,3h,st,6h_ce,6h,ce,3.63603
5.781055241523371,3.434389287488845,-1.9631344153547552,-0.8935003839076531,-1.9660757020916768,N900_RS05880,N900_RS05880,1.1245002833333333,-0.17929,5.4803,1h_SI6,1h,SI6,3h_st,3h,st,5.65959
4.841801959875281,2.2737741242875176,-2.3417983418641044,0.2570090753237967,-1.3732019124014412,N900_RS05885,N900_RS05885,0.9249959016666666,-0.64677,4.8737,1h_SI1,1h,SI1,6h_SI1,6h,SI1,5.52047
2.532712276250562,1.8143522674797181,-0.6915162864032485,-1.0942277285398936,-0.7238958505449927,N900_RS05890,sapF,0.1893208716666667,-2.0789,3.2929,3h_SI9,3h,SI9,6h_SI4,6h,SI4,5.3718
5.400918290667235,1.5717206979815792,-0.937137158782189,-1.4852818835906552,-0.697811267556922,N900_RS05895,gsiA,-0.1353688,-2.3871,2.9428,12h_SI9,12h,SI9,3h_SI1,3h,SI1,5.3299
5.751378365420571,1.8762035072289855,-0.9605467514790439,-1.0120945873292,-0.7439982000297471,N900_RS05900,sapC,-0.337086685,-2.2692,1.7118,12h_SI6,12h,SI6,6h_SI5,6h,SI5,3.981
5.467502816592139,2.039105426115403,-1.1390894355515333,-2.0641823687834013,-0.8340501660620792,N900_RS05905,sapB,-0.6053285166666668,-3.0472,2.9948,12h_SI9,12h,SI9,1h_SI1,1h,SI1,6.042
3.4489939863863737,3.4977856180084035,-2.5149701391530583,-1.6550744887085753,-1.8446455135086053,N900_RS05910,ABC transporter substrate-binding protein_2,0.412854125,-1.0914,3.5603,12h_co,12h,co,3h_SI4,3h,SI4,4.6517
5.971428507140849,3.458169010498426,-2.8447680354481215,-0.20525276611928778,-2.022836387954316,N900_RS05915,pspF,1.40198918,-0.20303,4.6438,1h_SI6,1h,SI6,6h_SI4,6h,SI4,4.84683
4.177062213544406,3.3259980063135277,-2.831307607049861,-1.4645433749886974,-1.989104957520939,N900_RS05920,pspA,0.20942451999999998,-1.4078,3.3456,3h_SI9,3h,SI9,3h_SI5,3h,SI5,4.7534
1.5741689017947769,1.1115833596663014,0.3673965800770386,-0.8732598505588101,-0.28436494276203655,N900_RS05925,pspB,0.38443006666666674,-1.4103,3.9275,6h_SI3,6h,SI3,3h_st,3h,st,5.3378000000000005
5.774235384804353,3.200591987332896,-2.244904215094597,-0.9344127361640445,-1.521150009837395,N900_RS05930,pspC,0.8177053933333335,-0.5877,3.8033,1h_st,1h,st,6h_SI2,6h,SI2,4.391
5.606306309483957,3.427036833055152,-3.6814393551720244,-1.5048810011021716,-2.703993350852184,N900_RS05935,ttgG,1.1422450666666668,-0.74901,4.8566,12h_st,12h,st,1h_SI1,1h,SI1,5.60561
3.9633629519539775,3.5438970534961243,-2.2658711358510435,-0.619730905115652,-1.5551217463694593,N900_RS05940,efflux RND transporter periplasmic adaptor subunit,1.093318625,-0.48484,4.5306,1h_SI7,1h,SI7,6h_SI1,6h,SI1,5.01544
5.765877892946997,3.8040277666210223,-2.6171090323038495,-0.6221041800224272,-1.830968074424309,N900_RS05945,vexK,1.0636074000000002,-0.6323,3.2934,1h_st,1h,st,24h_SI1,24h,SI1,3.9257
5.144850926110728,3.9725124720412874,-3.247296150887517,-0.1458828406083193,-2.181586483620532,N900_RS05950,tag,0.89595235,-0.50414,3.4815,3h_st,3h,st,6h_SI4,6h,SI4,3.98564
6.104080961997606,4.3011269304400495,-3.4385315525171842,-1.7997271300178204,-2.7682601585062776,N900_RS05955,metC,0.6725494999999999,-0.6194,2.7035,6h_st,6h,st,3h_SI3,3h,SI3,3.3228999999999997
3.2739345149492687,2.7530358790097957,-1.6996135716349479,-0.9889918846151553,-1.0387665352349311,N900_RS05960,clsA,0.4968134999999999,-1.2903,3.3304,3h_ce,3h,ce,6h_SI4,6h,SI4,4.6207
5.354290971708222,3.1593101314921435,-1.9657597269484175,-1.6628411302011719,-1.6140594960429173,N900_RS05965,sodium-dependent transporter_3,0.6845231826666667,-0.74027,3.142,6h_st,6h,st,1h_st,1h,st,3.88227
5.938034366143675,3.6760930639780938,-2.4178539949087305,-1.5185338218515279,-1.8119111865868949,N900_RS05970,TIGR01621 family pseudouridine synthase,0.4516478333333334,-0.99179,3.3791,6h_SI9,6h,SI9,12h_st,12h,st,4.37089
3.6813501475665413,2.7940754228622438,-2.3208885500375356,-1.8968750429505787,-1.3591136265051953,N900_RS05975,ynjF,0.5720633216666667,-0.72954,3.5696,3h_SI2,3h,SI2,6h_ce,6h,ce,4.2991399999999995
5.708391221302666,3.561266961443233,-1.7183268492724817,0.3979222697372058,-1.734562972812975,N900_RS05980,malK_1,1.3904797083333333,-0.33479,4.5215,1h_SI7,1h,SI7,3h_st,3h,st,4.8562899999999996
2.6784042444769387,2.202794842577405,-1.7966662645900005,-2.0567267213589036,-1.3489894727721765,N900_RS05985,ABC transporter permease subunit_1,0.007286983333333362,-1.6819,3.4687,6h_SI3,6h,SI3,1h_SI1,1h,SI1,5.1506
5.001373640807106,2.775561299261634,-1.956404643628941,-0.650406670788768,-1.884401962508087,N900_RS05990,ynjB,0.7727300358833333,-0.71241,4.009,1h_co,1h,co,3h_st,3h,st,4.7214100000000006
3.886619877551435,2.111002890287997,-1.3426435528802179,-2.147842607333392,-0.9577554606924834,N900_RS05995,hslJ,0.9157164216666664,-0.51588,3.4316,24h_SI1,24h,SI1,3h_SI1,3h,SI1,3.94748
2.9429745414338195,2.1832480124396363,0.024553558805146765,-0.42253992080934916,-0.45441514762635093,N900_RS06000,N900_RS06000,0.9870071166666665,-0.71271,5.7034,6h_SI4,6h,SI4,3h_SI3,3h,SI3,6.41611
1.9955368329466643,1.0806334107403786,-0.9367782317375818,-1.0656163837479278,-0.5444910498112622,N900_RS06005,N900_RS06005,-0.12930091666666665,-1.6707,2.9953,12h_SI4,12h,SI4,1h_co,1h,co,4.666
2.9126185926726196,1.7137664593655366,-1.3276529780602848,-1.3514369545523341,-0.4698973410648224,N900_RS06010,ybhS,0.7514581333333332,-0.70059,4.3725,6h_SI4,6h,SI4,6h_st,6h,st,5.07309
5.0273990115235545,3.7729164875808126,-1.814609738844035,-1.1289180047967513,-1.8414442206273796,N900_RS06015,ybhF,1.3757755999999999,-0.016912,5.0984,1h_SI5,1h,SI5,3h_st,3h,st,5.115311999999999
4.404423869856518,4.176209822298403,-3.1442153858229003,-0.9979018226540077,-2.298538486530518,N900_RS06020,HlyD family efflux transporter periplasmic adaptor subunit,0.6956734433333334,-0.6512,3.5562,1h_st,1h,st,6h_SI1,6h,SI1,4.2074
4.460063688612388,2.5892500265868237,-0.8466905755075762,0.9487072230804602,-0.811390841885681,N900_RS06025,sdaC,1.45522935,-0.25703,4.9774,1h_SI5,1h,SI5,3h_SI3,3h,SI3,5.234430000000001
5.807470980850098,3.142826873946619,-1.8811093342785488,0.0962132762742656,-1.7169323014026976,N900_RS06030,eamA_5,1.5007903333333332,-0.87426,4.8653,1h_co,1h,co,6h_SI3,6h,SI3,5.739560000000001
6.016957688085813,4.308074199041935,-3.4655060187375435,0.24049376194797123,-2.437854973779212,N900_RS06035,mgtE_2,1.1067607683333334,-1.2991,3.8558,1h_SI7,1h,SI7,3h_SI4,3h,SI4,5.1549
2.3281880677371305,0.7240901495302168,0.015047555287522768,-0.7686490064998178,0.10717798186441344,N900_RS06040,rcsC_2,0.005152595000000019,-3.9309,4.1768,12h_SI8,12h,SI8,12h_SI1,12h,SI1,8.1077
6.171034213876348,4.3357055308870525,-3.370248360231708,-1.6918053982441208,-2.2103989560018182,N900_RS06045,vieA,1.2064602833333333,-0.24332,3.6892,3h_co,3h,co,3h_SI5,3h,SI5,3.9325200000000002
5.980859403692604,4.315059418239006,-3.367217554773143,-0.9210404298326336,-2.421826385174154,N900_RS06050,response regulator_1,0.810921135,-0.45239,3.88,6h_st,6h,st,3h_SI4,3h,SI4,4.33239
5.160611260485154,3.1136915904647458,-2.1486500224629115,-0.566576626723517,-1.2820508896789626,N900_RS06055,Pseudogene_N900_RS06055,0.9697463166666668,-0.17048,3.9766,1h_SI7,1h,SI7,6h_st,6h,st,4.14708
5.4295091718407695,4.2653413029205485,-3.0290526763382686,-2.349819572740238,-2.1392029890916477,N900_RS06060,vesC,0.7519662216666666,-0.56573,3.2696,3h_st,3h,st,3h_SI1,3h,SI1,3.83533
3.910923343000899,2.3870716193507144,-0.6043829906988148,-1.904051573563969,-0.8074816752675904,N900_RS06065,sgrR_1,0.5030440516666667,-0.72733,4.3474,6h_co,6h,co,3h_st,3h,st,5.074730000000001
5.906143699051483,4.102108744161634,-2.9355485988344476,-2.3824482151021775,-2.5309514121233043,N900_RS06070,N900_RS06070,0.5034216666666667,-0.98654,3.8765,12h_st,12h,st,1h_SI1,1h,SI1,4.86304
4.082681120326199,3.335550442616462,-2.3978423276541947,-1.3331865435034758,-1.806232944336181,N900_RS06080,N900_RS06080,0.8360154400000002,-0.92041,3.9426,6h_SI1,6h,SI1,1h_SI1,1h,SI1,4.86301
4.0089573111661885,2.8969710083276325,-2.1700702957618185,-1.1583740930976472,-1.526292240452434,N900_RS06085,methyl-accepting chemotaxis protein_8,1.1758768,-0.37777,4.4244,1h_SI8,1h,SI8,3h_SI3,3h,SI3,4.80217
5.244450266243689,3.0881309404845627,-1.8039163176541209,-0.7921026338985848,-1.5817876487628661,N900_RS06090,N900_RS06090,0.8432739333333333,-0.53219,3.2107,3h_SI4,3h,SI4,3h_st,3h,st,3.74289
5.444758601895237,3.48241890463563,-2.777048746184998,-1.5649473736662527,-1.9236464097176373,N900_RS06095,N900_RS06095,1.2943055833333335,0.036525,4.5253,6h_SI4,6h,SI4,6h_SI1,6h,SI1,4.4887749999999995
5.51302845612926,2.2483940927710817,-2.772032533678334,0.12209186727147105,-1.712835670487278,N900_RS06100,bluF,0.6029154,-1.0979,4.6549,3h_SI8,3h,SI8,12h_SI1,12h,SI1,5.7528
5.292431683588218,3.736566648674667,-1.928540016700207,-1.7910688571258109,-1.4751413337243608,N900_RS06110,sensor histidine kinase_1,-0.64541843,-3.1373,3.8074,1h_SI4,1h,SI4,3h_SI3,3h,SI3,6.9447
4.083608644145262,2.5530482901054463,-1.850561340932006,-0.34397250613442765,-1.213604099561748,N900_RS06120,membrane protein_6,0.3729076166666667,-1.8226,4.2007,24h_SI3,24h,SI3,12h_SI1,12h,SI1,6.023300000000001
5.021615896815421,2.828995475521185,-2.874626584812729,-2.1214312996832967,-1.9599955639574664,N900_RS06125,radD,-0.32587666666666665,-1.9544,3.3816,12h_SI8,12h,SI8,6h_SI3,6h,SI3,5.336
5.6594657593867055,3.533988200042078,-2.888988337343749,-0.9947895787613927,-1.8717058302745007,N900_RS06130,rsuA,0.8846858233333335,-0.66437,4.6079,3h_SI4,3h,SI4,3h_SI3,3h,SI3,5.27227
6.109679490467677,3.4572237877777408,-2.6443074546936334,-2.136708667498792,-1.9050191840718331,N900_RS06135,bcr_1,0.43592040000000004,-1.01,3.8872,12h_SI6,12h,SI6,1h_SI1,1h,SI1,4.8972
4.499428836512109,2.3214603533661817,-2.581681269679305,0.3353287878811361,-1.8295419028143136,N900_RS06140,N900_RS06140,0.75492093,-0.91515,3.7215,1h_ce,1h,ce,3h_SI3,3h,SI3,4.6366499999999995
6.385419202796853,3.7434828486694327,-2.4114681290710696,-0.4038106903503699,-1.9038322643253003,N900_RS06145,Putative NAD(P)-binding protein YbjT_BLAST,1.2660860333333332,-0.30178,4.3368,1h_SI6,1h,SI6,6h_SI4,6h,SI4,4.63858
4.06983250717039,2.12982119370726,-2.9789738163410053,-2.3233323363699716,-2.1062745424444276,N900_RS06150,norM_2,-0.47219985000000003,-2.6746,4.6055,3h_SI6,3h,SI6,6h_SI3,6h,SI3,7.2801
2.388926899874261,2.529894571252955,-2.1358730476989503,0.20911214139017745,-1.4929900301419297,N900_RS06155,lolD_2,0.9367486833333332,-0.79434,3.64,1h_SI2,1h,SI2,3h_SI3,3h,SI3,4.434340000000001
5.695572409654865,4.1877739044043505,-2.4317364869989184,-0.05032937280314532,-2.0846022202427408,N900_RS06160,ABC transporter permease_1,1.3019424733333333,-0.24903,3.2485,3h_co,3h,co,6h_SI4,6h,SI4,3.49753
5.372574796430001,4.022623886036639,-3.102489574744377,-0.7735226094270078,-2.212576507597521,N900_RS06165,attH,1.1844797733333334,-0.42195,3.9753,6h_st,6h,st,3h_SI2,3h,SI2,4.39725
3.9373757456547787,3.0323375519181646,-0.646201594167985,-0.9566225585622719,-0.9737349263002024,N900_RS06170,nhaA,1.1565925333333336,-0.68908,4.7214,6h_co,6h,co,3h_SI2,3h,SI2,5.41048
3.3086504193872184,2.224354321542267,-1.8440680819327446,0.5629168493840678,-1.3620822137017135,N900_RS06175,argD,0.9509754166666666,-2.0934,4.965,1h_SI2,1h,SI2,12h_SI2,12h,SI2,7.0584
3.4722185585238354,2.4008555419345963,-0.4453795245928328,-0.7225324587120566,-0.8328853947006809,N900_RS06180,VC_1624_BLAST,1.0404717166666666,-0.56893,6.0349,1h_SI4,1h,SI4,3h_st,3h,st,6.60383
3.3498318882071167,2.958019470555443,-1.246518098195764,-2.2106821697191448,-0.8611131015829492,N900_RS06185,nspC,0.6152272833333333,-0.80671,3.1965,6h_SI9,6h,SI9,3h_SI4,3h,SI4,4.00321
-0.6957222144712664,1.2856377029779642,-0.6238708260485234,0.2528674456269414,-0.35042761900241665,N900_RS06190,oprF,0.6862034933333333,-0.50035,3.268,6h_SI2,6h,SI2,3h_SI6,3h,SI6,3.76835
5.145422033939537,2.8779689375490682,-2.365652085202232,-1.0499392467405677,-1.478515959064601,N900_RS06195,bepC,1.4891323166666666,0.052564,5.2696,1h_SI8,1h,SI8,3h_SI1,3h,SI1,5.217035999999999
4.869528133053604,3.0372827134487888,-1.9082621535648738,-0.2604392902373664,-1.1486987737976893,N900_RS06200,Pseudogene_N900_RS06200,0.9270737666666664,-0.45709,3.7651,1h_SI6,1h,SI6,6h_st,6h,st,4.222189999999999
6.100309650441853,4.023193872909057,-2.9724972903845694,-1.491656693996934,-2.037802156881276,N900_RS06210,N900_RS06210,0.8064984333333333,-0.51619,4.4575,6h_SI7,6h,SI7,3h_SI5,3h,SI5,4.9736899999999995
2.3211516336874056,0.9516758501716254,0.9651324216015652,-0.7172439451967275,0.19599091019565673,N900_RS06215,N900_RS06215,0.31736758000000004,-1.2355,3.5411,6h_SI4,6h,SI4,3h_st,3h,st,4.7766
6.796394805469414,3.0093327548499085,-3.296214910036489,-0.8783819942824621,-2.0130570095165923,N900_RS06220,ynfM,0.8763427666666668,-0.55502,3.4905,1h_st,1h,st,6h_SI4,6h,SI4,4.04552
3.2047797253498707,0.8206005069012979,0.10234157471863344,-0.369614846815401,-0.43670252759642525,N900_RS06225,LysR family transcriptional regulator_5,0.931498155,-1.7134,6.8158,1h_SI9,1h,SI9,3h_st,3h,st,8.5292
4.15420158518286,2.7320878603960708,-1.6003152263859532,-0.8026350002555723,-1.0503470919669666,N900_RS06230,"glutaredoxin, putative",0.13049939999999996,-1.8429,4.9277,1h_SI2,1h,SI2,6h_SI1,6h,SI1,6.7706
4.770442567756843,3.806421678286683,-3.448280563601709,-0.5736031914570056,-2.453747168288221,N900_RS06235,ygjP,1.10176135,-0.63341,4.6717,1h_co,1h,co,3h_SI2,3h,SI2,5.305110000000001
3.434842950719954,3.521406898061612,-1.4026393399732116,-0.7515492041161378,-1.6599706434134802,N900_RS06240,rlmF,0.5804932050000001,-0.82616,4.1722,12h_st,12h,st,3h_st,3h,st,4.99836
-2.9971363574343584,-0.4784246519778324,1.4116993589458293,-1.4736824706710132,0.9799440895295315,N900_RS06245,N900_RS06245,-1.1752615149999999,-3.4124,2.9078,6h_SI5,6h,SI5,3h_SI6,3h,SI6,6.3202
1.9719347595467258,2.3382708099686664,-0.6724913128284645,0.6313749588349608,-0.2836952580510367,N900_RS06250,pilW,1.0629094,-0.28585,3.7715,1h_SI8,1h,SI8,3h_SI3,3h,SI3,4.0573500000000005
3.3881214256969168,3.4662680672358137,-1.624010925353329,-1.0517793485288125,-1.0422329620551392,N900_RS06255,metA,1.2950797666666667,-0.11409,5.1939,3h_SI1,3h,SI1,6h_SI2,6h,SI2,5.30799
2.9320334140503173,1.7382073030657874,-0.3336451718681734,-0.4927878204183192,-0.4220932696009227,N900_RS06260,ATP-binding protein_1,1.1520138611666666,-0.34633,4.6917,6h_SI4,6h,SI4,6h_st,6h,st,5.03803
1.6927589111440817,1.838714881000323,-1.0951938716588674,1.0327463381369766,-0.6935595952045136,N900_RS06265,ABC transporter permease_4,0.34822705000000004,-2.6924,4.9633,1h_SI4,1h,SI4,3h_SI1,3h,SI1,7.6557
0.3262707297957134,2.3474813993815262,0.3736507765810842,-0.23203413143260818,0.06936142941518421,N900_RS06270,ABC transporter permease_3,-0.515561175,-2.5446,2.7036,1h_SI3,1h,SI3,3h_SI3,3h,SI3,5.2482
2.595448880792694,1.4945748045364475,0.02694176644973641,-0.6579545236697352,0.01699194248731987,N900_RS06275,HlyD family secretion protein,-0.7448976499999999,-2.495,3.4803,1h_SI4,1h,SI4,3h_SI3,3h,SI3,5.975300000000001
3.299849245583618,1.1340223411326193,-0.9501953962150986,-0.5639760820975305,-0.5651598620944,N900_RS06280,N900_RS06280,-1.3573059500000002,-5.3348,3.6508,6h_SI6,6h,SI6,12h_SI1,12h,SI1,8.9856
2.4304654355898228,2.039325191233287,0.18488859931428978,-1.308100350512546,0.012986914925627258,N900_RS06285,N900_RS06285,0.1098667781666667,-2.7977,5.2848,12h_SI8,12h,SI8,3h_SI2,3h,SI2,8.0825
5.084819364519413,2.860287466901428,-2.2414538551763163,-1.0751614268577647,-1.5554435283609669,N900_RS06290,dpiB,0.6342087499999999,-0.88658,4.136,3h_SI7,3h,SI7,6h_ce,6h,ce,5.0225800000000005
4.629305276806289,3.6111728729312818,-2.7149413120841777,-2.0295478152377755,-1.8307272681170166,N900_RS06295,citT,0.6784158483333333,-0.58417,3.4302,3h_st,3h,st,12h_st,12h,st,4.01437
3.7312555299136307,1.305042558137436,-0.3139930572231912,0.7207948140485123,-0.31621125839917674,N900_RS06300,amino acid ABC transporter substrate-binding protein,1.67125445,-0.16746,5.6876,1h_SI4,1h,SI4,12h_SI1,12h,SI1,5.85506
6.095165188708839,3.220452510197431,-2.9197597483749735,0.16128012757072552,-1.9671648125785635,N900_RS06305,chev_1,1.4909893333333335,-0.30907,5.2178,1h_SI9,1h,SI9,12h_SI2,12h,SI2,5.526870000000001
3.6366663848211704,2.7213685716242995,-1.5461819876197624,-0.6201119607438439,-1.3908386360954006,N900_RS06310,N900_RS06310,0.8199282166666669,-0.46333,4.6233,6h_st,6h,st,6h_SI1,6h,SI1,5.08663
3.9192471841364385,1.5565143376858503,-2.541821433834501,0.43540011317626487,-1.706064312645434,N900_RS06315,N900_RS06315,0.9638124833333332,-0.5038,3.618,1h_SI9,1h,SI9,6h_SI3,6h,SI3,4.1218
3.061531721165034,3.312029744654489,-2.2244657279852014,-1.7052354939831302,-1.6820125581733087,N900_RS06320,sensor domain-containing diguanylate cyclase_3,-0.23166758333333334,-1.9308,3.4321,24h_st,24h,st,3h_SI3,3h,SI3,5.3629
2.8432548802293445,2.3369983268612904,-0.6391824447441168,-0.5605427612266932,-0.7653497245493723,N900_RS06335,ABC transporter substrate-binding protein_7,0.8131936833333334,-1.2873,3.6511,6h_SI3,6h,SI3,3h_SI3,3h,SI3,4.9384
5.584050881951888,2.2874373570444773,-2.093436544961957,-1.5076034991010223,-1.2643411549958983,N900_RS06340,bmr3_1,0.35335963333333337,-1.0647,3.7852,3h_SI4,3h,SI4,3h_SI3,3h,SI3,4.8499
5.526709602655436,3.2964481816711695,-3.1582900948328065,-1.7051567677581814,-2.078056824621178,N900_RS06345,galT,-0.6258904,-2.3352,2.3864,12h_SI5,12h,SI5,6h_SI3,6h,SI3,4.7216000000000005
4.140382521620911,1.9076849356874108,-2.2350670845621234,-0.381954835567045,-1.2347818854757462,N900_RS06350,galK,-0.24927028333333334,-1.8776,3.0163,6h_SI8,6h,SI8,6h_st,6h,st,4.8939
5.80961769848878,4.078985341398846,-3.1557172873769193,-2.239647232707069,-2.316906401385204,N900_RS06355,galM,0.4891164,-0.82597,3.1706,6h_st,6h,st,1h_SI1,1h,SI1,3.9965699999999997
3.1915352812056117,2.245681410841488,-1.6594434546077992,-1.3061477957216212,-1.350475480403229,N900_RS06360,N900_RS06360,0.6562077416666667,-0.81418,3.6856,3h_SI5,3h,SI5,6h_SI1,6h,SI1,4.49978
4.258371327039943,1.105699417186859,-0.5503980047362668,-0.23336692229884667,-0.6920744734879465,N900_RS06365,N900_RS06365,1.4543584666666665,-0.32706,6.1828,1h_SI8,1h,SI8,12h_st,12h,st,6.509860000000001
4.485635330662411,2.967212585039018,-1.3220740791452323,-0.5292127979425824,-0.9487470491051908,N900_RS06370,fabG_3,1.22217805,-0.34277,4.5641,1h_SI6,1h,SI6,1h_st,1h,st,4.90687
2.4882414886677906,4.065568903284418,-1.9053442160854237,-1.5398299468670136,-1.4504400067246217,N900_RS06375,alsS,0.9845323333333333,-0.69278,4.6147,6h_SI2,6h,SI2,3h_SI2,3h,SI2,5.30748
3.220744453036528,2.505768492051758,-2.0927193891591753,-2.5995844705158953,-1.3388460233967332,N900_RS06385,LysR family transcriptional regulator_6,0.11316683666666666,-1.4342,3.4431,24h_SI1,24h,SI1,3h_SI2,3h,SI2,4.8773
5.177999678135197,2.6637229636278046,-2.610498216621754,-2.1224611344972253,-1.8313718867581137,N900_RS06390,ykgB,-0.13443480000000002,-1.6314,3.1552,12h_SI8,12h,SI8,12h_SI1,12h,SI1,4.7866
2.7240024957984112,0.5104961471153138,-0.010862397173957206,0.1697423753480066,-0.7352639054209208,N900_RS06395,katB,0.02655542499999999,-2.2213,5.4507,6h_ce,6h,ce,3h_st,3h,st,7.672000000000001
5.46440816749094,3.012383610978158,-3.035710039724388,-1.7228790903314934,-1.7615526001953974,N900_RS06400,ankB protein,0.4228683833333333,-0.94908,3.7949,1h_st,1h,st,6h_st,6h,st,4.7439800000000005
2.621364783917758,3.0181278911865057,-1.5718199784589835,-1.282100830604061,-1.0833448596713129,N900_RS06405,sodC,0.053715962833333325,-1.3075,3.0308,3h_SI1,3h,SI1,6h_SI2,6h,SI2,4.3383
2.9676660212098125,2.6009735140129275,-1.5782044468400331,-2.5223978032420424,-1.0327894867508178,N900_RS06410,dabA_BLAST,0.05664059999999997,-1.3993,3.2424,6h_SI1,6h,SI1,1h_st,1h,st,4.6417
5.609290499153825,3.2785493294779298,-3.16638231578859,-0.282417776073312,-1.9537533485685359,N900_RS06415,dabB,1.09186875,-0.38913,4.0292,12h_st,12h,st,3h_SI1,3h,SI1,4.41833
4.843888023234582,2.577895459050168,-1.4517041284764016,-2.124875996988468,-1.2260090130243215,N900_RS06420,LysR family transcriptional regulator_3,-0.0040467333333333595,-1.4142,3.0185,6h_SI4,6h,SI4,3h_SI2,3h,SI2,4.4327
3.521462227779295,3.7822547021364956,-2.1472270278184173,-0.8974274477046401,-1.538588121047818,N900_RS06425,almE,0.9466902666666666,-0.61522,4.662,24h_SI1,24h,SI1,3h_SI3,3h,SI3,5.27722
-0.4450854956086853,0.8878451370833464,-0.5374020094433081,-2.6847801104869378,-0.5182502570547433,N900_RS06430,almF,-0.6555937166666668,-2.6337,4.2177,12h_SI1,12h,SI1,1h_SI1,1h,SI1,6.8514
3.463994496789217,1.9085420080299014,-0.830973890874246,-0.7720667711482053,-0.5455474342109639,N900_RS06435,almG,1.47984925,-0.054004,6.0282,1h_SI4,1h,SI4,3h_SI2,3h,SI2,6.082204
-4.015601465088967,-1.1636676733371953,1.7662805527166332,-0.5324170376599785,1.2384377274854093,N900_RS06440,VCM66_1516_BLAST,-0.6578911000000001,-3.3508,1.5046,3h_SI9,3h,SI9,3h_SI7,3h,SI7,4.8553999999999995
5.5797175904902385,3.5465754190637693,-2.1868321927286836,-1.0284880815876456,-1.3712841915860394,N900_RS06445,N900_RS06445,0.5991164516666667,-0.64961,3.0447,6h_co,6h,co,3h_SI5,3h,SI5,3.69431
2.515697234067958,1.6949389467860485,-1.7754791892956934,-0.6046314558640576,-1.1584673098788076,N900_RS06450,membrane protein_7,0.2462347666666667,-1.6661,5.0831,24h_st,24h,st,6h_ce,6h,ce,6.7492
4.859524260967701,2.1259147442964816,-2.3776184406219616,-0.9072048739654148,-1.504655126535042,N900_RS06455,fumC,0.5373946833333333,-1.5278,4.5736,24h_st,24h,st,3h_SI1,3h,SI1,6.1014
0.40905672880765087,2.218691741520378,-0.42609322523736587,-3.077304755646658,-0.3731465215560504,N900_RS06460,N900_RS06460,-1.0119508333333331,-2.5012,4.4822,24h_st,24h,st,3h_SI4,3h,SI4,6.9834
3.8771688538494042,3.170250597304012,-1.6381500495814636,-0.7129634389586076,-1.077844950553268,N900_RS06465,appC,1.1330999333333334,-0.66141,3.943,6h_SI6,6h,SI6,12h_SI1,12h,SI1,4.60441
0.1475380345074791,2.06839042616576,-0.27149029794209806,0.18088756167956715,-0.3819232857348995,N900_RS06470,appB,0.2744866666666666,-1.8986,3.9833,6h_SI1,6h,SI1,6h_ce,6h,ce,5.8819
2.3251924890016116,1.449763228050157,-0.5011214076992381,-2.1106901341750888,-0.2617749730772129,N900_RS06475,yknY_2,0.29667531666666663,-2.0392,4.9901,6h_SI5,6h,SI5,1h_st,1h,st,7.0293
3.6847309925244414,3.0766832910114705,-2.207018641750187,0.1330779192850847,-1.3255272379329448,N900_RS06480,macB_1,0.9848011000000002,-0.48826,3.2274,1h_st,1h,st,6h_SI3,6h,SI3,3.7156599999999997
5.937147889327587,3.429297494297818,-2.0753137552500873,-0.6457157878290769,-1.6461254555755342,N900_RS06485,macB_2,1.370453883333333,-0.44865,4.1236,1h_SI9,1h,SI9,6h_ce,6h,ce,4.5722499999999995
1.468558874187071,1.1279095988216603,0.312460444277986,-0.21859400058814485,0.24539963886788851,N900_RS06490,tolc,0.3882127616666667,-2.6967,3.4288,6h_SI7,6h,SI7,12h_co,12h,co,6.1255
6.212844499485375,3.694706782679593,-2.965933703714899,-1.1202517111938155,-2.042881527648359,N900_RS06495,macA,1.1646526600000002,-0.10084,4.6484,1h_SI7,1h,SI7,12h_SI1,12h,SI1,4.7492399999999995
0.7074037988605172,-0.0007440687748920549,-0.1246530756153564,-1.9086876142899876,-0.018915479635855423,N900_RS06500,varG,-0.80341435,-3.7278,1.9281,12h_SI8,12h,SI8,24h_SI2,24h,SI2,5.6559
4.981157169466274,2.81236119959682,-1.7388992045006189,-0.3598235203133554,-1.8639502782732227,N900_RS06505,lysr_3,1.3686262649999998,-0.17954,5.1172,3h_SI4,3h,SI4,3h_st,3h,st,5.296740000000001
3.3340711990749075,1.6346871541038372,-1.9393093636374557,0.3543130919887554,-1.2657479866875376,N900_RS06510,katG,1.6284244,-0.15532,6.1199,1h_SI7,1h,SI7,3h_SI1,3h,SI1,6.27522
1.4263657803580656,2.608131718240982,-0.47360455686503883,-2.4388322822201194,-0.4833905219830118,N900_RS06515,bglA,0.3514252833333334,-1.2127,4.6944,6h_SI2,6h,SI2,3h_SI4,3h,SI4,5.9071
6.095467363802627,3.235465339750787,-1.9956193896701655,-0.7497816168567684,-1.896054866826027,N900_RS06520,LacI family DNA-binding transcriptional regulator,0.21405076666666664,-1.4059,3.5196,12h_SI7,12h,SI7,3h_st,3h,st,4.9254999999999995
-0.5429786477854043,1.232412791705527,0.7132487011582016,-0.3800537009657022,0.5781664656434754,N900_RS06525,rutC,0.8426624833333332,-1.0713,3.4002,6h_SI5,6h,SI5,3h_SI5,3h,SI5,4.4715
5.061041103239895,4.4718679165931565,-2.9780454496908138,-1.0568275452968656,-2.1206869157115986,N900_RS06530,Toxin-antitoxin biofilm protein TabA homolog_BLAST,0.7889990166666667,-0.54007,3.4739,3h_st,3h,st,6h_SI1,6h,SI1,4.0139700000000005
3.969111431294034,2.279908474726392,-2.124583919255078,-3.565731875180068,-1.4244968079614235,N900_RS06535,glpQ_1,-0.6283875833333333,-3.2997,3.3835,24h_ce,24h,ce,1h_SI1,1h,SI1,6.6832
5.240451969374027,2.881564985049193,-2.966657394844381,-1.9993837832721828,-2.1260206847677234,N900_RS06540,glpR_1,0.15112328500000005,-1.2938,3.3732,3h_SI6,3h,SI6,6h_SI2,6h,SI2,4.667
2.2480015691429402,2.3453591913938885,-0.7364186660431146,-1.0236918092763636,-1.1328514826991505,N900_RS06545,ugpc,-0.01677286666666663,-1.8148,5.9263,12h_SI7,12h,SI7,6h_ce,6h,ce,7.7411
2.8501300378365624,3.009528303949679,-1.8464105217418716,-3.412169844676267,-1.3113090330800303,N900_RS06550,ugpE,-0.31219335,-2.0951,4.3218,24h_SI3,24h,SI3,3h_SI5,3h,SI5,6.4169
5.05611950047192,3.865324254973863,-2.5366576706719144,-1.266753037321287,-2.0693014308322937,N900_RS06555,ugpA,0.9400644333333333,-0.67973,4.0264,12h_SI7,12h,SI7,3h_SI5,3h,SI5,4.70613
6.355644341900312,2.6685983477663218,-3.194832488783172,-0.9955079976569488,-2.0892891626471917,N900_RS06560,ugpB,0.19030280083333334,-2.3256,3.2723,6h_SI7,6h,SI7,6h_SI1,6h,SI1,5.5979
4.908085682337987,3.3777897131366275,-1.2942801535201123,-0.6768134090065916,-1.5637196231624495,N900_RS06565,tonB,0.9359012466666665,-0.50393,6.0376,6h_co,6h,co,3h_st,3h,st,6.54153
5.602967359249381,4.1649799101093326,-3.020741463052033,-1.5875949033994632,-2.330481384379884,N900_RS06570,mota,0.6697279516666667,-0.84504,3.8276,3h_SI1,3h,SI1,3h_SI2,3h,SI2,4.6726399999999995
6.485299918753873,4.076733531000305,-3.869247377329292,-0.9623527619807779,-2.7352062656080394,N900_RS06575,tolQ_3,1.0613484833333333,-0.39571,4.9052,1h_st,1h,st,12h_SI1,12h,SI1,5.30091
3.7221031928593886,3.3285733228539676,-2.4602594255726555,0.41101721062886326,-1.9344266706567095,N900_RS06580,exbd,0.913149545,-0.577,4.6941,1h_ce,1h,ce,6h_ce,6h,ce,5.2711
5.53649841770475,2.4269094025627083,-1.3716346483916748,0.10549763260582534,-1.0854718668091892,N900_RS06585,TonB_1,0.7636807999999998,-0.84175,4.443,6h_SI7,6h,SI7,6h_st,6h,st,5.28475
4.224427565508979,2.654827844755582,-1.7745793201740496,-0.3955807766982897,-1.0788832520715144,N900_RS06590,N900_RS06590,1.0068560766666665,-0.67461,4.6176,1h_ce,1h,ce,3h_SI3,3h,SI3,5.292210000000001
5.8435589970667925,4.165354364472008,-3.366436111175912,-1.6302178786900103,-2.3944400285358878,N900_RS06595,ligA_1,0.7796801688333332,-0.67142,3.8058,1h_st,1h,st,3h_SI3,3h,SI3,4.47722
4.318574445959822,1.8123716776759158,-1.1551293305174353,-1.1041446403663613,-0.6746345115608782,N900_RS06600,N900_RS06600,0.4151725,-1.1839,4.3176,12h_ce,12h,ce,6h_st,6h,st,5.5015
3.6514978349800105,2.5670894128476567,-2.8296813481571372,-0.9748137067038549,-1.9863557590837286,N900_RS06605,vcmA,1.1191887350000003,-0.74045,5.9166,6h_co,6h,co,6h_ce,6h,ce,6.65705
2.0272197700431613,0.16934626425324395,-0.14060012003474373,2.963868817779081,-0.07250657900224679,N900_RS06610,CPXCG motif-containing cysteine-rich protein,1.3797458,-1.7883,6.0201,6h_SI7,6h,SI7,12h_SI1,12h,SI1,7.808400000000001
2.991585466894986,2.135415161367744,-2.343803067914683,-1.9855950504405897,-1.6832110268984293,N900_RS06615,VC_1539_BLAST,0.0373588783333333,-1.4805,4.4597,6h_SI3,6h,SI3,3h_SI1,3h,SI1,5.9402
5.5486691873735765,3.686936139941432,-1.9325908124429496,-0.9546998670658846,-1.721737417050864,N900_RS06620,N900_RS06620,1.3867726166666665,-0.51522,4.4114,12h_st,12h,st,3h_st,3h,st,4.926620000000001
5.345522395340749,3.9310033764246075,-2.344852692925332,-2.3539547204220517,-2.01229249365991,N900_RS06625,NlpC,0.5121922000000001,-1.0626,2.9137,12h_st,12h,st,6h_SI1,6h,SI1,3.9763
4.828296138667782,1.86019748878656,-1.426158385428192,0.3614121152327569,-0.5862036236169583,N900_RS06630,methyl-accepting chemotaxis protein_2,1.513814866666667,-0.23704,6.0849,1h_SI8,1h,SI8,6h_st,6h,st,6.321940000000001
2.791227846089175,2.029044499932946,-1.0430232199810188,-1.56823261183684,-0.8526448701602123,N900_RS06635,N900_RS06635,0.21786024666666665,-1.5181,4.7797,12h_SI2,12h,SI2,3h_SI3,3h,SI3,6.2978000000000005
4.578954666681488,3.614914884139752,-2.3194909878514856,-0.955140289331281,-1.5187288742739817,N900_RS06640,tRNA-uridine aminocarboxypropyltransferase_BLAST,0.7705398183333333,-0.9013,3.0311,3h_SI1,3h,SI1,1h_SI1,1h,SI1,3.9324
5.50801306527728,2.3709924394507,-0.7807396675128686,-0.10393273961023725,-0.7061378454437766,N900_RS06645,nagK,1.1228472183333336,-1.0026,4.1936,1h_SI4,1h,SI4,12h_st,12h,st,5.1962
0.4362126265399094,-0.6423540675724803,2.384684635966056,0.2142478819200049,0.6803931009142085,N900_RS06650,N900_RS06650,0.009954808333333332,0.00012735,0.43711,1h_SI7,1h,SI7,3h_st,3h,st,0.43698265
1.4689616680345143,1.4839910554253737,-0.39356686786979117,0.3708952858463727,-0.2207235637028625,N900_RS06655,N900_RS06655,1.0726542133333334,-0.36556,5.5148,12h_SI4,12h,SI4,3h_SI1,3h,SI1,5.8803600000000005
1.6076079394719431,-0.1881938353465635,0.12255326841223534,0.2465469273037768,0.12657206745527913,N900_RS06660,N900_RS06660,-0.15241848333333333,-1.9089,4.2832,3h_SI6,3h,SI6,6h_st,6h,st,6.1921
4.074893776704162,2.6206406125130823,-1.0994183913844693,-0.36695086105485236,-1.0027064880980894,N900_RS06665,amino acid ABC transporter,1.0942079999999998,-0.47723,3.9824,3h_co,3h,co,3h_SI1,3h,SI1,4.45963
5.028547922687351,3.2656965130031788,-3.091339819894697,-0.5012398567100345,-2.0279335363097646,N900_RS06670,MoeA,1.494521666666667,0.15517,5.0099,1h_SI3,1h,SI3,3h_SI1,3h,SI1,4.85473
4.610678346753141,2.1680660994958996,-2.852161832375348,0.05582408735751911,-1.9686773360949148,N900_RS06675,mobA,0.551868075,-0.77618,4.4296,24h_st,24h,st,12h_SI2,12h,SI2,5.20578
5.096484873842066,1.7786367464194948,-1.9637460844769723,-1.0601795343508138,-1.1515048550147386,N900_RS06680,btuD_1,0.7745641216666667,-1.003,4.0921,24h_SI9,24h,SI9,12h_st,12h,st,5.0951
0.3639715431846358,1.271511790598314,-0.3550923443193999,0.5621485419564273,-0.13522565064062242,N900_RS06685,tupB,1.2047893056666663,-0.47567,4.8594,1h_ce,1h,ce,6h_SI1,6h,SI1,5.33507
3.3939632871666445,1.0800085779860378,-1.5945138864439483,-1.6227034620209966,-0.8123828212786687,N900_RS06690,tungsten ABC transporter substrate-binding protein,-0.013690531166666664,-1.834,4.7097,24h_st,24h,st,3h_SI1,3h,SI1,6.543699999999999
5.9197344595307175,2.9472978824893934,-2.7375513928957753,-1.464639233737026,-1.6244575172319569,N900_RS06695,atoC_2,0.6521600499999999,-0.99036,4.9041,3h_st,3h,st,12h_st,12h,st,5.89446
5.347634944871313,4.251784616103555,-2.957565456478862,-2.061048258892757,-2.123005979277157,N900_RS06700,sasA_2,0.48825141666666666,-0.65069,2.7977,1h_st,1h,st,6h_SI1,6h,SI1,3.44839
3.967824731318676,2.0186623868138236,-0.48043823917038236,0.44674593974646765,-0.8323061617790851,N900_RS06705,ybiT,1.2500275000000003,-0.51878,6.5922,1h_SI1,1h,SI1,3h_st,3h,st,7.11098
4.850469069291156,2.516144772545813,-2.749338471760357,-1.690712930043051,-1.995908569187539,N900_RS06710,fdhD,0.8535228,-0.93791,5.0436,6h_co,6h,co,3h_SI1,3h,SI1,5.98151
1.1854982416927025,3.0195200351506384,-1.8088324095191988,-1.0803381619555723,-1.2170877004114722,N900_RS06715,N900_RS06715,0.5641505666666667,-1.1735,5.2824,1h_SI1,1h,SI1,3h_SI5,3h,SI5,6.4559
5.8489208174990335,3.329173908264465,-2.547392418311908,-2.324701964052174,-1.9447420983860564,N900_RS06720,N900_RS06720,0.24696005000000001,-0.92208,2.9459,6h_SI8,6h,SI8,12h_st,12h,st,3.86798
5.693849616147565,3.091407862664238,-2.081362986421731,-1.2553100804597133,-1.8585153164763493,N900_RS06725,napF_1,0.8388170416666666,-0.54609,4.4715,12h_st,12h,st,3h_st,3h,st,5.01759
4.4382878063078,2.1573409585047223,-3.01212645793671,0.053587381898192704,-1.9238591043045261,N900_RS06730,molecular chaperone,0.6710938366666667,-0.71991,4.3707,1h_co,1h,co,6h_SI2,6h,SI2,5.09061
1.0871330926233493,2.0305146380975496,-0.7992207670792839,-2.06272625337183,-0.5547661972785977,N900_RS06735,transcriptional initiation protein Tat,-0.43034179666666666,-2.0082,4.6355,24h_SI2,24h,SI2,6h_SI2,6h,SI2,6.643700000000001
4.4002762604003,3.8822332983110086,-1.9577137777971445,-1.9879458595025647,-1.3218014751825056,N900_RS06740,napA_1,0.6587827950000001,-0.77882,3.7293,6h_SI4,6h,SI4,3h_SI4,3h,SI4,4.50812
4.3848765548069855,3.447356694048087,-3.1672916619177682,-2.4578223695598265,-2.211738107964207,N900_RS06745,fdhB1,0.20078578333333333,-0.97867,3.5238,6h_st,6h,st,1h_SI1,1h,SI1,4.50247
3.2745857400387886,4.2860598321378625,-2.1707348405092235,-1.76715354598208,-1.648365538233334,N900_RS06750,formate dehydrogenase subunit gamma,0.396028855,-1.4337,4.3571,12h_SI2,12h,SI2,3h_SI5,3h,SI5,5.7908
2.9438879559721323,3.9286777478215895,-2.0475540087744286,-1.172917581123877,-1.676208600141969,N900_RS06755,N900_RS06755,0.3686837583333333,-0.83096,2.5263,1h_ce,1h,ce,1h_co,1h,co,3.35726
5.680429398540352,2.5827595254746902,-1.900395267152269,-0.465484885081497,-1.7293668579799213,N900_RS06760,cobB,1.0480848666666664,-0.46096,4.1241,1h_SI9,1h,SI9,3h_st,3h,st,4.58506
0.05789322484953675,0.18148394635233794,0.9642533923617294,-0.908624282270599,0.581231091685355,N900_RS06765,VC0395_A1115_BLAST,0.5598267833333334,-2.4472,5.517,6h_ce,6h,ce,3h_SI2,3h,SI2,7.9642
5.7298863974033525,2.49100398828939,-3.3352911150743094,-1.4256443037696949,-2.633284526084912,N900_RS06770,aroH,-0.0747758,-1.3166,2.9544,3h_SI2,3h,SI2,12h_SI2,12h,SI2,4.271
5.751394802821613,3.9460910800312377,-3.30304245886664,-1.5946151517790406,-2.267176293722371,N900_RS06775,N900_RS06775,0.6013934333333335,-0.74408,3.7176,6h_st,6h,st,6h_SI2,6h,SI2,4.46168
3.5421495518207005,2.1085464238591984,-0.6098381027639709,-0.8647877330926697,-0.5707431859152478,N900_RS06780,N900_RS06780,0.9178522108333333,-0.66707,4.6613,6h_SI2,6h,SI2,6h_st,6h,st,5.32837
1.013029937758405,1.2002436828781682,-1.3371177663746663,-1.6182333889632476,-1.0653474404131846,N900_RS06785,cvfB,-0.0924345,-2.5392,3.3421,3h_SI9,3h,SI9,1h_SI1,1h,SI1,5.8812999999999995
6.167531248467972,3.8548683462253206,-2.2640523896950526,-1.3773694941536803,-2.0796401966496263,N900_RS06790,rsmF,0.667166275,-0.95031,3.9896,6h_SI6,6h,SI6,3h_SI3,3h,SI3,4.939909999999999
5.413658834877886,3.625825811309433,-2.2874439082967797,0.37835141514972015,-1.9405883592941982,N900_RS06795,yebT,0.8016523616666668,-0.4925,3.4809,1h_st,1h,st,3h_SI1,3h,SI1,3.9734000000000003
4.827446484645716,3.2757112078152497,-1.496499141230987,-0.10683672736986254,-1.565425306249635,N900_RS06800,paraquat-inducible protein A,0.9318864416666667,-0.8312,4.4398,1h_SI1,1h,SI1,3h_st,3h,st,5.271
3.5600211399375015,2.6541577061748813,-1.730331439145876,-1.7806149344099966,-1.1544351211895731,N900_RS06805,ABC transporter ATP-binding protein_2,0.32236509999999996,-1.5613,4.7015,12h_SI4,12h,SI4,6h_SI1,6h,SI1,6.2628
5.4010363109642565,4.753759424292175,-3.1453160908609084,-1.2512661373505585,-2.361974023875144,N900_RS06810,msrC_BLAST,0.8131330200000001,-0.61003,4.5476,1h_st,1h,st,3h_SI3,3h,SI3,5.15763
1.1816896449664016,2.9339948870349843,-1.438404044635553,0.7525252886728097,-1.0315853877838648,N900_RS06815,proQ,0.07405420000000001,-1.8077,2.8845,1h_ce,1h,ce,3h_SI4,3h,SI4,4.6922
4.927758401225578,2.8046238105270938,-2.4309860074087934,-2.7586074532691898,-1.5869601858010116,N900_RS06820,prc,-0.35085686666666666,-2.2908,3.5145,6h_SI1,6h,SI1,12h_SI1,12h,SI1,5.8053
5.275203591525936,4.304819379640626,-3.1849417769942074,-1.3683734761720816,-2.276489719693511,N900_RS06825,N900_RS06825,0.45651191666666674,-0.90656,2.7194,3h_st,3h,st,3h_SI2,3h,SI2,3.62596
2.2452041031053978,1.632089170456092,-1.861789915764914,-2.41358001540203,-1.108479347147698,N900_RS06830,pepN,-0.14506495433333338,-1.5789,3.8089,12h_SI2,12h,SI2,6h_SI2,6h,SI2,5.3878
1.875164705669032,0.735434378166014,-1.2316819880024015,-1.7964218950459008,-0.8619869691334056,N900_RS06835,N900_RS06835,-0.10428771166666667,-1.3903,2.9967,3h_ce,3h,ce,12h_SI2,12h,SI2,4.3870000000000005
0.5277862968615018,1.0886950616475555,-0.6374020275205736,1.2356986935604493,-0.4080187233343501,N900_RS06840,gdhB,0.8288471233333333,-1.7366,4.025,3h_SI7,3h,SI7,12h_SI2,12h,SI2,5.7616000000000005
4.404602960423335,1.5676198113761903,-1.926628324053499,-2.995890314563893,-1.0267118470905319,N900_RS06845,pyrD,-0.7524003833333333,-4.032,3.3738,12h_SI8,12h,SI8,12h_st,12h,st,7.4058
2.9948363868879047,0.5757666504679154,-1.5388880670534775,-2.250041147496814,-0.7421318250948428,N900_RS06850,zapc,-0.9523734166666667,-3.5584,2.9152,6h_ce,6h,ce,6h_st,6h,st,6.473599999999999
3.3877194824060424,2.966198981412192,-1.2617795266914973,-2.2798590845930646,-0.6969974888610068,N900_RS06855,rlmKL,0.47590435000000014,-0.76432,4.4731,24h_SI3,24h,SI3,6h_st,6h,st,5.237419999999999
0.11520665915123994,-0.0702766448605666,0.4448096631781552,-2.1510072824785276,0.3826189224114404,N900_RS06860,N900_RS06860,-1.4198218499999997,-4.1062,3.2189,6h_ce,6h,ce,1h_ce,1h,ce,7.325100000000001
-0.62306576323938,0.8351571889943402,-0.49472898452288805,-1.420157220474448,-0.5330982319996069,N900_RS06865,uup,0.19111726666666665,-1.7814,3.3423,6h_SI2,6h,SI2,3h_SI1,3h,SI1,5.1236999999999995
3.8286706589396875,2.5502605142151036,-1.5775187843455867,1.0928660996379433,-1.4848515294475624,N900_RS06875,rmf,1.46844075,-0.24621,5.1127,1h_SI6,1h,SI6,3h_SI2,3h,SI2,5.35891
5.842637063812306,2.159732522206604,-0.8312930961989691,-0.1659524895893415,-0.6451590575199092,N900_RS06880,fabA,1.8441144333333335,-0.062449,4.0446,6h_SI9,6h,SI9,12h_st,12h,st,4.107049
5.118963340825529,2.7138782888173276,-2.0765315241253735,0.8787829352181052,-1.4327048868952212,N900_RS06885,ATP-dependent protease LA-related protein,0.7964509666666668,-0.78672,4.6291,1h_SI9,1h,SI9,3h_SI2,3h,SI2,5.41582
0.8888985964771202,1.093914652758292,-0.9275368066731717,0.00464834113339378,-0.7121236979570793,N900_RS06890,matP,-0.1578106561666666,-2.9662,3.2171,1h_SI2,1h,SI2,3h_SI7,3h,SI7,6.1833
3.784463940051508,2.241399087281418,-1.7559361600027599,-0.8191887577512241,-0.9630709999771024,N900_RS06895,N900_RS06895,0.4865406500000001,-1.0144,4.3278,3h_SI6,3h,SI6,6h_st,6h,st,5.3422
5.454158476339327,2.0102473346647285,-1.027745927372574,0.42095174876232766,-1.163765638554692,N900_RS06900,N900_RS06900,1.2459248366666666,-0.24,5.2914,3h_SI4,3h,SI4,12h_st,12h,st,5.5314000000000005
0.402824669839722,0.17219456552177284,0.42329314565437165,1.5730062910383356,0.26156462624739263,N900_RS06945,N900_RS06945,0.013707350000000005,-2.0858,2.8167,3h_SI6,3h,SI6,3h_SI7,3h,SI7,4.9025
5.415518187879614,2.48741600688596,-1.7622895321678695,-0.1699857372162104,-1.331465296186596,N900_RS06955,DNA replication protein_1,1.5418287666666664,-0.76994,4.6859,6h_SI4,6h,SI4,3h_SI3,3h,SI3,5.45584
5.807375976828329,3.827231833617988,-2.5973295472038513,-1.3990411936518392,-2.171062919292526,N900_RS06980,DNA-binding protein,0.5111554333333335,-0.8985,2.9149,6h_st,6h,st,12h_SI1,12h,SI1,3.8133999999999997
-0.35370278572233116,0.2525626875592991,-0.7532657469582064,0.4766501808221124,-0.4453776467455331,N900_RS07000,rstc,-0.13306151666666663,-2.4485,2.4297,12h_SI3,12h,SI3,3h_SI7,3h,SI7,4.8782
5.546132289755907,1.87923380678522,-2.934306266870822,-0.8073727066216783,-1.896204414715829,N900_RS07020,colonization factor,0.2810398333333333,-1.2568,3.7478,3h_SI6,3h,SI6,3h_SI2,3h,SI2,5.0046
4.646290084845271,3.1056589799816723,-3.4079569290834963,-1.5890207001442793,-2.3698601005416347,N900_RS07025,VC_1460_BLAST,0.18067133333333332,-1.0853,3.8395,3h_SI3,3h,SI3,6h_ce,6h,ce,4.9248
5.393126635117005,3.3686315989498365,-3.338813164175907,-1.2681391211889512,-2.207335108110703,N900_RS07030,ace,0.4396666166666667,-0.94895,2.8272,6h_SI9,6h,SI9,12h_SI1,12h,SI1,3.77615
4.255445639582756,2.638535906402958,-0.8548488089715955,-1.2409014045394215,-0.7851766400976703,N900_RS07035,zot,0.8242189833333332,-0.85338,4.197,6h_SI4,6h,SI4,12h_SI1,12h,SI1,5.0503800000000005
4.248207175937705,3.179959185017221,-0.9749393569731488,-0.2278396476886678,-0.920749057497044,N900_RS07040,ctxA,1.6031479666666668,-0.28437,5.9364,1h_SI5,1h,SI5,3h_SI4,3h,SI4,6.22077
4.471890661465101,3.339180038649044,-3.0222239960606605,-0.07336292255923446,-2.026277845795256,N900_RS07045,ctxB,1.2130298333333334,-0.24055,4.3415,1h_SI7,1h,SI7,12h_SI3,12h,SI3,4.58205
3.909468140369912,2.432662722335479,-2.883534938953748,-3.0074821843408834,-2.134899775445474,N900_RS07050,rtxA,-0.30215816666666667,-1.6921,2.9957,3h_SI9,3h,SI9,1h_SI1,1h,SI1,4.687799999999999
3.969155832979566,3.0949144626249248,-2.307298855515347,-0.8408636913654775,-1.604767368482066,N900_RS07055,toxin-activating lysine-acyltransferase,0.6039549883333334,-1.2957,4.1859,3h_ce,3h,ce,3h_SI5,3h,SI5,5.4816
1.6694999122232252,1.991160275208487,-1.869652709120632,-1.8856373130984265,-1.262047074423327,N900_RS07060,N900_RS07060,-0.5776163333333334,-3.6267,4.6598,6h_co,6h,co,3h_SI5,3h,SI5,8.2865
-0.307873831636017,0.709769180946968,-0.059025916408155625,-2.575557817863354,-0.05015453414302064,N900_RS07065,peptidase domain-containing ABC transporter,-0.7304131366666665,-3.5673,3.2553,3h_SI9,3h,SI9,3h_SI7,3h,SI7,6.8225999999999996
5.444279241319606,3.7433827992654614,-2.910083555767856,-1.8198953801095166,-2.10485828381544,N900_RS07070,HlyD family type I secretion periplasmic adaptor subunit_1,0.9266006583333334,-0.70436,5.2161,12h_SI1,12h,SI1,6h_SI3,6h,SI3,5.92046
4.2288941842645285,3.746591246927716,-2.0683397268198838,-0.7574494639111059,-1.5950300077802508,N900_RS07075,hlyB,0.9821974,-0.38911,4.9351,1h_SI8,1h,SI8,3h_SI4,3h,SI4,5.32421
3.604687049970063,0.7749460317609029,-1.998912426914903,0.21168503455066956,-0.9468804397978241,N900_RS07080,rcsC_3,0.3931739,-0.8092,5.5141,3h_SI9,3h,SI9,6h_st,6h,st,6.3233
4.669711479474809,4.071693381099304,-3.315739695911812,-1.3823757816600781,-2.5178201418756974,N900_RS07085,histidine kinase,0.4138719250000001,-1.1388,3.9106,6h_SI1,6h,SI1,6h_SI4,6h,SI4,5.0494
3.276801289088386,2.2974694306259433,-2.7015452998417455,-1.5825389517187975,-1.8553605441300465,N900_RS07090,N900_RS07090,0.11450885666666667,-1.2717,3.9674,6h_SI2,6h,SI2,3h_SI1,3h,SI1,5.2391000000000005
4.724478454751493,3.447886882640112,-3.219111743346239,-0.5059013423683656,-2.345558678199712,N900_RS07095,ccoN,1.1136141833333335,-1.5456,5.1277,1h_SI2,1h,SI2,3h_SI1,3h,SI1,6.6733
-0.17052876163374142,1.563971783274371,0.3229823109733934,-0.6096197507888055,0.2913102338801695,N900_RS07100,ccoO,0.29917746333333334,-1.9615,3.3158,12h_SI9,12h,SI9,3h_SI5,3h,SI5,5.2773
2.8218891130715567,2.2548537303968414,-1.417315377020894,-0.49746197260651964,-0.9006584358235803,N900_RS07110,ccoP,-0.03789021999999998,-1.9196,4.028,6h_SI7,6h,SI7,6h_SI2,6h,SI2,5.9475999999999996
3.240898518731775,3.118908820250358,-1.82623237892509,0.06904875107523484,-1.30786964597843,N900_RS07115,ccoH,1.1404945333333336,-0.62065,4.7388,1h_co,1h,co,6h_SI2,6h,SI2,5.359450000000001
4.973996720273987,4.204012029223298,-3.328259266370371,0.019348017056247155,-2.4418129109286033,N900_RS07120,cadA,1.4978633,-0.50784,4.8596,1h_SI3,1h,SI3,3h_SI3,3h,SI3,5.36744
2.532665176855825,1.7014220470493582,-0.8460946294361136,0.3240068421127072,-0.706191959664044,N900_RS07125,ccoS,0.14297800000000002,-2.0442,3.958,1h_SI3,1h,SI3,3h_SI2,3h,SI2,6.0022
3.306708528931603,2.5377409976077336,-1.5402837082800604,-2.5443811264266993,-0.9549323841937563,N900_RS07130,N900_RS07130,0.47849058166666664,-2.2824,4.8374,12h_SI3,12h,SI3,6h_st,6h,st,7.1198
2.6006853215077737,1.9056441866612508,-1.0446544806278732,0.2354295291187974,-0.7890813375801821,N900_RS07140,uspE,0.8504629316666666,-0.59315,5.3884,12h_SI4,12h,SI4,3h_SI3,3h,SI3,5.9815499999999995
2.7935450732921265,1.8048000628740353,-0.9904009277660869,-2.312529981434001,-1.3203203834577448,N900_RS07145,ttcA,0.29876317666666663,-1.6475,5.0304,6h_SI1,6h,SI1,3h_st,3h,st,6.6779
5.559740006501197,3.87862267220769,-4.016615883902369,-1.085292934837595,-2.850059890029585,N900_RS07150,N900_RS07150,0.8882288666666668,-0.58219,4.1202,3h_st,3h,st,6h_SI4,6h,SI4,4.702389999999999
4.7279194476802635,3.0745034805824316,-1.3067959455205334,-1.7838362694516368,-1.4197520207103715,N900_RS07155,glucosaminidase,0.4029179333333333,-1.0964,4.0105,6h_SI4,6h,SI4,3h_SI1,3h,SI1,5.1069
5.604344754638253,3.6600049391574796,-2.449273151587713,0.3100530470116426,-1.6430600863776885,N900_RS07160,N900_RS07160,0.5299203166666666,-1.3428,3.5137,12h_SI7,12h,SI7,3h_SI4,3h,SI4,4.8565000000000005
2.9318454449003077,2.2438795539462717,-1.7304681731193716,-1.7637425106702131,-1.1013439370643985,N900_RS07165,potA,-0.6177545166666666,-2.1897,2.5308,12h_ce,12h,ce,24h_st,24h,st,4.7205
2.8588229846193935,2.4990777487829274,-1.147341501151157,-0.4890520343757249,-0.5613250538875991,N900_RS07170,potB,0.4825185833333333,-0.87231,4.4464,1h_SI5,1h,SI5,6h_st,6h,st,5.318709999999999
2.4632611269569935,1.1101549915807178,-1.624769890101511,1.4652647266947212,-1.109902576908935,N900_RS07175,potC,0.6767962166666668,-2.0585,4.1782,3h_SI6,3h,SI6,6h_SI4,6h,SI4,6.236700000000001
3.7162995948492137,2.1319511296549964,-2.4384560500733476,-0.4150079646395422,-1.6347011648927916,N900_RS07180,potD_1,1.2015599666666665,-1.0826,5.0131,6h_SI7,6h,SI7,6h_SI3,6h,SI3,6.0957
1.7287353549087396,1.7475251979163327,-0.7015206609090353,0.7508419337768384,-0.3396511342347445,N900_RS07185,potD_2,0.5776087,-1.3399,4.0568,1h_ce,1h,ce,12h_st,12h,st,5.3967
3.8418468243702484,3.732081006796242,-2.7159141704285883,-2.987845005614136,-1.8153030365967298,N900_RS07190,chromosome segregation ATPase_1,0.33410280000000003,-1.3384,3.4822,24h_SI2,24h,SI2,3h_SI4,3h,SI4,4.820600000000001
5.607021666608433,3.876749395043637,-4.038505017177115,-0.9296824997293096,-2.7441804148265887,N900_RS07195,N900_RS07195,0.7000432833333333,-0.80146,3.5485,3h_st,3h,st,6h_SI4,6h,SI4,4.34996
5.0090927550392035,2.5861132555845807,-2.6596469367609843,-1.0746428775198889,-1.5698209902454854,N900_RS07200,alsT_2,1.08547655,-0.49983,4.5313,3h_SI3,3h,SI3,6h_st,6h,st,5.03113
5.922825997159757,2.971057687876134,-2.4330748967250084,0.4739353722604378,-1.5909652491434796,N900_RS07205,rhtB_3,1.3693533308333334,-0.60225,4.9237,1h_co,1h,co,12h_st,12h,st,5.52595
2.640009685242157,1.6383655372381973,-0.7582539797379706,-1.4106373928157105,-0.1637376365597146,N900_RS07210,N900_RS07210,-0.15206748333333334,-2.3909,5.0833,6h_ce,6h,ce,6h_st,6h,st,7.4742
3.882567429159447,2.7012972772126194,-1.1018418932185026,-1.7130077939024297,-1.1456386825191351,N900_RS07215,tsiV1,0.16211520500000004,-1.5735,4.2449,12h_SI5,12h,SI5,6h_SI2,6h,SI2,5.8184000000000005
3.561659719772155,3.011667010422273,-1.2313863502057594,-1.3843502652463378,-0.7948347234209008,N900_RS07220,tseL,0.7280727166666667,-0.87123,4.6377,6h_SI1,6h,SI1,12h_st,12h,st,5.508929999999999
2.308491012389425,2.7966852334773957,-1.6120434085260813,-2.151374619713123,-1.1497938354575756,N900_RS07225,N900_RS07225,0.26196571333333335,-1.257,3.5878,12h_SI8,12h,SI8,6h_ce,6h,ce,4.8448
2.1834703712787342,3.009199378459617,-2.243479000098628,-2.6599585172722375,-1.6068192957579954,N900_RS07230,tssI_1,-0.7208860366666665,-2.1697,2.0946,6h_SI1,6h,SI1,12h_SI2,12h,SI2,4.2643
3.139617950561847,2.817599839763456,-1.3011480144302032,-0.16912778826427796,-0.9541488699543108,N900_RS07235,hcp-2_D1,1.4869275666666664,-0.89732,5.7181,6h_SI5,6h,SI5,3h_SI4,3h,SI4,6.615419999999999
6.204137171314055,3.714992525334882,-2.0816277139780532,-1.2858162417886452,-1.8546761477215374,N900_RS07240,carboxypeptidase M32,0.82394318,-0.41973,3.9068,12h_SI7,12h,SI7,3h_SI4,3h,SI4,4.32653
4.895235495302587,3.5303709569716637,-3.233626802500917,-2.4772567812228434,-2.3216501465904713,N900_RS07245,methyl-accepting chemotaxis protein_9,-0.032054583333333365,-1.3867,3.9365,6h_st,6h,st,6h_ce,6h,ce,5.3232
6.211119657151998,3.603074323570676,-4.036798774112151,-1.1550235900762957,-2.769020546570209,N900_RS07250,vceB,0.7054589583333332,-0.8033,3.7177,12h_st,12h,st,12h_SI1,12h,SI1,4.521
4.884104415436382,4.247831474009328,-2.7438314468029366,-1.5943377598423658,-1.9569773274973687,N900_RS07255,vceA,0.48418877,-0.74287,3.3961,6h_st,6h,st,3h_SI2,3h,SI2,4.1389700000000005
5.255520236602508,3.1301105034839587,-1.734763343084582,0.15057413041797174,-1.5921775833747611,N900_RS07260,vceC,0.6589191299999999,-0.83511,3.5694,12h_st,12h,st,3h_st,3h,st,4.40451
4.1284139178736785,3.20487736415587,-2.2091978818817766,-0.31960810012479324,-1.6745940932135994,N900_RS07265,vceR,0.5964662500000001,-2.3098,4.1965,1h_SI5,1h,SI5,3h_SI1,3h,SI1,6.5063
6.568453941710208,4.118738730726366,-3.429176738398973,-1.3234851995680634,-2.385528904319169,N900_RS07270,rhlE_1,0.62821655,-0.8934,3.5773,6h_ce,6h,ce,3h_SI2,3h,SI2,4.4707
4.912038662837184,3.4822081874472643,-2.9682732986492666,-0.8654220888496517,-2.0185171398518844,N900_RS07275,PAS domain S-box protein_1,1.333461103,-0.16479,5.1171,1h_SI7,1h,SI7,12h_SI2,12h,SI2,5.28189
1.9234268706018243,2.9066572912447795,-2.1889197411324397,-1.9618659647342005,-1.5677950818414652,N900_RS07280,mlp16,0.50991453,-0.78416,3.9606,6h_SI1,6h,SI1,6h_ce,6h,ce,4.744759999999999
5.420469701400568,2.804242814045041,-1.2478921348822662,-1.006355596234305,-1.2130899258968504,N900_RS07285,mlp14,0.673507205,-0.52864,3.7456,1h_SI9,1h,SI9,3h_SI2,3h,SI2,4.27424
4.784359401598737,3.3258098639830296,-2.3659423251255594,0.10339425641867583,-1.6398423540853309,N900_RS07290,cheW,1.3193963033333336,-0.62733,4.8388,1h_co,1h,co,12h_SI2,12h,SI2,5.46613
2.6356980319952488,0.386038817662279,-1.0458420083608164,0.4756835501987693,-0.7251368475962742,N900_RS07295,cheB1,-0.06628589333333335,-2.331,3.9986,12h_SI5,12h,SI5,12h_SI3,12h,SI3,6.3296
3.8994296719190653,2.7483831794683176,-2.498579285748512,0.08896890926680302,-1.4312504042793872,N900_RS07300,N900_RS07300,1.172540076666667,-0.35308,4.298,1h_SI9,1h,SI9,6h_SI3,6h,SI3,4.65108
5.5300531821050285,4.1875121643007525,-3.319124257433609,-0.5678927515716212,-2.3649812670128347,N900_RS07305,cheR1,1.1930420166666669,-0.31754,3.8772,1h_SI8,1h,SI8,6h_SI2,6h,SI2,4.19474
2.3410582101049275,2.195213662577615,-1.8426240083751724,-1.7569255232233845,-1.1466626093013301,N900_RS07310,cheY2,0.26305344666666663,-1.2478,3.4935,6h_SI2,6h,SI2,6h_SI4,6h,SI4,4.7413
3.8581966717143685,0.9807100793823902,-1.8827686211682666,0.27380422999530607,-1.1155329135423064,N900_RS07315,CheA1,0.3294812833333333,-1.2485,5.3207,6h_SI3,6h,SI3,12h_st,12h,st,6.5692
2.5198602627010405,2.4440841357068073,-1.891733233114072,-1.2902208348880788,-1.4343422174739975,N900_RS07320,N900_RS07320,0.6558127833333334,-0.97232,4.2164,6h_SI6,6h,SI6,3h_SI3,3h,SI3,5.18872
0.4187684781521328,1.753678505590777,-0.29630914290236754,-1.1356520203966478,-0.19036721084161323,N900_RS07325,cheY1,0.028452466666666707,-2.5006,3.369,6h_SI6,6h,SI6,3h_SI4,3h,SI4,5.8696
5.3235105833299805,2.115059404687363,-1.4618642295625024,-0.45604612027076724,-1.212575159453425,N900_RS07330,mlp13,-0.04807821666666666,-1.8006,3.4207,6h_ce,6h,ce,3h_st,3h,st,5.2213
4.909927645334185,4.384950107767497,-3.6774424753930592,-1.3469933876115663,-2.688027208960068,N900_RS07335,gdx,0.8789779936666666,-0.58326,4.2955,6h_SI1,6h,SI1,3h_SI5,3h,SI5,4.87876
3.2523977721932353,2.2544344675677195,-1.3360581683621429,-0.6561062216042441,-1.5151605851822751,N900_RS07340,cry2,0.36383461,-1.1041,4.7492,3h_SI1,3h,SI1,6h_SI3,6h,SI3,5.8533
4.530830245898857,2.218709802083913,-2.425677149279267,-2.255000148990357,-1.3571378079575394,N900_RS07345,bmr3_2,0.17659431666666667,-1.3251,3.1656,3h_SI2,3h,SI2,1h_ce,1h,ce,4.4907
4.002317773377381,2.9200099371061166,-2.54532613383161,0.5050304806327416,-1.788636371392721,N900_RS07350,lysr_1,1.0364287333333335,-1.1594,4.2595,1h_ce,1h,ce,1h_SI1,1h,SI1,5.4189
4.957035717309334,3.4255354150405903,-3.2831565745897118,-0.6109914441701755,-2.554236630666367,N900_RS07360,lplA,0.87655342,-0.62312,3.1356,3h_SI1,3h,SI1,6h_SI1,6h,SI1,3.7587200000000003
6.682718855469638,3.4252615063984377,-2.392888550920825,-0.6587466033011086,-2.0444230651696222,N900_RS07365,yegD,1.1373953833333335,-0.34514,3.4958,1h_SI6,1h,SI6,3h_SI2,3h,SI2,3.84094
1.6195717350837906,0.5009849735150841,-0.453126238726401,-2.728648844157047,-0.30987318598575164,N900_RS07370,membrane protein_5,-0.7474851166666667,-2.5035,2.7885,6h_SI3,6h,SI3,12h_SI2,12h,SI2,5.292
4.166115323911125,2.9458228654499257,-3.106953586991147,-0.2957913101695559,-2.090477639440346,N900_RS07375,hrpA,0.61788525,-0.39461,3.8312,6h_SI4,6h,SI4,6h_SI2,6h,SI2,4.22581
-0.9534045442009562,1.2198020390025226,0.49505059874765206,-1.0302339551167112,0.3341079946849776,N900_RS07380,N900_RS07380,-0.04969873333333329,-2.4301,4.3813,6h_SI5,6h,SI5,3h_SI4,3h,SI4,6.811400000000001
6.750658275959899,3.7975540123931832,-3.4460483246780536,-0.1513252019127856,-2.26850931848664,N900_RS07385,N900_RS07385,0.8699623183333335,-0.49244,3.4955,1h_SI6,1h,SI6,6h_SI3,6h,SI3,3.98794
2.8812633199721205,2.0305742223965106,-2.280990398121009,-0.4762268652057838,-1.5684475290083357,N900_RS07390,N900_RS07390,0.8143681849999999,-1.0453,5.6245,6h_SI8,6h,SI8,12h_SI4,12h,SI4,6.6698
3.8006540615549445,2.3357963911127864,-0.8099804149686461,-0.48747926763359906,-0.7335298044670664,N900_RS07400,exonuclease,0.2485654883333333,-1.4776,4.443,12h_SI5,12h,SI5,3h_SI4,3h,SI4,5.920599999999999
6.021506892719865,3.5337216887170917,-3.6376900069883975,-0.8421643795682979,-2.5639180752711583,N900_RS07405,diguanylate cyclase_2,1.2027841499999998,-0.56204,3.7918,3h_SI5,3h,SI5,6h_SI2,6h,SI2,4.35384
5.256710916428966,2.863965779474299,-2.146445077134215,-0.7425607903634567,-1.4079993774797575,N900_RS07410,N900_RS07410,0.7705606666666668,-0.78513,4.7887,6h_SI7,6h,SI7,12h_st,12h,st,5.57383
3.850825765125665,2.5233069984930343,-0.5007636371483619,-1.5662754503580756,-0.5820806539596948,N900_RS07415,hscA_1,0.8367553500000001,-0.93096,3.6667,6h_SI3,6h,SI3,1h_st,1h,st,4.59766
4.617898054290347,3.6523949999966425,-2.9365498745275,-0.36143206243299786,-2.140943229277305,N900_RS07420,molecular chaperone DnaK,1.3096287299999998,-0.60889,5.463,1h_ce,1h,ce,3h_SI2,3h,SI2,6.07189
3.93733325489053,1.6658978550030739,-2.6514824533049706,0.2025268224702046,-1.7943434598773027,N900_RS07425,N900_RS07425,0.5428017333333334,-0.57425,5.0231,3h_SI4,3h,SI4,6h_ce,6h,ce,5.5973500000000005
4.132603995349398,2.057796380956037,-0.9464118979688125,-2.4104083237507234,-1.1040702839471368,N900_RS07430,N900_RS07430,0.0429573183333333,-1.5152,3.9413,12h_SI7,12h,SI7,3h_st,3h,st,5.4565
4.5102889332468825,2.865915280173978,-2.6952829613564493,-0.31396654453350425,-1.9639105994469852,N900_RS07435,diguanylate cyclase_3,1.149382016666667,-0.84738,5.3236,1h_SI9,1h,SI9,3h_SI1,3h,SI1,6.17098
5.91883552616008,3.5447848530391655,-2.8610786275743543,-0.2623788115348471,-1.9315301156114812,N900_RS07440,ABC transporter substrate-binding protein_5,1.116281,-0.5149,4.5792,12h_SI8,12h,SI8,6h_SI1,6h,SI1,5.0941
2.1979787957772237,2.1540621518532346,-1.768130319920433,0.6324959650440214,-1.2992577617012284,N900_RS07445,N900_RS07445,1.1338224666666668,-0.45706,4.0211,6h_SI3,6h,SI3,6h_SI1,6h,SI1,4.47816
3.5566066536088905,3.035062256817323,-1.2302342149844119,-0.7736821598685131,-0.9995175796075434,N900_RS07450,N900_RS07450,1.17188171,-0.32062,7.274,6h_SI5,6h,SI5,3h_SI1,3h,SI1,7.59462
3.014806164600657,2.0925280094909398,0.16913138182493934,-0.8161728814761464,-0.4618626778141656,N900_RS07455,queC,0.4992305333333333,-1.4742,4.9309,12h_SI2,12h,SI2,3h_st,3h,st,6.4051
2.945551344517936,2.0184899910188467,-0.8763215925477972,-1.1459996023933898,-1.1086857831252488,N900_RS07460,queE,0.9523363749999999,-0.46318,5.3729,12h_SI8,12h,SI8,3h_st,3h,st,5.83608
-0.31946767692874684,0.23468848064499068,-0.17252644507607343,-2.162098455250932,-0.16835114295257025,N900_RS07465,yidA,-0.7318412166666666,-2.3481,1.908,6h_SI3,6h,SI3,3h_SI2,3h,SI2,4.2561
4.3016766188660815,3.6138814081868684,-3.0016592116897,-2.0581817764153207,-2.256829469063141,N900_RS07470,cysG_2,0.6594637083333335,-0.71594,3.4143,12h_st,12h,st,3h_SI1,3h,SI1,4.13024
3.84940584430666,1.8673464187286715,-1.8952150385726865,-2.596993555204422,-1.171909736187128,N900_RS07475,aapJ,-0.11556552000000002,-1.5799,2.9019,24h_SI1,24h,SI1,1h_SI1,1h,SI1,4.4818
4.90723112935727,3.391473659609694,-2.109949170303663,-1.8451465224283015,-1.3185415258127298,N900_RS07480,ABC transporter permease subunit_2,0.33760463333333335,-1.0894,3.5051,12h_SI9,12h,SI9,3h_SI2,3h,SI2,4.5945
5.472374778236796,2.8355363709671426,-2.899636114648899,-0.6448468794939659,-2.316555991308606,N900_RS07485,yhdY,1.0569526500000002,-0.38934,5.428,6h_st,6h,st,3h_SI1,3h,SI1,5.81734
0.11448683540020432,0.74924662290652,-1.4737351509909293,-0.23200606981578295,-0.9893260074996713,N900_RS07490,glnQ,0.38661958499999993,-0.99566,5.0144,12h_SI1,12h,SI1,6h_SI4,6h,SI4,6.01006
5.024805427030939,1.479762189229329,-0.6642950647070573,-1.1052461712153365,-0.748760895741373,N900_RS07495,ycca,-0.09286800000000002,-2.1462,3.9383,3h_SI7,3h,SI7,3h_SI1,3h,SI1,6.0845
5.442936418650974,4.442803451146337,-2.5231135245697387,-1.9509203283199115,-2.176641322902897,N900_RS07505,acyP,0.6522378500000001,-0.76187,3.5309,6h_st,6h,st,3h_SI3,3h,SI3,4.29277
5.565869939939478,3.6165357175816215,-2.056803531892994,-1.2703925014060842,-2.0917907636859563,N900_RS07510,rlmI,1.097762916666667,-0.41012,4.9631,6h_st,6h,st,3h_st,3h,st,5.37322
6.7559738779662055,3.6084128396615576,-3.5663332717048135,-1.3565467043799004,-2.7526816423230107,N900_RS07515,diguanylate cyclase_1,0.9015788783333333,-0.54242,3.3394,6h_st,6h,st,12h_SI2,12h,SI2,3.88182
3.3107465487504095,1.9475036158567338,-2.576877372443496,-1.797848229814953,-1.552946927636706,N900_RS07520,N900_RS07520,-0.04554677499999999,-2.0553,2.6255,12h_ce,12h,ce,1h_ce,1h,ce,4.6808
2.067638458919439,3.1020078968047713,-2.137002886662608,-2.2623220461275264,-1.6113074611623364,N900_RS07525,PGdx_2,0.7137049000000001,-1.3348,5.399,24h_SI4,24h,SI4,1h_SI1,1h,SI1,6.7338000000000005
5.389393962701298,4.1176023488710145,-2.3513767508657075,-1.774985045474244,-1.9173292217980054,N900_RS07530,rcsC_4,0.5091011999999999,-1.0122,2.8,12h_st,12h,st,3h_SI1,3h,SI1,3.8122
1.572468740979308,1.1500140865350632,0.979391181862356,0.3145910611556088,0.19204042778210748,N900_RS07535,two-component system response regulator,1.2444750666666666,-1.7614,5.9603,6h_SI5,6h,SI5,3h_SI4,3h,SI4,7.7217
6.200433998792416,2.7976308033953603,-2.333138256542301,-0.6085181119892118,-1.6687682034197941,N900_RS07540,maiA,0.7580234766666666,-0.62416,4.0553,6h_SI7,6h,SI7,3h_SI2,3h,SI2,4.67946
5.922306914111746,3.268131500948069,-3.3190957176282967,-1.9154837367185538,-2.356685363983196,N900_RS07545,N900_RS07545,0.18894519833333337,-1.3451,3.2819,24h_SI7,24h,SI7,1h_SI1,1h,SI1,4.627
5.401272147982253,3.6447742685607643,-2.458175609327867,-1.5554895552317218,-1.6445712620913941,N900_RS07550,hmgA,0.5414908816666667,-1.0035,3.227,24h_SI7,24h,SI7,3h_SI2,3h,SI2,4.2305
5.997885971909279,3.4779796176408664,-2.6659890934161377,0.45679644834481553,-1.7848312897290664,N900_RS07555,hppD,1.3406445166666667,-0.52765,3.6785,1h_SI6,1h,SI6,6h_SI4,6h,SI4,4.20615
5.419311346947891,3.4591533254937104,-3.5820998399652546,-2.8695203085734886,-2.444901182321494,N900_RS07560,pepT_1,-0.27431439999999996,-1.5977,2.5905,3h_SI3,3h,SI3,3h_SI2,3h,SI2,4.1882
5.757977326753591,3.1703327865247233,-2.9914117852835163,0.1944945441269533,-1.8518685763796408,N900_RS07565,N900_RS07565,1.1533720500000002,-0.55004,4.0807,1h_st,1h,st,6h_st,6h,st,4.63074
2.6209128562931316,1.7584526676118086,-0.3600313099063491,0.19513684721900282,-0.15239579878472553,N900_RS07570,GNAT family N-acetyltransferase_4,1.0860157333333331,-0.20517,3.4991,1h_SI7,1h,SI7,6h_st,6h,st,3.7042699999999997
5.12888894591889,4.243969436719044,-2.788872836658228,-1.3609171464054233,-2.3709708473833166,N900_RS07575,acsA,0.5122754716666668,-1.1204,2.6573,12h_st,12h,st,3h_SI2,3h,SI2,3.7777000000000003
4.042364692388768,2.7352705461678712,-1.8968924622872503,-1.1438629275701693,-1.4144830163647413,N900_RS07580,prpF,-0.04815200833333333,-1.3034,2.8489,6h_SI2,6h,SI2,6h_SI1,6h,SI1,4.1523
6.5956651871020355,3.751238786014867,-2.7388582737877134,-1.0567943736919019,-2.0497227044808057,N900_RS07585,acnD,0.5594032243333333,-0.82837,3.2134,6h_SI7,6h,SI7,6h_SI2,6h,SI2,4.04177
3.576867952725725,2.1300595248454015,-0.6555189108318823,0.18350945394932536,-1.070536086878898,N900_RS07590,prpC,0.8396426166666665,-1.2524,4.536,6h_SI2,6h,SI2,3h_st,3h,st,5.788399999999999
5.592228380359144,3.073953648064973,-2.053530412316231,-0.1976959398644482,-1.522747521825399,N900_RS07595,prpB,1.7590006833333331,-0.032254,4.8087,1h_SI6,1h,SI6,6h_SI1,6h,SI1,4.840954
5.267152258235711,2.3653025824099463,-2.4023585769704288,0.7193656948882767,-1.3375428880174713,N900_RS07600,gntR_1,1.6637734116666671,-0.33891,5.1514,3h_SI2,3h,SI2,6h_SI2,6h,SI2,5.49031
4.724607235791831,3.2495877127972608,-2.470806054539423,-0.4196950489356818,-2.0683303844329033,N900_RS07605,tripartite tricarboxylate transporter substrate binding protein,1.1144969466666668,-0.55553,4.0774,6h_st,6h,st,12h_SI1,12h,SI1,4.63293
5.88953334313965,4.112594802988327,-3.526845866146605,-0.36036541256414345,-2.50291931368781,N900_RS07610,N900_RS07610,0.8893498,-0.51932,4.58,3h_st,3h,st,6h_SI1,6h,SI1,5.0993200000000005
3.3880704099107053,2.439666485726281,-0.257995854775882,-0.5026335618211699,-0.23416065957105892,N900_RS07615,tripartite tricarboxylate transporter permease,2.165230733333333,-0.61013,6.3623,1h_SI4,1h,SI4,6h_SI1,6h,SI1,6.97243
1.2523999342744827,2.767389027811094,-0.9199720669174011,-2.5863790904896606,-0.7917961002053541,N900_RS07620,N900_RS07620,-0.6398527833333334,-2.3501,2.0696,12h_SI8,12h,SI8,3h_SI3,3h,SI3,4.4197
-0.026657138158060575,0.5279618027001536,0.8097963191375492,-0.15890979654598483,0.5366053106158613,N900_RS07625,outer membrane beta-barrel protein,0.4002137333333333,-1.4947,2.7615,1h_SI2,1h,SI2,12h_ce,12h,ce,4.2562
4.491653617296897,3.652244225962571,-2.1785716471347296,-0.13451114031991765,-1.4349640307338263,N900_RS07630,mglC,1.5462742133333334,-0.15215,4.9607,1h_SI5,1h,SI5,3h_SI3,3h,SI3,5.11285
3.4330925201072353,1.0476919247818262,-0.19687606746520903,-1.6197522015590549,-0.6065392086370817,N900_RS07635,mglA,0.0869153,-1.7836,3.8766,24h_st,24h,st,3h_st,3h,st,5.6602
2.6158518704238363,3.511173346747557,-1.5968311177684866,-1.039664514309016,-1.3002411861958987,N900_RS07645,mglB,0.6793211833333334,-1.1867,4.3166,6h_SI2,6h,SI2,1h_SI1,1h,SI1,5.5033
4.5043349006189946,3.511768325825389,-2.422672780685807,-1.211355610832077,-1.8654328354206087,N900_RS07655,N900_RS07655,0.8835439166666667,-0.56363,3.7421,6h_SI4,6h,SI4,1h_SI1,1h,SI1,4.3057300000000005
5.740213089982047,3.2204294503164173,-1.6906960026179063,-1.9547045338363265,-1.2386778944023933,N900_RS07660,nqrM_2,0.8110142483333331,-0.54344,3.5526,6h_ce,6h,ce,6h_SI1,6h,SI1,4.09604
4.318023122626277,3.320647755523744,-1.6772743382822632,-2.4625864337607744,-1.0580237909849945,N900_RS07665,penicillin-binding protein,0.38521566333333335,-0.83472,3.4414,24h_ce,24h,ce,1h_ce,1h,ce,4.27612
5.097665531002723,1.4695562109927045,-2.0640226846102134,0.16665590534594846,-1.5362480509824799,N900_RS07670,carR,0.5253872,-1.0488,4.6037,12h_SI3,12h,SI3,6h_SI2,6h,SI2,5.6525
5.54207607135691,3.6557510559941657,-2.3100370334855493,-1.7639901244182634,-1.9407087831759111,N900_RS07675,carS,0.41785548,-0.9289,3.7915,12h_co,12h,co,1h_SI1,1h,SI1,4.7204
3.7821182421742257,2.053967273360788,-1.6179985043557474,-1.754708601750584,-0.8016630645883386,N900_RS07680,ompv,0.02054336666666668,-1.4986,4.0299,3h_SI9,3h,SI9,6h_st,6h,st,5.528499999999999
0.07227870235399303,0.8968053173248496,-0.2723893022691086,-3.0767850876000846,-0.2195079992981355,N900_RS07685,N900_RS07685,-0.6147460666666668,-2.633,2.5028,12h_SI1,12h,SI1,3h_SI2,3h,SI2,5.1358
4.910736871051435,2.8501071001239295,-2.332349476487809,1.1409188583566128,-1.700044637879223,N900_RS07690,hupR1_1,1.3089684500000005,-1.5737,4.3363,1h_SI9,1h,SI9,6h_SI2,6h,SI2,5.91
5.58745700346088,2.9268406004423184,-1.396326953379464,-1.7346581201928084,-1.2637494503500921,N900_RS07695,sasA_4,1.09872925,-0.19896,3.9719,12h_co,12h,co,3h_SI1,3h,SI1,4.17086
3.709145984983637,3.035942676357729,-1.7720749714501844,-0.6114845628420351,-1.0485809881925552,N900_RS07700,SLC13 family permease_1,0.38306825,-0.99186,2.9921,3h_SI1,3h,SI1,6h_SI3,6h,SI3,3.98396
3.257772868821018,1.5035263417700446,-2.308950690191993,-0.012175660527803429,-1.351249370056241,N900_RS07705,methyl-accepting chemotaxis protein_14,0.42721209999999993,-1.2518,4.2859,6h_SI1,6h,SI1,3h_SI1,3h,SI1,5.5377
5.974704973033572,4.085080409631735,-3.4088593437252013,-1.2456719015843047,-2.427902067780608,N900_RS07710,bsrV,0.3564268333333334,-1.1237,3.6824,12h_SI6,12h,SI6,3h_SI2,3h,SI2,4.8061
5.433353908301546,3.38059640740147,-3.6805641856106206,-2.5804095269487277,-2.502339289302863,N900_RS07715,eamA_3,-0.05206324999999999,-1.4107,3.0596,3h_SI8,3h,SI8,1h_SI1,1h,SI1,4.4703
5.107410715440654,3.0305288078250494,-2.0602589460038896,-1.7013439999430497,-1.1850675014635446,N900_RS07720,N900_RS07720,0.6436412833333335,-0.82199,3.7604,6h_SI4,6h,SI4,3h_SI4,3h,SI4,4.58239
2.5815210210822803,1.5927990993798153,-0.3003330673157761,-2.006716930268627,-0.7386935760298189,N900_RS07725,rimJ,0.2097655016666667,-1.5308,4.3497,6h_SI2,6h,SI2,1h_ce,1h,ce,5.8805000000000005
3.893631371502405,3.0984868082330848,-2.1894571637377904,-2.125922695205028,-1.7298287314764191,N900_RS07730,tyrR,-0.006961833333333337,-1.6368,2.4556,6h_SI1,6h,SI1,6h_SI2,6h,SI2,4.0924
4.731322260493481,3.217761807959794,-1.9568406653833688,-1.5979265127323634,-1.1077863897298446,N900_RS07735,VP1870_BLAST,0.4509385999999999,-0.93959,3.252,3h_st,3h,st,6h_SI1,6h,SI1,4.19159
4.563133344861312,3.9172506848291184,-3.203438602279104,-1.432545162321632,-2.29127271882864,N900_RS07740,ycjx,0.44725967999999994,-0.97049,3.1576,12h_st,12h,st,3h_SI3,3h,SI3,4.12809
3.827344828630657,2.1892442255002056,-2.075246756345573,0.765266544737035,-1.4649427895066116,N900_RS07745,N900_RS07745,0.08899200000000002,-3.086,4.0135,1h_SI2,1h,SI2,12h_SI2,12h,SI2,7.099499999999999
0.8596018775697951,2.4140549757801786,-1.297871931252982,-2.3536096564081017,-0.9368502765594803,N900_RS07750,fumB,-0.3102420666666667,-2.237,3.4738,1h_SI3,1h,SI3,3h_SI6,3h,SI6,5.710800000000001
4.223373596328079,2.166453059064025,-1.354607112676014,-2.3301396936309913,-1.478564935457005,N900_RS07755,pabB,-0.3831248333333333,-2.2118,4.0613,24h_SI9,24h,SI9,3h_st,3h,st,6.2731
5.356636705106673,4.286168068318126,-2.9621493641753656,-0.8658037882284959,-2.1847805274807564,N900_RS07760,nudL,0.7911077,-0.4541,3.4145,3h_ce,3h,ce,3h_SI3,3h,SI3,3.8686
5.395917508386834,3.557483198596096,-2.318400484906177,-0.2504127061651332,-1.7116558029007287,N900_RS07765,sdaC_2,1.31297405,-0.12973,4.4926,1h_st,1h,st,3h_SI3,3h,SI3,4.622330000000001
4.817139365300351,3.265175904810201,-1.5572599475058528,-2.7027407947847792,-1.3587825286546116,N900_RS07770,sdaA_1,-0.23991559999999998,-1.7701,3.6309,12h_SI9,12h,SI9,3h_SI2,3h,SI2,5.401
3.8825033669997713,2.9791972494544825,-1.3164928588501015,-1.8018499484708244,-1.0449567054964584,N900_RS07775,queD,0.4059112,-1.0443,2.9556,6h_SI4,6h,SI4,6h_SI2,6h,SI2,3.9999000000000002
2.981289757991846,3.129981207889263,-1.2837515579568826,-0.620503175098003,-1.1132844082513615,N900_RS07780,methyl-accepting chemotaxis protein_13,0.9406937333333333,-0.62339,4.1889,3h_SI1,3h,SI1,6h_SI4,6h,SI4,4.81229
4.635819673141467,3.6803262628454534,-2.995652267126742,-2.15905760076277,-2.045400317810205,N900_RS07790,thiD,0.7363055500000002,-0.91134,3.4851,6h_SI2,6h,SI2,6h_SI4,6h,SI4,4.39644
3.774932003425797,1.0885016364103597,-1.320280753858161,0.5955906555157648,-0.6242990907878266,N900_RS07795,VC_1295_BLAST,1.115486435,-0.40884,5.0928,3h_SI6,3h,SI6,6h_st,6h,st,5.50164
3.9454919458108617,1.49578339445411,-1.628896610557341,-0.5583200094662932,-0.6885520411073514,N900_RS07800,N900_RS07800,0.39623748333333336,-1.1928,3.1142,3h_SI3,3h,SI3,6h_st,6h,st,4.307
4.5473931960528455,3.94860904485579,-3.3658995988384826,-1.3210058513154204,-2.3431263096430994,N900_RS07805,aspC,-0.02344593333333333,-1.3936,2.7221,1h_co,1h,co,3h_SI3,3h,SI3,4.1157
5.479287234926518,1.9833334972946988,-2.408608940621754,0.10616909623836882,-1.84473574755725,N900_RS07810,N900_RS07810,0.7776716116666668,-0.84111,3.7476,3h_SI3,3h,SI3,3h_SI2,3h,SI2,4.58871
5.766907280457449,3.6138628404534088,-3.213721711993123,-1.5736692665781546,-2.3619672896941757,N900_RS07815,polC_1,0.2592381,-1.4404,3.6986,3h_SI7,3h,SI7,3h_SI3,3h,SI3,5.138999999999999
4.883829797650323,4.317906452145289,-3.1083307023259072,-0.5444281796653927,-2.3061860479585503,N900_RS07820,methyl-accepting chemotaxis protein_6,1.1976554216666666,-0.40374,3.9972,12h_st,12h,st,3h_SI3,3h,SI3,4.40094
-0.9995669215275047,1.4840812730486401,-0.9062367849051725,-2.049693224823763,-0.596337302152859,N900_RS07825,mdoG,-0.4006700966666667,-2.806,4.2332,24h_SI1,24h,SI1,6h_ce,6h,ce,7.0392
5.317280884326319,3.695036685451925,-2.8184066584066225,-0.7605737929933648,-1.8232589436538935,N900_RS07830,mdoH,1.0436566333333335,-0.38321,4.4463,12h_st,12h,st,12h_SI1,12h,SI1,4.82951
5.355699303385737,3.983311294704547,-3.408152838001267,-0.14869592041613205,-2.4252089021765433,N900_RS07835,laci_1,1.2769471166666666,-0.34501,4.3803,1h_SI5,1h,SI5,6h_SI2,6h,SI2,4.72531
2.393561456983588,1.2436029410912046,-2.2240614264065774,-0.8427326820752565,-1.586194161046857,N900_RS07840,chbG,0.42840743333333337,-0.98467,6.5211,6h_SI1,6h,SI1,6h_ce,6h,ce,7.50577
4.8366690495285,4.340523867402077,-2.961398532386776,-0.3605098329125407,-2.1532353089497707,N900_RS07845,licH,1.2876851933333329,-0.11429,4.4205,6h_SI8,6h,SI8,3h_SI5,3h,SI5,4.534789999999999
3.0323378635452567,2.152470207608582,-1.9267165602323224,-0.7095572917351226,-1.1037258826452168,N900_RS07850,chbA,0.9988693166666667,-0.069135,5.3257,1h_SI6,1h,SI6,12h_st,12h,st,5.3948350000000005
4.050719549812282,2.714943127073909,-0.47257385673545904,-2.226843883615866,-0.7455710518255478,N900_RS07855,licC,0.47576205000000005,-1.0301,4.1243,24h_SI2,24h,SI2,3h_st,3h,st,5.1544
2.503567308894896,2.997336265979309,-1.8583031583391578,-1.6524970323566885,-1.3611472696726319,N900_RS07860,ccmE_2,0.381503475,-1.5445,4.5501,6h_SI7,6h,SI7,3h_SI5,3h,SI5,6.0946
1.7022971767170918,1.7400134302048447,-1.4283717871770214,-0.6480931031056988,-0.8671368144186493,N900_RS07865,cod,0.5750998033333334,-0.84279,4.2379,1h_SI9,1h,SI9,6h_SI2,6h,SI2,5.08069
5.788034724781068,2.8842193772949996,-1.5971916465106555,-1.5823801538817905,-1.1607524164807683,N900_RS07870,VP1905_BLAST,0.6169574616666665,-0.62781,2.663,12h_SI7,12h,SI7,12h_st,12h,st,3.2908099999999996
2.0245465991526204,2.4319686197063706,-1.252411166391913,-1.2114105550132173,-0.7106813729899459,N900_RS07875,sarZ_1,1.0538639,-0.5498,3.8071,1h_SI5,1h,SI5,3h_SI5,3h,SI5,4.3569
6.49308216981502,3.626677531007897,-3.31288159615069,-0.3643536645008877,-2.219924138931319,N900_RS07880,DNA-binding response regulator_1,0.7648298166666668,-0.91705,3.3324,1h_st,1h,st,3h_SI2,3h,SI2,4.2494499999999995
4.755130318666985,3.8965084284187443,-3.1814842466995663,-1.757315707845932,-2.298427655700305,N900_RS07885,nreB,0.34763375,-0.67085,3.5324,1h_SI4,1h,SI4,3h_SI2,3h,SI2,4.20325
6.380639762373314,3.4144087306503073,-2.0808355745967653,-1.1533960865963933,-1.8043616315850897,N900_RS07890,dctM_2,0.578338605,-0.85087,3.569,6h_SI7,6h,SI7,3h_SI3,3h,SI3,4.4198699999999995
3.160032017230684,2.414814710679308,-1.0724310525385494,-1.6282660563865161,-0.7587572675837313,N900_RS07900,ABC transporter substrate-binding protein_3,0.4713469166666666,-1.2679,3.6544,6h_SI3,6h,SI3,3h_SI3,3h,SI3,4.9223
5.305732448721316,3.4051773198301354,-2.4054422118785164,-0.3099657447250383,-1.7384971994300986,N900_RS07905,N900_RS07905,1.4109102999999998,-0.44161,5.0693,1h_SI9,1h,SI9,3h_SI1,3h,SI1,5.51091
5.079922987825002,3.53407402854606,-2.3410327509137066,-0.38239036227175544,-1.6333343753895861,N900_RS07910,N900_RS07910,1.250454533333333,-0.39349,4.278,1h_SI7,1h,SI7,3h_SI2,3h,SI2,4.6714899999999995
-0.16358782432528957,0.8447665650469591,-0.34535487774739043,-1.5661822681769464,-0.31902186235924795,N900_RS07915,gloC,0.15950206,-2.1452,2.6433,1h_SI9,1h,SI9,6h_SI5,6h,SI5,4.7885
1.0221184973844741,1.211569095424042,-0.9742501282161793,-2.749321931813841,-0.686056155018113,N900_RS07920,"Peptidoglycan L,D-endopeptidase MepK_BLAST",-0.8491850666666667,-3.4032,2.4546,6h_SI8,6h,SI8,3h_SI8,3h,SI8,5.8578
1.734436945719991,2.42795050890664,-0.2903667924257254,-1.202960631595251,-0.34289468633482234,N900_RS07925,ycbB,0.49579451666666674,-1.0471,3.9059,12h_SI2,12h,SI2,3h_SI2,3h,SI2,4.952999999999999
5.206628434015946,3.9555150374283365,-2.264183961913791,-1.0449323599281886,-1.8795901706656,N900_RS07930,N900_RS07930,0.7327269333333334,-0.7231,3.9735,6h_st,6h,st,3h_SI5,3h,SI5,4.6966
4.150913592651185,3.5734186633977547,-1.457134682700472,-0.6153435456878398,-1.0805893890857132,N900_RS07935,iron-regulated protein A,0.7166446316666667,-0.71719,3.298,3h_SI1,3h,SI1,3h_SI4,3h,SI4,4.0151900000000005
4.871242358288318,2.8305571425427885,-1.3930447423631942,-0.9395904844665958,-0.989267389397334,N900_RS07940,c-type cytochrome,1.2955336666666668,-0.37222,5.0784,1h_SI8,1h,SI8,12h_SI1,12h,SI1,5.450620000000001
4.8338727491136435,3.5849253661006624,-2.416551911280089,-1.224273087016484,-1.528795686644434,N900_RS07945,peptidase_2,0.9119383116666667,-0.48316,3.3304,3h_st,3h,st,3h_SI1,3h,SI1,3.81356
3.952436140005161,1.4952643339361427,-0.3776491953921587,1.4642175633918573,-0.2783676652919935,N900_RS07950,ribA,1.9820138333333335,-0.52413,4.5176,1h_SI5,1h,SI5,24h_SI2,24h,SI2,5.041729999999999
3.340490947985714,2.7200292819546568,-0.690860132098612,-0.664640713237491,-1.0467523681800055,N900_RS07955,N900_RS07955,1.1621305333333334,-0.45338,5.6762,6h_SI4,6h,SI4,3h_st,3h,st,6.12958
4.443496327883714,2.310716941744287,-2.0507561152913865,-0.8701488372037189,-1.0072576951584191,N900_RS07960,setA,1.0041554,-0.9206,4.313,24h_st,24h,st,6h_st,6h,st,5.2336
4.327866811420295,3.742847059775697,-2.605593243782041,-1.6712170451633652,-1.9314907559034762,N900_RS07965,arac,0.4461010766666667,-0.77739,4.0377,24h_st,24h,st,3h_SI1,3h,SI1,4.81509
4.464365201615644,3.696739511355759,-3.4651346770622964,-1.4455966798754105,-2.5992283718460807,N900_RS07970,rhodanese-related sulfurtransferase,0.9706993500000001,-1.319,4.2987,6h_SI1,6h,SI1,6h_SI2,6h,SI2,5.6177
3.842091720953967,2.346286769986667,-1.4535632342426965,-1.53998343545389,-1.1581633729281786,N900_RS07995,(Fe-S)-binding protein,-0.08261983333333332,-2.9296,5.2445,12h_SI8,12h,SI8,3h_SI2,3h,SI2,8.174100000000001
5.236708670401806,3.461898399974777,-2.4662923320101937,-2.126734976544845,-1.4874946929917734,N900_RS08005,pncC_1,0.5603832333333333,-0.78795,3.7591,12h_st,12h,st,3h_SI5,3h,SI5,4.5470500000000005
3.135647785606851,3.6272841630057986,-3.523076984701524,-1.8493788768459773,-2.329049972746304,N900_RS08010,N900_RS08010,0.7961138433333333,-0.72745,3.6007,24h_st,24h,st,3h_SI5,3h,SI5,4.32815
4.9906222896303545,3.323534243209249,-1.5588880440202584,-1.1680560660454506,-1.5960945977699277,N900_RS08015,glycine cleavage system protein R,0.7186213133333333,-0.39997,3.6933,12h_SI6,12h,SI6,6h_SI1,6h,SI1,4.0932699999999995
4.42239711389876,3.9708277267078196,-3.0759347734087026,-1.2059004110982834,-2.1921026147679465,N900_RS08020,mcpP_1,0.5777437683333333,-0.81876,3.764,12h_st,12h,st,12h_SI4,12h,SI4,4.5827599999999995
5.092305595269691,3.506607096111454,-3.2915396820363902,-0.10629574536633933,-2.349345741007581,N900_RS08025,N900_RS08025,1.226556795,-0.094683,3.9013,1h_st,1h,st,6h_SI2,6h,SI2,3.995983
4.4582349320026395,3.6977529731140746,-2.5059597273551026,-0.3021530402866789,-1.6432562215069355,N900_RS08035,btuD,1.4050578166666667,-0.7945,4.8771,1h_SI8,1h,SI8,3h_SI3,3h,SI3,5.671600000000001
5.190409674679096,3.342362912935112,-1.1589549424361218,-1.5301248167425627,-1.3127079521131904,N900_RS08040,btuC,0.7169738681666668,-0.368,3.9508,12h_SI6,12h,SI6,3h_st,3h,st,4.3188
6.150798229659931,4.110969642059694,-3.6844429605364124,-0.5670922619429623,-2.68576911689311,N900_RS08045,astE,0.8444706985,-0.73355,3.8073,3h_co,3h,co,6h_SI4,6h,SI4,4.54085
3.3390635789689638,3.350726517486467,-2.1321187708029266,-0.26747097033421713,-1.4654541501458749,N900_RS08050,alpha-ribazole-5'-phosphate phosphatase,1.0708913000000002,-0.52668,4.2858,1h_SI9,1h,SI9,12h_SI1,12h,SI1,4.81248
4.394964642354876,4.059934291515941,-1.8838032688966566,-1.7661715010317895,-1.7078458889803965,N900_RS08055,cobU,0.5905539833333333,-1.0332,3.4685,3h_SI1,3h,SI1,3h_SI2,3h,SI2,4.5017
3.9232496479186185,3.1660850165873837,-2.427511332340218,-1.4284423407201798,-1.7806153825033901,N900_RS08060,cobS_1,0.4071855666666667,-1.3873,3.0367,6h_SI2,6h,SI2,12h_SI1,12h,SI1,4.424
4.514384845074289,2.254598838154098,-1.9048633880648627,-0.5729548191873737,-1.3046853841265995,N900_RS08065,cobT,0.3133879616666667,-1.3549,3.0054,6h_SI3,6h,SI3,3h_SI2,3h,SI2,4.3603
4.797517843104448,1.5971444387255558,-0.9571394761092326,-0.47432535573242346,-1.231970559220822,N900_RS08070,msrB_1,0.8287195166666668,-0.70542,4.5732,6h_SI4,6h,SI4,3h_st,3h,st,5.27862
5.263921928709943,3.6694584008964473,-1.848809464456372,-0.06394002447830176,-1.9161534920497265,N900_RS08075,L-cystine transporter,0.9592798333333333,-0.81472,4.9757,1h_SI6,1h,SI6,3h_st,3h,st,5.79042
5.157044872529105,2.6163022259781674,-1.1691796155109637,-0.29643239723554976,-1.1562987101883369,N900_RS08080,sbcB,0.12967521666666665,-1.9636,3.7547,3h_ce,3h,ce,3h_st,3h,st,5.7183
0.9918849820402931,1.641327451280413,-1.4112659552882805,-1.8255136218833632,-0.8602695966007168,N900_RS08085,VC0395_A0854_BLAST,0.023085983333333317,-2.2165,4.4172,6h_SI5,6h,SI5,1h_SI1,1h,SI1,6.6337
4.443336178962829,2.361212304180824,-1.5742379074791673,0.25548851988092747,-1.016569827332641,N900_RS08090,yohK_2,1.3397971666666668,-0.4488,4.5205,6h_SI3,6h,SI3,12h_SI1,12h,SI1,4.9693000000000005
2.6385579348770345,1.0448331880845483,-2.2275844067816037,-0.8368209186992973,-1.5421186849583581,N900_RS08095,cdd,0.92044975,-0.98501,5.4696,3h_SI9,3h,SI9,6h_SI2,6h,SI2,6.45461
3.5524838092302207,2.7933461105505177,-1.387672221845157,-2.0390482397791017,-0.8433177652296343,N900_RS08100,AEC family transporter_1,0.5312292766666669,-0.80901,4.4799,6h_SI4,6h,SI4,1h_SI1,1h,SI1,5.28891
5.755066816217394,3.378886789566358,-1.567626972547883,-0.3308967819021983,-1.5326835193598514,N900_RS08105,purT,1.2393204,-0.25998,4.5228,1h_SI5,1h,SI5,12h_st,12h,st,4.78278
1.9954132566987786,0.8259252483449707,0.05177843293734722,0.6251665710406508,0.012829199726753152,N900_RS08110,N900_RS08110,0.3066408166666667,-2.7477,4.1089,6h_SI7,6h,SI7,3h_SI5,3h,SI5,6.8566
5.504500319372477,2.752639900545781,-1.5628695577573275,-1.1667842871372478,-1.264249157368546,N900_RS08115,tpm,0.9527164016666666,-0.3915,4.1309,6h_ce,6h,ce,1h_ce,1h,ce,4.522399999999999
3.616150656588102,3.3857057429961412,-2.7685862345489993,-0.7564566508282822,-1.8616277414178768,N900_RS08120,relV,1.2156765500000002,-0.6273,5.0132,3h_SI2,3h,SI2,6h_ce,6h,ce,5.6405
-0.12213761930555812,0.3762428393640986,-0.39219252155461365,-1.3739564491398613,-0.16474265262974847,N900_RS08125,N900_RS08125,-0.5578300700000001,-1.9154,2.7612,12h_SI7,12h,SI7,3h_SI5,3h,SI5,4.6766000000000005
5.465968507942449,1.7609128825512321,-0.7971009599674012,-1.0257549679234,-0.6009573925611276,N900_RS08130,ihfA,-0.9957416666666667,-3.1868,1.0413,6h_SI9,6h,SI9,12h_SI2,12h,SI2,4.2280999999999995
6.209346668512578,2.8880641659220414,-3.1996949537425827,-0.9314039266907541,-1.8653262877159202,N900_RS08145,GNAT family N-acetyltransferase_3,0.8532645333333334,-0.88556,3.9044,1h_SI8,1h,SI8,6h_st,6h,st,4.78996
1.3441740378190346,-0.27931744078942106,1.814760854661366,0.07562069392349782,0.30702251545121667,N900_RS08150,N900_RS08150,0.005595575500000001,0.00033236,0.16587,12h_SI2,12h,SI2,3h_st,3h,st,0.16553763999999999
5.878018229687325,2.0572490151206866,-0.7996226741909616,-0.16891227477820325,-0.6245349286149303,N900_RS08175,pgsA,1.9096746333333336,0.093918,4.139,12h_ce,12h,ce,12h_st,12h,st,4.045082
5.011874805117967,3.3469438789452184,-2.9966046241256272,-0.2786713589570186,-2.006707007984823,N900_RS08180,uvrC,0.7368369233333334,-0.76786,3.7973,12h_co,12h,co,3h_SI1,3h,SI1,4.56516
3.131858708779684,1.4462045111461084,-0.3581231100819296,-2.3501876778112756,-0.2607917925703503,N900_RS08185,uvrY,-2.0337761666666667,-4.3419,0.92733,12h_co,12h,co,1h_ce,1h,ce,5.26923
4.728911753223393,1.6726896158105446,-1.751584418206185,-0.29995910001986203,-1.5916323260814527,N900_RS08190,polB,0.7779145800000001,-1.2555,4.4792,6h_co,6h,co,6h_SI1,6h,SI1,5.7347
5.329196083627874,2.6153298208428044,-1.7347853564187996,-0.12423595845162254,-1.7091059196787253,N900_RS08195,N900_RS08195,1.2475586333333335,0.081734,5.0147,1h_SI8,1h,SI8,12h_SI1,12h,SI1,4.932966
5.86186916297325,3.300423532429436,-3.927285686186967,-1.0551596244495307,-2.7061433348125448,N900_RS08200,nucleotidyltransferase,0.9407429166666668,-0.26924,4.3861,3h_SI3,3h,SI3,6h_SI1,6h,SI1,4.65534
2.1896199135820846,2.7146101042578348,-0.6553829934086395,-0.9793837237462083,-0.5637937254058786,N900_RS08205,yeiP,1.0932602333333332,-0.57685,4.7675,12h_SI4,12h,SI4,1h_st,1h,st,5.34435
5.709043392439854,2.0259246374615296,-1.2230500931093184,-0.6806718171750097,-1.209975808962702,N900_RS08210,VC0395_A0828_BLAST,0.6092177545,-1.2521,5.1297,3h_SI7,3h,SI7,3h_st,3h,st,6.3818
2.282222528392689,1.7466235057853972,-1.0556788675322668,-1.8584223441162249,-0.4336657560786823,N900_RS08215,N900_RS08215,0.23704948166666656,-1.4109,4.1066,12h_SI1,12h,SI1,6h_SI1,6h,SI1,5.5175
4.9372101815312215,2.3629363118122875,-2.3568674308006305,-0.017485064281963725,-1.5848875735903705,N900_RS08220,hutC,0.8880298333333333,-1.3759,5.3486,12h_SI8,12h,SI8,6h_SI3,6h,SI3,6.7245
0.9570635796919624,1.6225365878041282,0.09630182112607198,-2.3388189535161903,-0.1455748565956529,N900_RS08225,hutI,0.012860981666666655,-1.2371,2.366,6h_SI3,6h,SI3,6h_SI2,6h,SI2,3.6031000000000004
5.073842236513993,4.483674956585912,-3.943634213593153,-1.0669004822111188,-2.8326218962108967,N900_RS08230,hutG,0.64989609,-0.8809,3.5459,6h_st,6h,st,3h_SI2,3h,SI2,4.4268
2.5256963886905486,1.3262200321362372,-1.7067345688837274,-1.6248678934048677,-0.7750007829884127,N900_RS08235,hutU,0.10112349999999998,-1.2477,3.2081,3h_SI3,3h,SI3,1h_SI1,1h,SI1,4.4558
4.003186803390247,2.631992743796498,-0.676644967994868,0.5380697264334487,-0.499515218207396,N900_RS08240,hutH,1.3871163833333333,-0.67711,5.8738,1h_ce,1h,ce,3h_SI4,3h,SI4,6.55091
3.777590234623358,3.1905649045653406,-1.8956770197720139,-1.5084031896599641,-1.3456997694566664,N900_RS08245,N900_RS08245,0.6419036783333332,-0.66524,4.5196,3h_SI1,3h,SI1,1h_st,1h,st,5.1848399999999994
5.12756051487251,2.7746668738416638,-2.0184129864324905,-2.0781134674025306,-1.0381240142425316,N900_RS08250,vesB,0.4382439166666666,-1.0366,4.159,3h_st,3h,st,6h_st,6h,st,5.1956
5.1517013964034675,3.6278986928940378,-2.9262427521537293,-0.6524244010055618,-1.8877089251758488,N900_RS08255,N900_RS08255,0.8918825349999999,-0.51569,3.7589,6h_ce,6h,ce,3h_SI2,3h,SI2,4.27459
5.631768232226869,3.878888697868099,-2.909690548962166,0.10438803535099714,-1.9815610726462818,N900_RS08260,ydiJ_BLAST,1.0087345483333334,-0.57066,3.5887,1h_SI2,1h,SI2,3h_SI5,3h,SI5,4.1593599999999995
4.438235768916704,3.6981207574358437,-3.5029696526484115,-0.7765176882179667,-2.4673289162932015,N900_RS08265,N900_RS08265,0.7398509833333335,-0.71186,3.5893,1h_co,1h,co,3h_SI5,3h,SI5,4.30116
5.469349171373507,3.9319070093265185,-3.317201277802001,0.7572739878836952,-2.455825022619351,N900_RS08270,N900_RS08270,0.9932927833333333,-1.4364,4.3582,1h_SI5,1h,SI5,3h_SI2,3h,SI2,5.7946
4.042669876570058,1.644085967060622,-2.764969627781347,0.20620648408575404,-1.8356688810966848,N900_RS08275,yiaD,0.9983787883333334,-0.57913,4.8011,3h_SI2,3h,SI2,6h_SI1,6h,SI1,5.38023
2.0587505695931867,0.6613231910641526,-0.7020078903074458,-1.3549904670099933,-0.4987217143105647,N900_RS08280,molecular chaperone DnaJ,-0.8678183333333335,-2.7877,2.6396,6h_SI6,6h,SI6,3h_SI2,3h,SI2,5.427300000000001
5.573550249316427,3.9362441446846392,-3.1489596656882277,-0.6083851556940948,-2.3428813602232044,N900_RS08285,N900_RS08285,1.1318526666666666,-0.41803,5.0817,3h_SI6,3h,SI6,12h_SI1,12h,SI1,5.49973
4.711498197002554,3.6202340805534297,-3.7072020100268004,-2.823481754229064,-2.6295835498396496,N900_RS08290,N900_RS08290,0.12254079999999999,-0.99094,3.1197,3h_SI4,3h,SI4,6h_SI2,6h,SI2,4.11064
4.694821752677379,1.6940227495233287,-0.8741051438517703,-1.999190834261191,-0.6186773484298519,N900_RS08295,purC,-1.0655877166666667,-3.5147,4.0098,12h_SI7,12h,SI7,1h_ce,1h,ce,7.5245
1.3906815105974768,1.7751830645413125,-0.4959554878106222,1.7915176689562622,-0.1361124214749302,N900_RS08300,N900_RS08300,0.9797685949999999,-1.0699,4.6016,1h_co,1h,co,3h_SI4,3h,SI4,5.6715
3.186971575353315,1.7787920896549703,-0.7815018088114615,-1.2722428060768634,-0.43068758481933017,N900_RS08305,maeA,-0.4048924666666667,-1.9675,4.2564,24h_SI4,24h,SI4,12h_SI1,12h,SI1,6.2239
1.621160488196716,-0.2713011343761171,-0.5053950765150738,-2.6977857952979116,-0.38474781161775057,N900_RS08310,N900_RS08310,-0.6930444166666666,-2.1072,3.3199,6h_SI8,6h,SI8,1h_SI1,1h,SI1,5.4271
4.8379733540539895,3.0397572968922764,-2.296894280485106,0.1825915218649474,-1.6290867096774841,N900_RS08315,vancomycin high temperature exclusion protein,0.7663898999999998,-0.81014,4.2345,3h_SI9,3h,SI9,3h_SI1,3h,SI1,5.044639999999999
4.186464697644009,1.604357483481601,-1.4536810546087824,-1.8317704416149678,-1.0261549078221783,N900_RS08320,Pseudogene_N900_RS08320,-0.11642185,-2.8364,4.1509,3h_SI6,3h,SI6,1h_SI1,1h,SI1,6.987299999999999
3.6282957867314716,1.553039262530551,-0.19347680341718348,-0.2794582193221943,-0.4288794345019163,N900_RS08325,sufS_2,0.9886626833333333,-0.43461,5.3232,1h_SI8,1h,SI8,3h_st,3h,st,5.75781
5.635006152503448,3.6593660189015287,-2.7524925245390084,-1.9455189593218194,-1.9896844032123482,N900_RS08330,agglutination protein,0.6307771166666666,-1.5471,3.9207,6h_co,6h,co,1h_SI1,1h,SI1,5.4678
4.559266585670433,0.9219225514445983,-2.5112466509792695,0.4307011702461322,-1.6241631367326577,N900_RS08335,trxB,0.059201285000000006,-2.3284,3.0184,3h_SI6,3h,SI6,6h_SI2,6h,SI2,5.3468
3.672587426207727,2.186895581954924,-2.0161615691469947,-1.3450263257124762,-1.4164398445942719,N900_RS08350,rluB,-0.24933823166666666,-1.9076,2.8938,1h_SI5,1h,SI5,1h_ce,1h,ce,4.8014
3.569646917811443,3.176635140772545,-2.273182673645823,-2.110531630467246,-1.6027616054014084,N900_RS08355,yciO,1.092501158333333,-0.34357,5.071,6h_SI4,6h,SI4,1h_SI1,1h,SI1,5.414569999999999
5.5547882115782325,2.8558563296541455,-2.5164365979504084,-1.7541685354352858,-1.806342917987646,N900_RS08360,yciV,0.5423122833333331,-0.77398,4.008,3h_SI4,3h,SI4,6h_SI3,6h,SI3,4.78198
2.3304254915006832,2.0370564811165655,-2.4435694127537184,-2.782488051808471,-1.6248890495384731,N900_RS08365,N900_RS08365,-0.05110904,-1.5609,3.9462,6h_SI1,6h,SI1,1h_SI1,1h,SI1,5.5071
4.842331323723669,1.9889641539296818,-2.1800228477398713,-1.1889895490889402,-1.2798053026138372,N900_RS08370,trpE,0.25509840666666667,-1.3532,2.9777,12h_SI1,12h,SI1,6h_SI3,6h,SI3,4.3309
5.348120870503111,3.5068180090146703,-2.735199758526213,-1.9208319241408238,-1.8393773492076395,N900_RS08375,trpG_2,0.31859641666666677,-1.1211,3.2824,3h_co,3h,co,3h_SI5,3h,SI5,4.4035
5.03219251238226,3.1498750255481327,-1.3678722934532197,0.8577500031233765,-1.2433795082145906,N900_RS08380,trpD,1.642995016666667,-0.75924,4.9603,1h_SI7,1h,SI7,3h_st,3h,st,5.71954
3.387346734634726,2.3545440630257732,-0.7795119869133614,-1.123960681588658,-0.917636651877784,N900_RS08385,trpCF,0.46154173333333337,-1.0333,4.3453,3h_SI9,3h,SI9,3h_SI1,3h,SI1,5.3786000000000005
2.5707283148597786,3.383654060303837,-1.3188174902500682,-0.8545837641486098,-1.1349770234922474,N900_RS08390,trpB,1.0133360166666665,-0.67254,3.7182,6h_SI1,6h,SI1,3h_SI5,3h,SI5,4.39074
5.323443312932216,2.6218486148163103,-2.7068481878079838,-0.597027558430465,-1.7441139049222012,N900_RS08395,trpA,1.05240295,-0.39372,4.541,12h_st,12h,st,3h_SI1,3h,SI1,4.93472
5.470393247047749,3.2252804311104413,-3.1799163249469107,-1.4279889386169253,-2.181546412651136,N900_RS08400,dicarboxylate/amino acid:cation symporter,0.8385874833333332,-0.47013,4.1371,6h_st,6h,st,6h_SI3,6h,SI3,4.60723
3.0652836214950834,2.2087977229561426,-1.0455395666565659,-2.1022171695698533,-0.6859228768010082,N900_RS08405,tdk,0.24745970166666667,-1.4536,3.1849,6h_SI1,6h,SI1,6h_st,6h,st,4.6385
5.438356242572645,3.1332562993301383,-3.0125954343508727,-1.35436857489618,-1.8220793281393703,N900_RS08415,UPF0759 protein YecE_BLAST,0.8086361965000002,-0.65873,3.31,3h_st,3h,st,12h_SI2,12h,SI2,3.96873
5.919465023842641,3.154648946885791,-1.9793107363520739,-1.642064010483032,-1.7741587567848554,N900_RS08420,cmoA,0.31891053333333325,-1.7111,3.0389,12h_SI7,12h,SI7,3h_SI1,3h,SI1,4.75
4.348000563748733,3.7196285821046464,-1.3963777242745816,-0.9748846057316906,-1.2781411835110834,N900_RS08425,cmoB,0.7933500966666666,-0.32086,3.5199,24h_st,24h,st,3h_SI4,3h,SI4,3.84076
5.000361974165454,1.1996790493300538,-1.1673106021203068,-1.0317263209774,-0.5665603340571395,N900_RS08430,ATP-dependent Zn protease,0.0415046,-2.5977,3.986,6h_SI5,6h,SI5,6h_st,6h,st,6.5837
3.6232706461566555,1.9887582343855859,-2.2368371847504713,-3.3660658109073913,-1.4706193362263063,N900_RS08435,gonadoliberin III,-0.3288796,-1.9545,3.6517,24h_SI5,24h,SI5,1h_SI1,1h,SI1,5.606199999999999
3.579124948721785,1.5157019265605653,-1.3048256276872467,-2.153969995671326,-0.9111072076261787,N900_RS08440,alpha-L-glutamate ligase-like protein,-0.11738144999999997,-3.7,4.3574,6h_SI6,6h,SI6,6h_SI3,6h,SI3,8.057400000000001
2.465850709885744,2.9450495848282126,-0.4727809840944939,-1.6212201940016948,-0.9557895053072559,N900_RS08450,N900_RS08450,0.5241945116666666,-1.4596,3.6065,6h_SI1,6h,SI1,3h_SI3,3h,SI3,5.0661000000000005
5.419012499427801,3.769342287986675,-2.2204183950677536,-1.4288380446794327,-2.0146536287663297,N900_RS08455,sasA_5,0.7129816333333333,-0.75991,3.6754,12h_SI6,12h,SI6,6h_ce,6h,ce,4.435309999999999
3.383800200395411,2.668165615677092,-2.409951993989073,-1.0085186214143498,-1.708738385952938,N900_RS08460,response regulator_3,1.0572139166666665,-0.23901,5.8166,12h_SI2,12h,SI2,3h_SI2,3h,SI2,6.055610000000001
1.0366337522985158,0.2261663890692384,-0.24076287410400976,-3.7467906432860265,-0.09769147908620596,N900_RS08465,N900_RS08465,-1.9702411166666667,-5.149,2.1107,12h_SI5,12h,SI5,1h_co,1h,co,7.2597000000000005
4.75632467624585,1.926577845226026,-1.7517200090899707,-0.19324325588986602,-0.9993388759727458,N900_RS08470,DNA transformation protein,1.2574838166666666,-1.4547,5.8525,6h_SI5,6h,SI5,12h_SI1,12h,SI1,7.3072
4.46826634229717,2.973612522728105,-0.8875673862309261,-0.19433270688905233,-0.8994169826857538,N900_RS08475,N900_RS08475,1.5533004333333333,0.033246,5.1738,1h_SI3,1h,SI3,6h_ce,6h,ce,5.140554
4.050113354679708,3.896179899661247,-2.5380491299701253,-0.8518822644679873,-1.6823693718901511,N900_RS08480,lyso,1.3188634166666668,-0.29356,3.6736,3h_SI1,3h,SI1,3h_SI6,3h,SI6,3.96716
5.0618032625802964,3.132009183159039,-2.6470569044353343,-1.4440173184919982,-1.861277799054295,N900_RS08485,N900_RS08485,0.5791421658333333,-0.87926,4.1673,6h_SI4,6h,SI4,3h_SI1,3h,SI1,5.04656
1.8106374345096832,3.50595079281612,-2.112183133143192,-0.8380154544943473,-1.4973457173746114,N900_RS08495,hexR,1.4443123333333332,-0.27678,4.4943,3h_co,3h,co,6h_SI3,6h,SI3,4.7710799999999995
5.5645196003267925,3.489783835451718,-2.8913794069859104,-0.18710113245203877,-1.8440708587183159,N900_RS08500,iron-containing alcohol dehydrogenase_1,1.3094348000000005,-0.1859,5.4874,3h_st,3h,st,3h_SI1,3h,SI1,5.6733
1.3710521547531171,0.20570611508907213,-0.13418808601103402,-3.527780049866963,-0.11748616130709051,N900_RS08505,grxa,-2.188486333333333,-5.3571,2.7597,12h_SI9,12h,SI9,3h_SI9,3h,SI9,8.1168
4.6551792056504695,1.9189883056753312,-1.2121802721719792,-1.0451806317686145,-1.0010107016675058,N900_RS08510,aspT,0.4992382333333333,-1.3198,3.9205,6h_SI8,6h,SI8,3h_st,3h,st,5.2403
1.7973085878103254,1.5827405701405566,0.5553118100379649,-1.0540294101393795,0.5402114030547809,N900_RS08515,clpA,1.6179085333333334,-1.8674,4.8621,12h_SI8,12h,SI8,6h_st,6h,st,6.7295
4.208142181459231,3.588342205816541,-2.5092966474490326,-1.6246995433786082,-1.963777961767694,N900_RS08520,clpS,0.9048247966666667,-0.66578,4.461,6h_SI3,6h,SI3,3h_SI1,3h,SI1,5.12678
0.0056547167618292,1.0027526845308603,-0.9998969717068685,0.7715257414062813,-0.6391585597673848,N900_RS08525,cspD,0.8700467099999999,-2.1267,4.163,1h_SI2,1h,SI2,3h_SI6,3h,SI6,6.2897
5.278368816680884,3.559007612434401,-3.1868428383665623,-0.2830641040714461,-2.2189340206453774,N900_RS08535,rluE,0.83661715,-0.80434,4.8172,1h_ce,1h,ce,6h_SI2,6h,SI2,5.6215399999999995
5.425622885493932,3.1706925340664545,-3.099220716607632,-1.877191922752563,-1.9152379916599436,N900_RS08540,hisI,0.42766559503333335,-1.0594,3.761,3h_st,3h,st,3h_SI1,3h,SI1,4.8204
6.020861194946618,3.6395976061376354,-3.138862340164483,-0.776613397109693,-1.9758415139483327,N900_RS08545,hisF,1.2253002,-0.47355,4.1565,3h_st,3h,st,3h_SI1,3h,SI1,4.630050000000001
3.307740373399487,3.3729066989118053,-1.765290541432983,-0.33102552029565113,-1.239976403970008,N900_RS08550,hisA,0.6957334300000001,-1.0794,4.6908,1h_ce,1h,ce,6h_SI1,6h,SI1,5.7702
5.054334432617547,4.23149100667434,-2.6473553164890524,-1.4799118266956792,-1.9626872242525448,N900_RS08555,hisH,0.97660172,-0.49426,4.7676,12h_SI7,12h,SI7,1h_st,1h,st,5.2618599999999995
5.185667911266035,4.390938339015792,-3.1923807449282458,-1.4945840280282103,-2.202131697700901,N900_RS08560,hisB,0.7740042166666666,-0.66384,3.4869,3h_co,3h,co,3h_SI5,3h,SI5,4.15074
2.216983612707177,0.8057555456644032,-1.521811972061859,-2.65782702211143,-0.5904283804949519,N900_RS08565,hisC,-0.3522668833333333,-1.9267,3.5987,24h_st,24h,st,6h_st,6h,st,5.5254
4.549806951941219,1.2922289106511577,-1.7992293961385162,0.21609994712270894,-1.0541355090139124,N900_RS08570,hisD,0.5520636383333333,-1.1033,3.3883,6h_SI4,6h,SI4,3h_SI3,3h,SI3,4.4916
4.395145175595435,1.6062026262286038,-1.2622746571911447,0.5778147540251608,-0.5475391498483771,N900_RS08575,hisG,1.6174646866666664,-0.55355,5.9015,1h_SI1,1h,SI1,6h_SI1,6h,SI1,6.45505
1.0587983087325539,0.12902386627972653,-0.844036892510405,-0.06513548979201844,-0.4686744958389893,N900_RS08580,tet(35),0.3331553333333333,-1.4398,2.7369,6h_SI3,6h,SI3,1h_st,1h,st,4.1767
2.1138283351984732,0.3812366149586197,-0.3202066020925454,1.05824156832308,-0.13088593427581327,N900_RS08590,gsk_1,1.0311558833333332,-3.0612,6.2748,1h_SI4,1h,SI4,1h_co,1h,co,9.336
3.2717210269114276,2.156910619608131,-1.8796984894075992,-2.079368007421292,-1.386090566572513,N900_RS08610,N900_RS08610,0.5251890981666667,-0.93827,3.928,3h_SI6,3h,SI6,6h_SI2,6h,SI2,4.86627
5.289628056647013,2.194632253953077,-2.942207839926183,-1.2742198532706441,-1.9552466652495821,N900_RS08615,N900_RS08615,0.46701745,-1.1203,3.847,6h_SI6,6h,SI6,12h_SI2,12h,SI2,4.9673
3.436196546538131,2.216406822760387,-0.2977973717473078,-0.3654191080216171,-0.4582538170615788,N900_RS08620,N900_RS08620,1.0733547216666666,-0.57299,4.8788,6h_SI4,6h,SI4,3h_SI3,3h,SI3,5.45179
5.014341033271173,3.6363222328277973,-2.237220068784996,-0.9816289039857262,-1.9754252747132335,N900_RS08625,class I SAM-dependent methyltransferase_1,0.9919900333333335,-0.86239,4.48,3h_SI8,3h,SI8,6h_ce,6h,ce,5.34239
3.2169528087081285,2.473158528517227,-0.48378565485867003,-0.062128459435014764,-0.1903240970508313,N900_RS08630,N900_RS08630,1.297681215,-0.84446,5.7995,1h_SI8,1h,SI8,3h_SI2,3h,SI2,6.64396
5.18490357070691,3.313562206075736,-2.408584780671571,-2.1205970503367366,-1.7490262241266672,N900_RS08635,FAD-dependent oxidoreductase_1,0.4225324414999999,-0.98426,3.3999,6h_SI8,6h,SI8,3h_SI1,3h,SI1,4.3841600000000005
4.806003709094882,2.9181570527199767,-2.241795722626739,-0.29789828290019865,-1.5416643383567248,N900_RS08640,SDR family NAD(P)-dependent oxidoreductase,1.4508881666666664,-0.56398,5.1177,1h_SI7,1h,SI7,3h_SI2,3h,SI2,5.68168
4.459388236462907,3.6063269806384373,-2.0849258297792503,-1.986465428979209,-1.5780383971411234,N900_RS08645,"transcriptional regulator, putative",1.08680825,-0.36545,5.0672,6h_SI4,6h,SI4,3h_SI4,3h,SI4,5.43265
3.524171913210113,1.3650309557902314,-2.2182372707703752,-1.5011170843798955,-1.6183655152757739,N900_RS08650,htpX,-0.04661170000000001,-1.5751,3.5908,6h_SI3,6h,SI3,3h_SI1,3h,SI1,5.165900000000001
1.00249065664266,0.7314983345007743,-1.2762756402509703,-3.0562495528075226,-0.9289294567263352,N900_RS08655,N900_RS08655,-0.5600426833333334,-3.7242,2.6727,3h_SI8,3h,SI8,1h_co,1h,co,6.3969000000000005
6.401254014789201,3.7331650756784627,-2.653179534282385,-1.2905148527018568,-1.9657387042482595,N900_RS08660,bioD,0.89199252,-1.4831,4.018,12h_SI8,12h,SI8,12h_SI1,12h,SI1,5.5011
5.369202451706778,3.4447630192850314,-2.8716100935467592,-2.892889330596152,-2.0131298620924296,N900_RS08665,bioC,0.23052880000000003,-1.7296,3.9964,12h_SI6,12h,SI6,3h_SI4,3h,SI4,5.726
6.1589868460739305,2.3719834850939545,-1.642088782079036,-0.9014457173675099,-1.1260228597827078,N900_RS08670,bioF,0.5268480466666667,-2.2195,3.2526,12h_SI8,12h,SI8,3h_SI1,3h,SI1,5.4721
4.596472295300489,3.0696483132665286,-2.3509824578543324,-3.2120071873041574,-1.6224097073955943,N900_RS08675,biob,-0.16050855,-2.4018,3.4029,12h_SI8,12h,SI8,1h_SI1,1h,SI1,5.8047
4.349069672374194,2.31296588406999,-0.7541639901131688,-1.2015629987085557,-0.8127834694575757,N900_RS08680,bioA,0.9218643500000001,-1.27,4.5701,12h_SI6,12h,SI6,6h_SI1,6h,SI1,5.8401
2.935808837897222,2.150486769028031,-0.7652550825743756,-1.48776959873831,-0.34123609134763666,N900_RS08690,rarA,1.0070750083333333,-3.3054,6.0708,12h_SI8,12h,SI8,6h_st,6h,st,9.3762
4.417017119832791,4.469812309344304,-3.4784976869985527,-2.2892840164512367,-2.4770577572573482,N900_RS08700,prepilin peptidase_1,0.7370876483333332,-0.73322,4.3153,6h_st,6h,st,3h_SI4,3h,SI4,5.04852
5.713828794785289,3.658306279613103,-2.7233044246483,-2.740311549364857,-1.9274942908991333,N900_RS08705,dusC,0.24892846166666663,-0.96694,2.9386,12h_st,12h,st,3h_SI1,3h,SI1,3.9055400000000002
4.973167717306531,2.2342123195606796,-2.767799923931377,-0.5349230862002053,-1.7354056725331375,N900_RS08710,sensor domain-containing diguanylate cyclase_1,1.65044495,-0.12974,4.6678,1h_SI6,1h,SI6,12h_SI1,12h,SI1,4.79754
4.661454959598953,1.9397497905731234,-2.3059384991057335,-0.25545979236969363,-1.3376401432310971,N900_RS08715,lktB_1,1.1510659383333333,-0.2782,4.7053,3h_SI2,3h,SI2,12h_SI2,12h,SI2,4.9835
5.17129060178264,3.8403934189012077,-2.536143216768359,-1.1476988849169352,-1.8948067642812738,N900_RS08720,ABC transporter permease_5,1.5711428166666666,-0.035407,4.5644,1h_SI6,1h,SI6,6h_ce,6h,ce,4.599807
3.4753452100163753,2.1321324199347784,-2.3364874714689483,-0.10249103707721345,-1.5628618446150515,N900_RS08725,ABC transporter substrate-binding protein_6,1.2451296333333335,-0.41939,5.1008,6h_SI2,6h,SI2,6h_ce,6h,ce,5.5201899999999995
4.930775380258789,2.557686127998274,-3.339662646300862,-3.0487918476917653,-2.323682846521402,N900_RS08730,DNA-binding protein VF530,0.23526835000000007,-1.1728,3.7665,24h_st,24h,st,1h_SI1,1h,SI1,4.9393
3.7154295355004616,2.2873034036652173,-2.7784369616689224,1.0195526893017908,-1.778673879569696,N900_RS08735,VC_1099_BLAST,1.4695768333333334,-0.11238,4.8665,1h_SI8,1h,SI8,6h_SI2,6h,SI2,4.97888
4.192135887907575,1.6979666242562594,-0.858149350490579,-1.9377348125759413,-0.6049753814552365,N900_RS08740,ackA_1,-0.7045559833333335,-3.0813,3.8427,6h_SI6,6h,SI6,1h_co,1h,co,6.9239999999999995
5.550877907796582,2.5563967810680253,-0.9227940286486728,-0.6068358319393411,-0.7018828390256417,N900_RS08745,pta,0.24079031666666667,-1.8472,2.6947,6h_SI9,6h,SI9,3h_SI8,3h,SI8,4.5419
5.585755123925703,2.629985720806001,-2.50701677757024,-0.4629486740630535,-1.571103380767907,N900_RS08750,yqjG,0.5168482116666666,-0.75341,2.8985,3h_SI4,3h,SI4,6h_SI2,6h,SI2,3.65191
5.534714829530464,3.281128042742144,-2.1935089941547314,-1.7011413917500118,-1.4291609117592765,N900_RS08755,oppF_BLAST,1.2299719333333337,-0.32968,4.0274,6h_SI7,6h,SI7,12h_SI1,12h,SI1,4.35708
2.1837905666635566,0.6663895450750033,0.600023244999127,-1.7053777127299001,-0.18229593566418728,N900_RS08760,oppD_1,0.2910643383333334,-2.0246,5.3231,24h_SI9,24h,SI9,3h_st,3h,st,7.3477
4.736331157898006,3.3775856456547317,-3.6910425752788623,-1.887229407854252,-2.7168985236507246,N900_RS08765,oppC,0.5122310366666667,-1.4689,4.2893,3h_SI9,3h,SI9,6h_ce,6h,ce,5.7582
3.9632434639780922,3.516762290847376,-2.0491906952945627,-1.2892372744180183,-1.3989280818389835,N900_RS08770,oppB,1.3456791666666668,-0.29756,4.8719,3h_ce,3h,ce,6h_st,6h,st,5.16946
6.308005426226298,2.993789602429533,-1.8372672267423618,0.7880063710254419,-1.415486049617617,N900_RS08775,oppA,2.95284145,-0.10759,7.5892,1h_SI6,1h,SI6,12h_st,12h,st,7.69679
4.50644605955269,2.9848857506482633,-1.4851636030182034,-1.8161832262747981,-0.8856201996196801,N900_RS08780,ptxB,0.66256585,-0.63502,4.0334,6h_ce,6h,ce,6h_st,6h,st,4.66842
5.2232741979610635,2.309796749624738,-2.3216622956762407,-0.21826621669133117,-1.3281810810089028,N900_RS08785,rcsC_5,0.6281418616666664,-0.85655,4.3508,6h_ce,6h,ce,12h_SI1,12h,SI1,5.20735
1.2754629839936598,2.044901829717933,0.1175960565703888,-0.04599838924370891,0.004611005160994978,N900_RS08790,rcsC_6,1.4449898666666667,0.074042,5.074,6h_co,6h,co,3h_SI4,3h,SI4,4.9999579999999995
1.7038268033418886,2.028735678862346,-1.4256068607319778,-1.9361754751347757,-0.9113489195263903,N900_RS08795,rssB_2,-0.047727433333333354,-1.3163,4.3454,24h_st,24h,st,1h_ce,1h,ce,5.6617
5.8187872211359855,3.0635972080754073,-2.722311248129187,-1.223769913307319,-1.894012278901363,N900_RS08800,sasA_6,0.5828041483333333,-1.0086,3.84,3h_SI5,3h,SI5,3h_SI4,3h,SI4,4.848599999999999
3.1655336916880654,2.3991444426429265,-1.1132591771170035,0.2656273378416429,-0.8296723787758513,N900_RS08805,sasA_7,1.4949027333333333,-0.2666,6.6033,1h_SI9,1h,SI9,3h_SI3,3h,SI3,6.8699
1.147823157490181,0.3654105928550297,0.11605403547362314,0.23616897335666337,0.0694060821880101,N900_RS08810,CheC,0.45725183916666673,-1.4652,4.5253,6h_SI3,6h,SI3,6h_ce,6h,ce,5.9905
4.38516909910144,3.799628434500858,-2.16106544738442,-1.265098493738444,-1.61994836895424,N900_RS08815,cheY_4,1.28340545,-0.46735,5.1319,1h_SI4,1h,SI4,1h_ce,1h,ce,5.59925
4.017923367188705,4.605520878538232,-2.3328358513515197,-1.3157897457252663,-2.101484178729929,N900_RS08820,response regulator,1.4910591166666667,-0.13847,4.7419,1h_SI6,1h,SI6,3h_SI4,3h,SI4,4.88037
2.9631299370662076,3.027683701375051,-1.3642152181074643,-0.7302622457592386,-1.205577634669363,N900_RS08825,sensor histidine kinase_3,1.2548462616666667,-0.54419,7.1778,1h_SI2,1h,SI2,3h_SI1,3h,SI1,7.72199
3.4940412037497404,2.9168252471472758,-1.3832427698481935,-1.5923858642906428,-0.980072936492223,N900_RS08830,ywlC,-0.23810058333333334,-1.4664,3.9415,24h_co,24h,co,3h_SI4,3h,SI4,5.4079
0.458457937292041,2.575593439220818,-1.2109719488769428,-1.1944107534516368,-0.9010387765621025,N900_RS08840,N900_RS08840,0.5207524566666668,-1.1767,4.0777,6h_SI3,6h,SI3,1h_ce,1h,ce,5.2544
4.838607427218726,2.662584952627716,-3.723290773804416,0.27142210237528736,-2.4448558405204412,N900_RS08845,araC_1,1.0818495788333335,-0.52706,4.3304,3h_st,3h,st,3h_SI1,3h,SI1,4.85746
5.039692650222356,2.137459643206571,-2.071751365542798,-1.7499259000393903,-1.2907680422480607,N900_RS08850,YbhB/YbcL family Raf kinase inhibitor-like protein,0.4314512166666667,-1.1824,4.1588,3h_SI7,3h,SI7,1h_st,1h,st,5.341200000000001
4.411003933467404,3.2366197281589,-2.007402606979386,-1.6702662106534525,-1.6405138374615078,N900_RS08855,CPBP family intramembrane metalloprotease,0.846539735,-0.70561,3.7285,6h_SI1,6h,SI1,1h_st,1h,st,4.4341099999999996
2.7467316125166525,3.2704207563944188,-1.2483218129853355,-0.9908918182829611,-1.242858326575493,N900_RS08860,chitinase_1,0.8096727650000002,-0.78026,4.6694,6h_st,6h,st,6h_ce,6h,ce,5.449660000000001
3.8553414407330786,3.1162065748943686,-1.8360005297327375,-1.1112880162495924,-1.0146284274932618,N900_RS08865,arsJ,0.6608099164999999,-0.65336,3.0948,12h_st,12h,st,6h_st,6h,st,3.7481600000000004
5.522986662979916,2.9668296703609434,-1.62419826672509,-0.2582870746655945,-1.508889161523402,N900_RS08870,phosphatase,1.4516373000000005,-0.38347,5.7003,1h_SI8,1h,SI8,3h_st,3h,st,6.08377
4.9054036585307115,4.039130252587752,-2.482585821572336,-1.9822619226515419,-1.6633863654047318,N900_RS08875,gap3,1.1607522616666661,-0.054313,3.5114,3h_st,3h,st,1h_st,1h,st,3.565713
5.079407826593779,3.640986707599718,-3.3751068680120353,-2.4155242588397687,-2.4458589601138825,N900_RS08880,arsR1,0.29857039999999996,-1.0162,3.9122,3h_SI4,3h,SI4,1h_SI1,1h,SI1,4.9284
3.1923192529360627,0.9256765380024619,-0.29783541212124975,-1.4878574444810222,-0.6115428880552801,N900_RS08885,N900_RS08885,0.7759775166666666,-0.76891,4.2883,6h_SI4,6h,SI4,12h_SI1,12h,SI1,5.0572099999999995
5.837816451042401,2.5644583542498762,-1.949247927416793,-0.6380960177732601,-1.60621793768032,N900_RS08890,N900_RS08890,0.42982405833333337,-1.2194,3.4851,1h_SI5,1h,SI5,3h_st,3h,st,4.7045
3.3111985766304195,2.2586776103288635,0.004033577954206103,-1.1427608603779598,-0.4383654366567638,N900_RS08895,A79_1377_BLAST,1.25720785,-0.35034,4.8847,6h_SI4,6h,SI4,3h_SI3,3h,SI3,5.23504
4.500330159856193,3.486107732589719,-3.33575981722253,-2.0429629001892864,-2.4209395437162744,N900_RS08900,lipoprotein-related protein,0.16803560999999997,-1.522,2.7288,6h_SI1,6h,SI1,3h_SI3,3h,SI3,4.2508
4.548954394492001,4.1295507251752435,-2.5011077044550185,-0.9881673715240343,-1.8950644081132353,N900_RS08905,tesB,0.871353565,-0.44181,3.7339,3h_co,3h,co,3h_SI3,3h,SI3,4.1757100000000005
4.29339700599446,2.2752200666428015,-0.8918195333306506,-0.7225566347356147,-0.890406921043715,N900_RS08910,decR,0.8326714250000001,-0.56016,3.9665,1h_co,1h,co,12h_st,12h,st,4.52666
4.485381443060448,3.5981090025554634,-2.0492499440500986,-2.0899117092869677,-1.3909712061800632,N900_RS08915,sbnA,0.6374782833333332,-1.1821,3.7851,12h_SI8,12h,SI8,3h_SI2,3h,SI2,4.9672
5.380612799115459,2.990336494927647,-2.1156700271905975,-0.6751205317364887,-1.5305859243631907,N900_RS08920,sohB,1.35045755,-0.28364,4.8988,1h_st,1h,st,6h_SI2,6h,SI2,5.18244
3.237206213978549,2.7144975561851035,-1.814774311088482,-1.1649809306601084,-1.2509291594301646,N900_RS08925,ycik,0.7956472499999999,-0.69664,4.4472,6h_SI1,6h,SI1,12h_SI1,12h,SI1,5.14384
2.8674129650516393,1.6876660030151094,-0.36757249091185734,-1.529498520287536,-1.0456712659129046,N900_RS08935,ykgj,0.10174170000000003,-1.4447,4.9711,6h_SI2,6h,SI2,3h_st,3h,st,6.4158
2.6539345613268983,1.5282996218560234,0.6829372494557003,-0.3450003295814552,0.20621050019732462,N900_RS08940,recR,0.8771481383333336,-1.1928,4.18,6h_co,6h,co,3h_st,3h,st,5.3728
3.4251300162243266,1.9318563755200504,-2.043519249601175,0.35632729740069796,-1.56824989073881,N900_RS08945,ybab,1.1653916,-0.31074,5.2253,3h_co,3h,co,3h_SI2,3h,SI2,5.53604
4.5606732350011985,2.0231903276864087,-2.2161259888329887,-0.7218054342092867,-1.1500168649459779,N900_RS08955,apt,0.73947355,-0.41297,4.6686,3h_SI3,3h,SI3,12h_st,12h,st,5.081569999999999
4.705488244742825,1.8473609384261798,-2.192161893932841,0.023457705966830625,-1.5037867280492296,N900_RS08960,ybaN,1.7940748166666667,-0.60866,5.8689,1h_SI7,1h,SI7,3h_SI2,3h,SI2,6.47756
5.398216584996695,2.7941194453287044,-2.0720195930120835,0.9141067601766728,-1.5336112674558673,N900_RS08970,response regulator_2,1.5642444166666667,-0.41724,4.9494,1h_SI5,1h,SI5,3h_SI2,3h,SI2,5.366639999999999
4.634650362928893,2.31707650950293,-1.424766206357148,-2.2307442434027864,-1.07888694806176,N900_RS08975,LysR family transcriptional regulator_4,0.012193816666666642,-3.8853,5.0748,6h_SI8,6h,SI8,1h_st,1h,st,8.9601
3.977232575864641,2.922673243304039,-0.9786746528507438,-0.8098647398959679,-0.7247220358062036,N900_RS08980,ydjA,1.1543330666666667,-0.50706,4.5639,6h_SI4,6h,SI4,12h_SI1,12h,SI1,5.07096
5.344700628307305,2.704860528596788,-1.2298538988362238,-0.9202870094569808,-1.1293402412598996,N900_RS08985,fadJ,0.7636433116666667,-0.67914,3.6194,24h_SI7,24h,SI7,3h_st,3h,st,4.29854
6.195848372645503,3.667315101434158,-3.1575800470073903,-0.009979579896914009,-1.9526559671332682,N900_RS08990,fadI,1.1746548833333335,-0.34112,4.055,1h_SI4,1h,SI4,6h_SI2,6h,SI2,4.39612
1.3943714666581815,-0.3811756467363208,0.2533958607173755,1.6088958221785674,0.2547916600853936,N900_RS08995,Pseudogene_N900_RS08995,0.2619878233333333,-1.9625,4.6057,3h_SI7,3h,SI7,6h_SI1,6h,SI1,6.568199999999999
5.865995494059514,2.721501458241891,-2.5682609887177206,-1.7142043973903285,-1.5729324738830235,N900_RS09000,RNA polymerase sigma factor,0.2922076666666667,-1.3094,3.0257,6h_SI7,6h,SI7,1h_st,1h,st,4.3351
4.456254999190903,3.6653752704254585,-2.002207044649758,-1.4940359514172579,-1.749423064850767,N900_RS09005,N900_RS09005,1.1906282166666668,-0.76654,4.7378,12h_SI4,12h,SI4,3h_SI5,3h,SI5,5.50434
6.019438580439577,3.8651654326473133,-3.1097483149836287,-1.0724541813058122,-2.3741791244297388,N900_RS09010,fadL,0.8474407583333334,-0.88769,2.9122,12h_co,12h,co,12h_SI3,12h,SI3,3.79989
4.3144219858685435,2.1194414998817863,-0.8748725198278937,-0.32912410650899043,-0.5600477579662013,N900_RS09015,aromatic hydrocarbon degradation protein,1.217763183333333,-0.16396,5.5034,1h_SI9,1h,SI9,6h_st,6h,st,5.66736
3.9890454654445753,3.4859861650772563,-2.141657276818375,-1.8131202920376621,-1.7431932239151242,N900_RS09020,low molecular weight phosphotyrosine protein phosphatase_2,1.0771236283333334,-0.82125,4.5852,6h_SI1,6h,SI1,1h_ce,1h,ce,5.40645
5.381703437537652,2.627917513666616,-2.647166277321016,-0.5075387409112034,-1.4701380879984192,N900_RS09025,cobO,0.8866571166666667,-0.62091,3.7663,3h_st,3h,st,6h_st,6h,st,4.3872100000000005
4.096642208478807,1.9232724282817686,-2.1698322058480985,-0.04305118242360086,-1.2768673481256672,N900_RS09030,asma_1,0.21952596666666668,-1.3077,4.4124,12h_SI1,12h,SI1,6h_st,6h,st,5.7201
3.4201693196638847,2.1137703355360573,-0.874068207946902,0.8398068732976472,-0.8218722509092823,N900_RS09035,udk,-0.137756565,-1.9188,3.0021,1h_SI6,1h,SI6,6h_st,6h,st,4.9209
4.693761996022927,2.9896227981812604,-3.1044238884606568,-1.5499596639766655,-2.2462876792284314,N900_RS09040,N900_RS09040,-0.004128316666666676,-1.428,4.5552,6h_SI9,6h,SI9,12h_SI1,12h,SI1,5.9832
3.146974551048517,1.0417429737911683,0.483689622395745,0.24708273806006276,0.11723139683444853,N900_RS09045,apbC,0.8032064833333333,-0.52816,4.7821,6h_ce,6h,ce,3h_st,3h,st,5.3102599999999995
4.833749729214617,2.995638494121259,-2.7796307321003138,-0.7515722064272351,-1.8827793562177577,N900_RS09055,N900_RS09055,0.6217690166666666,-0.63272,3.2282,6h_co,6h,co,6h_SI2,6h,SI2,3.86092
4.0706893080600794,2.0004098819249823,-2.6319614029158305,0.09440171402986575,-1.7793549146822063,N900_RS09060,udp_1,1.1635346733333334,-1.1134,4.9521,1h_SI7,1h,SI7,12h_SI3,12h,SI3,6.0655
5.365275744001501,3.2712255456232815,-2.806345843020265,-2.403430689408857,-1.9536413366434648,N900_RS09065,zntA,4.28393,1.3231,6.9478,24h_co,24h,co,3h_SI1,3h,SI1,5.6247
1.2382009785213233,2.76744854155775,-1.7173410335085006,-1.4054470814911575,-1.2796596833792842,N900_RS09070,N900_RS09070,0.04431866666666666,-1.5316,2.9836,6h_SI1,6h,SI1,6h_ce,6h,ce,4.5152
3.162360319681803,1.6677834602929122,-0.029473306999018893,-0.5725288575015546,-0.6621245457563292,N900_RS09075,inosine monophosphate dehydrogenase-related protein,1.2868885666666663,-0.28471,6.1714,3h_SI1,3h,SI1,3h_st,3h,st,6.456110000000001
1.5930870413436644,2.45209497146397,-1.6419076704602242,-1.5110905598557338,-1.163590212394517,N900_RS09080,N900_RS09080,0.1564438301666667,-1.6176,4.073,6h_SI2,6h,SI2,3h_SI2,3h,SI2,5.6906
4.609804531247085,1.9153928597286254,-0.8959267718406417,-1.0897579561894977,-0.5483841465489827,N900_RS09085,moaE,0.46292403333333326,-1.2041,4.2027,6h_SI4,6h,SI4,6h_SI2,6h,SI2,5.4068000000000005
5.104059729307315,2.5573436160285175,-3.4797870927099046,-0.8871901162559167,-2.1703244417462426,N900_RS09090,moaD,0.05229599999999999,-1.4129,2.6728,1h_SI3,1h,SI3,12h_SI1,12h,SI1,4.0857
1.4955769144952669,0.5372269822049509,0.018109852385609717,0.9991831560833498,0.0340574575183798,N900_RS09095,moaC,1.8227353833333337,-1.3039,6.0757,1h_SI5,1h,SI5,24h_st,24h,st,7.3796
2.3295282691743155,0.4112604810012469,-1.6259285014340399,1.5803498760050387,-1.0600625571934557,N900_RS09100,moaB,0.8524573751666666,-0.92419,3.5174,1h_SI2,1h,SI2,3h_SI1,3h,SI1,4.44159
5.674547896007821,2.532507515988142,-2.4470303620191487,0.11365418549925423,-1.347806020525364,N900_RS09105,moaA,1.4470726866666666,-0.07555,6.465,1h_SI4,1h,SI4,6h_st,6h,st,6.54055
4.0586933666729115,3.237490189964416,-2.264660514305933,-1.4780484412908457,-1.5586101449288148,N900_RS09110,ybhK,1.0236163666666667,-0.76015,5.5315,12h_SI1,12h,SI1,3h_SI2,3h,SI2,6.291650000000001
3.751784850967213,1.5434489542103198,-1.3754741128897592,-1.8550385108803544,-0.875003182660127,N900_RS09115,luxu,-0.18171271333333333,-3.8606,5.0892,12h_SI8,12h,SI8,6h_SI2,6h,SI2,8.9498
0.9124113370479188,-0.225202062922808,0.6541152044392965,-1.8518522005710334,0.5934451847204333,N900_RS09120,luxO_BLAST,-1.3439629666666666,-4.6955,0.11287,12h_SI8,12h,SI8,3h_SI9,3h,SI9,4.80837
1.3806962220469359,1.7843239302969465,-1.0038547454337923,-1.5649743343088214,-0.8843361599660361,N900_RS09125,N900_RS09125,-0.3868947466666666,-3.0679,2.634,3h_SI9,3h,SI9,3h_SI3,3h,SI3,5.7019
5.904100864006943,3.4212713047210337,-2.389654969885075,-1.662292393033943,-2.0931042280976517,N900_RS09130,uvrB,0.5743209,-1.2042,3.4819,3h_co,3h,co,3h_st,3h,st,4.6861
4.114970787655005,2.490193885861402,-2.7931902512982036,-2.030672912669745,-2.181913985618725,N900_RS09170,nth,0.27437863333333323,-1.2229,4.2198,6h_SI1,6h,SI1,3h_SI1,3h,SI1,5.4427
2.9256792887404135,2.005994598927065,-2.4981712977596353,-2.451539002064855,-1.7032587538357309,N900_RS09175,gloA,-0.10882193333333334,-1.6775,3.5179,12h_SI1,12h,SI1,6h_SI3,6h,SI3,5.1954
4.6216107698476545,2.443408655806986,-2.3443147022870483,-2.5720536893325243,-1.3122432027849855,N900_RS09180,VP2110_BLAST,-0.04069886666666666,-1.365,3.3617,3h_SI2,3h,SI2,1h_ce,1h,ce,4.7267
-2.164248641715679,0.9442180468477783,-0.334521507054286,-3.3868292333480214,-0.20057196170004798,N900_RS09185,motY,-0.6503969499999999,-2.4553,2.6154,24h_SI1,24h,SI1,3h_SI7,3h,SI7,5.0707
1.4814164669601775,1.1093409870056687,-1.333554891249628,-0.6706127061757416,-1.0328064673148702,N900_RS09195,ribonuclease T,0.5439541,-2.0486,5.2082,1h_SI2,1h,SI2,3h_SI1,3h,SI1,7.2568
5.642319267413317,3.050174571770838,-1.6546733550690171,-0.5633232782194293,-1.1533266910975721,N900_RS09200,yuiF,2.063312333333333,0.60393,5.3073,6h_co,6h,co,6h_SI4,6h,SI4,4.70337
2.277510137618018,0.4873569274284314,0.3218434542070665,-4.139447960296647,0.11604395252442856,N900_RS09205,purF,-2.03226245,-5.1351,2.6569,12h_SI6,12h,SI6,1h_st,1h,st,7.792
1.7193746948519184,0.04534845086713304,0.5054464508736828,-3.842222897157239,0.05275208033871279,N900_RS09210,cvpA,-2.3630791666666666,-5.6924,2.1232,12h_SI6,12h,SI6,3h_st,3h,st,7.8156
2.4408625527553864,2.533236538872759,-1.1483061599024018,-1.4798316565740908,-0.9327376233544123,N900_RS09215,dedD,-0.24032725,-2.9229,4.6611,3h_SI9,3h,SI9,3h_SI2,3h,SI2,7.584
6.042945420882601,2.9015949460573562,-1.4445936485663957,-0.6420726666093324,-1.1268190850284179,N900_RS09230,truA,1.0683384833333336,-0.54901,4.9614,6h_SI6,6h,SI6,6h_st,6h,st,5.51041
4.332755753697745,2.724739546286707,-1.4669167172836421,0.7009224426373152,-1.1264094077951508,N900_RS09235,Pseudogene_N900_RS09235,1.5587530166666668,-1.072,5.6288,6h_SI7,6h,SI7,12h_SI1,12h,SI1,6.7008
5.443386676976601,2.3430629921614563,-1.8386559888296892,-0.7913514987483875,-1.583756374303658,N900_RS09245,nagE,0.9901876266666666,-0.44432,4.3375,12h_st,12h,st,6h_SI1,6h,SI1,4.781820000000001
-1.6695868776079532,-0.38807271210298744,-0.25198512615547264,1.7529009611521327,-0.10835371453817913,N900_RS09250,nagA_1,0.3435591,-1.212,3.4747,1h_SI1,1h,SI1,6h_SI4,6h,SI4,4.6867
3.2029115639394226,2.795717017584547,-1.724558306493221,-0.17655924262222147,-1.0890248300008567,N900_RS09255,nagC,1.25382715,-0.71136,5.7062,1h_SI5,1h,SI5,3h_SI4,3h,SI4,6.41756
4.721090077398,2.981424231902098,-2.9141708226650396,-0.811434982437084,-2.1327455304839016,N900_RS09260,ybaL,1.2450766500000001,-0.28419,5.2044,6h_SI4,6h,SI4,3h_SI1,3h,SI1,5.488589999999999
4.828976435995745,3.191659249530876,-2.6523080209774603,-1.4539006589567327,-1.7373187006544386,N900_RS09265,asnB,0.6980691485166667,-0.7822,3.1926,3h_SI3,3h,SI3,12h_st,12h,st,3.9748
4.2271525213925045,1.91361885761607,-1.7894375363271628,-2.5088104215244873,-1.6084359770396692,N900_RS09270,rfaH,-0.7288724383333334,-4.1108,2.231,3h_SI9,3h,SI9,6h_SI4,6h,SI4,6.3418
4.458972921608338,2.7295163941137264,-2.3030779128397043,-2.267891281629044,-1.9167558040448582,N900_RS09275,dtpA,0.3915716333333334,-1.3379,3.0471,6h_SI2,6h,SI2,1h_st,1h,st,4.385
5.4631197529971764,2.4347744948049175,-1.3657700334922682,-0.9796756411898839,-0.8986819974251001,N900_RS09290,htpG,1.522672166666667,-0.047813,5.2158,6h_SI7,6h,SI7,6h_st,6h,st,5.263612999999999
2.5517036433281164,1.054364547791285,0.20224464994633934,-3.1539935280455467,0.1534459249995525,N900_RS09295,toxR_BLAST,-1.2760801616666668,-3.7391,2.7871,12h_SI7,12h,SI7,3h_SI4,3h,SI4,6.5262
3.1231175659744532,1.651028851840187,-0.9442771637079863,-2.7795153160109334,-0.5882306271911989,N900_RS09300,toxS,-1.2785576833333334,-4.4588,2.8561,12h_SI8,12h,SI8,3h_SI5,3h,SI5,7.3149
5.766918665043221,3.5328004659693963,-2.3856348661276243,-1.356236581499079,-2.0652782990201435,N900_RS09305,selenoprotein W-related protein,1.12137295,-0.48067,4.2561,3h_SI2,3h,SI2,6h_SI2,6h,SI2,4.73677
4.365312444620617,3.340901723674108,-1.4298754010195842,-1.8900321668471818,-1.3455132028737484,N900_RS09310,phosphodiesterase,1.0588239531666668,-0.51408,3.5248,6h_st,6h,st,12h_st,12h,st,4.03888
4.051740181362246,2.5425149395041555,-3.114006420498768,-2.4415757049540727,-2.226197071722581,N900_RS09315,yfcH,0.796196615,-0.64839,4.5972,3h_ce,3h,ce,1h_ce,1h,ce,5.24559
6.233312117776538,3.618899884172009,-2.288331874908356,-0.3530547216309677,-1.8653128987851637,N900_RS09320,ybbO,1.4145935333333335,-0.21163,4.0732,1h_SI8,1h,SI8,6h_SI4,6h,SI4,4.28483
0.4537492070496362,-0.599492968969859,0.33720768100349063,1.0993625540605638,0.13928023386061905,N900_RS09325,YbbN,0.17200786666666668,-2.3619,2.1761,12h_SI8,12h,SI8,1h_ce,1h,ce,4.538
1.6598000488989972,1.6116548787776457,-0.6433473798680737,-0.8324619581784428,-0.3193162517520785,N900_RS09330,qmcA,0.617607355,-0.69117,3.6309,6h_SI3,6h,SI3,6h_SI1,6h,SI1,4.32207
0.7908417027272617,0.6780312196039244,-0.7265668633110896,0.7513590205908309,-0.3582811733290932,N900_RS09335,ybbJ,0.13872095,-2.6107,3.365,6h_SI5,6h,SI5,6h_SI4,6h,SI4,5.9757
-0.7754512622334553,-0.8116922081569293,0.1078085716641425,-2.4342170535320817,0.08110747071578935,N900_RS09340,cueR,-0.9154054500000001,-2.4373,2.6155,3h_SI6,3h,SI6,12h_SI3,12h,SI3,5.0527999999999995
2.8599534259970683,3.3407750408738393,-3.141969083882303,-1.861308778813688,-2.2381370097986517,N900_RS09345,N900_RS09345,0.17682144999999996,-1.1808,3.3853,24h_st,24h,st,1h_SI1,1h,SI1,4.5661000000000005
3.7900175706816617,2.595897215017335,-1.2363540760453975,-0.7985343705164912,-1.346498123924985,N900_RS09350,chiP,0.8542988833333333,-1.0059,4.6052,12h_SI1,12h,SI1,3h_SI1,3h,SI1,5.6111
5.1525543200309665,2.630297217397063,-1.0074926076470643,-0.7658515692077243,-1.3191891003940421,N900_RS09365,cysZ,0.807691875,-0.47829,4.5662,6h_SI8,6h,SI8,3h_st,3h,st,5.044490000000001
4.555257324821056,4.177621857311029,-2.2819917994871033,-0.3160925577292288,-1.7317903484800519,N900_RS09370,cysK,1.571828383333333,-0.26076,5.7621,1h_SI6,1h,SI6,3h_SI4,3h,SI4,6.0228600000000005
3.241867438562672,2.4021519196158687,-0.9387123859957953,0.1516030625976709,-0.5369897097700029,N900_RS09375,N900_RS09375,0.4836263499999999,-2.184,4.0573,1h_SI2,1h,SI2,3h_SI4,3h,SI4,6.2413
5.444899847724371,1.9025685137129218,-1.7876723890996735,-1.332874535299146,-1.2795181853683886,N900_RS09380,ptsH,0.5671032,-1.2857,3.9768,6h_ce,6h,ce,12h_SI2,12h,SI2,5.2625
4.712213952452934,2.802684701825718,-2.6408936784915933,-0.1662207867479498,-1.9066235885565812,N900_RS09385,ptsI,0.24533666666666665,-1.7399,4.4994,1h_SI4,1h,SI4,6h_ce,6h,ce,6.2393
4.057589372953971,2.2880249296903012,-1.3776695530098302,-1.1580344794115793,-0.925911816793649,N900_RS09390,crr,0.4001859166666667,-2.5399,7.5507,1h_SI6,1h,SI6,6h_SI2,6h,SI2,10.0906
3.701636622644812,0.6612374702041619,-0.47906026824401693,0.17917445402840468,-0.7071863457225895,N900_RS09400,miaB,0.8828023166666665,-0.60496,4.8641,6h_SI4,6h,SI4,3h_st,3h,st,5.46906
2.797547438134829,1.5612583190036466,-0.15535523809010923,-0.30542734333162047,-0.059931090936398035,N900_RS09405,ybeZ,-0.2893976666666667,-2.9766,4.9254,1h_SI5,1h,SI5,3h_SI8,3h,SI8,7.901999999999999
5.892510357528165,2.1483266295819217,-0.8411710682309074,-0.2040854526182559,-0.65749832666144,N900_RS09410,ybeY,1.8224785333333335,-0.061048,4.1454,6h_SI9,6h,SI9,1h_st,1h,st,4.206448000000001
3.88159377163251,2.470222353275921,-1.6258253075325353,-2.679309432780849,-1.2057382623045412,N900_RS09415,corc,0.22945046666666663,-3.4408,4.4363,12h_SI7,12h,SI7,3h_SI1,3h,SI1,7.8771
5.808602890951419,2.133221160979296,-0.8015816946434157,-0.0878301519029959,-0.6283796573322807,N900_RS09420,lnt,0.6562306666666665,-1.2185,2.8033,12h_SI7,12h,SI7,12h_st,12h,st,4.0218
0.15705380093398472,0.9306933188847223,-1.1674550226307079,-1.990775203800773,-0.7325178030634136,N900_RS09425,zinc ribbon-containing protein,-0.33234371666666657,-2.0581,2.5462,12h_SI4,12h,SI4,3h_SI5,3h,SI5,4.6043
1.9608689470771512,2.9635508543480618,-1.0109160039054779,0.07675654320500049,-0.8851581322923647,N900_RS09445,rsfS,0.7061118816666665,-0.9473,6.2056,1h_SI7,1h,SI7,3h_SI3,3h,SI3,7.1529
3.9574117819407886,1.8662149184841,-1.1475885000662955,-0.2492798428937263,-0.7428837303439554,N900_RS09450,rlmH,1.1452897250000003,-0.34231,4.5065,12h_SI8,12h,SI8,3h_SI4,3h,SI4,4.84881
1.087348206271412,1.4249430981586708,-0.14809835177530198,-0.26399379233672077,-0.07472626291661269,N900_RS09465,rlpa,-0.9739270666666666,-4.0064,4.2509,12h_SI8,12h,SI8,6h_SI3,6h,SI3,8.2573
5.337365736824752,2.040906284013481,-0.8342095780135458,-0.49009387003643595,-0.623504551320718,N900_RS09470,dacA_1,-1.9758055,-4.2491,0.42674,12h_SI7,12h,SI7,3h_SI5,3h,SI5,4.67584
4.7064577903739,2.2723467816345013,-0.6562557599282582,-0.13650665623381833,-0.5011963387075115,N900_RS09500,glyA,-0.81926715,-2.8917,4.2451,12h_ce,12h,ce,3h_SI8,3h,SI8,7.1368
4.299280105015977,1.6925452666894991,-2.8066748782119992,0.21351886855174734,-1.8974140114095672,N900_RS09505,yitt,0.5896746166666667,-1.555,5.8246,6h_co,6h,co,3h_SI1,3h,SI1,7.3796
4.940428594949387,1.6958240972461098,-1.7513309044387562,1.079479687076773,-0.9228619934577045,N900_RS09510,vpsQ,2.0536241166666667,0.054217,6.1916,1h_SI8,1h,SI8,3h_SI3,3h,SI3,6.137383
4.635184430368281,3.7325489805023935,-3.703025038533075,-1.7882234166059308,-2.587829474395064,N900_RS09515,vpsP,0.4806321666666667,-0.8371,3.4899,3h_SI8,3h,SI8,6h_SI3,6h,SI3,4.327
6.614497821252967,3.300461222606529,-2.1638055907142415,-1.0046498052020796,-2.029275812405369,N900_RS09520,vpsO,1.0523468666666667,-0.83125,4.4351,6h_SI7,6h,SI7,3h_st,3h,st,5.26635
3.501597604418035,1.611563905450571,-1.512435874029435,-0.4325286394501324,-0.640981261432999,N900_RS09525,vpsN,0.753820375,-0.83838,5.4475,12h_SI2,12h,SI2,6h_st,6h,st,6.28588
4.723694167774732,2.992621601544785,-2.6769717108094797,-1.5246763717495768,-1.5256634699883596,N900_RS09530,vpsM,0.61811593,-0.50002,4.128,3h_st,3h,st,6h_SI3,6h,SI3,4.62802
5.607034642925169,3.545028021835847,-3.2011990891387376,-1.2949545691031596,-2.2075783149805592,N900_RS09535,vpsL,0.8755159166666667,-0.67382,4.1038,3h_co,3h,co,3h_SI4,3h,SI4,4.77762
4.203886174100501,3.130556468381094,-2.5133734728231683,-1.247788585901768,-1.7876342074831122,N900_RS09540,N900_RS09540,0.44002341666666667,-0.75523,4.1657,24h_ce,24h,ce,6h_ce,6h,ce,4.92093
1.9450087204759365,0.2944437419819032,0.9101972667468793,-2.0741973848671393,0.6462292264034336,N900_RS09545,N900_RS09545,-0.49554998333333333,-2.8916,4.6892,6h_SI5,6h,SI5,1h_st,1h,st,7.5808
5.416904002668085,4.405570623156682,-3.480264391638513,-2.805602040700399,-2.3923252129704675,N900_RS09550,hemolysin_1,0.4984524699999999,-0.85796,2.4637,3h_st,3h,st,3h_SI3,3h,SI3,3.3216599999999996
3.8373773494759544,4.172965642871203,-2.8272501379992128,-2.0683251253624433,-2.072322610358422,N900_RS09555,N900_RS09555,0.9551864175499998,-0.46094,4.4575,24h_SI2,24h,SI2,6h_SI3,6h,SI3,4.9184399999999995
0.9412837176266864,0.8002080352536071,-1.027417642199106,-0.9703577077732324,-0.5610522624869665,N900_RS09560,N900_RS09560,0.10116264999999997,-1.4121,2.7998,6h_SI7,6h,SI7,1h_co,1h,co,4.2119
4.494375562268707,3.43617985220126,-3.284981198650729,-1.6220403372761967,-2.2844806874625125,N900_RS09565,glycosyltransferase,0.73439475,-0.72149,4.1181,3h_SI2,3h,SI2,6h_SI3,6h,SI3,4.83959
4.873993547835261,2.9718387947884053,-1.0368015949124028,0.14534297517237152,-1.3427153625594883,N900_RS09570,vpsJ,1.3260645899999999,-0.4824,5.9209,1h_ce,1h,ce,3h_st,3h,st,6.4033
3.1081174493440913,2.3486478635178734,-1.3702366341000445,0.11272629099414742,-0.6576138100554104,N900_RS09575,glycosyltransferase family 1 protein,1.4685779833333334,-0.25353,5.3436,12h_SI1,12h,SI1,6h_st,6h,st,5.59713
4.736805050321058,1.7625766291394336,-1.73640410870249,-0.6577224445335005,-1.5004247110538482,N900_RS09580,vpsH,1.3230130333333332,-0.48033,5.5732,6h_SI5,6h,SI5,3h_SI1,3h,SI1,6.05353
6.032929975089989,3.6064774222443448,-2.097392872582887,-2.458767919653027,-1.7901153280666422,N900_RS09585,vpsG,0.87275198,-0.76066,3.7253,24h_co,24h,co,3h_st,3h,st,4.4859599999999995
4.195667188411023,1.998343158163521,-2.152283747839974,-1.7784297460438496,-1.2553156560667165,N900_RS09590,vpsF,0.3738667166666667,-0.90026,3.4854,12h_SI3,12h,SI3,6h_st,6h,st,4.38566
5.158495810393472,3.355251051767566,-1.9310325068226208,-1.4830530315431176,-1.147738135487908,N900_RS09595,vpsE,1.3014730333333333,-0.014657,4.6924,1h_SI6,1h,SI6,1h_st,1h,st,4.707057
4.660292902028967,4.104107600024257,-2.6520362760744645,-1.1359630891111172,-1.9414780119449484,N900_RS09600,vpsD,0.5765796950000001,-0.82075,3.7296,3h_co,3h,co,3h_SI4,3h,SI4,4.55035
0.7722354749228484,0.9743418663225663,0.19709534730261977,-1.105810290423949,0.13712616567036645,N900_RS09605,vpsC,-0.06380356666666667,-1.9378,3.5258,6h_ce,6h,ce,12h_st,12h,st,5.4636
4.3700143088534436,2.8425739525738707,-2.4356196148245264,-1.9578916604945509,-1.9350196881334412,N900_RS09610,wecC,0.7462644549999998,-0.59348,4.1402,3h_SI4,3h,SI4,1h_st,1h,st,4.73368
6.073419940580567,3.636088266227624,-3.5158991165355697,-1.4112268921456699,-2.332689237339579,N900_RS09615,vpsA,0.23403115833333332,-1.2404,3.1778,1h_st,1h,st,6h_SI1,6h,SI1,4.4182
2.719228507552334,1.2498710361820082,-2.156332569089438,-1.9715268457958284,-1.4006907100393302,N900_RS09620,low molecular weight phosphotyrosine protein phosphatase_1,-0.25759546666666666,-1.7217,3.3038,6h_SI4,6h,SI4,12h_SI2,12h,SI2,5.0255
3.628926589454929,4.146747433866457,-1.8989328627248399,-0.7168621790819171,-1.6290959185341205,N900_RS09625,vexH,0.9679584833333333,-0.39739,4.3069,6h_st,6h,st,3h_SI2,3h,SI2,4.704289999999999
4.209478019906961,2.373603583748117,-0.874313723270139,-0.9982266470689748,-0.5381075670356603,N900_RS09630,vexG,1.048455385,-0.50316,5.0539,6h_SI4,6h,SI4,12h_st,12h,st,5.55706
2.789851501280079,0.8219617229073721,-0.2966698796500043,-0.2521707160704038,-0.07171418613954511,N900_RS09650,treC,-0.3267625666666667,-2.5639,4.896,12h_SI5,12h,SI5,3h_SI2,3h,SI2,7.459899999999999
2.980001468112779,2.8057640172085163,-2.375034061805452,-0.9577101125938764,-1.6691974180862597,N900_RS09655,treB,0.17075635999999997,-1.3385,3.1479,1h_SI1,1h,SI1,12h_SI1,12h,SI1,4.4864
5.605622227087836,3.719770697350552,-2.135831143495908,-1.305550078936411,-1.8775337120021152,N900_RS09660,treR,1.0499563283333333,-0.341,4.379,1h_SI4,1h,SI4,3h_SI1,3h,SI1,4.72
5.745791938431253,2.029879826440901,-0.6995987496224126,-0.10969072209437658,-0.5453209846981201,N900_RS09665,gmhB,0.44115017366666665,-1.5378,2.5642,12h_SI7,12h,SI7,12h_st,12h,st,4.102
1.547638051227022,2.786345194028452,-1.5291991317455906,0.02094301797537006,-1.160508169064591,N900_RS09670,metN,0.8956259949999997,-0.8644,4.2205,6h_co,6h,co,6h_SI4,6h,SI4,5.0849
5.696135095755006,2.657197402801332,-1.8698053659845755,-2.1786777745591825,-1.847947403014046,N900_RS09675,metI,0.66312978,-0.70339,4.0732,6h_SI8,6h,SI8,3h_st,3h,st,4.77659
5.887941688986579,4.3482789848955195,-3.216720413864742,-1.417997583585209,-2.305390485194245,N900_RS09680,metq,1.3567389333333333,-0.027598,3.7875,1h_st,1h,st,6h_SI2,6h,SI2,3.815098
6.2410207405440925,3.1964015910411274,-3.4598347947294226,-0.7661730181569678,-2.3615883434303373,N900_RS09685,N900_RS09685,1.28851735,-0.54312,6.0967,1h_SI8,1h,SI8,3h_SI1,3h,SI1,6.63982
3.194528057964923,3.016550865028899,-2.3818480298833378,-0.9609008705971366,-1.6644175074312766,N900_RS09690,SecY-interacting protein,0.976250178333333,-0.44318,4.0839,3h_SI4,3h,SI4,1h_ce,1h,ce,4.52708
3.479779458137703,2.913518436846561,-1.9409593567142283,-1.6370092513536196,-1.4028569407814928,N900_RS09695,queF,0.40873805833333327,-0.67576,3.79,6h_SI3,6h,SI3,3h_SI4,3h,SI4,4.46576
4.5114413373209805,1.2000471176216523,-1.6588857014925622,-0.3052968935569331,-1.023949495235608,N900_RS09700,tetratricopeptide repeat protein_2,0.8577340766666667,-0.89103,4.7344,3h_SI3,3h,SI3,6h_st,6h,st,5.62543
5.083278318696229,3.021127367009683,-2.11055804025758,0.5885724869266017,-2.012492857167601,N900_RS09705,N900_RS09705,1.1162479500000004,-0.4692,4.265,6h_st,6h,st,12h_SI1,12h,SI1,4.7341999999999995
4.0998561069974135,2.551614696880298,-1.9154979335366333,-1.2732107878555723,-1.32956811926112,N900_RS09710,ppnN_BLAST,0.74193055,-1.1005,3.2516,1h_SI5,1h,SI5,12h_SI1,12h,SI1,4.3521
4.980040193011666,2.625414194902974,-1.2605345883015835,-0.25604557463947325,-1.2470846496517711,N900_RS09715,xni,0.8651689833333334,-0.81353,5.0527,6h_SI6,6h,SI6,12h_SI2,12h,SI2,5.86623
4.950235848812836,4.033455683198424,-3.5963948885947756,-1.1365176753084885,-2.564837305248562,N900_RS09720,UPF0382 membrane protein SAB0533_BLAST,0.7154458376666668,-0.86039,3.1601,12h_st,12h,st,3h_SI2,3h,SI2,4.02049
4.7248507342583235,3.1500184347260642,-2.562663019197857,-1.5948418107237876,-1.5872482303636686,N900_RS09725,lysR,-0.06401438333333334,-1.3765,3.0713,3h_SI1,3h,SI1,3h_SI4,3h,SI4,4.4478
3.4649641271741363,1.7999583736052696,-0.21599402858538702,0.4410080836926301,-0.1868768738632578,N900_RS09735,thiI,1.9904512166666666,-0.66714,4.5002,1h_SI6,1h,SI6,1h_co,1h,co,5.16734
-2.2727724403470653,0.4876137859175586,0.22917603977155057,-3.790143549393156,0.1343358807573029,N900_RS09740,motb,-1.347178383333333,-3.6124,0.51511,24h_SI4,24h,SI4,3h_SI7,3h,SI7,4.12751
-2.4356968228971394,-1.1728638817869244,0.7525604860495245,-3.0272080949995797,0.5218007434021527,N900_RS09745,pomA,-1.32040805,-3.2211,1.8577,24h_SI2,24h,SI2,1h_SI1,1h,SI1,5.078799999999999
2.240526120795252,2.0254365769396596,-0.5195296562717976,-0.46373534259619836,-0.5475686906376894,N900_RS09750,xseB,0.7615611972666667,-0.4148,5.1177,12h_ce,12h,ce,6h_SI1,6h,SI1,5.5325
4.959297968567631,3.1271999167291926,-2.3378799058601314,0.14485120170603072,-1.844273709577012,N900_RS09765,truC,1.0008887833333333,-0.55522,4.878,3h_SI5,3h,SI5,3h_SI3,3h,SI3,5.43322
2.6070011947943788,0.10271553863415211,-1.0532910445616621,-2.4579673669134534,-0.24592982947302114,N900_RS09770,yqcC,-0.6568258666666668,-2.2874,3.6543,3h_SI6,3h,SI6,6h_SI1,6h,SI1,5.9417
2.8720465129100234,2.3737470742272806,-1.287984464904696,-0.5810660985952728,-0.8173788322739474,N900_RS09775,N900_RS09775,0.7278684333333333,-0.60604,3.9951,3h_SI3,3h,SI3,1h_SI1,1h,SI1,4.60114
1.3566725328677243,1.2421983888419896,-0.5136953470404185,-2.9901520907002443,-0.3562741453002885,N900_RS09780,N900_RS09780,-0.9735595,-3.4517,4.1385,3h_SI7,3h,SI7,1h_st,1h,st,7.590199999999999
5.283563652805052,2.1958500847825926,-2.3536387011878945,-0.6258408377228296,-1.234279095091161,N900_RS09785,N-acetyltransferase_1,1.332696923333333,-0.37698,4.7178,3h_SI3,3h,SI3,3h_SI5,3h,SI5,5.09478
-0.7567910255106868,1.1681079104421292,-1.1172369092259231,-0.7004475726822641,-0.7364106347470489,N900_RS09790,kfrA_2,0.42086465,-1.0575,3.0034,12h_SI4,12h,SI4,6h_SI3,6h,SI3,4.0609
2.9313600460829417,1.9025400749203873,-2.672433797860428,-2.1259845153784003,-1.731788095044101,N900_RS09795,VC_0881_BLAST,0.0009123000000000066,-1.7995,3.1849,24h_st,24h,st,1h_SI1,1h,SI1,4.9844
4.8076368123335325,3.708663697777201,-2.039519515500146,-1.101619928801986,-1.8817193976447477,N900_RS09800,mtrF,1.01814806,-0.34777,3.988,6h_ce,6h,ce,3h_SI3,3h,SI3,4.33577
1.3044525472048085,2.0217563753670573,1.4581442476708857,-0.29069926254436185,0.35498381582601984,N900_RS09810,rpmE2,1.510024345,-0.41295,8.2299,1h_ce,1h,ce,3h_st,3h,st,8.642850000000001
2.1936446403674164,2.069200194078849,-0.7390110188991577,-2.273398948215281,-0.8883751414286657,N900_RS09815,tsaA,-0.3122503333333334,-2.0363,2.7022,24h_st,24h,st,3h_st,3h,st,4.7385
5.138410369791052,3.719652260210733,-2.1357767965437913,-0.8472136255276087,-1.8205263212789828,N900_RS09830,terB,1.415808983333333,-0.20847,5.1177,1h_SI9,1h,SI9,3h_SI1,3h,SI1,5.32617
-0.7331515194763797,1.1163261315287116,0.4752550422938329,-0.9663764999183657,0.2641376859781948,N900_RS09835,VC_0872_BLAST,-0.27440475000000003,-1.5902,3.6997,12h_SI3,12h,SI3,3h_SI4,3h,SI4,5.2899
2.6041816350864333,1.950893741323203,-1.1848164634855312,-2.321362867495237,-0.7286247736339769,N900_RS09840,N900_RS09840,-0.14999045000000005,-2.7114,4.5322,24h_co,24h,co,3h_SI5,3h,SI5,7.243599999999999
2.2643974684210955,0.5801347218352104,-0.26839689001355116,-3.1777836255835856,-0.10624253948986849,N900_RS09850,purL,-1.7779450999999997,-4.8236,4.7371,12h_SI7,12h,SI7,1h_ce,1h,ce,9.5607
2.0080339266565477,0.9956643517450658,-0.39789973088465047,-2.572541870682122,-0.3469942416952885,N900_RS09860,mltF,-0.8599122216666667,-3.8311,2.6324,6h_SI7,6h,SI7,3h_SI2,3h,SI2,6.4635
5.5598065371273595,2.407752957174545,-0.8210888686835728,-0.02204113393880151,-0.6487318393394874,N900_RS09870,tadA,2.01246095,-0.073251,4.0338,6h_SI9,6h,SI9,12h_st,12h,st,4.107051
3.6020348870125236,3.0388777903372044,-2.4915441607214652,-1.1702928803068282,-1.7382993832812208,N900_RS09875,abgT_2,0.6168178333333333,-0.82415,4.01,3h_SI5,3h,SI5,3h_SI4,3h,SI4,4.83415
4.874514368118747,2.546740171553487,-1.3743500829371464,0.44785762936873186,-1.2123270838391749,N900_RS09880,N900_RS09880,1.7027718833333334,-0.45476,4.744,1h_SI1,1h,SI1,24h_st,24h,st,5.19876
4.751191250542626,3.5885769335748967,-2.788426741513288,-1.270038483864898,-1.7987022405610773,N900_RS09885,pilV,0.5686602999999999,-1.7772,4.182,1h_SI2,1h,SI2,6h_SI1,6h,SI1,5.9592
5.227220091571126,3.803600984936274,-1.9830630208357465,0.37611328985907994,-1.7745363197763662,N900_RS09890,pilX,1.2406471433333335,-0.524,4.5042,1h_SI8,1h,SI8,12h_SI2,12h,SI2,5.0282
4.784323861927955,3.102127410343138,-1.6454907706908712,0.1967196322227219,-1.423143308951832,N900_RS09895,PilW,1.5432023450000003,-0.25193,5.4273,1h_SI8,1h,SI8,12h_SI1,12h,SI1,5.67923
5.675403929712832,2.8635592572973665,-2.947434697936429,-1.4081801355337935,-1.7330227819138686,N900_RS09900,"type IV pilin, putative",0.8063051783333334,-0.88846,3.6,3h_SI3,3h,SI3,6h_st,6h,st,4.48846
4.220018836324417,4.383045149363469,-2.7052384076907785,-1.0317753465375252,-1.922222350405178,N900_RS09905,type IV pilin protein,1.4143810333333335,-0.17937,4.4726,3h_SI1,3h,SI1,3h_SI3,3h,SI3,4.6519699999999995
4.128639475294987,2.3022082212736774,-1.850192352092989,-3.0674636236518023,-1.280130270370521,N900_RS09930,recN,-0.30863290000000004,-1.9175,2.5027,6h_ce,6h,ce,3h_SI2,3h,SI2,4.4201999999999995
3.8106894113229073,2.900761123932173,-2.6158139367344715,-0.3463893218694632,-1.9454100877335845,N900_RS09935,bamE,0.11239936666666667,-2.6046,3.5908,6h_ce,6h,ce,6h_SI4,6h,SI4,6.1954
5.203922137869456,2.5052192176419683,-0.9825246577520947,0.43127547457739746,-1.2097192606975327,N900_RS09950,smpB,0.8094961333333333,-1.7584,5.2157,1h_SI4,1h,SI4,3h_st,3h,st,6.9741
2.650591925866455,2.0294711293757253,-1.0045744389249052,-2.2368173770193764,-0.9908679336010807,N900_RS09955,intA_3,0.21375174833333332,-1.15,3.0928,12h_SI1,12h,SI1,3h_SI2,3h,SI2,4.2428
2.3481831138533495,2.181214254454043,-0.4580411226038635,-0.7552619233459502,-0.31716263200980127,N900_RS09965,acfd,0.4379049333333333,-0.86546,4.2622,3h_SI1,3h,SI1,1h_st,1h,st,5.12766
1.1130689486377432,0.17005709154974202,0.3810882491708955,-2.4379981202273195,0.371435842030917,N900_RS09970,acfa,-1.0684260666666667,-2.9294,1.7891,6h_ce,6h,ce,3h_SI3,3h,SI3,4.7185
3.1977857981334603,1.6001971310051322,-1.1090359243010677,-1.018995531194626,-0.35957587845659816,N900_RS09975,M23 family peptidase,0.747536035,-2.2553,5.8018,6h_SI6,6h,SI6,6h_st,6h,st,8.0571
1.6809158468200065,1.2325551084274042,-1.2355037694573705,-1.1929407049180003,-0.6987818862370279,N900_RS09980,N900_RS09980,0.56283865,-1.0553,4.4292,12h_SI5,12h,SI5,6h_SI3,6h,SI3,5.4845
4.206882565600862,1.3478325676876457,-1.925776689592386,-2.406244172683135,-0.9229611952706527,N900_RS09985,acfC,0.5852106399999999,-1.1974,4.3299,24h_SI2,24h,SI2,6h_st,6h,st,5.5273
1.3002476089768074,0.7682936951359904,0.11074837685019104,-0.3658478687570415,0.21335129251752238,N900_RS09990,Pseudogene_N900_RS09990,0.7508161999999999,-2.5347,4.0233,6h_SI6,6h,SI6,3h_SI7,3h,SI7,6.558
2.1497666393489583,0.11860066895828157,-0.22430173406652956,-4.141015729198287,-0.08213232100502951,N900_RS09995,tcpJ,-2.3957258,-5.3424,1.6028,12h_SI6,12h,SI6,1h_ce,1h,ce,6.9452
2.723019363002346,0.44822356209494096,0.748458919227924,-2.5193563663507565,0.09712790285742402,N900_RS10000,toxT,-1.90126865,-4.5366,5.4509,12h_SI6,12h,SI6,3h_st,3h,st,9.9875
2.909167501796359,0.9481455237481713,-0.0218027285479294,-3.410372624527688,-0.02526170857155915,N900_RS10005,tcpF,-1.1926756833333334,-4.1516,2.9029,12h_SI7,12h,SI7,3h_SI3,3h,SI3,7.0545
2.414198800803088,0.6744566621737558,0.06065227253509981,-3.401956418002509,-0.01979464990047304,N900_RS10010,tcpE,-1.4925149333333334,-4.2571,4.007,6h_SI7,6h,SI7,3h_SI3,3h,SI3,8.2641
1.8492769948786723,0.5423566953934881,0.5118172277874359,-3.2666631079837813,0.5228529465957874,N900_RS10015,tcpT,-0.8828706666666668,-4.081,4.4176,12h_SI9,12h,SI9,1h_st,1h,st,8.4986
2.2075681420332653,0.11854337126575296,0.5469065657193362,-3.1457929761201466,0.17667429989117708,N900_RS10020,tcpS,-1.7026167883333334,-4.7837,2.9108,12h_SI5,12h,SI5,3h_st,3h,st,7.6945
4.872608252482821,2.8083876765555424,-1.9494408065695326,-2.232421470722055,-1.4331868604541131,N900_RS10025,tcpD,-1.010262035,-4.7999,3.6369,6h_SI8,6h,SI8,3h_SI1,3h,SI1,8.4368
1.6388778721089188,1.7117605282894188,-0.18719825541048013,-3.7522119154781053,-0.029087453297073646,N900_RS10035,tcpC,-0.9827866,-3.9376,4.404,6h_SI6,6h,SI6,1h_SI1,1h,SI1,8.3416
1.7695858366148092,0.8868818634215059,0.27122495371509886,-2.9467029225870247,0.2533511513088093,N900_RS10040,tcpQ,-1.8950163000000002,-4.8122,2.9601,12h_SI9,12h,SI9,3h_SI4,3h,SI4,7.7722999999999995
1.7501465983129223,0.0755545484306061,-0.09744110376616757,-4.2430205980113,-0.021195059155768293,N900_RS10045,tcpB,-2.552958083333333,-5.5097,2.9322,12h_SI7,12h,SI7,1h_SI1,1h,SI1,8.4419
1.3101913715181783,0.4824859195847287,-0.09435057967799372,-2.8876449508914135,-0.045260383431946306,N900_RS10050,tcpA,-0.8561711899999999,-3.4617,4.0052,12h_SI7,12h,SI7,1h_SI1,1h,SI1,7.466900000000001
2.533506562933795,0.5196442288262302,-0.0780244390686016,-2.348683586519711,-0.008527886785970546,N900_RS10055,tcpH,-1.4907641500000002,-4.6173,3.7387,6h_SI9,6h,SI9,3h_SI1,3h,SI1,8.356
2.057115476379215,-0.7219217052926203,0.37296180699813625,-2.80156052641708,0.3409970425557031,N900_RS10060,tcpP,-2.09559695,-5.2195,0.57672,12h_SI6,12h,SI6,1h_SI3,1h,SI3,5.79622
5.259471423847674,3.871595134955888,-2.33666254932483,-0.19151015990055784,-2.200897555584539,N900_RS10065,tcpI,0.9045537753499999,-0.82336,3.4943,6h_st,6h,st,3h_st,3h,st,4.31766
3.155224839968771,1.5298095164322199,-1.3138805299844665,0.11743295304138555,-1.4230630883709616,N900_RS10075,N900_RS10075,0.9983363833333334,-0.55561,4.8773,3h_SI8,3h,SI8,3h_st,3h,st,5.43291
2.2940310301443154,1.3311689281704995,-1.1950478318306301,-1.7564127346509761,-0.8040443431984928,N900_RS10080,membrane protein_1,-0.20051415,-1.7273,2.919,24h_SI1,24h,SI1,6h_SI3,6h,SI3,4.6463
5.396202652554808,1.8131690283645225,-1.030527336621739,-0.8501531657230413,-0.7843248074173443,N900_RS10085,Pseudogene_N900_RS10085,1.2374072200000001,-0.3157,4.4545,3h_SI4,3h,SI4,3h_SI1,3h,SI1,4.7702
4.74930877379632,2.124757875702444,-1.7130820076496374,-0.27061261621876326,-1.0536094425182416,N900_RS10090,adh,1.5575618166666663,-0.46136,5.7042,6h_SI6,6h,SI6,3h_SI2,3h,SI2,6.16556
3.4149537703520827,2.1512175312131783,-1.3366037438720133,-1.1325163813945374,-0.4999957475991636,N900_RS10105,IS481-like element ISVch1 family transposase,0.9596680333333334,-0.67947,3.7565,3h_SI3,3h,SI3,12h_SI2,12h,SI2,4.43597
2.9182658375239923,0.5927125986336693,0.04472218428435941,0.07453254387269094,0.085398773140912,N900_RS10110,N900_RS10110,0.6793568183333333,-2.1993,6.3783,6h_SI8,6h,SI8,6h_SI1,6h,SI1,8.5776
5.215935295388718,3.153295068623829,-2.8265297359215333,1.0153211757300409,-2.0442296129438104,N900_RS10115,type II toxin-antitoxin system HipA family toxin,1.9682257,-0.085998,5.5043,1h_SI8,1h,SI8,6h_SI4,6h,SI4,5.590298
5.719548170592413,3.93072089982882,-2.1713825071240747,-1.6100396582576446,-1.9905607020614016,N900_RS10125,class I SAM-dependent methyltransferase_5,0.9989914833333333,-0.57546,3.7989,12h_ce,12h,ce,3h_st,3h,st,4.37436
6.381725924874485,3.846022192867385,-2.921057592222291,-0.7691866455681278,-1.9141733805456593,N900_RS10130,uvrB_2,1.5001344000000003,0.076314,4.4841,1h_SI8,1h,SI8,6h_SI4,6h,SI4,4.407786
-0.44470684027149937,-0.02172453126515911,0.010487848874662297,-0.2561155954883843,0.012178036052877364,N900_RS10135,N900_RS10135,0.8423600166666666,-0.56276,3.1146,1h_ce,1h,ce,6h_co,6h,co,3.6773599999999997
5.589443067602809,3.827949853573231,-3.070562049608581,0.41657470456429474,-2.1358491190511355,N900_RS10140,N900_RS10140,1.3133116333333335,-0.8951,3.9297,1h_SI4,1h,SI4,12h_SI2,12h,SI2,4.8248
4.727466735275747,3.1733365661260526,-1.8634101805070105,-2.123422719893748,-1.3180525809688133,N900_RS10145,N900_RS10145,0.8870409566666667,-0.32543,3.3585,24h_co,24h,co,3h_SI2,3h,SI2,3.6839299999999997
5.53617859355649,3.7618045410332672,-3.5222376781391147,-1.3934445833797044,-2.4757093105036363,N900_RS10150,N900_RS10150,0.7804892600000002,-0.61802,3.9305,3h_SI3,3h,SI3,6h_SI2,6h,SI2,4.54852
5.143092274712151,2.4031734696237597,-0.8806225789808001,-0.5547824612981392,-0.9832669225868189,N900_RS10155,MFS transporter_1,1.210107171666667,-0.49048,3.8305,6h_SI4,6h,SI4,3h_st,3h,st,4.32098
3.9107671260946364,2.9947668958622673,-3.0120584197506934,0.19565463294787697,-1.981869355780298,N900_RS10160,NAD(P)/FAD-dependent oxidoreductase,0.9769456566666668,-0.64433,4.2472,3h_st,3h,st,6h_ce,6h,ce,4.89153
4.833887634213434,2.953466306825957,-3.0298084857544816,-1.747053937991196,-1.7749940849502823,N900_RS10165,Ferredoxin 1_BLAST,0.5862844666666667,-0.71856,3.7083,24h_SI4,24h,SI4,3h_SI5,3h,SI5,4.42686
3.273284638365796,1.4026064017649769,-1.1917011490248255,-0.08123596986835215,-0.9411535303640893,N900_RS10170,RNA methyltransferase,0.7491630416666666,-1.3601,5.002,6h_SI2,6h,SI2,12h_SI1,12h,SI1,6.3621
5.651707748432764,2.3765807214452144,-1.3717230395341786,-0.16519711472870727,-1.172975906696629,N900_RS10175,N900_RS10175,0.9844565000000001,-1.039,5.3296,6h_SI6,6h,SI6,6h_SI3,6h,SI3,6.3686
0.8471989576810041,2.2094919086601075,-1.302826616301611,-0.42379610158183617,-0.913780901781851,N900_RS10180,citG,1.1104298,-0.90375,5.2199,1h_co,1h,co,3h_SI5,3h,SI5,6.12365
5.615777547364427,1.8982651724742576,-1.0841030405830732,-0.1281604459166348,-0.8843966933105918,N900_RS10185,citX,1.7653130833333335,0.067906,5.9009,1h_SI6,1h,SI6,12h_st,12h,st,5.832994
4.704855034300744,3.21897235262811,-2.057245597913386,-0.4907214899377876,-1.6418054316639348,N900_RS10190,citF,0.9292020116666665,-0.2178,3.9796,1h_st,1h,st,6h_SI2,6h,SI2,4.1974
0.6436499344830848,-0.37630286753694314,2.3973235041203163,0.27401219725959597,0.6471464016128088,N900_RS10195,citE,0.003811014930833333,-9.0514e-06,0.1667,1h_SI5,1h,SI5,3h_st,3h,st,0.16670905139999997
2.7001046787072793,2.726320371224047,-1.8397395234240457,-2.435118329899081,-1.3195324863502431,N900_RS10200,citD,0.7445614516666665,-0.88296,4.6647,12h_st,12h,st,6h_ce,6h,ce,5.54766
1.9623760608835683,1.7465286920997847,-1.4688817790297999,-2.221582715899883,-0.9807340982272196,N900_RS10205,citC,-0.24613621666666669,-1.6077,3.4178,6h_SI1,6h,SI1,6h_SI3,6h,SI3,5.0255
5.45898334926245,3.5645011253589365,-3.6969048003803247,-2.1127540684588006,-2.615612018232346,N900_RS10210,citS,0.48332815500000004,-0.98223,3.7122,3h_SI4,3h,SI4,1h_co,1h,co,4.6944300000000005
5.022560485962915,4.08544139012122,-3.4198132598833304,0.14932690696856793,-2.4576074028933657,N900_RS10215,sodium pump decarboxylase,1.00029385,-0.59927,3.4684,6h_st,6h,st,6h_ce,6h,ce,4.06767
4.976076734547084,3.6500430124295393,-2.4942275619062357,-1.4509602179370256,-1.4484026930831944,N900_RS10220,oadA_1,0.7096458478333333,-0.50265,3.7897,3h_st,3h,st,3h_SI5,3h,SI5,4.29235
5.141322092031407,4.187154934910634,-2.4891655433819864,-2.009370039436399,-1.9600525586150574,N900_RS10225,oadB,0.6906882616666667,-0.57554,3.6876,1h_st,1h,st,3h_SI2,3h,SI2,4.26314
4.047153657422832,3.2519592358444527,-2.13045811599504,-1.6675481536389691,-1.4468797591036497,N900_RS10230,citA,1.5451176666666666,-0.60655,4.5883,12h_SI1,12h,SI1,1h_ce,1h,ce,5.194850000000001
5.355332419599803,3.2318396902891706,-1.9886247021159562,0.3986975264315054,-1.7738650080644933,N900_RS10235,dpiA,1.2230958033333335,-1.0556,4.9234,1h_co,1h,co,3h_SI1,3h,SI1,5.979
5.6610788334802224,3.0877935150061098,-3.3674694750364953,-0.6061995519912996,-2.6735876524781896,N900_RS10245,"DOPA 4,5-dioxygenase",0.56065045,-1.0115,2.8397,3h_ce,3h,ce,6h_SI3,6h,SI3,3.8512000000000004
5.129706804785236,3.6222127252087284,-2.670757695902824,-1.4857033184797603,-2.0866573096341385,N900_RS10250,dsdC_1,0.7503687666666666,-0.5787,2.9453,6h_st,6h,st,6h_SI3,6h,SI3,3.524
3.8820141009764746,1.9136430841201495,-1.639224218007766,-0.06594215190114801,-1.1470006819774479,N900_RS10255,dadA1,1.2735596233333333,-0.54835,6.0066,3h_SI5,3h,SI5,12h_st,12h,st,6.55495
3.7958981677509893,2.2654564962776313,-2.3224006386809934,-2.2793300000973953,-1.8962760384685005,N900_RS10260,acp,0.5481384933333333,-0.95632,4.2385,6h_SI1,6h,SI1,1h_SI1,1h,SI1,5.19482
6.186047317466282,4.602491274864779,-3.771369629495435,-1.137756009052966,-2.683386356178262,N900_RS10265,yjcS,0.855433515,-0.62998,3.6278,3h_ce,3h,ce,3h_SI2,3h,SI2,4.25778
5.427377877237417,4.192961996491303,-3.508338459894309,-0.4800325073439822,-2.4106994885211064,N900_RS10270,leuO_2,1.05003905,-0.69579,3.4211,3h_ce,3h,ce,3h_SI3,3h,SI3,4.11689
4.677718407186325,3.8944328161925994,-3.2804511882088683,-1.6064166631315946,-2.3671562785772444,N900_RS10275,vibriobactin biosynthesis 4\'-phosphopantetheinyl transferase VibD,0.8554394166666667,-0.8837,3.8415,6h_SI1,6h,SI1,3h_SI5,3h,SI5,4.7252
0.8288061232527629,1.4080889914726111,-1.1051173796160971,-0.7026866555944139,-0.657871400603207,N900_RS10280,fepC,0.21298124999999998,-2.4939,4.2221,6h_SI5,6h,SI5,12h_SI3,12h,SI3,6.716
5.517539960662866,3.3706783997538747,-2.0972628099463235,-2.0855148458456103,-1.6877618528044211,N900_RS10285,fepG,0.5868479583333333,-0.76997,2.9517,1h_st,1h,st,1h_ce,1h,ce,3.7216700000000005
5.830919241842658,3.7129378688786647,-2.7869228645640067,-0.32438023584043835,-1.95167008476486,N900_RS10290,yfiZ,1.7708784166666667,-0.041706,5.573,1h_SI5,1h,SI5,6h_SI2,6h,SI2,5.614706
5.04393464796376,1.951637178713007,-1.161826622476295,-0.13573757568332806,-1.0574402605828597,N900_RS10295,fepB,0.7231161448333333,-0.55209,4.3645,12h_SI7,12h,SI7,3h_st,3h,st,4.916589999999999
4.984520641087149,2.494283511382276,-2.857037837797044,0.06844932047663675,-1.6143051392918841,N900_RS10300,vibH,1.49211425,0.051757,4.5359,1h_SI6,1h,SI6,6h_SI4,6h,SI4,4.4841429999999995
4.856950168592141,3.4482064144580824,-2.633010186927459,-0.17126871978539968,-1.6312530287363962,N900_RS10305,dhbA,1.6468398833333333,0.059113,5.3491,1h_SI5,1h,SI5,6h_ce,6h,ce,5.289987
2.2273046380743,2.9905285346698665,-1.2998598104395787,-0.5728013498187223,-0.9597208929664257,N900_RS10315,dhbE,0.7311756350000002,-1.3366,4.6188,6h_SI2,6h,SI2,3h_SI4,3h,SI4,5.9554
2.7292607221870373,1.933943150699048,-2.1082935577186013,-0.8883719038977964,-1.397321754136316,N900_RS10320,vibB,0.5342403033333334,-1.0229,4.3948,24h_SI2,24h,SI2,12h_SI1,12h,SI1,5.4177
4.157636765074757,2.368667034444809,-1.5155172509099328,-1.0826149150082602,-1.170880269273772,N900_RS10325,satP,0.43157298333333327,-0.63783,2.842,3h_SI6,3h,SI6,6h_st,6h,st,3.47983
5.18968441410902,3.737959150871503,-2.3845464763020794,-1.6458344347103249,-1.4387452426667748,N900_RS10330,carbohydrate-binding protein,1.0459800333333333,-0.17328,3.6814,3h_st,3h,st,6h_st,6h,st,3.85468
3.650901822936232,0.43427134890936675,-0.4159935014716367,-3.6848106611973233,-0.2273789982155448,N900_RS10335,guaA,-2.461274333333334,-5.1525,0.92829,12h_ce,12h,ce,1h_ce,1h,ce,6.0807899999999995
4.065643035115264,0.9131492070305719,-0.6723757435008093,-3.573968951117339,-0.455321184271449,N900_RS10340,guaB,-2.5002714999999993,-5.2413,0.43624,12h_ce,12h,ce,1h_SI2,1h,SI2,5.67754
5.274816636346452,2.7619253842557305,-1.8344450731734356,-1.6560363602346946,-1.198824186446353,N900_RS10345,xseA,0.7193732866666667,-1.1213,3.7351,24h_co,24h,co,6h_st,6h,st,4.8564
5.231229167654032,3.136638055486395,-2.5801026907219984,-1.3355446575210117,-1.6001738929974174,N900_RS10350,N900_RS10350,0.5711706716666665,-0.93289,3.7913,1h_co,1h,co,6h_ce,6h,ce,4.72419
5.162226049069694,3.019575577653462,-1.3762185670587201,-0.5467707329302678,-1.422027821735122,N900_RS10355,alanyl-tRNA editing protein,1.7071510000000003,0.20931,5.0487,3h_ce,3h,ce,3h_SI3,3h,SI3,4.83939
2.7269960858894335,1.4628625025035846,-0.9976443657819101,-0.21556391268390038,-0.6518016228335277,N900_RS10370,membrane protein_4,0.12622306666666663,-1.79,4.5876,1h_co,1h,co,12h_st,12h,st,6.3776
5.788993809111902,2.1616723102351187,-0.8091242358900296,-0.15275266667012036,-0.6301844665407272,N900_RS10385,rodZ,1.8684183000000003,-0.052042,4.043,12h_SI7,12h,SI7,12h_st,12h,st,4.095042
2.5290361527024476,1.547444151830242,-1.6600072050725498,-1.6038768878727478,-0.945541949160678,N900_RS10390,rlmn,0.46516365,-1.0145,3.7412,12h_st,12h,st,1h_st,1h,st,4.7557
2.405122995523534,2.662758138237306,-0.48143664785748347,-2.3393452080097332,-0.728162488896496,N900_RS10395,ndk,0.9319866666666666,-2.1215,5.3758,24h_SI3,24h,SI3,3h_st,3h,st,7.4973
5.369249342089988,3.880302967472955,-1.9032567956524318,-0.7652026951968925,-1.607651245549857,N900_RS10400,pepB,0.8261458500000001,-0.60498,3.4387,3h_co,3h,co,3h_SI2,3h,SI2,4.04368
0.5312350104847698,1.498221993192268,-1.0238982445249871,1.393682946188169,-0.7963083267649433,N900_RS10405,iscX,0.9174147883333336,-1.2759,4.0155,3h_ce,3h,ce,3h_SI5,3h,SI5,5.2914
5.208058514389236,3.3817558877010336,-1.9241863467582976,-0.7341414357695607,-1.6918005881703109,N900_RS10440,iscR,0.33505437166666663,-1.9974,3.3333,3h_co,3h,co,3h_SI4,3h,SI4,5.3307
4.42003962480942,3.5345967699300593,-2.422602043888787,-1.1695644259283553,-2.106871645217904,N900_RS10445,trmJ,0.6605657666666666,-0.90209,4.3351,12h_SI3,12h,SI3,6h_ce,6h,ce,5.23719
4.6773342832069895,3.832023990793154,-2.989177549074957,-1.5934358899122012,-2.2357321187666255,N900_RS10455,secF_1,0.6843437333333334,-0.71,3.9036,6h_st,6h,st,6h_ce,6h,ce,4.6136
1.6439953735973858,2.3028396920867036,-1.0309249336755397,-0.3981449280627301,-0.6767421980474013,N900_RS10460,secD_1,0.7243008999999999,-0.73449,3.6085,6h_SI2,6h,SI2,3h_SI5,3h,SI5,4.3429899999999995
4.903655825888155,3.105898925830524,-1.546389210444691,-0.6159872721102267,-1.4081102871472269,N900_RS10465,yajC,0.7856455733333333,-0.56123,3.3773,6h_st,6h,st,3h_SI4,3h,SI4,3.93853
4.642677469334757,2.3756770434009606,-3.2769875002099695,-2.4947050484217317,-2.166415333832464,N900_RS10470,tgt,-0.6090895666666666,-2.1984,1.6215,3h_SI6,3h,SI6,6h_SI2,6h,SI2,3.8198999999999996
3.8197376442909725,1.3888227828730886,-1.8993807270107606,-2.1658363378633223,-1.299015934548941,N900_RS10475,N900_RS10475,-0.3738963333333334,-2.4991,3.7558,6h_SI5,6h,SI5,12h_SI1,12h,SI1,6.254899999999999
5.1874785584287375,3.6214625099003,-3.4984650276169766,-1.5270732632577217,-2.4823529304356535,N900_RS10480,queA,1.0673871283333332,-0.45188,3.864,3h_SI4,3h,SI4,3h_SI1,3h,SI1,4.31588
-0.13150530851532108,1.7764768708315433,-0.5958751675119994,-0.40118610400331395,-0.4370551367412013,N900_RS10485,"acetoin utilization protein AcuB, putative",0.6086582933333334,-1.6829,4.3271,12h_SI1,12h,SI1,3h_SI5,3h,SI5,6.01
4.6510808241301,2.871140355002732,-2.0804759484739956,-1.6551329486510686,-1.506713297013485,N900_RS10490,aceA,0.7124579333333333,-0.80089,4.0048,3h_SI2,3h,SI2,3h_SI1,3h,SI1,4.80569
5.364339574520762,3.8707165949020115,-3.918865402874146,-0.8939872924984811,-2.7530284261555864,N900_RS10495,malate synthase A,0.8153005333333333,-0.72766,4.1538,12h_st,12h,st,3h_SI1,3h,SI1,4.881460000000001
2.236161400514386,1.0462540078372837,-0.31738605590188557,-1.0424902196055952,-0.3007191284534994,N900_RS10500,oxyR_2,0.6349551666666667,-0.60333,5.3903,6h_SI4,6h,SI4,6h_SI2,6h,SI2,5.99363
3.3390935319610024,2.497682155359499,-1.4376387605186702,0.7289236413654571,-1.1293294367661324,N900_RS10505,ahpC,1.4291768500000002,-1.364,5.3442,6h_co,6h,co,3h_SI2,3h,SI2,6.7082
3.218097754416545,2.025568557271921,-1.0662022569555931,-1.2968337122210847,-0.577388227938621,N900_RS10510,cutc,0.25129931833333335,-2.1171,3.5805,6h_SI6,6h,SI6,3h_SI3,3h,SI3,5.6975999999999996
3.740491455875177,2.0349666019571604,-1.7599439206091296,-0.9137945944990981,-0.9374183126279801,N900_RS10515,ppk2,0.7086226166666667,-1.0966,4.6843,6h_SI1,6h,SI1,6h_st,6h,st,5.780900000000001
5.353302887247104,1.8200650363083175,-0.866368574255546,-0.9406855811290885,-0.6605514404476853,N900_RS10520,phoU,0.5506144333333333,-1.8346,3.6372,12h_ce,12h,ce,12h_SI1,12h,SI1,5.4718
5.585292017201185,2.1284281042244104,-0.8694010949334137,-1.2590842281905643,-0.6491941391751404,N900_RS10525,pstB,0.1757820833333333,-1.8783,2.3586,6h_SI8,6h,SI8,1h_co,1h,co,4.2369
3.8004943601277583,1.275204922624358,-1.1727464605952687,-1.3384235156362498,-0.7594604586095718,N900_RS10530,pstA_1,-0.602148235,-2.6707,3.5502,6h_SI7,6h,SI7,6h_SI3,6h,SI3,6.2209
3.499157312502452,1.9723444789653497,-1.1113183125831478,-0.3565031662346486,-0.8035068506419387,N900_RS10535,ABC transporter permease subunit,0.8301080166666668,-1.2529,3.6158,6h_SI6,6h,SI6,12h_SI2,12h,SI2,4.8687000000000005
5.399232538707962,3.8684986342406926,-3.0456680404451144,-0.8895652535382302,-2.545777002459331,N900_RS10540,ppk,0.9519073166666665,-0.59506,3.3621,12h_st,12h,st,3h_SI1,3h,SI1,3.95716
1.308773980381341,1.4106522990972852,-0.9699217104059411,-3.9719502023794018,-0.606540965074338,N900_RS10545,ppx,-0.7627546066666666,-2.6007,2.5628,6h_SI5,6h,SI5,1h_ce,1h,ce,5.1635
5.112343849818043,3.624845639830603,-3.4428789363693344,-0.7587793259420771,-2.369031438646632,N900_RS10550,pstS_1,0.136041615,-1.5951,3.1004,1h_st,1h,st,3h_SI4,3h,SI4,4.6955
3.7919150952683127,0.9387978723401802,-0.7792813249821706,-2.933650054872637,-0.3104498054672326,N900_RS10555,phoR,-0.37751305,-2.7717,5.157,12h_SI8,12h,SI8,6h_st,6h,st,7.9287
2.030753400344586,1.0530818577877465,-0.33281598270326473,-3.8081523122077283,-0.2459082893492624,N900_RS10560,phoB,-1.8571527500000002,-5.4058,3.2188,12h_SI6,12h,SI6,3h_SI4,3h,SI4,8.624600000000001
4.006551131606859,4.6251932658947155,-2.8209986445474593,-1.22499705745275,-2.06136700626963,N900_RS10565,rdgC,1.1877280799999999,-0.16884,4.4638,6h_st,6h,st,3h_SI2,3h,SI2,4.63264
6.096936238288831,2.691238487176298,-1.96675538363367,-1.4261223964267913,-1.6519052031017218,N900_RS10570,rlhA,1.2561173116666668,-0.24587,4.5197,3h_SI4,3h,SI4,3h_SI2,3h,SI2,4.76557
4.056372417955787,2.485503269743323,-2.6735529110237732,-1.2008150596548164,-1.7607046046175876,N900_RS10575,yfhl,1.246023183333333,-0.57348,6.3936,24h_SI1,24h,SI1,6h_SI2,6h,SI2,6.96708
5.747688591207441,4.364427651079073,-2.6995490275194713,-0.59941017188132,-2.181140661886243,N900_RS10580,nfsA,1.6759806666666668,0.13171,4.5403,1h_SI6,1h,SI6,3h_SI1,3h,SI1,4.40859
5.0716470677585095,3.9703585934810857,-2.2887977608337056,-1.8926830158527193,-2.1120851238404894,N900_RS10585,N900_RS10585,0.8594733166666667,-0.5367,3.1927,12h_st,12h,st,3h_st,3h,st,3.7294
2.904016022451179,3.177620015957277,-2.5705911679632223,-1.6709274434742751,-1.8143400334137831,N900_RS10615,clpB,0.39848543333333336,-1.4682,4.0205,12h_st,12h,st,3h_SI2,3h,SI2,5.4887
2.448416639419606,1.131843352639037,0.7121366215439013,-0.7545425148179815,-0.3102888241683583,N900_RS10620,pgeF,0.010234400833333332,0.00081172,0.15932,6h_st,6h,st,3h_st,3h,st,0.15850828
4.561242797866369,1.7421646717263575,-1.9295988366311219,-0.6240186001165454,-1.3075315315003053,N900_RS10625,rluD,-0.10167664999999998,-1.9778,4.9014,6h_SI6,6h,SI6,12h_SI2,12h,SI2,6.8792
0.7983597103561214,0.8550691581276703,-0.5914213787879437,1.2395771184564595,-0.08225148571257954,N900_RS10635,raiA,0.9942305166666665,-1.1243,6.038,1h_SI2,1h,SI2,6h_st,6h,st,7.1623
2.8026641102612313,2.8836727800475823,-1.5681973736199113,-1.1647486694626232,-1.035900994966324,N900_RS10640,pheA,0.65419355,-0.98323,4.5567,6h_SI3,6h,SI3,12h_SI1,12h,SI1,5.53993
5.125249079586831,3.832579687115122,-2.8116802024579224,-1.197541663004843,-2.042132364808086,N900_RS10645,spuD,0.9756478036666666,-0.41492,3.874,3h_st,3h,st,3h_SI2,3h,SI2,4.28892
6.050170122107309,3.580466549345899,-2.052025798279203,-0.12341932128646625,-1.8098531539826113,N900_RS10650,mbaA,1.4215278516666667,-0.20788,4.767,1h_SI9,1h,SI9,3h_st,3h,st,4.974880000000001
5.330237802391904,3.729610267247221,-2.744942864377482,-1.2608270214057182,-1.6991719498632745,N900_RS10655,yjjX,1.2749081666666666,-0.18479,4.2971,3h_st,3h,st,3h_SI4,3h,SI4,4.48189
3.2761407149003277,0.8693091240085244,-1.5468046228565238,0.5495463991209506,-0.9794858143785267,N900_RS10660,trpR,0.81690325,-0.46735,5.6671,1h_SI5,1h,SI5,6h_SI2,6h,SI2,6.134449999999999
5.475020075407112,4.670161930950176,-3.097849571775037,-1.0435895791608318,-2.3088019313831354,N900_RS10665,sltY,1.2524905166666664,-0.26201,4.4344,1h_st,1h,st,3h_SI3,3h,SI3,4.69641
2.5305274466902787,1.7461596521791414,-1.3536378018270896,-2.212618014123951,-0.8731482265914015,N900_RS10670,ettA,-0.15026375000000003,-1.9512,2.8951,12h_SI2,12h,SI2,6h_st,6h,st,4.846299999999999
6.362777956948306,4.141917655661031,-3.9263179654379647,-1.4764427154664286,-2.6173773648538616,N900_RS10675,N900_RS10675,1.0039942966666666,-0.4473,3.4993,3h_st,3h,st,6h_SI2,6h,SI2,3.9465999999999997
3.615460311250354,2.7843779888995748,-0.21663815497094432,-0.5748193453997287,-0.36314771945931257,N900_RS10680,tyrA,1.0379978183333334,-1.1386,4.8395,1h_SI1,1h,SI1,1h_st,1h,st,5.9781
5.237438698177146,4.202570530195994,-3.9308963348696264,-0.986399333828113,-2.759378708544239,N900_RS10685,aroF,1.2231554433333331,-0.30978,4.4271,12h_st,12h,st,3h_SI1,3h,SI1,4.73688
6.178613894132053,2.8165266445088974,-2.5913055246277934,-0.10476180543822744,-1.5004351281264392,N900_RS10690,btsS,1.9919808333333333,0.082042,5.3537,1h_SI7,1h,SI7,6h_st,6h,st,5.2716579999999995
-0.01765944400867641,1.2522795408105138,0.6664709882098969,-0.44723351992495636,0.5654729542395113,N900_RS10695,yehT_1,0.48096748333333333,-1.0424,3.3784,6h_ce,6h,ce,3h_SI4,3h,SI4,4.4208
3.2960449711193247,3.5121362411617527,-2.1360771050778826,-3.0584810750969007,-1.5788179143187608,N900_RS10700,nagZ,0.09677443333333334,-1.5042,3.0174,6h_SI1,6h,SI1,1h_SI1,1h,SI1,4.521599999999999
4.3236817198665864,4.493139691878801,-3.520110062876427,-1.3057523791134475,-2.6131042161867506,N900_RS10705,anmK,0.8871709581666667,-0.79866,3.4368,6h_st,6h,st,1h_SI1,1h,SI1,4.23546
3.3408995510528614,3.727093825104452,-1.9150958372682476,-0.6768140979147387,-1.5618904463515593,N900_RS10710,murQ_1,1.3019681,-0.69452,4.5835,6h_SI2,6h,SI2,3h_SI2,3h,SI2,5.27802
5.234414201363122,2.6237415572478784,-2.245397382921129,0.26618316267018766,-2.0375294067341345,N900_RS10715,nhaP2_2,1.5082248333333332,-0.14598,4.9172,1h_SI7,1h,SI7,6h_SI1,6h,SI1,5.06318
4.5121825599373135,3.4929233709631022,-1.8447850592411683,0.6924209397215885,-1.5496257347273539,N900_RS10720,N900_RS10720,1.461934133333333,-0.79743,4.4822,1h_ce,1h,ce,12h_SI1,12h,SI1,5.27963
5.001620728157486,3.639652013445504,-2.3581068837305623,-1.5613096877375532,-1.6311410949468748,N900_RS10725,carbon starvation protein A,1.2142237999999999,-0.12666,4.0181,3h_SI1,3h,SI1,1h_st,1h,st,4.14476
2.3755132250142004,2.851083341571906,0.2996218864046389,-0.18863349672700572,-0.16159022115373176,N900_RS10735,fkpB,1.2847738666666666,-0.17285,4.504,1h_SI3,1h,SI3,3h_SI2,3h,SI2,4.67685
2.3359281681538793,2.444325207750549,-1.8582120826135393,-2.104092378931419,-1.4594585933426758,N900_RS10765,winged helix-turn-helix transcriptional regulator,0.21679090166666662,-1.551,3.4278,6h_SI2,6h,SI2,6h_SI4,6h,SI4,4.9788
4.52460881384793,3.0909461219820757,-1.977815878389789,-1.024574019420408,-1.754161038387819,N900_RS10770,nhaR,0.8342503000000001,-0.72356,3.5447,3h_co,3h,co,3h_st,3h,st,4.26826
4.925615674765943,3.053893592451038,-3.0181121562477835,-1.1599849019233954,-2.0633666356590585,N900_RS10775,nptA protein,0.8653220833333334,-0.59151,4.5301,6h_SI1,6h,SI1,6h_SI4,6h,SI4,5.12161
5.235704244091431,4.007169852535593,-3.2715649817014536,-0.39475789442530496,-2.203477117421644,N900_RS10790,Probable membrane transporter protein HI_0902_BLAST,2.112597333333333,0.48427,4.8625,1h_SI7,1h,SI7,12h_SI3,12h,SI3,4.37823
6.280230798723839,3.587052157279357,-3.0001647516292143,-0.014942832643624422,-2.052362007921383,N900_RS10795,ptsP,1.174593205,-0.58965,4.3913,1h_st,1h,st,3h_SI1,3h,SI1,4.98095
2.2082585908569183,2.600238720772609,-1.3062381129741354,-1.2260668892397562,-1.0460669872248307,N900_RS10800,rppH,-0.37369985000000006,-2.3278,2.4212,3h_SI9,3h,SI9,3h_SI5,3h,SI5,4.749
6.22213802254872,2.1990727417375466,-1.597179384377788,-0.26713859760278036,-1.151596414462295,N900_RS10810,mutH,0.7047311666666667,-0.77214,4.4458,3h_ce,3h,ce,6h_st,6h,st,5.2179400000000005
1.333806221093025,2.1058848114666873,-0.8321907236261394,-2.272743030974857,-0.33242888915221036,N900_RS10815,NADP(H)-dependent aldo-keto reductase,-0.012081716666666641,-1.7543,3.1029,6h_SI2,6h,SI2,3h_SI2,3h,SI2,4.8572
3.1704380018044644,2.064698915368456,-1.5226862321773789,-1.5662249180926868,-0.7984853684000319,N900_RS10820,N900_RS10820,0.28918889833333333,-1.0898,3.9031,6h_SI4,6h,SI4,12h_SI1,12h,SI1,4.9929
6.475519295909066,4.076252955639066,-3.0566376370212316,-1.298838664488126,-2.0961215878771964,N900_RS10825,vpsR,1.4516895,0.13202,4.0584,1h_SI7,1h,SI7,3h_SI1,3h,SI1,3.92638
0.9433380926381097,1.2992068852498326,-0.1457804670707492,-0.8240721482914086,-0.15178131416780644,N900_RS10840,brnQ,0.6420281783333333,-1.4047,4.9276,6h_SI2,6h,SI2,1h_co,1h,co,6.3323
1.5986564724302348,2.4086443176795687,-0.9762055493546358,-0.6092265168219086,-0.7490018512904735,N900_RS10845,tRNA1(Val) (adenine(37)-N6)-methyltransferase,0.9199837166666668,-0.6749,3.8528,6h_SI4,6h,SI4,12h_SI3,12h,SI3,4.527699999999999
2.708123208292425,0.5703796111838546,-0.1815090302478302,-0.04026157129528708,-0.0867750092034662,N900_RS10850,srmB,0.9298115916666668,-1.6446,6.8322,3h_SI6,3h,SI6,1h_st,1h,st,8.4768
4.041372435738823,3.0018131704405135,-2.1611505856715456,2.0452613109877937,-1.3970888272128563,N900_RS10855,prfC,1.3836478166666666,-0.62836,3.5572,1h_SI4,1h,SI4,12h_SI1,12h,SI1,4.18556
5.3595247604579574,2.4161461044151684,-1.500181840033608,0.2118529672051252,-1.1403181353786767,N900_RS10880,N900_RS10880,-0.6263952333333334,-2.7087,3.6446,1h_SI7,1h,SI7,6h_SI4,6h,SI4,6.3533
4.260039268229331,3.08386710419746,-4.117468264302483,-0.9098704567552235,-2.922059481441269,N900_RS10885,flhD,0.7052683333333333,-1.2331,2.7638,3h_SI9,3h,SI9,3h_SI5,3h,SI5,3.9969
1.009692170152304,2.334498956434806,-1.6479066167608207,-1.1131543481780357,-1.1480092467953944,N900_RS10890,flhC,0.35851321666666663,-1.0228,4.4179,6h_SI2,6h,SI2,3h_SI6,3h,SI6,5.4407000000000005
0.4081969537495206,1.0537431238750008,0.7879591577089774,-0.7787917955085066,0.2624208561170395,N900_RS10895,eexS,0.06437866666666668,-1.6187,3.1684,6h_SI3,6h,SI3,3h_SI5,3h,SI5,4.787100000000001
3.0078506793375577,2.733169093575131,-1.8006168318674811,-1.8773918101534512,-1.7179644892398795,N900_RS10900,trag,0.3459135199999999,-1.6503,3.6511,12h_SI1,12h,SI1,3h_SI1,3h,SI1,5.3014
-2.136649378965947,-0.27836115052056726,0.46866860715515757,-2.9214204977467975,0.37459592348445797,N900_RS10905,trah,-0.6339289333333334,-2.5796,1.8534,6h_SI5,6h,SI5,1h_co,1h,co,4.433
-1.8844515001212527,-0.1836240659670111,-0.5222918999372157,-0.7646521784094277,-0.40215061792235623,N900_RS10910,N900_RS10910,-0.5319431,-2.2409,2.2927,12h_SI1,12h,SI1,3h_SI5,3h,SI5,4.5336
5.891854261188177,3.970024382441208,-3.093829403421065,-0.2513713310407297,-2.4933745367255806,N900_RS10915,xerC_2,0.8439150166666667,-1.1346,4.1703,3h_ce,3h,ce,3h_SI2,3h,SI2,5.3049
2.1001236790672104,2.00161475373634,-1.382584700652564,-2.480648283188089,-1.019902878939713,N900_RS10920,dfrA1,-0.07302023,-2.8517,3.1601,3h_SI9,3h,SI9,3h_SI1,3h,SI1,6.0118
1.8236813670083718,1.3685817424002202,-2.1624804380019285,0.020493476748576614,-1.4756030327759397,N900_RS10925,N900_RS10925,0.5767669666666667,-1.5297,3.4293,3h_SI9,3h,SI9,6h_SI2,6h,SI2,4.959
2.727613667511033,3.176513762811112,-2.9251143138491558,-1.1072885098176077,-2.1822409382345502,N900_RS10930,XRE family transcriptional regulator_7,0.4640263666666666,-1.5717,2.7051,6h_SI3,6h,SI3,6h_SI2,6h,SI2,4.2768
5.693376287476797,3.6422150953831793,-2.5582273204490282,-0.2682246155786017,-2.3270645005767103,N900_RS10935,N900_RS10935,1.2922906666666665,-0.55182,4.4046,3h_SI9,3h,SI9,3h_st,3h,st,4.9564200000000005
4.547386569584887,3.9247157365835745,-3.1752264559809933,-0.4754508323517967,-2.274329143854028,N900_RS10940,AraC family transcriptional regulator_3,1.0575942833333334,-1.0202,4.7962,3h_SI9,3h,SI9,3h_SI1,3h,SI1,5.8164
3.342990667966542,3.3315518725914357,-3.0111259890757096,-0.05650200150431591,-2.121532979248938,N900_RS10950,N900_RS10950,1.07201229,-1.2305,4.1432,3h_SI9,3h,SI9,12h_SI3,12h,SI3,5.3737
3.435468535102783,3.7741818811563093,-3.3315671077039926,-1.662520713481148,-2.357316765756227,N900_RS10955,primase,0.19470681666666667,-1.3159,2.75,6h_st,6h,st,3h_SI2,3h,SI2,4.0659
2.432578928288361,1.9770936899416782,-2.2828718683126055,-3.5339861408966424,-1.5379980202465966,N900_RS10960,N900_RS10960,-0.44036805833333337,-1.7118,2.7622,24h_SI8,24h,SI8,3h_SI1,3h,SI1,4.474
5.611326832170718,3.8090459628854223,-3.7299818745432702,-0.6662138503350608,-2.6466435349014783,N900_RS10965,radC_1,1.139460383333333,-1.3263,4.0753,3h_SI9,3h,SI9,6h_ce,6h,ce,5.4016
5.350853050674706,3.5517421001091285,-3.286296814077513,-0.7275130096715186,-2.31329244836764,N900_RS10970,N900_RS10970,1.1032199833333334,-0.88132,4.4139,3h_ce,3h,ce,3h_SI1,3h,SI1,5.29522
1.717677957617362,1.9720811167733796,-0.3590309916069583,-2.341333197367492,-0.4395003125213375,N900_RS10975,N900_RS10975,0.18297694666666672,-1.8268,3.721,6h_SI3,6h,SI3,1h_st,1h,st,5.5478000000000005
5.160015158452404,3.605030809031735,-2.3057171314048412,0.21064810647450657,-2.006817331765508,N900_RS10980,N900_RS10980,1.1212998833333332,-0.7815,3.3966,3h_SI9,3h,SI9,3h_SI1,3h,SI1,4.1781
5.178209531007398,2.670158681740106,-3.0838401356540417,-1.9804645749579761,-1.9919458177838358,N900_RS10985,N900_RS10985,0.1310744666666667,-1.4431,3.467,6h_SI3,6h,SI3,6h_SI4,6h,SI4,4.9101
4.964047750189778,4.159282213031106,-3.915399993086176,-0.6816016541690947,-2.7991249236687126,N900_RS10990,cobS,0.8855663333333333,-0.85332,3.7089,3h_SI9,3h,SI9,3h_SI5,3h,SI5,4.56222
4.795345128078769,3.826114984022919,-3.3558559627370306,-1.1276988568906785,-2.541573183600409,N900_RS10995,endonuclease,1.0048477166666667,-0.70668,3.9797,6h_SI1,6h,SI1,3h_SI2,3h,SI2,4.68638
3.354768601765648,3.647843676952728,-2.344584336308111,-1.4560489344562446,-1.8452539555292575,N900_RS11000,bet,0.6475419501666668,-1.7325,4.0806,6h_SI3,6h,SI3,3h_SI4,3h,SI4,5.8130999999999995
1.6311796840187336,2.2683318332702265,-2.015299604321518,-0.6952106026576079,-1.3741346872349376,N900_RS11005,ssb_2,0.08018663333333334,-2.0332,3.4911,1h_SI2,1h,SI2,6h_SI4,6h,SI4,5.5243
1.178062516252023,1.3779928663530179,-0.22567376869377226,-1.7459560028471426,-0.558275391726668,N900_RS11010,N900_RS11010,0.5432875566666666,-2.7821,5.2416,3h_SI8,3h,SI8,3h_SI2,3h,SI2,8.0237
2.9081999282726354,2.464035760282402,-1.9688420797499464,-0.24074092209474823,-1.081083003858576,N900_RS11015,N900_RS11015,0.19938179499999997,-1.9778,4.4795,3h_SI9,3h,SI9,3h_SI5,3h,SI5,6.4573
5.683700579029872,2.9818740662873813,-1.916780232358117,-0.08741966863972425,-1.699561699526746,N900_RS11020,endA,0.9598541333333331,-0.81182,3.7629,3h_SI9,3h,SI9,3h_st,3h,st,4.57472
2.6393045511801896,2.8627551708822914,-1.7345129392754473,-1.6330884671835348,-1.3649018457082411,N900_RS11025,AAA family ATPase,0.17454761000000002,-2.0406,3.4274,3h_SI8,3h,SI8,3h_SI2,3h,SI2,5.468
3.9440146547889183,4.065327484425817,-3.50114635970766,-1.5997421786920132,-2.346411387917046,N900_RS11030,IS21 family transposase,0.4945107233333333,-1.0302,3.2558,12h_st,12h,st,3h_SI5,3h,SI5,4.286
0.5522799262724267,1.6616345398857146,-1.500433217179869,-2.603161948132325,-0.9701165716338619,N900_RS11035,istB,-0.022486900000000008,-2.0466,3.2871,6h_SI3,6h,SI3,3h_SI5,3h,SI5,5.3337
3.5020173654922195,2.525972627509786,-1.725012530756854,-1.7035551636100448,-1.3947308786823478,N900_RS11040,N900_RS11040,0.42484191333333327,-1.1224,3.3014,3h_SI9,3h,SI9,6h_ce,6h,ce,4.4238
4.420227177662706,3.295260439996063,-3.125830113989702,-1.5148252989692612,-2.0695184551863663,N900_RS11045,tran,0.3703949,-1.9857,3.2819,3h_SI9,3h,SI9,6h_ce,6h,ce,5.2676
1.700415447178045,2.198335748178375,-2.47476599650943,-0.31672033053673265,-1.785378084925586,N900_RS11050,trau,0.7993716833333334,-0.82268,3.9177,6h_SI1,6h,SI1,1h_SI1,1h,SI1,4.74038
4.017227308326385,3.8152561901943454,-3.0385190616411624,-0.9627174632298975,-2.214316005526639,N900_RS11055,N900_RS11055,0.8947435733333333,-0.61072,3.7938,6h_st,6h,st,24h_st,24h,st,4.40452
3.79358026807981,3.9054096053965432,-3.200999326195382,-2.2936356851405466,-2.285630409474553,N900_RS11060,TrhF,0.385116995,-1.4562,2.8308,3h_SI9,3h,SI9,6h_SI3,6h,SI3,4.287
5.325865929362394,3.8780253210802322,-3.5414265981307764,-0.5359023653799334,-2.4042827839277785,N900_RS11065,N900_RS11065,0.7568316549999999,-1.0457,3.0839,3h_SI9,3h,SI9,3h_SI4,3h,SI4,4.1296
-0.5232606321327676,-0.11273935986252513,0.3074615027434951,0.022043572340199668,0.07467622890262947,N900_RS11070,traC,0.24507970000000004,-2.6144,5.676,3h_SI9,3h,SI9,6h_ce,6h,ce,8.2904
5.320352002671189,3.54082673890411,-3.541134461017333,-0.7924780759922782,-2.6885690994642744,N900_RS11075,dsbC_2,0.9409200166666666,-0.9583,3.3689,3h_SI9,3h,SI9,3h_SI4,3h,SI4,4.3272
3.999110044443936,2.478412363163265,-3.6630379901490393,-1.1947085298460156,-2.523847223398733,N900_RS11080,N900_RS11080,0.7017724350000002,-1.4597,4.8093,12h_SI2,12h,SI2,1h_ce,1h,ce,6.269
5.6597076120414656,3.637516227896664,-3.4819677506085775,0.11772182166754887,-2.290748905435947,N900_RS11090,N900_RS11090,1.3756047500000002,-0.80117,4.1443,1h_co,1h,co,3h_SI1,3h,SI1,4.94547
4.7589591497854435,3.183616298138314,-3.089548450732155,-1.6160991106584615,-2.1949935459726055,N900_RS11095,traV,0.3562886783333334,-1.4982,3.2809,6h_SI3,6h,SI3,3h_SI1,3h,SI1,4.7791
2.8000259888282106,1.7870358654654295,-1.6046966378511844,-1.2411593995251977,-0.9628547616708525,N900_RS11100,TraB,0.41557065600000004,-3.1115,3.3778,3h_SI9,3h,SI9,3h_SI3,3h,SI3,6.4893
5.5986435098724785,3.558274140974483,-2.2791768224529,-0.20653874660631216,-2.1421161605814545,N900_RS11105,trak,1.0047967166666667,-0.46432,3.9571,1h_st,1h,st,3h_SI2,3h,SI2,4.42142
2.0947608137549403,1.5376978014570089,-1.7034878826570472,-2.180558061922939,-1.2717610242770994,N900_RS11110,traE,-0.36308444999999995,-2.1007,3.417,12h_SI1,12h,SI1,3h_SI3,3h,SI3,5.5177
0.10434822343133686,0.6235972871171843,-0.3806643767661754,-0.25982441104898774,-0.40075281128523715,N900_RS11115,traL,0.23853293333333328,-1.6225,4.8892,6h_SI3,6h,SI3,6h_ce,6h,ce,6.511699999999999
3.9318946408883173,3.6284145343358554,-2.4252052946263856,0.11934700652797252,-1.8224531461241795,N900_RS11120,N900_RS11120,1.1509855166666667,-0.7858,5.6872,3h_co,3h,co,3h_SI2,3h,SI2,6.473
4.3169713361952615,3.0966178622779896,-2.9548239917472103,-1.5110050425563202,-2.189225107885377,N900_RS11125,N900_RS11125,0.2970816966666667,-1.0939,3.7787,3h_st,3h,st,1h_ce,1h,ce,4.8726
3.2636452267007137,2.679520939031355,-1.9757307079383606,-1.6930368171559345,-1.3943289340990646,N900_RS11130,N900_RS11130,-0.008475850000000033,-4.1588,3.8228,3h_SI9,3h,SI9,6h_SI4,6h,SI4,7.9816
5.381758369956901,3.9401330078358017,-3.599150455563376,-0.9520278587746056,-2.6066786155783035,N900_RS11135,N900_RS11135,1.0205553333333333,-0.90248,4.2675,3h_SI9,3h,SI9,3h_SI1,3h,SI1,5.16998
3.22084545247678,3.8937388907943613,-2.4490102620492986,-1.6798580733296304,-1.919186119061979,N900_RS11140,traD,1.00224515,-0.90695,4.1156,3h_ce,3h,ce,6h_ce,6h,ce,5.02255
1.3682535195233236,1.0330935265967718,-1.5094379901010295,-2.1607304794546693,-0.9901744450231089,N900_RS11145,phosphohydrolase,-0.8691008833333332,-3.2622,3.1585,3h_SI9,3h,SI9,3h_SI5,3h,SI5,6.4207
3.7624901009062346,1.5849006015519231,-3.379468383878265,0.6805110936983993,-2.2660319017613886,N900_RS11150,abortive infection protein,0.7563212999999999,-1.1273,3.7936,12h_co,12h,co,6h_SI4,6h,SI4,4.9209
0.5030177780899234,2.2588033373320444,-1.3350499272321834,-0.41819053085677627,-0.9318873060797828,N900_RS11155,N900_RS11155,0.5272332949999999,-1.118,3.2175,3h_SI9,3h,SI9,3h_SI5,3h,SI5,4.3355
4.726044159625164,3.3661773709573755,-3.890324407082566,-0.3566412304860302,-2.7874937229549586,N900_RS11160,brxL,0.7628808399999998,-1.1955,3.9882,3h_co,3h,co,3h_SI1,3h,SI1,5.1837
0.08050874804459271,0.3646953246710058,-1.822999697088314,-0.7116394112786046,-1.2241875886294338,N900_RS11165,pglz,0.16353048333333334,-3.2612,2.3061,3h_SI9,3h,SI9,6h_SI2,6h,SI2,5.5672999999999995
1.7326551933401824,2.4272699869400034,-2.5355175187693635,-1.9100794127041583,-1.666933721792721,N900_RS11170,pglX,-0.25527858333333336,-2.1189,2.5951,3h_SI9,3h,SI9,6h_ce,6h,ce,4.714
3.0258756590762,3.276168910220034,-2.17504665450588,-1.1064694007293945,-1.717036104742976,N900_RS11175,brxC,0.37765960000000004,-1.2262,3.1377,6h_SI2,6h,SI2,3h_SI3,3h,SI3,4.3639
4.042948007730738,3.287243136500589,-2.4793970690438827,-0.3960594965385607,-1.679974194378983,N900_RS11180,N900_RS11180,0.9306839333333333,-0.52056,5.0676,1h_SI9,1h,SI9,12h_st,12h,st,5.588159999999999
2.254905207967721,-0.23478668664378796,-1.0357679396079684,0.7890184269726206,-0.6527196986161689,N900_RS11185,N900_RS11185,0.6719444333333332,-2.247,3.8821,3h_SI7,3h,SI7,6h_SI2,6h,SI2,6.129099999999999
3.4402538754785117,0.7759145073729948,-1.9305413282593034,-0.9910251897298636,-1.293303443459108,N900_RS11190,N900_RS11190,0.1757264333333333,-2.5133,5.013,6h_ce,6h,ce,6h_SI2,6h,SI2,7.5263
5.538005018768674,2.2416967579112153,-3.1396129600053553,0.9727539574319928,-2.1662059847949795,N900_RS11195,N900_RS11195,0.8564669166666666,-2.1391,5.4384,3h_SI7,3h,SI7,6h_SI3,6h,SI3,7.5775
2.41221366066154,1.9131950370498816,-2.4400384546963667,-1.3295501145378947,-1.6974509498240808,N900_RS11200,dinG_2,0.390201,-1.4555,4.286,6h_SI3,6h,SI3,6h_ce,6h,ce,5.741499999999999
5.4229657113445935,2.7279460791050516,-2.8546663805379837,-2.256577033718486,-2.27629889621258,N900_RS11205,N900_RS11205,-0.017124316666666643,-1.696,3.8289,12h_co,12h,co,1h_SI1,1h,SI1,5.5249
3.5651877549151694,1.8430028879671019,-1.5339475059781158,-0.9468235616407074,-1.45092593294383,N900_RS11210,umuD,0.3218716666666666,-1.5265,3.3618,6h_SI9,6h,SI9,3h_SI1,3h,SI1,4.8883
1.8372468749142734,2.1795766643212757,-1.1734871667780769,-1.4684189205405844,-0.8393060806548623,N900_RS11215,umuC_1,0.5680259333333333,-2.2915,5.7718,3h_SI9,3h,SI9,3h_SI5,3h,SI5,8.0633
0.773496982186404,2.234635460586557,-2.4166302266678525,-1.8517564024844435,-1.6586654994051768,N900_RS11220,Pseudogene_N900_RS11220,0.0058024916666666515,-1.7917,3.5259,12h_SI1,12h,SI1,6h_ce,6h,ce,5.3176000000000005
0.6700472350987582,1.2097489083443087,-1.1374916553931684,-0.8721868201176167,-0.8494396520723987,N900_RS11240,sul2,0.3587276316666666,-2.8474,5.2731,3h_SI9,3h,SI9,6h_SI4,6h,SI4,8.1205
1.3512794001589412,1.8729596850139256,-0.7803187387801196,0.0325213925550632,-0.7066925188757888,N900_RS11245,aph(3'')-Ib,0.9340811833333335,-2.5152,5.3371,3h_co,3h,co,6h_SI5,6h,SI5,7.8523000000000005
2.239473971964251,0.43156170271646366,-1.3867224221578764,0.2256064758893741,-0.9992155818312509,N900_RS11250,aph(6)-Id,0.23845505000000003,-2.2441,3.2135,3h_SI9,3h,SI9,6h_SI2,6h,SI2,5.457599999999999
3.368938849003059,1.6810080255079398,-1.4162854626156398,0.041978432577450424,-0.8724549767843434,N900_RS11255,IS91 family transposase_2,0.7403684833333333,-3.4393,5.9474,6h_SI9,6h,SI9,6h_SI1,6h,SI1,9.3867
3.925637060242581,2.62351850184095,-3.3830298195031405,-0.7855963216874972,-2.1991191490114743,N900_RS11260,hdfR_2,0.7174962166666667,-1.5459,3.6684,3h_SI9,3h,SI9,6h_SI2,6h,SI2,5.2143
4.113171282071158,3.505871835122765,-2.958514878488681,0.4043879434718329,-2.244927227640114,N900_RS11265,floR,1.250525785,-0.82962,4.0416,3h_ce,3h,ce,6h_SI4,6h,SI4,4.87122
3.9677355343454903,2.1237967487621434,-3.057291219007231,0.6173330637762033,-2.2468324159466024,N900_RS11270,N900_RS11270,0.6969896833333333,-1.5257,5.4293,1h_ce,1h,ce,6h_ce,6h,ce,6.955
1.0319962439704176,1.6668765664396592,-0.6032530371665317,-1.9483084784978586,-0.5667984712531573,N900_RS11275,IS91 family transposase_1,-0.5008872333333334,-3.0995,3.0019,6h_SI3,6h,SI3,3h_SI6,3h,SI6,6.1014
3.3377658265076895,2.839093380579266,-2.8557923639792193,1.3906928416513424,-1.9114846342207725,N900_RS11280,N900_RS11280,0.7756658333333332,-2.7059,3.7369,1h_SI2,1h,SI2,6h_SI3,6h,SI3,6.4428
1.4839911093724436,0.9284770682780953,0.6779253091611459,-1.3663282938146952,0.0934870890586979,N900_RS11290,Pseudogene_N900_RS11290,-0.13219623333333338,-2.2336,3.5675,6h_SI3,6h,SI3,3h_st,3h,st,5.8011
3.7410900333433887,1.8194574553611988,-2.6779436668675727,-0.03355182797056646,-1.5569381112633411,N900_RS11295,umuC,0.9131930833333332,-1.6022,5.423,3h_SI9,3h,SI9,6h_SI4,6h,SI4,7.0252
0.23244168323580625,1.3818971495601409,-0.08627385953058031,-0.05749286400967663,-0.03596705609008246,N900_RS11300,mobI,0.7857823283333333,-1.8584,5.2343,12h_SI2,12h,SI2,1h_st,1h,st,7.092700000000001
-0.13934636233588765,0.8158170931084845,0.4487459042432303,-1.1058987010817982,-0.041521278166880525,N900_RS11305,stba,-0.11495016166666666,-2.6781,3.8477,12h_SI3,12h,SI3,3h_SI4,3h,SI4,6.5258
-1.7333286096968,0.8549530937626993,0.1110513803802478,-0.5684354550454036,-0.05780809405233415,N900_RS11310,N900_RS11310,-0.21236947999999997,-3.1601,2.5978,12h_SI3,12h,SI3,3h_SI3,3h,SI3,5.757899999999999
-0.9511011950797627,0.49721436001292113,-0.26802964488056424,0.3791602288999079,-0.2622979314875391,N900_RS11315,intS,0.7595861166666665,-2.2363,4.8359,3h_SI8,3h,SI8,3h_SI4,3h,SI4,7.0722
1.604500741617661,1.0888761751472258,-1.5613283577040746,-1.638367812584375,-1.1150217889051042,N900_RS11320,DNA mismatch repair protein,-0.2628999,-2.3588,2.6514,3h_SI9,3h,SI9,3h_SI1,3h,SI1,5.0102
-0.089522213854015,-0.20033658822025957,0.11751039264517216,2.237141260076799,-0.07815901548125248,N900_RS11325,N900_RS11325,0.8329015333333334,-1.8112,3.0855,1h_SI3,1h,SI3,12h_ce,12h,ce,4.8967
6.098083936773642,3.397090236216533,-3.374631724887207,-1.0597837829312997,-2.1112124206842706,N900_RS11335,rimI,0.7165899666666669,-0.92957,3.7404,12h_SI7,12h,SI7,6h_st,6h,st,4.66997
6.409669877839858,3.9419101167037613,-3.837187659039534,-2.4000936870069647,-2.4595662049833296,N900_RS11345,N-acetyltransferase_2,0.6777983716666667,-0.76552,2.5645,3h_st,3h,st,6h_st,6h,st,3.3300199999999998
6.052117472979594,3.716038654672669,-3.547922385361617,-1.329193267643211,-2.553619374388204,N900_RS11350,ubiT,0.7682211333333334,-0.79351,4.3221,24h_ce,24h,ce,12h_SI2,12h,SI2,5.11561
4.796610658016877,3.3375607721287213,-3.5748881678138673,-1.3474096418990322,-2.658063720592456,N900_RS11355,bifunctional diguanylate cyclase/phosphodiesterase_1,1.0255627166666668,-1.0724,4.7961,12h_SI1,12h,SI1,6h_ce,6h,ce,5.8685
4.768607691537297,2.3978848401729227,-3.4147535336933776,-0.996629480158657,-2.301012109800075,N900_RS11360,ubiU,1.3526538499999998,-0.17479,5.0211,3h_SI7,3h,SI7,3h_SI1,3h,SI1,5.1958899999999995
3.9951741209246054,1.9515442309842868,-1.975610318799225,-1.6839218969960097,-1.2426870361172015,N900_RS11365,ubiV,0.5041685383333333,-0.6813,3.3282,24h_SI9,24h,SI9,12h_st,12h,st,4.0095
5.748936091719079,3.8583211232574146,-2.8306998144880953,-1.8852633605191351,-2.3476899020082462,N900_RS11370,vcrM,0.5481061,-0.82664,3.5557,6h_st,6h,st,1h_SI1,1h,SI1,4.38234
1.7495229974722293,2.0803038209417157,-1.359548690680644,-2.8077628872885714,-0.8802323346352887,N900_RS11375,MarR family transcriptional regulator,0.18604213333333333,-1.167,3.8233,6h_SI2,6h,SI2,1h_st,1h,st,4.9903
5.266472311044181,3.6096056329559776,-2.5015957889801594,0.22940092174659438,-1.7333735537661787,N900_RS11380,nlpI,1.488447673333333,0.0061314,4.8711,1h_st,1h,st,3h_SI3,3h,SI3,4.8649686
5.702176939077612,2.07534211037121,-0.7832818768621902,-0.1213826560188682,-0.6234857331573157,N900_RS11385,pnp,-0.14163663333333334,-2.1293,1.9821,6h_SI9,6h,SI9,12h_st,12h,st,4.1114
3.2925339243383522,1.6849437037545623,-2.0482309828818552,-2.2137886812735217,-1.2633174404588885,N900_RS11395,truB,0.04667620000000002,-1.7416,3.19,24h_st,24h,st,3h_SI5,3h,SI5,4.9315999999999995
5.949638024183667,2.1542322355689163,-0.8847903041300244,-0.2904870420388902,-0.6883288167620797,N900_RS11430,secG,1.2341169166666668,-0.6641,3.4362,12h_SI7,12h,SI7,12h_st,12h,st,4.1003
2.8672672919599878,1.5519317108195052,0.6387894598863579,-1.3503222981484553,-0.24718783339536585,N900_RS11435,N900_RS11435,0.32805064999999994,-2.0322,6.2006,12h_SI8,12h,SI8,3h_st,3h,st,8.2328
-0.44594165869789204,1.0859614487608908,-0.3172488011956029,0.03277381971339167,-0.3762351676810746,N900_RS11445,folP,0.7216085,-1.9575,4.5381,3h_ce,3h,ce,3h_SI7,3h,SI7,6.4956
4.190796041712906,3.282613704332188,-1.9734232343933784,0.44608816347640684,-1.4279732224685697,N900_RS11455,rlmE,1.9470026833333336,-0.38865,6.8332,1h_SI9,1h,SI9,3h_SI3,3h,SI3,7.22185
5.493869976011897,2.3118259641219563,-3.4746952093177015,-0.6922356518399788,-2.305276868400727,N900_RS11460,yhbY,0.73854215,-1.0584,4.8511,24h_st,24h,st,3h_SI1,3h,SI1,5.9094999999999995
3.6522605195891877,2.431128466927294,-0.8278013100273589,-2.6471149349236267,-1.103168081521554,N900_RS11465,greA,-0.6119901666666666,-2.6665,3.2793,6h_SI6,6h,SI6,3h_st,3h,st,5.9458
1.6298200782681458,1.8574948734199985,-0.8933876020067425,-0.22362347644880845,-0.7624001656156191,N900_RS11470,ompU,0.24356096666666663,-1.8703,5.7852,6h_SI7,6h,SI7,6h_ce,6h,ce,7.6555
4.370221526900058,1.9501639074101125,-0.7745133980637519,-2.522397338758903,-0.972661800616323,N900_RS11475,dacB,0.1873114583333333,-1.2632,3.9761,6h_SI4,6h,SI4,3h_st,3h,st,5.2393
0.7777528349252159,2.6151468482837683,-0.12413386352505303,-2.741139325404812,-0.1791771240812508,N900_RS11485,mepM_1,0.43393998333333333,-1.7377,4.0216,12h_SI3,12h,SI3,3h_SI1,3h,SI1,5.7593000000000005
6.1492093748437675,3.788893921342448,-3.806308657744645,-1.130579537594483,-2.5790860344411897,N900_RS11490,vexF,0.8748146966666667,-0.27457,3.6229,3h_ce,3h,ce,6h_SI4,6h,SI4,3.89747
5.515532155717275,3.5849996281765693,-3.207671230915047,-1.4481935859458654,-2.0549692190875812,N900_RS11495,vexE,0.5318065166666667,-1.437,3.0889,6h_ce,6h,ce,6h_SI1,6h,SI1,4.5259
3.2239115142028743,2.41453478611677,-0.2223490458316508,-0.49923682749547643,-0.840406538346755,N900_RS11520,ydiK,1.4365480666666668,-0.26938,6.1358,12h_co,12h,co,3h_st,3h,st,6.40518
2.788022710089603,2.1142074021884185,-1.2782691214041881,-1.6988284833196192,-0.7531076271525085,N900_RS11525,rsmC,0.540483875,-1.1305,3.4687,12h_SI2,12h,SI2,6h_st,6h,st,4.5992
5.544826510495092,2.665894951588252,-1.1773108610373813,0.22131966959226204,-1.325894915081414,N900_RS11530,chiS,1.7821418833333333,-0.28694,6.967,1h_SI9,1h,SI9,3h_st,3h,st,7.25394
4.138733589088159,3.71279258954806,-2.266358726463839,0.06855812239172744,-1.7182533513161051,N900_RS11540,ABC transporter substrate-binding protein_1,1.7118004216666667,-0.070524,5.0378,1h_SI4,1h,SI4,3h_SI4,3h,SI4,5.108324
5.268866526465466,3.020204947199635,-1.8380215267931679,-1.579146455285397,-1.314989830117253,N900_RS11545,dppB_1,0.9301993283333335,-0.29071,4.0113,24h_ce,24h,ce,1h_SI1,1h,SI1,4.30201
4.993373753552963,3.7470776253176163,-1.4341515536375158,-0.6572465265708891,-1.5048473451750481,N900_RS11550,dppC_1,1.141398065,-0.14489,4.136,1h_st,1h,st,3h_SI3,3h,SI3,4.28089
5.78278553962632,2.7310945804830706,-2.1136828745634273,-1.1158733986831773,-1.600336823387538,N900_RS11555,oppD_2,0.729604515,-1.2926,3.4128,6h_SI1,6h,SI1,6h_SI2,6h,SI2,4.7054
6.3997258190840105,3.4199976113453068,-3.469433604941725,-0.7364464274891785,-2.285563916250103,N900_RS11560,oppF_2,1.0883238000000002,-0.51393,3.626,3h_st,3h,st,6h_ce,6h,ce,4.13993
5.019576210940983,2.991652560973878,-2.728571296418787,-1.5711578625162597,-1.6565403692959673,N900_RS11565,endoglucanase-related protein,1.0442921216666667,-0.35636,4.08,3h_SI2,3h,SI2,12h_SI1,12h,SI1,4.4363600000000005
2.77424554802923,1.4183886977019664,-0.8723191839750962,-1.290931071235429,-0.3701256876468418,N900_RS11570,N-acetylglucosamine kinase,0.5660081333333333,-0.80606,3.7502,6h_SI2,6h,SI2,12h_SI2,12h,SI2,4.55626
4.506973103216296,3.4124124259580553,-2.4935018217743976,-1.5861028438842533,-1.578876517137594,N900_RS11575,exoI,1.1304218678333335,-0.55596,4.2149,6h_SI1,6h,SI1,3h_SI2,3h,SI2,4.77086
5.195252498129628,4.274534262829735,-3.3343601772907934,-1.6889672484358853,-2.346935989724186,N900_RS11580,chbP,1.3268606500000002,0.016635,4.1511,1h_st,1h,st,3h_SI1,3h,SI1,4.134465
2.341240499911257,1.2323490578610663,-0.3343241926886634,-0.7645442190736489,0.10649755811462905,N900_RS11585,pgm_2,0.4473405000000001,-1.023,3.6459,6h_SI2,6h,SI2,6h_st,6h,st,4.6689
3.5032043072172994,3.3955038093626753,-2.6295173242596204,-1.4563308284019068,-1.9610336705783844,N900_RS11590,phnT,0.4768266499999999,-0.89281,3.835,1h_SI3,1h,SI3,3h_SI4,3h,SI4,4.72781
2.9088245715528096,2.2935602026490023,-0.8092147200933768,-1.009902432201928,-0.5993142327768481,N900_RS11595,iron ABC transporter permease,1.1794793333333333,-0.4946,5.6789,6h_SI4,6h,SI4,6h_SI2,6h,SI2,6.1735
5.050899620522451,3.9688643003290216,-2.484238784948315,-1.3671384924440124,-2.109116517535658,N900_RS11600,futA1,1.7091546666666666,-0.30385,4.5864,6h_SI2,6h,SI2,6h_SI3,6h,SI3,4.89025
3.63422393442065,1.300287524415608,-2.6454985131487474,0.44344973718196135,-1.3218180365963692,N900_RS11605,amtB,0.7412594666666664,-0.90026,4.4851,1h_co,1h,co,6h_st,6h,st,5.38536
1.1667564818271685,1.8314204635624318,-1.9192479140670438,-0.36385610712882477,-1.3527362275482695,N900_RS11610,glnK,0.5776848833333332,-1.415,3.4206,6h_SI3,6h,SI3,6h_SI4,6h,SI4,4.8355999999999995
1.2934257037491628,0.5418559865634789,-0.22935689373186552,0.17789220457837662,0.022761102932424466,N900_RS11615,VC_0605_BLAST,1.4353772,-0.14216,4.7614,1h_SI6,1h,SI6,1h_st,1h,st,4.90356
-1.740834017100284,-0.9618012275201477,0.47998771080800534,2.2238347502572253,0.3324425463946272,N900_RS11625,N900_RS11625,0.50280315,-1.4968,2.8463,1h_SI1,1h,SI1,12h_SI4,12h,SI4,4.3431
2.254856266796076,0.7281465256779617,-0.8117854746876785,-0.47486053592524685,-0.49533658260871943,N900_RS11630,mrcB,0.8189544150000002,-0.90433,6.8745,12h_SI5,12h,SI5,6h_ce,6h,ce,7.77883
2.7932473701019602,1.598375555977221,-0.26598815860665126,-0.9502576193237542,0.02375150957913054,N900_RS11635,hrpB,0.8737626166666667,-0.77577,4.1637,12h_SI1,12h,SI1,6h_st,6h,st,4.93947
5.085565014954638,3.006809389427015,-3.2532070686169927,-0.2627510540035194,-2.0355284916085457,N900_RS11640,alpha/beta fold hydrolase,1.3907387333333332,-0.095477,4.0934,1h_SI4,1h,SI4,6h_ce,6h,ce,4.188877
4.280744560337093,3.8877591206804443,-2.0791020023362536,0.01631318401156409,-1.9301359281847736,N900_RS11645,sfsA,1.6287509999999998,-0.0844,4.7543,6h_SI1,6h,SI1,3h_SI2,3h,SI2,4.838699999999999
4.042478900960561,1.9624611291013019,-0.8507206565588784,-2.595773193019816,-0.5997214549829556,N900_RS11650,dksA,-0.6837417666666668,-3.3345,4.4346,12h_SI7,12h,SI7,3h_SI1,3h,SI1,7.7691
4.702034712358309,4.141008901178239,-3.8315728958442725,-1.5269034908285148,-2.6735511594394,N900_RS11655,gluQ,0.35454593333333334,-1.4418,3.3399,3h_ce,3h,ce,6h_SI4,6h,SI4,4.7817
0.738307926260895,1.6518383199049307,-0.20650192321857408,-3.1978575788740025,-0.066984995981945,N900_RS11660,pcnB,-0.4751530666666667,-1.9861,3.5733,6h_SI9,6h,SI9,1h_SI1,1h,SI1,5.5594
5.870591814025178,2.1220315306944357,-0.8331331595216744,-0.12749426120771204,-0.651821379277822,N900_RS11670,panB,1.5657910245000002,-0.33155,3.7753,6h_SI9,6h,SI9,12h_st,12h,st,4.10685
4.604283908442208,3.1382884664844384,-1.8768396233393965,-1.123248696319034,-1.031035803404547,N900_RS11680,yadH,1.3435966833333337,-0.18037,5.3269,3h_st,3h,st,1h_st,1h,st,5.50727
5.186073749722137,1.9777523594035507,-2.757032294100912,-2.3461015528162013,-1.7711012387952698,N900_RS11685,yadG,0.14431200000000002,-2.3245,4.4436,24h_co,24h,co,1h_st,1h,st,6.7681000000000004
4.736721406895828,4.234921712268324,-2.345540584984675,-1.3783666229894205,-2.0479332964982806,N900_RS11690,bicA,1.1506193333333334,-0.56165,4.503,3h_co,3h,co,6h_SI3,6h,SI3,5.06465
5.514642708564124,2.3056020644576902,-3.3629647981956152,-0.4770082707205283,-2.2013977468635795,N900_RS11695,can,1.3775162499999998,-0.06242,7.6722,1h_SI5,1h,SI5,6h_SI2,6h,SI2,7.7346200000000005
1.5678826045232528,2.6673805082952304,-1.188099333010555,-0.5166371709918307,-0.8494239098396676,N900_RS11700,hpt,1.5229344333333332,-0.86048,6.4038,1h_SI9,1h,SI9,3h_SI5,3h,SI5,7.26428
3.9654084562724377,3.9538350373303786,-1.730762231791255,0.32183643570682996,-1.7101033885674823,N900_RS11705,luxR_2,0.39888312666666664,-1.8961,2.5471,3h_co,3h,co,3h_st,3h,st,4.4432
-0.8923422560146717,0.27534121363724506,0.13972487154402483,2.438403375676999,0.04112391964585664,N900_RS11710,rsmI,1.0247642666666663,-1.9176,4.733,1h_SI2,1h,SI2,12h_SI2,12h,SI2,6.6506
5.259152654826997,3.823168036607988,-3.6361103367112997,-1.606626218384281,-2.518701324284442,N900_RS11720,VC_0580_BLAST,0.6018302149999999,-0.72479,3.6509,3h_ce,3h,ce,3h_SI5,3h,SI5,4.3756900000000005
1.1977503769285902,2.0633662658193592,-1.556625487083248,-1.0880274788255866,-1.0858446785229192,N900_RS11730,"hemolysin, putative",0.34773906666666665,-1.3334,3.485,12h_SI3,12h,SI3,12h_SI1,12h,SI1,4.8184
0.4427685393631502,-0.451035142104775,2.4012844544007717,0.3014049764928564,0.6792124837361718,N900_RS11735,sspB,0.004116381,0.00015513,0.1701,6h_SI4,6h,SI4,3h_st,3h,st,0.16994487
5.5847854002495705,2.018609106364401,-0.7228603480908061,-0.26001639406043253,-0.5589959449038081,N900_RS11740,sspA,-0.18932468333333333,-2.2321,1.8793,6h_SI9,6h,SI9,12h_st,12h,st,4.1114
2.8845921915111576,2.873612895017903,-1.4328102103930551,-1.4130970709344004,-1.1190012840470718,N900_RS11745,petC,0.5367015500000001,-1.3614,4.7894,12h_SI4,12h,SI4,3h_SI5,3h,SI5,6.150799999999999
3.775161445047168,1.7497724394239023,-1.3591632333371437,-0.9261127344184329,-1.1813020045514353,N900_RS11750,petB,0.6059557166666667,-0.77517,5.8614,3h_ce,3h,ce,3h_SI2,3h,SI2,6.63657
4.679833039820776,3.828467946916135,-2.5467259644167743,-0.6908801445982466,-1.8815347252432577,N900_RS11755,petA,1.9104570000000003,-0.21143,6.4559,1h_ce,1h,ce,3h_SI3,3h,SI3,6.66733
3.347570001803963,2.3270968178256672,-1.4405593832006773,-0.9189948854149346,-1.4673046387999074,N900_RS11775,zape,1.3833771116666667,-0.17811,4.9922,6h_SI1,6h,SI1,3h_SI6,3h,SI6,5.170310000000001
-0.5917860042510189,2.0799724028752915,-0.10066168732692339,0.49198478126333334,-0.2500230676666606,N900_RS11780,yhcB,1.2422961466666669,-0.8034,4.7086,12h_SI3,12h,SI3,3h_SI5,3h,SI5,5.512
3.8584015290938587,2.378147861822423,0.028068495883760702,0.45924316474473165,-0.31775059859370447,N900_RS11785,degq,1.0294063833333333,-0.6589,4.9388,1h_SI8,1h,SI8,3h_st,3h,st,5.5977
3.385067136864596,2.705840036000252,-2.396275364958694,-0.5849158608942627,-1.5236361655433128,N900_RS11820,ypjd,1.3904863333333333,0.12162,5.9161,1h_SI3,1h,SI3,6h_SI2,6h,SI2,5.79448
5.3257664830787945,3.726555272419327,-1.746326847299229,-0.3319213194437723,-1.5831534920988384,N900_RS11825,yfjD,1.4441245,0.10797,4.3258,6h_SI9,6h,SI9,3h_st,3h,st,4.21783
5.458773744700943,3.898361709960096,-3.5444517617365032,-0.5100134191781482,-2.6242300162282923,N900_RS11830,luxS,1.0175730666666667,-0.44166,3.6241,3h_ce,3h,ce,3h_SI2,3h,SI2,4.06576
4.50546909626604,1.6370205189028177,-0.49631352278959573,-0.9540606813397259,-0.32160184549068793,N900_RS11835,gshA,-0.44144265833333335,-2.825,2.9004,12h_SI5,12h,SI5,3h_SI4,3h,SI4,5.7254000000000005
5.0564633111711785,2.0468431136349188,-3.1338206408945184,-1.896685260348775,-2.2058671141501094,N900_RS11840,"protease, insulinase family/protease, insulinase family",0.6065100966666667,-1.5355,5.5726,24h_st,24h,st,3h_SI1,3h,SI1,7.1081
1.4691166420625092,2.7423567375026527,-0.2428861924100892,-1.3169604673690978,-0.26219485429005507,N900_RS11845,yqaA,0.9750936166666666,-0.66597,4.653,6h_SI1,6h,SI1,3h_SI3,3h,SI3,5.318969999999999
6.487499896562654,3.821532305144426,-2.349876944607377,-2.041949858145952,-1.979814013530621,N900_RS11850,qorA,0.8281166333333333,-0.76929,3.9372,6h_SI9,6h,SI9,1h_SI1,1h,SI1,4.70649
4.183703210439743,1.8506482834374531,-0.19217806260815493,0.07826171230223432,-0.5053116611048059,N900_RS11855,gcdB,0.8656984216666668,-0.72505,4.5453,1h_ce,1h,ce,3h_SI2,3h,SI2,5.2703500000000005
4.267984204424712,2.2863808270407024,-1.4875622834959445,-1.6888485365860393,-0.9916543420156678,N900_RS11860,oadA_2,0.8026132004999998,-0.71938,4.3263,12h_SI8,12h,SI8,12h_SI3,12h,SI3,5.04568
3.652296746282069,2.0088840530617955,-1.0289970436334304,-2.043014971501487,-0.8306955058857388,N900_RS11865,oadG_2,-0.5637307500000001,-3.0349,5.9671,6h_co,6h,co,3h_SI3,3h,SI3,9.002
1.556809298331704,1.835909773145227,-1.4045007235292992,-0.45761445292704955,-1.0955258463063713,N900_RS11870,N900_RS11870,1.4324745166666668,-0.030792,5.8391,1h_SI3,1h,SI3,3h_SI1,3h,SI1,5.869892
5.683908315152019,2.2081132270961517,-0.7590956308365001,-0.09971005890840055,-0.5913674679766436,N900_RS11915,csrA,1.956721738333333,-0.0069357,4.0951,12h_SI7,12h,SI7,12h_st,12h,st,4.1020357
4.87958115626004,1.994079131044133,-0.5525291235230875,0.5788792001160017,-0.48789976560214054,N900_RS11920,aspartate kinase,-1.4220750666666668,-3.7267,1.6337,12h_SI7,12h,SI7,24h_SI3,24h,SI3,5.3604
3.029619926144145,1.3242627317207118,-0.34916900909549775,-1.4051763054449167,-0.09838497373987683,N900_RS11930,recX,0.15693010666666668,-1.5016,3.2047,3h_SI1,3h,SI1,1h_st,1h,st,4.7063
5.536800795569845,3.091930989116226,-3.5007912258402656,-1.5530849812710383,-2.3929537642630017,N900_RS11940,pncC,1.0401374295,-0.5807,4.2121,6h_st,6h,st,1h_SI1,1h,SI1,4.792800000000001
1.0614690110601837,-0.056084332043407396,0.3532272235633246,0.15762464154605402,0.26635273889334626,N900_RS11945,cysA,0.027563633333333348,-2.9321,3.6994,3h_SI7,3h,SI7,24h_SI1,24h,SI1,6.6315
3.9409648660663352,3.7650797588925746,-2.497656861086025,-2.606644635555997,-1.6897240215059675,N900_RS11950,cysW,0.6169745999999999,-1.1588,3.6159,24h_st,24h,st,3h_SI5,3h,SI5,4.7747
5.806302380757439,4.075957025688508,-3.4456697646439896,0.2148198908264515,-2.493456465753497,N900_RS11955,cysT,1.2042910166666665,-0.78788,3.8831,1h_SI8,1h,SI8,3h_SI4,3h,SI4,4.67098
5.008907036487433,3.573595708902938,-2.467626765225773,0.1790264983136411,-1.5863505402475562,N900_RS11960,cysP,1.090019283333333,-0.80178,4.1512,1h_SI9,1h,SI9,12h_SI1,12h,SI1,4.95298
5.762070268713907,3.994360714404135,-2.8153463298731505,-1.6630035754146484,-2.2167939356079724,N900_RS11965,cysM,1.3077583333333331,-0.2429,4.0691,6h_st,6h,st,3h_SI2,3h,SI2,4.311999999999999
5.192565410537,2.300452875996961,-2.9107330743174145,-1.440610710363766,-2.0513236515366895,N900_RS11970,mutS,0.27195773333333334,-1.1665,4.0083,6h_SI4,6h,SI4,6h_SI1,6h,SI1,5.1748
4.635203732419198,2.1075824471598623,-1.8649043382694517,-0.7675874026273373,-1.215460593218176,N900_RS11975,rpoS,0.007977199536666665,8.9212e-06,0.074347,6h_SI7,6h,SI7,12h_SI2,12h,SI2,0.0743380788
5.420334190388166,3.930839743819201,-2.1532568675531722,-2.097832532193785,-1.848533586572976,N900_RS11980,nlpD,0.054612666666666684,-2.3101,3.1143,6h_co,6h,co,6h_SI2,6h,SI2,5.4244
4.775608521062563,2.25779879799442,-2.2790680867111375,-1.3247698287659257,-1.6728735993691008,N900_RS11985,pcm,1.1428209216666663,-0.36892,5.0451,1h_SI8,1h,SI8,12h_SI1,12h,SI1,5.41402
2.297847830603242,3.7240005978092534,-1.344272185646133,-1.514428871400178,-1.1220680527011326,N900_RS11990,SurE,1.1178273833333336,-0.48004,4.2969,6h_SI2,6h,SI2,3h_SI5,3h,SI5,4.77694
6.095217983953959,3.2667821509531674,-3.202747661318422,-0.7826127059543686,-2.090598607165425,N900_RS11995,truD,1.164935333333333,-0.26635,5.0866,3h_SI4,3h,SI4,12h_SI1,12h,SI1,5.35295
6.054923639376182,3.3440969321893044,-2.3014812528148805,-0.3123734053065964,-1.992261400931962,N900_RS12015,uppP,1.5813912833333332,-0.24729,5.3994,1h_SI5,1h,SI5,3h_st,3h,st,5.6466899999999995
4.383945519611549,1.4916801329813756,-1.0511200024433032,-1.5450319639985954,-1.1829376384817085,N900_RS12020,folK_1,1.362576411666667,-0.4071,5.3709,24h_SI3,24h,SI3,3h_st,3h,st,5.778
5.298177470109674,2.9220308434291873,-2.3752321752308827,-1.8092422073620353,-2.0693250257270766,N900_RS12030,plsY,0.6914786216666667,-0.44504,4.1084,3h_SI2,3h,SI2,6h_SI2,6h,SI2,4.553439999999999
3.007630110142298,1.3904641702905676,-0.8630883379905825,-1.5479336155399266,-0.5328450112618,N900_RS12035,catD,0.38159421666666665,-1.7352,4.0573,3h_SI6,3h,SI6,12h_st,12h,st,5.7924999999999995
-0.007845675989523314,2.1394621844234063,-1.2470207653824767,-1.595932809461937,-0.9440360094006145,N900_RS12070,intA_4,0.24608109999999994,-2.2371,3.379,6h_SI3,6h,SI3,3h_SI1,3h,SI1,5.616099999999999
4.101359212732416,3.0262500035536246,-1.3317761067488474,-0.4006985440660583,-1.202273213068303,N900_RS12080,pctB_2,1.1769728666666668,-0.6379,4.0597,1h_co,1h,co,3h_SI3,3h,SI3,4.6976
1.3027140912516644,0.4392562894027896,-0.2863530456058104,-1.8713022288762626,-0.30921074084952566,N900_RS12085,AraC family transcriptional regulator_2,-0.2663631473333333,-3.6079,3.9562,6h_co,6h,co,3h_SI1,3h,SI1,7.5641
2.0672971832110547,3.3681436427900766,-2.009050994854446,-1.3636800736868804,-1.670701615757882,N900_RS12100,N900_RS12100,0.4585875716666667,-2.2633,3.3344,6h_SI3,6h,SI3,3h_SI2,3h,SI2,5.5977
3.616115693832289,2.4853924143521073,-2.3841714224513857,-1.7647858267761671,-1.8478230798761441,N900_RS12105,marr_1,0.4016765016666666,-2.5465,5.0937,3h_SI9,3h,SI9,3h_SI2,3h,SI2,7.6402
2.4470380845065964,3.1892026128873785,-1.470664167317856,-2.3285875962937497,-1.299102619473629,N900_RS12110,N900_RS12110,0.6395312166666667,-1.4431,3.9451,12h_SI1,12h,SI1,3h_SI2,3h,SI2,5.3882
0.10814990002048622,0.3943220980038464,-0.17819344286318708,0.16794125949599764,-0.11184319160328009,N900_RS12115,N900_RS12115,0.4655182413333333,-1.8074,4.0393,3h_SI8,3h,SI8,6h_SI2,6h,SI2,5.8467
4.7490597324116655,3.3968672949613667,-3.1593269618129614,-0.6264853659859015,-2.356145438014549,N900_RS12120,N900_RS12120,0.6790785166666666,-1.4711,4.7625,3h_SI9,3h,SI9,6h_SI2,6h,SI2,6.2336
5.180560711443758,3.44017150952884,-2.8062670112599606,-1.775410933617225,-2.1536082614935186,N900_RS12125,GNAT family N-acetyltransferase_1,1.0189325233333333,-0.54972,4.5153,3h_SI2,3h,SI2,3h_SI1,3h,SI1,5.06502
6.19915088256119,3.201016763297355,-2.253033210343467,-1.8175294351463478,-2.0081784354896195,N900_RS12130,ABC transporter substrate-binding protein_4,0.652749545,-0.80722,3.8322,6h_SI6,6h,SI6,3h_st,3h,st,4.639419999999999
4.188927285072236,1.6371250912324602,-0.24686518801435983,0.9661708990870892,-0.1850832545678606,N900_RS12135,glmS,1.9236674999999999,-0.38225,4.3466,1h_SI5,1h,SI5,24h_SI1,24h,SI1,4.7288499999999996
4.890094233213311,3.2537232990114697,-3.79074270577321,-1.0205382133751846,-2.3752966068000934,N900_RS12140,DeoR/GlpR transcriptional regulator,0.8222112833333335,-0.76753,4.1596,3h_SI1,3h,SI1,6h_SI2,6h,SI2,4.92713
5.885273624967342,2.3968445448332716,-1.1449645034010363,-0.5587742548271686,-0.8314374614006018,N900_RS12145,pykF,0.74978065,-1.1644,4.8546,12h_SI7,12h,SI7,12h_SI2,12h,SI2,6.019
2.9644828904175484,2.1724603070680137,-0.10401243437194778,-1.7814263094397722,-0.5669621262640555,N900_RS12150,oxidative stress defense protein,0.8405812616666667,-0.82748,4.5271,6h_SI2,6h,SI2,3h_st,3h,st,5.35458
5.846622257668191,4.047665288561562,-2.320690466512009,-0.43136332849307746,-2.0497831091596646,N900_RS12155,argp,1.0092669199999997,-0.31481,3.2016,1h_st,1h,st,3h_st,3h,st,3.51641
5.767671216676109,3.8822133500110523,-3.2663134419098196,0.13321751106207244,-2.2150590589961388,N900_RS12160,argO,1.53956565,-0.24221,4.3574,1h_st,1h,st,6h_SI3,6h,SI3,4.59961
5.338387689467311,2.878114195798267,-2.94211444401296,-0.6719790309700278,-2.1054907564475487,N900_RS12165,mscS_1,0.6642715,-1.5732,4.6295,6h_co,6h,co,6h_SI3,6h,SI3,6.2027
1.5458886134111764,0.47351227246666516,1.1227747534262043,-1.7965958132161501,0.3380072052013948,N900_RS12185,epd,-0.6802761333333333,-2.8585,4.4514,6h_SI5,6h,SI5,3h_st,3h,st,7.309899999999999
4.896454376020224,4.203671137619094,-2.9559135971787716,-2.2873474167014116,-2.0713604507538075,N900_RS12190,cirA,0.687292125,-0.75437,2.9222,6h_st,6h,st,3h_SI5,3h,SI5,3.67657
5.4125719568749195,3.6626047384491764,-2.759738004327207,-0.39322171164251185,-1.9002832800806335,N900_RS12195,irgB,1.7818820666666662,-0.053536,4.656,1h_SI6,1h,SI6,6h_st,6h,st,4.709536
3.85257044424469,1.7793084838526176,-1.5564337343825745,-1.8339758621108557,-1.151561391164523,N900_RS12200,Pseudogene_N900_RS12200,-0.24520380000000006,-3.9505,3.8975,6h_SI7,6h,SI7,3h_SI3,3h,SI3,7.848
1.3933681068441564,2.4243914339858947,-1.2765295510719652,-0.794053475030626,-0.9158872926787077,N900_RS12215,sprt,1.193258966666667,-0.74465,4.6072,12h_SI3,12h,SI3,6h_SI2,6h,SI2,5.35185
5.2997125807451395,3.3397102977657376,-2.017482419922957,-0.4647015622485767,-1.1974692347415115,N900_RS12220,xds_2,2.2866675,0.2404,5.9964,1h_ce,1h,ce,3h_SI4,3h,SI4,5.756
6.580751261001053,3.894338007533206,-2.8087707512859663,-1.099698781807444,-2.1102515308722616,N900_RS12225,rsmE,1.0057010160000002,-0.35504,3.3369,12h_SI7,12h,SI7,12h_SI2,12h,SI2,3.6919399999999998
4.769058446012885,2.672239200028288,-2.165686882716827,-1.234259583423345,-1.6474710736240623,N900_RS12230,gshB,-0.3211530633333333,-2.057,3.4829,6h_SI7,6h,SI7,3h_SI4,3h,SI4,5.539899999999999
5.609165660400604,3.4890146920819176,-3.645739137827853,0.14770655711518868,-2.6045925425050442,N900_RS12235,VC_0467_BLAST,1.4714087166666667,-0.35877,4.8944,3h_SI9,3h,SI9,6h_SI4,6h,SI4,5.25317
5.133604335331106,3.541976855049023,-2.6036334366308127,-1.8131383026766263,-1.5083056874202911,N900_RS12245,tyrS,0.9097579533333333,-0.35307,3.2646,3h_st,3h,st,6h_st,6h,st,3.6176700000000004
5.037223989456064,2.7249475588378766,-2.0692236213249977,-1.2036437421763622,-1.1558808092701727,N900_RS12250,luxR_1,1.0244690333333333,-0.47275,4.1515,3h_SI4,3h,SI4,6h_st,6h,st,4.62425
5.215056887988264,3.7649312254862184,-2.9438405878976317,-1.3504232478322094,-2.014454952816235,N900_RS12255,pilT_1,1.3544023866666668,-0.026827,4.1113,3h_SI2,3h,SI2,12h_SI1,12h,SI1,4.138127
0.5718021959836358,1.2706403858196011,-1.411060531979478,-1.069719172365661,-0.9438405280532589,N900_RS12260,pilT_2,0.2565712333333333,-1.4659,3.4509,12h_SI4,12h,SI4,6h_SI3,6h,SI3,4.9168
5.519895719227226,3.6162667817829734,-2.114685711684967,-1.5301908886630988,-1.8387542955565752,N900_RS12265,yggs,1.0870463883333334,-0.039687,4.0291,3h_SI8,3h,SI8,3h_st,3h,st,4.0687869999999995
2.775024660728119,1.84988410609777,-2.1077637122331447,0.027277751418152658,-1.3556103188150632,N900_RS12270,proC,1.3030324349999998,-0.37789,6.167,1h_SI9,1h,SI9,6h_SI3,6h,SI3,6.54489
4.365928177275595,3.3652041320022046,-1.8759048241663463,-1.2898736668061694,-1.6223982744519536,N900_RS12275,yggt,0.8389598166666665,-0.621,5.2255,6h_st,6h,st,3h_SI4,3h,SI4,5.846500000000001
3.9695844570158356,3.0025520266599237,-2.66414575795603,-3.1251747868435262,-1.9512796769725564,N900_RS12280,VC_0458_BLAST,-0.10090591666666665,-1.8121,2.9802,6h_SI1,6h,SI1,6h_ce,6h,ce,4.7923
0.3774812776644568,-0.571689324329367,2.3639280082677447,0.17544077248152046,0.6679871428842806,N900_RS12285,N900_RS12285,0.0027146426351666664,-8.333e-06,0.11933,12h_SI8,12h,SI8,3h_st,3h,st,0.119338333
5.584351900783808,3.0260239023680153,-2.159557337761903,1.6878210072880813,-1.8560741763809179,N900_RS12290,rdgB,1.2281360000000001,-1.4592,4.3124,1h_SI6,1h,SI6,3h_st,3h,st,5.7716
1.8970841956143467,0.40240871329708783,-0.41299843458516194,-1.5627454575563349,-0.2543809895049849,N900_RS12295,hemW,-0.054961828333333365,-1.7602,4.1977,12h_SI2,12h,SI2,3h_SI2,3h,SI2,5.9579
2.180371623089392,2.6304623365096735,-2.394732658028156,-1.7959121975934442,-1.7329879145531721,N900_RS12300,glsA2,0.12857324999999997,-2.71,3.1653,3h_SI9,3h,SI9,3h_SI5,3h,SI5,5.875299999999999
3.6196748332608695,3.5951751537592895,-2.017260164176341,-0.2679716756057943,-1.6388371959275272,N900_RS12305,trmB,1.2589885333333333,-0.12662,5.4469,1h_SI5,1h,SI5,6h_SI2,6h,SI2,5.57352
4.277844748598584,2.899192570303848,-2.4948237824702972,-1.0855133857002615,-2.0619980273924354,N900_RS12310,mutY,0.9734832,-0.51149,4.339,3h_SI4,3h,SI4,1h_ce,1h,ce,4.850490000000001
1.5762968702184224,-0.12951995270448427,-0.01043957710336307,2.0519582536961947,0.03198028668681666,N900_RS12315,yggX,0.3632811,-1.9722,3.7623,6h_co,6h,co,12h_st,12h,st,5.734500000000001
0.18723668871392848,0.9999430625672836,-1.0140001191168084,-2.441567437951003,-0.6543828135544786,N900_RS12320,mltC,-0.6058199908333334,-2.6945,1.9164,6h_SI2,6h,SI2,12h_SI3,12h,SI3,4.6109
5.658685421803366,3.5873893415537417,-1.632170700332473,-0.6255266235787708,-1.5542572501357135,N900_RS12345,mcpP_2,1.5108900166666666,-0.066869,4.2303,3h_co,3h,co,3h_SI4,3h,SI4,4.297168999999999
2.0891247195578564,2.067710835075158,-0.13100867533738447,-1.5126207759752957,-0.6187416604658872,N900_RS12365,djlA,0.5443349666666665,-1.1718,3.8828,6h_SI1,6h,SI1,3h_st,3h,st,5.0546
5.579949668621221,2.422215520855028,-1.4188763442166785,-1.3437879537103004,-1.035799354925275,N900_RS12385,rsmA,-0.2606076666666667,-2.5123,3.7107,12h_SI7,12h,SI7,12h_SI3,12h,SI3,6.223000000000001
3.8994211173737066,2.1410636151919213,-1.3825688901234323,-0.6032485398492418,-1.0516703628695823,N900_RS12390,apaG,1.8158829500000002,-0.064464,5.9155,1h_SI9,1h,SI9,6h_SI1,6h,SI1,5.979964
0.7388071976766436,1.708092597245745,0.026273879885509437,-0.4966471475634124,0.009925399775167562,N900_RS12395,apaH,0.5097322,-1.9641,3.7598,6h_ce,6h,ce,3h_SI5,3h,SI5,5.7238999999999995
5.303939555637076,3.2350315464540587,-3.5927831124827856,-1.457089610977719,-2.3710287511430392,N900_RS12400,folA,0.6763601633333333,-0.71006,2.9171,3h_SI4,3h,SI4,1h_SI1,1h,SI1,3.62716
4.150298624071057,3.620225275308909,-1.6109610348453478,-1.5332739585477568,-1.259323737037572,N900_RS12405,yjjB_BLAST,1.3634694666666667,-0.27374,5.0767,1h_SI8,1h,SI8,3h_SI2,3h,SI2,5.35044
4.557294705889216,3.850013206650737,-2.295136802684147,-0.7370381606438545,-1.5676859335437594,N900_RS12410,Probable succinate transporter subunit YjjP_BLAST,1.4781493333333335,-0.32817,4.7218,3h_SI1,3h,SI1,3h_SI4,3h,SI4,5.04997
5.2211525758345525,3.423913305357481,-1.5205963640488203,-1.461025479893986,-1.3330592155919805,N900_RS12435,Pseudogene_N900_RS12435,1.4613994166666666,0.059225,4.1261,1h_SI4,1h,SI4,12h_SI1,12h,SI1,4.0668750000000005
4.001614993181739,3.6842631345110326,-2.9573019050347864,0.9378569284379464,-2.1518197029741306,N900_RS12445,mdh,1.0148447833333332,-1.5427,4.2508,1h_SI2,1h,SI2,6h_ce,6h,ce,5.7935
5.155435229859928,2.9526729915532637,-3.2588584527018245,-1.3960982410806686,-2.1432150474175415,N900_RS12450,argR,1.1811901333333332,-0.94403,5.6317,6h_SI6,6h,SI6,6h_SI3,6h,SI3,6.57573
4.931050749307838,2.838393358243041,-2.5357628296098706,-0.6333955209983348,-1.7056559191382037,N900_RS12455,C4-dicarboxylate ABC transporter substrate-binding protein_1,1.7782863333333334,0.22817,5.1035,3h_SI5,3h,SI5,6h_SI1,6h,SI1,4.87533
3.6563348687542474,2.362073027153119,-1.7855583196109879,-0.8144204326366616,-1.232839524638192,N900_RS12460,dctM_1,1.02494075,-0.76844,4.3549,6h_SI2,6h,SI2,12h_SI1,12h,SI1,5.12334
4.458821140479847,2.2633835442241454,-2.0488026252710396,0.17387661915974773,-1.7549687406396064,N900_RS12465,uspF,1.3782087166666668,-0.47727,4.6599,1h_ce,1h,ce,3h_st,3h,st,5.13717
1.0152454688728205,2.093839690584783,-1.2591764799613927,-1.5910791421517907,-0.662438212375392,N900_RS12470,N900_RS12470,1.0900017999999998,-0.32104,4.2663,12h_SI1,12h,SI1,6h_SI3,6h,SI3,4.58734
5.605083407942387,2.8941191093662195,-1.347300276896975,-0.7738553871094994,-1.2588763034466444,N900_RS12475,N900_RS12475,0.7616366166666667,-0.55865,4.1727,12h_SI7,12h,SI7,3h_st,3h,st,4.73135
3.8919636725037656,0.5705796337779009,-1.6607243147534276,0.522133453462295,-0.7359338678296957,N900_RS12480,rraB,-0.45777685,-2.0647,3.6876,6h_SI5,6h,SI5,6h_st,6h,st,5.7523
5.3437609653990235,1.5455210241748127,-1.1490140702018035,-0.5337037772984332,-1.060068881890936,N900_RS12485,arcA_1,0.7896804666666668,-0.28927,4.4112,3h_ce,3h,ce,6h_SI2,6h,SI2,4.70047
4.270236597956237,3.1822316713494305,-2.9352928486772787,-0.4664346444668471,-1.8631360048043875,N900_RS12490,tldD,1.4758316333333332,0.052138,4.5198,1h_SI9,1h,SI9,3h_SI4,3h,SI4,4.467662
4.536734874349778,1.8078454077639527,-1.707896127627305,-0.9045098236890831,-0.8668045349480976,N900_RS12495,nit1,1.1008344866666666,-0.37815,5.2266,6h_SI8,6h,SI8,6h_SI4,6h,SI4,5.60475
4.050971556999505,3.7561565408611246,-2.61938508234229,-2.696430136713078,-1.9011604854619204,N900_RS12500,N900_RS12500,0.21488250000000003,-1.334,3.0902,24h_SI4,24h,SI4,3h_SI1,3h,SI1,4.4242
2.1564619640362435,1.8565502599769412,-0.6510978431316294,-1.7863890646277887,-0.35979593446250313,N900_RS12505,rng,0.4674650383333334,-2.0299,4.0433,6h_SI5,6h,SI5,3h_SI4,3h,SI4,6.0732
5.242418820623313,3.519839347924757,-1.996150357607884,-0.9563577436314956,-2.016961874154135,N900_RS12510,Maf,1.7080964,0.042484,6.1533,6h_st,6h,st,3h_SI1,3h,SI1,6.110816
4.818506395788678,2.8428891797692715,-0.7852916488884499,-1.1485458680300182,-0.7235337531938919,N900_RS12530,mshQ,1.316181166666667,-0.109,4.2723,1h_SI8,1h,SI8,3h_st,3h,st,4.3813
2.9832918713028937,-0.20882368165532458,0.3678025168539539,1.9646153616431077,-0.2085880800309249,N900_RS12535,mshP,1.7246605516666667,-0.21597,6.7449,12h_ce,12h,ce,3h_st,3h,st,6.96087
6.104734924971972,3.259933270181423,-1.9903324940481202,-0.5964278627382175,-1.735019043039257,N900_RS12540,mshO,0.7352822450000001,-0.817,3.9229,24h_st,24h,st,3h_st,3h,st,4.7399
3.4880599955001412,1.553566856809039,-2.028741512799459,-0.9884819059913464,-1.4621077030453684,N900_RS12545,type II secretion system protein,-0.05810344999999999,-1.5505,2.6873,1h_co,1h,co,12h_SI1,12h,SI1,4.2378
1.7505530395619413,2.090497352145366,-1.5402206922737876,0.17043460852152262,-1.2068940437406912,N900_RS12550,mshC,0.69469595,-0.83286,3.1906,6h_SI1,6h,SI1,3h_SI2,3h,SI2,4.02346
5.0771659836447185,3.811010245284603,-3.0889723860467866,-1.0604760141243783,-2.0861613220097706,N900_RS12555,mshA,0.6931828,-0.7533,3.457,3h_st,3h,st,6h_ce,6h,ce,4.2103
4.403957699946034,3.0828272946278563,-1.2401150083035752,-1.5374849476977626,-1.508655361435533,N900_RS12560,MSHA pilin protein MshB,0.7387401233333332,-0.76376,4.0753,6h_st,6h,st,3h_st,3h,st,4.83906
3.200220640170218,1.3417583546529304,-1.7812865307916963,-1.7646858579164442,-1.1066164186049785,N900_RS12565,mshf,-0.04357255000000004,-1.6819,5.2905,6h_SI8,6h,SI8,6h_SI1,6h,SI1,6.9723999999999995
6.156150041731784,4.083514658250169,-3.6340046620952187,-1.6981823073543867,-2.5129732046670163,N900_RS12570,mshG,0.48793916833333334,-0.92882,2.9193,3h_st,3h,st,3h_SI3,3h,SI3,3.8481199999999998
4.101057288107685,3.344745973644318,-1.2185346967795812,-1.2994552088426388,-1.4357582977736842,N900_RS12575,mshE,1.292669433333333,-0.36679,4.7736,3h_ce,3h,ce,3h_st,3h,st,5.14039
6.56453826419528,3.0169396255152647,-3.085988924103186,-1.0061449594702243,-2.089963157803658,N900_RS12580,MSHA biogenesis protein MshN,1.1088379333333331,-0.40777,3.6304,3h_SI4,3h,SI4,12h_SI2,12h,SI2,4.03817
5.542841091370648,3.698110172267601,-2.6026366298442443,-1.5806891919548427,-1.6998200196307798,N900_RS12585,mshM,0.7181125333333334,-0.41131,3.545,3h_st,3h,st,6h_SI2,6h,SI2,3.9563099999999998
5.358792415130274,2.8777574856135315,-1.082225759968681,-0.9615245637266059,-0.86447932286767,N900_RS12590,mshL,1.317562651666667,-0.061664,4.5314,24h_ce,24h,ce,6h_st,6h,st,4.593064
2.572170257274107,2.6944346873819094,-1.9133294355310384,-0.7622979666410381,-1.2396372251263126,N900_RS12595,mshk,0.8878436150000001,-0.55761,4.7472,1h_SI2,1h,SI2,3h_SI6,3h,SI6,5.304810000000001
2.337698067279671,2.1228656346214825,-2.052493609521899,-0.08713495756113078,-1.526211734967999,N900_RS12600,pilO_1,0.5456657,-1.2665,4.2082,6h_SI3,6h,SI3,3h_SI1,3h,SI1,5.4746999999999995
4.01544039470536,3.772883228457853,-2.185137929749277,-2.3041357373647275,-1.3161152493038788,N900_RS12605,mshi,1.2237318666666668,-0.2944,4.5466,3h_st,3h,st,1h_SI1,1h,SI1,4.840999999999999
6.2376703024270395,3.0000679295843904,-3.0908373254395243,-1.9918543680691656,-2.179687499503554,N900_RS12610,csrD,0.7159272133333333,-1.464,3.7535,6h_SI7,6h,SI7,12h_SI1,12h,SI1,5.217499999999999
2.787245225752082,3.5925661298519134,-2.4680871941204843,-2.0990268357779636,-1.8235368897586384,N900_RS12620,malT_1,0.1526436399999999,-1.6942,3.8863,12h_SI1,12h,SI1,6h_SI4,6h,SI4,5.5805
4.505182342421561,1.4191485779713864,-0.4461704628088002,-2.3344550178358836,-0.325536203191875,N900_RS12625,galU,-1.5646340833333332,-4.0293,3.9681,6h_SI9,6h,SI9,1h_st,1h,st,7.997400000000001
1.5561349334169516,0.43835478687153495,-0.4594251523486709,-2.532525030948796,-0.33202352201192276,N900_RS12630,uvrA,-0.7717346883333333,-3.1232,1.9936,6h_SI6,6h,SI6,1h_ce,1h,ce,5.1168000000000005
6.2233247594680225,2.754656496880934,-2.415964160522364,-1.6400704010737528,-1.8414047048466773,N900_RS12635,ligase,0.4180067833333333,-1.54,4.4568,3h_SI7,3h,SI7,3h_SI1,3h,SI1,5.9968
4.231935566869781,2.9253877344290125,-2.528365728234921,-0.4933510791971722,-1.550906300860256,N900_RS12640,pucG,1.0562856166666668,-0.6092,4.2455,6h_SI1,6h,SI1,3h_SI2,3h,SI2,4.854699999999999
5.682595016981694,4.195360022041073,-3.0762548712167406,-1.3940596805515324,-2.0879567322355284,N900_RS12645,lysC,1.6377304666666668,0.059838,4.7726,1h_st,1h,st,6h_SI2,6h,SI2,4.712762
5.172575724447388,2.8820490318039758,-1.8443655765962033,-1.2780928296541874,-0.9830418887045235,N900_RS12650,metH,1.3040351666666665,-0.43238,4.3936,3h_SI8,3h,SI8,6h_st,6h,st,4.82598
4.265652190924459,3.249785070842344,-3.2313729151999415,-0.4099453302265922,-2.3920209120783427,N900_RS12655,nhaP,0.9546724166666667,-0.46725,5.0835,12h_st,12h,st,3h_SI1,3h,SI1,5.55075
3.7044716335099226,2.222331054793732,-2.120977312968342,-0.8715555614659679,-1.5410798646342287,N900_RS12690,cysH,0.9142912333333334,-1.2429,4.4672,3h_SI9,3h,SI9,3h_SI5,3h,SI5,5.7101
6.268217764776375,3.860166763080427,-2.6703226146792263,0.3848662180440071,-2.2060381276492818,N900_RS12695,cysI,2.093656466666667,-0.2971,5.5103,1h_SI7,1h,SI7,3h_SI1,3h,SI1,5.8074
1.6742830976430494,0.4901405278943025,0.9923054313925118,-1.2301975429855534,-0.13819084107351814,N900_RS12700,assimilatory sulfite reductase (NADPH) flavoprotein subunit,0.0073533885,0.00017099,0.16681,6h_SI2,6h,SI2,3h_st,3h,st,0.16663901
3.3087559899218832,2.3509615549443468,-2.5141392964244114,-0.44089327952758534,-1.481701667743642,N900_RS12705,N900_RS12705,1.4809763333333335,0.10052,5.6072,3h_SI1,3h,SI1,6h_ce,6h,ce,5.506679999999999
1.6772293962996596,2.4358385491729417,-1.3235313302647675,-2.305849606580151,-0.9996070867108554,N900_RS12710,N900_RS12710,0.4305392983333334,-1.258,4.6316,12h_SI4,12h,SI4,1h_SI1,1h,SI1,5.8896
-0.2632270050080972,0.36397646320580074,-0.7656872218772909,0.7799542625148246,-0.5821666227090969,N900_RS12715,TIGR04219 family outer membrane beta-barrel protein,0.5248700333333334,-1.2729,2.5214,6h_SI1,6h,SI1,12h_SI1,12h,SI1,3.7943
1.7730728679319365,0.20595510944645937,0.5786879035438365,-2.175424720578696,0.5083756416672003,N900_RS12720,pspG,-1.259453105,-4.0321,0.86394,12h_SI8,12h,SI8,24h_SI3,24h,SI3,4.89604
4.802839433044153,2.768535171512269,-2.7544786247560413,-1.7459549417684581,-2.1234777085460323,N900_RS12725,dusA,0.5047400633333333,-0.83419,4.1267,6h_SI7,6h,SI7,6h_SI1,6h,SI1,4.960889999999999
0.8261400961737483,0.6723171419514227,0.06446675400905855,0.5849106050094145,-0.1904787013265073,N900_RS12730,zur,0.4913899666666667,-1.6891,6.1614,3h_SI8,3h,SI8,3h_SI2,3h,SI2,7.8505
2.2879173539786524,1.4194441661345865,-0.3832368695260183,-0.060804667488032725,-0.23033801288659156,N900_RS12735,chex,1.6161628333333335,-0.14432,5.0178,6h_SI2,6h,SI2,6h_st,6h,st,5.16212
3.99716377383414,2.6412401593966433,-1.7238898180850222,-1.6678302050157854,-1.710603288346225,N900_RS12740,MBL fold metallo-hydrolase_2,0.7976073316666665,-0.74001,4.2104,6h_st,6h,st,3h_st,3h,st,4.95041
2.912683669458342,2.0107823101093496,-0.41206476810310066,1.1841604290601941,-0.17153665987504857,N900_RS12745,pgi,3.2446388099999997,-0.0046614,7.0696,1h_SI4,1h,SI4,6h_st,6h,st,7.0742614
2.6227867234657096,3.0284520838424243,-1.9932812232424746,-0.3710155812361002,-1.4347040897006897,N900_RS12750,yjbQ_BLAST,1.599599933333333,-0.040289,4.6777,6h_st,6h,st,3h_SI9,3h,SI9,4.717988999999999
5.796311579393578,3.7943001128080636,-4.1627207251460145,-1.537150416229528,-2.8789158312068297,N900_RS12765,N900_RS12765,0.877642515,-0.69665,3.7281,3h_SI3,3h,SI3,12h_SI1,12h,SI1,4.4247499999999995
4.799368004838431,3.1273830701169114,-3.193028527810854,-0.6366514580386967,-2.236244047589046,N900_RS12790,bfr,1.8485671000000001,-0.086294,6.2173,1h_SI7,1h,SI7,6h_SI2,6h,SI2,6.3035939999999995
1.3469490121405567,1.094630630909434,-0.4337922877926861,-0.6524559515868786,-0.2073449442988256,N900_RS12795,bfd,0.5156289833333334,-1.4162,6.7633,24h_SI4,24h,SI4,6h_ce,6h,ce,8.1795
3.9363907851455506,2.7409829256456777,-2.938670705956885,-0.5281249874199293,-1.9937178986877275,N900_RS12835,dauR,1.3802057333333335,-0.027761,4.5959,3h_SI9,3h,SI9,1h_ce,1h,ce,4.623661
0.7692345701397191,2.1072229467079993,-0.10507624965025698,-2.056122164908596,-0.17192515365650304,N900_RS12840,fkpA,0.27229338333333336,-1.4642,4.1054,6h_SI5,6h,SI5,3h_SI3,3h,SI3,5.5696
3.605901618647964,3.191533268214379,-2.4976165199489353,-1.2715760869295332,-1.7512905652546382,N900_RS12845,N900_RS12845,1.0837371,-0.48885,4.4175,6h_SI1,6h,SI1,3h_SI1,3h,SI1,4.906350000000001
4.257330259885327,3.407288188971567,-2.1870447614931394,0.37644776350320186,-1.7565483916700724,N900_RS12850,slyx,1.668280666666667,-0.18194,4.3376,3h_ce,3h,ce,12h_SI1,12h,SI1,4.51954
3.989860108294562,2.631378372753373,-0.5709082504379378,-0.9004103787783977,-0.5748452449307859,N900_RS12855,N900_RS12855,1.0164178333333334,-0.58677,3.9184,3h_ce,3h,ce,3h_SI4,3h,SI4,4.50517
2.939572905521295,1.663501023303575,-1.5778774436561978,-0.9204930507466613,-1.025608526892598,N900_RS12860,hflC,-0.36028904999999994,-3.0727,3.3032,12h_SI8,12h,SI8,12h_SI2,12h,SI2,6.3759
3.7332722912922294,2.3990790022597057,-3.0209936519557257,-1.431406885287761,-2.018330004691236,N900_RS12865,hflK,-0.47743868333333334,-1.7344,2.693,24h_SI3,24h,SI3,6h_SI1,6h,SI1,4.4274000000000004
4.411121572448802,3.223124074036788,-2.3367937271136303,-2.2196902558778486,-1.4046982860993455,N900_RS12870,hflX,0.5955676499999999,-1.0186,4.41,24h_SI1,24h,SI1,3h_SI2,3h,SI2,5.4286
3.7973519735205725,1.308065499915725,0.12950180852195067,-1.572443531541113,0.12332460491078373,N900_RS12875,hfq,1.8103941499999998,-0.30901,7.7919,12h_SI6,12h,SI6,1h_st,1h,st,8.10091
4.619872212937729,1.7899706654952452,-0.5939591905298534,-1.8136177045322008,-0.4782924215152094,N900_RS12880,miaA,-0.16324365000000005,-2.6161,4.233,12h_SI8,12h,SI8,3h_SI3,3h,SI3,6.8491
4.3863126732302185,1.921288514220461,-2.800537114003231,-1.1140448837996282,-1.7136834819168572,N900_RS12885,mutL,0.89435647,-0.90305,5.9972,6h_SI2,6h,SI2,12h_SI1,12h,SI1,6.900250000000001
5.355921569610194,1.7810207965986733,-0.878930935889898,-1.184341467979664,-0.6577804724772668,N900_RS12890,N-acetylmuramoyl-L-alanine amidase,-1.6338058333333332,-3.6803,2.0006,12h_SI9,12h,SI9,1h_SI7,1h,SI7,5.680899999999999
5.819337822133376,3.605820520739807,-3.2485038853386654,-0.6588787330804627,-2.0138711642967633,N900_RS12900,queG,1.462207366666667,-0.11861,4.6731,1h_st,1h,st,6h_st,6h,st,4.79171
5.648705232312964,2.510142235425274,-0.9731886787410869,-0.264097372953871,-0.8076111957768359,N900_RS12950,rsgA,2.011903183333333,-0.061,7.5889,12h_SI7,12h,SI7,3h_SI2,3h,SI2,7.6499
4.394313476705472,3.0156704798377434,-0.7401090932291241,-0.7957464322442411,-1.003517994321909,N900_RS12960,SLC13 family permease_2,1.6997658333333332,0.21242,6.0667,1h_SI7,1h,SI7,1h_st,1h,st,5.85428
5.407153456227441,3.897879607540773,-3.1754184956166926,-1.0685353179183603,-2.2908897438112144,N900_RS12965,DMT family transporter_1,0.9164141666666665,-0.77188,4.5976,1h_st,1h,st,3h_SI5,3h,SI5,5.36948
5.016970799602302,2.006118129472698,-1.626162052269924,-0.5515176773667319,-1.3949950197265508,N900_RS12975,envc,1.3966725,-0.12388,5.565,6h_SI4,6h,SI4,3h_SI1,3h,SI1,5.68888
4.676723856954598,4.00164342644933,-2.7832790456923577,-2.275537522687249,-1.9698550023297037,N900_RS12980,N900_RS12980,1.1697171166666667,-0.34839,4.2305,3h_co,3h,co,3h_SI2,3h,SI2,4.57889
2.261478547275739,3.1584572029544655,-2.7317282304228168,-1.5836206826636836,-2.050593124862985,N900_RS12985,TetR/AcrR family transcriptional regulator_1,0.8306927333333333,-1.1978,4.4814,6h_SI2,6h,SI2,6h_ce,6h,ce,5.6792
6.399853609481547,3.559494472953979,-2.7725748553753666,-0.29101649443019184,-2.0694335005258937,N900_RS12995,nudC,1.1268217166666668,-0.24359,3.297,3h_SI9,3h,SI9,12h_SI1,12h,SI1,3.5405900000000003
5.682583320219289,3.009620047639366,-3.0253006802599467,-1.8081794689748891,-1.8728390550192424,N900_RS13000,rsd,1.3064196166666668,-0.56993,5.3643,24h_st,24h,st,6h_SI2,6h,SI2,5.93423
4.582382861369956,3.6702953667294262,-1.6406584013666583,-0.20287044037810548,-1.588247227147833,N900_RS13085,N-acetyltransferase_3,1.4367633499999999,0.021109,5.4439,1h_SI3,1h,SI3,6h_ce,6h,ce,5.422791
0.6679077193745107,1.2540946591680682,0.404718684461387,0.8025956406850745,0.3665464957292848,N900_RS13130,fre,0.6112078000000001,-0.81241,4.7798,1h_SI1,1h,SI1,1h_st,1h,st,5.59221
6.397882974088358,3.8804805601340253,-2.971519881656597,-1.1842307509087469,-2.016896303624306,N900_RS13135,paaE,1.2817756833333331,-0.14881,3.8272,1h_SI3,1h,SI3,3h_SI3,3h,SI3,3.97601
3.200178339332223,1.9442224919492126,-1.731471086883758,-1.2383537702978447,-1.4337427774742697,N900_RS13145,N900_RS13145,0.32362654416666664,-1.2169,3.3406,6h_SI1,6h,SI1,3h_SI1,3h,SI1,4.5575
4.3769082323079,2.0008811148705408,-0.8145751761699173,-1.2791079653032833,-0.6073722302007749,N900_RS13155,trxA,1.0850716833333334,-1.2025,6.0391,12h_SI9,12h,SI9,1h_ce,1h,ce,7.2416
-0.212245382128921,0.4661255816814834,0.40266013324395883,-2.868759567804534,0.24305670144886188,N900_RS13160,rhlB,-0.8167030666666667,-3.0285,4.0023,24h_SI4,24h,SI4,6h_SI1,6h,SI1,7.0308
5.5976749171227365,2.9824820248813952,-2.695294438744103,-0.01928823178382895,-2.1210041392975083,N900_RS13165,gppA,1.8092021666666667,0.32035,4.809,3h_co,3h,co,3h_st,3h,st,4.48865
4.529590322879394,3.1853977039517205,-2.257495040974903,-1.0037767506847255,-1.6257874361607145,N900_RS13170,rcsC_8,1.0258499999999997,-0.3493,3.9025,12h_st,12h,st,6h_st,6h,st,4.2518
5.067505631004569,3.364625950585969,-2.564751471284193,-1.4789830599931681,-1.6681575484210036,N900_RS13175,hcaT,0.8186612450000001,-0.72692,5.1402,12h_st,12h,st,3h_SI1,3h,SI1,5.86712
5.095740327354855,2.7582204686789633,-2.0113958735445965,-1.3628227297661573,-1.3043726441174501,N900_RS13180,N900_RS13180,0.782608515,-1.0068,4.4226,12h_st,12h,st,6h_SI1,6h,SI1,5.4294
5.479903305157678,3.423281067759651,-3.1751000730892724,0.027682747043790246,-2.409280506087362,N900_RS13185,N900_RS13185,1.4562315,-0.25438,4.8994,6h_st,6h,st,6h_ce,6h,ce,5.15378
0.058609795919194,2.028476048594481,-0.6633057134607125,1.1549805208864967,-0.5825195841877074,N900_RS13190,polC_2,1.0870655166666665,-0.9077,4.2593,6h_SI3,6h,SI3,3h_SI2,3h,SI2,5.167
6.089567559407591,4.341361855153745,-3.631215316946903,-2.7015548018940163,-2.6573161556656224,N900_RS13195,acs_1,0.6116551833333334,-0.79391,3.4818,6h_st,6h,st,3h_SI2,3h,SI2,4.27571
4.585050729708802,1.0604604675660043,-0.46152134100835124,-3.040869102945203,-0.541303894664797,N900_RS13200,aroQ,-0.83595025,-3.6077,3.0399,12h_SI7,12h,SI7,3h_st,3h,st,6.6476
4.141000852329617,2.629233434097814,-1.694241837938557,-0.2636755503051073,-0.8863402132605263,N900_RS13215,prmA,1.0481497666666668,-0.50529,4.0589,3h_SI1,3h,SI1,6h_st,6h,st,4.56419
1.546748019980691,1.3863591967552766,-0.5488943262924882,-0.8394760024208204,-0.3494598337221724,N900_RS13220,dusB,0.4549487166666667,-1.2812,4.1227,6h_SI1,6h,SI1,6h_SI2,6h,SI2,5.4039
1.9646437262411263,0.5852478076394655,-1.091339625029933,0.8524453604093406,-0.759698778731108,N900_RS13225,fis,0.10979456666666665,-2.3052,4.9695,6h_SI9,6h,SI9,12h_SI2,12h,SI2,7.2747
4.962628688619789,0.854064140068852,-1.1715127211887524,-1.61469877753086,-0.7713376527196311,N900_RS13230,gntR_2,2.453101366666667,-0.43414,6.8865,12h_SI7,12h,SI7,12h_SI2,12h,SI2,7.32064
2.926192797501848,2.769780883321936,-1.3317629270267675,-1.57825726199736,-0.9700063139480367,N900_RS13235,edd,1.50105165,-0.022397,4.7539,1h_SI9,1h,SI9,3h_SI2,3h,SI2,4.776297
0.25463658829092856,2.7244567056823725,-0.6454692722111433,-1.8716544644171784,-0.6764960370805666,N900_RS13240,gntK,0.38319506950000004,-1.5574,3.2703,12h_SI2,12h,SI2,3h_SI4,3h,SI4,4.8277
4.791839112388697,2.753041289244526,-2.575356171191881,-1.437976493663568,-2.155086464998941,N900_RS13245,ygbN,0.9140086016666668,-0.68369,3.6722,3h_SI4,3h,SI4,6h_SI4,6h,SI4,4.3558900000000005
5.209748897279516,4.046173908044259,-3.462721049708447,-1.55248325226573,-2.4476335618645293,N900_RS13250,eda,0.5336595616666666,-0.88994,3.4088,12h_st,12h,st,3h_SI1,3h,SI1,4.29874
6.01442955801606,3.9013559686130233,-2.467971855805837,-2.5401836482913698,-2.2352278152291536,N900_RS13255,cntO,0.9140758333333333,-0.64454,3.9124,6h_st,6h,st,3h_st,3h,st,4.55694
1.8825133719042464,1.7753278104015404,-0.8821123496251174,-0.027878684762823534,-0.5943497121032523,N900_RS13260,TonB-dependent receptor_1,0.6463606666666665,-1.5036,3.9305,1h_SI1,1h,SI1,3h_SI4,3h,SI4,5.4341
4.508448364039909,3.652704545385615,-3.937806429144516,-0.9390197992008732,-2.7326357364260665,N900_RS13265,peptidase_3,0.9794817666666666,-0.43693,4.2,3h_SI1,3h,SI1,6h_SI4,6h,SI4,4.63693
0.9604672393839832,2.6664874924311475,-1.5024164492193004,-1.245984023010666,-1.1818250168815128,N900_RS13270,methyl-accepting chemotaxis protein_12,0.6166785999999999,-1.2795,3.9013,12h_SI1,12h,SI1,6h_SI4,6h,SI4,5.1808
5.783618032507849,3.320952285701904,-3.1998528531595887,-1.1515046530522308,-2.067562197879733,N900_RS13275,cada,1.5417896666666664,0.17593,4.6927,3h_st,3h,st,3h_SI3,3h,SI3,4.51677
4.681796640328341,2.5649785024179903,-1.237012012985755,-1.9787054934048496,-1.0907855168575344,N900_RS13280,cadB,0.7475937666666667,-0.71471,3.1564,12h_st,12h,st,3h_st,3h,st,3.87111
2.7667695112284743,2.4284830084996782,-1.5831705935300493,-2.994863370303606,-1.2056391102029134,N900_RS13285,cadc,-0.05290516666666668,-2.0541,3.5423,6h_SI3,6h,SI3,3h_SI3,3h,SI3,5.5964
0.6195804185967626,0.8078201970716837,0.06304979053357467,-2.961859939678533,-0.15168725579986217,N900_RS13295,N900_RS13295,-0.7866732000000002,-2.8358,3.5119,12h_SI4,12h,SI4,3h_SI3,3h,SI3,6.3477
3.1727725215715297,0.3056360754070873,0.38323159172821325,-3.409877557735461,0.09836991015294555,N900_RS13300,purH,-1.4036716999999999,-4.2012,3.4987,12h_SI9,12h,SI9,1h_st,1h,st,7.6998999999999995
2.3399185039931254,1.3069756565428934,-0.6065134061835393,-4.484420164810762,-0.4132170347745824,N900_RS13305,purD,-1.9242205666666667,-5.3124,3.3529,12h_SI7,12h,SI7,1h_SI1,1h,SI1,8.6653
5.340349161600227,4.663141158091217,-3.36304746189005,-2.100804895185815,-2.5366632950433146,N900_RS13310,N900_RS13310,0.439226475,-1.1918,3.122,6h_st,6h,st,3h_SI3,3h,SI3,4.3138
2.3717439152122015,1.2801329168422317,-2.0412706008447343,-0.9793509958210249,-1.1204373941053865,N900_RS13315,hupA,0.03839737666666665,-1.4145,2.6171,1h_co,1h,co,6h_SI2,6h,SI2,4.0316
6.0804939463987475,3.2995073502627146,-1.8392130644696838,-0.7219151961243337,-1.6276208612467904,N900_RS13325,HlyC/CorC family transporter_1,0.6092019666666667,-0.79984,3.5151,1h_st,1h,st,3h_SI3,3h,SI3,4.31494
2.9532462342865453,1.4366456049649656,-1.4335790521812388,-2.6138456698720858,-1.127732117826825,N900_RS13330,fructokinase,0.0024974700000000107,-1.5754,3.4263,6h_SI2,6h,SI2,3h_SI1,3h,SI1,5.0017
4.49479819121621,1.7040208268164834,-1.9240508989532363,-0.8409833308469241,-1.353844824254826,N900_RS13335,manA,0.1571763,-1.8066,6.0578,24h_SI3,24h,SI3,12h_SI1,12h,SI1,7.8644
1.4102687180267388,1.131894387358243,-1.4322136084920496,0.1100350295493017,-1.193963530650952,N900_RS13340,VC_0268,0.8718629,-0.69016,6.0471,12h_SI1,12h,SI1,3h_SI1,3h,SI1,6.73726
2.6238077689608392,2.4902671175646613,-1.6112800884345577,-1.6812665294490807,-1.0772770405993997,N900_RS13345,VC_0267,0.6435394999999998,-0.95627,3.2452,6h_SI3,6h,SI3,1h_SI1,1h,SI1,4.2014700000000005
3.615021636232653,1.8718327279842004,-1.1574657148424692,-0.484014382733687,-0.8211536721379619,N900_RS13350,VC_0266,1.1347738333333335,-0.47225,3.6972,6h_SI4,6h,SI4,12h_st,12h,st,4.16945
4.419604084069436,3.045527667900783,-2.9561499669296833,-1.179562545471956,-1.846180153829038,N900_RS13355,VC_0265,0.8346260033333334,-0.49904,3.5221,3h_SI3,3h,SI3,3h_SI2,3h,SI2,4.02114
5.2694391223854495,3.8588505941750815,-3.262088821243435,-1.406314951538245,-2.673749106946486,N900_RS13360,rjg,1.1376497833333332,-0.50269,4.0166,12h_st,12h,st,6h_SI4,6h,SI4,4.519290000000001
5.577460610845719,1.8373985053997743,-0.7709117596387083,-1.3840160724991861,-0.6161318791616247,N900_RS13365,wbeW,-2.508584333333333,-4.6311,-0.64464,12h_ce,12h,ce,3h_SI2,3h,SI2,3.98646
3.6322335203135747,3.954808440048011,-2.348072895088873,-1.8838592865802772,-1.8490326460718918,N900_RS13370,galE,1.0748581166666669,-1.3077,4.2426,6h_SI1,6h,SI1,3h_SI1,3h,SI1,5.5503
5.463500522178949,1.7194999613889848,-0.7778657438782318,-1.2227218616885507,-0.5822126657709427,N900_RS13375,wbeV,-0.9897135666666668,-3.0407,0.94208,12h_SI7,12h,SI7,12h_st,12h,st,3.98278
5.300002294750561,1.6978568242366165,-0.6852551766632332,-1.5240470423816184,-0.5495108314111461,N900_RS13380,wbeU,-2.9383036666666658,-4.9696,-0.96388,12h_SI7,12h,SI7,3h_st,3h,st,4.00572
2.777963234517272,1.0650353743988752,-0.8139069071861771,-2.3282276549069527,-0.6096443858005102,N900_RS13385,wbeT,-0.24073883333333337,-3.1617,4.593,12h_SI8,12h,SI8,3h_SI3,3h,SI3,7.7547
5.35485704126924,1.4892562576796289,-0.5799625200143664,-1.6195840126984207,-0.5146717128836359,N900_RS13400,wbeO,-2.7120946666666668,-4.8062,-0.5641,12h_SI9,12h,SI9,3h_st,3h,st,4.2421
4.795947379628434,1.5683640053586219,-1.7311420096215215,-3.4160146422065365,-1.2986752022025607,N900_RS13405,wbeN,-3.3459535,-5.3127,2.5039,6h_SI9,6h,SI9,1h_SI1,1h,SI1,7.8166
3.470024870939066,0.5491917743440561,0.057496266556697234,-3.0236926591142863,0.020694035461024576,N900_RS13410,wbeM,-2.982940833333333,-5.7015,2.3756,12h_SI7,12h,SI7,1h_st,1h,st,8.0771
3.630661290958756,1.382532774621615,-0.5188931087972211,-2.0443739366994413,-0.38855659528324143,N900_RS13415,wbeL,-2.8704656666666666,-5.6369,2.8601,12h_SI7,12h,SI7,6h_SI2,6h,SI2,8.497
3.8775142398027707,1.5177994011611053,-0.6321204090897459,-3.5326530746920786,-0.617867826660971,N900_RS13420,wbeK,-2.5773265000000003,-5.442,4.5768,6h_SI9,6h,SI9,3h_SI3,3h,SI3,10.0188
5.9394354579917055,2.16574259562168,-0.8708535360654747,-0.1512671648753046,-0.6802384512340198,N900_RS13425,wzt,0.6918762166666667,-1.1952,2.9109,6h_SI9,6h,SI9,12h_st,12h,st,4.1061
5.8989884356719795,2.2337762772757546,-0.8711216218140165,-0.19414291006757572,-0.6815069711600658,N900_RS13430,wzm,1.0132459500000002,-0.88559,3.2263,6h_SI9,6h,SI9,12h_st,12h,st,4.11189
5.3830696702431915,1.548281821608953,-0.7358493556163836,-1.4371895893664524,-0.5495732733946744,N900_RS13435,wbeG,-1.9749488833333333,-4.2216,-0.051843,6h_SI9,6h,SI9,6h_st,6h,st,4.169757
4.29704578898096,1.3678851988738945,0.07595803230113514,-2.0531816486836765,-0.2867671207364768,N900_RS13440,wbeE,-3.0111183333333327,-5.4353,2.1526,12h_ce,12h,ce,3h_st,3h,st,7.587899999999999
3.4741529204592396,0.8282750187539549,-0.18111579277138262,-2.9251128395405863,-0.15761456133968804,N900_RS13445,gmd,-3.0468003666666665,-5.5772,3.4367,12h_SI7,12h,SI7,1h_st,1h,st,9.0139
3.736524933436759,1.3048303456612405,-0.6271902618994333,-3.3249176087093444,-0.5524585212917557,N900_RS13450,manB,-4.000066333333334,-6.6305,0.07236,12h_ce,12h,ce,12h_SI3,12h,SI3,6.702859999999999
3.8510952111185657,0.8242615381178751,-0.11315556126345745,-3.2354384098041784,-0.13052223565981963,N900_RS13455,manC,-3.6541778333333332,-6.1014,0.69433,12h_ce,12h,ce,1h_st,1h,st,6.79573
5.911776551277364,2.4398907746747307,-0.9754278963299512,-0.3880031383241732,-0.7645305777293181,N900_RS13460,hldD,-1.9650113500000002,-4.0009,0.11205,6h_SI9,6h,SI9,12h_st,12h,st,4.11295
5.774077218405796,2.3204392508948968,-0.8125477259748269,-0.37011019085569485,-0.6476412421757028,N900_RS13465,wavL,-1.9648646666666665,-3.9136,0.11049,6h_SI9,6h,SI9,3h_SI1,3h,SI1,4.02409
6.106292698830466,3.3703150268341826,-2.889568147793813,-0.4316489563932533,-2.439397937222318,N900_RS13470,wavK,0.9188825166666666,-0.46241,4.8291,6h_SI9,6h,SI9,6h_SI2,6h,SI2,5.291510000000001
5.868695380504006,2.4030264193168667,-1.039369488099465,-0.5862429522305816,-0.7957019020822335,N900_RS13475,waaL,-1.3633785500000002,-3.3852,1.1643,6h_SI9,6h,SI9,1h_co,1h,co,4.5495
5.830839830818745,2.1470627940453473,-0.8254033398875725,-0.06441193498046222,-0.6458753466285978,N900_RS13480,waaF,1.9071714666666668,0.091034,4.0541,12h_ce,12h,ce,12h_st,12h,st,3.963066
6.039510554628925,3.2760319669632536,-3.984948677976376,-0.5162108083959837,-2.576110585578188,N900_RS13485,wavJ,1.6937460833333333,0.064504,4.5865,3h_SI2,3h,SI2,3h_SI1,3h,SI1,4.521996
6.477792383723726,2.994786539075566,-2.710693430006789,-1.3127685866063086,-1.6898630451791452,N900_RS13490,wavI,1.2794988166666668,-0.12819,4.0571,6h_ce,6h,ce,6h_SI3,6h,SI3,4.18529
5.921861996661898,4.055662718016081,-3.12392244709652,-1.1982925955812753,-2.2628635327784647,N900_RS13500,wavH,1.5190682666666668,-0.063664,5.2419,6h_st,6h,st,3h_SI1,3h,SI1,5.305564
5.5096979237837695,4.070379147609054,-3.2012998145562848,-0.5755328613697049,-2.29701124553601,N900_RS13505,wavG,1.8312406666666667,-0.11385,5.362,1h_SI8,1h,SI8,3h_SI2,3h,SI2,5.47585
5.689469187304904,3.6520497478995617,-2.9454388483922957,-1.53554864307501,-2.472647575423033,N900_RS13510,wavF,0.8563987666666667,-0.74888,3.4956,3h_SI9,3h,SI9,1h_ce,1h,ce,4.24448
3.4423997592189455,3.170001584163811,-3.2247366698383484,-1.7807150031339427,-2.1902859108260273,N900_RS13515,wavE,0.9671690551666665,-0.82605,3.3349,6h_SI1,6h,SI1,1h_SI1,1h,SI1,4.16095
3.023694553134495,1.886705608849166,-0.9298225370587863,-1.2039487143177485,-0.6700712321904759,N900_RS13520,wavD,0.31474595,-1.1492,4.3506,1h_ce,1h,ce,12h_SI1,12h,SI1,5.4998000000000005
5.804691457631587,2.110264583941627,-0.8015288008067137,0.08017842083679977,-0.6295030200976641,N900_RS13530,waaC,-0.7372904999999998,-2.6179,1.4041,12h_SI7,12h,SI7,12h_st,12h,st,4.022
5.627286685250589,1.906547507267341,-0.6957624226814589,-0.34749683345349197,-0.5382043050079498,N900_RS13535,wavB,0.8346073950000001,-1.1964,2.9097,6h_SI9,6h,SI9,12h_st,12h,st,4.1061
5.963662105975361,2.1869476903079472,-0.8960325777795135,-0.1774195713994861,-0.6988617761344279,N900_RS13540,wavA,0.6049005,-1.2763,2.8374,6h_SI9,6h,SI9,12h_st,12h,st,4.1137
4.996794506744279,4.1296294957045045,-3.5475853998938685,-1.83940219434168,-2.298669395332512,N900_RS13550,mutM,0.9275039166666665,-0.66165,3.542,12h_st,12h,st,3h_SI5,3h,SI5,4.20365
2.4058168213123214,3.003319534598661,-1.352247937940303,-3.173286037285113,-1.0515818337428735,N900_RS13555,N900_RS13555,0.4422515766666667,-1.4544,3.5515,6h_SI1,6h,SI1,3h_SI1,3h,SI1,5.0059
1.0190591880240512,1.717069631520755,-1.546520215977606,-2.6345395642078984,-1.1665565454457059,N900_RS13570,VC0395_A2597_BLAST,-0.30100998333333334,-2.0492,2.6107,24h_SI1,24h,SI1,6h_SI4,6h,SI4,4.6599
0.8747005214510024,3.118017869668631,-1.1926131997487908,-1.845827795949655,-0.9498567247344193,N900_RS13575,methyl-accepting chemotaxis protein_10,0.4989637033333334,-1.3613,4.3723,6h_SI5,6h,SI5,3h_SI4,3h,SI4,5.7336
-1.8018832241823186,0.7874582168602466,-0.19712893244123234,-0.5405249258692708,-0.17405504274620265,N900_RS13585,slmA,-0.9162402166666667,-2.8701,2.0753,6h_co,6h,co,12h_SI2,12h,SI2,4.945399999999999
2.557473711702935,0.5112166343653117,-0.9311896655620135,-2.280066110421456,-0.6121153791937066,N900_RS13595,lpxN,-0.2667497483333333,-2.0432,2.5435,12h_SI9,12h,SI9,1h_ce,1h,ce,4.5867
4.847239452388007,2.684268992366341,-1.287838273616831,-2.614412665143571,-0.9854302534716607,N900_RS13600,pyrE,0.1254596166666667,-3.2286,3.3121,6h_SI7,6h,SI7,3h_SI2,3h,SI2,6.5407
2.8913452580278127,2.3292013886408496,-2.63266054952579,0.06401148094388956,-1.9266789283943087,N900_RS13605,rph,0.9659568850000001,-1.2992,6.2184,3h_SI8,3h,SI8,6h_SI3,6h,SI3,7.5176
4.167664702711616,2.368661648777833,-2.5637794774834504,-1.2113389070371692,-1.7991864226266698,N900_RS13610,yicc,-0.15596675000000004,-2.5024,2.8169,6h_SI8,6h,SI8,1h_SI1,1h,SI1,5.3193
5.363767760181376,2.595168505609772,-2.731089266333507,-3.0847044514056376,-1.9288564658189347,N900_RS13615,VC0395_A2587_BLAST,-0.08262953333333331,-1.5074,2.6238,24h_ce,24h,ce,3h_SI1,3h,SI1,4.1312
4.657969184917477,2.8776150890535943,-1.5413729399003238,-0.105685581641411,-1.4793954493325276,N900_RS13620,murP,1.5936159666666667,-0.43165,4.4736,6h_st,6h,st,12h_SI2,12h,SI2,4.9052500000000006
3.2531644604008894,1.4323263817330016,-2.6923731952393526,-2.7600186666634077,-1.6043611471272177,N900_RS13625,murQ_2,-0.002268183333333363,-1.1954,4.8644,3h_SI2,3h,SI2,1h_ce,1h,ce,6.0598
5.095791446785294,3.2702175835096625,-2.533810974686883,-0.905255288680005,-2.1686789285311403,N900_RS13635,murr,0.8977721333333334,-0.59486,3.9229,3h_SI3,3h,SI3,3h_SI4,3h,SI4,4.51776
6.63628560471869,4.219839708365553,-3.311836767485321,-1.2204704885449367,-2.363778399426736,N900_RS13640,fhuB,1.4736744166666667,0.010116,4.3813,1h_SI8,1h,SI8,12h_SI1,12h,SI1,4.371184
0.42599081534096805,1.144371891985565,-0.15661172679039131,-0.7423675746063004,-0.31679867839149145,N900_RS13645,fhuD,1.056607975,-0.90501,5.7558,6h_SI1,6h,SI1,1h_st,1h,st,6.66081
6.290284173995863,3.7427604975309414,-3.2033189376305327,-0.3573278038688545,-2.040423366444796,N900_RS13650,fhuC,1.3391671833333334,-0.472,3.9063,1h_SI6,1h,SI6,6h_SI4,6h,SI4,4.378299999999999
5.216955130357975,3.7470576152586443,-3.0495152725280765,-1.7213357183864324,-2.2925849533378826,N900_RS13655,TonB-dependent siderophore receptor,1.1440190083333335,-0.35491,4.0015,12h_st,12h,st,6h_SI3,6h,SI3,4.35641
5.321362279869945,3.384475264733881,-3.3352304540145368,-1.8249151716284144,-2.104593903933625,N900_RS13660,ABC transporter ATP-binding protein_1,0.5573293500000002,-0.94227,2.9569,3h_st,3h,st,6h_SI4,6h,SI4,3.8991700000000002
2.551884929340905,2.0329588023326712,-0.6704588223370948,0.24490216695649458,-0.9102149427642926,N900_RS13665,N900_RS13665,1.6182075499999997,-0.044267,5.3648,1h_co,1h,co,3h_SI2,3h,SI2,5.409066999999999
6.137896792441411,2.4125216878997255,-2.7167999975654276,0.20208091469246978,-1.7335218792059113,N900_RS13670,gene 3 protein-related protein,1.2588427150000001,-0.54236,5.1644,6h_co,6h,co,6h_SI2,6h,SI2,5.706759999999999
5.658484659185728,3.4107623818058728,-2.24569137350576,-1.3729505562319875,-2.0150688529136005,N900_RS13675,recQ,0.610150245,-0.82932,3.6314,6h_ce,6h,ce,3h_SI3,3h,SI3,4.46072
5.430780754514344,3.47921226199353,-3.444785996622705,-1.9177548606653931,-2.560566958253471,N900_RS13680,rarD,0.6831550666666665,-1.0584,3.3903,6h_st,6h,st,12h_SI2,12h,SI2,4.4487
3.663872631376199,2.666395512912108,-0.9760217476514188,-0.673056466821496,-0.6445441931381082,N900_RS13685,ggt,0.8709455399999999,-0.53061,4.3628,3h_SI1,3h,SI1,3h_SI3,3h,SI3,4.89341
5.129504832496257,4.3873155697822535,-3.119258892398755,-0.745955126864115,-2.1803221789835256,N900_RS13690,rhaS_2,1.3383161166666668,-0.081784,3.945,1h_SI1,1h,SI1,3h_SI4,3h,SI4,4.026784
5.724634789775413,4.0765505123877865,-3.129181603508224,-1.506570808662821,-2.5893918317698956,N900_RS13695,rhtC,1.5411963166666665,0.075599,4.5505,12h_st,12h,st,6h_ce,6h,ce,4.474901
5.348385418286467,2.2415320024155543,-2.0317718122859887,0.044820752383010545,-1.4227010024522708,N900_RS13700,uvrD,-0.15990124999999997,-2.1119,3.4907,6h_SI7,6h,SI7,3h_SI1,3h,SI1,5.6026
5.58392609520909,2.8065942454983652,-3.215738183655334,-1.115941323067775,-2.327664766490145,N900_RS13705,prlC,0.6384195333333333,-0.89667,4.1254,6h_SI2,6h,SI2,3h_SI2,3h,SI2,5.02207
4.945809240915648,1.5901046895231876,-1.9216258512842532,-1.6222276423453192,-1.4291846643448671,N900_RS13710,rlmj,0.39350267666666666,-0.94093,3.945,12h_ce,12h,ce,1h_ce,1h,ce,4.88593
3.116688173028912,2.1208496949312368,-0.824587138928391,-1.7372716349606234,-0.9708797617765285,N900_RS13715,gorA,0.20930418333333337,-1.5688,3.9834,3h_SI8,3h,SI8,12h_SI2,12h,SI2,5.5522
2.6008166556865993,2.3106073093363144,-1.4537021689154919,-0.2893112150633635,-1.3401815573798426,N900_RS13720,site-specific integrase,0.9551668966666664,-0.90028,3.9172,3h_ce,3h,ce,3h_SI3,3h,SI3,4.81748
1.6535553025389085,0.954523466609439,0.06690629577633384,-2.010162109656539,-0.5188547619277971,N900_RS13725,N900_RS13725,-0.012123638333333294,-3.2666,5.2063,3h_SI9,3h,SI9,3h_st,3h,st,8.4729
5.205583493333502,4.4187104666106265,-3.8581798670664877,-1.6720276079454857,-2.8887185222885363,N900_RS13730,N900_RS13730,0.6004542133333335,-1.0513,3.8104,12h_st,12h,st,3h_SI1,3h,SI1,4.8617
3.420364356170349,3.2843823071824763,-2.5693568742422452,-1.3893945814526119,-1.864450474554435,N900_RS13735,kfrA_1,1.3156960666666668,-0.90994,4.9703,3h_ce,3h,ce,6h_SI4,6h,SI4,5.88024
-3.5395209613978365,-0.2434806683100022,0.8857568902579774,-2.128603748374784,0.6917793964954797,N900_RS13740,cap3_BLAST,-0.36628865000000005,-2.266,1.6321,6h_SI3,6h,SI3,3h_SI5,3h,SI5,3.8981000000000003
2.210309799090461,2.182717312529069,-1.686367408232955,-1.720002852321029,-0.948111417540892,N900_RS13745,cap2_BLAST,0.11527100000000004,-1.5725,2.6307,3h_SI1,3h,SI1,6h_st,6h,st,4.2032
0.2731817140179139,2.630171222111303,-1.133959335162366,0.030394602038824308,-0.9002268571467992,N900_RS13750,dncV,0.8405079333333334,-1.1486,6.1476,6h_SI2,6h,SI2,3h_SI5,3h,SI5,7.2962
2.1387554265989213,2.811161284905838,-1.857224227850772,-1.5013860763699383,-1.5846031070041533,N900_RS13755,capV,0.39281071666666667,-1.267,2.6241,12h_st,12h,st,3h_SI5,3h,SI5,3.8911
-2.3676195856459907,0.7117445263904815,-0.09523584969728903,-2.521490200093373,-0.05379668571241533,N900_RS13765,vspR,-0.28234970000000004,-2.5439,3.4677,12h_SI2,12h,SI2,1h_SI1,1h,SI1,6.0116
5.877790532494926,3.5056134430572508,-3.3178943101824503,0.7545389767850998,-2.3512531122702747,N900_RS13770,XRE family transcriptional regulator_8,1.3509474383333335,-0.62392,4.5366,1h_SI2,1h,SI2,3h_SI3,3h,SI3,5.16052
3.094715885804232,1.5246484305959984,-0.6533933863586379,0.2324124624535574,-1.0170371576572155,N900_RS13780,tadA_2,1.1965509150000004,-2.5128,5.2304,3h_SI9,3h,SI9,3h_SI1,3h,SI1,7.7432
3.6321543254436746,2.5411750131644792,-2.599146612498146,-2.125344341846979,-1.6986158091290189,N900_RS13785,sporulation protein,0.33894844999999996,-1.413,3.9865,12h_SI1,12h,SI1,6h_SI1,6h,SI1,5.3995
4.319614105744381,1.8098810600113957,-1.4626729438164314,-1.1279715470505782,-1.037624256071339,N900_RS13790,dppC_2,0.6997656166666667,-0.77184,3.6663,3h_SI1,3h,SI1,6h_SI4,6h,SI4,4.43814
6.116820551337238,2.0407601421361377,-1.7378438510114933,-0.9565973813999764,-1.3749861956476774,N900_RS13795,dppB_2,1.1110482033333333,-0.34943,3.9019,3h_SI4,3h,SI4,3h_st,3h,st,4.25133
4.895640057391605,3.6515246294285966,-3.469736843358022,-1.9021162657309707,-2.4314826415388726,N900_RS13800,dppA,0.6043597154999999,-1.1705,4.5057,3h_SI2,3h,SI2,3h_SI1,3h,SI1,5.6762
5.977412421904417,2.5488297997359797,-1.3612638747534516,-1.3994024270530088,-1.1130538923358106,N900_RS13805,nikE,0.7105366,-0.71176,4.2195,12h_SI6,12h,SI6,6h_st,6h,st,4.93126
3.372924462577649,2.4323427903480086,-2.7999051444110217,0.22789908750091334,-1.9427699449083597,N900_RS13810,N900_RS13810,1.507156,-0.47938,4.8121,12h_co,12h,co,3h_SI3,3h,SI3,5.29148
2.1400011363149605,1.9423529081295612,-2.441452866918778,-0.9109971765308147,-1.5650703272592372,N900_RS13815,N900_RS13815,0.8224652833333335,-1.0476,4.8728,1h_SI2,1h,SI2,1h_ce,1h,ce,5.9204
6.039817123817342,3.3999442217139597,-3.650926401043954,-0.07192251632617616,-2.453410464493259,N900_RS13845,cytochrome c5,0.8224930666666666,-0.71261,3.8675,3h_SI9,3h,SI9,6h_SI3,6h,SI3,4.58011
2.5220325541024304,1.433423467633409,-1.4963378875268134,0.6748990117805886,-0.8947853137947253,N900_RS13855,TetR/AcrR family transcriptional regulator_3,1.7889829999999998,-0.3134,7.6653,1h_SI9,1h,SI9,12h_SI1,12h,SI1,7.9787
5.221316381115313,3.5284691384228064,-2.3854569846440214,-0.7086769102541718,-1.9706997977380387,N900_RS13860,vexA,0.42610364833333336,-1.029,4.4229,12h_co,12h,co,3h_SI3,3h,SI3,5.4519
5.05055737121387,3.84697273924442,-3.1688277963560174,-1.2393849047611094,-2.3321760536600538,N900_RS13865,vexB,0.32584065,-1.3903,2.5249,12h_co,12h,co,3h_SI4,3h,SI4,3.9152000000000005
1.9789496428992792,2.0652648174524546,-1.762751311620238,-2.6439678789580334,-1.247535168453969,N900_RS13870,ubik,0.29924676999999994,-1.6261,3.0796,24h_SI4,24h,SI4,6h_SI4,6h,SI4,4.7057
1.6855221475916564,2.4208892626410035,-1.9842427559799285,-0.9606927457314471,-1.4651265676969387,N900_RS13875,ilvC,0.5447198899999999,-1.2646,3.183,6h_SI1,6h,SI1,3h_SI3,3h,SI3,4.4475999999999996
3.059627082758593,2.076898594836592,-2.268182673802435,-0.6291004747910984,-1.2738685595922101,N900_RS13880,ilvY,1.4249721666666668,-0.45434,4.9543,12h_SI1,12h,SI1,12h_SI2,12h,SI2,5.40864
2.757952885232145,1.474260918320506,-0.9801185971653673,-0.7988734189603599,-1.1270612849632926,N900_RS13930,trkh,0.7487742666666668,-0.61164,4.2678,3h_SI1,3h,SI1,6h_ce,6h,ce,4.879440000000001
4.925192205046267,2.9631626357267247,-1.5689128660852079,-0.9845225988553064,-0.8746561823740707,N900_RS13935,yigz,1.08656755,-0.23302,4.1182,12h_SI6,12h,SI6,6h_SI1,6h,SI1,4.35122
5.663408748328374,3.710798662624722,-2.099895980939815,-0.07531680757978367,-1.8005770557142198,N900_RS13940,fadB,1.3395911833333334,-0.20328,5.0256,1h_SI5,1h,SI5,12h_SI3,12h,SI3,5.22888
5.378817638465731,3.566034302142722,-2.656986925405945,-0.024476381676560393,-1.759173777638017,N900_RS13945,fadA,1.1787979433333333,-0.73823,4.1966,1h_SI9,1h,SI9,3h_SI3,3h,SI3,4.93483
5.896310015790932,3.739693668241075,-2.8418853569533242,-1.6944887439631513,-1.7894796558397401,N900_RS13950,lysr_4,0.9707766833333334,-0.46812,3.2365,6h_SI9,6h,SI9,3h_SI4,3h,SI4,3.70462
1.4974126378747528,1.9980422063206569,-0.7445357499825538,-2.4329754044364087,-0.634561079957262,N900_RS13955,ydhC_1,0.5400709666666667,-1.3602,3.7433,6h_SI1,6h,SI1,1h_st,1h,st,5.1035
5.966392455073809,2.194961186538258,-0.8986668379782902,-0.1634825493208245,-0.7014963829115312,N900_RS13970,atpD,1.8269213333333334,-0.049386,4.0457,12h_SI7,12h,SI7,12h_st,12h,st,4.095086
5.874154980149286,2.057828118644405,-0.8129730400181187,-0.10394684886271656,-0.6348177915170709,N900_RS13985,atpH,1.852862533333333,-0.063004,4.044,6h_SI9,6h,SI9,12h_st,12h,st,4.107004
5.708320583428699,1.999337381822086,-0.7675126308401586,-0.2866339930904757,-0.599499683541434,N900_RS14005,F0F1 ATP synthase subunit I,1.5145904899999998,-0.40903,3.6977,6h_SI9,6h,SI9,12h_st,12h,st,4.106730000000001
3.893008529310089,1.5080552851838016,-0.6403643547032513,-1.4165563677268034,-0.9495223764375023,N900_RS14010,parb,0.30547388333333336,-1.2964,3.6641,1h_SI1,1h,SI1,3h_st,3h,st,4.9605
4.1366334107786225,2.11718785119101,-1.7154687374783333,-1.7452119701772109,-1.2468913539566329,N900_RS14015,soj_2,0.43645506666666667,-1.4499,3.359,6h_ce,6h,ce,6h_SI3,6h,SI3,4.8088999999999995
4.83202930079921,1.9103930361656356,-0.354713419561195,-2.141834940698954,-0.5391941000856056,N900_RS14020,rsmG,0.8653707,-1.0019,5.144,6h_SI5,6h,SI5,3h_st,3h,st,6.1459
5.562015681068689,2.2415797483275157,-0.9188973184255873,-1.096771037995053,-0.678073684439288,N900_RS14025,mnmG,0.914949145,-1.1281,3.4867,12h_SI7,12h,SI7,1h_co,1h,co,4.6148
2.2513873385472127,0.9021904610486209,-1.2063910553517352,0.5178373671733005,-0.9253825583267167,N900_RS14040,N900_RS14040,1.121831533333333,-1.4421,5.3405,3h_SI7,3h,SI7,12h_SI1,12h,SI1,6.7825999999999995
3.7556568104616814,3.1285428591152527,-2.3286190648372314,1.2425270811318245,-1.554710207937114,N900_RS14045,N900_RS14045,1.3447848000000002,-0.72047,3.5925,1h_SI1,1h,SI1,12h_SI2,12h,SI2,4.31297
2.2030556491525566,3.009625031331415,-0.5889375581097388,0.014577969647295092,-0.4988679866645375,N900_RS14050,N900_RS14050,1.1295556666666668,-0.42688,4.652,1h_SI5,1h,SI5,3h_SI4,3h,SI4,5.07888
3.1302353738482487,0.7565624835813873,-0.3330399500698914,-2.8062969878280075,-0.34171547387218626,N900_RS14055,yeeN,-0.21328253333333333,-2.0037,3.8804,12h_SI6,12h,SI6,3h_SI1,3h,SI1,5.8841
4.371349573584512,3.751055913292177,-1.466713408425576,-1.9471984571035088,-1.558968159198531,N900_RS14060,garR,0.83350775,-0.46205,4.0271,24h_SI6,24h,SI6,3h_SI2,3h,SI2,4.4891499999999995
4.69591710123721,3.1671073242231467,-2.7601122614188105,-1.432224594311161,-1.7175031530266436,N900_RS14065,pctC_2,0.8414530233333333,-0.45933,4.2575,3h_SI3,3h,SI3,3h_SI1,3h,SI1,4.71683
4.457068495416925,2.1718527273924835,-2.3519196710771846,-1.5620008364059677,-1.4766793570094052,N900_RS14070,N900_RS14070,0.75824424,-0.59925,3.5981,24h_ce,24h,ce,12h_st,12h,st,4.19735
4.095227965136467,1.5702331969428014,-1.813831651861986,-1.11364664380297,-1.0235616618620633,N900_RS14075,yibl,1.0080855,-1.1669,5.9055,6h_SI5,6h,SI5,1h_SI1,1h,SI1,7.0724
5.553541699297459,3.5041448169119893,-3.310055368447857,-1.953182404422347,-2.3489938259773115,N900_RS14080,malT,0.2650877533333333,-1.1062,3.4638,1h_st,1h,st,3h_SI1,3h,SI1,4.57
3.6682201973241217,2.763877815792737,-2.3999089213753964,1.3227935156633206,-1.8186017986264584,N900_RS14085,glgP,0.6286433583333334,-1.4369,4.3218,1h_SI1,1h,SI1,12h_SI2,12h,SI2,5.758699999999999
3.7793899242198976,2.011844450563026,-1.5738745273623522,1.1604040639398563,-1.0999644892372165,N900_RS14090,malQ,0.04984814999999995,-2.6767,3.5834,3h_ce,3h,ce,3h_SI4,3h,SI4,6.2600999999999996
6.4317801733764535,2.7983524682423098,-3.046846767071927,-1.7384455248535005,-2.0541802287887707,N900_RS14095,glgB,0.15731536666666665,-1.5922,3.868,12h_SI8,12h,SI8,12h_SI1,12h,SI1,5.4602
2.7987572370885823,1.887234407191613,-1.6979254557309382,0.896493372687445,-1.2102653613201375,N900_RS14100,hcp-2_D2,1.4068073783333332,-0.68918,5.9445,1h_ce,1h,ce,3h_SI1,3h,SI1,6.63368
0.35737559994488133,1.5240741182924724,0.31388594267393205,-0.8576288702882169,-0.18981809821224338,N900_RS14105,tssI_3,0.7351923199999999,-0.7347,3.9088,12h_SI3,12h,SI3,6h_SI5,6h,SI5,4.6434999999999995
2.0337877834586724,2.245234620377617,-1.4785144975434055,-1.1250670227290729,-1.0367549117271886,N900_RS14110,vasW,0.36201496666666666,-1.1282,3.8115,6h_SI2,6h,SI2,3h_SI3,3h,SI3,4.9397
5.4795986494446804,3.2749181100892115,-1.5930326418536698,-1.1265820087210312,-1.6673948522220647,N900_RS14115,vasX,1.2359959883333334,-0.1635,4.3322,6h_SI6,6h,SI6,3h_st,3h,st,4.4957
2.851216928705829,1.731988467787946,-1.1268528490865137,-0.0017409220876635513,-0.764287529851385,N900_RS14120,tsiV2,4.096882,0.11084,8.2591,1h_SI6,1h,SI6,3h_SI1,3h,SI1,8.14826
4.859720132052077,3.2653896987339475,-1.945002818199404,-1.754840978242792,-1.4091585421552029,N900_RS14125,yecN,1.00577391,-0.30655,4.4348,12h_SI6,12h,SI6,12h_st,12h,st,4.74135
5.978713004759848,3.3628284700225906,-2.0322008812488606,0.4313705550798937,-1.7230210678421907,N900_RS14130,acyltransferase_2,1.3314903550000001,-0.2348,4.4552,1h_SI7,1h,SI7,6h_SI4,6h,SI4,4.6899999999999995
3.9707667105878395,3.5170163571998514,-3.013650926622474,-1.5467494442263636,-2.202983944345524,N900_RS14135,AEC family transporter_2,0.9350201166666668,-0.34522,4.4249,3h_SI4,3h,SI4,6h_SI4,6h,SI4,4.77012
3.7115137508913696,2.9379270648274534,-1.7136651375324612,-0.8269234107984953,-1.1339295821707567,N900_RS14140,nadC_2,1.1104935833333334,-0.50588,4.9344,1h_co,1h,co,1h_ce,1h,ce,5.4402800000000004
4.759892870278259,2.4357479615719932,-3.015349551847974,-2.0535289761405,-1.8121225445743452,N900_RS14145,VC_A0026_BLAST,0.04201380000000001,-1.2912,3.3699,3h_SI3,3h,SI3,1h_ce,1h,ce,4.661099999999999
3.0219167306740706,0.893160597066479,-1.8690382550311,1.5721937069768317,-1.2592726576577988,N900_RS14150,chiA,1.3953386833333332,-2.0236,6.5227,1h_SI9,1h,SI9,6h_SI2,6h,SI2,8.5463
2.3591806180096353,2.2364991325389174,-1.57139017390424,-0.3083365383143342,-1.0077068339011008,N900_RS14155,N900_RS14155,1.2130304,-1.4635,5.5767,3h_SI9,3h,SI9,3h_SI4,3h,SI4,7.0402
2.1370899927315588,2.9191086755717506,-0.2905799247053306,-1.5108400723534958,-0.22824798319507794,N900_RS14160,allR,0.5613676083333332,-0.77726,3.9757,6h_SI4,6h,SI4,1h_st,1h,st,4.75296
5.586628700080118,3.755008321183095,-2.1092548156090185,-0.8345861701588663,-2.0546902628079313,N900_RS14165,arginase,1.130003333333333,-0.44062,4.7192,6h_st,6h,st,3h_st,3h,st,5.15982
5.184554181176503,1.8800360669973235,-2.3926901042060296,-0.1594678056873058,-1.6227091251815546,N900_RS14170,methyl-accepting chemotaxis protein_28,1.5216250500000001,-0.26404,5.5516,3h_SI5,3h,SI5,6h_SI2,6h,SI2,5.815639999999999
5.752562577030739,3.405951771206497,-3.073799544632547,1.1247668278196163,-1.9836145420365858,N900_RS14175,N900_RS14175,1.3930639833333334,-1.0548,4.3846,1h_SI6,1h,SI6,6h_st,6h,st,5.4394
3.808393537151841,4.003854026049659,-2.7532271385416993,-1.3326569627892553,-1.8974737858777428,N900_RS14180,PhoX family phosphatase,0.8199696833333333,-1.3546,3.0712,6h_SI1,6h,SI1,6h_SI3,6h,SI3,4.425800000000001
5.786808387250166,3.8839951806995363,-3.3575614420304123,-0.9336208584380536,-2.382812611947455,N900_RS14185,N900_RS14185,1.4348491833333332,-0.4149,4.1307,1h_SI9,1h,SI9,6h_SI4,6h,SI4,4.5456
4.918301037981888,2.082285562533504,-3.3791456788127436,-2.2197323824217734,-2.1694403563665086,N900_RS14190,"phosphatidylglycerophosphatase B, putative",0.2620648016666667,-1.1722,4.4664,6h_SI9,6h,SI9,1h_SI1,1h,SI1,5.6386
4.798050062118949,3.810346658944993,-2.212256732599288,-0.8834677585018529,-1.8681004157205225,N900_RS14195,sstT,1.32177243,-0.44535,5.042,1h_SI3,1h,SI3,1h_SI1,1h,SI1,5.48735
3.466410033872692,3.4352501756554834,-1.3026641527658533,-1.0697220256692637,-1.3761667580282124,N900_RS14200,copper chaperone PCu(A)C,1.1888663833333335,-0.38079,4.8714,12h_SI3,12h,SI3,3h_SI5,3h,SI5,5.252190000000001
3.175040570115332,2.117389725022183,-2.185718984509793,-0.5766833097315222,-1.5082179714117674,N900_RS14205,Sco1-related protein,0.76688455,-1.2568,4.83,24h_SI1,24h,SI1,3h_SI2,3h,SI2,6.0868
0.5382503705321905,2.474948856238747,-0.9254489828691662,0.45837094291636166,-0.9220982720634247,N900_RS14210,N900_RS14210,1.1871019333333335,-1.7846,6.4076,3h_SI9,3h,SI9,3h_SI1,3h,SI1,8.1922
4.991862538814602,1.2490759473524071,-1.5264773476702522,-2.760306424565608,-0.9803889820170673,N900_RS14215,VC_A0040_BLAST,-0.48501354499999993,-3.2327,4.0344,12h_SI9,12h,SI9,1h_co,1h,co,7.267099999999999
2.0377900968655482,1.7677219755979672,-0.7394838234015771,-1.4566344748104578,-0.5920392699274397,N900_RS14220,gltS,0.662897855,-1.1081,5.2975,12h_SI5,12h,SI5,6h_SI1,6h,SI1,6.405600000000001
4.42648687404348,3.0486362032346634,-2.8643999794039074,-1.1181342999239983,-1.977937452736335,N900_RS14225,VC_A0042_BLAST,1.1228020749999998,-0.20752,4.2799,3h_SI4,3h,SI4,6h_SI2,6h,SI2,4.487419999999999
3.616732678969542,0.972272863642011,0.05290859031297136,-1.6505072265622163,-0.514965604645756,N900_RS14230,N-acetyltransferase_7,-0.3235655166666666,-2.6091,5.0117,3h_SI7,3h,SI7,3h_st,3h,st,7.620800000000001
4.518181691558749,2.162189888201136,-3.1483171134055286,-1.0811506706538363,-1.8381511461030102,N900_RS14235,tolB_2,0.6310261366666664,-0.67938,3.6592,3h_SI4,3h,SI4,12h_st,12h,st,4.338579999999999
5.838714356586492,3.639173241995262,-2.6234084485534743,-1.7084461200239198,-2.0784256481331105,N900_RS14240,yiaV,1.1827708500000003,-0.61662,4.5218,24h_SI9,24h,SI9,3h_SI1,3h,SI1,5.13842
4.7844258164461975,3.3065187944187935,-2.511884923747976,-2.082348784340992,-1.6703922971669636,N900_RS14245,yiaW,0.22807693333333334,-1.5059,3.7472,6h_SI8,6h,SI8,3h_SI4,3h,SI4,5.2531
3.1919576089940267,2.0464197426480455,-2.433660604025821,0.6474236308581593,-1.7818757678426702,N900_RS14250,N900_RS14250,1.0387749216666666,-0.70972,4.0651,1h_SI1,1h,SI1,3h_SI3,3h,SI3,4.77482
4.561760707848901,3.1736860319918776,-1.668408412392827,-0.7097756224401318,-1.4697660710595468,N900_RS14255,N900_RS14255,0.9176737833333332,-0.40458,4.1073,3h_SI4,3h,SI4,3h_SI3,3h,SI3,4.511880000000001
2.0661202122128284,1.0752875954924612,-1.8577967608682942,-1.304539446175472,-0.8577977700805943,N900_RS14260,N900_RS14260,-0.04916328333333332,-1.5291,4.0534,12h_SI5,12h,SI5,6h_st,6h,st,5.5825
6.500887273821135,3.8249056658875547,-2.3486333126760015,-0.8273588834261028,-2.1083521869359583,N900_RS14265,deoD_2,1.0826106466666665,-0.30296,3.7815,12h_SI7,12h,SI7,3h_st,3h,st,4.08446
2.1200642991564935,0.6742058145181803,-1.4402393224196368,0.8956026043715057,-1.0786624415707007,N900_RS14270,N900_RS14270,1.1842070666666666,-1.9137,6.0111,1h_SI7,1h,SI7,6h_SI4,6h,SI4,7.924799999999999
5.304086606821803,2.7516023056986265,-1.555678828736897,-1.3087503770702567,-1.2782245072789142,N900_RS14275,N900_RS14275,0.5589891283333334,-1.2648,4.0015,6h_SI9,6h,SI9,6h_st,6h,st,5.2663
4.451892636679045,3.1112251355579956,-3.1090628235491886,-2.3846204641166353,-2.110136758558899,N900_RS14280,merr,0.29712685000000005,-1.2586,3.4417,24h_SI3,24h,SI3,12h_SI3,12h,SI3,4.7003
3.4777051909360814,3.153046737715222,-1.6261657671220813,-1.6335508410015396,-1.3226006027852637,N900_RS14285,phrB_2,0.23136890000000002,-1.3958,3.3095,6h_st,6h,st,3h_SI3,3h,SI3,4.705299999999999
2.031282588394814,0.8161509288501949,-0.8596981236730189,-1.4345620882203045,-0.3650353305326359,N900_RS14290,ycfS,-0.4082848666666667,-2.0012,3.5802,12h_SI2,12h,SI2,6h_st,6h,st,5.5814
1.00748219126697,1.344254677157064,-0.27805312165688534,0.42265172716389754,-0.2797906187037609,N900_RS14295,lpp,0.6728104166666665,-1.6127,4.9548,6h_SI5,6h,SI5,3h_SI3,3h,SI3,6.5675
6.159401857757355,3.844558051618974,-2.5629212094531817,0.15835162924341709,-2.174859550228903,N900_RS14310,ptrB,1.43388195,-0.054054,4.0928,3h_co,3h,co,3h_SI3,3h,SI3,4.146854
5.341038881883588,4.537441758090537,-3.081936153881976,-1.7795606465062856,-2.2414286145681297,N900_RS14315,tonb,0.9279087500000001,-0.55172,4.0346,6h_st,6h,st,1h_SI1,1h,SI1,4.586320000000001
4.776747440816759,3.5561219370648645,-2.3948155603837624,-1.3976036640864122,-1.8537007834054462,N900_RS14320,N900_RS14320,0.8257651666666667,-0.64958,4.1765,6h_SI4,6h,SI4,3h_SI2,3h,SI2,4.82608
5.069699026160954,3.8663016297011503,-2.751140719855405,-1.1613084964844247,-1.9981259301695569,N900_RS14325,N900_RS14325,0.9193572166666666,-0.51322,4.2215,24h_st,24h,st,3h_SI1,3h,SI1,4.734719999999999
4.68615893268983,3.532982025792304,-2.2750291166579095,-1.21902620669043,-1.6162902543776778,N900_RS14330,hutR,0.8032932199999999,-0.50336,3.8902,1h_st,1h,st,12h_st,12h,st,4.39356
4.464500282801026,2.240648961793306,-2.3729960001666695,-0.42592409936176606,-1.5706516633805083,N900_RS14335,methyl-accepting chemotaxis protein_26,0.10606090166666667,-1.3379,3.6943,3h_SI8,3h,SI8,3h_SI3,3h,SI3,5.0322000000000005
5.817322651801074,2.559724448221521,-2.2831647854438426,-1.9529198061420356,-1.683058210950269,N900_RS14340,pstS1_1,-0.09736410000000004,-2.3482,3.7203,3h_SI7,3h,SI7,3h_SI5,3h,SI5,6.0685
4.994776860051513,2.9640951314173507,-1.8219763281790253,-2.522485289938317,-1.7455033434484983,N900_RS14345,pstC,0.6769671666666668,-1.5202,4.96,24h_co,24h,co,3h_st,3h,st,6.4802
0.5972473522816959,1.5447883366796686,-1.364397842027923,-4.348581382960613,-0.7756519459345803,N900_RS14350,pstA_2,-0.7363195333333333,-2.9854,3.1507,24h_st,24h,st,1h_ce,1h,ce,6.1361
2.2471746066267313,1.0314062818231995,-0.3898077582431762,-1.5023637942310133,-0.7271450579348289,N900_RS14355,phosphate ABC transporter ATP-binding protein,-0.12751176666666664,-2.0726,4.0821,12h_SI5,12h,SI5,3h_SI1,3h,SI1,6.1547
4.353357542255716,3.017249951096686,-1.0257651502764467,-2.4397861072668947,-1.3016629756956661,N900_RS14360,N900_RS14360,0.35831196166666673,-1.311,3.3667,12h_st,12h,st,3h_st,3h,st,4.6777
5.605661683895786,3.379709103169293,-2.491363726207111,0.7520621267891802,-1.6828215792221837,N900_RS14365,molybdopterin-dependent oxidoreductase,1.2177329350000001,-0.37293,4.0644,1h_SI7,1h,SI7,3h_SI4,3h,SI4,4.43733
4.652695161903324,1.7903137767158415,-0.40010601945208296,-1.6230511468600415,-0.4702802876026459,N900_RS14370,N900_RS14370,0.39747275000000004,-1.4551,3.6045,6h_SI3,6h,SI3,3h_st,3h,st,5.0596
5.75604741830638,4.029256092167767,-3.2915249162099385,-1.1370391942205567,-2.212695003467234,N900_RS14375,dauA,1.0196664816666667,-0.18046,3.7145,1h_st,1h,st,12h_SI1,12h,SI1,3.89496
2.5185574820433576,1.7270617062312383,-1.3352467454820973,-0.8518142111008591,-0.5631622720485765,N900_RS14380,"1,4-alpha-glucan-branching protein",0.25979,-0.94289,2.7666,12h_SI9,12h,SI9,3h_SI5,3h,SI5,3.7094899999999997
3.454791290977123,3.379424176876697,-2.3618246469221065,-2.8442894701980763,-1.6811907990117787,N900_RS14385,shyA_BLAST,0.4839061516666667,-1.3066,3.7838,12h_SI3,12h,SI3,3h_SI3,3h,SI3,5.0904
2.8162827608385763,2.6418686444328183,-2.2406486413081534,-1.9895137444517856,-1.37941780324432,N900_RS14390,N900_RS14390,-0.2869692833333333,-1.5642,2.4019,12h_st,12h,st,3h_SI4,3h,SI4,3.9661
5.933885570220444,4.276566256088697,-2.7177710862319704,-1.5092675922000343,-2.128265777477104,N900_RS14395,pgrR,1.13096449,-0.32257,4.5955,6h_st,6h,st,6h_SI2,6h,SI2,4.91807
5.152617887831412,3.5994960505025895,-1.4027396367917782,-0.6499881820205234,-1.2634111485563655,N900_RS14400,mdtL_2,1.4233319000000002,-0.099051,4.2219,1h_SI8,1h,SI8,24h_SI1,24h,SI1,4.320951
-0.07927600919015386,1.400084674519027,0.4030627471927656,-0.8269090167886635,0.1586923364816248,N900_RS14405,soxR,0.8360000499999999,-0.96073,5.2109,1h_SI6,1h,SI6,3h_SI2,3h,SI2,6.1716299999999995
5.386898232451057,2.0362424973097655,-1.0122887940525458,-1.2836211223092855,-1.1491681648564551,N900_RS14410,MFS transporter_3,0.5032763766666668,-1.0009,4.284,3h_ce,3h,ce,3h_st,3h,st,5.2848999999999995
5.901762374705912,2.643465431851771,-2.6306736576221534,-0.9501115542316121,-1.6456358617881086,N900_RS14415,N900_RS14415,1.1584876999999998,-1.0697,3.9942,3h_SI5,3h,SI5,6h_st,6h,st,5.0639
4.250361913748055,2.2447566525740017,-1.8467689640155338,-0.6598767065198786,-1.0015946171817514,N900_RS14425,gltP_2,1.0929080166666665,-0.17046,5.5217,1h_SI7,1h,SI7,6h_st,6h,st,5.69216
5.667403805288929,3.787328622133924,-2.4823506258740595,-1.5690055833167234,-1.9843967412431163,N900_RS14430,eamA_9,1.0731716316666668,-0.079083,4.1533,24h_SI6,24h,SI6,6h_SI4,6h,SI4,4.232383
3.138069613441573,2.7865685317803672,-0.729814745135298,-2.865772888948736,-1.175746390986438,N900_RS14435,VC_A0091_BLAST,-0.10999609166666666,-1.416,4.011,3h_SI1,3h,SI1,3h_st,3h,st,5.427
4.041069799496885,3.137252299722011,-2.1174021364325437,-0.7487609084914751,-1.3145450038715611,N900_RS14440,triacylglycerol lipase,0.9176072800000001,-0.55092,4.0328,3h_SI1,3h,SI1,6h_ce,6h,ce,4.58372
6.290021294100492,3.081968375776324,-3.0068764768037926,-0.8363646171725929,-1.8621278028957597,N900_RS14455,N900_RS14455,1.1364730583333331,-0.32517,4.2464,1h_SI6,1h,SI6,6h_SI2,6h,SI2,4.57157
5.93763109328215,3.373547058538999,-1.951962523130218,-0.449927988185879,-1.6276937548962453,N900_RS14460,N900_RS14460,1.63304785,-0.055464,4.5747,1h_SI6,1h,SI6,3h_SI1,3h,SI1,4.630164
2.444547722987891,2.92403912252989,-0.9846889162748094,-1.8116043963313353,-0.8583349130080982,N900_RS14465,NUDIX hydrolase_1,0.07432992333333334,-1.4637,3.5777,24h_SI4,24h,SI4,3h_SI6,3h,SI6,5.0414
3.3788867856137563,2.685954514510271,-2.106451151319721,-0.5275022546946772,-1.8636779785878514,N900_RS14470,pncB,0.7233546166666667,-1.042,3.6516,1h_co,1h,co,1h_SI1,1h,SI1,4.6936
5.729070641953185,4.777273193799812,-3.704399819246065,-1.7495173816640688,-2.6912416235259617,N900_RS14475,ydgJ,0.7585031666666667,-0.89777,3.7676,6h_st,6h,st,3h_SI3,3h,SI3,4.665369999999999
5.955373238440045,3.793505787617717,-3.6104785326963156,0.08390424352121277,-2.590834613098183,N900_RS14480,phage shock protein E,1.328314295,-0.16801,5.0278,1h_SI8,1h,SI8,12h_SI2,12h,SI2,5.19581
6.053376247642819,3.5348144041681713,-2.939492611622301,0.4045348720778022,-1.9000719381866247,N900_RS14485,N900_RS14485,1.3514239333333333,-0.12221,4.0661,1h_SI6,1h,SI6,12h_SI1,12h,SI1,4.1883099999999995
2.4343512451488505,1.8063728215718882,-0.05881026551172245,-1.3687857970926325,-0.48432837956232827,N900_RS14490,HAD family phosphatase,0.6066659499999999,-1.021,4.004,6h_SI3,6h,SI3,3h_st,3h,st,5.0249999999999995
2.634131785197603,2.6091103572052807,-1.4054640336035982,-0.5680882337186762,-0.5674888013827536,N900_RS14495,SulP family inorganic anion transporter_2,0.6758324533333334,-0.631,3.4462,6h_co,6h,co,6h_st,6h,st,4.0772
4.876095434169815,2.3385558479322355,-2.1344100312366097,-1.460969424401265,-1.0468257639662555,N900_RS14500,RluA family pseudouridine synthase,0.7282484348333333,-0.81402,2.9619,3h_SI3,3h,SI3,6h_st,6h,st,3.77592
4.439010932241672,3.723062975321502,-2.4092311260534367,-0.8964524777229833,-1.742474411376487,N900_RS14505,type VI secretion system PAAR protein_2,0.8331022499999997,-0.51853,3.3498,3h_st,3h,st,3h_SI2,3h,SI2,3.8683300000000003
3.8982920283123264,2.251602870044131,-2.238633697715854,-0.725235811769217,-1.2343027319172803,N900_RS14510,N900_RS14510,1.0286589099999999,-0.45981,4.7643,3h_SI3,3h,SI3,6h_st,6h,st,5.2241100000000005
-0.7305910193892906,1.662845584528206,-0.8338086866849822,-1.9387885081863916,-0.40305626047193815,N900_RS14515,tssB,-0.06134811666666665,-1.6234,2.6234,12h_SI2,12h,SI2,6h_SI3,6h,SI3,4.2468
4.578697764359006,3.4139622530011144,-3.1460525498240597,-1.7552937592740177,-2.18482757546308,N900_RS14520,tssC,1.0157486166666667,-0.40848,4.101,3h_SI3,3h,SI3,3h_SI2,3h,SI2,4.50948
1.8129668945419326,1.1584465632991863,-1.0153584302369814,-1.6550655303969213,-0.8135623601785245,N900_RS14525,tssE,0.7856473333333334,-1.6346,6.3144,3h_SI6,3h,SI6,6h_ce,6h,ce,7.949
3.036906728074967,1.0027174476619047,-0.24841143597813264,-0.3565914032782075,0.20376734134429444,N900_RS14530,tssF,0.6000147499999999,-0.90889,5.7526,6h_SI7,6h,SI7,6h_st,6h,st,6.661490000000001
4.944385538429902,3.6132978674612017,-2.9170529306084063,-0.9825313132003578,-1.9145820976027303,N900_RS14535,tssG,0.8065484500000001,-0.7013,4.1828,6h_ce,6h,ce,6h_SI3,6h,SI3,4.8841
5.761232027426304,3.6396975628197796,-2.055616259569238,-1.4895417379215896,-1.611624066718647,N900_RS14540,tagH,0.8445806916666666,-0.33497,3.9672,24h_ce,24h,ce,3h_SI2,3h,SI2,4.30217
4.5191228999306565,3.9432388733570543,-3.063815038452937,-0.12649386677822808,-2.258811843523544,N900_RS14545,tssJ,1.53965285,-0.58724,4.3562,3h_SI9,3h,SI9,3h_SI6,3h,SI6,4.943440000000001
3.0742124331663603,2.3067967938778526,-0.7478860071141759,-1.9354306974742366,-0.7378068251863252,N900_RS14550,tssK,0.6180601833333335,-1.1407,4.016,6h_st,6h,st,1h_SI1,1h,SI1,5.1567
4.017840863384341,1.9874858133404747,-2.2597755058647677,-1.4857863726127087,-1.570325311339099,N900_RS14555,vasF,0.3530161666666667,-1.4007,4.1331,12h_SI2,12h,SI2,6h_SI2,6h,SI2,5.533799999999999
5.582383964356418,4.141885618271625,-2.3029389406072567,-2.3600803421092365,-2.0572275730590337,N900_RS14560,tssH,0.9200113366666667,-0.3958,3.6136,6h_st,6h,st,3h_SI5,3h,SI5,4.0094
5.343988701506633,2.1379581715458746,-2.827311366516136,-0.017802870009925052,-1.9864211726454557,N900_RS14565,vasH,0.6813372166666667,-0.62938,3.8638,3h_SI5,3h,SI5,3h_SI3,3h,SI3,4.49318
5.6095477862267344,4.826901416226767,-3.5669754659193,-2.0809401260720235,-2.6078590208315924,N900_RS14570,tagO,1.0331540333333333,-0.47112,3.5782,12h_st,12h,st,3h_SI5,3h,SI5,4.04932
5.466463224419725,4.088044763132142,-3.0903448562165776,-1.748574358045913,-2.3362006650385014,N900_RS14575,tssA,0.6942221333333334,-1.1237,3.5923,6h_st,6h,st,3h_SI2,3h,SI2,4.715999999999999
4.063854461052019,4.1901413203203495,-2.6253846296064216,-2.228194867032375,-1.957292613233102,N900_RS14580,tssM,0.7569246966666667,-0.77626,4.4856,6h_st,6h,st,3h_SI4,3h,SI4,5.2618599999999995
4.738409322254862,3.397343645285739,-1.759505009648603,-0.8599485239916109,-1.425236921701925,N900_RS14585,vasL,1.0723734999999999,-0.64779,3.6615,3h_SI1,3h,SI1,12h_SI2,12h,SI2,4.30929
4.225492403092933,2.7325098689969005,-1.9627618494358388,-0.004771242577641937,-1.4530633141707223,N900_RS14590,N900_RS14590,1.5880306666666668,-0.23061,5.43,1h_ce,1h,ce,1h_st,1h,st,5.66061
-1.1269081330951745,1.2243511510121736,-0.042445451251326934,-2.219925822293176,-0.030061965690246054,N900_RS14595,tssI_2,-0.4572842166666667,-2.1247,2.1407,6h_SI3,6h,SI3,3h_SI1,3h,SI1,4.2654
3.648922152182392,2.1450484441854,-1.6299512206318179,-0.03233051825413476,-1.061728575255557,N900_RS14600,tsiV3,2.4871110000000005,-0.72289,7.6174,1h_SI6,1h,SI6,6h_SI2,6h,SI2,8.34029
3.156005755862211,2.808471873107806,-1.9671103922112496,0.6762027849813539,-1.7226533782446307,N900_RS14605,N900_RS14605,0.8576984833333332,-0.71698,3.9082,3h_co,3h,co,6h_SI2,6h,SI2,4.62518
5.1645775771162,1.9887689616598652,-1.3509415075501379,-0.4215610891235392,-0.9118141760088179,N900_RS14615,rbsD,0.7879328500000001,-0.92322,5.5236,12h_SI8,12h,SI8,6h_SI1,6h,SI1,6.44682
3.950324288682317,1.9002565744937048,-2.996002498901547,0.2514941464485614,-1.7433798105681957,N900_RS14620,rbsA,1.08865304,-0.7503,4.4801,12h_st,12h,st,6h_SI3,6h,SI3,5.2304
5.631925980002874,3.0221103429631824,-3.061238794173155,-1.860687862536929,-2.036423454088354,N900_RS14625,rbsC,0.6735404050000001,-1.0134,4.7812,12h_SI5,12h,SI5,6h_SI2,6h,SI2,5.7946
3.731989240463223,2.1624863686212574,-2.1246244720504146,1.469613865012463,-1.4291648137079354,N900_RS14630,rbsB,1.2846966666666666,-0.88694,5.4425,1h_SI9,1h,SI9,6h_SI4,6h,SI4,6.32944
5.1230026664959,2.102604539856564,-2.3390661049997057,-0.5528865063335093,-1.3422330325476577,N900_RS14635,rbsK,1.1860945200000004,-0.15649,5.0401,1h_SI8,1h,SI8,6h_st,6h,st,5.19659
2.900133770506569,1.2718880528058658,-1.232775560428429,-0.683476352490162,-0.8289951849166096,N900_RS14640,laci_2,0.16181638333333334,-3.3489,3.8229,6h_SI8,6h,SI8,3h_SI4,3h,SI4,7.1718
6.287229912701982,3.291189377231727,-3.601272542829848,-1.8508050861394134,-2.3775194752781132,N900_RS14645,pnuC,0.5002800000000001,-0.88914,3.6043,3h_st,3h,st,6h_SI2,6h,SI2,4.49344
5.127873203522606,2.1663806307899165,-0.6185787722170301,1.8141692813577932,-0.6944093444906886,N900_RS14650,Nicotinamide riboside transporter PnuC_BLAST,1.5683465833333334,-2.2388,5.8015,1h_SI5,1h,SI5,3h_st,3h,st,8.0403
3.8969243166913694,2.7391509636439726,-1.447093954013488,-0.08843106596310844,-1.3539070462898988,N900_RS14655,udp_2,1.0243475499999999,-0.73228,3.5275,6h_SI2,6h,SI2,3h_st,3h,st,4.25978
3.4579282772562507,3.309330691678246,-2.760701196976356,-1.9312638858682094,-2.026525950421734,N900_RS14660,Crp/Fnr family transcriptional regulator_2,0.24560546000000003,-1.7513,2.8914,6h_SI3,6h,SI3,12h_SI1,12h,SI1,4.6427
5.559652113774022,4.1661033172261535,-3.007894274429088,-0.9174200032918933,-1.9922275170507213,N900_RS14665,glpQ,1.2012939833333336,-0.33113,3.4352,3h_st,3h,st,3h_SI3,3h,SI3,3.76633
5.231782880568844,3.1613522413424633,-2.722539913463326,-0.06184575262528386,-1.8474637042568167,N900_RS14670,glpT,1.7716666833333337,-0.2352,5.2169,1h_SI9,1h,SI9,24h_SI1,24h,SI1,5.4521
4.528885185399756,1.8988511604883853,-2.3941107783720197,-0.20583166527175611,-1.5363587765718505,N900_RS14675,N900_RS14675,1.179211736666667,-0.31504,5.1778,3h_co,3h,co,6h_st,6h,st,5.49284
4.002749033900417,3.3615676653926845,-2.4377569462892605,-1.0731678436940126,-1.6163074540155162,N900_RS14680,spindolin,1.0198445999999999,-0.4481,3.6802,3h_SI1,3h,SI1,3h_SI3,3h,SI3,4.1283
4.951864423518297,3.868023603237595,-3.3496628257543417,-1.6072859273739726,-2.3579008489435536,N900_RS14685,sensor histidine kinase_4,0.8288762466666667,-1.1174,4.2843,6h_SI1,6h,SI1,12h_SI3,12h,SI3,5.4017
4.76935504327087,4.113689208997549,-2.4022485512255125,-1.2584599275616333,-1.859928426321782,N900_RS14690,dctD_2,0.5789646349999998,-0.85378,5.0611,6h_st,6h,st,3h_SI3,3h,SI3,5.91488
4.947354351421408,3.1419563205028442,-2.4865368903463394,-1.3099157530197858,-1.4567222332286995,N900_RS14700,C4-dicarboxylate ABC transporter substrate-binding protein_2,0.41813456666666676,-0.89993,4.8013,1h_st,1h,st,3h_SI4,3h,SI4,5.701230000000001
3.2028546222888092,2.552381427593959,-2.29510166519339,-1.3680193219219436,-1.5878649627514247,N900_RS14705,dctM_2,0.2464661833333333,-1.0563,4.0435,24h_st,24h,st,3h_SI2,3h,SI2,5.0998
2.757971539799441,3.604124884872625,-1.9076493269665422,-1.9402241454237352,-1.456743824282473,N900_RS14710,lhgO,0.9118612683333336,-0.65955,4.2693,6h_SI1,6h,SI1,3h_SI3,3h,SI3,4.928850000000001
4.3566062469096885,3.4515536955269344,-3.0523942791810272,-2.245637789418525,-2.0387220207223558,N900_RS14715,peptidase M66,0.29567737833333335,-1.1244,3.2812,3h_SI1,3h,SI1,12h_SI1,12h,SI1,4.4056
5.796585202249108,2.658893974588625,-1.6862877328753356,-0.24997979212335836,-1.715206721278974,N900_RS14720,def2,1.5265720500000002,-0.42556,5.3288,1h_SI8,1h,SI8,3h_st,3h,st,5.75436
6.185951894609045,4.326178997073046,-3.653696596992708,-0.892715807826013,-2.502417861164591,N900_RS14725,oxidoreductase,1.153730326666667,-0.45255,3.6931,1h_st,1h,st,3h_SI2,3h,SI2,4.14565
5.774956368207704,2.9976983854461734,-1.9696092853539109,-0.6187742240534186,-1.317980494307935,N900_RS14730,mrpG,1.275571816666667,-0.39763,4.2197,1h_SI7,1h,SI7,3h_SI1,3h,SI1,4.61733
2.2915053196821673,3.1414014132689454,-2.19101870667307,-1.0759314339070576,-1.498105079224029,N900_RS14735,cation:proton antiporter,0.7567654833333334,-0.54218,5.244,24h_SI3,24h,SI3,6h_SI3,6h,SI3,5.78618
-1.2867063445094227,-0.8147716884342475,-0.02359303900538909,0.03218569176679941,-0.043330869654884134,N900_RS14740,mrpE,-0.32300234999999994,-1.8152,2.1712,3h_SI6,3h,SI6,12h_SI3,12h,SI3,3.9863999999999997
3.674374173538157,3.5469644966250975,-2.570292584567909,-1.9096641729082253,-1.6704545865065659,N900_RS14745,mnhD,0.36043955833333335,-0.86445,3.0292,24h_SI1,24h,SI1,3h_SI4,3h,SI4,3.89365
3.839139368555262,2.5707051052285377,-2.725309743289367,-1.870522210914859,-1.4540820399179064,N900_RS14750,mrpC,0.6532479050000001,-1.0686,3.7601,3h_SI2,3h,SI2,1h_ce,1h,ce,4.8286999999999995
6.000627987208349,3.8676888022766733,-3.62796738646108,-1.5754521147503349,-2.4114997449535336,N900_RS14755,mrpA,0.7008406166666667,-0.50543,3.3469,1h_st,1h,st,3h_SI1,3h,SI1,3.8523300000000003
-1.033877728336637,-1.699222160539582,0.7834179764905839,-1.744464046753175,0.6427398490751297,N900_RS14760,N900_RS14760,-1.2850110999999997,-4.6618,1.5573,6h_SI6,6h,SI6,12h_SI3,12h,SI3,6.2191
6.295405263085679,2.335328067582576,-3.114402076938029,0.1755090487119907,-1.9550049502065234,N900_RS14765,uspA_2,0.7727559999999999,-1.0223,4.457,6h_ce,6h,ce,6h_st,6h,st,5.4793
5.001069844191666,4.198541673182551,-3.0107499368749115,-1.1479815969890934,-2.388963690803199,N900_RS14770,tryptophan-specific transporter,1.1096724500000001,-0.29149,3.7705,12h_st,12h,st,3h_SI4,3h,SI4,4.06199
2.6641608145590574,2.1239051681929015,-2.2638056002682414,0.700965108191017,-1.486994019492226,N900_RS14775,tnaA,0.6650317283333333,-1.2507,3.6123,3h_SI8,3h,SI8,3h_SI5,3h,SI5,4.8629999999999995
2.9536305426409895,1.5010251691101444,-1.6536433610796872,-1.3467879228839683,-1.1016436936927,N900_RS14785,ypeB_BLAST,0.24818010000000001,-1.3015,4.0371,3h_SI8,3h,SI8,3h_SI1,3h,SI1,5.3386
5.505345927420537,2.943984884564568,-1.3114157614733184,-0.09927365161946045,-1.0410699075048038,N900_RS14795,N900_RS14795,0.9819790816666666,-0.39845,3.5246,1h_SI7,1h,SI7,3h_st,3h,st,3.92305
0.45297349923265007,1.2358449705818049,-1.2872560677467337,-0.7108970860810931,-0.9536234285510798,N900_RS14800,cspV_1,0.6819019683333334,-1.1909,4.1774,1h_co,1h,co,6h_SI5,6h,SI5,5.3683
6.187146671435791,4.066105646041284,-3.215088528307449,-1.1426256792596576,-2.302029643440526,N900_RS14805,N900_RS14805,0.9900946616666666,-0.49914,4.3301,12h_SI6,12h,SI6,3h_SI1,3h,SI1,4.8292399999999995
4.560865620332225,4.021725947675858,-2.721814376450555,-0.31507478282140355,-1.9397852805688167,N900_RS14810,batD,1.0372278024500001,-0.36439,3.484,3h_co,3h,co,3h_SI1,3h,SI1,3.84839
2.2988751794515676,3.9595215474376997,-1.4221564125375161,-2.570726064727401,-1.2950643639553376,N900_RS14815,N900_RS14815,0.33510036666666665,-1.5612,2.8791,6h_SI1,6h,SI1,3h_SI5,3h,SI5,4.440300000000001
5.413570661753258,3.61488073369864,-2.428946402255833,-1.709152930701082,-1.464678907402807,N900_RS14820,N900_RS14820,1.0241935116666665,-0.4809,3.887,1h_st,1h,st,3h_SI1,3h,SI1,4.3679
3.2608275260926725,1.7412370574370655,-1.9932527005334604,-2.2371935942572425,-1.0807061590023035,N900_RS14825,N900_RS14825,0.010192378333333318,-1.641,4.3978,24h_SI1,24h,SI1,6h_SI1,6h,SI1,6.0388
4.618465479557657,3.3767249625679177,-2.1285170426291335,-0.4643490340375508,-1.5514755226738761,N900_RS14830,N900_RS14830,1.3133903625,-0.15197,4.2133,1h_SI9,1h,SI9,1h_st,1h,st,4.365270000000001
4.683396488573678,3.405090900456362,-3.1626686948450895,-2.082318117884474,-2.1482265099716056,N900_RS14835,MoxR family ATPase,0.7368048383333334,-0.75366,3.204,6h_st,6h,st,12h_SI4,12h,SI4,3.95766
6.603340018524918,3.2842382622951747,-3.1311781936668983,0.2784026724016607,-2.002664446080999,N900_RS14840,methyl-accepting chemotaxis protein_20,1.6516783833333337,-0.30857,5.037,1h_SI6,1h,SI6,6h_SI1,6h,SI1,5.34557
3.258064822411642,2.5066503890530663,-2.4757951713699,-1.2102374738366446,-1.3482317194052569,N900_RS14845,chromosome segregation ATPase_2,0.44671156666666667,-1.1859,2.9725,3h_SI1,3h,SI1,6h_st,6h,st,4.1584
5.927750835784991,3.8093739056898865,-2.26052803395439,0.19536781494544328,-1.9722244272240532,N900_RS14850,frnE protein,1.1155926266666667,-0.75901,4.4755,1h_SI4,1h,SI4,3h_SI3,3h,SI3,5.23451
4.866447160456567,3.488950692399787,-3.910519594066797,-0.3792824671383423,-2.7040964283958195,N900_RS14855,psuT,0.4617115500000001,-0.9648,3.3837,1h_ce,1h,ce,6h_SI4,6h,SI4,4.3485000000000005
4.1307001295459855,4.056101643265678,-3.9840900248739355,-1.3548604059628304,-2.8572851082658084,N900_RS14860,pepT,0.9717282,-0.9055,3.5006,12h_st,12h,st,3h_SI5,3h,SI5,4.4061
4.230840280367978,3.796626002882689,-1.1874989342486244,-0.4391449817781815,-1.3392724393521922,N900_RS14865,mscS_2,1.0473618333333332,-0.12769,3.9044,12h_st,12h,st,3h_SI2,3h,SI2,4.03209
4.3736480318072575,3.3768138702747637,-2.4956213094157604,-1.43134424835951,-1.756024437420367,N900_RS14870,norR,0.9653880666666667,-0.82117,3.6888,1h_ce,1h,ce,12h_st,12h,st,4.50997
6.025768970613892,3.55543315491452,-2.601987643538586,-0.9552299841138453,-1.6792771003136124,N900_RS14875,hmpA,0.8405361766666667,-0.64206,3.6934,1h_st,1h,st,3h_SI2,3h,SI2,4.33546
2.5220748918548535,1.8774199395909748,-1.0442562384381877,-1.3755788435044412,-1.2980607577160248,N900_RS14885,arfA,0.8576631833333335,-1.2438,5.3348,12h_SI1,12h,SI1,3h_SI1,3h,SI1,6.578600000000001
3.7830950331305204,1.7894675282161978,-2.476084292380045,-0.5087615354658807,-1.5982449326274073,N900_RS14890,N900_RS14890,0.8366531266666667,-1.8851,4.7062,6h_SI7,6h,SI7,12h_SI1,12h,SI1,6.5913
4.84400549843838,2.3090735721261653,-0.7669285612541709,-0.4790085317095859,-0.7844167709250631,N900_RS14895,N900_RS14895,1.0556755666666666,-0.48375,4.7246,1h_SI6,1h,SI6,3h_st,3h,st,5.208349999999999
6.168704432884873,3.5605284103886135,-2.16496266423341,-0.3063354315194117,-1.5878984939231537,N900_RS14900,rcsC_9,1.5730232666666668,-0.30345,4.2218,1h_SI6,1h,SI6,6h_st,6h,st,4.52525
2.944468789127651,2.206501501613206,-1.5893653744539364,-2.593560713098492,-0.6791026883250886,N900_RS14905,N900_RS14905,0.22359617349999997,-1.5333,4.7713,12h_SI2,12h,SI2,6h_st,6h,st,6.304600000000001
5.874204395766092,3.9971922885777267,-2.7990757932579524,-2.0355063327866154,-2.3809968506826493,N900_RS14910,NAD(P)H-hydrate dehydratase,0.30185363333333337,-1.202,3.0418,6h_st,6h,st,3h_SI3,3h,SI3,4.2438
1.9228781012256169,3.233584044710615,-1.3088568285750715,-2.6596415061016683,-0.9948546409206267,N900_RS14915,ldhA,0.1350595366666667,-1.7158,2.8087,6h_SI3,6h,SI3,3h_SI4,3h,SI4,4.5245
5.502879236119117,4.031496805137821,-2.890925316696502,-1.574041995258479,-1.9194486315646684,N900_RS14920,"Na+/H+ antiporter, putative",0.8517912416666668,-0.54341,3.7246,1h_st,1h,st,3h_SI5,3h,SI5,4.26801
4.06038038307345,2.329497440359892,-2.2094130763820723,-1.3829178203226504,-1.2598765287994012,N900_RS14925,potassium channel protein,0.379093905,-1.029,3.0126,3h_SI4,3h,SI4,3h_SI5,3h,SI5,4.0416
6.1364709531458255,3.927687970334331,-3.6290307673763866,-0.5402540536164494,-2.534282559202451,N900_RS14930,N900_RS14930,0.523956045,-1.0733,3.1352,3h_SI9,3h,SI9,3h_SI1,3h,SI1,4.2085
1.0589606873472321,1.7246080214413213,-0.5208107154686918,-2.561532823823372,-0.4075189168748886,N900_RS14935,N900_RS14935,-0.5307166666666666,-3.3628,3.168,6h_co,6h,co,3h_SI5,3h,SI5,6.5308
2.6794592278070186,2.858315124495602,-2.645465037446203,-2.1833106040431263,-1.6970250053951625,N900_RS14940,guaC,0.6495650883333333,-0.93003,3.6756,12h_SI1,12h,SI1,6h_SI2,6h,SI2,4.605630000000001
1.7282878584047112,1.0398325226198912,0.3196560529789109,-3.576056577084771,0.2769377222993616,N900_RS14945,DNA cytosine methyltransferase,-2.1396211666666667,-5.1845,2.9562,12h_SI5,12h,SI5,1h_st,1h,st,8.140699999999999
2.0699757755987043,0.4459773140348837,-0.5099959157012286,-1.382722457702118,-0.4260232882237359,N900_RS14950,N900_RS14950,-0.8942275,-4.3659,4.1423,6h_SI6,6h,SI6,3h_SI1,3h,SI1,8.508199999999999
3.9634137388105315,2.574014717456574,-2.831313686748968,-1.7120312441654264,-1.8207850611529757,N900_RS14955,N900_RS14955,-0.06139515166666667,-1.4675,4.1407,3h_SI3,3h,SI3,6h_SI2,6h,SI2,5.6082
2.2625137392393,2.373085421970306,-1.631571252401244,-2.275910184297366,-1.0950724468978288,N900_RS14960,N900_RS14960,0.08170961666666665,-1.6726,2.876,6h_SI2,6h,SI2,1h_co,1h,co,4.5486
4.505683522606455,3.422963655139179,-3.425051598208992,0.23635299964594994,-2.3967266394952764,N900_RS14970,rhlE_2,1.1808766166666667,-0.97576,4.5797,1h_ce,1h,ce,3h_SI4,3h,SI4,5.55546
1.6456883114766168,1.011986240352914,0.5486138863090428,0.1503919203383038,0.3997263173754759,N900_RS14975,dcuB,0.3334191766666666,-2.0604,2.4524,6h_SI7,6h,SI7,12h_SI6,12h,SI6,4.5128
2.5201385434507055,1.5160927007878289,0.45425842397596766,0.042767069930416866,0.02368652247723871,N900_RS14990,N900_RS14990,0.9902463833333335,-0.60214,5.6177,1h_SI9,1h,SI9,3h_st,3h,st,6.2198400000000005
4.823527633860502,3.4288569616006184,-2.1986194050703953,-1.0782957499308963,-1.773332581884479,N900_RS14995,VC_A0210_BLAST,0.40954651000000003,-0.98993,2.8931,6h_st,6h,st,6h_SI1,6h,SI1,3.8830299999999998
4.381994036951708,2.5864829481618696,-0.46540283557721673,-0.45159029923023347,-0.9406062844309949,N900_RS15000,rcsC_10,0.7052033833333333,-0.84796,4.9472,1h_st,1h,st,3h_st,3h,st,5.795159999999999
5.533554653965972,2.902913215469898,-2.4634259634862077,-0.9226454700368489,-1.6509121389499797,N900_RS15005,N900_RS15005,1.1144842833333333,-0.34995,5.0488,24h_SI1,24h,SI1,6h_ce,6h,ce,5.39875
3.6058657169667443,2.803334501032212,-1.3522886187009389,-1.826250333023891,-1.409221368123973,N900_RS15010,N900_RS15010,0.7431707499999999,-0.86416,3.8855,3h_SI6,3h,SI6,6h_SI4,6h,SI4,4.74966
4.584782665032984,4.024542718894293,-2.7087766679500414,-1.0149602233427464,-1.8589727958283935,N900_RS15015,emrD,0.8942745999999999,-0.55942,4.462,1h_st,1h,st,3h_SI6,3h,SI6,5.02142
3.032116747019558,2.5202382011664386,-1.9681659873357888,-0.7659817546290146,-1.4108984327166914,N900_RS15025,N900_RS15025,1.0033579666666665,-0.20967,4.2054,3h_SI1,3h,SI1,6h_SI2,6h,SI2,4.41507
4.504927815540825,1.1385050524708922,-1.994195544416749,-1.513827651703837,-1.146719855443249,N900_RS15030,N900_RS15030,0.3646084898333334,-1.0564,4.1407,3h_SI5,3h,SI5,6h_st,6h,st,5.1971
5.3914972793513085,3.105636531717976,-3.3636384682609966,-0.33950365691528467,-2.4152643250221626,N900_RS15035,thermolabile hemolysin,1.46969425,-0.45456,4.43,1h_ce,1h,ce,12h_SI1,12h,SI1,4.88456
3.19110199531742,1.9036874396760923,-0.6981539358703752,0.26606403231366177,-0.059637346218635846,N900_RS15040,hlyA,0.94812045,-0.67228,4.5662,6h_SI4,6h,SI4,6h_st,6h,st,5.23848
4.063827762701726,3.8351489134981436,-2.2836113284386985,-2.7752425532266054,-1.7599935559729256,N900_RS15045,hlyB_BLAST,0.24304066333333332,-1.0391,3.5212,6h_st,6h,st,3h_SI3,3h,SI3,4.5603
3.158876871175117,2.357281284457679,-1.9901379039661389,-1.611531633279228,-1.2337902155559446,N900_RS15050,hlyC,0.6261434833333335,-0.49801,4.6274,6h_SI3,6h,SI3,6h_SI2,6h,SI2,5.12541
5.657974063018627,2.4650525321537997,-3.1609868519863604,-0.9123115244223482,-1.9528198082393686,N900_RS15055,lifO,0.5302599833333334,-0.99257,3.1125,3h_SI4,3h,SI4,3h_SI2,3h,SI2,4.1050699999999996
5.569697965685291,2.4084683413994794,-1.5148008349925117,-2.0417914854535537,-1.2598122001749719,N900_RS15060,prtV,0.5370706666666667,-0.96685,3.9736,24h_ce,24h,ce,3h_st,3h,st,4.94045
5.460217380126261,2.5423135802638117,-2.767621067352674,-1.3239362945562227,-1.970317744623062,N900_RS15065,N900_RS15065,0.9889784333333332,-0.71438,5.6224,6h_SI4,6h,SI4,1h_SI1,1h,SI1,6.33678
6.001068605434302,3.0029353473354035,-2.914737094601402,0.5214708094061395,-1.765252710515265,N900_RS15070,egtC,1.0660218333333333,-0.78944,3.8858,1h_ce,1h,ce,6h_SI1,6h,SI1,4.6752400000000005
2.5135089873327874,2.8191048635961327,-1.9094755105321273,-2.065412200357761,-1.0133672147293784,N900_RS15075,siderophore ABC transporter substrate-binding protein,0.33299563333333343,-1.4311,3.297,6h_SI2,6h,SI2,6h_st,6h,st,4.7281
5.5865529966899095,2.026152308570631,-3.1576302935224208,-0.396031419444754,-2.230624109176106,N900_RS15080,vctD,0.2486776683333333,-1.1851,3.4882,3h_SI5,3h,SI5,6h_SI2,6h,SI2,4.6733
5.927672074849555,3.225168111667411,-2.4539805104581176,-1.4349303757548475,-1.4555461401502876,N900_RS15085,vctG,0.71983425,-0.34436,3.1235,12h_SI6,12h,SI6,3h_SI4,3h,SI4,3.46786
2.6078669886073897,2.2951883773998474,-0.7584891213668005,-0.3808503048005692,-0.3432943431958232,N900_RS15090,vctC,1.1217792000000002,-0.47369,4.4879,1h_SI8,1h,SI8,3h_SI3,3h,SI3,4.96159
5.431885156970345,4.010051223500855,-2.664594237202459,-1.353887553606954,-1.7184233146325165,N900_RS15095,AraC family transcriptional regulator_5,1.0933262616666668,-0.28185,3.8769,3h_st,3h,st,3h_SI4,3h,SI4,4.15875
5.392409190502197,3.7509049395476755,-3.2977725606038883,-1.2613286278232347,-2.2887040472246802,N900_RS15100,vctA,0.9684768956666667,-0.41411,3.3032,3h_SI4,3h,SI4,3h_SI1,3h,SI1,3.71731
3.166343881969696,2.134567013543736,-1.3878428803949225,-1.0850219039838311,-1.1873296764855945,N900_RS15105,N900_RS15105,0.12243378166666667,-1.2059,3.9365,6h_SI3,6h,SI3,3h_SI3,3h,SI3,5.1424
5.848023292910983,3.4964191083249894,-3.2655657109317744,-1.3046774609527139,-2.095316572237587,N900_RS15110,ackA_2,1.2857613333333333,-0.26012,4.284,1h_st,1h,st,3h_SI1,3h,SI1,4.5441199999999995
0.7040253119682852,2.6205584248656892,-0.10242589754810874,-0.9569849576631931,-0.3129327935847855,N900_RS15115,N900_RS15115,0.42282386666666666,-1.7495,4.7083,12h_SI2,12h,SI2,3h_SI3,3h,SI3,6.457800000000001
5.74924930376403,3.900206512962694,-3.8488235776654802,-2.2364444641260137,-2.7664201062552394,N900_RS15120,phosphoribosyl-AMP cyclohydrolase,0.4060095799999999,-1.2686,3.7771,12h_st,12h,st,6h_SI1,6h,SI1,5.0457
5.052662420635736,3.7002830582179964,-2.997674089464611,0.47825164997731395,-2.078522204209307,N900_RS15125,sensor histidine kinase_5,1.5056493650000002,-0.12445,3.993,6h_st,6h,st,6h_SI1,6h,SI1,4.11745
1.2474688706417967,2.792645412316979,-1.3086621144930553,-1.353936675827568,-0.9657984274340824,N900_RS15130,ctrA,0.20937345,-1.2849,2.8929,6h_SI4,6h,SI4,3h_SI3,3h,SI3,4.1777999999999995
1.5831010604163176,1.2959599308129015,-0.40939165471405337,-0.20409586177969194,-0.3304878858650859,N900_RS15135,N900_RS15135,0.9399089799999999,-1.4703,5.0791,6h_SI6,6h,SI6,3h_SI3,3h,SI3,6.5494
1.7641441697572686,1.208068134480264,-2.0033617448304404,0.25547634423283444,-1.3693613407139527,N900_RS15140,ulaE,0.5355299066666667,-1.6675,4.6927,12h_SI3,12h,SI3,6h_SI1,6h,SI1,6.360200000000001
3.6059425331027364,1.6957201555502455,-1.0631383396098215,-1.1277538689712612,-0.7038392973987494,N900_RS15145,sgbH,-0.1887050833333333,-1.9101,5.0409,12h_SI7,12h,SI7,6h_SI1,6h,SI1,6.951
3.4034070309150186,3.4073867774729676,-1.2647886152071866,-1.5959866898981077,-1.4241431937353606,N900_RS15150,ybhA,0.5236248816666668,-0.93284,4.8388,6h_st,6h,st,3h_SI2,3h,SI2,5.77164
3.118768697812607,2.9032773211258336,-2.8277747155203987,-1.9286406648764745,-1.8981516428026044,N900_RS15155,ulaF,0.1941852,-1.437,3.3342,6h_st,6h,st,6h_ce,6h,ce,4.7712
5.671715188862776,3.268739985679191,-2.8268881711659573,-0.22917079814057612,-2.329313890453063,N900_RS15160,ulaC,0.53455084,-0.975,3.0857,3h_SI2,3h,SI2,6h_SI4,6h,SI4,4.0607
3.78433918052462,2.8825049679616916,-2.943244058101066,-1.5570326544868525,-1.954751377048755,N900_RS15165,PTS ascorbate-specific subunit IIBC,-0.024426440000000015,-1.3397,2.8439,6h_SI7,6h,SI7,12h_SI3,12h,SI3,4.1836
4.376289083733234,3.0105312430680566,-2.0982611814300958,-2.6060265244484264,-1.4800499062360042,N900_RS15170,ulaR,-0.3687401,-3.54,3.6143,6h_SI6,6h,SI6,6h_SI1,6h,SI1,7.1543
3.395221300152897,2.209812803338176,-1.0083203470706177,-1.2707916822678473,-1.1180363694581992,N900_RS15175,ulaG,0.48174983283333345,-0.97042,3.9615,12h_SI1,12h,SI1,3h_SI1,3h,SI1,4.93192
2.316203572759811,2.0739286416870533,-1.0120391133706637,-1.2805543299237085,-0.6446017433628889,N900_RS15180,yceJ_1,0.37490658333333327,-1.1594,3.1461,3h_SI2,3h,SI2,6h_SI2,6h,SI2,4.3055
5.791175655359221,3.9302238440366613,-2.8799829526011793,-0.9037450327425233,-2.157603052815094,N900_RS15185,tam,1.07174385,-0.24468,3.6396,3h_co,3h,co,6h_ce,6h,ce,3.8842800000000004
3.562699472217012,3.61930942374546,-2.194351146448188,-2.1224615268860276,-1.919424837929482,N900_RS15190,antibiotic acetyltransferase_1,0.82074985,-1.3726,4.0007,6h_SI1,6h,SI1,6h_ce,6h,ce,5.3733
3.3425542135710717,0.39482813891903523,-1.880085066525032,0.7595124170690454,-0.9289695493472019,N900_RS15195,N900_RS15195,1.1030312500000001,-0.80786,6.4407,12h_SI4,12h,SI4,6h_st,6h,st,7.2485599999999994
5.60120208721285,2.850713941498379,-2.4355464732028524,-1.8979905533302002,-1.603488799284761,N900_RS15200,N900_RS15200,0.14544948333333335,-1.5861,2.6528,3h_SI5,3h,SI5,6h_SI2,6h,SI2,4.2389
1.6628986782679105,1.617607520591324,0.7273167036486279,-0.10790011699378144,0.15676881621811858,N900_RS15205,N900_RS15205,1.2638085666666667,-0.96438,4.8584,6h_SI5,6h,SI5,3h_SI3,3h,SI3,5.82278
5.587833243839019,3.409477308776342,-1.8465512492100453,-0.29050559381611957,-1.672800690556308,N900_RS15210,DNA-binding response regulator_2,1.5251856666666663,-0.30618,4.4879,1h_SI9,1h,SI9,3h_st,3h,st,4.79408
3.727043334115445,3.7531230619681377,-2.742305699376814,-1.5847789456414745,-1.8991229207804952,N900_RS15215,sensor histidine kinase,0.9964218833333334,-0.43941,3.5627,3h_SI2,3h,SI2,6h_ce,6h,ce,4.00211
4.8870096418328925,3.1344609137759094,-1.6365936682634912,-2.297845747144737,-1.125315372229282,N900_RS15220,N900_RS15220,0.1237858166666667,-1.5259,3.0541,6h_SI4,6h,SI4,3h_SI5,3h,SI5,4.58
4.150075678984732,2.1146269471451835,-1.3637347477522324,-1.0733086757429255,-0.9376110849806958,N900_RS15225,copI_BLAST,0.5662038000000001,-0.98204,4.1643,3h_SI5,3h,SI5,12h_SI1,12h,SI1,5.14634
3.7586967876837334,3.683457013128618,-2.827151210893815,-0.874383169358671,-2.117288835461973,N900_RS15230,N900_RS15230,1.0048469166666667,-0.38323,4.4115,6h_ce,6h,ce,3h_SI2,3h,SI2,4.79473
2.6027420202318523,2.938037207636856,-1.7621671574935573,-0.9930596372125515,-1.2458981362831354,N900_RS15235,N-acetyltransferase_4,1.1782344166666665,-0.40424,5.3531,24h_st,24h,st,3h_SI2,3h,SI2,5.75734
4.264120361237974,2.9350109138985916,-1.7802113169366258,-0.5183040912390988,-1.314437600326938,N900_RS15240,yfiC_2,0.8241683916666667,-0.935,5.1353,1h_co,1h,co,3h_SI2,3h,SI2,6.0703
3.088414304857115,1.0313872476282784,-1.0572484681789975,-0.018695899165674428,-0.2165384403441208,N900_RS15245,N900_RS15245,0.5160328316666667,-2.2942,5.5445,6h_SI5,6h,SI5,6h_st,6h,st,7.8387
1.8784326705053844,2.147535831649271,-1.2825087852171044,-2.0952652811917036,-1.1021396149004943,N900_RS15250,nimR_1,-0.34364031166666664,-2.3476,2.5358,12h_SI3,12h,SI3,3h_SI2,3h,SI2,4.8834
6.402032766470801,4.217493727863628,-3.9142219082142473,-1.3505285666026468,-2.7215465927606437,N900_RS15255,emrD3,0.759544055,-0.64658,3.2808,12h_st,12h,st,3h_SI1,3h,SI1,3.9273800000000003
5.806968612097063,3.694316552038829,-1.8314437043055336,-1.4309514843913522,-1.6521334309624622,N900_RS15260,methyl-accepting chemotaxis protein_21,0.8945622049999999,-0.44324,3.6011,6h_SI7,6h,SI7,3h_SI3,3h,SI3,4.04434
6.092005219417825,3.5033827789219667,-2.0496646926030424,-1.2699910015046616,-1.8803364822990227,N900_RS15265,hdc,1.2264972166666666,-0.21638,4.3689,6h_st,6h,st,3h_st,3h,st,4.58528
2.65692885548279,2.794266970427772,-0.2950133766762786,-0.7312100860876842,-0.9209137166092436,N900_RS15270,dacA_2,1.0704898333333333,-0.66035,4.8619,6h_SI2,6h,SI2,3h_st,3h,st,5.5222500000000005
5.325546188747961,3.5293813008915564,-2.3925568558947226,0.12324084397363033,-1.5974914408163072,N900_RS15275,XRE family transcriptional regulator_9,1.1953142916666668,-0.34569,3.9772,1h_SI8,1h,SI8,3h_SI1,3h,SI1,4.32289
5.249187342349117,2.7006779426277894,-1.5258283455532557,-0.5345982862737279,-1.5333202983858047,N900_RS15280,N900_RS15280,1.3351747766666664,-0.16862,5.831,1h_SI6,1h,SI6,3h_st,3h,st,5.99962
5.65336072637162,3.8851150805813193,-2.959751069845877,-0.309276425383778,-2.12004786258336,N900_RS15285,cah,0.6753901833333333,-1.0445,3.7177,12h_SI8,12h,SI8,3h_SI3,3h,SI3,4.7622
2.187539725915978,1.5087454301151122,-2.248763601818352,-2.589905288167733,-1.4024504327746719,N900_RS15295,gcvP,-0.11339373333333332,-1.7545,4.0519,12h_SI4,12h,SI4,1h_ce,1h,ce,5.8064
2.632917375093073,2.2887838813845724,-2.2293828476312636,-0.5787022522105757,-1.5120260729160755,N900_RS15300,gcvH,0.9777325116666666,-0.26305,4.0428,1h_SI9,1h,SI9,1h_SI1,1h,SI1,4.3058499999999995
5.903650655231812,3.7929429185967227,-2.8929888747036907,-1.4709439985610224,-2.3774088210019535,N900_RS15305,glyA2,0.8324931016666667,-0.72686,3.7585,12h_st,12h,st,3h_SI1,3h,SI1,4.48536
5.987924781674228,3.277672644881874,-1.9610407303766422,0.1272560795902504,-1.5831199812552517,N900_RS15315,gcvT,1.2607193500000002,-0.33547,3.8181,1h_SI8,1h,SI8,3h_SI1,3h,SI1,4.15357
4.017629538173074,2.2717747789050233,-0.4464129649556633,-2.2580423634994884,-0.7476995546730278,N900_RS15320,"integrase, putative",-0.123182,-2.0723,4.0216,12h_SI8,12h,SI8,12h_SI1,12h,SI1,6.0939
4.744996386122219,2.7095343611626084,-1.9236816643066763,-1.2518854246573965,-1.4285828704794616,N900_RS15330,Pseudogene_N900_RS15330,0.5921912999999999,-1.7218,4.5487,12h_SI8,12h,SI8,12h_SI1,12h,SI1,6.2705
2.0113846846245207,0.4212257675831969,1.4160354822795194,-0.0629778183669208,0.00686067752481001,N900_RS15335,type VI secretion system PAAR protein_1,0.008635900833333333,0.00062908,0.17791,12h_SI8,12h,SI8,3h_st,3h,st,0.17728092
5.903493366082479,3.3928211296769515,-2.8995791373153534,-0.2991299751659754,-1.8032605579421597,N900_RS15340,N900_RS15340,0.48318176333333335,-1.2482,3.1903,12h_SI8,12h,SI8,3h_SI1,3h,SI1,4.4385
4.414607745598013,2.7038637298861086,-3.4600121071671173,0.029190587124625553,-2.4007554545990817,N900_RS15370,intIA,1.1291216333333332,-0.080779,4.8476,12h_st,12h,st,6h_SI4,6h,SI4,4.928379
1.107753317694105,2.3023938204424854,-1.0837974356358335,-1.9654813802989972,-0.9093387193367165,N900_RS15375,N900_RS15375,-0.02289043333333335,-2.5247,3.0604,3h_SI9,3h,SI9,3h_SI3,3h,SI3,5.585100000000001
2.884197773631635,3.5861717944709595,-2.7711870850190823,-2.6581841679694356,-1.9626977083122377,N900_RS15390,N900_RS15390,0.09903674999999998,-1.908,3.3005,6h_SI1,6h,SI1,3h_SI5,3h,SI5,5.2085
4.019939332230971,3.3381896698989593,-2.75799372054446,-1.6460280702516106,-2.228830946570521,N900_RS15395,catB9,0.6441362833333333,-0.90251,4.5952,3h_SI9,3h,SI9,3h_SI1,3h,SI1,5.4977100000000005
3.7119694527111995,1.94824801948688,-3.0354259371984065,-0.5328545980359193,-2.235159102236427,N900_RS15400,ygfF,0.10089349999999998,-1.485,2.4851,3h_SI2,3h,SI2,6h_SI4,6h,SI4,3.9701000000000004
2.9277487844399532,0.9180162859010604,-1.407259584733773,-3.6033281626779368,-1.004177015906039,N900_RS15415,N900_RS15415,-1.0176916666666667,-2.9248,3.0967,24h_co,24h,co,1h_SI1,1h,SI1,6.0215
0.7566093257687455,1.4748930603159398,-1.3601024468251224,-1.9367895646474278,-0.9738933738351879,N900_RS15430,HNH endonuclease_2,-0.2589045766666666,-2.7473,2.7622,3h_SI9,3h,SI9,3h_SI1,3h,SI1,5.5095
0.6640540320161251,2.395945716513503,-1.057305445962607,-2.762595691755741,-0.8814691818270886,N900_RS15435,VC_A0308_BLAST,-0.29818726666666673,-2.0245,2.4114,6h_SI3,6h,SI3,1h_ce,1h,ce,4.4359
2.550859431395874,1.776646501930856,-2.267860339675122,-1.6179478518573356,-1.5711551371539478,N900_RS15440,HNH endonuclease_1,-0.10880488866666663,-2.5043,2.4738,12h_SI4,12h,SI4,3h_SI2,3h,SI2,4.9781
0.13667208039118098,0.5474928170527864,0.2864071368726415,0.5904649140609161,0.5613491639579963,N900_RS15445,N900_RS15445,0.4796739833333334,-2.0096,6.7351,3h_SI9,3h,SI9,6h_st,6h,st,8.7447
2.0433859868250113,1.388498553014731,-1.772484582672725,-3.5783572812394295,-1.2314320231961036,N900_RS15460,rppH_2,-0.5848261983333334,-2.4371,3.5886,24h_SI5,24h,SI5,12h_SI2,12h,SI2,6.0257000000000005
-0.689706235745421,1.4091090601379948,-0.1317898192918584,0.21952544393169676,-0.15746673162688588,N900_RS15480,blc_1,0.5499585166666666,-1.9887,4.5659,3h_ce,3h,ce,3h_SI4,3h,SI4,6.5546
0.9748094979092381,0.03240031250185649,1.8839180602049999,-0.3327213835793095,0.34885613658914366,N900_RS15500,N900_RS15500,0.015586116666666669,0.00036696,0.37722,12h_ce,12h,ce,3h_st,3h,st,0.37685304
5.649385360289835,3.341324165660366,-2.2390650065657733,0.9123417533933753,-1.8550065629715324,N900_RS15510,type II toxin-antitoxin system YafQ family toxin,1.0779460799999998,-0.81156,4.2607,3h_co,3h,co,3h_SI3,3h,SI3,5.07226
3.8912488878621687,2.2331471538452803,-1.5413023591697441,-2.0465057224378262,-1.728486502691871,N900_RS15545,OsmC family peroxiredoxin,0.2921222333333333,-1.1124,4.471,6h_SI1,6h,SI1,3h_st,3h,st,5.5834
3.0707218651544883,1.4834000261775844,-0.7900769882306324,-1.6585262561074512,-0.5391456317983035,N900_RS15550,N900_RS15550,-0.5928113049999999,-3.6856,4.0015,12h_ce,12h,ce,3h_SI1,3h,SI1,7.6871
2.1513834721176823,0.2609844978596825,-0.6103132902946881,-3.3469390296124297,-0.37541722655287707,N900_RS15555,toxin,-1.616501666666667,-4.4485,3.3211,12h_SI4,12h,SI4,1h_ce,1h,ce,7.7696000000000005
1.8955619836416617,2.70606935756429,-1.2558507286380753,-1.5815730693603973,-1.041547338154701,N900_RS15565,N900_RS15565,0.10139413849999998,-1.7154,4.1808,12h_co,12h,co,3h_SI1,3h,SI1,5.896199999999999
4.892721103034233,2.3032481553409867,-1.757159881657788,-1.6910890703215207,-1.1562865402907094,N900_RS15575,mccF_1,0.5240731466666667,-1.008,3.7444,12h_ce,12h,ce,3h_SI3,3h,SI3,4.7524
3.0485505605733527,3.4783064444464444,-2.2390709197054277,-1.6831706221104596,-1.6307366547628903,N900_RS15580,N900_RS15580,0.9157978166666667,-0.73239,4.5594,3h_SI1,3h,SI1,6h_ce,6h,ce,5.29179
2.883378028759775,1.7349734159554924,-2.6301799524197973,0.5234238606381085,-1.7565112752727023,N900_RS15585,N900_RS15585,1.0459315,-0.4069,4.5137,6h_SI2,6h,SI2,6h_SI1,6h,SI1,4.9206
3.819233035414428,3.728410046633015,-1.7291592701942782,-0.9464717014715843,-1.7256938687275436,N900_RS15590,N900_RS15590,0.6976235666666665,-0.81897,3.5136,3h_SI9,3h,SI9,3h_SI2,3h,SI2,4.33257
2.5006637627379082,1.664891557295042,-1.1098468481732444,-1.0032851494419783,-0.723070224771138,N900_RS15600,N900_RS15600,0.744442383333333,-1.2245,6.496,3h_SI7,3h,SI7,1h_SI1,1h,SI1,7.7205
4.223498346244993,0.7171516465879332,-2.029370138035056,-1.6224425907364102,-1.4480948811087249,N900_RS15615,N900_RS15615,-0.18069857398333336,-3.3841,5.1227,3h_ce,3h,ce,1h_SI1,1h,SI1,8.5068
5.108490671374463,3.293193891783143,-2.766670348661325,-0.1326422844926552,-2.015214255562192,N900_RS15620,H-REV 107-related protein,0.40601613000000003,-1.7008,2.7432,1h_co,1h,co,1h_SI1,1h,SI1,4.444
4.378885414435044,3.2485840286901664,-2.4576162451657018,-1.1773083229928563,-1.935632726083659,N900_RS15645,N900_RS15645,0.2910924333333334,-1.3887,4.0608,12h_SI4,12h,SI4,3h_SI1,3h,SI1,5.4495000000000005
0.08452062977914239,0.12561761094086463,0.2766399094493857,-0.8462997805083532,0.29635579218382807,N900_RS15655,VC_A0354_BLAST_1,-0.0617070866666667,-2.0752,3.9739,3h_SI7,3h,SI7,1h_SI1,1h,SI1,6.0491
5.617963682597352,2.9055952597418755,-1.996992377461852,-1.1880842421183617,-1.493710644058764,N900_RS15660,lyse_2,0.45431371833333334,-1.8926,4.0107,12h_SI8,12h,SI8,12h_SI1,12h,SI1,5.9033
1.6000487069652647,1.733313931377129,-1.7976454928918972,-0.8944933860152313,-1.0876729028464465,N900_RS15665,N900_RS15665,0.3368162,-1.6863,3.2249,12h_SI8,12h,SI8,12h_SI3,12h,SI3,4.9112
0.8701419288005241,0.1542881154898346,-1.155685074850498,1.8999860499291044,-0.8010379738065487,N900_RS15670,N900_RS15670,0.7935126333333334,-1.8185,5.5816,1h_SI2,1h,SI2,6h_ce,6h,ce,7.4001
4.701206141290757,3.394426932901523,-2.142251315055617,-0.9339382598994761,-1.623181586614316,N900_RS15675,N900_RS15675,1.4342892833333336,-0.02206,5.8562,1h_SI7,1h,SI7,1h_st,1h,st,5.87826
1.5954250860794121,0.9400081944325812,-0.16461887197843858,-0.13080646227906792,-0.0290851218202292,N900_RS15680,N900_RS15680,0.8108804999999999,-0.97713,2.9599,1h_SI5,1h,SI5,6h_SI2,6h,SI2,3.93703
0.3794376535731762,-1.1902744268145697,1.202040564116755,-0.8696670847825796,1.2073247275954533,N900_RS15685,parE1,-0.27652061666666666,-2.5997,2.9226,3h_SI7,3h,SI7,6h_st,6h,st,5.5222999999999995
3.27184416983191,1.163400022076466,-1.9840363104082415,-1.1038890936431156,-1.2311873310546757,N900_RS15695,N900_RS15695,0.014873133333333354,-2.3999,4.8696,12h_SI8,12h,SI8,6h_SI2,6h,SI2,7.269500000000001
0.11244197763868559,0.8275722464041593,-0.06117604868014027,-1.8142204685213692,0.18606092691982662,N900_RS15705,N900_RS15705,-0.6610291666666667,-3.7302,2.0155,12h_SI8,12h,SI8,1h_ce,1h,ce,5.745699999999999
3.44794697316178,1.5142746635129973,0.9589887805608851,-1.2137934245199509,0.5820682347685031,N900_RS15715,N900_RS15715,0.6084107999999999,-1.9319,3.6415,12h_SI8,12h,SI8,12h_SI1,12h,SI1,5.5734
1.4654332277529047,0.34982874995334684,0.45547744010606556,-1.3190033712452733,0.663320399797163,N900_RS15720,restriction endonuclease,-0.06581955833333335,-3.2697,5.1328,12h_SI8,12h,SI8,6h_st,6h,st,8.4025
3.047369757703367,3.103838804027266,-0.9588593707750531,-0.7761526167421512,-1.1836954386522816,N900_RS15725,N900_RS15725,0.9024296500000001,-1.168,4.4002,12h_SI8,12h,SI8,3h_SI3,3h,SI3,5.5682
4.464170132998042,2.4039171332006197,-0.8824923401691769,-2.0215017482628346,-0.8893621802880614,N900_RS15730,N900_RS15730,-0.09565884999999999,-2.6452,3.2745,12h_SI8,12h,SI8,3h_st,3h,st,5.919700000000001
2.2776918646597415,2.614305228568022,-2.228008239049253,-1.6594345797921524,-1.4388737357147356,N900_RS15750,N900_RS15750,0.29219312000000003,-1.7125,3.7138,12h_SI8,12h,SI8,3h_SI5,3h,SI5,5.4262999999999995
0.22392206462923994,-0.35143066999185335,0.5863096445400544,1.5309922205296944,0.5001177889348267,N900_RS15755,N900_RS15755,1.1407781666666668,-1.9899,4.7497,12h_SI5,12h,SI5,24h_SI2,24h,SI2,6.739599999999999
2.534449217083218,1.6642026961825656,-1.7384885495032911,-2.315088660823237,-1.2948832546185247,N900_RS15770,nitrate reductase,-0.2980817166666666,-2.4418,3.8504,12h_co,12h,co,1h_SI1,1h,SI1,6.2922
-1.698786817180908,-0.3007479957787844,-0.05819604790366699,-1.3475684897601015,-0.10727143435431989,N900_RS15780,N900_RS15780,-0.06943324166666669,-2.2288,2.6148,12h_SI4,12h,SI4,6h_SI5,6h,SI5,4.8436
2.626966448765759,1.9798734134493527,-2.052760013692615,-1.689741528551444,-1.4684979793829382,N900_RS15785,yiaC,0.26372938333333334,-1.2312,4.4723,3h_SI3,3h,SI3,3h_SI2,3h,SI2,5.7035
5.381563135253462,3.9577974712870767,-2.6106142717877936,-1.8635089323080203,-1.999648702281153,N900_RS15790,N900_RS15790,0.47454532333333327,-1.0494,2.7348,12h_st,12h,st,3h_SI5,3h,SI5,3.7842000000000002
3.41409001259564,2.7060365774560156,-3.3905147370923805,-2.960704628500138,-2.376164148665713,N900_RS15805,bar,-0.33701500000000006,-1.8827,3.3995,6h_SI1,6h,SI1,1h_SI1,1h,SI1,5.2822000000000005
0.8657011613369479,1.7666897553931642,-0.9588226412246499,-2.2601864578398865,-0.5672295793611503,N900_RS15810,N900_RS15810,-0.4595319666666666,-2.2171,2.8061,12h_ce,12h,ce,6h_SI2,6h,SI2,5.023199999999999
2.9559062880199396,1.749024412922462,-1.306495352517334,0.011318441031356393,-0.9862756422678098,N900_RS15820,Pseudogene_N900_RS15820,0.6822516666666666,-1.106,5.3254,6h_co,6h,co,6h_SI1,6h,SI1,6.4314
3.965545272706688,3.6770534754669186,-2.605849458176977,-0.6806680693447699,-1.9291835706500409,N900_RS15825,higB-1_BLAST,0.85594051,-0.38423,4.5064,3h_st,3h,st,3h_SI3,3h,SI3,4.89063
2.8503494585562748,2.7763572150830353,-1.3480897866292425,-1.5904032689428529,-1.0619902233760623,N900_RS15845,Pseudogene_N900_RS15845,0.27438604166666664,-2.4057,3.5597,12h_SI8,12h,SI8,6h_SI3,6h,SI3,5.9654
0.860282425319832,0.7915442553256753,0.05625192869729283,-2.8237321971702003,0.10908066526022153,N900_RS15850,N900_RS15850,-1.3771251333333334,-4.2724,1.1127,12h_SI8,12h,SI8,1h_ce,1h,ce,5.3851
3.2747233722085847,1.00891159538292,-2.1219159208576155,-1.3675982041567378,-1.2798073083386299,N900_RS15855,GNAT family N-acetyltransferase_9,-0.02234839999999998,-2.6979,3.4007,12h_SI8,12h,SI8,6h_SI1,6h,SI1,6.0986
4.575420870361085,2.444988066058258,-0.44145136113908184,-1.6423825349106018,-0.8064557391366198,N900_RS15865,relE_1,0.7884220115000001,-1.5627,5.4474,12h_SI8,12h,SI8,3h_st,3h,st,7.0100999999999996
2.964694706351508,2.8214689150461782,-2.2905599243012875,-0.9905261841901505,-1.7055953375650186,N900_RS15880,hemagglutinin,0.78077633,-0.78249,4.0803,12h_SI2,12h,SI2,6h_SI2,6h,SI2,4.86279
5.064540402596555,3.6251493749012083,-3.0988411946570746,-0.47321515946219933,-2.2808489806291257,N900_RS15885,site-specific DNA-methyltransferase,0.8774892099999999,-0.25326,4.1696,12h_SI8,12h,SI8,6h_SI4,6h,SI4,4.42286
4.808979236178546,3.749126311164867,-2.281821061396526,-1.6384250363909263,-1.5765795072527315,N900_RS15900,N900_RS15900,0.9284137716666667,-0.67835,4.5869,12h_SI8,12h,SI8,3h_SI2,3h,SI2,5.26525
2.9584131612898408,2.624389910446256,-1.94165319369565,-0.9470546323420627,-1.438608620158323,N900_RS15905,N900_RS15905,0.060548686666666685,-1.7624,2.9516,12h_SI8,12h,SI8,6h_SI2,6h,SI2,4.714
4.185258755227666,1.523303247405387,-1.7890398187252323,-0.8155268570932611,-0.861475891857122,N900_RS15910,N900_RS15910,0.30484123166666677,-2.8453,3.7503,12h_SI8,12h,SI8,6h_st,6h,st,6.5956
3.749681839649284,0.5889804587184894,-0.2125530225094773,-1.4813510952184599,-0.1251701218544138,N900_RS15915,N900_RS15915,-1.11123354,-3.606,1.6034,12h_SI8,12h,SI8,12h_SI2,12h,SI2,5.2094
2.425966949488513,1.0582396602057464,-0.5034693403498494,-3.1213364107169093,-0.2550734254562532,N900_RS15920,Pseudogene_N900_RS15920,-1.1846782000000002,-4.1939,1.5896,12h_SI8,12h,SI8,1h_SI1,1h,SI1,5.7835
3.7870247172461173,3.2595357366839988,-1.6218023775063,-2.3356217938149677,-1.2221468380452647,N900_RS15925,N900_RS15925,0.35380017766666666,-1.4129,4.0138,12h_SI8,12h,SI8,3h_SI3,3h,SI3,5.4267
1.5907771065279173,0.3256290561854973,-0.6019765875013018,-0.03666095288952435,-0.34892846806912386,N900_RS15930,N900_RS15930,0.0012084333333333326,-2.496,2.3043,12h_SI8,12h,SI8,6h_SI4,6h,SI4,4.8003
2.638587172984329,1.2197917370498408,-1.8904925247563715,-0.8929391552785099,-1.2417770476821557,N900_RS15935,N900_RS15935,0.20808993333333337,-1.4397,3.2808,12h_SI6,12h,SI6,1h_SI1,1h,SI1,4.7205
4.429722975937768,4.140372933826996,-2.710694361117658,-2.225237982901135,-1.9238426545008038,N900_RS15940,N900_RS15940,0.5237680916666666,-1.1836,3.4909,12h_SI8,12h,SI8,3h_SI4,3h,SI4,4.6745
-0.6738149843743261,1.623550026990712,-0.27188804351596274,-0.8749700338917122,-0.0790203554714838,N900_RS15950,N900_RS15950,0.25335393333333334,-1.7327,2.7027,12h_SI8,12h,SI8,3h_SI4,3h,SI4,4.4354
5.999974036414765,3.965758985169618,-3.20527196705729,-1.7639462270889574,-2.3501747721040687,N900_RS15970,N900_RS15970,1.1528555000000003,-0.46373,4.1108,6h_st,6h,st,3h_SI1,3h,SI1,4.57453
4.729990509694233,3.813518364214711,-2.378271069099451,0.0428462905409421,-1.7912592797592162,N900_RS15990,ypeA_3,1.3665728833333333,-0.24499,4.4678,1h_SI4,1h,SI4,12h_SI1,12h,SI1,4.71279
5.60005943498367,2.219354116076145,-2.122707210759343,-0.7882016138012597,-1.5551182682207156,N900_RS16000,tnp_D2,0.4684770203333333,-1.8435,3.3309,12h_ce,12h,ce,12h_st,12h,st,5.1744
5.2461834389844695,3.3515273315357526,-3.1863036426413514,-1.7738991375014572,-2.146634802452407,N900_RS16005,antibiotic acetyltransferase_2,0.5293890099999998,-0.97174,3.3843,12h_SI8,12h,SI8,3h_SI1,3h,SI1,4.35604
5.137361334091278,4.037169271006047,-2.636467763083671,-1.3993835039286573,-2.219313670127226,N900_RS16010,GNAT family N-acetyltransferase_6,0.94166235,-0.39445,4.0712,6h_st,6h,st,6h_SI2,6h,SI2,4.46565
4.435412716827803,2.49474591201081,-0.42427501390169214,0.43831350335028796,-0.6958069084631421,N900_RS16015,type II toxin-antitoxin system death-on-curing family toxin,1.2191837666666667,-0.75081,6.003,1h_SI9,1h,SI9,3h_st,3h,st,6.75381
5.6483121737790265,2.33918152572881,-0.8078984706695502,-0.2350831617541281,-0.6368049422522926,N900_RS16025,type II toxin-antitoxin system Phd/YefM family antitoxin_1,1.89653865,-0.065557,4.0415,6h_SI9,6h,SI9,12h_st,12h,st,4.107057
6.225592243477405,3.408543258968746,-2.699956405074937,-0.6311980903148747,-1.7245660952420485,N900_RS16030,rele,0.78793155,-0.85249,3.0446,12h_SI7,12h,SI7,12h_SI2,12h,SI2,3.89709
3.1289940353465657,2.78119493022376,-0.7145290522885412,-0.5385748615735965,-0.46026437278348875,N900_RS16035,GNAT family N-acetyltransferase_10,1.353005896666667,-0.85716,3.8368,1h_SI4,1h,SI4,12h_SI3,12h,SI3,4.693960000000001
3.2555863429626926,2.677058886939337,-0.9045794977012513,-0.6265600664680072,-0.7448659859219036,N900_RS16060,N900_RS16060,0.41023964499999993,-1.4017,4.6616,1h_SI1,1h,SI1,3h_SI3,3h,SI3,6.0633
4.885380079694828,2.663109029709404,-1.3509419906191953,-0.6603766521546811,-0.9464025137765968,N900_RS16065,nucleotide pyrophosphohydrolase,0.61454285,-1.5085,3.934,12h_SI8,12h,SI8,12h_st,12h,st,5.4425
-0.7526052210926235,0.25895596764360024,0.34296447562684773,-1.9666921854036707,0.31089736066153245,N900_RS16075,N-acetyltransferase_5,-1.1530386083333333,-4.8092,4.4884,12h_SI8,12h,SI8,6h_ce,6h,ce,9.2976
2.0426464780808606,1.1828979071089742,-1.113473441154099,-1.0284971362637316,-0.729457720466265,N900_RS16085,relE1,0.36557308333333344,-1.8135,3.6081,12h_SI8,12h,SI8,12h_SI3,12h,SI3,5.4216
2.9424111195223235,2.7496518053619448,-1.8192801492275732,-1.8073141748702908,-1.2196356941418705,N900_RS16090,Pseudogene_N900_RS16090,0.2754633435,-1.6928,3.3191,12h_SI8,12h,SI8,3h_SI4,3h,SI4,5.011900000000001
6.389297052470917,2.772712719242201,-1.7814228543267308,-1.5733184236121005,-1.546809172629899,N900_RS16095,N900_RS16095,0.4014964,-1.1377,3.7977,12h_SI8,12h,SI8,3h_st,3h,st,4.9354
3.4000192835649896,2.955994180929475,-0.8337134877686732,-0.8185870613164193,-0.4495890719338183,N900_RS16100,N900_RS16100,1.1757148166666664,-0.87859,4.3896,1h_SI4,1h,SI4,3h_SI3,3h,SI3,5.26819
5.133056855590634,3.1205018715758737,-2.4156057524608707,-1.456599166896661,-1.4812917237443766,N900_RS16110,GNAT family N-acetyltransferase_11,0.48535761666666666,-0.83151,3.3449,12h_st,12h,st,3h_SI1,3h,SI1,4.17641
5.07340024509028,2.7062061069248644,-2.2714410832326135,0.6261509247768852,-1.3877173928067421,N900_RS16115,N900_RS16115,0.8299785816666666,-0.95318,4.7341,12h_SI8,12h,SI8,24h_SI1,24h,SI1,5.6872799999999994
5.184167728808623,3.0042635799362527,-1.7113039708162103,-1.8369123496907238,-1.772126447487196,N900_RS16120,glutathione S-transferase,0.49457436666666665,-0.78823,4.5828,6h_st,6h,st,3h_st,3h,st,5.371029999999999
2.3623036562651065,0.00747577842868749,0.42675026728063004,-0.777317317376682,0.7175628300504122,N900_RS16125,N900_RS16125,0.12232466666666668,-1.2766,4.5738,24h_st,24h,st,1h_st,1h,st,5.8504000000000005
5.006835510893181,2.4797159244446476,-1.5557550343757178,-0.5517992122291079,-1.5362674352807202,N900_RS16150,N-acetyltransferase_6,1.55959365,-0.21222,4.621,6h_SI1,6h,SI1,3h_st,3h,st,4.833220000000001
4.504470941689166,2.717101651205745,-1.9174811051314333,-1.603192817841424,-1.4090002422539187,N900_RS16170,nucleotide pyrophosphatase,0.307905055,-1.3162,3.8144,12h_SI9,12h,SI9,12h_st,12h,st,5.1306
2.0738208607035857,2.3459828080638965,-0.8270421140635241,-0.38060336699651076,-0.40010341637252683,N900_RS16175,nrdD,1.3280423333333335,-0.23253,5.631,6h_SI4,6h,SI4,3h_SI5,3h,SI5,5.86353
5.5080932792290245,3.187041541230561,-1.5651088352543852,-0.928515891759612,-1.4767501048160396,N900_RS16185,tyrB,0.5090231166666668,-1.2054,4.277,12h_SI7,12h,SI7,3h_st,3h,st,5.4824
1.3088519250414028,1.1244422895082928,-0.4006372225736355,-3.192354539625915,-0.1438809263119186,N900_RS16190,ATP-dependent zinc protease_2,-0.70523565,-2.7457,4.6147,12h_SI9,12h,SI9,1h_st,1h,st,7.3604
1.0822080237211888,1.912608344248386,-1.4515314776165567,-3.2439771552109327,-0.9663876282919764,N900_RS16195,fruA,-0.4272863333333333,-2.2982,2.4705,6h_SI6,6h,SI6,6h_SI5,6h,SI5,4.7687
3.4837984965647455,2.4421233556544264,-2.1999334183714105,-1.1457950397374523,-1.5470999428033,N900_RS16200,pfkB,0.5286702000000001,-1.4725,5.1807,24h_SI3,24h,SI3,3h_SI1,3h,SI1,6.6532
5.259358194040768,4.110780292813883,-2.737044451239341,-1.2060489661085942,-1.922941360855156,N900_RS16205,fruB,1.04708575,-0.42619,2.9851,1h_st,1h,st,6h_SI3,6h,SI3,3.41129
4.869401480142704,2.827821389370027,-1.7734432647213791,-0.3284095619978465,-1.1068487098512587,N900_RS16210,cra,0.43432115,-1.8357,4.7512,1h_SI2,1h,SI2,3h_SI2,3h,SI2,6.5869
6.040615642271843,3.1816149917803958,-2.0451687101872835,-1.4749180375973698,-1.5596817965177843,N900_RS16215,sbcD,1.0111105,-0.5054,4.1219,24h_SI9,24h,SI9,1h_st,1h,st,4.6273
-0.5640426755752366,-0.6970517949989696,0.4125928380619209,1.0473563927862763,0.3517573707338473,N900_RS16220,sbcC_BLAST,-0.5289355433333333,-2.7417,3.5752,12h_SI4,12h,SI4,6h_SI3,6h,SI3,6.3169
3.158353252918574,3.3390773869440262,-2.3688202772698927,-1.03829361823709,-1.6333598073387048,N900_RS16225,cqsS_BLAST,0.16180714999999998,-1.6981,2.344,6h_SI3,6h,SI3,6h_SI2,6h,SI2,4.0421
4.719213630689589,2.6375150925032544,-1.1753532147288333,-0.32417909789459637,-1.1032640626018912,N900_RS16230,cqsA,0.82504815,-0.76438,4.1417,12h_SI7,12h,SI7,6h_st,6h,st,4.90608
1.6870056807059182,3.268070930322077,-1.5090694990965183,-2.7123960296278726,-1.200003795184491,N900_RS16235,tellurium resistance protein,-0.054176333333333306,-1.9902,3.3807,6h_SI3,6h,SI3,1h_SI1,1h,SI1,5.3709
2.181447772632442,1.7590755491573902,-1.729220073802853,0.304327271080837,-0.8105042866728991,N900_RS16240,clcA,0.23447485000000004,-1.4546,4.9832,1h_SI3,1h,SI3,6h_st,6h,st,6.4378
3.57613921952696,2.581330847162181,-1.738400846385508,-0.5254113659052344,-0.9351689651453909,N900_RS16245,cobW,0.48308819300000005,-0.75494,4.2107,3h_SI1,3h,SI1,3h_SI4,3h,SI4,4.9656400000000005
2.14788819941839,3.4570140938658596,-1.2120500362739357,-1.3542000430389263,-1.2320934748689514,N900_RS16255,kup,0.19566618666666669,-1.4853,3.2925,6h_SI2,6h,SI2,3h_SI4,3h,SI4,4.7778
3.237522150103081,2.475371596471344,-0.587251318847118,0.2630802727186195,-0.3869260254468955,N900_RS16260,nifJ,1.428935468333333,-0.15473,4.7175,6h_SI4,6h,SI4,6h_st,6h,st,4.87223
5.008480878404054,3.3886249188447004,-3.5613706088259884,-1.2294474839582825,-2.301322698173367,N900_RS16265,kdpd,0.27659245,-1.3421,3.2312,3h_SI3,3h,SI3,3h_SI1,3h,SI1,4.5733
5.374683763621318,3.216563467872482,-2.057811545042939,-1.8521323251789141,-1.7141074478291405,N900_RS16270,kdpE,0.5579111333333334,-0.62043,3.1405,24h_ce,24h,ce,1h_ce,1h,ce,3.76093
-2.3234399667068004,0.04241541189788404,2.612716716545913,-0.07265642903959861,1.1378960372194682,N900_RS16275,tata,-0.03548136366666666,-1.813,5.3506,12h_SI4,12h,SI4,3h_st,3h,st,7.1636
5.152410398440564,3.913328883249683,-3.18278788438644,-0.8960770748641939,-2.1221164709161626,N900_RS16280,deda,1.4849051666666668,0.11019,5.1224,1h_SI6,1h,SI6,3h_SI5,3h,SI5,5.01221
4.383377736763016,3.5893892860098657,-1.9794211745528583,-1.0868378832156447,-1.339365039345306,N900_RS16285,N900_RS16285,0.6993026666666667,-1.1264,4.0597,12h_SI8,12h,SI8,3h_SI2,3h,SI2,5.186100000000001
-2.0800606485428297,1.0526685822024826,-0.030100187464792663,-0.5279404609347437,0.09214550918211492,N900_RS16290,N900_RS16290,0.28817805,-1.0636,3.3057,6h_SI3,6h,SI3,3h_SI5,3h,SI5,4.3693
0.32871032501096503,0.13436925862954305,-0.7630082981660514,0.2759697868391058,-0.37986728110860324,N900_RS16295,N900_RS16295,0.8043542833333334,-2.806,4.3904,12h_SI8,12h,SI8,12h_SI2,12h,SI2,7.1964
5.700311855055508,3.5369205577974796,-2.494484242747343,-1.1864745768084475,-1.519508377286394,N900_RS16300,yceJ_2,1.1525435166666667,-0.27511,4.7883,3h_st,3h,st,3h_SI1,3h,SI1,5.063409999999999
2.5767860598929295,1.4240417256082718,-0.607365290862876,-2.4077254153142382,-0.54762765436142,N900_RS16305,ycei,-1.2561630666666668,-3.946,4.2605,6h_SI6,6h,SI6,3h_SI2,3h,SI2,8.2065
5.0639602385003215,2.1947527539566383,-0.6596560294730225,-0.37811609710298383,-0.7975115696395977,N900_RS16310,focA_2,1.7257819333333337,-0.51131,6.0769,1h_SI8,1h,SI8,3h_SI2,3h,SI2,6.58821
3.772211813163505,3.737479772420703,-2.660086514110081,0.1491439302576483,-1.8228030871466143,N900_RS16315,argP_2,1.3540184666666666,-0.14788,4.7143,1h_SI7,1h,SI7,6h_SI1,6h,SI1,4.8621799999999995
2.3715122995424647,1.1850892932443367,0.7281498604739777,-0.14369738803322965,0.39230488372267397,N900_RS16320,Inner membrane protein YcdZ_BLAST,-0.013156353333333284,-2.3482,6.182,12h_SI8,12h,SI8,3h_SI2,3h,SI2,8.5302
4.683487909493509,3.1319359336221093,-1.328152013028584,-0.1065631204554227,-1.3002328905265155,N900_RS16325,ATP-dependent endonuclease,1.1322736983333335,-0.46993,4.3465,1h_SI5,1h,SI5,3h_st,3h,st,4.8164299999999995
2.1528200310367405,2.152962568210098,-1.029461284789462,-0.22889919809345313,-0.47012245762543,N900_RS16330,bifunctional metallophosphatase/5'-nucleotidase,0.41608813333333333,-1.5387,4.0579,6h_SI3,6h,SI3,12h_st,12h,st,5.5966000000000005
-1.3614974617838997,0.6180229532377198,-0.19398298540982142,-1.5937394056231626,-0.1542973350494921,N900_RS16335,terc,-0.46193062333333335,-2.2663,1.8984,6h_SI3,6h,SI3,3h_SI5,3h,SI5,4.1647
3.828905225064671,3.7883983512388735,-2.7330116125300004,-1.6402733544229426,-2.005983257979606,N900_RS16345,alkylphosphonate utilization protein,1.0216163666666664,-0.55201,4.916,6h_SI2,6h,SI2,6h_SI3,6h,SI3,5.4680100000000005
3.3954204815095315,2.284935540671517,-0.671726859208269,0.1254758609929745,-1.2369813748346832,N900_RS16350,N900_RS16350,0.8716396166666667,-0.9189,5.8887,12h_SI2,12h,SI2,3h_st,3h,st,6.8076
4.830436136384336,2.6330349810427824,-3.901098252556143,-2.8464076905114797,-2.6251497580279515,N900_RS16355,N900_RS16355,-0.4701530666666666,-1.7787,2.4695,3h_SI6,3h,SI6,6h_SI2,6h,SI2,4.2482
3.161303098474141,1.3022940363698836,-1.2788887456000542,-0.307083380155299,-0.4562752980857257,N900_RS16360,fatty acid cis/trans isomerase,0.8629464283333335,-0.61524,4.8039,6h_SI2,6h,SI2,6h_st,6h,st,5.41914
5.8616448847210725,2.881336963182158,-1.5473846018951862,-0.23371015908986378,-1.2455366860388775,N900_RS16370,yhjX,1.2307894166666666,-0.41223,4.0883,1h_SI2,1h,SI2,3h_SI4,3h,SI4,4.50053
5.066892719223972,3.6005296494660297,-3.973775787119973,-1.6919360956769278,-2.814065341493184,N900_RS16375,N900_RS16375,0.362556495,-0.89203,3.8498,3h_SI3,3h,SI3,3h_SI1,3h,SI1,4.74183
4.644476224301095,3.548537671864714,-2.7574737617658767,-2.822877756029205,-2.19312443616514,N900_RS16380,sensor domain-containing diguanylate cyclase_4,0.2058518,-1.1011,3.6963,12h_co,12h,co,3h_SI1,3h,SI1,4.7974
5.523329374549524,2.9284413242845035,-1.8340785097450107,-1.3365897720691875,-1.6298693036718377,N900_RS16390,hpxW,0.8557798833333334,-0.81315,4.2742,12h_st,12h,st,1h_SI1,1h,SI1,5.087350000000001
1.8061203718553935,0.7218215992556785,-1.444207910343461,-1.339917798737771,-0.5299200377806855,N900_RS16395,Solitary outer membrane autotransporter beta-barrel domain,0.6571251446666666,-0.50736,4.7118,3h_st,3h,st,6h_st,6h,st,5.2191600000000005
4.749487171744132,2.1382381731543765,-3.0070841451944768,-0.7270374800884842,-2.115398984631747,N900_RS16400,N900_RS16400,0.08820191666666664,-1.8666,4.4851,1h_SI1,1h,SI1,12h_SI1,12h,SI1,6.3517
3.915054150182054,2.3002203882534733,-2.700502057497663,-0.39861243311975336,-1.833282605322228,N900_RS16405,N900_RS16405,1.0443953,-0.2683,5.368,3h_SI9,3h,SI9,6h_SI2,6h,SI2,5.6363
2.8261899708168943,2.953560310110041,-2.2727090586652943,-0.03895484482792378,-1.5780501278263812,N900_RS16410,transcriptional regulator_4,0.5308673333333334,-1.4586,4.77,1h_ce,1h,ce,3h_SI5,3h,SI5,6.228599999999999
3.263542775487514,3.119218979620106,-2.624877124249505,-0.9937570201221273,-1.6373133798853217,N900_RS16415,pntA,0.38819996666666673,-1.0715,4.5501,12h_st,12h,st,6h_ce,6h,ce,5.621599999999999
6.078066249343842,4.047875838806653,-2.4778019992964113,-0.8216426640961961,-2.2238024524659394,N900_RS16420,pntB,1.030544705,-0.22161,3.5925,1h_SI7,1h,SI7,6h_SI2,6h,SI2,3.81411
3.702441201514998,0.6642473128005445,-0.8941837297053218,0.20207074591422497,-0.49204298262249774,N900_RS16425,vxrA_BLAST,0.16898825,-1.5679,4.1622,12h_ce,12h,ce,12h_SI2,12h,SI2,5.7301
-1.2592034548422213,0.59467681542784,0.6370078052326464,-2.84625778791145,0.4106079311284145,N900_RS16430,vxrB,-0.39432785333333337,-1.9981,3.8539,12h_SI4,12h,SI4,3h_SI4,3h,SI4,5.852
3.9813018990419167,2.363720363584177,-2.895691523208099,-1.9871806107207095,-1.850622730369747,N900_RS16435,N900_RS16435,0.2824604333333333,-1.5569,3.2511,3h_SI5,3h,SI5,6h_SI4,6h,SI4,4.808
4.763143695339025,3.3446360722634147,-2.6269784465109938,-0.02900022478567246,-1.5487518670809108,N900_RS16440,TraF,1.3596824000000003,-0.19428,4.7884,1h_SI9,1h,SI9,6h_st,6h,st,4.98268
1.7290841903213467,2.4301418935208132,-3.1161588702537295,-0.4888743161857299,-2.1376743433830274,N900_RS16445,VC0395_0503_BLAST,0.6296410833333334,-0.78978,3.9846,12h_SI1,12h,SI1,6h_SI4,6h,SI4,4.77438
4.059325246192434,2.0487406012393183,-1.0871509342582588,-0.8427623929532434,-0.719278068298446,N900_RS16450,yciH,0.6811218833333333,-3.0652,4.6597,6h_SI6,6h,SI6,12h_SI1,12h,SI1,7.7249
-3.646439840557619,-1.2600665296781695,1.4612522983398644,-0.15733992949644787,0.9837752720511345,N900_RS16455,N900_RS16455,1.4157422000000002,-0.36415,4.071,12h_SI3,12h,SI3,3h_SI8,3h,SI8,4.43515
3.6793938324519604,1.3526098499656185,-1.529372604436336,-1.458065698710712,-1.1461617935819068,N900_RS16465,DamX-related protein,0.025303263333333333,0.0031775,0.28123,6h_SI3,6h,SI3,3h_SI1,3h,SI1,0.2780525
5.51062977748274,4.0582435754705655,-3.2745110352883766,-0.2923935426019644,-2.2171797950782324,N900_RS16470,patZ,1.8208001666666662,0.16572,5.0938,1h_SI7,1h,SI7,3h_SI2,3h,SI2,4.92808
3.9864643019089563,4.030540388187991,-2.750275969062625,-1.3198513344794327,-1.891620906238598,N900_RS16475,yhaJ,0.6793553333333333,-0.65275,2.8348,3h_ce,3h,ce,3h_SI2,3h,SI2,3.48755
6.426029013724616,3.6722857229452734,-3.603761427483833,-0.11253416412262286,-2.4438190273843867,N900_RS16480,TonB-dependent hemoglobin/transferrin/lactoferrin family receptor,0.43546566666666664,-1.2188,2.8525,1h_SI7,1h,SI7,3h_SI1,3h,SI1,4.0713
4.98764065108977,2.2350486238981384,-2.559330560139417,-2.0669388721178072,-1.473515155621568,N900_RS16485,sgrr,-0.008940116666666654,-1.8054,5.2491,6h_SI9,6h,SI9,6h_st,6h,st,7.0545
4.1814310512763475,2.1620626234762583,-1.23921622728888,-0.4890793406549993,-0.7091926666634158,N900_RS16490,N900_RS16490,1.271662465,-0.024411,5.4643,1h_SI6,1h,SI6,1h_st,1h,st,5.4887109999999995
5.353072195459007,2.7876602573157236,-2.770492976340816,-0.5158242257493115,-2.0009572433114453,N900_RS16495,hotdog fold thioesterase,0.5805348833333334,-0.81619,3.7856,1h_SI5,1h,SI5,12h_SI3,12h,SI3,4.60179
5.0397716381422235,4.366419948626107,-3.191711354513082,-0.9161273398607502,-2.3150000206921377,N900_RS16500,bepA_3,0.5826428999999999,-1.0895,3.4383,6h_st,6h,st,3h_SI3,3h,SI3,4.5278
5.215142641048864,4.460753896897067,-3.539136038412217,-1.3770560648761636,-2.6053607739248927,N900_RS16505,N900_RS16505,0.6978886499999999,-0.7216,4.636,6h_st,6h,st,3h_SI2,3h,SI2,5.3576
4.701220352262443,3.4354514701116488,-2.651327671805578,-1.8245541074852647,-1.8520685856300168,N900_RS16510,ABC transporter substrate-binding protein_12,0.7960186649999998,-0.59381,3.588,12h_SI5,12h,SI5,1h_ce,1h,ce,4.1818100000000005
5.543488937957075,3.7393341670824447,-2.322434088431706,-0.6553465225603452,-1.8821416615481257,N900_RS16515,yfcG,0.7316388833333335,-0.97261,4.1316,12h_st,12h,st,3h_SI2,3h,SI2,5.10421
4.196339121392426,2.323392793561344,-1.1375313747034912,-1.8938309733941243,-0.9292399868923188,N900_RS16520,dcmA,0.39965361666666666,-1.145,4.2186,3h_SI6,3h,SI6,1h_st,1h,st,5.3636
5.5685301638274,3.989864416434466,-3.0765691668393713,-0.9282114262092488,-2.2392594443926463,N900_RS16525,comR_1,0.9737587833333333,-0.72512,3.5824,1h_co,1h,co,6h_SI3,6h,SI3,4.30752
3.861182039396644,2.600753018305624,-0.5956705461881192,-0.5128395988041838,-0.920244223501381,N900_RS16530,DNA-binding protein_3,1.5552757166666669,-0.3605,4.783,1h_SI4,1h,SI4,3h_st,3h,st,5.1435
6.0432191513494145,3.2819625132871275,-3.9279106226788967,-0.881311255411755,-2.4739841094667048,N900_RS16535,yejF,1.1135857333333334,-0.5661,4.5749,3h_SI2,3h,SI2,6h_SI3,6h,SI3,5.141
4.744043923633259,2.3734286611902067,-2.009935093437498,-1.5260148593325675,-1.2248573002391694,N900_RS16540,yejE,0.4146025700000001,-1.0681,3.2232,3h_SI4,3h,SI4,6h_st,6h,st,4.2913
5.321329931804715,3.5150599518763745,-2.1197091882042063,-2.5685845268101297,-1.858576582736398,N900_RS16545,yejb,0.21903570499999991,-1.0042,3.6234,24h_ce,24h,ce,6h_SI3,6h,SI3,4.6276
5.327390713630173,1.8770569904853385,-2.9957577146197654,-1.6403172196261908,-1.9644261117912825,N900_RS16550,ABC transporter substrate-binding protein_9,0.48865226333333334,-1.0121,3.7353,3h_SI3,3h,SI3,3h_SI2,3h,SI2,4.7474
4.414338243005192,3.36294522106716,-3.252695604512872,-1.7544340901759805,-2.4119426593731363,N900_RS16555,N900_RS16555,0.5484673666666666,-1.034,4.9983,12h_st,12h,st,6h_ce,6h,ce,6.0323
0.9261328515487522,2.600127930215203,-1.276695102925102,-0.3999464399469414,-1.0016410691378408,N900_RS16560,exopolyphosphatase,1.2908359999999999,0.1454,4.6135,1h_SI9,1h,SI9,3h_SI5,3h,SI5,4.4681
4.448783524487911,3.4058023859396367,-2.353407675930897,-0.45373601563731286,-1.3374340860739653,N900_RS16565,hemolysin,0.819966314,-0.58294,4.7613,1h_SI1,1h,SI1,3h_SI5,3h,SI5,5.34424
5.40313687834649,4.037398389961832,-3.4712740177845482,-1.2291100799643015,-2.450605594474674,N900_RS16570,N900_RS16570,0.9372962450000001,-0.6031,4.0709,12h_st,12h,st,3h_SI2,3h,SI2,4.6739999999999995
3.5559866445598245,1.785978513408319,-0.917747045063749,-2.2083635717045604,-0.3704671996789259,N900_RS16575,peptide MFS transporter,-0.018656399999999986,-1.4443,3.534,12h_SI7,12h,SI7,1h_SI1,1h,SI1,4.9783
5.425267174570955,3.7053105981493535,-2.5436036598408065,-0.02884338681912091,-1.6640360876898894,N900_RS16580,eamA_7,0.45859916666666667,-1.0791,3.8888,1h_st,1h,st,6h_SI1,6h,SI1,4.9679
4.581422573210767,3.5896838680601286,-2.0393069228536223,-2.544954577906607,-1.5642521829252085,N900_RS16585,phnR,-0.3292854233333334,-2.9731,2.9314,12h_SI8,12h,SI8,3h_SI3,3h,SI3,5.9045000000000005
4.7673456160443575,2.3934063994537063,-2.40504914107638,-2.4676885258212535,-1.6688082816622265,N900_RS16590,putative 2-aminoethylphosphonate ABC transporter permease subunit,-0.09800021499999997,-1.6796,3.5755,6h_ce,6h,ce,3h_SI1,3h,SI1,5.2551
5.000160487301736,3.5353054047918406,-2.0321403044532356,-2.3898045411413147,-1.7725813574116414,N900_RS16595,putative 2-aminoethylphosphonate ABC transporter ATP-binding protein,0.1405283,-1.2897,2.2662,6h_st,6h,st,3h_st,3h,st,3.5559000000000003
4.575649655623812,3.8792574820907704,-2.796713722101367,-1.4895119956991176,-2.0474681734832667,N900_RS16600,putative 2-aminoethylphosphonate ABC transporter substrate-binding protein,0.738933845,-0.60612,3.9444,3h_SI2,3h,SI2,12h_SI1,12h,SI1,4.55052
1.1733745880443642,2.0863924698175698,-1.1723808136199942,-1.0932111635027633,-0.840715791929665,N900_RS16605,phnW,0.19786830000000002,-1.1237,3.5522,12h_SI4,12h,SI4,6h_ce,6h,ce,4.6759
4.589689480257609,3.122623249715248,-1.776641780521844,-1.2231597189604282,-1.3282074947346896,N900_RS16610,pbfA_BLAST,0.4936471499999999,-1.1432,3.8206,6h_SI3,6h,SI3,6h_SI1,6h,SI1,4.9638
2.5573948553440964,1.6574919028755388,-2.064978241845788,-2.0011925965192363,-1.437075604712855,N900_RS16615,phnX,-0.1578717666666667,-1.6794,2.8874,12h_SI2,12h,SI2,6h_SI5,6h,SI5,4.5668
2.5885601393980346,0.8316052956260739,0.9091810564566861,0.14083114633909508,-0.2836613058534291,N900_RS16620,rnk,0.006918493833333332,0.00037715,0.11786,6h_SI7,6h,SI7,3h_st,3h,st,0.11748285
4.045924806184884,2.3465902295247645,-3.035101470229049,-2.790102818524132,-1.9497258346624606,N900_RS16625,yjjG,-0.6775068333333334,-2.2165,2.0253,6h_ce,6h,ce,6h_SI4,6h,SI4,4.2418
1.0145603573042032,0.12841766155165843,-0.854939623147412,-3.447639466882172,-0.5936121141298959,N900_RS16630,N900_RS16630,-1.6399974166666664,-4.2154,2.6879,3h_SI7,3h,SI7,6h_SI3,6h,SI3,6.9033
5.40548096643631,3.5626755702080346,-3.791847176826985,-0.9498017504942136,-2.6192682331375607,N900_RS16635,elbB,0.7170730741666667,-0.63514,3.8834,3h_SI4,3h,SI4,3h_SI2,3h,SI2,4.51854
5.057886597827636,3.01321888945712,-1.6694328781948535,-0.7489631506827743,-1.2311928035273345,N900_RS16640,mscL,1.314688,0.04768,4.8727,1h_SI7,1h,SI7,6h_SI2,6h,SI2,4.82502
4.712213433905128,3.5256398571116123,-1.4832000678400397,-2.2809567995786213,-1.4354666352942813,N900_RS16645,fhs,0.6325850383333333,-0.62978,3.4248,24h_co,24h,co,3h_st,3h,st,4.05458
6.167469088937368,3.3924669421994187,-2.008111197687079,-0.30154409061363174,-1.5600203531564003,N900_RS16650,msrB_3,1.3835076666666666,-0.4214,3.6788,1h_SI4,1h,SI4,6h_st,6h,st,4.1002
1.222632144891271,1.3168398656355784,-2.7596097457738913,-1.0340667814007913,-1.9233192741797758,N900_RS16660,moeA,0.061813798333333336,-1.7186,4.2825,12h_SI2,12h,SI2,6h_SI4,6h,SI4,6.001099999999999
1.5374937478367923,1.650028735167241,-0.3687251245335856,-0.9168526446819247,-0.21243323221044555,N900_RS16665,moeB,0.32829596666666666,-1.3326,3.7118,24h_st,24h,st,3h_SI3,3h,SI3,5.0444
3.5062842752146146,1.4378842144841493,-1.876574961926352,0.2147088458482042,-1.6455333930759386,N900_RS16670,glyoxalase_2,0.9080446181666667,-1.4735,4.4467,12h_SI2,12h,SI2,1h_SI1,1h,SI1,5.9201999999999995
1.4519682770940159,0.3633658610244472,0.41109809568166195,-0.2114260148403834,0.6479498019021958,N900_RS16675,sseA,1.0527538636666667,-0.77447,6.1141,6h_SI7,6h,SI7,6h_st,6h,st,6.88857
2.0868059100716763,2.504473977314753,-2.617639715609994,-1.653819856892878,-1.7555205080756244,N900_RS16680,lsrR,0.22555716666666664,-1.5663,3.759,12h_SI1,12h,SI1,1h_SI1,1h,SI1,5.3253
1.0366198014488464,0.7017343082816675,-0.6834350100589499,-2.7456972184819737,-0.31955844718216597,N900_RS16690,tal,0.42097917833333326,-0.97776,5.6023,24h_SI5,24h,SI5,1h_SI1,1h,SI1,6.58006
3.266732931280462,2.5485633306020055,-1.3376819820183357,-2.2145914154680577,-0.8989201827856611,N900_RS16700,TonB-dependent receptor_2,0.6705106366666667,-1.0499,3.8867,6h_SI4,6h,SI4,1h_st,1h,st,4.9366
2.817347990595188,1.0659817190390866,-0.6040986174778076,-0.7372244425181814,-0.45957162237405275,N900_RS16705,spoU,-0.32401194333333333,-2.6695,5.3864,6h_SI6,6h,SI6,12h_SI1,12h,SI1,8.055900000000001
-0.04021125530343397,1.8626043142754096,0.5953131030230624,-1.8952119961483826,0.0561425012963375,N900_RS16710,prepilin peptidase_3,-0.090432,-1.4352,2.0475,12h_SI3,12h,SI3,3h_SI5,3h,SI5,3.4827
3.5542881141094895,3.7237147281514407,-2.8678073365204257,-0.997004155472543,-2.08902116362655,N900_RS16715,abrb,0.7142754149999999,-0.80685,4.4587,12h_st,12h,st,6h_SI3,6h,SI3,5.26555
5.196731028558833,2.4734259835884553,-2.109596740222394,-1.306002896686135,-1.2862742319732139,N900_RS16720,gyaR,0.8166828250000001,-0.78383,4.2747,3h_SI4,3h,SI4,6h_st,6h,st,5.05853
6.584605007761913,3.157190696749578,-2.161501264657046,-0.6611039975830789,-1.865103925163395,N900_RS16725,GNAT family acetyltransferase,1.179908833333333,-0.16635,4.7237,6h_co,6h,co,3h_SI1,3h,SI1,4.8900500000000005
5.6717866136216,3.50682970680946,-2.241556309049342,-1.9360095977969747,-1.3714883035192236,N900_RS16730,nudG,0.7322727166666666,-0.66487,3.3135,3h_st,3h,st,3h_SI3,3h,SI3,3.97837
6.484270029255725,3.606342775942025,-3.546746005355871,-0.5495254364865434,-2.557493256434955,N900_RS16735,glpm,0.6334879999999999,-0.9542,4.6787,1h_SI3,1h,SI3,6h_SI2,6h,SI2,5.6329
4.636058021740418,1.1219534656006198,-1.5667374649703019,1.4188014069937227,-0.8332669242710778,N900_RS16740,tRNA (adenine-N(1))-methyltransferase,1.1292991166666666,-0.90748,4.1526,1h_SI1,1h,SI1,3h_SI2,3h,SI2,5.060079999999999
4.127472490194635,2.7410696184528094,-0.7562760854974095,-0.15600056935696976,-0.7138603867669323,N900_RS16745,dmlR_5,0.8317429999999999,-0.46262,3.8421,3h_SI1,3h,SI1,3h_SI4,3h,SI4,4.30472
2.9163814229308174,0.21624767390952138,-0.8193760377301601,0.2690384432702401,-0.4989654517751773,N900_RS16750,antibiotic biosynthesis monooxygenase,0.6518676713333333,-3.1135,4.3596,6h_SI6,6h,SI6,3h_SI1,3h,SI1,7.4731000000000005
-0.34320290913998797,1.721400302469875,0.30019786474881055,-0.828988619900181,0.24321959025344977,N900_RS16755,nfsB,1.2619842833333335,-1.2308,6.7662,12h_SI8,12h,SI8,3h_SI6,3h,SI6,7.997
4.05388982031488,4.236681120150935,-3.0432546323681873,-1.6712477963124053,-2.256794170391844,N900_RS16760,efflux RND transporter permease subunit,0.5394908916666666,-1.5423,3.3694,6h_SI1,6h,SI1,3h_SI2,3h,SI2,4.9117
5.24538881715759,3.735280429414862,-2.3969775709584127,-1.4966135711438593,-1.6803760937420564,N900_RS16765,mdtA,0.6354592599999999,-0.62619,3.7275,12h_st,12h,st,3h_SI3,3h,SI3,4.35369
3.397508801925165,1.6244338805015253,-1.2921800905910716,-0.5802401385603001,-0.844161451992869,N900_RS16770,Probable transporter PD_1893_BLAST,-0.239255285,-2.8898,3.4182,6h_SI7,6h,SI7,3h_SI2,3h,SI2,6.308
0.6849435244043841,-0.5660086324087049,2.2744201727068902,0.28970371577036014,0.6073851493872868,N900_RS16775,Probable transporter XF_0766_BLAST,0.0026558358566666665,6.9364e-06,0.11476,6h_SI5,6h,SI5,3h_st,3h,st,0.1147530636
3.8069672886372112,3.2868204650708264,-1.6063797747454405,-1.3493055462928214,-1.2282062391799091,N900_RS16780,arsR,0.9171819416666668,-0.48954,3.9739,6h_SI2,6h,SI2,1h_st,1h,st,4.46344
5.206558718591395,3.4649275600696816,-3.5671610105732166,-1.5038521569062369,-2.5589197739835363,N900_RS16785,N900_RS16785,0.25095937500000004,-1.2511,3.946,1h_SI2,1h,SI2,3h_SI1,3h,SI1,5.197100000000001
5.13741619777643,2.531381175190703,-1.7238125733568115,-1.743261765120606,-1.8320170347889861,N900_RS16790,cdr,0.20182668333333323,-1.1618,4.6773,12h_st,12h,st,3h_st,3h,st,5.8391
5.760842839743339,4.067621436978842,-3.8656764969852278,-1.5297104147579803,-2.7575115174558116,N900_RS16795,N900_RS16795,0.819769475,-0.41445,3.6613,6h_st,6h,st,6h_SI3,6h,SI3,4.07575
4.933165919154818,3.9014796377865877,-1.9746343776985646,-1.2832237453429178,-1.9858830005031631,N900_RS16800,GNAT family N-acetyltransferase_5,1.3204412333333335,-0.26047,4.9415,6h_st,6h,st,3h_st,3h,st,5.201969999999999
0.3292768034119914,1.973496142200432,-1.0384864399217049,-2.423688779329438,-0.6424124683837449,N900_RS16805,N900_RS16805,-0.147759885,-1.9441,2.725,24h_st,24h,st,12h_SI2,12h,SI2,4.6691
4.793160443532481,3.778810499053341,-2.2877423096646394,-1.445326666124215,-1.696886814751257,N900_RS16810,N900_RS16810,0.7120209083333332,-0.91403,3.9278,6h_SI4,6h,SI4,1h_SI1,1h,SI1,4.84183
4.205603314157031,1.948017152975435,-1.402160492349911,0.08344879390083434,-0.91961302323468,N900_RS16815,N900_RS16815,1.0493633000000002,-0.74401,6.0943,1h_SI1,1h,SI1,12h_SI1,12h,SI1,6.83831
4.33900455791312,2.259122337722573,-3.1663216436012522,-0.5799222326985096,-1.7702389027101542,N900_RS16820,N900_RS16820,0.5145647466666666,-0.84706,3.4173,3h_st,3h,st,6h_SI4,6h,SI4,4.26436
3.722762993026887,2.2568361091548708,-1.482081758078511,-0.589792323230811,-1.3349075536216186,N900_RS16825,N900_RS16825,1.01404875,-0.66336,5.424,12h_SI4,12h,SI4,3h_SI5,3h,SI5,6.08736
4.996877626464923,3.500399453239491,-1.882408505788314,1.0448399757118583,-1.7286235871131301,N900_RS16830,N900_RS16830,1.1980699833333333,-0.94019,3.9891,1h_SI9,1h,SI9,3h_st,3h,st,4.92929
4.2866685178351,4.007242519161498,-2.4851803313193717,-0.47415234915476806,-1.8789600615292732,N900_RS16835,treP,0.7296224666666666,-0.61527,4.1667,1h_st,1h,st,6h_SI1,6h,SI1,4.781969999999999
2.461729821341995,3.2087878607096734,-1.6266952049581882,-2.5558243282197295,-1.2308350563677029,N900_RS16840,ccpA,-0.06123888333333335,-1.5799,3.9485,1h_SI1,1h,SI1,3h_SI3,3h,SI3,5.5284
4.9345339631127985,2.881706176843856,-2.620573954892643,-1.975127767473282,-1.8078690720887884,N900_RS16845,scrB,-0.251349886,-1.5466,3.8156,3h_SI1,3h,SI1,3h_SI2,3h,SI2,5.3622
3.8537179889145654,2.098576847624012,-0.9582418063714746,-1.675481472863998,-1.2933773663150707,N900_RS16850,aminoimidazole riboside kinase,0.13354021666666666,-1.1207,3.2724,3h_SI5,3h,SI5,3h_st,3h,st,4.3931000000000004
2.7495384263975606,2.5567076408764824,-0.3064076577664058,-1.1672310774485433,-0.6100174625443081,N900_RS16855,glpD,0.6496473833333333,-0.79936,3.3945,6h_SI2,6h,SI2,3h_SI3,3h,SI3,4.19386
3.997241806719788,2.853229374979681,-1.3260953701242575,-1.007184614934322,-1.2176533931196207,N900_RS16860,aer_1,1.1111448666666663,-0.68545,5.2558,3h_SI1,3h,SI1,6h_SI1,6h,SI1,5.94125
3.7424973245467026,2.6556706524656066,-2.4517549135419885,-0.8850451419847957,-1.665041631420245,N900_RS16865,pal_2,0.8230022889999999,-0.77208,4.4384,12h_SI1,12h,SI1,6h_SI1,6h,SI1,5.21048
5.989771010568409,3.2016763159879194,-2.184432955485257,-1.0774423510064537,-1.8067504769004235,N900_RS16870,fkpA_2,0.95234514,-0.55698,3.956,6h_SI8,6h,SI8,1h_ce,1h,ce,4.51298
5.246637868204265,4.237025908301667,-4.056770194450195,-1.5214976584429913,-2.794257973971715,N900_RS16875,beta-phosphoglucomutase family hydrolase,0.43112399516666666,-1.1501,2.9659,12h_st,12h,st,3h_SI4,3h,SI4,4.116
5.697347204249602,2.373874951908418,-3.091721649288151,0.5246162227563501,-2.077388795519277,N900_RS16880,methyl-accepting chemotaxis protein_23,0.8277599333333333,-1.0161,3.6504,1h_ce,1h,ce,6h_SI2,6h,SI2,4.6665
2.239857196563046,2.682482900955464,-1.496476853438917,-0.5342712895063949,-1.1690551771300188,N900_RS16885,N900_RS16885,0.11723854,-1.4426,4.5481,6h_SI2,6h,SI2,3h_SI4,3h,SI4,5.9907
5.785862630033182,3.6007487654894894,-2.8498937375876054,0.10496077626093699,-1.8590046468079122,N900_RS16890,dcuC,1.5143455833333335,-0.22815,4.5966,1h_SI8,1h,SI8,12h_SI1,12h,SI1,4.82475
3.8542619074966975,2.741490419025835,-1.5602139389022374,-1.5228544206355585,-1.1977340848605265,N900_RS16895,L-serine ammonia-lyase,0.47370339999999994,-1.0394,3.4005,6h_SI1,6h,SI1,3h_SI1,3h,SI1,4.4399
5.376173809370229,3.2700263338506863,-1.314974853961471,-0.6017288007631726,-1.2348972901888073,N900_RS16900,sglT,1.1976677166666667,-0.33342,5.1654,1h_SI4,1h,SI4,6h_SI1,6h,SI1,5.49882
4.245378643584255,1.6338735986290833,-0.1151261105102389,-0.8804491062829557,-0.316254836760559,N900_RS16905,yjhB,0.36280053333333334,-1.3162,4.9664,24h_ce,24h,ce,3h_st,3h,st,6.2826
0.8733127897501056,1.6380160289831693,-1.3971745139785676,-0.7642631223685639,-0.759315378972124,N900_RS16915,N900_RS16915,0.09244401666666667,-1.7849,2.8359,6h_SI1,6h,SI1,3h_SI2,3h,SI2,4.6208
4.1581127986123905,2.261752781027186,-1.8289070812633064,0.1626623331032981,-1.204141816564277,N900_RS16925,vraR,1.3537463500000004,-0.88984,4.7591,12h_SI8,12h,SI8,3h_SI2,3h,SI2,5.64894
4.076587748078286,3.795793785654529,-2.4577973552261487,0.457232734594848,-1.7229063401249103,N900_RS16930,narQ,1.5310223133333334,-0.69866,6.2865,1h_SI8,1h,SI8,12h_SI1,12h,SI1,6.9851600000000005
2.7056206682031236,1.236862047428458,-0.12351480981039607,-0.64314518084405,0.2531361523640841,N900_RS16935,napF,-0.027393087333333337,-1.6836,5.0861,24h_st,24h,st,6h_st,6h,st,6.7697
4.8176801836133585,1.9075248862738299,-2.2691719365923264,-0.715912360444074,-1.9984116956617797,N900_RS16940,mycothiol reductase,0.7413755,-0.79871,4.1751,6h_SI1,6h,SI1,3h_SI1,3h,SI1,4.973809999999999
5.818413169776985,3.1542999671018856,-2.7207934267684135,-1.7064104987544835,-1.8415430406831206,N900_RS16945,napA,1.442234565,-0.0011471,4.6641,3h_SI4,3h,SI4,1h_st,1h,st,4.6652471
0.8368387744041078,-0.04743579783874437,0.21373976332288053,-2.2445022255225475,0.2856590946109312,N900_RS16950,nitrate reductase cytochrome c-type subunit,-0.6916463233333334,-3.2206,2.5105,3h_SI7,3h,SI7,1h_ce,1h,ce,5.7311
1.3776016805002738,0.8388021280624087,-0.23112135895001917,-1.8758157767314765,-0.138271561158058,N900_RS16960,N900_RS16960,-0.4783887333333333,-2.6155,3.4112,12h_SI6,12h,SI6,12h_SI1,12h,SI1,6.0267
5.148574505816777,3.7514171199196724,-2.712972595450478,-1.8348561243753296,-2.178730153681516,N900_RS16965,VC_A0681_BLAST,0.6569156833333333,-0.92262,3.1571,6h_st,6h,st,3h_SI1,3h,SI1,4.07972
2.9726298645536753,2.754902662121655,0.08772278602411733,-1.1104266173477348,-0.5567013322638024,N900_RS16970,uhpA,0.33793890000000004,-1.2807,4.6478,6h_SI7,6h,SI7,3h_st,3h,st,5.9285
4.299538430500684,2.2885606955669497,-2.4331419172160293,-0.02785779679336321,-1.6539567324572357,N900_RS16975,uhpB,1.428461016666667,-0.27163,5.0125,6h_SI4,6h,SI4,6h_SI1,6h,SI1,5.28413
5.565268704201516,4.273341169312345,-3.466118217667318,-0.37233832622662805,-2.4728821890569894,N900_RS16980,uhpT,0.9171101400000001,-0.67358,3.9435,3h_st,3h,st,6h_SI4,6h,SI4,4.61708
1.768970314348941,1.7356116894159865,-0.8758394346006895,-2.061162120131803,-0.6019093913548592,N900_RS16985,HI_0131_BLAST,0.08490835000000001,-1.3763,3.2174,3h_SI1,3h,SI1,1h_ce,1h,ce,4.5937
4.478019063513056,3.2622535547587144,-2.346428791751091,-0.701395073321387,-1.5776956662013581,N900_RS16990,fbpB,1.1150698999999997,-0.26583,4.2786,3h_SI1,3h,SI1,6h_SI3,6h,SI3,4.54443
4.679042149600094,3.1230410088104037,-2.624603052917894,-0.4199015409631682,-1.6765378008035077,N900_RS16995,fbpc,0.7874967783333333,-0.71548,3.3391,3h_st,3h,st,6h_ce,6h,ce,4.0545800000000005
5.005067237902012,3.8388224938508615,-2.2594762021711907,-0.8417573165049551,-1.8037698519787961,N900_RS17000,phaC,0.7301350666666667,-0.6329,3.0825,1h_st,1h,st,3h_SI2,3h,SI2,3.7154
0.4475692565845048,-0.12446197799843459,0.8874021919956143,-1.1453208158970942,0.6640404143986822,N900_RS17005,N900_RS17005,-0.2128434833333333,-1.9184,3.7991,12h_ce,12h,ce,3h_SI2,3h,SI2,5.7175
4.956325835175155,2.3442600053880955,-1.013459685580488,-1.7235422671302394,-0.831363749202225,N900_RS17010,phaA,0.9555229716666667,-0.30916,4.1748,6h_SI9,6h,SI9,1h_SI1,1h,SI1,4.483960000000001
1.9836044540391207,2.3250647886759523,-0.044784171506241095,0.27386213496994877,-0.15775421343096388,N900_RS17015,fabG_2,1.4564766366666668,-0.99982,4.9421,1h_SI2,1h,SI2,6h_SI3,6h,SI3,5.94192
4.560573763009304,2.261888585788332,-1.731951615795924,-0.9987229024044166,-1.2665370042171626,N900_RS17020,secF_2,0.4510270333333334,-1.3879,5.2361,6h_ce,6h,ce,12h_SI1,12h,SI1,6.6240000000000006
4.29975755887608,4.032929753850489,-2.534438753700658,-1.4319199172110093,-1.7884715108663969,N900_RS17025,secD_2,0.38863711666666667,-1.1773,3.8037,12h_st,12h,st,3h_SI3,3h,SI3,4.981
-2.5069581556273155,0.8894058288622179,1.2685248762238137,-0.2215429504958193,0.7494082670080122,N900_RS17030,N900_RS17030,0.007091439999999995,-1.8932,3.5699,12h_SI3,12h,SI3,24h_st,24h,st,5.4631
4.755574655421714,3.6141071709021406,-2.650534821757238,-0.6755083884024812,-1.944082110971228,N900_RS17035,N900_RS17035,0.8191599833333333,-0.80078,3.4977,3h_SI1,3h,SI1,6h_SI2,6h,SI2,4.29848
4.419303311494713,4.473228315629988,-2.3444861581932304,-0.4667266326703428,-1.7005277324723276,N900_RS17040,diguanylate cyclase_5,1.2453789833333333,-0.3071,5.1603,1h_SI6,1h,SI6,3h_SI3,3h,SI3,5.4674000000000005
5.521915618453214,3.5820024907689656,-2.7807160584660835,-2.0825307539713345,-1.8759502453258396,N900_RS17045,glgC_2,0.9113801733333333,-0.85677,4.0223,6h_st,6h,st,12h_st,12h,st,4.8790700000000005
5.166431908308271,3.3466732469703007,-1.8206672757893525,-1.7188688246914636,-1.8222199259877225,N900_RS17050,endo I_2,0.7258463333333333,-0.69464,3.6224,12h_st,12h,st,3h_st,3h,st,4.3170399999999995
5.780113746517084,3.8203280956563703,-3.329491549647377,-0.6195894511018499,-2.3496022855997545,N900_RS17055,yqhD,1.3934193333333331,-0.12136,5.1667,1h_SI7,1h,SI7,6h_ce,6h,ce,5.28806
2.6803079302744837,2.0836688835777815,-1.9942656473353115,-2.2132684690205986,-1.294062846978208,N900_RS17060,lysoplasmalogenase_2,-0.4242432066666667,-2.0285,2.2069,6h_ce,6h,ce,24h_SI3,24h,SI3,4.2354
2.826290489313831,3.2394603429340374,-1.8864109302581384,-1.6937221798209072,-1.3881593295564667,N900_RS17065,sigma-54-dependent Fis family transcriptional regulator,0.15059276666666666,-1.2004,2.7267,12h_st,12h,st,3h_SI1,3h,SI1,3.9271000000000003
3.9734900111153335,3.1762001117295946,-1.0853478123261155,-1.052479822748395,-0.7248074015791961,N900_RS17070,sasA_10,0.849038285,-0.66803,3.9104,6h_SI4,6h,SI4,3h_SI4,3h,SI4,4.57843
5.6403315795416,2.6008994924451954,-3.0371466139173324,-2.318577016421597,-2.2478474081044615,N900_RS17075,ABC transporter substrate-binding protein_11,0.053395615000000014,-1.7783,2.5907,6h_SI1,6h,SI1,6h_SI3,6h,SI3,4.369
5.9149173790622545,3.1336355156025677,-1.450040825899818,-0.25716291375520034,-1.4035849534117535,N900_RS17080,uhpC_2,0.7357802000000001,-1.1174,3.8125,6h_ce,6h,ce,3h_st,3h,st,4.9299
5.148635364728086,2.7716885950778116,-1.4526636046580885,-0.8223133190587798,-0.9159537668488071,N900_RS17085,pykA_2,0.9199283349999999,-0.3013,4.3186,3h_co,3h,co,6h_st,6h,st,4.6199
3.6064834100316454,3.3250588696056753,-1.9667502401182457,-2.099884483052494,-1.470614738214624,N900_RS17090,torS,0.18125172333333334,-1.4573,2.6676,6h_SI1,6h,SI1,6h_SI3,6h,SI3,4.1249
5.299107289073892,3.4432344798376944,-2.983571414729417,-1.04528001618732,-2.102872193465296,N900_RS17095,torT,0.9537390833333333,-0.15005,4.4348,3h_SI9,3h,SI9,6h_SI1,6h,SI1,4.58485
5.743193752914864,3.7007271597905884,-2.734799451645356,-1.304701950356465,-1.8243252104648382,N900_RS17100,mgsA,0.7573752716666668,-0.9919,3.4278,3h_SI9,3h,SI9,6h_st,6h,st,4.4197
5.708153693795833,2.593331073192364,-1.6024415219223431,-0.054400527505685414,-1.399724861624412,N900_RS17105,pncA,0.0048669499999999906,-2.0468,2.9062,3h_SI8,3h,SI8,6h_SI1,6h,SI1,4.953
3.6389762659106824,2.96715154430405,-1.3903619628912671,-1.6252603021528182,-0.9714938397642859,N900_RS17110,dgkA,0.05298613333333333,-1.2894,3.6196,6h_st,6h,st,3h_SI5,3h,SI5,4.909000000000001
4.730208945530524,3.643733948476922,-3.21225302700643,-1.188274925623047,-2.224233735792926,N900_RS17115,cytochrome b_2,1.335402983333333,-0.50459,4.2721,12h_SI2,12h,SI2,3h_SI2,3h,SI2,4.77669
5.997820985824195,3.070375809384613,-2.0903521040868944,-0.927803192527818,-2.000968927105686,N900_RS17120,cytochrome b_1,0.8508257406666666,-0.44336,4.2295,3h_SI4,3h,SI4,3h_st,3h,st,4.67286
5.842538250314798,3.073578177310415,-2.6408665161593636,0.9516020263809872,-1.7419456220076321,N900_RS17125,helD,1.08539545,-1.8971,4.327,1h_SI7,1h,SI7,24h_st,24h,st,6.2241
-0.9099961035995116,0.7818163727100096,0.6600861277980311,-1.0417533992339159,0.0794583156254187,N900_RS17130,yccS,0.07926474999999995,-1.669,4.4391,12h_SI3,12h,SI3,6h_ce,6h,ce,6.1081
3.8870164879782187,2.494461634269196,-2.7476392968045733,-0.953567354571308,-1.8681537066189213,N900_RS17135,zraS,0.36174102499999994,-0.77758,3.2494,6h_st,6h,st,12h_SI2,12h,SI2,4.02698
3.202176591050414,1.717564684625229,-1.5785850887140505,-2.7765948507790217,-1.2224772948133305,N900_RS17140,guanylate cyclase,-0.3868595,-1.5386,2.2391,24h_co,24h,co,6h_SI3,6h,SI3,3.7777000000000003
3.9005432963162945,2.6365123685647114,-1.9526430466628484,2.010473335877785,-1.3299763581640232,N900_RS17145,N900_RS17145,0.7030250333333334,-2.609,4.1445,1h_SI3,1h,SI3,24h_SI1,24h,SI1,6.7535
-0.6800759349012004,0.3979018165298179,-0.08874757412764872,-1.7475525290894982,-0.06814796292598486,N900_RS17150,N900_RS17150,-0.7846704,-2.6707,2.5988,12h_SI4,12h,SI4,1h_SI1,1h,SI1,5.269500000000001
4.423775259485668,3.8894916290700747,-2.389277255727479,0.4834426618296875,-1.74653123418706,N900_RS17155,hydroxymethylglutaryl-CoA reductase,1.2817511833333335,-0.33346,4.9465,1h_SI8,1h,SI8,3h_SI4,3h,SI4,5.27996
4.5703984295192726,3.601545131948176,-2.5011406766758957,-0.9282932177287807,-1.9151096498272049,N900_RS17160,modC,0.29395718,-1.5682,3.5798,3h_SI9,3h,SI9,3h_SI2,3h,SI2,5.148
5.0473151528210165,3.3345940030465915,-2.557197259843121,-1.8182334269758138,-1.7410423436978861,N900_RS17165,modB,0.4785044333333335,-0.83515,3.6116,24h_SI9,24h,SI9,3h_SI1,3h,SI1,4.44675
5.203534237290328,1.7392685927386784,-1.239047033887665,0.18636237654950208,-1.1663515561998272,N900_RS17170,modA,1.083801783333333,-0.47467,4.7104,12h_SI6,12h,SI6,3h_SI1,3h,SI1,5.18507
4.546856306617474,2.6744218055098594,-1.6797351968435974,-0.7190898424262687,-1.2559492386193634,N900_RS17175,cobQ,0.9838760250000002,-1.1049,4.5436,6h_SI2,6h,SI2,3h_SI1,3h,SI1,5.648499999999999
4.861986520147714,3.8283819462965205,-3.4017597026158675,-2.216426443278634,-2.4652524674652945,N900_RS17180,DNA recombination protein RecF,0.40117316666666664,-1.2621,2.8585,3h_SI9,3h,SI9,3h_SI2,3h,SI2,4.1206
2.502707462742257,2.4724630987620637,-2.457321225988262,-1.4034749279410417,-1.6714371005251492,N900_RS17185,N900_RS17185,0.5620081033333334,-1.7638,4.0633,3h_SI9,3h,SI9,1h_ce,1h,ce,5.8271
3.250070702002795,2.619090154836088,-1.4587186913296282,-1.4146008791996976,-1.2357316900670463,N900_RS17190,N900_RS17190,0.3306763333333333,-2.9532,5.0123,3h_SI9,3h,SI9,3h_SI3,3h,SI3,7.9655
0.6171145132896956,1.7802415204396798,0.40148389227554004,-0.7097455161982299,0.18783692773665145,N900_RS17195,N900_RS17195,1.0411199666666664,-0.055506,4.76,1h_SI8,1h,SI8,3h_SI4,3h,SI4,4.815506
5.1903718079023715,3.810227680846204,-2.8963982631621876,-0.5773294604970161,-1.8572172677059813,N900_RS17200,NirD/YgiW/YdeI family stress tolerance protein,1.1170059,-0.37917,3.2817,12h_st,12h,st,3h_SI1,3h,SI1,3.66087
2.330972171764081,1.084674892789479,-0.5608882012112354,0.7118217547224868,-0.49641652659124486,N900_RS17205,N900_RS17205,0.8893727666666664,-2.313,6.1177,12h_SI8,12h,SI8,3h_SI1,3h,SI1,8.4307
5.7003039305391505,4.162314623973769,-3.723202278016816,-0.6974041015829466,-2.759942532672695,N900_RS17210,N900_RS17210,1.2762096333333335,-0.15081,4.5136,1h_ce,1h,ce,6h_SI2,6h,SI2,4.66441
-0.06272292247975164,0.3558078836388488,-1.0592939982259584,-1.451837724032499,-0.6832740790921832,N900_RS17215,flagellar brake protein,-0.21507065,-2.5255,4.5015,12h_SI4,12h,SI4,1h_ce,1h,ce,7.027
4.344629749286334,2.277045824373335,-2.1466376580449067,0.21809023901475272,-1.2263880058987857,N900_RS17220,luxQ,1.182231666666667,-0.56745,4.5966,24h_SI9,24h,SI9,12h_SI2,12h,SI2,5.16405
4.069091431283002,3.951574777248518,-2.7824929410771326,0.6920750515468999,-1.878419100451559,N900_RS17225,luxp,0.7303537966666667,-1.1726,3.9362,1h_SI5,1h,SI5,6h_ce,6h,ce,5.1088000000000005
5.840744340927628,3.971243056861188,-3.620301334552931,-0.6030352462973569,-2.413179207611934,N900_RS17230,traf,0.7390442776666668,-0.69807,2.8957,1h_st,1h,st,3h_SI4,3h,SI4,3.59377
4.2972880346485685,3.2917536947253203,-1.2567588642169596,-1.2810809084755994,-1.3143893543282874,N900_RS17235,VC_A0740_BLAST,1.0040837166666667,-0.51741,4.1299,3h_SI1,3h,SI1,3h_SI2,3h,SI2,4.64731
0.7363718471055195,0.39306388182486396,-0.8196429970681017,-2.3484224896391916,-0.42139091299005293,N900_RS17240,N900_RS17240,-0.77394005,-2.5171,3.0223,12h_SI4,12h,SI4,6h_SI2,6h,SI2,5.5394000000000005
2.5942734763111432,3.0633582447177687,-1.2049221030250088,0.10874767548999109,-0.6914645193338282,N900_RS17245,tmaR_BLAST,0.7025685183333331,-0.8223,3.5791,1h_ce,1h,ce,6h_SI1,6h,SI1,4.4014
4.530902560571851,4.391474735969464,-2.642591058066875,-1.2052230726859898,-1.9251926582972716,N900_RS17250,N900_RS17250,1.2560773666666667,-0.47987,4.4691,3h_co,3h,co,3h_SI5,3h,SI5,4.94897
4.051756859211424,1.5785850450554428,-1.5964276923543523,-0.23001222953848643,-1.0198928657971436,N900_RS17255,membrane protein_8,0.052410633333333324,-1.5,2.9245,3h_SI5,3h,SI5,1h_st,1h,st,4.4245
5.695869351437776,3.1224696444007733,-1.4086418750925365,-1.6775953305202265,-1.4440484608657993,N900_RS17260,glpK,0.6003520166666666,-1.1748,4.5069,12h_SI7,12h,SI7,3h_st,3h,st,5.6817
3.041850324333305,2.3319958860961716,-0.21683583258375702,-1.111570481338141,-0.24989041260508302,N900_RS17265,glpF,0.6165837333333333,-2.6402,5.4468,12h_SI8,12h,SI8,12h_SI1,12h,SI1,8.087
3.1484939089382586,2.2562481909969043,-1.4842128381582387,-1.1314897973623244,-0.9697818199229569,N900_RS17275,glpA,-0.3773540166666666,-2.0955,2.7264,1h_SI1,1h,SI1,3h_SI1,3h,SI1,4.821899999999999
3.8344852652562813,3.5003911902393363,-2.2788399236083663,-1.1659872249531016,-1.6666620655789541,N900_RS17280,glpB,0.11840099999999999,-1.1294,3.446,24h_SI9,24h,SI9,3h_SI3,3h,SI3,4.5754
2.8108517115846543,2.6485232690958567,-2.5377082186094597,-1.7882453671316392,-2.035111466993794,N900_RS17285,glpC,-0.6903858499999999,-2.0003,2.173,6h_st,6h,st,3h_SI2,3h,SI2,4.1733
5.8718600011965805,3.5484032808256827,-2.816247473977021,-1.5958571657371379,-1.8254292915395838,N900_RS17290,fabH2,0.7739016166666669,-0.77547,4.1364,3h_co,3h,co,1h_SI1,1h,SI1,4.91187
4.995941488154614,3.274537603025629,-1.9687960158280144,0.3167355387320284,-1.2712220534617116,N900_RS17295,trxC,1.2598175171666666,-0.99765,5.2795,1h_co,1h,co,1h_st,1h,st,6.27715
4.306547351932323,3.0556593255067472,-2.9501330682496993,-0.6714828680733121,-1.7582625849806792,N900_RS17300,ycaD,1.206657616666667,-0.51427,4.1052,12h_st,12h,st,6h_SI4,6h,SI4,4.61947
0.7752442197188746,0.730470445277541,-0.12432198930760222,0.138486057379276,0.18943474875538546,N900_RS17305,lipase,0.5709671833333335,-0.98955,3.6409,6h_co,6h,co,6h_st,6h,st,4.63045
5.6964955205735635,2.512606095068982,-2.0094403360141695,-1.9946587289833353,-1.9845390236695322,N900_RS17320,N900_RS17320,0.3061075650000001,-0.98749,3.5751,6h_st,6h,st,3h_st,3h,st,4.56259
3.434315713411505,3.7211582364118065,-1.6955873819507095,-0.4780730848351624,-1.4547634482142646,N900_RS17325,lysr_5,1.30877688,-0.1414,5.1719,1h_SI5,1h,SI5,3h_SI3,3h,SI3,5.3133
2.270990710439015,2.2327081718499615,-0.15564405422775046,-1.6045825603533248,-0.029952237297895017,N900_RS17330,artM,0.3925796,-1.2675,3.824,6h_SI2,6h,SI2,3h_SI4,3h,SI4,5.0915
5.421363108086803,4.059393143930232,-3.1723512289522904,0.9985711381009368,-2.231518040109394,N900_RS17335,artQ,1.0318918499999998,-0.92565,3.8465,1h_co,1h,co,3h_SI4,3h,SI4,4.77215
-2.4258280721736276,2.2630312268611457,0.3297867012578762,-1.662568641173608,0.07084630336296606,N900_RS17340,artI_1,-0.046667466666666664,-1.9376,3.2309,24h_st,24h,st,3h_SI7,3h,SI7,5.1685
1.9350582071562616,2.3612000597970004,-2.214606252467745,-1.7905025114582174,-1.452320078637816,N900_RS17345,artP,0.36941128333333334,-1.241,3.3108,6h_SI2,6h,SI2,3h_SI8,3h,SI8,4.5518
4.369394077005178,4.05185783236549,-1.789020703547901,0.15576146829609055,-1.6380063378387633,N900_RS17355,viaA,1.4686574166666666,-0.95074,4.6164,1h_SI9,1h,SI9,3h_SI2,3h,SI2,5.567139999999999
3.4214285623733294,3.9896914974691047,-2.4046623890499474,-0.11396635699295862,-1.880871635939192,N900_RS17360,ravA,1.2431717499999997,-0.23129,4.2184,6h_st,6h,st,3h_SI5,3h,SI5,4.44969
3.4437518754862073,1.592312183922647,-2.01307046298478,-0.3694953173316953,-1.3892739064143615,N900_RS17365,NUDIX hydrolase_2,0.6811701166666667,-0.78218,4.8826,6h_SI5,6h,SI5,6h_SI2,6h,SI2,5.66478
3.6765155052104324,2.271418297498353,-1.3225410920546739,-2.087888660973805,-0.8560053586826981,N900_RS17370,ltaE,-0.055477656666666646,-1.4579,2.8178,6h_st,6h,st,3h_SI2,3h,SI2,4.2757000000000005
5.07402033170372,3.871465946443289,-2.929105662353094,-1.934662100795597,-2.0006742652885823,N900_RS17375,cytochrome c_3,0.2012271,-1.1163,2.4199,12h_st,12h,st,3h_SI3,3h,SI3,3.5362
4.8054412154482895,3.0922027326773907,-2.8479468287438165,-0.9728232260354541,-1.7472645207418718,N900_RS17380,ttgR,1.4613392499999998,-0.59587,4.4839,3h_SI3,3h,SI3,6h_SI1,6h,SI1,5.07977
4.289176711395901,2.739835220750093,-2.7392476541845485,-2.101027010556482,-1.718952924591355,N900_RS17385,rhlE_4,0.18723543333333337,-1.2224,3.6755,6h_SI2,6h,SI2,12h_SI1,12h,SI1,4.8979
3.9062903773628155,1.427848550971625,-1.6414056793296603,-0.23528547243820971,-1.1402882615795726,N900_RS17390,acpH,0.8077470708333334,-1.426,4.4622,1h_ce,1h,ce,1h_SI1,1h,SI1,5.8882
2.2525715022198924,2.895132917104293,-1.4058416343489257,-0.5809629464104947,-0.9434459893511816,N900_RS17400,tyrP,1.1570838300000001,-0.52762,3.5995,1h_SI2,1h,SI2,3h_SI5,3h,SI5,4.12712
3.9808791001750836,1.4479386278634117,-3.044509263000093,-1.6167879501392157,-2.023775685450774,N900_RS17405,pctC_3,-0.032300850000000006,-1.2325,4.2403,12h_SI8,12h,SI8,6h_SI2,6h,SI2,5.4728
2.5335413343404416,1.038908426960447,-0.45025740492363536,-1.3712417925652,-0.35419718155373114,N900_RS17410,galE,-0.7105207866666666,-4.5677,4.4086,12h_SI8,12h,SI8,1h_st,1h,st,8.9763
3.2003105564080196,2.309785451474446,-2.7982664114408573,-1.358815916939924,-2.022329498468872,N900_RS17415,N900_RS17415,0.20791063333333334,-1.3735,3.7645,6h_SI1,6h,SI1,6h_SI4,6h,SI4,5.138
1.7010955808546986,-0.10892060735566561,0.6621097596766945,0.11683719310061057,0.6708740534069534,N900_RS17420,pxpA3,0.004307596833333332,7.921e-05,0.097573,6h_SI5,6h,SI5,12h_st,12h,st,0.09749379
4.574721925842081,2.7651373622167146,-1.2318408764276438,-1.6087121703305007,-1.0242136192475888,N900_RS17425,pxpB,0.6027269683333334,-1.0463,5.068,6h_SI4,6h,SI4,6h_SI2,6h,SI2,6.1143
5.893395337515097,2.10659118647972,-2.4117704588551256,-0.7355416904255075,-1.3231146352522698,N900_RS17430,pxpC,0.4106913500000001,-0.91513,3.4087,6h_SI6,6h,SI6,12h_st,12h,st,4.32383
5.575668439276657,3.767650212530704,-2.473750630636986,-1.1920436874259417,-1.5253218454080537,N900_RS17435,FAD-dependent oxidoreductase_2,1.2542238333333335,-0.080534,3.8774,3h_co,3h,co,3h_SI2,3h,SI2,3.9579340000000003
4.701703692708756,3.811466583693043,-2.0448617442043977,-1.0552132041958076,-1.5067690737876382,N900_RS17440,ugd,1.2105370000000002,-0.26174,4.7864,6h_st,6h,st,3h_SI6,3h,SI6,5.04814
5.128399561481199,3.9346687957080624,-1.86541709445706,-0.9788379832632398,-1.8394332136244735,N900_RS17445,ABC transporter permease_7,0.6328677866666665,-0.72178,3.5048,6h_st,6h,st,3h_st,3h,st,4.22658
5.401685908021285,3.8392258748249555,-2.449664387671437,-0.9005160469025476,-1.8597033606657998,N900_RS17450,lolD_2,0.6380340696666668,-1.0085,4.294,1h_st,1h,st,3h_SI2,3h,SI2,5.302499999999999
3.3870657258901025,2.050002905338318,-1.4903810039267495,-1.791470876666609,-0.8815149111311984,N900_RS17455,tesA,0.7459913016666666,-1.1253,4.4167,3h_SI7,3h,SI7,3h_SI2,3h,SI2,5.542
6.105531006257213,3.1058655871588825,-3.8808832983853696,-1.510643356474629,-2.550296181548339,N900_RS17460,fabV_2,0.691949085,-0.67547,3.5099,3h_SI4,3h,SI4,12h_SI1,12h,SI1,4.18537
3.1233916466673355,1.870203097761643,0.1968374552816945,-0.8956078115399713,0.05022815511288838,N900_RS17465,sensor domain-containing phosphodiesterase,0.5769836766666666,-1.372,3.7345,6h_SI3,6h,SI3,12h_st,12h,st,5.1065000000000005
0.78043044840792,0.6928471448053903,0.06850391505719026,-0.2976513357532623,-0.09603330575898442,N900_RS17480,dnaj,0.16117439000000008,-2.0454,3.834,1h_SI2,1h,SI2,3h_SI2,3h,SI2,5.8794
4.237964064299365,2.6372150355809283,-2.4107300208246065,-0.23784093468458276,-1.4139099590950777,N900_RS17485,yjdF,1.0515363500000001,-0.65726,4.6891,6h_SI3,6h,SI3,6h_st,6h,st,5.34636
5.439851556074965,4.456544092474414,-3.235497416040047,-1.1718112400834482,-2.3982511755254388,N900_RS17490,N900_RS17490,1.3283790166666667,-0.35622,4.4181,12h_st,12h,st,3h_SI3,3h,SI3,4.7743199999999995
5.032604171494814,2.237890325083605,-2.0395120120893053,0.6833166907669391,-1.5926470330651745,N900_RS17505,Rha family transcriptional regulator,1.4790825833333332,-0.3036,4.9395,3h_SI5,3h,SI5,6h_SI2,6h,SI2,5.2431
2.5796547490812505,1.2806412225079478,-0.09192160104961974,-1.087739243131991,-0.20524921592155518,N900_RS17510,N900_RS17510,0.5240943333333333,-2.0492,4.2201,1h_SI2,1h,SI2,3h_SI2,3h,SI2,6.2693
6.722471882807543,3.397269107642661,-2.6121541424697257,-0.8551767844683906,-2.0574668082353496,N900_RS17515,"resolvase, putative",1.0423008999999999,-0.41253,4.9603,6h_SI7,6h,SI7,3h_SI2,3h,SI2,5.37283
0.32128115220160713,-0.65551417543874,-0.14437429934634535,0.48650760536957427,-0.1854669713350182,N900_RS17520,transcription initiation factor TFIIIB,0.23671706666666667,-2.1166,3.1143,3h_SI7,3h,SI7,3h_SI8,3h,SI8,5.2309
4.917404217183893,2.8810739803321925,-2.3864167420568485,-0.24131770612955658,-1.6553311421547576,N900_RS17525,yieH,0.9582375816666666,-0.90131,4.0662,1h_SI7,1h,SI7,3h_SI4,3h,SI4,4.96751
3.4128164298733545,2.5876728850398005,-2.4270173547667686,0.5663929147683933,-1.6648192702521012,N900_RS17530,N900_RS17530,0.7696543350000001,-0.60461,3.6619,3h_SI1,3h,SI1,6h_SI3,6h,SI3,4.26651
5.210382437546313,2.7130305484101678,-3.7241633927653224,-1.1481277563713679,-2.5070998052209257,N900_RS17535,creA,1.0667885000000001,-0.60431,4.2276,1h_co,1h,co,12h_SI3,12h,SI3,4.83191
1.8655541959341442,1.6821034799420491,-0.12573841334735902,0.10380002526085148,0.2569161469567328,N900_RS17540,gsk_2,1.33893285,-0.45943,5.9925,6h_ce,6h,ce,6h_st,6h,st,6.45193
5.290024169593586,3.9703294696255518,-1.8132456550562308,-0.9502808480071188,-1.6473244537857323,N900_RS17545,mdoB,1.4922828733333333,-0.056656,4.2972,6h_st,6h,st,3h_SI5,3h,SI5,4.353856
4.566597007710579,2.3568193229883407,-2.377913672974492,0.3519492074220964,-1.4918157907339893,N900_RS17550,vesA,1.496616616666667,-1.1355,4.5367,6h_SI3,6h,SI3,12h_SI1,12h,SI1,5.6722
2.5767813323950586,1.8450689550783859,0.0033238118261849654,0.7936137355862468,-0.08507968112627924,N900_RS17555,DEAD/DEAH box family ATP-dependent RNA helicase,1.063649216666667,-2.4282,6.1077,1h_SI5,1h,SI5,3h_SI3,3h,SI3,8.5359
1.7071182885934655,2.138497952236947,-1.282577156763562,-0.4795257331210383,-0.9842574112549962,N900_RS17560,rnb,-0.2808966833333333,-1.9472,3.3967,1h_SI1,1h,SI1,3h_SI4,3h,SI4,5.3439
0.3468983498222397,0.6958618796151806,1.1431391109555515,-0.3952026925907534,0.6010066045425222,N900_RS17565,N900_RS17565,0.759357,-1.7469,5.3842,6h_ce,6h,ce,1h_st,1h,st,7.1311
5.453135222549206,2.632194111883443,-2.3955838587703533,0.282776955325167,-1.401335894117125,N900_RS17570,pstS_2,1.1868148250000001,-0.63667,4.5699,1h_SI7,1h,SI7,3h_SI1,3h,SI1,5.206569999999999
4.733538024916161,1.6603934179901785,-1.8772598789000157,-0.9781875876706018,-1.1408190421371873,N900_RS17575,MaoC family dehydratase,0.5215651666666667,-2.7246,2.8798,6h_SI5,6h,SI5,12h_SI2,12h,SI2,5.6044
5.364640194258871,4.403600886658688,-3.4318271749723297,-1.0505773395476914,-2.510015433175673,N900_RS17580,phrB_1,0.9998710000000001,-0.26857,4.1433,1h_SI5,1h,SI5,3h_SI1,3h,SI1,4.41187
3.6661526122125685,2.8197517047790055,-1.680702177284687,-0.34389913989089854,-1.0812959816797856,N900_RS17585,gbpA,1.4135446666666667,-0.76527,4.8885,6h_SI6,6h,SI6,3h_SI4,3h,SI4,5.65377
6.236032780974729,3.4630487161313668,-2.4816666254318105,-1.2981538258980734,-1.9552634136895233,N900_RS17590,peptidase_4,1.3174229849999997,-0.13686,4.6615,1h_SI8,1h,SI8,1h_SI1,1h,SI1,4.798360000000001
2.166623601514443,2.556894638682784,-0.747780046633483,-0.8226072727730964,-0.6112793595925671,N900_RS17595,Bacterial leucyl aminopeptidase_BLAST,0.49667377833333326,-1.0556,4.4349,6h_SI3,6h,SI3,3h_SI2,3h,SI2,5.4905
3.096753887031544,2.0645936707171075,-1.3446548766726965,-1.028867813873604,-0.8145491968693612,N900_RS17600,speB,0.4268282466666667,-0.97639,3.9475,6h_SI2,6h,SI2,6h_SI1,6h,SI1,4.92389
3.0229758351811267,3.5374737591493273,-1.7726756038198976,-3.244196249448893,-1.3340426524050537,N900_RS17605,speA,-0.34985630984999994,-2.0291,3.8426,24h_st,24h,st,3h_SI3,3h,SI3,5.871700000000001
4.426593430272318,3.670531836415663,-2.1687122659445968,-2.3878050094659757,-1.3423288656933479,N900_RS17610,mechanosensitive ion channel protein,0.4576205666666667,-0.7909,3.4929,24h_SI8,24h,SI8,3h_SI4,3h,SI4,4.2838
3.0456100603357004,2.0818063453742393,-2.360494691019296,-2.506849875728234,-1.6455235960607406,N900_RS17615,mgtE_3,-0.5498134666666668,-3.4771,3.567,6h_co,6h,co,3h_SI1,3h,SI1,7.0441
5.351264478316404,4.386921904956365,-3.626570793217575,-1.5539485870288052,-2.610087236125841,N900_RS17620,groS_2,0.9049580516666667,-0.47564,4.331,6h_st,6h,st,6h_ce,6h,ce,4.806640000000001
5.43077868401579,3.5072207321786064,-3.215161603330879,0.7374001062429391,-2.266398963603653,N900_RS17625,groL_2,1.4953056316666666,-0.10164,4.8186,1h_SI6,1h,SI6,6h_ce,6h,ce,4.92024
5.535752574109319,3.4514860152686775,-2.7294527536841815,-0.06716730864568582,-2.260679392055237,N900_RS17630,N900_RS17630,1.4592262833333332,-0.081803,4.7336,1h_SI8,1h,SI8,3h_SI1,3h,SI1,4.815403
3.766380447107358,3.336230152730226,-1.910211444437339,-2.5005712629999737,-1.338864699073522,N900_RS17635,ask,0.6735434166666666,-0.77302,3.4215,6h_st,6h,st,3h_SI2,3h,SI2,4.19452
6.368795363246308,3.6043232273766175,-2.082302847993301,-0.900623080017506,-1.5783018804471585,N900_RS17640,ectC,1.6218537166666671,-0.078765,4.1303,1h_SI8,1h,SI8,6h_SI1,6h,SI1,4.209065
4.902566335602399,3.485401985234731,-2.3575397258012947,-2.0979005069387835,-1.4623588188853345,N900_RS17645,ectB,0.7576948916666667,-1.3876,3.0141,6h_SI1,6h,SI1,3h_SI5,3h,SI5,4.4017
5.963865539810603,3.3961064588872696,-2.630096686156758,-2.2529367967911758,-2.240217862937013,N900_RS17650,"L-2,4-diaminobutyric acid acetyltransferase",0.7623175500000001,-0.53422,4.391,6h_st,6h,st,3h_SI1,3h,SI1,4.92522
4.8805353143204835,3.2351705646664226,-3.058909966524396,-1.5220575999281476,-2.080423056732095,N900_RS17655,4a-hydroxytetrahydrobiopterin dehydratase,0.5276329499999999,-0.83213,3.726,3h_SI2,3h,SI2,12h_SI1,12h,SI1,4.55813
5.603271836906844,3.908888377260581,-2.928619209099081,-0.23053366027153716,-2.019076367445158,N900_RS17660,phhA,1.1503851666666665,-0.66631,4.0398,1h_SI4,1h,SI4,1h_SI1,1h,SI1,4.70611
6.248231047973268,3.5407235805899693,-3.9640469195113757,-1.5802634930468036,-2.651430661898184,N900_RS17665,acs_2,0.13063101166666674,-1.1944,3.6812,1h_st,1h,st,6h_SI4,6h,SI4,4.8756
2.4163467513568775,1.9115562453521984,-1.0765770810149184,0.18867420915248462,-1.3877889056491304,N900_RS17670,LysR family transcriptional regulator_7,0.30127895,-1.4317,3.4564,3h_SI9,3h,SI9,3h_st,3h,st,4.8881
-0.2054339787882921,2.6034791911298445,-1.4351385403210042,-1.9572502975122155,-1.1372576576311273,N900_RS17675,N900_RS17675,-0.4158403833333334,-3.3317,2.7904,24h_st,24h,st,3h_SI2,3h,SI2,6.1221
1.1644401827829396,2.095764637151893,-0.9110829114979077,-0.2793259209527152,-0.5233760316137138,N900_RS17680,"methyltransferase, putative",0.5584226166666667,-0.85781,3.3543,1h_co,1h,co,12h_SI2,12h,SI2,4.21211
5.709086181231662,3.3639042193394046,-3.2105921622604283,-1.0119701752590293,-2.151409817021303,N900_RS17685,LysR family transcriptional regulator_10,0.7621853891666667,-0.61091,3.8667,1h_st,1h,st,3h_SI1,3h,SI1,4.477609999999999
5.426689214042212,3.837531399325177,-2.8338585718103366,0.767694096992871,-2.080414330780514,N900_RS17690,cation diffusion facilitator family transporter,1.5427311000000001,-0.36098,4.9598,1h_SI6,1h,SI6,3h_SI3,3h,SI3,5.32078
3.7704775483854753,3.7146062005683396,-2.7032556772804623,-1.214012743876374,-1.8346498940927438,N900_RS17695,drug/metabolite DMT transporter permease,0.954021885,-1.1723,4.6289,12h_SI1,12h,SI1,3h_SI1,3h,SI1,5.8012
3.5527958133875357,3.4153050351578575,-2.6311077879301883,-1.4437294911505558,-1.8844215903742831,N900_RS17700,maa,0.7351503833333333,-1.5109,3.6839,12h_SI2,12h,SI2,3h_SI2,3h,SI2,5.1948
3.978322143976853,1.937375442815552,-1.8620811136202877,-1.8244232330724903,-0.9310512719084892,N900_RS17705,HlyC/CorC family transporter_2,-0.20554770666666664,-1.5843,3.4504,6h_SI7,6h,SI7,6h_st,6h,st,5.0347
4.348796969624771,3.9570759637999453,-2.8499701420668693,-0.2090151155624691,-2.0452456290999272,N900_RS17710,yhfA,0.700194125,-0.62308,3.7182,1h_st,1h,st,3h_SI5,3h,SI5,4.34128
5.829733770082007,2.6755134333149884,-1.403839804361358,-0.48986257042125114,-1.0938748499723732,N900_RS17715,luxG,-1.306354505,-3.8313,1.8028,6h_SI7,6h,SI7,1h_SI1,1h,SI1,5.6341
4.640967266500358,3.303653142573462,-2.9828451010907964,-1.4018081630078556,-2.153812266713716,N900_RS17725,glyceraldehyde-3-phosphate dehydrogenase,0.24004623333333333,-1.5275,3.5723,12h_SI2,12h,SI2,3h_SI1,3h,SI1,5.0998
1.4136800784315509,2.577293736139838,-1.4262494176692988,-1.1853587483222778,-0.9366595234391262,N900_RS17730,N900_RS17730,0.8011355935000001,-1.0411,4.1358,12h_SI2,12h,SI2,1h_st,1h,st,5.1769
1.5924060618088518,1.56033995288707,-1.6004811883019392,-2.2102532208846384,-0.7978967503273771,N900_RS17735,lyse_3,0.14081270666666665,-1.612,3.2614,6h_SI2,6h,SI2,1h_SI1,1h,SI1,4.8734
6.1330729380090885,3.6502505140285404,-3.329765554819655,-0.15473200779103397,-2.1667009400976873,N900_RS17740,yjeH,0.92849155,-0.41966,3.6,3h_st,3h,st,6h_SI4,6h,SI4,4.01966
3.089533394932041,2.1522700861364705,-1.2780068371203352,0.862842546445886,-0.8583924699964307,N900_RS17745,N900_RS17745,1.3741408833333333,-1.0848,5.4835,1h_SI7,1h,SI7,12h_SI2,12h,SI2,6.568300000000001
1.7826612482487032,2.083858044952692,-0.670704635530177,-1.2639344998249504,-0.818308773602604,N900_RS17750,retention module-containing protein,0.49378368333333333,-1.1553,3.6959,6h_SI1,6h,SI1,3h_SI4,3h,SI4,4.8512
3.023472246980058,2.8580046445435343,-1.8405577656398084,-1.3147338645243027,-1.2183718915786341,N900_RS17755,yehT_2,0.35794543333333334,-1.2383,3.5378,6h_SI2,6h,SI2,12h_SI3,12h,SI3,4.7761
3.274073457387255,2.5047869412186876,-3.3086483783811578,-0.7735841180908368,-1.9606521958528351,N900_RS17760,sensor histidine kinase_6,0.5569221499999999,-0.97553,2.8625,3h_SI3,3h,SI3,6h_SI3,6h,SI3,3.83803
4.317444330008919,3.654070307660978,-1.8695478205672833,-1.2319188494920097,-1.8518907711334966,N900_RS17765,N900_RS17765,0.8629468266666667,-0.53067,4.1785,6h_st,6h,st,3h_SI2,3h,SI2,4.709169999999999
5.074335306964641,3.6331721056133106,-2.244938321527339,-2.4582997993769458,-1.7458949336163876,N900_RS17770,outer membrane lipoprotein-sorting protein,0.5922057333333334,-0.46081,3.0373,3h_co,3h,co,1h_st,1h,st,3.49811
5.478413932467125,3.822531466326366,-2.9823968306849946,-0.003676177860185502,-1.9136377097426482,N900_RS17775,lolE_2,1.0645190333333334,-0.56493,3.4473,3h_st,3h,st,3h_SI5,3h,SI5,4.01223
5.254125704391139,3.363461734646396,-2.757191124485838,-0.5279763546041905,-1.793435374833086,N900_RS17780,lolD_3,1.3669511666666665,-0.38928,4.4167,3h_SI3,3h,SI3,3h_SI1,3h,SI1,4.80598
5.658684556951095,4.354260655099144,-3.323130385327937,-1.1561074644045624,-2.393391456544513,N900_RS17785,N900_RS17785,0.8527246999999999,-0.40066,3.4378,1h_st,1h,st,6h_SI1,6h,SI1,3.8384600000000004
3.701551498823216,2.1801288471994993,0.16516081149558287,-0.9680950186609883,-0.3093694615926214,N900_RS17790,N900_RS17790,1.4219452666666668,-0.12715,5.4594,1h_SI7,1h,SI7,3h_st,3h,st,5.58655
3.3061175037387605,2.6198590499317853,-2.033468231499605,-1.9379263436384022,-1.4830921620434334,N900_RS17795,ydhF,0.38520606500000004,-1.1017,4.6654,6h_SI4,6h,SI4,3h_SI1,3h,SI1,5.7671
3.7034415529965043,2.5723912353794125,-2.794616199614489,0.31830921301981946,-2.0288097114933,N900_RS17800,malS,1.09767355,-0.28286,3.6249,3h_SI4,3h,SI4,3h_SI1,3h,SI1,3.9077599999999997
-0.18295008105477614,0.6290808261732184,0.05627891771965052,-3.047329493419366,0.07557615762298475,N900_RS17815,long-chain fatty acid outer membrane transporter,-0.4012900166666667,-1.962,3.9317,24h_SI2,24h,SI2,1h_st,1h,st,5.8937
2.8844898866000563,2.818188877057104,-1.3962723415927798,-1.7257688591781513,-1.2813249258312631,N900_RS17820,vola,0.8906992933333334,-0.68514,4.6668,12h_SI4,12h,SI4,3h_SI1,3h,SI1,5.35194
3.778758748612492,2.209446832177388,-0.3824021032912311,-0.37424655984148125,-0.43317885283902746,N900_RS17825,bdlA_2,1.4348054000000003,0.037057,4.7942,1h_SI2,1h,SI2,3h_SI1,3h,SI1,4.757143
4.255066500861886,4.339269077173574,-3.1220925687649785,-0.4139459828879676,-2.2774418066710846,N900_RS17830,hapA,0.6224483216666667,-0.88243,3.2309,12h_st,12h,st,6h_ce,6h,ce,4.11333
3.7023638275555952,3.2416888195038287,-2.8101669013709065,-2.2801088339570867,-2.0027745561008814,N900_RS17840,ompW,0.3254082,-1.0355,2.6567,6h_st,6h,st,12h_SI3,12h,SI3,3.6921999999999997
0.6293962894044857,-0.5756387306322718,1.150205420115271,-1.349677748508213,0.7531950259120181,N900_RS17845,N900_RS17845,-0.533469925,-2.7048,3.6179,6h_ce,6h,ce,3h_SI3,3h,SI3,6.3227
5.507015813813663,2.9478528295762874,-3.659230823768795,-2.0558541386821036,-2.625561969898926,N900_RS17850,pbpG,0.17313374833333334,-1.4575,2.7416,6h_SI1,6h,SI1,3h_SI2,3h,SI2,4.1991
2.116455247299597,1.2912921742203343,-0.6268988143995651,-2.8074355375540425,-0.4682980820816797,N900_RS17855,norG,-0.6166551666666665,-2.2659,3.147,24h_co,24h,co,6h_SI2,6h,SI2,5.4129
2.813912624461519,2.5127072673262094,-1.830934668596922,-1.315966979171314,-1.1679860918818747,N900_RS17860,cytochrome bd oxidase subunit I,0.41083646666666673,-0.97197,3.0272,6h_SI1,6h,SI1,12h_SI1,12h,SI1,3.9991700000000003
4.1233768618206454,2.569034621167526,-0.9470923627991203,-1.7186067542937176,-1.1332975857854573,N900_RS17865,cydB_2,-0.02769535000000001,-1.9781,3.0917,6h_ce,6h,ce,1h_SI1,1h,SI1,5.0698
-0.25563720253669336,-0.2821303487628811,0.20265900681216628,-2.882648757292041,0.1920005679673211,N900_RS17870,N900_RS17870,-1.5055861333333334,-4.3519,1.4846,12h_SI5,12h,SI5,1h_ce,1h,ce,5.836499999999999
5.382066088632994,3.0430668520996185,-2.321084686608001,-0.24677129850082266,-1.6070568666757672,N900_RS17875,dsdA,1.0261612333333334,-0.42687,4.2889,1h_st,1h,st,6h_st,6h,st,4.71577
4.743397971611202,3.4191577050124784,-2.150130580908659,-0.25614546860263393,-1.45877155623786,N900_RS17880,dsdC,0.6709139283333333,-1.2727,4.065,12h_ce,12h,ce,3h_SI5,3h,SI5,5.3377
5.461742997840091,3.787284346910514,-2.8443092424709313,-1.174919008724705,-1.7341816084652537,N900_RS17885,linear amide C-N hydrolase,1.1072185750000003,-0.43913,3.925,3h_st,3h,st,6h_st,6h,st,4.364129999999999
5.673798996405501,3.1805122996861512,-2.835564139621506,-1.9594349574054923,-2.0670331359532095,N900_RS17890,integrase,0.0007545166666666584,-1.5645,3.2641,24h_SI6,24h,SI6,3h_SI3,3h,SI3,4.8286
2.3886691380099307,2.369334582520322,-1.8842457303727607,-1.6576947464657887,-1.3124820568954918,N900_RS17900,N900_RS17900,0.011968033333333345,-1.4617,3.3066,6h_SI3,6h,SI3,3h_SI1,3h,SI1,4.7683
1.8227744115417615,2.4617152814111116,-0.4650990147656174,-2.785828908643891,-0.3669440608421728,N900_RS17905,N900_RS17905,-0.03120291666666668,-1.821,3.9765,12h_SI8,12h,SI8,3h_SI4,3h,SI4,5.7975
5.833556015220526,3.6333001307636463,-1.9941088639494557,0.6497947292446985,-1.6956101276889446,N900_RS17910,N900_RS17910,1.0309760833333332,-1.0913,3.6959,1h_SI6,1h,SI6,3h_SI1,3h,SI1,4.7872
4.640352069587582,2.970628603512672,-1.4840734107012297,-1.9551313264201515,-1.6733291693832835,N900_RS17915,N900_RS17915,0.8386454833333334,-0.36403,5.4963,6h_ce,6h,ce,3h_st,3h,st,5.860329999999999
5.419074052732294,4.31128805642843,-3.4206356804860563,-0.5261408784288516,-2.444274058658753,N900_RS17920,N900_RS17920,0.6208377166666667,-0.80626,2.8757,6h_st,6h,st,3h_SI3,3h,SI3,3.68196
5.533466481407233,3.569634115656759,-2.249161252945175,-0.9076836103877333,-1.7351256936179753,N900_RS17925,tdh,0.9334647683333333,-0.43156,4.4048,1h_st,1h,st,6h_st,6h,st,4.83636
2.9780135325501336,3.168096966302068,-1.13407149249758,-1.6710099643415617,-1.2913436290267264,N900_RS17930,kbl,0.18403121,-1.5271,3.4499,12h_SI1,12h,SI1,3h_st,3h,st,4.977
4.748287804242501,2.6479072569060245,-0.946856595928103,-0.7808333413794822,-1.1793799741663777,N900_RS17945,LuxR family transcriptional regulator,0.8631686500000002,-0.30209,4.3911,1h_SI8,1h,SI8,3h_st,3h,st,4.6931899999999995
3.786528379994244,3.7749142692066444,-2.665877064086465,-2.009145204043513,-1.9205643926176554,N900_RS17950,dmlR_6,1.0615937466666665,-0.15927,4.4544,3h_st,3h,st,3h_SI1,3h,SI1,4.61367
5.2567639027951225,2.611213522001467,-1.7893402389439375,-1.121824395063527,-1.3781016340122356,N900_RS17955,yaeR_BLAST,0.8868132999999998,-0.511,3.6052,3h_SI2,3h,SI2,6h_SI1,6h,SI1,4.1162
6.232132434460544,3.0350243342928125,-3.610288821911531,-0.17701958479838348,-2.4301272305480284,N900_RS17960,N900_RS17960,1.1752430333333335,-0.18497,4.7196,3h_SI4,3h,SI4,6h_SI3,6h,SI3,4.90457
2.937930954588315,2.9783901298845854,-2.397205632967707,0.38917428759434075,-1.7388968120818236,N900_RS17965,N900_RS17965,1.2321221333333334,-0.16676,4.9585,6h_SI2,6h,SI2,6h_SI3,6h,SI3,5.12526
6.182296206718788,3.7797109144253667,-3.731043826711458,-0.3752948430942504,-2.618452053360109,N900_RS17970,N900_RS17970,1.02237215,-0.35522,4.2143,3h_ce,3h,ce,6h_SI3,6h,SI3,4.56952
2.230393144005646,2.2187231729062953,-1.9077774992677248,-1.86747082600584,-1.4195014135977657,N900_RS17975,ycdX,0.28069838333333325,-1.317,3.0485,6h_SI3,6h,SI3,3h_SI3,3h,SI3,4.3655
4.222615824883128,2.9966084430049276,-2.547785823329527,-0.8083665394598724,-1.7542603529877179,N900_RS17980,metal-dependent phosphohydrolase,1.0287126,-0.84668,5.386,12h_SI3,12h,SI3,3h_SI2,3h,SI2,6.23268
3.031456776213217,1.6049309920748627,-2.056977262199762,-2.2357459398563413,-1.3966432682941838,N900_RS17985,zwf,-0.5297414500000001,-2.6284,2.2209,3h_SI9,3h,SI9,3h_SI2,3h,SI2,4.8492999999999995
6.360820271697918,3.4139705719850992,-3.1209141395939444,0.26319721282631886,-2.103714727187896,N900_RS17990,pgl,1.2024730000000001,-0.73588,4.5236,3h_SI9,3h,SI9,6h_SI2,6h,SI2,5.25948
5.743504545881296,1.3345559216716456,-1.702704258360526,-0.7038029698356139,-1.0899091323532046,N900_RS17995,gnd,-0.12414838500000001,-2.1542,4.5935,6h_ce,6h,ce,12h_st,12h,st,6.7477
2.057330332351993,0.6052634242820556,-0.1990833961648859,-0.9194051198353965,-0.05368118045221567,N900_RS18000,N900_RS18000,-0.11332974999999998,-2.2521,3.9767,6h_SI5,6h,SI5,3h_SI2,3h,SI2,6.2288
6.292356086702106,3.7046604250849273,-2.1643536800016987,-0.42331374861626253,-1.7837283542090143,N900_RS18005,MBL fold metallo-hydrolase_3,1.3484987,-0.26845,3.951,1h_SI8,1h,SI8,6h_SI2,6h,SI2,4.21945
4.117054176032022,3.050118486207737,-1.7749249958442888,-0.862372416422335,-0.9839021342051745,N900_RS18010,N900_RS18010,0.7688102765,-0.57853,3.3851,3h_st,3h,st,6h_ce,6h,ce,3.96363
3.3142901594265615,3.549622387116888,-1.51040638661328,-1.0625002763793607,-1.1731018753881561,N900_RS18015,N900_RS18015,1.29595885,-0.39959,4.5339,6h_SI4,6h,SI4,3h_SI5,3h,SI5,4.93349
5.456518173562657,3.0623464160259384,-1.813436850970845,-1.0926005875210978,-1.5300744512409108,N900_RS18020,Pseudogene_N900_RS18020,0.6119588516666669,-0.61296,3.5909,12h_SI6,12h,SI6,6h_ce,6h,ce,4.20386
5.498921877089444,3.0883958319128757,-2.4837519108321957,-0.04017680931828127,-1.555805632940991,N900_RS18025,dsdX,1.0326274999999998,-0.64951,5.0488,1h_SI1,1h,SI1,12h_st,12h,st,5.69831
3.6338652899278756,3.383786015361831,-3.0612417099613523,-0.8759602625914206,-2.2300499393449265,N900_RS18030,cdar,0.9397330333333334,-0.64353,5.6322,3h_SI3,3h,SI3,6h_ce,6h,ce,6.27573
4.136983845434273,2.428999140860134,-2.489069930223868,-1.9257540108857991,-1.6575181856956078,N900_RS18035,methyl-accepting chemotaxis protein_24,0.47953151333333327,-0.99292,3.8988,6h_SI4,6h,SI4,3h_SI1,3h,SI1,4.89172
1.8947943648363177,0.6625951120162484,1.515897021839157,0.7553827889998177,0.7796539599043094,N900_RS18040,hutZ,0.8886057166666668,-0.87025,5.2244,6h_SI4,6h,SI4,3h_st,3h,st,6.09465
2.944238997974865,2.426624961737081,-1.5825154331041185,-1.5094746022410026,-0.7944442261378583,N900_RS18045,hutX,0.4391003733333333,-0.92772,4.1017,12h_st,12h,st,6h_st,6h,st,5.02942
3.825747392814557,3.4211665526130224,-2.7657911660961627,-1.0055990570319993,-2.0154168826623176,N900_RS18050,chuw,0.3849274,-1.2398,2.7233,12h_st,12h,st,3h_SI5,3h,SI5,3.9631
1.848237866095167,0.7716251748142388,-1.2505395535828747,2.2945057702502982,-0.7479996387217293,N900_RS18055,TonB_2,0.81090335,-1.2465,4.5803,1h_SI9,1h,SI9,6h_SI3,6h,SI3,5.8268
4.833053132392088,3.888721452188024,-3.013941969549,0.388053791880892,-2.0951593162599407,N900_RS18060,exbB1,1.5818295,-0.61895,5.692,1h_SI6,1h,SI6,3h_SI5,3h,SI5,6.31095
5.928283085471511,3.938147691075344,-4.08339392630019,-1.062616805202278,-2.7791781107145925,N900_RS18065,exbD1,0.2369785333333333,-1.234,3.4798,3h_st,3h,st,6h_SI4,6h,SI4,4.7138
4.380188659054287,1.4218544975630487,-1.9946984802446122,-0.9190596507701077,-1.3179819980272391,N900_RS18070,hmuT,-0.4551140333333334,-2.2574,3.4826,6h_SI5,6h,SI5,6h_SI1,6h,SI1,5.74
5.331709759039909,2.4815425013003596,-2.7974676401614706,0.153647128999773,-2.061301790344168,N900_RS18075,hmuU,0.9301478333333334,-0.77474,5.5756,1h_SI6,1h,SI6,6h_SI1,6h,SI1,6.350339999999999
5.4927083010859254,3.3716512331069466,-2.995975394426682,0.20160318987699913,-1.9976605123174935,N900_RS18080,hmuV,0.84955604,-0.71774,3.5689,1h_SI7,1h,SI7,6h_SI3,6h,SI3,4.28664
4.740747388787173,2.214235501334501,-2.861606896902664,-0.5307758923264838,-2.055281279487872,N900_RS18085,TetR/AcrR family transcriptional regulator_5,-0.008948498333333322,-1.6294,3.2636,3h_SI1,3h,SI1,6h_SI2,6h,SI2,4.893
1.7571386692480444,-0.3213552086235152,0.10531135672385918,-1.7759685923584747,0.20170247612501982,N900_RS18090,N900_RS18090,-0.6179167000000001,-4.2886,4.1179,6h_SI7,6h,SI7,6h_SI2,6h,SI2,8.4065
2.780518992462822,3.2037904942127517,-2.4985015874806953,-2.309229317279615,-1.7684573825467735,N900_RS18095,N900_RS18095,0.2249694783333333,-2.0225,4.2927,12h_SI2,12h,SI2,1h_SI1,1h,SI1,6.3152
3.672155700732872,0.9944213726717869,-1.8491351782613863,-0.7368868260746787,-1.1168315529975166,N900_RS18105,araC_2,0.04424243333333331,-2.0993,3.8951,1h_SI1,1h,SI1,6h_SI1,6h,SI1,5.9944
5.7574223418576915,3.240589765570024,-1.2969247943004414,-0.7998814541305929,-1.290491037843722,N900_RS18110,mlp37,1.395917148333333,-0.21069,5.3295,1h_SI8,1h,SI8,3h_st,3h,st,5.54019
5.669546001742738,3.626554568658926,-2.463076886820599,-0.8305252068912168,-1.8789965773529467,N900_RS18115,hmp_2,1.50623445,-0.18888,4.5887,1h_SI6,1h,SI6,1h_ce,1h,ce,4.77758
5.596097263597275,2.1385873139085807,-1.4433173336861331,-2.365331707630884,-1.3385230650896587,N900_RS18120,pyrC,-0.5920751333333334,-3.3609,2.9625,12h_SI7,12h,SI7,1h_st,1h,st,6.3233999999999995
1.393866864953488,1.7170893450356848,0.8596346906514212,-0.792368067992598,0.0377672488221623,N900_RS18125,AraC family transcriptional regulator_4,0.48270094166666666,-1.3638,4.4377,6h_SI2,6h,SI2,6h_ce,6h,ce,5.801500000000001
5.269487443746449,3.2448407415760965,-2.5778154374277134,-1.0784510120730668,-2.29778573070099,N900_RS18130,yhaI,0.5284481166666667,-1.3799,3.5116,3h_SI9,3h,SI9,3h_st,3h,st,4.8915
5.937779073377274,4.260335957656479,-3.259910244234802,-1.7639409435893267,-2.3162948146514832,N900_RS18135,N900_RS18135,0.8181215166666668,-0.78645,3.9496,1h_st,1h,st,3h_SI2,3h,SI2,4.7360500000000005
0.9220389630437501,2.0370528849829834,0.5698058520626027,0.3924382484400813,0.37683039069197,N900_RS18140,rlmC,1.4098274999999998,-0.10234,4.0469,1h_SI6,1h,SI6,3h_SI3,3h,SI3,4.14924
4.925747223091316,3.436845348884365,-2.002355897945248,-0.22189692753632573,-1.8920868592411832,N900_RS18145,yedI,1.2079101883333332,-0.35389,3.896,6h_st,6h,st,6h_ce,6h,ce,4.24989
5.003422824060911,3.4227364873148165,-3.668195930682579,-0.3340393373293873,-2.5893037487163246,N900_RS18150,VC_A0931_BLAST,1.0859591833333333,-0.85723,4.7621,1h_co,1h,co,6h_SI4,6h,SI4,5.619330000000001
3.692094547647064,1.6376751709527912,-1.0454806296154464,-0.9018245093305576,-0.7940610675686149,N900_RS18155,cspV_3,0.7596669666666667,-0.83059,5.2356,24h_SI2,24h,SI2,3h_SI1,3h,SI1,6.06619
3.124875111071086,1.523944513904407,-1.9167109805482654,0.6497981471175421,-1.1605151059056664,N900_RS18160,N900_RS18160,1.0457559066666666,-1.0574,5.2573,1h_co,1h,co,6h_SI3,6h,SI3,6.3147
6.082859414499039,4.113355860231002,-2.742357577542676,-0.5945656458544606,-2.0678444506845857,N900_RS18165,M14 family metallocarboxypeptidase,1.0212869166666667,-0.50094,3.5822,1h_st,1h,st,3h_SI3,3h,SI3,4.08314
4.567892036178286,3.770253769109345,-2.9918296035872634,-1.9464780571542295,-2.213738835991467,N900_RS18170,AraC family transcriptional regulator_6,0.6175306833333334,-1.1021,3.7207,6h_st,6h,st,6h_ce,6h,ce,4.8228
5.477045995615158,2.380302440456292,-1.9599427873283177,-1.715325155319495,-1.4150263420602842,N900_RS18175,eamA_8,1.0682493333333332,-0.95688,5.1571,24h_SI9,24h,SI9,1h_SI1,1h,SI1,6.11398
3.726272390991006,3.081085109177534,-2.437774700164233,-0.15307118389193317,-1.4723850410395258,N900_RS18180,VC0395_0300_BLAST,1.1578570499999998,-0.60448,4.9425,1h_ce,1h,ce,6h_SI3,6h,SI3,5.54698
4.995121888167724,3.527551248220461,-1.3952770571837778,-1.2098331515931233,-1.5211587933777437,N900_RS18190,yciA_2,1.0799188716666666,-0.34301,4.4195,6h_st,6h,st,3h_st,3h,st,4.76251
5.375089264044388,4.359372631651487,-3.511654250157496,-0.26660008221409576,-2.4705292700031025,N900_RS18195,N900_RS18195,0.9048698233333334,-0.65127,3.9226,3h_co,3h,co,12h_SI2,12h,SI2,4.57387
5.246327146849658,3.748950683809056,-1.3556886084113773,-1.5598990790236051,-1.373237341940858,N900_RS18200,malG,1.5428225,0.23595,4.8215,24h_ce,24h,ce,3h_SI1,3h,SI1,4.5855500000000005
1.2030139116287044,1.7034355308021614,-0.25942318211998383,-0.6468621272150116,-0.19132402934813317,N900_RS18205,malF,0.16582731666666672,-1.3919,4.6687,3h_co,3h,co,3h_SI3,3h,SI3,6.0606
5.7405313482102205,3.558389504533035,-2.4366759199720813,-2.892816167862423,-2.1912397978039753,N900_RS18210,malE,0.18086401500000002,-1.0174,3.42,6h_st,6h,st,6h_SI2,6h,SI2,4.4374
4.666241552561114,2.8027611029297517,-0.7552241276425117,0.4521787117828517,-0.791408562676118,N900_RS18215,malK,1.6420375766666666,-0.075905,5.2683,1h_SI7,1h,SI7,12h_st,12h,st,5.344205
2.4724183172902405,1.6768789485125772,-2.8866818568824373,-2.5900097058022253,-1.9097241442180615,N900_RS18220,speG,-0.6083415000000001,-1.887,2.9196,6h_SI2,6h,SI2,6h_SI3,6h,SI3,4.8065999999999995
3.281832906014715,3.4495217262711724,-1.905357630533614,-0.7532215793586089,-1.8248936857917808,N900_RS18225,N900_RS18225,1.0218731166666666,-0.58247,3.9622,12h_SI1,12h,SI1,6h_ce,6h,ce,4.54467
4.89365546533473,2.8766725578142256,-2.20097537483774,-1.126969346240815,-1.477952396214201,N900_RS18230,SM-20,0.7878321116666669,-0.62538,3.4996,3h_SI1,3h,SI1,3h_SI6,3h,SI6,4.12498
1.0765456905656778,0.9929086623346615,-1.1706209301706103,0.7440538552672921,-0.8529261817245598,N900_RS18235,VCM66_A0911_BLAST,0.7831024866666667,-1.1646,4.4179,1h_SI9,1h,SI9,3h_SI1,3h,SI1,5.5825000000000005
3.8965995114885907,2.914670875852323,-2.1936060214568753,-0.9251324819708523,-1.2423487316651376,N900_RS18240,vpsT,0.7171934466666665,-0.67154,4.1504,3h_SI1,3h,SI1,6h_SI2,6h,SI2,4.821940000000001
4.663039780383826,3.691453493202049,-2.7403076461934615,-1.982619507272289,-1.9949772054071153,N900_RS18245,ppiC,1.120754318333333,-0.34956,4.3295,3h_SI2,3h,SI2,12h_SI1,12h,SI1,4.679060000000001
5.724973301830903,4.0577297744732705,-3.473989196950969,-1.1854811932525775,-2.5540638470105224,N900_RS18250,CheV,0.5409919933333334,-0.75718,3.3254,3h_ce,3h,ce,3h_SI1,3h,SI1,4.08258
5.07826915040805,4.381543988040848,-4.116577623485141,-1.7318364403531255,-2.8872340410141226,N900_RS18255,marr_2,0.713241845,-0.91848,3.4133,12h_st,12h,st,6h_SI4,6h,SI4,4.33178
3.929549776990797,1.9236753733598835,-1.8799735075437107,-1.0118199210229082,-0.9800804231828496,N900_RS18260,vdcA,0.7629141199999999,-0.67459,4.8018,6h_SI1,6h,SI1,6h_st,6h,st,5.47639
1.264020408561384,1.9295002030235588,-0.9592251459030436,-0.9625248434411099,-0.7475262614650338,N900_RS18265,malate synthase,0.7379522666666667,-1.0315,4.393,6h_ce,6h,ce,3h_SI3,3h,SI3,5.4245
5.846711038475459,3.451274507470377,-1.6118642917032406,-0.300953708937653,-1.4808480968010562,N900_RS18270,N900_RS18270,1.5079524999999998,0.03813,4.6884,1h_SI9,1h,SI9,3h_st,3h,st,4.65027
5.583596083260628,3.5573615649999444,-2.6099753169019397,-1.838514630123633,-1.8116847410985737,N900_RS18280,sensor domain-containing diguanylate cyclase_5,0.5460500599999999,-0.79078,3.9373,1h_st,1h,st,12h_st,12h,st,4.72808
2.11626099131001,2.867449626631828,-2.107983313340257,-0.7324772803313561,-1.474986576822383,N900_RS18285,AlkB,0.7554539366666666,-0.68823,4.9356,1h_SI1,1h,SI1,3h_SI6,3h,SI6,5.62383
5.352411269916977,3.5590471934067227,-2.0536346192834913,-1.5500721583202088,-1.9307134309449066,N900_RS18290,N900_RS18290,0.3900006549999999,-1.0555,2.8775,6h_SI6,6h,SI6,3h_SI3,3h,SI3,3.933
6.311751927347641,3.0956378026331977,-2.3036220128005205,-1.8384806515363612,-1.5822294942950204,N900_RS18295,DMT family transporter_2,2.4100283333333334,1.0156,4.9017,1h_st,1h,st,1h_ce,1h,ce,3.8861
5.756910630497726,2.919183583692537,-2.994172573618326,-0.5407824558803255,-2.181623572549699,N900_RS18300,gcvA_2,2.2346368333333326,0.59281,4.9998,1h_SI8,1h,SI8,12h_SI1,12h,SI1,4.4069899999999995
0.8233130455165916,2.0585285619315203,-0.2843840336670917,0.4079171490212858,-0.09701887628126403,N900_RS18305,diguanylate cyclase_6,0.7194414166666668,-0.94836,3.8222,12h_SI8,12h,SI8,3h_SI3,3h,SI3,4.77056
4.283084163474402,2.758811182747301,-2.729900910313992,-1.314948529474535,-1.9554971558131564,N900_RS18310,N900_RS18310,0.4221418283333333,-0.78188,4.1463,12h_st,12h,st,3h_SI3,3h,SI3,4.92818
1.8625191444992744,-0.07491617884803521,-0.9278644671230806,-2.450560272332849,-0.6374374420566115,N900_RS18315,VC_A0969_BLAST,-0.9442511333333332,-3.2332,2.4104,3h_SI7,3h,SI7,6h_SI3,6h,SI3,5.6436
5.699053935832251,2.597057157371285,-1.3482346815806825,-1.0847192958491574,-1.2757542746990984,N900_RS18320,pyrimidine/purine nucleoside phosphorylase,0.657977575,-1.2115,4.8168,12h_SI6,12h,SI6,12h_st,12h,st,6.0283
2.3963731795991348,1.6997544386201406,-1.6457374679439063,-1.6063406292729197,-1.3068031239287872,N900_RS18325,N900_RS18325,0.17817867333333332,-1.2495,4.2406,6h_SI3,6h,SI3,3h_SI1,3h,SI1,5.4901
1.5581427083082053,2.5137219690058323,-0.9554330889912148,-1.550291337294138,-0.9234565531391539,N900_RS18330,MFS transporter_2,0.35881348333333335,-0.8963,4.4611,6h_SI1,6h,SI1,3h_SI2,3h,SI2,5.3574
5.289228400097891,3.2982649778925763,-4.040933563822423,-1.5887584504243295,-2.908463472402383,N900_RS18340,methyl-accepting chemotaxis protein_25,0.6147865899999999,-0.93278,3.7644,3h_SI2,3h,SI2,3h_SI1,3h,SI1,4.69718
1.7328133750418926,2.4279229491395116,-1.2970300772683865,-1.6684521448803857,-0.8482903659209183,N900_RS18345,ATP-binding protein_2,-0.09152692666666669,-1.6205,3.2502,6h_SI1,6h,SI1,3h_SI2,3h,SI2,4.8707
2.3936610668583627,1.1501370267303601,-0.7034911030223423,-0.4947887015406967,-0.19009585162450254,N900_RS18350,N900_RS18350,0.64672878,-1.0007,4.4513,3h_SI7,3h,SI7,6h_st,6h,st,5.452
1.1129566797054313,1.4972783570952033,-0.49602392214789576,0.8730438720844809,-0.34507143869504997,N900_RS18355,lktB_2,1.519740105,-0.60883,5.4278,1h_SI1,1h,SI1,6h_SI3,6h,SI3,6.036630000000001
5.452461660548507,3.6343911081434324,-2.15105375666823,-1.71955189731185,-1.5738942052962308,N900_RS18360,artI_2,0.7587857,-0.80842,3.6524,1h_st,1h,st,6h_st,6h,st,4.46082
4.0710851504866135,4.480159655385595,-3.0940292489005805,-0.05685229939130792,-2.3060199539257233,N900_RS18365,mcpQ,1.0476492,-0.46607,4.335,3h_co,3h,co,3h_SI5,3h,SI5,4.80107
1.3564486846505805,-0.042565142487607614,-1.365275139538327,1.839397274515022,-0.9240782572100531,N900_RS18370,N900_RS18370,0.99271789,-0.92994,5.7143,1h_SI2,1h,SI2,12h_SI2,12h,SI2,6.64424
4.745517260359455,2.4175985504272473,-1.6447952634206715,-0.3097543407191045,-1.2784163231324515,N900_RS18375,ABC transporter,1.1957825616666669,-0.29617,4.516,6h_SI7,6h,SI7,6h_st,6h,st,4.81217
6.186757767642749,4.009697638167674,-3.7424094943746975,-1.3575347862869271,-2.5283532040049224,N900_RS18380,dmlR,0.8241887983333334,-0.67422,4.6473,12h_st,12h,st,3h_SI1,3h,SI1,5.3215200000000005
4.4115002586971945,2.1909807443104565,-2.8819724640280513,-0.4173903069891668,-2.0474860203551803,N900_RS18385,L-lactate permease,0.8027006000000001,-0.58001,5.3968,12h_SI1,12h,SI1,3h_SI1,3h,SI1,5.9768099999999995
4.744288503872024,3.527044925843455,-2.865347741846223,-1.6964578414070004,-1.9598269454106727,N900_RS18390,lldd,0.26480408333333333,-1.3526,2.618,3h_SI6,3h,SI6,12h_SI1,12h,SI1,3.9706
1.7676386236535286,0.527976665727099,-0.9396041235403421,-2.625106418062798,-0.4684508769480672,N900_RS18395,FAD-binding oxidoreductase,-1.0004502333333334,-3.0886,3.2639,24h_co,24h,co,6h_SI1,6h,SI1,6.3525
5.575491702415401,4.1797376836526325,-2.6446339455942787,-1.9420243193878264,-1.880787687799705,N900_RS18400,ppsR,0.7752115616666668,-0.24286,3.2293,3h_st,3h,st,3h_SI4,3h,SI4,3.4721599999999997
5.357761563978158,3.0076326168077587,-2.6803456901842404,-0.4782771586770879,-1.6174145789438361,N900_RS18405,ppsA,1.2964013166666666,-0.27773,5.2183,3h_st,3h,st,6h_st,6h,st,5.49603
2.750944483519393,3.1867503990218746,-2.8962399197454305,-0.29726589501111494,-1.9281799525709984,N900_RS18410,aer_2,0.9651875166666667,-1.4096,4.8851,1h_co,1h,co,3h_SI4,3h,SI4,6.294700000000001
3.519916548547236,3.068559319902871,-1.2911866623264676,-1.1212111557175868,-0.8711279831633125,N900_RS18415,norM_3,0.7381811283333335,-0.52887,4.2499,6h_st,6h,st,3h_SI4,3h,SI4,4.77877
4.333058916267435,2.800410448221798,-1.874113242664359,-0.7905093002664465,-1.5043835075309115,N900_RS18420,ATP-dependent helicase_2,1.0005302166666665,-0.36488,3.9666,3h_SI2,3h,SI2,6h_ce,6h,ce,4.33148
5.462043443202876,3.307296931444231,-2.836507528224241,-0.7593002581143242,-1.8272787356524665,N900_RS18425,dmlR_8,0.9454146333333333,-0.53089,4.2217,1h_st,1h,st,12h_st,12h,st,4.7525900000000005
0.9330911188608317,2.2079184090845634,0.021828249611242082,-2.063660858248718,-0.5233872485654539,N900_RS18430,grxB,0.7697200833333332,-1.0326,6.0039,12h_SI2,12h,SI2,3h_SI1,3h,SI1,7.0365
6.014460629761816,3.3973888196334205,-1.9500043910828184,-0.24192396259978646,-1.6950330865516816,N900_RS18435,nemA_1,1.0526019883333333,-0.49052,3.63,1h_SI5,1h,SI5,3h_SI2,3h,SI2,4.12052
5.266649465114043,3.2518196680693783,-2.3690921158732428,0.8000073824006034,-1.4368773865441753,N900_RS18440,amidinotransferase,1.5820203166666669,-0.19961,4.4343,1h_SI8,1h,SI8,12h_SI2,12h,SI2,4.63391
1.4803261221207669,0.2524952289024596,1.9108587373485268,-0.02250257952424834,0.31854959212144246,N900_RS18445,vcaM,0.006609450833333333,0.00019262,0.17305,6h_SI7,6h,SI7,3h_st,3h,st,0.17285738
6.158075815257505,3.139792974429606,-2.1726830826730703,0.8112031643522499,-1.8190487092251229,N900_RS18450,N900_RS18450,1.5210640666666668,-1.2297,6.4454,1h_SI9,1h,SI9,6h_SI3,6h,SI3,7.6751000000000005
4.369583968624888,3.338458995615659,-1.7594563151871236,-0.9611605041523048,-1.0961865647846059,N900_RS18455,nemA_2,1.2277445000000002,-0.5137,3.9551,1h_st,1h,st,3h_SI1,3h,SI1,4.4688
4.796404144180292,3.0408802677791025,-1.7473000691176568,0.5510675161159719,-1.3219167081947458,N900_RS18460,tetr_2,1.0664707666666668,-0.9266,4.6922,1h_SI5,1h,SI5,12h_SI1,12h,SI1,5.618799999999999
3.845222803133207,3.154508294839415,-2.211000603479578,-1.3160558809412408,-1.484780731431035,N900_RS18465,LysE family translocator_2,0.9449693833333336,-0.73313,4.7676,3h_SI2,3h,SI2,6h_ce,6h,ce,5.50073
2.880767118850531,1.7044314410936747,-1.6887739452490809,-1.1505054637094236,-1.068140302610408,N900_RS18470,rhaS_4,0.93171164,-1.7867,5.3963,6h_SI5,6h,SI5,6h_SI2,6h,SI2,7.183
4.833209267070256,3.846402416993799,-1.505759802204927,-1.794549903156382,-1.6494345786795312,N900_RS18475,ygaZ,1.0294073499999998,-0.16483,3.9897,6h_st,6h,st,3h_SI3,3h,SI3,4.15453
3.4748816934693867,2.008066008713402,-0.9022824978325994,-0.8507702729544716,-0.4392017373305087,N900_RS18480,N900_RS18480,1.0644122500000002,-0.6124,4.3871,1h_SI4,1h,SI4,3h_SI3,3h,SI3,4.9995
4.336191920934166,3.527884220569496,-2.63178435630492,-3.0222151992571438,-1.6993600818463581,N900_RS18485,ycgM,0.2317670416666667,-1.0364,3.1133,12h_st,12h,st,1h_SI1,1h,SI1,4.1497
4.286816112837675,3.6327661972403904,-3.4528183126340894,-0.46431245998684906,-2.473534635991758,N900_RS18490,sarZ_2,1.4996949,-0.13114,3.8497,6h_SI1,6h,SI1,6h_SI2,6h,SI2,3.9808399999999997
1.320223061131954,1.295458878287674,-0.4040999682845318,-0.8483478695901469,-0.21543044212096243,N900_RS18495,organic hydroperoxide resistance protein,0.7048468666666667,-0.51228,5.0489,3h_SI7,3h,SI7,3h_SI4,3h,SI4,5.561179999999999
6.254545127349292,3.1361054476487813,-1.8570837718266495,-0.2707944245814792,-1.7174911450362613,N900_RS18500,porin,1.9403371,-0.22876,6.144,1h_SI6,1h,SI6,3h_st,3h,st,6.37276
4.780004211653809,3.3706867740762143,-1.282348188824186,-0.2318881264417625,-1.3556915412066446,N900_RS18505,ribN_BLAST,1.7100765966666664,-0.20179,5.2301,1h_SI8,1h,SI8,3h_st,3h,st,5.43189
4.538261806764557,3.399988541947059,-2.134285129649582,-1.6483636650815652,-1.7221809063526214,N900_RS18510,glutaredoxin,1.3478461550000003,-0.002698,4.421,12h_ce,12h,ce,6h_SI2,6h,SI2,4.423698
4.468243277143167,4.064557997720634,-2.1644719390565816,-1.5981798203271527,-1.5926373283643127,N900_RS18515,yjiG,0.7193569433333333,-0.59136,3.7821,6h_SI7,6h,SI7,3h_SI2,3h,SI2,4.37346
4.230874696784798,4.272852134015438,-2.773110766485905,-1.8126867600051912,-2.1058823136076965,N900_RS18520,N900_RS18520,0.8471733166666665,-0.59808,3.6638,12h_st,12h,st,3h_SI1,3h,SI1,4.26188
1.9471384939151342,1.9344442161492343,-1.3953142091540218,-1.1904998463917802,-0.8730798949032123,N900_RS18525,nhad,0.4258148978333333,-1.0779,3.8994,6h_SI3,6h,SI3,12h_SI1,12h,SI1,4.9773
3.8737567431865343,2.0994125716077847,-1.4790899335091217,0.20120680128328747,-0.8805508684222925,N900_RS18530,N900_RS18530,1.49939915,-0.2296,5.4337,1h_SI7,1h,SI7,6h_st,6h,st,5.6633
2.7143726076601884,2.8495333722603178,-2.0149184662113564,-2.3186210333060218,-1.3248122597304084,N900_RS18535,ogt,0.8451131166666666,-0.57455,5.4107,12h_st,12h,st,1h_SI1,1h,SI1,5.985250000000001
4.166823431278938,3.2608751711889217,-3.566722846899267,-1.3911593770262405,-2.524692909580553,N900_RS18540,alkA,0.36567683333333334,-1.0677,2.7152,12h_st,12h,st,6h_SI4,6h,SI4,3.7828999999999997
3.1615806183651975,2.280303142889247,-1.2624960430681353,-0.6824646545266083,-0.5165113252904049,N900_RS18545,mhqP,1.2606789466666664,-0.16519,4.8455,1h_SI6,1h,SI6,3h_SI3,3h,SI3,5.01069
4.659664073080081,2.979572640532483,-2.7780654292382785,-0.625279324798583,-1.9683095450788861,N900_RS18550,LysR family transcriptional regulator_9,-0.1270354,-1.5769,2.6388,1h_st,1h,st,6h_SI1,6h,SI1,4.2157
1.7420278997508651,2.702642814245311,-1.598208409619096,-1.2345971536586655,-1.0322689624913983,N900_RS18555,N900_RS18555,-0.6938512,-2.1712,2.8427,1h_SI1,1h,SI1,3h_SI5,3h,SI5,5.0139
1.8787871361972097,0.9320505609138287,-0.7037150000001013,0.6972147616433866,-0.11429756970417017,N900_RS18560,flavohemoglobin expression-modulating QEGLA motif protein,0.9325072333333334,-0.74441,4.0046,6h_SI1,6h,SI1,6h_st,6h,st,4.74901
4.384155248015422,2.6111763891258177,-1.5163069892637406,-0.6800004954607759,-1.726123761694492,N900_RS18565,N900_RS18565,1.3080396666666665,-0.34214,6.2048,6h_co,6h,co,3h_st,3h,st,6.546939999999999
4.567142351916293,2.1081363729350167,-1.227391268670569,-2.4878233908209166,-0.8410025580782303,N900_RS18570,nagB,-1.0700565,-3.6157,2.4464,6h_SI6,6h,SI6,12h_SI3,12h,SI3,6.0621
5.920141001952938,4.4193447373304915,-3.264520027475198,-0.9550760131033974,-2.4226638885299487,N900_RS18575,N900_RS18575,1.1693778750000001,-0.28541,4.5197,6h_st,6h,st,3h_SI2,3h,SI2,4.80511
5.391146837850813,2.4853162178402735,-1.986462219523425,-2.3631006963843877,-1.2069817967340197,N900_RS18580,maltose operon protein,0.2818717,-1.1755,2.8385,6h_SI7,6h,SI7,3h_SI2,3h,SI2,4.013999999999999
3.864161625968484,2.8196306869045404,-0.5070816916497998,-1.3887984138389284,-0.8045208620492404,N900_RS18585,maltoporin,0.8266585999999999,-0.75052,3.6507,6h_st,6h,st,12h_SI3,12h,SI3,4.40122
3.4285849334464147,3.4256627271462743,-1.403828105144236,0.3774485068989841,-1.1950801694377526,N900_RS18590,glgX,1.1282764616666665,-1.1667,5.1463,1h_SI1,1h,SI1,3h_SI4,3h,SI4,6.313000000000001
4.497767990983177,3.549766830077022,-3.2380123256400335,-0.805244760521785,-2.420288983207011,N900_RS18595,N900_RS18595,1.0050185333333335,-0.97709,4.4732,6h_SI1,6h,SI1,3h_SI1,3h,SI1,5.450290000000001
0.834982668600541,0.6925789330601482,-1.5317231150195498,-2.353744090968737,-0.9217159851893117,N900_RS18600,methyl-accepting chemotaxis protein_27,-0.41803977166666667,-2.4343,3.4934,3h_SI8,3h,SI8,6h_SI4,6h,SI4,5.9277
1.8705103551177642,-0.067704634997036,-0.2117917291385015,1.5855896712537512,0.10678896702748124,N900_RS18605,N900_RS18605,0.71950405,-0.9177,4.9879,1h_SI1,1h,SI1,6h_st,6h,st,5.9056
6.296725847122449,3.4937964365188647,-2.745511337633726,-1.263602818641019,-2.103844526147543,N900_RS18610,carbohydrate ABC transporter substrate-binding protein,1.0021422703333334,-0.54845,3.7851,12h_st,12h,st,6h_SI1,6h,SI1,4.33355
4.161273149230931,1.6198798545323185,0.07453283790799514,-0.8366947745910146,-0.1890464466737605,N900_RS18615,methyl-accepting chemotaxis protein_19,1.0326468033333334,-0.63255,5.1683,6h_SI7,6h,SI7,3h_st,3h,st,5.8008500000000005
2.550113972703578,0.8589542114523037,-1.9886673385000937,-0.8060419810910894,-1.2404112720321834,N900_RS18620,N900_RS18620,0.33199108016666673,-1.3442,2.6237,6h_SI1,6h,SI1,12h_SI1,12h,SI1,3.9679
4.452150297289701,2.8464485940176454,-2.8749801342707575,0.47511076252828194,-1.9902293053297178,N900_RS18625,aroG,1.4493935666666666,-0.073246,4.3744,1h_SI7,1h,SI7,3h_SI1,3h,SI1,4.447646
1.4238198259662005,3.0649141360873973,-1.706320055508353,-2.7663066447591205,-1.2401703551362353,N900_RS18630,glnQ_2,0.08422083333333338,-2.2495,3.9345,6h_SI5,6h,SI5,3h_SI4,3h,SI4,6.183999999999999
5.644760047286769,3.814630104455856,-1.9902513315768826,-0.967013698936248,-1.7962525573448507,N900_RS18635,amino acid ABC transporter permease,1.072856908333333,-0.28575,3.27,6h_SI8,6h,SI8,12h_SI2,12h,SI2,3.55575
4.4828975723154505,2.706952983200189,-2.8748314715774645,-1.1737875010553172,-2.2078797738489433,N900_RS18640,fliY,0.7207417300000001,-1.001,3.84,6h_SI1,6h,SI1,12h_SI2,12h,SI2,4.840999999999999
6.148606095605757,3.3554775733897224,-2.0712701812207692,0.26454661066171375,-1.5609246356126347,N900_RS18645,glnP,1.5760528999999999,-0.22421,4.0485,1h_SI6,1h,SI6,3h_SI5,3h,SI5,4.27271
4.802463424461687,3.219152415020308,-3.2973266474531493,-2.075422340389852,-2.3959911618715024,N900_RS18650,pgcA,0.22527911666666667,-1.4033,3.2432,12h_st,12h,st,12h_SI3,12h,SI3,4.6465
4.013751914597426,0.06321601642415933,-1.029312776866824,-0.8338779611943026,-0.5679114615096875,N900_RS18655,polymer-forming cytoskeletal protein,1.1176325383333332,-1.9145,5.9214,6h_SI5,6h,SI5,6h_SI1,6h,SI1,7.8359000000000005
4.599817874710851,1.69384938289632,-1.8982650360259063,0.12073663910023615,-1.1197960269789853,N900_RS18660,Pseudogene_N900_RS18660,1.6897767333333331,-1.2083,5.5671,6h_SI5,6h,SI5,6h_SI2,6h,SI2,6.775399999999999
4.42277935453568,3.80875398716259,-2.1196917682243255,-0.8180941834791244,-1.5303040963221741,N900_RS18670,mtlA,1.1918607166666668,-0.52701,4.7672,6h_SI2,6h,SI2,12h_st,12h,st,5.29421
4.806980909074266,3.2170708386623255,-1.9832820413134675,-1.221719730981289,-1.4947830476952146,N900_RS18675,mtlD,1.0711142666666666,-0.43937,3.9872,6h_st,6h,st,1h_st,1h,st,4.42657
5.129228848723174,4.521932972182142,-3.655230870113473,-1.320638940980237,-2.528274331958142,N900_RS18680,MltR family transcriptional regulator,0.5647306150000001,-0.84684,3.3964,1h_st,1h,st,6h_SI4,6h,SI4,4.24324
6.182387905733736,3.727893096265389,-3.1510661051350213,-0.906956205504749,-2.0111018919466312,N900_RS18685,yceM,0.9835249633333333,-0.36835,3.719,1h_st,1h,st,3h_SI2,3h,SI2,4.08735
5.740596480308977,3.827415734867388,-3.128364537869643,-0.21118320002453875,-2.1695633548856925,N900_RS18690,MBL fold metallo-hydrolase_4,0.9261431949999998,-0.80376,3.7828,12h_SI8,12h,SI8,3h_SI3,3h,SI3,4.58656
4.7375495742373035,2.4710251578168028,-3.005824705015179,-1.1864947519438043,-1.8756576692438551,N900_RS18695,N900_RS18695,0.5465653333333332,-0.76862,3.6284,3h_SI2,3h,SI2,3h_SI3,3h,SI3,4.39702
3.1856184086657997,1.5475032687065873,-0.9549089815989228,-1.2165156188540418,-0.4464784740997958,N900_RS18700,yccf,0.21158631666666666,-1.4743,4.2033,3h_SI1,3h,SI1,6h_SI2,6h,SI2,5.6776
3.500141962433838,0.8260464078179998,-2.193920025273353,0.7918735683116916,-1.0269296443952751,N900_RS18705,N900_RS18705,0.9998879000000002,-0.59522,4.745,3h_SI3,3h,SI3,6h_st,6h,st,5.34022
6.379489245946824,4.262640283703094,-3.5254756539326677,-0.387330656570018,-2.529160110984603,N900_RS18710,N900_RS18710,1.4617749166666667,-0.026851,4.8523,1h_SI8,1h,SI8,6h_SI1,6h,SI1,4.879150999999999
5.855174828788129,3.395671481982835,-2.662134313732648,-1.6193344248527597,-1.897419686958422,N900_RS18715,NAD(P)-dependent oxidoreductase,0.9146017116666666,-0.83762,3.422,3h_SI5,3h,SI5,12h_SI1,12h,SI1,4.25962
5.219343452428988,3.280389269601105,-2.4170576466949942,-0.6655723077199867,-1.8050753716754926,N900_RS18720,LysR family transcriptional regulator_8,1.3987238833333335,-0.10966,5.071,12h_SI2,12h,SI2,3h_SI3,3h,SI3,5.18066
4.337401748091561,2.7842852591928975,-0.757779703890571,-1.9384664835992917,-0.8194692143192039,N900_RS18725,methyl-accepting chemotaxis protein_17,0.4715738966666667,-0.95276,3.2707,6h_SI7,6h,SI7,3h_st,3h,st,4.22346
4.6578342292299055,3.201843584049984,-3.422646042669083,-1.0556622028824028,-2.4417178116155114,N900_RS18730,ydfG,0.47951441666666667,-1.1667,3.6548,1h_co,1h,co,3h_SI1,3h,SI1,4.8215
5.778027636878555,3.645463411925928,-2.592352350686015,-1.421410827650348,-1.6192067816858262,N900_RS18735,dmlR_10,0.9155226263333334,-0.5259,3.2905,3h_st,3h,st,6h_SI4,6h,SI4,3.8164000000000002
5.880244790852882,2.7557400967180583,-2.040026654516635,-1.509469196008079,-1.2149309643975499,N900_RS18740,trmY,0.6014891000000001,-0.82817,3.118,6h_SI7,6h,SI7,12h_SI2,12h,SI2,3.94617
-3.1202466264862387,0.40757331184295564,0.23812545829252268,-2.03195808388252,0.09044174452458345,N900_RS18745,ribB,-0.8135009983333332,-2.4245,2.5383,12h_SI2,12h,SI2,3h_SI7,3h,SI7,4.9628
5.10676399165134,2.910386957118675,-1.733281953021673,-0.48230447865764237,-1.3960598750399746,N900_RS18750,potE,1.24695305,-0.20207,4.1402,1h_SI5,1h,SI5,6h_st,6h,st,4.34227
3.215963049418284,2.5047776016273193,-1.5550789139952619,0.27399975724630155,-1.3343489833400124,N900_RS18755,speF,1.4818714999999998,-0.13187,6.9006,3h_SI2,3h,SI2,6h_ce,6h,ce,7.03247
1.9047097057278992,1.7779476768420448,-1.3307736349400603,-2.88993946637827,-1.0302408483646597,N900_RS18760,N900_RS18760,-0.3224656000000001,-2.4669,3.5017,6h_ce,6h,ce,3h_SI3,3h,SI3,5.9686
4.612473503612766,3.708444373771893,-2.129304701517496,-1.5258919213777904,-1.6273109310295062,N900_RS18765,calB,1.239738383333333,-0.70846,5.4858,6h_SI2,6h,SI2,3h_SI3,3h,SI3,6.19426
2.577935511215132,1.5427300966970106,1.0935264384102952,-0.25261772490565265,-0.16414007315234513,N900_RS18770,lrp_3,0.011676482833333333,0.00036118,0.14905,6h_SI1,6h,SI1,3h_st,3h,st,0.14868882
4.698868078846851,3.9384550168857344,-1.8789792736006088,-1.4663483554857781,-1.889916020323231,N900_RS18775,methyl-accepting chemotaxis protein_22,0.9547120899999998,-0.4274,4.3884,6h_st,6h,st,3h_st,3h,st,4.815799999999999
2.307253351329527,1.6824714777091545,-2.041422789516488,-1.5154881484353442,-1.3487227084234703,N900_RS18780,N900_RS18780,0.34242248333333336,-1.3008,4.4145,3h_SI8,3h,SI8,6h_SI1,6h,SI1,5.7153
4.700434802129629,4.388340900441872,-3.117329801593081,-1.765176773356863,-2.429879515100878,N900_RS18785,putP,1.0645062,-0.53207,4.1169,12h_st,12h,st,6h_ce,6h,ce,4.64897
4.474649461330094,2.640701110973147,-2.178132887732645,-0.26977986564369977,-1.4827757645011153,N900_RS18790,1-pyrroline-5-carboxylate dehydrogenase,0.9777369233333333,-0.95406,4.1516,3h_SI5,3h,SI5,12h_st,12h,st,5.10566
6.016196583973679,2.6598953308701003,-1.9297096849092215,-0.3421730762670667,-1.1821010524801945,N900_RS18795,putA,1.266033616666667,0.025051,4.1137,1h_SI7,1h,SI7,6h_st,6h,st,4.088648999999999
5.3736852449538075,3.204439945369858,-2.5022969149303167,-1.5259014237098174,-1.6797198834825482,N900_RS18800,rhaS_5,0.7279784499999999,-0.5858,3.9629,12h_SI6,12h,SI6,3h_SI1,3h,SI1,4.5487
5.729808692569551,3.671213904960628,-2.642529969751518,0.4527173177760526,-1.7613359960733945,N900_RS18805,N900_RS18805,1.9354384,-0.62737,4.5897,1h_SI6,1h,SI6,6h_SI4,6h,SI4,5.21707
6.176575777589136,3.888088467693497,-2.58542069459963,-0.7631630581028287,-1.9392059397938761,N900_RS18810,egtb,1.2666449666666668,-0.01942,3.735,6h_SI8,6h,SI8,3h_SI1,3h,SI1,3.75442
0.9014698159235555,2.2414654291039704,-0.21302065773224516,-0.46451491129109157,-0.3973521245133451,N900_RS18815,PAS domain S-box protein_2,0.8348014500000002,-1.344,5.4392,1h_SI7,1h,SI7,3h_SI2,3h,SI2,6.7832
2.447707370180082,1.6089652765036326,-1.3170310890492196,-1.7935050036952582,-0.6974315974544086,N900_RS18825,HlyD family type I secretion periplasmic adaptor subunit_2,0.09607926666666668,-1.5946,3.5016,3h_SI5,3h,SI5,6h_SI2,6h,SI2,5.0962
2.4670982229331515,2.8646702461522264,-2.1725691666052525,-1.8113945733131445,-1.4973074902612984,N900_RS18830,transglutaminase-like cysteine peptidase,-0.20041221333333334,-1.9425,3.2645,6h_SI3,6h,SI3,3h_SI4,3h,SI4,5.207
5.465394292190294,4.249991455905354,-3.2161953160555794,-1.3405118668042597,-2.1876151353918694,N900_RS18835,N900_RS18835,1.0041141266666667,-0.42856,4.1135,1h_st,1h,st,3h_SI4,3h,SI4,4.54206
5.689058791414734,4.184794281424283,-3.62503818727906,-1.6161483041234725,-2.530625939781043,N900_RS18840,apxIB_2,1.206739333333333,-0.4738,4.2533,12h_st,12h,st,6h_SI4,6h,SI4,4.7271
4.553830724225498,2.9076542115597768,-2.7766006462330024,-1.5501410525167878,-1.961212233690927,N900_RS18845,N900_RS18845,1.5350430666666666,-0.18975,4.6407,6h_SI4,6h,SI4,3h_SI1,3h,SI1,4.83045
5.502499303704512,4.113716830403188,-3.3244196295101003,-1.6058290247166918,-2.356646031783097,N900_RS18850,rcsC_11,0.8952227116666667,-0.78276,4.2681,6h_st,6h,st,12h_SI2,12h,SI2,5.050859999999999
4.935436407127487,2.4826874133812553,-2.6219032696015616,0.335847645297453,-1.4461669270354192,N900_RS18855,btrV,1.662775,0.12121,5.0798,3h_st,3h,st,6h_SI4,6h,SI4,4.95859
5.502564806279405,3.339753936591213,-3.124571842196997,-1.9501949076640714,-2.111846181489269,N900_RS18860,mlp44,0.5871718995000001,-1.0693,3.1319,24h_co,24h,co,6h_SI4,6h,SI4,4.2012
3.9748215543575314,3.005919206131542,-1.7949644637364384,-0.4529611742778737,-0.9165118143733975,N900_RS18865,cheB3,0.8492775333333333,-0.39527,3.4663,1h_st,1h,st,3h_SI4,3h,SI4,3.86157
3.7034595676532867,2.464481365352959,-0.5585215648259118,-1.450930760029765,-0.7152493555373255,N900_RS18870,cheD,1.0823069116666666,-0.53131,4.0413,6h_SI4,6h,SI4,3h_st,3h,st,4.572609999999999
5.954126260275981,3.2622411515682437,-1.6798246042394218,-1.6388593465252201,-1.4688328814729146,N900_RS18880,mlp5,0.8994405666666665,-0.58353,3.9609,6h_SI6,6h,SI6,6h_SI3,6h,SI3,4.54443
6.050228279635097,2.5951811999929664,-2.8130261438985533,-0.843969743132904,-1.7122782502563818,N900_RS18885,cheW2,0.9482326999999999,-0.433,4.2704,3h_SI4,3h,SI4,3h_SI2,3h,SI2,4.7034
1.5235576504026764,1.6106947586412212,-1.5172742938578425,0.31332110125869345,-0.9668917901171799,N900_RS18900,cheA3,1.336020415,-0.26262,4.1818,3h_SI5,3h,SI5,6h_SI4,6h,SI4,4.44442
4.798356488771907,2.3192767547677593,-1.7003923738214832,-0.3636878533903809,-1.0979093874741117,N900_RS18905,cheY4,0.8643763833333332,-0.60459,4.9693,6h_SI4,6h,SI4,3h_SI2,3h,SI2,5.57389
6.424697891629436,4.110462969777983,-3.3023213334198274,-0.7347144625444973,-2.306770770773032,N900_RS18910,N900_RS18910,1.1945625649999998,-0.21988,4.4357,12h_st,12h,st,12h_SI2,12h,SI2,4.65558
5.976202767362764,3.6345821890224506,-3.786255385702207,-1.463903248053414,-2.692842102345428,N900_RS18915,ABC transporter substrate-binding protein_10,1.2910365666666668,-0.11376,4.3028,1h_st,1h,st,3h_SI1,3h,SI1,4.4165600000000005
4.026491686126399,2.886364730473636,-1.7989244865134275,-2.3088013873496953,-1.4368116933415434,N900_RS18920,Pseudogene_N900_RS18920,0.666760275,-0.61423,3.5676,12h_st,12h,st,1h_ce,1h,ce,4.18183
5.459370334382205,3.351611984340312,-2.6241100640930064,-1.2991014909042338,-1.6305061760596986,N900_RS18925,ABC transporter permease_8,0.4313264833333334,-0.77128,3.1159,12h_SI6,12h,SI6,6h_SI3,6h,SI3,3.88718
3.710789179430634,2.838663486549231,-0.7611005330234257,-2.018709754926422,-1.1256681723698496,N900_RS18930,ABC transporter ATP-binding protein_4,0.3748486666666667,-1.0482,3.6535,6h_SI3,6h,SI3,3h_st,3h,st,4.701700000000001
0.8897780610306256,0.5910406367671585,-0.038143340609980016,0.05093942842751689,0.11961989062259311,N900_RS18935,eptA,0.3800042383333333,-1.2481,5.1878,24h_SI1,24h,SI1,6h_SI3,6h,SI3,6.4359
5.435289338858867,3.001339409104426,-2.344325190205005,-0.32674780805360465,-1.7375379508899378,N900_RS18940,qseC,1.4404868666666668,-0.20378,5.0351,3h_SI4,3h,SI4,6h_SI2,6h,SI2,5.23888
4.678347020598454,3.1074622861108896,-3.213930114259746,-0.5688128698714962,-2.1943102884178374,N900_RS18945,qseB,1.0182728833333334,-0.48682,4.5706,3h_SI2,3h,SI2,6h_SI4,6h,SI4,5.05742
4.637785178036897,3.8247340106553565,-2.4858002082338646,-0.7002599935034763,-1.6005516679969873,N900_RS18950,tetratricopeptide repeat protein,1.0551659833333333,-0.24445,4.1259,1h_st,1h,st,3h_SI2,3h,SI2,4.370349999999999
5.081686983530363,3.4478728195328645,-2.9430877934940405,-0.8970015330251281,-1.892862850032095,N900_RS18955,fabG_4,1.2404096866666667,0.0072952,4.1383,1h_SI8,1h,SI8,12h_SI1,12h,SI1,4.1310048
5.7056785982035425,2.67415810191247,-1.3292957224767843,-0.6950494595676349,-1.3717255675409141,N900_RS18960,biliverdin-producing heme oxygenase,1.2439317333333335,-0.017864,5.5579,6h_co,6h,co,3h_st,3h,st,5.575764
5.815757737863009,2.6819579293568196,-2.081673887600888,-0.9881299809629905,-1.500322011103496,N900_RS18965,menE_2,0.8766251666666667,-0.55971,4.1059,1h_st,1h,st,6h_SI2,6h,SI2,4.66561
3.460635987279751,1.087368738768395,0.6201262522246117,-1.444570677388292,-0.027588397336246278,N900_RS18970,thermostable hemolysin,0.6617365916666668,-0.87803,5.648,6h_SI4,6h,SI4,3h_st,3h,st,6.5260299999999996
2.538464844865766,2.1363342163487755,-2.205269589092957,-1.7802715392102684,-1.4969564827363073,N900_RS18975,tmca,0.40691330833333333,-0.98742,3.6598,24h_SI1,24h,SI1,3h_SI1,3h,SI1,4.64722
4.594240669719925,3.0238709145090055,-3.0381425918223206,-1.6319321689271562,-2.020844064340761,N900_RS18980,potD_3,0.39548110166666667,-1.2312,3.4366,6h_SI6,6h,SI6,1h_st,1h,st,4.6678
4.033096214950315,2.016582356639338,-2.223183992097768,-0.9217295956963426,-1.4038551200984157,N900_RS18995,N900_RS18995,0.27199573183333337,-2.5202,4.0255,6h_ce,6h,ce,6h_SI3,6h,SI3,6.5457
0.9106604474743574,1.7553117853633748,-0.5897435402845257,0.04433010736938823,-0.5363774567506605,N900_RS19010,SOS-response transcriptional repressor,1.1765317166666667,-1.6076,5.9136,3h_SI7,3h,SI7,3h_SI4,3h,SI4,7.521199999999999
4.844904370886427,3.9138507105371736,-3.3797869398630427,0.14013885689552677,-2.3572032468984894,N900_RS19020,N900_RS19020,1.7268872,0.045592,4.9692,1h_SI8,1h,SI8,12h_SI1,12h,SI1,4.923608
4.748672534789577,3.3881483792769003,-2.3456944108846627,-0.8499265975065932,-1.8888962253912618,N900_RS19025,ComF-related protein,1.2275533666666665,-0.11332,4.4211,3h_SI3,3h,SI3,3h_SI1,3h,SI1,4.53442
4.0792991740170566,3.2974052559217073,-1.6043985524791236,-1.5652208146023445,-1.69938501653058,N900_RS19030,N900_RS19030,0.8875784616666667,-0.99249,5.0069,6h_st,6h,st,3h_st,3h,st,5.99939
3.5721291806922864,2.741171219661722,-1.6089553621790746,-0.609476884582111,-1.1240378049037927,N900_RS19045,N900_RS19045,0.5969716999999999,-0.88005,4.799,3h_SI9,3h,SI9,3h_SI4,3h,SI4,5.67905
5.32706088844119,2.8428764249591127,-2.666729158371931,-0.7817428086248642,-1.7739248299209078,N900_RS19050,N900_RS19050,1.0928131166666668,-0.4165,4.4512,1h_SI9,1h,SI9,3h_SI1,3h,SI1,4.8677
3.2285806567665047,2.770622203399274,-1.6995471866027734,-1.8013042413421383,-1.5535608085585837,N900_RS19060,N900_RS19060,1.5561965,-0.3213,4.6582,12h_SI2,12h,SI2,6h_SI2,6h,SI2,4.9795
0.6037372858123924,0.7020810366009891,-0.18177978353976346,-3.3579152531376515,-0.22283686961356597,N900_RS19070,Pseudogene_N900_RS19070,-0.9638598666666667,-2.9196,3.2641,6h_co,6h,co,3h_SI3,3h,SI3,6.1837
2.6805265972529813,3.5047807457921665,-2.4552315468249666,-1.399249895429999,-1.8803486913350769,N900_RS19085,N900_RS19085,0.7718213333333334,-0.85168,4.4833,6h_SI1,6h,SI1,3h_SI3,3h,SI3,5.33498
4.677051098605662,1.9650028112115427,-2.321147244099752,-1.946610475663825,-1.3868919376362852,N900_RS19090,N900_RS19090,0.8405993683333333,-1.0034,3.9017,3h_SI5,3h,SI5,1h_ce,1h,ce,4.9051
5.507296936327405,2.4412275076138514,-1.0698583249913607,-1.4523199845067907,-1.2842695924651657,N900_RS19095,N900_RS19095,0.6751480666666666,-1.071,5.195,24h_SI2,24h,SI2,3h_st,3h,st,6.266
1.8584531258563561,1.7181854922147832,-1.4194212813346467,-0.03323135881359105,-1.038358625519281,N900_RS19100,N900_RS19100,0.39675566666666673,-1.1659,2.9559,12h_SI3,12h,SI3,3h_SI3,3h,SI3,4.1218
2.7455589701973415,2.4524130790338763,-1.3054995527068938,-2.3118601200907793,-0.9874296928378419,N900_RS19120,N900_RS19120,-0.3189117,-2.1347,3.2628,6h_SI9,6h,SI9,1h_st,1h,st,5.3975
6.181703178927723,3.5894002870384587,-3.0509604728973367,-0.4984523795686677,-1.9116779101998114,N900_RS19130,N900_RS19130,1.39417925,-0.32196,4.2361,3h_st,3h,st,6h_SI4,6h,SI4,4.55806
3.101493516444665,0.7439807448086466,-1.431636803318295,-0.4565406381618209,-0.8682097110533256,N900_RS19135,N900_RS19135,0.79851795,-0.49636,4.9405,3h_SI5,3h,SI5,12h_st,12h,st,5.43686
1.601534960294438,1.656511760404119,-0.06811681210005105,-1.2193556640616938,0.0634017077913409,N900_RS19140,N900_RS19140,0.4870630333333334,-2.291,4.8271,6h_SI5,6h,SI5,1h_st,1h,st,7.1181
4.751776117944889,2.9687946443790634,-1.7153072897829087,-0.7503744994830726,-1.335912619405567,N900_RS19145,N900_RS19145,0.9613657666666668,-0.80677,3.8452,6h_SI2,6h,SI2,12h_SI2,12h,SI2,4.65197
1.6345838294760655,0.920494909928618,0.4001402217961634,-0.4658561928222214,0.12566127277562908,N900_RS19150,N900_RS19150,-0.7047133666666666,-3.6909,4.8574,1h_SI4,1h,SI4,3h_SI3,3h,SI3,8.548300000000001
5.2314531785443785,3.517903884690261,-1.7375359788313478,-1.1573634999846296,-1.542057999931386,N900_RS19155,N900_RS19155,0.7856338933333334,-0.63434,3.7738,6h_st,6h,st,12h_st,12h,st,4.40814
1.4273056487463256,1.5678471444293778,0.14278267905828007,-1.8843352736851604,0.2189501796338778,N900_RS19160,Pseudogene_N900_RS19160,-0.14417741666666667,-1.8063,4.766,24h_SI1,24h,SI1,12h_st,12h,st,6.5723
4.97032883156975,4.598776314412123,-3.682906461715877,-1.2069837831893984,-2.7338055204951877,N900_RS19185,N900_RS19185,0.9914399666666667,-0.78349,3.2763,6h_st,6h,st,12h_SI3,12h,SI3,4.05979
5.603989857316371,3.590032861066008,-2.9585084571040534,1.086085138913887,-2.1989768803837486,N900_RS19190,N900_RS19190,0.7942224833333332,-2.593,4.4671,6h_ce,6h,ce,12h_SI4,12h,SI4,7.0601
4.40941997774551,1.5712738232827241,-2.2188268872644348,-1.5496020534539363,-1.6643635121995783,N900_RS19215,N900_RS19215,-0.07439825000000003,-3.0425,6.114,12h_co,12h,co,3h_SI1,3h,SI1,9.1565
3.7960078920695413,1.9936195157205325,-1.8947341545305054,-0.4822307411096001,-1.2827047900074635,N900_RS19220,N900_RS19220,0.8045636816666668,-0.94268,4.8103,6h_SI3,6h,SI3,3h_SI3,3h,SI3,5.75298
1.1782460365552423,0.30165372697886467,0.6567149613219678,-2.1726983707577876,0.07167883852377757,N900_RS19225,N900_RS19225,-0.5183564533333335,-4.3153,5.4498,6h_SI6,6h,SI6,3h_st,3h,st,9.7651
2.6710256297568753,1.7168113511400065,-2.19863408154528,-1.4786992000125911,-1.5363119294278123,N900_RS19235,N900_RS19235,0.11295031666666669,-1.5956,3.0325,12h_SI2,12h,SI2,6h_SI3,6h,SI3,4.6281
0.8799912770974665,-0.0036860529010636555,0.026450315968361088,-2.6628760066852215,0.15273197434533423,N900_RS19240,N900_RS19240,-1.866004035,-5.3914,2.4952,12h_SI6,12h,SI6,3h_SI8,3h,SI8,7.8866
0.7720386447685595,-0.8456741461243026,0.4438246549975475,-2.1619935488083404,0.4535666648826967,N900_RS19250,N900_RS19250,-1.74580165,-5.0202,0.58568,6h_SI6,6h,SI6,1h_SI9,1h,SI9,5.60588
1.6790459938694626,1.2479843619008189,-0.24114861104254007,-1.7388374457050022,-0.09491397157545463,N900_RS19265,preprotein translocase,0.0265239,-3.0771,5.5382,6h_SI6,6h,SI6,3h_SI4,3h,SI4,8.6153
2.699764130413708,0.27590373957420183,-0.07148730146719767,-3.122224295622036,0.014269156412336923,N900_RS19270,tcpR,-1.3743090999999998,-4.4813,3.4633,6h_SI9,6h,SI9,1h_ce,1h,ce,7.944599999999999
5.11545976181697,3.500114680567803,-1.489697316614153,-1.2904191612692508,-1.4844604736502673,N900_RS19280,Pseudogene_N900_RS19280,1.2378576166666666,-0.25947,4.3294,6h_st,6h,st,3h_SI4,3h,SI4,4.58887
3.6437254313012013,2.586760330484458,-2.0451963430117517,-1.58413459387212,-1.2503355812056114,N900_RS19285,glyoxalase_1,0.424185555,-0.97094,3.3281,1h_co,1h,co,3h_SI2,3h,SI2,4.29904
-0.024326837456493982,-1.1452028002725292,1.1939531672609363,1.9047933718991432,0.8231095971307586,N900_RS19305,N900_RS19305,0.5931774500000001,-2.2999,2.668,12h_SI8,12h,SI8,24h_SI1,24h,SI1,4.9679
3.980261485061928,3.0043357002149635,-2.6479706758427026,-0.11726785253651821,-2.017878641571133,N900_RS19310,N900_RS19310,1.5416178333333335,-0.63866,4.8374,3h_co,3h,co,3h_SI2,3h,SI2,5.4760599999999995
1.9062053523564033,2.123873707558644,-1.2598911641278705,-3.077345249023859,-0.830469618138608,N900_RS19320,Pseudogene_N900_RS19320,-0.13045778333333335,-1.4613,3.2321,12h_SI8,12h,SI8,3h_SI6,3h,SI6,4.6934000000000005
3.2809733306538758,0.5985634625134596,-0.25072965599344543,0.2065271300234918,-0.403725582846145,N900_RS19325,N900_RS19325,0.6875885833333334,-2.3017,5.1545,3h_SI9,3h,SI9,12h_SI1,12h,SI1,7.456199999999999
0.41222175783165205,0.6162929285021523,0.27552795467693325,-1.3957908522395088,0.2334181167943097,N900_RS19335,N900_RS19335,-0.7545068333333335,-3.5548,4.7813,12h_SI5,12h,SI5,3h_SI1,3h,SI1,8.3361
2.7593737476128135,2.304854690545217,-1.583799323093297,-1.4786059523243749,-0.9930321731756456,N900_RS19340,N900_RS19340,1.1350272,-0.67857,4.9105,6h_SI3,6h,SI3,6h_st,6h,st,5.5890699999999995
3.2694296760795303,2.1909257405237503,-1.6971798188152245,-1.8140395108376426,-0.9775780892637925,N900_RS19350,transcriptional regulator_3,0.24445375383333331,-1.2815,3.9992,3h_SI1,3h,SI1,6h_st,6h,st,5.2807
5.140188466928495,4.266726252427872,-1.992588733834674,-0.7360503849026252,-1.9948871015043386,N900_RS19355,N900_RS19355,1.182726665,-0.33647,4.0984,6h_st,6h,st,3h_st,3h,st,4.43487
2.90988196795088,3.0847574926538064,-2.598804633496767,-1.002697161500264,-1.9244456455305996,N900_RS19370,HNH endonuclease_3,0.6752302550000001,-0.7669,3.5822,12h_SI1,12h,SI1,3h_SI2,3h,SI2,4.3491
1.7393719943230175,2.850065041491236,-1.624266055587653,-1.4592199898443792,-1.119477729667694,N900_RS19380,N900_RS19380,0.29095489179999995,-1.8964,3.3509,12h_SI2,12h,SI2,3h_SI4,3h,SI4,5.2473
0.6670787199667145,1.393798313143009,-1.004995202689683,-1.0396020782034276,-1.1017361109997144,N900_RS19385,Pseudogene_N900_RS19385,0.29282859666666655,-1.1169,3.8089,12h_SI1,12h,SI1,3h_SI5,3h,SI5,4.9258
1.2347915081348881,2.1672581625822285,-1.6378465705655927,-3.0494691154388183,-1.3049939470972418,N900_RS19390,N900_RS19390,-0.4743237166666667,-2.2235,2.8673,6h_SI3,6h,SI3,3h_SI3,3h,SI3,5.0908
2.4140016944510303,1.6325494436807313,-0.6111308802964239,-0.9180758285691852,-1.0825952881799745,N900_RS19395,N900_RS19395,0.3690650033333333,-2.0834,6.3661,3h_ce,3h,ce,3h_st,3h,st,8.4495
1.316452230832456,0.3979367869669816,-0.1784120941949024,1.0574147300665009,-0.7256534654695792,N900_RS19410,N900_RS19410,0.5549897883333333,-2.8271,4.0582,3h_SI9,3h,SI9,3h_SI3,3h,SI3,6.885300000000001
-0.6546384167159154,0.5368329438880884,-0.8728631493274961,1.8062566042800912,-0.713348485137404,N900_RS19435,N900_RS19435,0.6266744000000002,-1.4137,4.7133,12h_SI3,12h,SI3,6h_SI4,6h,SI4,6.127000000000001
4.686519312926023,3.718616074747927,-3.423470717966889,-2.5310924290418417,-2.486086450950762,N900_RS19450,N900_RS19450,0.3092875,-1.0423,3.3653,3h_SI4,3h,SI4,3h_SI1,3h,SI1,4.4076
3.021246784919109,0.717132863111196,-0.7376798344265978,1.2233683244831786,-0.41147717411214024,N900_RS19500,Pseudogene_N900_RS19500,0.6971312333333334,-2.6958,6.5149,6h_SI7,6h,SI7,6h_SI3,6h,SI3,9.2107
1.9842853999300807,1.2864782981026066,-0.37739328198973293,0.44649432712061105,-0.19617553194954096,N900_RS19530,N900_RS19530,1.3374502833333333,-2.1727,5.427,12h_SI8,12h,SI8,3h_SI3,3h,SI3,7.5996999999999995
4.821906603947246,3.0991378708695003,-2.430172576098015,-0.7238384265605132,-1.6180384679677988,N900_RS19540,N900_RS19540,0.5793712000000001,-0.74749,3.1471,12h_SI9,12h,SI9,3h_SI5,3h,SI5,3.89459
3.4203922014266643,2.2428382543833294,-1.5734948468221834,-0.48576402066463087,-0.8598028007199965,N900_RS19565,N900_RS19565,0.2912597768333333,-1.5395,5.5196,3h_ce,3h,ce,3h_SI4,3h,SI4,7.0591
0.931790324850768,2.2242593404315016,-0.03391993982536515,-1.3373480883001918,0.02717545674905126,N900_RS19580,N900_RS19580,0.34183881666666666,-1.2329,4.9515,12h_ce,12h,ce,3h_SI5,3h,SI5,6.1844
-0.3171259648329639,0.3663063745782864,0.41233856402767655,-1.9080093712214048,0.3335561972563212,N900_RS19610,Pseudogene_N900_RS19610,-0.7533917166666666,-2.3125,3.2709,6h_SI2,6h,SI2,3h_SI2,3h,SI2,5.5834
3.9229632134091603,2.319007963960412,-0.49202406819430355,-1.1265312913329797,-0.612412011281921,N900_RS19620,N900_RS19620,0.10920721000000005,-2.3954,2.8726,12h_SI8,12h,SI8,12h_st,12h,st,5.268
2.341752288451798,-0.11675940415622768,-0.6549427689076551,0.44950788186801155,-0.39040071968263834,N900_RS19685,N900_RS19685,0.7309666833333334,-1.6662,6.5626,3h_SI6,3h,SI6,12h_SI2,12h,SI2,8.2288
0.7344737292324864,0.30893037927504524,0.1473426679144407,-2.759479754332124,0.09898810901956606,N900_RS19690,N900_RS19690,-0.9842373999999999,-3.7344,1.3911,3h_ce,3h,ce,3h_SI6,3h,SI6,5.1255
3.832910244096182,2.8894735382546766,-1.385084645210041,-1.8223229115739774,-1.5918084206561813,N900_RS19700,Pseudogene_N900_RS19700,-0.24301330166666665,-2.1433,2.3352,6h_SI1,6h,SI1,3h_st,3h,st,4.4785
0.7026749915050512,0.47804520733499367,0.46430442444222925,-0.020559084981352848,0.43827285726506865,N900_RS19705,N900_RS19705,0.7437038666666667,-0.49035,4.3178,1h_co,1h,co,1h_st,1h,st,4.80815
2.2833908744243105,1.8209266702062594,-2.118944706552243,0.6296229905479765,-1.333256487786203,N900_RS19725,N900_RS19725,0.8345137499999999,-0.99552,4.638,1h_co,1h,co,6h_SI2,6h,SI2,5.63352
5.022846996845788,2.3553283983152102,-1.6128683316470507,-0.04894054456104227,-0.8672895594796757,N900_RS19740,N900_RS19740,1.0400265666666666,-0.30652,3.8261,3h_SI8,3h,SI8,6h_st,6h,st,4.13262
5.86713586706032,3.4160567098444825,-2.2139499905153404,-1.3631901221089302,-1.5073907106700881,N900_RS19745,hchA,0.2967788,-1.1169,3.0097,6h_SI9,6h,SI9,3h_SI2,3h,SI2,4.1266
2.984627311538801,1.3612203467054171,0.14130665946541507,-0.37005690721839785,-0.06095491540615735,N900_RS19750,N900_RS19750,0.13747727833333334,-2.547,6.2085,12h_SI8,12h,SI8,3h_SI3,3h,SI3,8.7555
6.121829835059587,2.8745088893573008,-3.283976255146222,-0.507424075505109,-2.1754597503576862,N900_RS19755,N900_RS19755,0.8752621833333334,-0.48561,4.3606,3h_SI2,3h,SI2,12h_SI1,12h,SI1,4.84621
-2.08320031202239,-0.2141820210163502,0.8031233536280384,-1.8740357620346288,0.6581314982246763,N900_RS19760,N900_RS19760,-0.3414832833333333,-2.8773,5.0551,24h_SI4,24h,SI4,1h_ce,1h,ce,7.9324
3.6936823902784215,1.3833461230384796,-1.4415839151969083,-1.1482393797946757,-0.817674469618007,N900_RS19775,pulA,0.550950085,-1.3495,4.0581,6h_SI2,6h,SI2,3h_SI2,3h,SI2,5.4075999999999995
4.024433791844735,2.8889715684194632,-1.5808144305048575,-0.9937278202025546,-1.6965028912795312,N900_RS19785,Pseudogene_N900_RS19785,1.444219,-0.67903,5.4157,6h_SI3,6h,SI3,3h_st,3h,st,6.09473
1.5830419250819172,0.14475877216907893,0.09966111821770976,-1.846364391796896,0.00042105779878974205,N900_RS19805,N900_RS19805,-0.6832834666666666,-3.6478,3.9711,12h_SI8,12h,SI8,6h_SI1,6h,SI1,7.6189
2.9891297693373793,2.8303934615339386,-1.3569539478114263,-1.243255962358293,-1.0199547663151083,N900_RS19810,Pseudogene_N900_RS19810,0.46380936666666667,-0.88858,4.578,6h_SI4,6h,SI4,3h_SI2,3h,SI2,5.46658
4.057255844285835,2.362500339129449,-3.0381766952495974,-1.6078276573864096,-1.925490675000704,N900_RS19820,budA,0.67486095,-0.74622,3.662,3h_SI3,3h,SI3,3h_SI1,3h,SI1,4.40822
1.1880810734946354,1.0196494716305524,0.1859939211322733,-2.05987765676459,0.051441325838471885,N900_RS19830,N900_RS19830,-0.6373700499999998,-2.8686,4.8019,3h_SI8,3h,SI8,3h_SI4,3h,SI4,7.6705
4.688860965974764,2.472448407114173,-3.2177769454228153,-2.0342344254185947,-2.1221721593205216,N900_RS19840,TRAP transporter small permease subunit,0.10599490000000002,-1.7999,3.8455,6h_SI1,6h,SI1,3h_SI1,3h,SI1,5.6454
3.4001221137324102,2.864168773543585,-2.3156764432485564,-0.9280345681980081,-1.6253939188794584,N900_RS19855,Pseudogene_N900_RS19855,0.3846718333333333,-0.99423,4.0739,6h_SI1,6h,SI1,3h_SI1,3h,SI1,5.06813
1.9010601001862406,0.281679960697209,-0.692055732571191,-1.3736124569735133,0.006105156380396964,N900_RS19860,N900_RS19860,0.09501618666666665,-1.7518,3.6211,6h_SI3,6h,SI3,6h_st,6h,st,5.3729000000000005
0.887711581278461,1.1939870939282378,0.6047575514320508,0.884095966204512,0.04348754223486011,N900_RS19875,N900_RS19875,1.4409729,-0.42974,5.376,1h_SI1,1h,SI1,3h_st,3h,st,5.80574
0.1511973729500852,1.433459182337072,-0.7310759277975017,-0.852685713487093,-0.44546740197999585,N900_RS19880,Pseudogene_N900_RS19880,0.6957200666666665,-0.72799,5.5986,24h_st,24h,st,3h_SI5,3h,SI5,6.32659
1.4615332062541417,1.3194674283467114,-1.4709928470734885,-1.8383411143823738,-1.244023632933039,N900_RS19890,N900_RS19890,-0.40479478500000005,-2.1235,2.5498,6h_SI3,6h,SI3,6h_SI4,6h,SI4,4.673299999999999
-1.141233786364742,1.3159516672325384,-0.10196881878971996,-0.4944980244699508,-0.10607867378356162,N900_RS19895,iron transporter,0.36978909166666657,-1.8913,3.8822,6h_co,6h,co,1h_SI1,1h,SI1,5.7735
5.04151269035461,3.8926452028242235,-2.976915238336287,-2.08289217806385,-2.4068961363434282,N900_RS19930,Pseudogene_N900_RS19930,0.02085743333333334,-1.7555,3.5745,6h_st,6h,st,3h_SI3,3h,SI3,5.33
1.086996503865834,-0.25999592610610495,-0.5334055608418254,-1.2955735259678847,-0.22352660527046664,N900_RS19940,Pseudogene_N900_RS19940,-0.6051595500000001,-4.0534,3.9278,12h_SI8,12h,SI8,6h_SI1,6h,SI1,7.981199999999999
2.845547210661794,1.1434174124806165,-1.407884285427746,-3.1417291104001275,-0.9987459118513954,N900_RS19965,Pseudogene_N900_RS19965,-0.6027234333333332,-2.5225,2.1317,24h_st,24h,st,3h_SI1,3h,SI1,4.6541999999999994
-1.0034633584994135,-0.06428710212429639,0.7292747220072872,2.2209799411731543,0.6052062659297027,N900_RS20000,Pseudogene_N900_RS20000,0.2557845166666667,-2.277,3.6734,6h_SI5,6h,SI5,24h_st,24h,st,5.9504
3.0351106743558414,1.5339995508251212,-1.4094568629369437,0.4420336826623378,-0.8197045724880782,N900_RS20005,Pseudogene_N900_RS20005,0.8060594833333334,-2.1334,4.912,6h_SI5,6h,SI5,6h_SI2,6h,SI2,7.0454
1.5766206082042116,0.7378645204329943,-0.36925528780034134,-1.4032071067884755,-0.25464004387299033,N900_RS20035,VC_A0354_BLAST_2,-0.5434814699999999,-3.6749,3.3432,6h_SI6,6h,SI6,3h_SI3,3h,SI3,7.0181000000000004
2.7402038440472376,1.312536545196201,-1.6482944208750772,0.6336738535472306,-1.1035682868537977,N900_RS20040,N900_RS20040,0.47122331,-1.9741,4.293,3h_SI8,3h,SI8,3h_SI1,3h,SI1,6.2671
4.809866371421505,3.127841769471859,-1.575622240794923,-1.3079494316272942,-1.5661619525889923,N900_RS20090,Pseudogene_N900_RS20090,1.4395306333333335,-0.22183,4.7631,3h_SI2,3h,SI2,3h_st,3h,st,4.984929999999999
-1.1810369694806193,0.25725269589065397,0.7943974427617768,-1.1969931443608441,0.4970451052975901,N900_RS20095,N900_RS20095,-0.11485559999999996,-1.7737,2.4829,12h_SI2,12h,SI2,6h_SI1,6h,SI1,4.2566
3.4878985399641986,3.242068492146342,-2.937189317683216,-0.19752718805298355,-2.097783160295473,N900_RS20100,Pseudogene_N900_RS20100,1.2166835666666667,-0.5303,4.804,1h_ce,1h,ce,3h_SI1,3h,SI1,5.334300000000001
