Model,Rank,Program,Time,Space,Value,Requested_rank,Program_number,Program_label,Abs_value
PCA,10,PC1,1h,st,0.0014188885755935,8,1,PCA 1,0.0014188885755935
PCA,10,PC1,1h,SI1,0.6352595715396835,8,1,PCA 1,0.6352595715396835
PCA,10,PC1,1h,SI2,-0.1499479198212338,8,1,PCA 1,0.1499479198212338
PCA,10,PC1,1h,SI3,-0.7051152524446802,8,1,PCA 1,0.7051152524446802
PCA,10,PC1,1h,SI4,-0.8505379156377997,8,1,PCA 1,0.8505379156377997
PCA,10,PC1,1h,SI5,-0.9249141140593282,8,1,PCA 1,0.9249141140593282
PCA,10,PC1,1h,SI6,-0.9660468893425526,8,1,PCA 1,0.9660468893425526
PCA,10,PC1,1h,SI7,-0.8938967439015617,8,1,PCA 1,0.8938967439015617
PCA,10,PC1,1h,SI8,-0.8633925737000834,8,1,PCA 1,0.8633925737000834
PCA,10,PC1,1h,SI9,-0.6954921881402194,8,1,PCA 1,0.6954921881402194
PCA,10,PC1,1h,ce,0.0372157832271869,8,1,PCA 1,0.0372157832271869
PCA,10,PC1,1h,co,0.1427549978715273,8,1,PCA 1,0.1427549978715273
PCA,10,PC1,3h,st,0.3583928077866459,8,1,PCA 1,0.3583928077866459
PCA,10,PC1,3h,SI1,1.413369777184731,8,1,PCA 1,1.413369777184731
PCA,10,PC1,3h,SI2,1.3822606098079246,8,1,PCA 1,1.3822606098079246
PCA,10,PC1,3h,SI3,1.3632421176407474,8,1,PCA 1,1.3632421176407474
PCA,10,PC1,3h,SI4,1.1358973266459376,8,1,PCA 1,1.1358973266459376
PCA,10,PC1,3h,SI5,1.1798689824679416,8,1,PCA 1,1.1798689824679416
PCA,10,PC1,3h,SI6,0.1246091232133697,8,1,PCA 1,0.1246091232133697
PCA,10,PC1,3h,SI7,0.2425411902491444,8,1,PCA 1,0.2425411902491444
PCA,10,PC1,3h,SI8,0.0936049503062583,8,1,PCA 1,0.0936049503062583
PCA,10,PC1,3h,SI9,-0.0530293080862068,8,1,PCA 1,0.0530293080862068
PCA,10,PC1,3h,ce,-0.7237235816434522,8,1,PCA 1,0.7237235816434522
PCA,10,PC1,3h,co,-0.810990899794297,8,1,PCA 1,0.810990899794297
PCA,10,PC1,6h,st,0.4999326085572768,8,1,PCA 1,0.4999326085572768
PCA,10,PC1,6h,SI1,1.1169829077599474,8,1,PCA 1,1.1169829077599474
PCA,10,PC1,6h,SI2,1.4033571210670317,8,1,PCA 1,1.4033571210670317
PCA,10,PC1,6h,SI3,1.4016330241761226,8,1,PCA 1,1.4016330241761226
PCA,10,PC1,6h,SI4,1.346742126233821,8,1,PCA 1,1.346742126233821
PCA,10,PC1,6h,SI5,0.4867973050942246,8,1,PCA 1,0.4867973050942246
PCA,10,PC1,6h,SI6,-0.6253955239407365,8,1,PCA 1,0.6253955239407365
PCA,10,PC1,6h,SI7,-0.7148684485051171,8,1,PCA 1,0.7148684485051171
PCA,10,PC1,6h,SI8,-0.6393840059842055,8,1,PCA 1,0.6393840059842055
PCA,10,PC1,6h,SI9,-0.6968989724321479,8,1,PCA 1,0.6968989724321479
PCA,10,PC1,6h,ce,-0.2507666038030498,8,1,PCA 1,0.2507666038030498
PCA,10,PC1,6h,co,-0.5137431824669247,8,1,PCA 1,0.5137431824669247
PCA,10,PC1,12h,st,0.2844938293761437,8,1,PCA 1,0.2844938293761437
PCA,10,PC1,12h,SI1,1.395599762428187,8,1,PCA 1,1.395599762428187
PCA,10,PC1,12h,SI2,1.3432675509484269,8,1,PCA 1,1.3432675509484269
PCA,10,PC1,12h,SI3,1.113667575046009,8,1,PCA 1,1.113667575046009
PCA,10,PC1,12h,SI4,0.4032377791037874,8,1,PCA 1,0.4032377791037874
PCA,10,PC1,12h,SI5,-0.4295880833868826,8,1,PCA 1,0.4295880833868826
PCA,10,PC1,12h,SI6,-0.7272644914412737,8,1,PCA 1,0.7272644914412737
PCA,10,PC1,12h,SI7,-0.8131624449004536,8,1,PCA 1,0.8131624449004536
PCA,10,PC1,12h,SI8,-0.5837612241026043,8,1,PCA 1,0.5837612241026043
PCA,10,PC1,12h,SI9,-0.6459003426072047,8,1,PCA 1,0.6459003426072047
PCA,10,PC1,12h,ce,-0.4568201330949941,8,1,PCA 1,0.4568201330949941
PCA,10,PC1,12h,co,-0.5374444264777755,8,1,PCA 1,0.5374444264777755
PCA,10,PC1,24h,st,0.1585200267073536,8,1,PCA 1,0.1585200267073536
PCA,10,PC1,24h,SI1,0.2625032942592638,8,1,PCA 1,0.2625032942592638
PCA,10,PC1,24h,SI2,-0.0357143429165126,8,1,PCA 1,0.0357143429165126
PCA,10,PC1,24h,SI3,-0.1368841281790396,8,1,PCA 1,0.1368841281790396
PCA,10,PC1,24h,SI4,-0.339045179275614,8,1,PCA 1,0.339045179275614
PCA,10,PC1,24h,SI5,-0.4241859336250472,8,1,PCA 1,0.4241859336250472
PCA,10,PC1,24h,SI6,-0.5146821539828991,8,1,PCA 1,0.5146821539828991
PCA,10,PC1,24h,SI7,-0.5646686136400146,8,1,PCA 1,0.5646686136400146
PCA,10,PC1,24h,SI8,-0.5719128770057188,8,1,PCA 1,0.5719128770057188
PCA,10,PC1,24h,SI9,-0.4858492281659724,8,1,PCA 1,0.4858492281659724
PCA,10,PC1,24h,ce,-0.532043458564394,8,1,PCA 1,0.532043458564394
PCA,10,PC1,24h,co,-0.4500998522042895,8,1,PCA 1,0.4500998522042895
CP,10,CP1,1h,st,0.0156884299029289,8,1,CP 1,0.0156884299029289
CP,10,CP1,1h,SI1,0.0148233990977139,8,1,CP 1,0.0148233990977139
CP,10,CP1,1h,SI2,0.0118443733274861,8,1,CP 1,0.0118443733274861
CP,10,CP1,1h,SI3,0.0131104591083009,8,1,CP 1,0.0131104591083009
CP,10,CP1,1h,SI4,0.0030304884662523,8,1,CP 1,0.0030304884662523
CP,10,CP1,1h,SI5,-0.0046123482662561,8,1,CP 1,0.0046123482662561
CP,10,CP1,1h,SI6,-0.0114645451724564,8,1,CP 1,0.0114645451724564
CP,10,CP1,1h,SI7,-0.0112015155298874,8,1,CP 1,0.0112015155298874
CP,10,CP1,1h,SI8,-0.0091623435562882,8,1,CP 1,0.0091623435562882
CP,10,CP1,1h,SI9,-0.0084808158263834,8,1,CP 1,0.0084808158263834
CP,10,CP1,1h,ce,-0.0067259623253841,8,1,CP 1,0.0067259623253841
CP,10,CP1,1h,co,-0.0058949854112486,8,1,CP 1,0.0058949854112486
CP,10,CP1,3h,st,0.2646273887940125,8,1,CP 1,0.2646273887940125
CP,10,CP1,3h,SI1,0.2500363274432725,8,1,CP 1,0.2500363274432725
CP,10,CP1,3h,SI2,0.199787079073409,8,1,CP 1,0.199787079073409
CP,10,CP1,3h,SI3,0.2211430067372539,8,1,CP 1,0.2211430067372539
CP,10,CP1,3h,SI4,0.0511173045713782,8,1,CP 1,0.0511173045713782
CP,10,CP1,3h,SI5,-0.0777996068096064,8,1,CP 1,0.0777996068096064
CP,10,CP1,3h,SI6,-0.19338025994123,8,1,CP 1,0.19338025994123
CP,10,CP1,3h,SI7,-0.1889435605443397,8,1,CP 1,0.1889435605443397
CP,10,CP1,3h,SI8,-0.1545474636745867,8,1,CP 1,0.1545474636745867
CP,10,CP1,3h,SI9,-0.1430516731671018,8,1,CP 1,0.1430516731671018
CP,10,CP1,3h,ce,-0.1134513688307984,8,1,CP 1,0.1134513688307984
CP,10,CP1,3h,co,-0.0994347175599952,8,1,CP 1,0.0994347175599952
CP,10,CP1,6h,st,0.2576756147839071,8,1,CP 1,0.2576756147839071
CP,10,CP1,6h,SI1,0.2434678613044354,8,1,CP 1,0.2434678613044354
CP,10,CP1,6h,SI2,0.194538663064065,8,1,CP 1,0.194538663064065
CP,10,CP1,6h,SI3,0.2153335694988838,8,1,CP 1,0.2153335694988838
CP,10,CP1,6h,SI4,0.0497744505644463,8,1,CP 1,0.0497744505644463
CP,10,CP1,6h,SI5,-0.0757558074618509,8,1,CP 1,0.0757558074618509
CP,10,CP1,6h,SI6,-0.1883001513732794,8,1,CP 1,0.1883001513732794
CP,10,CP1,6h,SI7,-0.1839800042792271,8,1,CP 1,0.1839800042792271
CP,10,CP1,6h,SI8,-0.1504874944998275,8,1,CP 1,0.1504874944998275
CP,10,CP1,6h,SI9,-0.1392936989522739,8,1,CP 1,0.1392936989522739
CP,10,CP1,6h,ce,-0.1104709960098175,8,1,CP 1,0.1104709960098175
CP,10,CP1,6h,co,-0.0968225628303356,8,1,CP 1,0.0968225628303356
CP,10,CP1,12h,st,0.1876010990609545,8,1,CP 1,0.1876010990609545
CP,10,CP1,12h,SI1,0.1772571238649653,8,1,CP 1,0.1772571238649653
CP,10,CP1,12h,SI2,0.1416341512613579,8,1,CP 1,0.1416341512613579
CP,10,CP1,12h,SI3,0.1567739125667236,8,1,CP 1,0.1567739125667236
CP,10,CP1,12h,SI4,0.0362383597643732,8,1,CP 1,0.0362383597643732
CP,10,CP1,12h,SI5,-0.0551541237303797,8,1,CP 1,0.0551541237303797
CP,10,CP1,12h,SI6,-0.137092193922176,8,1,CP 1,0.137092193922176
CP,10,CP1,12h,SI7,-0.1339469046652594,8,1,CP 1,0.1339469046652594
CP,10,CP1,12h,SI8,-0.1095626351246806,8,1,CP 1,0.1095626351246806
CP,10,CP1,12h,SI9,-0.1014129763021111,8,1,CP 1,0.1014129763021111
CP,10,CP1,12h,ce,-0.0804285662932448,8,1,CP 1,0.0804285662932448
CP,10,CP1,12h,co,-0.0704918050398446,8,1,CP 1,0.0704918050398446
CP,10,CP1,24h,st,0.0610546307448886,8,1,CP 1,0.0610546307448886
CP,10,CP1,24h,SI1,0.0576881921195999,8,1,CP 1,0.0576881921195999
CP,10,CP1,24h,SI2,0.0460947235885768,8,1,CP 1,0.0460947235885768
CP,10,CP1,24h,SI3,0.0510219470467108,8,1,CP 1,0.0510219470467108
CP,10,CP1,24h,SI4,0.0117937458004729,8,1,CP 1,0.0117937458004729
CP,10,CP1,24h,SI5,-0.0179498663668388,8,1,CP 1,0.0179498663668388
CP,10,CP1,24h,SI6,-0.0446165471301719,8,1,CP 1,0.0446165471301719
CP,10,CP1,24h,SI7,-0.0435929152051557,8,1,CP 1,0.0435929152051557
CP,10,CP1,24h,SI8,-0.0356570737829253,8,1,CP 1,0.0356570737829253
CP,10,CP1,24h,SI9,-0.0330047737025983,8,1,CP 1,0.0330047737025983
CP,10,CP1,24h,ce,-0.0261754139019161,8,1,CP 1,0.0261754139019161
CP,10,CP1,24h,co,-0.0229415027352798,8,1,CP 1,0.0229415027352798
VAE,10,VAE1,1h,st,-0.0866248235106468,8,1,VAE 1,0.0866248235106468
VAE,10,VAE1,1h,SI1,0.006779134273529,8,1,VAE 1,0.006779134273529
VAE,10,VAE1,1h,SI2,-0.0238719768822193,8,1,VAE 1,0.0238719768822193
VAE,10,VAE1,1h,SI3,-0.0275807976722717,8,1,VAE 1,0.0275807976722717
VAE,10,VAE1,1h,SI4,-0.0145439505577087,8,1,VAE 1,0.0145439505577087
VAE,10,VAE1,1h,SI5,-0.0305772423744201,8,1,VAE 1,0.0305772423744201
VAE,10,VAE1,1h,SI6,-0.0386187434196472,8,1,VAE 1,0.0386187434196472
VAE,10,VAE1,1h,SI7,-0.0131158828735351,8,1,VAE 1,0.0131158828735351
VAE,10,VAE1,1h,SI8,-0.0522310137748718,8,1,VAE 1,0.0522310137748718
VAE,10,VAE1,1h,SI9,-0.0487549602985382,8,1,VAE 1,0.0487549602985382
VAE,10,VAE1,1h,ce,-0.0262136459350585,8,1,VAE 1,0.0262136459350585
VAE,10,VAE1,1h,co,-0.0223386883735656,8,1,VAE 1,0.0223386883735656
VAE,10,VAE1,3h,st,-0.1137933582067489,8,1,VAE 1,0.1137933582067489
VAE,10,VAE1,3h,SI1,0.091382086277008,8,1,VAE 1,0.091382086277008
VAE,10,VAE1,3h,SI2,0.0152189135551452,8,1,VAE 1,0.0152189135551452
VAE,10,VAE1,3h,SI3,-0.0359326601028442,8,1,VAE 1,0.0359326601028442
VAE,10,VAE1,3h,SI4,0.0362125635147094,8,1,VAE 1,0.0362125635147094
VAE,10,VAE1,3h,SI5,0.0609353780746459,8,1,VAE 1,0.0609353780746459
VAE,10,VAE1,3h,SI6,0.0389963686466217,8,1,VAE 1,0.0389963686466217
VAE,10,VAE1,3h,SI7,0.0337461233139038,8,1,VAE 1,0.0337461233139038
VAE,10,VAE1,3h,SI8,-0.000204399228096,8,1,VAE 1,0.000204399228096
VAE,10,VAE1,3h,SI9,-0.0406164601445198,8,1,VAE 1,0.0406164601445198
VAE,10,VAE1,3h,ce,-0.0207009613513946,8,1,VAE 1,0.0207009613513946
VAE,10,VAE1,3h,co,-0.0422625839710235,8,1,VAE 1,0.0422625839710235
VAE,10,VAE1,6h,st,-0.0577945858240127,8,1,VAE 1,0.0577945858240127
VAE,10,VAE1,6h,SI1,0.0153931379318237,8,1,VAE 1,0.0153931379318237
VAE,10,VAE1,6h,SI2,0.0040894746780395,8,1,VAE 1,0.0040894746780395
VAE,10,VAE1,6h,SI3,-0.0015455484390258,8,1,VAE 1,0.0015455484390258
VAE,10,VAE1,6h,SI4,0.0798786878585815,8,1,VAE 1,0.0798786878585815
VAE,10,VAE1,6h,SI5,0.0745840966701507,8,1,VAE 1,0.0745840966701507
VAE,10,VAE1,6h,SI6,0.0298443138599395,8,1,VAE 1,0.0298443138599395
VAE,10,VAE1,6h,SI7,0.0269343256950378,8,1,VAE 1,0.0269343256950378
VAE,10,VAE1,6h,SI8,0.00625541806221,8,1,VAE 1,0.00625541806221
VAE,10,VAE1,6h,SI9,0.0205958485603332,8,1,VAE 1,0.0205958485603332
VAE,10,VAE1,6h,ce,0.0667992681264877,8,1,VAE 1,0.0667992681264877
VAE,10,VAE1,6h,co,0.0277512520551681,8,1,VAE 1,0.0277512520551681
VAE,10,VAE1,12h,st,-0.0854242891073226,8,1,VAE 1,0.0854242891073226
VAE,10,VAE1,12h,SI1,0.0065711736679077,8,1,VAE 1,0.0065711736679077
VAE,10,VAE1,12h,SI2,0.0381177067756652,8,1,VAE 1,0.0381177067756652
VAE,10,VAE1,12h,SI3,0.0118666887283325,8,1,VAE 1,0.0118666887283325
VAE,10,VAE1,12h,SI4,0.0406217128038406,8,1,VAE 1,0.0406217128038406
VAE,10,VAE1,12h,SI5,0.0266030430793762,8,1,VAE 1,0.0266030430793762
VAE,10,VAE1,12h,SI6,0.0175963640213012,8,1,VAE 1,0.0175963640213012
VAE,10,VAE1,12h,SI7,0.0005058050155639,8,1,VAE 1,0.0005058050155639
VAE,10,VAE1,12h,SI8,0.0269337892532348,8,1,VAE 1,0.0269337892532348
VAE,10,VAE1,12h,SI9,0.028369128704071,8,1,VAE 1,0.028369128704071
VAE,10,VAE1,12h,ce,0.0141260027885437,8,1,VAE 1,0.0141260027885437
VAE,10,VAE1,12h,co,0.0031193196773529,8,1,VAE 1,0.0031193196773529
VAE,10,VAE1,24h,st,-0.008195161819458,8,1,VAE 1,0.008195161819458
VAE,10,VAE1,24h,SI1,0.002468891441822,8,1,VAE 1,0.002468891441822
VAE,10,VAE1,24h,SI2,-0.0012495517730712,8,1,VAE 1,0.0012495517730712
VAE,10,VAE1,24h,SI3,0.0016501545906066,8,1,VAE 1,0.0016501545906066
VAE,10,VAE1,24h,SI4,-0.0049097537994384,8,1,VAE 1,0.0049097537994384
VAE,10,VAE1,24h,SI5,0.0034508407115936,8,1,VAE 1,0.0034508407115936
VAE,10,VAE1,24h,SI6,0.0077490210533142,8,1,VAE 1,0.0077490210533142
VAE,10,VAE1,24h,SI7,0.0011890232563018,8,1,VAE 1,0.0011890232563018
VAE,10,VAE1,24h,SI8,-0.0161422789096832,8,1,VAE 1,0.0161422789096832
VAE,10,VAE1,24h,SI9,0.0014634728431701,8,1,VAE 1,0.0014634728431701
VAE,10,VAE1,24h,ce,-0.0163569450378417,8,1,VAE 1,0.0163569450378417
VAE,10,VAE1,24h,co,-0.0012235939502716,8,1,VAE 1,0.0012235939502716
weighted_CPVAE,10,CPVAE1,1h,st,-0.0705973953008651,8,1,weighted CPVAE 1,0.0705973953008651
weighted_CPVAE,10,CPVAE1,1h,SI1,-0.0957277342677116,8,1,weighted CPVAE 1,0.0957277342677116
weighted_CPVAE,10,CPVAE1,1h,SI2,-0.0728497430682182,8,1,weighted CPVAE 1,0.0728497430682182
weighted_CPVAE,10,CPVAE1,1h,SI3,-0.0342803969979286,8,1,weighted CPVAE 1,0.0342803969979286
weighted_CPVAE,10,CPVAE1,1h,SI4,-0.0617671534419059,8,1,weighted CPVAE 1,0.0617671534419059
weighted_CPVAE,10,CPVAE1,1h,SI5,-0.0575726926326751,8,1,weighted CPVAE 1,0.0575726926326751
weighted_CPVAE,10,CPVAE1,1h,SI6,-0.038183569908142,8,1,weighted CPVAE 1,0.038183569908142
weighted_CPVAE,10,CPVAE1,1h,SI7,-0.0455694086849689,8,1,weighted CPVAE 1,0.0455694086849689
weighted_CPVAE,10,CPVAE1,1h,SI8,-0.0293011255562305,8,1,weighted CPVAE 1,0.0293011255562305
weighted_CPVAE,10,CPVAE1,1h,SI9,-0.0357569195330143,8,1,weighted CPVAE 1,0.0357569195330143
weighted_CPVAE,10,CPVAE1,1h,ce,-0.0556652285158634,8,1,weighted CPVAE 1,0.0556652285158634
weighted_CPVAE,10,CPVAE1,1h,co,-0.0394787974655628,8,1,weighted CPVAE 1,0.0394787974655628
weighted_CPVAE,10,CPVAE1,3h,st,-0.0587570518255233,8,1,weighted CPVAE 1,0.0587570518255233
weighted_CPVAE,10,CPVAE1,3h,SI1,-0.0796726197004318,8,1,weighted CPVAE 1,0.0796726197004318
weighted_CPVAE,10,CPVAE1,3h,SI2,-0.0606316439807415,8,1,weighted CPVAE 1,0.0606316439807415
weighted_CPVAE,10,CPVAE1,3h,SI3,-0.0285310111939907,8,1,weighted CPVAE 1,0.0285310111939907
weighted_CPVAE,10,CPVAE1,3h,SI4,-0.0514077842235565,8,1,weighted CPVAE 1,0.0514077842235565
weighted_CPVAE,10,CPVAE1,3h,SI5,-0.0479168072342872,8,1,weighted CPVAE 1,0.0479168072342872
weighted_CPVAE,10,CPVAE1,3h,SI6,-0.0317795574665069,8,1,weighted CPVAE 1,0.0317795574665069
weighted_CPVAE,10,CPVAE1,3h,SI7,-0.0379266664385795,8,1,weighted CPVAE 1,0.0379266664385795
weighted_CPVAE,10,CPVAE1,3h,SI8,-0.0243868436664342,8,1,weighted CPVAE 1,0.0243868436664342
weighted_CPVAE,10,CPVAE1,3h,SI9,-0.0297598969191312,8,1,weighted CPVAE 1,0.0297598969191312
weighted_CPVAE,10,CPVAE1,3h,ce,-0.0463292524218559,8,1,weighted CPVAE 1,0.0463292524218559
weighted_CPVAE,10,CPVAE1,3h,co,-0.0328575521707534,8,1,weighted CPVAE 1,0.0328575521707534
weighted_CPVAE,10,CPVAE1,6h,st,0.0116925630718469,8,1,weighted CPVAE 1,0.0116925630718469
weighted_CPVAE,10,CPVAE1,6h,SI1,0.0158547293394804,8,1,weighted CPVAE 1,0.0158547293394804
weighted_CPVAE,10,CPVAE1,6h,SI2,0.0120656043291091,8,1,weighted CPVAE 1,0.0120656043291091
weighted_CPVAE,10,CPVAE1,6h,SI3,0.0056776273995637,8,1,weighted CPVAE 1,0.0056776273995637
weighted_CPVAE,10,CPVAE1,6h,SI4,0.0102300709113478,8,1,weighted CPVAE 1,0.0102300709113478
weighted_CPVAE,10,CPVAE1,6h,SI5,0.00953537132591,8,1,weighted CPVAE 1,0.00953537132591
weighted_CPVAE,10,CPVAE1,6h,SI6,0.0063240830786526,8,1,weighted CPVAE 1,0.0063240830786526
weighted_CPVAE,10,CPVAE1,6h,SI7,0.0075473487377166,8,1,weighted CPVAE 1,0.0075473487377166
weighted_CPVAE,10,CPVAE1,6h,SI8,0.0048529445193707,8,1,weighted CPVAE 1,0.0048529445193707
weighted_CPVAE,10,CPVAE1,6h,SI9,0.0059221740812063,8,1,weighted CPVAE 1,0.0059221740812063
weighted_CPVAE,10,CPVAE1,6h,ce,0.0092194499447941,8,1,weighted CPVAE 1,0.0092194499447941
weighted_CPVAE,10,CPVAE1,6h,co,0.0065386029891669,8,1,weighted CPVAE 1,0.0065386029891669
weighted_CPVAE,10,CPVAE1,12h,st,0.0583492368459701,8,1,weighted CPVAE 1,0.0583492368459701
weighted_CPVAE,10,CPVAE1,12h,SI1,0.0791196376085281,8,1,weighted CPVAE 1,0.0791196376085281
weighted_CPVAE,10,CPVAE1,12h,SI2,0.0602108165621757,8,1,weighted CPVAE 1,0.0602108165621757
weighted_CPVAE,10,CPVAE1,12h,SI3,0.0283329859375953,8,1,weighted CPVAE 1,0.0283329859375953
weighted_CPVAE,10,CPVAE1,12h,SI4,0.0510509796440601,8,1,weighted CPVAE 1,0.0510509796440601
weighted_CPVAE,10,CPVAE1,12h,SI5,0.047584231942892,8,1,weighted CPVAE 1,0.047584231942892
weighted_CPVAE,10,CPVAE1,12h,SI6,0.031558983027935,8,1,weighted CPVAE 1,0.031558983027935
weighted_CPVAE,10,CPVAE1,12h,SI7,0.0376634299755096,8,1,weighted CPVAE 1,0.0376634299755096
weighted_CPVAE,10,CPVAE1,12h,SI8,0.0242175832390785,8,1,weighted CPVAE 1,0.0242175832390785
weighted_CPVAE,10,CPVAE1,12h,SI9,0.0295533426105976,8,1,weighted CPVAE 1,0.0295533426105976
weighted_CPVAE,10,CPVAE1,12h,ce,0.0460076965391635,8,1,weighted CPVAE 1,0.0460076965391635
weighted_CPVAE,10,CPVAE1,12h,co,0.0326295010745525,8,1,weighted CPVAE 1,0.0326295010745525
weighted_CPVAE,10,CPVAE1,24h,st,0.0516540519893169,8,1,weighted CPVAE 1,0.0516540519893169
weighted_CPVAE,10,CPVAE1,24h,SI1,0.070041187107563,8,1,weighted CPVAE 1,0.070041187107563
weighted_CPVAE,10,CPVAE1,24h,SI2,0.0533020310103893,8,1,weighted CPVAE 1,0.0533020310103893
weighted_CPVAE,10,CPVAE1,24h,SI3,0.0250819660723209,8,1,weighted CPVAE 1,0.0250819660723209
weighted_CPVAE,10,CPVAE1,24h,SI4,0.0451932214200496,8,1,weighted CPVAE 1,0.0451932214200496
weighted_CPVAE,10,CPVAE1,24h,SI5,0.0421242602169513,8,1,weighted CPVAE 1,0.0421242602169513
weighted_CPVAE,10,CPVAE1,24h,SI6,0.0279378034174442,8,1,weighted CPVAE 1,0.0279378034174442
weighted_CPVAE,10,CPVAE1,24h,SI7,0.0333418063819408,8,1,weighted CPVAE 1,0.0333418063819408
weighted_CPVAE,10,CPVAE1,24h,SI8,0.0214387774467468,8,1,weighted CPVAE 1,0.0214387774467468
weighted_CPVAE,10,CPVAE1,24h,SI9,0.0261622946709394,8,1,weighted CPVAE 1,0.0261622946709394
weighted_CPVAE,10,CPVAE1,24h,ce,0.0407286211848259,8,1,weighted CPVAE 1,0.0407286211848259
weighted_CPVAE,10,CPVAE1,24h,co,0.0288854837417602,8,1,weighted CPVAE 1,0.0288854837417602
PCA,10,PC2,1h,st,0.4951475184979731,8,2,PCA 2,0.4951475184979731
PCA,10,PC2,1h,SI1,0.8250354400737413,8,2,PCA 2,0.8250354400737413
PCA,10,PC2,1h,SI2,0.1898519488907101,8,2,PCA 2,0.1898519488907101
PCA,10,PC2,1h,SI3,-0.2698718364259952,8,2,PCA 2,0.2698718364259952
PCA,10,PC2,1h,SI4,-0.3992267220469103,8,2,PCA 2,0.3992267220469103
PCA,10,PC2,1h,SI5,-0.4227895670685397,8,2,PCA 2,0.4227895670685397
PCA,10,PC2,1h,SI6,-0.4482353382953596,8,2,PCA 2,0.4482353382953596
PCA,10,PC2,1h,SI7,-0.3920453002568268,8,2,PCA 2,0.3920453002568268
PCA,10,PC2,1h,SI8,-0.3187889401963728,8,2,PCA 2,0.3187889401963728
PCA,10,PC2,1h,SI9,-0.16294779340384,8,2,PCA 2,0.16294779340384
PCA,10,PC2,1h,ce,0.5883942479878246,8,2,PCA 2,0.5883942479878246
PCA,10,PC2,1h,co,0.6368633325666503,8,2,PCA 2,0.6368633325666503
PCA,10,PC2,3h,st,0.7834782874186179,8,2,PCA 2,0.7834782874186179
PCA,10,PC2,3h,SI1,0.931904025770906,8,2,PCA 2,0.931904025770906
PCA,10,PC2,3h,SI2,0.97604508969946,8,2,PCA 2,0.97604508969946
PCA,10,PC2,3h,SI3,0.9945669398609788,8,2,PCA 2,0.9945669398609788
PCA,10,PC2,3h,SI4,0.7539508223067829,8,2,PCA 2,0.7539508223067829
PCA,10,PC2,3h,SI5,0.7425224016942766,8,2,PCA 2,0.7425224016942766
PCA,10,PC2,3h,SI6,-0.0969504428370855,8,2,PCA 2,0.0969504428370855
PCA,10,PC2,3h,SI7,0.1228217353607131,8,2,PCA 2,0.1228217353607131
PCA,10,PC2,3h,SI8,0.201582175716674,8,2,PCA 2,0.201582175716674
PCA,10,PC2,3h,SI9,0.165480130825586,8,2,PCA 2,0.165480130825586
PCA,10,PC2,3h,ce,-0.33724275012602,8,2,PCA 2,0.33724275012602
PCA,10,PC2,3h,co,-0.3787215565144853,8,2,PCA 2,0.3787215565144853
PCA,10,PC2,6h,st,0.7707440970640805,8,2,PCA 2,0.7707440970640805
PCA,10,PC2,6h,SI1,0.7783501981040047,8,2,PCA 2,0.7783501981040047
PCA,10,PC2,6h,SI2,0.8728669379701515,8,2,PCA 2,0.8728669379701515
PCA,10,PC2,6h,SI3,0.9865431675860202,8,2,PCA 2,0.9865431675860202
PCA,10,PC2,6h,SI4,0.4670271953294521,8,2,PCA 2,0.4670271953294521
PCA,10,PC2,6h,SI5,-0.0024238338156503,8,2,PCA 2,0.0024238338156503
PCA,10,PC2,6h,SI6,-0.7189196697944442,8,2,PCA 2,0.7189196697944442
PCA,10,PC2,6h,SI7,-0.7342509186461316,8,2,PCA 2,0.7342509186461316
PCA,10,PC2,6h,SI8,-0.6049250795752761,8,2,PCA 2,0.6049250795752761
PCA,10,PC2,6h,SI9,-0.6359192823180037,8,2,PCA 2,0.6359192823180037
PCA,10,PC2,6h,ce,-0.4757069984958709,8,2,PCA 2,0.4757069984958709
PCA,10,PC2,6h,co,-0.3892739999258756,8,2,PCA 2,0.3892739999258756
PCA,10,PC2,12h,st,0.6329521928122493,8,2,PCA 2,0.6329521928122493
PCA,10,PC2,12h,SI1,0.8925803769598076,8,2,PCA 2,0.8925803769598076
PCA,10,PC2,12h,SI2,0.7949989780696849,8,2,PCA 2,0.7949989780696849
PCA,10,PC2,12h,SI3,0.7535909467920683,8,2,PCA 2,0.7535909467920683
PCA,10,PC2,12h,SI4,-0.0612158750145618,8,2,PCA 2,0.0612158750145618
PCA,10,PC2,12h,SI5,-0.5640460043723025,8,2,PCA 2,0.5640460043723025
PCA,10,PC2,12h,SI6,-0.7692531974491796,8,2,PCA 2,0.7692531974491796
PCA,10,PC2,12h,SI7,-0.7705129809708575,8,2,PCA 2,0.7705129809708575
PCA,10,PC2,12h,SI8,-0.7009817246629041,8,2,PCA 2,0.7009817246629041
PCA,10,PC2,12h,SI9,-0.7279875478897979,8,2,PCA 2,0.7279875478897979
PCA,10,PC2,12h,ce,-0.5149150589731302,8,2,PCA 2,0.5149150589731302
PCA,10,PC2,12h,co,-0.41917979753565,8,2,PCA 2,0.41917979753565
PCA,10,PC2,24h,st,-0.0162358949223881,8,2,PCA 2,0.0162358949223881
PCA,10,PC2,24h,SI1,0.0339658304815233,8,2,PCA 2,0.0339658304815233
PCA,10,PC2,24h,SI2,-0.1317389098137207,8,2,PCA 2,0.1317389098137207
PCA,10,PC2,24h,SI3,-0.2384930584912948,8,2,PCA 2,0.2384930584912948
PCA,10,PC2,24h,SI4,-0.3989455363254383,8,2,PCA 2,0.3989455363254383
PCA,10,PC2,24h,SI5,-0.4445316855354437,8,2,PCA 2,0.4445316855354437
PCA,10,PC2,24h,SI6,-0.473181404274159,8,2,PCA 2,0.473181404274159
PCA,10,PC2,24h,SI7,-0.4922198057196654,8,2,PCA 2,0.4922198057196654
PCA,10,PC2,24h,SI8,-0.4883202781279961,8,2,PCA 2,0.4883202781279961
PCA,10,PC2,24h,SI9,-0.4521746350973626,8,2,PCA 2,0.4521746350973626
PCA,10,PC2,24h,ce,-0.4603970427152728,8,2,PCA 2,0.4603970427152728
PCA,10,PC2,24h,co,-0.4786935502061272,8,2,PCA 2,0.4786935502061272
CP,10,CP2,1h,st,0.2803687842384806,8,2,CP 2,0.2803687842384806
CP,10,CP2,1h,SI1,-0.0372537156988409,8,2,CP 2,0.0372537156988409
CP,10,CP2,1h,SI2,-0.2174863355315048,8,2,CP 2,0.2174863355315048
CP,10,CP2,1h,SI3,-0.3856586549860338,8,2,CP 2,0.3856586549860338
CP,10,CP2,1h,SI4,-0.4713907476329451,8,2,CP 2,0.4713907476329451
CP,10,CP2,1h,SI5,-0.4984604780739014,8,2,CP 2,0.4984604780739014
CP,10,CP2,1h,SI6,-0.395154731267016,8,2,CP 2,0.395154731267016
CP,10,CP2,1h,SI7,-0.3969057456933902,8,2,CP 2,0.3969057456933902
CP,10,CP2,1h,SI8,-0.3757889630868522,8,2,CP 2,0.3757889630868522
CP,10,CP2,1h,SI9,-0.3155294864565888,8,2,CP 2,0.3155294864565888
CP,10,CP2,1h,ce,-0.1085372567508707,8,2,CP 2,0.1085372567508707
CP,10,CP2,1h,co,-0.0136112764870023,8,2,CP 2,0.0136112764870023
CP,10,CP2,3h,st,-0.3354150825068615,8,2,CP 2,0.3354150825068615
CP,10,CP2,3h,SI1,0.0445679363298352,8,2,CP 2,0.0445679363298352
CP,10,CP2,3h,SI2,0.2601865873711717,8,2,CP 2,0.2601865873711717
CP,10,CP2,3h,SI3,0.4613770749585169,8,2,CP 2,0.4613770749585169
CP,10,CP2,3h,SI4,0.5639414064576684,8,2,CP 2,0.5639414064576684
CP,10,CP2,3h,SI5,0.5963258814053817,8,2,CP 2,0.5963258814053817
CP,10,CP2,3h,SI6,0.4727375665265363,8,2,CP 2,0.4727375665265363
CP,10,CP2,3h,SI7,0.4748323669512278,8,2,CP 2,0.4748323669512278
CP,10,CP2,3h,SI8,0.4495696138259486,8,2,CP 2,0.4495696138259486
CP,10,CP2,3h,SI9,0.3774790728598477,8,2,CP 2,0.3774790728598477
CP,10,CP2,3h,ce,0.1298469550632845,8,2,CP 2,0.1298469550632845
CP,10,CP2,3h,co,0.0162836509717439,8,2,CP 2,0.0162836509717439
CP,10,CP2,6h,st,-0.027239992937323,8,2,CP 2,0.027239992937323
CP,10,CP2,6h,SI1,0.0036194862251936,8,2,CP 2,0.0036194862251936
CP,10,CP2,6h,SI2,0.0211304773458775,8,2,CP 2,0.0211304773458775
CP,10,CP2,6h,SI3,0.0374697171319231,8,2,CP 2,0.0374697171319231
CP,10,CP2,6h,SI4,0.0457992521211584,8,2,CP 2,0.0457992521211584
CP,10,CP2,6h,SI5,0.0484292855181705,8,2,CP 2,0.0484292855181705
CP,10,CP2,6h,SI6,0.0383923342896385,8,2,CP 2,0.0383923342896385
CP,10,CP2,6h,SI7,0.0385624588658717,8,2,CP 2,0.0385624588658717
CP,10,CP2,6h,SI8,0.0365108003311191,8,2,CP 2,0.0365108003311191
CP,10,CP2,6h,SI9,0.0306561267365761,8,2,CP 2,0.0306561267365761
CP,10,CP2,6h,ce,0.010545232827401,8,2,CP 2,0.010545232827401
CP,10,CP2,6h,co,0.001322440643244,8,2,CP 2,0.001322440643244
CP,10,CP2,12h,st,0.0358537475638335,8,2,CP 2,0.0358537475638335
CP,10,CP2,12h,SI1,-0.0047640300688572,8,2,CP 2,0.0047640300688572
CP,10,CP2,12h,SI2,-0.0278122979842758,8,2,CP 2,0.0278122979842758
CP,10,CP2,12h,SI3,-0.0493182866246456,8,2,CP 2,0.0493182866246456
CP,10,CP2,12h,SI4,-0.0602817639469532,8,2,CP 2,0.0602817639469532
CP,10,CP2,12h,SI5,-0.0637434591727153,8,2,CP 2,0.0637434591727153
CP,10,CP2,12h,SI6,-0.0505326512078855,8,2,CP 2,0.0505326512078855
CP,10,CP2,12h,SI7,-0.0507565721033389,8,2,CP 2,0.0507565721033389
CP,10,CP2,12h,SI8,-0.0480561438263765,8,2,CP 2,0.0480561438263765
CP,10,CP2,12h,SI9,-0.0403501216695287,8,2,CP 2,0.0403501216695287
CP,10,CP2,12h,ce,-0.0138798169538968,8,2,CP 2,0.0138798169538968
CP,10,CP2,12h,co,-0.0017406191367275,8,2,CP 2,0.0017406191367275
CP,10,CP2,24h,st,0.0488990178791133,8,2,CP 2,0.0488990178791133
CP,10,CP2,24h,SI1,-0.0064974070311319,8,2,CP 2,0.0064974070311319
CP,10,CP2,24h,SI2,-0.0379317128278158,8,2,CP 2,0.0379317128278158
CP,10,CP2,24h,SI3,-0.0672625860136985,8,2,CP 2,0.0672625860136985
CP,10,CP2,24h,SI4,-0.0822150891696462,8,2,CP 2,0.0822150891696462
CP,10,CP2,24h,SI5,-0.086936311028957,8,2,CP 2,0.086936311028957
CP,10,CP2,24h,SI6,-0.0689187932305839,8,2,CP 2,0.0689187932305839
CP,10,CP2,24h,SI7,-0.0692241870210318,8,2,CP 2,0.0692241870210318
CP,10,CP2,24h,SI8,-0.0655412166324734,8,2,CP 2,0.0655412166324734
CP,10,CP2,24h,SI9,-0.0550313831888798,8,2,CP 2,0.0550313831888798
CP,10,CP2,24h,ce,-0.0189299435485525,8,2,CP 2,0.0189299435485525
CP,10,CP2,24h,co,-0.0023739377909109,8,2,CP 2,0.0023739377909109
VAE,10,VAE2,1h,st,0.009868249297142,8,2,VAE 2,0.009868249297142
VAE,10,VAE2,1h,SI1,0.0188605189323425,8,2,VAE 2,0.0188605189323425
VAE,10,VAE2,1h,SI2,0.007754698395729,8,2,VAE 2,0.007754698395729
VAE,10,VAE2,1h,SI3,-9.41753387451172e-06,8,2,VAE 2,9.41753387451172e-06
VAE,10,VAE2,1h,SI4,-0.0038520395755767,8,2,VAE 2,0.0038520395755767
VAE,10,VAE2,1h,SI5,0.0105617940425872,8,2,VAE 2,0.0105617940425872
VAE,10,VAE2,1h,SI6,0.009713590145111,8,2,VAE 2,0.009713590145111
VAE,10,VAE2,1h,SI7,0.0061953961849212,8,2,VAE 2,0.0061953961849212
VAE,10,VAE2,1h,SI8,0.0136939287185668,8,2,VAE 2,0.0136939287185668
VAE,10,VAE2,1h,SI9,0.0170827507972717,8,2,VAE 2,0.0170827507972717
VAE,10,VAE2,1h,ce,0.0072250962257385,8,2,VAE 2,0.0072250962257385
VAE,10,VAE2,1h,co,0.0070619136095047,8,2,VAE 2,0.0070619136095047
VAE,10,VAE2,3h,st,-0.0344791859388351,8,2,VAE 2,0.0344791859388351
VAE,10,VAE2,3h,SI1,0.0140526890754699,8,2,VAE 2,0.0140526890754699
VAE,10,VAE2,3h,SI2,-0.0140638351440429,8,2,VAE 2,0.0140638351440429
VAE,10,VAE2,3h,SI3,0.0220263004302978,8,2,VAE 2,0.0220263004302978
VAE,10,VAE2,3h,SI4,0.0162920951843261,8,2,VAE 2,0.0162920951843261
VAE,10,VAE2,3h,SI5,-0.0106628537178039,8,2,VAE 2,0.0106628537178039
VAE,10,VAE2,3h,SI6,0.0003949999809265,8,2,VAE 2,0.0003949999809265
VAE,10,VAE2,3h,SI7,0.0025016963481903,8,2,VAE 2,0.0025016963481903
VAE,10,VAE2,3h,SI8,0.0027565956115722,8,2,VAE 2,0.0027565956115722
VAE,10,VAE2,3h,SI9,-0.0048138424754142,8,2,VAE 2,0.0048138424754142
VAE,10,VAE2,3h,ce,0.0072678625583648,8,2,VAE 2,0.0072678625583648
VAE,10,VAE2,3h,co,0.0012709200382232,8,2,VAE 2,0.0012709200382232
VAE,10,VAE2,6h,st,-0.0505772531032562,8,2,VAE 2,0.0505772531032562
VAE,10,VAE2,6h,SI1,-0.0005401372909545,8,2,VAE 2,0.0005401372909545
VAE,10,VAE2,6h,SI2,-0.0093714594841003,8,2,VAE 2,0.0093714594841003
VAE,10,VAE2,6h,SI3,-0.001253068447113,8,2,VAE 2,0.001253068447113
VAE,10,VAE2,6h,SI4,0.0123841166496276,8,2,VAE 2,0.0123841166496276
VAE,10,VAE2,6h,SI5,-0.0023659765720367,8,2,VAE 2,0.0023659765720367
VAE,10,VAE2,6h,SI6,0.0043188631534576,8,2,VAE 2,0.0043188631534576
VAE,10,VAE2,6h,SI7,0.0055631697177886,8,2,VAE 2,0.0055631697177886
VAE,10,VAE2,6h,SI8,-6.908178329467773e-05,8,2,VAE 2,6.908178329467773e-05
VAE,10,VAE2,6h,SI9,0.0082583427429199,8,2,VAE 2,0.0082583427429199
VAE,10,VAE2,6h,ce,0.0036432892084121,8,2,VAE 2,0.0036432892084121
VAE,10,VAE2,6h,co,0.0110127925872802,8,2,VAE 2,0.0110127925872802
VAE,10,VAE2,12h,st,0.0017502009868621,8,2,VAE 2,0.0017502009868621
VAE,10,VAE2,12h,SI1,0.0157447457313537,8,2,VAE 2,0.0157447457313537
VAE,10,VAE2,12h,SI2,0.0136739611625671,8,2,VAE 2,0.0136739611625671
VAE,10,VAE2,12h,SI3,-0.0001507401466369,8,2,VAE 2,0.0001507401466369
VAE,10,VAE2,12h,SI4,-0.0069154575467109,8,2,VAE 2,0.0069154575467109
VAE,10,VAE2,12h,SI5,-0.0047037750482559,8,2,VAE 2,0.0047037750482559
VAE,10,VAE2,12h,SI6,0.0044472813606262,8,2,VAE 2,0.0044472813606262
VAE,10,VAE2,12h,SI7,0.0014520287513732,8,2,VAE 2,0.0014520287513732
VAE,10,VAE2,12h,SI8,0.0024691820144653,8,2,VAE 2,0.0024691820144653
VAE,10,VAE2,12h,SI9,-0.0041788220405578,8,2,VAE 2,0.0041788220405578
VAE,10,VAE2,12h,ce,-0.0014115273952484,8,2,VAE 2,0.0014115273952484
VAE,10,VAE2,12h,co,0.0027341246604919,8,2,VAE 2,0.0027341246604919
VAE,10,VAE2,24h,st,-0.0061164051294326,8,2,VAE 2,0.0061164051294326
VAE,10,VAE2,24h,SI1,-0.002041608095169,8,2,VAE 2,0.002041608095169
VAE,10,VAE2,24h,SI2,-0.0011449009180068,8,2,VAE 2,0.0011449009180068
VAE,10,VAE2,24h,SI3,-0.002993568778038,8,2,VAE 2,0.002993568778038
VAE,10,VAE2,24h,SI4,0.0044309198856353,8,2,VAE 2,0.0044309198856353
VAE,10,VAE2,24h,SI5,-0.0015471279621124,8,2,VAE 2,0.0015471279621124
VAE,10,VAE2,24h,SI6,-0.0103794932365417,8,2,VAE 2,0.0103794932365417
VAE,10,VAE2,24h,SI7,-0.010568767786026,8,2,VAE 2,0.010568767786026
VAE,10,VAE2,24h,SI8,-0.0004045367240905,8,2,VAE 2,0.0004045367240905
VAE,10,VAE2,24h,SI9,-0.0077293813228607,8,2,VAE 2,0.0077293813228607
VAE,10,VAE2,24h,ce,-0.002099871635437,8,2,VAE 2,0.002099871635437
VAE,10,VAE2,24h,co,-0.0078292191028594,8,2,VAE 2,0.0078292191028594
weighted_CPVAE,10,CPVAE2,1h,st,0.0255354307591915,8,2,weighted CPVAE 2,0.0255354307591915
weighted_CPVAE,10,CPVAE2,1h,SI1,0.0223474502563476,8,2,weighted CPVAE 2,0.0223474502563476
weighted_CPVAE,10,CPVAE2,1h,SI2,-0.0025085003580898,8,2,weighted CPVAE 2,0.0025085003580898
weighted_CPVAE,10,CPVAE2,1h,SI3,-0.0973152667284011,8,2,weighted CPVAE 2,0.0973152667284011
weighted_CPVAE,10,CPVAE2,1h,SI4,-0.0073685864917933,8,2,weighted CPVAE 2,0.0073685864917933
weighted_CPVAE,10,CPVAE2,1h,SI5,-0.0090175382792949,8,2,weighted CPVAE 2,0.0090175382792949
weighted_CPVAE,10,CPVAE2,1h,SI6,-0.0375016182661056,8,2,weighted CPVAE 2,0.0375016182661056
weighted_CPVAE,10,CPVAE2,1h,SI7,-0.0423862673342227,8,2,weighted CPVAE 2,0.0423862673342227
weighted_CPVAE,10,CPVAE2,1h,SI8,-0.0581794902682304,8,2,weighted CPVAE 2,0.0581794902682304
weighted_CPVAE,10,CPVAE2,1h,SI9,-0.0773010700941085,8,2,weighted CPVAE 2,0.0773010700941085
weighted_CPVAE,10,CPVAE2,1h,ce,-0.128511443734169,8,2,weighted CPVAE 2,0.128511443734169
weighted_CPVAE,10,CPVAE2,1h,co,-0.1116163283586502,8,2,weighted CPVAE 2,0.1116163283586502
weighted_CPVAE,10,CPVAE2,3h,st,0.0150129739195108,8,2,weighted CPVAE 2,0.0150129739195108
weighted_CPVAE,10,CPVAE2,3h,SI1,0.0131386732682585,8,2,weighted CPVAE 2,0.0131386732682585
weighted_CPVAE,10,CPVAE2,3h,SI2,-0.001474815653637,8,2,weighted CPVAE 2,0.001474815653637
weighted_CPVAE,10,CPVAE2,3h,SI3,-0.057214293628931,8,2,weighted CPVAE 2,0.057214293628931
weighted_CPVAE,10,CPVAE2,3h,SI4,-0.0043321922421455,8,2,weighted CPVAE 2,0.0043321922421455
weighted_CPVAE,10,CPVAE2,3h,SI5,-0.0053016557358205,8,2,weighted CPVAE 2,0.0053016557358205
weighted_CPVAE,10,CPVAE2,3h,SI6,-0.0220482219010591,8,2,weighted CPVAE 2,0.0220482219010591
weighted_CPVAE,10,CPVAE2,3h,SI7,-0.0249200388789176,8,2,weighted CPVAE 2,0.0249200388789176
weighted_CPVAE,10,CPVAE2,3h,SI8,-0.0342053063213825,8,2,weighted CPVAE 2,0.0342053063213825
weighted_CPVAE,10,CPVAE2,3h,SI9,-0.045447401702404,8,2,weighted CPVAE 2,0.045447401702404
weighted_CPVAE,10,CPVAE2,3h,ce,-0.0755553767085075,8,2,weighted CPVAE 2,0.0755553767085075
weighted_CPVAE,10,CPVAE2,3h,co,-0.0656222701072692,8,2,weighted CPVAE 2,0.0656222701072692
weighted_CPVAE,10,CPVAE2,6h,st,0.0088489111512899,8,2,weighted CPVAE 2,0.0088489111512899
weighted_CPVAE,10,CPVAE2,6h,SI1,0.0077441656030714,8,2,weighted CPVAE 2,0.0077441656030714
weighted_CPVAE,10,CPVAE2,6h,SI2,-0.0008692823466844,8,2,weighted CPVAE 2,0.0008692823466844
weighted_CPVAE,10,CPVAE2,6h,SI3,-0.0337231121957302,8,2,weighted CPVAE 2,0.0337231121957302
weighted_CPVAE,10,CPVAE2,6h,SI4,-0.0025534706655889,8,2,weighted CPVAE 2,0.0025534706655889
weighted_CPVAE,10,CPVAE2,6h,SI5,-0.0031248894520103,8,2,weighted CPVAE 2,0.0031248894520103
weighted_CPVAE,10,CPVAE2,6h,SI6,-0.0129956100136041,8,2,weighted CPVAE 2,0.0129956100136041
weighted_CPVAE,10,CPVAE2,6h,SI7,-0.014688310213387,8,2,weighted CPVAE 2,0.014688310213387
weighted_CPVAE,10,CPVAE2,6h,SI8,-0.0201612096279859,8,2,weighted CPVAE 2,0.0201612096279859
weighted_CPVAE,10,CPVAE2,6h,SI9,-0.0267875008285045,8,2,weighted CPVAE 2,0.0267875008285045
weighted_CPVAE,10,CPVAE2,6h,ce,-0.0445336699485778,8,2,weighted CPVAE 2,0.0445336699485778
weighted_CPVAE,10,CPVAE2,6h,co,-0.0386789254844188,8,2,weighted CPVAE 2,0.0386789254844188
weighted_CPVAE,10,CPVAE2,12h,st,-0.0010952715529128,8,2,weighted CPVAE 2,0.0010952715529128
weighted_CPVAE,10,CPVAE2,12h,SI1,-0.0009585319785401,8,2,weighted CPVAE 2,0.0009585319785401
weighted_CPVAE,10,CPVAE2,12h,SI2,0.0001075951804523,8,2,weighted CPVAE 2,0.0001075951804523
weighted_CPVAE,10,CPVAE2,12h,SI3,0.0041740690357983,8,2,weighted CPVAE 2,0.0041740690357983
weighted_CPVAE,10,CPVAE2,12h,SI4,0.0003160551132168,8,2,weighted CPVAE 2,0.0003160551132168
weighted_CPVAE,10,CPVAE2,12h,SI5,0.000386782339774,8,2,weighted CPVAE 2,0.000386782339774
weighted_CPVAE,10,CPVAE2,12h,SI6,0.0016085280803963,8,2,weighted CPVAE 2,0.0016085280803963
weighted_CPVAE,10,CPVAE2,12h,SI7,0.0018180416664108,8,2,weighted CPVAE 2,0.0018180416664108
weighted_CPVAE,10,CPVAE2,12h,SI8,0.0024954483378678,8,2,weighted CPVAE 2,0.0024954483378678
weighted_CPVAE,10,CPVAE2,12h,SI9,0.0033156154677271,8,2,weighted CPVAE 2,0.0033156154677271
weighted_CPVAE,10,CPVAE2,12h,ce,0.0055121425539255,8,2,weighted CPVAE 2,0.0055121425539255
weighted_CPVAE,10,CPVAE2,12h,co,0.0047874734736979,8,2,weighted CPVAE 2,0.0047874734736979
weighted_CPVAE,10,CPVAE2,24h,st,-0.0055513735860586,8,2,weighted CPVAE 2,0.0055513735860586
weighted_CPVAE,10,CPVAE2,24h,SI1,-0.0048583098687231,8,2,weighted CPVAE 2,0.0048583098687231
weighted_CPVAE,10,CPVAE2,24h,SI2,0.0005453451303765,8,2,weighted CPVAE 2,0.0005453451303765
weighted_CPVAE,10,CPVAE2,24h,SI3,0.0211562290787696,8,2,weighted CPVAE 2,0.0211562290787696
weighted_CPVAE,10,CPVAE2,24h,SI4,0.0016019223257899,8,2,weighted CPVAE 2,0.0016019223257899
weighted_CPVAE,10,CPVAE2,24h,SI5,0.0019604025874286,8,2,weighted CPVAE 2,0.0019604025874286
weighted_CPVAE,10,CPVAE2,24h,SI6,0.0081528089940547,8,2,weighted CPVAE 2,0.0081528089940547
weighted_CPVAE,10,CPVAE2,24h,SI7,0.0092147262766957,8,2,weighted CPVAE 2,0.0092147262766957
weighted_CPVAE,10,CPVAE2,24h,SI8,0.0126481549814343,8,2,weighted CPVAE 2,0.0126481549814343
weighted_CPVAE,10,CPVAE2,24h,SI9,0.0168051645159721,8,2,weighted CPVAE 2,0.0168051645159721
weighted_CPVAE,10,CPVAE2,24h,ce,0.0279382411390543,8,2,weighted CPVAE 2,0.0279382411390543
weighted_CPVAE,10,CPVAE2,24h,co,0.0242652613669633,8,2,weighted CPVAE 2,0.0242652613669633
PCA,10,PC3,1h,st,0.1039347240092776,8,3,PCA 3,0.1039347240092776
PCA,10,PC3,1h,SI1,0.9802185860076884,8,3,PCA 3,0.9802185860076884
PCA,10,PC3,1h,SI2,-0.0108694729671507,8,3,PCA 3,0.0108694729671507
PCA,10,PC3,1h,SI3,-0.4553589116214393,8,3,PCA 3,0.4553589116214393
PCA,10,PC3,1h,SI4,-0.4970120289570834,8,3,PCA 3,0.4970120289570834
PCA,10,PC3,1h,SI5,-0.5375034151674929,8,3,PCA 3,0.5375034151674929
PCA,10,PC3,1h,SI6,-0.5905755340706572,8,3,PCA 3,0.5905755340706572
PCA,10,PC3,1h,SI7,-0.5352345012837427,8,3,PCA 3,0.5352345012837427
PCA,10,PC3,1h,SI8,-0.5182928790034456,8,3,PCA 3,0.5182928790034456
PCA,10,PC3,1h,SI9,-0.3615280739433608,8,3,PCA 3,0.3615280739433608
PCA,10,PC3,1h,ce,0.3029211250382546,8,3,PCA 3,0.3029211250382546
PCA,10,PC3,1h,co,0.2497306724539333,8,3,PCA 3,0.2497306724539333
PCA,10,PC3,3h,st,1.1120195237860524,8,3,PCA 3,1.1120195237860524
PCA,10,PC3,3h,SI1,1.3156484598850628,8,3,PCA 3,1.3156484598850628
PCA,10,PC3,3h,SI2,1.1369707174149282,8,3,PCA 3,1.1369707174149282
PCA,10,PC3,3h,SI3,0.9086134394360856,8,3,PCA 3,0.9086134394360856
PCA,10,PC3,3h,SI4,1.0210250299534074,8,3,PCA 3,1.0210250299534074
PCA,10,PC3,3h,SI5,1.3458055636656503,8,3,PCA 3,1.3458055636656503
PCA,10,PC3,3h,SI6,0.2989695191386283,8,3,PCA 3,0.2989695191386283
PCA,10,PC3,3h,SI7,0.4628656769938232,8,3,PCA 3,0.4628656769938232
PCA,10,PC3,3h,SI8,0.056938698184934,8,3,PCA 3,0.056938698184934
PCA,10,PC3,3h,SI9,-0.235870496675327,8,3,PCA 3,0.235870496675327
PCA,10,PC3,3h,ce,-0.6232365383676152,8,3,PCA 3,0.6232365383676152
PCA,10,PC3,3h,co,-0.6836718134970723,8,3,PCA 3,0.6836718134970723
PCA,10,PC3,6h,st,-0.0597489471264996,8,3,PCA 3,0.0597489471264996
PCA,10,PC3,6h,SI1,0.5613978846563086,8,3,PCA 3,0.5613978846563086
PCA,10,PC3,6h,SI2,0.7694653411700438,8,3,PCA 3,0.7694653411700438
PCA,10,PC3,6h,SI3,0.747081791298455,8,3,PCA 3,0.747081791298455
PCA,10,PC3,6h,SI4,1.049488387691971,8,3,PCA 3,1.049488387691971
PCA,10,PC3,6h,SI5,0.6017969464323152,8,3,PCA 3,0.6017969464323152
PCA,10,PC3,6h,SI6,-0.3852917222147036,8,3,PCA 3,0.3852917222147036
PCA,10,PC3,6h,SI7,-0.4346295194243445,8,3,PCA 3,0.4346295194243445
PCA,10,PC3,6h,SI8,-0.4191703533995675,8,3,PCA 3,0.4191703533995675
PCA,10,PC3,6h,SI9,-0.5394620496573238,8,3,PCA 3,0.5394620496573238
PCA,10,PC3,6h,ce,-0.0248879409383513,8,3,PCA 3,0.0248879409383513
PCA,10,PC3,6h,co,-0.3392036901119866,8,3,PCA 3,0.3392036901119866
PCA,10,PC3,12h,st,-0.144752750198669,8,3,PCA 3,0.144752750198669
PCA,10,PC3,12h,SI1,0.5632952348701648,8,3,PCA 3,0.5632952348701648
PCA,10,PC3,12h,SI2,0.5447199107743896,8,3,PCA 3,0.5447199107743896
PCA,10,PC3,12h,SI3,0.4722167454819997,8,3,PCA 3,0.4722167454819997
PCA,10,PC3,12h,SI4,0.0335353770112605,8,3,PCA 3,0.0335353770112605
PCA,10,PC3,12h,SI5,-0.3801162670794516,8,3,PCA 3,0.3801162670794516
PCA,10,PC3,12h,SI6,-0.5770970861879743,8,3,PCA 3,0.5770970861879743
PCA,10,PC3,12h,SI7,-0.6428785568056246,8,3,PCA 3,0.6428785568056246
PCA,10,PC3,12h,SI8,-0.3848681563383909,8,3,PCA 3,0.3848681563383909
PCA,10,PC3,12h,SI9,-0.5190582449188839,8,3,PCA 3,0.5190582449188839
PCA,10,PC3,12h,ce,-0.3542774228369064,8,3,PCA 3,0.3542774228369064
PCA,10,PC3,12h,co,-0.4824903871933972,8,3,PCA 3,0.4824903871933972
PCA,10,PC3,24h,st,0.0734682215604743,8,3,PCA 3,0.0734682215604743
PCA,10,PC3,24h,SI1,0.0064111368762536,8,3,PCA 3,0.0064111368762536
PCA,10,PC3,24h,SI2,-0.165584256572321,8,3,PCA 3,0.165584256572321
PCA,10,PC3,24h,SI3,-0.2202089664416977,8,3,PCA 3,0.2202089664416977
PCA,10,PC3,24h,SI4,-0.4176816093452209,8,3,PCA 3,0.4176816093452209
PCA,10,PC3,24h,SI5,-0.4576832065465463,8,3,PCA 3,0.4576832065465463
PCA,10,PC3,24h,SI6,-0.498896059885054,8,3,PCA 3,0.498896059885054
PCA,10,PC3,24h,SI7,-0.5315554494985463,8,3,PCA 3,0.5315554494985463
PCA,10,PC3,24h,SI8,-0.5546498860609482,8,3,PCA 3,0.5546498860609482
PCA,10,PC3,24h,SI9,-0.3780512023288384,8,3,PCA 3,0.3780512023288384
PCA,10,PC3,24h,ce,-0.3982885943902293,8,3,PCA 3,0.3982885943902293
PCA,10,PC3,24h,co,-0.358852722735497,8,3,PCA 3,0.358852722735497
CP,10,CP3,1h,st,0.4285117868666624,8,3,CP 3,0.4285117868666624
CP,10,CP3,1h,SI1,-0.1924778392699849,8,3,CP 3,0.1924778392699849
CP,10,CP3,1h,SI2,-0.0738000746397346,8,3,CP 3,0.0738000746397346
CP,10,CP3,1h,SI3,-0.048482689399326,8,3,CP 3,0.048482689399326
CP,10,CP3,1h,SI4,0.0008328981508184,8,3,CP 3,0.0008328981508184
CP,10,CP3,1h,SI5,-0.0154967070724959,8,3,CP 3,0.0154967070724959
CP,10,CP3,1h,SI6,-0.0071400113395022,8,3,CP 3,0.0071400113395022
CP,10,CP3,1h,SI7,-0.0140596200189592,8,3,CP 3,0.0140596200189592
CP,10,CP3,1h,SI8,-0.006451883558843,8,3,CP 3,0.006451883558843
CP,10,CP3,1h,SI9,0.0037903767946197,8,3,CP 3,0.0037903767946197
CP,10,CP3,1h,ce,0.0002542873100278,8,3,CP 3,0.0002542873100278
CP,10,CP3,1h,co,0.0243290207461717,8,3,CP 3,0.0243290207461717
CP,10,CP3,3h,st,2.079890773654963,8,3,CP 3,2.079890773654963
CP,10,CP3,3h,SI1,-0.9342400706360356,8,3,CP 3,0.9342400706360356
CP,10,CP3,3h,SI2,-0.3582074030229515,8,3,CP 3,0.3582074030229515
CP,10,CP3,3h,SI3,-0.2353230446727825,8,3,CP 3,0.2353230446727825
CP,10,CP3,3h,SI4,0.0040426826807929,8,3,CP 3,0.0040426826807929
CP,10,CP3,3h,SI5,-0.075217203003443,8,3,CP 3,0.075217203003443
CP,10,CP3,3h,SI6,-0.0346558581676622,8,3,CP 3,0.0346558581676622
CP,10,CP3,3h,SI7,-0.0682419360558388,8,3,CP 3,0.0682419360558388
CP,10,CP3,3h,SI8,-0.0313158552413619,8,3,CP 3,0.0313158552413619
CP,10,CP3,3h,SI9,0.018397556299329,8,3,CP 3,0.018397556299329
CP,10,CP3,3h,ce,0.0012342480328297,8,3,CP 3,0.0012342480328297
CP,10,CP3,3h,co,0.1180870802925386,8,3,CP 3,0.1180870802925386
CP,10,CP3,6h,st,-0.3304566275476093,8,3,CP 3,0.3304566275476093
CP,10,CP3,6h,SI1,0.1484336711200007,8,3,CP 3,0.1484336711200007
CP,10,CP3,6h,SI2,0.0569126090008747,8,3,CP 3,0.0569126090008747
CP,10,CP3,6h,SI3,0.0373885305477601,8,3,CP 3,0.0373885305477601
CP,10,CP3,6h,SI4,-0.0006423083855467,8,3,CP 3,0.0006423083855467
CP,10,CP3,6h,SI5,0.0119506387320534,8,3,CP 3,0.0119506387320534
CP,10,CP3,6h,SI6,0.0055061824206898,8,3,CP 3,0.0055061824206898
CP,10,CP3,6h,SI7,0.0108423963084867,8,3,CP 3,0.0108423963084867
CP,10,CP3,6h,SI8,0.0049755170045032,8,3,CP 3,0.0049755170045032
CP,10,CP3,6h,SI9,-0.0029230354241679,8,3,CP 3,0.0029230354241679
CP,10,CP3,6h,ce,-0.0001960994527464,8,3,CP 3,0.0001960994527464
CP,10,CP3,6h,co,-0.0187618786547344,8,3,CP 3,0.0187618786547344
CP,10,CP3,12h,st,0.1209689389398374,8,3,CP 3,0.1209689389398374
CP,10,CP3,12h,SI1,-0.0543365216536453,8,3,CP 3,0.0543365216536453
CP,10,CP3,12h,SI2,-0.0208337716638525,8,3,CP 3,0.0208337716638525
CP,10,CP3,12h,SI3,-0.0136866701764988,8,3,CP 3,0.0136866701764988
CP,10,CP3,12h,SI4,0.0002351272675278,8,3,CP 3,0.0002351272675278
CP,10,CP3,12h,SI5,-0.0043747226309194,8,3,CP 3,0.0043747226309194
CP,10,CP3,12h,SI6,-0.0020156262259986,8,3,CP 3,0.0020156262259986
CP,10,CP3,12h,SI7,-0.0039690327494305,8,3,CP 3,0.0039690327494305
CP,10,CP3,12h,SI8,-0.0018213676547466,8,3,CP 3,0.0018213676547466
CP,10,CP3,12h,SI9,0.0010700239131811,8,3,CP 3,0.0010700239131811
CP,10,CP3,12h,ce,7.17853441205592e-05,8,3,CP 3,7.17853441205592e-05
CP,10,CP3,12h,co,0.0068680860487636,8,3,CP 3,0.0068680860487636
CP,10,CP3,24h,st,0.1032601461739377,8,3,CP 3,0.1032601461739377
CP,10,CP3,24h,SI1,-0.0463821309644554,8,3,CP 3,0.0463821309644554
CP,10,CP3,24h,SI2,-0.0177838900317525,8,3,CP 3,0.0177838900317525
CP,10,CP3,24h,SI3,-0.0116830615813091,8,3,CP 3,0.0116830615813091
CP,10,CP3,24h,SI4,0.0002007066956789,8,3,CP 3,0.0002007066956789
CP,10,CP3,24h,SI5,-0.0037343015678085,8,3,CP 3,0.0037343015678085
CP,10,CP3,24h,SI6,-0.001720556206847,8,3,CP 3,0.001720556206847
CP,10,CP3,24h,SI7,-0.0033880011304321,8,3,CP 3,0.0033880011304321
CP,10,CP3,24h,SI8,-0.0015547353883888,8,3,CP 3,0.0015547353883888
CP,10,CP3,24h,SI9,0.0009133817875318,8,3,CP 3,0.0009133817875318
CP,10,CP3,24h,ce,6.127659870375426e-05,8,3,CP 3,6.127659870375426e-05
CP,10,CP3,24h,co,0.0058626584274102,8,3,CP 3,0.0058626584274102
VAE,10,VAE3,1h,st,-0.0222119092941284,8,3,VAE 3,0.0222119092941284
VAE,10,VAE3,1h,SI1,-0.0617318153381347,8,3,VAE 3,0.0617318153381347
VAE,10,VAE3,1h,SI2,-0.0604221485555172,8,3,VAE 3,0.0604221485555172
VAE,10,VAE3,1h,SI3,-0.0384909808635711,8,3,VAE 3,0.0384909808635711
VAE,10,VAE3,1h,SI4,-0.0445286333560943,8,3,VAE 3,0.0445286333560943
VAE,10,VAE3,1h,SI5,-0.0607081353664398,8,3,VAE 3,0.0607081353664398
VAE,10,VAE3,1h,SI6,-0.0335502028465271,8,3,VAE 3,0.0335502028465271
VAE,10,VAE3,1h,SI7,-0.0708370804786682,8,3,VAE 3,0.0708370804786682
VAE,10,VAE3,1h,SI8,-0.0626955032348632,8,3,VAE 3,0.0626955032348632
VAE,10,VAE3,1h,SI9,-0.0610029101371765,8,3,VAE 3,0.0610029101371765
VAE,10,VAE3,1h,ce,-0.0800022482872009,8,3,VAE 3,0.0800022482872009
VAE,10,VAE3,1h,co,-0.0426064282655715,8,3,VAE 3,0.0426064282655715
VAE,10,VAE3,3h,st,0.1708874404430389,8,3,VAE 3,0.1708874404430389
VAE,10,VAE3,3h,SI1,-0.1438503563404083,8,3,VAE 3,0.1438503563404083
VAE,10,VAE3,3h,SI2,0.0414046049118042,8,3,VAE 3,0.0414046049118042
VAE,10,VAE3,3h,SI3,0.0155527591705322,8,3,VAE 3,0.0155527591705322
VAE,10,VAE3,3h,SI4,-0.0438220500946044,8,3,VAE 3,0.0438220500946044
VAE,10,VAE3,3h,SI5,0.0379519462585449,8,3,VAE 3,0.0379519462585449
VAE,10,VAE3,3h,SI6,0.0270859226584434,8,3,VAE 3,0.0270859226584434
VAE,10,VAE3,3h,SI7,0.0241176784038543,8,3,VAE 3,0.0241176784038543
VAE,10,VAE3,3h,SI8,-0.0191929936408996,8,3,VAE 3,0.0191929936408996
VAE,10,VAE3,3h,SI9,-0.0256139561533927,8,3,VAE 3,0.0256139561533927
VAE,10,VAE3,3h,ce,-0.0283802151679992,8,3,VAE 3,0.0283802151679992
VAE,10,VAE3,3h,co,-0.0470082759857177,8,3,VAE 3,0.0470082759857177
VAE,10,VAE3,6h,st,-0.083770602941513,8,3,VAE 3,0.083770602941513
VAE,10,VAE3,6h,SI1,-0.0583837628364563,8,3,VAE 3,0.0583837628364563
VAE,10,VAE3,6h,SI2,0.0406804680824279,8,3,VAE 3,0.0406804680824279
VAE,10,VAE3,6h,SI3,0.0777286887168884,8,3,VAE 3,0.0777286887168884
VAE,10,VAE3,6h,SI4,0.0584567189216613,8,3,VAE 3,0.0584567189216613
VAE,10,VAE3,6h,SI5,0.063275933265686,8,3,VAE 3,0.063275933265686
VAE,10,VAE3,6h,SI6,0.0424503684043884,8,3,VAE 3,0.0424503684043884
VAE,10,VAE3,6h,SI7,0.0287395119667053,8,3,VAE 3,0.0287395119667053
VAE,10,VAE3,6h,SI8,0.0319075286388397,8,3,VAE 3,0.0319075286388397
VAE,10,VAE3,6h,SI9,0.0225964188575744,8,3,VAE 3,0.0225964188575744
VAE,10,VAE3,6h,ce,0.027262806892395,8,3,VAE 3,0.027262806892395
VAE,10,VAE3,6h,co,-4.249811172485352e-05,8,3,VAE 3,4.249811172485352e-05
VAE,10,VAE3,12h,st,-0.0825715065002441,8,3,VAE 3,0.0825715065002441
VAE,10,VAE3,12h,SI1,0.0247177481651306,8,3,VAE 3,0.0247177481651306
VAE,10,VAE3,12h,SI2,0.0133052468299865,8,3,VAE 3,0.0133052468299865
VAE,10,VAE3,12h,SI3,0.0373071432113647,8,3,VAE 3,0.0373071432113647
VAE,10,VAE3,12h,SI4,0.0612770467996597,8,3,VAE 3,0.0612770467996597
VAE,10,VAE3,12h,SI5,0.0395438969135284,8,3,VAE 3,0.0395438969135284
VAE,10,VAE3,12h,SI6,0.0460501611232757,8,3,VAE 3,0.0460501611232757
VAE,10,VAE3,12h,SI7,0.0275673866271972,8,3,VAE 3,0.0275673866271972
VAE,10,VAE3,12h,SI8,0.0744341313838958,8,3,VAE 3,0.0744341313838958
VAE,10,VAE3,12h,SI9,0.0433849692344665,8,3,VAE 3,0.0433849692344665
VAE,10,VAE3,12h,ce,0.042977750301361,8,3,VAE 3,0.042977750301361
VAE,10,VAE3,12h,co,0.0027936697006225,8,3,VAE 3,0.0027936697006225
VAE,10,VAE3,24h,st,0.0183693021535873,8,3,VAE 3,0.0183693021535873
VAE,10,VAE3,24h,SI1,0.0243737548589706,8,3,VAE 3,0.0243737548589706
VAE,10,VAE3,24h,SI2,0.0003676563501358,8,3,VAE 3,0.0003676563501358
VAE,10,VAE3,24h,SI3,0.0321800857782363,8,3,VAE 3,0.0321800857782363
VAE,10,VAE3,24h,SI4,-0.007803589105606,8,3,VAE 3,0.007803589105606
VAE,10,VAE3,24h,SI5,0.0229085683822631,8,3,VAE 3,0.0229085683822631
VAE,10,VAE3,24h,SI6,0.0208768248558044,8,3,VAE 3,0.0208768248558044
VAE,10,VAE3,24h,SI7,0.0118835866451263,8,3,VAE 3,0.0118835866451263
VAE,10,VAE3,24h,SI8,0.0131158530712127,8,3,VAE 3,0.0131158530712127
VAE,10,VAE3,24h,SI9,0.0237439274787902,8,3,VAE 3,0.0237439274787902
VAE,10,VAE3,24h,ce,0.013437807559967,8,3,VAE 3,0.013437807559967
VAE,10,VAE3,24h,co,0.022222876548767,8,3,VAE 3,0.022222876548767
weighted_CPVAE,10,CPVAE3,1h,st,0.0086484132334589,8,3,weighted CPVAE 3,0.0086484132334589
weighted_CPVAE,10,CPVAE3,1h,SI1,-0.0079304007813334,8,3,weighted CPVAE 3,0.0079304007813334
weighted_CPVAE,10,CPVAE3,1h,SI2,0.0090332552790641,8,3,weighted CPVAE 3,0.0090332552790641
weighted_CPVAE,10,CPVAE3,1h,SI3,-0.00179350504186,8,3,weighted CPVAE 3,0.00179350504186
weighted_CPVAE,10,CPVAE3,1h,SI4,-0.0039302064105868,8,3,weighted CPVAE 3,0.0039302064105868
weighted_CPVAE,10,CPVAE3,1h,SI5,-0.0040162210352718,8,3,weighted CPVAE 3,0.0040162210352718
weighted_CPVAE,10,CPVAE3,1h,SI6,-0.0038198095280677,8,3,weighted CPVAE 3,0.0038198095280677
weighted_CPVAE,10,CPVAE3,1h,SI7,-0.0035606648307293,8,3,weighted CPVAE 3,0.0035606648307293
weighted_CPVAE,10,CPVAE3,1h,SI8,-0.0014641671441495,8,3,weighted CPVAE 3,0.0014641671441495
weighted_CPVAE,10,CPVAE3,1h,SI9,-7.177684165071696e-05,8,3,weighted CPVAE 3,7.177684165071696e-05
weighted_CPVAE,10,CPVAE3,1h,ce,0.0001720374712022,8,3,weighted CPVAE 3,0.0001720374712022
weighted_CPVAE,10,CPVAE3,1h,co,0.0005889046005904,8,3,weighted CPVAE 3,0.0005889046005904
weighted_CPVAE,10,CPVAE3,3h,st,0.1365198940038681,8,3,weighted CPVAE 3,0.1365198940038681
weighted_CPVAE,10,CPVAE3,3h,SI1,-0.1251856684684753,8,3,weighted CPVAE 3,0.1251856684684753
weighted_CPVAE,10,CPVAE3,3h,SI2,0.1425948292016983,8,3,weighted CPVAE 3,0.1425948292016983
weighted_CPVAE,10,CPVAE3,3h,SI3,-0.0283114481717348,8,3,weighted CPVAE 3,0.0283114481717348
weighted_CPVAE,10,CPVAE3,3h,SI4,-0.0620404407382011,8,3,weighted CPVAE 3,0.0620404407382011
weighted_CPVAE,10,CPVAE3,3h,SI5,-0.0633982270956039,8,3,weighted CPVAE 3,0.0633982270956039
weighted_CPVAE,10,CPVAE3,3h,SI6,-0.0602977648377418,8,3,weighted CPVAE 3,0.0602977648377418
weighted_CPVAE,10,CPVAE3,3h,SI7,-0.0562070235610008,8,3,weighted CPVAE 3,0.0562070235610008
weighted_CPVAE,10,CPVAE3,3h,SI8,-0.0231126714497804,8,3,weighted CPVAE 3,0.0231126714497804
weighted_CPVAE,10,CPVAE3,3h,SI9,-0.0011330363340675,8,3,weighted CPVAE 3,0.0011330363340675
weighted_CPVAE,10,CPVAE3,3h,ce,0.0027157047297805,8,3,weighted CPVAE 3,0.0027157047297805
weighted_CPVAE,10,CPVAE3,3h,co,0.0092961778864264,8,3,weighted CPVAE 3,0.0092961778864264
weighted_CPVAE,10,CPVAE3,6h,st,0.0420810766518116,8,3,weighted CPVAE 3,0.0420810766518116
weighted_CPVAE,10,CPVAE3,6h,SI1,-0.0385873988270759,8,3,weighted CPVAE 3,0.0385873988270759
weighted_CPVAE,10,CPVAE3,6h,SI2,0.0439536236226558,8,3,weighted CPVAE 3,0.0439536236226558
weighted_CPVAE,10,CPVAE3,6h,SI3,-0.0087267598137259,8,3,weighted CPVAE 3,0.0087267598137259
weighted_CPVAE,10,CPVAE3,6h,SI4,-0.0191234294325113,8,3,weighted CPVAE 3,0.0191234294325113
weighted_CPVAE,10,CPVAE3,6h,SI5,-0.0195419564843177,8,3,weighted CPVAE 3,0.0195419564843177
weighted_CPVAE,10,CPVAE3,6h,SI6,-0.0185862649232149,8,3,weighted CPVAE 3,0.0185862649232149
weighted_CPVAE,10,CPVAE3,6h,SI7,-0.0173253286629915,8,3,weighted CPVAE 3,0.0173253286629915
weighted_CPVAE,10,CPVAE3,6h,SI8,-0.0071242814883589,8,3,weighted CPVAE 3,0.0071242814883589
weighted_CPVAE,10,CPVAE3,6h,SI9,-0.0003492486430332,8,3,weighted CPVAE 3,0.0003492486430332
weighted_CPVAE,10,CPVAE3,6h,ce,0.0008370925206691,8,3,weighted CPVAE 3,0.0008370925206691
weighted_CPVAE,10,CPVAE3,6h,co,0.0028654665220528,8,3,weighted CPVAE 3,0.0028654665220528
weighted_CPVAE,10,CPVAE3,12h,st,0.0311436168849468,8,3,weighted CPVAE 3,0.0311436168849468
weighted_CPVAE,10,CPVAE3,12h,SI1,-0.0285579971969127,8,3,weighted CPVAE 3,0.0285579971969127
weighted_CPVAE,10,CPVAE3,12h,SI2,0.0325294621288776,8,3,weighted CPVAE 3,0.0325294621288776
weighted_CPVAE,10,CPVAE3,12h,SI3,-0.006458553019911,8,3,weighted CPVAE 3,0.006458553019911
weighted_CPVAE,10,CPVAE3,12h,SI4,-0.0141529832035303,8,3,weighted CPVAE 3,0.0141529832035303
weighted_CPVAE,10,CPVAE3,12h,SI5,-0.0144627289846539,8,3,weighted CPVAE 3,0.0144627289846539
weighted_CPVAE,10,CPVAE3,12h,SI6,-0.0137554351240396,8,3,weighted CPVAE 3,0.0137554351240396
weighted_CPVAE,10,CPVAE3,12h,SI7,-0.0128222340717911,8,3,weighted CPVAE 3,0.0128222340717911
weighted_CPVAE,10,CPVAE3,12h,SI8,-0.0052725812420248,8,3,weighted CPVAE 3,0.0052725812420248
weighted_CPVAE,10,CPVAE3,12h,SI9,-0.0002584740577731,8,3,weighted CPVAE 3,0.0002584740577731
weighted_CPVAE,10,CPVAE3,12h,ce,0.0006195204914547,8,3,weighted CPVAE 3,0.0006195204914547
weighted_CPVAE,10,CPVAE3,12h,co,0.0021206918172538,8,3,weighted CPVAE 3,0.0021206918172538
weighted_CPVAE,10,CPVAE3,24h,st,-0.0003437708655837,8,3,weighted CPVAE 3,0.0003437708655837
weighted_CPVAE,10,CPVAE3,24h,SI1,0.0003152301651425,8,3,weighted CPVAE 3,0.0003152301651425
weighted_CPVAE,10,CPVAE3,24h,SI2,-0.0003590681881178,8,3,weighted CPVAE 3,0.0003590681881178
weighted_CPVAE,10,CPVAE3,24h,SI3,7.129109144443646e-05,8,3,weighted CPVAE 3,7.129109144443646e-05
weighted_CPVAE,10,CPVAE3,24h,SI4,0.0001562240940984,8,3,weighted CPVAE 3,0.0001562240940984
weighted_CPVAE,10,CPVAE3,24h,SI5,0.0001596431393409,8,3,weighted CPVAE 3,0.0001596431393409
weighted_CPVAE,10,CPVAE3,24h,SI6,0.0001518358621979,8,3,weighted CPVAE 3,0.0001518358621979
weighted_CPVAE,10,CPVAE3,24h,SI7,0.0001415349688613,8,3,weighted CPVAE 3,0.0001415349688613
weighted_CPVAE,10,CPVAE3,24h,SI8,5.820004298584536e-05,8,3,weighted CPVAE 3,5.820004298584536e-05
weighted_CPVAE,10,CPVAE3,24h,SI9,2.853099886124255e-06,8,3,weighted CPVAE 3,2.853099886124255e-06
weighted_CPVAE,10,CPVAE3,24h,ce,-6.838419267296558e-06,8,3,weighted CPVAE 3,6.838419267296558e-06
weighted_CPVAE,10,CPVAE3,24h,co,-2.34087146964157e-05,8,3,weighted CPVAE 3,2.34087146964157e-05
PCA,10,PC4,1h,st,-0.1028536694593913,8,4,PCA 4,0.1028536694593913
PCA,10,PC4,1h,SI1,1.2748760531494394,8,4,PCA 4,1.2748760531494394
PCA,10,PC4,1h,SI2,0.2682583842852238,8,4,PCA 4,0.2682583842852238
PCA,10,PC4,1h,SI3,-0.3058552614790017,8,4,PCA 4,0.3058552614790017
PCA,10,PC4,1h,SI4,-0.3372306714919965,8,4,PCA 4,0.3372306714919965
PCA,10,PC4,1h,SI5,-0.3994541031313702,8,4,PCA 4,0.3994541031313702
PCA,10,PC4,1h,SI6,-0.4494487221749311,8,4,PCA 4,0.4494487221749311
PCA,10,PC4,1h,SI7,-0.3755036633643178,8,4,PCA 4,0.3755036633643178
PCA,10,PC4,1h,SI8,-0.4085487620814524,8,4,PCA 4,0.4085487620814524
PCA,10,PC4,1h,SI9,-0.219924234357392,8,4,PCA 4,0.219924234357392
PCA,10,PC4,1h,ce,0.646735182515936,8,4,PCA 4,0.646735182515936
PCA,10,PC4,1h,co,0.6656846502764999,8,4,PCA 4,0.6656846502764999
PCA,10,PC4,3h,st,-0.2526876734668844,8,4,PCA 4,0.2526876734668844
PCA,10,PC4,3h,SI1,1.4729984571705148,8,4,PCA 4,1.4729984571705148
PCA,10,PC4,3h,SI2,1.2962570320214268,8,4,PCA 4,1.2962570320214268
PCA,10,PC4,3h,SI3,1.252233500483292,8,4,PCA 4,1.252233500483292
PCA,10,PC4,3h,SI4,1.1906409401047946,8,4,PCA 4,1.1906409401047946
PCA,10,PC4,3h,SI5,1.1868436556792694,8,4,PCA 4,1.1868436556792694
PCA,10,PC4,3h,SI6,0.204207443134826,8,4,PCA 4,0.204207443134826
PCA,10,PC4,3h,SI7,0.4301790001321052,8,4,PCA 4,0.4301790001321052
PCA,10,PC4,3h,SI8,0.1880672585510639,8,4,PCA 4,0.1880672585510639
PCA,10,PC4,3h,SI9,0.0312590161406558,8,4,PCA 4,0.0312590161406558
PCA,10,PC4,3h,ce,-0.4842046415724559,8,4,PCA 4,0.4842046415724559
PCA,10,PC4,3h,co,-0.5502435069411805,8,4,PCA 4,0.5502435069411805
PCA,10,PC4,6h,st,-0.1979801039827732,8,4,PCA 4,0.1979801039827732
PCA,10,PC4,6h,SI1,0.6763777445848183,8,4,PCA 4,0.6763777445848183
PCA,10,PC4,6h,SI2,0.8731531509444174,8,4,PCA 4,0.8731531509444174
PCA,10,PC4,6h,SI3,1.0265873628892124,8,4,PCA 4,1.0265873628892124
PCA,10,PC4,6h,SI4,0.8383384299963303,8,4,PCA 4,0.8383384299963303
PCA,10,PC4,6h,SI5,0.4056670349034212,8,4,PCA 4,0.4056670349034212
PCA,10,PC4,6h,SI6,-0.5722897014100962,8,4,PCA 4,0.5722897014100962
PCA,10,PC4,6h,SI7,-0.6138171783116647,8,4,PCA 4,0.6138171783116647
PCA,10,PC4,6h,SI8,-0.5126107426186379,8,4,PCA 4,0.5126107426186379
PCA,10,PC4,6h,SI9,-0.5796274953715288,8,4,PCA 4,0.5796274953715288
PCA,10,PC4,6h,ce,-0.1460981823076296,8,4,PCA 4,0.1460981823076296
PCA,10,PC4,6h,co,-0.3523246024950418,8,4,PCA 4,0.3523246024950418
PCA,10,PC4,12h,st,0.0409009637478186,8,4,PCA 4,0.0409009637478186
PCA,10,PC4,12h,SI1,0.9533579807979168,8,4,PCA 4,0.9533579807979168
PCA,10,PC4,12h,SI2,0.8904148165615224,8,4,PCA 4,0.8904148165615224
PCA,10,PC4,12h,SI3,0.8486863292340348,8,4,PCA 4,0.8486863292340348
PCA,10,PC4,12h,SI4,0.1255879180622459,8,4,PCA 4,0.1255879180622459
PCA,10,PC4,12h,SI5,-0.4863115225668839,8,4,PCA 4,0.4863115225668839
PCA,10,PC4,12h,SI6,-0.7179250292945066,8,4,PCA 4,0.7179250292945066
PCA,10,PC4,12h,SI7,-0.7489323477764123,8,4,PCA 4,0.7489323477764123
PCA,10,PC4,12h,SI8,-0.5405711032228042,8,4,PCA 4,0.5405711032228042
PCA,10,PC4,12h,SI9,-0.638455203095259,8,4,PCA 4,0.638455203095259
PCA,10,PC4,12h,ce,-0.3972554596611804,8,4,PCA 4,0.3972554596611804
PCA,10,PC4,12h,co,-0.4043353956745005,8,4,PCA 4,0.4043353956745005
PCA,10,PC4,24h,st,-0.155446654477718,8,4,PCA 4,0.155446654477718
PCA,10,PC4,24h,SI1,-0.1232946191475232,8,4,PCA 4,0.1232946191475232
PCA,10,PC4,24h,SI2,-0.3059346680090919,8,4,PCA 4,0.3059346680090919
PCA,10,PC4,24h,SI3,-0.3809794227935111,8,4,PCA 4,0.3809794227935111
PCA,10,PC4,24h,SI4,-0.5597969655863876,8,4,PCA 4,0.5597969655863876
PCA,10,PC4,24h,SI5,-0.5982012904476639,8,4,PCA 4,0.5982012904476639
PCA,10,PC4,24h,SI6,-0.6440019880379588,8,4,PCA 4,0.6440019880379588
PCA,10,PC4,24h,SI7,-0.680480434960225,8,4,PCA 4,0.680480434960225
PCA,10,PC4,24h,SI8,-0.6942018698386669,8,4,PCA 4,0.6942018698386669
PCA,10,PC4,24h,SI9,-0.6206140281658648,8,4,PCA 4,0.6206140281658648
PCA,10,PC4,24h,ce,-0.6373944548388752,8,4,PCA 4,0.6373944548388752
PCA,10,PC4,24h,co,-0.5924769317540062,8,4,PCA 4,0.5924769317540062
CP,10,CP4,1h,st,-0.2654247037747586,8,4,CP 4,0.2654247037747586
CP,10,CP4,1h,SI1,-0.552300976735156,8,4,CP 4,0.552300976735156
CP,10,CP4,1h,SI2,-0.404271625869732,8,4,CP 4,0.404271625869732
CP,10,CP4,1h,SI3,-0.3448646402246217,8,4,CP 4,0.3448646402246217
CP,10,CP4,1h,SI4,-0.4245353916433134,8,4,CP 4,0.4245353916433134
CP,10,CP4,1h,SI5,-0.4109017704526361,8,4,CP 4,0.4109017704526361
CP,10,CP4,1h,SI6,-0.3389220185415093,8,4,CP 4,0.3389220185415093
CP,10,CP4,1h,SI7,-0.3716690027707514,8,4,CP 4,0.3716690027707514
CP,10,CP4,1h,SI8,-0.3441019378566325,8,4,CP 4,0.3441019378566325
CP,10,CP4,1h,SI9,-0.3752100324976636,8,4,CP 4,0.3752100324976636
CP,10,CP4,1h,ce,-0.5131028185552423,8,4,CP 4,0.5131028185552423
CP,10,CP4,1h,co,-0.4652704092998677,8,4,CP 4,0.4652704092998677
CP,10,CP4,3h,st,-0.0304810752823161,8,4,CP 4,0.0304810752823161
CP,10,CP4,3h,SI1,-0.0634256247099257,8,4,CP 4,0.0634256247099257
CP,10,CP4,3h,SI2,-0.0464261000856075,8,4,CP 4,0.0464261000856075
CP,10,CP4,3h,SI3,-0.0396038684847361,8,4,CP 4,0.0396038684847361
CP,10,CP4,3h,SI4,-0.0487531682192952,8,4,CP 4,0.0487531682192952
CP,10,CP4,3h,SI5,-0.0471874984531672,8,4,CP 4,0.0471874984531672
CP,10,CP4,3h,SI6,-0.0389214244758657,8,4,CP 4,0.0389214244758657
CP,10,CP4,3h,SI7,-0.0426820514158788,8,4,CP 4,0.0426820514158788
CP,10,CP4,3h,SI8,-0.0395162806002398,8,4,CP 4,0.0395162806002398
CP,10,CP4,3h,SI9,-0.0430886992981141,8,4,CP 4,0.0430886992981141
CP,10,CP4,3h,ce,-0.0589241521890257,8,4,CP 4,0.0589241521890257
CP,10,CP4,3h,co,-0.0534311319587578,8,4,CP 4,0.0534311319587578
CP,10,CP4,6h,st,0.0562584200231056,8,4,CP 4,0.0562584200231056
CP,10,CP4,6h,SI1,0.1170636338157335,8,4,CP 4,0.1170636338157335
CP,10,CP4,6h,SI2,0.0856878904192115,8,4,CP 4,0.0856878904192115
CP,10,CP4,6h,SI3,0.0730962096027741,8,4,CP 4,0.0730962096027741
CP,10,CP4,6h,SI4,0.0899829218534649,8,4,CP 4,0.0899829218534649
CP,10,CP4,6h,SI5,0.0870931908809028,8,4,CP 4,0.0870931908809028
CP,10,CP4,6h,SI6,0.0718366339041584,8,4,CP 4,0.0718366339041584
CP,10,CP4,6h,SI7,0.078777561282275,8,4,CP 4,0.078777561282275
CP,10,CP4,6h,SI8,0.072934550082915,8,4,CP 4,0.072934550082915
CP,10,CP4,6h,SI9,0.0795281045996747,8,4,CP 4,0.0795281045996747
CP,10,CP4,6h,ce,0.108755339916726,8,4,CP 4,0.108755339916726
CP,10,CP4,6h,co,0.0986169626958568,8,4,CP 4,0.0986169626958568
CP,10,CP4,12h,st,0.0832535247438562,8,4,CP 4,0.0832535247438562
CP,10,CP4,12h,SI1,0.1732355819889927,8,4,CP 4,0.1732355819889927
CP,10,CP4,12h,SI2,0.1268044659330066,8,4,CP 4,0.1268044659330066
CP,10,CP4,12h,SI3,0.1081707785669648,8,4,CP 4,0.1081707785669648
CP,10,CP4,12h,SI4,0.1331604301716111,8,4,CP 4,0.1331604301716111
CP,10,CP4,12h,SI5,0.1288840873783283,8,4,CP 4,0.1288840873783283
CP,10,CP4,12h,SI6,0.1063068066219938,8,4,CP 4,0.1063068066219938
CP,10,CP4,12h,SI7,0.1165782765456428,8,4,CP 4,0.1165782765456428
CP,10,CP4,12h,SI8,0.1079315481578787,8,4,CP 4,0.1079315481578787
CP,10,CP4,12h,SI9,0.1176889614283823,8,4,CP 4,0.1176889614283823
CP,10,CP4,12h,ce,0.1609406268264379,8,4,CP 4,0.1609406268264379
CP,10,CP4,12h,co,0.1459374390640813,8,4,CP 4,0.1459374390640813
CP,10,CP4,24h,st,0.1485531836982734,8,4,CP 4,0.1485531836982734
CP,10,CP4,24h,SI1,0.3091124047115763,8,4,CP 4,0.3091124047115763
CP,10,CP4,24h,SI2,0.2262631783995124,8,4,CP 4,0.2262631783995124
CP,10,CP4,24h,SI3,0.1930142127757708,8,4,CP 4,0.1930142127757708
CP,10,CP4,24h,SI4,0.2376044246232857,8,4,CP 4,0.2376044246232857
CP,10,CP4,24h,SI5,0.2299739448510258,8,4,CP 4,0.2299739448510258
CP,10,CP4,24h,SI6,0.1896882398803092,8,4,CP 4,0.1896882398803092
CP,10,CP4,24h,SI7,0.2080161072362403,8,4,CP 4,0.2080161072362403
CP,10,CP4,24h,SI8,0.1925873426940953,8,4,CP 4,0.1925873426940953
CP,10,CP4,24h,SI9,0.2099979545625142,8,4,CP 4,0.2099979545625142
CP,10,CP4,24h,ce,0.2871739373800797,8,4,CP 4,0.2871739373800797
CP,10,CP4,24h,co,0.2604030431197076,8,4,CP 4,0.2604030431197076
VAE,10,VAE4,1h,st,-0.1120627149939537,8,4,VAE 4,0.1120627149939537
VAE,10,VAE4,1h,SI1,-0.0898500680923461,8,4,VAE 4,0.0898500680923461
VAE,10,VAE4,1h,SI2,-0.0743684247136116,8,4,VAE 4,0.0743684247136116
VAE,10,VAE4,1h,SI3,-0.045816421508789,8,4,VAE 4,0.045816421508789
VAE,10,VAE4,1h,SI4,-0.0548310577869415,8,4,VAE 4,0.0548310577869415
VAE,10,VAE4,1h,SI5,-0.0580057799816131,8,4,VAE 4,0.0580057799816131
VAE,10,VAE4,1h,SI6,-0.0495058298110961,8,4,VAE 4,0.0495058298110961
VAE,10,VAE4,1h,SI7,-0.0584896504878997,8,4,VAE 4,0.0584896504878997
VAE,10,VAE4,1h,SI8,-0.0651824474334716,8,4,VAE 4,0.0651824474334716
VAE,10,VAE4,1h,SI9,-0.0724058449268341,8,4,VAE 4,0.0724058449268341
VAE,10,VAE4,1h,ce,-0.0921481251716613,8,4,VAE 4,0.0921481251716613
VAE,10,VAE4,1h,co,-0.0954811125993728,8,4,VAE 4,0.0954811125993728
VAE,10,VAE4,3h,st,0.0838069170713424,8,4,VAE 4,0.0838069170713424
VAE,10,VAE4,3h,SI1,-0.1143986582756042,8,4,VAE 4,0.1143986582756042
VAE,10,VAE4,3h,SI2,0.0231536030769348,8,4,VAE 4,0.0231536030769348
VAE,10,VAE4,3h,SI3,-0.1253318786621093,8,4,VAE 4,0.1253318786621093
VAE,10,VAE4,3h,SI4,-0.0936040580272674,8,4,VAE 4,0.0936040580272674
VAE,10,VAE4,3h,SI5,0.0630465745925903,8,4,VAE 4,0.0630465745925903
VAE,10,VAE4,3h,SI6,0.0446017980575561,8,4,VAE 4,0.0446017980575561
VAE,10,VAE4,3h,SI7,0.0538365244865417,8,4,VAE 4,0.0538365244865417
VAE,10,VAE4,3h,SI8,-0.0117277950048446,8,4,VAE 4,0.0117277950048446
VAE,10,VAE4,3h,SI9,-0.0485834628343582,8,4,VAE 4,0.0485834628343582
VAE,10,VAE4,3h,ce,-0.034492939710617,8,4,VAE 4,0.034492939710617
VAE,10,VAE4,3h,co,-0.040842205286026,8,4,VAE 4,0.040842205286026
VAE,10,VAE4,6h,st,-0.0943193435668945,8,4,VAE 4,0.0943193435668945
VAE,10,VAE4,6h,SI1,-0.0587719976902008,8,4,VAE 4,0.0587719976902008
VAE,10,VAE4,6h,SI2,0.001836359500885,8,4,VAE 4,0.001836359500885
VAE,10,VAE4,6h,SI3,-0.0054589509963989,8,4,VAE 4,0.0054589509963989
VAE,10,VAE4,6h,SI4,0.085896611213684,8,4,VAE 4,0.085896611213684
VAE,10,VAE4,6h,SI5,0.1328962743282318,8,4,VAE 4,0.1328962743282318
VAE,10,VAE4,6h,SI6,0.0813056230545044,8,4,VAE 4,0.0813056230545044
VAE,10,VAE4,6h,SI7,0.0721940398216247,8,4,VAE 4,0.0721940398216247
VAE,10,VAE4,6h,SI8,0.0667071938514709,8,4,VAE 4,0.0667071938514709
VAE,10,VAE4,6h,SI9,0.0492495894432067,8,4,VAE 4,0.0492495894432067
VAE,10,VAE4,6h,ce,0.0709101036190986,8,4,VAE 4,0.0709101036190986
VAE,10,VAE4,6h,co,0.0280858129262924,8,4,VAE 4,0.0280858129262924
VAE,10,VAE4,12h,st,-0.1329777240753173,8,4,VAE 4,0.1329777240753173
VAE,10,VAE4,12h,SI1,-0.0297549962997436,8,4,VAE 4,0.0297549962997436
VAE,10,VAE4,12h,SI2,-0.0366266965866088,8,4,VAE 4,0.0366266965866088
VAE,10,VAE4,12h,SI3,-0.0135040283203125,8,4,VAE 4,0.0135040283203125
VAE,10,VAE4,12h,SI4,0.0856029093265533,8,4,VAE 4,0.0856029093265533
VAE,10,VAE4,12h,SI5,0.0665942281484603,8,4,VAE 4,0.0665942281484603
VAE,10,VAE4,12h,SI6,0.072081059217453,8,4,VAE 4,0.072081059217453
VAE,10,VAE4,12h,SI7,0.0725262761116027,8,4,VAE 4,0.0725262761116027
VAE,10,VAE4,12h,SI8,0.1122132539749145,8,4,VAE 4,0.1122132539749145
VAE,10,VAE4,12h,SI9,0.079085886478424,8,4,VAE 4,0.079085886478424
VAE,10,VAE4,12h,ce,0.0682805031538009,8,4,VAE 4,0.0682805031538009
VAE,10,VAE4,12h,co,0.0209395289421081,8,4,VAE 4,0.0209395289421081
VAE,10,VAE4,24h,st,0.032624028623104,8,4,VAE 4,0.032624028623104
VAE,10,VAE4,24h,SI1,0.0221722796559333,8,4,VAE 4,0.0221722796559333
VAE,10,VAE4,24h,SI2,0.0136924088001251,8,4,VAE 4,0.0136924088001251
VAE,10,VAE4,24h,SI3,0.0455892980098724,8,4,VAE 4,0.0455892980098724
VAE,10,VAE4,24h,SI4,0.0151511132717132,8,4,VAE 4,0.0151511132717132
VAE,10,VAE4,24h,SI5,0.0156528949737548,8,4,VAE 4,0.0156528949737548
VAE,10,VAE4,24h,SI6,0.0178512334823608,8,4,VAE 4,0.0178512334823608
VAE,10,VAE4,24h,SI7,0.0269093811511993,8,4,VAE 4,0.0269093811511993
VAE,10,VAE4,24h,SI8,0.0136414170265197,8,4,VAE 4,0.0136414170265197
VAE,10,VAE4,24h,SI9,0.0417146980762481,8,4,VAE 4,0.0417146980762481
VAE,10,VAE4,24h,ce,0.0274959206581115,8,4,VAE 4,0.0274959206581115
VAE,10,VAE4,24h,co,0.0471837520599365,8,4,VAE 4,0.0471837520599365
weighted_CPVAE,10,CPVAE4,1h,st,-0.0091680642217397,8,4,weighted CPVAE 4,0.0091680642217397
weighted_CPVAE,10,CPVAE4,1h,SI1,-0.0072411643341183,8,4,weighted CPVAE 4,0.0072411643341183
weighted_CPVAE,10,CPVAE4,1h,SI2,-0.0075332894921302,8,4,weighted CPVAE 4,0.0075332894921302
weighted_CPVAE,10,CPVAE4,1h,SI3,-0.0077302055433392,8,4,weighted CPVAE 4,0.0077302055433392
weighted_CPVAE,10,CPVAE4,1h,SI4,-0.0073231416754424,8,4,weighted CPVAE 4,0.0073231416754424
weighted_CPVAE,10,CPVAE4,1h,SI5,-0.0007373531698249,8,4,weighted CPVAE 4,0.0007373531698249
weighted_CPVAE,10,CPVAE4,1h,SI6,0.001999364234507,8,4,weighted CPVAE 4,0.001999364234507
weighted_CPVAE,10,CPVAE4,1h,SI7,0.0022785542532801,8,4,weighted CPVAE 4,0.0022785542532801
weighted_CPVAE,10,CPVAE4,1h,SI8,0.0016824344638735,8,4,weighted CPVAE 4,0.0016824344638735
weighted_CPVAE,10,CPVAE4,1h,SI9,0.0016607892466709,8,4,weighted CPVAE 4,0.0016607892466709
weighted_CPVAE,10,CPVAE4,1h,ce,-0.0007917542825452,8,4,weighted CPVAE 4,0.0007917542825452
weighted_CPVAE,10,CPVAE4,1h,co,0.0003581186465453,8,4,weighted CPVAE 4,0.0003581186465453
weighted_CPVAE,10,CPVAE4,3h,st,-0.069453977048397,8,4,weighted CPVAE 4,0.069453977048397
weighted_CPVAE,10,CPVAE4,3h,SI1,-0.0548564679920673,8,4,weighted CPVAE 4,0.0548564679920673
weighted_CPVAE,10,CPVAE4,3h,SI2,-0.057069506496191,8,4,weighted CPVAE 4,0.057069506496191
weighted_CPVAE,10,CPVAE4,3h,SI3,-0.0585612691938877,8,4,weighted CPVAE 4,0.0585612691938877
weighted_CPVAE,10,CPVAE4,3h,SI4,-0.055477499961853,8,4,weighted CPVAE 4,0.055477499961853
weighted_CPVAE,10,CPVAE4,3h,SI5,-0.0055859237909317,8,4,weighted CPVAE 4,0.0055859237909317
weighted_CPVAE,10,CPVAE4,3h,SI6,0.0151464669033885,8,4,weighted CPVAE 4,0.0151464669033885
weighted_CPVAE,10,CPVAE4,3h,SI7,0.0172615107148885,8,4,weighted CPVAE 4,0.0172615107148885
weighted_CPVAE,10,CPVAE4,3h,SI8,0.01274552103132,8,4,weighted CPVAE 4,0.01274552103132
weighted_CPVAE,10,CPVAE4,3h,SI9,0.0125815449282526,8,4,weighted CPVAE 4,0.0125815449282526
weighted_CPVAE,10,CPVAE4,3h,ce,-0.0059980466030538,8,4,weighted CPVAE 4,0.0059980466030538
weighted_CPVAE,10,CPVAE4,3h,co,0.0027129787486046,8,4,weighted CPVAE 4,0.0027129787486046
weighted_CPVAE,10,CPVAE4,6h,st,0.1252432167530059,8,4,weighted CPVAE 4,0.1252432167530059
weighted_CPVAE,10,CPVAE4,6h,SI1,0.0989201962947845,8,4,weighted CPVAE 4,0.0989201962947845
weighted_CPVAE,10,CPVAE4,6h,SI2,0.1029108613729476,8,4,weighted CPVAE 4,0.1029108613729476
weighted_CPVAE,10,CPVAE4,6h,SI3,0.105600893497467,8,4,weighted CPVAE 4,0.105600893497467
weighted_CPVAE,10,CPVAE4,6h,SI4,0.1000400707125663,8,4,weighted CPVAE 4,0.1000400707125663
weighted_CPVAE,10,CPVAE4,6h,SI5,0.0100728441029787,8,4,weighted CPVAE 4,0.0100728441029787
weighted_CPVAE,10,CPVAE4,6h,SI6,-0.0273129399865865,8,4,weighted CPVAE 4,0.0273129399865865
weighted_CPVAE,10,CPVAE4,6h,SI7,-0.0311269033700227,8,4,weighted CPVAE 4,0.0311269033700227
weighted_CPVAE,10,CPVAE4,6h,SI8,-0.0229834225028753,8,4,weighted CPVAE 4,0.0229834225028753
weighted_CPVAE,10,CPVAE4,6h,SI9,-0.0226877313107252,8,4,weighted CPVAE 4,0.0226877313107252
weighted_CPVAE,10,CPVAE4,6h,ce,0.0108160069212317,8,4,weighted CPVAE 4,0.0108160069212317
weighted_CPVAE,10,CPVAE4,6h,co,-0.0048921923153102,8,4,weighted CPVAE 4,0.0048921923153102
weighted_CPVAE,10,CPVAE4,12h,st,0.052327960729599,8,4,weighted CPVAE 4,0.052327960729599
weighted_CPVAE,10,CPVAE4,12h,SI1,0.0413299202919006,8,4,weighted CPVAE 4,0.0413299202919006
weighted_CPVAE,10,CPVAE4,12h,SI2,0.0429972633719444,8,4,weighted CPVAE 4,0.0429972633719444
weighted_CPVAE,10,CPVAE4,12h,SI3,0.0441211871802806,8,4,weighted CPVAE 4,0.0441211871802806
weighted_CPVAE,10,CPVAE4,12h,SI4,0.0417978167533874,8,4,weighted CPVAE 4,0.0417978167533874
weighted_CPVAE,10,CPVAE4,12h,SI5,0.0042085424065589,8,4,weighted CPVAE 4,0.0042085424065589
weighted_CPVAE,10,CPVAE4,12h,SI6,-0.0114116398617625,8,4,weighted CPVAE 4,0.0114116398617625
weighted_CPVAE,10,CPVAE4,12h,SI7,-0.0130051551386713,8,4,weighted CPVAE 4,0.0130051551386713
weighted_CPVAE,10,CPVAE4,12h,SI8,-0.0096027208492159,8,4,weighted CPVAE 4,0.0096027208492159
weighted_CPVAE,10,CPVAE4,12h,SI9,-0.0094791781157255,8,4,weighted CPVAE 4,0.0094791781157255
weighted_CPVAE,10,CPVAE4,12h,ce,0.0045190439559519,8,4,weighted CPVAE 4,0.0045190439559519
weighted_CPVAE,10,CPVAE4,12h,co,-0.0020440104417502,8,4,weighted CPVAE 4,0.0020440104417502
weighted_CPVAE,10,CPVAE4,24h,st,-0.0227196346968412,8,4,weighted CPVAE 4,0.0227196346968412
weighted_CPVAE,10,CPVAE4,24h,SI1,-0.0179445296525955,8,4,weighted CPVAE 4,0.0179445296525955
weighted_CPVAE,10,CPVAE4,24h,SI2,-0.0186684541404247,8,4,weighted CPVAE 4,0.0186684541404247
weighted_CPVAE,10,CPVAE4,24h,SI3,-0.0191564373672008,8,4,weighted CPVAE 4,0.0191564373672008
weighted_CPVAE,10,CPVAE4,24h,SI4,-0.0181476790457963,8,4,weighted CPVAE 4,0.0181476790457963
weighted_CPVAE,10,CPVAE4,24h,SI5,-0.0018272552406415,8,4,weighted CPVAE 4,0.0018272552406415
weighted_CPVAE,10,CPVAE4,24h,SI6,0.0049546798691153,8,4,weighted CPVAE 4,0.0049546798691153
weighted_CPVAE,10,CPVAE4,24h,SI7,0.0056465482339262,8,4,weighted CPVAE 4,0.0056465482339262
weighted_CPVAE,10,CPVAE4,24h,SI8,0.0041692871600389,8,4,weighted CPVAE 4,0.0041692871600389
weighted_CPVAE,10,CPVAE4,24h,SI9,0.0041156481020152,8,4,weighted CPVAE 4,0.0041156481020152
weighted_CPVAE,10,CPVAE4,24h,ce,-0.0019620682578533,8,4,weighted CPVAE 4,0.0019620682578533
weighted_CPVAE,10,CPVAE4,24h,co,0.0008874637424014,8,4,weighted CPVAE 4,0.0008874637424014
PCA,10,PC5,1h,st,0.0136321565739543,8,5,PCA 5,0.0136321565739543
PCA,10,PC5,1h,SI1,1.03018400473661,8,5,PCA 5,1.03018400473661
PCA,10,PC5,1h,SI2,0.0790653728192033,8,5,PCA 5,0.0790653728192033
PCA,10,PC5,1h,SI3,-0.3986576584205667,8,5,PCA 5,0.3986576584205667
PCA,10,PC5,1h,SI4,-0.4667922127708235,8,5,PCA 5,0.4667922127708235
PCA,10,PC5,1h,SI5,-0.5172737656768259,8,5,PCA 5,0.5172737656768259
PCA,10,PC5,1h,SI6,-0.5611595436474247,8,5,PCA 5,0.5611595436474247
PCA,10,PC5,1h,SI7,-0.5096875446704804,8,5,PCA 5,0.5096875446704804
PCA,10,PC5,1h,SI8,-0.4851095104375031,8,5,PCA 5,0.4851095104375031
PCA,10,PC5,1h,SI9,-0.3258677483575609,8,5,PCA 5,0.3258677483575609
PCA,10,PC5,1h,ce,0.3752140292500622,8,5,PCA 5,0.3752140292500622
PCA,10,PC5,1h,co,0.4109431601144377,8,5,PCA 5,0.4109431601144377
PCA,10,PC5,3h,st,-0.2180224127330505,8,5,PCA 5,0.2180224127330505
PCA,10,PC5,3h,SI1,1.635452628623068,8,5,PCA 5,1.635452628623068
PCA,10,PC5,3h,SI2,0.6673606588874536,8,5,PCA 5,0.6673606588874536
PCA,10,PC5,3h,SI3,0.2086152615566477,8,5,PCA 5,0.2086152615566477
PCA,10,PC5,3h,SI4,0.649854872888472,8,5,PCA 5,0.649854872888472
PCA,10,PC5,3h,SI5,1.1456716795011264,8,5,PCA 5,1.1456716795011264
PCA,10,PC5,3h,SI6,0.189217525044676,8,5,PCA 5,0.189217525044676
PCA,10,PC5,3h,SI7,0.3887869736314816,8,5,PCA 5,0.3887869736314816
PCA,10,PC5,3h,SI8,0.1535070170713119,8,5,PCA 5,0.1535070170713119
PCA,10,PC5,3h,SI9,-0.0545977157456111,8,5,PCA 5,0.0545977157456111
PCA,10,PC5,3h,ce,-0.5241230999613057,8,5,PCA 5,0.5241230999613057
PCA,10,PC5,3h,co,-0.581167216032509,8,5,PCA 5,0.581167216032509
PCA,10,PC5,6h,st,0.7024154666093795,8,5,PCA 5,0.7024154666093795
PCA,10,PC5,6h,SI1,0.887795271433453,8,5,PCA 5,0.887795271433453
PCA,10,PC5,6h,SI2,1.164890582211563,8,5,PCA 5,1.164890582211563
PCA,10,PC5,6h,SI3,0.9885758805912028,8,5,PCA 5,0.9885758805912028
PCA,10,PC5,6h,SI4,1.1290538190865538,8,5,PCA 5,1.1290538190865538
PCA,10,PC5,6h,SI5,0.5205982335433106,8,5,PCA 5,0.5205982335433106
PCA,10,PC5,6h,SI6,-0.4618700872301796,8,5,PCA 5,0.4618700872301796
PCA,10,PC5,6h,SI7,-0.5251381746305958,8,5,PCA 5,0.5251381746305958
PCA,10,PC5,6h,SI8,-0.4492714050847644,8,5,PCA 5,0.4492714050847644
PCA,10,PC5,6h,SI9,-0.5300559378484639,8,5,PCA 5,0.5300559378484639
PCA,10,PC5,6h,ce,-0.1343773295551586,8,5,PCA 5,0.1343773295551586
PCA,10,PC5,6h,co,-0.2950113059688073,8,5,PCA 5,0.2950113059688073
PCA,10,PC5,12h,st,0.0312654900587206,8,5,PCA 5,0.0312654900587206
PCA,10,PC5,12h,SI1,0.6719243966885344,8,5,PCA 5,0.6719243966885344
PCA,10,PC5,12h,SI2,0.7335182100029,8,5,PCA 5,0.7335182100029
PCA,10,PC5,12h,SI3,0.6014690080062943,8,5,PCA 5,0.6014690080062943
PCA,10,PC5,12h,SI4,0.0640181951664385,8,5,PCA 5,0.0640181951664385
PCA,10,PC5,12h,SI5,-0.4302588840510834,8,5,PCA 5,0.4302588840510834
PCA,10,PC5,12h,SI6,-0.6235381615355587,8,5,PCA 5,0.6235381615355587
PCA,10,PC5,12h,SI7,-0.6740630280433222,8,5,PCA 5,0.6740630280433222
PCA,10,PC5,12h,SI8,-0.4871597387440983,8,5,PCA 5,0.4871597387440983
PCA,10,PC5,12h,SI9,-0.5704383253677583,8,5,PCA 5,0.5704383253677583
PCA,10,PC5,12h,ce,-0.3937205010783478,8,5,PCA 5,0.3937205010783478
PCA,10,PC5,12h,co,-0.4610257086403593,8,5,PCA 5,0.4610257086403593
PCA,10,PC5,24h,st,0.0452123732166291,8,5,PCA 5,0.0452123732166291
PCA,10,PC5,24h,SI1,0.0784950959832041,8,5,PCA 5,0.0784950959832041
PCA,10,PC5,24h,SI2,-0.1123292897007382,8,5,PCA 5,0.1123292897007382
PCA,10,PC5,24h,SI3,-0.2014846588560417,8,5,PCA 5,0.2014846588560417
PCA,10,PC5,24h,SI4,-0.3900537071722486,8,5,PCA 5,0.3900537071722486
PCA,10,PC5,24h,SI5,-0.4326219369985887,8,5,PCA 5,0.4326219369985887
PCA,10,PC5,24h,SI6,-0.473038156370589,8,5,PCA 5,0.473038156370589
PCA,10,PC5,24h,SI7,-0.5082307280695165,8,5,PCA 5,0.5082307280695165
PCA,10,PC5,24h,SI8,-0.5252119795507446,8,5,PCA 5,0.5252119795507446
PCA,10,PC5,24h,SI9,-0.4112469956643671,8,5,PCA 5,0.4112469956643671
PCA,10,PC5,24h,ce,-0.4362717437037907,8,5,PCA 5,0.4362717437037907
PCA,10,PC5,24h,co,-0.3978611509779026,8,5,PCA 5,0.3978611509779026
CP,10,CP5,1h,st,0.0131050079956456,8,5,CP 5,0.0131050079956456
CP,10,CP5,1h,SI1,0.0182727332937862,8,5,CP 5,0.0182727332937862
CP,10,CP5,1h,SI2,0.0218362834096917,8,5,CP 5,0.0218362834096917
CP,10,CP5,1h,SI3,0.0157912101548816,8,5,CP 5,0.0157912101548816
CP,10,CP5,1h,SI4,0.0106246286955285,8,5,CP 5,0.0106246286955285
CP,10,CP5,1h,SI5,0.0024522351781302,8,5,CP 5,0.0024522351781302
CP,10,CP5,1h,SI6,0.0023168318759392,8,5,CP 5,0.0023168318759392
CP,10,CP5,1h,SI7,0.0008174354829353,8,5,CP 5,0.0008174354829353
CP,10,CP5,1h,SI8,0.0008882050229757,8,5,CP 5,0.0008882050229757
CP,10,CP5,1h,SI9,-5.375294706699752e-05,8,5,CP 5,5.375294706699752e-05
CP,10,CP5,1h,ce,0.0014833897373971,8,5,CP 5,0.0014833897373971
CP,10,CP5,1h,co,0.0012854700024038,8,5,CP 5,0.0012854700024038
CP,10,CP5,3h,st,0.7191772320977066,8,5,CP 5,0.7191772320977066
CP,10,CP5,3h,SI1,1.0027718989146168,8,5,CP 5,1.0027718989146168
CP,10,CP5,3h,SI2,1.1983325662297315,8,5,CP 5,1.1983325662297315
CP,10,CP5,3h,SI3,0.8665907578564199,8,5,CP 5,0.8665907578564199
CP,10,CP5,3h,SI4,0.5830588626771466,8,5,CP 5,0.5830588626771466
CP,10,CP5,3h,SI5,0.134573874998497,8,5,CP 5,0.134573874998497
CP,10,CP5,3h,SI6,0.1271432063473279,8,5,CP 5,0.1271432063473279
CP,10,CP5,3h,SI7,0.0448592620646437,8,5,CP 5,0.0448592620646437
CP,10,CP5,3h,SI8,0.0487429561409805,8,5,CP 5,0.0487429561409805
CP,10,CP5,3h,SI9,-0.0029498567037564,8,5,CP 5,0.0029498567037564
CP,10,CP5,3h,ce,0.081405530299403,8,5,CP 5,0.081405530299403
CP,10,CP5,3h,co,0.0705440819708462,8,5,CP 5,0.0705440819708462
CP,10,CP5,6h,st,-0.4284162915391776,8,5,CP 5,0.4284162915391776
CP,10,CP5,6h,SI1,-0.5973545866289794,8,5,CP 5,0.5973545866289794
CP,10,CP5,6h,SI2,-0.7138507326731104,8,5,CP 5,0.7138507326731104
CP,10,CP5,6h,SI3,-0.5162310237214707,8,5,CP 5,0.5162310237214707
CP,10,CP5,6h,SI4,-0.3473301219069422,8,5,CP 5,0.3473301219069422
CP,10,CP5,6h,SI5,-0.0801661091199285,8,5,CP 5,0.0801661091199285
CP,10,CP5,6h,SI6,-0.075739634858633,8,5,CP 5,0.075739634858633
CP,10,CP5,6h,SI7,-0.0267228130107264,8,5,CP 5,0.0267228130107264
CP,10,CP5,6h,SI8,-0.0290363426101045,8,5,CP 5,0.0290363426101045
CP,10,CP5,6h,SI9,0.0017572395415093,8,5,CP 5,0.0017572395415093
CP,10,CP5,6h,ce,-0.0484935476891073,8,5,CP 5,0.0484935476891073
CP,10,CP5,6h,co,-0.0420233464563846,8,5,CP 5,0.0420233464563846
CP,10,CP5,12h,st,-0.2924780170495927,8,5,CP 5,0.2924780170495927
CP,10,CP5,12h,SI1,-0.4078114871519679,8,5,CP 5,0.4078114871519679
CP,10,CP5,12h,SI2,-0.487342920624057,8,5,CP 5,0.487342920624057
CP,10,CP5,12h,SI3,-0.3524287687918836,8,5,CP 5,0.3524287687918836
CP,10,CP5,12h,SI4,-0.2371208269227221,8,5,CP 5,0.2371208269227221
CP,10,CP5,12h,SI5,-0.054729068648954,8,5,CP 5,0.054729068648954
CP,10,CP5,12h,SI6,-0.0517071331156122,8,5,CP 5,0.0517071331156122
CP,10,CP5,12h,SI7,-0.018243553090113,8,5,CP 5,0.018243553090113
CP,10,CP5,12h,SI8,-0.0198229901072736,8,5,CP 5,0.0198229901072736
CP,10,CP5,12h,SI9,0.0011996601126798,8,5,CP 5,0.0011996601126798
CP,10,CP5,12h,ce,-0.033106342937738,8,5,CP 5,0.033106342937738
CP,10,CP5,12h,co,-0.0286891635170868,8,5,CP 5,0.0286891635170868
CP,10,CP5,24h,st,0.0098047618543723,8,5,CP 5,0.0098047618543723
CP,10,CP5,24h,SI1,0.0136710941674788,8,5,CP 5,0.0136710941674788
CP,10,CP5,24h,SI2,0.0163372322006783,8,5,CP 5,0.0163372322006783
CP,10,CP5,24h,SI3,0.0118144952687098,8,5,CP 5,0.0118144952687098
CP,10,CP5,24h,SI4,0.0079490187404235,8,5,CP 5,0.0079490187404235
CP,10,CP5,24h,SI5,0.001834686551925,8,5,CP 5,0.001834686551925
CP,10,CP5,24h,SI6,0.0017333819870809,8,5,CP 5,0.0017333819870809
CP,10,CP5,24h,SI7,0.0006115799581471,8,5,CP 5,0.0006115799581471
CP,10,CP5,24h,SI8,0.0006645275402371,8,5,CP 5,0.0006645275402371
CP,10,CP5,24h,SI9,-4.021629327793675e-05,8,5,CP 5,4.021629327793675e-05
CP,10,CP5,24h,ce,0.0011098263440382,8,5,CP 5,0.0011098263440382
CP,10,CP5,24h,co,0.0009617489168031,8,5,CP 5,0.0009617489168031
VAE,10,VAE5,1h,st,0.0867854207754135,8,5,VAE 5,0.0867854207754135
VAE,10,VAE5,1h,SI1,-0.0061858892440795,8,5,VAE 5,0.0061858892440795
VAE,10,VAE5,1h,SI2,0.0093077421188354,8,5,VAE 5,0.0093077421188354
VAE,10,VAE5,1h,SI3,0.089706540107727,8,5,VAE 5,0.089706540107727
VAE,10,VAE5,1h,SI4,0.0628034472465515,8,5,VAE 5,0.0628034472465515
VAE,10,VAE5,1h,SI5,0.0710706114768982,8,5,VAE 5,0.0710706114768982
VAE,10,VAE5,1h,SI6,0.0518212914466857,8,5,VAE 5,0.0518212914466857
VAE,10,VAE5,1h,SI7,0.0835790932178497,8,5,VAE 5,0.0835790932178497
VAE,10,VAE5,1h,SI8,0.1157483160495758,8,5,VAE 5,0.1157483160495758
VAE,10,VAE5,1h,SI9,0.0939063429832458,8,5,VAE 5,0.0939063429832458
VAE,10,VAE5,1h,ce,0.0310021340847015,8,5,VAE 5,0.0310021340847015
VAE,10,VAE5,1h,co,0.0443680435419082,8,5,VAE 5,0.0443680435419082
VAE,10,VAE5,3h,st,0.0835223793983459,8,5,VAE 5,0.0835223793983459
VAE,10,VAE5,3h,SI1,-0.0313207507133483,8,5,VAE 5,0.0313207507133483
VAE,10,VAE5,3h,SI2,-0.0529178977012634,8,5,VAE 5,0.0529178977012634
VAE,10,VAE5,3h,SI3,-0.0645117163658142,8,5,VAE 5,0.0645117163658142
VAE,10,VAE5,3h,SI4,-0.121038794517517,8,5,VAE 5,0.121038794517517
VAE,10,VAE5,3h,SI5,-0.138013482093811,8,5,VAE 5,0.138013482093811
VAE,10,VAE5,3h,SI6,-0.0451814383268356,8,5,VAE 5,0.0451814383268356
VAE,10,VAE5,3h,SI7,-0.0535049438476562,8,5,VAE 5,0.0535049438476562
VAE,10,VAE5,3h,SI8,0.0261233299970626,8,5,VAE 5,0.0261233299970626
VAE,10,VAE5,3h,SI9,0.0500295907258987,8,5,VAE 5,0.0500295907258987
VAE,10,VAE5,3h,ce,0.070628821849823,8,5,VAE 5,0.070628821849823
VAE,10,VAE5,3h,co,0.0659709870815277,8,5,VAE 5,0.0659709870815277
VAE,10,VAE5,6h,st,0.1024331152439117,8,5,VAE 5,0.1024331152439117
VAE,10,VAE5,6h,SI1,-0.0040810108184814,8,5,VAE 5,0.0040810108184814
VAE,10,VAE5,6h,SI2,-0.0899515748023986,8,5,VAE 5,0.0899515748023986
VAE,10,VAE5,6h,SI3,-0.0985524654388427,8,5,VAE 5,0.0985524654388427
VAE,10,VAE5,6h,SI4,-0.1297944784164428,8,5,VAE 5,0.1297944784164428
VAE,10,VAE5,6h,SI5,-0.1143322139978408,8,5,VAE 5,0.1143322139978408
VAE,10,VAE5,6h,SI6,-0.0120671391487121,8,5,VAE 5,0.0120671391487121
VAE,10,VAE5,6h,SI7,-0.0071661472320556,8,5,VAE 5,0.0071661472320556
VAE,10,VAE5,6h,SI8,-0.0064276754856109,8,5,VAE 5,0.0064276754856109
VAE,10,VAE5,6h,SI9,0.0309184789657592,8,5,VAE 5,0.0309184789657592
VAE,10,VAE5,6h,ce,-0.0842058509588241,8,5,VAE 5,0.0842058509588241
VAE,10,VAE5,6h,co,0.030485600233078,8,5,VAE 5,0.030485600233078
VAE,10,VAE5,12h,st,0.1170835644006729,8,5,VAE 5,0.1170835644006729
VAE,10,VAE5,12h,SI1,-0.0963828563690185,8,5,VAE 5,0.0963828563690185
VAE,10,VAE5,12h,SI2,-0.0998885035514831,8,5,VAE 5,0.0998885035514831
VAE,10,VAE5,12h,SI3,-0.067942202091217,8,5,VAE 5,0.067942202091217
VAE,10,VAE5,12h,SI4,-0.1176061034202575,8,5,VAE 5,0.1176061034202575
VAE,10,VAE5,12h,SI5,-0.0392437577247619,8,5,VAE 5,0.0392437577247619
VAE,10,VAE5,12h,SI6,-0.0052858293056488,8,5,VAE 5,0.0052858293056488
VAE,10,VAE5,12h,SI7,-0.0147314667701721,8,5,VAE 5,0.0147314667701721
VAE,10,VAE5,12h,SI8,-0.0281382203102111,8,5,VAE 5,0.0281382203102111
VAE,10,VAE5,12h,SI9,-0.0127587914466857,8,5,VAE 5,0.0127587914466857
VAE,10,VAE5,12h,ce,-0.0352349281311035,8,5,VAE 5,0.0352349281311035
VAE,10,VAE5,12h,co,0.0106184482574462,8,5,VAE 5,0.0106184482574462
VAE,10,VAE5,24h,st,-0.0037902146577835,8,5,VAE 5,0.0037902146577835
VAE,10,VAE5,24h,SI1,0.0003091543912887,8,5,VAE 5,0.0003091543912887
VAE,10,VAE5,24h,SI2,0.0329206772148609,8,5,VAE 5,0.0329206772148609
VAE,10,VAE5,24h,SI3,0.0287647247314453,8,5,VAE 5,0.0287647247314453
VAE,10,VAE5,24h,SI4,0.0159470736980438,8,5,VAE 5,0.0159470736980438
VAE,10,VAE5,24h,SI5,0.0342400968074798,8,5,VAE 5,0.0342400968074798
VAE,10,VAE5,24h,SI6,0.0595292150974273,8,5,VAE 5,0.0595292150974273
VAE,10,VAE5,24h,SI7,0.0410761535167694,8,5,VAE 5,0.0410761535167694
VAE,10,VAE5,24h,SI8,0.0412279367446899,8,5,VAE 5,0.0412279367446899
VAE,10,VAE5,24h,SI9,0.071203202009201,8,5,VAE 5,0.071203202009201
VAE,10,VAE5,24h,ce,0.0675538182258606,8,5,VAE 5,0.0675538182258606
VAE,10,VAE5,24h,co,0.0266402065753936,8,5,VAE 5,0.0266402065753936
weighted_CPVAE,10,CPVAE5,1h,st,0.0011537134414538,8,5,weighted CPVAE 5,0.0011537134414538
weighted_CPVAE,10,CPVAE5,1h,SI1,0.0224084425717592,8,5,weighted CPVAE 5,0.0224084425717592
weighted_CPVAE,10,CPVAE5,1h,SI2,0.0243884176015853,8,5,weighted CPVAE 5,0.0243884176015853
weighted_CPVAE,10,CPVAE5,1h,SI3,0.0084635242819786,8,5,weighted CPVAE 5,0.0084635242819786
weighted_CPVAE,10,CPVAE5,1h,SI4,-0.0013053987640887,8,5,weighted CPVAE 5,0.0013053987640887
weighted_CPVAE,10,CPVAE5,1h,SI5,-0.0079006031155586,8,5,weighted CPVAE 5,0.0079006031155586
weighted_CPVAE,10,CPVAE5,1h,SI6,-0.0093052759766578,8,5,weighted CPVAE 5,0.0093052759766578
weighted_CPVAE,10,CPVAE5,1h,SI7,-0.0078927455469965,8,5,weighted CPVAE 5,0.0078927455469965
weighted_CPVAE,10,CPVAE5,1h,SI8,-0.0047111106105148,8,5,weighted CPVAE 5,0.0047111106105148
weighted_CPVAE,10,CPVAE5,1h,SI9,-0.0025170168373733,8,5,weighted CPVAE 5,0.0025170168373733
weighted_CPVAE,10,CPVAE5,1h,ce,-0.003146436298266,8,5,weighted CPVAE 5,0.003146436298266
weighted_CPVAE,10,CPVAE5,1h,co,-0.00361537351273,8,5,weighted CPVAE 5,0.00361537351273
weighted_CPVAE,10,CPVAE5,3h,st,0.0074506136588752,8,5,weighted CPVAE 5,0.0074506136588752
weighted_CPVAE,10,CPVAE5,3h,SI1,0.1447124183177948,8,5,weighted CPVAE 5,0.1447124183177948
weighted_CPVAE,10,CPVAE5,3h,SI2,0.1574989706277847,8,5,weighted CPVAE 5,0.1574989706277847
weighted_CPVAE,10,CPVAE5,3h,SI3,0.054656945168972,8,5,weighted CPVAE 5,0.054656945168972
weighted_CPVAE,10,CPVAE5,3h,SI4,-0.0084301894530653,8,5,weighted CPVAE 5,0.0084301894530653
weighted_CPVAE,10,CPVAE5,3h,SI5,-0.0510216318070888,8,5,weighted CPVAE 5,0.0510216318070888
weighted_CPVAE,10,CPVAE5,3h,SI6,-0.0600929260253906,8,5,weighted CPVAE 5,0.0600929260253906
weighted_CPVAE,10,CPVAE5,3h,SI7,-0.0509708859026432,8,5,weighted CPVAE 5,0.0509708859026432
weighted_CPVAE,10,CPVAE5,3h,SI8,-0.0304240770637989,8,5,weighted CPVAE 5,0.0304240770637989
weighted_CPVAE,10,CPVAE5,3h,SI9,-0.0162547472864389,8,5,weighted CPVAE 5,0.0162547472864389
weighted_CPVAE,10,CPVAE5,3h,ce,-0.0203195009380579,8,5,weighted CPVAE 5,0.0203195009380579
weighted_CPVAE,10,CPVAE5,3h,co,-0.023347869515419,8,5,weighted CPVAE 5,0.023347869515419
weighted_CPVAE,10,CPVAE5,6h,st,0.0030083165038377,8,5,weighted CPVAE 5,0.0030083165038377
weighted_CPVAE,10,CPVAE5,6h,SI1,0.0584301836788654,8,5,weighted CPVAE 5,0.0584301836788654
weighted_CPVAE,10,CPVAE5,6h,SI2,0.0635929778218269,8,5,weighted CPVAE 5,0.0635929778218269
weighted_CPVAE,10,CPVAE5,6h,SI3,0.02206870354712,8,5,weighted CPVAE 5,0.02206870354712
weighted_CPVAE,10,CPVAE5,6h,SI4,-0.003403837326914,8,5,weighted CPVAE 5,0.003403837326914
weighted_CPVAE,10,CPVAE5,6h,SI5,-0.0206008814275264,8,5,weighted CPVAE 5,0.0206008814275264
weighted_CPVAE,10,CPVAE5,6h,SI6,-0.0242635756731033,8,5,weighted CPVAE 5,0.0242635756731033
weighted_CPVAE,10,CPVAE5,6h,SI7,-0.0205803923308849,8,5,weighted CPVAE 5,0.0205803923308849
weighted_CPVAE,10,CPVAE5,6h,SI8,-0.0122842565178871,8,5,weighted CPVAE 5,0.0122842565178871
weighted_CPVAE,10,CPVAE5,6h,SI9,-0.0065631405450403,8,5,weighted CPVAE 5,0.0065631405450403
weighted_CPVAE,10,CPVAE5,6h,ce,-0.0082043558359146,8,5,weighted CPVAE 5,0.0082043558359146
weighted_CPVAE,10,CPVAE5,6h,co,-0.0094271134585142,8,5,weighted CPVAE 5,0.0094271134585142
weighted_CPVAE,10,CPVAE5,12h,st,0.00720487954095,8,5,weighted CPVAE 5,0.00720487954095
weighted_CPVAE,10,CPVAE5,12h,SI1,0.139939546585083,8,5,weighted CPVAE 5,0.139939546585083
weighted_CPVAE,10,CPVAE5,12h,SI2,0.1523043811321258,8,5,weighted CPVAE 5,0.1523043811321258
weighted_CPVAE,10,CPVAE5,12h,SI3,0.0528542660176754,8,5,weighted CPVAE 5,0.0528542660176754
weighted_CPVAE,10,CPVAE5,12h,SI4,-0.0081521468237042,8,5,weighted CPVAE 5,0.0081521468237042
weighted_CPVAE,10,CPVAE5,12h,SI5,-0.0493388473987579,8,5,weighted CPVAE 5,0.0493388473987579
weighted_CPVAE,10,CPVAE5,12h,SI6,-0.0581109561026096,8,5,weighted CPVAE 5,0.0581109561026096
weighted_CPVAE,10,CPVAE5,12h,SI7,-0.0492897778749465,8,5,weighted CPVAE 5,0.0492897778749465
weighted_CPVAE,10,CPVAE5,12h,SI8,-0.0294206384569406,8,5,weighted CPVAE 5,0.0294206384569406
weighted_CPVAE,10,CPVAE5,12h,SI9,-0.0157186388969421,8,5,weighted CPVAE 5,0.0157186388969421
weighted_CPVAE,10,CPVAE5,12h,ce,-0.0196493286639451,8,5,weighted CPVAE 5,0.0196493286639451
weighted_CPVAE,10,CPVAE5,12h,co,-0.022577816620469,8,5,weighted CPVAE 5,0.022577816620469
weighted_CPVAE,10,CPVAE5,24h,st,0.0014825297985225,8,5,weighted CPVAE 5,0.0014825297985225
weighted_CPVAE,10,CPVAE5,24h,SI1,0.0287950057536363,8,5,weighted CPVAE 5,0.0287950057536363
weighted_CPVAE,10,CPVAE5,24h,SI2,0.0313392840325832,8,5,weighted CPVAE 5,0.0313392840325832
weighted_CPVAE,10,CPVAE5,24h,SI3,0.0108756879344582,8,5,weighted CPVAE 5,0.0108756879344582
weighted_CPVAE,10,CPVAE5,24h,SI4,-0.0016774465329945,8,5,weighted CPVAE 5,0.0016774465329945
weighted_CPVAE,10,CPVAE5,24h,SI5,-0.0101523296907544,8,5,weighted CPVAE 5,0.0101523296907544
weighted_CPVAE,10,CPVAE5,24h,SI6,-0.0119573436677455,8,5,weighted CPVAE 5,0.0119573436677455
weighted_CPVAE,10,CPVAE5,24h,SI7,-0.0101422322914004,8,5,weighted CPVAE 5,0.0101422322914004
weighted_CPVAE,10,CPVAE5,24h,SI8,-0.0060538100078701,8,5,weighted CPVAE 5,0.0060538100078701
weighted_CPVAE,10,CPVAE5,24h,SI9,-0.003234384348616,8,5,weighted CPVAE 5,0.003234384348616
weighted_CPVAE,10,CPVAE5,24h,ce,-0.004043192602694,8,5,weighted CPVAE 5,0.004043192602694
weighted_CPVAE,10,CPVAE5,24h,co,-0.0046457801945507,8,5,weighted CPVAE 5,0.0046457801945507
PCA,10,PC6,1h,st,-0.1028351336899783,8,6,PCA 6,0.1028351336899783
PCA,10,PC6,1h,SI1,0.5846134070458003,8,6,PCA 6,0.5846134070458003
PCA,10,PC6,1h,SI2,0.0342819480566509,8,6,PCA 6,0.0342819480566509
PCA,10,PC6,1h,SI3,-0.4362395537701821,8,6,PCA 6,0.4362395537701821
PCA,10,PC6,1h,SI4,-0.5717335173545199,8,6,PCA 6,0.5717335173545199
PCA,10,PC6,1h,SI5,-0.6321495706913905,8,6,PCA 6,0.6321495706913905
PCA,10,PC6,1h,SI6,-0.6625237143953485,8,6,PCA 6,0.6625237143953485
PCA,10,PC6,1h,SI7,-0.6020773854130466,8,6,PCA 6,0.6020773854130466
PCA,10,PC6,1h,SI8,-0.5975836274048315,8,6,PCA 6,0.5975836274048315
PCA,10,PC6,1h,SI9,-0.4367808429872068,8,6,PCA 6,0.4367808429872068
PCA,10,PC6,1h,ce,0.2924265545626482,8,6,PCA 6,0.2924265545626482
PCA,10,PC6,1h,co,0.4654064454602568,8,6,PCA 6,0.4654064454602568
PCA,10,PC6,3h,st,0.2457641590032837,8,6,PCA 6,0.2457641590032837
PCA,10,PC6,3h,SI1,1.661451724235689,8,6,PCA 6,1.661451724235689
PCA,10,PC6,3h,SI2,0.6416504265655667,8,6,PCA 6,0.6416504265655667
PCA,10,PC6,3h,SI3,0.8647805137082837,8,6,PCA 6,0.8647805137082837
PCA,10,PC6,3h,SI4,0.4804571394249781,8,6,PCA 6,0.4804571394249781
PCA,10,PC6,3h,SI5,0.8334372855282701,8,6,PCA 6,0.8334372855282701
PCA,10,PC6,3h,SI6,0.1832850081489703,8,6,PCA 6,0.1832850081489703
PCA,10,PC6,3h,SI7,0.4535412192548776,8,6,PCA 6,0.4535412192548776
PCA,10,PC6,3h,SI8,0.2719521542713345,8,6,PCA 6,0.2719521542713345
PCA,10,PC6,3h,SI9,0.1622841039099377,8,6,PCA 6,0.1622841039099377
PCA,10,PC6,3h,ce,-0.4655576465579164,8,6,PCA 6,0.4655576465579164
PCA,10,PC6,3h,co,-0.5401338189655593,8,6,PCA 6,0.5401338189655593
PCA,10,PC6,6h,st,-0.2340307223436394,8,6,PCA 6,0.2340307223436394
PCA,10,PC6,6h,SI1,0.4704138482127381,8,6,PCA 6,0.4704138482127381
PCA,10,PC6,6h,SI2,0.6351093511121796,8,6,PCA 6,0.6351093511121796
PCA,10,PC6,6h,SI3,0.8681467111984748,8,6,PCA 6,0.8681467111984748
PCA,10,PC6,6h,SI4,0.4469021599614404,8,6,PCA 6,0.4469021599614404
PCA,10,PC6,6h,SI5,0.3677145251900838,8,6,PCA 6,0.3677145251900838
PCA,10,PC6,6h,SI6,-0.4601317351214603,8,6,PCA 6,0.4601317351214603
PCA,10,PC6,6h,SI7,-0.5171043866606813,8,6,PCA 6,0.5171043866606813
PCA,10,PC6,6h,SI8,-0.3828927866655011,8,6,PCA 6,0.3828927866655011
PCA,10,PC6,6h,SI9,-0.4477313325669375,8,6,PCA 6,0.4477313325669375
PCA,10,PC6,6h,ce,-0.0746920449134085,8,6,PCA 6,0.0746920449134085
PCA,10,PC6,6h,co,-0.3013487361388208,8,6,PCA 6,0.3013487361388208
PCA,10,PC6,12h,st,0.2287919501308313,8,6,PCA 6,0.2287919501308313
PCA,10,PC6,12h,SI1,1.0765140599274725,8,6,PCA 6,1.0765140599274725
PCA,10,PC6,12h,SI2,1.096864507087776,8,6,PCA 6,1.096864507087776
PCA,10,PC6,12h,SI3,0.996522923850662,8,6,PCA 6,0.996522923850662
PCA,10,PC6,12h,SI4,0.2859753233487082,8,6,PCA 6,0.2859753233487082
PCA,10,PC6,12h,SI5,-0.2985146187136384,8,6,PCA 6,0.2985146187136384
PCA,10,PC6,12h,SI6,-0.5192100266567612,8,6,PCA 6,0.5192100266567612
PCA,10,PC6,12h,SI7,-0.5568555262275895,8,6,PCA 6,0.5568555262275895
PCA,10,PC6,12h,SI8,-0.4043160594728061,8,6,PCA 6,0.4043160594728061
PCA,10,PC6,12h,SI9,-0.4562822373412529,8,6,PCA 6,0.4562822373412529
PCA,10,PC6,12h,ce,-0.251957326295041,8,6,PCA 6,0.251957326295041
PCA,10,PC6,12h,co,-0.3181477743827658,8,6,PCA 6,0.3181477743827658
PCA,10,PC6,24h,st,0.0548228051716412,8,6,PCA 6,0.0548228051716412
PCA,10,PC6,24h,SI1,0.1090187216926987,8,6,PCA 6,0.1090187216926987
PCA,10,PC6,24h,SI2,-0.0811558128629521,8,6,PCA 6,0.0811558128629521
PCA,10,PC6,24h,SI3,-0.1566247759042703,8,6,PCA 6,0.1566247759042703
PCA,10,PC6,24h,SI4,-0.3302048277964092,8,6,PCA 6,0.3302048277964092
PCA,10,PC6,24h,SI5,-0.3627109928168414,8,6,PCA 6,0.3627109928168414
PCA,10,PC6,24h,SI6,-0.406709167295773,8,6,PCA 6,0.406709167295773
PCA,10,PC6,24h,SI7,-0.45191452885851,8,6,PCA 6,0.45191452885851
PCA,10,PC6,24h,SI8,-0.4725434984669587,8,6,PCA 6,0.4725434984669587
PCA,10,PC6,24h,SI9,-0.4295945889370684,8,6,PCA 6,0.4295945889370684
PCA,10,PC6,24h,ce,-0.4512256456444091,8,6,PCA 6,0.4512256456444091
PCA,10,PC6,24h,co,-0.3986150127477813,8,6,PCA 6,0.3986150127477813
CP,10,CP6,1h,st,-0.2994897416471148,8,6,CP 6,0.2994897416471148
CP,10,CP6,1h,SI1,-0.019080936847081,8,6,CP 6,0.019080936847081
CP,10,CP6,1h,SI2,0.1095770572975441,8,6,CP 6,0.1095770572975441
CP,10,CP6,1h,SI3,0.1068419114891964,8,6,CP 6,0.1068419114891964
CP,10,CP6,1h,SI4,-0.0728171025883682,8,6,CP 6,0.0728171025883682
CP,10,CP6,1h,SI5,-0.0663061523206245,8,6,CP 6,0.0663061523206245
CP,10,CP6,1h,SI6,0.005426108167784,8,6,CP 6,0.005426108167784
CP,10,CP6,1h,SI7,0.0143038306453124,8,6,CP 6,0.0143038306453124
CP,10,CP6,1h,SI8,0.0508737524775306,8,6,CP 6,0.0508737524775306
CP,10,CP6,1h,SI9,0.0603779878392149,8,6,CP 6,0.0603779878392149
CP,10,CP6,1h,ce,0.0240425006608075,8,6,CP 6,0.0240425006608075
CP,10,CP6,1h,co,0.018831489900426,8,6,CP 6,0.018831489900426
CP,10,CP6,3h,st,-2.058546338535575,8,6,CP 6,2.058546338535575
CP,10,CP6,3h,SI1,-0.1311530487367047,8,6,CP 6,0.1311530487367047
CP,10,CP6,3h,SI2,0.7531792202523857,8,6,CP 6,0.7531792202523857
CP,10,CP6,3h,SI3,0.7343791626672105,8,6,CP 6,0.7343791626672105
CP,10,CP6,3h,SI4,-0.5005092297708049,8,6,CP 6,0.5005092297708049
CP,10,CP6,3h,SI5,-0.455756134855642,8,6,CP 6,0.455756134855642
CP,10,CP6,3h,SI6,0.0372964197032537,8,6,CP 6,0.0372964197032537
CP,10,CP6,3h,SI7,0.0983175518466861,8,6,CP 6,0.0983175518466861
CP,10,CP6,3h,SI8,0.3496813490646475,8,6,CP 6,0.3496813490646475
CP,10,CP6,3h,SI9,0.4150088250468752,8,6,CP 6,0.4150088250468752
CP,10,CP6,3h,ce,0.1652564172393627,8,6,CP 6,0.1652564172393627
CP,10,CP6,3h,co,0.1294384721509713,8,6,CP 6,0.1294384721509713
CP,10,CP6,6h,st,-1.0348156754843674,8,6,CP 6,1.0348156754843674
CP,10,CP6,6h,SI1,-0.0659296456823295,8,6,CP 6,0.0659296456823295
CP,10,CP6,6h,SI2,0.3786174976856331,8,6,CP 6,0.3786174976856331
CP,10,CP6,6h,SI3,0.3691668509234194,8,6,CP 6,0.3691668509234194
CP,10,CP6,6h,SI4,-0.2516022044273672,8,6,CP 6,0.2516022044273672
CP,10,CP6,6h,SI5,-0.2291051620835958,8,6,CP 6,0.2291051620835958
CP,10,CP6,6h,SI6,0.0187486281099831,8,6,CP 6,0.0187486281099831
CP,10,CP6,6h,SI7,0.0494234897323587,8,6,CP 6,0.0494234897323587
CP,10,CP6,6h,SI8,0.1757821695158137,8,6,CP 6,0.1757821695158137
CP,10,CP6,6h,SI9,0.20862179761684,8,6,CP 6,0.20862179761684
CP,10,CP6,6h,ce,0.0830731511029924,8,6,CP 6,0.0830731511029924
CP,10,CP6,6h,co,0.0650677410001169,8,6,CP 6,0.0650677410001169
CP,10,CP6,12h,st,0.0845472254775965,8,6,CP 6,0.0845472254775965
CP,10,CP6,12h,SI1,0.0053866294753921,8,6,CP 6,0.0053866294753921
CP,10,CP6,12h,SI2,-0.0309340684577542,8,6,CP 6,0.0309340684577542
CP,10,CP6,12h,SI3,-0.0301619251846636,8,6,CP 6,0.0301619251846636
CP,10,CP6,12h,SI4,0.0205565771879364,8,6,CP 6,0.0205565771879364
CP,10,CP6,12h,SI5,0.0187185082867018,8,6,CP 6,0.0187185082867018
CP,10,CP6,12h,SI6,-0.0015318133709835,8,6,CP 6,0.0015318133709835
CP,10,CP6,12h,SI7,-0.0040380321145942,8,6,CP 6,0.0040380321145942
CP,10,CP6,12h,SI8,-0.0143618762965087,8,6,CP 6,0.0143618762965087
CP,10,CP6,12h,SI9,-0.0170449622870241,8,6,CP 6,0.0170449622870241
CP,10,CP6,12h,ce,-0.0067873000031156,8,6,CP 6,0.0067873000031156
CP,10,CP6,12h,co,-0.0053162095433853,8,6,CP 6,0.0053162095433853
CP,10,CP6,24h,st,-0.0937246271887234,8,6,CP 6,0.0937246271887234
CP,10,CP6,24h,SI1,-0.0059713353872114,8,6,CP 6,0.0059713353872114
CP,10,CP6,24h,SI2,0.0342918885540687,8,6,CP 6,0.0342918885540687
CP,10,CP6,24h,SI3,0.0334359309517004,8,6,CP 6,0.0334359309517004
CP,10,CP6,24h,SI4,-0.0227879451079809,8,6,CP 6,0.0227879451079809
CP,10,CP6,24h,SI5,-0.0207503581671646,8,6,CP 6,0.0207503581671646
CP,10,CP6,24h,SI6,0.0016980880958202,8,6,CP 6,0.0016980880958202
CP,10,CP6,24h,SI7,0.0044763509669128,8,6,CP 6,0.0044763509669128
CP,10,CP6,24h,SI8,0.0159208240603652,8,6,CP 6,0.0159208240603652
CP,10,CP6,24h,SI9,0.0188951527004337,8,6,CP 6,0.0188951527004337
CP,10,CP6,24h,ce,0.0075240453937616,8,6,CP 6,0.0075240453937616
CP,10,CP6,24h,co,0.0058932715378454,8,6,CP 6,0.0058932715378454
VAE,10,VAE6,1h,st,0.0247414708137512,8,6,VAE 6,0.0247414708137512
VAE,10,VAE6,1h,SI1,-0.1728449165821075,8,6,VAE 6,0.1728449165821075
VAE,10,VAE6,1h,SI2,-0.19119793176651,8,6,VAE 6,0.19119793176651
VAE,10,VAE6,1h,SI3,-0.1784144043922424,8,6,VAE 6,0.1784144043922424
VAE,10,VAE6,1h,SI4,-0.2859279215335846,8,6,VAE 6,0.2859279215335846
VAE,10,VAE6,1h,SI5,-0.3332376182079315,8,6,VAE 6,0.3332376182079315
VAE,10,VAE6,1h,SI6,-0.3152095079421997,8,6,VAE 6,0.3152095079421997
VAE,10,VAE6,1h,SI7,-0.2337945103645324,8,6,VAE 6,0.2337945103645324
VAE,10,VAE6,1h,SI8,-0.2168391346931457,8,6,VAE 6,0.2168391346931457
VAE,10,VAE6,1h,SI9,-0.2201994657516479,8,6,VAE 6,0.2201994657516479
VAE,10,VAE6,1h,ce,-0.2716267108917236,8,6,VAE 6,0.2716267108917236
VAE,10,VAE6,1h,co,-0.1885038316249847,8,6,VAE 6,0.1885038316249847
VAE,10,VAE6,3h,st,0.257381796836853,8,6,VAE 6,0.257381796836853
VAE,10,VAE6,3h,SI1,0.3773753046989441,8,6,VAE 6,0.3773753046989441
VAE,10,VAE6,3h,SI2,0.3526378870010376,8,6,VAE 6,0.3526378870010376
VAE,10,VAE6,3h,SI3,0.2140601873397827,8,6,VAE 6,0.2140601873397827
VAE,10,VAE6,3h,SI4,0.1853705644607544,8,6,VAE 6,0.1853705644607544
VAE,10,VAE6,3h,SI5,-0.0331648588180542,8,6,VAE 6,0.0331648588180542
VAE,10,VAE6,3h,SI6,-0.1157752722501754,8,6,VAE 6,0.1157752722501754
VAE,10,VAE6,3h,SI7,-0.1874527633190155,8,6,VAE 6,0.1874527633190155
VAE,10,VAE6,3h,SI8,-0.0814930200576782,8,6,VAE 6,0.0814930200576782
VAE,10,VAE6,3h,SI9,-0.0087839365005493,8,6,VAE 6,0.0087839365005493
VAE,10,VAE6,3h,ce,-0.1365639567375183,8,6,VAE 6,0.1365639567375183
VAE,10,VAE6,3h,co,-0.1553574502468109,8,6,VAE 6,0.1553574502468109
VAE,10,VAE6,6h,st,0.4641592800617218,8,6,VAE 6,0.4641592800617218
VAE,10,VAE6,6h,SI1,0.3666814565658569,8,6,VAE 6,0.3666814565658569
VAE,10,VAE6,6h,SI2,0.3512361049652099,8,6,VAE 6,0.3512361049652099
VAE,10,VAE6,6h,SI3,0.241127073764801,8,6,VAE 6,0.241127073764801
VAE,10,VAE6,6h,SI4,0.2536894679069519,8,6,VAE 6,0.2536894679069519
VAE,10,VAE6,6h,SI5,-0.0637317150831222,8,6,VAE 6,0.0637317150831222
VAE,10,VAE6,6h,SI6,-0.1407792866230011,8,6,VAE 6,0.1407792866230011
VAE,10,VAE6,6h,SI7,-0.1573871374130249,8,6,VAE 6,0.1573871374130249
VAE,10,VAE6,6h,SI8,-0.1723083853721618,8,6,VAE 6,0.1723083853721618
VAE,10,VAE6,6h,SI9,-0.1292453408241272,8,6,VAE 6,0.1292453408241272
VAE,10,VAE6,6h,ce,-0.1517029851675033,8,6,VAE 6,0.1517029851675033
VAE,10,VAE6,6h,co,-0.1602954268455505,8,6,VAE 6,0.1602954268455505
VAE,10,VAE6,12h,st,0.2225895673036575,8,6,VAE 6,0.2225895673036575
VAE,10,VAE6,12h,SI1,0.312078595161438,8,6,VAE 6,0.312078595161438
VAE,10,VAE6,12h,SI2,0.2712478637695312,8,6,VAE 6,0.2712478637695312
VAE,10,VAE6,12h,SI3,0.2153231501579284,8,6,VAE 6,0.2153231501579284
VAE,10,VAE6,12h,SI4,0.1077964156866073,8,6,VAE 6,0.1077964156866073
VAE,10,VAE6,12h,SI5,-0.0543085932731628,8,6,VAE 6,0.0543085932731628
VAE,10,VAE6,12h,SI6,-0.0862196087837219,8,6,VAE 6,0.0862196087837219
VAE,10,VAE6,12h,SI7,-0.152057945728302,8,6,VAE 6,0.152057945728302
VAE,10,VAE6,12h,SI8,-0.101098895072937,8,6,VAE 6,0.101098895072937
VAE,10,VAE6,12h,SI9,-0.1111675500869751,8,6,VAE 6,0.1111675500869751
VAE,10,VAE6,12h,ce,-0.1594129204750061,8,6,VAE 6,0.1594129204750061
VAE,10,VAE6,12h,co,-0.1183318495750427,8,6,VAE 6,0.1183318495750427
VAE,10,VAE6,24h,st,0.1092523783445358,8,6,VAE 6,0.1092523783445358
VAE,10,VAE6,24h,SI1,0.1949359774589538,8,6,VAE 6,0.1949359774589538
VAE,10,VAE6,24h,SI2,0.1051738560199737,8,6,VAE 6,0.1051738560199737
VAE,10,VAE6,24h,SI3,0.0970667451620101,8,6,VAE 6,0.0970667451620101
VAE,10,VAE6,24h,SI4,0.0626201927661895,8,6,VAE 6,0.0626201927661895
VAE,10,VAE6,24h,SI5,0.021413654088974,8,6,VAE 6,0.021413654088974
VAE,10,VAE6,24h,SI6,0.0550937354564666,8,6,VAE 6,0.0550937354564666
VAE,10,VAE6,24h,SI7,-0.0075037777423858,8,6,VAE 6,0.0075037777423858
VAE,10,VAE6,24h,SI8,0.0143546164035797,8,6,VAE 6,0.0143546164035797
VAE,10,VAE6,24h,SI9,0.0307888388633728,8,6,VAE 6,0.0307888388633728
VAE,10,VAE6,24h,ce,0.0267101526260375,8,6,VAE 6,0.0267101526260375
VAE,10,VAE6,24h,co,0.0247257053852081,8,6,VAE 6,0.0247257053852081
weighted_CPVAE,10,CPVAE6,1h,st,0.073319211602211,8,6,weighted CPVAE 6,0.073319211602211
weighted_CPVAE,10,CPVAE6,1h,SI1,0.0486489422619342,8,6,weighted CPVAE 6,0.0486489422619342
weighted_CPVAE,10,CPVAE6,1h,SI2,0.0059118722565472,8,6,weighted CPVAE 6,0.0059118722565472
weighted_CPVAE,10,CPVAE6,1h,SI3,0.031163478270173,8,6,weighted CPVAE 6,0.031163478270173
weighted_CPVAE,10,CPVAE6,1h,SI4,0.0736689418554306,8,6,weighted CPVAE 6,0.0736689418554306
weighted_CPVAE,10,CPVAE6,1h,SI5,0.0150757068768143,8,6,weighted CPVAE 6,0.0150757068768143
weighted_CPVAE,10,CPVAE6,1h,SI6,0.0071256081573665,8,6,weighted CPVAE 6,0.0071256081573665
weighted_CPVAE,10,CPVAE6,1h,SI7,-0.002661814680323,8,6,weighted CPVAE 6,0.002661814680323
weighted_CPVAE,10,CPVAE6,1h,SI8,-0.0059883086942136,8,6,weighted CPVAE 6,0.0059883086942136
weighted_CPVAE,10,CPVAE6,1h,SI9,-0.0052351308986544,8,6,weighted CPVAE 6,0.0052351308986544
weighted_CPVAE,10,CPVAE6,1h,ce,-0.0042395875789225,8,6,weighted CPVAE 6,0.0042395875789225
weighted_CPVAE,10,CPVAE6,1h,co,-0.013909799978137,8,6,weighted CPVAE 6,0.013909799978137
weighted_CPVAE,10,CPVAE6,3h,st,-0.1322207152843475,8,6,weighted CPVAE 6,0.1322207152843475
weighted_CPVAE,10,CPVAE6,3h,SI1,-0.0877314060926437,8,6,weighted CPVAE 6,0.0877314060926437
weighted_CPVAE,10,CPVAE6,3h,SI2,-0.0106612164527177,8,6,weighted CPVAE 6,0.0106612164527177
weighted_CPVAE,10,CPVAE6,3h,SI3,-0.056198876351118,8,6,weighted CPVAE 6,0.056198876351118
weighted_CPVAE,10,CPVAE6,3h,SI4,-0.1328514069318771,8,6,weighted CPVAE 6,0.1328514069318771
weighted_CPVAE,10,CPVAE6,3h,SI5,-0.027186881750822,8,6,weighted CPVAE 6,0.027186881750822
weighted_CPVAE,10,CPVAE6,3h,SI6,-0.0128500154241919,8,6,weighted CPVAE 6,0.0128500154241919
weighted_CPVAE,10,CPVAE6,3h,SI7,0.0048002023249864,8,6,weighted CPVAE 6,0.0048002023249864
weighted_CPVAE,10,CPVAE6,3h,SI8,0.0107990587130188,8,6,weighted CPVAE 6,0.0107990587130188
weighted_CPVAE,10,CPVAE6,3h,SI9,0.009440810419619,8,6,weighted CPVAE 6,0.009440810419619
weighted_CPVAE,10,CPVAE6,3h,ce,0.0076454901136457,8,6,weighted CPVAE 6,0.0076454901136457
weighted_CPVAE,10,CPVAE6,3h,co,0.0250843353569507,8,6,weighted CPVAE 6,0.0250843353569507
weighted_CPVAE,10,CPVAE6,6h,st,-0.0490265488624572,8,6,weighted CPVAE 6,0.0490265488624572
weighted_CPVAE,10,CPVAE6,6h,SI1,-0.0325302183628082,8,6,weighted CPVAE 6,0.0325302183628082
weighted_CPVAE,10,CPVAE6,6h,SI2,-0.0039531076326966,8,6,weighted CPVAE 6,0.0039531076326966
weighted_CPVAE,10,CPVAE6,6h,SI3,-0.0208381656557321,8,6,weighted CPVAE 6,0.0208381656557321
weighted_CPVAE,10,CPVAE6,6h,SI4,-0.0492604076862335,8,6,weighted CPVAE 6,0.0492604076862335
weighted_CPVAE,10,CPVAE6,6h,SI5,-0.0100807128474116,8,6,weighted CPVAE 6,0.0100807128474116
weighted_CPVAE,10,CPVAE6,6h,SI6,-0.0047646993771195,8,6,weighted CPVAE 6,0.0047646993771195
weighted_CPVAE,10,CPVAE6,6h,SI7,0.0017798827029764,8,6,weighted CPVAE 6,0.0017798827029764
weighted_CPVAE,10,CPVAE6,6h,SI8,0.0040042181499302,8,6,weighted CPVAE 6,0.0040042181499302
weighted_CPVAE,10,CPVAE6,6h,SI9,0.0035005889367312,8,6,weighted CPVAE 6,0.0035005889367312
weighted_CPVAE,10,CPVAE6,6h,ce,0.0028348963242024,8,6,weighted CPVAE 6,0.0028348963242024
weighted_CPVAE,10,CPVAE6,6h,co,0.009301102720201,8,6,weighted CPVAE 6,0.009301102720201
weighted_CPVAE,10,CPVAE6,12h,st,-0.0484739020466804,8,6,weighted CPVAE 6,0.0484739020466804
weighted_CPVAE,10,CPVAE6,12h,SI1,-0.0321635231375694,8,6,weighted CPVAE 6,0.0321635231375694
weighted_CPVAE,10,CPVAE6,12h,SI2,-0.0039085461758077,8,6,weighted CPVAE 6,0.0039085461758077
weighted_CPVAE,10,CPVAE6,12h,SI3,-0.0206032674759626,8,6,weighted CPVAE 6,0.0206032674759626
weighted_CPVAE,10,CPVAE6,12h,SI4,-0.0487051233649253,8,6,weighted CPVAE 6,0.0487051233649253
weighted_CPVAE,10,CPVAE6,12h,SI5,-0.0099670784547925,8,6,weighted CPVAE 6,0.0099670784547925
weighted_CPVAE,10,CPVAE6,12h,SI6,-0.0047109895385801,8,6,weighted CPVAE 6,0.0047109895385801
weighted_CPVAE,10,CPVAE6,12h,SI7,0.0017598191043362,8,6,weighted CPVAE 6,0.0017598191043362
weighted_CPVAE,10,CPVAE6,12h,SI8,0.0039590811356902,8,6,weighted CPVAE 6,0.0039590811356902
weighted_CPVAE,10,CPVAE6,12h,SI9,0.0034611287992447,8,6,weighted CPVAE 6,0.0034611287992447
weighted_CPVAE,10,CPVAE6,12h,ce,0.0028029400855302,8,6,weighted CPVAE 6,0.0028029400855302
weighted_CPVAE,10,CPVAE6,12h,co,0.0091962572187185,8,6,weighted CPVAE 6,0.0091962572187185
weighted_CPVAE,10,CPVAE6,24h,st,-0.0346892401576042,8,6,weighted CPVAE 6,0.0346892401576042
weighted_CPVAE,10,CPVAE6,24h,SI1,-0.0230170916765928,8,6,weighted CPVAE 6,0.0230170916765928
weighted_CPVAE,10,CPVAE6,24h,SI2,-0.0027970620431005,8,6,weighted CPVAE 6,0.0027970620431005
weighted_CPVAE,10,CPVAE6,24h,SI3,-0.014744259417057,8,6,weighted CPVAE 6,0.014744259417057
weighted_CPVAE,10,CPVAE6,24h,SI4,-0.0348547101020813,8,6,weighted CPVAE 6,0.0348547101020813
weighted_CPVAE,10,CPVAE6,24h,SI5,-0.0071327127516269,8,6,weighted CPVAE 6,0.0071327127516269
weighted_CPVAE,10,CPVAE6,24h,SI6,-0.0033713122829794,8,6,weighted CPVAE 6,0.0033713122829794
weighted_CPVAE,10,CPVAE6,24h,SI7,0.0012593744322657,8,6,weighted CPVAE 6,0.0012593744322657
weighted_CPVAE,10,CPVAE6,24h,SI8,0.0028332259971648,8,6,weighted CPVAE 6,0.0028332259971648
weighted_CPVAE,10,CPVAE6,24h,SI9,0.00247687776573,8,6,weighted CPVAE 6,0.00247687776573
weighted_CPVAE,10,CPVAE6,24h,ce,0.002005860209465,8,6,weighted CPVAE 6,0.002005860209465
weighted_CPVAE,10,CPVAE6,24h,co,0.0065810913220047,8,6,weighted CPVAE 6,0.0065810913220047
PCA,10,PC7,1h,st,-0.0079131030285051,8,7,PCA 7,0.0079131030285051
PCA,10,PC7,1h,SI1,0.5989945125390037,8,7,PCA 7,0.5989945125390037
PCA,10,PC7,1h,SI2,0.0201830005374565,8,7,PCA 7,0.0201830005374565
PCA,10,PC7,1h,SI3,-0.453689183802708,8,7,PCA 7,0.453689183802708
PCA,10,PC7,1h,SI4,-0.5532141071510743,8,7,PCA 7,0.5532141071510743
PCA,10,PC7,1h,SI5,-0.5987760018073846,8,7,PCA 7,0.5987760018073846
PCA,10,PC7,1h,SI6,-0.6415028068927514,8,7,PCA 7,0.6415028068927514
PCA,10,PC7,1h,SI7,-0.5882617350291067,8,7,PCA 7,0.5882617350291067
PCA,10,PC7,1h,SI8,-0.555801643976091,8,7,PCA 7,0.555801643976091
PCA,10,PC7,1h,SI9,-0.3901760285761595,8,7,PCA 7,0.3901760285761595
PCA,10,PC7,1h,ce,0.3458226670801956,8,7,PCA 7,0.3458226670801956
PCA,10,PC7,1h,co,0.3984732873978892,8,7,PCA 7,0.3984732873978892
PCA,10,PC7,3h,st,-0.2188033470481388,8,7,PCA 7,0.2188033470481388
PCA,10,PC7,3h,SI1,0.9391485663894658,8,7,PCA 7,0.9391485663894658
PCA,10,PC7,3h,SI2,1.8725494614760327,8,7,PCA 7,1.8725494614760327
PCA,10,PC7,3h,SI3,0.8363138728574393,8,7,PCA 7,0.8363138728574393
PCA,10,PC7,3h,SI4,0.6732459781486186,8,7,PCA 7,0.6732459781486186
PCA,10,PC7,3h,SI5,1.129543840406383,8,7,PCA 7,1.129543840406383
PCA,10,PC7,3h,SI6,0.1904772787319583,8,7,PCA 7,0.1904772787319583
PCA,10,PC7,3h,SI7,0.4562486696923875,8,7,PCA 7,0.4562486696923875
PCA,10,PC7,3h,SI8,0.2179608839940252,8,7,PCA 7,0.2179608839940252
PCA,10,PC7,3h,SI9,-0.0169833113029572,8,7,PCA 7,0.0169833113029572
PCA,10,PC7,3h,ce,-0.5346443729084167,8,7,PCA 7,0.5346443729084167
PCA,10,PC7,3h,co,-0.6072920071133648,8,7,PCA 7,0.6072920071133648
PCA,10,PC7,6h,st,0.5439860779037455,8,7,PCA 7,0.5439860779037455
PCA,10,PC7,6h,SI1,0.3820298130227569,8,7,PCA 7,0.3820298130227569
PCA,10,PC7,6h,SI2,0.5213873075413923,8,7,PCA 7,0.5213873075413923
PCA,10,PC7,6h,SI3,0.8421970406831938,8,7,PCA 7,0.8421970406831938
PCA,10,PC7,6h,SI4,0.7105911059941059,8,7,PCA 7,0.7105911059941059
PCA,10,PC7,6h,SI5,0.5074636774915265,8,7,PCA 7,0.5074636774915265
PCA,10,PC7,6h,SI6,-0.4308884733312348,8,7,PCA 7,0.4308884733312348
PCA,10,PC7,6h,SI7,-0.471620176654174,8,7,PCA 7,0.471620176654174
PCA,10,PC7,6h,SI8,-0.3972004526647887,8,7,PCA 7,0.3972004526647887
PCA,10,PC7,6h,SI9,-0.4707350151828685,8,7,PCA 7,0.4707350151828685
PCA,10,PC7,6h,ce,-0.0007533104407662,8,7,PCA 7,0.0007533104407662
PCA,10,PC7,6h,co,-0.309024066032167,8,7,PCA 7,0.309024066032167
PCA,10,PC7,12h,st,0.2082622874472887,8,7,PCA 7,0.2082622874472887
PCA,10,PC7,12h,SI1,0.7633554624524993,8,7,PCA 7,0.7633554624524993
PCA,10,PC7,12h,SI2,0.783714802227073,8,7,PCA 7,0.783714802227073
PCA,10,PC7,12h,SI3,0.6874492118904921,8,7,PCA 7,0.6874492118904921
PCA,10,PC7,12h,SI4,0.0935864390364423,8,7,PCA 7,0.0935864390364423
PCA,10,PC7,12h,SI5,-0.3543919121658729,8,7,PCA 7,0.3543919121658729
PCA,10,PC7,12h,SI6,-0.5607423836809897,8,7,PCA 7,0.5607423836809897
PCA,10,PC7,12h,SI7,-0.5983107010433582,8,7,PCA 7,0.5983107010433582
PCA,10,PC7,12h,SI8,-0.4085630360466191,8,7,PCA 7,0.4085630360466191
PCA,10,PC7,12h,SI9,-0.5092457709442025,8,7,PCA 7,0.5092457709442025
PCA,10,PC7,12h,ce,-0.3138670998338976,8,7,PCA 7,0.3138670998338976
PCA,10,PC7,12h,co,-0.4008169647431305,8,7,PCA 7,0.4008169647431305
PCA,10,PC7,24h,st,0.0720999222654768,8,7,PCA 7,0.0720999222654768
PCA,10,PC7,24h,SI1,0.0928080413794261,8,7,PCA 7,0.0928080413794261
PCA,10,PC7,24h,SI2,-0.0840895462547779,8,7,PCA 7,0.0840895462547779
PCA,10,PC7,24h,SI3,-0.1562375722318087,8,7,PCA 7,0.1562375722318087
PCA,10,PC7,24h,SI4,-0.3514219646271102,8,7,PCA 7,0.3514219646271102
PCA,10,PC7,24h,SI5,-0.3795658597912611,8,7,PCA 7,0.3795658597912611
PCA,10,PC7,24h,SI6,-0.424160929486875,8,7,PCA 7,0.424160929486875
PCA,10,PC7,24h,SI7,-0.4645071752538602,8,7,PCA 7,0.4645071752538602
PCA,10,PC7,24h,SI8,-0.4899452758636853,8,7,PCA 7,0.4899452758636853
PCA,10,PC7,24h,SI9,-0.3782222091375208,8,7,PCA 7,0.3782222091375208
PCA,10,PC7,24h,ce,-0.4013782974697236,8,7,PCA 7,0.4013782974697236
PCA,10,PC7,24h,co,-0.3651473670689227,8,7,PCA 7,0.3651473670689227
CP,10,CP7,1h,st,-0.7316637763957734,8,7,CP 7,0.7316637763957734
CP,10,CP7,1h,SI1,0.0071853511322292,8,7,CP 7,0.0071853511322292
CP,10,CP7,1h,SI2,0.1038859659287556,8,7,CP 7,0.1038859659287556
CP,10,CP7,1h,SI3,0.1121925692990927,8,7,CP 7,0.1121925692990927
CP,10,CP7,1h,SI4,0.1927371278874875,8,7,CP 7,0.1927371278874875
CP,10,CP7,1h,SI5,0.1638015082596372,8,7,CP 7,0.1638015082596372
CP,10,CP7,1h,SI6,0.0564993339553196,8,7,CP 7,0.0564993339553196
CP,10,CP7,1h,SI7,0.0484549226242124,8,7,CP 7,0.0484549226242124
CP,10,CP7,1h,SI8,0.0699835044178146,8,7,CP 7,0.0699835044178146
CP,10,CP7,1h,SI9,0.0492498717317244,8,7,CP 7,0.0492498717317244
CP,10,CP7,1h,ce,0.116304556659952,8,7,CP 7,0.116304556659952
CP,10,CP7,1h,co,0.0168026792539242,8,7,CP 7,0.0168026792539242
CP,10,CP7,3h,st,2.922954506256091,8,7,CP 7,2.922954506256091
CP,10,CP7,3h,SI1,-0.0287050625554286,8,7,CP 7,0.0287050625554286
CP,10,CP7,3h,SI2,-0.4150184306568291,8,7,CP 7,0.4150184306568291
CP,10,CP7,3h,SI3,-0.4482028311100166,8,7,CP 7,0.4482028311100166
CP,10,CP7,3h,SI4,-0.769973688265323,8,7,CP 7,0.769973688265323
CP,10,CP7,3h,SI5,-0.6543775599464225,8,7,CP 7,0.6543775599464225
CP,10,CP7,3h,SI6,-0.2257115742406779,8,7,CP 7,0.2257115742406779
CP,10,CP7,3h,SI7,-0.1935746158329975,8,7,CP 7,0.1935746158329975
CP,10,CP7,3h,SI8,-0.27958005603245,8,7,CP 7,0.27958005603245
CP,10,CP7,3h,SI9,-0.1967503915800115,8,7,CP 7,0.1967503915800115
CP,10,CP7,3h,ce,-0.464629982998414,8,7,CP 7,0.464629982998414
CP,10,CP7,3h,co,-0.0671257326478153,8,7,CP 7,0.0671257326478153
CP,10,CP7,6h,st,-2.930932258745557,8,7,CP 7,2.930932258745557
CP,10,CP7,6h,SI1,0.0287834085863954,8,7,CP 7,0.0287834085863954
CP,10,CP7,6h,SI2,0.4161511593090405,8,7,CP 7,0.4161511593090405
CP,10,CP7,6h,SI3,0.449426131453563,8,7,CP 7,0.449426131453563
CP,10,CP7,6h,SI4,0.7720752124235795,8,7,CP 7,0.7720752124235795
CP,10,CP7,6h,SI5,0.6561635823414819,8,7,CP 7,0.6561635823414819
CP,10,CP7,6h,SI6,0.2263276190916825,8,7,CP 7,0.2263276190916825
CP,10,CP7,6h,SI7,0.1941029478238149,8,7,CP 7,0.1941029478238149
CP,10,CP7,6h,SI8,0.2803431265774223,8,7,CP 7,0.2803431265774223
CP,10,CP7,6h,SI9,0.1972873913598135,8,7,CP 7,0.1972873913598135
CP,10,CP7,6h,ce,0.4658981187137023,8,7,CP 7,0.4658981187137023
CP,10,CP7,6h,co,0.0673089419586657,8,7,CP 7,0.0673089419586657
CP,10,CP7,12h,st,-0.6761649031666117,8,7,CP 7,0.6761649031666117
CP,10,CP7,12h,SI1,0.0066403208813686,8,7,CP 7,0.0066403208813686
CP,10,CP7,12h,SI2,0.0960059064815454,8,7,CP 7,0.0960059064815454
CP,10,CP7,12h,SI3,0.1036824292844308,8,7,CP 7,0.1036824292844308
CP,10,CP7,12h,SI4,0.1781174435840318,8,7,CP 7,0.1781174435840318
CP,10,CP7,12h,SI5,0.1513766767524264,8,7,CP 7,0.1513766767524264
CP,10,CP7,12h,SI6,0.0522136914595755,8,7,CP 7,0.0522136914595755
CP,10,CP7,12h,SI7,0.0447794726500492,8,7,CP 7,0.0447794726500492
CP,10,CP7,12h,SI8,0.0646750474938575,8,7,CP 7,0.0646750474938575
CP,10,CP7,12h,SI9,0.0455141225037717,8,7,CP 7,0.0455141225037717
CP,10,CP7,12h,ce,0.1074825101759219,8,7,CP 7,0.1074825101759219
CP,10,CP7,12h,co,0.0155281460654459,8,7,CP 7,0.0155281460654459
CP,10,CP7,24h,st,0.0245364133437474,8,7,CP 7,0.0245364133437474
CP,10,CP7,24h,SI1,-0.0002409614239327,8,7,CP 7,0.0002409614239327
CP,10,CP7,24h,SI2,-0.0034838256079847,8,7,CP 7,0.0034838256079847
CP,10,CP7,24h,SI3,-0.0037623883308533,8,7,CP 7,0.0037623883308533
CP,10,CP7,24h,SI4,-0.0064634576551402,8,7,CP 7,0.0064634576551402
CP,10,CP7,24h,SI5,-0.0054930989378565,8,7,CP 7,0.0054930989378565
CP,10,CP7,24h,SI6,-0.0018947104616865,8,7,CP 7,0.0018947104616865
CP,10,CP7,24h,SI7,-0.0016249403734371,8,7,CP 7,0.0016249403734371
CP,10,CP7,24h,SI8,-0.0023469033824501,8,7,CP 7,0.0023469033824501
CP,10,CP7,24h,SI9,-0.0016515990662936,8,7,CP 7,0.0016515990662936
CP,10,CP7,24h,ce,-0.0039002842125482,8,7,CP 7,0.0039002842125482
CP,10,CP7,24h,co,-0.0005634794242344,8,7,CP 7,0.0005634794242344
VAE,10,VAE7,1h,st,0.0381906367838382,8,7,VAE 7,0.0381906367838382
VAE,10,VAE7,1h,SI1,0.1033222079277038,8,7,VAE 7,0.1033222079277038
VAE,10,VAE7,1h,SI2,0.0364404171705246,8,7,VAE 7,0.0364404171705246
VAE,10,VAE7,1h,SI3,0.0312086343765258,8,7,VAE 7,0.0312086343765258
VAE,10,VAE7,1h,SI4,0.0384415090084075,8,7,VAE 7,0.0384415090084075
VAE,10,VAE7,1h,SI5,0.0420931875705719,8,7,VAE 7,0.0420931875705719
VAE,10,VAE7,1h,SI6,0.041005402803421,8,7,VAE 7,0.041005402803421
VAE,10,VAE7,1h,SI7,0.0421147644519805,8,7,VAE 7,0.0421147644519805
VAE,10,VAE7,1h,SI8,0.030786246061325,8,7,VAE 7,0.030786246061325
VAE,10,VAE7,1h,SI9,0.0493777096271514,8,7,VAE 7,0.0493777096271514
VAE,10,VAE7,1h,ce,0.1038151979446411,8,7,VAE 7,0.1038151979446411
VAE,10,VAE7,1h,co,0.0921985059976577,8,7,VAE 7,0.0921985059976577
VAE,10,VAE7,3h,st,0.1492014229297638,8,7,VAE 7,0.1492014229297638
VAE,10,VAE7,3h,SI1,-0.0886687636375427,8,7,VAE 7,0.0886687636375427
VAE,10,VAE7,3h,SI2,0.0080634355545043,8,7,VAE 7,0.0080634355545043
VAE,10,VAE7,3h,SI3,0.0814167261123657,8,7,VAE 7,0.0814167261123657
VAE,10,VAE7,3h,SI4,0.0119978785514831,8,7,VAE 7,0.0119978785514831
VAE,10,VAE7,3h,SI5,0.0612841844558715,8,7,VAE 7,0.0612841844558715
VAE,10,VAE7,3h,SI6,0.0146374553442001,8,7,VAE 7,0.0146374553442001
VAE,10,VAE7,3h,SI7,0.0453527271747589,8,7,VAE 7,0.0453527271747589
VAE,10,VAE7,3h,SI8,-0.0028913766145706,8,7,VAE 7,0.0028913766145706
VAE,10,VAE7,3h,SI9,-0.0016287267208099,8,7,VAE 7,0.0016287267208099
VAE,10,VAE7,3h,ce,0.018125832080841,8,7,VAE 7,0.018125832080841
VAE,10,VAE7,3h,co,0.0043876767158508,8,7,VAE 7,0.0043876767158508
VAE,10,VAE7,6h,st,-0.0774093270301818,8,7,VAE 7,0.0774093270301818
VAE,10,VAE7,6h,SI1,-0.0579253435134887,8,7,VAE 7,0.0579253435134887
VAE,10,VAE7,6h,SI2,0.0089384317398071,8,7,VAE 7,0.0089384317398071
VAE,10,VAE7,6h,SI3,0.0614203214645385,8,7,VAE 7,0.0614203214645385
VAE,10,VAE7,6h,SI4,0.0073390007019042,8,7,VAE 7,0.0073390007019042
VAE,10,VAE7,6h,SI5,0.0128932893276214,8,7,VAE 7,0.0128932893276214
VAE,10,VAE7,6h,SI6,-0.013147622346878,8,7,VAE 7,0.013147622346878
VAE,10,VAE7,6h,SI7,-0.0117895901203155,8,7,VAE 7,0.0117895901203155
VAE,10,VAE7,6h,SI8,-0.0075563192367553,8,7,VAE 7,0.0075563192367553
VAE,10,VAE7,6h,SI9,-0.0048946738243103,8,7,VAE 7,0.0048946738243103
VAE,10,VAE7,6h,ce,-0.0134928822517395,8,7,VAE 7,0.0134928822517395
VAE,10,VAE7,6h,co,-0.0240134894847869,8,7,VAE 7,0.0240134894847869
VAE,10,VAE7,12h,st,-0.0020020008087158,8,7,VAE 7,0.0020020008087158
VAE,10,VAE7,12h,SI1,0.0169371366500854,8,7,VAE 7,0.0169371366500854
VAE,10,VAE7,12h,SI2,-0.0330222249031066,8,7,VAE 7,0.0330222249031066
VAE,10,VAE7,12h,SI3,0.0231227278709411,8,7,VAE 7,0.0231227278709411
VAE,10,VAE7,12h,SI4,-0.007709577679634,8,7,VAE 7,0.007709577679634
VAE,10,VAE7,12h,SI5,-0.0229496359825134,8,7,VAE 7,0.0229496359825134
VAE,10,VAE7,12h,SI6,-0.0278782844543457,8,7,VAE 7,0.0278782844543457
VAE,10,VAE7,12h,SI7,0.0017118453979492,8,7,VAE 7,0.0017118453979492
VAE,10,VAE7,12h,SI8,-0.0008883476257324,8,7,VAE 7,0.0008883476257324
VAE,10,VAE7,12h,SI9,-0.01468425989151,8,7,VAE 7,0.01468425989151
VAE,10,VAE7,12h,ce,-0.0195435434579849,8,7,VAE 7,0.0195435434579849
VAE,10,VAE7,12h,co,0.0123266875743865,8,7,VAE 7,0.0123266875743865
VAE,10,VAE7,24h,st,-0.0545588806271553,8,7,VAE 7,0.0545588806271553
VAE,10,VAE7,24h,SI1,-0.0679794400930404,8,7,VAE 7,0.0679794400930404
VAE,10,VAE7,24h,SI2,-0.053809180855751,8,7,VAE 7,0.053809180855751
VAE,10,VAE7,24h,SI3,-0.0619831681251525,8,7,VAE 7,0.0619831681251525
VAE,10,VAE7,24h,SI4,-0.0569300949573516,8,7,VAE 7,0.0569300949573516
VAE,10,VAE7,24h,SI5,-0.0542370378971099,8,7,VAE 7,0.0542370378971099
VAE,10,VAE7,24h,SI6,-0.0561330020427703,8,7,VAE 7,0.0561330020427703
VAE,10,VAE7,24h,SI7,-0.0697477459907531,8,7,VAE 7,0.0697477459907531
VAE,10,VAE7,24h,SI8,-0.0501641631126403,8,7,VAE 7,0.0501641631126403
VAE,10,VAE7,24h,SI9,-0.0608215928077697,8,7,VAE 7,0.0608215928077697
VAE,10,VAE7,24h,ce,-0.0384256839752197,8,7,VAE 7,0.0384256839752197
VAE,10,VAE7,24h,co,-0.0398393273353576,8,7,VAE 7,0.0398393273353576
weighted_CPVAE,10,CPVAE7,1h,st,-0.0094311125576496,8,7,weighted CPVAE 7,0.0094311125576496
weighted_CPVAE,10,CPVAE7,1h,SI1,0.005028196144849,8,7,weighted CPVAE 7,0.005028196144849
weighted_CPVAE,10,CPVAE7,1h,SI2,0.0084018120542168,8,7,weighted CPVAE 7,0.0084018120542168
weighted_CPVAE,10,CPVAE7,1h,SI3,0.0030048538465052,8,7,weighted CPVAE 7,0.0030048538465052
weighted_CPVAE,10,CPVAE7,1h,SI4,0.0052194553427398,8,7,weighted CPVAE 7,0.0052194553427398
weighted_CPVAE,10,CPVAE7,1h,SI5,0.0018123374320566,8,7,weighted CPVAE 7,0.0018123374320566
weighted_CPVAE,10,CPVAE7,1h,SI6,0.0001531971356598,8,7,weighted CPVAE 7,0.0001531971356598
weighted_CPVAE,10,CPVAE7,1h,SI7,-8.637233008812473e-07,8,7,weighted CPVAE 7,8.637233008812473e-07
weighted_CPVAE,10,CPVAE7,1h,SI8,-2.858122206816915e-05,8,7,weighted CPVAE 7,2.858122206816915e-05
weighted_CPVAE,10,CPVAE7,1h,SI9,0.000502233102452,8,7,weighted CPVAE 7,0.000502233102452
weighted_CPVAE,10,CPVAE7,1h,ce,9.458445856580512e-05,8,7,weighted CPVAE 7,9.458445856580512e-05
weighted_CPVAE,10,CPVAE7,1h,co,0.0003463359025772,8,7,weighted CPVAE 7,0.0003463359025772
weighted_CPVAE,10,CPVAE7,3h,st,-0.1815935373306274,8,7,weighted CPVAE 7,0.1815935373306274
weighted_CPVAE,10,CPVAE7,3h,SI1,0.096816562116146,8,7,weighted CPVAE 7,0.096816562116146
weighted_CPVAE,10,CPVAE7,3h,SI2,0.1617746204137802,8,7,weighted CPVAE 7,0.1617746204137802
weighted_CPVAE,10,CPVAE7,3h,SI3,0.0578576512634754,8,7,weighted CPVAE 7,0.0578576512634754
weighted_CPVAE,10,CPVAE7,3h,SI4,0.1004992052912712,8,7,weighted CPVAE 7,0.1004992052912712
weighted_CPVAE,10,CPVAE7,3h,SI5,0.0348960682749748,8,7,weighted CPVAE 7,0.0348960682749748
weighted_CPVAE,10,CPVAE7,3h,SI6,0.002949769841507,8,7,weighted CPVAE 7,0.002949769841507
weighted_CPVAE,10,CPVAE7,3h,SI7,-1.663076000113506e-05,8,7,weighted CPVAE 7,1.663076000113506e-05
weighted_CPVAE,10,CPVAE7,3h,SI8,-0.0005503237480297,8,7,weighted CPVAE 7,0.0005503237480297
weighted_CPVAE,10,CPVAE7,3h,SI9,0.0096703637391328,8,7,weighted CPVAE 7,0.0096703637391328
weighted_CPVAE,10,CPVAE7,3h,ce,0.0018211982678622,8,7,weighted CPVAE 7,0.0018211982678622
weighted_CPVAE,10,CPVAE7,3h,co,0.0066686044447124,8,7,weighted CPVAE 7,0.0066686044447124
weighted_CPVAE,10,CPVAE7,6h,st,0.1793988049030304,8,7,weighted CPVAE 7,0.1793988049030304
weighted_CPVAE,10,CPVAE7,6h,SI1,-0.0956464409828186,8,7,weighted CPVAE 7,0.0956464409828186
weighted_CPVAE,10,CPVAE7,6h,SI2,-0.1598194241523742,8,7,weighted CPVAE 7,0.1598194241523742
weighted_CPVAE,10,CPVAE7,6h,SI3,-0.0571583844721317,8,7,weighted CPVAE 7,0.0571583844721317
weighted_CPVAE,10,CPVAE7,6h,SI4,-0.0992845743894577,8,7,weighted CPVAE 7,0.0992845743894577
weighted_CPVAE,10,CPVAE7,6h,SI5,-0.034474316984415,8,7,weighted CPVAE 7,0.034474316984415
weighted_CPVAE,10,CPVAE7,6h,SI6,-0.0029141190461814,8,7,weighted CPVAE 7,0.0029141190461814
weighted_CPVAE,10,CPVAE7,6h,SI7,1.642976167204324e-05,8,7,weighted CPVAE 7,1.642976167204324e-05
weighted_CPVAE,10,CPVAE7,6h,SI8,0.0005436725914478,8,7,weighted CPVAE 7,0.0005436725914478
weighted_CPVAE,10,CPVAE7,6h,SI9,-0.0095534874126315,8,7,weighted CPVAE 7,0.0095534874126315
weighted_CPVAE,10,CPVAE7,6h,ce,-0.0017991873901337,8,7,weighted CPVAE 7,0.0017991873901337
weighted_CPVAE,10,CPVAE7,6h,co,-0.0065880077891051,8,7,weighted CPVAE 7,0.0065880077891051
weighted_CPVAE,10,CPVAE7,12h,st,0.0682326629757881,8,7,weighted CPVAE 7,0.0682326629757881
weighted_CPVAE,10,CPVAE7,12h,SI1,-0.0363782308995723,8,7,weighted CPVAE 7,0.0363782308995723
weighted_CPVAE,10,CPVAE7,12h,SI2,-0.0607858225703239,8,7,weighted CPVAE 7,0.0607858225703239
weighted_CPVAE,10,CPVAE7,12h,SI3,-0.0217396579682827,8,7,weighted CPVAE 7,0.0217396579682827
weighted_CPVAE,10,CPVAE7,12h,SI4,-0.0377619601786136,8,7,weighted CPVAE 7,0.0377619601786136
weighted_CPVAE,10,CPVAE7,12h,SI5,-0.0131119843572378,8,7,weighted CPVAE 7,0.0131119843572378
weighted_CPVAE,10,CPVAE7,12h,SI6,-0.0011083579156547,8,7,weighted CPVAE 7,0.0011083579156547
weighted_CPVAE,10,CPVAE7,12h,SI7,6.248906174732838e-06,8,7,weighted CPVAE 7,6.248906174732838e-06
weighted_CPVAE,10,CPVAE7,12h,SI8,0.0002067807799903,8,7,weighted CPVAE 7,0.0002067807799903
weighted_CPVAE,10,CPVAE7,12h,SI9,-0.0036335797049105,8,7,weighted CPVAE 7,0.0036335797049105
weighted_CPVAE,10,CPVAE7,12h,ce,-0.0006843041046522,8,7,weighted CPVAE 7,0.0006843041046522
weighted_CPVAE,10,CPVAE7,12h,co,-0.0025056872982531,8,7,weighted CPVAE 7,0.0025056872982531
weighted_CPVAE,10,CPVAE7,24h,st,0.002938445424661,8,7,weighted CPVAE 7,0.002938445424661
weighted_CPVAE,10,CPVAE7,24h,SI1,-0.0015666316030547,8,7,weighted CPVAE 7,0.0015666316030547
weighted_CPVAE,10,CPVAE7,24h,SI2,-0.0026177465915679,8,7,weighted CPVAE 7,0.0026177465915679
weighted_CPVAE,10,CPVAE7,24h,SI3,-0.0009362202254123,8,7,weighted CPVAE 7,0.0009362202254123
weighted_CPVAE,10,CPVAE7,24h,SI4,-0.0016262220451608,8,7,weighted CPVAE 7,0.0016262220451608
weighted_CPVAE,10,CPVAE7,24h,SI5,-0.0005646687350235,8,7,weighted CPVAE 7,0.0005646687350235
weighted_CPVAE,10,CPVAE7,24h,SI6,-4.77315261377953e-05,8,7,weighted CPVAE 7,4.77315261377953e-05
weighted_CPVAE,10,CPVAE7,24h,SI7,2.69109676764856e-07,8,7,weighted CPVAE 7,2.69109676764856e-07
weighted_CPVAE,10,CPVAE7,24h,SI8,8.90503179107327e-06,8,7,weighted CPVAE 7,8.90503179107327e-06
weighted_CPVAE,10,CPVAE7,24h,SI9,-0.0001564804260851,8,7,weighted CPVAE 7,0.0001564804260851
weighted_CPVAE,10,CPVAE7,24h,ce,-2.9469614673871547e-05,8,7,weighted CPVAE 7,2.9469614673871547e-05
weighted_CPVAE,10,CPVAE7,24h,co,-0.0001079076319001,8,7,weighted CPVAE 7,0.0001079076319001
PCA,10,PC8,1h,st,0.0457405890240662,8,8,PCA 8,0.0457405890240662
PCA,10,PC8,1h,SI1,0.8674030366898424,8,8,PCA 8,0.8674030366898424
PCA,10,PC8,1h,SI2,0.0400021319915174,8,8,PCA 8,0.0400021319915174
PCA,10,PC8,1h,SI3,-0.4332845966145175,8,8,PCA 8,0.4332845966145175
PCA,10,PC8,1h,SI4,-0.5092211067501076,8,8,PCA 8,0.5092211067501076
PCA,10,PC8,1h,SI5,-0.5647279580106193,8,8,PCA 8,0.5647279580106193
PCA,10,PC8,1h,SI6,-0.6010112879284798,8,8,PCA 8,0.6010112879284798
PCA,10,PC8,1h,SI7,-0.5471278266356329,8,8,PCA 8,0.5471278266356329
PCA,10,PC8,1h,SI8,-0.5185991098139433,8,8,PCA 8,0.5185991098139433
PCA,10,PC8,1h,SI9,-0.3485566248396561,8,8,PCA 8,0.3485566248396561
PCA,10,PC8,1h,ce,0.3274502879382189,8,8,PCA 8,0.3274502879382189
PCA,10,PC8,1h,co,0.3662286983330158,8,8,PCA 8,0.3662286983330158
PCA,10,PC8,3h,st,-0.0628968158460712,8,8,PCA 8,0.0628968158460712
PCA,10,PC8,3h,SI1,0.9307073727692162,8,8,PCA 8,0.9307073727692162
PCA,10,PC8,3h,SI2,0.4649953255734224,8,8,PCA 8,0.4649953255734224
PCA,10,PC8,3h,SI3,0.9976554034085804,8,8,PCA 8,0.9976554034085804
PCA,10,PC8,3h,SI4,1.600980860344685,8,8,PCA 8,1.600980860344685
PCA,10,PC8,3h,SI5,1.322834110052024,8,8,PCA 8,1.322834110052024
PCA,10,PC8,3h,SI6,0.2085771495674803,8,8,PCA 8,0.2085771495674803
PCA,10,PC8,3h,SI7,0.3616911360147604,8,8,PCA 8,0.3616911360147604
PCA,10,PC8,3h,SI8,0.126657034937325,8,8,PCA 8,0.126657034937325
PCA,10,PC8,3h,SI9,-0.1380820498927341,8,8,PCA 8,0.1380820498927341
PCA,10,PC8,3h,ce,-0.5590875927880979,8,8,PCA 8,0.5590875927880979
PCA,10,PC8,3h,co,-0.6179698852039682,8,8,PCA 8,0.6179698852039682
PCA,10,PC8,6h,st,0.5295009736667197,8,8,PCA 8,0.5295009736667197
PCA,10,PC8,6h,SI1,0.5369820396360553,8,8,PCA 8,0.5369820396360553
PCA,10,PC8,6h,SI2,0.4000328151541386,8,8,PCA 8,0.4000328151541386
PCA,10,PC8,6h,SI3,0.60768030335577,8,8,PCA 8,0.60768030335577
PCA,10,PC8,6h,SI4,0.7613034531713687,8,8,PCA 8,0.7613034531713687
PCA,10,PC8,6h,SI5,0.4526673026028729,8,8,PCA 8,0.4526673026028729
PCA,10,PC8,6h,SI6,-0.4651474263857262,8,8,PCA 8,0.4651474263857262
PCA,10,PC8,6h,SI7,-0.5302800588173623,8,8,PCA 8,0.5302800588173623
PCA,10,PC8,6h,SI8,-0.4524590247774644,8,8,PCA 8,0.4524590247774644
PCA,10,PC8,6h,SI9,-0.5601409016758037,8,8,PCA 8,0.5601409016758037
PCA,10,PC8,6h,ce,-0.2095636907320353,8,8,PCA 8,0.2095636907320353
PCA,10,PC8,6h,co,-0.3472467886303827,8,8,PCA 8,0.3472467886303827
PCA,10,PC8,12h,st,0.1177568182749489,8,8,PCA 8,0.1177568182749489
PCA,10,PC8,12h,SI1,0.9319432209292644,8,8,PCA 8,0.9319432209292644
PCA,10,PC8,12h,SI2,1.0391319757067157,8,8,PCA 8,1.0391319757067157
PCA,10,PC8,12h,SI3,0.8586163062590503,8,8,PCA 8,0.8586163062590503
PCA,10,PC8,12h,SI4,0.2474357579735632,8,8,PCA 8,0.2474357579735632
PCA,10,PC8,12h,SI5,-0.3513799408634045,8,8,PCA 8,0.3513799408634045
PCA,10,PC8,12h,SI6,-0.5928567455473862,8,8,PCA 8,0.5928567455473862
PCA,10,PC8,12h,SI7,-0.6595562324386407,8,8,PCA 8,0.6595562324386407
PCA,10,PC8,12h,SI8,-0.4527910428865447,8,8,PCA 8,0.4527910428865447
PCA,10,PC8,12h,SI9,-0.5340084997558953,8,8,PCA 8,0.5340084997558953
PCA,10,PC8,12h,ce,-0.3687797414079585,8,8,PCA 8,0.3687797414079585
PCA,10,PC8,12h,co,-0.456544744122527,8,8,PCA 8,0.456544744122527
PCA,10,PC8,24h,st,0.1075279599893165,8,8,PCA 8,0.1075279599893165
PCA,10,PC8,24h,SI1,0.1620703420913054,8,8,PCA 8,0.1620703420913054
PCA,10,PC8,24h,SI2,-0.0698622491032341,8,8,PCA 8,0.0698622491032341
PCA,10,PC8,24h,SI3,-0.1451888227657936,8,8,PCA 8,0.1451888227657936
PCA,10,PC8,24h,SI4,-0.3539970252312187,8,8,PCA 8,0.3539970252312187
PCA,10,PC8,24h,SI5,-0.399231189313078,8,8,PCA 8,0.399231189313078
PCA,10,PC8,24h,SI6,-0.4482703039577156,8,8,PCA 8,0.4482703039577156
PCA,10,PC8,24h,SI7,-0.4912356995130794,8,8,PCA 8,0.4912356995130794
PCA,10,PC8,24h,SI8,-0.5079112379554104,8,8,PCA 8,0.5079112379554104
PCA,10,PC8,24h,SI9,-0.3687889325929054,8,8,PCA 8,0.3687889325929054
PCA,10,PC8,24h,ce,-0.3957244869423542,8,8,PCA 8,0.3957244869423542
PCA,10,PC8,24h,co,-0.3520427657154934,8,8,PCA 8,0.3520427657154934
CP,10,CP8,1h,st,0.0169145267935244,8,8,CP 8,0.0169145267935244
CP,10,CP8,1h,SI1,-0.0124399138118583,8,8,CP 8,0.0124399138118583
CP,10,CP8,1h,SI2,0.0208379026724125,8,8,CP 8,0.0208379026724125
CP,10,CP8,1h,SI3,-0.0072688434432856,8,8,CP 8,0.0072688434432856
CP,10,CP8,1h,SI4,-0.0071825701145792,8,8,CP 8,0.0071825701145792
CP,10,CP8,1h,SI5,0.0010595228596855,8,8,CP 8,0.0010595228596855
CP,10,CP8,1h,SI6,-0.0019527284397138,8,8,CP 8,0.0019527284397138
CP,10,CP8,1h,SI7,-0.0009677353149069,8,8,CP 8,0.0009677353149069
CP,10,CP8,1h,SI8,-0.0014183317746683,8,8,CP 8,0.0014183317746683
CP,10,CP8,1h,SI9,-0.0017591328806972,8,8,CP 8,0.0017591328806972
CP,10,CP8,1h,ce,-0.0011608987194034,8,8,CP 8,0.0011608987194034
CP,10,CP8,1h,co,-0.0002440203580451,8,8,CP 8,0.0002440203580451
CP,10,CP8,3h,st,0.83048122189465,8,8,CP 8,0.83048122189465
CP,10,CP8,3h,SI1,-0.6107835559840459,8,8,CP 8,0.6107835559840459
CP,10,CP8,3h,SI2,1.02311386445243,8,8,CP 8,1.02311386445243
CP,10,CP8,3h,SI3,-0.3568907400266056,8,8,CP 8,0.3568907400266056
CP,10,CP8,3h,SI4,-0.3526548320218676,8,8,CP 8,0.3526548320218676
CP,10,CP8,3h,SI5,0.0520211915992722,8,8,CP 8,0.0520211915992722
CP,10,CP8,3h,SI6,-0.0958764215185063,8,8,CP 8,0.0958764215185063
CP,10,CP8,3h,SI7,-0.0475145427717334,8,8,CP 8,0.0475145427717334
CP,10,CP8,3h,SI8,-0.0696382417112342,8,8,CP 8,0.0696382417112342
CP,10,CP8,3h,SI9,-0.0863711318720292,8,8,CP 8,0.0863711318720292
CP,10,CP8,3h,ce,-0.0569986141944704,8,8,CP 8,0.0569986141944704
CP,10,CP8,3h,co,-0.0119810815632213,8,8,CP 8,0.0119810815632213
CP,10,CP8,6h,st,0.1004782218105782,8,8,CP 8,0.1004782218105782
CP,10,CP8,6h,SI1,-0.0738974512589326,8,8,CP 8,0.0738974512589326
CP,10,CP8,6h,SI2,0.1237844506289991,8,8,CP 8,0.1237844506289991
CP,10,CP8,6h,SI3,-0.0431794795512952,8,8,CP 8,0.0431794795512952
CP,10,CP8,6h,SI4,-0.0426669857189864,8,8,CP 8,0.0426669857189864
CP,10,CP8,6h,SI5,0.0062939374070824,8,8,CP 8,0.0062939374070824
CP,10,CP8,6h,SI6,-0.0115998918383286,8,8,CP 8,0.0115998918383286
CP,10,CP8,6h,SI7,-0.0057486871972308,8,8,CP 8,0.0057486871972308
CP,10,CP8,6h,SI8,-0.0084253882119055,8,8,CP 8,0.0084253882119055
CP,10,CP8,6h,SI9,-0.0104498663154232,8,8,CP 8,0.0104498663154232
CP,10,CP8,6h,ce,-0.0068961455707111,8,8,CP 8,0.0068961455707111
CP,10,CP8,6h,co,-0.0014495665152952,8,8,CP 8,0.0014495665152952
CP,10,CP8,12h,st,-0.0078242921251936,8,8,CP 8,0.0078242921251936
CP,10,CP8,12h,SI1,0.0057544335034826,8,8,CP 8,0.0057544335034826
CP,10,CP8,12h,SI2,-0.0096391604551259,8,8,CP 8,0.0096391604551259
CP,10,CP8,12h,SI3,0.0033624088457703,8,8,CP 8,0.0033624088457703
CP,10,CP8,12h,SI4,0.0033225006807561,8,8,CP 8,0.0033225006807561
CP,10,CP8,12h,SI5,-0.000490112225349,8,8,CP 8,0.000490112225349
CP,10,CP8,12h,SI6,0.0009032896953016,8,8,CP 8,0.0009032896953016
CP,10,CP8,12h,SI7,0.0004476533039397,8,8,CP 8,0.0004476533039397
CP,10,CP8,12h,SI8,0.0006560894236602,8,8,CP 8,0.0006560894236602
CP,10,CP8,12h,SI9,0.0008137366013028,8,8,CP 8,0.0008137366013028
CP,10,CP8,12h,ce,0.0005370064926589,8,8,CP 8,0.0005370064926589
CP,10,CP8,12h,co,0.0001128785090559,8,8,CP 8,0.0001128785090559
CP,10,CP8,24h,st,-0.0034835454830863,8,8,CP 8,0.0034835454830863
CP,10,CP8,24h,SI1,0.0025619992860735,8,8,CP 8,0.0025619992860735
CP,10,CP8,24h,SI2,-0.0042915644414755,8,8,CP 8,0.0042915644414755
CP,10,CP8,24h,SI3,0.0014970177441684,8,8,CP 8,0.0014970177441684
CP,10,CP8,24h,SI4,0.0014792497588033,8,8,CP 8,0.0014792497588033
CP,10,CP8,24h,SI5,-0.0002182086508915,8,8,CP 8,0.0002182086508915
CP,10,CP8,24h,SI6,0.0004021642709191,8,8,CP 8,0.0004021642709191
CP,10,CP8,24h,SI7,0.0001993050131534,8,8,CP 8,0.0001993050131534
CP,10,CP8,24h,SI8,0.0002921053191423,8,8,CP 8,0.0002921053191423
CP,10,CP8,24h,SI9,0.0003622932805337,8,8,CP 8,0.0003622932805337
CP,10,CP8,24h,ce,0.0002390870013488,8,8,CP 8,0.0002390870013488
CP,10,CP8,24h,co,5.02559738398789e-05,8,8,CP 8,5.02559738398789e-05
VAE,10,VAE8,1h,st,0.0103633999824523,8,8,VAE 8,0.0103633999824523
VAE,10,VAE8,1h,SI1,0.044923722743988,8,8,VAE 8,0.044923722743988
VAE,10,VAE8,1h,SI2,0.018799677491188,8,8,VAE 8,0.018799677491188
VAE,10,VAE8,1h,SI3,0.0102150440216064,8,8,VAE 8,0.0102150440216064
VAE,10,VAE8,1h,SI4,0.0187177956104278,8,8,VAE 8,0.0187177956104278
VAE,10,VAE8,1h,SI5,0.0228265821933746,8,8,VAE 8,0.0228265821933746
VAE,10,VAE8,1h,SI6,0.0073882341384887,8,8,VAE 8,0.0073882341384887
VAE,10,VAE8,1h,SI7,0.019510269165039,8,8,VAE 8,0.019510269165039
VAE,10,VAE8,1h,SI8,0.0051757097244262,8,8,VAE 8,0.0051757097244262
VAE,10,VAE8,1h,SI9,0.0135014355182647,8,8,VAE 8,0.0135014355182647
VAE,10,VAE8,1h,ce,0.0560594797134399,8,8,VAE 8,0.0560594797134399
VAE,10,VAE8,1h,co,0.0387515574693679,8,8,VAE 8,0.0387515574693679
VAE,10,VAE8,3h,st,0.0104319602251052,8,8,VAE 8,0.0104319602251052
VAE,10,VAE8,3h,SI1,-0.0059928297996521,8,8,VAE 8,0.0059928297996521
VAE,10,VAE8,3h,SI2,-0.0067876577377319,8,8,VAE 8,0.0067876577377319
VAE,10,VAE8,3h,SI3,0.0647037029266357,8,8,VAE 8,0.0647037029266357
VAE,10,VAE8,3h,SI4,0.0180836915969848,8,8,VAE 8,0.0180836915969848
VAE,10,VAE8,3h,SI5,0.0255439281463623,8,8,VAE 8,0.0255439281463623
VAE,10,VAE8,3h,SI6,-0.0096973925828933,8,8,VAE 8,0.0096973925828933
VAE,10,VAE8,3h,SI7,-0.0128529518842697,8,8,VAE 8,0.0128529518842697
VAE,10,VAE8,3h,SI8,0.0056063532829284,8,8,VAE 8,0.0056063532829284
VAE,10,VAE8,3h,SI9,0.0215951204299926,8,8,VAE 8,0.0215951204299926
VAE,10,VAE8,3h,ce,0.0040842294692993,8,8,VAE 8,0.0040842294692993
VAE,10,VAE8,3h,co,0.0113787949085235,8,8,VAE 8,0.0113787949085235
VAE,10,VAE8,6h,st,0.0069752931594848,8,8,VAE 8,0.0069752931594848
VAE,10,VAE8,6h,SI1,-0.0042018294334411,8,8,VAE 8,0.0042018294334411
VAE,10,VAE8,6h,SI2,0.0190049409866333,8,8,VAE 8,0.0190049409866333
VAE,10,VAE8,6h,SI3,0.0374770760536193,8,8,VAE 8,0.0374770760536193
VAE,10,VAE8,6h,SI4,0.0131286978721618,8,8,VAE 8,0.0131286978721618
VAE,10,VAE8,6h,SI5,-0.0134938210248947,8,8,VAE 8,0.0134938210248947
VAE,10,VAE8,6h,SI6,-0.0367124080657959,8,8,VAE 8,0.0367124080657959
VAE,10,VAE8,6h,SI7,-0.0264042019844055,8,8,VAE 8,0.0264042019844055
VAE,10,VAE8,6h,SI8,-0.0278299450874328,8,8,VAE 8,0.0278299450874328
VAE,10,VAE8,6h,SI9,-0.0130623579025268,8,8,VAE 8,0.0130623579025268
VAE,10,VAE8,6h,ce,-0.0168052166700363,8,8,VAE 8,0.0168052166700363
VAE,10,VAE8,6h,co,-0.0029008388519287,8,8,VAE 8,0.0029008388519287
VAE,10,VAE8,12h,st,0.012633740901947,8,8,VAE 8,0.012633740901947
VAE,10,VAE8,12h,SI1,0.0081046819686889,8,8,VAE 8,0.0081046819686889
VAE,10,VAE8,12h,SI2,0.0042883157730102,8,8,VAE 8,0.0042883157730102
VAE,10,VAE8,12h,SI3,0.0135998725891113,8,8,VAE 8,0.0135998725891113
VAE,10,VAE8,12h,SI4,-0.0032227486371994,8,8,VAE 8,0.0032227486371994
VAE,10,VAE8,12h,SI5,-0.0252984166145324,8,8,VAE 8,0.0252984166145324
VAE,10,VAE8,12h,SI6,-0.0325307846069335,8,8,VAE 8,0.0325307846069335
VAE,10,VAE8,12h,SI7,-0.0183953046798706,8,8,VAE 8,0.0183953046798706
VAE,10,VAE8,12h,SI8,-0.0144761800765991,8,8,VAE 8,0.0144761800765991
VAE,10,VAE8,12h,SI9,-0.0218779444694519,8,8,VAE 8,0.0218779444694519
VAE,10,VAE8,12h,ce,-0.0266644954681396,8,8,VAE 8,0.0266644954681396
VAE,10,VAE8,12h,co,-0.0031584501266479,8,8,VAE 8,0.0031584501266479
VAE,10,VAE8,24h,st,-0.0032912865281105,8,8,VAE 8,0.0032912865281105
VAE,10,VAE8,24h,SI1,-0.013418897986412,8,8,VAE 8,0.013418897986412
VAE,10,VAE8,24h,SI2,-0.022852748632431,8,8,VAE 8,0.022852748632431
VAE,10,VAE8,24h,SI3,-0.0130359530448913,8,8,VAE 8,0.0130359530448913
VAE,10,VAE8,24h,SI4,-0.0214979350566864,8,8,VAE 8,0.0214979350566864
VAE,10,VAE8,24h,SI5,-0.0293678343296051,8,8,VAE 8,0.0293678343296051
VAE,10,VAE8,24h,SI6,-0.0239247977733612,8,8,VAE 8,0.0239247977733612
VAE,10,VAE8,24h,SI7,-0.0228505730628967,8,8,VAE 8,0.0228505730628967
VAE,10,VAE8,24h,SI8,-0.0232417285442352,8,8,VAE 8,0.0232417285442352
VAE,10,VAE8,24h,SI9,-0.0262382924556732,8,8,VAE 8,0.0262382924556732
VAE,10,VAE8,24h,ce,-0.0094331204891204,8,8,VAE 8,0.0094331204891204
VAE,10,VAE8,24h,co,-0.0230969488620758,8,8,VAE 8,0.0230969488620758
weighted_CPVAE,10,CPVAE8,1h,st,0.0402744226157665,8,8,weighted CPVAE 8,0.0402744226157665
weighted_CPVAE,10,CPVAE8,1h,SI1,0.0119160655885934,8,8,weighted CPVAE 8,0.0119160655885934
weighted_CPVAE,10,CPVAE8,1h,SI2,-0.0197841729968786,8,8,weighted CPVAE 8,0.0197841729968786
weighted_CPVAE,10,CPVAE8,1h,SI3,-0.0123704932630062,8,8,weighted CPVAE 8,0.0123704932630062
weighted_CPVAE,10,CPVAE8,1h,SI4,-0.0490618832409381,8,8,weighted CPVAE 8,0.0490618832409381
weighted_CPVAE,10,CPVAE8,1h,SI5,-0.0629888921976089,8,8,weighted CPVAE 8,0.0629888921976089
weighted_CPVAE,10,CPVAE8,1h,SI6,-0.0773314833641052,8,8,weighted CPVAE 8,0.0773314833641052
weighted_CPVAE,10,CPVAE8,1h,SI7,-0.0815557241439819,8,8,weighted CPVAE 8,0.0815557241439819
weighted_CPVAE,10,CPVAE8,1h,SI8,-0.0784283876419067,8,8,weighted CPVAE 8,0.0784283876419067
weighted_CPVAE,10,CPVAE8,1h,SI9,-0.0719651132822036,8,8,weighted CPVAE 8,0.0719651132822036
weighted_CPVAE,10,CPVAE8,1h,ce,-0.0315610021352767,8,8,weighted CPVAE 8,0.0315610021352767
weighted_CPVAE,10,CPVAE8,1h,co,-0.003794981399551,8,8,weighted CPVAE 8,0.003794981399551
weighted_CPVAE,10,CPVAE8,3h,st,0.0014033721527084,8,8,weighted CPVAE 8,0.0014033721527084
weighted_CPVAE,10,CPVAE8,3h,SI1,0.0004152182373218,8,8,weighted CPVAE 8,0.0004152182373218
weighted_CPVAE,10,CPVAE8,3h,SI2,-0.0006893844110891,8,8,weighted CPVAE 8,0.0006893844110891
weighted_CPVAE,10,CPVAE8,3h,SI3,-0.0004310528747737,8,8,weighted CPVAE 8,0.0004310528747737
weighted_CPVAE,10,CPVAE8,3h,SI4,-0.0017095733201131,8,8,weighted CPVAE 8,0.0017095733201131
weighted_CPVAE,10,CPVAE8,3h,SI5,-0.0021948632784187,8,8,weighted CPVAE 8,0.0021948632784187
weighted_CPVAE,10,CPVAE8,3h,SI6,-0.0026946344878524,8,8,weighted CPVAE 8,0.0026946344878524
weighted_CPVAE,10,CPVAE8,3h,SI7,-0.0028418293222784,8,8,weighted CPVAE 8,0.0028418293222784
weighted_CPVAE,10,CPVAE8,3h,SI8,-0.0027328564319759,8,8,weighted CPVAE 8,0.0027328564319759
weighted_CPVAE,10,CPVAE8,3h,SI9,-0.0025076421443372,8,8,weighted CPVAE 8,0.0025076421443372
weighted_CPVAE,10,CPVAE8,3h,ce,-0.0010997508652508,8,8,weighted CPVAE 8,0.0010997508652508
weighted_CPVAE,10,CPVAE8,3h,co,-0.0001322370662819,8,8,weighted CPVAE 8,0.0001322370662819
weighted_CPVAE,10,CPVAE8,6h,st,0.0144791984930634,8,8,weighted CPVAE 8,0.0144791984930634
weighted_CPVAE,10,CPVAE8,6h,SI1,0.0042839865200221,8,8,weighted CPVAE 8,0.0042839865200221
weighted_CPVAE,10,CPVAE8,6h,SI2,-0.0071126772090792,8,8,weighted CPVAE 8,0.0071126772090792
weighted_CPVAE,10,CPVAE8,6h,SI3,-0.0044473591260612,8,8,weighted CPVAE 8,0.0044473591260612
weighted_CPVAE,10,CPVAE8,6h,SI4,-0.0176384076476097,8,8,weighted CPVAE 8,0.0176384076476097
weighted_CPVAE,10,CPVAE8,6h,SI5,-0.0226453561335802,8,8,weighted CPVAE 8,0.0226453561335802
weighted_CPVAE,10,CPVAE8,6h,SI6,-0.0278017111122608,8,8,weighted CPVAE 8,0.0278017111122608
weighted_CPVAE,10,CPVAE8,6h,SI7,-0.0293203834444284,8,8,weighted CPVAE 8,0.0293203834444284
weighted_CPVAE,10,CPVAE8,6h,SI8,-0.0281960628926754,8,8,weighted CPVAE 8,0.0281960628926754
weighted_CPVAE,10,CPVAE8,6h,SI9,-0.0258724298328161,8,8,weighted CPVAE 8,0.0258724298328161
weighted_CPVAE,10,CPVAE8,6h,ce,-0.0113466056063771,8,8,weighted CPVAE 8,0.0113466056063771
weighted_CPVAE,10,CPVAE8,6h,co,-0.0013643470592796,8,8,weighted CPVAE 8,0.0013643470592796
weighted_CPVAE,10,CPVAE8,12h,st,0.0032366965897381,8,8,weighted CPVAE 8,0.0032366965897381
weighted_CPVAE,10,CPVAE8,12h,SI1,0.0009576472220942,8,8,weighted CPVAE 8,0.0009576472220942
weighted_CPVAE,10,CPVAE8,12h,SI2,-0.0015899760182946,8,8,weighted CPVAE 8,0.0015899760182946
weighted_CPVAE,10,CPVAE8,12h,SI3,-0.0009941677562892,8,8,weighted CPVAE 8,0.0009941677562892
weighted_CPVAE,10,CPVAE8,12h,SI4,-0.0039429101161658,8,8,weighted CPVAE 8,0.0039429101161658
weighted_CPVAE,10,CPVAE8,12h,SI5,-0.0050621684640645,8,8,weighted CPVAE 8,0.0050621684640645
weighted_CPVAE,10,CPVAE8,12h,SI6,-0.0062148263677954,8,8,weighted CPVAE 8,0.0062148263677954
weighted_CPVAE,10,CPVAE8,12h,SI7,-0.0065543120726943,8,8,weighted CPVAE 8,0.0065543120726943
weighted_CPVAE,10,CPVAE8,12h,SI8,-0.0063029797747731,8,8,weighted CPVAE 8,0.0063029797747731
weighted_CPVAE,10,CPVAE8,12h,SI9,-0.0057835527695715,8,8,weighted CPVAE 8,0.0057835527695715
weighted_CPVAE,10,CPVAE8,12h,ce,-0.0025364332832396,8,8,weighted CPVAE 8,0.0025364332832396
weighted_CPVAE,10,CPVAE8,12h,co,-0.0003049876831937,8,8,weighted CPVAE 8,0.0003049876831937
weighted_CPVAE,10,CPVAE8,24h,st,0.0131118968129158,8,8,weighted CPVAE 8,0.0131118968129158
weighted_CPVAE,10,CPVAE8,24h,SI1,0.0038794404827058,8,8,weighted CPVAE 8,0.0038794404827058
weighted_CPVAE,10,CPVAE8,24h,SI2,-0.0064410120248794,8,8,weighted CPVAE 8,0.0064410120248794
weighted_CPVAE,10,CPVAE8,24h,SI3,-0.0040273857302963,8,8,weighted CPVAE 8,0.0040273857302963
weighted_CPVAE,10,CPVAE8,24h,SI4,-0.015972776338458,8,8,weighted CPVAE 8,0.015972776338458
weighted_CPVAE,10,CPVAE8,24h,SI5,-0.0205069053918123,8,8,weighted CPVAE 8,0.0205069053918123
weighted_CPVAE,10,CPVAE8,24h,SI6,-0.0251763369888067,8,8,weighted CPVAE 8,0.0251763369888067
weighted_CPVAE,10,CPVAE8,24h,SI7,-0.0265515968203544,8,8,weighted CPVAE 8,0.0265515968203544
weighted_CPVAE,10,CPVAE8,24h,SI8,-0.0255334470421075,8,8,weighted CPVAE 8,0.0255334470421075
weighted_CPVAE,10,CPVAE8,24h,SI9,-0.0234292410314083,8,8,weighted CPVAE 8,0.0234292410314083
weighted_CPVAE,10,CPVAE8,24h,ce,-0.0102751208469271,8,8,weighted CPVAE 8,0.0102751208469271
weighted_CPVAE,10,CPVAE8,24h,co,-0.0012355088256299,8,8,weighted CPVAE 8,0.0012355088256299
